ISO-10303-21;
HEADER;
/* Generated by software containing ST-Developer
 * from STEP Tools, Inc. (www.steptools.com) 
 */

FILE_DESCRIPTION(
/* description */ (''),
/* implementation_level */ '2;1');

FILE_NAME(
/* name */ 'FRONT BODY.step',
/* time_stamp */ '2026-03-23T18:20:21-05:00',
/* author */ (''),
/* organization */ (''),
/* preprocessor_version */ 'ST-DEVELOPER v20.1',
/* originating_system */ 'Autodesk Translation Framework v14.24.0.0',
/* authorisation */ '');

FILE_SCHEMA (('AUTOMOTIVE_DESIGN { 1 0 10303 214 3 1 1 }'));
ENDSEC;

DATA;
#10=MECHANICAL_DESIGN_GEOMETRIC_PRESENTATION_REPRESENTATION('',(#13),#5638);
#11=SHAPE_REPRESENTATION_RELATIONSHIP('SRR','None',#5645,#12);
#12=ADVANCED_BREP_SHAPE_REPRESENTATION('',(#14),#5637);
#13=STYLED_ITEM('',(#5654),#14);
#14=MANIFOLD_SOLID_BREP('Front body',#3395);
#15=ELLIPSE('',#3532,11.5258405333444,8.15000000000261);
#16=ELLIPSE('',#3546,11.5258405333434,8.15000000000192);
#17=(
BOUNDED_CURVE()
B_SPLINE_CURVE(2,(#5255,#5256,#5257),.UNSPECIFIED.,.F.,.F.)
B_SPLINE_CURVE_WITH_KNOTS((3,3),(0.,0.262037619916443),.UNSPECIFIED.)
CURVE()
GEOMETRIC_REPRESENTATION_ITEM()
RATIONAL_B_SPLINE_CURVE((1.,1.,1.))
REPRESENTATION_ITEM('')
);
#18=(
BOUNDED_CURVE()
B_SPLINE_CURVE(2,(#5309,#5310,#5311),.UNSPECIFIED.,.F.,.F.)
B_SPLINE_CURVE_WITH_KNOTS((3,3),(0.,0.262037619916312),.UNSPECIFIED.)
CURVE()
GEOMETRIC_REPRESENTATION_ITEM()
RATIONAL_B_SPLINE_CURVE((1.,1.,1.))
REPRESENTATION_ITEM('')
);
#19=B_SPLINE_CURVE_WITH_KNOTS('',3,(#5197,#5198,#5199,#5200,#5201,#5202,
#5203,#5204,#5205,#5206,#5207,#5208,#5209,#5210,#5211,#5212,#5213,#5214,
#5215,#5216,#5217,#5218,#5219,#5220,#5221,#5222,#5223,#5224,#5225,#5226,
#5227,#5228,#5229,#5230,#5231),.UNSPECIFIED.,.F.,.F.,(4,2,2,2,2,2,2,2,2,
2,2,2,3,2,2,2,4),(1.3448481921635,1.35654456759118,1.62724113740531,1.8994685664796,
2.17169599555388,2.44392342462819,2.71615085370249,2.9868474235166,3.25754399333071,
3.52824056314491,3.7989371329591,4.07116456203344,4.34339199110777,4.61561942018211,
4.88784684925646,5.15854341907064,5.17023979449835),.UNSPECIFIED.);
#20=CYLINDRICAL_SURFACE('',#3493,13.8000000000002);
#21=CYLINDRICAL_SURFACE('',#3507,12.);
#22=CYLINDRICAL_SURFACE('',#3517,14.0000000000002);
#23=CYLINDRICAL_SURFACE('',#3523,12.);
#24=CYLINDRICAL_SURFACE('',#3525,2.25);
#25=CYLINDRICAL_SURFACE('',#3541,2.25);
#26=CYLINDRICAL_SURFACE('',#3558,7.9);
#27=CYLINDRICAL_SURFACE('',#3562,7.9);
#28=CYLINDRICAL_SURFACE('',#3566,8.15000000000192);
#29=CYLINDRICAL_SURFACE('',#3572,8.15000000000261);
#30=CYLINDRICAL_SURFACE('',#3573,7.);
#31=CYLINDRICAL_SURFACE('',#3575,8.15000000000261);
#32=CYLINDRICAL_SURFACE('',#3577,8.15000000000192);
#33=CYLINDRICAL_SURFACE('',#3579,0.899999999999999);
#34=CYLINDRICAL_SURFACE('',#3583,0.899999999999999);
#35=CYLINDRICAL_SURFACE('',#3587,12.5);
#36=CYLINDRICAL_SURFACE('',#3592,12.5);
#37=CYLINDRICAL_SURFACE('',#3595,8.);
#38=CYLINDRICAL_SURFACE('',#3599,8.);
#39=CYLINDRICAL_SURFACE('',#3602,16.075);
#40=CYLINDRICAL_SURFACE('',#3611,10.55);
#41=CYLINDRICAL_SURFACE('',#3620,16.075);
#42=CYLINDRICAL_SURFACE('',#3623,7.);
#43=CYLINDRICAL_SURFACE('',#3626,16.075);
#44=CYLINDRICAL_SURFACE('',#3629,7.);
#45=CYLINDRICAL_SURFACE('',#3631,16.075);
#46=CYLINDRICAL_SURFACE('',#3633,7.);
#47=CYLINDRICAL_SURFACE('',#3635,7.);
#48=CYLINDRICAL_SURFACE('',#3639,10.55);
#49=CYLINDRICAL_SURFACE('',#3641,4.75000000000018);
#50=CYLINDRICAL_SURFACE('',#3643,4.75);
#51=CYLINDRICAL_SURFACE('',#3646,10.55);
#52=CYLINDRICAL_SURFACE('',#3649,4.75);
#53=CYLINDRICAL_SURFACE('',#3652,10.55);
#54=CYLINDRICAL_SURFACE('',#3655,4.75);
#55=CYLINDRICAL_SURFACE('',#3672,2.25);
#56=CYLINDRICAL_SURFACE('',#3675,2.25);
#57=CYLINDRICAL_SURFACE('',#3678,2.25);
#58=CYLINDRICAL_SURFACE('',#3681,2.25);
#59=CONICAL_SURFACE('',#3488,12.8000000000002,0.785398163397448);
#60=CONICAL_SURFACE('',#3512,13.0000000000002,0.785398163397448);
#61=CONICAL_SURFACE('',#3553,8.95000000000192,0.785398163397448);
#62=CONICAL_SURFACE('',#3556,8.95000000000261,0.785398163397448);
#63=CIRCLE('',#3472,2.25);
#64=CIRCLE('',#3475,0.899999999999999);
#65=CIRCLE('',#3478,10.55);
#66=CIRCLE('',#3479,8.);
#67=CIRCLE('',#3480,10.55);
#68=CIRCLE('',#3481,8.);
#69=CIRCLE('',#3482,12.5);
#70=CIRCLE('',#3483,16.075);
#71=CIRCLE('',#3484,12.5);
#72=CIRCLE('',#3485,16.075);
#73=CIRCLE('',#3489,12.);
#74=CIRCLE('',#3490,13.8000000000002);
#75=CIRCLE('',#3494,13.8000000000002);
#76=CIRCLE('',#3500,12.);
#77=CIRCLE('',#3508,12.);
#78=CIRCLE('',#3513,14.0000000000002);
#79=CIRCLE('',#3514,12.);
#80=CIRCLE('',#3518,14.0000000000002);
#81=CIRCLE('',#3524,12.);
#82=CIRCLE('',#3526,2.25);
#83=CIRCLE('',#3527,2.25);
#84=CIRCLE('',#3534,8.15000000000261);
#85=CIRCLE('',#3535,8.15000000000192);
#86=CIRCLE('',#3536,7.9);
#87=CIRCLE('',#3537,8.15000000000192);
#88=CIRCLE('',#3538,8.15000000000261);
#89=CIRCLE('',#3539,7.9);
#90=CIRCLE('',#3540,7.);
#91=CIRCLE('',#3542,2.25);
#92=CIRCLE('',#3549,9.75000000000192);
#93=CIRCLE('',#3550,9.75000000000261);
#94=CIRCLE('',#3551,2.25);
#95=CIRCLE('',#3552,2.25);
#96=CIRCLE('',#3554,8.15000000000192);
#97=CIRCLE('',#3557,8.15000000000261);
#98=CIRCLE('',#3559,7.9);
#99=CIRCLE('',#3563,7.9);
#100=CIRCLE('',#3567,8.15000000000192);
#101=CIRCLE('',#3569,8.15000000000261);
#102=CIRCLE('',#3570,2.25);
#103=CIRCLE('',#3571,2.25);
#104=CIRCLE('',#3580,0.899999999999999);
#105=CIRCLE('',#3581,0.899999999999999);
#106=CIRCLE('',#3584,0.899999999999999);
#107=CIRCLE('',#3588,12.5);
#108=CIRCLE('',#3593,12.5);
#109=CIRCLE('',#3596,8.);
#110=CIRCLE('',#3600,8.);
#111=CIRCLE('',#3603,16.075);
#112=CIRCLE('',#3604,16.075);
#113=CIRCLE('',#3605,16.075);
#114=CIRCLE('',#3607,16.075);
#115=CIRCLE('',#3608,7.);
#116=CIRCLE('',#3609,16.075);
#117=CIRCLE('',#3610,7.);
#118=CIRCLE('',#3612,10.55);
#119=CIRCLE('',#3613,10.55);
#120=CIRCLE('',#3614,10.55);
#121=CIRCLE('',#3616,10.55);
#122=CIRCLE('',#3617,4.75);
#123=CIRCLE('',#3618,10.55);
#124=CIRCLE('',#3619,4.75000000000018);
#125=CIRCLE('',#3621,16.075);
#126=CIRCLE('',#3622,16.075);
#127=CIRCLE('',#3624,7.);
#128=CIRCLE('',#3625,7.);
#129=CIRCLE('',#3627,16.075);
#130=CIRCLE('',#3628,16.075);
#131=CIRCLE('',#3630,7.);
#132=CIRCLE('',#3632,16.075);
#133=CIRCLE('',#3634,7.);
#134=CIRCLE('',#3636,7.);
#135=CIRCLE('',#3637,7.);
#136=CIRCLE('',#3640,10.55);
#137=CIRCLE('',#3642,4.75000000000018);
#138=CIRCLE('',#3644,4.75);
#139=CIRCLE('',#3645,4.75);
#140=CIRCLE('',#3647,10.55);
#141=CIRCLE('',#3648,10.55);
#142=CIRCLE('',#3650,4.75);
#143=CIRCLE('',#3651,4.75);
#144=CIRCLE('',#3653,10.55);
#145=CIRCLE('',#3654,10.55);
#146=CIRCLE('',#3656,4.75);
#147=CIRCLE('',#3673,2.25);
#148=CIRCLE('',#3676,2.25);
#149=CIRCLE('',#3679,2.25);
#150=CIRCLE('',#3682,2.25);
#151=FACE_BOUND('',#364,.T.);
#152=FACE_BOUND('',#365,.T.);
#153=FACE_BOUND('',#421,.T.);
#154=FACE_BOUND('',#423,.T.);
#155=FACE_BOUND('',#425,.T.);
#156=FACE_BOUND('',#426,.T.);
#157=FACE_BOUND('',#429,.T.);
#158=FACE_BOUND('',#432,.T.);
#159=FACE_BOUND('',#435,.T.);
#160=FACE_BOUND('',#436,.T.);
#161=FACE_BOUND('',#467,.T.);
#162=FACE_BOUND('',#474,.T.);
#163=FACE_BOUND('',#481,.T.);
#164=FACE_BOUND('',#482,.T.);
#165=FACE_BOUND('',#494,.T.);
#166=FACE_BOUND('',#495,.T.);
#167=FACE_BOUND('',#542,.T.);
#168=FACE_BOUND('',#543,.T.);
#169=FACE_BOUND('',#564,.T.);
#170=FACE_BOUND('',#567,.T.);
#171=FACE_OUTER_BOUND('',#360,.T.);
#172=FACE_OUTER_BOUND('',#361,.T.);
#173=FACE_OUTER_BOUND('',#362,.T.);
#174=FACE_OUTER_BOUND('',#363,.T.);
#175=FACE_OUTER_BOUND('',#366,.T.);
#176=FACE_OUTER_BOUND('',#367,.T.);
#177=FACE_OUTER_BOUND('',#368,.T.);
#178=FACE_OUTER_BOUND('',#369,.T.);
#179=FACE_OUTER_BOUND('',#370,.T.);
#180=FACE_OUTER_BOUND('',#371,.T.);
#181=FACE_OUTER_BOUND('',#372,.T.);
#182=FACE_OUTER_BOUND('',#373,.T.);
#183=FACE_OUTER_BOUND('',#374,.T.);
#184=FACE_OUTER_BOUND('',#375,.T.);
#185=FACE_OUTER_BOUND('',#376,.T.);
#186=FACE_OUTER_BOUND('',#377,.T.);
#187=FACE_OUTER_BOUND('',#378,.T.);
#188=FACE_OUTER_BOUND('',#379,.T.);
#189=FACE_OUTER_BOUND('',#380,.T.);
#190=FACE_OUTER_BOUND('',#381,.T.);
#191=FACE_OUTER_BOUND('',#382,.T.);
#192=FACE_OUTER_BOUND('',#383,.T.);
#193=FACE_OUTER_BOUND('',#384,.T.);
#194=FACE_OUTER_BOUND('',#385,.T.);
#195=FACE_OUTER_BOUND('',#386,.T.);
#196=FACE_OUTER_BOUND('',#387,.T.);
#197=FACE_OUTER_BOUND('',#388,.T.);
#198=FACE_OUTER_BOUND('',#389,.T.);
#199=FACE_OUTER_BOUND('',#390,.T.);
#200=FACE_OUTER_BOUND('',#391,.T.);
#201=FACE_OUTER_BOUND('',#392,.T.);
#202=FACE_OUTER_BOUND('',#393,.T.);
#203=FACE_OUTER_BOUND('',#394,.T.);
#204=FACE_OUTER_BOUND('',#395,.T.);
#205=FACE_OUTER_BOUND('',#396,.T.);
#206=FACE_OUTER_BOUND('',#397,.T.);
#207=FACE_OUTER_BOUND('',#398,.T.);
#208=FACE_OUTER_BOUND('',#399,.T.);
#209=FACE_OUTER_BOUND('',#400,.T.);
#210=FACE_OUTER_BOUND('',#401,.T.);
#211=FACE_OUTER_BOUND('',#402,.T.);
#212=FACE_OUTER_BOUND('',#403,.T.);
#213=FACE_OUTER_BOUND('',#404,.T.);
#214=FACE_OUTER_BOUND('',#405,.T.);
#215=FACE_OUTER_BOUND('',#406,.T.);
#216=FACE_OUTER_BOUND('',#407,.T.);
#217=FACE_OUTER_BOUND('',#408,.T.);
#218=FACE_OUTER_BOUND('',#409,.T.);
#219=FACE_OUTER_BOUND('',#410,.T.);
#220=FACE_OUTER_BOUND('',#411,.T.);
#221=FACE_OUTER_BOUND('',#412,.T.);
#222=FACE_OUTER_BOUND('',#413,.T.);
#223=FACE_OUTER_BOUND('',#414,.T.);
#224=FACE_OUTER_BOUND('',#415,.T.);
#225=FACE_OUTER_BOUND('',#416,.T.);
#226=FACE_OUTER_BOUND('',#417,.T.);
#227=FACE_OUTER_BOUND('',#418,.T.);
#228=FACE_OUTER_BOUND('',#419,.T.);
#229=FACE_OUTER_BOUND('',#420,.T.);
#230=FACE_OUTER_BOUND('',#422,.T.);
#231=FACE_OUTER_BOUND('',#424,.T.);
#232=FACE_OUTER_BOUND('',#427,.T.);
#233=FACE_OUTER_BOUND('',#428,.T.);
#234=FACE_OUTER_BOUND('',#430,.T.);
#235=FACE_OUTER_BOUND('',#431,.T.);
#236=FACE_OUTER_BOUND('',#433,.T.);
#237=FACE_OUTER_BOUND('',#434,.T.);
#238=FACE_OUTER_BOUND('',#437,.T.);
#239=FACE_OUTER_BOUND('',#438,.T.);
#240=FACE_OUTER_BOUND('',#439,.T.);
#241=FACE_OUTER_BOUND('',#440,.T.);
#242=FACE_OUTER_BOUND('',#441,.T.);
#243=FACE_OUTER_BOUND('',#442,.T.);
#244=FACE_OUTER_BOUND('',#443,.T.);
#245=FACE_OUTER_BOUND('',#444,.T.);
#246=FACE_OUTER_BOUND('',#445,.T.);
#247=FACE_OUTER_BOUND('',#446,.T.);
#248=FACE_OUTER_BOUND('',#447,.T.);
#249=FACE_OUTER_BOUND('',#448,.T.);
#250=FACE_OUTER_BOUND('',#449,.T.);
#251=FACE_OUTER_BOUND('',#450,.T.);
#252=FACE_OUTER_BOUND('',#451,.T.);
#253=FACE_OUTER_BOUND('',#452,.T.);
#254=FACE_OUTER_BOUND('',#453,.T.);
#255=FACE_OUTER_BOUND('',#454,.T.);
#256=FACE_OUTER_BOUND('',#455,.T.);
#257=FACE_OUTER_BOUND('',#456,.T.);
#258=FACE_OUTER_BOUND('',#457,.T.);
#259=FACE_OUTER_BOUND('',#458,.T.);
#260=FACE_OUTER_BOUND('',#459,.T.);
#261=FACE_OUTER_BOUND('',#460,.T.);
#262=FACE_OUTER_BOUND('',#461,.T.);
#263=FACE_OUTER_BOUND('',#462,.T.);
#264=FACE_OUTER_BOUND('',#463,.T.);
#265=FACE_OUTER_BOUND('',#464,.T.);
#266=FACE_OUTER_BOUND('',#465,.T.);
#267=FACE_OUTER_BOUND('',#466,.T.);
#268=FACE_OUTER_BOUND('',#468,.T.);
#269=FACE_OUTER_BOUND('',#469,.T.);
#270=FACE_OUTER_BOUND('',#470,.T.);
#271=FACE_OUTER_BOUND('',#471,.T.);
#272=FACE_OUTER_BOUND('',#472,.T.);
#273=FACE_OUTER_BOUND('',#473,.T.);
#274=FACE_OUTER_BOUND('',#475,.T.);
#275=FACE_OUTER_BOUND('',#476,.T.);
#276=FACE_OUTER_BOUND('',#477,.T.);
#277=FACE_OUTER_BOUND('',#478,.T.);
#278=FACE_OUTER_BOUND('',#479,.T.);
#279=FACE_OUTER_BOUND('',#480,.T.);
#280=FACE_OUTER_BOUND('',#483,.T.);
#281=FACE_OUTER_BOUND('',#484,.T.);
#282=FACE_OUTER_BOUND('',#485,.T.);
#283=FACE_OUTER_BOUND('',#486,.T.);
#284=FACE_OUTER_BOUND('',#487,.T.);
#285=FACE_OUTER_BOUND('',#488,.T.);
#286=FACE_OUTER_BOUND('',#489,.T.);
#287=FACE_OUTER_BOUND('',#490,.T.);
#288=FACE_OUTER_BOUND('',#491,.T.);
#289=FACE_OUTER_BOUND('',#492,.T.);
#290=FACE_OUTER_BOUND('',#493,.T.);
#291=FACE_OUTER_BOUND('',#496,.T.);
#292=FACE_OUTER_BOUND('',#497,.T.);
#293=FACE_OUTER_BOUND('',#498,.T.);
#294=FACE_OUTER_BOUND('',#499,.T.);
#295=FACE_OUTER_BOUND('',#500,.T.);
#296=FACE_OUTER_BOUND('',#501,.T.);
#297=FACE_OUTER_BOUND('',#502,.T.);
#298=FACE_OUTER_BOUND('',#503,.T.);
#299=FACE_OUTER_BOUND('',#504,.T.);
#300=FACE_OUTER_BOUND('',#505,.T.);
#301=FACE_OUTER_BOUND('',#506,.T.);
#302=FACE_OUTER_BOUND('',#507,.T.);
#303=FACE_OUTER_BOUND('',#508,.T.);
#304=FACE_OUTER_BOUND('',#509,.T.);
#305=FACE_OUTER_BOUND('',#510,.T.);
#306=FACE_OUTER_BOUND('',#511,.T.);
#307=FACE_OUTER_BOUND('',#512,.T.);
#308=FACE_OUTER_BOUND('',#513,.T.);
#309=FACE_OUTER_BOUND('',#514,.T.);
#310=FACE_OUTER_BOUND('',#515,.T.);
#311=FACE_OUTER_BOUND('',#516,.T.);
#312=FACE_OUTER_BOUND('',#517,.T.);
#313=FACE_OUTER_BOUND('',#518,.T.);
#314=FACE_OUTER_BOUND('',#519,.T.);
#315=FACE_OUTER_BOUND('',#520,.T.);
#316=FACE_OUTER_BOUND('',#521,.T.);
#317=FACE_OUTER_BOUND('',#522,.T.);
#318=FACE_OUTER_BOUND('',#523,.T.);
#319=FACE_OUTER_BOUND('',#524,.T.);
#320=FACE_OUTER_BOUND('',#525,.T.);
#321=FACE_OUTER_BOUND('',#526,.T.);
#322=FACE_OUTER_BOUND('',#527,.T.);
#323=FACE_OUTER_BOUND('',#528,.T.);
#324=FACE_OUTER_BOUND('',#529,.T.);
#325=FACE_OUTER_BOUND('',#530,.T.);
#326=FACE_OUTER_BOUND('',#531,.T.);
#327=FACE_OUTER_BOUND('',#532,.T.);
#328=FACE_OUTER_BOUND('',#533,.T.);
#329=FACE_OUTER_BOUND('',#534,.T.);
#330=FACE_OUTER_BOUND('',#535,.T.);
#331=FACE_OUTER_BOUND('',#536,.T.);
#332=FACE_OUTER_BOUND('',#537,.T.);
#333=FACE_OUTER_BOUND('',#538,.T.);
#334=FACE_OUTER_BOUND('',#539,.T.);
#335=FACE_OUTER_BOUND('',#540,.T.);
#336=FACE_OUTER_BOUND('',#541,.T.);
#337=FACE_OUTER_BOUND('',#544,.T.);
#338=FACE_OUTER_BOUND('',#545,.T.);
#339=FACE_OUTER_BOUND('',#546,.T.);
#340=FACE_OUTER_BOUND('',#547,.T.);
#341=FACE_OUTER_BOUND('',#548,.T.);
#342=FACE_OUTER_BOUND('',#549,.T.);
#343=FACE_OUTER_BOUND('',#550,.T.);
#344=FACE_OUTER_BOUND('',#551,.T.);
#345=FACE_OUTER_BOUND('',#552,.T.);
#346=FACE_OUTER_BOUND('',#553,.T.);
#347=FACE_OUTER_BOUND('',#554,.T.);
#348=FACE_OUTER_BOUND('',#555,.T.);
#349=FACE_OUTER_BOUND('',#556,.T.);
#350=FACE_OUTER_BOUND('',#557,.T.);
#351=FACE_OUTER_BOUND('',#558,.T.);
#352=FACE_OUTER_BOUND('',#559,.T.);
#353=FACE_OUTER_BOUND('',#560,.T.);
#354=FACE_OUTER_BOUND('',#561,.T.);
#355=FACE_OUTER_BOUND('',#562,.T.);
#356=FACE_OUTER_BOUND('',#563,.T.);
#357=FACE_OUTER_BOUND('',#565,.T.);
#358=FACE_OUTER_BOUND('',#566,.T.);
#359=FACE_OUTER_BOUND('',#568,.T.);
#360=EDGE_LOOP('',(#2110,#2111,#2112,#2113));
#361=EDGE_LOOP('',(#2114,#2115,#2116,#2117));
#362=EDGE_LOOP('',(#2118,#2119,#2120,#2121));
#363=EDGE_LOOP('',(#2122,#2123,#2124,#2125));
#364=EDGE_LOOP('',(#2126,#2127,#2128,#2129));
#365=EDGE_LOOP('',(#2130,#2131,#2132,#2133));
#366=EDGE_LOOP('',(#2134,#2135,#2136,#2137));
#367=EDGE_LOOP('',(#2138,#2139,#2140,#2141));
#368=EDGE_LOOP('',(#2142,#2143,#2144,#2145));
#369=EDGE_LOOP('',(#2146,#2147,#2148,#2149));
#370=EDGE_LOOP('',(#2150,#2151,#2152,#2153));
#371=EDGE_LOOP('',(#2154,#2155,#2156,#2157));
#372=EDGE_LOOP('',(#2158,#2159,#2160,#2161));
#373=EDGE_LOOP('',(#2162,#2163,#2164,#2165));
#374=EDGE_LOOP('',(#2166,#2167,#2168,#2169));
#375=EDGE_LOOP('',(#2170,#2171,#2172,#2173));
#376=EDGE_LOOP('',(#2174,#2175,#2176,#2177));
#377=EDGE_LOOP('',(#2178,#2179,#2180,#2181));
#378=EDGE_LOOP('',(#2182,#2183,#2184,#2185));
#379=EDGE_LOOP('',(#2186,#2187,#2188,#2189));
#380=EDGE_LOOP('',(#2190,#2191,#2192,#2193));
#381=EDGE_LOOP('',(#2194,#2195,#2196,#2197));
#382=EDGE_LOOP('',(#2198,#2199,#2200,#2201));
#383=EDGE_LOOP('',(#2202,#2203,#2204,#2205));
#384=EDGE_LOOP('',(#2206,#2207,#2208,#2209));
#385=EDGE_LOOP('',(#2210,#2211,#2212,#2213));
#386=EDGE_LOOP('',(#2214,#2215,#2216,#2217));
#387=EDGE_LOOP('',(#2218,#2219,#2220,#2221));
#388=EDGE_LOOP('',(#2222,#2223,#2224,#2225));
#389=EDGE_LOOP('',(#2226,#2227,#2228,#2229));
#390=EDGE_LOOP('',(#2230,#2231,#2232,#2233));
#391=EDGE_LOOP('',(#2234,#2235,#2236,#2237));
#392=EDGE_LOOP('',(#2238,#2239,#2240,#2241));
#393=EDGE_LOOP('',(#2242,#2243,#2244,#2245));
#394=EDGE_LOOP('',(#2246,#2247,#2248,#2249));
#395=EDGE_LOOP('',(#2250,#2251,#2252,#2253));
#396=EDGE_LOOP('',(#2254,#2255,#2256,#2257));
#397=EDGE_LOOP('',(#2258,#2259,#2260,#2261));
#398=EDGE_LOOP('',(#2262,#2263,#2264,#2265));
#399=EDGE_LOOP('',(#2266,#2267,#2268,#2269));
#400=EDGE_LOOP('',(#2270,#2271,#2272,#2273));
#401=EDGE_LOOP('',(#2274,#2275,#2276,#2277));
#402=EDGE_LOOP('',(#2278,#2279,#2280,#2281));
#403=EDGE_LOOP('',(#2282,#2283,#2284,#2285));
#404=EDGE_LOOP('',(#2286,#2287,#2288,#2289));
#405=EDGE_LOOP('',(#2290,#2291,#2292,#2293));
#406=EDGE_LOOP('',(#2294,#2295,#2296,#2297));
#407=EDGE_LOOP('',(#2298,#2299,#2300,#2301));
#408=EDGE_LOOP('',(#2302,#2303,#2304,#2305));
#409=EDGE_LOOP('',(#2306,#2307,#2308,#2309));
#410=EDGE_LOOP('',(#2310,#2311,#2312,#2313));
#411=EDGE_LOOP('',(#2314,#2315,#2316,#2317));
#412=EDGE_LOOP('',(#2318,#2319,#2320,#2321));
#413=EDGE_LOOP('',(#2322,#2323,#2324,#2325));
#414=EDGE_LOOP('',(#2326,#2327,#2328,#2329));
#415=EDGE_LOOP('',(#2330,#2331,#2332,#2333));
#416=EDGE_LOOP('',(#2334,#2335,#2336,#2337));
#417=EDGE_LOOP('',(#2338,#2339,#2340,#2341));
#418=EDGE_LOOP('',(#2342,#2343,#2344,#2345));
#419=EDGE_LOOP('',(#2346,#2347,#2348,#2349));
#420=EDGE_LOOP('',(#2350,#2351,#2352,#2353));
#421=EDGE_LOOP('',(#2354,#2355,#2356,#2357));
#422=EDGE_LOOP('',(#2358,#2359,#2360,#2361));
#423=EDGE_LOOP('',(#2362,#2363,#2364,#2365));
#424=EDGE_LOOP('',(#2366,#2367,#2368,#2369));
#425=EDGE_LOOP('',(#2370,#2371,#2372,#2373));
#426=EDGE_LOOP('',(#2374,#2375,#2376,#2377));
#427=EDGE_LOOP('',(#2378,#2379,#2380,#2381));
#428=EDGE_LOOP('',(#2382,#2383,#2384,#2385,#2386,#2387,#2388,#2389,#2390,
#2391,#2392,#2393));
#429=EDGE_LOOP('',(#2394));
#430=EDGE_LOOP('',(#2395,#2396,#2397,#2398));
#431=EDGE_LOOP('',(#2399,#2400,#2401,#2402));
#432=EDGE_LOOP('',(#2403));
#433=EDGE_LOOP('',(#2404,#2405,#2406,#2407,#2408,#2409));
#434=EDGE_LOOP('',(#2410,#2411,#2412,#2413,#2414,#2415,#2416,#2417,#2418,
#2419,#2420,#2421,#2422,#2423,#2424,#2425,#2426,#2427,#2428,#2429,#2430,
#2431,#2432,#2433));
#435=EDGE_LOOP('',(#2434,#2435,#2436,#2437,#2438,#2439,#2440,#2441));
#436=EDGE_LOOP('',(#2442,#2443,#2444,#2445,#2446,#2447,#2448,#2449));
#437=EDGE_LOOP('',(#2450,#2451,#2452,#2453));
#438=EDGE_LOOP('',(#2454,#2455,#2456,#2457));
#439=EDGE_LOOP('',(#2458,#2459,#2460,#2461));
#440=EDGE_LOOP('',(#2462,#2463,#2464,#2465));
#441=EDGE_LOOP('',(#2466,#2467,#2468,#2469));
#442=EDGE_LOOP('',(#2470,#2471,#2472,#2473));
#443=EDGE_LOOP('',(#2474,#2475,#2476,#2477));
#444=EDGE_LOOP('',(#2478,#2479,#2480,#2481));
#445=EDGE_LOOP('',(#2482,#2483,#2484,#2485));
#446=EDGE_LOOP('',(#2486,#2487,#2488,#2489));
#447=EDGE_LOOP('',(#2490,#2491,#2492,#2493,#2494,#2495,#2496,#2497,#2498,
#2499,#2500,#2501));
#448=EDGE_LOOP('',(#2502,#2503,#2504,#2505,#2506,#2507,#2508,#2509,#2510,
#2511,#2512,#2513));
#449=EDGE_LOOP('',(#2514,#2515,#2516,#2517));
#450=EDGE_LOOP('',(#2518,#2519,#2520,#2521));
#451=EDGE_LOOP('',(#2522,#2523,#2524,#2525));
#452=EDGE_LOOP('',(#2526,#2527,#2528,#2529));
#453=EDGE_LOOP('',(#2530,#2531,#2532,#2533));
#454=EDGE_LOOP('',(#2534,#2535,#2536,#2537));
#455=EDGE_LOOP('',(#2538,#2539,#2540,#2541));
#456=EDGE_LOOP('',(#2542,#2543,#2544,#2545));
#457=EDGE_LOOP('',(#2546,#2547,#2548,#2549));
#458=EDGE_LOOP('',(#2550,#2551,#2552,#2553));
#459=EDGE_LOOP('',(#2554,#2555,#2556,#2557));
#460=EDGE_LOOP('',(#2558,#2559,#2560,#2561));
#461=EDGE_LOOP('',(#2562,#2563,#2564,#2565));
#462=EDGE_LOOP('',(#2566,#2567,#2568,#2569));
#463=EDGE_LOOP('',(#2570,#2571,#2572,#2573));
#464=EDGE_LOOP('',(#2574,#2575,#2576,#2577));
#465=EDGE_LOOP('',(#2578,#2579,#2580,#2581));
#466=EDGE_LOOP('',(#2582,#2583,#2584,#2585));
#467=EDGE_LOOP('',(#2586,#2587));
#468=EDGE_LOOP('',(#2588,#2589,#2590,#2591));
#469=EDGE_LOOP('',(#2592));
#470=EDGE_LOOP('',(#2593,#2594,#2595,#2596));
#471=EDGE_LOOP('',(#2597,#2598,#2599));
#472=EDGE_LOOP('',(#2600,#2601,#2602,#2603,#2604,#2605,#2606,#2607));
#473=EDGE_LOOP('',(#2608,#2609,#2610,#2611,#2612,#2613,#2614,#2615,#2616,
#2617,#2618,#2619,#2620,#2621,#2622,#2623));
#474=EDGE_LOOP('',(#2624,#2625));
#475=EDGE_LOOP('',(#2626,#2627,#2628,#2629));
#476=EDGE_LOOP('',(#2630));
#477=EDGE_LOOP('',(#2631,#2632,#2633));
#478=EDGE_LOOP('',(#2634,#2635,#2636,#2637,#2638,#2639,#2640,#2641));
#479=EDGE_LOOP('',(#2642,#2643,#2644,#2645));
#480=EDGE_LOOP('',(#2646,#2647,#2648,#2649,#2650,#2651,#2652,#2653));
#481=EDGE_LOOP('',(#2654));
#482=EDGE_LOOP('',(#2655));
#483=EDGE_LOOP('',(#2656,#2657,#2658,#2659));
#484=EDGE_LOOP('',(#2660,#2661,#2662,#2663));
#485=EDGE_LOOP('',(#2664,#2665,#2666,#2667));
#486=EDGE_LOOP('',(#2668,#2669,#2670,#2671));
#487=EDGE_LOOP('',(#2672,#2673,#2674,#2675,#2676,#2677));
#488=EDGE_LOOP('',(#2678,#2679,#2680,#2681));
#489=EDGE_LOOP('',(#2682,#2683,#2684,#2685));
#490=EDGE_LOOP('',(#2686,#2687,#2688,#2689,#2690,#2691));
#491=EDGE_LOOP('',(#2692,#2693,#2694,#2695));
#492=EDGE_LOOP('',(#2696,#2697,#2698,#2699));
#493=EDGE_LOOP('',(#2700,#2701,#2702,#2703,#2704,#2705,#2706,#2707,#2708,
#2709,#2710,#2711));
#494=EDGE_LOOP('',(#2712));
#495=EDGE_LOOP('',(#2713));
#496=EDGE_LOOP('',(#2714,#2715,#2716,#2717));
#497=EDGE_LOOP('',(#2718,#2719,#2720,#2721));
#498=EDGE_LOOP('',(#2722,#2723,#2724,#2725));
#499=EDGE_LOOP('',(#2726,#2727,#2728,#2729));
#500=EDGE_LOOP('',(#2730,#2731,#2732,#2733));
#501=EDGE_LOOP('',(#2734,#2735,#2736,#2737));
#502=EDGE_LOOP('',(#2738,#2739,#2740,#2741));
#503=EDGE_LOOP('',(#2742,#2743,#2744,#2745));
#504=EDGE_LOOP('',(#2746));
#505=EDGE_LOOP('',(#2747,#2748,#2749,#2750));
#506=EDGE_LOOP('',(#2751));
#507=EDGE_LOOP('',(#2752,#2753,#2754,#2755));
#508=EDGE_LOOP('',(#2756,#2757,#2758,#2759));
#509=EDGE_LOOP('',(#2760,#2761,#2762,#2763));
#510=EDGE_LOOP('',(#2764,#2765,#2766,#2767));
#511=EDGE_LOOP('',(#2768,#2769,#2770,#2771));
#512=EDGE_LOOP('',(#2772,#2773,#2774,#2775));
#513=EDGE_LOOP('',(#2776,#2777,#2778,#2779));
#514=EDGE_LOOP('',(#2780,#2781,#2782,#2783));
#515=EDGE_LOOP('',(#2784,#2785,#2786,#2787));
#516=EDGE_LOOP('',(#2788,#2789,#2790,#2791));
#517=EDGE_LOOP('',(#2792,#2793,#2794,#2795));
#518=EDGE_LOOP('',(#2796,#2797,#2798,#2799));
#519=EDGE_LOOP('',(#2800,#2801,#2802,#2803,#2804,#2805,#2806,#2807));
#520=EDGE_LOOP('',(#2808,#2809,#2810,#2811,#2812,#2813,#2814,#2815));
#521=EDGE_LOOP('',(#2816,#2817,#2818,#2819,#2820,#2821,#2822,#2823));
#522=EDGE_LOOP('',(#2824,#2825,#2826,#2827,#2828,#2829,#2830,#2831));
#523=EDGE_LOOP('',(#2832,#2833,#2834,#2835));
#524=EDGE_LOOP('',(#2836,#2837,#2838,#2839));
#525=EDGE_LOOP('',(#2840,#2841,#2842,#2843,#2844,#2845,#2846,#2847));
#526=EDGE_LOOP('',(#2848,#2849,#2850,#2851));
#527=EDGE_LOOP('',(#2852,#2853,#2854,#2855));
#528=EDGE_LOOP('',(#2856,#2857,#2858,#2859));
#529=EDGE_LOOP('',(#2860,#2861,#2862,#2863));
#530=EDGE_LOOP('',(#2864,#2865,#2866,#2867,#2868,#2869,#2870,#2871));
#531=EDGE_LOOP('',(#2872,#2873,#2874,#2875));
#532=EDGE_LOOP('',(#2876,#2877,#2878,#2879));
#533=EDGE_LOOP('',(#2880,#2881,#2882,#2883));
#534=EDGE_LOOP('',(#2884,#2885,#2886,#2887));
#535=EDGE_LOOP('',(#2888,#2889,#2890,#2891));
#536=EDGE_LOOP('',(#2892,#2893,#2894,#2895,#2896,#2897,#2898,#2899));
#537=EDGE_LOOP('',(#2900,#2901,#2902,#2903));
#538=EDGE_LOOP('',(#2904,#2905,#2906,#2907,#2908,#2909,#2910,#2911));
#539=EDGE_LOOP('',(#2912,#2913,#2914,#2915));
#540=EDGE_LOOP('',(#2916,#2917,#2918,#2919));
#541=EDGE_LOOP('',(#2920,#2921,#2922,#2923,#2924,#2925,#2926,#2927,#2928,
#2929));
#542=EDGE_LOOP('',(#2930,#2931,#2932,#2933,#2934,#2935,#2936,#2937));
#543=EDGE_LOOP('',(#2938,#2939,#2940,#2941,#2942,#2943,#2944,#2945));
#544=EDGE_LOOP('',(#2946,#2947,#2948,#2949,#2950,#2951,#2952,#2953,#2954,
#2955,#2956,#2957));
#545=EDGE_LOOP('',(#2958,#2959,#2960,#2961));
#546=EDGE_LOOP('',(#2962,#2963,#2964,#2965));
#547=EDGE_LOOP('',(#2966,#2967,#2968,#2969));
#548=EDGE_LOOP('',(#2970,#2971,#2972,#2973,#2974,#2975));
#549=EDGE_LOOP('',(#2976,#2977,#2978,#2979));
#550=EDGE_LOOP('',(#2980,#2981,#2982,#2983));
#551=EDGE_LOOP('',(#2984,#2985,#2986,#2987));
#552=EDGE_LOOP('',(#2988,#2989,#2990,#2991));
#553=EDGE_LOOP('',(#2992,#2993,#2994,#2995));
#554=EDGE_LOOP('',(#2996,#2997,#2998,#2999));
#555=EDGE_LOOP('',(#3000,#3001,#3002,#3003));
#556=EDGE_LOOP('',(#3004));
#557=EDGE_LOOP('',(#3005,#3006,#3007,#3008));
#558=EDGE_LOOP('',(#3009));
#559=EDGE_LOOP('',(#3010,#3011,#3012,#3013));
#560=EDGE_LOOP('',(#3014));
#561=EDGE_LOOP('',(#3015,#3016,#3017,#3018));
#562=EDGE_LOOP('',(#3019));
#563=EDGE_LOOP('',(#3020,#3021,#3022,#3023,#3024,#3025,#3026,#3027,#3028,
#3029,#3030,#3031));
#564=EDGE_LOOP('',(#3032));
#565=EDGE_LOOP('',(#3033,#3034,#3035,#3036));
#566=EDGE_LOOP('',(#3037,#3038,#3039,#3040));
#567=EDGE_LOOP('',(#3041));
#568=EDGE_LOOP('',(#3042,#3043,#3044,#3045,#3046,#3047,#3048,#3049,#3050,
#3051,#3052,#3053,#3054,#3055,#3056,#3057,#3058,#3059));
#569=LINE('',#4634,#951);
#570=LINE('',#4636,#952);
#571=LINE('',#4638,#953);
#572=LINE('',#4639,#954);
#573=LINE('',#4642,#955);
#574=LINE('',#4644,#956);
#575=LINE('',#4645,#957);
#576=LINE('',#4649,#958);
#577=LINE('',#4651,#959);
#578=LINE('',#4653,#960);
#579=LINE('',#4654,#961);
#580=LINE('',#4657,#962);
#581=LINE('',#4659,#963);
#582=LINE('',#4660,#964);
#583=LINE('',#4663,#965);
#584=LINE('',#4665,#966);
#585=LINE('',#4667,#967);
#586=LINE('',#4668,#968);
#587=LINE('',#4671,#969);
#588=LINE('',#4673,#970);
#589=LINE('',#4675,#971);
#590=LINE('',#4676,#972);
#591=LINE('',#4680,#973);
#592=LINE('',#4682,#974);
#593=LINE('',#4684,#975);
#594=LINE('',#4685,#976);
#595=LINE('',#4688,#977);
#596=LINE('',#4690,#978);
#597=LINE('',#4691,#979);
#598=LINE('',#4694,#980);
#599=LINE('',#4696,#981);
#600=LINE('',#4697,#982);
#601=LINE('',#4699,#983);
#602=LINE('',#4700,#984);
#603=LINE('',#4703,#985);
#604=LINE('',#4705,#986);
#605=LINE('',#4706,#987);
#606=LINE('',#4709,#988);
#607=LINE('',#4710,#989);
#608=LINE('',#4714,#990);
#609=LINE('',#4715,#991);
#610=LINE('',#4717,#992);
#611=LINE('',#4721,#993);
#612=LINE('',#4723,#994);
#613=LINE('',#4725,#995);
#614=LINE('',#4726,#996);
#615=LINE('',#4729,#997);
#616=LINE('',#4731,#998);
#617=LINE('',#4732,#999);
#618=LINE('',#4735,#1000);
#619=LINE('',#4737,#1001);
#620=LINE('',#4738,#1002);
#621=LINE('',#4740,#1003);
#622=LINE('',#4741,#1004);
#623=LINE('',#4744,#1005);
#624=LINE('',#4746,#1006);
#625=LINE('',#4747,#1007);
#626=LINE('',#4750,#1008);
#627=LINE('',#4751,#1009);
#628=LINE('',#4755,#1010);
#629=LINE('',#4756,#1011);
#630=LINE('',#4758,#1012);
#631=LINE('',#4762,#1013);
#632=LINE('',#4764,#1014);
#633=LINE('',#4766,#1015);
#634=LINE('',#4767,#1016);
#635=LINE('',#4770,#1017);
#636=LINE('',#4772,#1018);
#637=LINE('',#4773,#1019);
#638=LINE('',#4776,#1020);
#639=LINE('',#4778,#1021);
#640=LINE('',#4779,#1022);
#641=LINE('',#4781,#1023);
#642=LINE('',#4782,#1024);
#643=LINE('',#4785,#1025);
#644=LINE('',#4787,#1026);
#645=LINE('',#4788,#1027);
#646=LINE('',#4791,#1028);
#647=LINE('',#4792,#1029);
#648=LINE('',#4797,#1030);
#649=LINE('',#4799,#1031);
#650=LINE('',#4801,#1032);
#651=LINE('',#4802,#1033);
#652=LINE('',#4805,#1034);
#653=LINE('',#4807,#1035);
#654=LINE('',#4808,#1036);
#655=LINE('',#4811,#1037);
#656=LINE('',#4813,#1038);
#657=LINE('',#4814,#1039);
#658=LINE('',#4816,#1040);
#659=LINE('',#4817,#1041);
#660=LINE('',#4820,#1042);
#661=LINE('',#4822,#1043);
#662=LINE('',#4823,#1044);
#663=LINE('',#4826,#1045);
#664=LINE('',#4827,#1046);
#665=LINE('',#4831,#1047);
#666=LINE('',#4832,#1048);
#667=LINE('',#4834,#1049);
#668=LINE('',#4837,#1050);
#669=LINE('',#4838,#1051);
#670=LINE('',#4840,#1052);
#671=LINE('',#4844,#1053);
#672=LINE('',#4846,#1054);
#673=LINE('',#4848,#1055);
#674=LINE('',#4849,#1056);
#675=LINE('',#4852,#1057);
#676=LINE('',#4854,#1058);
#677=LINE('',#4855,#1059);
#678=LINE('',#4858,#1060);
#679=LINE('',#4860,#1061);
#680=LINE('',#4861,#1062);
#681=LINE('',#4863,#1063);
#682=LINE('',#4864,#1064);
#683=LINE('',#4866,#1065);
#684=LINE('',#4867,#1066);
#685=LINE('',#4869,#1067);
#686=LINE('',#4874,#1068);
#687=LINE('',#4876,#1069);
#688=LINE('',#4878,#1070);
#689=LINE('',#4879,#1071);
#690=LINE('',#4882,#1072);
#691=LINE('',#4884,#1073);
#692=LINE('',#4885,#1074);
#693=LINE('',#4888,#1075);
#694=LINE('',#4890,#1076);
#695=LINE('',#4891,#1077);
#696=LINE('',#4893,#1078);
#697=LINE('',#4894,#1079);
#698=LINE('',#4896,#1080);
#699=LINE('',#4897,#1081);
#700=LINE('',#4899,#1082);
#701=LINE('',#4902,#1083);
#702=LINE('',#4905,#1084);
#703=LINE('',#4910,#1085);
#704=LINE('',#4912,#1086);
#705=LINE('',#4914,#1087);
#706=LINE('',#4915,#1088);
#707=LINE('',#4919,#1089);
#708=LINE('',#4921,#1090);
#709=LINE('',#4923,#1091);
#710=LINE('',#4924,#1092);
#711=LINE('',#4927,#1093);
#712=LINE('',#4928,#1094);
#713=LINE('',#4931,#1095);
#714=LINE('',#4932,#1096);
#715=LINE('',#4935,#1097);
#716=LINE('',#4937,#1098);
#717=LINE('',#4939,#1099);
#718=LINE('',#4941,#1100);
#719=LINE('',#4943,#1101);
#720=LINE('',#4945,#1102);
#721=LINE('',#4947,#1103);
#722=LINE('',#4949,#1104);
#723=LINE('',#4951,#1105);
#724=LINE('',#4952,#1106);
#725=LINE('',#4957,#1107);
#726=LINE('',#4959,#1108);
#727=LINE('',#4960,#1109);
#728=LINE('',#4963,#1110);
#729=LINE('',#4964,#1111);
#730=LINE('',#4969,#1112);
#731=LINE('',#4971,#1113);
#732=LINE('',#4973,#1114);
#733=LINE('',#4974,#1115);
#734=LINE('',#4977,#1116);
#735=LINE('',#4979,#1117);
#736=LINE('',#4981,#1118);
#737=LINE('',#4983,#1119);
#738=LINE('',#4985,#1120);
#739=LINE('',#4987,#1121);
#740=LINE('',#4989,#1122);
#741=LINE('',#4991,#1123);
#742=LINE('',#4993,#1124);
#743=LINE('',#4995,#1125);
#744=LINE('',#4997,#1126);
#745=LINE('',#4998,#1127);
#746=LINE('',#4999,#1128);
#747=LINE('',#5000,#1129);
#748=LINE('',#5001,#1130);
#749=LINE('',#5006,#1131);
#750=LINE('',#5010,#1132);
#751=LINE('',#5014,#1133);
#752=LINE('',#5017,#1134);
#753=LINE('',#5020,#1135);
#754=LINE('',#5024,#1136);
#755=LINE('',#5028,#1137);
#756=LINE('',#5032,#1138);
#757=LINE('',#5037,#1139);
#758=LINE('',#5039,#1140);
#759=LINE('',#5041,#1141);
#760=LINE('',#5042,#1142);
#761=LINE('',#5045,#1143);
#762=LINE('',#5047,#1144);
#763=LINE('',#5048,#1145);
#764=LINE('',#5054,#1146);
#765=LINE('',#5057,#1147);
#766=LINE('',#5059,#1148);
#767=LINE('',#5060,#1149);
#768=LINE('',#5063,#1150);
#769=LINE('',#5065,#1151);
#770=LINE('',#5066,#1152);
#771=LINE('',#5069,#1153);
#772=LINE('',#5072,#1154);
#773=LINE('',#5075,#1155);
#774=LINE('',#5076,#1156);
#775=LINE('',#5079,#1157);
#776=LINE('',#5080,#1158);
#777=LINE('',#5083,#1159);
#778=LINE('',#5085,#1160);
#779=LINE('',#5086,#1161);
#780=LINE('',#5088,#1162);
#781=LINE('',#5092,#1163);
#782=LINE('',#5094,#1164);
#783=LINE('',#5098,#1165);
#784=LINE('',#5100,#1166);
#785=LINE('',#5101,#1167);
#786=LINE('',#5102,#1168);
#787=LINE('',#5105,#1169);
#788=LINE('',#5107,#1170);
#789=LINE('',#5108,#1171);
#790=LINE('',#5110,#1172);
#791=LINE('',#5112,#1173);
#792=LINE('',#5114,#1174);
#793=LINE('',#5116,#1175);
#794=LINE('',#5117,#1176);
#795=LINE('',#5120,#1177);
#796=LINE('',#5121,#1178);
#797=LINE('',#5124,#1179);
#798=LINE('',#5125,#1180);
#799=LINE('',#5128,#1181);
#800=LINE('',#5129,#1182);
#801=LINE('',#5132,#1183);
#802=LINE('',#5133,#1184);
#803=LINE('',#5136,#1185);
#804=LINE('',#5138,#1186);
#805=LINE('',#5139,#1187);
#806=LINE('',#5142,#1188);
#807=LINE('',#5145,#1189);
#808=LINE('',#5148,#1190);
#809=LINE('',#5149,#1191);
#810=LINE('',#5153,#1192);
#811=LINE('',#5155,#1193);
#812=LINE('',#5157,#1194);
#813=LINE('',#5158,#1195);
#814=LINE('',#5161,#1196);
#815=LINE('',#5165,#1197);
#816=LINE('',#5168,#1198);
#817=LINE('',#5170,#1199);
#818=LINE('',#5171,#1200);
#819=LINE('',#5174,#1201);
#820=LINE('',#5177,#1202);
#821=LINE('',#5180,#1203);
#822=LINE('',#5181,#1204);
#823=LINE('',#5184,#1205);
#824=LINE('',#5185,#1206);
#825=LINE('',#5188,#1207);
#826=LINE('',#5189,#1208);
#827=LINE('',#5191,#1209);
#828=LINE('',#5193,#1210);
#829=LINE('',#5236,#1211);
#830=LINE('',#5242,#1212);
#831=LINE('',#5244,#1213);
#832=LINE('',#5246,#1214);
#833=LINE('',#5247,#1215);
#834=LINE('',#5250,#1216);
#835=LINE('',#5251,#1217);
#836=LINE('',#5260,#1218);
#837=LINE('',#5262,#1219);
#838=LINE('',#5264,#1220);
#839=LINE('',#5265,#1221);
#840=LINE('',#5270,#1222);
#841=LINE('',#5274,#1223);
#842=LINE('',#5276,#1224);
#843=LINE('',#5278,#1225);
#844=LINE('',#5282,#1226);
#845=LINE('',#5286,#1227);
#846=LINE('',#5290,#1228);
#847=LINE('',#5294,#1229);
#848=LINE('',#5298,#1230);
#849=LINE('',#5303,#1231);
#850=LINE('',#5304,#1232);
#851=LINE('',#5312,#1233);
#852=LINE('',#5314,#1234);
#853=LINE('',#5315,#1235);
#854=LINE('',#5317,#1236);
#855=LINE('',#5320,#1237);
#856=LINE('',#5321,#1238);
#857=LINE('',#5325,#1239);
#858=LINE('',#5334,#1240);
#859=LINE('',#5337,#1241);
#860=LINE('',#5338,#1242);
#861=LINE('',#5344,#1243);
#862=LINE('',#5346,#1244);
#863=LINE('',#5348,#1245);
#864=LINE('',#5349,#1246);
#865=LINE('',#5353,#1247);
#866=LINE('',#5357,#1248);
#867=LINE('',#5359,#1249);
#868=LINE('',#5361,#1250);
#869=LINE('',#5362,#1251);
#870=LINE('',#5364,#1252);
#871=LINE('',#5368,#1253);
#872=LINE('',#5370,#1254);
#873=LINE('',#5373,#1255);
#874=LINE('',#5374,#1256);
#875=LINE('',#5380,#1257);
#876=LINE('',#5382,#1258);
#877=LINE('',#5383,#1259);
#878=LINE('',#5386,#1260);
#879=LINE('',#5388,#1261);
#880=LINE('',#5395,#1262);
#881=LINE('',#5400,#1263);
#882=LINE('',#5406,#1264);
#883=LINE('',#5407,#1265);
#884=LINE('',#5408,#1266);
#885=LINE('',#5412,#1267);
#886=LINE('',#5415,#1268);
#887=LINE('',#5416,#1269);
#888=LINE('',#5420,#1270);
#889=LINE('',#5421,#1271);
#890=LINE('',#5422,#1272);
#891=LINE('',#5426,#1273);
#892=LINE('',#5427,#1274);
#893=LINE('',#5428,#1275);
#894=LINE('',#5434,#1276);
#895=LINE('',#5435,#1277);
#896=LINE('',#5436,#1278);
#897=LINE('',#5440,#1279);
#898=LINE('',#5443,#1280);
#899=LINE('',#5444,#1281);
#900=LINE('',#5448,#1282);
#901=LINE('',#5449,#1283);
#902=LINE('',#5450,#1284);
#903=LINE('',#5454,#1285);
#904=LINE('',#5457,#1286);
#905=LINE('',#5458,#1287);
#906=LINE('',#5463,#1288);
#907=LINE('',#5467,#1289);
#908=LINE('',#5481,#1290);
#909=LINE('',#5485,#1291);
#910=LINE('',#5500,#1292);
#911=LINE('',#5503,#1293);
#912=LINE('',#5508,#1294);
#913=LINE('',#5514,#1295);
#914=LINE('',#5518,#1296);
#915=LINE('',#5522,#1297);
#916=LINE('',#5533,#1298);
#917=LINE('',#5534,#1299);
#918=LINE('',#5541,#1300);
#919=LINE('',#5547,#1301);
#920=LINE('',#5553,#1302);
#921=LINE('',#5559,#1303);
#922=LINE('',#5564,#1304);
#923=LINE('',#5565,#1305);
#924=LINE('',#5569,#1306);
#925=LINE('',#5571,#1307);
#926=LINE('',#5573,#1308);
#927=LINE('',#5574,#1309);
#928=LINE('',#5576,#1310);
#929=LINE('',#5578,#1311);
#930=LINE('',#5579,#1312);
#931=LINE('',#5581,#1313);
#932=LINE('',#5583,#1314);
#933=LINE('',#5587,#1315);
#934=LINE('',#5588,#1316);
#935=LINE('',#5591,#1317);
#936=LINE('',#5592,#1318);
#937=LINE('',#5595,#1319);
#938=LINE('',#5596,#1320);
#939=LINE('',#5598,#1321);
#940=LINE('',#5601,#1322);
#941=LINE('',#5602,#1323);
#942=LINE('',#5605,#1324);
#943=LINE('',#5606,#1325);
#944=LINE('',#5608,#1326);
#945=LINE('',#5611,#1327);
#946=LINE('',#5616,#1328);
#947=LINE('',#5621,#1329);
#948=LINE('',#5626,#1330);
#949=LINE('',#5630,#1331);
#950=LINE('',#5632,#1332);
#951=VECTOR('',#3692,10.);
#952=VECTOR('',#3693,10.);
#953=VECTOR('',#3694,10.);
#954=VECTOR('',#3695,10.);
#955=VECTOR('',#3698,10.);
#956=VECTOR('',#3699,10.);
#957=VECTOR('',#3700,10.);
#958=VECTOR('',#3703,10.);
#959=VECTOR('',#3704,10.);
#960=VECTOR('',#3705,10.);
#961=VECTOR('',#3706,10.);
#962=VECTOR('',#3709,10.);
#963=VECTOR('',#3710,10.);
#964=VECTOR('',#3711,10.);
#965=VECTOR('',#3712,10.);
#966=VECTOR('',#3713,10.);
#967=VECTOR('',#3714,10.);
#968=VECTOR('',#3715,10.);
#969=VECTOR('',#3716,10.);
#970=VECTOR('',#3717,10.);
#971=VECTOR('',#3718,10.);
#972=VECTOR('',#3719,10.);
#973=VECTOR('',#3722,10.);
#974=VECTOR('',#3723,10.);
#975=VECTOR('',#3724,10.);
#976=VECTOR('',#3725,10.);
#977=VECTOR('',#3728,10.);
#978=VECTOR('',#3729,10.);
#979=VECTOR('',#3730,10.);
#980=VECTOR('',#3733,10.);
#981=VECTOR('',#3734,10.);
#982=VECTOR('',#3735,10.);
#983=VECTOR('',#3738,10.);
#984=VECTOR('',#3739,10.);
#985=VECTOR('',#3742,10.);
#986=VECTOR('',#3743,10.);
#987=VECTOR('',#3744,10.);
#988=VECTOR('',#3747,10.);
#989=VECTOR('',#3748,10.);
#990=VECTOR('',#3753,10.);
#991=VECTOR('',#3754,10.);
#992=VECTOR('',#3757,10.);
#993=VECTOR('',#3760,10.);
#994=VECTOR('',#3761,10.);
#995=VECTOR('',#3762,10.);
#996=VECTOR('',#3763,10.);
#997=VECTOR('',#3766,10.);
#998=VECTOR('',#3767,10.);
#999=VECTOR('',#3768,10.);
#1000=VECTOR('',#3771,10.);
#1001=VECTOR('',#3772,10.);
#1002=VECTOR('',#3773,10.);
#1003=VECTOR('',#3776,10.);
#1004=VECTOR('',#3777,10.);
#1005=VECTOR('',#3780,10.);
#1006=VECTOR('',#3781,10.);
#1007=VECTOR('',#3782,10.);
#1008=VECTOR('',#3785,10.);
#1009=VECTOR('',#3786,10.);
#1010=VECTOR('',#3791,10.);
#1011=VECTOR('',#3792,10.);
#1012=VECTOR('',#3795,10.);
#1013=VECTOR('',#3798,10.);
#1014=VECTOR('',#3799,10.);
#1015=VECTOR('',#3800,10.);
#1016=VECTOR('',#3801,10.);
#1017=VECTOR('',#3804,10.);
#1018=VECTOR('',#3805,10.);
#1019=VECTOR('',#3806,10.);
#1020=VECTOR('',#3809,10.);
#1021=VECTOR('',#3810,10.);
#1022=VECTOR('',#3811,10.);
#1023=VECTOR('',#3814,10.);
#1024=VECTOR('',#3815,10.);
#1025=VECTOR('',#3818,10.);
#1026=VECTOR('',#3819,10.);
#1027=VECTOR('',#3820,10.);
#1028=VECTOR('',#3823,10.);
#1029=VECTOR('',#3824,10.);
#1030=VECTOR('',#3829,10.);
#1031=VECTOR('',#3830,10.);
#1032=VECTOR('',#3831,10.);
#1033=VECTOR('',#3832,10.);
#1034=VECTOR('',#3835,10.);
#1035=VECTOR('',#3836,10.);
#1036=VECTOR('',#3837,10.);
#1037=VECTOR('',#3840,10.);
#1038=VECTOR('',#3841,10.);
#1039=VECTOR('',#3842,10.);
#1040=VECTOR('',#3845,10.);
#1041=VECTOR('',#3846,10.);
#1042=VECTOR('',#3849,10.);
#1043=VECTOR('',#3850,10.);
#1044=VECTOR('',#3851,10.);
#1045=VECTOR('',#3854,10.);
#1046=VECTOR('',#3855,10.);
#1047=VECTOR('',#3860,10.);
#1048=VECTOR('',#3861,10.);
#1049=VECTOR('',#3864,10.);
#1050=VECTOR('',#3867,10.);
#1051=VECTOR('',#3868,10.);
#1052=VECTOR('',#3871,10.);
#1053=VECTOR('',#3874,10.);
#1054=VECTOR('',#3875,10.);
#1055=VECTOR('',#3876,10.);
#1056=VECTOR('',#3877,10.);
#1057=VECTOR('',#3880,10.);
#1058=VECTOR('',#3881,10.);
#1059=VECTOR('',#3882,10.);
#1060=VECTOR('',#3885,10.);
#1061=VECTOR('',#3886,10.);
#1062=VECTOR('',#3887,10.);
#1063=VECTOR('',#3890,10.);
#1064=VECTOR('',#3891,10.);
#1065=VECTOR('',#3894,10.);
#1066=VECTOR('',#3895,10.);
#1067=VECTOR('',#3898,10.);
#1068=VECTOR('',#3903,10.);
#1069=VECTOR('',#3904,10.);
#1070=VECTOR('',#3905,10.);
#1071=VECTOR('',#3906,10.);
#1072=VECTOR('',#3909,10.);
#1073=VECTOR('',#3910,10.);
#1074=VECTOR('',#3911,10.);
#1075=VECTOR('',#3914,10.);
#1076=VECTOR('',#3915,10.);
#1077=VECTOR('',#3916,10.);
#1078=VECTOR('',#3919,10.);
#1079=VECTOR('',#3920,10.);
#1080=VECTOR('',#3923,10.);
#1081=VECTOR('',#3924,10.);
#1082=VECTOR('',#3927,10.);
#1083=VECTOR('',#3932,10.);
#1084=VECTOR('',#3937,10.);
#1085=VECTOR('',#3942,10.);
#1086=VECTOR('',#3943,10.);
#1087=VECTOR('',#3944,10.);
#1088=VECTOR('',#3945,10.);
#1089=VECTOR('',#3948,10.);
#1090=VECTOR('',#3949,10.);
#1091=VECTOR('',#3950,10.);
#1092=VECTOR('',#3951,10.);
#1093=VECTOR('',#3954,10.);
#1094=VECTOR('',#3955,10.);
#1095=VECTOR('',#3958,10.);
#1096=VECTOR('',#3959,10.);
#1097=VECTOR('',#3962,10.);
#1098=VECTOR('',#3963,10.);
#1099=VECTOR('',#3964,10.);
#1100=VECTOR('',#3965,10.);
#1101=VECTOR('',#3966,10.);
#1102=VECTOR('',#3967,10.);
#1103=VECTOR('',#3968,10.);
#1104=VECTOR('',#3969,10.);
#1105=VECTOR('',#3970,10.);
#1106=VECTOR('',#3971,10.);
#1107=VECTOR('',#3976,10.);
#1108=VECTOR('',#3977,10.);
#1109=VECTOR('',#3978,10.);
#1110=VECTOR('',#3981,10.);
#1111=VECTOR('',#3982,10.);
#1112=VECTOR('',#3987,10.);
#1113=VECTOR('',#3988,10.);
#1114=VECTOR('',#3989,10.);
#1115=VECTOR('',#3990,10.);
#1116=VECTOR('',#3993,10.);
#1117=VECTOR('',#3994,10.);
#1118=VECTOR('',#3995,10.);
#1119=VECTOR('',#3996,10.);
#1120=VECTOR('',#3997,10.);
#1121=VECTOR('',#3998,10.);
#1122=VECTOR('',#3999,10.);
#1123=VECTOR('',#4000,10.);
#1124=VECTOR('',#4001,10.);
#1125=VECTOR('',#4002,10.);
#1126=VECTOR('',#4003,10.);
#1127=VECTOR('',#4004,10.);
#1128=VECTOR('',#4005,10.);
#1129=VECTOR('',#4006,10.);
#1130=VECTOR('',#4007,10.);
#1131=VECTOR('',#4010,10.);
#1132=VECTOR('',#4013,10.);
#1133=VECTOR('',#4016,10.);
#1134=VECTOR('',#4019,10.);
#1135=VECTOR('',#4020,10.);
#1136=VECTOR('',#4023,10.);
#1137=VECTOR('',#4026,10.);
#1138=VECTOR('',#4029,10.);
#1139=VECTOR('',#4034,10.);
#1140=VECTOR('',#4035,10.);
#1141=VECTOR('',#4036,10.);
#1142=VECTOR('',#4037,10.);
#1143=VECTOR('',#4040,10.);
#1144=VECTOR('',#4041,10.);
#1145=VECTOR('',#4042,10.);
#1146=VECTOR('',#4049,10.);
#1147=VECTOR('',#4052,10.);
#1148=VECTOR('',#4053,10.);
#1149=VECTOR('',#4054,10.);
#1150=VECTOR('',#4057,10.);
#1151=VECTOR('',#4058,10.);
#1152=VECTOR('',#4059,10.);
#1153=VECTOR('',#4062,10.);
#1154=VECTOR('',#4065,10.);
#1155=VECTOR('',#4068,10.);
#1156=VECTOR('',#4069,10.);
#1157=VECTOR('',#4072,10.);
#1158=VECTOR('',#4073,10.);
#1159=VECTOR('',#4076,10.);
#1160=VECTOR('',#4077,10.);
#1161=VECTOR('',#4078,10.);
#1162=VECTOR('',#4081,10.);
#1163=VECTOR('',#4084,10.);
#1164=VECTOR('',#4085,10.);
#1165=VECTOR('',#4088,10.);
#1166=VECTOR('',#4089,10.);
#1167=VECTOR('',#4090,10.);
#1168=VECTOR('',#4091,10.);
#1169=VECTOR('',#4094,10.);
#1170=VECTOR('',#4095,10.);
#1171=VECTOR('',#4096,10.);
#1172=VECTOR('',#4097,10.);
#1173=VECTOR('',#4098,10.);
#1174=VECTOR('',#4099,10.);
#1175=VECTOR('',#4100,10.);
#1176=VECTOR('',#4101,10.);
#1177=VECTOR('',#4104,10.);
#1178=VECTOR('',#4105,10.);
#1179=VECTOR('',#4108,10.);
#1180=VECTOR('',#4109,10.);
#1181=VECTOR('',#4112,10.);
#1182=VECTOR('',#4113,10.);
#1183=VECTOR('',#4116,10.);
#1184=VECTOR('',#4117,10.);
#1185=VECTOR('',#4120,10.);
#1186=VECTOR('',#4121,10.);
#1187=VECTOR('',#4122,10.);
#1188=VECTOR('',#4125,10.);
#1189=VECTOR('',#4130,10.);
#1190=VECTOR('',#4133,10.);
#1191=VECTOR('',#4134,10.);
#1192=VECTOR('',#4137,10.);
#1193=VECTOR('',#4138,10.);
#1194=VECTOR('',#4139,10.);
#1195=VECTOR('',#4140,10.);
#1196=VECTOR('',#4143,10.);
#1197=VECTOR('',#4150,10.);
#1198=VECTOR('',#4153,10.);
#1199=VECTOR('',#4154,10.);
#1200=VECTOR('',#4155,10.);
#1201=VECTOR('',#4158,10.);
#1202=VECTOR('',#4161,10.);
#1203=VECTOR('',#4164,10.);
#1204=VECTOR('',#4165,10.);
#1205=VECTOR('',#4168,10.);
#1206=VECTOR('',#4169,10.);
#1207=VECTOR('',#4172,10.);
#1208=VECTOR('',#4173,10.);
#1209=VECTOR('',#4176,10.);
#1210=VECTOR('',#4179,10.);
#1211=VECTOR('',#4186,2.25);
#1212=VECTOR('',#4193,10.);
#1213=VECTOR('',#4194,10.);
#1214=VECTOR('',#4195,10.);
#1215=VECTOR('',#4196,10.);
#1216=VECTOR('',#4199,10.);
#1217=VECTOR('',#4200,10.);
#1218=VECTOR('',#4205,10.);
#1219=VECTOR('',#4206,10.);
#1220=VECTOR('',#4207,10.);
#1221=VECTOR('',#4208,10.);
#1222=VECTOR('',#4213,10.);
#1223=VECTOR('',#4216,10.);
#1224=VECTOR('',#4217,10.);
#1225=VECTOR('',#4218,10.);
#1226=VECTOR('',#4221,10.);
#1227=VECTOR('',#4224,10.);
#1228=VECTOR('',#4227,10.);
#1229=VECTOR('',#4230,10.);
#1230=VECTOR('',#4235,2.25);
#1231=VECTOR('',#4242,10.);
#1232=VECTOR('',#4243,10.);
#1233=VECTOR('',#4248,10.);
#1234=VECTOR('',#4249,10.);
#1235=VECTOR('',#4250,10.);
#1236=VECTOR('',#4253,10.);
#1237=VECTOR('',#4256,10.);
#1238=VECTOR('',#4257,10.);
#1239=VECTOR('',#4260,10.);
#1240=VECTOR('',#4271,10.);
#1241=VECTOR('',#4274,10.);
#1242=VECTOR('',#4275,10.);
#1243=VECTOR('',#4284,10.);
#1244=VECTOR('',#4287,10.);
#1245=VECTOR('',#4288,10.);
#1246=VECTOR('',#4289,10.);
#1247=VECTOR('',#4294,10.);
#1248=VECTOR('',#4299,10.);
#1249=VECTOR('',#4300,10.);
#1250=VECTOR('',#4301,10.);
#1251=VECTOR('',#4302,10.);
#1252=VECTOR('',#4305,10.);
#1253=VECTOR('',#4310,10.);
#1254=VECTOR('',#4313,10.);
#1255=VECTOR('',#4316,10.);
#1256=VECTOR('',#4317,10.);
#1257=VECTOR('',#4324,10.);
#1258=VECTOR('',#4327,10.);
#1259=VECTOR('',#4328,10.);
#1260=VECTOR('',#4333,10.);
#1261=VECTOR('',#4336,10.);
#1262=VECTOR('',#4345,0.899999999999999);
#1263=VECTOR('',#4352,0.899999999999999);
#1264=VECTOR('',#4359,10.);
#1265=VECTOR('',#4360,10.);
#1266=VECTOR('',#4361,10.);
#1267=VECTOR('',#4366,10.);
#1268=VECTOR('',#4369,10.);
#1269=VECTOR('',#4370,10.);
#1270=VECTOR('',#4373,10.);
#1271=VECTOR('',#4374,10.);
#1272=VECTOR('',#4375,10.);
#1273=VECTOR('',#4378,10.);
#1274=VECTOR('',#4379,10.);
#1275=VECTOR('',#4380,10.);
#1276=VECTOR('',#4387,10.);
#1277=VECTOR('',#4388,10.);
#1278=VECTOR('',#4389,10.);
#1279=VECTOR('',#4394,10.);
#1280=VECTOR('',#4397,10.);
#1281=VECTOR('',#4398,10.);
#1282=VECTOR('',#4401,10.);
#1283=VECTOR('',#4402,10.);
#1284=VECTOR('',#4403,10.);
#1285=VECTOR('',#4408,10.);
#1286=VECTOR('',#4411,10.);
#1287=VECTOR('',#4412,10.);
#1288=VECTOR('',#4417,10.);
#1289=VECTOR('',#4420,10.);
#1290=VECTOR('',#4437,10.);
#1291=VECTOR('',#4440,10.);
#1292=VECTOR('',#4457,10.);
#1293=VECTOR('',#4460,10.);
#1294=VECTOR('',#4465,10.);
#1295=VECTOR('',#4474,10.);
#1296=VECTOR('',#4479,10.);
#1297=VECTOR('',#4484,10.);
#1298=VECTOR('',#4501,10.);
#1299=VECTOR('',#4502,10.);
#1300=VECTOR('',#4511,10.);
#1301=VECTOR('',#4518,10.);
#1302=VECTOR('',#4525,10.);
#1303=VECTOR('',#4534,10.);
#1304=VECTOR('',#4543,10.);
#1305=VECTOR('',#4544,10.);
#1306=VECTOR('',#4549,10.);
#1307=VECTOR('',#4550,10.);
#1308=VECTOR('',#4551,10.);
#1309=VECTOR('',#4552,10.);
#1310=VECTOR('',#4555,10.);
#1311=VECTOR('',#4556,10.);
#1312=VECTOR('',#4557,10.);
#1313=VECTOR('',#4560,10.);
#1314=VECTOR('',#4563,10.);
#1315=VECTOR('',#4568,10.);
#1316=VECTOR('',#4569,10.);
#1317=VECTOR('',#4572,10.);
#1318=VECTOR('',#4573,10.);
#1319=VECTOR('',#4576,10.);
#1320=VECTOR('',#4577,10.);
#1321=VECTOR('',#4580,10.);
#1322=VECTOR('',#4583,10.);
#1323=VECTOR('',#4584,10.);
#1324=VECTOR('',#4587,10.);
#1325=VECTOR('',#4588,10.);
#1326=VECTOR('',#4591,10.);
#1327=VECTOR('',#4594,2.25);
#1328=VECTOR('',#4601,2.25);
#1329=VECTOR('',#4608,2.25);
#1330=VECTOR('',#4615,2.25);
#1331=VECTOR('',#4622,10.);
#1332=VECTOR('',#4625,10.);
#1333=VERTEX_POINT('',#4632);
#1334=VERTEX_POINT('',#4633);
#1335=VERTEX_POINT('',#4635);
#1336=VERTEX_POINT('',#4637);
#1337=VERTEX_POINT('',#4641);
#1338=VERTEX_POINT('',#4643);
#1339=VERTEX_POINT('',#4647);
#1340=VERTEX_POINT('',#4648);
#1341=VERTEX_POINT('',#4650);
#1342=VERTEX_POINT('',#4652);
#1343=VERTEX_POINT('',#4656);
#1344=VERTEX_POINT('',#4658);
#1345=VERTEX_POINT('',#4661);
#1346=VERTEX_POINT('',#4662);
#1347=VERTEX_POINT('',#4664);
#1348=VERTEX_POINT('',#4666);
#1349=VERTEX_POINT('',#4669);
#1350=VERTEX_POINT('',#4670);
#1351=VERTEX_POINT('',#4672);
#1352=VERTEX_POINT('',#4674);
#1353=VERTEX_POINT('',#4678);
#1354=VERTEX_POINT('',#4679);
#1355=VERTEX_POINT('',#4681);
#1356=VERTEX_POINT('',#4683);
#1357=VERTEX_POINT('',#4687);
#1358=VERTEX_POINT('',#4689);
#1359=VERTEX_POINT('',#4693);
#1360=VERTEX_POINT('',#4695);
#1361=VERTEX_POINT('',#4702);
#1362=VERTEX_POINT('',#4704);
#1363=VERTEX_POINT('',#4708);
#1364=VERTEX_POINT('',#4713);
#1365=VERTEX_POINT('',#4719);
#1366=VERTEX_POINT('',#4720);
#1367=VERTEX_POINT('',#4722);
#1368=VERTEX_POINT('',#4724);
#1369=VERTEX_POINT('',#4728);
#1370=VERTEX_POINT('',#4730);
#1371=VERTEX_POINT('',#4734);
#1372=VERTEX_POINT('',#4736);
#1373=VERTEX_POINT('',#4743);
#1374=VERTEX_POINT('',#4745);
#1375=VERTEX_POINT('',#4749);
#1376=VERTEX_POINT('',#4754);
#1377=VERTEX_POINT('',#4760);
#1378=VERTEX_POINT('',#4761);
#1379=VERTEX_POINT('',#4763);
#1380=VERTEX_POINT('',#4765);
#1381=VERTEX_POINT('',#4769);
#1382=VERTEX_POINT('',#4771);
#1383=VERTEX_POINT('',#4775);
#1384=VERTEX_POINT('',#4777);
#1385=VERTEX_POINT('',#4784);
#1386=VERTEX_POINT('',#4786);
#1387=VERTEX_POINT('',#4790);
#1388=VERTEX_POINT('',#4795);
#1389=VERTEX_POINT('',#4796);
#1390=VERTEX_POINT('',#4798);
#1391=VERTEX_POINT('',#4800);
#1392=VERTEX_POINT('',#4804);
#1393=VERTEX_POINT('',#4806);
#1394=VERTEX_POINT('',#4810);
#1395=VERTEX_POINT('',#4812);
#1396=VERTEX_POINT('',#4819);
#1397=VERTEX_POINT('',#4821);
#1398=VERTEX_POINT('',#4825);
#1399=VERTEX_POINT('',#4830);
#1400=VERTEX_POINT('',#4836);
#1401=VERTEX_POINT('',#4842);
#1402=VERTEX_POINT('',#4843);
#1403=VERTEX_POINT('',#4845);
#1404=VERTEX_POINT('',#4847);
#1405=VERTEX_POINT('',#4851);
#1406=VERTEX_POINT('',#4853);
#1407=VERTEX_POINT('',#4857);
#1408=VERTEX_POINT('',#4859);
#1409=VERTEX_POINT('',#4872);
#1410=VERTEX_POINT('',#4873);
#1411=VERTEX_POINT('',#4875);
#1412=VERTEX_POINT('',#4877);
#1413=VERTEX_POINT('',#4881);
#1414=VERTEX_POINT('',#4883);
#1415=VERTEX_POINT('',#4887);
#1416=VERTEX_POINT('',#4889);
#1417=VERTEX_POINT('',#4908);
#1418=VERTEX_POINT('',#4909);
#1419=VERTEX_POINT('',#4911);
#1420=VERTEX_POINT('',#4913);
#1421=VERTEX_POINT('',#4917);
#1422=VERTEX_POINT('',#4918);
#1423=VERTEX_POINT('',#4920);
#1424=VERTEX_POINT('',#4922);
#1425=VERTEX_POINT('',#4926);
#1426=VERTEX_POINT('',#4930);
#1427=VERTEX_POINT('',#4934);
#1428=VERTEX_POINT('',#4936);
#1429=VERTEX_POINT('',#4938);
#1430=VERTEX_POINT('',#4940);
#1431=VERTEX_POINT('',#4942);
#1432=VERTEX_POINT('',#4944);
#1433=VERTEX_POINT('',#4946);
#1434=VERTEX_POINT('',#4948);
#1435=VERTEX_POINT('',#4950);
#1436=VERTEX_POINT('',#4953);
#1437=VERTEX_POINT('',#4956);
#1438=VERTEX_POINT('',#4958);
#1439=VERTEX_POINT('',#4962);
#1440=VERTEX_POINT('',#4965);
#1441=VERTEX_POINT('',#4968);
#1442=VERTEX_POINT('',#4970);
#1443=VERTEX_POINT('',#4972);
#1444=VERTEX_POINT('',#4976);
#1445=VERTEX_POINT('',#4978);
#1446=VERTEX_POINT('',#4980);
#1447=VERTEX_POINT('',#4982);
#1448=VERTEX_POINT('',#4984);
#1449=VERTEX_POINT('',#4986);
#1450=VERTEX_POINT('',#4988);
#1451=VERTEX_POINT('',#4990);
#1452=VERTEX_POINT('',#4992);
#1453=VERTEX_POINT('',#4994);
#1454=VERTEX_POINT('',#4996);
#1455=VERTEX_POINT('',#5002);
#1456=VERTEX_POINT('',#5003);
#1457=VERTEX_POINT('',#5005);
#1458=VERTEX_POINT('',#5007);
#1459=VERTEX_POINT('',#5009);
#1460=VERTEX_POINT('',#5011);
#1461=VERTEX_POINT('',#5013);
#1462=VERTEX_POINT('',#5015);
#1463=VERTEX_POINT('',#5018);
#1464=VERTEX_POINT('',#5019);
#1465=VERTEX_POINT('',#5021);
#1466=VERTEX_POINT('',#5023);
#1467=VERTEX_POINT('',#5025);
#1468=VERTEX_POINT('',#5027);
#1469=VERTEX_POINT('',#5029);
#1470=VERTEX_POINT('',#5031);
#1471=VERTEX_POINT('',#5035);
#1472=VERTEX_POINT('',#5036);
#1473=VERTEX_POINT('',#5038);
#1474=VERTEX_POINT('',#5040);
#1475=VERTEX_POINT('',#5044);
#1476=VERTEX_POINT('',#5046);
#1477=VERTEX_POINT('',#5050);
#1478=VERTEX_POINT('',#5052);
#1479=VERTEX_POINT('',#5056);
#1480=VERTEX_POINT('',#5058);
#1481=VERTEX_POINT('',#5062);
#1482=VERTEX_POINT('',#5064);
#1483=VERTEX_POINT('',#5068);
#1484=VERTEX_POINT('',#5070);
#1485=VERTEX_POINT('',#5074);
#1486=VERTEX_POINT('',#5078);
#1487=VERTEX_POINT('',#5082);
#1488=VERTEX_POINT('',#5084);
#1489=VERTEX_POINT('',#5090);
#1490=VERTEX_POINT('',#5091);
#1491=VERTEX_POINT('',#5093);
#1492=VERTEX_POINT('',#5095);
#1493=VERTEX_POINT('',#5097);
#1494=VERTEX_POINT('',#5099);
#1495=VERTEX_POINT('',#5104);
#1496=VERTEX_POINT('',#5106);
#1497=VERTEX_POINT('',#5109);
#1498=VERTEX_POINT('',#5111);
#1499=VERTEX_POINT('',#5113);
#1500=VERTEX_POINT('',#5115);
#1501=VERTEX_POINT('',#5119);
#1502=VERTEX_POINT('',#5123);
#1503=VERTEX_POINT('',#5127);
#1504=VERTEX_POINT('',#5131);
#1505=VERTEX_POINT('',#5135);
#1506=VERTEX_POINT('',#5137);
#1507=VERTEX_POINT('',#5141);
#1508=VERTEX_POINT('',#5147);
#1509=VERTEX_POINT('',#5151);
#1510=VERTEX_POINT('',#5152);
#1511=VERTEX_POINT('',#5154);
#1512=VERTEX_POINT('',#5156);
#1513=VERTEX_POINT('',#5160);
#1514=VERTEX_POINT('',#5167);
#1515=VERTEX_POINT('',#5169);
#1516=VERTEX_POINT('',#5173);
#1517=VERTEX_POINT('',#5175);
#1518=VERTEX_POINT('',#5179);
#1519=VERTEX_POINT('',#5183);
#1520=VERTEX_POINT('',#5187);
#1521=VERTEX_POINT('',#5194);
#1522=VERTEX_POINT('',#5195);
#1523=VERTEX_POINT('',#5233);
#1524=VERTEX_POINT('',#5235);
#1525=VERTEX_POINT('',#5240);
#1526=VERTEX_POINT('',#5241);
#1527=VERTEX_POINT('',#5243);
#1528=VERTEX_POINT('',#5245);
#1529=VERTEX_POINT('',#5249);
#1530=VERTEX_POINT('',#5253);
#1531=VERTEX_POINT('',#5254);
#1532=VERTEX_POINT('',#5258);
#1533=VERTEX_POINT('',#5261);
#1534=VERTEX_POINT('',#5263);
#1535=VERTEX_POINT('',#5267);
#1536=VERTEX_POINT('',#5269);
#1537=VERTEX_POINT('',#5271);
#1538=VERTEX_POINT('',#5273);
#1539=VERTEX_POINT('',#5275);
#1540=VERTEX_POINT('',#5277);
#1541=VERTEX_POINT('',#5279);
#1542=VERTEX_POINT('',#5281);
#1543=VERTEX_POINT('',#5283);
#1544=VERTEX_POINT('',#5285);
#1545=VERTEX_POINT('',#5287);
#1546=VERTEX_POINT('',#5289);
#1547=VERTEX_POINT('',#5292);
#1548=VERTEX_POINT('',#5293);
#1549=VERTEX_POINT('',#5297);
#1550=VERTEX_POINT('',#5302);
#1551=VERTEX_POINT('',#5306);
#1552=VERTEX_POINT('',#5308);
#1553=VERTEX_POINT('',#5313);
#1554=VERTEX_POINT('',#5319);
#1555=VERTEX_POINT('',#5322);
#1556=VERTEX_POINT('',#5324);
#1557=VERTEX_POINT('',#5327);
#1558=VERTEX_POINT('',#5329);
#1559=VERTEX_POINT('',#5332);
#1560=VERTEX_POINT('',#5336);
#1561=VERTEX_POINT('',#5342);
#1562=VERTEX_POINT('',#5347);
#1563=VERTEX_POINT('',#5352);
#1564=VERTEX_POINT('',#5356);
#1565=VERTEX_POINT('',#5358);
#1566=VERTEX_POINT('',#5360);
#1567=VERTEX_POINT('',#5366);
#1568=VERTEX_POINT('',#5371);
#1569=VERTEX_POINT('',#5375);
#1570=VERTEX_POINT('',#5377);
#1571=VERTEX_POINT('',#5392);
#1572=VERTEX_POINT('',#5394);
#1573=VERTEX_POINT('',#5399);
#1574=VERTEX_POINT('',#5404);
#1575=VERTEX_POINT('',#5405);
#1576=VERTEX_POINT('',#5410);
#1577=VERTEX_POINT('',#5414);
#1578=VERTEX_POINT('',#5418);
#1579=VERTEX_POINT('',#5419);
#1580=VERTEX_POINT('',#5424);
#1581=VERTEX_POINT('',#5425);
#1582=VERTEX_POINT('',#5432);
#1583=VERTEX_POINT('',#5433);
#1584=VERTEX_POINT('',#5438);
#1585=VERTEX_POINT('',#5442);
#1586=VERTEX_POINT('',#5446);
#1587=VERTEX_POINT('',#5447);
#1588=VERTEX_POINT('',#5452);
#1589=VERTEX_POINT('',#5456);
#1590=VERTEX_POINT('',#5460);
#1591=VERTEX_POINT('',#5462);
#1592=VERTEX_POINT('',#5464);
#1593=VERTEX_POINT('',#5466);
#1594=VERTEX_POINT('',#5470);
#1595=VERTEX_POINT('',#5472);
#1596=VERTEX_POINT('',#5474);
#1597=VERTEX_POINT('',#5478);
#1598=VERTEX_POINT('',#5480);
#1599=VERTEX_POINT('',#5482);
#1600=VERTEX_POINT('',#5484);
#1601=VERTEX_POINT('',#5488);
#1602=VERTEX_POINT('',#5490);
#1603=VERTEX_POINT('',#5492);
#1604=VERTEX_POINT('',#5496);
#1605=VERTEX_POINT('',#5497);
#1606=VERTEX_POINT('',#5499);
#1607=VERTEX_POINT('',#5501);
#1608=VERTEX_POINT('',#5505);
#1609=VERTEX_POINT('',#5507);
#1610=VERTEX_POINT('',#5512);
#1611=VERTEX_POINT('',#5516);
#1612=VERTEX_POINT('',#5520);
#1613=VERTEX_POINT('',#5530);
#1614=VERTEX_POINT('',#5531);
#1615=VERTEX_POINT('',#5538);
#1616=VERTEX_POINT('',#5540);
#1617=VERTEX_POINT('',#5544);
#1618=VERTEX_POINT('',#5546);
#1619=VERTEX_POINT('',#5550);
#1620=VERTEX_POINT('',#5552);
#1621=VERTEX_POINT('',#5557);
#1622=VERTEX_POINT('',#5568);
#1623=VERTEX_POINT('',#5570);
#1624=VERTEX_POINT('',#5572);
#1625=VERTEX_POINT('',#5577);
#1626=VERTEX_POINT('',#5586);
#1627=VERTEX_POINT('',#5590);
#1628=VERTEX_POINT('',#5594);
#1629=VERTEX_POINT('',#5600);
#1630=VERTEX_POINT('',#5604);
#1631=VERTEX_POINT('',#5610);
#1632=VERTEX_POINT('',#5615);
#1633=VERTEX_POINT('',#5620);
#1634=VERTEX_POINT('',#5625);
#1635=EDGE_CURVE('',#1333,#1334,#569,.T.);
#1636=EDGE_CURVE('',#1335,#1333,#570,.T.);
#1637=EDGE_CURVE('',#1336,#1335,#571,.T.);
#1638=EDGE_CURVE('',#1334,#1336,#572,.T.);
#1639=EDGE_CURVE('',#1337,#1334,#573,.T.);
#1640=EDGE_CURVE('',#1338,#1337,#574,.T.);
#1641=EDGE_CURVE('',#1333,#1338,#575,.T.);
#1642=EDGE_CURVE('',#1339,#1340,#576,.T.);
#1643=EDGE_CURVE('',#1341,#1339,#577,.T.);
#1644=EDGE_CURVE('',#1342,#1341,#578,.T.);
#1645=EDGE_CURVE('',#1340,#1342,#579,.T.);
#1646=EDGE_CURVE('',#1343,#1339,#580,.T.);
#1647=EDGE_CURVE('',#1344,#1343,#581,.T.);
#1648=EDGE_CURVE('',#1341,#1344,#582,.T.);
#1649=EDGE_CURVE('',#1345,#1346,#583,.T.);
#1650=EDGE_CURVE('',#1347,#1345,#584,.T.);
#1651=EDGE_CURVE('',#1348,#1347,#585,.T.);
#1652=EDGE_CURVE('',#1346,#1348,#586,.T.);
#1653=EDGE_CURVE('',#1349,#1350,#587,.T.);
#1654=EDGE_CURVE('',#1351,#1349,#588,.T.);
#1655=EDGE_CURVE('',#1352,#1351,#589,.T.);
#1656=EDGE_CURVE('',#1350,#1352,#590,.T.);
#1657=EDGE_CURVE('',#1353,#1354,#591,.T.);
#1658=EDGE_CURVE('',#1353,#1355,#592,.T.);
#1659=EDGE_CURVE('',#1356,#1355,#593,.T.);
#1660=EDGE_CURVE('',#1354,#1356,#594,.T.);
#1661=EDGE_CURVE('',#1354,#1357,#595,.T.);
#1662=EDGE_CURVE('',#1358,#1356,#596,.T.);
#1663=EDGE_CURVE('',#1357,#1358,#597,.T.);
#1664=EDGE_CURVE('',#1357,#1359,#598,.T.);
#1665=EDGE_CURVE('',#1360,#1358,#599,.T.);
#1666=EDGE_CURVE('',#1359,#1360,#600,.T.);
#1667=EDGE_CURVE('',#1355,#1360,#601,.T.);
#1668=EDGE_CURVE('',#1359,#1353,#602,.T.);
#1669=EDGE_CURVE('',#1361,#1360,#603,.T.);
#1670=EDGE_CURVE('',#1361,#1362,#604,.T.);
#1671=EDGE_CURVE('',#1362,#1355,#605,.T.);
#1672=EDGE_CURVE('',#1362,#1363,#606,.T.);
#1673=EDGE_CURVE('',#1363,#1356,#607,.T.);
#1674=EDGE_CURVE('',#1363,#1364,#608,.T.);
#1675=EDGE_CURVE('',#1364,#1358,#609,.T.);
#1676=EDGE_CURVE('',#1364,#1361,#610,.T.);
#1677=EDGE_CURVE('',#1365,#1366,#611,.T.);
#1678=EDGE_CURVE('',#1365,#1367,#612,.T.);
#1679=EDGE_CURVE('',#1368,#1367,#613,.T.);
#1680=EDGE_CURVE('',#1366,#1368,#614,.T.);
#1681=EDGE_CURVE('',#1366,#1369,#615,.T.);
#1682=EDGE_CURVE('',#1370,#1368,#616,.T.);
#1683=EDGE_CURVE('',#1369,#1370,#617,.T.);
#1684=EDGE_CURVE('',#1369,#1371,#618,.T.);
#1685=EDGE_CURVE('',#1372,#1370,#619,.T.);
#1686=EDGE_CURVE('',#1371,#1372,#620,.T.);
#1687=EDGE_CURVE('',#1367,#1372,#621,.T.);
#1688=EDGE_CURVE('',#1371,#1365,#622,.T.);
#1689=EDGE_CURVE('',#1373,#1372,#623,.T.);
#1690=EDGE_CURVE('',#1373,#1374,#624,.T.);
#1691=EDGE_CURVE('',#1374,#1367,#625,.T.);
#1692=EDGE_CURVE('',#1374,#1375,#626,.T.);
#1693=EDGE_CURVE('',#1375,#1368,#627,.T.);
#1694=EDGE_CURVE('',#1375,#1376,#628,.T.);
#1695=EDGE_CURVE('',#1376,#1370,#629,.T.);
#1696=EDGE_CURVE('',#1376,#1373,#630,.T.);
#1697=EDGE_CURVE('',#1377,#1378,#631,.T.);
#1698=EDGE_CURVE('',#1377,#1379,#632,.T.);
#1699=EDGE_CURVE('',#1380,#1379,#633,.T.);
#1700=EDGE_CURVE('',#1378,#1380,#634,.T.);
#1701=EDGE_CURVE('',#1378,#1381,#635,.T.);
#1702=EDGE_CURVE('',#1382,#1380,#636,.T.);
#1703=EDGE_CURVE('',#1381,#1382,#637,.T.);
#1704=EDGE_CURVE('',#1381,#1383,#638,.T.);
#1705=EDGE_CURVE('',#1384,#1382,#639,.T.);
#1706=EDGE_CURVE('',#1383,#1384,#640,.T.);
#1707=EDGE_CURVE('',#1379,#1384,#641,.T.);
#1708=EDGE_CURVE('',#1383,#1377,#642,.T.);
#1709=EDGE_CURVE('',#1385,#1384,#643,.T.);
#1710=EDGE_CURVE('',#1385,#1386,#644,.T.);
#1711=EDGE_CURVE('',#1386,#1379,#645,.T.);
#1712=EDGE_CURVE('',#1386,#1387,#646,.T.);
#1713=EDGE_CURVE('',#1387,#1380,#647,.T.);
#1714=EDGE_CURVE('',#1388,#1389,#648,.T.);
#1715=EDGE_CURVE('',#1388,#1390,#649,.T.);
#1716=EDGE_CURVE('',#1391,#1390,#650,.T.);
#1717=EDGE_CURVE('',#1389,#1391,#651,.T.);
#1718=EDGE_CURVE('',#1389,#1392,#652,.T.);
#1719=EDGE_CURVE('',#1393,#1391,#653,.T.);
#1720=EDGE_CURVE('',#1392,#1393,#654,.T.);
#1721=EDGE_CURVE('',#1392,#1394,#655,.T.);
#1722=EDGE_CURVE('',#1395,#1393,#656,.T.);
#1723=EDGE_CURVE('',#1394,#1395,#657,.T.);
#1724=EDGE_CURVE('',#1390,#1395,#658,.T.);
#1725=EDGE_CURVE('',#1394,#1388,#659,.T.);
#1726=EDGE_CURVE('',#1396,#1395,#660,.T.);
#1727=EDGE_CURVE('',#1396,#1397,#661,.T.);
#1728=EDGE_CURVE('',#1397,#1390,#662,.T.);
#1729=EDGE_CURVE('',#1397,#1398,#663,.T.);
#1730=EDGE_CURVE('',#1398,#1391,#664,.T.);
#1731=EDGE_CURVE('',#1387,#1399,#665,.T.);
#1732=EDGE_CURVE('',#1399,#1382,#666,.T.);
#1733=EDGE_CURVE('',#1399,#1385,#667,.T.);
#1734=EDGE_CURVE('',#1398,#1400,#668,.T.);
#1735=EDGE_CURVE('',#1400,#1393,#669,.T.);
#1736=EDGE_CURVE('',#1400,#1396,#670,.T.);
#1737=EDGE_CURVE('',#1401,#1402,#671,.T.);
#1738=EDGE_CURVE('',#1401,#1403,#672,.T.);
#1739=EDGE_CURVE('',#1404,#1403,#673,.T.);
#1740=EDGE_CURVE('',#1402,#1404,#674,.T.);
#1741=EDGE_CURVE('',#1402,#1405,#675,.T.);
#1742=EDGE_CURVE('',#1406,#1404,#676,.T.);
#1743=EDGE_CURVE('',#1405,#1406,#677,.T.);
#1744=EDGE_CURVE('',#1405,#1407,#678,.T.);
#1745=EDGE_CURVE('',#1408,#1406,#679,.T.);
#1746=EDGE_CURVE('',#1407,#1408,#680,.T.);
#1747=EDGE_CURVE('',#1403,#1408,#681,.T.);
#1748=EDGE_CURVE('',#1407,#1401,#682,.T.);
#1749=EDGE_CURVE('',#1345,#1408,#683,.T.);
#1750=EDGE_CURVE('',#1346,#1403,#684,.T.);
#1751=EDGE_CURVE('',#1348,#1404,#685,.T.);
#1752=EDGE_CURVE('',#1409,#1410,#686,.T.);
#1753=EDGE_CURVE('',#1409,#1411,#687,.T.);
#1754=EDGE_CURVE('',#1412,#1411,#688,.T.);
#1755=EDGE_CURVE('',#1410,#1412,#689,.T.);
#1756=EDGE_CURVE('',#1410,#1413,#690,.T.);
#1757=EDGE_CURVE('',#1414,#1412,#691,.T.);
#1758=EDGE_CURVE('',#1413,#1414,#692,.T.);
#1759=EDGE_CURVE('',#1413,#1415,#693,.T.);
#1760=EDGE_CURVE('',#1416,#1414,#694,.T.);
#1761=EDGE_CURVE('',#1415,#1416,#695,.T.);
#1762=EDGE_CURVE('',#1411,#1416,#696,.T.);
#1763=EDGE_CURVE('',#1415,#1409,#697,.T.);
#1764=EDGE_CURVE('',#1349,#1416,#698,.T.);
#1765=EDGE_CURVE('',#1350,#1411,#699,.T.);
#1766=EDGE_CURVE('',#1352,#1412,#700,.T.);
#1767=EDGE_CURVE('',#1351,#1414,#701,.T.);
#1768=EDGE_CURVE('',#1347,#1406,#702,.T.);
#1769=EDGE_CURVE('',#1417,#1418,#703,.T.);
#1770=EDGE_CURVE('',#1419,#1417,#704,.T.);
#1771=EDGE_CURVE('',#1420,#1419,#705,.T.);
#1772=EDGE_CURVE('',#1418,#1420,#706,.T.);
#1773=EDGE_CURVE('',#1421,#1422,#707,.T.);
#1774=EDGE_CURVE('',#1423,#1421,#708,.T.);
#1775=EDGE_CURVE('',#1424,#1423,#709,.T.);
#1776=EDGE_CURVE('',#1422,#1424,#710,.T.);
#1777=EDGE_CURVE('',#1425,#1338,#711,.T.);
#1778=EDGE_CURVE('',#1335,#1425,#712,.T.);
#1779=EDGE_CURVE('',#1426,#1344,#713,.T.);
#1780=EDGE_CURVE('',#1342,#1426,#714,.T.);
#1781=EDGE_CURVE('',#1427,#1426,#715,.T.);
#1782=EDGE_CURVE('',#1427,#1428,#716,.T.);
#1783=EDGE_CURVE('',#1428,#1429,#717,.T.);
#1784=EDGE_CURVE('',#1429,#1430,#718,.T.);
#1785=EDGE_CURVE('',#1430,#1431,#719,.T.);
#1786=EDGE_CURVE('',#1431,#1432,#720,.T.);
#1787=EDGE_CURVE('',#1432,#1433,#721,.T.);
#1788=EDGE_CURVE('',#1433,#1434,#722,.T.);
#1789=EDGE_CURVE('',#1434,#1435,#723,.T.);
#1790=EDGE_CURVE('',#1435,#1340,#724,.T.);
#1791=EDGE_CURVE('',#1436,#1436,#63,.T.);
#1792=EDGE_CURVE('',#1437,#1419,#725,.T.);
#1793=EDGE_CURVE('',#1438,#1437,#726,.T.);
#1794=EDGE_CURVE('',#1420,#1438,#727,.T.);
#1795=EDGE_CURVE('',#1417,#1439,#728,.T.);
#1796=EDGE_CURVE('',#1437,#1439,#729,.T.);
#1797=EDGE_CURVE('',#1440,#1440,#64,.T.);
#1798=EDGE_CURVE('',#1441,#1425,#730,.T.);
#1799=EDGE_CURVE('',#1442,#1441,#731,.T.);
#1800=EDGE_CURVE('',#1443,#1442,#732,.T.);
#1801=EDGE_CURVE('',#1336,#1443,#733,.T.);
#1802=EDGE_CURVE('',#1343,#1444,#734,.T.);
#1803=EDGE_CURVE('',#1444,#1445,#735,.T.);
#1804=EDGE_CURVE('',#1445,#1446,#736,.T.);
#1805=EDGE_CURVE('',#1446,#1447,#737,.T.);
#1806=EDGE_CURVE('',#1448,#1447,#738,.T.);
#1807=EDGE_CURVE('',#1448,#1449,#739,.T.);
#1808=EDGE_CURVE('',#1449,#1450,#740,.T.);
#1809=EDGE_CURVE('',#1450,#1451,#741,.T.);
#1810=EDGE_CURVE('',#1452,#1451,#742,.T.);
#1811=EDGE_CURVE('',#1452,#1453,#743,.T.);
#1812=EDGE_CURVE('',#1453,#1454,#744,.T.);
#1813=EDGE_CURVE('',#1454,#1441,#745,.T.);
#1814=EDGE_CURVE('',#1439,#1337,#746,.T.);
#1815=EDGE_CURVE('',#1418,#1421,#747,.T.);
#1816=EDGE_CURVE('',#1427,#1422,#748,.T.);
#1817=EDGE_CURVE('',#1455,#1456,#65,.T.);
#1818=EDGE_CURVE('',#1456,#1457,#749,.T.);
#1819=EDGE_CURVE('',#1457,#1458,#66,.T.);
#1820=EDGE_CURVE('',#1458,#1459,#750,.T.);
#1821=EDGE_CURVE('',#1459,#1460,#67,.T.);
#1822=EDGE_CURVE('',#1460,#1461,#751,.T.);
#1823=EDGE_CURVE('',#1461,#1462,#68,.T.);
#1824=EDGE_CURVE('',#1462,#1455,#752,.T.);
#1825=EDGE_CURVE('',#1463,#1464,#753,.T.);
#1826=EDGE_CURVE('',#1464,#1465,#69,.T.);
#1827=EDGE_CURVE('',#1465,#1466,#754,.T.);
#1828=EDGE_CURVE('',#1466,#1467,#70,.T.);
#1829=EDGE_CURVE('',#1467,#1468,#755,.T.);
#1830=EDGE_CURVE('',#1468,#1469,#71,.T.);
#1831=EDGE_CURVE('',#1469,#1470,#756,.T.);
#1832=EDGE_CURVE('',#1470,#1463,#72,.T.);
#1833=EDGE_CURVE('',#1471,#1472,#757,.T.);
#1834=EDGE_CURVE('',#1473,#1471,#758,.T.);
#1835=EDGE_CURVE('',#1474,#1473,#759,.T.);
#1836=EDGE_CURVE('',#1472,#1474,#760,.T.);
#1837=EDGE_CURVE('',#1472,#1475,#761,.T.);
#1838=EDGE_CURVE('',#1476,#1474,#762,.T.);
#1839=EDGE_CURVE('',#1476,#1475,#763,.T.);
#1840=EDGE_CURVE('',#1475,#1477,#73,.T.);
#1841=EDGE_CURVE('',#1478,#1476,#74,.T.);
#1842=EDGE_CURVE('',#1478,#1477,#764,.T.);
#1843=EDGE_CURVE('',#1477,#1479,#765,.T.);
#1844=EDGE_CURVE('',#1480,#1478,#766,.T.);
#1845=EDGE_CURVE('',#1479,#1480,#767,.T.);
#1846=EDGE_CURVE('',#1479,#1481,#768,.T.);
#1847=EDGE_CURVE('',#1482,#1480,#769,.T.);
#1848=EDGE_CURVE('',#1481,#1482,#770,.T.);
#1849=EDGE_CURVE('',#1483,#1476,#771,.T.);
#1850=EDGE_CURVE('',#1484,#1483,#75,.T.);
#1851=EDGE_CURVE('',#1484,#1478,#772,.T.);
#1852=EDGE_CURVE('',#1484,#1485,#773,.T.);
#1853=EDGE_CURVE('',#1485,#1480,#774,.T.);
#1854=EDGE_CURVE('',#1485,#1486,#775,.T.);
#1855=EDGE_CURVE('',#1482,#1486,#776,.T.);
#1856=EDGE_CURVE('',#1487,#1473,#777,.T.);
#1857=EDGE_CURVE('',#1487,#1488,#778,.T.);
#1858=EDGE_CURVE('',#1488,#1474,#779,.T.);
#1859=EDGE_CURVE('',#1488,#1483,#780,.T.);
#1860=EDGE_CURVE('',#1489,#1490,#781,.T.);
#1861=EDGE_CURVE('',#1491,#1489,#782,.T.);
#1862=EDGE_CURVE('',#1492,#1491,#76,.T.);
#1863=EDGE_CURVE('',#1493,#1492,#783,.T.);
#1864=EDGE_CURVE('',#1494,#1493,#784,.T.);
#1865=EDGE_CURVE('',#1486,#1494,#785,.T.);
#1866=EDGE_CURVE('',#1490,#1487,#786,.T.);
#1867=EDGE_CURVE('',#1471,#1495,#787,.T.);
#1868=EDGE_CURVE('',#1495,#1496,#788,.T.);
#1869=EDGE_CURVE('',#1496,#1452,#789,.T.);
#1870=EDGE_CURVE('',#1451,#1497,#790,.T.);
#1871=EDGE_CURVE('',#1497,#1498,#791,.T.);
#1872=EDGE_CURVE('',#1498,#1499,#792,.T.);
#1873=EDGE_CURVE('',#1499,#1500,#793,.T.);
#1874=EDGE_CURVE('',#1500,#1490,#794,.T.);
#1875=EDGE_CURVE('',#1501,#1472,#795,.T.);
#1876=EDGE_CURVE('',#1495,#1501,#796,.T.);
#1877=EDGE_CURVE('',#1500,#1502,#797,.T.);
#1878=EDGE_CURVE('',#1489,#1502,#798,.T.);
#1879=EDGE_CURVE('',#1503,#1475,#799,.T.);
#1880=EDGE_CURVE('',#1501,#1503,#800,.T.);
#1881=EDGE_CURVE('',#1502,#1504,#801,.T.);
#1882=EDGE_CURVE('',#1491,#1504,#802,.T.);
#1883=EDGE_CURVE('',#1505,#1481,#803,.T.);
#1884=EDGE_CURVE('',#1506,#1505,#804,.T.);
#1885=EDGE_CURVE('',#1506,#1479,#805,.T.);
#1886=EDGE_CURVE('',#1507,#1477,#806,.T.);
#1887=EDGE_CURVE('',#1503,#1507,#77,.T.);
#1888=EDGE_CURVE('',#1507,#1506,#807,.T.);
#1889=EDGE_CURVE('',#1508,#1499,#808,.T.);
#1890=EDGE_CURVE('',#1502,#1508,#809,.T.);
#1891=EDGE_CURVE('',#1509,#1510,#810,.T.);
#1892=EDGE_CURVE('',#1511,#1509,#811,.T.);
#1893=EDGE_CURVE('',#1512,#1511,#812,.T.);
#1894=EDGE_CURVE('',#1510,#1512,#813,.T.);
#1895=EDGE_CURVE('',#1513,#1504,#814,.T.);
#1896=EDGE_CURVE('',#1510,#1513,#78,.T.);
#1897=EDGE_CURVE('',#1504,#1512,#79,.T.);
#1898=EDGE_CURVE('',#1513,#1508,#815,.T.);
#1899=EDGE_CURVE('',#1511,#1514,#816,.T.);
#1900=EDGE_CURVE('',#1515,#1509,#817,.T.);
#1901=EDGE_CURVE('',#1514,#1515,#818,.T.);
#1902=EDGE_CURVE('',#1516,#1513,#819,.T.);
#1903=EDGE_CURVE('',#1517,#1516,#80,.T.);
#1904=EDGE_CURVE('',#1517,#1510,#820,.T.);
#1905=EDGE_CURVE('',#1518,#1517,#821,.T.);
#1906=EDGE_CURVE('',#1518,#1509,#822,.T.);
#1907=EDGE_CURVE('',#1519,#1518,#823,.T.);
#1908=EDGE_CURVE('',#1515,#1519,#824,.T.);
#1909=EDGE_CURVE('',#1520,#1498,#825,.T.);
#1910=EDGE_CURVE('',#1520,#1508,#826,.T.);
#1911=EDGE_CURVE('',#1516,#1520,#827,.T.);
#1912=EDGE_CURVE('',#1492,#1512,#828,.T.);
#1913=EDGE_CURVE('',#1521,#1522,#81,.T.);
#1914=EDGE_CURVE('',#1522,#1521,#19,.T.);
#1915=EDGE_CURVE('',#1523,#1523,#82,.T.);
#1916=EDGE_CURVE('',#1523,#1524,#829,.T.);
#1917=EDGE_CURVE('',#1524,#1524,#83,.T.);
#1918=EDGE_CURVE('',#1525,#1526,#830,.T.);
#1919=EDGE_CURVE('',#1526,#1527,#831,.T.);
#1920=EDGE_CURVE('',#1527,#1528,#832,.T.);
#1921=EDGE_CURVE('',#1525,#1528,#833,.T.);
#1922=EDGE_CURVE('',#1528,#1529,#834,.T.);
#1923=EDGE_CURVE('',#1529,#1527,#835,.T.);
#1924=EDGE_CURVE('',#1530,#1531,#17,.T.);
#1925=EDGE_CURVE('',#1532,#1530,#15,.T.);
#1926=EDGE_CURVE('',#1529,#1532,#836,.T.);
#1927=EDGE_CURVE('',#1526,#1533,#837,.T.);
#1928=EDGE_CURVE('',#1534,#1533,#838,.T.);
#1929=EDGE_CURVE('',#1531,#1534,#839,.T.);
#1930=EDGE_CURVE('',#1535,#1532,#84,.T.);
#1931=EDGE_CURVE('',#1536,#1535,#840,.T.);
#1932=EDGE_CURVE('',#1537,#1536,#85,.T.);
#1933=EDGE_CURVE('',#1537,#1538,#841,.T.);
#1934=EDGE_CURVE('',#1538,#1539,#842,.T.);
#1935=EDGE_CURVE('',#1539,#1540,#843,.T.);
#1936=EDGE_CURVE('',#1540,#1541,#86,.T.);
#1937=EDGE_CURVE('',#1541,#1542,#844,.T.);
#1938=EDGE_CURVE('',#1543,#1542,#87,.T.);
#1939=EDGE_CURVE('',#1544,#1543,#845,.T.);
#1940=EDGE_CURVE('',#1545,#1544,#88,.T.);
#1941=EDGE_CURVE('',#1545,#1546,#846,.T.);
#1942=EDGE_CURVE('',#1546,#1525,#89,.T.);
#1943=EDGE_CURVE('',#1547,#1548,#847,.T.);
#1944=EDGE_CURVE('',#1548,#1547,#90,.T.);
#1945=EDGE_CURVE('',#1436,#1549,#848,.T.);
#1946=EDGE_CURVE('',#1549,#1549,#91,.T.);
#1947=EDGE_CURVE('',#1550,#1538,#849,.T.);
#1948=EDGE_CURVE('',#1539,#1550,#850,.T.);
#1949=EDGE_CURVE('',#1551,#1537,#16,.T.);
#1950=EDGE_CURVE('',#1552,#1551,#18,.T.);
#1951=EDGE_CURVE('',#1433,#1552,#851,.T.);
#1952=EDGE_CURVE('',#1432,#1553,#852,.T.);
#1953=EDGE_CURVE('',#1553,#1550,#853,.T.);
#1954=EDGE_CURVE('',#1540,#1553,#854,.T.);
#1955=EDGE_CURVE('',#1554,#1534,#855,.T.);
#1956=EDGE_CURVE('',#1434,#1554,#856,.T.);
#1957=EDGE_CURVE('',#1555,#1552,#92,.T.);
#1958=EDGE_CURVE('',#1556,#1555,#857,.T.);
#1959=EDGE_CURVE('',#1531,#1556,#93,.T.);
#1960=EDGE_CURVE('',#1557,#1557,#94,.T.);
#1961=EDGE_CURVE('',#1558,#1558,#95,.T.);
#1962=EDGE_CURVE('',#1551,#1559,#96,.T.);
#1963=EDGE_CURVE('',#1559,#1555,#858,.T.);
#1964=EDGE_CURVE('',#1560,#1556,#859,.T.);
#1965=EDGE_CURVE('',#1559,#1560,#860,.T.);
#1966=EDGE_CURVE('',#1560,#1530,#97,.T.);
#1967=EDGE_CURVE('',#1553,#1561,#98,.T.);
#1968=EDGE_CURVE('',#1541,#1561,#861,.T.);
#1969=EDGE_CURVE('',#1561,#1431,#862,.T.);
#1970=EDGE_CURVE('',#1562,#1430,#863,.T.);
#1971=EDGE_CURVE('',#1542,#1562,#864,.T.);
#1972=EDGE_CURVE('',#1546,#1563,#865,.T.);
#1973=EDGE_CURVE('',#1563,#1526,#99,.T.);
#1974=EDGE_CURVE('',#1564,#1545,#866,.T.);
#1975=EDGE_CURVE('',#1565,#1564,#867,.T.);
#1976=EDGE_CURVE('',#1566,#1565,#868,.T.);
#1977=EDGE_CURVE('',#1566,#1563,#869,.T.);
#1978=EDGE_CURVE('',#1533,#1566,#870,.T.);
#1979=EDGE_CURVE('',#1567,#1562,#100,.T.);
#1980=EDGE_CURVE('',#1567,#1543,#871,.T.);
#1981=EDGE_CURVE('',#1565,#1438,#872,.T.);
#1982=EDGE_CURVE('',#1564,#1568,#101,.T.);
#1983=EDGE_CURVE('',#1568,#1567,#873,.T.);
#1984=EDGE_CURVE('',#1423,#1429,#874,.T.);
#1985=EDGE_CURVE('',#1569,#1569,#102,.T.);
#1986=EDGE_CURVE('',#1570,#1570,#103,.T.);
#1987=EDGE_CURVE('',#1560,#1535,#875,.T.);
#1988=EDGE_CURVE('',#1548,#1521,#876,.T.);
#1989=EDGE_CURVE('',#1547,#1522,#877,.T.);
#1990=EDGE_CURVE('',#1568,#1544,#878,.T.);
#1991=EDGE_CURVE('',#1559,#1536,#879,.T.);
#1992=EDGE_CURVE('',#1571,#1571,#104,.T.);
#1993=EDGE_CURVE('',#1571,#1572,#880,.T.);
#1994=EDGE_CURVE('',#1572,#1572,#105,.T.);
#1995=EDGE_CURVE('',#1440,#1573,#881,.T.);
#1996=EDGE_CURVE('',#1573,#1573,#106,.T.);
#1997=EDGE_CURVE('',#1574,#1575,#882,.T.);
#1998=EDGE_CURVE('',#1470,#1574,#883,.T.);
#1999=EDGE_CURVE('',#1469,#1575,#884,.T.);
#2000=EDGE_CURVE('',#1575,#1576,#107,.T.);
#2001=EDGE_CURVE('',#1468,#1576,#885,.T.);
#2002=EDGE_CURVE('',#1576,#1577,#886,.T.);
#2003=EDGE_CURVE('',#1467,#1577,#887,.T.);
#2004=EDGE_CURVE('',#1578,#1579,#888,.T.);
#2005=EDGE_CURVE('',#1464,#1578,#889,.T.);
#2006=EDGE_CURVE('',#1463,#1579,#890,.T.);
#2007=EDGE_CURVE('',#1580,#1581,#891,.T.);
#2008=EDGE_CURVE('',#1466,#1580,#892,.T.);
#2009=EDGE_CURVE('',#1465,#1581,#893,.T.);
#2010=EDGE_CURVE('',#1581,#1578,#108,.T.);
#2011=EDGE_CURVE('',#1582,#1583,#894,.T.);
#2012=EDGE_CURVE('',#1455,#1582,#895,.T.);
#2013=EDGE_CURVE('',#1462,#1583,#896,.T.);
#2014=EDGE_CURVE('',#1583,#1584,#109,.T.);
#2015=EDGE_CURVE('',#1461,#1584,#897,.T.);
#2016=EDGE_CURVE('',#1584,#1585,#898,.T.);
#2017=EDGE_CURVE('',#1460,#1585,#899,.T.);
#2018=EDGE_CURVE('',#1586,#1587,#900,.T.);
#2019=EDGE_CURVE('',#1459,#1586,#901,.T.);
#2020=EDGE_CURVE('',#1458,#1587,#902,.T.);
#2021=EDGE_CURVE('',#1587,#1588,#110,.T.);
#2022=EDGE_CURVE('',#1457,#1588,#903,.T.);
#2023=EDGE_CURVE('',#1588,#1589,#904,.T.);
#2024=EDGE_CURVE('',#1456,#1589,#905,.T.);
#2025=EDGE_CURVE('',#1574,#1590,#111,.T.);
#2026=EDGE_CURVE('',#1591,#1590,#906,.T.);
#2027=EDGE_CURVE('',#1592,#1591,#112,.T.);
#2028=EDGE_CURVE('',#1592,#1593,#907,.T.);
#2029=EDGE_CURVE('',#1593,#1579,#113,.T.);
#2030=EDGE_CURVE('',#1594,#1577,#114,.T.);
#2031=EDGE_CURVE('',#1595,#1594,#115,.T.);
#2032=EDGE_CURVE('',#1596,#1595,#116,.T.);
#2033=EDGE_CURVE('',#1590,#1596,#117,.T.);
#2034=EDGE_CURVE('',#1582,#1597,#118,.T.);
#2035=EDGE_CURVE('',#1598,#1597,#908,.T.);
#2036=EDGE_CURVE('',#1599,#1598,#119,.T.);
#2037=EDGE_CURVE('',#1599,#1600,#909,.T.);
#2038=EDGE_CURVE('',#1600,#1589,#120,.T.);
#2039=EDGE_CURVE('',#1601,#1585,#121,.T.);
#2040=EDGE_CURVE('',#1602,#1601,#122,.T.);
#2041=EDGE_CURVE('',#1603,#1602,#123,.T.);
#2042=EDGE_CURVE('',#1597,#1603,#124,.T.);
#2043=EDGE_CURVE('',#1604,#1605,#125,.T.);
#2044=EDGE_CURVE('',#1604,#1606,#910,.T.);
#2045=EDGE_CURVE('',#1606,#1607,#126,.T.);
#2046=EDGE_CURVE('',#1605,#1607,#911,.T.);
#2047=EDGE_CURVE('',#1608,#1604,#127,.T.);
#2048=EDGE_CURVE('',#1608,#1609,#912,.T.);
#2049=EDGE_CURVE('',#1609,#1606,#128,.T.);
#2050=EDGE_CURVE('',#1580,#1609,#129,.T.);
#2051=EDGE_CURVE('',#1610,#1608,#130,.T.);
#2052=EDGE_CURVE('',#1610,#1594,#913,.T.);
#2053=EDGE_CURVE('',#1611,#1610,#131,.T.);
#2054=EDGE_CURVE('',#1611,#1595,#914,.T.);
#2055=EDGE_CURVE('',#1612,#1611,#132,.T.);
#2056=EDGE_CURVE('',#1612,#1596,#915,.T.);
#2057=EDGE_CURVE('',#1591,#1612,#133,.T.);
#2058=EDGE_CURVE('',#1605,#1592,#134,.T.);
#2059=EDGE_CURVE('',#1607,#1593,#135,.T.);
#2060=EDGE_CURVE('',#1613,#1614,#136,.T.);
#2061=EDGE_CURVE('',#1613,#1603,#916,.T.);
#2062=EDGE_CURVE('',#1614,#1602,#917,.T.);
#2063=EDGE_CURVE('',#1598,#1613,#137,.T.);
#2064=EDGE_CURVE('',#1615,#1599,#138,.T.);
#2065=EDGE_CURVE('',#1615,#1616,#918,.T.);
#2066=EDGE_CURVE('',#1616,#1600,#139,.T.);
#2067=EDGE_CURVE('',#1617,#1615,#140,.T.);
#2068=EDGE_CURVE('',#1617,#1618,#919,.T.);
#2069=EDGE_CURVE('',#1618,#1616,#141,.T.);
#2070=EDGE_CURVE('',#1619,#1617,#142,.T.);
#2071=EDGE_CURVE('',#1619,#1620,#920,.T.);
#2072=EDGE_CURVE('',#1620,#1618,#143,.T.);
#2073=EDGE_CURVE('',#1586,#1620,#144,.T.);
#2074=EDGE_CURVE('',#1621,#1619,#145,.T.);
#2075=EDGE_CURVE('',#1621,#1601,#921,.T.);
#2076=EDGE_CURVE('',#1614,#1621,#146,.T.);
#2077=EDGE_CURVE('',#1493,#1511,#922,.T.);
#2078=EDGE_CURVE('',#1494,#1514,#923,.T.);
#2079=EDGE_CURVE('',#1622,#1497,#924,.T.);
#2080=EDGE_CURVE('',#1623,#1622,#925,.T.);
#2081=EDGE_CURVE('',#1624,#1623,#926,.T.);
#2082=EDGE_CURVE('',#1519,#1624,#927,.T.);
#2083=EDGE_CURVE('',#1624,#1448,#928,.T.);
#2084=EDGE_CURVE('',#1447,#1625,#929,.T.);
#2085=EDGE_CURVE('',#1625,#1505,#930,.T.);
#2086=EDGE_CURVE('',#1623,#1449,#931,.T.);
#2087=EDGE_CURVE('',#1450,#1622,#932,.T.);
#2088=EDGE_CURVE('',#1626,#1435,#933,.T.);
#2089=EDGE_CURVE('',#1626,#1444,#934,.T.);
#2090=EDGE_CURVE('',#1627,#1626,#935,.T.);
#2091=EDGE_CURVE('',#1627,#1445,#936,.T.);
#2092=EDGE_CURVE('',#1628,#1627,#937,.T.);
#2093=EDGE_CURVE('',#1628,#1446,#938,.T.);
#2094=EDGE_CURVE('',#1625,#1628,#939,.T.);
#2095=EDGE_CURVE('',#1629,#1496,#940,.T.);
#2096=EDGE_CURVE('',#1629,#1453,#941,.T.);
#2097=EDGE_CURVE('',#1630,#1629,#942,.T.);
#2098=EDGE_CURVE('',#1630,#1454,#943,.T.);
#2099=EDGE_CURVE('',#1442,#1630,#944,.T.);
#2100=EDGE_CURVE('',#1569,#1631,#945,.T.);
#2101=EDGE_CURVE('',#1631,#1631,#147,.T.);
#2102=EDGE_CURVE('',#1570,#1632,#946,.T.);
#2103=EDGE_CURVE('',#1632,#1632,#148,.T.);
#2104=EDGE_CURVE('',#1558,#1633,#947,.T.);
#2105=EDGE_CURVE('',#1633,#1633,#149,.T.);
#2106=EDGE_CURVE('',#1557,#1634,#948,.T.);
#2107=EDGE_CURVE('',#1634,#1634,#150,.T.);
#2108=EDGE_CURVE('',#1554,#1443,#949,.T.);
#2109=EDGE_CURVE('',#1424,#1428,#950,.T.);
#2110=ORIENTED_EDGE('',*,*,#1635,.F.);
#2111=ORIENTED_EDGE('',*,*,#1636,.F.);
#2112=ORIENTED_EDGE('',*,*,#1637,.F.);
#2113=ORIENTED_EDGE('',*,*,#1638,.F.);
#2114=ORIENTED_EDGE('',*,*,#1635,.T.);
#2115=ORIENTED_EDGE('',*,*,#1639,.F.);
#2116=ORIENTED_EDGE('',*,*,#1640,.F.);
#2117=ORIENTED_EDGE('',*,*,#1641,.F.);
#2118=ORIENTED_EDGE('',*,*,#1642,.F.);
#2119=ORIENTED_EDGE('',*,*,#1643,.F.);
#2120=ORIENTED_EDGE('',*,*,#1644,.F.);
#2121=ORIENTED_EDGE('',*,*,#1645,.F.);
#2122=ORIENTED_EDGE('',*,*,#1643,.T.);
#2123=ORIENTED_EDGE('',*,*,#1646,.F.);
#2124=ORIENTED_EDGE('',*,*,#1647,.F.);
#2125=ORIENTED_EDGE('',*,*,#1648,.F.);
#2126=ORIENTED_EDGE('',*,*,#1649,.F.);
#2127=ORIENTED_EDGE('',*,*,#1650,.F.);
#2128=ORIENTED_EDGE('',*,*,#1651,.F.);
#2129=ORIENTED_EDGE('',*,*,#1652,.F.);
#2130=ORIENTED_EDGE('',*,*,#1653,.F.);
#2131=ORIENTED_EDGE('',*,*,#1654,.F.);
#2132=ORIENTED_EDGE('',*,*,#1655,.F.);
#2133=ORIENTED_EDGE('',*,*,#1656,.F.);
#2134=ORIENTED_EDGE('',*,*,#1657,.F.);
#2135=ORIENTED_EDGE('',*,*,#1658,.T.);
#2136=ORIENTED_EDGE('',*,*,#1659,.F.);
#2137=ORIENTED_EDGE('',*,*,#1660,.F.);
#2138=ORIENTED_EDGE('',*,*,#1661,.F.);
#2139=ORIENTED_EDGE('',*,*,#1660,.T.);
#2140=ORIENTED_EDGE('',*,*,#1662,.F.);
#2141=ORIENTED_EDGE('',*,*,#1663,.F.);
#2142=ORIENTED_EDGE('',*,*,#1664,.F.);
#2143=ORIENTED_EDGE('',*,*,#1663,.T.);
#2144=ORIENTED_EDGE('',*,*,#1665,.F.);
#2145=ORIENTED_EDGE('',*,*,#1666,.F.);
#2146=ORIENTED_EDGE('',*,*,#1667,.F.);
#2147=ORIENTED_EDGE('',*,*,#1658,.F.);
#2148=ORIENTED_EDGE('',*,*,#1668,.F.);
#2149=ORIENTED_EDGE('',*,*,#1666,.T.);
#2150=ORIENTED_EDGE('',*,*,#1667,.T.);
#2151=ORIENTED_EDGE('',*,*,#1669,.F.);
#2152=ORIENTED_EDGE('',*,*,#1670,.T.);
#2153=ORIENTED_EDGE('',*,*,#1671,.T.);
#2154=ORIENTED_EDGE('',*,*,#1659,.T.);
#2155=ORIENTED_EDGE('',*,*,#1671,.F.);
#2156=ORIENTED_EDGE('',*,*,#1672,.T.);
#2157=ORIENTED_EDGE('',*,*,#1673,.T.);
#2158=ORIENTED_EDGE('',*,*,#1657,.T.);
#2159=ORIENTED_EDGE('',*,*,#1661,.T.);
#2160=ORIENTED_EDGE('',*,*,#1664,.T.);
#2161=ORIENTED_EDGE('',*,*,#1668,.T.);
#2162=ORIENTED_EDGE('',*,*,#1662,.T.);
#2163=ORIENTED_EDGE('',*,*,#1673,.F.);
#2164=ORIENTED_EDGE('',*,*,#1674,.T.);
#2165=ORIENTED_EDGE('',*,*,#1675,.T.);
#2166=ORIENTED_EDGE('',*,*,#1665,.T.);
#2167=ORIENTED_EDGE('',*,*,#1675,.F.);
#2168=ORIENTED_EDGE('',*,*,#1676,.T.);
#2169=ORIENTED_EDGE('',*,*,#1669,.T.);
#2170=ORIENTED_EDGE('',*,*,#1677,.F.);
#2171=ORIENTED_EDGE('',*,*,#1678,.T.);
#2172=ORIENTED_EDGE('',*,*,#1679,.F.);
#2173=ORIENTED_EDGE('',*,*,#1680,.F.);
#2174=ORIENTED_EDGE('',*,*,#1681,.F.);
#2175=ORIENTED_EDGE('',*,*,#1680,.T.);
#2176=ORIENTED_EDGE('',*,*,#1682,.F.);
#2177=ORIENTED_EDGE('',*,*,#1683,.F.);
#2178=ORIENTED_EDGE('',*,*,#1684,.F.);
#2179=ORIENTED_EDGE('',*,*,#1683,.T.);
#2180=ORIENTED_EDGE('',*,*,#1685,.F.);
#2181=ORIENTED_EDGE('',*,*,#1686,.F.);
#2182=ORIENTED_EDGE('',*,*,#1687,.F.);
#2183=ORIENTED_EDGE('',*,*,#1678,.F.);
#2184=ORIENTED_EDGE('',*,*,#1688,.F.);
#2185=ORIENTED_EDGE('',*,*,#1686,.T.);
#2186=ORIENTED_EDGE('',*,*,#1687,.T.);
#2187=ORIENTED_EDGE('',*,*,#1689,.F.);
#2188=ORIENTED_EDGE('',*,*,#1690,.T.);
#2189=ORIENTED_EDGE('',*,*,#1691,.T.);
#2190=ORIENTED_EDGE('',*,*,#1679,.T.);
#2191=ORIENTED_EDGE('',*,*,#1691,.F.);
#2192=ORIENTED_EDGE('',*,*,#1692,.T.);
#2193=ORIENTED_EDGE('',*,*,#1693,.T.);
#2194=ORIENTED_EDGE('',*,*,#1677,.T.);
#2195=ORIENTED_EDGE('',*,*,#1681,.T.);
#2196=ORIENTED_EDGE('',*,*,#1684,.T.);
#2197=ORIENTED_EDGE('',*,*,#1688,.T.);
#2198=ORIENTED_EDGE('',*,*,#1682,.T.);
#2199=ORIENTED_EDGE('',*,*,#1693,.F.);
#2200=ORIENTED_EDGE('',*,*,#1694,.T.);
#2201=ORIENTED_EDGE('',*,*,#1695,.T.);
#2202=ORIENTED_EDGE('',*,*,#1685,.T.);
#2203=ORIENTED_EDGE('',*,*,#1695,.F.);
#2204=ORIENTED_EDGE('',*,*,#1696,.T.);
#2205=ORIENTED_EDGE('',*,*,#1689,.T.);
#2206=ORIENTED_EDGE('',*,*,#1697,.F.);
#2207=ORIENTED_EDGE('',*,*,#1698,.T.);
#2208=ORIENTED_EDGE('',*,*,#1699,.F.);
#2209=ORIENTED_EDGE('',*,*,#1700,.F.);
#2210=ORIENTED_EDGE('',*,*,#1701,.F.);
#2211=ORIENTED_EDGE('',*,*,#1700,.T.);
#2212=ORIENTED_EDGE('',*,*,#1702,.F.);
#2213=ORIENTED_EDGE('',*,*,#1703,.F.);
#2214=ORIENTED_EDGE('',*,*,#1704,.F.);
#2215=ORIENTED_EDGE('',*,*,#1703,.T.);
#2216=ORIENTED_EDGE('',*,*,#1705,.F.);
#2217=ORIENTED_EDGE('',*,*,#1706,.F.);
#2218=ORIENTED_EDGE('',*,*,#1707,.F.);
#2219=ORIENTED_EDGE('',*,*,#1698,.F.);
#2220=ORIENTED_EDGE('',*,*,#1708,.F.);
#2221=ORIENTED_EDGE('',*,*,#1706,.T.);
#2222=ORIENTED_EDGE('',*,*,#1707,.T.);
#2223=ORIENTED_EDGE('',*,*,#1709,.F.);
#2224=ORIENTED_EDGE('',*,*,#1710,.T.);
#2225=ORIENTED_EDGE('',*,*,#1711,.T.);
#2226=ORIENTED_EDGE('',*,*,#1699,.T.);
#2227=ORIENTED_EDGE('',*,*,#1711,.F.);
#2228=ORIENTED_EDGE('',*,*,#1712,.T.);
#2229=ORIENTED_EDGE('',*,*,#1713,.T.);
#2230=ORIENTED_EDGE('',*,*,#1697,.T.);
#2231=ORIENTED_EDGE('',*,*,#1701,.T.);
#2232=ORIENTED_EDGE('',*,*,#1704,.T.);
#2233=ORIENTED_EDGE('',*,*,#1708,.T.);
#2234=ORIENTED_EDGE('',*,*,#1714,.F.);
#2235=ORIENTED_EDGE('',*,*,#1715,.T.);
#2236=ORIENTED_EDGE('',*,*,#1716,.F.);
#2237=ORIENTED_EDGE('',*,*,#1717,.F.);
#2238=ORIENTED_EDGE('',*,*,#1718,.F.);
#2239=ORIENTED_EDGE('',*,*,#1717,.T.);
#2240=ORIENTED_EDGE('',*,*,#1719,.F.);
#2241=ORIENTED_EDGE('',*,*,#1720,.F.);
#2242=ORIENTED_EDGE('',*,*,#1721,.F.);
#2243=ORIENTED_EDGE('',*,*,#1720,.T.);
#2244=ORIENTED_EDGE('',*,*,#1722,.F.);
#2245=ORIENTED_EDGE('',*,*,#1723,.F.);
#2246=ORIENTED_EDGE('',*,*,#1724,.F.);
#2247=ORIENTED_EDGE('',*,*,#1715,.F.);
#2248=ORIENTED_EDGE('',*,*,#1725,.F.);
#2249=ORIENTED_EDGE('',*,*,#1723,.T.);
#2250=ORIENTED_EDGE('',*,*,#1724,.T.);
#2251=ORIENTED_EDGE('',*,*,#1726,.F.);
#2252=ORIENTED_EDGE('',*,*,#1727,.T.);
#2253=ORIENTED_EDGE('',*,*,#1728,.T.);
#2254=ORIENTED_EDGE('',*,*,#1716,.T.);
#2255=ORIENTED_EDGE('',*,*,#1728,.F.);
#2256=ORIENTED_EDGE('',*,*,#1729,.T.);
#2257=ORIENTED_EDGE('',*,*,#1730,.T.);
#2258=ORIENTED_EDGE('',*,*,#1714,.T.);
#2259=ORIENTED_EDGE('',*,*,#1718,.T.);
#2260=ORIENTED_EDGE('',*,*,#1721,.T.);
#2261=ORIENTED_EDGE('',*,*,#1725,.T.);
#2262=ORIENTED_EDGE('',*,*,#1702,.T.);
#2263=ORIENTED_EDGE('',*,*,#1713,.F.);
#2264=ORIENTED_EDGE('',*,*,#1731,.T.);
#2265=ORIENTED_EDGE('',*,*,#1732,.T.);
#2266=ORIENTED_EDGE('',*,*,#1705,.T.);
#2267=ORIENTED_EDGE('',*,*,#1732,.F.);
#2268=ORIENTED_EDGE('',*,*,#1733,.T.);
#2269=ORIENTED_EDGE('',*,*,#1709,.T.);
#2270=ORIENTED_EDGE('',*,*,#1719,.T.);
#2271=ORIENTED_EDGE('',*,*,#1730,.F.);
#2272=ORIENTED_EDGE('',*,*,#1734,.T.);
#2273=ORIENTED_EDGE('',*,*,#1735,.T.);
#2274=ORIENTED_EDGE('',*,*,#1722,.T.);
#2275=ORIENTED_EDGE('',*,*,#1735,.F.);
#2276=ORIENTED_EDGE('',*,*,#1736,.T.);
#2277=ORIENTED_EDGE('',*,*,#1726,.T.);
#2278=ORIENTED_EDGE('',*,*,#1737,.F.);
#2279=ORIENTED_EDGE('',*,*,#1738,.T.);
#2280=ORIENTED_EDGE('',*,*,#1739,.F.);
#2281=ORIENTED_EDGE('',*,*,#1740,.F.);
#2282=ORIENTED_EDGE('',*,*,#1741,.F.);
#2283=ORIENTED_EDGE('',*,*,#1740,.T.);
#2284=ORIENTED_EDGE('',*,*,#1742,.F.);
#2285=ORIENTED_EDGE('',*,*,#1743,.F.);
#2286=ORIENTED_EDGE('',*,*,#1744,.F.);
#2287=ORIENTED_EDGE('',*,*,#1743,.T.);
#2288=ORIENTED_EDGE('',*,*,#1745,.F.);
#2289=ORIENTED_EDGE('',*,*,#1746,.F.);
#2290=ORIENTED_EDGE('',*,*,#1747,.F.);
#2291=ORIENTED_EDGE('',*,*,#1738,.F.);
#2292=ORIENTED_EDGE('',*,*,#1748,.F.);
#2293=ORIENTED_EDGE('',*,*,#1746,.T.);
#2294=ORIENTED_EDGE('',*,*,#1747,.T.);
#2295=ORIENTED_EDGE('',*,*,#1749,.F.);
#2296=ORIENTED_EDGE('',*,*,#1649,.T.);
#2297=ORIENTED_EDGE('',*,*,#1750,.T.);
#2298=ORIENTED_EDGE('',*,*,#1739,.T.);
#2299=ORIENTED_EDGE('',*,*,#1750,.F.);
#2300=ORIENTED_EDGE('',*,*,#1652,.T.);
#2301=ORIENTED_EDGE('',*,*,#1751,.T.);
#2302=ORIENTED_EDGE('',*,*,#1737,.T.);
#2303=ORIENTED_EDGE('',*,*,#1741,.T.);
#2304=ORIENTED_EDGE('',*,*,#1744,.T.);
#2305=ORIENTED_EDGE('',*,*,#1748,.T.);
#2306=ORIENTED_EDGE('',*,*,#1752,.F.);
#2307=ORIENTED_EDGE('',*,*,#1753,.T.);
#2308=ORIENTED_EDGE('',*,*,#1754,.F.);
#2309=ORIENTED_EDGE('',*,*,#1755,.F.);
#2310=ORIENTED_EDGE('',*,*,#1756,.F.);
#2311=ORIENTED_EDGE('',*,*,#1755,.T.);
#2312=ORIENTED_EDGE('',*,*,#1757,.F.);
#2313=ORIENTED_EDGE('',*,*,#1758,.F.);
#2314=ORIENTED_EDGE('',*,*,#1759,.F.);
#2315=ORIENTED_EDGE('',*,*,#1758,.T.);
#2316=ORIENTED_EDGE('',*,*,#1760,.F.);
#2317=ORIENTED_EDGE('',*,*,#1761,.F.);
#2318=ORIENTED_EDGE('',*,*,#1762,.F.);
#2319=ORIENTED_EDGE('',*,*,#1753,.F.);
#2320=ORIENTED_EDGE('',*,*,#1763,.F.);
#2321=ORIENTED_EDGE('',*,*,#1761,.T.);
#2322=ORIENTED_EDGE('',*,*,#1762,.T.);
#2323=ORIENTED_EDGE('',*,*,#1764,.F.);
#2324=ORIENTED_EDGE('',*,*,#1653,.T.);
#2325=ORIENTED_EDGE('',*,*,#1765,.T.);
#2326=ORIENTED_EDGE('',*,*,#1754,.T.);
#2327=ORIENTED_EDGE('',*,*,#1765,.F.);
#2328=ORIENTED_EDGE('',*,*,#1656,.T.);
#2329=ORIENTED_EDGE('',*,*,#1766,.T.);
#2330=ORIENTED_EDGE('',*,*,#1752,.T.);
#2331=ORIENTED_EDGE('',*,*,#1756,.T.);
#2332=ORIENTED_EDGE('',*,*,#1759,.T.);
#2333=ORIENTED_EDGE('',*,*,#1763,.T.);
#2334=ORIENTED_EDGE('',*,*,#1757,.T.);
#2335=ORIENTED_EDGE('',*,*,#1766,.F.);
#2336=ORIENTED_EDGE('',*,*,#1655,.T.);
#2337=ORIENTED_EDGE('',*,*,#1767,.T.);
#2338=ORIENTED_EDGE('',*,*,#1760,.T.);
#2339=ORIENTED_EDGE('',*,*,#1767,.F.);
#2340=ORIENTED_EDGE('',*,*,#1654,.T.);
#2341=ORIENTED_EDGE('',*,*,#1764,.T.);
#2342=ORIENTED_EDGE('',*,*,#1742,.T.);
#2343=ORIENTED_EDGE('',*,*,#1751,.F.);
#2344=ORIENTED_EDGE('',*,*,#1651,.T.);
#2345=ORIENTED_EDGE('',*,*,#1768,.T.);
#2346=ORIENTED_EDGE('',*,*,#1745,.T.);
#2347=ORIENTED_EDGE('',*,*,#1768,.F.);
#2348=ORIENTED_EDGE('',*,*,#1650,.T.);
#2349=ORIENTED_EDGE('',*,*,#1749,.T.);
#2350=ORIENTED_EDGE('',*,*,#1769,.F.);
#2351=ORIENTED_EDGE('',*,*,#1770,.F.);
#2352=ORIENTED_EDGE('',*,*,#1771,.F.);
#2353=ORIENTED_EDGE('',*,*,#1772,.F.);
#2354=ORIENTED_EDGE('',*,*,#1670,.F.);
#2355=ORIENTED_EDGE('',*,*,#1676,.F.);
#2356=ORIENTED_EDGE('',*,*,#1674,.F.);
#2357=ORIENTED_EDGE('',*,*,#1672,.F.);
#2358=ORIENTED_EDGE('',*,*,#1773,.F.);
#2359=ORIENTED_EDGE('',*,*,#1774,.F.);
#2360=ORIENTED_EDGE('',*,*,#1775,.F.);
#2361=ORIENTED_EDGE('',*,*,#1776,.F.);
#2362=ORIENTED_EDGE('',*,*,#1690,.F.);
#2363=ORIENTED_EDGE('',*,*,#1696,.F.);
#2364=ORIENTED_EDGE('',*,*,#1694,.F.);
#2365=ORIENTED_EDGE('',*,*,#1692,.F.);
#2366=ORIENTED_EDGE('',*,*,#1636,.T.);
#2367=ORIENTED_EDGE('',*,*,#1641,.T.);
#2368=ORIENTED_EDGE('',*,*,#1777,.F.);
#2369=ORIENTED_EDGE('',*,*,#1778,.F.);
#2370=ORIENTED_EDGE('',*,*,#1710,.F.);
#2371=ORIENTED_EDGE('',*,*,#1733,.F.);
#2372=ORIENTED_EDGE('',*,*,#1731,.F.);
#2373=ORIENTED_EDGE('',*,*,#1712,.F.);
#2374=ORIENTED_EDGE('',*,*,#1727,.F.);
#2375=ORIENTED_EDGE('',*,*,#1736,.F.);
#2376=ORIENTED_EDGE('',*,*,#1734,.F.);
#2377=ORIENTED_EDGE('',*,*,#1729,.F.);
#2378=ORIENTED_EDGE('',*,*,#1644,.T.);
#2379=ORIENTED_EDGE('',*,*,#1648,.T.);
#2380=ORIENTED_EDGE('',*,*,#1779,.F.);
#2381=ORIENTED_EDGE('',*,*,#1780,.F.);
#2382=ORIENTED_EDGE('',*,*,#1645,.T.);
#2383=ORIENTED_EDGE('',*,*,#1780,.T.);
#2384=ORIENTED_EDGE('',*,*,#1781,.F.);
#2385=ORIENTED_EDGE('',*,*,#1782,.T.);
#2386=ORIENTED_EDGE('',*,*,#1783,.T.);
#2387=ORIENTED_EDGE('',*,*,#1784,.T.);
#2388=ORIENTED_EDGE('',*,*,#1785,.T.);
#2389=ORIENTED_EDGE('',*,*,#1786,.T.);
#2390=ORIENTED_EDGE('',*,*,#1787,.T.);
#2391=ORIENTED_EDGE('',*,*,#1788,.T.);
#2392=ORIENTED_EDGE('',*,*,#1789,.T.);
#2393=ORIENTED_EDGE('',*,*,#1790,.T.);
#2394=ORIENTED_EDGE('',*,*,#1791,.T.);
#2395=ORIENTED_EDGE('',*,*,#1771,.T.);
#2396=ORIENTED_EDGE('',*,*,#1792,.F.);
#2397=ORIENTED_EDGE('',*,*,#1793,.F.);
#2398=ORIENTED_EDGE('',*,*,#1794,.F.);
#2399=ORIENTED_EDGE('',*,*,#1770,.T.);
#2400=ORIENTED_EDGE('',*,*,#1795,.T.);
#2401=ORIENTED_EDGE('',*,*,#1796,.F.);
#2402=ORIENTED_EDGE('',*,*,#1792,.T.);
#2403=ORIENTED_EDGE('',*,*,#1797,.T.);
#2404=ORIENTED_EDGE('',*,*,#1637,.T.);
#2405=ORIENTED_EDGE('',*,*,#1778,.T.);
#2406=ORIENTED_EDGE('',*,*,#1798,.F.);
#2407=ORIENTED_EDGE('',*,*,#1799,.F.);
#2408=ORIENTED_EDGE('',*,*,#1800,.F.);
#2409=ORIENTED_EDGE('',*,*,#1801,.F.);
#2410=ORIENTED_EDGE('',*,*,#1802,.T.);
#2411=ORIENTED_EDGE('',*,*,#1803,.T.);
#2412=ORIENTED_EDGE('',*,*,#1804,.T.);
#2413=ORIENTED_EDGE('',*,*,#1805,.T.);
#2414=ORIENTED_EDGE('',*,*,#1806,.F.);
#2415=ORIENTED_EDGE('',*,*,#1807,.T.);
#2416=ORIENTED_EDGE('',*,*,#1808,.T.);
#2417=ORIENTED_EDGE('',*,*,#1809,.T.);
#2418=ORIENTED_EDGE('',*,*,#1810,.F.);
#2419=ORIENTED_EDGE('',*,*,#1811,.T.);
#2420=ORIENTED_EDGE('',*,*,#1812,.T.);
#2421=ORIENTED_EDGE('',*,*,#1813,.T.);
#2422=ORIENTED_EDGE('',*,*,#1798,.T.);
#2423=ORIENTED_EDGE('',*,*,#1777,.T.);
#2424=ORIENTED_EDGE('',*,*,#1640,.T.);
#2425=ORIENTED_EDGE('',*,*,#1814,.F.);
#2426=ORIENTED_EDGE('',*,*,#1795,.F.);
#2427=ORIENTED_EDGE('',*,*,#1769,.T.);
#2428=ORIENTED_EDGE('',*,*,#1815,.T.);
#2429=ORIENTED_EDGE('',*,*,#1773,.T.);
#2430=ORIENTED_EDGE('',*,*,#1816,.F.);
#2431=ORIENTED_EDGE('',*,*,#1781,.T.);
#2432=ORIENTED_EDGE('',*,*,#1779,.T.);
#2433=ORIENTED_EDGE('',*,*,#1647,.T.);
#2434=ORIENTED_EDGE('',*,*,#1817,.T.);
#2435=ORIENTED_EDGE('',*,*,#1818,.T.);
#2436=ORIENTED_EDGE('',*,*,#1819,.T.);
#2437=ORIENTED_EDGE('',*,*,#1820,.T.);
#2438=ORIENTED_EDGE('',*,*,#1821,.T.);
#2439=ORIENTED_EDGE('',*,*,#1822,.T.);
#2440=ORIENTED_EDGE('',*,*,#1823,.T.);
#2441=ORIENTED_EDGE('',*,*,#1824,.T.);
#2442=ORIENTED_EDGE('',*,*,#1825,.T.);
#2443=ORIENTED_EDGE('',*,*,#1826,.T.);
#2444=ORIENTED_EDGE('',*,*,#1827,.T.);
#2445=ORIENTED_EDGE('',*,*,#1828,.T.);
#2446=ORIENTED_EDGE('',*,*,#1829,.T.);
#2447=ORIENTED_EDGE('',*,*,#1830,.T.);
#2448=ORIENTED_EDGE('',*,*,#1831,.T.);
#2449=ORIENTED_EDGE('',*,*,#1832,.T.);
#2450=ORIENTED_EDGE('',*,*,#1833,.F.);
#2451=ORIENTED_EDGE('',*,*,#1834,.F.);
#2452=ORIENTED_EDGE('',*,*,#1835,.F.);
#2453=ORIENTED_EDGE('',*,*,#1836,.F.);
#2454=ORIENTED_EDGE('',*,*,#1837,.F.);
#2455=ORIENTED_EDGE('',*,*,#1836,.T.);
#2456=ORIENTED_EDGE('',*,*,#1838,.F.);
#2457=ORIENTED_EDGE('',*,*,#1839,.T.);
#2458=ORIENTED_EDGE('',*,*,#1840,.F.);
#2459=ORIENTED_EDGE('',*,*,#1839,.F.);
#2460=ORIENTED_EDGE('',*,*,#1841,.F.);
#2461=ORIENTED_EDGE('',*,*,#1842,.T.);
#2462=ORIENTED_EDGE('',*,*,#1843,.F.);
#2463=ORIENTED_EDGE('',*,*,#1842,.F.);
#2464=ORIENTED_EDGE('',*,*,#1844,.F.);
#2465=ORIENTED_EDGE('',*,*,#1845,.F.);
#2466=ORIENTED_EDGE('',*,*,#1846,.F.);
#2467=ORIENTED_EDGE('',*,*,#1845,.T.);
#2468=ORIENTED_EDGE('',*,*,#1847,.F.);
#2469=ORIENTED_EDGE('',*,*,#1848,.F.);
#2470=ORIENTED_EDGE('',*,*,#1841,.T.);
#2471=ORIENTED_EDGE('',*,*,#1849,.F.);
#2472=ORIENTED_EDGE('',*,*,#1850,.F.);
#2473=ORIENTED_EDGE('',*,*,#1851,.T.);
#2474=ORIENTED_EDGE('',*,*,#1844,.T.);
#2475=ORIENTED_EDGE('',*,*,#1851,.F.);
#2476=ORIENTED_EDGE('',*,*,#1852,.T.);
#2477=ORIENTED_EDGE('',*,*,#1853,.T.);
#2478=ORIENTED_EDGE('',*,*,#1847,.T.);
#2479=ORIENTED_EDGE('',*,*,#1853,.F.);
#2480=ORIENTED_EDGE('',*,*,#1854,.T.);
#2481=ORIENTED_EDGE('',*,*,#1855,.F.);
#2482=ORIENTED_EDGE('',*,*,#1835,.T.);
#2483=ORIENTED_EDGE('',*,*,#1856,.F.);
#2484=ORIENTED_EDGE('',*,*,#1857,.T.);
#2485=ORIENTED_EDGE('',*,*,#1858,.T.);
#2486=ORIENTED_EDGE('',*,*,#1838,.T.);
#2487=ORIENTED_EDGE('',*,*,#1858,.F.);
#2488=ORIENTED_EDGE('',*,*,#1859,.T.);
#2489=ORIENTED_EDGE('',*,*,#1849,.T.);
#2490=ORIENTED_EDGE('',*,*,#1860,.F.);
#2491=ORIENTED_EDGE('',*,*,#1861,.F.);
#2492=ORIENTED_EDGE('',*,*,#1862,.F.);
#2493=ORIENTED_EDGE('',*,*,#1863,.F.);
#2494=ORIENTED_EDGE('',*,*,#1864,.F.);
#2495=ORIENTED_EDGE('',*,*,#1865,.F.);
#2496=ORIENTED_EDGE('',*,*,#1854,.F.);
#2497=ORIENTED_EDGE('',*,*,#1852,.F.);
#2498=ORIENTED_EDGE('',*,*,#1850,.T.);
#2499=ORIENTED_EDGE('',*,*,#1859,.F.);
#2500=ORIENTED_EDGE('',*,*,#1857,.F.);
#2501=ORIENTED_EDGE('',*,*,#1866,.F.);
#2502=ORIENTED_EDGE('',*,*,#1866,.T.);
#2503=ORIENTED_EDGE('',*,*,#1856,.T.);
#2504=ORIENTED_EDGE('',*,*,#1834,.T.);
#2505=ORIENTED_EDGE('',*,*,#1867,.T.);
#2506=ORIENTED_EDGE('',*,*,#1868,.T.);
#2507=ORIENTED_EDGE('',*,*,#1869,.T.);
#2508=ORIENTED_EDGE('',*,*,#1810,.T.);
#2509=ORIENTED_EDGE('',*,*,#1870,.T.);
#2510=ORIENTED_EDGE('',*,*,#1871,.T.);
#2511=ORIENTED_EDGE('',*,*,#1872,.T.);
#2512=ORIENTED_EDGE('',*,*,#1873,.T.);
#2513=ORIENTED_EDGE('',*,*,#1874,.T.);
#2514=ORIENTED_EDGE('',*,*,#1833,.T.);
#2515=ORIENTED_EDGE('',*,*,#1875,.F.);
#2516=ORIENTED_EDGE('',*,*,#1876,.F.);
#2517=ORIENTED_EDGE('',*,*,#1867,.F.);
#2518=ORIENTED_EDGE('',*,*,#1860,.T.);
#2519=ORIENTED_EDGE('',*,*,#1874,.F.);
#2520=ORIENTED_EDGE('',*,*,#1877,.T.);
#2521=ORIENTED_EDGE('',*,*,#1878,.F.);
#2522=ORIENTED_EDGE('',*,*,#1837,.T.);
#2523=ORIENTED_EDGE('',*,*,#1879,.F.);
#2524=ORIENTED_EDGE('',*,*,#1880,.F.);
#2525=ORIENTED_EDGE('',*,*,#1875,.T.);
#2526=ORIENTED_EDGE('',*,*,#1861,.T.);
#2527=ORIENTED_EDGE('',*,*,#1878,.T.);
#2528=ORIENTED_EDGE('',*,*,#1881,.T.);
#2529=ORIENTED_EDGE('',*,*,#1882,.F.);
#2530=ORIENTED_EDGE('',*,*,#1846,.T.);
#2531=ORIENTED_EDGE('',*,*,#1883,.F.);
#2532=ORIENTED_EDGE('',*,*,#1884,.F.);
#2533=ORIENTED_EDGE('',*,*,#1885,.T.);
#2534=ORIENTED_EDGE('',*,*,#1840,.T.);
#2535=ORIENTED_EDGE('',*,*,#1886,.F.);
#2536=ORIENTED_EDGE('',*,*,#1887,.F.);
#2537=ORIENTED_EDGE('',*,*,#1879,.T.);
#2538=ORIENTED_EDGE('',*,*,#1843,.T.);
#2539=ORIENTED_EDGE('',*,*,#1885,.F.);
#2540=ORIENTED_EDGE('',*,*,#1888,.F.);
#2541=ORIENTED_EDGE('',*,*,#1886,.T.);
#2542=ORIENTED_EDGE('',*,*,#1889,.F.);
#2543=ORIENTED_EDGE('',*,*,#1890,.F.);
#2544=ORIENTED_EDGE('',*,*,#1877,.F.);
#2545=ORIENTED_EDGE('',*,*,#1873,.F.);
#2546=ORIENTED_EDGE('',*,*,#1891,.F.);
#2547=ORIENTED_EDGE('',*,*,#1892,.F.);
#2548=ORIENTED_EDGE('',*,*,#1893,.F.);
#2549=ORIENTED_EDGE('',*,*,#1894,.F.);
#2550=ORIENTED_EDGE('',*,*,#1895,.F.);
#2551=ORIENTED_EDGE('',*,*,#1896,.F.);
#2552=ORIENTED_EDGE('',*,*,#1894,.T.);
#2553=ORIENTED_EDGE('',*,*,#1897,.F.);
#2554=ORIENTED_EDGE('',*,*,#1881,.F.);
#2555=ORIENTED_EDGE('',*,*,#1890,.T.);
#2556=ORIENTED_EDGE('',*,*,#1898,.F.);
#2557=ORIENTED_EDGE('',*,*,#1895,.T.);
#2558=ORIENTED_EDGE('',*,*,#1899,.F.);
#2559=ORIENTED_EDGE('',*,*,#1892,.T.);
#2560=ORIENTED_EDGE('',*,*,#1900,.F.);
#2561=ORIENTED_EDGE('',*,*,#1901,.F.);
#2562=ORIENTED_EDGE('',*,*,#1896,.T.);
#2563=ORIENTED_EDGE('',*,*,#1902,.F.);
#2564=ORIENTED_EDGE('',*,*,#1903,.F.);
#2565=ORIENTED_EDGE('',*,*,#1904,.T.);
#2566=ORIENTED_EDGE('',*,*,#1891,.T.);
#2567=ORIENTED_EDGE('',*,*,#1904,.F.);
#2568=ORIENTED_EDGE('',*,*,#1905,.F.);
#2569=ORIENTED_EDGE('',*,*,#1906,.T.);
#2570=ORIENTED_EDGE('',*,*,#1900,.T.);
#2571=ORIENTED_EDGE('',*,*,#1906,.F.);
#2572=ORIENTED_EDGE('',*,*,#1907,.F.);
#2573=ORIENTED_EDGE('',*,*,#1908,.F.);
#2574=ORIENTED_EDGE('',*,*,#1889,.T.);
#2575=ORIENTED_EDGE('',*,*,#1872,.F.);
#2576=ORIENTED_EDGE('',*,*,#1909,.F.);
#2577=ORIENTED_EDGE('',*,*,#1910,.T.);
#2578=ORIENTED_EDGE('',*,*,#1898,.T.);
#2579=ORIENTED_EDGE('',*,*,#1910,.F.);
#2580=ORIENTED_EDGE('',*,*,#1911,.F.);
#2581=ORIENTED_EDGE('',*,*,#1902,.T.);
#2582=ORIENTED_EDGE('',*,*,#1862,.T.);
#2583=ORIENTED_EDGE('',*,*,#1882,.T.);
#2584=ORIENTED_EDGE('',*,*,#1897,.T.);
#2585=ORIENTED_EDGE('',*,*,#1912,.F.);
#2586=ORIENTED_EDGE('',*,*,#1913,.T.);
#2587=ORIENTED_EDGE('',*,*,#1914,.T.);
#2588=ORIENTED_EDGE('',*,*,#1915,.F.);
#2589=ORIENTED_EDGE('',*,*,#1916,.T.);
#2590=ORIENTED_EDGE('',*,*,#1917,.T.);
#2591=ORIENTED_EDGE('',*,*,#1916,.F.);
#2592=ORIENTED_EDGE('',*,*,#1917,.F.);
#2593=ORIENTED_EDGE('',*,*,#1918,.T.);
#2594=ORIENTED_EDGE('',*,*,#1919,.T.);
#2595=ORIENTED_EDGE('',*,*,#1920,.T.);
#2596=ORIENTED_EDGE('',*,*,#1921,.F.);
#2597=ORIENTED_EDGE('',*,*,#1922,.F.);
#2598=ORIENTED_EDGE('',*,*,#1920,.F.);
#2599=ORIENTED_EDGE('',*,*,#1923,.F.);
#2600=ORIENTED_EDGE('',*,*,#1924,.F.);
#2601=ORIENTED_EDGE('',*,*,#1925,.F.);
#2602=ORIENTED_EDGE('',*,*,#1926,.F.);
#2603=ORIENTED_EDGE('',*,*,#1923,.T.);
#2604=ORIENTED_EDGE('',*,*,#1919,.F.);
#2605=ORIENTED_EDGE('',*,*,#1927,.T.);
#2606=ORIENTED_EDGE('',*,*,#1928,.F.);
#2607=ORIENTED_EDGE('',*,*,#1929,.F.);
#2608=ORIENTED_EDGE('',*,*,#1921,.T.);
#2609=ORIENTED_EDGE('',*,*,#1922,.T.);
#2610=ORIENTED_EDGE('',*,*,#1926,.T.);
#2611=ORIENTED_EDGE('',*,*,#1930,.F.);
#2612=ORIENTED_EDGE('',*,*,#1931,.F.);
#2613=ORIENTED_EDGE('',*,*,#1932,.F.);
#2614=ORIENTED_EDGE('',*,*,#1933,.T.);
#2615=ORIENTED_EDGE('',*,*,#1934,.T.);
#2616=ORIENTED_EDGE('',*,*,#1935,.T.);
#2617=ORIENTED_EDGE('',*,*,#1936,.T.);
#2618=ORIENTED_EDGE('',*,*,#1937,.T.);
#2619=ORIENTED_EDGE('',*,*,#1938,.F.);
#2620=ORIENTED_EDGE('',*,*,#1939,.F.);
#2621=ORIENTED_EDGE('',*,*,#1940,.F.);
#2622=ORIENTED_EDGE('',*,*,#1941,.T.);
#2623=ORIENTED_EDGE('',*,*,#1942,.T.);
#2624=ORIENTED_EDGE('',*,*,#1943,.T.);
#2625=ORIENTED_EDGE('',*,*,#1944,.T.);
#2626=ORIENTED_EDGE('',*,*,#1791,.F.);
#2627=ORIENTED_EDGE('',*,*,#1945,.T.);
#2628=ORIENTED_EDGE('',*,*,#1946,.T.);
#2629=ORIENTED_EDGE('',*,*,#1945,.F.);
#2630=ORIENTED_EDGE('',*,*,#1946,.F.);
#2631=ORIENTED_EDGE('',*,*,#1934,.F.);
#2632=ORIENTED_EDGE('',*,*,#1947,.F.);
#2633=ORIENTED_EDGE('',*,*,#1948,.F.);
#2634=ORIENTED_EDGE('',*,*,#1933,.F.);
#2635=ORIENTED_EDGE('',*,*,#1949,.F.);
#2636=ORIENTED_EDGE('',*,*,#1950,.F.);
#2637=ORIENTED_EDGE('',*,*,#1951,.F.);
#2638=ORIENTED_EDGE('',*,*,#1787,.F.);
#2639=ORIENTED_EDGE('',*,*,#1952,.T.);
#2640=ORIENTED_EDGE('',*,*,#1953,.T.);
#2641=ORIENTED_EDGE('',*,*,#1947,.T.);
#2642=ORIENTED_EDGE('',*,*,#1954,.F.);
#2643=ORIENTED_EDGE('',*,*,#1935,.F.);
#2644=ORIENTED_EDGE('',*,*,#1948,.T.);
#2645=ORIENTED_EDGE('',*,*,#1953,.F.);
#2646=ORIENTED_EDGE('',*,*,#1929,.T.);
#2647=ORIENTED_EDGE('',*,*,#1955,.F.);
#2648=ORIENTED_EDGE('',*,*,#1956,.F.);
#2649=ORIENTED_EDGE('',*,*,#1788,.F.);
#2650=ORIENTED_EDGE('',*,*,#1951,.T.);
#2651=ORIENTED_EDGE('',*,*,#1957,.F.);
#2652=ORIENTED_EDGE('',*,*,#1958,.F.);
#2653=ORIENTED_EDGE('',*,*,#1959,.F.);
#2654=ORIENTED_EDGE('',*,*,#1960,.T.);
#2655=ORIENTED_EDGE('',*,*,#1961,.T.);
#2656=ORIENTED_EDGE('',*,*,#1950,.T.);
#2657=ORIENTED_EDGE('',*,*,#1962,.T.);
#2658=ORIENTED_EDGE('',*,*,#1963,.T.);
#2659=ORIENTED_EDGE('',*,*,#1957,.T.);
#2660=ORIENTED_EDGE('',*,*,#1964,.T.);
#2661=ORIENTED_EDGE('',*,*,#1958,.T.);
#2662=ORIENTED_EDGE('',*,*,#1963,.F.);
#2663=ORIENTED_EDGE('',*,*,#1965,.T.);
#2664=ORIENTED_EDGE('',*,*,#1924,.T.);
#2665=ORIENTED_EDGE('',*,*,#1959,.T.);
#2666=ORIENTED_EDGE('',*,*,#1964,.F.);
#2667=ORIENTED_EDGE('',*,*,#1966,.T.);
#2668=ORIENTED_EDGE('',*,*,#1936,.F.);
#2669=ORIENTED_EDGE('',*,*,#1954,.T.);
#2670=ORIENTED_EDGE('',*,*,#1967,.T.);
#2671=ORIENTED_EDGE('',*,*,#1968,.F.);
#2672=ORIENTED_EDGE('',*,*,#1937,.F.);
#2673=ORIENTED_EDGE('',*,*,#1968,.T.);
#2674=ORIENTED_EDGE('',*,*,#1969,.T.);
#2675=ORIENTED_EDGE('',*,*,#1785,.F.);
#2676=ORIENTED_EDGE('',*,*,#1970,.F.);
#2677=ORIENTED_EDGE('',*,*,#1971,.F.);
#2678=ORIENTED_EDGE('',*,*,#1967,.F.);
#2679=ORIENTED_EDGE('',*,*,#1952,.F.);
#2680=ORIENTED_EDGE('',*,*,#1786,.F.);
#2681=ORIENTED_EDGE('',*,*,#1969,.F.);
#2682=ORIENTED_EDGE('',*,*,#1942,.F.);
#2683=ORIENTED_EDGE('',*,*,#1972,.T.);
#2684=ORIENTED_EDGE('',*,*,#1973,.T.);
#2685=ORIENTED_EDGE('',*,*,#1918,.F.);
#2686=ORIENTED_EDGE('',*,*,#1941,.F.);
#2687=ORIENTED_EDGE('',*,*,#1974,.F.);
#2688=ORIENTED_EDGE('',*,*,#1975,.F.);
#2689=ORIENTED_EDGE('',*,*,#1976,.F.);
#2690=ORIENTED_EDGE('',*,*,#1977,.T.);
#2691=ORIENTED_EDGE('',*,*,#1972,.F.);
#2692=ORIENTED_EDGE('',*,*,#1973,.F.);
#2693=ORIENTED_EDGE('',*,*,#1977,.F.);
#2694=ORIENTED_EDGE('',*,*,#1978,.F.);
#2695=ORIENTED_EDGE('',*,*,#1927,.F.);
#2696=ORIENTED_EDGE('',*,*,#1971,.T.);
#2697=ORIENTED_EDGE('',*,*,#1979,.F.);
#2698=ORIENTED_EDGE('',*,*,#1980,.T.);
#2699=ORIENTED_EDGE('',*,*,#1938,.T.);
#2700=ORIENTED_EDGE('',*,*,#1774,.T.);
#2701=ORIENTED_EDGE('',*,*,#1815,.F.);
#2702=ORIENTED_EDGE('',*,*,#1772,.T.);
#2703=ORIENTED_EDGE('',*,*,#1794,.T.);
#2704=ORIENTED_EDGE('',*,*,#1981,.F.);
#2705=ORIENTED_EDGE('',*,*,#1975,.T.);
#2706=ORIENTED_EDGE('',*,*,#1982,.T.);
#2707=ORIENTED_EDGE('',*,*,#1983,.T.);
#2708=ORIENTED_EDGE('',*,*,#1979,.T.);
#2709=ORIENTED_EDGE('',*,*,#1970,.T.);
#2710=ORIENTED_EDGE('',*,*,#1784,.F.);
#2711=ORIENTED_EDGE('',*,*,#1984,.F.);
#2712=ORIENTED_EDGE('',*,*,#1985,.T.);
#2713=ORIENTED_EDGE('',*,*,#1986,.T.);
#2714=ORIENTED_EDGE('',*,*,#1925,.T.);
#2715=ORIENTED_EDGE('',*,*,#1966,.F.);
#2716=ORIENTED_EDGE('',*,*,#1987,.T.);
#2717=ORIENTED_EDGE('',*,*,#1930,.T.);
#2718=ORIENTED_EDGE('',*,*,#1944,.F.);
#2719=ORIENTED_EDGE('',*,*,#1988,.T.);
#2720=ORIENTED_EDGE('',*,*,#1914,.F.);
#2721=ORIENTED_EDGE('',*,*,#1989,.F.);
#2722=ORIENTED_EDGE('',*,*,#1943,.F.);
#2723=ORIENTED_EDGE('',*,*,#1989,.T.);
#2724=ORIENTED_EDGE('',*,*,#1913,.F.);
#2725=ORIENTED_EDGE('',*,*,#1988,.F.);
#2726=ORIENTED_EDGE('',*,*,#1974,.T.);
#2727=ORIENTED_EDGE('',*,*,#1940,.T.);
#2728=ORIENTED_EDGE('',*,*,#1990,.F.);
#2729=ORIENTED_EDGE('',*,*,#1982,.F.);
#2730=ORIENTED_EDGE('',*,*,#1965,.F.);
#2731=ORIENTED_EDGE('',*,*,#1991,.T.);
#2732=ORIENTED_EDGE('',*,*,#1931,.T.);
#2733=ORIENTED_EDGE('',*,*,#1987,.F.);
#2734=ORIENTED_EDGE('',*,*,#1949,.T.);
#2735=ORIENTED_EDGE('',*,*,#1932,.T.);
#2736=ORIENTED_EDGE('',*,*,#1991,.F.);
#2737=ORIENTED_EDGE('',*,*,#1962,.F.);
#2738=ORIENTED_EDGE('',*,*,#1983,.F.);
#2739=ORIENTED_EDGE('',*,*,#1990,.T.);
#2740=ORIENTED_EDGE('',*,*,#1939,.T.);
#2741=ORIENTED_EDGE('',*,*,#1980,.F.);
#2742=ORIENTED_EDGE('',*,*,#1992,.F.);
#2743=ORIENTED_EDGE('',*,*,#1993,.T.);
#2744=ORIENTED_EDGE('',*,*,#1994,.T.);
#2745=ORIENTED_EDGE('',*,*,#1993,.F.);
#2746=ORIENTED_EDGE('',*,*,#1994,.F.);
#2747=ORIENTED_EDGE('',*,*,#1797,.F.);
#2748=ORIENTED_EDGE('',*,*,#1995,.T.);
#2749=ORIENTED_EDGE('',*,*,#1996,.T.);
#2750=ORIENTED_EDGE('',*,*,#1995,.F.);
#2751=ORIENTED_EDGE('',*,*,#1996,.F.);
#2752=ORIENTED_EDGE('',*,*,#1997,.F.);
#2753=ORIENTED_EDGE('',*,*,#1998,.F.);
#2754=ORIENTED_EDGE('',*,*,#1831,.F.);
#2755=ORIENTED_EDGE('',*,*,#1999,.T.);
#2756=ORIENTED_EDGE('',*,*,#2000,.F.);
#2757=ORIENTED_EDGE('',*,*,#1999,.F.);
#2758=ORIENTED_EDGE('',*,*,#1830,.F.);
#2759=ORIENTED_EDGE('',*,*,#2001,.T.);
#2760=ORIENTED_EDGE('',*,*,#2002,.F.);
#2761=ORIENTED_EDGE('',*,*,#2001,.F.);
#2762=ORIENTED_EDGE('',*,*,#1829,.F.);
#2763=ORIENTED_EDGE('',*,*,#2003,.T.);
#2764=ORIENTED_EDGE('',*,*,#2004,.F.);
#2765=ORIENTED_EDGE('',*,*,#2005,.F.);
#2766=ORIENTED_EDGE('',*,*,#1825,.F.);
#2767=ORIENTED_EDGE('',*,*,#2006,.T.);
#2768=ORIENTED_EDGE('',*,*,#2007,.F.);
#2769=ORIENTED_EDGE('',*,*,#2008,.F.);
#2770=ORIENTED_EDGE('',*,*,#1827,.F.);
#2771=ORIENTED_EDGE('',*,*,#2009,.T.);
#2772=ORIENTED_EDGE('',*,*,#2010,.F.);
#2773=ORIENTED_EDGE('',*,*,#2009,.F.);
#2774=ORIENTED_EDGE('',*,*,#1826,.F.);
#2775=ORIENTED_EDGE('',*,*,#2005,.T.);
#2776=ORIENTED_EDGE('',*,*,#2011,.F.);
#2777=ORIENTED_EDGE('',*,*,#2012,.F.);
#2778=ORIENTED_EDGE('',*,*,#1824,.F.);
#2779=ORIENTED_EDGE('',*,*,#2013,.T.);
#2780=ORIENTED_EDGE('',*,*,#2014,.F.);
#2781=ORIENTED_EDGE('',*,*,#2013,.F.);
#2782=ORIENTED_EDGE('',*,*,#1823,.F.);
#2783=ORIENTED_EDGE('',*,*,#2015,.T.);
#2784=ORIENTED_EDGE('',*,*,#2016,.F.);
#2785=ORIENTED_EDGE('',*,*,#2015,.F.);
#2786=ORIENTED_EDGE('',*,*,#1822,.F.);
#2787=ORIENTED_EDGE('',*,*,#2017,.T.);
#2788=ORIENTED_EDGE('',*,*,#2018,.F.);
#2789=ORIENTED_EDGE('',*,*,#2019,.F.);
#2790=ORIENTED_EDGE('',*,*,#1820,.F.);
#2791=ORIENTED_EDGE('',*,*,#2020,.T.);
#2792=ORIENTED_EDGE('',*,*,#2021,.F.);
#2793=ORIENTED_EDGE('',*,*,#2020,.F.);
#2794=ORIENTED_EDGE('',*,*,#1819,.F.);
#2795=ORIENTED_EDGE('',*,*,#2022,.T.);
#2796=ORIENTED_EDGE('',*,*,#2023,.F.);
#2797=ORIENTED_EDGE('',*,*,#2022,.F.);
#2798=ORIENTED_EDGE('',*,*,#1818,.F.);
#2799=ORIENTED_EDGE('',*,*,#2024,.T.);
#2800=ORIENTED_EDGE('',*,*,#2025,.T.);
#2801=ORIENTED_EDGE('',*,*,#2026,.F.);
#2802=ORIENTED_EDGE('',*,*,#2027,.F.);
#2803=ORIENTED_EDGE('',*,*,#2028,.T.);
#2804=ORIENTED_EDGE('',*,*,#2029,.T.);
#2805=ORIENTED_EDGE('',*,*,#2006,.F.);
#2806=ORIENTED_EDGE('',*,*,#1832,.F.);
#2807=ORIENTED_EDGE('',*,*,#1998,.T.);
#2808=ORIENTED_EDGE('',*,*,#1997,.T.);
#2809=ORIENTED_EDGE('',*,*,#2000,.T.);
#2810=ORIENTED_EDGE('',*,*,#2002,.T.);
#2811=ORIENTED_EDGE('',*,*,#2030,.F.);
#2812=ORIENTED_EDGE('',*,*,#2031,.F.);
#2813=ORIENTED_EDGE('',*,*,#2032,.F.);
#2814=ORIENTED_EDGE('',*,*,#2033,.F.);
#2815=ORIENTED_EDGE('',*,*,#2025,.F.);
#2816=ORIENTED_EDGE('',*,*,#2034,.T.);
#2817=ORIENTED_EDGE('',*,*,#2035,.F.);
#2818=ORIENTED_EDGE('',*,*,#2036,.F.);
#2819=ORIENTED_EDGE('',*,*,#2037,.T.);
#2820=ORIENTED_EDGE('',*,*,#2038,.T.);
#2821=ORIENTED_EDGE('',*,*,#2024,.F.);
#2822=ORIENTED_EDGE('',*,*,#1817,.F.);
#2823=ORIENTED_EDGE('',*,*,#2012,.T.);
#2824=ORIENTED_EDGE('',*,*,#2011,.T.);
#2825=ORIENTED_EDGE('',*,*,#2014,.T.);
#2826=ORIENTED_EDGE('',*,*,#2016,.T.);
#2827=ORIENTED_EDGE('',*,*,#2039,.F.);
#2828=ORIENTED_EDGE('',*,*,#2040,.F.);
#2829=ORIENTED_EDGE('',*,*,#2041,.F.);
#2830=ORIENTED_EDGE('',*,*,#2042,.F.);
#2831=ORIENTED_EDGE('',*,*,#2034,.F.);
#2832=ORIENTED_EDGE('',*,*,#2043,.F.);
#2833=ORIENTED_EDGE('',*,*,#2044,.T.);
#2834=ORIENTED_EDGE('',*,*,#2045,.T.);
#2835=ORIENTED_EDGE('',*,*,#2046,.F.);
#2836=ORIENTED_EDGE('',*,*,#2047,.F.);
#2837=ORIENTED_EDGE('',*,*,#2048,.T.);
#2838=ORIENTED_EDGE('',*,*,#2049,.T.);
#2839=ORIENTED_EDGE('',*,*,#2044,.F.);
#2840=ORIENTED_EDGE('',*,*,#2050,.T.);
#2841=ORIENTED_EDGE('',*,*,#2048,.F.);
#2842=ORIENTED_EDGE('',*,*,#2051,.F.);
#2843=ORIENTED_EDGE('',*,*,#2052,.T.);
#2844=ORIENTED_EDGE('',*,*,#2030,.T.);
#2845=ORIENTED_EDGE('',*,*,#2003,.F.);
#2846=ORIENTED_EDGE('',*,*,#1828,.F.);
#2847=ORIENTED_EDGE('',*,*,#2008,.T.);
#2848=ORIENTED_EDGE('',*,*,#2053,.F.);
#2849=ORIENTED_EDGE('',*,*,#2054,.T.);
#2850=ORIENTED_EDGE('',*,*,#2031,.T.);
#2851=ORIENTED_EDGE('',*,*,#2052,.F.);
#2852=ORIENTED_EDGE('',*,*,#2055,.F.);
#2853=ORIENTED_EDGE('',*,*,#2056,.T.);
#2854=ORIENTED_EDGE('',*,*,#2032,.T.);
#2855=ORIENTED_EDGE('',*,*,#2054,.F.);
#2856=ORIENTED_EDGE('',*,*,#2057,.F.);
#2857=ORIENTED_EDGE('',*,*,#2026,.T.);
#2858=ORIENTED_EDGE('',*,*,#2033,.T.);
#2859=ORIENTED_EDGE('',*,*,#2056,.F.);
#2860=ORIENTED_EDGE('',*,*,#2058,.F.);
#2861=ORIENTED_EDGE('',*,*,#2046,.T.);
#2862=ORIENTED_EDGE('',*,*,#2059,.T.);
#2863=ORIENTED_EDGE('',*,*,#2028,.F.);
#2864=ORIENTED_EDGE('',*,*,#2004,.T.);
#2865=ORIENTED_EDGE('',*,*,#2029,.F.);
#2866=ORIENTED_EDGE('',*,*,#2059,.F.);
#2867=ORIENTED_EDGE('',*,*,#2045,.F.);
#2868=ORIENTED_EDGE('',*,*,#2049,.F.);
#2869=ORIENTED_EDGE('',*,*,#2050,.F.);
#2870=ORIENTED_EDGE('',*,*,#2007,.T.);
#2871=ORIENTED_EDGE('',*,*,#2010,.T.);
#2872=ORIENTED_EDGE('',*,*,#2060,.F.);
#2873=ORIENTED_EDGE('',*,*,#2061,.T.);
#2874=ORIENTED_EDGE('',*,*,#2041,.T.);
#2875=ORIENTED_EDGE('',*,*,#2062,.F.);
#2876=ORIENTED_EDGE('',*,*,#2063,.F.);
#2877=ORIENTED_EDGE('',*,*,#2035,.T.);
#2878=ORIENTED_EDGE('',*,*,#2042,.T.);
#2879=ORIENTED_EDGE('',*,*,#2061,.F.);
#2880=ORIENTED_EDGE('',*,*,#2064,.F.);
#2881=ORIENTED_EDGE('',*,*,#2065,.T.);
#2882=ORIENTED_EDGE('',*,*,#2066,.T.);
#2883=ORIENTED_EDGE('',*,*,#2037,.F.);
#2884=ORIENTED_EDGE('',*,*,#2067,.F.);
#2885=ORIENTED_EDGE('',*,*,#2068,.T.);
#2886=ORIENTED_EDGE('',*,*,#2069,.T.);
#2887=ORIENTED_EDGE('',*,*,#2065,.F.);
#2888=ORIENTED_EDGE('',*,*,#2070,.F.);
#2889=ORIENTED_EDGE('',*,*,#2071,.T.);
#2890=ORIENTED_EDGE('',*,*,#2072,.T.);
#2891=ORIENTED_EDGE('',*,*,#2068,.F.);
#2892=ORIENTED_EDGE('',*,*,#2073,.T.);
#2893=ORIENTED_EDGE('',*,*,#2071,.F.);
#2894=ORIENTED_EDGE('',*,*,#2074,.F.);
#2895=ORIENTED_EDGE('',*,*,#2075,.T.);
#2896=ORIENTED_EDGE('',*,*,#2039,.T.);
#2897=ORIENTED_EDGE('',*,*,#2017,.F.);
#2898=ORIENTED_EDGE('',*,*,#1821,.F.);
#2899=ORIENTED_EDGE('',*,*,#2019,.T.);
#2900=ORIENTED_EDGE('',*,*,#2076,.F.);
#2901=ORIENTED_EDGE('',*,*,#2062,.T.);
#2902=ORIENTED_EDGE('',*,*,#2040,.T.);
#2903=ORIENTED_EDGE('',*,*,#2075,.F.);
#2904=ORIENTED_EDGE('',*,*,#2023,.T.);
#2905=ORIENTED_EDGE('',*,*,#2038,.F.);
#2906=ORIENTED_EDGE('',*,*,#2066,.F.);
#2907=ORIENTED_EDGE('',*,*,#2069,.F.);
#2908=ORIENTED_EDGE('',*,*,#2072,.F.);
#2909=ORIENTED_EDGE('',*,*,#2073,.F.);
#2910=ORIENTED_EDGE('',*,*,#2018,.T.);
#2911=ORIENTED_EDGE('',*,*,#2021,.T.);
#2912=ORIENTED_EDGE('',*,*,#1864,.T.);
#2913=ORIENTED_EDGE('',*,*,#2077,.T.);
#2914=ORIENTED_EDGE('',*,*,#1899,.T.);
#2915=ORIENTED_EDGE('',*,*,#2078,.F.);
#2916=ORIENTED_EDGE('',*,*,#1863,.T.);
#2917=ORIENTED_EDGE('',*,*,#1912,.T.);
#2918=ORIENTED_EDGE('',*,*,#1893,.T.);
#2919=ORIENTED_EDGE('',*,*,#2077,.F.);
#2920=ORIENTED_EDGE('',*,*,#1871,.F.);
#2921=ORIENTED_EDGE('',*,*,#2079,.F.);
#2922=ORIENTED_EDGE('',*,*,#2080,.F.);
#2923=ORIENTED_EDGE('',*,*,#2081,.F.);
#2924=ORIENTED_EDGE('',*,*,#2082,.F.);
#2925=ORIENTED_EDGE('',*,*,#1907,.T.);
#2926=ORIENTED_EDGE('',*,*,#1905,.T.);
#2927=ORIENTED_EDGE('',*,*,#1903,.T.);
#2928=ORIENTED_EDGE('',*,*,#1911,.T.);
#2929=ORIENTED_EDGE('',*,*,#1909,.T.);
#2930=ORIENTED_EDGE('',*,*,#2043,.T.);
#2931=ORIENTED_EDGE('',*,*,#2058,.T.);
#2932=ORIENTED_EDGE('',*,*,#2027,.T.);
#2933=ORIENTED_EDGE('',*,*,#2057,.T.);
#2934=ORIENTED_EDGE('',*,*,#2055,.T.);
#2935=ORIENTED_EDGE('',*,*,#2053,.T.);
#2936=ORIENTED_EDGE('',*,*,#2051,.T.);
#2937=ORIENTED_EDGE('',*,*,#2047,.T.);
#2938=ORIENTED_EDGE('',*,*,#2060,.T.);
#2939=ORIENTED_EDGE('',*,*,#2076,.T.);
#2940=ORIENTED_EDGE('',*,*,#2074,.T.);
#2941=ORIENTED_EDGE('',*,*,#2070,.T.);
#2942=ORIENTED_EDGE('',*,*,#2067,.T.);
#2943=ORIENTED_EDGE('',*,*,#2064,.T.);
#2944=ORIENTED_EDGE('',*,*,#2036,.T.);
#2945=ORIENTED_EDGE('',*,*,#2063,.T.);
#2946=ORIENTED_EDGE('',*,*,#1865,.T.);
#2947=ORIENTED_EDGE('',*,*,#2078,.T.);
#2948=ORIENTED_EDGE('',*,*,#1901,.T.);
#2949=ORIENTED_EDGE('',*,*,#1908,.T.);
#2950=ORIENTED_EDGE('',*,*,#2082,.T.);
#2951=ORIENTED_EDGE('',*,*,#2083,.T.);
#2952=ORIENTED_EDGE('',*,*,#1806,.T.);
#2953=ORIENTED_EDGE('',*,*,#2084,.T.);
#2954=ORIENTED_EDGE('',*,*,#2085,.T.);
#2955=ORIENTED_EDGE('',*,*,#1883,.T.);
#2956=ORIENTED_EDGE('',*,*,#1848,.T.);
#2957=ORIENTED_EDGE('',*,*,#1855,.T.);
#2958=ORIENTED_EDGE('',*,*,#2081,.T.);
#2959=ORIENTED_EDGE('',*,*,#2086,.T.);
#2960=ORIENTED_EDGE('',*,*,#1807,.F.);
#2961=ORIENTED_EDGE('',*,*,#2083,.F.);
#2962=ORIENTED_EDGE('',*,*,#2080,.T.);
#2963=ORIENTED_EDGE('',*,*,#2087,.F.);
#2964=ORIENTED_EDGE('',*,*,#1808,.F.);
#2965=ORIENTED_EDGE('',*,*,#2086,.F.);
#2966=ORIENTED_EDGE('',*,*,#2079,.T.);
#2967=ORIENTED_EDGE('',*,*,#1870,.F.);
#2968=ORIENTED_EDGE('',*,*,#1809,.F.);
#2969=ORIENTED_EDGE('',*,*,#2087,.T.);
#2970=ORIENTED_EDGE('',*,*,#1642,.T.);
#2971=ORIENTED_EDGE('',*,*,#1790,.F.);
#2972=ORIENTED_EDGE('',*,*,#2088,.F.);
#2973=ORIENTED_EDGE('',*,*,#2089,.T.);
#2974=ORIENTED_EDGE('',*,*,#1802,.F.);
#2975=ORIENTED_EDGE('',*,*,#1646,.T.);
#2976=ORIENTED_EDGE('',*,*,#2090,.F.);
#2977=ORIENTED_EDGE('',*,*,#2091,.T.);
#2978=ORIENTED_EDGE('',*,*,#1803,.F.);
#2979=ORIENTED_EDGE('',*,*,#2089,.F.);
#2980=ORIENTED_EDGE('',*,*,#2092,.F.);
#2981=ORIENTED_EDGE('',*,*,#2093,.T.);
#2982=ORIENTED_EDGE('',*,*,#1804,.F.);
#2983=ORIENTED_EDGE('',*,*,#2091,.F.);
#2984=ORIENTED_EDGE('',*,*,#2094,.F.);
#2985=ORIENTED_EDGE('',*,*,#2084,.F.);
#2986=ORIENTED_EDGE('',*,*,#1805,.F.);
#2987=ORIENTED_EDGE('',*,*,#2093,.F.);
#2988=ORIENTED_EDGE('',*,*,#2095,.F.);
#2989=ORIENTED_EDGE('',*,*,#2096,.T.);
#2990=ORIENTED_EDGE('',*,*,#1811,.F.);
#2991=ORIENTED_EDGE('',*,*,#1869,.F.);
#2992=ORIENTED_EDGE('',*,*,#2097,.F.);
#2993=ORIENTED_EDGE('',*,*,#2098,.T.);
#2994=ORIENTED_EDGE('',*,*,#1812,.F.);
#2995=ORIENTED_EDGE('',*,*,#2096,.F.);
#2996=ORIENTED_EDGE('',*,*,#2099,.F.);
#2997=ORIENTED_EDGE('',*,*,#1799,.T.);
#2998=ORIENTED_EDGE('',*,*,#1813,.F.);
#2999=ORIENTED_EDGE('',*,*,#2098,.F.);
#3000=ORIENTED_EDGE('',*,*,#1985,.F.);
#3001=ORIENTED_EDGE('',*,*,#2100,.T.);
#3002=ORIENTED_EDGE('',*,*,#2101,.T.);
#3003=ORIENTED_EDGE('',*,*,#2100,.F.);
#3004=ORIENTED_EDGE('',*,*,#2101,.F.);
#3005=ORIENTED_EDGE('',*,*,#1986,.F.);
#3006=ORIENTED_EDGE('',*,*,#2102,.T.);
#3007=ORIENTED_EDGE('',*,*,#2103,.T.);
#3008=ORIENTED_EDGE('',*,*,#2102,.F.);
#3009=ORIENTED_EDGE('',*,*,#2103,.F.);
#3010=ORIENTED_EDGE('',*,*,#1961,.F.);
#3011=ORIENTED_EDGE('',*,*,#2104,.T.);
#3012=ORIENTED_EDGE('',*,*,#2105,.T.);
#3013=ORIENTED_EDGE('',*,*,#2104,.F.);
#3014=ORIENTED_EDGE('',*,*,#2105,.F.);
#3015=ORIENTED_EDGE('',*,*,#1960,.F.);
#3016=ORIENTED_EDGE('',*,*,#2106,.T.);
#3017=ORIENTED_EDGE('',*,*,#2107,.T.);
#3018=ORIENTED_EDGE('',*,*,#2106,.F.);
#3019=ORIENTED_EDGE('',*,*,#2107,.F.);
#3020=ORIENTED_EDGE('',*,*,#1638,.T.);
#3021=ORIENTED_EDGE('',*,*,#1801,.T.);
#3022=ORIENTED_EDGE('',*,*,#2108,.F.);
#3023=ORIENTED_EDGE('',*,*,#1955,.T.);
#3024=ORIENTED_EDGE('',*,*,#1928,.T.);
#3025=ORIENTED_EDGE('',*,*,#1978,.T.);
#3026=ORIENTED_EDGE('',*,*,#1976,.T.);
#3027=ORIENTED_EDGE('',*,*,#1981,.T.);
#3028=ORIENTED_EDGE('',*,*,#1793,.T.);
#3029=ORIENTED_EDGE('',*,*,#1796,.T.);
#3030=ORIENTED_EDGE('',*,*,#1814,.T.);
#3031=ORIENTED_EDGE('',*,*,#1639,.T.);
#3032=ORIENTED_EDGE('',*,*,#1915,.T.);
#3033=ORIENTED_EDGE('',*,*,#1775,.T.);
#3034=ORIENTED_EDGE('',*,*,#1984,.T.);
#3035=ORIENTED_EDGE('',*,*,#1783,.F.);
#3036=ORIENTED_EDGE('',*,*,#2109,.F.);
#3037=ORIENTED_EDGE('',*,*,#1776,.T.);
#3038=ORIENTED_EDGE('',*,*,#2109,.T.);
#3039=ORIENTED_EDGE('',*,*,#1782,.F.);
#3040=ORIENTED_EDGE('',*,*,#1816,.T.);
#3041=ORIENTED_EDGE('',*,*,#1992,.T.);
#3042=ORIENTED_EDGE('',*,*,#1884,.T.);
#3043=ORIENTED_EDGE('',*,*,#2085,.F.);
#3044=ORIENTED_EDGE('',*,*,#2094,.T.);
#3045=ORIENTED_EDGE('',*,*,#2092,.T.);
#3046=ORIENTED_EDGE('',*,*,#2090,.T.);
#3047=ORIENTED_EDGE('',*,*,#2088,.T.);
#3048=ORIENTED_EDGE('',*,*,#1789,.F.);
#3049=ORIENTED_EDGE('',*,*,#1956,.T.);
#3050=ORIENTED_EDGE('',*,*,#2108,.T.);
#3051=ORIENTED_EDGE('',*,*,#1800,.T.);
#3052=ORIENTED_EDGE('',*,*,#2099,.T.);
#3053=ORIENTED_EDGE('',*,*,#2097,.T.);
#3054=ORIENTED_EDGE('',*,*,#2095,.T.);
#3055=ORIENTED_EDGE('',*,*,#1868,.F.);
#3056=ORIENTED_EDGE('',*,*,#1876,.T.);
#3057=ORIENTED_EDGE('',*,*,#1880,.T.);
#3058=ORIENTED_EDGE('',*,*,#1887,.T.);
#3059=ORIENTED_EDGE('',*,*,#1888,.T.);
#3060=PLANE('',#3409);
#3061=PLANE('',#3410);
#3062=PLANE('',#3411);
#3063=PLANE('',#3412);
#3064=PLANE('',#3413);
#3065=PLANE('',#3414);
#3066=PLANE('',#3415);
#3067=PLANE('',#3416);
#3068=PLANE('',#3417);
#3069=PLANE('',#3418);
#3070=PLANE('',#3419);
#3071=PLANE('',#3420);
#3072=PLANE('',#3421);
#3073=PLANE('',#3422);
#3074=PLANE('',#3423);
#3075=PLANE('',#3424);
#3076=PLANE('',#3425);
#3077=PLANE('',#3426);
#3078=PLANE('',#3427);
#3079=PLANE('',#3428);
#3080=PLANE('',#3429);
#3081=PLANE('',#3430);
#3082=PLANE('',#3431);
#3083=PLANE('',#3432);
#3084=PLANE('',#3433);
#3085=PLANE('',#3434);
#3086=PLANE('',#3435);
#3087=PLANE('',#3436);
#3088=PLANE('',#3437);
#3089=PLANE('',#3438);
#3090=PLANE('',#3439);
#3091=PLANE('',#3440);
#3092=PLANE('',#3441);
#3093=PLANE('',#3442);
#3094=PLANE('',#3443);
#3095=PLANE('',#3444);
#3096=PLANE('',#3445);
#3097=PLANE('',#3446);
#3098=PLANE('',#3447);
#3099=PLANE('',#3448);
#3100=PLANE('',#3449);
#3101=PLANE('',#3450);
#3102=PLANE('',#3451);
#3103=PLANE('',#3452);
#3104=PLANE('',#3453);
#3105=PLANE('',#3454);
#3106=PLANE('',#3455);
#3107=PLANE('',#3456);
#3108=PLANE('',#3457);
#3109=PLANE('',#3458);
#3110=PLANE('',#3459);
#3111=PLANE('',#3460);
#3112=PLANE('',#3461);
#3113=PLANE('',#3462);
#3114=PLANE('',#3463);
#3115=PLANE('',#3464);
#3116=PLANE('',#3465);
#3117=PLANE('',#3466);
#3118=PLANE('',#3467);
#3119=PLANE('',#3468);
#3120=PLANE('',#3469);
#3121=PLANE('',#3470);
#3122=PLANE('',#3471);
#3123=PLANE('',#3473);
#3124=PLANE('',#3474);
#3125=PLANE('',#3476);
#3126=PLANE('',#3477);
#3127=PLANE('',#3486);
#3128=PLANE('',#3487);
#3129=PLANE('',#3491);
#3130=PLANE('',#3492);
#3131=PLANE('',#3495);
#3132=PLANE('',#3496);
#3133=PLANE('',#3497);
#3134=PLANE('',#3498);
#3135=PLANE('',#3499);
#3136=PLANE('',#3501);
#3137=PLANE('',#3502);
#3138=PLANE('',#3503);
#3139=PLANE('',#3504);
#3140=PLANE('',#3505);
#3141=PLANE('',#3506);
#3142=PLANE('',#3509);
#3143=PLANE('',#3510);
#3144=PLANE('',#3511);
#3145=PLANE('',#3515);
#3146=PLANE('',#3516);
#3147=PLANE('',#3519);
#3148=PLANE('',#3520);
#3149=PLANE('',#3521);
#3150=PLANE('',#3522);
#3151=PLANE('',#3528);
#3152=PLANE('',#3529);
#3153=PLANE('',#3530);
#3154=PLANE('',#3531);
#3155=PLANE('',#3533);
#3156=PLANE('',#3543);
#3157=PLANE('',#3544);
#3158=PLANE('',#3545);
#3159=PLANE('',#3547);
#3160=PLANE('',#3548);
#3161=PLANE('',#3555);
#3162=PLANE('',#3560);
#3163=PLANE('',#3561);
#3164=PLANE('',#3564);
#3165=PLANE('',#3565);
#3166=PLANE('',#3568);
#3167=PLANE('',#3574);
#3168=PLANE('',#3576);
#3169=PLANE('',#3578);
#3170=PLANE('',#3582);
#3171=PLANE('',#3585);
#3172=PLANE('',#3586);
#3173=PLANE('',#3589);
#3174=PLANE('',#3590);
#3175=PLANE('',#3591);
#3176=PLANE('',#3594);
#3177=PLANE('',#3597);
#3178=PLANE('',#3598);
#3179=PLANE('',#3601);
#3180=PLANE('',#3606);
#3181=PLANE('',#3615);
#3182=PLANE('',#3638);
#3183=PLANE('',#3657);
#3184=PLANE('',#3658);
#3185=PLANE('',#3659);
#3186=PLANE('',#3660);
#3187=PLANE('',#3661);
#3188=PLANE('',#3662);
#3189=PLANE('',#3663);
#3190=PLANE('',#3664);
#3191=PLANE('',#3665);
#3192=PLANE('',#3666);
#3193=PLANE('',#3667);
#3194=PLANE('',#3668);
#3195=PLANE('',#3669);
#3196=PLANE('',#3670);
#3197=PLANE('',#3671);
#3198=PLANE('',#3674);
#3199=PLANE('',#3677);
#3200=PLANE('',#3680);
#3201=PLANE('',#3683);
#3202=PLANE('',#3684);
#3203=PLANE('',#3685);
#3204=PLANE('',#3686);
#3205=PLANE('',#3687);
#3206=ADVANCED_FACE('',(#171),#3060,.F.);
#3207=ADVANCED_FACE('',(#172),#3061,.T.);
#3208=ADVANCED_FACE('',(#173),#3062,.F.);
#3209=ADVANCED_FACE('',(#174,#151,#152),#3063,.T.);
#3210=ADVANCED_FACE('',(#175),#3064,.F.);
#3211=ADVANCED_FACE('',(#176),#3065,.F.);
#3212=ADVANCED_FACE('',(#177),#3066,.F.);
#3213=ADVANCED_FACE('',(#178),#3067,.F.);
#3214=ADVANCED_FACE('',(#179),#3068,.F.);
#3215=ADVANCED_FACE('',(#180),#3069,.F.);
#3216=ADVANCED_FACE('',(#181),#3070,.F.);
#3217=ADVANCED_FACE('',(#182),#3071,.F.);
#3218=ADVANCED_FACE('',(#183),#3072,.F.);
#3219=ADVANCED_FACE('',(#184),#3073,.F.);
#3220=ADVANCED_FACE('',(#185),#3074,.F.);
#3221=ADVANCED_FACE('',(#186),#3075,.F.);
#3222=ADVANCED_FACE('',(#187),#3076,.F.);
#3223=ADVANCED_FACE('',(#188),#3077,.F.);
#3224=ADVANCED_FACE('',(#189),#3078,.F.);
#3225=ADVANCED_FACE('',(#190),#3079,.F.);
#3226=ADVANCED_FACE('',(#191),#3080,.F.);
#3227=ADVANCED_FACE('',(#192),#3081,.F.);
#3228=ADVANCED_FACE('',(#193),#3082,.F.);
#3229=ADVANCED_FACE('',(#194),#3083,.F.);
#3230=ADVANCED_FACE('',(#195),#3084,.F.);
#3231=ADVANCED_FACE('',(#196),#3085,.F.);
#3232=ADVANCED_FACE('',(#197),#3086,.F.);
#3233=ADVANCED_FACE('',(#198),#3087,.F.);
#3234=ADVANCED_FACE('',(#199),#3088,.F.);
#3235=ADVANCED_FACE('',(#200),#3089,.F.);
#3236=ADVANCED_FACE('',(#201),#3090,.F.);
#3237=ADVANCED_FACE('',(#202),#3091,.F.);
#3238=ADVANCED_FACE('',(#203),#3092,.F.);
#3239=ADVANCED_FACE('',(#204),#3093,.F.);
#3240=ADVANCED_FACE('',(#205),#3094,.F.);
#3241=ADVANCED_FACE('',(#206),#3095,.F.);
#3242=ADVANCED_FACE('',(#207),#3096,.F.);
#3243=ADVANCED_FACE('',(#208),#3097,.F.);
#3244=ADVANCED_FACE('',(#209),#3098,.F.);
#3245=ADVANCED_FACE('',(#210),#3099,.F.);
#3246=ADVANCED_FACE('',(#211),#3100,.F.);
#3247=ADVANCED_FACE('',(#212),#3101,.F.);
#3248=ADVANCED_FACE('',(#213),#3102,.F.);
#3249=ADVANCED_FACE('',(#214),#3103,.F.);
#3250=ADVANCED_FACE('',(#215),#3104,.F.);
#3251=ADVANCED_FACE('',(#216),#3105,.F.);
#3252=ADVANCED_FACE('',(#217),#3106,.F.);
#3253=ADVANCED_FACE('',(#218),#3107,.F.);
#3254=ADVANCED_FACE('',(#219),#3108,.F.);
#3255=ADVANCED_FACE('',(#220),#3109,.F.);
#3256=ADVANCED_FACE('',(#221),#3110,.F.);
#3257=ADVANCED_FACE('',(#222),#3111,.F.);
#3258=ADVANCED_FACE('',(#223),#3112,.F.);
#3259=ADVANCED_FACE('',(#224),#3113,.F.);
#3260=ADVANCED_FACE('',(#225),#3114,.F.);
#3261=ADVANCED_FACE('',(#226),#3115,.F.);
#3262=ADVANCED_FACE('',(#227),#3116,.F.);
#3263=ADVANCED_FACE('',(#228),#3117,.F.);
#3264=ADVANCED_FACE('',(#229,#153),#3118,.F.);
#3265=ADVANCED_FACE('',(#230,#154),#3119,.F.);
#3266=ADVANCED_FACE('',(#231,#155,#156),#3120,.T.);
#3267=ADVANCED_FACE('',(#232),#3121,.T.);
#3268=ADVANCED_FACE('',(#233,#157),#3122,.T.);
#3269=ADVANCED_FACE('',(#234),#3123,.T.);
#3270=ADVANCED_FACE('',(#235,#158),#3124,.T.);
#3271=ADVANCED_FACE('',(#236),#3125,.F.);
#3272=ADVANCED_FACE('',(#237,#159,#160),#3126,.T.);
#3273=ADVANCED_FACE('',(#238),#3127,.F.);
#3274=ADVANCED_FACE('',(#239),#3128,.F.);
#3275=ADVANCED_FACE('',(#240),#59,.F.);
#3276=ADVANCED_FACE('',(#241),#3129,.F.);
#3277=ADVANCED_FACE('',(#242),#3130,.F.);
#3278=ADVANCED_FACE('',(#243),#20,.F.);
#3279=ADVANCED_FACE('',(#244),#3131,.F.);
#3280=ADVANCED_FACE('',(#245),#3132,.F.);
#3281=ADVANCED_FACE('',(#246),#3133,.F.);
#3282=ADVANCED_FACE('',(#247),#3134,.F.);
#3283=ADVANCED_FACE('',(#248),#3135,.T.);
#3284=ADVANCED_FACE('',(#249),#3136,.T.);
#3285=ADVANCED_FACE('',(#250),#3137,.F.);
#3286=ADVANCED_FACE('',(#251),#3138,.F.);
#3287=ADVANCED_FACE('',(#252),#3139,.F.);
#3288=ADVANCED_FACE('',(#253),#3140,.F.);
#3289=ADVANCED_FACE('',(#254),#3141,.F.);
#3290=ADVANCED_FACE('',(#255),#21,.F.);
#3291=ADVANCED_FACE('',(#256),#3142,.F.);
#3292=ADVANCED_FACE('',(#257),#3143,.F.);
#3293=ADVANCED_FACE('',(#258),#3144,.F.);
#3294=ADVANCED_FACE('',(#259),#60,.F.);
#3295=ADVANCED_FACE('',(#260),#3145,.F.);
#3296=ADVANCED_FACE('',(#261),#3146,.F.);
#3297=ADVANCED_FACE('',(#262),#22,.F.);
#3298=ADVANCED_FACE('',(#263),#3147,.F.);
#3299=ADVANCED_FACE('',(#264),#3148,.F.);
#3300=ADVANCED_FACE('',(#265),#3149,.F.);
#3301=ADVANCED_FACE('',(#266),#3150,.F.);
#3302=ADVANCED_FACE('',(#267,#161),#23,.F.);
#3303=ADVANCED_FACE('',(#268),#24,.F.);
#3304=ADVANCED_FACE('',(#269),#3151,.T.);
#3305=ADVANCED_FACE('',(#270),#3152,.F.);
#3306=ADVANCED_FACE('',(#271),#3153,.F.);
#3307=ADVANCED_FACE('',(#272),#3154,.F.);
#3308=ADVANCED_FACE('',(#273,#162),#3155,.T.);
#3309=ADVANCED_FACE('',(#274),#25,.F.);
#3310=ADVANCED_FACE('',(#275),#3156,.T.);
#3311=ADVANCED_FACE('',(#276),#3157,.F.);
#3312=ADVANCED_FACE('',(#277),#3158,.F.);
#3313=ADVANCED_FACE('',(#278),#3159,.F.);
#3314=ADVANCED_FACE('',(#279,#163,#164),#3160,.F.);
#3315=ADVANCED_FACE('',(#280),#61,.F.);
#3316=ADVANCED_FACE('',(#281),#3161,.T.);
#3317=ADVANCED_FACE('',(#282),#62,.F.);
#3318=ADVANCED_FACE('',(#283),#26,.T.);
#3319=ADVANCED_FACE('',(#284),#3162,.F.);
#3320=ADVANCED_FACE('',(#285),#3163,.T.);
#3321=ADVANCED_FACE('',(#286),#27,.T.);
#3322=ADVANCED_FACE('',(#287),#3164,.F.);
#3323=ADVANCED_FACE('',(#288),#3165,.T.);
#3324=ADVANCED_FACE('',(#289),#28,.F.);
#3325=ADVANCED_FACE('',(#290,#165,#166),#3166,.F.);
#3326=ADVANCED_FACE('',(#291),#29,.F.);
#3327=ADVANCED_FACE('',(#292),#30,.F.);
#3328=ADVANCED_FACE('',(#293),#3167,.F.);
#3329=ADVANCED_FACE('',(#294),#31,.F.);
#3330=ADVANCED_FACE('',(#295),#3168,.F.);
#3331=ADVANCED_FACE('',(#296),#32,.F.);
#3332=ADVANCED_FACE('',(#297),#3169,.F.);
#3333=ADVANCED_FACE('',(#298),#33,.F.);
#3334=ADVANCED_FACE('',(#299),#3170,.T.);
#3335=ADVANCED_FACE('',(#300),#34,.F.);
#3336=ADVANCED_FACE('',(#301),#3171,.T.);
#3337=ADVANCED_FACE('',(#302),#3172,.F.);
#3338=ADVANCED_FACE('',(#303),#35,.F.);
#3339=ADVANCED_FACE('',(#304),#3173,.F.);
#3340=ADVANCED_FACE('',(#305),#3174,.F.);
#3341=ADVANCED_FACE('',(#306),#3175,.F.);
#3342=ADVANCED_FACE('',(#307),#36,.F.);
#3343=ADVANCED_FACE('',(#308),#3176,.F.);
#3344=ADVANCED_FACE('',(#309),#37,.F.);
#3345=ADVANCED_FACE('',(#310),#3177,.F.);
#3346=ADVANCED_FACE('',(#311),#3178,.F.);
#3347=ADVANCED_FACE('',(#312),#38,.F.);
#3348=ADVANCED_FACE('',(#313),#3179,.F.);
#3349=ADVANCED_FACE('',(#314),#39,.F.);
#3350=ADVANCED_FACE('',(#315),#3180,.T.);
#3351=ADVANCED_FACE('',(#316),#40,.F.);
#3352=ADVANCED_FACE('',(#317),#3181,.T.);
#3353=ADVANCED_FACE('',(#318),#41,.F.);
#3354=ADVANCED_FACE('',(#319),#42,.F.);
#3355=ADVANCED_FACE('',(#320),#43,.F.);
#3356=ADVANCED_FACE('',(#321),#44,.F.);
#3357=ADVANCED_FACE('',(#322),#45,.F.);
#3358=ADVANCED_FACE('',(#323),#46,.F.);
#3359=ADVANCED_FACE('',(#324),#47,.F.);
#3360=ADVANCED_FACE('',(#325),#3182,.T.);
#3361=ADVANCED_FACE('',(#326),#48,.F.);
#3362=ADVANCED_FACE('',(#327),#49,.F.);
#3363=ADVANCED_FACE('',(#328),#50,.F.);
#3364=ADVANCED_FACE('',(#329),#51,.F.);
#3365=ADVANCED_FACE('',(#330),#52,.F.);
#3366=ADVANCED_FACE('',(#331),#53,.F.);
#3367=ADVANCED_FACE('',(#332),#54,.F.);
#3368=ADVANCED_FACE('',(#333),#3183,.T.);
#3369=ADVANCED_FACE('',(#334),#3184,.F.);
#3370=ADVANCED_FACE('',(#335),#3185,.F.);
#3371=ADVANCED_FACE('',(#336,#167,#168),#3186,.T.);
#3372=ADVANCED_FACE('',(#337),#3187,.T.);
#3373=ADVANCED_FACE('',(#338),#3188,.F.);
#3374=ADVANCED_FACE('',(#339),#3189,.F.);
#3375=ADVANCED_FACE('',(#340),#3190,.F.);
#3376=ADVANCED_FACE('',(#341),#3191,.F.);
#3377=ADVANCED_FACE('',(#342),#3192,.F.);
#3378=ADVANCED_FACE('',(#343),#3193,.F.);
#3379=ADVANCED_FACE('',(#344),#3194,.F.);
#3380=ADVANCED_FACE('',(#345),#3195,.F.);
#3381=ADVANCED_FACE('',(#346),#3196,.F.);
#3382=ADVANCED_FACE('',(#347),#3197,.F.);
#3383=ADVANCED_FACE('',(#348),#55,.F.);
#3384=ADVANCED_FACE('',(#349),#3198,.F.);
#3385=ADVANCED_FACE('',(#350),#56,.F.);
#3386=ADVANCED_FACE('',(#351),#3199,.F.);
#3387=ADVANCED_FACE('',(#352),#57,.F.);
#3388=ADVANCED_FACE('',(#353),#3200,.F.);
#3389=ADVANCED_FACE('',(#354),#58,.F.);
#3390=ADVANCED_FACE('',(#355),#3201,.F.);
#3391=ADVANCED_FACE('',(#356,#169),#3202,.T.);
#3392=ADVANCED_FACE('',(#357),#3203,.T.);
#3393=ADVANCED_FACE('',(#358,#170),#3204,.T.);
#3394=ADVANCED_FACE('',(#359),#3205,.T.);
#3395=CLOSED_SHELL('',(#3206,#3207,#3208,#3209,#3210,#3211,#3212,#3213,
#3214,#3215,#3216,#3217,#3218,#3219,#3220,#3221,#3222,#3223,#3224,#3225,
#3226,#3227,#3228,#3229,#3230,#3231,#3232,#3233,#3234,#3235,#3236,#3237,
#3238,#3239,#3240,#3241,#3242,#3243,#3244,#3245,#3246,#3247,#3248,#3249,
#3250,#3251,#3252,#3253,#3254,#3255,#3256,#3257,#3258,#3259,#3260,#3261,
#3262,#3263,#3264,#3265,#3266,#3267,#3268,#3269,#3270,#3271,#3272,#3273,
#3274,#3275,#3276,#3277,#3278,#3279,#3280,#3281,#3282,#3283,#3284,#3285,
#3286,#3287,#3288,#3289,#3290,#3291,#3292,#3293,#3294,#3295,#3296,#3297,
#3298,#3299,#3300,#3301,#3302,#3303,#3304,#3305,#3306,#3307,#3308,#3309,
#3310,#3311,#3312,#3313,#3314,#3315,#3316,#3317,#3318,#3319,#3320,#3321,
#3322,#3323,#3324,#3325,#3326,#3327,#3328,#3329,#3330,#3331,#3332,#3333,
#3334,#3335,#3336,#3337,#3338,#3339,#3340,#3341,#3342,#3343,#3344,#3345,
#3346,#3347,#3348,#3349,#3350,#3351,#3352,#3353,#3354,#3355,#3356,#3357,
#3358,#3359,#3360,#3361,#3362,#3363,#3364,#3365,#3366,#3367,#3368,#3369,
#3370,#3371,#3372,#3373,#3374,#3375,#3376,#3377,#3378,#3379,#3380,#3381,
#3382,#3383,#3384,#3385,#3386,#3387,#3388,#3389,#3390,#3391,#3392,#3393,
#3394));
#3396=DERIVED_UNIT_ELEMENT(#3398,1.);
#3397=DERIVED_UNIT_ELEMENT(#5640,-3.);
#3398=(
MASS_UNIT()
NAMED_UNIT(*)
SI_UNIT(.KILO.,.GRAM.)
);
#3399=DERIVED_UNIT((#3396,#3397));
#3400=MEASURE_REPRESENTATION_ITEM('density measure',
POSITIVE_RATIO_MEASURE(7850.),#3399);
#3401=PROPERTY_DEFINITION_REPRESENTATION(#3406,#3403);
#3402=PROPERTY_DEFINITION_REPRESENTATION(#3407,#3404);
#3403=REPRESENTATION('material name',(#3405),#5637);
#3404=REPRESENTATION('density',(#3400),#5637);
#3405=DESCRIPTIVE_REPRESENTATION_ITEM('Steel','Steel');
#3406=PROPERTY_DEFINITION('material property','material name',#5647);
#3407=PROPERTY_DEFINITION('material property','density of part',#5647);
#3408=AXIS2_PLACEMENT_3D('',#4630,#3688,#3689);
#3409=AXIS2_PLACEMENT_3D('',#4631,#3690,#3691);
#3410=AXIS2_PLACEMENT_3D('',#4640,#3696,#3697);
#3411=AXIS2_PLACEMENT_3D('',#4646,#3701,#3702);
#3412=AXIS2_PLACEMENT_3D('',#4655,#3707,#3708);
#3413=AXIS2_PLACEMENT_3D('',#4677,#3720,#3721);
#3414=AXIS2_PLACEMENT_3D('',#4686,#3726,#3727);
#3415=AXIS2_PLACEMENT_3D('',#4692,#3731,#3732);
#3416=AXIS2_PLACEMENT_3D('',#4698,#3736,#3737);
#3417=AXIS2_PLACEMENT_3D('',#4701,#3740,#3741);
#3418=AXIS2_PLACEMENT_3D('',#4707,#3745,#3746);
#3419=AXIS2_PLACEMENT_3D('',#4711,#3749,#3750);
#3420=AXIS2_PLACEMENT_3D('',#4712,#3751,#3752);
#3421=AXIS2_PLACEMENT_3D('',#4716,#3755,#3756);
#3422=AXIS2_PLACEMENT_3D('',#4718,#3758,#3759);
#3423=AXIS2_PLACEMENT_3D('',#4727,#3764,#3765);
#3424=AXIS2_PLACEMENT_3D('',#4733,#3769,#3770);
#3425=AXIS2_PLACEMENT_3D('',#4739,#3774,#3775);
#3426=AXIS2_PLACEMENT_3D('',#4742,#3778,#3779);
#3427=AXIS2_PLACEMENT_3D('',#4748,#3783,#3784);
#3428=AXIS2_PLACEMENT_3D('',#4752,#3787,#3788);
#3429=AXIS2_PLACEMENT_3D('',#4753,#3789,#3790);
#3430=AXIS2_PLACEMENT_3D('',#4757,#3793,#3794);
#3431=AXIS2_PLACEMENT_3D('',#4759,#3796,#3797);
#3432=AXIS2_PLACEMENT_3D('',#4768,#3802,#3803);
#3433=AXIS2_PLACEMENT_3D('',#4774,#3807,#3808);
#3434=AXIS2_PLACEMENT_3D('',#4780,#3812,#3813);
#3435=AXIS2_PLACEMENT_3D('',#4783,#3816,#3817);
#3436=AXIS2_PLACEMENT_3D('',#4789,#3821,#3822);
#3437=AXIS2_PLACEMENT_3D('',#4793,#3825,#3826);
#3438=AXIS2_PLACEMENT_3D('',#4794,#3827,#3828);
#3439=AXIS2_PLACEMENT_3D('',#4803,#3833,#3834);
#3440=AXIS2_PLACEMENT_3D('',#4809,#3838,#3839);
#3441=AXIS2_PLACEMENT_3D('',#4815,#3843,#3844);
#3442=AXIS2_PLACEMENT_3D('',#4818,#3847,#3848);
#3443=AXIS2_PLACEMENT_3D('',#4824,#3852,#3853);
#3444=AXIS2_PLACEMENT_3D('',#4828,#3856,#3857);
#3445=AXIS2_PLACEMENT_3D('',#4829,#3858,#3859);
#3446=AXIS2_PLACEMENT_3D('',#4833,#3862,#3863);
#3447=AXIS2_PLACEMENT_3D('',#4835,#3865,#3866);
#3448=AXIS2_PLACEMENT_3D('',#4839,#3869,#3870);
#3449=AXIS2_PLACEMENT_3D('',#4841,#3872,#3873);
#3450=AXIS2_PLACEMENT_3D('',#4850,#3878,#3879);
#3451=AXIS2_PLACEMENT_3D('',#4856,#3883,#3884);
#3452=AXIS2_PLACEMENT_3D('',#4862,#3888,#3889);
#3453=AXIS2_PLACEMENT_3D('',#4865,#3892,#3893);
#3454=AXIS2_PLACEMENT_3D('',#4868,#3896,#3897);
#3455=AXIS2_PLACEMENT_3D('',#4870,#3899,#3900);
#3456=AXIS2_PLACEMENT_3D('',#4871,#3901,#3902);
#3457=AXIS2_PLACEMENT_3D('',#4880,#3907,#3908);
#3458=AXIS2_PLACEMENT_3D('',#4886,#3912,#3913);
#3459=AXIS2_PLACEMENT_3D('',#4892,#3917,#3918);
#3460=AXIS2_PLACEMENT_3D('',#4895,#3921,#3922);
#3461=AXIS2_PLACEMENT_3D('',#4898,#3925,#3926);
#3462=AXIS2_PLACEMENT_3D('',#4900,#3928,#3929);
#3463=AXIS2_PLACEMENT_3D('',#4901,#3930,#3931);
#3464=AXIS2_PLACEMENT_3D('',#4903,#3933,#3934);
#3465=AXIS2_PLACEMENT_3D('',#4904,#3935,#3936);
#3466=AXIS2_PLACEMENT_3D('',#4906,#3938,#3939);
#3467=AXIS2_PLACEMENT_3D('',#4907,#3940,#3941);
#3468=AXIS2_PLACEMENT_3D('',#4916,#3946,#3947);
#3469=AXIS2_PLACEMENT_3D('',#4925,#3952,#3953);
#3470=AXIS2_PLACEMENT_3D('',#4929,#3956,#3957);
#3471=AXIS2_PLACEMENT_3D('',#4933,#3960,#3961);
#3472=AXIS2_PLACEMENT_3D('',#4954,#3972,#3973);
#3473=AXIS2_PLACEMENT_3D('',#4955,#3974,#3975);
#3474=AXIS2_PLACEMENT_3D('',#4961,#3979,#3980);
#3475=AXIS2_PLACEMENT_3D('',#4966,#3983,#3984);
#3476=AXIS2_PLACEMENT_3D('',#4967,#3985,#3986);
#3477=AXIS2_PLACEMENT_3D('',#4975,#3991,#3992);
#3478=AXIS2_PLACEMENT_3D('',#5004,#4008,#4009);
#3479=AXIS2_PLACEMENT_3D('',#5008,#4011,#4012);
#3480=AXIS2_PLACEMENT_3D('',#5012,#4014,#4015);
#3481=AXIS2_PLACEMENT_3D('',#5016,#4017,#4018);
#3482=AXIS2_PLACEMENT_3D('',#5022,#4021,#4022);
#3483=AXIS2_PLACEMENT_3D('',#5026,#4024,#4025);
#3484=AXIS2_PLACEMENT_3D('',#5030,#4027,#4028);
#3485=AXIS2_PLACEMENT_3D('',#5033,#4030,#4031);
#3486=AXIS2_PLACEMENT_3D('',#5034,#4032,#4033);
#3487=AXIS2_PLACEMENT_3D('',#5043,#4038,#4039);
#3488=AXIS2_PLACEMENT_3D('',#5049,#4043,#4044);
#3489=AXIS2_PLACEMENT_3D('',#5051,#4045,#4046);
#3490=AXIS2_PLACEMENT_3D('',#5053,#4047,#4048);
#3491=AXIS2_PLACEMENT_3D('',#5055,#4050,#4051);
#3492=AXIS2_PLACEMENT_3D('',#5061,#4055,#4056);
#3493=AXIS2_PLACEMENT_3D('',#5067,#4060,#4061);
#3494=AXIS2_PLACEMENT_3D('',#5071,#4063,#4064);
#3495=AXIS2_PLACEMENT_3D('',#5073,#4066,#4067);
#3496=AXIS2_PLACEMENT_3D('',#5077,#4070,#4071);
#3497=AXIS2_PLACEMENT_3D('',#5081,#4074,#4075);
#3498=AXIS2_PLACEMENT_3D('',#5087,#4079,#4080);
#3499=AXIS2_PLACEMENT_3D('',#5089,#4082,#4083);
#3500=AXIS2_PLACEMENT_3D('',#5096,#4086,#4087);
#3501=AXIS2_PLACEMENT_3D('',#5103,#4092,#4093);
#3502=AXIS2_PLACEMENT_3D('',#5118,#4102,#4103);
#3503=AXIS2_PLACEMENT_3D('',#5122,#4106,#4107);
#3504=AXIS2_PLACEMENT_3D('',#5126,#4110,#4111);
#3505=AXIS2_PLACEMENT_3D('',#5130,#4114,#4115);
#3506=AXIS2_PLACEMENT_3D('',#5134,#4118,#4119);
#3507=AXIS2_PLACEMENT_3D('',#5140,#4123,#4124);
#3508=AXIS2_PLACEMENT_3D('',#5143,#4126,#4127);
#3509=AXIS2_PLACEMENT_3D('',#5144,#4128,#4129);
#3510=AXIS2_PLACEMENT_3D('',#5146,#4131,#4132);
#3511=AXIS2_PLACEMENT_3D('',#5150,#4135,#4136);
#3512=AXIS2_PLACEMENT_3D('',#5159,#4141,#4142);
#3513=AXIS2_PLACEMENT_3D('',#5162,#4144,#4145);
#3514=AXIS2_PLACEMENT_3D('',#5163,#4146,#4147);
#3515=AXIS2_PLACEMENT_3D('',#5164,#4148,#4149);
#3516=AXIS2_PLACEMENT_3D('',#5166,#4151,#4152);
#3517=AXIS2_PLACEMENT_3D('',#5172,#4156,#4157);
#3518=AXIS2_PLACEMENT_3D('',#5176,#4159,#4160);
#3519=AXIS2_PLACEMENT_3D('',#5178,#4162,#4163);
#3520=AXIS2_PLACEMENT_3D('',#5182,#4166,#4167);
#3521=AXIS2_PLACEMENT_3D('',#5186,#4170,#4171);
#3522=AXIS2_PLACEMENT_3D('',#5190,#4174,#4175);
#3523=AXIS2_PLACEMENT_3D('',#5192,#4177,#4178);
#3524=AXIS2_PLACEMENT_3D('',#5196,#4180,#4181);
#3525=AXIS2_PLACEMENT_3D('',#5232,#4182,#4183);
#3526=AXIS2_PLACEMENT_3D('',#5234,#4184,#4185);
#3527=AXIS2_PLACEMENT_3D('',#5237,#4187,#4188);
#3528=AXIS2_PLACEMENT_3D('',#5238,#4189,#4190);
#3529=AXIS2_PLACEMENT_3D('',#5239,#4191,#4192);
#3530=AXIS2_PLACEMENT_3D('',#5248,#4197,#4198);
#3531=AXIS2_PLACEMENT_3D('',#5252,#4201,#4202);
#3532=AXIS2_PLACEMENT_3D('',#5259,#4203,#4204);
#3533=AXIS2_PLACEMENT_3D('',#5266,#4209,#4210);
#3534=AXIS2_PLACEMENT_3D('',#5268,#4211,#4212);
#3535=AXIS2_PLACEMENT_3D('',#5272,#4214,#4215);
#3536=AXIS2_PLACEMENT_3D('',#5280,#4219,#4220);
#3537=AXIS2_PLACEMENT_3D('',#5284,#4222,#4223);
#3538=AXIS2_PLACEMENT_3D('',#5288,#4225,#4226);
#3539=AXIS2_PLACEMENT_3D('',#5291,#4228,#4229);
#3540=AXIS2_PLACEMENT_3D('',#5295,#4231,#4232);
#3541=AXIS2_PLACEMENT_3D('',#5296,#4233,#4234);
#3542=AXIS2_PLACEMENT_3D('',#5299,#4236,#4237);
#3543=AXIS2_PLACEMENT_3D('',#5300,#4238,#4239);
#3544=AXIS2_PLACEMENT_3D('',#5301,#4240,#4241);
#3545=AXIS2_PLACEMENT_3D('',#5305,#4244,#4245);
#3546=AXIS2_PLACEMENT_3D('',#5307,#4246,#4247);
#3547=AXIS2_PLACEMENT_3D('',#5316,#4251,#4252);
#3548=AXIS2_PLACEMENT_3D('',#5318,#4254,#4255);
#3549=AXIS2_PLACEMENT_3D('',#5323,#4258,#4259);
#3550=AXIS2_PLACEMENT_3D('',#5326,#4261,#4262);
#3551=AXIS2_PLACEMENT_3D('',#5328,#4263,#4264);
#3552=AXIS2_PLACEMENT_3D('',#5330,#4265,#4266);
#3553=AXIS2_PLACEMENT_3D('',#5331,#4267,#4268);
#3554=AXIS2_PLACEMENT_3D('',#5333,#4269,#4270);
#3555=AXIS2_PLACEMENT_3D('',#5335,#4272,#4273);
#3556=AXIS2_PLACEMENT_3D('',#5339,#4276,#4277);
#3557=AXIS2_PLACEMENT_3D('',#5340,#4278,#4279);
#3558=AXIS2_PLACEMENT_3D('',#5341,#4280,#4281);
#3559=AXIS2_PLACEMENT_3D('',#5343,#4282,#4283);
#3560=AXIS2_PLACEMENT_3D('',#5345,#4285,#4286);
#3561=AXIS2_PLACEMENT_3D('',#5350,#4290,#4291);
#3562=AXIS2_PLACEMENT_3D('',#5351,#4292,#4293);
#3563=AXIS2_PLACEMENT_3D('',#5354,#4295,#4296);
#3564=AXIS2_PLACEMENT_3D('',#5355,#4297,#4298);
#3565=AXIS2_PLACEMENT_3D('',#5363,#4303,#4304);
#3566=AXIS2_PLACEMENT_3D('',#5365,#4306,#4307);
#3567=AXIS2_PLACEMENT_3D('',#5367,#4308,#4309);
#3568=AXIS2_PLACEMENT_3D('',#5369,#4311,#4312);
#3569=AXIS2_PLACEMENT_3D('',#5372,#4314,#4315);
#3570=AXIS2_PLACEMENT_3D('',#5376,#4318,#4319);
#3571=AXIS2_PLACEMENT_3D('',#5378,#4320,#4321);
#3572=AXIS2_PLACEMENT_3D('',#5379,#4322,#4323);
#3573=AXIS2_PLACEMENT_3D('',#5381,#4325,#4326);
#3574=AXIS2_PLACEMENT_3D('',#5384,#4329,#4330);
#3575=AXIS2_PLACEMENT_3D('',#5385,#4331,#4332);
#3576=AXIS2_PLACEMENT_3D('',#5387,#4334,#4335);
#3577=AXIS2_PLACEMENT_3D('',#5389,#4337,#4338);
#3578=AXIS2_PLACEMENT_3D('',#5390,#4339,#4340);
#3579=AXIS2_PLACEMENT_3D('',#5391,#4341,#4342);
#3580=AXIS2_PLACEMENT_3D('',#5393,#4343,#4344);
#3581=AXIS2_PLACEMENT_3D('',#5396,#4346,#4347);
#3582=AXIS2_PLACEMENT_3D('',#5397,#4348,#4349);
#3583=AXIS2_PLACEMENT_3D('',#5398,#4350,#4351);
#3584=AXIS2_PLACEMENT_3D('',#5401,#4353,#4354);
#3585=AXIS2_PLACEMENT_3D('',#5402,#4355,#4356);
#3586=AXIS2_PLACEMENT_3D('',#5403,#4357,#4358);
#3587=AXIS2_PLACEMENT_3D('',#5409,#4362,#4363);
#3588=AXIS2_PLACEMENT_3D('',#5411,#4364,#4365);
#3589=AXIS2_PLACEMENT_3D('',#5413,#4367,#4368);
#3590=AXIS2_PLACEMENT_3D('',#5417,#4371,#4372);
#3591=AXIS2_PLACEMENT_3D('',#5423,#4376,#4377);
#3592=AXIS2_PLACEMENT_3D('',#5429,#4381,#4382);
#3593=AXIS2_PLACEMENT_3D('',#5430,#4383,#4384);
#3594=AXIS2_PLACEMENT_3D('',#5431,#4385,#4386);
#3595=AXIS2_PLACEMENT_3D('',#5437,#4390,#4391);
#3596=AXIS2_PLACEMENT_3D('',#5439,#4392,#4393);
#3597=AXIS2_PLACEMENT_3D('',#5441,#4395,#4396);
#3598=AXIS2_PLACEMENT_3D('',#5445,#4399,#4400);
#3599=AXIS2_PLACEMENT_3D('',#5451,#4404,#4405);
#3600=AXIS2_PLACEMENT_3D('',#5453,#4406,#4407);
#3601=AXIS2_PLACEMENT_3D('',#5455,#4409,#4410);
#3602=AXIS2_PLACEMENT_3D('',#5459,#4413,#4414);
#3603=AXIS2_PLACEMENT_3D('',#5461,#4415,#4416);
#3604=AXIS2_PLACEMENT_3D('',#5465,#4418,#4419);
#3605=AXIS2_PLACEMENT_3D('',#5468,#4421,#4422);
#3606=AXIS2_PLACEMENT_3D('',#5469,#4423,#4424);
#3607=AXIS2_PLACEMENT_3D('',#5471,#4425,#4426);
#3608=AXIS2_PLACEMENT_3D('',#5473,#4427,#4428);
#3609=AXIS2_PLACEMENT_3D('',#5475,#4429,#4430);
#3610=AXIS2_PLACEMENT_3D('',#5476,#4431,#4432);
#3611=AXIS2_PLACEMENT_3D('',#5477,#4433,#4434);
#3612=AXIS2_PLACEMENT_3D('',#5479,#4435,#4436);
#3613=AXIS2_PLACEMENT_3D('',#5483,#4438,#4439);
#3614=AXIS2_PLACEMENT_3D('',#5486,#4441,#4442);
#3615=AXIS2_PLACEMENT_3D('',#5487,#4443,#4444);
#3616=AXIS2_PLACEMENT_3D('',#5489,#4445,#4446);
#3617=AXIS2_PLACEMENT_3D('',#5491,#4447,#4448);
#3618=AXIS2_PLACEMENT_3D('',#5493,#4449,#4450);
#3619=AXIS2_PLACEMENT_3D('',#5494,#4451,#4452);
#3620=AXIS2_PLACEMENT_3D('',#5495,#4453,#4454);
#3621=AXIS2_PLACEMENT_3D('',#5498,#4455,#4456);
#3622=AXIS2_PLACEMENT_3D('',#5502,#4458,#4459);
#3623=AXIS2_PLACEMENT_3D('',#5504,#4461,#4462);
#3624=AXIS2_PLACEMENT_3D('',#5506,#4463,#4464);
#3625=AXIS2_PLACEMENT_3D('',#5509,#4466,#4467);
#3626=AXIS2_PLACEMENT_3D('',#5510,#4468,#4469);
#3627=AXIS2_PLACEMENT_3D('',#5511,#4470,#4471);
#3628=AXIS2_PLACEMENT_3D('',#5513,#4472,#4473);
#3629=AXIS2_PLACEMENT_3D('',#5515,#4475,#4476);
#3630=AXIS2_PLACEMENT_3D('',#5517,#4477,#4478);
#3631=AXIS2_PLACEMENT_3D('',#5519,#4480,#4481);
#3632=AXIS2_PLACEMENT_3D('',#5521,#4482,#4483);
#3633=AXIS2_PLACEMENT_3D('',#5523,#4485,#4486);
#3634=AXIS2_PLACEMENT_3D('',#5524,#4487,#4488);
#3635=AXIS2_PLACEMENT_3D('',#5525,#4489,#4490);
#3636=AXIS2_PLACEMENT_3D('',#5526,#4491,#4492);
#3637=AXIS2_PLACEMENT_3D('',#5527,#4493,#4494);
#3638=AXIS2_PLACEMENT_3D('',#5528,#4495,#4496);
#3639=AXIS2_PLACEMENT_3D('',#5529,#4497,#4498);
#3640=AXIS2_PLACEMENT_3D('',#5532,#4499,#4500);
#3641=AXIS2_PLACEMENT_3D('',#5535,#4503,#4504);
#3642=AXIS2_PLACEMENT_3D('',#5536,#4505,#4506);
#3643=AXIS2_PLACEMENT_3D('',#5537,#4507,#4508);
#3644=AXIS2_PLACEMENT_3D('',#5539,#4509,#4510);
#3645=AXIS2_PLACEMENT_3D('',#5542,#4512,#4513);
#3646=AXIS2_PLACEMENT_3D('',#5543,#4514,#4515);
#3647=AXIS2_PLACEMENT_3D('',#5545,#4516,#4517);
#3648=AXIS2_PLACEMENT_3D('',#5548,#4519,#4520);
#3649=AXIS2_PLACEMENT_3D('',#5549,#4521,#4522);
#3650=AXIS2_PLACEMENT_3D('',#5551,#4523,#4524);
#3651=AXIS2_PLACEMENT_3D('',#5554,#4526,#4527);
#3652=AXIS2_PLACEMENT_3D('',#5555,#4528,#4529);
#3653=AXIS2_PLACEMENT_3D('',#5556,#4530,#4531);
#3654=AXIS2_PLACEMENT_3D('',#5558,#4532,#4533);
#3655=AXIS2_PLACEMENT_3D('',#5560,#4535,#4536);
#3656=AXIS2_PLACEMENT_3D('',#5561,#4537,#4538);
#3657=AXIS2_PLACEMENT_3D('',#5562,#4539,#4540);
#3658=AXIS2_PLACEMENT_3D('',#5563,#4541,#4542);
#3659=AXIS2_PLACEMENT_3D('',#5566,#4545,#4546);
#3660=AXIS2_PLACEMENT_3D('',#5567,#4547,#4548);
#3661=AXIS2_PLACEMENT_3D('',#5575,#4553,#4554);
#3662=AXIS2_PLACEMENT_3D('',#5580,#4558,#4559);
#3663=AXIS2_PLACEMENT_3D('',#5582,#4561,#4562);
#3664=AXIS2_PLACEMENT_3D('',#5584,#4564,#4565);
#3665=AXIS2_PLACEMENT_3D('',#5585,#4566,#4567);
#3666=AXIS2_PLACEMENT_3D('',#5589,#4570,#4571);
#3667=AXIS2_PLACEMENT_3D('',#5593,#4574,#4575);
#3668=AXIS2_PLACEMENT_3D('',#5597,#4578,#4579);
#3669=AXIS2_PLACEMENT_3D('',#5599,#4581,#4582);
#3670=AXIS2_PLACEMENT_3D('',#5603,#4585,#4586);
#3671=AXIS2_PLACEMENT_3D('',#5607,#4589,#4590);
#3672=AXIS2_PLACEMENT_3D('',#5609,#4592,#4593);
#3673=AXIS2_PLACEMENT_3D('',#5612,#4595,#4596);
#3674=AXIS2_PLACEMENT_3D('',#5613,#4597,#4598);
#3675=AXIS2_PLACEMENT_3D('',#5614,#4599,#4600);
#3676=AXIS2_PLACEMENT_3D('',#5617,#4602,#4603);
#3677=AXIS2_PLACEMENT_3D('',#5618,#4604,#4605);
#3678=AXIS2_PLACEMENT_3D('',#5619,#4606,#4607);
#3679=AXIS2_PLACEMENT_3D('',#5622,#4609,#4610);
#3680=AXIS2_PLACEMENT_3D('',#5623,#4611,#4612);
#3681=AXIS2_PLACEMENT_3D('',#5624,#4613,#4614);
#3682=AXIS2_PLACEMENT_3D('',#5627,#4616,#4617);
#3683=AXIS2_PLACEMENT_3D('',#5628,#4618,#4619);
#3684=AXIS2_PLACEMENT_3D('',#5629,#4620,#4621);
#3685=AXIS2_PLACEMENT_3D('',#5631,#4623,#4624);
#3686=AXIS2_PLACEMENT_3D('',#5633,#4626,#4627);
#3687=AXIS2_PLACEMENT_3D('',#5634,#4628,#4629);
#3688=DIRECTION('axis',(0.,0.,1.));
#3689=DIRECTION('refdir',(1.,0.,0.));
#3690=DIRECTION('center_axis',(-0.707106781186547,-0.707106781186548,2.05913765073282E-16));
#3691=DIRECTION('ref_axis',(2.91206039245943E-16,0.,1.));
#3692=DIRECTION('',(0.707106781186548,-0.707106781186547,0.));
#3693=DIRECTION('',(-2.91206039245943E-16,0.,-1.));
#3694=DIRECTION('',(-0.707106781186548,0.707106781186547,0.));
#3695=DIRECTION('',(-7.38979770698839E-32,2.91206039245942E-16,1.));
#3696=DIRECTION('center_axis',(0.,0.,1.));
#3697=DIRECTION('ref_axis',(1.,0.,0.));
#3698=DIRECTION('',(2.53765262771464E-16,-1.,0.));
#3699=DIRECTION('',(1.,0.,0.));
#3700=DIRECTION('',(0.,1.,0.));
#3701=DIRECTION('center_axis',(0.707106781186546,-0.707106781186549,-3.00081736424015E-13));
#3702=DIRECTION('ref_axis',(-4.24379661471312E-13,0.,-1.));
#3703=DIRECTION('',(-0.707106781186549,-0.707106781186546,0.));
#3704=DIRECTION('',(4.24379661471312E-13,0.,1.));
#3705=DIRECTION('',(0.707106781186549,0.707106781186546,4.31775426138039E-14));
#3706=DIRECTION('',(3.45693940349132E-26,4.24379661471345E-13,-1.));
#3707=DIRECTION('center_axis',(-1.,0.,4.24379661471312E-13));
#3708=DIRECTION('ref_axis',(4.24379661471312E-13,0.,1.));
#3709=DIRECTION('',(0.,-1.,0.));
#3710=DIRECTION('',(4.24379661471312E-13,0.,1.));
#3711=DIRECTION('',(0.,1.,0.));
#3712=DIRECTION('',(4.24379661471312E-13,1.33226762955019E-15,1.));
#3713=DIRECTION('',(0.,-1.,0.));
#3714=DIRECTION('',(-4.24379661471312E-13,0.,-1.));
#3715=DIRECTION('',(0.,1.,0.));
#3716=DIRECTION('',(-4.24379661471312E-13,0.,-1.));
#3717=DIRECTION('',(9.42312142696161E-28,1.,2.22044604925032E-15));
#3718=DIRECTION('',(4.24379661471312E-13,-4.44089209850063E-15,1.));
#3719=DIRECTION('',(0.,-1.,0.));
#3720=DIRECTION('center_axis',(-0.707106781186546,0.,0.707106781186549));
#3721=DIRECTION('ref_axis',(0.707106781186549,0.,0.707106781186546));
#3722=DIRECTION('',(0.,-1.,0.));
#3723=DIRECTION('',(0.577350269189628,0.577350269189623,0.577350269189626));
#3724=DIRECTION('',(0.,1.,0.));
#3725=DIRECTION('',(0.577350269189628,-0.577350269189625,0.577350269189625));
#3726=DIRECTION('center_axis',(-0.707106781186546,-0.707106781186549,0.));
#3727=DIRECTION('ref_axis',(0.,0.,1.));
#3728=DIRECTION('',(0.,0.,-1.));
#3729=DIRECTION('',(0.,0.,1.));
#3730=DIRECTION('',(0.577350269189628,-0.577350269189625,-0.577350269189625));
#3731=DIRECTION('center_axis',(-0.707106781186546,0.,-0.707106781186549));
#3732=DIRECTION('ref_axis',(-0.707106781186549,0.,0.707106781186546));
#3733=DIRECTION('',(0.,1.,0.));
#3734=DIRECTION('',(0.,-1.,0.));
#3735=DIRECTION('',(0.577350269189628,0.577350269189623,-0.577350269189626));
#3736=DIRECTION('center_axis',(-0.707106781186544,0.707106781186551,0.));
#3737=DIRECTION('ref_axis',(0.,0.,1.));
#3738=DIRECTION('',(0.,0.,-1.));
#3739=DIRECTION('',(0.,0.,1.));
#3740=DIRECTION('center_axis',(0.,1.,0.));
#3741=DIRECTION('ref_axis',(0.,0.,-1.));
#3742=DIRECTION('',(-1.,0.,0.));
#3743=DIRECTION('',(0.,0.,1.));
#3744=DIRECTION('',(-1.,0.,0.));
#3745=DIRECTION('center_axis',(0.,0.,1.));
#3746=DIRECTION('ref_axis',(0.,1.,0.));
#3747=DIRECTION('',(0.,-1.,0.));
#3748=DIRECTION('',(-1.,0.,0.));
#3749=DIRECTION('center_axis',(-1.,0.,0.));
#3750=DIRECTION('ref_axis',(0.,0.,1.));
#3751=DIRECTION('center_axis',(0.,-1.,0.));
#3752=DIRECTION('ref_axis',(0.,0.,1.));
#3753=DIRECTION('',(0.,0.,-1.));
#3754=DIRECTION('',(-1.,0.,0.));
#3755=DIRECTION('center_axis',(0.,0.,-1.));
#3756=DIRECTION('ref_axis',(0.,-1.,0.));
#3757=DIRECTION('',(0.,1.,0.));
#3758=DIRECTION('center_axis',(0.707106781186546,0.,0.707106781186549));
#3759=DIRECTION('ref_axis',(0.707106781186549,0.,-0.707106781186546));
#3760=DIRECTION('',(0.,1.,0.));
#3761=DIRECTION('',(-0.577350269189628,-0.577350269189625,0.577350269189625));
#3762=DIRECTION('',(0.,-1.,0.));
#3763=DIRECTION('',(-0.577350269189628,0.577350269189623,0.577350269189626));
#3764=DIRECTION('center_axis',(0.707106781186544,0.707106781186551,0.));
#3765=DIRECTION('ref_axis',(0.,0.,-1.));
#3766=DIRECTION('',(0.,0.,-1.));
#3767=DIRECTION('',(0.,0.,1.));
#3768=DIRECTION('',(-0.577350269189628,0.577350269189623,-0.577350269189626));
#3769=DIRECTION('center_axis',(0.707106781186546,0.,-0.707106781186549));
#3770=DIRECTION('ref_axis',(-0.707106781186549,0.,-0.707106781186546));
#3771=DIRECTION('',(0.,-1.,0.));
#3772=DIRECTION('',(0.,1.,0.));
#3773=DIRECTION('',(-0.577350269189628,-0.577350269189625,-0.577350269189625));
#3774=DIRECTION('center_axis',(0.707106781186546,-0.707106781186549,0.));
#3775=DIRECTION('ref_axis',(0.,0.,-1.));
#3776=DIRECTION('',(0.,0.,-1.));
#3777=DIRECTION('',(0.,0.,1.));
#3778=DIRECTION('center_axis',(0.,-1.,0.));
#3779=DIRECTION('ref_axis',(0.,0.,-1.));
#3780=DIRECTION('',(1.,0.,0.));
#3781=DIRECTION('',(0.,0.,1.));
#3782=DIRECTION('',(1.,0.,0.));
#3783=DIRECTION('center_axis',(0.,0.,1.));
#3784=DIRECTION('ref_axis',(0.,-1.,0.));
#3785=DIRECTION('',(0.,1.,0.));
#3786=DIRECTION('',(1.,0.,0.));
#3787=DIRECTION('center_axis',(1.,0.,0.));
#3788=DIRECTION('ref_axis',(0.,0.,-1.));
#3789=DIRECTION('center_axis',(0.,1.,0.));
#3790=DIRECTION('ref_axis',(0.,0.,1.));
#3791=DIRECTION('',(0.,0.,-1.));
#3792=DIRECTION('',(1.,0.,0.));
#3793=DIRECTION('center_axis',(0.,0.,-1.));
#3794=DIRECTION('ref_axis',(0.,1.,0.));
#3795=DIRECTION('',(0.,-1.,0.));
#3796=DIRECTION('center_axis',(-0.707106781186548,0.,-0.707106781186548));
#3797=DIRECTION('ref_axis',(-0.707106781186548,0.,0.707106781186548));
#3798=DIRECTION('',(0.,1.,0.));
#3799=DIRECTION('',(0.577350269189625,-0.577350269189628,-0.577350269189625));
#3800=DIRECTION('',(0.,-1.,0.));
#3801=DIRECTION('',(0.577350269189628,0.577350269189622,-0.577350269189628));
#3802=DIRECTION('center_axis',(-0.707106781186551,0.707106781186544,-8.79251776862911E-15));
#3803=DIRECTION('ref_axis',(-1.24344978758017E-14,0.,1.));
#3804=DIRECTION('',(0.,1.24344978758018E-14,1.));
#3805=DIRECTION('',(0.,-1.24344978758018E-14,-1.));
#3806=DIRECTION('',(0.577350269189622,0.577350269189633,0.577350269189622));
#3807=DIRECTION('center_axis',(-0.707106781186551,1.57009245868377E-15,
0.707106781186544));
#3808=DIRECTION('ref_axis',(0.707106781186544,0.,0.707106781186551));
#3809=DIRECTION('',(0.,-1.,2.22044604925031E-15));
#3810=DIRECTION('',(0.,1.,-2.22044604925031E-15));
#3811=DIRECTION('',(0.577350269189622,-0.577350269189627,0.577350269189627));
#3812=DIRECTION('center_axis',(-0.707106781186549,-0.707106781186546,-1.57009245868377E-15));
#3813=DIRECTION('ref_axis',(-2.2204460492503E-15,0.,1.));
#3814=DIRECTION('',(0.,-2.22044604925031E-15,1.));
#3815=DIRECTION('',(0.,2.22044604925031E-15,-1.));
#3816=DIRECTION('center_axis',(0.,-1.,-2.22044604925031E-15));
#3817=DIRECTION('ref_axis',(2.91206039245943E-16,-2.22044604925031E-15,
1.));
#3818=DIRECTION('',(-1.,0.,0.));
#3819=DIRECTION('',(-2.91206039245943E-16,2.22044604925031E-15,-1.));
#3820=DIRECTION('',(-1.,0.,0.));
#3821=DIRECTION('center_axis',(0.,0.,-1.));
#3822=DIRECTION('ref_axis',(0.,-1.,0.));
#3823=DIRECTION('',(0.,1.,0.));
#3824=DIRECTION('',(-1.,0.,0.));
#3825=DIRECTION('center_axis',(-1.,0.,0.));
#3826=DIRECTION('ref_axis',(0.,0.,1.));
#3827=DIRECTION('center_axis',(-0.707106781186548,0.,-0.707106781186548));
#3828=DIRECTION('ref_axis',(-0.707106781186548,0.,0.707106781186548));
#3829=DIRECTION('',(0.,1.,0.));
#3830=DIRECTION('',(0.577350269189626,-0.577350269189626,-0.577350269189626));
#3831=DIRECTION('',(0.,-1.,0.));
#3832=DIRECTION('',(0.577350269189626,0.577350269189626,-0.577350269189626));
#3833=DIRECTION('center_axis',(-0.707106781186548,0.707106781186548,0.));
#3834=DIRECTION('ref_axis',(0.,0.,1.));
#3835=DIRECTION('',(0.,0.,1.));
#3836=DIRECTION('',(0.,0.,-1.));
#3837=DIRECTION('',(0.577350269189626,0.577350269189626,0.577350269189626));
#3838=DIRECTION('center_axis',(-0.707106781186548,0.,0.707106781186548));
#3839=DIRECTION('ref_axis',(0.707106781186548,0.,0.707106781186548));
#3840=DIRECTION('',(0.,-1.,0.));
#3841=DIRECTION('',(0.,1.,0.));
#3842=DIRECTION('',(0.577350269189626,-0.577350269189626,0.577350269189626));
#3843=DIRECTION('center_axis',(-0.707106781186548,-0.707106781186548,0.));
#3844=DIRECTION('ref_axis',(0.,0.,1.));
#3845=DIRECTION('',(0.,0.,1.));
#3846=DIRECTION('',(0.,0.,-1.));
#3847=DIRECTION('center_axis',(0.,-1.,0.));
#3848=DIRECTION('ref_axis',(2.91206039245943E-16,0.,1.));
#3849=DIRECTION('',(-1.,0.,0.));
#3850=DIRECTION('',(-2.91206039245943E-16,0.,-1.));
#3851=DIRECTION('',(-1.,0.,0.));
#3852=DIRECTION('center_axis',(0.,0.,-1.));
#3853=DIRECTION('ref_axis',(0.,-1.,0.));
#3854=DIRECTION('',(0.,1.,0.));
#3855=DIRECTION('',(-1.,0.,0.));
#3856=DIRECTION('center_axis',(-1.,0.,0.));
#3857=DIRECTION('ref_axis',(0.,0.,1.));
#3858=DIRECTION('center_axis',(0.,1.,-1.24344978758018E-14));
#3859=DIRECTION('ref_axis',(-2.91206039245943E-16,-1.24344978758018E-14,
-1.));
#3860=DIRECTION('',(2.91206039245943E-16,1.24344978758018E-14,1.));
#3861=DIRECTION('',(-1.,0.,0.));
#3862=DIRECTION('center_axis',(0.,2.22044604925031E-15,1.));
#3863=DIRECTION('ref_axis',(-6.46607299361485E-31,1.,-2.22044604925031E-15));
#3864=DIRECTION('',(6.46607299361485E-31,-1.,2.22044604925031E-15));
#3865=DIRECTION('center_axis',(0.,1.,0.));
#3866=DIRECTION('ref_axis',(-2.91206039245943E-16,0.,-1.));
#3867=DIRECTION('',(2.91206039245943E-16,0.,1.));
#3868=DIRECTION('',(-1.,0.,0.));
#3869=DIRECTION('center_axis',(0.,0.,1.));
#3870=DIRECTION('ref_axis',(0.,1.,0.));
#3871=DIRECTION('',(0.,-1.,0.));
#3872=DIRECTION('center_axis',(0.70710678118651,0.,0.707106781186585));
#3873=DIRECTION('ref_axis',(0.707106781186585,0.,-0.70710678118651));
#3874=DIRECTION('',(0.,1.,0.));
#3875=DIRECTION('',(-0.577350269189657,-0.577350269189621,0.5773502691896));
#3876=DIRECTION('',(0.,-1.,0.));
#3877=DIRECTION('',(-0.577350269189659,0.577350269189621,0.577350269189598));
#3878=DIRECTION('center_axis',(0.707106781186543,0.707106781186552,3.14018491736753E-14));
#3879=DIRECTION('ref_axis',(4.44089209850062E-14,0.,-1.));
#3880=DIRECTION('',(4.44089209850062E-14,0.,-1.));
#3881=DIRECTION('',(-4.44089209850062E-14,0.,1.));
#3882=DIRECTION('',(-0.577350269189601,0.577350269189624,-0.577350269189652));
#3883=DIRECTION('center_axis',(0.707106781186573,0.,-0.707106781186522));
#3884=DIRECTION('ref_axis',(-0.707106781186522,0.,-0.707106781186573));
#3885=DIRECTION('',(0.,-1.,0.));
#3886=DIRECTION('',(0.,1.,0.));
#3887=DIRECTION('',(-0.577350269189598,-0.577350269189626,-0.577350269189654));
#3888=DIRECTION('center_axis',(0.707106781186546,-0.707106781186549,3.23439046488857E-14));
#3889=DIRECTION('ref_axis',(4.57411886145564E-14,0.,-1.));
#3890=DIRECTION('',(4.44089209850062E-14,-1.33226762955019E-15,-1.));
#3891=DIRECTION('',(-4.44089209850062E-14,1.33226762955019E-15,1.));
#3892=DIRECTION('center_axis',(-5.91645678915758E-29,-1.,1.33226762955019E-15));
#3893=DIRECTION('ref_axis',(4.65929662793508E-14,-1.33226762955019E-15,
-1.));
#3894=DIRECTION('',(1.,0.,4.44089209850062E-14));
#3895=DIRECTION('',(1.,0.,4.44089209850062E-14));
#3896=DIRECTION('center_axis',(-4.44089209850062E-14,0.,1.));
#3897=DIRECTION('ref_axis',(0.,-1.,0.));
#3898=DIRECTION('',(1.,0.,4.44089209850062E-14));
#3899=DIRECTION('center_axis',(1.,0.,4.44089209850062E-14));
#3900=DIRECTION('ref_axis',(4.44089209850062E-14,0.,-1.));
#3901=DIRECTION('center_axis',(0.707106781186585,0.,-0.70710678118651));
#3902=DIRECTION('ref_axis',(-0.70710678118651,0.,-0.707106781186585));
#3903=DIRECTION('',(0.,-1.,0.));
#3904=DIRECTION('',(-0.577350269189592,0.577350269189631,-0.577350269189654));
#3905=DIRECTION('',(0.,1.,0.));
#3906=DIRECTION('',(-0.577350269189596,-0.577350269189629,-0.577350269189652));
#3907=DIRECTION('center_axis',(0.707106781186554,-0.707106781186541,2.82616642563082E-14));
#3908=DIRECTION('ref_axis',(3.99680288865057E-14,0.,-1.));
#3909=DIRECTION('',(-4.44089209850062E-14,-4.44089209850063E-15,1.));
#3910=DIRECTION('',(4.44089209850062E-14,4.44089209850063E-15,-1.));
#3911=DIRECTION('',(-0.577350269189645,-0.577350269189633,0.577350269189599));
#3912=DIRECTION('center_axis',(0.707106781186519,-1.57009245868377E-15,
0.707106781186576));
#3913=DIRECTION('ref_axis',(0.707106781186576,0.,-0.707106781186519));
#3914=DIRECTION('',(-9.86076131526265E-29,1.,2.22044604925032E-15));
#3915=DIRECTION('',(9.86076131526265E-29,-1.,-2.22044604925032E-15));
#3916=DIRECTION('',(-0.577350269189645,0.577350269189628,0.577350269189604));
#3917=DIRECTION('center_axis',(0.707106781186555,0.70710678118654,3.14018491736758E-14));
#3918=DIRECTION('ref_axis',(4.44089209850062E-14,0.,-1.));
#3919=DIRECTION('',(-4.44089209850062E-14,0.,1.));
#3920=DIRECTION('',(4.44089209850062E-14,0.,-1.));
#3921=DIRECTION('center_axis',(0.,1.,0.));
#3922=DIRECTION('ref_axis',(-4.65929662793508E-14,0.,1.));
#3923=DIRECTION('',(1.,0.,4.44089209850062E-14));
#3924=DIRECTION('',(1.,0.,4.44089209850062E-14));
#3925=DIRECTION('center_axis',(4.44089209850062E-14,0.,-1.));
#3926=DIRECTION('ref_axis',(0.,1.,0.));
#3927=DIRECTION('',(1.,0.,4.44089209850062E-14));
#3928=DIRECTION('center_axis',(1.,0.,4.44089209850062E-14));
#3929=DIRECTION('ref_axis',(4.44089209850062E-14,0.,-1.));
#3930=DIRECTION('center_axis',(1.97215226305253E-28,-1.,-4.44089209850063E-15));
#3931=DIRECTION('ref_axis',(4.65929662793508E-14,4.44089209850063E-15,-1.));
#3932=DIRECTION('',(1.,0.,4.44089209850062E-14));
#3933=DIRECTION('center_axis',(-4.44089209850062E-14,-2.22044604925032E-15,
1.));
#3934=DIRECTION('ref_axis',(1.03457167897838E-28,-1.,-2.22044604925032E-15));
#3935=DIRECTION('center_axis',(0.,1.,0.));
#3936=DIRECTION('ref_axis',(-4.65929662793508E-14,0.,1.));
#3937=DIRECTION('',(1.,0.,4.44089209850062E-14));
#3938=DIRECTION('center_axis',(4.44089209850062E-14,0.,-1.));
#3939=DIRECTION('ref_axis',(0.,1.,0.));
#3940=DIRECTION('center_axis',(-1.,0.,0.));
#3941=DIRECTION('ref_axis',(0.,0.,-1.));
#3942=DIRECTION('',(0.,0.,-1.));
#3943=DIRECTION('',(0.,1.,0.));
#3944=DIRECTION('',(0.,0.,1.));
#3945=DIRECTION('',(0.,-1.,0.));
#3946=DIRECTION('center_axis',(1.,0.,0.));
#3947=DIRECTION('ref_axis',(0.,0.,1.));
#3948=DIRECTION('',(0.,0.,1.));
#3949=DIRECTION('',(0.,1.,0.));
#3950=DIRECTION('',(0.,0.,-1.));
#3951=DIRECTION('',(0.,-1.,0.));
#3952=DIRECTION('center_axis',(1.,0.,-2.91206039245943E-16));
#3953=DIRECTION('ref_axis',(-2.91206039245943E-16,0.,-1.));
#3954=DIRECTION('',(-2.91206039245943E-16,0.,-1.));
#3955=DIRECTION('',(0.,1.,0.));
#3956=DIRECTION('center_axis',(-6.10622663543836E-14,0.,1.));
#3957=DIRECTION('ref_axis',(1.,0.,6.10622663543836E-14));
#3958=DIRECTION('',(1.,0.,6.10622663543836E-14));
#3959=DIRECTION('',(8.14586493496401E-14,1.,4.97404974345605E-27));
#3960=DIRECTION('center_axis',(-1.,8.14586493496401E-14,0.));
#3961=DIRECTION('ref_axis',(-8.14586493496401E-14,-1.,0.));
#3962=DIRECTION('',(0.,0.,1.));
#3963=DIRECTION('',(-8.14586493496401E-14,-1.,0.));
#3964=DIRECTION('',(0.,0.,-1.));
#3965=DIRECTION('',(-8.14586493496401E-14,-1.,0.));
#3966=DIRECTION('',(0.,0.,1.));
#3967=DIRECTION('',(-8.14586493496401E-14,-1.,0.));
#3968=DIRECTION('',(-5.75999633414276E-14,-0.707106781186548,-0.707106781186547));
#3969=DIRECTION('',(-8.14586493496401E-14,-1.,0.));
#3970=DIRECTION('',(0.,0.,1.));
#3971=DIRECTION('',(8.14586493496401E-14,1.,0.));
#3972=DIRECTION('center_axis',(1.,-8.14586493496401E-14,0.));
#3973=DIRECTION('ref_axis',(-8.14163551391781E-14,-1.,0.));
#3974=DIRECTION('center_axis',(0.,-1.,0.));
#3975=DIRECTION('ref_axis',(1.,0.,0.));
#3976=DIRECTION('',(1.,0.,0.));
#3977=DIRECTION('',(0.,0.,1.));
#3978=DIRECTION('',(-1.,0.,0.));
#3979=DIRECTION('center_axis',(0.,0.,1.));
#3980=DIRECTION('ref_axis',(1.,0.,0.));
#3981=DIRECTION('',(-1.,7.10542735760126E-16,0.));
#3982=DIRECTION('',(-2.53765262771464E-16,1.,0.));
#3983=DIRECTION('center_axis',(0.,0.,-1.));
#3984=DIRECTION('ref_axis',(-1.,0.,0.));
#3985=DIRECTION('center_axis',(0.,0.,-1.));
#3986=DIRECTION('ref_axis',(-1.,0.,0.));
#3987=DIRECTION('',(1.,0.,0.));
#3988=DIRECTION('',(0.,1.,0.));
#3989=DIRECTION('',(-1.,5.32907051820075E-16,0.));
#3990=DIRECTION('',(2.53765262771464E-16,-1.,0.));
#3991=DIRECTION('center_axis',(0.,1.,0.));
#3992=DIRECTION('ref_axis',(-1.,0.,0.));
#3993=DIRECTION('',(1.,0.,0.));
#3994=DIRECTION('',(1.11022302462516E-15,0.,1.));
#3995=DIRECTION('',(-1.,0.,0.));
#3996=DIRECTION('',(0.,0.,1.));
#3997=DIRECTION('',(-1.,0.,0.));
#3998=DIRECTION('',(0.,0.,-1.));
#3999=DIRECTION('',(1.,0.,0.));
#4000=DIRECTION('',(0.,0.,1.));
#4001=DIRECTION('',(-1.,0.,0.));
#4002=DIRECTION('',(0.,0.,-1.));
#4003=DIRECTION('',(-1.,0.,0.));
#4004=DIRECTION('',(0.,0.,-1.));
#4005=DIRECTION('',(0.,0.,1.));
#4006=DIRECTION('',(-1.,0.,0.));
#4007=DIRECTION('',(-1.,3.5527136788005E-16,0.));
#4008=DIRECTION('center_axis',(0.,-1.,0.));
#4009=DIRECTION('ref_axis',(-1.,0.,0.));
#4010=DIRECTION('',(1.,0.,0.));
#4011=DIRECTION('center_axis',(0.,-1.,0.));
#4012=DIRECTION('ref_axis',(-1.,0.,0.));
#4013=DIRECTION('',(1.,0.,0.));
#4014=DIRECTION('center_axis',(0.,-1.,0.));
#4015=DIRECTION('ref_axis',(-1.,0.,0.));
#4016=DIRECTION('',(-1.,0.,0.));
#4017=DIRECTION('center_axis',(0.,-1.,0.));
#4018=DIRECTION('ref_axis',(-1.,0.,0.));
#4019=DIRECTION('',(-1.,0.,0.));
#4020=DIRECTION('',(1.,0.,0.));
#4021=DIRECTION('center_axis',(0.,-1.,0.));
#4022=DIRECTION('ref_axis',(-1.,0.,0.));
#4023=DIRECTION('',(1.,0.,0.));
#4024=DIRECTION('center_axis',(0.,-1.,0.));
#4025=DIRECTION('ref_axis',(-1.,0.,0.));
#4026=DIRECTION('',(-1.,0.,0.));
#4027=DIRECTION('center_axis',(0.,-1.,0.));
#4028=DIRECTION('ref_axis',(-1.,0.,0.));
#4029=DIRECTION('',(-1.,0.,-6.1136300351426E-14));
#4030=DIRECTION('center_axis',(0.,-1.,0.));
#4031=DIRECTION('ref_axis',(-1.,0.,0.));
#4032=DIRECTION('center_axis',(0.707106781186548,-0.707106781186548,7.79418789370003E-17));
#4033=DIRECTION('ref_axis',(1.10226462269548E-16,0.,-1.));
#4034=DIRECTION('',(1.11022302462516E-16,7.95840192967998E-19,-1.));
#4035=DIRECTION('',(-0.707106781186548,-0.707106781186548,0.));
#4036=DIRECTION('',(-1.10226462269548E-16,-5.47382212626882E-48,1.));
#4037=DIRECTION('',(0.705971839845809,0.705971839845808,-0.0566349952719022));
#4038=DIRECTION('center_axis',(0.698063543398861,-0.707106781186547,-0.112726613439006));
#4039=DIRECTION('ref_axis',(-0.159419505565831,0.,-0.987210930472888));
#4040=DIRECTION('',(-0.159419505565843,-1.14616749483916E-14,-0.987210930472886));
#4041=DIRECTION('',(0.159419505565831,-6.83827292012248E-17,0.987210930472888));
#4042=DIRECTION('',(-0.698063543398861,-0.707106781186545,0.112726613439016));
#4043=DIRECTION('center_axis',(4.28948320712114E-16,1.,0.));
#4044=DIRECTION('ref_axis',(-0.987210930472885,1.951897326413E-16,-0.15941950556585));
#4045=DIRECTION('center_axis',(0.,1.,0.));
#4046=DIRECTION('ref_axis',(1.,0.,0.));
#4047=DIRECTION('center_axis',(-4.28948320712151E-16,-1.,-4.72814558885637E-32));
#4048=DIRECTION('ref_axis',(-0.987210930472885,0.,-0.15941950556585));
#4049=DIRECTION('',(0.698063543398861,-0.707106781186545,0.112726613439019));
#4050=DIRECTION('center_axis',(-0.698063543398856,-0.70710678118655,-0.11272661343902));
#4051=DIRECTION('ref_axis',(-0.159419505565852,0.,0.987210930472885));
#4052=DIRECTION('',(-0.159419505565852,7.85046229341885E-17,0.987210930472885));
#4053=DIRECTION('',(0.159419505565852,-6.83827292012337E-17,-0.987210930472885));
#4054=DIRECTION('',(-0.705971839845811,0.705971839845805,-0.056634995271918));
#4055=DIRECTION('center_axis',(-0.707106781186545,-0.70710678118655,-3.34330380831761E-32));
#4056=DIRECTION('ref_axis',(-4.7281455888564E-32,0.,1.));
#4057=DIRECTION('',(0.,-4.72814558885637E-32,1.));
#4058=DIRECTION('',(0.,4.72814558885637E-32,-1.));
#4059=DIRECTION('',(-0.70710678118655,0.707106781186545,0.));
#4060=DIRECTION('center_axis',(0.,-1.,0.));
#4061=DIRECTION('ref_axis',(-0.987210930472885,0.,-0.15941950556585));
#4062=DIRECTION('',(0.,-1.,0.));
#4063=DIRECTION('center_axis',(0.,-1.,0.));
#4064=DIRECTION('ref_axis',(-0.987210930472885,0.,-0.15941950556585));
#4065=DIRECTION('',(0.,-1.,0.));
#4066=DIRECTION('center_axis',(-0.987210930472885,0.,-0.159419505565852));
#4067=DIRECTION('ref_axis',(0.159419505565852,0.,-0.987210930472885));
#4068=DIRECTION('',(-0.159419505565852,0.,0.987210930472885));
#4069=DIRECTION('',(0.,-1.,0.));
#4070=DIRECTION('center_axis',(-1.,0.,0.));
#4071=DIRECTION('ref_axis',(0.,-1.10226462269548E-16,-1.));
#4072=DIRECTION('',(0.,1.10226462269548E-16,1.));
#4073=DIRECTION('',(0.,1.,0.));
#4074=DIRECTION('center_axis',(1.,0.,1.10226462269548E-16));
#4075=DIRECTION('ref_axis',(-1.10226462269548E-16,0.,1.));
#4076=DIRECTION('',(0.,-1.,0.));
#4077=DIRECTION('',(1.10226462269548E-16,0.,-1.));
#4078=DIRECTION('',(0.,-1.,0.));
#4079=DIRECTION('center_axis',(0.987210930472888,0.,-0.159419505565831));
#4080=DIRECTION('ref_axis',(0.159419505565831,-6.83827292012248E-17,0.987210930472888));
#4081=DIRECTION('',(-0.159419505565831,6.83827292012248E-17,-0.987210930472888));
#4082=DIRECTION('center_axis',(-4.28948320712151E-16,-1.,-4.72814558885637E-32));
#4083=DIRECTION('ref_axis',(1.,-4.28948320712151E-16,0.));
#4084=DIRECTION('',(-1.11022302462516E-16,3.41374314328855E-34,1.));
#4085=DIRECTION('',(0.159419505565843,-6.83827292012297E-17,0.987210930472886));
#4086=DIRECTION('center_axis',(-4.28948320712151E-16,-1.,-4.72814558885637E-32));
#4087=DIRECTION('ref_axis',(1.,0.,0.));
#4088=DIRECTION('',(0.159419505565852,-6.83827292012337E-17,-0.987210930472885));
#4089=DIRECTION('',(0.,4.72814558885637E-32,-1.));
#4090=DIRECTION('',(1.,-4.28948320712151E-16,0.));
#4091=DIRECTION('',(1.,-4.28948320712151E-16,0.));
#4092=DIRECTION('center_axis',(0.,0.,1.));
#4093=DIRECTION('ref_axis',(1.,0.,0.));
#4094=DIRECTION('',(0.,-1.,0.));
#4095=DIRECTION('',(1.,-5.32907051820075E-16,0.));
#4096=DIRECTION('',(0.,1.,0.));
#4097=DIRECTION('',(-5.39251183389362E-16,-1.,0.));
#4098=DIRECTION('',(1.,0.,0.));
#4099=DIRECTION('',(0.,-1.,0.));
#4100=DIRECTION('',(-0.707106781186547,-0.707106781186548,0.));
#4101=DIRECTION('',(0.,-1.,0.));
#4102=DIRECTION('center_axis',(1.,0.,1.11022302462516E-16));
#4103=DIRECTION('ref_axis',(1.11022302462516E-16,0.,-1.));
#4104=DIRECTION('',(0.,1.,0.));
#4105=DIRECTION('',(1.11022302462516E-16,-5.91645678915759E-32,-1.));
#4106=DIRECTION('center_axis',(1.,0.,1.11022302462516E-16));
#4107=DIRECTION('ref_axis',(1.11022302462516E-16,0.,-1.));
#4108=DIRECTION('',(1.11022302462516E-16,8.83563143531009E-19,-1.));
#4109=DIRECTION('',(0.,1.,0.));
#4110=DIRECTION('center_axis',(0.987210930472886,0.,-0.159419505565843));
#4111=DIRECTION('ref_axis',(-0.159419505565843,-1.22014758905519E-32,-0.987210930472886));
#4112=DIRECTION('',(0.,1.,0.));
#4113=DIRECTION('',(-0.159419505565843,8.49557787137073E-17,-0.987210930472886));
#4114=DIRECTION('center_axis',(0.987210930472886,0.,-0.159419505565843));
#4115=DIRECTION('ref_axis',(-0.159419505565843,-1.22014758905519E-32,-0.987210930472886));
#4116=DIRECTION('',(-0.159419505565843,-1.15990580385264E-14,-0.987210930472886));
#4117=DIRECTION('',(0.,1.,0.));
#4118=DIRECTION('center_axis',(-1.,0.,0.));
#4119=DIRECTION('ref_axis',(0.,0.,1.));
#4120=DIRECTION('',(0.,1.,0.));
#4121=DIRECTION('',(0.,0.,1.));
#4122=DIRECTION('',(0.,1.,0.));
#4123=DIRECTION('center_axis',(0.,1.,0.));
#4124=DIRECTION('ref_axis',(1.,0.,0.));
#4125=DIRECTION('',(0.,1.,0.));
#4126=DIRECTION('center_axis',(5.32907051820075E-16,1.,0.));
#4127=DIRECTION('ref_axis',(1.,0.,0.));
#4128=DIRECTION('center_axis',(-0.987210930472885,0.,-0.159419505565852));
#4129=DIRECTION('ref_axis',(-0.159419505565852,1.22014758905518E-32,0.987210930472885));
#4130=DIRECTION('',(-0.159419505565852,8.49557787137124E-17,0.987210930472885));
#4131=DIRECTION('center_axis',(0.707106781186548,-0.707106781186547,7.78798494437915E-17));
#4132=DIRECTION('ref_axis',(1.10138739318985E-16,0.,-1.));
#4133=DIRECTION('',(-1.10138739318985E-16,0.,1.));
#4134=DIRECTION('',(0.705971839845808,0.705971839845808,-0.0566349952719115));
#4135=DIRECTION('center_axis',(-0.698063543398859,-0.707106781186547,-0.112726613439021));
#4136=DIRECTION('ref_axis',(-0.159419505565852,0.,0.987210930472885));
#4137=DIRECTION('',(0.159419505565852,0.,-0.987210930472885));
#4138=DIRECTION('',(-0.705971839845807,0.705971839845808,-0.0566349952719177));
#4139=DIRECTION('',(-0.159419505565852,3.92523114670944E-17,0.987210930472885));
#4140=DIRECTION('',(0.698063543398858,-0.707106781186548,0.112726613439019));
#4141=DIRECTION('center_axis',(0.,1.,0.));
#4142=DIRECTION('ref_axis',(-0.987210930472885,0.,-0.15941950556585));
#4143=DIRECTION('',(-0.698063543398859,-0.707106781186547,0.112726613439015));
#4144=DIRECTION('center_axis',(0.,-1.,0.));
#4145=DIRECTION('ref_axis',(-0.987210930472885,0.,-0.15941950556585));
#4146=DIRECTION('center_axis',(0.,1.,0.));
#4147=DIRECTION('ref_axis',(1.,0.,0.));
#4148=DIRECTION('center_axis',(0.698063543398861,-0.707106781186547,-0.112726613439006));
#4149=DIRECTION('ref_axis',(-0.159419505565831,0.,-0.987210930472888));
#4150=DIRECTION('',(0.159419505565831,0.,0.987210930472888));
#4151=DIRECTION('center_axis',(-0.707106781186548,-0.707106781186547,0.));
#4152=DIRECTION('ref_axis',(0.,0.,1.));
#4153=DIRECTION('',(0.,0.,1.));
#4154=DIRECTION('',(0.,0.,-1.));
#4155=DIRECTION('',(-0.707106781186547,0.707106781186548,0.));
#4156=DIRECTION('center_axis',(0.,-1.,0.));
#4157=DIRECTION('ref_axis',(-0.987210930472885,0.,-0.15941950556585));
#4158=DIRECTION('',(0.,-1.,0.));
#4159=DIRECTION('center_axis',(0.,-1.,0.));
#4160=DIRECTION('ref_axis',(-0.987210930472885,0.,-0.15941950556585));
#4161=DIRECTION('',(0.,-1.,0.));
#4162=DIRECTION('center_axis',(-0.987210930472885,0.,-0.159419505565852));
#4163=DIRECTION('ref_axis',(0.159419505565852,0.,-0.987210930472885));
#4164=DIRECTION('',(0.159419505565852,0.,-0.987210930472885));
#4165=DIRECTION('',(0.,-1.,0.));
#4166=DIRECTION('center_axis',(-1.,0.,0.));
#4167=DIRECTION('ref_axis',(0.,0.,-1.));
#4168=DIRECTION('',(0.,0.,-1.));
#4169=DIRECTION('',(0.,1.,0.));
#4170=DIRECTION('center_axis',(1.,0.,1.10138739318985E-16));
#4171=DIRECTION('ref_axis',(-1.10138739318985E-16,0.,1.));
#4172=DIRECTION('',(-1.10138739318985E-16,0.,1.));
#4173=DIRECTION('',(0.,-1.,0.));
#4174=DIRECTION('center_axis',(0.987210930472888,0.,-0.159419505565831));
#4175=DIRECTION('ref_axis',(0.159419505565831,0.,0.987210930472888));
#4176=DIRECTION('',(0.159419505565831,0.,0.987210930472888));
#4177=DIRECTION('center_axis',(0.,1.,0.));
#4178=DIRECTION('ref_axis',(1.,0.,0.));
#4179=DIRECTION('',(0.,1.,0.));
#4180=DIRECTION('center_axis',(0.,1.,0.));
#4181=DIRECTION('ref_axis',(1.,0.,0.));
#4182=DIRECTION('center_axis',(-1.,-4.93432455388958E-16,0.));
#4183=DIRECTION('ref_axis',(-4.93432455388958E-16,1.,0.));
#4184=DIRECTION('center_axis',(-1.,-2.53765262771464E-16,0.));
#4185=DIRECTION('ref_axis',(-4.93432455388958E-16,1.,0.));
#4186=DIRECTION('',(-1.,-4.93432455388958E-16,0.));
#4187=DIRECTION('center_axis',(-1.,-2.53765262771464E-16,0.));
#4188=DIRECTION('ref_axis',(-2.53765262771464E-16,1.,0.));
#4189=DIRECTION('center_axis',(1.,2.53765262771464E-16,0.));
#4190=DIRECTION('ref_axis',(-2.53765262771464E-16,1.,0.));
#4191=DIRECTION('center_axis',(-2.59095221616139E-16,1.,-1.70803542250024E-16));
#4192=DIRECTION('ref_axis',(4.33440057813742E-32,-1.70803542250024E-16,
-1.));
#4193=DIRECTION('',(0.,0.,1.));
#4194=DIRECTION('',(-1.,-2.59095221616139E-16,0.));
#4195=DIRECTION('',(4.33440057813742E-32,-1.70803542250024E-16,-1.));
#4196=DIRECTION('',(-1.,-2.59095221616139E-16,0.));
#4197=DIRECTION('center_axis',(-1.,-2.59095221616139E-16,0.));
#4198=DIRECTION('ref_axis',(0.,0.,1.));
#4199=DIRECTION('',(2.59095221616139E-16,-1.,0.));
#4200=DIRECTION('',(-1.79439138135289E-16,0.707106781186548,0.707106781186547));
#4201=DIRECTION('center_axis',(1.83207988177803E-16,-0.707106781186547,
0.707106781186548));
#4202=DIRECTION('ref_axis',(-1.79439138135289E-16,0.707106781186548,0.707106781186547));
#4203=DIRECTION('center_axis',(-1.83207988177803E-16,0.707106781186547,
-0.707106781186548));
#4204=DIRECTION('ref_axis',(7.78592475063613E-13,0.707106781186548,0.707106781186547));
#4205=DIRECTION('',(1.,2.59095221616139E-16,0.));
#4206=DIRECTION('',(1.,1.61993115553699E-16,0.));
#4207=DIRECTION('',(-1.79439138135289E-16,0.707106781186548,0.707106781186547));
#4208=DIRECTION('',(1.,2.59095221616139E-16,0.));
#4209=DIRECTION('center_axis',(0.,0.,-1.));
#4210=DIRECTION('ref_axis',(1.,0.,0.));
#4211=DIRECTION('center_axis',(0.,0.,1.));
#4212=DIRECTION('ref_axis',(1.1010960377966E-12,1.,0.));
#4213=DIRECTION('',(1.,-5.12853648437711E-13,0.));
#4214=DIRECTION('center_axis',(0.,0.,1.));
#4215=DIRECTION('ref_axis',(-9.41714327513117E-13,-1.,0.));
#4216=DIRECTION('',(1.,-8.14530602955738E-14,0.));
#4217=DIRECTION('',(8.14530602955738E-14,1.,0.));
#4218=DIRECTION('',(-1.,8.14530602955738E-14,0.));
#4219=DIRECTION('center_axis',(0.,0.,-1.));
#4220=DIRECTION('ref_axis',(-0.371142857142857,-0.928575780209584,0.));
#4221=DIRECTION('',(-1.,7.70357197526437E-14,0.));
#4222=DIRECTION('center_axis',(0.,0.,1.));
#4223=DIRECTION('ref_axis',(-9.41714327513117E-13,-1.,0.));
#4224=DIRECTION('',(-1.,1.27273191985493E-12,0.));
#4225=DIRECTION('center_axis',(0.,0.,1.));
#4226=DIRECTION('ref_axis',(1.1010960377966E-12,1.,0.));
#4227=DIRECTION('',(-1.,-1.76148749434517E-16,0.));
#4228=DIRECTION('center_axis',(0.,0.,-1.));
#4229=DIRECTION('ref_axis',(-0.371142857142857,-0.928575780209584,0.));
#4230=DIRECTION('',(1.,0.,0.));
#4231=DIRECTION('center_axis',(0.,0.,1.));
#4232=DIRECTION('ref_axis',(1.,0.,0.));
#4233=DIRECTION('center_axis',(1.,-8.14163551391781E-14,0.));
#4234=DIRECTION('ref_axis',(-8.14163551391781E-14,-1.,0.));
#4235=DIRECTION('',(1.,-8.14163551391781E-14,0.));
#4236=DIRECTION('center_axis',(1.,-8.14586493496401E-14,0.));
#4237=DIRECTION('ref_axis',(-8.14586493496401E-14,-1.,0.));
#4238=DIRECTION('center_axis',(-1.,8.14586493496401E-14,0.));
#4239=DIRECTION('ref_axis',(-8.14586493496401E-14,-1.,0.));
#4240=DIRECTION('center_axis',(1.,-8.14530602955738E-14,0.));
#4241=DIRECTION('ref_axis',(0.,0.,-1.));
#4242=DIRECTION('',(-5.75999633414277E-14,-0.707106781186548,-0.707106781186547));
#4243=DIRECTION('',(0.,0.,1.));
#4244=DIRECTION('center_axis',(-5.75960112833969E-14,-0.707106781186547,
0.707106781186548));
#4245=DIRECTION('ref_axis',(-5.75999633414277E-14,-0.707106781186548,-0.707106781186547));
#4246=DIRECTION('center_axis',(5.75960112833969E-14,0.707106781186547,-0.707106781186548));
#4247=DIRECTION('ref_axis',(-6.65892586925055E-13,-0.707106781186548,-0.707106781186547));
#4248=DIRECTION('',(1.,-8.14530602955738E-14,0.));
#4249=DIRECTION('',(1.,-7.72383174959399E-14,0.));
#4250=DIRECTION('',(1.,-8.14530602955738E-14,0.));
#4251=DIRECTION('center_axis',(8.14530602955738E-14,1.,0.));
#4252=DIRECTION('ref_axis',(0.,0.,1.));
#4253=DIRECTION('',(0.,0.,1.));
#4254=DIRECTION('center_axis',(0.,0.,1.));
#4255=DIRECTION('ref_axis',(-1.,0.,0.));
#4256=DIRECTION('',(-2.53765262771464E-16,1.,0.));
#4257=DIRECTION('',(1.,-5.32907051820075E-16,0.));
#4258=DIRECTION('center_axis',(0.,0.,-1.));
#4259=DIRECTION('ref_axis',(-9.41714327513117E-13,-1.,0.));
#4260=DIRECTION('',(-1.,5.12853648437711E-13,0.));
#4261=DIRECTION('center_axis',(0.,0.,-1.));
#4262=DIRECTION('ref_axis',(-1.1010960377966E-12,-1.,0.));
#4263=DIRECTION('center_axis',(0.,0.,1.));
#4264=DIRECTION('ref_axis',(1.,0.,0.));
#4265=DIRECTION('center_axis',(0.,0.,1.));
#4266=DIRECTION('ref_axis',(1.,0.,0.));
#4267=DIRECTION('center_axis',(0.,0.,-1.));
#4268=DIRECTION('ref_axis',(-9.41714327513117E-13,-1.,0.));
#4269=DIRECTION('center_axis',(0.,0.,1.));
#4270=DIRECTION('ref_axis',(-9.41714327513117E-13,-1.,0.));
#4271=DIRECTION('',(-6.65817333260588E-13,-0.707106781186547,-0.707106781186547));
#4272=DIRECTION('center_axis',(3.62642292566567E-13,0.707106781186548,-0.707106781186548));
#4273=DIRECTION('ref_axis',(-1.,0.,-5.12853648437711E-13));
#4274=DIRECTION('',(-3.63083881070623E-13,-0.707106781186547,-0.707106781186547));
#4275=DIRECTION('',(1.,-5.12853648437711E-13,0.));
#4276=DIRECTION('center_axis',(0.,0.,-1.));
#4277=DIRECTION('ref_axis',(-1.1010960377966E-12,-1.,0.));
#4278=DIRECTION('center_axis',(0.,0.,1.));
#4279=DIRECTION('ref_axis',(-1.1010960377966E-12,-1.,0.));
#4280=DIRECTION('center_axis',(0.,0.,1.));
#4281=DIRECTION('ref_axis',(-0.371142857142857,-0.928575780209584,0.));
#4282=DIRECTION('center_axis',(0.,0.,-1.));
#4283=DIRECTION('ref_axis',(-0.371142857142857,-0.928575780209584,0.));
#4284=DIRECTION('',(0.,0.,1.));
#4285=DIRECTION('center_axis',(7.70357197526437E-14,1.,0.));
#4286=DIRECTION('ref_axis',(-1.,7.70357197526437E-14,0.));
#4287=DIRECTION('',(-1.,7.70357197526437E-14,0.));
#4288=DIRECTION('',(-1.,7.70357197526437E-14,0.));
#4289=DIRECTION('',(0.,0.,-1.));
#4290=DIRECTION('center_axis',(0.,0.,-1.));
#4291=DIRECTION('ref_axis',(1.,0.,0.));
#4292=DIRECTION('center_axis',(0.,0.,1.));
#4293=DIRECTION('ref_axis',(-0.371142857142857,-0.928575780209584,0.));
#4294=DIRECTION('',(0.,0.,1.));
#4295=DIRECTION('center_axis',(0.,0.,-1.));
#4296=DIRECTION('ref_axis',(-0.371142857142857,-0.928575780209584,0.));
#4297=DIRECTION('center_axis',(-1.76148749434517E-16,1.,0.));
#4298=DIRECTION('ref_axis',(-1.,-1.76148749434517E-16,0.));
#4299=DIRECTION('',(0.,0.,1.));
#4300=DIRECTION('',(-1.,-1.76148749434517E-16,0.));
#4301=DIRECTION('',(0.,0.,-1.));
#4302=DIRECTION('',(-1.,-1.76148749434517E-16,0.));
#4303=DIRECTION('center_axis',(0.,0.,-1.));
#4304=DIRECTION('ref_axis',(1.,0.,0.));
#4305=DIRECTION('',(-2.53765262771464E-16,1.,0.));
#4306=DIRECTION('center_axis',(0.,0.,1.));
#4307=DIRECTION('ref_axis',(-9.41714327513117E-13,-1.,0.));
#4308=DIRECTION('center_axis',(0.,0.,1.));
#4309=DIRECTION('ref_axis',(-9.41714327513117E-13,-1.,0.));
#4310=DIRECTION('',(0.,0.,1.));
#4311=DIRECTION('center_axis',(0.,0.,1.));
#4312=DIRECTION('ref_axis',(-1.,0.,0.));
#4313=DIRECTION('',(-2.53765262771464E-16,1.,0.));
#4314=DIRECTION('center_axis',(0.,0.,1.));
#4315=DIRECTION('ref_axis',(1.1010960377966E-12,1.,0.));
#4316=DIRECTION('',(-1.,1.27273191985493E-12,0.));
#4317=DIRECTION('',(1.,1.23634436022262E-13,0.));
#4318=DIRECTION('center_axis',(0.,0.,1.));
#4319=DIRECTION('ref_axis',(1.,0.,0.));
#4320=DIRECTION('center_axis',(0.,0.,1.));
#4321=DIRECTION('ref_axis',(1.,0.,0.));
#4322=DIRECTION('center_axis',(0.,0.,1.));
#4323=DIRECTION('ref_axis',(1.1010960377966E-12,1.,0.));
#4324=DIRECTION('',(0.,0.,1.));
#4325=DIRECTION('center_axis',(0.,0.,1.));
#4326=DIRECTION('ref_axis',(-3.82856869892695E-16,1.,0.));
#4327=DIRECTION('',(0.,0.,1.));
#4328=DIRECTION('',(0.,0.,1.));
#4329=DIRECTION('center_axis',(0.,-1.,0.));
#4330=DIRECTION('ref_axis',(1.,0.,0.));
#4331=DIRECTION('center_axis',(0.,0.,1.));
#4332=DIRECTION('ref_axis',(1.1010960377966E-12,1.,0.));
#4333=DIRECTION('',(0.,0.,1.));
#4334=DIRECTION('center_axis',(-5.12853648437711E-13,-1.,0.));
#4335=DIRECTION('ref_axis',(1.,-5.12853648437711E-13,0.));
#4336=DIRECTION('',(0.,0.,1.));
#4337=DIRECTION('center_axis',(0.,0.,1.));
#4338=DIRECTION('ref_axis',(-9.41714327513117E-13,-1.,0.));
#4339=DIRECTION('center_axis',(1.27273191985493E-12,1.,0.));
#4340=DIRECTION('ref_axis',(-1.,1.27273191985493E-12,0.));
#4341=DIRECTION('center_axis',(0.,0.,-1.));
#4342=DIRECTION('ref_axis',(-1.,0.,0.));
#4343=DIRECTION('center_axis',(0.,0.,-1.));
#4344=DIRECTION('ref_axis',(-1.,0.,0.));
#4345=DIRECTION('',(0.,0.,-1.));
#4346=DIRECTION('center_axis',(0.,0.,-1.));
#4347=DIRECTION('ref_axis',(-1.,0.,0.));
#4348=DIRECTION('center_axis',(0.,0.,1.));
#4349=DIRECTION('ref_axis',(-1.,0.,0.));
#4350=DIRECTION('center_axis',(0.,0.,-1.));
#4351=DIRECTION('ref_axis',(-1.,0.,0.));
#4352=DIRECTION('',(0.,0.,-1.));
#4353=DIRECTION('center_axis',(0.,0.,-1.));
#4354=DIRECTION('ref_axis',(-1.,0.,0.));
#4355=DIRECTION('center_axis',(0.,0.,1.));
#4356=DIRECTION('ref_axis',(-1.,0.,0.));
#4357=DIRECTION('center_axis',(-6.1136300351426E-14,0.,1.));
#4358=DIRECTION('ref_axis',(-1.,0.,-6.1136300351426E-14));
#4359=DIRECTION('',(1.,0.,6.1136300351426E-14));
#4360=DIRECTION('',(0.,-1.,0.));
#4361=DIRECTION('',(0.,-1.,0.));
#4362=DIRECTION('center_axis',(0.,-1.,0.));
#4363=DIRECTION('ref_axis',(-1.,0.,0.));
#4364=DIRECTION('center_axis',(0.,1.,0.));
#4365=DIRECTION('ref_axis',(-1.,0.,0.));
#4366=DIRECTION('',(0.,-1.,0.));
#4367=DIRECTION('center_axis',(0.,0.,1.));
#4368=DIRECTION('ref_axis',(-1.,0.,0.));
#4369=DIRECTION('',(1.,0.,0.));
#4370=DIRECTION('',(0.,-1.,0.));
#4371=DIRECTION('center_axis',(0.,0.,-1.));
#4372=DIRECTION('ref_axis',(1.,0.,0.));
#4373=DIRECTION('',(-1.,0.,0.));
#4374=DIRECTION('',(0.,-1.,0.));
#4375=DIRECTION('',(0.,-1.,0.));
#4376=DIRECTION('center_axis',(0.,0.,-1.));
#4377=DIRECTION('ref_axis',(1.,0.,0.));
#4378=DIRECTION('',(-1.,0.,0.));
#4379=DIRECTION('',(0.,-1.,0.));
#4380=DIRECTION('',(0.,-1.,0.));
#4381=DIRECTION('center_axis',(0.,-1.,0.));
#4382=DIRECTION('ref_axis',(-1.,0.,0.));
#4383=DIRECTION('center_axis',(0.,1.,0.));
#4384=DIRECTION('ref_axis',(-1.,0.,0.));
#4385=DIRECTION('center_axis',(0.,0.,1.));
#4386=DIRECTION('ref_axis',(-1.,0.,0.));
#4387=DIRECTION('',(1.,0.,0.));
#4388=DIRECTION('',(0.,-1.,0.));
#4389=DIRECTION('',(0.,-1.,0.));
#4390=DIRECTION('center_axis',(0.,-1.,0.));
#4391=DIRECTION('ref_axis',(-1.,0.,0.));
#4392=DIRECTION('center_axis',(0.,1.,0.));
#4393=DIRECTION('ref_axis',(-1.,0.,0.));
#4394=DIRECTION('',(0.,-1.,0.));
#4395=DIRECTION('center_axis',(0.,0.,1.));
#4396=DIRECTION('ref_axis',(-1.,0.,0.));
#4397=DIRECTION('',(1.,0.,0.));
#4398=DIRECTION('',(0.,-1.,0.));
#4399=DIRECTION('center_axis',(0.,0.,-1.));
#4400=DIRECTION('ref_axis',(1.,0.,0.));
#4401=DIRECTION('',(-1.,0.,0.));
#4402=DIRECTION('',(0.,-1.,0.));
#4403=DIRECTION('',(0.,-1.,0.));
#4404=DIRECTION('center_axis',(0.,-1.,0.));
#4405=DIRECTION('ref_axis',(-1.,0.,0.));
#4406=DIRECTION('center_axis',(0.,1.,0.));
#4407=DIRECTION('ref_axis',(-1.,0.,0.));
#4408=DIRECTION('',(0.,-1.,0.));
#4409=DIRECTION('center_axis',(0.,0.,-1.));
#4410=DIRECTION('ref_axis',(1.,0.,0.));
#4411=DIRECTION('',(-1.,0.,0.));
#4412=DIRECTION('',(0.,-1.,0.));
#4413=DIRECTION('center_axis',(0.,1.,0.));
#4414=DIRECTION('ref_axis',(-1.,0.,9.89242729661611E-15));
#4415=DIRECTION('center_axis',(0.,1.,0.));
#4416=DIRECTION('ref_axis',(1.,0.,0.));
#4417=DIRECTION('',(0.,1.,0.));
#4418=DIRECTION('center_axis',(0.,1.,0.));
#4419=DIRECTION('ref_axis',(1.,0.,0.));
#4420=DIRECTION('',(0.,1.,0.));
#4421=DIRECTION('center_axis',(0.,1.,0.));
#4422=DIRECTION('ref_axis',(1.,0.,0.));
#4423=DIRECTION('center_axis',(0.,-1.,0.));
#4424=DIRECTION('ref_axis',(1.,0.,0.));
#4425=DIRECTION('center_axis',(0.,1.,0.));
#4426=DIRECTION('ref_axis',(1.,0.,0.));
#4427=DIRECTION('center_axis',(0.,1.,0.));
#4428=DIRECTION('ref_axis',(0.993777156540779,0.,0.111386548279961));
#4429=DIRECTION('center_axis',(0.,1.,0.));
#4430=DIRECTION('ref_axis',(1.,0.,0.));
#4431=DIRECTION('center_axis',(0.,1.,0.));
#4432=DIRECTION('ref_axis',(-0.111386548279962,0.,0.993777156540779));
#4433=DIRECTION('center_axis',(0.,1.,0.));
#4434=DIRECTION('ref_axis',(-1.,0.,9.00424887691599E-15));
#4435=DIRECTION('center_axis',(0.,1.,0.));
#4436=DIRECTION('ref_axis',(1.,0.,0.));
#4437=DIRECTION('',(0.,1.,0.));
#4438=DIRECTION('center_axis',(0.,1.,0.));
#4439=DIRECTION('ref_axis',(1.,0.,0.));
#4440=DIRECTION('',(0.,1.,0.));
#4441=DIRECTION('center_axis',(0.,1.,0.));
#4442=DIRECTION('ref_axis',(1.,0.,0.));
#4443=DIRECTION('center_axis',(0.,-1.,0.));
#4444=DIRECTION('ref_axis',(1.,0.,0.));
#4445=DIRECTION('center_axis',(0.,1.,0.));
#4446=DIRECTION('ref_axis',(1.,0.,0.));
#4447=DIRECTION('center_axis',(0.,1.,0.));
#4448=DIRECTION('ref_axis',(0.999262513511215,0.,0.0383982954211304));
#4449=DIRECTION('center_axis',(0.,1.,0.));
#4450=DIRECTION('ref_axis',(1.,0.,0.));
#4451=DIRECTION('center_axis',(0.,1.,0.));
#4452=DIRECTION('ref_axis',(-0.038398295421013,0.,0.99926251351122));
#4453=DIRECTION('center_axis',(0.,1.,0.));
#4454=DIRECTION('ref_axis',(1.,0.,0.));
#4455=DIRECTION('center_axis',(0.,1.,0.));
#4456=DIRECTION('ref_axis',(1.,0.,0.));
#4457=DIRECTION('',(0.,1.,0.));
#4458=DIRECTION('center_axis',(0.,1.,0.));
#4459=DIRECTION('ref_axis',(1.,0.,0.));
#4460=DIRECTION('',(0.,1.,0.));
#4461=DIRECTION('center_axis',(0.,1.,0.));
#4462=DIRECTION('ref_axis',(0.111386548279963,0.,-0.993777156540779));
#4463=DIRECTION('center_axis',(0.,1.,0.));
#4464=DIRECTION('ref_axis',(0.111386548279963,0.,-0.993777156540779));
#4465=DIRECTION('',(0.,1.,0.));
#4466=DIRECTION('center_axis',(0.,1.,0.));
#4467=DIRECTION('ref_axis',(0.111386548279963,0.,-0.993777156540779));
#4468=DIRECTION('center_axis',(0.,1.,0.));
#4469=DIRECTION('ref_axis',(1.,0.,0.));
#4470=DIRECTION('center_axis',(0.,1.,0.));
#4471=DIRECTION('ref_axis',(1.,0.,0.));
#4472=DIRECTION('center_axis',(0.,1.,0.));
#4473=DIRECTION('ref_axis',(1.,0.,0.));
#4474=DIRECTION('',(0.,1.,0.));
#4475=DIRECTION('center_axis',(0.,1.,0.));
#4476=DIRECTION('ref_axis',(0.993777156540779,0.,0.111386548279961));
#4477=DIRECTION('center_axis',(0.,1.,0.));
#4478=DIRECTION('ref_axis',(0.993777156540779,0.,0.111386548279961));
#4479=DIRECTION('',(0.,1.,0.));
#4480=DIRECTION('center_axis',(0.,1.,0.));
#4481=DIRECTION('ref_axis',(1.,0.,0.));
#4482=DIRECTION('center_axis',(0.,1.,0.));
#4483=DIRECTION('ref_axis',(1.,0.,0.));
#4484=DIRECTION('',(0.,1.,0.));
#4485=DIRECTION('center_axis',(0.,1.,0.));
#4486=DIRECTION('ref_axis',(-0.111386548279962,0.,0.993777156540779));
#4487=DIRECTION('center_axis',(0.,1.,0.));
#4488=DIRECTION('ref_axis',(-0.111386548279962,0.,0.993777156540779));
#4489=DIRECTION('center_axis',(0.,1.,0.));
#4490=DIRECTION('ref_axis',(-0.993777156540778,0.,-0.111386548279969));
#4491=DIRECTION('center_axis',(0.,1.,0.));
#4492=DIRECTION('ref_axis',(-0.993777156540778,0.,-0.111386548279969));
#4493=DIRECTION('center_axis',(0.,1.,0.));
#4494=DIRECTION('ref_axis',(-0.993777156540778,0.,-0.111386548279969));
#4495=DIRECTION('center_axis',(0.,-1.,0.));
#4496=DIRECTION('ref_axis',(1.,0.,0.));
#4497=DIRECTION('center_axis',(0.,1.,0.));
#4498=DIRECTION('ref_axis',(1.,0.,0.));
#4499=DIRECTION('center_axis',(0.,1.,0.));
#4500=DIRECTION('ref_axis',(1.,0.,0.));
#4501=DIRECTION('',(0.,1.,0.));
#4502=DIRECTION('',(0.,1.,0.));
#4503=DIRECTION('center_axis',(0.,1.,0.));
#4504=DIRECTION('ref_axis',(-0.038398295421013,0.,0.99926251351122));
#4505=DIRECTION('center_axis',(0.,1.,0.));
#4506=DIRECTION('ref_axis',(-0.038398295421013,0.,0.99926251351122));
#4507=DIRECTION('center_axis',(0.,1.,0.));
#4508=DIRECTION('ref_axis',(-0.999262513511222,0.,-0.0383982954209603));
#4509=DIRECTION('center_axis',(0.,1.,0.));
#4510=DIRECTION('ref_axis',(-0.999262513511222,0.,-0.0383982954209603));
#4511=DIRECTION('',(0.,1.,0.));
#4512=DIRECTION('center_axis',(0.,1.,0.));
#4513=DIRECTION('ref_axis',(-0.999262513511222,0.,-0.0383982954209603));
#4514=DIRECTION('center_axis',(0.,1.,0.));
#4515=DIRECTION('ref_axis',(1.,0.,0.));
#4516=DIRECTION('center_axis',(0.,1.,0.));
#4517=DIRECTION('ref_axis',(1.,0.,0.));
#4518=DIRECTION('',(0.,1.,0.));
#4519=DIRECTION('center_axis',(0.,1.,0.));
#4520=DIRECTION('ref_axis',(1.,0.,0.));
#4521=DIRECTION('center_axis',(0.,1.,0.));
#4522=DIRECTION('ref_axis',(0.0383982954210857,0.,-0.999262513511217));
#4523=DIRECTION('center_axis',(0.,1.,0.));
#4524=DIRECTION('ref_axis',(0.0383982954210857,0.,-0.999262513511217));
#4525=DIRECTION('',(0.,1.,0.));
#4526=DIRECTION('center_axis',(0.,1.,0.));
#4527=DIRECTION('ref_axis',(0.0383982954210857,0.,-0.999262513511217));
#4528=DIRECTION('center_axis',(0.,1.,0.));
#4529=DIRECTION('ref_axis',(1.,0.,0.));
#4530=DIRECTION('center_axis',(0.,1.,0.));
#4531=DIRECTION('ref_axis',(1.,0.,0.));
#4532=DIRECTION('center_axis',(0.,1.,0.));
#4533=DIRECTION('ref_axis',(1.,0.,0.));
#4534=DIRECTION('',(0.,1.,0.));
#4535=DIRECTION('center_axis',(0.,1.,0.));
#4536=DIRECTION('ref_axis',(0.999262513511215,0.,0.0383982954211304));
#4537=DIRECTION('center_axis',(0.,1.,0.));
#4538=DIRECTION('ref_axis',(0.999262513511215,0.,0.0383982954211304));
#4539=DIRECTION('center_axis',(0.,-1.,0.));
#4540=DIRECTION('ref_axis',(1.,0.,0.));
#4541=DIRECTION('center_axis',(-1.,0.,0.));
#4542=DIRECTION('ref_axis',(0.,0.,1.));
#4543=DIRECTION('',(0.,1.,0.));
#4544=DIRECTION('',(0.,1.,0.));
#4545=DIRECTION('center_axis',(-0.987210930472885,0.,-0.159419505565852));
#4546=DIRECTION('ref_axis',(-0.159419505565852,1.22014758905518E-32,0.987210930472885));
#4547=DIRECTION('center_axis',(0.,-1.,0.));
#4548=DIRECTION('ref_axis',(1.,0.,0.));
#4549=DIRECTION('',(0.,0.,1.));
#4550=DIRECTION('',(1.,0.,0.));
#4551=DIRECTION('',(0.,0.,-1.));
#4552=DIRECTION('',(1.,0.,0.));
#4553=DIRECTION('center_axis',(0.,0.,1.));
#4554=DIRECTION('ref_axis',(1.,0.,0.));
#4555=DIRECTION('',(4.75809867696495E-16,1.,0.));
#4556=DIRECTION('',(0.,-1.,0.));
#4557=DIRECTION('',(1.,-5.32907051820075E-16,0.));
#4558=DIRECTION('center_axis',(-1.,4.75809867696495E-16,0.));
#4559=DIRECTION('ref_axis',(4.75809867696495E-16,1.,0.));
#4560=DIRECTION('',(4.75809867696495E-16,1.,0.));
#4561=DIRECTION('center_axis',(0.,0.,-1.));
#4562=DIRECTION('ref_axis',(-1.,0.,0.));
#4563=DIRECTION('',(-5.39251183389362E-16,-1.,0.));
#4564=DIRECTION('center_axis',(1.,-5.39251183389362E-16,0.));
#4565=DIRECTION('ref_axis',(-5.39251183389362E-16,-1.,0.));
#4566=DIRECTION('center_axis',(0.,0.,-1.));
#4567=DIRECTION('ref_axis',(-1.,0.,0.));
#4568=DIRECTION('',(-1.,5.32907051820075E-16,0.));
#4569=DIRECTION('',(0.,1.,0.));
#4570=DIRECTION('center_axis',(1.,0.,-1.11022302462516E-15));
#4571=DIRECTION('ref_axis',(-1.11022302462516E-15,0.,-1.));
#4572=DIRECTION('',(-1.11022302462516E-15,5.91645678915758E-31,-1.));
#4573=DIRECTION('',(0.,1.,0.));
#4574=DIRECTION('center_axis',(0.,0.,1.));
#4575=DIRECTION('ref_axis',(1.,0.,0.));
#4576=DIRECTION('',(1.,-5.32907051820075E-16,0.));
#4577=DIRECTION('',(0.,1.,0.));
#4578=DIRECTION('center_axis',(1.,0.,0.));
#4579=DIRECTION('ref_axis',(0.,0.,-1.));
#4580=DIRECTION('',(0.,0.,-1.));
#4581=DIRECTION('center_axis',(-1.,0.,0.));
#4582=DIRECTION('ref_axis',(0.,0.,1.));
#4583=DIRECTION('',(0.,0.,1.));
#4584=DIRECTION('',(0.,1.,0.));
#4585=DIRECTION('center_axis',(0.,0.,1.));
#4586=DIRECTION('ref_axis',(1.,0.,0.));
#4587=DIRECTION('',(1.,-5.32907051820075E-16,0.));
#4588=DIRECTION('',(0.,1.,0.));
#4589=DIRECTION('center_axis',(-1.,0.,0.));
#4590=DIRECTION('ref_axis',(0.,0.,1.));
#4591=DIRECTION('',(0.,0.,1.));
#4592=DIRECTION('center_axis',(0.,0.,1.));
#4593=DIRECTION('ref_axis',(1.,0.,0.));
#4594=DIRECTION('',(0.,0.,1.));
#4595=DIRECTION('center_axis',(0.,0.,1.));
#4596=DIRECTION('ref_axis',(1.,0.,0.));
#4597=DIRECTION('center_axis',(0.,0.,1.));
#4598=DIRECTION('ref_axis',(1.,0.,0.));
#4599=DIRECTION('center_axis',(0.,0.,1.));
#4600=DIRECTION('ref_axis',(1.,0.,0.));
#4601=DIRECTION('',(0.,0.,1.));
#4602=DIRECTION('center_axis',(0.,0.,1.));
#4603=DIRECTION('ref_axis',(1.,0.,0.));
#4604=DIRECTION('center_axis',(0.,0.,1.));
#4605=DIRECTION('ref_axis',(1.,0.,0.));
#4606=DIRECTION('center_axis',(0.,0.,1.));
#4607=DIRECTION('ref_axis',(1.,0.,0.));
#4608=DIRECTION('',(0.,0.,1.));
#4609=DIRECTION('center_axis',(0.,0.,1.));
#4610=DIRECTION('ref_axis',(1.,0.,0.));
#4611=DIRECTION('center_axis',(0.,0.,1.));
#4612=DIRECTION('ref_axis',(1.,0.,0.));
#4613=DIRECTION('center_axis',(0.,0.,1.));
#4614=DIRECTION('ref_axis',(1.,0.,0.));
#4615=DIRECTION('',(0.,0.,1.));
#4616=DIRECTION('center_axis',(0.,0.,1.));
#4617=DIRECTION('ref_axis',(1.,0.,0.));
#4618=DIRECTION('center_axis',(0.,0.,1.));
#4619=DIRECTION('ref_axis',(1.,0.,0.));
#4620=DIRECTION('center_axis',(1.,2.53765262771464E-16,0.));
#4621=DIRECTION('ref_axis',(-2.53765262771464E-16,1.,0.));
#4622=DIRECTION('',(0.,0.,1.));
#4623=DIRECTION('center_axis',(1.23634436022262E-13,-1.,0.));
#4624=DIRECTION('ref_axis',(1.,1.23634436022262E-13,0.));
#4625=DIRECTION('',(1.,1.23634436022262E-13,0.));
#4626=DIRECTION('center_axis',(0.,0.,1.));
#4627=DIRECTION('ref_axis',(1.,0.,0.));
#4628=DIRECTION('center_axis',(-5.32907051820075E-16,-1.,0.));
#4629=DIRECTION('ref_axis',(1.,-5.32907051820075E-16,0.));
#4630=CARTESIAN_POINT('',(0.,0.,0.));
#4631=CARTESIAN_POINT('Origin',(23.9999993405122,16.2998653769233,48.75));
#4632=CARTESIAN_POINT('',(22.9999993405122,17.2998653769233,18.));
#4633=CARTESIAN_POINT('',(24.9999993405122,15.2998653769233,18.));
#4634=CARTESIAN_POINT('',(23.9999993405122,16.2998653769233,18.));
#4635=CARTESIAN_POINT('',(22.9999993405122,17.2998653769233,64.));
#4636=CARTESIAN_POINT('',(22.9999993405122,17.2998653769233,48.75));
#4637=CARTESIAN_POINT('',(24.9999993405122,15.2998653769233,64.));
#4638=CARTESIAN_POINT('',(31.2499993405122,9.04986537692335,64.));
#4639=CARTESIAN_POINT('',(24.9999999999986,15.2998647174369,25.875));
#4640=CARTESIAN_POINT('Origin',(22.9999993405122,15.2998653769233,18.));
#4641=CARTESIAN_POINT('',(24.9999993405122,23.2998653769233,18.));
#4642=CARTESIAN_POINT('',(24.9999999999986,1.79986537692461,18.));
#4643=CARTESIAN_POINT('',(22.9999993405122,23.2998653769233,18.));
#4644=CARTESIAN_POINT('',(23.9999996702554,23.2998653769259,18.));
#4645=CARTESIAN_POINT('',(22.9999993405122,15.2998653769233,18.));
#4646=CARTESIAN_POINT('Origin',(-23.9999993405079,16.2998653769233,25.7500000000053));
#4647=CARTESIAN_POINT('',(-22.9999993404917,17.2998653769233,64.));
#4648=CARTESIAN_POINT('',(-24.9999993404918,15.2998653769233,64.));
#4649=CARTESIAN_POINT('',(-29.9499993404958,10.3498653769193,64.));
#4650=CARTESIAN_POINT('',(-22.9999993404897,17.2998653769233,18.0000000000001));
#4651=CARTESIAN_POINT('',(-22.9999993405079,17.2998653769233,25.7500000000049));
#4652=CARTESIAN_POINT('',(-24.9999993404897,15.2998653769233,18.));
#4653=CARTESIAN_POINT('',(-24.4999993405049,15.7998653769297,18.));
#4654=CARTESIAN_POINT('',(-24.9999999999992,15.2998647174369,14.3750000000008));
#4655=CARTESIAN_POINT('Origin',(-22.9999993405112,15.2998653769233,18.0000000000001));
#4656=CARTESIAN_POINT('',(-22.9999993404917,23.2998653769233,64.));
#4657=CARTESIAN_POINT('',(-22.9999993404917,1.79986537692334,64.));
#4658=CARTESIAN_POINT('',(-22.9999993404897,23.2998653769233,18.0000000000001));
#4659=CARTESIAN_POINT('',(-22.9999993405144,23.2998653769259,10.5000000000102));
#4660=CARTESIAN_POINT('',(-22.9999993404897,15.2998653769233,18.0000000000001));
#4661=CARTESIAN_POINT('',(-22.9999993405213,18.4313747015709,54.));
#4662=CARTESIAN_POINT('',(-22.9999993405215,18.4313747015709,59.));
#4663=CARTESIAN_POINT('',(-22.9999993405025,18.4313747015708,38.5));
#4664=CARTESIAN_POINT('',(-22.9999993405213,20.4313747015709,54.));
#4665=CARTESIAN_POINT('',(-22.999999340496,16.8656200392471,54.));
#4666=CARTESIAN_POINT('',(-22.9999993405215,20.4313747015709,59.));
#4667=CARTESIAN_POINT('',(-22.9999993405036,20.4313747015709,36.));
#4668=CARTESIAN_POINT('',(-22.9999993404938,17.8656200392471,59.));
#4669=CARTESIAN_POINT('',(-22.9999993405202,20.2998653769233,28.0000000000001));
#4670=CARTESIAN_POINT('',(-22.9999993405199,20.2998653769233,23.0000000000001));
#4671=CARTESIAN_POINT('',(-22.9999993405102,20.2998653769233,20.5000000000001));
#4672=CARTESIAN_POINT('',(-22.9999993405202,18.2998653769233,28.0000000000001));
#4673=CARTESIAN_POINT('',(-22.999999340507,17.7998653769233,28.0000000000001));
#4674=CARTESIAN_POINT('',(-22.9999993405199,18.2998653769233,23.0000000000001));
#4675=CARTESIAN_POINT('',(-22.9999993405091,18.2998653769233,23.0000000000001));
#4676=CARTESIAN_POINT('',(-22.9999993405091,16.7998653769233,23.0000000000001));
#4677=CARTESIAN_POINT('Origin',(35.1499993405116,19.9998653769234,12.7));
#4678=CARTESIAN_POINT('',(34.8999993405116,20.9998653769234,12.45));
#4679=CARTESIAN_POINT('',(34.8999993405116,19.9998653769234,12.45));
#4680=CARTESIAN_POINT('',(34.8999993405116,19.9998653769234,12.45));
#4681=CARTESIAN_POINT('',(35.3999993405116,21.4998653769234,12.95));
#4682=CARTESIAN_POINT('',(34.8999993405116,20.9998653769234,12.45));
#4683=CARTESIAN_POINT('',(35.3999993405116,19.4998653769234,12.95));
#4684=CARTESIAN_POINT('',(35.3999993405116,19.9998653769234,12.95));
#4685=CARTESIAN_POINT('',(34.8999993405116,19.9998653769234,12.45));
#4686=CARTESIAN_POINT('Origin',(35.1499993405116,19.7498653769234,9.2));
#4687=CARTESIAN_POINT('',(34.8999993405116,19.9998653769234,8.45));
#4688=CARTESIAN_POINT('',(34.8999993405116,19.9998653769234,9.2));
#4689=CARTESIAN_POINT('',(35.3999993405116,19.4998653769234,7.95));
#4690=CARTESIAN_POINT('',(35.3999993405116,19.4998653769234,9.2));
#4691=CARTESIAN_POINT('',(34.8999993405116,19.9998653769234,8.45));
#4692=CARTESIAN_POINT('Origin',(35.1499993405116,20.9998653769234,8.2));
#4693=CARTESIAN_POINT('',(34.8999993405116,20.9998653769234,8.45));
#4694=CARTESIAN_POINT('',(34.8999993405116,20.9998653769234,8.45));
#4695=CARTESIAN_POINT('',(35.3999993405116,21.4998653769234,7.95));
#4696=CARTESIAN_POINT('',(35.3999993405116,20.9998653769234,7.95));
#4697=CARTESIAN_POINT('',(34.8999993405116,20.9998653769234,8.45));
#4698=CARTESIAN_POINT('Origin',(35.1499993405116,21.2498653769234,11.7));
#4699=CARTESIAN_POINT('',(35.3999993405116,21.4998653769234,11.7));
#4700=CARTESIAN_POINT('',(34.8999993405116,20.9998653769234,11.7));
#4701=CARTESIAN_POINT('Origin',(35.4999993405116,21.4998653769234,12.95));
#4702=CARTESIAN_POINT('',(35.4999993405116,21.4998653769234,7.95));
#4703=CARTESIAN_POINT('',(35.4999993405116,21.4998653769234,7.95));
#4704=CARTESIAN_POINT('',(35.4999993405116,21.4998653769234,12.95));
#4705=CARTESIAN_POINT('',(35.4999993405116,21.4998653769234,15.425));
#4706=CARTESIAN_POINT('',(35.4999993405116,21.4998653769234,12.95));
#4707=CARTESIAN_POINT('Origin',(35.4999993405116,19.4998653769234,12.95));
#4708=CARTESIAN_POINT('',(35.4999993405116,19.4998653769234,12.95));
#4709=CARTESIAN_POINT('',(35.4999993405116,21.3998653769234,12.95));
#4710=CARTESIAN_POINT('',(35.4999993405116,19.4998653769234,12.95));
#4711=CARTESIAN_POINT('Origin',(34.8999993405116,20.4998653769234,10.45));
#4712=CARTESIAN_POINT('Origin',(35.4999993405116,19.4998653769234,7.95));
#4713=CARTESIAN_POINT('',(35.4999993405116,19.4998653769234,7.95));
#4714=CARTESIAN_POINT('',(35.4999993405116,19.4998653769234,12.925));
#4715=CARTESIAN_POINT('',(35.4999993405116,19.4998653769234,7.95));
#4716=CARTESIAN_POINT('Origin',(35.4999993405116,21.4998653769234,7.95));
#4717=CARTESIAN_POINT('',(35.4999993405116,22.3998653769234,7.95));
#4718=CARTESIAN_POINT('Origin',(-35.149999340489,20.9998653769233,12.7));
#4719=CARTESIAN_POINT('',(-34.899999340489,19.9998653769233,12.45));
#4720=CARTESIAN_POINT('',(-34.899999340489,20.9998653769233,12.45));
#4721=CARTESIAN_POINT('',(-34.899999340489,20.9998653769233,12.45));
#4722=CARTESIAN_POINT('',(-35.399999340489,19.4998653769233,12.95));
#4723=CARTESIAN_POINT('',(-34.899999340489,19.9998653769233,12.45));
#4724=CARTESIAN_POINT('',(-35.399999340489,21.4998653769233,12.95));
#4725=CARTESIAN_POINT('',(-35.399999340489,20.9998653769233,12.95));
#4726=CARTESIAN_POINT('',(-34.899999340489,20.9998653769233,12.45));
#4727=CARTESIAN_POINT('Origin',(-35.149999340489,21.2498653769233,9.2));
#4728=CARTESIAN_POINT('',(-34.899999340489,20.9998653769233,8.45));
#4729=CARTESIAN_POINT('',(-34.899999340489,20.9998653769233,9.2));
#4730=CARTESIAN_POINT('',(-35.399999340489,21.4998653769233,7.95));
#4731=CARTESIAN_POINT('',(-35.399999340489,21.4998653769233,9.2));
#4732=CARTESIAN_POINT('',(-34.899999340489,20.9998653769233,8.45));
#4733=CARTESIAN_POINT('Origin',(-35.149999340489,19.9998653769233,8.2));
#4734=CARTESIAN_POINT('',(-34.899999340489,19.9998653769233,8.45));
#4735=CARTESIAN_POINT('',(-34.899999340489,19.9998653769233,8.45));
#4736=CARTESIAN_POINT('',(-35.399999340489,19.4998653769233,7.95));
#4737=CARTESIAN_POINT('',(-35.399999340489,19.9998653769233,7.95));
#4738=CARTESIAN_POINT('',(-34.899999340489,19.9998653769233,8.45));
#4739=CARTESIAN_POINT('Origin',(-35.149999340489,19.7498653769233,11.7));
#4740=CARTESIAN_POINT('',(-35.399999340489,19.4998653769233,11.7));
#4741=CARTESIAN_POINT('',(-34.899999340489,19.9998653769233,11.7));
#4742=CARTESIAN_POINT('Origin',(-35.499999340489,19.4998653769233,12.95));
#4743=CARTESIAN_POINT('',(-35.499999340489,19.4998653769233,7.95));
#4744=CARTESIAN_POINT('',(-35.499999340489,19.4998653769233,7.95));
#4745=CARTESIAN_POINT('',(-35.499999340489,19.4998653769233,12.95));
#4746=CARTESIAN_POINT('',(-35.499999340489,19.4998653769233,7.975));
#4747=CARTESIAN_POINT('',(-35.499999340489,19.4998653769233,12.95));
#4748=CARTESIAN_POINT('Origin',(-35.499999340489,21.4998653769233,12.95));
#4749=CARTESIAN_POINT('',(-35.499999340489,21.4998653769233,12.95));
#4750=CARTESIAN_POINT('',(-35.499999340489,22.3998653769233,12.95));
#4751=CARTESIAN_POINT('',(-35.499999340489,21.4998653769233,12.95));
#4752=CARTESIAN_POINT('Origin',(-34.899999340489,20.4998653769233,10.45));
#4753=CARTESIAN_POINT('Origin',(-35.499999340489,21.4998653769233,7.95));
#4754=CARTESIAN_POINT('',(-35.499999340489,21.4998653769233,7.95));
#4755=CARTESIAN_POINT('',(-35.499999340489,21.4998653769233,5.475));
#4756=CARTESIAN_POINT('',(-35.499999340489,21.4998653769233,7.95));
#4757=CARTESIAN_POINT('Origin',(-35.499999340489,19.4998653769233,7.95));
#4758=CARTESIAN_POINT('',(-35.499999340489,21.3998653769233,7.95));
#4759=CARTESIAN_POINT('Origin',(22.6499993405122,19.7998653769233,23.25));
#4760=CARTESIAN_POINT('',(22.3999993405122,18.7998653769234,23.5));
#4761=CARTESIAN_POINT('',(22.3999993405122,19.7998653769233,23.5));
#4762=CARTESIAN_POINT('',(22.3999993405122,19.7998653769233,23.5));
#4763=CARTESIAN_POINT('',(22.8999993405122,18.2998653769234,23.));
#4764=CARTESIAN_POINT('',(22.3999993405122,18.7998653769234,23.5));
#4765=CARTESIAN_POINT('',(22.8999993405122,20.2998653769233,23.));
#4766=CARTESIAN_POINT('',(22.8999993405122,19.7998653769233,23.));
#4767=CARTESIAN_POINT('',(22.3999993405122,19.7998653769233,23.5));
#4768=CARTESIAN_POINT('Origin',(22.6499993405122,20.0498653769234,26.75));
#4769=CARTESIAN_POINT('',(22.3999993405122,19.7998653769234,27.5));
#4770=CARTESIAN_POINT('',(22.3999993405122,19.7998653769234,26.75));
#4771=CARTESIAN_POINT('',(22.8999993405122,20.2998653769234,28.));
#4772=CARTESIAN_POINT('',(22.8999993405122,20.2998653769234,26.75));
#4773=CARTESIAN_POINT('',(22.3999993405122,19.7998653769234,27.5));
#4774=CARTESIAN_POINT('Origin',(22.6499993405122,18.7998653769234,27.75));
#4775=CARTESIAN_POINT('',(22.3999993405122,18.7998653769234,27.5));
#4776=CARTESIAN_POINT('',(22.3999993405122,18.7998653769234,27.5));
#4777=CARTESIAN_POINT('',(22.8999993405122,18.2998653769234,28.));
#4778=CARTESIAN_POINT('',(22.8999993405122,18.7998653769234,28.));
#4779=CARTESIAN_POINT('',(22.3999993405122,18.7998653769234,27.5));
#4780=CARTESIAN_POINT('Origin',(22.6499993405122,18.5498653769234,24.25));
#4781=CARTESIAN_POINT('',(22.8999993405122,18.2998653769234,24.25));
#4782=CARTESIAN_POINT('',(22.3999993405122,18.7998653769234,24.25));
#4783=CARTESIAN_POINT('Origin',(22.9999993405122,18.2998653769234,23.));
#4784=CARTESIAN_POINT('',(22.9999993405122,18.2998653769234,28.));
#4785=CARTESIAN_POINT('',(22.9999993405122,18.2998653769234,28.));
#4786=CARTESIAN_POINT('',(22.9999993405122,18.2998653769234,23.));
#4787=CARTESIAN_POINT('',(22.9999993405122,18.2998653769233,43.5));
#4788=CARTESIAN_POINT('',(22.9999993405122,18.2998653769234,23.));
#4789=CARTESIAN_POINT('Origin',(22.9999993405122,20.2998653769233,23.));
#4790=CARTESIAN_POINT('',(22.9999993405122,20.2998653769233,23.));
#4791=CARTESIAN_POINT('',(22.9999993405122,17.7998653769233,23.));
#4792=CARTESIAN_POINT('',(22.9999993405122,20.2998653769233,23.));
#4793=CARTESIAN_POINT('Origin',(22.3999993405122,19.2998653769234,25.5));
#4794=CARTESIAN_POINT('Origin',(22.6499993405122,21.2998653769233,54.25));
#4795=CARTESIAN_POINT('',(22.3999993405122,20.2998653769233,54.5));
#4796=CARTESIAN_POINT('',(22.3999993405122,21.2998653769233,54.5));
#4797=CARTESIAN_POINT('',(22.3999993405122,21.2998653769233,54.5));
#4798=CARTESIAN_POINT('',(22.8999993405122,19.7998653769233,54.));
#4799=CARTESIAN_POINT('',(22.3999993405122,20.2998653769233,54.5));
#4800=CARTESIAN_POINT('',(22.8999993405122,21.7998653769233,54.));
#4801=CARTESIAN_POINT('',(22.8999993405122,21.2998653769233,54.));
#4802=CARTESIAN_POINT('',(22.3999993405122,21.2998653769233,54.5));
#4803=CARTESIAN_POINT('Origin',(22.6499993405122,21.5498653769233,57.75));
#4804=CARTESIAN_POINT('',(22.3999993405122,21.2998653769233,58.5));
#4805=CARTESIAN_POINT('',(22.3999993405122,21.2998653769233,57.75));
#4806=CARTESIAN_POINT('',(22.8999993405122,21.7998653769233,59.));
#4807=CARTESIAN_POINT('',(22.8999993405122,21.7998653769233,57.75));
#4808=CARTESIAN_POINT('',(22.3999993405122,21.2998653769233,58.5));
#4809=CARTESIAN_POINT('Origin',(22.6499993405122,20.2998653769233,58.75));
#4810=CARTESIAN_POINT('',(22.3999993405122,20.2998653769233,58.5));
#4811=CARTESIAN_POINT('',(22.3999993405122,20.2998653769233,58.5));
#4812=CARTESIAN_POINT('',(22.8999993405122,19.7998653769233,59.));
#4813=CARTESIAN_POINT('',(22.8999993405122,20.2998653769233,59.));
#4814=CARTESIAN_POINT('',(22.3999993405122,20.2998653769233,58.5));
#4815=CARTESIAN_POINT('Origin',(22.6499993405122,20.0498653769233,55.25));
#4816=CARTESIAN_POINT('',(22.8999993405122,19.7998653769233,55.25));
#4817=CARTESIAN_POINT('',(22.3999993405122,20.2998653769233,55.25));
#4818=CARTESIAN_POINT('Origin',(22.9999993405122,19.7998653769233,54.));
#4819=CARTESIAN_POINT('',(22.9999993405122,19.7998653769233,59.));
#4820=CARTESIAN_POINT('',(22.9999993405122,19.7998653769233,59.));
#4821=CARTESIAN_POINT('',(22.9999993405122,19.7998653769233,54.));
#4822=CARTESIAN_POINT('',(22.9999993405122,19.7998653769233,59.));
#4823=CARTESIAN_POINT('',(22.9999993405122,19.7998653769233,54.));
#4824=CARTESIAN_POINT('Origin',(22.9999993405122,21.7998653769233,54.));
#4825=CARTESIAN_POINT('',(22.9999993405122,21.7998653769233,54.));
#4826=CARTESIAN_POINT('',(22.9999993405122,18.5498653769233,54.));
#4827=CARTESIAN_POINT('',(22.9999993405122,21.7998653769233,54.));
#4828=CARTESIAN_POINT('Origin',(22.3999993405122,20.7998653769233,56.5));
#4829=CARTESIAN_POINT('Origin',(22.9999993405122,20.2998653769234,28.));
#4830=CARTESIAN_POINT('',(22.9999993405122,20.2998653769234,28.));
#4831=CARTESIAN_POINT('',(22.9999993405122,20.2998653769236,46.));
#4832=CARTESIAN_POINT('',(22.9999993405122,20.2998653769234,28.));
#4833=CARTESIAN_POINT('Origin',(22.9999993405122,18.2998653769234,28.));
#4834=CARTESIAN_POINT('',(22.9999993405122,16.7998653769233,28.));
#4835=CARTESIAN_POINT('Origin',(22.9999993405122,21.7998653769233,59.));
#4836=CARTESIAN_POINT('',(22.9999993405122,21.7998653769233,59.));
#4837=CARTESIAN_POINT('',(22.9999993405122,21.7998653769233,61.5));
#4838=CARTESIAN_POINT('',(22.9999993405122,21.7998653769233,59.));
#4839=CARTESIAN_POINT('Origin',(22.9999993405122,19.7998653769233,59.));
#4840=CARTESIAN_POINT('',(22.9999993405122,17.5498653769233,59.));
#4841=CARTESIAN_POINT('Origin',(-22.6499993405215,19.9313747015709,58.75));
#4842=CARTESIAN_POINT('',(-22.3999993405215,18.9313747015709,58.5));
#4843=CARTESIAN_POINT('',(-22.3999993405215,19.9313747015709,58.5));
#4844=CARTESIAN_POINT('',(-22.3999993405215,19.9313747015709,58.5));
#4845=CARTESIAN_POINT('',(-22.8999993405215,18.4313747015709,59.));
#4846=CARTESIAN_POINT('',(-22.3999993405215,18.9313747015709,58.5));
#4847=CARTESIAN_POINT('',(-22.8999993405215,20.4313747015709,59.));
#4848=CARTESIAN_POINT('',(-22.8999993405215,19.9313747015709,59.));
#4849=CARTESIAN_POINT('',(-22.3999993405215,19.9313747015709,58.5));
#4850=CARTESIAN_POINT('Origin',(-22.6499993405214,20.1813747015709,55.25));
#4851=CARTESIAN_POINT('',(-22.3999993405213,19.9313747015709,54.5));
#4852=CARTESIAN_POINT('',(-22.3999993405214,19.9313747015709,55.25));
#4853=CARTESIAN_POINT('',(-22.8999993405213,20.4313747015709,54.));
#4854=CARTESIAN_POINT('',(-22.8999993405214,20.4313747015709,55.25));
#4855=CARTESIAN_POINT('',(-22.3999993405213,19.9313747015709,54.5));
#4856=CARTESIAN_POINT('Origin',(-22.6499993405213,18.9313747015709,54.25));
#4857=CARTESIAN_POINT('',(-22.3999993405213,18.9313747015709,54.5));
#4858=CARTESIAN_POINT('',(-22.3999993405213,18.9313747015709,54.5));
#4859=CARTESIAN_POINT('',(-22.8999993405213,18.4313747015709,54.));
#4860=CARTESIAN_POINT('',(-22.8999993405213,18.9313747015709,54.));
#4861=CARTESIAN_POINT('',(-22.3999993405213,18.9313747015709,54.5));
#4862=CARTESIAN_POINT('Origin',(-22.6499993405215,18.6813747015709,57.75));
#4863=CARTESIAN_POINT('',(-22.8999993405215,18.4313747015709,57.75));
#4864=CARTESIAN_POINT('',(-22.3999993405215,18.9313747015709,57.75));
#4865=CARTESIAN_POINT('Origin',(-22.9999993405215,18.4313747015709,59.));
#4866=CARTESIAN_POINT('',(-22.9999993405213,18.4313747015709,54.));
#4867=CARTESIAN_POINT('',(-22.9999993405215,18.4313747015709,59.));
#4868=CARTESIAN_POINT('Origin',(-22.9999993405215,20.4313747015709,59.));
#4869=CARTESIAN_POINT('',(-22.9999993405215,20.4313747015709,59.));
#4870=CARTESIAN_POINT('Origin',(-22.3999993405214,19.4313747015709,56.5));
#4871=CARTESIAN_POINT('Origin',(-22.64999934052,18.7998653769233,23.2500000000001));
#4872=CARTESIAN_POINT('',(-22.39999934052,19.7998653769233,23.5000000000001));
#4873=CARTESIAN_POINT('',(-22.39999934052,18.7998653769233,23.5000000000001));
#4874=CARTESIAN_POINT('',(-22.39999934052,18.7998653769233,23.5000000000001));
#4875=CARTESIAN_POINT('',(-22.8999993405199,20.2998653769233,23.0000000000001));
#4876=CARTESIAN_POINT('',(-22.39999934052,19.7998653769233,23.5000000000001));
#4877=CARTESIAN_POINT('',(-22.8999993405199,18.2998653769233,23.0000000000001));
#4878=CARTESIAN_POINT('',(-22.8999993405199,18.7998653769233,23.0000000000001));
#4879=CARTESIAN_POINT('',(-22.39999934052,18.7998653769233,23.5000000000001));
#4880=CARTESIAN_POINT('Origin',(-22.6499993405201,18.5498653769233,26.7500000000001));
#4881=CARTESIAN_POINT('',(-22.3999993405202,18.7998653769233,27.5000000000001));
#4882=CARTESIAN_POINT('',(-22.3999993405201,18.7998653769233,26.7500000000001));
#4883=CARTESIAN_POINT('',(-22.8999993405202,18.2998653769233,28.0000000000001));
#4884=CARTESIAN_POINT('',(-22.8999993405201,18.2998653769233,26.7500000000001));
#4885=CARTESIAN_POINT('',(-22.3999993405202,18.7998653769233,27.5000000000001));
#4886=CARTESIAN_POINT('Origin',(-22.6499993405202,19.7998653769233,27.7500000000001));
#4887=CARTESIAN_POINT('',(-22.3999993405202,19.7998653769233,27.5000000000001));
#4888=CARTESIAN_POINT('',(-22.3999993405202,19.7998653769233,27.5000000000001));
#4889=CARTESIAN_POINT('',(-22.8999993405202,20.2998653769233,28.0000000000001));
#4890=CARTESIAN_POINT('',(-22.8999993405202,19.7998653769233,28.0000000000001));
#4891=CARTESIAN_POINT('',(-22.3999993405202,19.7998653769233,27.5000000000001));
#4892=CARTESIAN_POINT('Origin',(-22.64999934052,20.0498653769233,24.2500000000001));
#4893=CARTESIAN_POINT('',(-22.89999934052,20.2998653769233,24.2500000000001));
#4894=CARTESIAN_POINT('',(-22.39999934052,19.7998653769233,24.2500000000001));
#4895=CARTESIAN_POINT('Origin',(-22.9999993405199,20.2998653769233,23.0000000000001));
#4896=CARTESIAN_POINT('',(-22.9999993405202,20.2998653769233,28.0000000000001));
#4897=CARTESIAN_POINT('',(-22.9999993405199,20.2998653769233,23.0000000000001));
#4898=CARTESIAN_POINT('Origin',(-22.9999993405199,18.2998653769233,23.0000000000001));
#4899=CARTESIAN_POINT('',(-22.9999993405199,18.2998653769233,23.0000000000001));
#4900=CARTESIAN_POINT('Origin',(-22.3999993405201,19.2998653769233,25.5000000000001));
#4901=CARTESIAN_POINT('Origin',(-22.9999993405202,18.2998653769233,28.0000000000001));
#4902=CARTESIAN_POINT('',(-22.9999993405202,18.2998653769233,28.0000000000001));
#4903=CARTESIAN_POINT('Origin',(-22.9999993405202,20.2998653769233,28.0000000000001));
#4904=CARTESIAN_POINT('Origin',(-22.9999993405213,20.4313747015709,54.));
#4905=CARTESIAN_POINT('',(-22.9999993405213,20.4313747015709,54.));
#4906=CARTESIAN_POINT('Origin',(-22.9999993405213,18.4313747015709,54.));
#4907=CARTESIAN_POINT('Origin',(35.4999993405116,23.2998653769233,17.9));
#4908=CARTESIAN_POINT('',(35.4999993405116,23.2998653769233,17.9));
#4909=CARTESIAN_POINT('',(35.4999993405116,23.2998653769233,3.));
#4910=CARTESIAN_POINT('',(35.4999993405116,23.2998653769259,10.45));
#4911=CARTESIAN_POINT('',(35.4999993405116,17.6998653769233,17.9));
#4912=CARTESIAN_POINT('',(35.4999993405116,21.8998653769246,17.9));
#4913=CARTESIAN_POINT('',(35.4999993405116,17.6998653769233,3.));
#4914=CARTESIAN_POINT('',(35.4999993405116,17.6998653769259,10.45));
#4915=CARTESIAN_POINT('',(35.4999993405116,14.5498653769246,3.));
#4916=CARTESIAN_POINT('Origin',(-35.499999340489,23.2998653769233,3.));
#4917=CARTESIAN_POINT('',(-35.499999340489,23.2998653769233,3.));
#4918=CARTESIAN_POINT('',(-35.499999340489,23.2998653769233,17.9));
#4919=CARTESIAN_POINT('',(-35.499999340489,23.2998653769259,3.));
#4920=CARTESIAN_POINT('',(-35.499999340489,17.6998653769233,3.));
#4921=CARTESIAN_POINT('',(-35.499999340489,14.5498653769246,3.));
#4922=CARTESIAN_POINT('',(-35.499999340489,17.6998653769233,17.9));
#4923=CARTESIAN_POINT('',(-35.499999340489,17.6998653769262,3.));
#4924=CARTESIAN_POINT('',(-35.499999340489,21.8998653769246,17.9));
#4925=CARTESIAN_POINT('Origin',(22.9999993405122,15.2998653769233,64.));
#4926=CARTESIAN_POINT('',(22.9999993405122,23.2998653769233,64.));
#4927=CARTESIAN_POINT('',(22.9999993405122,23.2998653769259,33.5));
#4928=CARTESIAN_POINT('',(22.9999993405122,1.79986537692334,64.));
#4929=CARTESIAN_POINT('Origin',(-24.9999993404897,15.2998653769233,18.));
#4930=CARTESIAN_POINT('',(-24.9999993404897,23.2998653769233,18.));
#4931=CARTESIAN_POINT('',(3.29753976902047E-7,23.2998653769259,18.0000000000015));
#4932=CARTESIAN_POINT('',(-24.9999999999989,19.2998653769246,18.));
#4933=CARTESIAN_POINT('Origin',(-24.9999999999986,23.2998653769259,3.));
#4934=CARTESIAN_POINT('',(-24.9999999999986,23.2998653769259,17.9));
#4935=CARTESIAN_POINT('',(-24.9999999999986,23.2998653769259,3.));
#4936=CARTESIAN_POINT('',(-24.999999999999,17.6998653769275,17.9));
#4937=CARTESIAN_POINT('',(-24.9999999999987,21.8998653769257,17.9));
#4938=CARTESIAN_POINT('',(-24.999999999999,17.6998653769275,3.));
#4939=CARTESIAN_POINT('',(-24.999999999999,17.6998653769275,3.));
#4940=CARTESIAN_POINT('',(-24.9999993404903,7.97986537692409,3.));
#4941=CARTESIAN_POINT('',(-24.9999999999986,23.2998653769259,3.));
#4942=CARTESIAN_POINT('',(-24.9999993404903,7.97986537692409,6.25));
#4943=CARTESIAN_POINT('',(-24.9999999999998,7.97986537692409,3.));
#4944=CARTESIAN_POINT('',(-24.9999993404907,3.67986537692409,6.25));
#4945=CARTESIAN_POINT('',(-24.9999999999993,14.564865376925,6.25));
#4946=CARTESIAN_POINT('',(-25.0000000000004,0.429865376924087,3.));
#4947=CARTESIAN_POINT('',(-24.9999999999998,7.77236537692455,10.3425000000005));
#4948=CARTESIAN_POINT('',(-25.0000000000014,-11.7001346230741,3.));
#4949=CARTESIAN_POINT('',(-24.9999999999986,23.2998653769259,3.));
#4950=CARTESIAN_POINT('',(-24.9999993404918,-11.7001346230767,64.));
#4951=CARTESIAN_POINT('',(-25.0000000000014,-11.7001346230741,3.));
#4952=CARTESIAN_POINT('',(-25.,5.79986537692483,64.));
#4953=CARTESIAN_POINT('',(-25.000000000001,-6.13113462307665,7.634));
#4954=CARTESIAN_POINT('Origin',(-25.0000000000011,-8.38113462307665,7.634));
#4955=CARTESIAN_POINT('Origin',(24.9999999999986,17.6998653769259,3.));
#4956=CARTESIAN_POINT('',(24.9999999999986,17.6998653769259,17.9));
#4957=CARTESIAN_POINT('',(37.4999999999981,17.6998653769259,17.9));
#4958=CARTESIAN_POINT('',(24.9999999999986,17.6998653769259,3.));
#4959=CARTESIAN_POINT('',(24.9999999999986,17.6998653769259,3.));
#4960=CARTESIAN_POINT('',(37.4999999999981,17.6998653769259,3.));
#4961=CARTESIAN_POINT('Origin',(31.2499999999983,20.4998653769259,17.9));
#4962=CARTESIAN_POINT('',(24.9999999999986,23.2998653769259,17.9));
#4963=CARTESIAN_POINT('',(24.9999999999986,23.2998653769259,17.9));
#4964=CARTESIAN_POINT('',(24.9999999999986,4.39986537692589,17.9));
#4965=CARTESIAN_POINT('',(32.3839993405116,20.0998653769233,17.9));
#4966=CARTESIAN_POINT('Origin',(31.4839993405116,20.0998653769233,17.9));
#4967=CARTESIAN_POINT('Origin',(24.9999993405122,-11.7001346230767,64.));
#4968=CARTESIAN_POINT('',(19.7999993405122,23.2998653769233,64.));
#4969=CARTESIAN_POINT('',(24.9999996702554,23.2998653769259,64.));
#4970=CARTESIAN_POINT('',(19.7999993405122,-11.7001346230767,64.));
#4971=CARTESIAN_POINT('',(19.7999993405122,-11.7001346230767,64.));
#4972=CARTESIAN_POINT('',(24.9999993405122,-11.7001346230767,64.));
#4973=CARTESIAN_POINT('',(-3.29744622717953E-7,-11.7001346230741,64.));
#4974=CARTESIAN_POINT('',(24.9999999999986,-11.7001346230754,64.));
#4975=CARTESIAN_POINT('Origin',(24.9999999999986,23.2998653769259,3.));
#4976=CARTESIAN_POINT('',(-19.7999993404918,23.2998653769233,64.));
#4977=CARTESIAN_POINT('',(2.60000032975336,23.2998653769259,64.));
#4978=CARTESIAN_POINT('',(-19.7999993404918,23.2998653769233,66.));
#4979=CARTESIAN_POINT('',(-19.7999993404919,23.2998653769259,34.5));
#4980=CARTESIAN_POINT('',(-21.7999993404918,23.2998653769233,66.));
#4981=CARTESIAN_POINT('',(1.60000032975337,23.2998653769259,66.));
#4982=CARTESIAN_POINT('',(-21.7999993404918,23.2998653769233,68.));
#4983=CARTESIAN_POINT('',(-21.7999993404918,23.2998653769259,35.5));
#4984=CARTESIAN_POINT('',(-2.24999999998912,23.2998653769233,68.));
#4985=CARTESIAN_POINT('',(24.9999999999986,23.2998653769259,68.));
#4986=CARTESIAN_POINT('',(-2.24999999998912,23.2998653769233,66.4));
#4987=CARTESIAN_POINT('',(-2.24999999998912,23.2998653769259,35.5));
#4988=CARTESIAN_POINT('',(2.25000000001088,23.2998653769233,66.4));
#4989=CARTESIAN_POINT('',(12.5000000000047,23.2998653769259,66.4));
#4990=CARTESIAN_POINT('',(2.25000000001088,23.2998653769233,68.));
#4991=CARTESIAN_POINT('',(2.25000000001088,23.2998653769259,35.5));
#4992=CARTESIAN_POINT('',(21.7999993405122,23.2998653769233,68.));
#4993=CARTESIAN_POINT('',(24.9999999999986,23.2998653769259,68.));
#4994=CARTESIAN_POINT('',(21.7999993405122,23.2998653769233,66.));
#4995=CARTESIAN_POINT('',(21.7999993405122,23.2998653769259,34.5));
#4996=CARTESIAN_POINT('',(19.7999993405122,23.2998653769233,66.));
#4997=CARTESIAN_POINT('',(22.3999996702554,23.2998653769259,66.));
#4998=CARTESIAN_POINT('',(19.7999993405122,23.2998653769259,33.5));
#4999=CARTESIAN_POINT('',(24.9999999999986,23.2998653769259,3.));
#5000=CARTESIAN_POINT('',(24.9999999999986,23.2998653769259,3.));
#5001=CARTESIAN_POINT('',(-24.9999999999986,23.2998653769259,17.9));
#5002=CARTESIAN_POINT('',(-10.3586920023612,23.2998653769233,20.));
#5003=CARTESIAN_POINT('',(-10.3586920023612,23.2998653769233,16.));
#5004=CARTESIAN_POINT('Origin',(1.05240903715653E-11,23.2998653769259,18.));
#5005=CARTESIAN_POINT('',(-7.74596669240431,23.2998653769233,16.));
#5006=CARTESIAN_POINT('',(7.32065399881868,23.2998653769259,16.));
#5007=CARTESIAN_POINT('',(7.74596669242536,23.2998653769233,16.));
#5008=CARTESIAN_POINT('Origin',(1.05240903715653E-11,23.2998653769259,18.));
#5009=CARTESIAN_POINT('',(10.3586920023823,23.2998653769233,16.));
#5010=CARTESIAN_POINT('',(16.372983346212,23.2998653769259,16.));
#5011=CARTESIAN_POINT('',(10.3586920023823,23.2998653769233,20.));
#5012=CARTESIAN_POINT('Origin',(1.05240903715653E-11,23.2998653769259,18.));
#5013=CARTESIAN_POINT('',(7.74596669242536,23.2998653769233,20.));
#5014=CARTESIAN_POINT('',(17.6793460011904,23.2998653769259,20.));
#5015=CARTESIAN_POINT('',(-7.74596669240431,23.2998653769233,20.));
#5016=CARTESIAN_POINT('Origin',(1.05240903715653E-11,23.2998653769259,18.));
#5017=CARTESIAN_POINT('',(8.62701665379713,23.2998653769259,20.));
#5018=CARTESIAN_POINT('',(-15.8794088365927,23.2998653769233,45.5));
#5019=CARTESIAN_POINT('',(-12.2474487139051,23.2998653769233,45.5));
#5020=CARTESIAN_POINT('',(4.56029558170295,23.2998653769259,45.5));
#5021=CARTESIAN_POINT('',(12.2474487139267,23.2998653769233,45.5));
#5022=CARTESIAN_POINT('Origin',(1.07956699135769E-11,23.2998653769259,48.));
#5023=CARTESIAN_POINT('',(15.8794088366143,23.2998653769233,45.5));
#5024=CARTESIAN_POINT('',(18.6237243569626,23.2998653769259,45.5));
#5025=CARTESIAN_POINT('',(15.8794088366143,23.2998653769233,50.5));
#5026=CARTESIAN_POINT('Origin',(1.0795691447942E-11,23.2998653769259,48.));
#5027=CARTESIAN_POINT('',(12.2474487139267,23.2998653769233,50.5));
#5028=CARTESIAN_POINT('',(20.4397044183064,23.2998653769259,50.5));
#5029=CARTESIAN_POINT('',(-12.2474487139051,23.2998653769233,50.5000000000001));
#5030=CARTESIAN_POINT('Origin',(1.07956699135769E-11,23.2998653769259,48.));
#5031=CARTESIAN_POINT('',(-15.8794088365927,23.2998653769233,50.4999999999999));
#5032=CARTESIAN_POINT('',(6.37627564304529,23.2998653769259,50.5000000000013));
#5033=CARTESIAN_POINT('Origin',(1.0795691447942E-11,23.2998653769259,48.));
#5034=CARTESIAN_POINT('Origin',(17.7999993405122,-8.70013462307667,41.9777995341062));
#5035=CARTESIAN_POINT('',(16.9999993405122,-9.50013462307667,68.));
#5036=CARTESIAN_POINT('',(16.9999993405122,-9.50013462307667,48.));
#5037=CARTESIAN_POINT('',(16.9999993405122,-9.50013462307667,54.9888997670531));
#5038=CARTESIAN_POINT('',(18.7999993405122,-7.70013462307667,68.));
#5039=CARTESIAN_POINT('',(16.9749995053844,-9.52513445820442,68.));
#5040=CARTESIAN_POINT('',(18.7999993405122,-7.70013462307667,47.8555990682125));
#5041=CARTESIAN_POINT('',(18.7999993405122,-7.70013462307667,41.9777995341062));
#5042=CARTESIAN_POINT('',(16.7999993405122,-9.70013462307666,48.0160445479763));
#5043=CARTESIAN_POINT('Origin',(14.0605950498115,-8.70013462307666,24.7794283910257));
#5044=CARTESIAN_POINT('',(11.846531165685,-9.50013462307704,16.0869659332099));
#5045=CARTESIAN_POINT('',(15.1354128229725,-9.50013462307681,36.4534819977392));
#5046=CARTESIAN_POINT('',(13.6235108405365,-7.70013462307667,15.8000108231913));
#5047=CARTESIAN_POINT('',(15.0478059802843,-7.70013462307666,24.6200088854599));
#5048=CARTESIAN_POINT('',(13.6235108405365,-7.70013462307667,15.8000108231913));
#5049=CARTESIAN_POINT('Origin',(1.05217097675642E-11,-8.70013462307666,
18.));
#5050=CARTESIAN_POINT('',(-11.8465311656643,-9.50013462307665,16.0869659332098));
#5051=CARTESIAN_POINT('Origin',(1.03315384638648E-11,-9.50013462307685,
18.));
#5052=CARTESIAN_POINT('',(-13.6235108405155,-7.70013462307667,15.8000108231912));
#5053=CARTESIAN_POINT('Origin',(1.05221387158849E-11,-7.70013462307667,
18.));
#5054=CARTESIAN_POINT('',(-13.6235108405155,-7.70013462307667,15.8000108231912));
#5055=CARTESIAN_POINT('Origin',(-16.6488392997788,-8.70013462307666,40.8072225135362));
#5056=CARTESIAN_POINT('',(-16.9999993404918,-9.50013462307665,48.));
#5057=CARTESIAN_POINT('',(-13.8528008605324,-9.50013462307665,28.5108620255993));
#5058=CARTESIAN_POINT('',(-18.7999993404918,-7.70013462307667,47.8555990682125));
#5059=CARTESIAN_POINT('',(-17.6360502302516,-7.70013462307667,40.6478030079704));
#5060=CARTESIAN_POINT('',(-16.7999993404918,-9.70013462307665,48.0160445479764));
#5061=CARTESIAN_POINT('Origin',(-17.7999993404918,-8.70013462307666,52.0499999999999));
#5062=CARTESIAN_POINT('',(-16.9999993404918,-9.50013462307665,68.));
#5063=CARTESIAN_POINT('',(-16.9999993404918,-9.50013462307665,50.025));
#5064=CARTESIAN_POINT('',(-18.7999993404918,-7.70013462307666,68.));
#5065=CARTESIAN_POINT('',(-18.7999993404918,-7.70013462307666,52.0499999999999));
#5066=CARTESIAN_POINT('',(-16.9749995053698,-9.52513445819864,68.));
#5067=CARTESIAN_POINT('Origin',(1.05221387158849E-11,-7.20013462307667,
18.));
#5068=CARTESIAN_POINT('',(13.6235108405365,-7.20013462307667,15.8000108231913));
#5069=CARTESIAN_POINT('',(13.6235108405365,-7.20013462307667,15.8000108231913));
#5070=CARTESIAN_POINT('',(-13.6235108405155,-7.20013462307667,15.8000108231912));
#5071=CARTESIAN_POINT('Origin',(1.05221387158849E-11,-7.20013462307667,
18.));
#5072=CARTESIAN_POINT('',(-13.6235108405155,-7.20013462307667,15.8000108231912));
#5073=CARTESIAN_POINT('Origin',(-18.7999993404918,-7.20013462307667,47.8555990682125));
#5074=CARTESIAN_POINT('',(-18.7999993404918,-7.20013462307667,47.8555990682125));
#5075=CARTESIAN_POINT('',(-13.6235108405155,-7.20013462307667,15.8000108231912));
#5076=CARTESIAN_POINT('',(-18.7999993404918,-7.20013462307667,47.8555990682125));
#5077=CARTESIAN_POINT('Origin',(-18.7999993404918,-7.20013462307666,68.));
#5078=CARTESIAN_POINT('',(-18.7999993404918,-7.20013462307666,68.));
#5079=CARTESIAN_POINT('',(-18.7999993404918,-7.20013462307667,47.8555990682125));
#5080=CARTESIAN_POINT('',(-18.7999993404918,-0.700134623075387,68.));
#5081=CARTESIAN_POINT('Origin',(18.7999993405122,-7.20013462307667,47.8555990682125));
#5082=CARTESIAN_POINT('',(18.7999993405122,-7.20013462307667,68.));
#5083=CARTESIAN_POINT('',(18.7999993405122,-0.700134623075388,68.));
#5084=CARTESIAN_POINT('',(18.7999993405122,-7.20013462307667,47.8555990682125));
#5085=CARTESIAN_POINT('',(18.7999993405122,-7.20013462307667,68.));
#5086=CARTESIAN_POINT('',(18.7999993405122,-7.20013462307667,47.8555990682125));
#5087=CARTESIAN_POINT('Origin',(13.6235108405365,-7.20013462307666,15.8000108231913));
#5088=CARTESIAN_POINT('',(18.7999993405122,-7.20013462307667,47.8555990682125));
#5089=CARTESIAN_POINT('Origin',(1.01740837976649E-11,-7.20013462307666,
36.0999999999999));
#5090=CARTESIAN_POINT('',(16.9999993405122,-7.20013462307667,48.));
#5091=CARTESIAN_POINT('',(16.9999993405122,-7.20013462307667,68.));
#5092=CARTESIAN_POINT('',(16.9999993405122,-7.20013462307667,52.0499999999999));
#5093=CARTESIAN_POINT('',(11.846531165685,-7.20013462307666,16.0869659332099));
#5094=CARTESIAN_POINT('',(15.8475603928465,-7.20013462307667,40.8634810288734));
#5095=CARTESIAN_POINT('',(-11.8465311656643,-7.20013462307665,16.0869659332098));
#5096=CARTESIAN_POINT('Origin',(1.03315384638648E-11,-7.20013462307666,
18.));
#5097=CARTESIAN_POINT('',(-16.9999993404918,-7.20013462307665,48.));
#5098=CARTESIAN_POINT('',(-13.2708263054123,-7.20013462307665,24.9069639954782));
#5099=CARTESIAN_POINT('',(-16.9999993404918,-7.20013462307666,68.));
#5100=CARTESIAN_POINT('',(-16.9999993404918,-7.20013462307665,42.0499999999999));
#5101=CARTESIAN_POINT('',(4.37371099898774E-12,-7.20013462307666,68.));
#5102=CARTESIAN_POINT('',(4.37371099898774E-12,-7.20013462307666,68.));
#5103=CARTESIAN_POINT('Origin',(-1.4210854715202E-12,5.79986537692589,68.));
#5104=CARTESIAN_POINT('',(16.9999993405122,-11.7001346230767,68.));
#5105=CARTESIAN_POINT('',(16.9999993405122,-2.95013462307539,68.));
#5106=CARTESIAN_POINT('',(21.7999993405122,-11.7001346230767,68.));
#5107=CARTESIAN_POINT('',(-25.0000000000014,-11.7001346230741,68.));
#5108=CARTESIAN_POINT('',(21.7999993405122,-2.95013462307539,68.));
#5109=CARTESIAN_POINT('',(2.25000000001087,14.6998653769233,68.));
#5110=CARTESIAN_POINT('',(2.25000000001088,14.5498653769246,68.));
#5111=CARTESIAN_POINT('',(18.9999993405122,14.6998653769233,68.));
#5112=CARTESIAN_POINT('',(4.37649916307237E-12,14.6998653769233,68.));
#5113=CARTESIAN_POINT('',(18.9999993405122,14.1998653769233,68.));
#5114=CARTESIAN_POINT('',(18.9999993405122,10.2498653769246,68.));
#5115=CARTESIAN_POINT('',(16.9999993405122,12.1998653769233,68.));
#5116=CARTESIAN_POINT('',(11.6499995053844,6.84986554179557,68.));
#5117=CARTESIAN_POINT('',(16.9999993405122,-2.95013462307539,68.));
#5118=CARTESIAN_POINT('Origin',(16.9999993405122,-11.7001346230767,68.));
#5119=CARTESIAN_POINT('',(16.9999993405122,-11.7001346230767,48.));
#5120=CARTESIAN_POINT('',(16.9999993405122,-11.7001346230767,48.));
#5121=CARTESIAN_POINT('',(16.9999993405122,-11.7001346230741,35.5));
#5122=CARTESIAN_POINT('Origin',(16.9999993405122,-11.7001346230767,68.));
#5123=CARTESIAN_POINT('',(16.9999993405122,12.1998653769233,48.));
#5124=CARTESIAN_POINT('',(16.9999993405122,12.1998653769233,54.959888630059));
#5125=CARTESIAN_POINT('',(16.9999993405122,-11.7001346230767,48.));
#5126=CARTESIAN_POINT('Origin',(16.9999993405122,-11.7001346230767,48.));
#5127=CARTESIAN_POINT('',(11.846531165685,-11.7001346230767,16.0869659332099));
#5128=CARTESIAN_POINT('',(11.846531165685,-11.7001346230767,16.0869659332099));
#5129=CARTESIAN_POINT('',(12.9252279304738,-11.7001346230741,22.7668338269507));
#5130=CARTESIAN_POINT('Origin',(16.9999993405122,-11.7001346230767,48.));
#5131=CARTESIAN_POINT('',(11.8465311656853,12.1998653769233,16.0869659332098));
#5132=CARTESIAN_POINT('',(15.1314783060119,12.1998653769232,36.429117362208));
#5133=CARTESIAN_POINT('',(11.846531165685,-11.7001346230767,16.0869659332099));
#5134=CARTESIAN_POINT('Origin',(-16.9999993404918,-11.7001346230767,48.));
#5135=CARTESIAN_POINT('',(-16.9999993404918,-11.7001346230767,68.));
#5136=CARTESIAN_POINT('',(-16.9999993404918,-2.95013462307539,68.));
#5137=CARTESIAN_POINT('',(-16.9999993404918,-11.7001346230767,48.));
#5138=CARTESIAN_POINT('',(-16.9999993404918,-11.7001346230741,25.5));
#5139=CARTESIAN_POINT('',(-16.9999993404918,-11.7001346230767,48.));
#5140=CARTESIAN_POINT('Origin',(1.03315384638648E-11,-11.7001346230767,
18.));
#5141=CARTESIAN_POINT('',(-11.8465311656643,-11.7001346230767,16.0869659332098));
#5142=CARTESIAN_POINT('',(-11.8465311656643,-11.7001346230767,16.0869659332098));
#5143=CARTESIAN_POINT('Origin',(1.03315384638648E-11,-11.7001346230741,
18.));
#5144=CARTESIAN_POINT('Origin',(-11.8465311656643,-11.7001346230767,16.0869659332098));
#5145=CARTESIAN_POINT('',(-10.9838583119113,-11.7001346230741,10.7448337541871));
#5146=CARTESIAN_POINT('Origin',(17.9999993405122,13.1998653769233,41.919777260118));
#5147=CARTESIAN_POINT('',(18.9999993405122,14.1998653769233,47.8395545202361));
#5148=CARTESIAN_POINT('',(18.9999993405122,14.1998653769233,41.919777260118));
#5149=CARTESIAN_POINT('',(16.9999993405122,12.1998653769233,48.));
#5150=CARTESIAN_POINT('Origin',(-16.8396913589048,13.1998653769233,40.7345290179292));
#5151=CARTESIAN_POINT('',(-18.9999993404918,14.1998653769233,47.8395545202361));
#5152=CARTESIAN_POINT('',(-13.8209530266101,14.1998653769233,15.7681269220781));
#5153=CARTESIAN_POINT('',(-17.8269022893777,14.1998653769233,40.5751095123633));
#5154=CARTESIAN_POINT('',(-16.9999993404918,12.1998653769233,48.));
#5155=CARTESIAN_POINT('',(-16.9999993404918,12.1998653769233,48.));
#5156=CARTESIAN_POINT('',(-11.8465311656643,12.1998653769233,16.0869659332098));
#5157=CARTESIAN_POINT('',(-13.8495057970481,12.1998653769233,28.4904572283524));
#5158=CARTESIAN_POINT('',(-13.8209530266101,14.1998653769233,15.7681269220781));
#5159=CARTESIAN_POINT('Origin',(1.05221387158849E-11,13.1998653769233,18.));
#5160=CARTESIAN_POINT('',(13.8209530266311,14.1998653769233,15.7681269220781));
#5161=CARTESIAN_POINT('',(13.8209530266311,14.1998653769233,15.7681269220781));
#5162=CARTESIAN_POINT('Origin',(1.05221387158849E-11,14.1998653769233,18.));
#5163=CARTESIAN_POINT('Origin',(1.03315384638648E-11,12.1998653769231,18.));
#5164=CARTESIAN_POINT('Origin',(14.2501682019848,13.1998653769233,24.6988152188503));
#5165=CARTESIAN_POINT('',(15.2373791324577,14.1998653769233,24.5393957132845));
#5166=CARTESIAN_POINT('Origin',(-17.9999993404918,13.1998653769233,52.));
#5167=CARTESIAN_POINT('',(-16.9999993404918,12.1998653769233,68.));
#5168=CARTESIAN_POINT('',(-16.9999993404918,12.1998653769233,50.));
#5169=CARTESIAN_POINT('',(-18.9999993404918,14.1998653769233,68.));
#5170=CARTESIAN_POINT('',(-18.9999993404918,14.1998653769233,52.));
#5171=CARTESIAN_POINT('',(-11.6499995053699,6.84986554180137,68.));
#5172=CARTESIAN_POINT('Origin',(1.05221387158849E-11,14.6998653769233,18.));
#5173=CARTESIAN_POINT('',(13.8209530266311,14.6998653769233,15.7681269220781));
#5174=CARTESIAN_POINT('',(13.8209530266311,14.6998653769233,15.7681269220781));
#5175=CARTESIAN_POINT('',(-13.8209530266101,14.6998653769233,15.7681269220781));
#5176=CARTESIAN_POINT('Origin',(1.05221387158849E-11,14.6998653769233,18.));
#5177=CARTESIAN_POINT('',(-13.8209530266101,14.6998653769233,15.7681269220781));
#5178=CARTESIAN_POINT('Origin',(-18.9999993404918,14.6998653769233,47.8395545202361));
#5179=CARTESIAN_POINT('',(-18.9999993404918,14.6998653769233,47.8395545202361));
#5180=CARTESIAN_POINT('',(-18.9999993404918,14.6998653769233,47.8395545202361));
#5181=CARTESIAN_POINT('',(-18.9999993404918,14.6998653769233,47.8395545202361));
#5182=CARTESIAN_POINT('Origin',(-18.9999993404918,14.6998653769233,68.));
#5183=CARTESIAN_POINT('',(-18.9999993404918,14.6998653769233,68.));
#5184=CARTESIAN_POINT('',(-18.9999993404918,14.6998653769233,68.));
#5185=CARTESIAN_POINT('',(-18.9999993404918,10.2498653769246,68.));
#5186=CARTESIAN_POINT('Origin',(18.9999993405122,14.6998653769233,47.8395545202361));
#5187=CARTESIAN_POINT('',(18.9999993405122,14.6998653769233,47.8395545202361));
#5188=CARTESIAN_POINT('',(18.9999993405122,14.6998653769233,47.8395545202361));
#5189=CARTESIAN_POINT('',(18.9999993405122,14.6998653769233,47.8395545202361));
#5190=CARTESIAN_POINT('Origin',(13.8209530266311,14.6998653769233,15.7681269220781));
#5191=CARTESIAN_POINT('',(13.8209530266311,14.6998653769233,15.7681269220781));
#5192=CARTESIAN_POINT('Origin',(1.03315384638648E-11,-11.7001346230767,
18.));
#5193=CARTESIAN_POINT('',(-11.8465311656643,-11.7001346230767,16.0869659332098));
#5194=CARTESIAN_POINT('',(2.59800000001789,-3.55016508455365,6.28460858528573));
#5195=CARTESIAN_POINT('',(-2.59799999998211,-3.55016508455365,6.28460858528238));
#5196=CARTESIAN_POINT('Origin',(1.03315384638648E-11,-3.55016508455365,
18.));
#5197=CARTESIAN_POINT('Ctrl Pts',(-2.59799999998211,-3.55016508455365,6.28460858528238));
#5198=CARTESIAN_POINT('Ctrl Pts',(-2.63544402687421,-3.53519906517231,6.29291215606562));
#5199=CARTESIAN_POINT('Ctrl Pts',(-2.67274150907893,-3.5199163538051,6.30137159597535));
#5200=CARTESIAN_POINT('Ctrl Pts',(-3.5694934837246,-3.14340192679025,6.50924928295368));
#5201=CARTESIAN_POINT('Ctrl Pts',(-4.34209517579982,-2.60753438388053,6.79325413040246));
#5202=CARTESIAN_POINT('Ctrl Pts',(-5.56083619197856,-1.38879336770179,7.34509075030647));
#5203=CARTESIAN_POINT('Ctrl Pts',(-6.09428557991029,-0.617179892767895,
7.65389482210241));
#5204=CARTESIAN_POINT('Ctrl Pts',(-6.81403005600822,1.09700405673501,8.11307803306177));
#5205=CARTESIAN_POINT('Ctrl Pts',(-6.99999999998211,2.04244061333247,8.25320565518561));
#5206=CARTESIAN_POINT('Ctrl Pts',(-6.99999999998211,3.85729014049444,8.25320565518561));
#5207=CARTESIAN_POINT('Ctrl Pts',(-6.8140300560082,4.80272669709194,8.11307803306175));
#5208=CARTESIAN_POINT('Ctrl Pts',(-6.0942855799102,6.51691064659491,7.65389482210236));
#5209=CARTESIAN_POINT('Ctrl Pts',(-5.56083619197842,7.28852412152883,7.3450907503064));
#5210=CARTESIAN_POINT('Ctrl Pts',(-4.34209517579964,8.50726513770752,6.79325413040239));
#5211=CARTESIAN_POINT('Ctrl Pts',(-3.56949348372444,9.04313268061719,6.50924928295364));
#5212=CARTESIAN_POINT('Ctrl Pts',(-1.85027430632778,9.76497198712799,6.1107139954822));
#5213=CARTESIAN_POINT('Ctrl Pts',(-0.902321899362481,9.94986537691342,5.99999999999943));
#5214=CARTESIAN_POINT('Ctrl Pts',(0.902321899398541,9.94986537691342,6.00000000000057));
#5215=CARTESIAN_POINT('Ctrl Pts',(1.85027430636398,9.76497198712788,6.1107139954846));
#5216=CARTESIAN_POINT('Ctrl Pts',(3.56949348376071,9.04313268061691,6.50924928295846));
#5217=CARTESIAN_POINT('Ctrl Pts',(4.34209517583585,8.50726513770717,6.79325413040839));
#5218=CARTESIAN_POINT('Ctrl Pts',(5.56083619201438,7.28852412152855,7.34509075031437));
#5219=CARTESIAN_POINT('Ctrl Pts',(6.09428557994604,6.51691064659477,7.65389482211128));
#5220=CARTESIAN_POINT('Ctrl Pts',(6.81403005604394,4.802726697092,8.11307803307213));
#5221=CARTESIAN_POINT('Ctrl Pts',(7.00000000001788,3.85729014049454,8.25320565519646));
#5222=CARTESIAN_POINT('Ctrl Pts',(7.00000000001788,2.94986537691343,8.25320565519646));
#5223=CARTESIAN_POINT('Ctrl Pts',(7.00000000001788,2.04244061333228,8.25320565519646));
#5224=CARTESIAN_POINT('Ctrl Pts',(6.81403005604392,1.09700405673477,8.11307803307212));
#5225=CARTESIAN_POINT('Ctrl Pts',(6.09428557994596,-0.617179892768069,7.65389482211123));
#5226=CARTESIAN_POINT('Ctrl Pts',(5.56083619201425,-1.38879336770187,7.3450907503143));
#5227=CARTESIAN_POINT('Ctrl Pts',(4.34209517583567,-2.60753438388045,6.79325413040832));
#5228=CARTESIAN_POINT('Ctrl Pts',(3.56949348376056,-3.14340192679014,6.50924928295842));
#5229=CARTESIAN_POINT('Ctrl Pts',(2.67274150911485,-3.51991635380505,6.30137159597884));
#5230=CARTESIAN_POINT('Ctrl Pts',(2.63544402691005,-3.53519906517228,6.29291215606903));
#5231=CARTESIAN_POINT('Ctrl Pts',(2.59800000001789,-3.55016508455365,6.28460858528573));
#5232=CARTESIAN_POINT('Origin',(24.9999999999986,-8.38113462307868,7.634));
#5233=CARTESIAN_POINT('',(24.9999999999986,-10.6311346230787,7.634));
#5234=CARTESIAN_POINT('Origin',(24.9999999999986,-8.38113462307868,7.634));
#5235=CARTESIAN_POINT('',(20.4999999999986,-10.6311346230787,7.634));
#5236=CARTESIAN_POINT('',(24.9999999999986,-10.6311346230787,7.634));
#5237=CARTESIAN_POINT('Origin',(20.4999999999986,-8.38113462307868,7.634));
#5238=CARTESIAN_POINT('Origin',(20.4999999999986,-8.38113462307868,7.634));
#5239=CARTESIAN_POINT('Origin',(24.9999999999986,3.6798653769241,6.25));
#5240=CARTESIAN_POINT('',(7.86619984492295,3.67986537692409,4.65));
#5241=CARTESIAN_POINT('',(7.86619984492295,3.67986537692409,6.25));
#5242=CARTESIAN_POINT('',(7.86619984492295,3.67986537692409,3.));
#5243=CARTESIAN_POINT('',(7.85999999999857,3.67986537692206,6.25));
#5244=CARTESIAN_POINT('',(24.9999999999986,3.67986537692207,6.25));
#5245=CARTESIAN_POINT('',(7.85999999999857,3.67986537692409,4.65));
#5246=CARTESIAN_POINT('',(7.85999999999857,3.67986537692409,3.));
#5247=CARTESIAN_POINT('',(12.5000000000092,3.67986537692409,4.65));
#5248=CARTESIAN_POINT('Origin',(7.85999999999857,2.05486537692308,4.625));
#5249=CARTESIAN_POINT('',(7.85999999999857,2.07986537692206,4.65));
#5250=CARTESIAN_POINT('',(7.85999999999857,2.50236537691959,4.65));
#5251=CARTESIAN_POINT('',(7.85999999999857,3.67986537692206,6.25));
#5252=CARTESIAN_POINT('Origin',(24.9999999999986,0.429865376922063,3.));
#5253=CARTESIAN_POINT('',(16.0979071370547,2.02986537692206,4.6));
#5254=CARTESIAN_POINT('',(17.4187101027938,0.429865376922062,3.));
#5255=CARTESIAN_POINT('Ctrl Pts',(16.0979071370546,2.02986537692222,4.60000000000015));
#5256=CARTESIAN_POINT('Ctrl Pts',(16.7583086199242,1.29018766164897,3.86032228472691));
#5257=CARTESIAN_POINT('Ctrl Pts',(17.4187101027938,0.429865376922061,3.));
#5258=CARTESIAN_POINT('',(16.1034313719782,2.07986537692206,4.65));
#5259=CARTESIAN_POINT('Origin',(8.00000000001788,2.94986537690593,5.51999999998386));
#5260=CARTESIAN_POINT('',(12.5000000000092,2.07986537692206,4.65));
#5261=CARTESIAN_POINT('',(24.9999993405122,3.6798653769241,6.25));
#5262=CARTESIAN_POINT('',(7.86619984492295,3.67986537692409,6.25));
#5263=CARTESIAN_POINT('',(24.9999999999986,0.429865376922064,3.));
#5264=CARTESIAN_POINT('',(24.9999999999986,-2.60263462307699,-0.0324999999990466));
#5265=CARTESIAN_POINT('',(12.4999999999986,0.429865376922059,3.));
#5266=CARTESIAN_POINT('Origin',(1.97331040396875E-11,2.94986537691611,4.65));
#5267=CARTESIAN_POINT('',(8.00000000001546,-5.20013462308679,4.65));
#5268=CARTESIAN_POINT('Origin',(8.00000000001788,2.94986537690593,4.65));
#5269=CARTESIAN_POINT('',(-7.99999999998679,-5.20013462307858,4.65));
#5270=CARTESIAN_POINT('',(-7.99999999998679,-5.20013462307858,4.65));
#5271=CARTESIAN_POINT('',(-16.103431371937,2.07986537692336,4.65));
#5272=CARTESIAN_POINT('Origin',(-7.99999999997911,2.94986537692334,4.65));
#5273=CARTESIAN_POINT('',(-7.86000000000029,2.07986537692269,4.65));
#5274=CARTESIAN_POINT('',(-12.4999999999903,2.07986537692307,4.65));
#5275=CARTESIAN_POINT('',(-7.86000000000016,3.67986537692269,4.65));
#5276=CARTESIAN_POINT('',(-7.86000000000026,2.50236537691972,4.65));
#5277=CARTESIAN_POINT('',(-7.8661998448873,3.67986537692277,4.65));
#5278=CARTESIAN_POINT('',(-12.4999999999902,3.67986537692307,4.65));
#5279=CARTESIAN_POINT('',(-6.09172389391455,7.97986537692263,4.65));
#5280=CARTESIAN_POINT('Origin',(1.78862480382236E-11,2.94986537691343,4.65));
#5281=CARTESIAN_POINT('',(-14.4126125720929,7.97986537692327,4.65));
#5282=CARTESIAN_POINT('',(-3.04586194694721,7.97986537692239,4.65));
#5283=CARTESIAN_POINT('',(-7.99999999997144,11.0998653769253,4.65));
#5284=CARTESIAN_POINT('Origin',(-7.99999999997911,2.94986537692334,4.65));
#5285=CARTESIAN_POINT('',(8.00000000002686,11.0998653769085,4.65));
#5286=CARTESIAN_POINT('',(-7.99999999996974,11.0998653769289,4.65));
#5287=CARTESIAN_POINT('',(14.4126125721183,7.97986537692409,4.65));
#5288=CARTESIAN_POINT('Origin',(8.00000000001788,2.94986537690593,4.65));
#5289=CARTESIAN_POINT('',(6.09172389394911,7.97986537692409,4.65));
#5290=CARTESIAN_POINT('',(12.4999996702659,7.97986537692409,4.65));
#5291=CARTESIAN_POINT('Origin',(1.78862480382236E-11,2.94986537691343,4.65));
#5292=CARTESIAN_POINT('',(-2.59799999998211,-3.55016508455365,4.65));
#5293=CARTESIAN_POINT('',(2.59800000001789,-3.55016508455365,4.65));
#5294=CARTESIAN_POINT('',(-1.29899999998119,-3.55016508455365,4.65));
#5295=CARTESIAN_POINT('Origin',(1.78859702232973E-11,2.94986537691343,4.65));
#5296=CARTESIAN_POINT('Origin',(-25.0000000000011,-8.38113462307665,7.634));
#5297=CARTESIAN_POINT('',(-20.500000000001,-6.13113462307702,7.634));
#5298=CARTESIAN_POINT('',(-25.000000000001,-6.13113462307665,7.634));
#5299=CARTESIAN_POINT('Origin',(-20.5000000000011,-8.38113462307702,7.634));
#5300=CARTESIAN_POINT('Origin',(-20.5000000000011,-8.38113462307702,7.634));
#5301=CARTESIAN_POINT('Origin',(-7.8600000000003,2.05486537692269,4.625));
#5302=CARTESIAN_POINT('',(-7.86000000000016,3.67986537692269,6.25));
#5303=CARTESIAN_POINT('',(-7.86000000000016,3.67986537692269,6.25));
#5304=CARTESIAN_POINT('',(-7.86000000000016,3.67986537692269,6.25));
#5305=CARTESIAN_POINT('Origin',(-25.0000000000002,3.67986537692409,6.25));
#5306=CARTESIAN_POINT('',(-16.0979071370134,2.02986537692336,4.6));
#5307=CARTESIAN_POINT('Origin',(-7.99999999997911,2.94986537692334,5.52000000000063));
#5308=CARTESIAN_POINT('',(-17.41871010275,0.42986537692347,3.));
#5309=CARTESIAN_POINT('Ctrl Pts',(-17.41871010275,0.42986537692347,3.));
#5310=CARTESIAN_POINT('Ctrl Pts',(-16.7583086198816,1.29018766165024,3.86032228472683));
#5311=CARTESIAN_POINT('Ctrl Pts',(-16.0979071370133,2.02986537692352,4.60000000000016));
#5312=CARTESIAN_POINT('',(-12.5000000000011,0.429865376923068,3.));
#5313=CARTESIAN_POINT('',(-7.8661998448873,3.67986537692277,6.25));
#5314=CARTESIAN_POINT('',(-7.8661998448873,3.67986537692277,6.25));
#5315=CARTESIAN_POINT('',(-25.0000000000002,3.67986537692409,6.25));
#5316=CARTESIAN_POINT('Origin',(-25.0000000000002,3.67986537692409,3.));
#5317=CARTESIAN_POINT('',(-7.8661998448873,3.67986537692277,3.));
#5318=CARTESIAN_POINT('Origin',(-1.4210854715202E-12,5.79986537692589,3.));
#5319=CARTESIAN_POINT('',(24.9999999999986,-11.7001346230741,3.));
#5320=CARTESIAN_POINT('',(24.9999999999986,-11.7001346230741,3.));
#5321=CARTESIAN_POINT('',(-25.0000000000014,-11.7001346230741,3.));
#5322=CARTESIAN_POINT('',(-7.99999999998829,-6.80013462307858,3.));
#5323=CARTESIAN_POINT('Origin',(-7.99999999997911,2.94986537692334,3.));
#5324=CARTESIAN_POINT('',(8.00000000001464,-6.80013462308679,3.));
#5325=CARTESIAN_POINT('',(-3.99999999999774,-6.80013462308063,3.));
#5326=CARTESIAN_POINT('Origin',(8.00000000001788,2.94986537690593,3.));
#5327=CARTESIAN_POINT('',(15.750000659511,-4.80013462307665,3.));
#5328=CARTESIAN_POINT('Origin',(18.000000659511,-4.80013462307665,3.));
#5329=CARTESIAN_POINT('',(-20.249999340489,-4.80013462307666,3.));
#5330=CARTESIAN_POINT('Origin',(-17.999999340489,-4.80013462307666,3.));
#5331=CARTESIAN_POINT('Origin',(-7.99999999997911,2.94986537692334,3.8));
#5332=CARTESIAN_POINT('',(-7.99999999998679,-5.20013462307858,4.6));
#5333=CARTESIAN_POINT('Origin',(-7.99999999997911,2.94986537692334,4.6));
#5334=CARTESIAN_POINT('',(-7.99999999998679,-5.20013462307858,4.6));
#5335=CARTESIAN_POINT('Origin',(-3.99999999999733,-6.00013462308063,3.8));
#5336=CARTESIAN_POINT('',(8.00000000001546,-5.20013462308679,4.6));
#5337=CARTESIAN_POINT('',(8.00000000001546,-5.20013462308679,4.6));
#5338=CARTESIAN_POINT('',(-3.99999999999692,-5.20013462308063,4.6));
#5339=CARTESIAN_POINT('Origin',(8.00000000001788,2.94986537690593,3.8));
#5340=CARTESIAN_POINT('Origin',(8.00000000001788,2.94986537690593,4.6));
#5341=CARTESIAN_POINT('Origin',(1.78862480382236E-11,2.94986537691343,3.));
#5342=CARTESIAN_POINT('',(-6.09172389391455,7.97986537692263,6.25));
#5343=CARTESIAN_POINT('Origin',(1.78862480382236E-11,2.94986537691343,6.25));
#5344=CARTESIAN_POINT('',(-6.09172389391455,7.97986537692263,3.));
#5345=CARTESIAN_POINT('Origin',(-6.09172389391455,7.97986537692263,3.));
#5346=CARTESIAN_POINT('',(-6.09172389391455,7.97986537692263,6.25));
#5347=CARTESIAN_POINT('',(-14.4126125720929,7.97986537692327,3.));
#5348=CARTESIAN_POINT('',(-3.0458619469579,7.9798653769224,3.));
#5349=CARTESIAN_POINT('',(-14.4126125720929,7.97986537692327,3.));
#5350=CARTESIAN_POINT('Origin',(-15.5458616172026,5.82986537692343,6.25));
#5351=CARTESIAN_POINT('Origin',(1.78862480382236E-11,2.94986537691343,3.));
#5352=CARTESIAN_POINT('',(6.09172389394911,7.97986537692409,6.25));
#5353=CARTESIAN_POINT('',(6.09172389394911,7.97986537692409,3.));
#5354=CARTESIAN_POINT('Origin',(1.78862480382236E-11,2.94986537691343,6.25));
#5355=CARTESIAN_POINT('Origin',(24.9999993405122,7.9798653769241,3.));
#5356=CARTESIAN_POINT('',(14.4126125721183,7.97986537692409,3.));
#5357=CARTESIAN_POINT('',(14.4126125721183,7.97986537692409,3.));
#5358=CARTESIAN_POINT('',(24.9999993405122,7.9798653769241,3.));
#5359=CARTESIAN_POINT('',(12.4999996702554,7.97986537692409,3.));
#5360=CARTESIAN_POINT('',(24.9999993405122,7.9798653769241,6.25));
#5361=CARTESIAN_POINT('',(24.9999999999986,7.9798653769241,3.));
#5362=CARTESIAN_POINT('',(6.09172389394911,7.97986537692409,6.25));
#5363=CARTESIAN_POINT('Origin',(15.5458616172306,5.82986537692409,6.25));
#5364=CARTESIAN_POINT('',(24.9999999999986,-2.93513462307501,6.25));
#5365=CARTESIAN_POINT('Origin',(-7.99999999997911,2.94986537692334,3.));
#5366=CARTESIAN_POINT('',(-7.99999999997144,11.0998653769253,3.));
#5367=CARTESIAN_POINT('Origin',(-7.99999999997911,2.94986537692334,3.));
#5368=CARTESIAN_POINT('',(-7.99999999997144,11.0998653769253,3.));
#5369=CARTESIAN_POINT('Origin',(-1.4210854715202E-12,5.79986537692589,3.));
#5370=CARTESIAN_POINT('',(24.9999999999986,-11.7001346230741,3.));
#5371=CARTESIAN_POINT('',(8.00000000002686,11.0998653769085,3.));
#5372=CARTESIAN_POINT('Origin',(8.00000000001788,2.94986537690593,3.));
#5373=CARTESIAN_POINT('',(4.00000000001609,11.0998653769136,3.));
#5374=CARTESIAN_POINT('',(-37.4999999999986,17.6998653769259,3.));
#5375=CARTESIAN_POINT('',(-20.249999340489,16.1999991921234,3.));
#5376=CARTESIAN_POINT('Origin',(-17.999999340489,16.1999991921234,3.));
#5377=CARTESIAN_POINT('',(15.750000659511,16.1999991921234,3.));
#5378=CARTESIAN_POINT('Origin',(18.000000659511,16.1999991921234,3.));
#5379=CARTESIAN_POINT('Origin',(8.00000000001788,2.94986537690593,3.));
#5380=CARTESIAN_POINT('',(8.00000000001546,-5.20013462308679,3.));
#5381=CARTESIAN_POINT('Origin',(1.78859702232973E-11,2.94986537691343,3.));
#5382=CARTESIAN_POINT('',(2.59800000001789,-3.55016508455365,3.));
#5383=CARTESIAN_POINT('',(-2.59799999998211,-3.55016508455365,3.));
#5384=CARTESIAN_POINT('Origin',(-2.59799999998211,-3.55016508455365,3.));
#5385=CARTESIAN_POINT('Origin',(8.00000000001788,2.94986537690593,3.));
#5386=CARTESIAN_POINT('',(8.00000000002686,11.0998653769085,3.));
#5387=CARTESIAN_POINT('Origin',(-7.99999999998679,-5.20013462307858,3.));
#5388=CARTESIAN_POINT('',(-7.99999999998679,-5.20013462307858,3.));
#5389=CARTESIAN_POINT('Origin',(-7.99999999997911,2.94986537692334,3.));
#5390=CARTESIAN_POINT('Origin',(8.00000000002686,11.0998653769085,3.));
#5391=CARTESIAN_POINT('Origin',(-31.483999340489,20.0998653769236,17.9));
#5392=CARTESIAN_POINT('',(-30.583999340489,20.0998653769236,17.9));
#5393=CARTESIAN_POINT('Origin',(-31.483999340489,20.0998653769236,17.9));
#5394=CARTESIAN_POINT('',(-30.583999340489,20.0998653769236,12.9));
#5395=CARTESIAN_POINT('',(-30.583999340489,20.0998653769236,17.9));
#5396=CARTESIAN_POINT('Origin',(-31.483999340489,20.0998653769236,12.9));
#5397=CARTESIAN_POINT('Origin',(-31.483999340489,20.0998653769236,12.9));
#5398=CARTESIAN_POINT('Origin',(31.4839993405116,20.0998653769233,17.9));
#5399=CARTESIAN_POINT('',(32.3839993405116,20.0998653769233,12.9));
#5400=CARTESIAN_POINT('',(32.3839993405116,20.0998653769233,17.9));
#5401=CARTESIAN_POINT('Origin',(31.4839993405116,20.0998653769233,12.9));
#5402=CARTESIAN_POINT('Origin',(31.4839993405116,20.0998653769233,12.9));
#5403=CARTESIAN_POINT('Origin',(-12.2474487139051,23.2998653769233,50.5000000000001));
#5404=CARTESIAN_POINT('',(-15.8794088365927,21.8998653769233,50.4999999999999));
#5405=CARTESIAN_POINT('',(-12.2474487139051,21.8998653769233,50.5000000000001));
#5406=CARTESIAN_POINT('',(-6.12372435694722,21.8998653769233,50.5000000000005));
#5407=CARTESIAN_POINT('',(-15.8794088365927,23.2998653769233,50.4999999999999));
#5408=CARTESIAN_POINT('',(-12.2474487139051,23.2998653769233,50.5000000000001));
#5409=CARTESIAN_POINT('Origin',(1.07956699135769E-11,23.2998653769233,48.));
#5410=CARTESIAN_POINT('',(12.2474487139267,21.8998653769233,50.5));
#5411=CARTESIAN_POINT('Origin',(1.07956699135769E-11,21.8998653769233,48.));
#5412=CARTESIAN_POINT('',(12.2474487139267,23.2998653769233,50.5));
#5413=CARTESIAN_POINT('Origin',(15.8794088366143,23.2998653769233,50.5));
#5414=CARTESIAN_POINT('',(15.8794088366143,21.8998653769233,50.5));
#5415=CARTESIAN_POINT('',(7.93970441831252,21.8998653769233,50.5));
#5416=CARTESIAN_POINT('',(15.8794088366143,23.2998653769233,50.5));
#5417=CARTESIAN_POINT('Origin',(-15.8794088365927,23.2998653769233,45.5));
#5418=CARTESIAN_POINT('',(-12.2474487139051,21.8998653769233,45.5));
#5419=CARTESIAN_POINT('',(-15.8794088365927,21.8998653769233,45.5));
#5420=CARTESIAN_POINT('',(-7.93970441829094,21.8998653769233,45.5));
#5421=CARTESIAN_POINT('',(-12.2474487139051,23.2998653769233,45.5));
#5422=CARTESIAN_POINT('',(-15.8794088365927,23.2998653769233,45.5));
#5423=CARTESIAN_POINT('Origin',(12.2474487139267,23.2998653769233,45.5));
#5424=CARTESIAN_POINT('',(15.8794088366143,21.8998653769233,45.5));
#5425=CARTESIAN_POINT('',(12.2474487139267,21.8998653769233,45.5));
#5426=CARTESIAN_POINT('',(6.12372435696874,21.8998653769233,45.5));
#5427=CARTESIAN_POINT('',(15.8794088366143,23.2998653769233,45.5));
#5428=CARTESIAN_POINT('',(12.2474487139267,23.2998653769233,45.5));
#5429=CARTESIAN_POINT('Origin',(1.07956699135769E-11,23.2998653769233,48.));
#5430=CARTESIAN_POINT('Origin',(1.07956699135769E-11,21.8998653769233,48.));
#5431=CARTESIAN_POINT('Origin',(-7.74596669240431,23.2998653769233,20.));
#5432=CARTESIAN_POINT('',(-10.3586920023612,21.8998653769233,20.));
#5433=CARTESIAN_POINT('',(-7.74596669240431,21.8998653769233,20.));
#5434=CARTESIAN_POINT('',(-3.87298334619689,21.8998653769233,20.));
#5435=CARTESIAN_POINT('',(-10.3586920023612,23.2998653769233,20.));
#5436=CARTESIAN_POINT('',(-7.74596669240431,23.2998653769233,20.));
#5437=CARTESIAN_POINT('Origin',(1.05240903715653E-11,23.2998653769233,18.));
#5438=CARTESIAN_POINT('',(7.74596669242536,21.8998653769233,20.));
#5439=CARTESIAN_POINT('Origin',(1.05240903715653E-11,21.8998653769233,18.));
#5440=CARTESIAN_POINT('',(7.74596669242536,23.2998653769233,20.));
#5441=CARTESIAN_POINT('Origin',(10.3586920023823,23.2998653769233,20.));
#5442=CARTESIAN_POINT('',(10.3586920023823,21.8998653769233,20.));
#5443=CARTESIAN_POINT('',(5.17934600119639,21.8998653769233,20.));
#5444=CARTESIAN_POINT('',(10.3586920023823,23.2998653769233,20.));
#5445=CARTESIAN_POINT('Origin',(7.74596669242536,23.2998653769233,16.));
#5446=CARTESIAN_POINT('',(10.3586920023823,21.8998653769233,16.));
#5447=CARTESIAN_POINT('',(7.74596669242536,21.8998653769233,16.));
#5448=CARTESIAN_POINT('',(3.87298334621794,21.8998653769233,16.));
#5449=CARTESIAN_POINT('',(10.3586920023823,23.2998653769233,16.));
#5450=CARTESIAN_POINT('',(7.74596669242536,23.2998653769233,16.));
#5451=CARTESIAN_POINT('Origin',(1.05240903715653E-11,23.2998653769233,18.));
#5452=CARTESIAN_POINT('',(-7.74596669240431,21.8998653769233,16.));
#5453=CARTESIAN_POINT('Origin',(1.05240903715653E-11,21.8998653769233,18.));
#5454=CARTESIAN_POINT('',(-7.74596669240431,23.2998653769233,16.));
#5455=CARTESIAN_POINT('Origin',(-10.3586920023612,23.2998653769233,16.));
#5456=CARTESIAN_POINT('',(-10.3586920023612,21.8998653769233,16.));
#5457=CARTESIAN_POINT('',(-5.17934600117534,21.8998653769233,16.));
#5458=CARTESIAN_POINT('',(-10.3586920023612,23.2998653769233,16.));
#5459=CARTESIAN_POINT('Origin',(1.0795691447942E-11,14.6998653769233,48.));
#5460=CARTESIAN_POINT('',(-14.02750790764,21.8998653769233,55.8507736498254));
#5461=CARTESIAN_POINT('Origin',(1.0795691447942E-11,21.8998653769233,48.));
#5462=CARTESIAN_POINT('',(-14.02750790764,14.6998653769233,55.8507736498254));
#5463=CARTESIAN_POINT('',(-14.02750790764,14.6998653769233,55.8507736498254));
#5464=CARTESIAN_POINT('',(-14.0275079076402,14.6998653769233,40.1492263501748));
#5465=CARTESIAN_POINT('Origin',(1.0795691447942E-11,14.6998653769233,48.));
#5466=CARTESIAN_POINT('',(-14.0275079076402,21.8998653769233,40.1492263501748));
#5467=CARTESIAN_POINT('',(-14.0275079076402,14.6998653769233,40.1492263501748));
#5468=CARTESIAN_POINT('Origin',(1.0795691447942E-11,21.8998653769233,48.));
#5469=CARTESIAN_POINT('Origin',(1.0795808691455E-11,21.8998653769233,48.));
#5470=CARTESIAN_POINT('',(14.0275079076618,21.8998653769233,55.8507736498251));
#5471=CARTESIAN_POINT('Origin',(1.0795691447942E-11,21.8998653769233,48.));
#5472=CARTESIAN_POINT('',(7.85077364983623,21.8998653769233,62.0275079076508));
#5473=CARTESIAN_POINT('Origin',(7.07106781187635,21.8998653769233,55.0710678118654));
#5474=CARTESIAN_POINT('',(-7.85077364981433,21.8998653769233,62.027507907651));
#5475=CARTESIAN_POINT('Origin',(1.0795691447942E-11,21.8998653769233,48.));
#5476=CARTESIAN_POINT('Origin',(-7.0710678118546,21.8998653769233,55.0710678118655));
#5477=CARTESIAN_POINT('Origin',(1.05240903715653E-11,14.6998653769233,18.));
#5478=CARTESIAN_POINT('',(-9.38441031697066,21.8998653769233,22.8203052810523));
#5479=CARTESIAN_POINT('Origin',(1.05240903715653E-11,21.8998653769233,18.));
#5480=CARTESIAN_POINT('',(-9.38441031697066,14.6998653769233,22.8203052810523));
#5481=CARTESIAN_POINT('',(-9.38441031697066,14.6998653769233,22.8203052810523));
#5482=CARTESIAN_POINT('',(-9.38441031697059,14.6998653769233,13.1796947189479));
#5483=CARTESIAN_POINT('Origin',(1.05240903715653E-11,14.6998653769233,18.));
#5484=CARTESIAN_POINT('',(-9.38441031697059,21.8998653769233,13.1796947189479));
#5485=CARTESIAN_POINT('',(-9.38441031697059,14.6998653769233,13.1796947189479));
#5486=CARTESIAN_POINT('Origin',(1.05240903715653E-11,21.8998653769233,18.));
#5487=CARTESIAN_POINT('Origin',(1.05249142734465E-11,21.8998653769233,18.));
#5488=CARTESIAN_POINT('',(9.38441031699122,21.8998653769233,22.8203052810529));
#5489=CARTESIAN_POINT('Origin',(1.05240903715653E-11,21.8998653769233,18.));
#5490=CARTESIAN_POINT('',(4.82030528106322,21.8998653769233,27.3844103169808));
#5491=CARTESIAN_POINT('Origin',(4.63791337781295,21.8998653769233,22.6379133778025));
#5492=CARTESIAN_POINT('',(-4.820305281042,21.8998653769233,27.3844103169811));
#5493=CARTESIAN_POINT('Origin',(1.05240903715653E-11,21.8998653769233,18.));
#5494=CARTESIAN_POINT('Origin',(-4.63791337779218,21.8998653769233,22.6379133778026));
#5495=CARTESIAN_POINT('Origin',(1.0795691447942E-11,14.6998653769233,48.));
#5496=CARTESIAN_POINT('',(7.85077364983594,14.6998653769233,33.972492092349));
#5497=CARTESIAN_POINT('',(-7.85077364981469,14.6998653769233,33.9724920923492));
#5498=CARTESIAN_POINT('Origin',(1.0795691447942E-11,14.6998653769233,48.));
#5499=CARTESIAN_POINT('',(7.85077364983594,21.8998653769233,33.972492092349));
#5500=CARTESIAN_POINT('',(7.85077364983594,14.6998653769233,33.972492092349));
#5501=CARTESIAN_POINT('',(-7.85077364981469,21.8998653769233,33.9724920923492));
#5502=CARTESIAN_POINT('Origin',(1.0795691447942E-11,21.8998653769233,48.));
#5503=CARTESIAN_POINT('',(-7.85077364981469,14.6998653769233,33.9724920923492));
#5504=CARTESIAN_POINT('Origin',(7.07106781187619,14.6998653769233,40.9289321881344));
#5505=CARTESIAN_POINT('',(14.0275079076616,14.6998653769233,40.1492263501746));
#5506=CARTESIAN_POINT('Origin',(7.07106781187619,14.6998653769233,40.9289321881344));
#5507=CARTESIAN_POINT('',(14.0275079076616,21.8998653769233,40.1492263501746));
#5508=CARTESIAN_POINT('',(14.0275079076616,14.6998653769233,40.1492263501746));
#5509=CARTESIAN_POINT('Origin',(7.07106781187619,21.8998653769233,40.9289321881344));
#5510=CARTESIAN_POINT('Origin',(1.0795691447942E-11,14.6998653769233,48.));
#5511=CARTESIAN_POINT('Origin',(1.0795691447942E-11,21.8998653769233,48.));
#5512=CARTESIAN_POINT('',(14.0275079076618,14.6998653769233,55.8507736498251));
#5513=CARTESIAN_POINT('Origin',(1.0795691447942E-11,14.6998653769233,48.));
#5514=CARTESIAN_POINT('',(14.0275079076618,14.6998653769233,55.8507736498251));
#5515=CARTESIAN_POINT('Origin',(7.07106781187635,14.6998653769233,55.0710678118654));
#5516=CARTESIAN_POINT('',(7.85077364983623,14.6998653769233,62.0275079076508));
#5517=CARTESIAN_POINT('Origin',(7.07106781187635,14.6998653769233,55.0710678118654));
#5518=CARTESIAN_POINT('',(7.85077364983623,14.6998653769233,62.0275079076508));
#5519=CARTESIAN_POINT('Origin',(1.0795691447942E-11,14.6998653769233,48.));
#5520=CARTESIAN_POINT('',(-7.85077364981433,14.6998653769233,62.027507907651));
#5521=CARTESIAN_POINT('Origin',(1.0795691447942E-11,14.6998653769233,48.));
#5522=CARTESIAN_POINT('',(-7.85077364981433,14.6998653769233,62.027507907651));
#5523=CARTESIAN_POINT('Origin',(-7.0710678118546,14.6998653769233,55.0710678118655));
#5524=CARTESIAN_POINT('Origin',(-7.0710678118546,14.6998653769233,55.0710678118655));
#5525=CARTESIAN_POINT('Origin',(-7.07106781185475,14.6998653769233,40.9289321881346));
#5526=CARTESIAN_POINT('Origin',(-7.07106781185475,14.6998653769233,40.9289321881346));
#5527=CARTESIAN_POINT('Origin',(-7.07106781185475,21.8998653769233,40.9289321881346));
#5528=CARTESIAN_POINT('Origin',(1.0795808691455E-11,21.8998653769233,48.));
#5529=CARTESIAN_POINT('Origin',(1.05240903715653E-11,14.6998653769233,18.));
#5530=CARTESIAN_POINT('',(-4.820305281042,14.6998653769233,27.3844103169811));
#5531=CARTESIAN_POINT('',(4.82030528106322,14.6998653769233,27.3844103169808));
#5532=CARTESIAN_POINT('Origin',(1.05240903715653E-11,14.6998653769233,18.));
#5533=CARTESIAN_POINT('',(-4.820305281042,14.6998653769233,27.3844103169811));
#5534=CARTESIAN_POINT('',(4.82030528106322,14.6998653769233,27.3844103169808));
#5535=CARTESIAN_POINT('Origin',(-4.63791337779218,14.6998653769233,22.6379133778026));
#5536=CARTESIAN_POINT('Origin',(-4.63791337779218,14.6998653769233,22.6379133778026));
#5537=CARTESIAN_POINT('Origin',(-4.63791337779228,14.6998653769233,13.3620866221975));
#5538=CARTESIAN_POINT('',(-4.82030528104214,14.6998653769233,8.6155896830192));
#5539=CARTESIAN_POINT('Origin',(-4.63791337779228,14.6998653769233,13.3620866221975));
#5540=CARTESIAN_POINT('',(-4.82030528104215,21.8998653769233,8.6155896830192));
#5541=CARTESIAN_POINT('',(-4.82030528104214,14.6998653769233,8.6155896830192));
#5542=CARTESIAN_POINT('Origin',(-4.63791337779228,21.8998653769233,13.3620866221975));
#5543=CARTESIAN_POINT('Origin',(1.05240903715653E-11,14.6998653769233,18.));
#5544=CARTESIAN_POINT('',(4.820305281063,14.6998653769233,8.6155896830191));
#5545=CARTESIAN_POINT('Origin',(1.05240903715653E-11,14.6998653769233,18.));
#5546=CARTESIAN_POINT('',(4.820305281063,21.8998653769233,8.6155896830191));
#5547=CARTESIAN_POINT('',(4.820305281063,14.6998653769233,8.6155896830191));
#5548=CARTESIAN_POINT('Origin',(1.05240903715653E-11,21.8998653769233,18.));
#5549=CARTESIAN_POINT('Origin',(4.63791337781285,14.6998653769233,13.3620866221974));
#5550=CARTESIAN_POINT('',(9.38441031699112,14.6998653769233,13.1796947189469));
#5551=CARTESIAN_POINT('Origin',(4.63791337781285,14.6998653769233,13.3620866221974));
#5552=CARTESIAN_POINT('',(9.38441031699112,21.8998653769233,13.1796947189469));
#5553=CARTESIAN_POINT('',(9.38441031699112,14.6998653769233,13.1796947189469));
#5554=CARTESIAN_POINT('Origin',(4.63791337781285,21.8998653769233,13.3620866221974));
#5555=CARTESIAN_POINT('Origin',(1.05240903715653E-11,14.6998653769233,18.));
#5556=CARTESIAN_POINT('Origin',(1.05240903715653E-11,21.8998653769233,18.));
#5557=CARTESIAN_POINT('',(9.38441031699122,14.6998653769233,22.8203052810529));
#5558=CARTESIAN_POINT('Origin',(1.05240903715653E-11,14.6998653769233,18.));
#5559=CARTESIAN_POINT('',(9.38441031699122,14.6998653769233,22.8203052810529));
#5560=CARTESIAN_POINT('Origin',(4.63791337781295,14.6998653769233,22.6379133778025));
#5561=CARTESIAN_POINT('Origin',(4.63791337781295,14.6998653769233,22.6379133778025));
#5562=CARTESIAN_POINT('Origin',(1.05249142734465E-11,21.8998653769233,18.));
#5563=CARTESIAN_POINT('Origin',(-16.9999993404918,-11.7001346230767,48.));
#5564=CARTESIAN_POINT('',(-16.9999993404918,-11.7001346230767,48.));
#5565=CARTESIAN_POINT('',(-16.9999993404918,-2.95013462307539,68.));
#5566=CARTESIAN_POINT('Origin',(-11.8465311656643,-11.7001346230767,16.0869659332098));
#5567=CARTESIAN_POINT('Origin',(1.01763042437142E-11,14.6998653769233,37.));
#5568=CARTESIAN_POINT('',(2.25000000001087,14.6998653769233,66.4));
#5569=CARTESIAN_POINT('',(2.25000000001088,14.6998653769233,52.5));
#5570=CARTESIAN_POINT('',(-2.24999999998913,14.6998653769233,66.4));
#5571=CARTESIAN_POINT('',(1.05238040504219E-11,14.6998653769233,66.4));
#5572=CARTESIAN_POINT('',(-2.24999999998913,14.6998653769233,68.));
#5573=CARTESIAN_POINT('',(-2.24999999998913,14.6998653769233,52.5));
#5574=CARTESIAN_POINT('',(4.37649916307237E-12,14.6998653769233,68.));
#5575=CARTESIAN_POINT('Origin',(-1.4210854715202E-12,5.79986537692589,68.));
#5576=CARTESIAN_POINT('',(-2.24999999998913,-2.95013462307539,68.));
#5577=CARTESIAN_POINT('',(-21.7999993404918,-11.7001346230767,68.));
#5578=CARTESIAN_POINT('',(-21.7999993404918,-2.95013462307539,68.));
#5579=CARTESIAN_POINT('',(-25.0000000000014,-11.7001346230741,68.));
#5580=CARTESIAN_POINT('Origin',(-2.24999999998914,-11.7001346230767,68.));
#5581=CARTESIAN_POINT('',(-2.24999999998912,23.2998653769233,66.4));
#5582=CARTESIAN_POINT('Origin',(1.08713038571295E-11,5.79986537692334,66.4));
#5583=CARTESIAN_POINT('',(2.25000000001088,23.2998653769233,66.4));
#5584=CARTESIAN_POINT('Origin',(2.25000000001088,23.2998653769233,68.));
#5585=CARTESIAN_POINT('Origin',(-19.7999993404918,-11.7001346230767,64.));
#5586=CARTESIAN_POINT('',(-19.7999993404918,-11.7001346230767,64.));
#5587=CARTESIAN_POINT('',(-22.3999996702466,-11.7001346230741,64.));
#5588=CARTESIAN_POINT('',(-19.7999993404918,-11.7001346230767,64.));
#5589=CARTESIAN_POINT('Origin',(-19.7999993404918,-11.7001346230767,66.));
#5590=CARTESIAN_POINT('',(-19.7999993404918,-11.7001346230767,66.));
#5591=CARTESIAN_POINT('',(-19.7999993404919,-11.7001346230741,34.5));
#5592=CARTESIAN_POINT('',(-19.7999993404918,-11.7001346230767,66.));
#5593=CARTESIAN_POINT('Origin',(-21.7999993404918,-11.7001346230767,66.));
#5594=CARTESIAN_POINT('',(-21.7999993404918,-11.7001346230767,66.));
#5595=CARTESIAN_POINT('',(-23.3999996702466,-11.7001346230741,66.));
#5596=CARTESIAN_POINT('',(-21.7999993404918,-11.7001346230767,66.));
#5597=CARTESIAN_POINT('Origin',(-21.7999993404918,-11.7001346230767,68.));
#5598=CARTESIAN_POINT('',(-21.7999993404918,-11.7001346230741,35.5));
#5599=CARTESIAN_POINT('Origin',(21.7999993405122,-11.7001346230767,66.));
#5600=CARTESIAN_POINT('',(21.7999993405122,-11.7001346230767,66.));
#5601=CARTESIAN_POINT('',(21.7999993405122,-11.7001346230741,34.5));
#5602=CARTESIAN_POINT('',(21.7999993405122,-11.7001346230767,66.));
#5603=CARTESIAN_POINT('Origin',(19.7999993405122,-11.7001346230767,66.));
#5604=CARTESIAN_POINT('',(19.7999993405122,-11.7001346230767,66.));
#5605=CARTESIAN_POINT('',(-2.60000032974462,-11.7001346230741,66.));
#5606=CARTESIAN_POINT('',(19.7999993405122,-11.7001346230767,66.));
#5607=CARTESIAN_POINT('Origin',(19.7999993405122,-11.7001346230767,64.));
#5608=CARTESIAN_POINT('',(19.7999993405122,-11.7001346230741,33.5));
#5609=CARTESIAN_POINT('Origin',(-17.999999340489,16.1999991921234,0.));
#5610=CARTESIAN_POINT('',(-20.249999340489,16.1999991921234,8.));
#5611=CARTESIAN_POINT('',(-20.249999340489,16.1999991921234,0.));
#5612=CARTESIAN_POINT('Origin',(-17.999999340489,16.1999991921234,8.));
#5613=CARTESIAN_POINT('Origin',(-17.999999340489,16.1999991921234,8.));
#5614=CARTESIAN_POINT('Origin',(18.000000659511,16.1999991921234,0.));
#5615=CARTESIAN_POINT('',(15.750000659511,16.1999991921234,8.));
#5616=CARTESIAN_POINT('',(15.750000659511,16.1999991921234,0.));
#5617=CARTESIAN_POINT('Origin',(18.000000659511,16.1999991921234,8.));
#5618=CARTESIAN_POINT('Origin',(18.000000659511,16.1999991921234,8.));
#5619=CARTESIAN_POINT('Origin',(-17.999999340489,-4.80013462307666,0.));
#5620=CARTESIAN_POINT('',(-20.249999340489,-4.80013462307666,8.));
#5621=CARTESIAN_POINT('',(-20.249999340489,-4.80013462307666,0.));
#5622=CARTESIAN_POINT('Origin',(-17.999999340489,-4.80013462307666,8.));
#5623=CARTESIAN_POINT('Origin',(-17.999999340489,-4.80013462307666,8.));
#5624=CARTESIAN_POINT('Origin',(18.000000659511,-4.80013462307665,0.));
#5625=CARTESIAN_POINT('',(15.750000659511,-4.80013462307665,8.));
#5626=CARTESIAN_POINT('',(15.750000659511,-4.80013462307665,0.));
#5627=CARTESIAN_POINT('Origin',(18.000000659511,-4.80013462307665,8.));
#5628=CARTESIAN_POINT('Origin',(18.000000659511,-4.80013462307665,8.));
#5629=CARTESIAN_POINT('Origin',(24.9999999999986,-11.7001346230741,3.));
#5630=CARTESIAN_POINT('',(24.9999999999986,-11.7001346230741,3.));
#5631=CARTESIAN_POINT('Origin',(-37.4999999999986,17.6998653769259,3.));
#5632=CARTESIAN_POINT('',(-37.4999999999986,17.6998653769259,17.9));
#5633=CARTESIAN_POINT('Origin',(-31.2499999999986,20.4998653769259,17.9));
#5634=CARTESIAN_POINT('Origin',(-25.0000000000014,-11.7001346230741,3.));
#5635=UNCERTAINTY_MEASURE_WITH_UNIT(LENGTH_MEASURE(0.01),#5639,
'DISTANCE_ACCURACY_VALUE',
'Maximum model space distance between geometric entities at asserted c
onnectivities');
#5636=UNCERTAINTY_MEASURE_WITH_UNIT(LENGTH_MEASURE(0.01),#5639,
'DISTANCE_ACCURACY_VALUE',
'Maximum model space distance between geometric entities at asserted c
onnectivities');
#5637=(
GEOMETRIC_REPRESENTATION_CONTEXT(3)
GLOBAL_UNCERTAINTY_ASSIGNED_CONTEXT((#5635))
GLOBAL_UNIT_ASSIGNED_CONTEXT((#5639,#5641,#5642))
REPRESENTATION_CONTEXT('','3D')
);
#5638=(
GEOMETRIC_REPRESENTATION_CONTEXT(3)
GLOBAL_UNCERTAINTY_ASSIGNED_CONTEXT((#5636))
GLOBAL_UNIT_ASSIGNED_CONTEXT((#5639,#5641,#5642))
REPRESENTATION_CONTEXT('','3D')
);
#5639=(
LENGTH_UNIT()
NAMED_UNIT(*)
SI_UNIT(.MILLI.,.METRE.)
);
#5640=(
LENGTH_UNIT()
NAMED_UNIT(*)
SI_UNIT($,.METRE.)
);
#5641=(
NAMED_UNIT(*)
PLANE_ANGLE_UNIT()
SI_UNIT($,.RADIAN.)
);
#5642=(
NAMED_UNIT(*)
SI_UNIT($,.STERADIAN.)
SOLID_ANGLE_UNIT()
);
#5643=SHAPE_DEFINITION_REPRESENTATION(#5644,#5645);
#5644=PRODUCT_DEFINITION_SHAPE('',$,#5647);
#5645=SHAPE_REPRESENTATION('',(#3408),#5637);
#5646=PRODUCT_DEFINITION_CONTEXT('part definition',#5651,'design');
#5647=PRODUCT_DEFINITION('FRONT BODY','FRONT BODY',#5648,#5646);
#5648=PRODUCT_DEFINITION_FORMATION('',$,#5653);
#5649=PRODUCT_RELATED_PRODUCT_CATEGORY('FRONT BODY','FRONT BODY',(#5653));
#5650=APPLICATION_PROTOCOL_DEFINITION('international standard',
'automotive_design',2009,#5651);
#5651=APPLICATION_CONTEXT(
'Core Data for Automotive Mechanical Design Process');
#5652=PRODUCT_CONTEXT('part definition',#5651,'mechanical');
#5653=PRODUCT('FRONT BODY','FRONT BODY',$,(#5652));
#5654=PRESENTATION_STYLE_ASSIGNMENT((#5655));
#5655=SURFACE_STYLE_USAGE(.BOTH.,#5656);
#5656=SURFACE_SIDE_STYLE('',(#5657));
#5657=SURFACE_STYLE_FILL_AREA(#5658);
#5658=FILL_AREA_STYLE('Steel - Satin',(#5659));
#5659=FILL_AREA_STYLE_COLOUR('Steel - Satin',#5660);
#5660=COLOUR_RGB('Steel - Satin',0.627450980392157,0.627450980392157,0.627450980392157);
ENDSEC;
END-ISO-10303-21;
