ISO-10303-21;
HEADER;
/* Generated by software containing ST-Developer
 * from STEP Tools, Inc. (www.steptools.com) 
 */

FILE_DESCRIPTION(
/* description */ (''),
/* implementation_level */ '2;1');

FILE_NAME(
/* name */ 'LED WIRE HOUSING.step',
/* time_stamp */ '2026-03-23T18:13:09-05:00',
/* author */ (''),
/* organization */ (''),
/* preprocessor_version */ 'ST-DEVELOPER v20.1',
/* originating_system */ 'Autodesk Translation Framework v14.24.0.0',
/* authorisation */ '');

FILE_SCHEMA (('AUTOMOTIVE_DESIGN { 1 0 10303 214 3 1 1 }'));
ENDSEC;

DATA;
#10=MECHANICAL_DESIGN_GEOMETRIC_PRESENTATION_REPRESENTATION('',(#13),#4075);
#11=SHAPE_REPRESENTATION_RELATIONSHIP('SRR','None',#4082,#12);
#12=ADVANCED_BREP_SHAPE_REPRESENTATION('',(#14),#4074);
#13=STYLED_ITEM('',(#4091),#14);
#14=MANIFOLD_SOLID_BREP('Led wire housing ',#2497);
#15=CYLINDRICAL_SURFACE('',#2568,11.55);
#16=CYLINDRICAL_SURFACE('',#2571,5.75000000000001);
#17=CYLINDRICAL_SURFACE('',#2574,11.55);
#18=CYLINDRICAL_SURFACE('',#2577,5.75000000000001);
#19=CYLINDRICAL_SURFACE('',#2580,11.55);
#20=CYLINDRICAL_SURFACE('',#2583,5.75000000000001);
#21=CYLINDRICAL_SURFACE('',#2586,11.55);
#22=CYLINDRICAL_SURFACE('',#2589,5.75);
#23=CYLINDRICAL_SURFACE('',#2592,17.325);
#24=CYLINDRICAL_SURFACE('',#2595,8.24999999999999);
#25=CYLINDRICAL_SURFACE('',#2598,17.325);
#26=CYLINDRICAL_SURFACE('',#2601,8.25);
#27=CYLINDRICAL_SURFACE('',#2604,17.325);
#28=CYLINDRICAL_SURFACE('',#2607,8.25000000000003);
#29=CYLINDRICAL_SURFACE('',#2610,17.325);
#30=CYLINDRICAL_SURFACE('',#2613,8.25);
#31=CYLINDRICAL_SURFACE('',#2672,10.5500000000001);
#32=CYLINDRICAL_SURFACE('',#2674,7.99999999999993);
#33=CYLINDRICAL_SURFACE('',#2676,12.5);
#34=CYLINDRICAL_SURFACE('',#2678,16.075);
#35=CYLINDRICAL_SURFACE('',#2687,16.075);
#36=CYLINDRICAL_SURFACE('',#2689,12.5);
#37=CYLINDRICAL_SURFACE('',#2691,8.00000000000007);
#38=CYLINDRICAL_SURFACE('',#2693,10.5499999999999);
#39=FACE_BOUND('',#237,.T.);
#40=FACE_BOUND('',#238,.T.);
#41=FACE_BOUND('',#322,.T.);
#42=FACE_BOUND('',#323,.T.);
#43=FACE_BOUND('',#326,.T.);
#44=FACE_BOUND('',#330,.T.);
#45=FACE_BOUND('',#336,.T.);
#46=FACE_BOUND('',#337,.T.);
#47=FACE_BOUND('',#349,.T.);
#48=FACE_BOUND('',#353,.T.);
#49=FACE_BOUND('',#356,.T.);
#50=FACE_BOUND('',#357,.T.);
#51=CIRCLE('',#2513,12.5);
#52=CIRCLE('',#2514,16.075);
#53=CIRCLE('',#2515,12.5);
#54=CIRCLE('',#2516,16.075);
#55=CIRCLE('',#2517,10.5499999999999);
#56=CIRCLE('',#2518,8.00000000000007);
#57=CIRCLE('',#2519,10.5500000000001);
#58=CIRCLE('',#2520,7.99999999999993);
#59=CIRCLE('',#2569,11.55);
#60=CIRCLE('',#2570,11.55);
#61=CIRCLE('',#2572,5.75000000000001);
#62=CIRCLE('',#2573,5.75000000000001);
#63=CIRCLE('',#2575,11.55);
#64=CIRCLE('',#2576,11.55);
#65=CIRCLE('',#2578,5.75000000000001);
#66=CIRCLE('',#2579,5.75000000000001);
#67=CIRCLE('',#2581,11.55);
#68=CIRCLE('',#2582,11.55);
#69=CIRCLE('',#2584,5.75000000000001);
#70=CIRCLE('',#2585,5.75000000000001);
#71=CIRCLE('',#2587,11.55);
#72=CIRCLE('',#2588,11.55);
#73=CIRCLE('',#2590,5.75);
#74=CIRCLE('',#2591,5.75);
#75=CIRCLE('',#2593,17.325);
#76=CIRCLE('',#2594,17.325);
#77=CIRCLE('',#2596,8.24999999999999);
#78=CIRCLE('',#2597,8.24999999999999);
#79=CIRCLE('',#2599,17.325);
#80=CIRCLE('',#2600,17.325);
#81=CIRCLE('',#2602,8.25);
#82=CIRCLE('',#2603,8.25);
#83=CIRCLE('',#2605,17.325);
#84=CIRCLE('',#2606,17.325);
#85=CIRCLE('',#2608,8.25000000000003);
#86=CIRCLE('',#2609,8.25000000000003);
#87=CIRCLE('',#2611,17.325);
#88=CIRCLE('',#2612,17.325);
#89=CIRCLE('',#2614,8.25);
#90=CIRCLE('',#2615,8.25);
#91=CIRCLE('',#2638,12.5);
#92=CIRCLE('',#2639,16.075);
#93=CIRCLE('',#2640,12.5);
#94=CIRCLE('',#2641,16.075);
#95=CIRCLE('',#2645,10.5499999999999);
#96=CIRCLE('',#2646,7.99999999999993);
#97=CIRCLE('',#2647,10.5500000000001);
#98=CIRCLE('',#2648,8.00000000000007);
#99=FACE_OUTER_BOUND('',#235,.T.);
#100=FACE_OUTER_BOUND('',#236,.T.);
#101=FACE_OUTER_BOUND('',#239,.T.);
#102=FACE_OUTER_BOUND('',#240,.T.);
#103=FACE_OUTER_BOUND('',#241,.T.);
#104=FACE_OUTER_BOUND('',#242,.T.);
#105=FACE_OUTER_BOUND('',#243,.T.);
#106=FACE_OUTER_BOUND('',#244,.T.);
#107=FACE_OUTER_BOUND('',#245,.T.);
#108=FACE_OUTER_BOUND('',#246,.T.);
#109=FACE_OUTER_BOUND('',#247,.T.);
#110=FACE_OUTER_BOUND('',#248,.T.);
#111=FACE_OUTER_BOUND('',#249,.T.);
#112=FACE_OUTER_BOUND('',#250,.T.);
#113=FACE_OUTER_BOUND('',#251,.T.);
#114=FACE_OUTER_BOUND('',#252,.T.);
#115=FACE_OUTER_BOUND('',#253,.T.);
#116=FACE_OUTER_BOUND('',#254,.T.);
#117=FACE_OUTER_BOUND('',#255,.T.);
#118=FACE_OUTER_BOUND('',#256,.T.);
#119=FACE_OUTER_BOUND('',#257,.T.);
#120=FACE_OUTER_BOUND('',#258,.T.);
#121=FACE_OUTER_BOUND('',#259,.T.);
#122=FACE_OUTER_BOUND('',#260,.T.);
#123=FACE_OUTER_BOUND('',#261,.T.);
#124=FACE_OUTER_BOUND('',#262,.T.);
#125=FACE_OUTER_BOUND('',#263,.T.);
#126=FACE_OUTER_BOUND('',#264,.T.);
#127=FACE_OUTER_BOUND('',#265,.T.);
#128=FACE_OUTER_BOUND('',#266,.T.);
#129=FACE_OUTER_BOUND('',#267,.T.);
#130=FACE_OUTER_BOUND('',#268,.T.);
#131=FACE_OUTER_BOUND('',#269,.T.);
#132=FACE_OUTER_BOUND('',#270,.T.);
#133=FACE_OUTER_BOUND('',#271,.T.);
#134=FACE_OUTER_BOUND('',#272,.T.);
#135=FACE_OUTER_BOUND('',#273,.T.);
#136=FACE_OUTER_BOUND('',#274,.T.);
#137=FACE_OUTER_BOUND('',#275,.T.);
#138=FACE_OUTER_BOUND('',#276,.T.);
#139=FACE_OUTER_BOUND('',#277,.T.);
#140=FACE_OUTER_BOUND('',#278,.T.);
#141=FACE_OUTER_BOUND('',#279,.T.);
#142=FACE_OUTER_BOUND('',#280,.T.);
#143=FACE_OUTER_BOUND('',#281,.T.);
#144=FACE_OUTER_BOUND('',#282,.T.);
#145=FACE_OUTER_BOUND('',#283,.T.);
#146=FACE_OUTER_BOUND('',#284,.T.);
#147=FACE_OUTER_BOUND('',#285,.T.);
#148=FACE_OUTER_BOUND('',#286,.T.);
#149=FACE_OUTER_BOUND('',#287,.T.);
#150=FACE_OUTER_BOUND('',#288,.T.);
#151=FACE_OUTER_BOUND('',#289,.T.);
#152=FACE_OUTER_BOUND('',#290,.T.);
#153=FACE_OUTER_BOUND('',#291,.T.);
#154=FACE_OUTER_BOUND('',#292,.T.);
#155=FACE_OUTER_BOUND('',#293,.T.);
#156=FACE_OUTER_BOUND('',#294,.T.);
#157=FACE_OUTER_BOUND('',#295,.T.);
#158=FACE_OUTER_BOUND('',#296,.T.);
#159=FACE_OUTER_BOUND('',#297,.T.);
#160=FACE_OUTER_BOUND('',#298,.T.);
#161=FACE_OUTER_BOUND('',#299,.T.);
#162=FACE_OUTER_BOUND('',#300,.T.);
#163=FACE_OUTER_BOUND('',#301,.T.);
#164=FACE_OUTER_BOUND('',#302,.T.);
#165=FACE_OUTER_BOUND('',#303,.T.);
#166=FACE_OUTER_BOUND('',#304,.T.);
#167=FACE_OUTER_BOUND('',#305,.T.);
#168=FACE_OUTER_BOUND('',#306,.T.);
#169=FACE_OUTER_BOUND('',#307,.T.);
#170=FACE_OUTER_BOUND('',#308,.T.);
#171=FACE_OUTER_BOUND('',#309,.T.);
#172=FACE_OUTER_BOUND('',#310,.T.);
#173=FACE_OUTER_BOUND('',#311,.T.);
#174=FACE_OUTER_BOUND('',#312,.T.);
#175=FACE_OUTER_BOUND('',#313,.T.);
#176=FACE_OUTER_BOUND('',#314,.T.);
#177=FACE_OUTER_BOUND('',#315,.T.);
#178=FACE_OUTER_BOUND('',#316,.T.);
#179=FACE_OUTER_BOUND('',#317,.T.);
#180=FACE_OUTER_BOUND('',#318,.T.);
#181=FACE_OUTER_BOUND('',#319,.T.);
#182=FACE_OUTER_BOUND('',#320,.T.);
#183=FACE_OUTER_BOUND('',#321,.T.);
#184=FACE_OUTER_BOUND('',#324,.T.);
#185=FACE_OUTER_BOUND('',#325,.T.);
#186=FACE_OUTER_BOUND('',#327,.T.);
#187=FACE_OUTER_BOUND('',#328,.T.);
#188=FACE_OUTER_BOUND('',#329,.T.);
#189=FACE_OUTER_BOUND('',#331,.T.);
#190=FACE_OUTER_BOUND('',#332,.T.);
#191=FACE_OUTER_BOUND('',#333,.T.);
#192=FACE_OUTER_BOUND('',#334,.T.);
#193=FACE_OUTER_BOUND('',#335,.T.);
#194=FACE_OUTER_BOUND('',#338,.T.);
#195=FACE_OUTER_BOUND('',#339,.T.);
#196=FACE_OUTER_BOUND('',#340,.T.);
#197=FACE_OUTER_BOUND('',#341,.T.);
#198=FACE_OUTER_BOUND('',#342,.T.);
#199=FACE_OUTER_BOUND('',#343,.T.);
#200=FACE_OUTER_BOUND('',#344,.T.);
#201=FACE_OUTER_BOUND('',#345,.T.);
#202=FACE_OUTER_BOUND('',#346,.T.);
#203=FACE_OUTER_BOUND('',#347,.T.);
#204=FACE_OUTER_BOUND('',#348,.T.);
#205=FACE_OUTER_BOUND('',#350,.T.);
#206=FACE_OUTER_BOUND('',#351,.T.);
#207=FACE_OUTER_BOUND('',#352,.T.);
#208=FACE_OUTER_BOUND('',#354,.T.);
#209=FACE_OUTER_BOUND('',#355,.T.);
#210=FACE_OUTER_BOUND('',#358,.T.);
#211=FACE_OUTER_BOUND('',#359,.T.);
#212=FACE_OUTER_BOUND('',#360,.T.);
#213=FACE_OUTER_BOUND('',#361,.T.);
#214=FACE_OUTER_BOUND('',#362,.T.);
#215=FACE_OUTER_BOUND('',#363,.T.);
#216=FACE_OUTER_BOUND('',#364,.T.);
#217=FACE_OUTER_BOUND('',#365,.T.);
#218=FACE_OUTER_BOUND('',#366,.T.);
#219=FACE_OUTER_BOUND('',#367,.T.);
#220=FACE_OUTER_BOUND('',#368,.T.);
#221=FACE_OUTER_BOUND('',#369,.T.);
#222=FACE_OUTER_BOUND('',#370,.T.);
#223=FACE_OUTER_BOUND('',#371,.T.);
#224=FACE_OUTER_BOUND('',#372,.T.);
#225=FACE_OUTER_BOUND('',#373,.T.);
#226=FACE_OUTER_BOUND('',#374,.T.);
#227=FACE_OUTER_BOUND('',#375,.T.);
#228=FACE_OUTER_BOUND('',#376,.T.);
#229=FACE_OUTER_BOUND('',#377,.T.);
#230=FACE_OUTER_BOUND('',#378,.T.);
#231=FACE_OUTER_BOUND('',#379,.T.);
#232=FACE_OUTER_BOUND('',#380,.T.);
#233=FACE_OUTER_BOUND('',#381,.T.);
#234=FACE_OUTER_BOUND('',#382,.T.);
#235=EDGE_LOOP('',(#1553,#1554,#1555,#1556));
#236=EDGE_LOOP('',(#1557,#1558,#1559,#1560,#1561,#1562,#1563,#1564,#1565,
#1566,#1567,#1568));
#237=EDGE_LOOP('',(#1569,#1570,#1571,#1572,#1573,#1574,#1575,#1576));
#238=EDGE_LOOP('',(#1577,#1578,#1579,#1580,#1581,#1582,#1583,#1584));
#239=EDGE_LOOP('',(#1585,#1586,#1587,#1588,#1589,#1590));
#240=EDGE_LOOP('',(#1591,#1592,#1593,#1594));
#241=EDGE_LOOP('',(#1595,#1596,#1597,#1598));
#242=EDGE_LOOP('',(#1599,#1600,#1601,#1602));
#243=EDGE_LOOP('',(#1603,#1604,#1605,#1606));
#244=EDGE_LOOP('',(#1607,#1608,#1609,#1610));
#245=EDGE_LOOP('',(#1611,#1612,#1613,#1614));
#246=EDGE_LOOP('',(#1615,#1616,#1617,#1618));
#247=EDGE_LOOP('',(#1619,#1620,#1621,#1622));
#248=EDGE_LOOP('',(#1623,#1624,#1625,#1626));
#249=EDGE_LOOP('',(#1627,#1628,#1629,#1630));
#250=EDGE_LOOP('',(#1631,#1632,#1633,#1634));
#251=EDGE_LOOP('',(#1635,#1636,#1637,#1638));
#252=EDGE_LOOP('',(#1639,#1640,#1641,#1642));
#253=EDGE_LOOP('',(#1643,#1644,#1645,#1646));
#254=EDGE_LOOP('',(#1647,#1648,#1649,#1650));
#255=EDGE_LOOP('',(#1651,#1652,#1653,#1654));
#256=EDGE_LOOP('',(#1655,#1656,#1657,#1658));
#257=EDGE_LOOP('',(#1659,#1660,#1661,#1662));
#258=EDGE_LOOP('',(#1663,#1664,#1665,#1666));
#259=EDGE_LOOP('',(#1667,#1668,#1669,#1670));
#260=EDGE_LOOP('',(#1671,#1672,#1673,#1674));
#261=EDGE_LOOP('',(#1675,#1676,#1677,#1678));
#262=EDGE_LOOP('',(#1679,#1680,#1681,#1682));
#263=EDGE_LOOP('',(#1683,#1684,#1685,#1686));
#264=EDGE_LOOP('',(#1687,#1688,#1689,#1690));
#265=EDGE_LOOP('',(#1691,#1692,#1693,#1694));
#266=EDGE_LOOP('',(#1695,#1696,#1697,#1698));
#267=EDGE_LOOP('',(#1699,#1700,#1701,#1702));
#268=EDGE_LOOP('',(#1703,#1704,#1705,#1706));
#269=EDGE_LOOP('',(#1707,#1708,#1709,#1710));
#270=EDGE_LOOP('',(#1711,#1712,#1713,#1714));
#271=EDGE_LOOP('',(#1715,#1716,#1717,#1718));
#272=EDGE_LOOP('',(#1719,#1720,#1721,#1722));
#273=EDGE_LOOP('',(#1723,#1724,#1725,#1726));
#274=EDGE_LOOP('',(#1727,#1728,#1729,#1730));
#275=EDGE_LOOP('',(#1731,#1732,#1733,#1734));
#276=EDGE_LOOP('',(#1735,#1736,#1737,#1738));
#277=EDGE_LOOP('',(#1739,#1740,#1741,#1742));
#278=EDGE_LOOP('',(#1743,#1744,#1745,#1746));
#279=EDGE_LOOP('',(#1747,#1748,#1749,#1750));
#280=EDGE_LOOP('',(#1751,#1752,#1753,#1754));
#281=EDGE_LOOP('',(#1755,#1756,#1757,#1758));
#282=EDGE_LOOP('',(#1759,#1760,#1761,#1762));
#283=EDGE_LOOP('',(#1763,#1764,#1765,#1766));
#284=EDGE_LOOP('',(#1767,#1768,#1769,#1770));
#285=EDGE_LOOP('',(#1771,#1772,#1773,#1774));
#286=EDGE_LOOP('',(#1775,#1776,#1777,#1778));
#287=EDGE_LOOP('',(#1779,#1780,#1781,#1782));
#288=EDGE_LOOP('',(#1783,#1784,#1785,#1786));
#289=EDGE_LOOP('',(#1787,#1788,#1789,#1790));
#290=EDGE_LOOP('',(#1791,#1792,#1793,#1794));
#291=EDGE_LOOP('',(#1795,#1796,#1797,#1798));
#292=EDGE_LOOP('',(#1799,#1800,#1801,#1802));
#293=EDGE_LOOP('',(#1803,#1804,#1805,#1806));
#294=EDGE_LOOP('',(#1807,#1808,#1809,#1810));
#295=EDGE_LOOP('',(#1811,#1812,#1813,#1814));
#296=EDGE_LOOP('',(#1815,#1816,#1817,#1818));
#297=EDGE_LOOP('',(#1819,#1820,#1821,#1822));
#298=EDGE_LOOP('',(#1823,#1824,#1825,#1826));
#299=EDGE_LOOP('',(#1827,#1828,#1829,#1830));
#300=EDGE_LOOP('',(#1831,#1832,#1833,#1834));
#301=EDGE_LOOP('',(#1835,#1836,#1837,#1838));
#302=EDGE_LOOP('',(#1839,#1840,#1841,#1842));
#303=EDGE_LOOP('',(#1843,#1844,#1845,#1846,#1847));
#304=EDGE_LOOP('',(#1848,#1849,#1850,#1851));
#305=EDGE_LOOP('',(#1852,#1853,#1854,#1855));
#306=EDGE_LOOP('',(#1856,#1857,#1858,#1859));
#307=EDGE_LOOP('',(#1860,#1861,#1862,#1863));
#308=EDGE_LOOP('',(#1864,#1865,#1866,#1867));
#309=EDGE_LOOP('',(#1868,#1869,#1870,#1871));
#310=EDGE_LOOP('',(#1872,#1873,#1874,#1875));
#311=EDGE_LOOP('',(#1876,#1877,#1878,#1879));
#312=EDGE_LOOP('',(#1880,#1881,#1882,#1883));
#313=EDGE_LOOP('',(#1884,#1885,#1886,#1887));
#314=EDGE_LOOP('',(#1888,#1889,#1890,#1891));
#315=EDGE_LOOP('',(#1892,#1893,#1894,#1895,#1896));
#316=EDGE_LOOP('',(#1897,#1898,#1899,#1900));
#317=EDGE_LOOP('',(#1901,#1902,#1903,#1904,#1905));
#318=EDGE_LOOP('',(#1906,#1907,#1908,#1909,#1910));
#319=EDGE_LOOP('',(#1911,#1912,#1913,#1914,#1915));
#320=EDGE_LOOP('',(#1916,#1917,#1918,#1919,#1920));
#321=EDGE_LOOP('',(#1921,#1922,#1923,#1924,#1925,#1926,#1927,#1928,#1929,
#1930,#1931,#1932,#1933,#1934,#1935,#1936,#1937,#1938));
#322=EDGE_LOOP('',(#1939,#1940,#1941,#1942,#1943,#1944,#1945,#1946));
#323=EDGE_LOOP('',(#1947,#1948,#1949,#1950,#1951,#1952,#1953,#1954));
#324=EDGE_LOOP('',(#1955,#1956,#1957,#1958,#1959,#1960));
#325=EDGE_LOOP('',(#1961,#1962,#1963,#1964,#1965,#1966,#1967,#1968));
#326=EDGE_LOOP('',(#1969,#1970,#1971,#1972,#1973,#1974,#1975,#1976));
#327=EDGE_LOOP('',(#1977,#1978,#1979,#1980));
#328=EDGE_LOOP('',(#1981,#1982,#1983,#1984));
#329=EDGE_LOOP('',(#1985,#1986,#1987,#1988,#1989,#1990,#1991,#1992));
#330=EDGE_LOOP('',(#1993,#1994,#1995,#1996,#1997,#1998,#1999,#2000));
#331=EDGE_LOOP('',(#2001,#2002,#2003,#2004));
#332=EDGE_LOOP('',(#2005,#2006,#2007,#2008));
#333=EDGE_LOOP('',(#2009,#2010,#2011,#2012));
#334=EDGE_LOOP('',(#2013,#2014,#2015,#2016));
#335=EDGE_LOOP('',(#2017,#2018,#2019,#2020));
#336=EDGE_LOOP('',(#2021,#2022,#2023,#2024));
#337=EDGE_LOOP('',(#2025,#2026,#2027,#2028));
#338=EDGE_LOOP('',(#2029,#2030,#2031,#2032));
#339=EDGE_LOOP('',(#2033,#2034,#2035,#2036));
#340=EDGE_LOOP('',(#2037,#2038,#2039,#2040));
#341=EDGE_LOOP('',(#2041,#2042,#2043,#2044));
#342=EDGE_LOOP('',(#2045,#2046,#2047,#2048));
#343=EDGE_LOOP('',(#2049,#2050,#2051,#2052));
#344=EDGE_LOOP('',(#2053,#2054,#2055,#2056));
#345=EDGE_LOOP('',(#2057,#2058,#2059,#2060));
#346=EDGE_LOOP('',(#2061,#2062,#2063,#2064));
#347=EDGE_LOOP('',(#2065,#2066,#2067,#2068));
#348=EDGE_LOOP('',(#2069,#2070,#2071,#2072,#2073,#2074));
#349=EDGE_LOOP('',(#2075,#2076,#2077,#2078));
#350=EDGE_LOOP('',(#2079,#2080,#2081,#2082));
#351=EDGE_LOOP('',(#2083,#2084,#2085,#2086,#2087,#2088,#2089,#2090,#2091,
#2092,#2093,#2094,#2095,#2096,#2097,#2098,#2099,#2100,#2101,#2102,#2103,
#2104,#2105,#2106,#2107,#2108,#2109,#2110));
#352=EDGE_LOOP('',(#2111,#2112,#2113,#2114,#2115,#2116));
#353=EDGE_LOOP('',(#2117,#2118,#2119,#2120));
#354=EDGE_LOOP('',(#2121,#2122,#2123,#2124));
#355=EDGE_LOOP('',(#2125,#2126,#2127,#2128));
#356=EDGE_LOOP('',(#2129,#2130,#2131,#2132));
#357=EDGE_LOOP('',(#2133,#2134,#2135,#2136));
#358=EDGE_LOOP('',(#2137,#2138,#2139,#2140));
#359=EDGE_LOOP('',(#2141,#2142,#2143,#2144));
#360=EDGE_LOOP('',(#2145,#2146,#2147,#2148));
#361=EDGE_LOOP('',(#2149,#2150,#2151,#2152));
#362=EDGE_LOOP('',(#2153,#2154,#2155,#2156));
#363=EDGE_LOOP('',(#2157,#2158,#2159,#2160));
#364=EDGE_LOOP('',(#2161,#2162,#2163,#2164));
#365=EDGE_LOOP('',(#2165,#2166,#2167,#2168));
#366=EDGE_LOOP('',(#2169,#2170,#2171,#2172));
#367=EDGE_LOOP('',(#2173,#2174,#2175,#2176));
#368=EDGE_LOOP('',(#2177,#2178,#2179,#2180,#2181,#2182,#2183,#2184));
#369=EDGE_LOOP('',(#2185,#2186,#2187,#2188,#2189,#2190));
#370=EDGE_LOOP('',(#2191,#2192,#2193,#2194));
#371=EDGE_LOOP('',(#2195,#2196,#2197,#2198,#2199,#2200));
#372=EDGE_LOOP('',(#2201,#2202,#2203,#2204));
#373=EDGE_LOOP('',(#2205,#2206,#2207,#2208));
#374=EDGE_LOOP('',(#2209,#2210,#2211,#2212));
#375=EDGE_LOOP('',(#2213,#2214,#2215,#2216));
#376=EDGE_LOOP('',(#2217,#2218,#2219,#2220));
#377=EDGE_LOOP('',(#2221,#2222,#2223,#2224));
#378=EDGE_LOOP('',(#2225,#2226,#2227,#2228));
#379=EDGE_LOOP('',(#2229,#2230,#2231,#2232));
#380=EDGE_LOOP('',(#2233,#2234,#2235,#2236));
#381=EDGE_LOOP('',(#2237,#2238,#2239,#2240));
#382=EDGE_LOOP('',(#2241,#2242,#2243,#2244,#2245,#2246,#2247,#2248));
#383=LINE('',#3369,#683);
#384=LINE('',#3371,#684);
#385=LINE('',#3373,#685);
#386=LINE('',#3374,#686);
#387=LINE('',#3377,#687);
#388=LINE('',#3379,#688);
#389=LINE('',#3381,#689);
#390=LINE('',#3383,#690);
#391=LINE('',#3385,#691);
#392=LINE('',#3387,#692);
#393=LINE('',#3389,#693);
#394=LINE('',#3391,#694);
#395=LINE('',#3393,#695);
#396=LINE('',#3395,#696);
#397=LINE('',#3396,#697);
#398=LINE('',#3401,#698);
#399=LINE('',#3405,#699);
#400=LINE('',#3409,#700);
#401=LINE('',#3412,#701);
#402=LINE('',#3417,#702);
#403=LINE('',#3421,#703);
#404=LINE('',#3425,#704);
#405=LINE('',#3428,#705);
#406=LINE('',#3431,#706);
#407=LINE('',#3433,#707);
#408=LINE('',#3435,#708);
#409=LINE('',#3437,#709);
#410=LINE('',#3438,#710);
#411=LINE('',#3442,#711);
#412=LINE('',#3444,#712);
#413=LINE('',#3446,#713);
#414=LINE('',#3447,#714);
#415=LINE('',#3450,#715);
#416=LINE('',#3452,#716);
#417=LINE('',#3453,#717);
#418=LINE('',#3456,#718);
#419=LINE('',#3458,#719);
#420=LINE('',#3459,#720);
#421=LINE('',#3461,#721);
#422=LINE('',#3462,#722);
#423=LINE('',#3465,#723);
#424=LINE('',#3467,#724);
#425=LINE('',#3468,#725);
#426=LINE('',#3471,#726);
#427=LINE('',#3472,#727);
#428=LINE('',#3477,#728);
#429=LINE('',#3479,#729);
#430=LINE('',#3481,#730);
#431=LINE('',#3482,#731);
#432=LINE('',#3485,#732);
#433=LINE('',#3487,#733);
#434=LINE('',#3488,#734);
#435=LINE('',#3491,#735);
#436=LINE('',#3493,#736);
#437=LINE('',#3494,#737);
#438=LINE('',#3496,#738);
#439=LINE('',#3497,#739);
#440=LINE('',#3500,#740);
#441=LINE('',#3502,#741);
#442=LINE('',#3503,#742);
#443=LINE('',#3506,#743);
#444=LINE('',#3507,#744);
#445=LINE('',#3512,#745);
#446=LINE('',#3514,#746);
#447=LINE('',#3516,#747);
#448=LINE('',#3517,#748);
#449=LINE('',#3520,#749);
#450=LINE('',#3522,#750);
#451=LINE('',#3523,#751);
#452=LINE('',#3526,#752);
#453=LINE('',#3528,#753);
#454=LINE('',#3529,#754);
#455=LINE('',#3531,#755);
#456=LINE('',#3532,#756);
#457=LINE('',#3535,#757);
#458=LINE('',#3537,#758);
#459=LINE('',#3538,#759);
#460=LINE('',#3541,#760);
#461=LINE('',#3542,#761);
#462=LINE('',#3547,#762);
#463=LINE('',#3549,#763);
#464=LINE('',#3551,#764);
#465=LINE('',#3552,#765);
#466=LINE('',#3555,#766);
#467=LINE('',#3557,#767);
#468=LINE('',#3558,#768);
#469=LINE('',#3561,#769);
#470=LINE('',#3563,#770);
#471=LINE('',#3564,#771);
#472=LINE('',#3566,#772);
#473=LINE('',#3567,#773);
#474=LINE('',#3570,#774);
#475=LINE('',#3572,#775);
#476=LINE('',#3573,#776);
#477=LINE('',#3576,#777);
#478=LINE('',#3577,#778);
#479=LINE('',#3582,#779);
#480=LINE('',#3584,#780);
#481=LINE('',#3586,#781);
#482=LINE('',#3587,#782);
#483=LINE('',#3590,#783);
#484=LINE('',#3592,#784);
#485=LINE('',#3593,#785);
#486=LINE('',#3596,#786);
#487=LINE('',#3598,#787);
#488=LINE('',#3599,#788);
#489=LINE('',#3601,#789);
#490=LINE('',#3602,#790);
#491=LINE('',#3605,#791);
#492=LINE('',#3607,#792);
#493=LINE('',#3608,#793);
#494=LINE('',#3611,#794);
#495=LINE('',#3612,#795);
#496=LINE('',#3617,#796);
#497=LINE('',#3619,#797);
#498=LINE('',#3621,#798);
#499=LINE('',#3622,#799);
#500=LINE('',#3625,#800);
#501=LINE('',#3627,#801);
#502=LINE('',#3628,#802);
#503=LINE('',#3631,#803);
#504=LINE('',#3633,#804);
#505=LINE('',#3634,#805);
#506=LINE('',#3636,#806);
#507=LINE('',#3637,#807);
#508=LINE('',#3640,#808);
#509=LINE('',#3642,#809);
#510=LINE('',#3643,#810);
#511=LINE('',#3646,#811);
#512=LINE('',#3647,#812);
#513=LINE('',#3651,#813);
#514=LINE('',#3652,#814);
#515=LINE('',#3655,#815);
#516=LINE('',#3656,#816);
#517=LINE('',#3660,#817);
#518=LINE('',#3662,#818);
#519=LINE('',#3664,#819);
#520=LINE('',#3665,#820);
#521=LINE('',#3669,#821);
#522=LINE('',#3671,#822);
#523=LINE('',#3673,#823);
#524=LINE('',#3674,#824);
#525=LINE('',#3680,#825);
#526=LINE('',#3683,#826);
#527=LINE('',#3688,#827);
#528=LINE('',#3694,#828);
#529=LINE('',#3700,#829);
#530=LINE('',#3706,#830);
#531=LINE('',#3712,#831);
#532=LINE('',#3718,#832);
#533=LINE('',#3728,#833);
#534=LINE('',#3731,#834);
#535=LINE('',#3736,#835);
#536=LINE('',#3742,#836);
#537=LINE('',#3748,#837);
#538=LINE('',#3754,#838);
#539=LINE('',#3760,#839);
#540=LINE('',#3766,#840);
#541=LINE('',#3773,#841);
#542=LINE('',#3775,#842);
#543=LINE('',#3776,#843);
#544=LINE('',#3779,#844);
#545=LINE('',#3781,#845);
#546=LINE('',#3782,#846);
#547=LINE('',#3785,#847);
#548=LINE('',#3787,#848);
#549=LINE('',#3788,#849);
#550=LINE('',#3791,#850);
#551=LINE('',#3793,#851);
#552=LINE('',#3794,#852);
#553=LINE('',#3797,#853);
#554=LINE('',#3799,#854);
#555=LINE('',#3800,#855);
#556=LINE('',#3803,#856);
#557=LINE('',#3805,#857);
#558=LINE('',#3806,#858);
#559=LINE('',#3809,#859);
#560=LINE('',#3811,#860);
#561=LINE('',#3812,#861);
#562=LINE('',#3815,#862);
#563=LINE('',#3817,#863);
#564=LINE('',#3818,#864);
#565=LINE('',#3821,#865);
#566=LINE('',#3823,#866);
#567=LINE('',#3824,#867);
#568=LINE('',#3827,#868);
#569=LINE('',#3829,#869);
#570=LINE('',#3830,#870);
#571=LINE('',#3833,#871);
#572=LINE('',#3835,#872);
#573=LINE('',#3836,#873);
#574=LINE('',#3839,#874);
#575=LINE('',#3841,#875);
#576=LINE('',#3842,#876);
#577=LINE('',#3845,#877);
#578=LINE('',#3847,#878);
#579=LINE('',#3848,#879);
#580=LINE('',#3850,#880);
#581=LINE('',#3852,#881);
#582=LINE('',#3853,#882);
#583=LINE('',#3856,#883);
#584=LINE('',#3857,#884);
#585=LINE('',#3860,#885);
#586=LINE('',#3861,#886);
#587=LINE('',#3862,#887);
#588=LINE('',#3864,#888);
#589=LINE('',#3868,#889);
#590=LINE('',#3869,#890);
#591=LINE('',#3870,#891);
#592=LINE('',#3872,#892);
#593=LINE('',#3873,#893);
#594=LINE('',#3877,#894);
#595=LINE('',#3879,#895);
#596=LINE('',#3881,#896);
#597=LINE('',#3882,#897);
#598=LINE('',#3888,#898);
#599=LINE('',#3892,#899);
#600=LINE('',#3896,#900);
#601=LINE('',#3899,#901);
#602=LINE('',#3901,#902);
#603=LINE('',#3903,#903);
#604=LINE('',#3909,#904);
#605=LINE('',#3913,#905);
#606=LINE('',#3917,#906);
#607=LINE('',#3920,#907);
#608=LINE('',#3924,#908);
#609=LINE('',#3926,#909);
#610=LINE('',#3928,#910);
#611=LINE('',#3929,#911);
#612=LINE('',#3932,#912);
#613=LINE('',#3934,#913);
#614=LINE('',#3935,#914);
#615=LINE('',#3939,#915);
#616=LINE('',#3941,#916);
#617=LINE('',#3943,#917);
#618=LINE('',#3944,#918);
#619=LINE('',#3947,#919);
#620=LINE('',#3949,#920);
#621=LINE('',#3950,#921);
#622=LINE('',#3953,#922);
#623=LINE('',#3954,#923);
#624=LINE('',#3955,#924);
#625=LINE('',#3957,#925);
#626=LINE('',#3958,#926);
#627=LINE('',#3961,#927);
#628=LINE('',#3962,#928);
#629=LINE('',#3964,#929);
#630=LINE('',#3967,#930);
#631=LINE('',#3968,#931);
#632=LINE('',#3970,#932);
#633=LINE('',#3973,#933);
#634=LINE('',#3974,#934);
#635=LINE('',#3976,#935);
#636=LINE('',#3978,#936);
#637=LINE('',#3980,#937);
#638=LINE('',#3985,#938);
#639=LINE('',#3987,#939);
#640=LINE('',#3988,#940);
#641=LINE('',#3991,#941);
#642=LINE('',#3992,#942);
#643=LINE('',#3995,#943);
#644=LINE('',#3996,#944);
#645=LINE('',#3998,#945);
#646=LINE('',#4000,#946);
#647=LINE('',#4002,#947);
#648=LINE('',#4004,#948);
#649=LINE('',#4005,#949);
#650=LINE('',#4007,#950);
#651=LINE('',#4009,#951);
#652=LINE('',#4011,#952);
#653=LINE('',#4012,#953);
#654=LINE('',#4015,#954);
#655=LINE('',#4016,#955);
#656=LINE('',#4019,#956);
#657=LINE('',#4020,#957);
#658=LINE('',#4022,#958);
#659=LINE('',#4024,#959);
#660=LINE('',#4026,#960);
#661=LINE('',#4027,#961);
#662=LINE('',#4029,#962);
#663=LINE('',#4031,#963);
#664=LINE('',#4033,#964);
#665=LINE('',#4035,#965);
#666=LINE('',#4036,#966);
#667=LINE('',#4038,#967);
#668=LINE('',#4040,#968);
#669=LINE('',#4042,#969);
#670=LINE('',#4044,#970);
#671=LINE('',#4046,#971);
#672=LINE('',#4047,#972);
#673=LINE('',#4049,#973);
#674=LINE('',#4052,#974);
#675=LINE('',#4053,#975);
#676=LINE('',#4056,#976);
#677=LINE('',#4058,#977);
#678=LINE('',#4060,#978);
#679=LINE('',#4062,#979);
#680=LINE('',#4065,#980);
#681=LINE('',#4067,#981);
#682=LINE('',#4069,#982);
#683=VECTOR('',#2699,10.);
#684=VECTOR('',#2700,10.);
#685=VECTOR('',#2701,10.);
#686=VECTOR('',#2702,10.);
#687=VECTOR('',#2705,10.);
#688=VECTOR('',#2706,10.);
#689=VECTOR('',#2707,10.);
#690=VECTOR('',#2708,10.);
#691=VECTOR('',#2709,10.);
#692=VECTOR('',#2710,10.);
#693=VECTOR('',#2711,10.);
#694=VECTOR('',#2712,10.);
#695=VECTOR('',#2713,10.);
#696=VECTOR('',#2714,10.);
#697=VECTOR('',#2715,10.);
#698=VECTOR('',#2718,10.);
#699=VECTOR('',#2721,10.);
#700=VECTOR('',#2724,10.);
#701=VECTOR('',#2727,10.);
#702=VECTOR('',#2730,10.);
#703=VECTOR('',#2733,10.);
#704=VECTOR('',#2736,10.);
#705=VECTOR('',#2739,10.);
#706=VECTOR('',#2742,10.);
#707=VECTOR('',#2743,10.);
#708=VECTOR('',#2744,10.);
#709=VECTOR('',#2745,10.);
#710=VECTOR('',#2746,10.);
#711=VECTOR('',#2749,10.);
#712=VECTOR('',#2750,10.);
#713=VECTOR('',#2751,10.);
#714=VECTOR('',#2752,10.);
#715=VECTOR('',#2755,10.);
#716=VECTOR('',#2756,10.);
#717=VECTOR('',#2757,10.);
#718=VECTOR('',#2760,10.);
#719=VECTOR('',#2761,10.);
#720=VECTOR('',#2762,10.);
#721=VECTOR('',#2765,10.);
#722=VECTOR('',#2766,10.);
#723=VECTOR('',#2769,10.);
#724=VECTOR('',#2770,10.);
#725=VECTOR('',#2771,10.);
#726=VECTOR('',#2774,10.);
#727=VECTOR('',#2775,10.);
#728=VECTOR('',#2780,10.);
#729=VECTOR('',#2781,10.);
#730=VECTOR('',#2782,10.);
#731=VECTOR('',#2783,10.);
#732=VECTOR('',#2786,10.);
#733=VECTOR('',#2787,10.);
#734=VECTOR('',#2788,10.);
#735=VECTOR('',#2791,10.);
#736=VECTOR('',#2792,10.);
#737=VECTOR('',#2793,10.);
#738=VECTOR('',#2796,10.);
#739=VECTOR('',#2797,10.);
#740=VECTOR('',#2800,10.);
#741=VECTOR('',#2801,10.);
#742=VECTOR('',#2802,10.);
#743=VECTOR('',#2805,10.);
#744=VECTOR('',#2806,10.);
#745=VECTOR('',#2811,10.);
#746=VECTOR('',#2812,10.);
#747=VECTOR('',#2813,10.);
#748=VECTOR('',#2814,10.);
#749=VECTOR('',#2817,10.);
#750=VECTOR('',#2818,10.);
#751=VECTOR('',#2819,10.);
#752=VECTOR('',#2822,10.);
#753=VECTOR('',#2823,10.);
#754=VECTOR('',#2824,10.);
#755=VECTOR('',#2827,10.);
#756=VECTOR('',#2828,10.);
#757=VECTOR('',#2831,10.);
#758=VECTOR('',#2832,10.);
#759=VECTOR('',#2833,10.);
#760=VECTOR('',#2836,10.);
#761=VECTOR('',#2837,10.);
#762=VECTOR('',#2842,10.);
#763=VECTOR('',#2843,10.);
#764=VECTOR('',#2844,10.);
#765=VECTOR('',#2845,10.);
#766=VECTOR('',#2848,10.);
#767=VECTOR('',#2849,10.);
#768=VECTOR('',#2850,10.);
#769=VECTOR('',#2853,10.);
#770=VECTOR('',#2854,10.);
#771=VECTOR('',#2855,10.);
#772=VECTOR('',#2858,10.);
#773=VECTOR('',#2859,10.);
#774=VECTOR('',#2862,10.);
#775=VECTOR('',#2863,10.);
#776=VECTOR('',#2864,10.);
#777=VECTOR('',#2867,10.);
#778=VECTOR('',#2868,10.);
#779=VECTOR('',#2873,10.);
#780=VECTOR('',#2874,10.);
#781=VECTOR('',#2875,10.);
#782=VECTOR('',#2876,10.);
#783=VECTOR('',#2879,10.);
#784=VECTOR('',#2880,10.);
#785=VECTOR('',#2881,10.);
#786=VECTOR('',#2884,10.);
#787=VECTOR('',#2885,10.);
#788=VECTOR('',#2886,10.);
#789=VECTOR('',#2889,10.);
#790=VECTOR('',#2890,10.);
#791=VECTOR('',#2893,10.);
#792=VECTOR('',#2894,10.);
#793=VECTOR('',#2895,10.);
#794=VECTOR('',#2898,10.);
#795=VECTOR('',#2899,10.);
#796=VECTOR('',#2904,10.);
#797=VECTOR('',#2905,10.);
#798=VECTOR('',#2906,10.);
#799=VECTOR('',#2907,10.);
#800=VECTOR('',#2910,10.);
#801=VECTOR('',#2911,10.);
#802=VECTOR('',#2912,10.);
#803=VECTOR('',#2915,10.);
#804=VECTOR('',#2916,10.);
#805=VECTOR('',#2917,10.);
#806=VECTOR('',#2920,10.);
#807=VECTOR('',#2921,10.);
#808=VECTOR('',#2924,10.);
#809=VECTOR('',#2925,10.);
#810=VECTOR('',#2926,10.);
#811=VECTOR('',#2929,10.);
#812=VECTOR('',#2930,10.);
#813=VECTOR('',#2935,10.);
#814=VECTOR('',#2936,10.);
#815=VECTOR('',#2939,10.);
#816=VECTOR('',#2940,10.);
#817=VECTOR('',#2943,10.);
#818=VECTOR('',#2944,10.);
#819=VECTOR('',#2945,10.);
#820=VECTOR('',#2946,10.);
#821=VECTOR('',#2949,10.);
#822=VECTOR('',#2950,10.);
#823=VECTOR('',#2951,10.);
#824=VECTOR('',#2952,10.);
#825=VECTOR('',#2957,10.);
#826=VECTOR('',#2960,10.);
#827=VECTOR('',#2965,10.);
#828=VECTOR('',#2972,10.);
#829=VECTOR('',#2979,10.);
#830=VECTOR('',#2986,10.);
#831=VECTOR('',#2993,10.);
#832=VECTOR('',#3000,10.);
#833=VECTOR('',#3013,10.);
#834=VECTOR('',#3016,10.);
#835=VECTOR('',#3021,10.);
#836=VECTOR('',#3028,10.);
#837=VECTOR('',#3035,10.);
#838=VECTOR('',#3042,10.);
#839=VECTOR('',#3049,10.);
#840=VECTOR('',#3056,10.);
#841=VECTOR('',#3067,10.);
#842=VECTOR('',#3068,10.);
#843=VECTOR('',#3069,10.);
#844=VECTOR('',#3072,10.);
#845=VECTOR('',#3073,10.);
#846=VECTOR('',#3074,10.);
#847=VECTOR('',#3077,10.);
#848=VECTOR('',#3078,10.);
#849=VECTOR('',#3079,10.);
#850=VECTOR('',#3082,10.);
#851=VECTOR('',#3083,10.);
#852=VECTOR('',#3084,10.);
#853=VECTOR('',#3087,10.);
#854=VECTOR('',#3088,10.);
#855=VECTOR('',#3089,10.);
#856=VECTOR('',#3092,10.);
#857=VECTOR('',#3093,10.);
#858=VECTOR('',#3094,10.);
#859=VECTOR('',#3097,10.);
#860=VECTOR('',#3098,10.);
#861=VECTOR('',#3099,10.);
#862=VECTOR('',#3102,10.);
#863=VECTOR('',#3103,10.);
#864=VECTOR('',#3104,10.);
#865=VECTOR('',#3107,10.);
#866=VECTOR('',#3108,10.);
#867=VECTOR('',#3109,10.);
#868=VECTOR('',#3112,10.);
#869=VECTOR('',#3113,10.);
#870=VECTOR('',#3114,10.);
#871=VECTOR('',#3117,10.);
#872=VECTOR('',#3118,10.);
#873=VECTOR('',#3119,10.);
#874=VECTOR('',#3122,10.);
#875=VECTOR('',#3123,10.);
#876=VECTOR('',#3124,10.);
#877=VECTOR('',#3127,10.);
#878=VECTOR('',#3128,10.);
#879=VECTOR('',#3129,10.);
#880=VECTOR('',#3132,10.);
#881=VECTOR('',#3133,10.);
#882=VECTOR('',#3134,10.);
#883=VECTOR('',#3137,10.);
#884=VECTOR('',#3138,10.);
#885=VECTOR('',#3141,10.);
#886=VECTOR('',#3142,10.);
#887=VECTOR('',#3143,10.);
#888=VECTOR('',#3146,10.);
#889=VECTOR('',#3149,10.);
#890=VECTOR('',#3150,10.);
#891=VECTOR('',#3151,10.);
#892=VECTOR('',#3154,10.);
#893=VECTOR('',#3155,10.);
#894=VECTOR('',#3160,10.);
#895=VECTOR('',#3161,10.);
#896=VECTOR('',#3162,10.);
#897=VECTOR('',#3163,10.);
#898=VECTOR('',#3168,10.);
#899=VECTOR('',#3171,10.);
#900=VECTOR('',#3174,10.);
#901=VECTOR('',#3177,10.);
#902=VECTOR('',#3180,10.);
#903=VECTOR('',#3183,10.);
#904=VECTOR('',#3188,10.);
#905=VECTOR('',#3191,10.);
#906=VECTOR('',#3194,10.);
#907=VECTOR('',#3197,10.);
#908=VECTOR('',#3200,10.);
#909=VECTOR('',#3201,10.);
#910=VECTOR('',#3202,10.);
#911=VECTOR('',#3203,10.);
#912=VECTOR('',#3206,10.);
#913=VECTOR('',#3207,10.);
#914=VECTOR('',#3208,10.);
#915=VECTOR('',#3211,10.);
#916=VECTOR('',#3212,10.);
#917=VECTOR('',#3213,10.);
#918=VECTOR('',#3214,10.);
#919=VECTOR('',#3217,10.);
#920=VECTOR('',#3218,10.);
#921=VECTOR('',#3219,10.);
#922=VECTOR('',#3222,10.);
#923=VECTOR('',#3223,10.);
#924=VECTOR('',#3224,10.);
#925=VECTOR('',#3225,10.);
#926=VECTOR('',#3226,10.);
#927=VECTOR('',#3229,10.);
#928=VECTOR('',#3230,10.);
#929=VECTOR('',#3233,10.);
#930=VECTOR('',#3236,10.);
#931=VECTOR('',#3237,10.);
#932=VECTOR('',#3240,10.);
#933=VECTOR('',#3243,10.);
#934=VECTOR('',#3244,10.);
#935=VECTOR('',#3247,10.);
#936=VECTOR('',#3250,10.);
#937=VECTOR('',#3253,10.);
#938=VECTOR('',#3260,10.);
#939=VECTOR('',#3261,10.);
#940=VECTOR('',#3262,10.);
#941=VECTOR('',#3265,10.);
#942=VECTOR('',#3266,10.);
#943=VECTOR('',#3269,10.);
#944=VECTOR('',#3270,10.);
#945=VECTOR('',#3271,10.);
#946=VECTOR('',#3272,10.);
#947=VECTOR('',#3273,10.);
#948=VECTOR('',#3274,10.);
#949=VECTOR('',#3275,10.);
#950=VECTOR('',#3276,10.);
#951=VECTOR('',#3277,10.);
#952=VECTOR('',#3278,10.);
#953=VECTOR('',#3279,10.);
#954=VECTOR('',#3282,10.);
#955=VECTOR('',#3283,10.);
#956=VECTOR('',#3286,10.);
#957=VECTOR('',#3287,10.);
#958=VECTOR('',#3290,10.);
#959=VECTOR('',#3293,10.);
#960=VECTOR('',#3296,10.);
#961=VECTOR('',#3297,10.);
#962=VECTOR('',#3300,10.);
#963=VECTOR('',#3303,10.);
#964=VECTOR('',#3306,10.);
#965=VECTOR('',#3309,10.);
#966=VECTOR('',#3310,10.);
#967=VECTOR('',#3313,10.);
#968=VECTOR('',#3316,10.);
#969=VECTOR('',#3319,10.);
#970=VECTOR('',#3322,10.);
#971=VECTOR('',#3325,10.);
#972=VECTOR('',#3326,10.);
#973=VECTOR('',#3329,10.);
#974=VECTOR('',#3334,10.);
#975=VECTOR('',#3335,10.);
#976=VECTOR('',#3340,10.);
#977=VECTOR('',#3343,10.);
#978=VECTOR('',#3346,10.);
#979=VECTOR('',#3349,10.);
#980=VECTOR('',#3354,10.);
#981=VECTOR('',#3357,10.);
#982=VECTOR('',#3360,10.);
#983=VERTEX_POINT('',#3367);
#984=VERTEX_POINT('',#3368);
#985=VERTEX_POINT('',#3370);
#986=VERTEX_POINT('',#3372);
#987=VERTEX_POINT('',#3376);
#988=VERTEX_POINT('',#3378);
#989=VERTEX_POINT('',#3380);
#990=VERTEX_POINT('',#3382);
#991=VERTEX_POINT('',#3384);
#992=VERTEX_POINT('',#3386);
#993=VERTEX_POINT('',#3388);
#994=VERTEX_POINT('',#3390);
#995=VERTEX_POINT('',#3392);
#996=VERTEX_POINT('',#3394);
#997=VERTEX_POINT('',#3397);
#998=VERTEX_POINT('',#3398);
#999=VERTEX_POINT('',#3400);
#1000=VERTEX_POINT('',#3402);
#1001=VERTEX_POINT('',#3404);
#1002=VERTEX_POINT('',#3406);
#1003=VERTEX_POINT('',#3408);
#1004=VERTEX_POINT('',#3410);
#1005=VERTEX_POINT('',#3413);
#1006=VERTEX_POINT('',#3414);
#1007=VERTEX_POINT('',#3416);
#1008=VERTEX_POINT('',#3418);
#1009=VERTEX_POINT('',#3420);
#1010=VERTEX_POINT('',#3422);
#1011=VERTEX_POINT('',#3424);
#1012=VERTEX_POINT('',#3426);
#1013=VERTEX_POINT('',#3430);
#1014=VERTEX_POINT('',#3432);
#1015=VERTEX_POINT('',#3434);
#1016=VERTEX_POINT('',#3436);
#1017=VERTEX_POINT('',#3440);
#1018=VERTEX_POINT('',#3441);
#1019=VERTEX_POINT('',#3443);
#1020=VERTEX_POINT('',#3445);
#1021=VERTEX_POINT('',#3449);
#1022=VERTEX_POINT('',#3451);
#1023=VERTEX_POINT('',#3455);
#1024=VERTEX_POINT('',#3457);
#1025=VERTEX_POINT('',#3464);
#1026=VERTEX_POINT('',#3466);
#1027=VERTEX_POINT('',#3470);
#1028=VERTEX_POINT('',#3475);
#1029=VERTEX_POINT('',#3476);
#1030=VERTEX_POINT('',#3478);
#1031=VERTEX_POINT('',#3480);
#1032=VERTEX_POINT('',#3484);
#1033=VERTEX_POINT('',#3486);
#1034=VERTEX_POINT('',#3490);
#1035=VERTEX_POINT('',#3492);
#1036=VERTEX_POINT('',#3499);
#1037=VERTEX_POINT('',#3501);
#1038=VERTEX_POINT('',#3505);
#1039=VERTEX_POINT('',#3510);
#1040=VERTEX_POINT('',#3511);
#1041=VERTEX_POINT('',#3513);
#1042=VERTEX_POINT('',#3515);
#1043=VERTEX_POINT('',#3519);
#1044=VERTEX_POINT('',#3521);
#1045=VERTEX_POINT('',#3525);
#1046=VERTEX_POINT('',#3527);
#1047=VERTEX_POINT('',#3534);
#1048=VERTEX_POINT('',#3536);
#1049=VERTEX_POINT('',#3540);
#1050=VERTEX_POINT('',#3545);
#1051=VERTEX_POINT('',#3546);
#1052=VERTEX_POINT('',#3548);
#1053=VERTEX_POINT('',#3550);
#1054=VERTEX_POINT('',#3554);
#1055=VERTEX_POINT('',#3556);
#1056=VERTEX_POINT('',#3560);
#1057=VERTEX_POINT('',#3562);
#1058=VERTEX_POINT('',#3569);
#1059=VERTEX_POINT('',#3571);
#1060=VERTEX_POINT('',#3575);
#1061=VERTEX_POINT('',#3580);
#1062=VERTEX_POINT('',#3581);
#1063=VERTEX_POINT('',#3583);
#1064=VERTEX_POINT('',#3585);
#1065=VERTEX_POINT('',#3589);
#1066=VERTEX_POINT('',#3591);
#1067=VERTEX_POINT('',#3595);
#1068=VERTEX_POINT('',#3597);
#1069=VERTEX_POINT('',#3604);
#1070=VERTEX_POINT('',#3606);
#1071=VERTEX_POINT('',#3610);
#1072=VERTEX_POINT('',#3615);
#1073=VERTEX_POINT('',#3616);
#1074=VERTEX_POINT('',#3618);
#1075=VERTEX_POINT('',#3620);
#1076=VERTEX_POINT('',#3624);
#1077=VERTEX_POINT('',#3626);
#1078=VERTEX_POINT('',#3630);
#1079=VERTEX_POINT('',#3632);
#1080=VERTEX_POINT('',#3639);
#1081=VERTEX_POINT('',#3641);
#1082=VERTEX_POINT('',#3645);
#1083=VERTEX_POINT('',#3650);
#1084=VERTEX_POINT('',#3654);
#1085=VERTEX_POINT('',#3658);
#1086=VERTEX_POINT('',#3659);
#1087=VERTEX_POINT('',#3661);
#1088=VERTEX_POINT('',#3663);
#1089=VERTEX_POINT('',#3667);
#1090=VERTEX_POINT('',#3668);
#1091=VERTEX_POINT('',#3670);
#1092=VERTEX_POINT('',#3672);
#1093=VERTEX_POINT('',#3676);
#1094=VERTEX_POINT('',#3677);
#1095=VERTEX_POINT('',#3679);
#1096=VERTEX_POINT('',#3681);
#1097=VERTEX_POINT('',#3685);
#1098=VERTEX_POINT('',#3687);
#1099=VERTEX_POINT('',#3691);
#1100=VERTEX_POINT('',#3693);
#1101=VERTEX_POINT('',#3697);
#1102=VERTEX_POINT('',#3699);
#1103=VERTEX_POINT('',#3703);
#1104=VERTEX_POINT('',#3705);
#1105=VERTEX_POINT('',#3709);
#1106=VERTEX_POINT('',#3711);
#1107=VERTEX_POINT('',#3715);
#1108=VERTEX_POINT('',#3717);
#1109=VERTEX_POINT('',#3724);
#1110=VERTEX_POINT('',#3725);
#1111=VERTEX_POINT('',#3727);
#1112=VERTEX_POINT('',#3729);
#1113=VERTEX_POINT('',#3733);
#1114=VERTEX_POINT('',#3735);
#1115=VERTEX_POINT('',#3739);
#1116=VERTEX_POINT('',#3741);
#1117=VERTEX_POINT('',#3745);
#1118=VERTEX_POINT('',#3747);
#1119=VERTEX_POINT('',#3751);
#1120=VERTEX_POINT('',#3753);
#1121=VERTEX_POINT('',#3757);
#1122=VERTEX_POINT('',#3759);
#1123=VERTEX_POINT('',#3763);
#1124=VERTEX_POINT('',#3765);
#1125=VERTEX_POINT('',#3772);
#1126=VERTEX_POINT('',#3774);
#1127=VERTEX_POINT('',#3778);
#1128=VERTEX_POINT('',#3780);
#1129=VERTEX_POINT('',#3784);
#1130=VERTEX_POINT('',#3786);
#1131=VERTEX_POINT('',#3790);
#1132=VERTEX_POINT('',#3792);
#1133=VERTEX_POINT('',#3796);
#1134=VERTEX_POINT('',#3798);
#1135=VERTEX_POINT('',#3802);
#1136=VERTEX_POINT('',#3804);
#1137=VERTEX_POINT('',#3808);
#1138=VERTEX_POINT('',#3810);
#1139=VERTEX_POINT('',#3814);
#1140=VERTEX_POINT('',#3816);
#1141=VERTEX_POINT('',#3820);
#1142=VERTEX_POINT('',#3822);
#1143=VERTEX_POINT('',#3826);
#1144=VERTEX_POINT('',#3828);
#1145=VERTEX_POINT('',#3832);
#1146=VERTEX_POINT('',#3834);
#1147=VERTEX_POINT('',#3838);
#1148=VERTEX_POINT('',#3840);
#1149=VERTEX_POINT('',#3844);
#1150=VERTEX_POINT('',#3846);
#1151=VERTEX_POINT('',#3851);
#1152=VERTEX_POINT('',#3855);
#1153=VERTEX_POINT('',#3859);
#1154=VERTEX_POINT('',#3866);
#1155=VERTEX_POINT('',#3867);
#1156=VERTEX_POINT('',#3876);
#1157=VERTEX_POINT('',#3878);
#1158=VERTEX_POINT('',#3880);
#1159=VERTEX_POINT('',#3884);
#1160=VERTEX_POINT('',#3885);
#1161=VERTEX_POINT('',#3887);
#1162=VERTEX_POINT('',#3889);
#1163=VERTEX_POINT('',#3891);
#1164=VERTEX_POINT('',#3893);
#1165=VERTEX_POINT('',#3895);
#1166=VERTEX_POINT('',#3897);
#1167=VERTEX_POINT('',#3905);
#1168=VERTEX_POINT('',#3906);
#1169=VERTEX_POINT('',#3908);
#1170=VERTEX_POINT('',#3910);
#1171=VERTEX_POINT('',#3912);
#1172=VERTEX_POINT('',#3914);
#1173=VERTEX_POINT('',#3916);
#1174=VERTEX_POINT('',#3918);
#1175=VERTEX_POINT('',#3922);
#1176=VERTEX_POINT('',#3923);
#1177=VERTEX_POINT('',#3925);
#1178=VERTEX_POINT('',#3927);
#1179=VERTEX_POINT('',#3931);
#1180=VERTEX_POINT('',#3933);
#1181=VERTEX_POINT('',#3937);
#1182=VERTEX_POINT('',#3938);
#1183=VERTEX_POINT('',#3940);
#1184=VERTEX_POINT('',#3942);
#1185=VERTEX_POINT('',#3946);
#1186=VERTEX_POINT('',#3948);
#1187=VERTEX_POINT('',#3952);
#1188=VERTEX_POINT('',#3956);
#1189=VERTEX_POINT('',#3960);
#1190=VERTEX_POINT('',#3966);
#1191=VERTEX_POINT('',#3972);
#1192=VERTEX_POINT('',#3984);
#1193=VERTEX_POINT('',#3986);
#1194=VERTEX_POINT('',#3990);
#1195=VERTEX_POINT('',#3994);
#1196=VERTEX_POINT('',#3997);
#1197=VERTEX_POINT('',#3999);
#1198=VERTEX_POINT('',#4001);
#1199=VERTEX_POINT('',#4003);
#1200=VERTEX_POINT('',#4006);
#1201=VERTEX_POINT('',#4008);
#1202=VERTEX_POINT('',#4010);
#1203=VERTEX_POINT('',#4014);
#1204=VERTEX_POINT('',#4018);
#1205=EDGE_CURVE('',#983,#984,#383,.T.);
#1206=EDGE_CURVE('',#983,#985,#384,.T.);
#1207=EDGE_CURVE('',#986,#985,#385,.T.);
#1208=EDGE_CURVE('',#984,#986,#386,.T.);
#1209=EDGE_CURVE('',#987,#983,#387,.T.);
#1210=EDGE_CURVE('',#984,#988,#388,.T.);
#1211=EDGE_CURVE('',#988,#989,#389,.T.);
#1212=EDGE_CURVE('',#989,#990,#390,.T.);
#1213=EDGE_CURVE('',#990,#991,#391,.T.);
#1214=EDGE_CURVE('',#991,#992,#392,.T.);
#1215=EDGE_CURVE('',#992,#993,#393,.T.);
#1216=EDGE_CURVE('',#993,#994,#394,.T.);
#1217=EDGE_CURVE('',#994,#995,#395,.T.);
#1218=EDGE_CURVE('',#995,#996,#396,.T.);
#1219=EDGE_CURVE('',#996,#987,#397,.T.);
#1220=EDGE_CURVE('',#997,#998,#51,.T.);
#1221=EDGE_CURVE('',#998,#999,#398,.T.);
#1222=EDGE_CURVE('',#999,#1000,#52,.T.);
#1223=EDGE_CURVE('',#1000,#1001,#399,.T.);
#1224=EDGE_CURVE('',#1001,#1002,#53,.T.);
#1225=EDGE_CURVE('',#1002,#1003,#400,.T.);
#1226=EDGE_CURVE('',#1003,#1004,#54,.T.);
#1227=EDGE_CURVE('',#1004,#997,#401,.T.);
#1228=EDGE_CURVE('',#1005,#1006,#55,.T.);
#1229=EDGE_CURVE('',#1006,#1007,#402,.T.);
#1230=EDGE_CURVE('',#1007,#1008,#56,.T.);
#1231=EDGE_CURVE('',#1008,#1009,#403,.T.);
#1232=EDGE_CURVE('',#1009,#1010,#57,.T.);
#1233=EDGE_CURVE('',#1010,#1011,#404,.T.);
#1234=EDGE_CURVE('',#1011,#1012,#58,.T.);
#1235=EDGE_CURVE('',#1012,#1005,#405,.T.);
#1236=EDGE_CURVE('',#988,#1013,#406,.T.);
#1237=EDGE_CURVE('',#1013,#1014,#407,.T.);
#1238=EDGE_CURVE('',#1014,#1015,#408,.F.);
#1239=EDGE_CURVE('',#1016,#1015,#409,.T.);
#1240=EDGE_CURVE('',#1016,#989,#410,.T.);
#1241=EDGE_CURVE('',#1017,#1018,#411,.T.);
#1242=EDGE_CURVE('',#1018,#1019,#412,.T.);
#1243=EDGE_CURVE('',#1019,#1020,#413,.T.);
#1244=EDGE_CURVE('',#1017,#1020,#414,.T.);
#1245=EDGE_CURVE('',#1021,#1019,#415,.T.);
#1246=EDGE_CURVE('',#1018,#1022,#416,.T.);
#1247=EDGE_CURVE('',#1022,#1021,#417,.T.);
#1248=EDGE_CURVE('',#1023,#1021,#418,.T.);
#1249=EDGE_CURVE('',#1022,#1024,#419,.T.);
#1250=EDGE_CURVE('',#1024,#1023,#420,.T.);
#1251=EDGE_CURVE('',#1020,#1023,#421,.T.);
#1252=EDGE_CURVE('',#1024,#1017,#422,.T.);
#1253=EDGE_CURVE('',#1025,#1020,#423,.T.);
#1254=EDGE_CURVE('',#1026,#1025,#424,.F.);
#1255=EDGE_CURVE('',#1026,#1023,#425,.T.);
#1256=EDGE_CURVE('',#1019,#1027,#426,.T.);
#1257=EDGE_CURVE('',#1025,#1027,#427,.F.);
#1258=EDGE_CURVE('',#1028,#1029,#428,.T.);
#1259=EDGE_CURVE('',#1029,#1030,#429,.T.);
#1260=EDGE_CURVE('',#1030,#1031,#430,.T.);
#1261=EDGE_CURVE('',#1028,#1031,#431,.T.);
#1262=EDGE_CURVE('',#1029,#1032,#432,.T.);
#1263=EDGE_CURVE('',#1032,#1033,#433,.T.);
#1264=EDGE_CURVE('',#1033,#1030,#434,.T.);
#1265=EDGE_CURVE('',#1032,#1034,#435,.T.);
#1266=EDGE_CURVE('',#1034,#1035,#436,.T.);
#1267=EDGE_CURVE('',#1035,#1033,#437,.T.);
#1268=EDGE_CURVE('',#1031,#1035,#438,.T.);
#1269=EDGE_CURVE('',#1034,#1028,#439,.T.);
#1270=EDGE_CURVE('',#1036,#1031,#440,.T.);
#1271=EDGE_CURVE('',#1037,#1036,#441,.F.);
#1272=EDGE_CURVE('',#1037,#1035,#442,.T.);
#1273=EDGE_CURVE('',#1038,#1030,#443,.T.);
#1274=EDGE_CURVE('',#1036,#1038,#444,.F.);
#1275=EDGE_CURVE('',#1039,#1040,#445,.T.);
#1276=EDGE_CURVE('',#1040,#1041,#446,.T.);
#1277=EDGE_CURVE('',#1041,#1042,#447,.T.);
#1278=EDGE_CURVE('',#1039,#1042,#448,.T.);
#1279=EDGE_CURVE('',#1040,#1043,#449,.T.);
#1280=EDGE_CURVE('',#1043,#1044,#450,.T.);
#1281=EDGE_CURVE('',#1044,#1041,#451,.T.);
#1282=EDGE_CURVE('',#1043,#1045,#452,.T.);
#1283=EDGE_CURVE('',#1045,#1046,#453,.T.);
#1284=EDGE_CURVE('',#1046,#1044,#454,.T.);
#1285=EDGE_CURVE('',#1042,#1046,#455,.T.);
#1286=EDGE_CURVE('',#1045,#1039,#456,.T.);
#1287=EDGE_CURVE('',#1047,#1042,#457,.T.);
#1288=EDGE_CURVE('',#1048,#1047,#458,.T.);
#1289=EDGE_CURVE('',#1048,#1046,#459,.T.);
#1290=EDGE_CURVE('',#1049,#1041,#460,.T.);
#1291=EDGE_CURVE('',#1047,#1049,#461,.T.);
#1292=EDGE_CURVE('',#1050,#1051,#462,.T.);
#1293=EDGE_CURVE('',#1051,#1052,#463,.T.);
#1294=EDGE_CURVE('',#1052,#1053,#464,.T.);
#1295=EDGE_CURVE('',#1050,#1053,#465,.T.);
#1296=EDGE_CURVE('',#1054,#1052,#466,.T.);
#1297=EDGE_CURVE('',#1051,#1055,#467,.T.);
#1298=EDGE_CURVE('',#1055,#1054,#468,.T.);
#1299=EDGE_CURVE('',#1056,#1054,#469,.T.);
#1300=EDGE_CURVE('',#1055,#1057,#470,.T.);
#1301=EDGE_CURVE('',#1057,#1056,#471,.T.);
#1302=EDGE_CURVE('',#1053,#1056,#472,.T.);
#1303=EDGE_CURVE('',#1057,#1050,#473,.T.);
#1304=EDGE_CURVE('',#1058,#1053,#474,.T.);
#1305=EDGE_CURVE('',#1059,#1058,#475,.T.);
#1306=EDGE_CURVE('',#1059,#1056,#476,.T.);
#1307=EDGE_CURVE('',#1052,#1060,#477,.T.);
#1308=EDGE_CURVE('',#1058,#1060,#478,.T.);
#1309=EDGE_CURVE('',#1061,#1062,#479,.T.);
#1310=EDGE_CURVE('',#1062,#1063,#480,.T.);
#1311=EDGE_CURVE('',#1063,#1064,#481,.T.);
#1312=EDGE_CURVE('',#1061,#1064,#482,.T.);
#1313=EDGE_CURVE('',#1062,#1065,#483,.T.);
#1314=EDGE_CURVE('',#1065,#1066,#484,.T.);
#1315=EDGE_CURVE('',#1066,#1063,#485,.T.);
#1316=EDGE_CURVE('',#1065,#1067,#486,.T.);
#1317=EDGE_CURVE('',#1067,#1068,#487,.T.);
#1318=EDGE_CURVE('',#1068,#1066,#488,.T.);
#1319=EDGE_CURVE('',#1064,#1068,#489,.T.);
#1320=EDGE_CURVE('',#1067,#1061,#490,.T.);
#1321=EDGE_CURVE('',#1069,#1064,#491,.T.);
#1322=EDGE_CURVE('',#1070,#1069,#492,.T.);
#1323=EDGE_CURVE('',#1070,#1068,#493,.T.);
#1324=EDGE_CURVE('',#1071,#1063,#494,.T.);
#1325=EDGE_CURVE('',#1069,#1071,#495,.T.);
#1326=EDGE_CURVE('',#1072,#1073,#496,.T.);
#1327=EDGE_CURVE('',#1073,#1074,#497,.T.);
#1328=EDGE_CURVE('',#1074,#1075,#498,.T.);
#1329=EDGE_CURVE('',#1075,#1072,#499,.T.);
#1330=EDGE_CURVE('',#1076,#1074,#500,.T.);
#1331=EDGE_CURVE('',#1073,#1077,#501,.T.);
#1332=EDGE_CURVE('',#1076,#1077,#502,.T.);
#1333=EDGE_CURVE('',#1078,#1072,#503,.T.);
#1334=EDGE_CURVE('',#1075,#1079,#504,.T.);
#1335=EDGE_CURVE('',#1079,#1078,#505,.T.);
#1336=EDGE_CURVE('',#1077,#1078,#506,.T.);
#1337=EDGE_CURVE('',#1079,#1076,#507,.T.);
#1338=EDGE_CURVE('',#1080,#1075,#508,.T.);
#1339=EDGE_CURVE('',#1081,#1080,#509,.T.);
#1340=EDGE_CURVE('',#1081,#1079,#510,.T.);
#1341=EDGE_CURVE('',#1082,#1074,#511,.T.);
#1342=EDGE_CURVE('',#1080,#1082,#512,.T.);
#1343=EDGE_CURVE('',#1083,#1048,#513,.T.);
#1344=EDGE_CURVE('',#1083,#1044,#514,.T.);
#1345=EDGE_CURVE('',#1084,#1081,#515,.T.);
#1346=EDGE_CURVE('',#1084,#1076,#516,.T.);
#1347=EDGE_CURVE('',#1085,#1086,#517,.T.);
#1348=EDGE_CURVE('',#1087,#1086,#518,.T.);
#1349=EDGE_CURVE('',#1088,#1087,#519,.T.);
#1350=EDGE_CURVE('',#1085,#1088,#520,.T.);
#1351=EDGE_CURVE('',#1089,#1090,#521,.T.);
#1352=EDGE_CURVE('',#1091,#1090,#522,.T.);
#1353=EDGE_CURVE('',#1092,#1091,#523,.T.);
#1354=EDGE_CURVE('',#1089,#1092,#524,.T.);
#1355=EDGE_CURVE('',#1093,#1094,#59,.T.);
#1356=EDGE_CURVE('',#1093,#1095,#525,.T.);
#1357=EDGE_CURVE('',#1095,#1096,#60,.T.);
#1358=EDGE_CURVE('',#1094,#1096,#526,.T.);
#1359=EDGE_CURVE('',#1097,#1093,#61,.T.);
#1360=EDGE_CURVE('',#1097,#1098,#527,.T.);
#1361=EDGE_CURVE('',#1098,#1095,#62,.T.);
#1362=EDGE_CURVE('',#1099,#1097,#63,.T.);
#1363=EDGE_CURVE('',#1099,#1100,#528,.T.);
#1364=EDGE_CURVE('',#1100,#1098,#64,.T.);
#1365=EDGE_CURVE('',#1101,#1099,#65,.T.);
#1366=EDGE_CURVE('',#1101,#1102,#529,.T.);
#1367=EDGE_CURVE('',#1102,#1100,#66,.T.);
#1368=EDGE_CURVE('',#1103,#1101,#67,.T.);
#1369=EDGE_CURVE('',#1103,#1104,#530,.T.);
#1370=EDGE_CURVE('',#1104,#1102,#68,.T.);
#1371=EDGE_CURVE('',#1105,#1103,#69,.T.);
#1372=EDGE_CURVE('',#1105,#1106,#531,.T.);
#1373=EDGE_CURVE('',#1106,#1104,#70,.T.);
#1374=EDGE_CURVE('',#1107,#1105,#71,.T.);
#1375=EDGE_CURVE('',#1107,#1108,#532,.T.);
#1376=EDGE_CURVE('',#1108,#1106,#72,.T.);
#1377=EDGE_CURVE('',#1094,#1107,#73,.T.);
#1378=EDGE_CURVE('',#1096,#1108,#74,.T.);
#1379=EDGE_CURVE('',#1109,#1110,#75,.T.);
#1380=EDGE_CURVE('',#1109,#1111,#533,.T.);
#1381=EDGE_CURVE('',#1111,#1112,#76,.T.);
#1382=EDGE_CURVE('',#1110,#1112,#534,.T.);
#1383=EDGE_CURVE('',#1113,#1109,#77,.T.);
#1384=EDGE_CURVE('',#1113,#1114,#535,.T.);
#1385=EDGE_CURVE('',#1114,#1111,#78,.T.);
#1386=EDGE_CURVE('',#1115,#1113,#79,.T.);
#1387=EDGE_CURVE('',#1115,#1116,#536,.T.);
#1388=EDGE_CURVE('',#1116,#1114,#80,.T.);
#1389=EDGE_CURVE('',#1117,#1115,#81,.T.);
#1390=EDGE_CURVE('',#1117,#1118,#537,.T.);
#1391=EDGE_CURVE('',#1118,#1116,#82,.T.);
#1392=EDGE_CURVE('',#1119,#1117,#83,.T.);
#1393=EDGE_CURVE('',#1119,#1120,#538,.T.);
#1394=EDGE_CURVE('',#1120,#1118,#84,.T.);
#1395=EDGE_CURVE('',#1121,#1119,#85,.T.);
#1396=EDGE_CURVE('',#1121,#1122,#539,.T.);
#1397=EDGE_CURVE('',#1122,#1120,#86,.T.);
#1398=EDGE_CURVE('',#1123,#1121,#87,.T.);
#1399=EDGE_CURVE('',#1123,#1124,#540,.T.);
#1400=EDGE_CURVE('',#1124,#1122,#88,.T.);
#1401=EDGE_CURVE('',#1110,#1123,#89,.T.);
#1402=EDGE_CURVE('',#1112,#1124,#90,.T.);
#1403=EDGE_CURVE('',#1091,#1125,#541,.T.);
#1404=EDGE_CURVE('',#1125,#1126,#542,.T.);
#1405=EDGE_CURVE('',#1092,#1126,#543,.T.);
#1406=EDGE_CURVE('',#1127,#1090,#544,.T.);
#1407=EDGE_CURVE('',#1127,#1128,#545,.T.);
#1408=EDGE_CURVE('',#1128,#1125,#546,.T.);
#1409=EDGE_CURVE('',#1129,#1127,#547,.T.);
#1410=EDGE_CURVE('',#1129,#1130,#548,.T.);
#1411=EDGE_CURVE('',#1130,#1128,#549,.T.);
#1412=EDGE_CURVE('',#1131,#1129,#550,.T.);
#1413=EDGE_CURVE('',#1131,#1132,#551,.T.);
#1414=EDGE_CURVE('',#1132,#1130,#552,.T.);
#1415=EDGE_CURVE('',#1133,#1131,#553,.T.);
#1416=EDGE_CURVE('',#1133,#1134,#554,.T.);
#1417=EDGE_CURVE('',#1134,#1132,#555,.T.);
#1418=EDGE_CURVE('',#1135,#1133,#556,.T.);
#1419=EDGE_CURVE('',#1135,#1136,#557,.T.);
#1420=EDGE_CURVE('',#1136,#1134,#558,.T.);
#1421=EDGE_CURVE('',#1137,#1135,#559,.T.);
#1422=EDGE_CURVE('',#1137,#1138,#560,.T.);
#1423=EDGE_CURVE('',#1138,#1136,#561,.T.);
#1424=EDGE_CURVE('',#1139,#1137,#562,.T.);
#1425=EDGE_CURVE('',#1139,#1140,#563,.T.);
#1426=EDGE_CURVE('',#1140,#1138,#564,.T.);
#1427=EDGE_CURVE('',#1141,#1139,#565,.T.);
#1428=EDGE_CURVE('',#1141,#1142,#566,.T.);
#1429=EDGE_CURVE('',#1142,#1140,#567,.T.);
#1430=EDGE_CURVE('',#1143,#1141,#568,.T.);
#1431=EDGE_CURVE('',#1143,#1144,#569,.T.);
#1432=EDGE_CURVE('',#1144,#1142,#570,.T.);
#1433=EDGE_CURVE('',#1145,#1143,#571,.T.);
#1434=EDGE_CURVE('',#1145,#1146,#572,.T.);
#1435=EDGE_CURVE('',#1146,#1144,#573,.T.);
#1436=EDGE_CURVE('',#1147,#1145,#574,.T.);
#1437=EDGE_CURVE('',#1147,#1148,#575,.T.);
#1438=EDGE_CURVE('',#1148,#1146,#576,.T.);
#1439=EDGE_CURVE('',#1149,#1147,#577,.T.);
#1440=EDGE_CURVE('',#1149,#1150,#578,.T.);
#1441=EDGE_CURVE('',#1150,#1148,#579,.T.);
#1442=EDGE_CURVE('',#1085,#1149,#580,.T.);
#1443=EDGE_CURVE('',#1088,#1151,#581,.T.);
#1444=EDGE_CURVE('',#1151,#1150,#582,.T.);
#1445=EDGE_CURVE('',#1087,#1152,#583,.T.);
#1446=EDGE_CURVE('',#1152,#1151,#584,.T.);
#1447=EDGE_CURVE('',#1153,#1086,#585,.T.);
#1448=EDGE_CURVE('',#1153,#986,#586,.T.);
#1449=EDGE_CURVE('',#986,#1152,#587,.T.);
#1450=EDGE_CURVE('',#1013,#1153,#588,.T.);
#1451=EDGE_CURVE('',#1154,#1155,#589,.T.);
#1452=EDGE_CURVE('',#1154,#985,#590,.T.);
#1453=EDGE_CURVE('',#1155,#987,#591,.T.);
#1454=EDGE_CURVE('',#1089,#1154,#592,.T.);
#1455=EDGE_CURVE('',#1126,#985,#593,.T.);
#1456=EDGE_CURVE('',#1156,#996,#594,.T.);
#1457=EDGE_CURVE('',#1157,#1156,#595,.T.);
#1458=EDGE_CURVE('',#1158,#1157,#596,.T.);
#1459=EDGE_CURVE('',#1158,#1155,#597,.T.);
#1460=EDGE_CURVE('',#1159,#1160,#91,.T.);
#1461=EDGE_CURVE('',#1161,#1159,#598,.T.);
#1462=EDGE_CURVE('',#1162,#1161,#92,.T.);
#1463=EDGE_CURVE('',#1163,#1162,#599,.T.);
#1464=EDGE_CURVE('',#1164,#1163,#93,.T.);
#1465=EDGE_CURVE('',#1165,#1164,#600,.T.);
#1466=EDGE_CURVE('',#1166,#1165,#94,.T.);
#1467=EDGE_CURVE('',#1160,#1166,#601,.T.);
#1468=EDGE_CURVE('',#1086,#1014,#602,.F.);
#1469=EDGE_CURVE('',#1158,#1089,#603,.F.);
#1470=EDGE_CURVE('',#1167,#1168,#95,.T.);
#1471=EDGE_CURVE('',#1169,#1167,#604,.T.);
#1472=EDGE_CURVE('',#1170,#1169,#96,.T.);
#1473=EDGE_CURVE('',#1171,#1170,#605,.T.);
#1474=EDGE_CURVE('',#1172,#1171,#97,.T.);
#1475=EDGE_CURVE('',#1173,#1172,#606,.T.);
#1476=EDGE_CURVE('',#1174,#1173,#98,.T.);
#1477=EDGE_CURVE('',#1168,#1174,#607,.T.);
#1478=EDGE_CURVE('',#1175,#1176,#608,.F.);
#1479=EDGE_CURVE('',#1176,#1177,#609,.T.);
#1480=EDGE_CURVE('',#1177,#1178,#610,.T.);
#1481=EDGE_CURVE('',#1178,#1175,#611,.T.);
#1482=EDGE_CURVE('',#1175,#1179,#612,.F.);
#1483=EDGE_CURVE('',#1179,#1180,#613,.T.);
#1484=EDGE_CURVE('',#1176,#1180,#614,.T.);
#1485=EDGE_CURVE('',#1181,#1182,#615,.T.);
#1486=EDGE_CURVE('',#1182,#1183,#616,.T.);
#1487=EDGE_CURVE('',#1183,#1184,#617,.F.);
#1488=EDGE_CURVE('',#1184,#1181,#618,.T.);
#1489=EDGE_CURVE('',#1181,#1185,#619,.T.);
#1490=EDGE_CURVE('',#1185,#1186,#620,.T.);
#1491=EDGE_CURVE('',#1186,#1182,#621,.T.);
#1492=EDGE_CURVE('',#1184,#1187,#622,.T.);
#1493=EDGE_CURVE('',#1187,#1185,#623,.F.);
#1494=EDGE_CURVE('',#1082,#1084,#624,.T.);
#1495=EDGE_CURVE('',#1071,#1188,#625,.T.);
#1496=EDGE_CURVE('',#1188,#1070,#626,.T.);
#1497=EDGE_CURVE('',#1189,#1033,#627,.T.);
#1498=EDGE_CURVE('',#1038,#1189,#628,.F.);
#1499=EDGE_CURVE('',#1189,#1037,#629,.F.);
#1500=EDGE_CURVE('',#1190,#1021,#630,.T.);
#1501=EDGE_CURVE('',#1027,#1190,#631,.F.);
#1502=EDGE_CURVE('',#1190,#1026,#632,.F.);
#1503=EDGE_CURVE('',#1191,#1054,#633,.T.);
#1504=EDGE_CURVE('',#1060,#1191,#634,.T.);
#1505=EDGE_CURVE('',#1191,#1059,#635,.T.);
#1506=EDGE_CURVE('',#1049,#1083,#636,.T.);
#1507=EDGE_CURVE('',#1188,#1066,#637,.T.);
#1508=EDGE_CURVE('',#1192,#1157,#638,.F.);
#1509=EDGE_CURVE('',#1193,#1192,#639,.F.);
#1510=EDGE_CURVE('',#1090,#1193,#640,.F.);
#1511=EDGE_CURVE('',#1194,#1192,#641,.T.);
#1512=EDGE_CURVE('',#1156,#1194,#642,.T.);
#1513=EDGE_CURVE('',#1195,#1193,#643,.T.);
#1514=EDGE_CURVE('',#1180,#1195,#644,.T.);
#1515=EDGE_CURVE('',#1196,#1179,#645,.F.);
#1516=EDGE_CURVE('',#1197,#1196,#646,.T.);
#1517=EDGE_CURVE('',#1198,#1197,#647,.T.);
#1518=EDGE_CURVE('',#1199,#1198,#648,.T.);
#1519=EDGE_CURVE('',#1199,#1186,#649,.T.);
#1520=EDGE_CURVE('',#1200,#1187,#650,.T.);
#1521=EDGE_CURVE('',#1201,#1200,#651,.T.);
#1522=EDGE_CURVE('',#1202,#1201,#652,.T.);
#1523=EDGE_CURVE('',#1202,#1085,#653,.F.);
#1524=EDGE_CURVE('',#1202,#1203,#654,.T.);
#1525=EDGE_CURVE('',#1015,#1203,#655,.F.);
#1526=EDGE_CURVE('',#1203,#1204,#656,.T.);
#1527=EDGE_CURVE('',#1204,#1016,#657,.T.);
#1528=EDGE_CURVE('',#1196,#1178,#658,.T.);
#1529=EDGE_CURVE('',#1200,#1183,#659,.T.);
#1530=EDGE_CURVE('',#1172,#1009,#660,.T.);
#1531=EDGE_CURVE('',#1173,#1008,#661,.T.);
#1532=EDGE_CURVE('',#1171,#1010,#662,.T.);
#1533=EDGE_CURVE('',#1170,#1011,#663,.T.);
#1534=EDGE_CURVE('',#1169,#1012,#664,.T.);
#1535=EDGE_CURVE('',#1164,#1001,#665,.T.);
#1536=EDGE_CURVE('',#1165,#1000,#666,.T.);
#1537=EDGE_CURVE('',#1163,#1002,#667,.T.);
#1538=EDGE_CURVE('',#1162,#1003,#668,.T.);
#1539=EDGE_CURVE('',#1161,#1004,#669,.T.);
#1540=EDGE_CURVE('',#1177,#1197,#670,.T.);
#1541=EDGE_CURVE('',#1199,#992,#671,.T.);
#1542=EDGE_CURVE('',#991,#1201,#672,.T.);
#1543=EDGE_CURVE('',#1204,#990,#673,.T.);
#1544=EDGE_CURVE('',#995,#1194,#674,.T.);
#1545=EDGE_CURVE('',#1195,#994,#675,.T.);
#1546=EDGE_CURVE('',#1198,#993,#676,.T.);
#1547=EDGE_CURVE('',#997,#1159,#677,.T.);
#1548=EDGE_CURVE('',#1166,#999,#678,.T.);
#1549=EDGE_CURVE('',#1160,#998,#679,.T.);
#1550=EDGE_CURVE('',#1005,#1167,#680,.T.);
#1551=EDGE_CURVE('',#1174,#1007,#681,.T.);
#1552=EDGE_CURVE('',#1168,#1006,#682,.T.);
#1553=ORIENTED_EDGE('',*,*,#1205,.F.);
#1554=ORIENTED_EDGE('',*,*,#1206,.T.);
#1555=ORIENTED_EDGE('',*,*,#1207,.F.);
#1556=ORIENTED_EDGE('',*,*,#1208,.F.);
#1557=ORIENTED_EDGE('',*,*,#1209,.T.);
#1558=ORIENTED_EDGE('',*,*,#1205,.T.);
#1559=ORIENTED_EDGE('',*,*,#1210,.T.);
#1560=ORIENTED_EDGE('',*,*,#1211,.T.);
#1561=ORIENTED_EDGE('',*,*,#1212,.T.);
#1562=ORIENTED_EDGE('',*,*,#1213,.T.);
#1563=ORIENTED_EDGE('',*,*,#1214,.T.);
#1564=ORIENTED_EDGE('',*,*,#1215,.T.);
#1565=ORIENTED_EDGE('',*,*,#1216,.T.);
#1566=ORIENTED_EDGE('',*,*,#1217,.T.);
#1567=ORIENTED_EDGE('',*,*,#1218,.T.);
#1568=ORIENTED_EDGE('',*,*,#1219,.T.);
#1569=ORIENTED_EDGE('',*,*,#1220,.T.);
#1570=ORIENTED_EDGE('',*,*,#1221,.T.);
#1571=ORIENTED_EDGE('',*,*,#1222,.T.);
#1572=ORIENTED_EDGE('',*,*,#1223,.T.);
#1573=ORIENTED_EDGE('',*,*,#1224,.T.);
#1574=ORIENTED_EDGE('',*,*,#1225,.T.);
#1575=ORIENTED_EDGE('',*,*,#1226,.T.);
#1576=ORIENTED_EDGE('',*,*,#1227,.T.);
#1577=ORIENTED_EDGE('',*,*,#1228,.T.);
#1578=ORIENTED_EDGE('',*,*,#1229,.T.);
#1579=ORIENTED_EDGE('',*,*,#1230,.T.);
#1580=ORIENTED_EDGE('',*,*,#1231,.T.);
#1581=ORIENTED_EDGE('',*,*,#1232,.T.);
#1582=ORIENTED_EDGE('',*,*,#1233,.T.);
#1583=ORIENTED_EDGE('',*,*,#1234,.T.);
#1584=ORIENTED_EDGE('',*,*,#1235,.T.);
#1585=ORIENTED_EDGE('',*,*,#1236,.T.);
#1586=ORIENTED_EDGE('',*,*,#1237,.T.);
#1587=ORIENTED_EDGE('',*,*,#1238,.T.);
#1588=ORIENTED_EDGE('',*,*,#1239,.F.);
#1589=ORIENTED_EDGE('',*,*,#1240,.T.);
#1590=ORIENTED_EDGE('',*,*,#1211,.F.);
#1591=ORIENTED_EDGE('',*,*,#1241,.T.);
#1592=ORIENTED_EDGE('',*,*,#1242,.T.);
#1593=ORIENTED_EDGE('',*,*,#1243,.T.);
#1594=ORIENTED_EDGE('',*,*,#1244,.F.);
#1595=ORIENTED_EDGE('',*,*,#1245,.T.);
#1596=ORIENTED_EDGE('',*,*,#1242,.F.);
#1597=ORIENTED_EDGE('',*,*,#1246,.T.);
#1598=ORIENTED_EDGE('',*,*,#1247,.T.);
#1599=ORIENTED_EDGE('',*,*,#1248,.T.);
#1600=ORIENTED_EDGE('',*,*,#1247,.F.);
#1601=ORIENTED_EDGE('',*,*,#1249,.T.);
#1602=ORIENTED_EDGE('',*,*,#1250,.T.);
#1603=ORIENTED_EDGE('',*,*,#1251,.T.);
#1604=ORIENTED_EDGE('',*,*,#1250,.F.);
#1605=ORIENTED_EDGE('',*,*,#1252,.T.);
#1606=ORIENTED_EDGE('',*,*,#1244,.T.);
#1607=ORIENTED_EDGE('',*,*,#1251,.F.);
#1608=ORIENTED_EDGE('',*,*,#1253,.F.);
#1609=ORIENTED_EDGE('',*,*,#1254,.F.);
#1610=ORIENTED_EDGE('',*,*,#1255,.T.);
#1611=ORIENTED_EDGE('',*,*,#1243,.F.);
#1612=ORIENTED_EDGE('',*,*,#1256,.T.);
#1613=ORIENTED_EDGE('',*,*,#1257,.F.);
#1614=ORIENTED_EDGE('',*,*,#1253,.T.);
#1615=ORIENTED_EDGE('',*,*,#1241,.F.);
#1616=ORIENTED_EDGE('',*,*,#1252,.F.);
#1617=ORIENTED_EDGE('',*,*,#1249,.F.);
#1618=ORIENTED_EDGE('',*,*,#1246,.F.);
#1619=ORIENTED_EDGE('',*,*,#1258,.T.);
#1620=ORIENTED_EDGE('',*,*,#1259,.T.);
#1621=ORIENTED_EDGE('',*,*,#1260,.T.);
#1622=ORIENTED_EDGE('',*,*,#1261,.F.);
#1623=ORIENTED_EDGE('',*,*,#1262,.T.);
#1624=ORIENTED_EDGE('',*,*,#1263,.T.);
#1625=ORIENTED_EDGE('',*,*,#1264,.T.);
#1626=ORIENTED_EDGE('',*,*,#1259,.F.);
#1627=ORIENTED_EDGE('',*,*,#1265,.T.);
#1628=ORIENTED_EDGE('',*,*,#1266,.T.);
#1629=ORIENTED_EDGE('',*,*,#1267,.T.);
#1630=ORIENTED_EDGE('',*,*,#1263,.F.);
#1631=ORIENTED_EDGE('',*,*,#1268,.T.);
#1632=ORIENTED_EDGE('',*,*,#1266,.F.);
#1633=ORIENTED_EDGE('',*,*,#1269,.T.);
#1634=ORIENTED_EDGE('',*,*,#1261,.T.);
#1635=ORIENTED_EDGE('',*,*,#1268,.F.);
#1636=ORIENTED_EDGE('',*,*,#1270,.F.);
#1637=ORIENTED_EDGE('',*,*,#1271,.F.);
#1638=ORIENTED_EDGE('',*,*,#1272,.T.);
#1639=ORIENTED_EDGE('',*,*,#1260,.F.);
#1640=ORIENTED_EDGE('',*,*,#1273,.F.);
#1641=ORIENTED_EDGE('',*,*,#1274,.F.);
#1642=ORIENTED_EDGE('',*,*,#1270,.T.);
#1643=ORIENTED_EDGE('',*,*,#1258,.F.);
#1644=ORIENTED_EDGE('',*,*,#1269,.F.);
#1645=ORIENTED_EDGE('',*,*,#1265,.F.);
#1646=ORIENTED_EDGE('',*,*,#1262,.F.);
#1647=ORIENTED_EDGE('',*,*,#1275,.T.);
#1648=ORIENTED_EDGE('',*,*,#1276,.T.);
#1649=ORIENTED_EDGE('',*,*,#1277,.T.);
#1650=ORIENTED_EDGE('',*,*,#1278,.F.);
#1651=ORIENTED_EDGE('',*,*,#1279,.T.);
#1652=ORIENTED_EDGE('',*,*,#1280,.T.);
#1653=ORIENTED_EDGE('',*,*,#1281,.T.);
#1654=ORIENTED_EDGE('',*,*,#1276,.F.);
#1655=ORIENTED_EDGE('',*,*,#1282,.T.);
#1656=ORIENTED_EDGE('',*,*,#1283,.T.);
#1657=ORIENTED_EDGE('',*,*,#1284,.T.);
#1658=ORIENTED_EDGE('',*,*,#1280,.F.);
#1659=ORIENTED_EDGE('',*,*,#1285,.T.);
#1660=ORIENTED_EDGE('',*,*,#1283,.F.);
#1661=ORIENTED_EDGE('',*,*,#1286,.T.);
#1662=ORIENTED_EDGE('',*,*,#1278,.T.);
#1663=ORIENTED_EDGE('',*,*,#1285,.F.);
#1664=ORIENTED_EDGE('',*,*,#1287,.F.);
#1665=ORIENTED_EDGE('',*,*,#1288,.F.);
#1666=ORIENTED_EDGE('',*,*,#1289,.T.);
#1667=ORIENTED_EDGE('',*,*,#1277,.F.);
#1668=ORIENTED_EDGE('',*,*,#1290,.F.);
#1669=ORIENTED_EDGE('',*,*,#1291,.F.);
#1670=ORIENTED_EDGE('',*,*,#1287,.T.);
#1671=ORIENTED_EDGE('',*,*,#1275,.F.);
#1672=ORIENTED_EDGE('',*,*,#1286,.F.);
#1673=ORIENTED_EDGE('',*,*,#1282,.F.);
#1674=ORIENTED_EDGE('',*,*,#1279,.F.);
#1675=ORIENTED_EDGE('',*,*,#1292,.T.);
#1676=ORIENTED_EDGE('',*,*,#1293,.T.);
#1677=ORIENTED_EDGE('',*,*,#1294,.T.);
#1678=ORIENTED_EDGE('',*,*,#1295,.F.);
#1679=ORIENTED_EDGE('',*,*,#1296,.T.);
#1680=ORIENTED_EDGE('',*,*,#1293,.F.);
#1681=ORIENTED_EDGE('',*,*,#1297,.T.);
#1682=ORIENTED_EDGE('',*,*,#1298,.T.);
#1683=ORIENTED_EDGE('',*,*,#1299,.T.);
#1684=ORIENTED_EDGE('',*,*,#1298,.F.);
#1685=ORIENTED_EDGE('',*,*,#1300,.T.);
#1686=ORIENTED_EDGE('',*,*,#1301,.T.);
#1687=ORIENTED_EDGE('',*,*,#1302,.T.);
#1688=ORIENTED_EDGE('',*,*,#1301,.F.);
#1689=ORIENTED_EDGE('',*,*,#1303,.T.);
#1690=ORIENTED_EDGE('',*,*,#1295,.T.);
#1691=ORIENTED_EDGE('',*,*,#1302,.F.);
#1692=ORIENTED_EDGE('',*,*,#1304,.F.);
#1693=ORIENTED_EDGE('',*,*,#1305,.F.);
#1694=ORIENTED_EDGE('',*,*,#1306,.T.);
#1695=ORIENTED_EDGE('',*,*,#1294,.F.);
#1696=ORIENTED_EDGE('',*,*,#1307,.T.);
#1697=ORIENTED_EDGE('',*,*,#1308,.F.);
#1698=ORIENTED_EDGE('',*,*,#1304,.T.);
#1699=ORIENTED_EDGE('',*,*,#1292,.F.);
#1700=ORIENTED_EDGE('',*,*,#1303,.F.);
#1701=ORIENTED_EDGE('',*,*,#1300,.F.);
#1702=ORIENTED_EDGE('',*,*,#1297,.F.);
#1703=ORIENTED_EDGE('',*,*,#1309,.T.);
#1704=ORIENTED_EDGE('',*,*,#1310,.T.);
#1705=ORIENTED_EDGE('',*,*,#1311,.T.);
#1706=ORIENTED_EDGE('',*,*,#1312,.F.);
#1707=ORIENTED_EDGE('',*,*,#1313,.T.);
#1708=ORIENTED_EDGE('',*,*,#1314,.T.);
#1709=ORIENTED_EDGE('',*,*,#1315,.T.);
#1710=ORIENTED_EDGE('',*,*,#1310,.F.);
#1711=ORIENTED_EDGE('',*,*,#1316,.T.);
#1712=ORIENTED_EDGE('',*,*,#1317,.T.);
#1713=ORIENTED_EDGE('',*,*,#1318,.T.);
#1714=ORIENTED_EDGE('',*,*,#1314,.F.);
#1715=ORIENTED_EDGE('',*,*,#1319,.T.);
#1716=ORIENTED_EDGE('',*,*,#1317,.F.);
#1717=ORIENTED_EDGE('',*,*,#1320,.T.);
#1718=ORIENTED_EDGE('',*,*,#1312,.T.);
#1719=ORIENTED_EDGE('',*,*,#1319,.F.);
#1720=ORIENTED_EDGE('',*,*,#1321,.F.);
#1721=ORIENTED_EDGE('',*,*,#1322,.F.);
#1722=ORIENTED_EDGE('',*,*,#1323,.T.);
#1723=ORIENTED_EDGE('',*,*,#1311,.F.);
#1724=ORIENTED_EDGE('',*,*,#1324,.F.);
#1725=ORIENTED_EDGE('',*,*,#1325,.F.);
#1726=ORIENTED_EDGE('',*,*,#1321,.T.);
#1727=ORIENTED_EDGE('',*,*,#1309,.F.);
#1728=ORIENTED_EDGE('',*,*,#1320,.F.);
#1729=ORIENTED_EDGE('',*,*,#1316,.F.);
#1730=ORIENTED_EDGE('',*,*,#1313,.F.);
#1731=ORIENTED_EDGE('',*,*,#1326,.T.);
#1732=ORIENTED_EDGE('',*,*,#1327,.T.);
#1733=ORIENTED_EDGE('',*,*,#1328,.T.);
#1734=ORIENTED_EDGE('',*,*,#1329,.T.);
#1735=ORIENTED_EDGE('',*,*,#1330,.T.);
#1736=ORIENTED_EDGE('',*,*,#1327,.F.);
#1737=ORIENTED_EDGE('',*,*,#1331,.T.);
#1738=ORIENTED_EDGE('',*,*,#1332,.F.);
#1739=ORIENTED_EDGE('',*,*,#1333,.T.);
#1740=ORIENTED_EDGE('',*,*,#1329,.F.);
#1741=ORIENTED_EDGE('',*,*,#1334,.T.);
#1742=ORIENTED_EDGE('',*,*,#1335,.T.);
#1743=ORIENTED_EDGE('',*,*,#1336,.T.);
#1744=ORIENTED_EDGE('',*,*,#1335,.F.);
#1745=ORIENTED_EDGE('',*,*,#1337,.T.);
#1746=ORIENTED_EDGE('',*,*,#1332,.T.);
#1747=ORIENTED_EDGE('',*,*,#1334,.F.);
#1748=ORIENTED_EDGE('',*,*,#1338,.F.);
#1749=ORIENTED_EDGE('',*,*,#1339,.F.);
#1750=ORIENTED_EDGE('',*,*,#1340,.T.);
#1751=ORIENTED_EDGE('',*,*,#1328,.F.);
#1752=ORIENTED_EDGE('',*,*,#1341,.F.);
#1753=ORIENTED_EDGE('',*,*,#1342,.F.);
#1754=ORIENTED_EDGE('',*,*,#1338,.T.);
#1755=ORIENTED_EDGE('',*,*,#1326,.F.);
#1756=ORIENTED_EDGE('',*,*,#1333,.F.);
#1757=ORIENTED_EDGE('',*,*,#1336,.F.);
#1758=ORIENTED_EDGE('',*,*,#1331,.F.);
#1759=ORIENTED_EDGE('',*,*,#1284,.F.);
#1760=ORIENTED_EDGE('',*,*,#1289,.F.);
#1761=ORIENTED_EDGE('',*,*,#1343,.F.);
#1762=ORIENTED_EDGE('',*,*,#1344,.T.);
#1763=ORIENTED_EDGE('',*,*,#1337,.F.);
#1764=ORIENTED_EDGE('',*,*,#1340,.F.);
#1765=ORIENTED_EDGE('',*,*,#1345,.F.);
#1766=ORIENTED_EDGE('',*,*,#1346,.T.);
#1767=ORIENTED_EDGE('',*,*,#1347,.T.);
#1768=ORIENTED_EDGE('',*,*,#1348,.F.);
#1769=ORIENTED_EDGE('',*,*,#1349,.F.);
#1770=ORIENTED_EDGE('',*,*,#1350,.F.);
#1771=ORIENTED_EDGE('',*,*,#1351,.T.);
#1772=ORIENTED_EDGE('',*,*,#1352,.F.);
#1773=ORIENTED_EDGE('',*,*,#1353,.F.);
#1774=ORIENTED_EDGE('',*,*,#1354,.F.);
#1775=ORIENTED_EDGE('',*,*,#1355,.F.);
#1776=ORIENTED_EDGE('',*,*,#1356,.T.);
#1777=ORIENTED_EDGE('',*,*,#1357,.T.);
#1778=ORIENTED_EDGE('',*,*,#1358,.F.);
#1779=ORIENTED_EDGE('',*,*,#1359,.F.);
#1780=ORIENTED_EDGE('',*,*,#1360,.T.);
#1781=ORIENTED_EDGE('',*,*,#1361,.T.);
#1782=ORIENTED_EDGE('',*,*,#1356,.F.);
#1783=ORIENTED_EDGE('',*,*,#1362,.F.);
#1784=ORIENTED_EDGE('',*,*,#1363,.T.);
#1785=ORIENTED_EDGE('',*,*,#1364,.T.);
#1786=ORIENTED_EDGE('',*,*,#1360,.F.);
#1787=ORIENTED_EDGE('',*,*,#1365,.F.);
#1788=ORIENTED_EDGE('',*,*,#1366,.T.);
#1789=ORIENTED_EDGE('',*,*,#1367,.T.);
#1790=ORIENTED_EDGE('',*,*,#1363,.F.);
#1791=ORIENTED_EDGE('',*,*,#1368,.F.);
#1792=ORIENTED_EDGE('',*,*,#1369,.T.);
#1793=ORIENTED_EDGE('',*,*,#1370,.T.);
#1794=ORIENTED_EDGE('',*,*,#1366,.F.);
#1795=ORIENTED_EDGE('',*,*,#1371,.F.);
#1796=ORIENTED_EDGE('',*,*,#1372,.T.);
#1797=ORIENTED_EDGE('',*,*,#1373,.T.);
#1798=ORIENTED_EDGE('',*,*,#1369,.F.);
#1799=ORIENTED_EDGE('',*,*,#1374,.F.);
#1800=ORIENTED_EDGE('',*,*,#1375,.T.);
#1801=ORIENTED_EDGE('',*,*,#1376,.T.);
#1802=ORIENTED_EDGE('',*,*,#1372,.F.);
#1803=ORIENTED_EDGE('',*,*,#1377,.F.);
#1804=ORIENTED_EDGE('',*,*,#1358,.T.);
#1805=ORIENTED_EDGE('',*,*,#1378,.T.);
#1806=ORIENTED_EDGE('',*,*,#1375,.F.);
#1807=ORIENTED_EDGE('',*,*,#1379,.F.);
#1808=ORIENTED_EDGE('',*,*,#1380,.T.);
#1809=ORIENTED_EDGE('',*,*,#1381,.T.);
#1810=ORIENTED_EDGE('',*,*,#1382,.F.);
#1811=ORIENTED_EDGE('',*,*,#1383,.F.);
#1812=ORIENTED_EDGE('',*,*,#1384,.T.);
#1813=ORIENTED_EDGE('',*,*,#1385,.T.);
#1814=ORIENTED_EDGE('',*,*,#1380,.F.);
#1815=ORIENTED_EDGE('',*,*,#1386,.F.);
#1816=ORIENTED_EDGE('',*,*,#1387,.T.);
#1817=ORIENTED_EDGE('',*,*,#1388,.T.);
#1818=ORIENTED_EDGE('',*,*,#1384,.F.);
#1819=ORIENTED_EDGE('',*,*,#1389,.F.);
#1820=ORIENTED_EDGE('',*,*,#1390,.T.);
#1821=ORIENTED_EDGE('',*,*,#1391,.T.);
#1822=ORIENTED_EDGE('',*,*,#1387,.F.);
#1823=ORIENTED_EDGE('',*,*,#1392,.F.);
#1824=ORIENTED_EDGE('',*,*,#1393,.T.);
#1825=ORIENTED_EDGE('',*,*,#1394,.T.);
#1826=ORIENTED_EDGE('',*,*,#1390,.F.);
#1827=ORIENTED_EDGE('',*,*,#1395,.F.);
#1828=ORIENTED_EDGE('',*,*,#1396,.T.);
#1829=ORIENTED_EDGE('',*,*,#1397,.T.);
#1830=ORIENTED_EDGE('',*,*,#1393,.F.);
#1831=ORIENTED_EDGE('',*,*,#1398,.F.);
#1832=ORIENTED_EDGE('',*,*,#1399,.T.);
#1833=ORIENTED_EDGE('',*,*,#1400,.T.);
#1834=ORIENTED_EDGE('',*,*,#1396,.F.);
#1835=ORIENTED_EDGE('',*,*,#1401,.F.);
#1836=ORIENTED_EDGE('',*,*,#1382,.T.);
#1837=ORIENTED_EDGE('',*,*,#1402,.T.);
#1838=ORIENTED_EDGE('',*,*,#1399,.F.);
#1839=ORIENTED_EDGE('',*,*,#1353,.T.);
#1840=ORIENTED_EDGE('',*,*,#1403,.T.);
#1841=ORIENTED_EDGE('',*,*,#1404,.T.);
#1842=ORIENTED_EDGE('',*,*,#1405,.F.);
#1843=ORIENTED_EDGE('',*,*,#1352,.T.);
#1844=ORIENTED_EDGE('',*,*,#1406,.F.);
#1845=ORIENTED_EDGE('',*,*,#1407,.T.);
#1846=ORIENTED_EDGE('',*,*,#1408,.T.);
#1847=ORIENTED_EDGE('',*,*,#1403,.F.);
#1848=ORIENTED_EDGE('',*,*,#1409,.F.);
#1849=ORIENTED_EDGE('',*,*,#1410,.T.);
#1850=ORIENTED_EDGE('',*,*,#1411,.T.);
#1851=ORIENTED_EDGE('',*,*,#1407,.F.);
#1852=ORIENTED_EDGE('',*,*,#1412,.F.);
#1853=ORIENTED_EDGE('',*,*,#1413,.T.);
#1854=ORIENTED_EDGE('',*,*,#1414,.T.);
#1855=ORIENTED_EDGE('',*,*,#1410,.F.);
#1856=ORIENTED_EDGE('',*,*,#1415,.F.);
#1857=ORIENTED_EDGE('',*,*,#1416,.T.);
#1858=ORIENTED_EDGE('',*,*,#1417,.T.);
#1859=ORIENTED_EDGE('',*,*,#1413,.F.);
#1860=ORIENTED_EDGE('',*,*,#1418,.F.);
#1861=ORIENTED_EDGE('',*,*,#1419,.T.);
#1862=ORIENTED_EDGE('',*,*,#1420,.T.);
#1863=ORIENTED_EDGE('',*,*,#1416,.F.);
#1864=ORIENTED_EDGE('',*,*,#1421,.F.);
#1865=ORIENTED_EDGE('',*,*,#1422,.T.);
#1866=ORIENTED_EDGE('',*,*,#1423,.T.);
#1867=ORIENTED_EDGE('',*,*,#1419,.F.);
#1868=ORIENTED_EDGE('',*,*,#1424,.F.);
#1869=ORIENTED_EDGE('',*,*,#1425,.T.);
#1870=ORIENTED_EDGE('',*,*,#1426,.T.);
#1871=ORIENTED_EDGE('',*,*,#1422,.F.);
#1872=ORIENTED_EDGE('',*,*,#1427,.F.);
#1873=ORIENTED_EDGE('',*,*,#1428,.T.);
#1874=ORIENTED_EDGE('',*,*,#1429,.T.);
#1875=ORIENTED_EDGE('',*,*,#1425,.F.);
#1876=ORIENTED_EDGE('',*,*,#1430,.F.);
#1877=ORIENTED_EDGE('',*,*,#1431,.T.);
#1878=ORIENTED_EDGE('',*,*,#1432,.T.);
#1879=ORIENTED_EDGE('',*,*,#1428,.F.);
#1880=ORIENTED_EDGE('',*,*,#1433,.F.);
#1881=ORIENTED_EDGE('',*,*,#1434,.T.);
#1882=ORIENTED_EDGE('',*,*,#1435,.T.);
#1883=ORIENTED_EDGE('',*,*,#1431,.F.);
#1884=ORIENTED_EDGE('',*,*,#1436,.F.);
#1885=ORIENTED_EDGE('',*,*,#1437,.T.);
#1886=ORIENTED_EDGE('',*,*,#1438,.T.);
#1887=ORIENTED_EDGE('',*,*,#1434,.F.);
#1888=ORIENTED_EDGE('',*,*,#1439,.F.);
#1889=ORIENTED_EDGE('',*,*,#1440,.T.);
#1890=ORIENTED_EDGE('',*,*,#1441,.T.);
#1891=ORIENTED_EDGE('',*,*,#1437,.F.);
#1892=ORIENTED_EDGE('',*,*,#1442,.F.);
#1893=ORIENTED_EDGE('',*,*,#1350,.T.);
#1894=ORIENTED_EDGE('',*,*,#1443,.T.);
#1895=ORIENTED_EDGE('',*,*,#1444,.T.);
#1896=ORIENTED_EDGE('',*,*,#1440,.F.);
#1897=ORIENTED_EDGE('',*,*,#1349,.T.);
#1898=ORIENTED_EDGE('',*,*,#1445,.T.);
#1899=ORIENTED_EDGE('',*,*,#1446,.T.);
#1900=ORIENTED_EDGE('',*,*,#1443,.F.);
#1901=ORIENTED_EDGE('',*,*,#1348,.T.);
#1902=ORIENTED_EDGE('',*,*,#1447,.F.);
#1903=ORIENTED_EDGE('',*,*,#1448,.T.);
#1904=ORIENTED_EDGE('',*,*,#1449,.T.);
#1905=ORIENTED_EDGE('',*,*,#1445,.F.);
#1906=ORIENTED_EDGE('',*,*,#1450,.F.);
#1907=ORIENTED_EDGE('',*,*,#1236,.F.);
#1908=ORIENTED_EDGE('',*,*,#1210,.F.);
#1909=ORIENTED_EDGE('',*,*,#1208,.T.);
#1910=ORIENTED_EDGE('',*,*,#1448,.F.);
#1911=ORIENTED_EDGE('',*,*,#1451,.F.);
#1912=ORIENTED_EDGE('',*,*,#1452,.T.);
#1913=ORIENTED_EDGE('',*,*,#1206,.F.);
#1914=ORIENTED_EDGE('',*,*,#1209,.F.);
#1915=ORIENTED_EDGE('',*,*,#1453,.F.);
#1916=ORIENTED_EDGE('',*,*,#1454,.F.);
#1917=ORIENTED_EDGE('',*,*,#1354,.T.);
#1918=ORIENTED_EDGE('',*,*,#1405,.T.);
#1919=ORIENTED_EDGE('',*,*,#1455,.T.);
#1920=ORIENTED_EDGE('',*,*,#1452,.F.);
#1921=ORIENTED_EDGE('',*,*,#1207,.T.);
#1922=ORIENTED_EDGE('',*,*,#1455,.F.);
#1923=ORIENTED_EDGE('',*,*,#1404,.F.);
#1924=ORIENTED_EDGE('',*,*,#1408,.F.);
#1925=ORIENTED_EDGE('',*,*,#1411,.F.);
#1926=ORIENTED_EDGE('',*,*,#1414,.F.);
#1927=ORIENTED_EDGE('',*,*,#1417,.F.);
#1928=ORIENTED_EDGE('',*,*,#1420,.F.);
#1929=ORIENTED_EDGE('',*,*,#1423,.F.);
#1930=ORIENTED_EDGE('',*,*,#1426,.F.);
#1931=ORIENTED_EDGE('',*,*,#1429,.F.);
#1932=ORIENTED_EDGE('',*,*,#1432,.F.);
#1933=ORIENTED_EDGE('',*,*,#1435,.F.);
#1934=ORIENTED_EDGE('',*,*,#1438,.F.);
#1935=ORIENTED_EDGE('',*,*,#1441,.F.);
#1936=ORIENTED_EDGE('',*,*,#1444,.F.);
#1937=ORIENTED_EDGE('',*,*,#1446,.F.);
#1938=ORIENTED_EDGE('',*,*,#1449,.F.);
#1939=ORIENTED_EDGE('',*,*,#1402,.F.);
#1940=ORIENTED_EDGE('',*,*,#1381,.F.);
#1941=ORIENTED_EDGE('',*,*,#1385,.F.);
#1942=ORIENTED_EDGE('',*,*,#1388,.F.);
#1943=ORIENTED_EDGE('',*,*,#1391,.F.);
#1944=ORIENTED_EDGE('',*,*,#1394,.F.);
#1945=ORIENTED_EDGE('',*,*,#1397,.F.);
#1946=ORIENTED_EDGE('',*,*,#1400,.F.);
#1947=ORIENTED_EDGE('',*,*,#1378,.F.);
#1948=ORIENTED_EDGE('',*,*,#1357,.F.);
#1949=ORIENTED_EDGE('',*,*,#1361,.F.);
#1950=ORIENTED_EDGE('',*,*,#1364,.F.);
#1951=ORIENTED_EDGE('',*,*,#1367,.F.);
#1952=ORIENTED_EDGE('',*,*,#1370,.F.);
#1953=ORIENTED_EDGE('',*,*,#1373,.F.);
#1954=ORIENTED_EDGE('',*,*,#1376,.F.);
#1955=ORIENTED_EDGE('',*,*,#1453,.T.);
#1956=ORIENTED_EDGE('',*,*,#1219,.F.);
#1957=ORIENTED_EDGE('',*,*,#1456,.F.);
#1958=ORIENTED_EDGE('',*,*,#1457,.F.);
#1959=ORIENTED_EDGE('',*,*,#1458,.F.);
#1960=ORIENTED_EDGE('',*,*,#1459,.T.);
#1961=ORIENTED_EDGE('',*,*,#1379,.T.);
#1962=ORIENTED_EDGE('',*,*,#1401,.T.);
#1963=ORIENTED_EDGE('',*,*,#1398,.T.);
#1964=ORIENTED_EDGE('',*,*,#1395,.T.);
#1965=ORIENTED_EDGE('',*,*,#1392,.T.);
#1966=ORIENTED_EDGE('',*,*,#1389,.T.);
#1967=ORIENTED_EDGE('',*,*,#1386,.T.);
#1968=ORIENTED_EDGE('',*,*,#1383,.T.);
#1969=ORIENTED_EDGE('',*,*,#1460,.F.);
#1970=ORIENTED_EDGE('',*,*,#1461,.F.);
#1971=ORIENTED_EDGE('',*,*,#1462,.F.);
#1972=ORIENTED_EDGE('',*,*,#1463,.F.);
#1973=ORIENTED_EDGE('',*,*,#1464,.F.);
#1974=ORIENTED_EDGE('',*,*,#1465,.F.);
#1975=ORIENTED_EDGE('',*,*,#1466,.F.);
#1976=ORIENTED_EDGE('',*,*,#1467,.F.);
#1977=ORIENTED_EDGE('',*,*,#1450,.T.);
#1978=ORIENTED_EDGE('',*,*,#1447,.T.);
#1979=ORIENTED_EDGE('',*,*,#1468,.T.);
#1980=ORIENTED_EDGE('',*,*,#1237,.F.);
#1981=ORIENTED_EDGE('',*,*,#1454,.T.);
#1982=ORIENTED_EDGE('',*,*,#1451,.T.);
#1983=ORIENTED_EDGE('',*,*,#1459,.F.);
#1984=ORIENTED_EDGE('',*,*,#1469,.T.);
#1985=ORIENTED_EDGE('',*,*,#1355,.T.);
#1986=ORIENTED_EDGE('',*,*,#1377,.T.);
#1987=ORIENTED_EDGE('',*,*,#1374,.T.);
#1988=ORIENTED_EDGE('',*,*,#1371,.T.);
#1989=ORIENTED_EDGE('',*,*,#1368,.T.);
#1990=ORIENTED_EDGE('',*,*,#1365,.T.);
#1991=ORIENTED_EDGE('',*,*,#1362,.T.);
#1992=ORIENTED_EDGE('',*,*,#1359,.T.);
#1993=ORIENTED_EDGE('',*,*,#1470,.F.);
#1994=ORIENTED_EDGE('',*,*,#1471,.F.);
#1995=ORIENTED_EDGE('',*,*,#1472,.F.);
#1996=ORIENTED_EDGE('',*,*,#1473,.F.);
#1997=ORIENTED_EDGE('',*,*,#1474,.F.);
#1998=ORIENTED_EDGE('',*,*,#1475,.F.);
#1999=ORIENTED_EDGE('',*,*,#1476,.F.);
#2000=ORIENTED_EDGE('',*,*,#1477,.F.);
#2001=ORIENTED_EDGE('',*,*,#1478,.T.);
#2002=ORIENTED_EDGE('',*,*,#1479,.T.);
#2003=ORIENTED_EDGE('',*,*,#1480,.T.);
#2004=ORIENTED_EDGE('',*,*,#1481,.T.);
#2005=ORIENTED_EDGE('',*,*,#1478,.F.);
#2006=ORIENTED_EDGE('',*,*,#1482,.T.);
#2007=ORIENTED_EDGE('',*,*,#1483,.T.);
#2008=ORIENTED_EDGE('',*,*,#1484,.F.);
#2009=ORIENTED_EDGE('',*,*,#1485,.T.);
#2010=ORIENTED_EDGE('',*,*,#1486,.T.);
#2011=ORIENTED_EDGE('',*,*,#1487,.T.);
#2012=ORIENTED_EDGE('',*,*,#1488,.T.);
#2013=ORIENTED_EDGE('',*,*,#1485,.F.);
#2014=ORIENTED_EDGE('',*,*,#1489,.T.);
#2015=ORIENTED_EDGE('',*,*,#1490,.T.);
#2016=ORIENTED_EDGE('',*,*,#1491,.T.);
#2017=ORIENTED_EDGE('',*,*,#1488,.F.);
#2018=ORIENTED_EDGE('',*,*,#1492,.T.);
#2019=ORIENTED_EDGE('',*,*,#1493,.T.);
#2020=ORIENTED_EDGE('',*,*,#1489,.F.);
#2021=ORIENTED_EDGE('',*,*,#1345,.T.);
#2022=ORIENTED_EDGE('',*,*,#1339,.T.);
#2023=ORIENTED_EDGE('',*,*,#1342,.T.);
#2024=ORIENTED_EDGE('',*,*,#1494,.T.);
#2025=ORIENTED_EDGE('',*,*,#1325,.T.);
#2026=ORIENTED_EDGE('',*,*,#1495,.T.);
#2027=ORIENTED_EDGE('',*,*,#1496,.T.);
#2028=ORIENTED_EDGE('',*,*,#1322,.T.);
#2029=ORIENTED_EDGE('',*,*,#1264,.F.);
#2030=ORIENTED_EDGE('',*,*,#1497,.F.);
#2031=ORIENTED_EDGE('',*,*,#1498,.F.);
#2032=ORIENTED_EDGE('',*,*,#1273,.T.);
#2033=ORIENTED_EDGE('',*,*,#1267,.F.);
#2034=ORIENTED_EDGE('',*,*,#1272,.F.);
#2035=ORIENTED_EDGE('',*,*,#1499,.F.);
#2036=ORIENTED_EDGE('',*,*,#1497,.T.);
#2037=ORIENTED_EDGE('',*,*,#1245,.F.);
#2038=ORIENTED_EDGE('',*,*,#1500,.F.);
#2039=ORIENTED_EDGE('',*,*,#1501,.F.);
#2040=ORIENTED_EDGE('',*,*,#1256,.F.);
#2041=ORIENTED_EDGE('',*,*,#1248,.F.);
#2042=ORIENTED_EDGE('',*,*,#1255,.F.);
#2043=ORIENTED_EDGE('',*,*,#1502,.F.);
#2044=ORIENTED_EDGE('',*,*,#1500,.T.);
#2045=ORIENTED_EDGE('',*,*,#1296,.F.);
#2046=ORIENTED_EDGE('',*,*,#1503,.F.);
#2047=ORIENTED_EDGE('',*,*,#1504,.F.);
#2048=ORIENTED_EDGE('',*,*,#1307,.F.);
#2049=ORIENTED_EDGE('',*,*,#1299,.F.);
#2050=ORIENTED_EDGE('',*,*,#1306,.F.);
#2051=ORIENTED_EDGE('',*,*,#1505,.F.);
#2052=ORIENTED_EDGE('',*,*,#1503,.T.);
#2053=ORIENTED_EDGE('',*,*,#1281,.F.);
#2054=ORIENTED_EDGE('',*,*,#1344,.F.);
#2055=ORIENTED_EDGE('',*,*,#1506,.F.);
#2056=ORIENTED_EDGE('',*,*,#1290,.T.);
#2057=ORIENTED_EDGE('',*,*,#1315,.F.);
#2058=ORIENTED_EDGE('',*,*,#1507,.F.);
#2059=ORIENTED_EDGE('',*,*,#1495,.F.);
#2060=ORIENTED_EDGE('',*,*,#1324,.T.);
#2061=ORIENTED_EDGE('',*,*,#1318,.F.);
#2062=ORIENTED_EDGE('',*,*,#1323,.F.);
#2063=ORIENTED_EDGE('',*,*,#1496,.F.);
#2064=ORIENTED_EDGE('',*,*,#1507,.T.);
#2065=ORIENTED_EDGE('',*,*,#1330,.F.);
#2066=ORIENTED_EDGE('',*,*,#1346,.F.);
#2067=ORIENTED_EDGE('',*,*,#1494,.F.);
#2068=ORIENTED_EDGE('',*,*,#1341,.T.);
#2069=ORIENTED_EDGE('',*,*,#1469,.F.);
#2070=ORIENTED_EDGE('',*,*,#1458,.T.);
#2071=ORIENTED_EDGE('',*,*,#1508,.F.);
#2072=ORIENTED_EDGE('',*,*,#1509,.F.);
#2073=ORIENTED_EDGE('',*,*,#1510,.F.);
#2074=ORIENTED_EDGE('',*,*,#1351,.F.);
#2075=ORIENTED_EDGE('',*,*,#1274,.T.);
#2076=ORIENTED_EDGE('',*,*,#1498,.T.);
#2077=ORIENTED_EDGE('',*,*,#1499,.T.);
#2078=ORIENTED_EDGE('',*,*,#1271,.T.);
#2079=ORIENTED_EDGE('',*,*,#1511,.T.);
#2080=ORIENTED_EDGE('',*,*,#1508,.T.);
#2081=ORIENTED_EDGE('',*,*,#1457,.T.);
#2082=ORIENTED_EDGE('',*,*,#1512,.T.);
#2083=ORIENTED_EDGE('',*,*,#1406,.T.);
#2084=ORIENTED_EDGE('',*,*,#1510,.T.);
#2085=ORIENTED_EDGE('',*,*,#1513,.F.);
#2086=ORIENTED_EDGE('',*,*,#1514,.F.);
#2087=ORIENTED_EDGE('',*,*,#1483,.F.);
#2088=ORIENTED_EDGE('',*,*,#1515,.F.);
#2089=ORIENTED_EDGE('',*,*,#1516,.F.);
#2090=ORIENTED_EDGE('',*,*,#1517,.F.);
#2091=ORIENTED_EDGE('',*,*,#1518,.F.);
#2092=ORIENTED_EDGE('',*,*,#1519,.T.);
#2093=ORIENTED_EDGE('',*,*,#1490,.F.);
#2094=ORIENTED_EDGE('',*,*,#1493,.F.);
#2095=ORIENTED_EDGE('',*,*,#1520,.F.);
#2096=ORIENTED_EDGE('',*,*,#1521,.F.);
#2097=ORIENTED_EDGE('',*,*,#1522,.F.);
#2098=ORIENTED_EDGE('',*,*,#1523,.T.);
#2099=ORIENTED_EDGE('',*,*,#1442,.T.);
#2100=ORIENTED_EDGE('',*,*,#1439,.T.);
#2101=ORIENTED_EDGE('',*,*,#1436,.T.);
#2102=ORIENTED_EDGE('',*,*,#1433,.T.);
#2103=ORIENTED_EDGE('',*,*,#1430,.T.);
#2104=ORIENTED_EDGE('',*,*,#1427,.T.);
#2105=ORIENTED_EDGE('',*,*,#1424,.T.);
#2106=ORIENTED_EDGE('',*,*,#1421,.T.);
#2107=ORIENTED_EDGE('',*,*,#1418,.T.);
#2108=ORIENTED_EDGE('',*,*,#1415,.T.);
#2109=ORIENTED_EDGE('',*,*,#1412,.T.);
#2110=ORIENTED_EDGE('',*,*,#1409,.T.);
#2111=ORIENTED_EDGE('',*,*,#1523,.F.);
#2112=ORIENTED_EDGE('',*,*,#1524,.T.);
#2113=ORIENTED_EDGE('',*,*,#1525,.F.);
#2114=ORIENTED_EDGE('',*,*,#1238,.F.);
#2115=ORIENTED_EDGE('',*,*,#1468,.F.);
#2116=ORIENTED_EDGE('',*,*,#1347,.F.);
#2117=ORIENTED_EDGE('',*,*,#1501,.T.);
#2118=ORIENTED_EDGE('',*,*,#1502,.T.);
#2119=ORIENTED_EDGE('',*,*,#1254,.T.);
#2120=ORIENTED_EDGE('',*,*,#1257,.T.);
#2121=ORIENTED_EDGE('',*,*,#1526,.T.);
#2122=ORIENTED_EDGE('',*,*,#1527,.T.);
#2123=ORIENTED_EDGE('',*,*,#1239,.T.);
#2124=ORIENTED_EDGE('',*,*,#1525,.T.);
#2125=ORIENTED_EDGE('',*,*,#1481,.F.);
#2126=ORIENTED_EDGE('',*,*,#1528,.F.);
#2127=ORIENTED_EDGE('',*,*,#1515,.T.);
#2128=ORIENTED_EDGE('',*,*,#1482,.F.);
#2129=ORIENTED_EDGE('',*,*,#1504,.T.);
#2130=ORIENTED_EDGE('',*,*,#1505,.T.);
#2131=ORIENTED_EDGE('',*,*,#1305,.T.);
#2132=ORIENTED_EDGE('',*,*,#1308,.T.);
#2133=ORIENTED_EDGE('',*,*,#1291,.T.);
#2134=ORIENTED_EDGE('',*,*,#1506,.T.);
#2135=ORIENTED_EDGE('',*,*,#1343,.T.);
#2136=ORIENTED_EDGE('',*,*,#1288,.T.);
#2137=ORIENTED_EDGE('',*,*,#1487,.F.);
#2138=ORIENTED_EDGE('',*,*,#1529,.F.);
#2139=ORIENTED_EDGE('',*,*,#1520,.T.);
#2140=ORIENTED_EDGE('',*,*,#1492,.F.);
#2141=ORIENTED_EDGE('',*,*,#1475,.T.);
#2142=ORIENTED_EDGE('',*,*,#1530,.T.);
#2143=ORIENTED_EDGE('',*,*,#1231,.F.);
#2144=ORIENTED_EDGE('',*,*,#1531,.F.);
#2145=ORIENTED_EDGE('',*,*,#1474,.T.);
#2146=ORIENTED_EDGE('',*,*,#1532,.T.);
#2147=ORIENTED_EDGE('',*,*,#1232,.F.);
#2148=ORIENTED_EDGE('',*,*,#1530,.F.);
#2149=ORIENTED_EDGE('',*,*,#1473,.T.);
#2150=ORIENTED_EDGE('',*,*,#1533,.T.);
#2151=ORIENTED_EDGE('',*,*,#1233,.F.);
#2152=ORIENTED_EDGE('',*,*,#1532,.F.);
#2153=ORIENTED_EDGE('',*,*,#1472,.T.);
#2154=ORIENTED_EDGE('',*,*,#1534,.T.);
#2155=ORIENTED_EDGE('',*,*,#1234,.F.);
#2156=ORIENTED_EDGE('',*,*,#1533,.F.);
#2157=ORIENTED_EDGE('',*,*,#1465,.T.);
#2158=ORIENTED_EDGE('',*,*,#1535,.T.);
#2159=ORIENTED_EDGE('',*,*,#1223,.F.);
#2160=ORIENTED_EDGE('',*,*,#1536,.F.);
#2161=ORIENTED_EDGE('',*,*,#1464,.T.);
#2162=ORIENTED_EDGE('',*,*,#1537,.T.);
#2163=ORIENTED_EDGE('',*,*,#1224,.F.);
#2164=ORIENTED_EDGE('',*,*,#1535,.F.);
#2165=ORIENTED_EDGE('',*,*,#1463,.T.);
#2166=ORIENTED_EDGE('',*,*,#1538,.T.);
#2167=ORIENTED_EDGE('',*,*,#1225,.F.);
#2168=ORIENTED_EDGE('',*,*,#1537,.F.);
#2169=ORIENTED_EDGE('',*,*,#1462,.T.);
#2170=ORIENTED_EDGE('',*,*,#1539,.T.);
#2171=ORIENTED_EDGE('',*,*,#1226,.F.);
#2172=ORIENTED_EDGE('',*,*,#1538,.F.);
#2173=ORIENTED_EDGE('',*,*,#1480,.F.);
#2174=ORIENTED_EDGE('',*,*,#1540,.T.);
#2175=ORIENTED_EDGE('',*,*,#1516,.T.);
#2176=ORIENTED_EDGE('',*,*,#1528,.T.);
#2177=ORIENTED_EDGE('',*,*,#1521,.T.);
#2178=ORIENTED_EDGE('',*,*,#1529,.T.);
#2179=ORIENTED_EDGE('',*,*,#1486,.F.);
#2180=ORIENTED_EDGE('',*,*,#1491,.F.);
#2181=ORIENTED_EDGE('',*,*,#1519,.F.);
#2182=ORIENTED_EDGE('',*,*,#1541,.T.);
#2183=ORIENTED_EDGE('',*,*,#1214,.F.);
#2184=ORIENTED_EDGE('',*,*,#1542,.T.);
#2185=ORIENTED_EDGE('',*,*,#1522,.T.);
#2186=ORIENTED_EDGE('',*,*,#1542,.F.);
#2187=ORIENTED_EDGE('',*,*,#1213,.F.);
#2188=ORIENTED_EDGE('',*,*,#1543,.F.);
#2189=ORIENTED_EDGE('',*,*,#1526,.F.);
#2190=ORIENTED_EDGE('',*,*,#1524,.F.);
#2191=ORIENTED_EDGE('',*,*,#1543,.T.);
#2192=ORIENTED_EDGE('',*,*,#1212,.F.);
#2193=ORIENTED_EDGE('',*,*,#1240,.F.);
#2194=ORIENTED_EDGE('',*,*,#1527,.F.);
#2195=ORIENTED_EDGE('',*,*,#1513,.T.);
#2196=ORIENTED_EDGE('',*,*,#1509,.T.);
#2197=ORIENTED_EDGE('',*,*,#1511,.F.);
#2198=ORIENTED_EDGE('',*,*,#1544,.F.);
#2199=ORIENTED_EDGE('',*,*,#1217,.F.);
#2200=ORIENTED_EDGE('',*,*,#1545,.F.);
#2201=ORIENTED_EDGE('',*,*,#1456,.T.);
#2202=ORIENTED_EDGE('',*,*,#1218,.F.);
#2203=ORIENTED_EDGE('',*,*,#1544,.T.);
#2204=ORIENTED_EDGE('',*,*,#1512,.F.);
#2205=ORIENTED_EDGE('',*,*,#1518,.T.);
#2206=ORIENTED_EDGE('',*,*,#1546,.T.);
#2207=ORIENTED_EDGE('',*,*,#1215,.F.);
#2208=ORIENTED_EDGE('',*,*,#1541,.F.);
#2209=ORIENTED_EDGE('',*,*,#1461,.T.);
#2210=ORIENTED_EDGE('',*,*,#1547,.F.);
#2211=ORIENTED_EDGE('',*,*,#1227,.F.);
#2212=ORIENTED_EDGE('',*,*,#1539,.F.);
#2213=ORIENTED_EDGE('',*,*,#1466,.T.);
#2214=ORIENTED_EDGE('',*,*,#1536,.T.);
#2215=ORIENTED_EDGE('',*,*,#1222,.F.);
#2216=ORIENTED_EDGE('',*,*,#1548,.F.);
#2217=ORIENTED_EDGE('',*,*,#1467,.T.);
#2218=ORIENTED_EDGE('',*,*,#1548,.T.);
#2219=ORIENTED_EDGE('',*,*,#1221,.F.);
#2220=ORIENTED_EDGE('',*,*,#1549,.F.);
#2221=ORIENTED_EDGE('',*,*,#1460,.T.);
#2222=ORIENTED_EDGE('',*,*,#1549,.T.);
#2223=ORIENTED_EDGE('',*,*,#1220,.F.);
#2224=ORIENTED_EDGE('',*,*,#1547,.T.);
#2225=ORIENTED_EDGE('',*,*,#1471,.T.);
#2226=ORIENTED_EDGE('',*,*,#1550,.F.);
#2227=ORIENTED_EDGE('',*,*,#1235,.F.);
#2228=ORIENTED_EDGE('',*,*,#1534,.F.);
#2229=ORIENTED_EDGE('',*,*,#1476,.T.);
#2230=ORIENTED_EDGE('',*,*,#1531,.T.);
#2231=ORIENTED_EDGE('',*,*,#1230,.F.);
#2232=ORIENTED_EDGE('',*,*,#1551,.F.);
#2233=ORIENTED_EDGE('',*,*,#1477,.T.);
#2234=ORIENTED_EDGE('',*,*,#1551,.T.);
#2235=ORIENTED_EDGE('',*,*,#1229,.F.);
#2236=ORIENTED_EDGE('',*,*,#1552,.F.);
#2237=ORIENTED_EDGE('',*,*,#1470,.T.);
#2238=ORIENTED_EDGE('',*,*,#1552,.T.);
#2239=ORIENTED_EDGE('',*,*,#1228,.F.);
#2240=ORIENTED_EDGE('',*,*,#1550,.T.);
#2241=ORIENTED_EDGE('',*,*,#1514,.T.);
#2242=ORIENTED_EDGE('',*,*,#1545,.T.);
#2243=ORIENTED_EDGE('',*,*,#1216,.F.);
#2244=ORIENTED_EDGE('',*,*,#1546,.F.);
#2245=ORIENTED_EDGE('',*,*,#1517,.T.);
#2246=ORIENTED_EDGE('',*,*,#1540,.F.);
#2247=ORIENTED_EDGE('',*,*,#1479,.F.);
#2248=ORIENTED_EDGE('',*,*,#1484,.T.);
#2249=PLANE('',#2511);
#2250=PLANE('',#2512);
#2251=PLANE('',#2521);
#2252=PLANE('',#2522);
#2253=PLANE('',#2523);
#2254=PLANE('',#2524);
#2255=PLANE('',#2525);
#2256=PLANE('',#2526);
#2257=PLANE('',#2527);
#2258=PLANE('',#2528);
#2259=PLANE('',#2529);
#2260=PLANE('',#2530);
#2261=PLANE('',#2531);
#2262=PLANE('',#2532);
#2263=PLANE('',#2533);
#2264=PLANE('',#2534);
#2265=PLANE('',#2535);
#2266=PLANE('',#2536);
#2267=PLANE('',#2537);
#2268=PLANE('',#2538);
#2269=PLANE('',#2539);
#2270=PLANE('',#2540);
#2271=PLANE('',#2541);
#2272=PLANE('',#2542);
#2273=PLANE('',#2543);
#2274=PLANE('',#2544);
#2275=PLANE('',#2545);
#2276=PLANE('',#2546);
#2277=PLANE('',#2547);
#2278=PLANE('',#2548);
#2279=PLANE('',#2549);
#2280=PLANE('',#2550);
#2281=PLANE('',#2551);
#2282=PLANE('',#2552);
#2283=PLANE('',#2553);
#2284=PLANE('',#2554);
#2285=PLANE('',#2555);
#2286=PLANE('',#2556);
#2287=PLANE('',#2557);
#2288=PLANE('',#2558);
#2289=PLANE('',#2559);
#2290=PLANE('',#2560);
#2291=PLANE('',#2561);
#2292=PLANE('',#2562);
#2293=PLANE('',#2563);
#2294=PLANE('',#2564);
#2295=PLANE('',#2565);
#2296=PLANE('',#2566);
#2297=PLANE('',#2567);
#2298=PLANE('',#2616);
#2299=PLANE('',#2617);
#2300=PLANE('',#2618);
#2301=PLANE('',#2619);
#2302=PLANE('',#2620);
#2303=PLANE('',#2621);
#2304=PLANE('',#2622);
#2305=PLANE('',#2623);
#2306=PLANE('',#2624);
#2307=PLANE('',#2625);
#2308=PLANE('',#2626);
#2309=PLANE('',#2627);
#2310=PLANE('',#2628);
#2311=PLANE('',#2629);
#2312=PLANE('',#2630);
#2313=PLANE('',#2631);
#2314=PLANE('',#2632);
#2315=PLANE('',#2633);
#2316=PLANE('',#2634);
#2317=PLANE('',#2635);
#2318=PLANE('',#2636);
#2319=PLANE('',#2637);
#2320=PLANE('',#2642);
#2321=PLANE('',#2643);
#2322=PLANE('',#2644);
#2323=PLANE('',#2649);
#2324=PLANE('',#2650);
#2325=PLANE('',#2651);
#2326=PLANE('',#2652);
#2327=PLANE('',#2653);
#2328=PLANE('',#2654);
#2329=PLANE('',#2655);
#2330=PLANE('',#2656);
#2331=PLANE('',#2657);
#2332=PLANE('',#2658);
#2333=PLANE('',#2659);
#2334=PLANE('',#2660);
#2335=PLANE('',#2661);
#2336=PLANE('',#2662);
#2337=PLANE('',#2663);
#2338=PLANE('',#2664);
#2339=PLANE('',#2665);
#2340=PLANE('',#2666);
#2341=PLANE('',#2667);
#2342=PLANE('',#2668);
#2343=PLANE('',#2669);
#2344=PLANE('',#2670);
#2345=PLANE('',#2671);
#2346=PLANE('',#2673);
#2347=PLANE('',#2675);
#2348=PLANE('',#2677);
#2349=PLANE('',#2679);
#2350=PLANE('',#2680);
#2351=PLANE('',#2681);
#2352=PLANE('',#2682);
#2353=PLANE('',#2683);
#2354=PLANE('',#2684);
#2355=PLANE('',#2685);
#2356=PLANE('',#2686);
#2357=PLANE('',#2688);
#2358=PLANE('',#2690);
#2359=PLANE('',#2692);
#2360=PLANE('',#2694);
#2361=ADVANCED_FACE('',(#99),#2249,.F.);
#2362=ADVANCED_FACE('',(#100,#39,#40),#2250,.T.);
#2363=ADVANCED_FACE('',(#101),#2251,.T.);
#2364=ADVANCED_FACE('',(#102),#2252,.T.);
#2365=ADVANCED_FACE('',(#103),#2253,.T.);
#2366=ADVANCED_FACE('',(#104),#2254,.T.);
#2367=ADVANCED_FACE('',(#105),#2255,.T.);
#2368=ADVANCED_FACE('',(#106),#2256,.T.);
#2369=ADVANCED_FACE('',(#107),#2257,.T.);
#2370=ADVANCED_FACE('',(#108),#2258,.T.);
#2371=ADVANCED_FACE('',(#109),#2259,.T.);
#2372=ADVANCED_FACE('',(#110),#2260,.T.);
#2373=ADVANCED_FACE('',(#111),#2261,.T.);
#2374=ADVANCED_FACE('',(#112),#2262,.T.);
#2375=ADVANCED_FACE('',(#113),#2263,.T.);
#2376=ADVANCED_FACE('',(#114),#2264,.T.);
#2377=ADVANCED_FACE('',(#115),#2265,.T.);
#2378=ADVANCED_FACE('',(#116),#2266,.T.);
#2379=ADVANCED_FACE('',(#117),#2267,.T.);
#2380=ADVANCED_FACE('',(#118),#2268,.T.);
#2381=ADVANCED_FACE('',(#119),#2269,.T.);
#2382=ADVANCED_FACE('',(#120),#2270,.T.);
#2383=ADVANCED_FACE('',(#121),#2271,.T.);
#2384=ADVANCED_FACE('',(#122),#2272,.T.);
#2385=ADVANCED_FACE('',(#123),#2273,.T.);
#2386=ADVANCED_FACE('',(#124),#2274,.T.);
#2387=ADVANCED_FACE('',(#125),#2275,.T.);
#2388=ADVANCED_FACE('',(#126),#2276,.T.);
#2389=ADVANCED_FACE('',(#127),#2277,.T.);
#2390=ADVANCED_FACE('',(#128),#2278,.T.);
#2391=ADVANCED_FACE('',(#129),#2279,.T.);
#2392=ADVANCED_FACE('',(#130),#2280,.T.);
#2393=ADVANCED_FACE('',(#131),#2281,.T.);
#2394=ADVANCED_FACE('',(#132),#2282,.T.);
#2395=ADVANCED_FACE('',(#133),#2283,.T.);
#2396=ADVANCED_FACE('',(#134),#2284,.T.);
#2397=ADVANCED_FACE('',(#135),#2285,.T.);
#2398=ADVANCED_FACE('',(#136),#2286,.T.);
#2399=ADVANCED_FACE('',(#137),#2287,.T.);
#2400=ADVANCED_FACE('',(#138),#2288,.T.);
#2401=ADVANCED_FACE('',(#139),#2289,.T.);
#2402=ADVANCED_FACE('',(#140),#2290,.T.);
#2403=ADVANCED_FACE('',(#141),#2291,.T.);
#2404=ADVANCED_FACE('',(#142),#2292,.T.);
#2405=ADVANCED_FACE('',(#143),#2293,.T.);
#2406=ADVANCED_FACE('',(#144),#2294,.T.);
#2407=ADVANCED_FACE('',(#145),#2295,.T.);
#2408=ADVANCED_FACE('',(#146),#2296,.F.);
#2409=ADVANCED_FACE('',(#147),#2297,.F.);
#2410=ADVANCED_FACE('',(#148),#15,.T.);
#2411=ADVANCED_FACE('',(#149),#16,.T.);
#2412=ADVANCED_FACE('',(#150),#17,.T.);
#2413=ADVANCED_FACE('',(#151),#18,.T.);
#2414=ADVANCED_FACE('',(#152),#19,.T.);
#2415=ADVANCED_FACE('',(#153),#20,.T.);
#2416=ADVANCED_FACE('',(#154),#21,.T.);
#2417=ADVANCED_FACE('',(#155),#22,.T.);
#2418=ADVANCED_FACE('',(#156),#23,.T.);
#2419=ADVANCED_FACE('',(#157),#24,.T.);
#2420=ADVANCED_FACE('',(#158),#25,.T.);
#2421=ADVANCED_FACE('',(#159),#26,.T.);
#2422=ADVANCED_FACE('',(#160),#27,.T.);
#2423=ADVANCED_FACE('',(#161),#28,.T.);
#2424=ADVANCED_FACE('',(#162),#29,.T.);
#2425=ADVANCED_FACE('',(#163),#30,.T.);
#2426=ADVANCED_FACE('',(#164),#2298,.F.);
#2427=ADVANCED_FACE('',(#165),#2299,.F.);
#2428=ADVANCED_FACE('',(#166),#2300,.F.);
#2429=ADVANCED_FACE('',(#167),#2301,.F.);
#2430=ADVANCED_FACE('',(#168),#2302,.F.);
#2431=ADVANCED_FACE('',(#169),#2303,.F.);
#2432=ADVANCED_FACE('',(#170),#2304,.F.);
#2433=ADVANCED_FACE('',(#171),#2305,.F.);
#2434=ADVANCED_FACE('',(#172),#2306,.F.);
#2435=ADVANCED_FACE('',(#173),#2307,.F.);
#2436=ADVANCED_FACE('',(#174),#2308,.F.);
#2437=ADVANCED_FACE('',(#175),#2309,.F.);
#2438=ADVANCED_FACE('',(#176),#2310,.F.);
#2439=ADVANCED_FACE('',(#177),#2311,.F.);
#2440=ADVANCED_FACE('',(#178),#2312,.F.);
#2441=ADVANCED_FACE('',(#179),#2313,.F.);
#2442=ADVANCED_FACE('',(#180),#2314,.F.);
#2443=ADVANCED_FACE('',(#181),#2315,.F.);
#2444=ADVANCED_FACE('',(#182),#2316,.F.);
#2445=ADVANCED_FACE('',(#183,#41,#42),#2317,.T.);
#2446=ADVANCED_FACE('',(#184),#2318,.T.);
#2447=ADVANCED_FACE('',(#185,#43),#2319,.F.);
#2448=ADVANCED_FACE('',(#186),#2320,.F.);
#2449=ADVANCED_FACE('',(#187),#2321,.F.);
#2450=ADVANCED_FACE('',(#188,#44),#2322,.F.);
#2451=ADVANCED_FACE('',(#189),#2323,.T.);
#2452=ADVANCED_FACE('',(#190),#2324,.F.);
#2453=ADVANCED_FACE('',(#191),#2325,.T.);
#2454=ADVANCED_FACE('',(#192),#2326,.T.);
#2455=ADVANCED_FACE('',(#193,#45,#46),#2327,.F.);
#2456=ADVANCED_FACE('',(#194),#2328,.T.);
#2457=ADVANCED_FACE('',(#195),#2329,.T.);
#2458=ADVANCED_FACE('',(#196),#2330,.T.);
#2459=ADVANCED_FACE('',(#197),#2331,.T.);
#2460=ADVANCED_FACE('',(#198),#2332,.T.);
#2461=ADVANCED_FACE('',(#199),#2333,.T.);
#2462=ADVANCED_FACE('',(#200),#2334,.T.);
#2463=ADVANCED_FACE('',(#201),#2335,.T.);
#2464=ADVANCED_FACE('',(#202),#2336,.T.);
#2465=ADVANCED_FACE('',(#203),#2337,.T.);
#2466=ADVANCED_FACE('',(#204,#47),#2338,.T.);
#2467=ADVANCED_FACE('',(#205),#2339,.T.);
#2468=ADVANCED_FACE('',(#206),#2340,.F.);
#2469=ADVANCED_FACE('',(#207,#48),#2341,.T.);
#2470=ADVANCED_FACE('',(#208),#2342,.T.);
#2471=ADVANCED_FACE('',(#209,#49,#50),#2343,.F.);
#2472=ADVANCED_FACE('',(#210),#2344,.F.);
#2473=ADVANCED_FACE('',(#211),#2345,.T.);
#2474=ADVANCED_FACE('',(#212),#31,.F.);
#2475=ADVANCED_FACE('',(#213),#2346,.T.);
#2476=ADVANCED_FACE('',(#214),#32,.F.);
#2477=ADVANCED_FACE('',(#215),#2347,.T.);
#2478=ADVANCED_FACE('',(#216),#33,.F.);
#2479=ADVANCED_FACE('',(#217),#2348,.T.);
#2480=ADVANCED_FACE('',(#218),#34,.F.);
#2481=ADVANCED_FACE('',(#219),#2349,.T.);
#2482=ADVANCED_FACE('',(#220),#2350,.T.);
#2483=ADVANCED_FACE('',(#221),#2351,.T.);
#2484=ADVANCED_FACE('',(#222),#2352,.T.);
#2485=ADVANCED_FACE('',(#223),#2353,.T.);
#2486=ADVANCED_FACE('',(#224),#2354,.T.);
#2487=ADVANCED_FACE('',(#225),#2355,.T.);
#2488=ADVANCED_FACE('',(#226),#2356,.T.);
#2489=ADVANCED_FACE('',(#227),#35,.F.);
#2490=ADVANCED_FACE('',(#228),#2357,.T.);
#2491=ADVANCED_FACE('',(#229),#36,.F.);
#2492=ADVANCED_FACE('',(#230),#2358,.T.);
#2493=ADVANCED_FACE('',(#231),#37,.F.);
#2494=ADVANCED_FACE('',(#232),#2359,.T.);
#2495=ADVANCED_FACE('',(#233),#38,.F.);
#2496=ADVANCED_FACE('',(#234),#2360,.T.);
#2497=CLOSED_SHELL('',(#2361,#2362,#2363,#2364,#2365,#2366,#2367,#2368,
#2369,#2370,#2371,#2372,#2373,#2374,#2375,#2376,#2377,#2378,#2379,#2380,
#2381,#2382,#2383,#2384,#2385,#2386,#2387,#2388,#2389,#2390,#2391,#2392,
#2393,#2394,#2395,#2396,#2397,#2398,#2399,#2400,#2401,#2402,#2403,#2404,
#2405,#2406,#2407,#2408,#2409,#2410,#2411,#2412,#2413,#2414,#2415,#2416,
#2417,#2418,#2419,#2420,#2421,#2422,#2423,#2424,#2425,#2426,#2427,#2428,
#2429,#2430,#2431,#2432,#2433,#2434,#2435,#2436,#2437,#2438,#2439,#2440,
#2441,#2442,#2443,#2444,#2445,#2446,#2447,#2448,#2449,#2450,#2451,#2452,
#2453,#2454,#2455,#2456,#2457,#2458,#2459,#2460,#2461,#2462,#2463,#2464,
#2465,#2466,#2467,#2468,#2469,#2470,#2471,#2472,#2473,#2474,#2475,#2476,
#2477,#2478,#2479,#2480,#2481,#2482,#2483,#2484,#2485,#2486,#2487,#2488,
#2489,#2490,#2491,#2492,#2493,#2494,#2495,#2496));
#2498=DERIVED_UNIT_ELEMENT(#2500,1.);
#2499=DERIVED_UNIT_ELEMENT(#4077,-3.);
#2500=(
MASS_UNIT()
NAMED_UNIT(*)
SI_UNIT(.KILO.,.GRAM.)
);
#2501=DERIVED_UNIT((#2498,#2499));
#2502=MEASURE_REPRESENTATION_ITEM('density measure',
POSITIVE_RATIO_MEASURE(7850.),#2501);
#2503=PROPERTY_DEFINITION_REPRESENTATION(#2508,#2505);
#2504=PROPERTY_DEFINITION_REPRESENTATION(#2509,#2506);
#2505=REPRESENTATION('material name',(#2507),#4074);
#2506=REPRESENTATION('density',(#2502),#4074);
#2507=DESCRIPTIVE_REPRESENTATION_ITEM('Steel','Steel');
#2508=PROPERTY_DEFINITION('material property','material name',#4084);
#2509=PROPERTY_DEFINITION('material property','density of part',#4084);
#2510=AXIS2_PLACEMENT_3D('',#3365,#2695,#2696);
#2511=AXIS2_PLACEMENT_3D('',#3366,#2697,#2698);
#2512=AXIS2_PLACEMENT_3D('',#3375,#2703,#2704);
#2513=AXIS2_PLACEMENT_3D('',#3399,#2716,#2717);
#2514=AXIS2_PLACEMENT_3D('',#3403,#2719,#2720);
#2515=AXIS2_PLACEMENT_3D('',#3407,#2722,#2723);
#2516=AXIS2_PLACEMENT_3D('',#3411,#2725,#2726);
#2517=AXIS2_PLACEMENT_3D('',#3415,#2728,#2729);
#2518=AXIS2_PLACEMENT_3D('',#3419,#2731,#2732);
#2519=AXIS2_PLACEMENT_3D('',#3423,#2734,#2735);
#2520=AXIS2_PLACEMENT_3D('',#3427,#2737,#2738);
#2521=AXIS2_PLACEMENT_3D('',#3429,#2740,#2741);
#2522=AXIS2_PLACEMENT_3D('',#3439,#2747,#2748);
#2523=AXIS2_PLACEMENT_3D('',#3448,#2753,#2754);
#2524=AXIS2_PLACEMENT_3D('',#3454,#2758,#2759);
#2525=AXIS2_PLACEMENT_3D('',#3460,#2763,#2764);
#2526=AXIS2_PLACEMENT_3D('',#3463,#2767,#2768);
#2527=AXIS2_PLACEMENT_3D('',#3469,#2772,#2773);
#2528=AXIS2_PLACEMENT_3D('',#3473,#2776,#2777);
#2529=AXIS2_PLACEMENT_3D('',#3474,#2778,#2779);
#2530=AXIS2_PLACEMENT_3D('',#3483,#2784,#2785);
#2531=AXIS2_PLACEMENT_3D('',#3489,#2789,#2790);
#2532=AXIS2_PLACEMENT_3D('',#3495,#2794,#2795);
#2533=AXIS2_PLACEMENT_3D('',#3498,#2798,#2799);
#2534=AXIS2_PLACEMENT_3D('',#3504,#2803,#2804);
#2535=AXIS2_PLACEMENT_3D('',#3508,#2807,#2808);
#2536=AXIS2_PLACEMENT_3D('',#3509,#2809,#2810);
#2537=AXIS2_PLACEMENT_3D('',#3518,#2815,#2816);
#2538=AXIS2_PLACEMENT_3D('',#3524,#2820,#2821);
#2539=AXIS2_PLACEMENT_3D('',#3530,#2825,#2826);
#2540=AXIS2_PLACEMENT_3D('',#3533,#2829,#2830);
#2541=AXIS2_PLACEMENT_3D('',#3539,#2834,#2835);
#2542=AXIS2_PLACEMENT_3D('',#3543,#2838,#2839);
#2543=AXIS2_PLACEMENT_3D('',#3544,#2840,#2841);
#2544=AXIS2_PLACEMENT_3D('',#3553,#2846,#2847);
#2545=AXIS2_PLACEMENT_3D('',#3559,#2851,#2852);
#2546=AXIS2_PLACEMENT_3D('',#3565,#2856,#2857);
#2547=AXIS2_PLACEMENT_3D('',#3568,#2860,#2861);
#2548=AXIS2_PLACEMENT_3D('',#3574,#2865,#2866);
#2549=AXIS2_PLACEMENT_3D('',#3578,#2869,#2870);
#2550=AXIS2_PLACEMENT_3D('',#3579,#2871,#2872);
#2551=AXIS2_PLACEMENT_3D('',#3588,#2877,#2878);
#2552=AXIS2_PLACEMENT_3D('',#3594,#2882,#2883);
#2553=AXIS2_PLACEMENT_3D('',#3600,#2887,#2888);
#2554=AXIS2_PLACEMENT_3D('',#3603,#2891,#2892);
#2555=AXIS2_PLACEMENT_3D('',#3609,#2896,#2897);
#2556=AXIS2_PLACEMENT_3D('',#3613,#2900,#2901);
#2557=AXIS2_PLACEMENT_3D('',#3614,#2902,#2903);
#2558=AXIS2_PLACEMENT_3D('',#3623,#2908,#2909);
#2559=AXIS2_PLACEMENT_3D('',#3629,#2913,#2914);
#2560=AXIS2_PLACEMENT_3D('',#3635,#2918,#2919);
#2561=AXIS2_PLACEMENT_3D('',#3638,#2922,#2923);
#2562=AXIS2_PLACEMENT_3D('',#3644,#2927,#2928);
#2563=AXIS2_PLACEMENT_3D('',#3648,#2931,#2932);
#2564=AXIS2_PLACEMENT_3D('',#3649,#2933,#2934);
#2565=AXIS2_PLACEMENT_3D('',#3653,#2937,#2938);
#2566=AXIS2_PLACEMENT_3D('',#3657,#2941,#2942);
#2567=AXIS2_PLACEMENT_3D('',#3666,#2947,#2948);
#2568=AXIS2_PLACEMENT_3D('',#3675,#2953,#2954);
#2569=AXIS2_PLACEMENT_3D('',#3678,#2955,#2956);
#2570=AXIS2_PLACEMENT_3D('',#3682,#2958,#2959);
#2571=AXIS2_PLACEMENT_3D('',#3684,#2961,#2962);
#2572=AXIS2_PLACEMENT_3D('',#3686,#2963,#2964);
#2573=AXIS2_PLACEMENT_3D('',#3689,#2966,#2967);
#2574=AXIS2_PLACEMENT_3D('',#3690,#2968,#2969);
#2575=AXIS2_PLACEMENT_3D('',#3692,#2970,#2971);
#2576=AXIS2_PLACEMENT_3D('',#3695,#2973,#2974);
#2577=AXIS2_PLACEMENT_3D('',#3696,#2975,#2976);
#2578=AXIS2_PLACEMENT_3D('',#3698,#2977,#2978);
#2579=AXIS2_PLACEMENT_3D('',#3701,#2980,#2981);
#2580=AXIS2_PLACEMENT_3D('',#3702,#2982,#2983);
#2581=AXIS2_PLACEMENT_3D('',#3704,#2984,#2985);
#2582=AXIS2_PLACEMENT_3D('',#3707,#2987,#2988);
#2583=AXIS2_PLACEMENT_3D('',#3708,#2989,#2990);
#2584=AXIS2_PLACEMENT_3D('',#3710,#2991,#2992);
#2585=AXIS2_PLACEMENT_3D('',#3713,#2994,#2995);
#2586=AXIS2_PLACEMENT_3D('',#3714,#2996,#2997);
#2587=AXIS2_PLACEMENT_3D('',#3716,#2998,#2999);
#2588=AXIS2_PLACEMENT_3D('',#3719,#3001,#3002);
#2589=AXIS2_PLACEMENT_3D('',#3720,#3003,#3004);
#2590=AXIS2_PLACEMENT_3D('',#3721,#3005,#3006);
#2591=AXIS2_PLACEMENT_3D('',#3722,#3007,#3008);
#2592=AXIS2_PLACEMENT_3D('',#3723,#3009,#3010);
#2593=AXIS2_PLACEMENT_3D('',#3726,#3011,#3012);
#2594=AXIS2_PLACEMENT_3D('',#3730,#3014,#3015);
#2595=AXIS2_PLACEMENT_3D('',#3732,#3017,#3018);
#2596=AXIS2_PLACEMENT_3D('',#3734,#3019,#3020);
#2597=AXIS2_PLACEMENT_3D('',#3737,#3022,#3023);
#2598=AXIS2_PLACEMENT_3D('',#3738,#3024,#3025);
#2599=AXIS2_PLACEMENT_3D('',#3740,#3026,#3027);
#2600=AXIS2_PLACEMENT_3D('',#3743,#3029,#3030);
#2601=AXIS2_PLACEMENT_3D('',#3744,#3031,#3032);
#2602=AXIS2_PLACEMENT_3D('',#3746,#3033,#3034);
#2603=AXIS2_PLACEMENT_3D('',#3749,#3036,#3037);
#2604=AXIS2_PLACEMENT_3D('',#3750,#3038,#3039);
#2605=AXIS2_PLACEMENT_3D('',#3752,#3040,#3041);
#2606=AXIS2_PLACEMENT_3D('',#3755,#3043,#3044);
#2607=AXIS2_PLACEMENT_3D('',#3756,#3045,#3046);
#2608=AXIS2_PLACEMENT_3D('',#3758,#3047,#3048);
#2609=AXIS2_PLACEMENT_3D('',#3761,#3050,#3051);
#2610=AXIS2_PLACEMENT_3D('',#3762,#3052,#3053);
#2611=AXIS2_PLACEMENT_3D('',#3764,#3054,#3055);
#2612=AXIS2_PLACEMENT_3D('',#3767,#3057,#3058);
#2613=AXIS2_PLACEMENT_3D('',#3768,#3059,#3060);
#2614=AXIS2_PLACEMENT_3D('',#3769,#3061,#3062);
#2615=AXIS2_PLACEMENT_3D('',#3770,#3063,#3064);
#2616=AXIS2_PLACEMENT_3D('',#3771,#3065,#3066);
#2617=AXIS2_PLACEMENT_3D('',#3777,#3070,#3071);
#2618=AXIS2_PLACEMENT_3D('',#3783,#3075,#3076);
#2619=AXIS2_PLACEMENT_3D('',#3789,#3080,#3081);
#2620=AXIS2_PLACEMENT_3D('',#3795,#3085,#3086);
#2621=AXIS2_PLACEMENT_3D('',#3801,#3090,#3091);
#2622=AXIS2_PLACEMENT_3D('',#3807,#3095,#3096);
#2623=AXIS2_PLACEMENT_3D('',#3813,#3100,#3101);
#2624=AXIS2_PLACEMENT_3D('',#3819,#3105,#3106);
#2625=AXIS2_PLACEMENT_3D('',#3825,#3110,#3111);
#2626=AXIS2_PLACEMENT_3D('',#3831,#3115,#3116);
#2627=AXIS2_PLACEMENT_3D('',#3837,#3120,#3121);
#2628=AXIS2_PLACEMENT_3D('',#3843,#3125,#3126);
#2629=AXIS2_PLACEMENT_3D('',#3849,#3130,#3131);
#2630=AXIS2_PLACEMENT_3D('',#3854,#3135,#3136);
#2631=AXIS2_PLACEMENT_3D('',#3858,#3139,#3140);
#2632=AXIS2_PLACEMENT_3D('',#3863,#3144,#3145);
#2633=AXIS2_PLACEMENT_3D('',#3865,#3147,#3148);
#2634=AXIS2_PLACEMENT_3D('',#3871,#3152,#3153);
#2635=AXIS2_PLACEMENT_3D('',#3874,#3156,#3157);
#2636=AXIS2_PLACEMENT_3D('',#3875,#3158,#3159);
#2637=AXIS2_PLACEMENT_3D('',#3883,#3164,#3165);
#2638=AXIS2_PLACEMENT_3D('',#3886,#3166,#3167);
#2639=AXIS2_PLACEMENT_3D('',#3890,#3169,#3170);
#2640=AXIS2_PLACEMENT_3D('',#3894,#3172,#3173);
#2641=AXIS2_PLACEMENT_3D('',#3898,#3175,#3176);
#2642=AXIS2_PLACEMENT_3D('',#3900,#3178,#3179);
#2643=AXIS2_PLACEMENT_3D('',#3902,#3181,#3182);
#2644=AXIS2_PLACEMENT_3D('',#3904,#3184,#3185);
#2645=AXIS2_PLACEMENT_3D('',#3907,#3186,#3187);
#2646=AXIS2_PLACEMENT_3D('',#3911,#3189,#3190);
#2647=AXIS2_PLACEMENT_3D('',#3915,#3192,#3193);
#2648=AXIS2_PLACEMENT_3D('',#3919,#3195,#3196);
#2649=AXIS2_PLACEMENT_3D('',#3921,#3198,#3199);
#2650=AXIS2_PLACEMENT_3D('',#3930,#3204,#3205);
#2651=AXIS2_PLACEMENT_3D('',#3936,#3209,#3210);
#2652=AXIS2_PLACEMENT_3D('',#3945,#3215,#3216);
#2653=AXIS2_PLACEMENT_3D('',#3951,#3220,#3221);
#2654=AXIS2_PLACEMENT_3D('',#3959,#3227,#3228);
#2655=AXIS2_PLACEMENT_3D('',#3963,#3231,#3232);
#2656=AXIS2_PLACEMENT_3D('',#3965,#3234,#3235);
#2657=AXIS2_PLACEMENT_3D('',#3969,#3238,#3239);
#2658=AXIS2_PLACEMENT_3D('',#3971,#3241,#3242);
#2659=AXIS2_PLACEMENT_3D('',#3975,#3245,#3246);
#2660=AXIS2_PLACEMENT_3D('',#3977,#3248,#3249);
#2661=AXIS2_PLACEMENT_3D('',#3979,#3251,#3252);
#2662=AXIS2_PLACEMENT_3D('',#3981,#3254,#3255);
#2663=AXIS2_PLACEMENT_3D('',#3982,#3256,#3257);
#2664=AXIS2_PLACEMENT_3D('',#3983,#3258,#3259);
#2665=AXIS2_PLACEMENT_3D('',#3989,#3263,#3264);
#2666=AXIS2_PLACEMENT_3D('',#3993,#3267,#3268);
#2667=AXIS2_PLACEMENT_3D('',#4013,#3280,#3281);
#2668=AXIS2_PLACEMENT_3D('',#4017,#3284,#3285);
#2669=AXIS2_PLACEMENT_3D('',#4021,#3288,#3289);
#2670=AXIS2_PLACEMENT_3D('',#4023,#3291,#3292);
#2671=AXIS2_PLACEMENT_3D('',#4025,#3294,#3295);
#2672=AXIS2_PLACEMENT_3D('',#4028,#3298,#3299);
#2673=AXIS2_PLACEMENT_3D('',#4030,#3301,#3302);
#2674=AXIS2_PLACEMENT_3D('',#4032,#3304,#3305);
#2675=AXIS2_PLACEMENT_3D('',#4034,#3307,#3308);
#2676=AXIS2_PLACEMENT_3D('',#4037,#3311,#3312);
#2677=AXIS2_PLACEMENT_3D('',#4039,#3314,#3315);
#2678=AXIS2_PLACEMENT_3D('',#4041,#3317,#3318);
#2679=AXIS2_PLACEMENT_3D('',#4043,#3320,#3321);
#2680=AXIS2_PLACEMENT_3D('',#4045,#3323,#3324);
#2681=AXIS2_PLACEMENT_3D('',#4048,#3327,#3328);
#2682=AXIS2_PLACEMENT_3D('',#4050,#3330,#3331);
#2683=AXIS2_PLACEMENT_3D('',#4051,#3332,#3333);
#2684=AXIS2_PLACEMENT_3D('',#4054,#3336,#3337);
#2685=AXIS2_PLACEMENT_3D('',#4055,#3338,#3339);
#2686=AXIS2_PLACEMENT_3D('',#4057,#3341,#3342);
#2687=AXIS2_PLACEMENT_3D('',#4059,#3344,#3345);
#2688=AXIS2_PLACEMENT_3D('',#4061,#3347,#3348);
#2689=AXIS2_PLACEMENT_3D('',#4063,#3350,#3351);
#2690=AXIS2_PLACEMENT_3D('',#4064,#3352,#3353);
#2691=AXIS2_PLACEMENT_3D('',#4066,#3355,#3356);
#2692=AXIS2_PLACEMENT_3D('',#4068,#3358,#3359);
#2693=AXIS2_PLACEMENT_3D('',#4070,#3361,#3362);
#2694=AXIS2_PLACEMENT_3D('',#4071,#3363,#3364);
#2695=DIRECTION('axis',(0.,0.,1.));
#2696=DIRECTION('refdir',(1.,0.,0.));
#2697=DIRECTION('center_axis',(0.,0.,1.));
#2698=DIRECTION('ref_axis',(-1.,0.,0.));
#2699=DIRECTION('',(-1.,0.,0.));
#2700=DIRECTION('',(0.,-1.,0.));
#2701=DIRECTION('',(1.,0.,0.));
#2702=DIRECTION('',(0.,-1.,0.));
#2703=DIRECTION('center_axis',(0.,1.,0.));
#2704=DIRECTION('ref_axis',(-1.,0.,0.));
#2705=DIRECTION('',(0.,0.,1.));
#2706=DIRECTION('',(-1.2944343399768E-16,0.,-1.));
#2707=DIRECTION('',(-1.,0.,0.));
#2708=DIRECTION('',(0.,0.,1.));
#2709=DIRECTION('',(1.,0.,0.));
#2710=DIRECTION('',(0.,0.,1.));
#2711=DIRECTION('',(1.,0.,0.));
#2712=DIRECTION('',(-5.41572207134222E-16,0.,-1.));
#2713=DIRECTION('',(1.,0.,1.77635683940033E-16));
#2714=DIRECTION('',(0.,0.,-1.));
#2715=DIRECTION('',(-1.,0.,0.));
#2716=DIRECTION('center_axis',(0.,-1.,0.));
#2717=DIRECTION('ref_axis',(0.979795897113271,0.,-0.199999999999999));
#2718=DIRECTION('',(1.,0.,0.));
#2719=DIRECTION('center_axis',(0.,-1.,0.));
#2720=DIRECTION('ref_axis',(0.987832587035985,0.,0.155520995334371));
#2721=DIRECTION('',(-1.,0.,0.));
#2722=DIRECTION('center_axis',(0.,-1.,0.));
#2723=DIRECTION('ref_axis',(-0.979795897113269,0.,0.200000000000009));
#2724=DIRECTION('',(-1.,0.,-6.1136300351426E-14));
#2725=DIRECTION('center_axis',(0.,-1.,0.));
#2726=DIRECTION('ref_axis',(-0.987832587035985,0.,-0.155520995334369));
#2727=DIRECTION('',(1.,0.,0.));
#2728=DIRECTION('center_axis',(0.,-1.,0.));
#2729=DIRECTION('ref_axis',(0.981866540509168,0.,0.189573459715641));
#2730=DIRECTION('',(-1.,0.,1.69971641549026E-15));
#2731=DIRECTION('center_axis',(0.,-1.,0.));
#2732=DIRECTION('ref_axis',(-0.968245836551855,0.,0.249999999999998));
#2733=DIRECTION('',(-1.,0.,1.69971641549026E-15));
#2734=DIRECTION('center_axis',(0.,-1.,0.));
#2735=DIRECTION('ref_axis',(-0.981866540509169,0.,-0.189573459715638));
#2736=DIRECTION('',(1.,0.,-8.49858207745131E-16));
#2737=DIRECTION('center_axis',(0.,-1.,0.));
#2738=DIRECTION('ref_axis',(0.968245836551854,0.,-0.250000000000002));
#2739=DIRECTION('',(1.,0.,0.));
#2740=DIRECTION('center_axis',(0.,0.,-1.));
#2741=DIRECTION('ref_axis',(-1.,0.,0.));
#2742=DIRECTION('',(0.,-1.,0.));
#2743=DIRECTION('',(-1.,0.,0.));
#2744=DIRECTION('',(0.,1.,0.));
#2745=DIRECTION('',(1.,0.,0.));
#2746=DIRECTION('',(0.,1.,0.));
#2747=DIRECTION('center_axis',(0.707106781186549,0.,-0.707106781186546));
#2748=DIRECTION('ref_axis',(-0.707106781186546,0.,-0.707106781186549));
#2749=DIRECTION('',(0.,-1.,0.));
#2750=DIRECTION('',(-0.577350269189623,-0.577350269189628,-0.577350269189626));
#2751=DIRECTION('',(0.,1.,0.));
#2752=DIRECTION('',(-0.577350269189628,0.577350269189617,-0.577350269189633));
#2753=DIRECTION('center_axis',(0.707106781186551,-0.707106781186544,0.));
#2754=DIRECTION('ref_axis',(0.,0.,-1.));
#2755=DIRECTION('',(0.,0.,-1.));
#2756=DIRECTION('',(0.,0.,1.));
#2757=DIRECTION('',(-0.577350269189623,-0.577350269189628,0.577350269189626));
#2758=DIRECTION('center_axis',(0.707106781186549,0.,0.707106781186546));
#2759=DIRECTION('ref_axis',(0.707106781186546,0.,-0.707106781186549));
#2760=DIRECTION('',(0.,-1.,0.));
#2761=DIRECTION('',(0.,1.,0.));
#2762=DIRECTION('',(-0.577350269189629,0.577350269189619,0.577350269189629));
#2763=DIRECTION('center_axis',(0.707106781186548,0.707106781186548,0.));
#2764=DIRECTION('ref_axis',(0.,0.,-1.));
#2765=DIRECTION('',(0.,0.,1.));
#2766=DIRECTION('',(0.,0.,-1.));
#2767=DIRECTION('center_axis',(0.,1.,0.));
#2768=DIRECTION('ref_axis',(0.,0.,-1.));
#2769=DIRECTION('',(1.,0.,0.));
#2770=DIRECTION('',(0.,0.,1.));
#2771=DIRECTION('',(1.,0.,0.));
#2772=DIRECTION('center_axis',(0.,0.,-1.));
#2773=DIRECTION('ref_axis',(0.,-1.,0.));
#2774=DIRECTION('',(-1.,0.,0.));
#2775=DIRECTION('',(0.,1.,0.));
#2776=DIRECTION('center_axis',(1.,0.,0.));
#2777=DIRECTION('ref_axis',(0.,0.,-1.));
#2778=DIRECTION('center_axis',(-0.707106781186548,0.707106781186548,0.));
#2779=DIRECTION('ref_axis',(0.,0.,1.));
#2780=DIRECTION('',(0.,0.,1.));
#2781=DIRECTION('',(0.577350269189625,0.577350269189625,0.577350269189628));
#2782=DIRECTION('',(0.,0.,-1.));
#2783=DIRECTION('',(0.577350269189625,0.577350269189625,-0.577350269189628));
#2784=DIRECTION('center_axis',(-0.707106781186549,0.,0.707106781186546));
#2785=DIRECTION('ref_axis',(0.707106781186546,0.,0.707106781186549));
#2786=DIRECTION('',(0.,-1.,0.));
#2787=DIRECTION('',(0.577350269189624,-0.577350269189627,0.577350269189627));
#2788=DIRECTION('',(0.,1.,0.));
#2789=DIRECTION('center_axis',(-0.707106781186549,-0.707106781186546,0.));
#2790=DIRECTION('ref_axis',(0.,0.,1.));
#2791=DIRECTION('',(0.,0.,-1.));
#2792=DIRECTION('',(0.577350269189624,-0.577350269189627,-0.577350269189627));
#2793=DIRECTION('',(0.,0.,1.));
#2794=DIRECTION('center_axis',(-0.707106781186549,0.,-0.707106781186546));
#2795=DIRECTION('ref_axis',(-0.707106781186546,0.,0.707106781186549));
#2796=DIRECTION('',(0.,-1.,0.));
#2797=DIRECTION('',(0.,1.,0.));
#2798=DIRECTION('center_axis',(0.,0.,-1.));
#2799=DIRECTION('ref_axis',(0.,-1.,0.));
#2800=DIRECTION('',(-1.,0.,0.));
#2801=DIRECTION('',(0.,-1.,0.));
#2802=DIRECTION('',(-1.,0.,0.));
#2803=DIRECTION('center_axis',(0.,1.,0.));
#2804=DIRECTION('ref_axis',(0.,0.,-1.));
#2805=DIRECTION('',(-1.,0.,0.));
#2806=DIRECTION('',(0.,0.,-1.));
#2807=DIRECTION('center_axis',(-1.,0.,0.));
#2808=DIRECTION('ref_axis',(0.,0.,1.));
#2809=DIRECTION('center_axis',(-0.707106781186548,-0.707106781186548,0.));
#2810=DIRECTION('ref_axis',(0.,0.,1.));
#2811=DIRECTION('',(0.,0.,-1.));
#2812=DIRECTION('',(0.577350269189633,-0.577350269189633,-0.577350269189612));
#2813=DIRECTION('',(0.,0.,1.));
#2814=DIRECTION('',(0.577350269190405,-0.577350269190405,0.577350269188067));
#2815=DIRECTION('center_axis',(-0.707106781186535,0.,-0.70710678118656));
#2816=DIRECTION('ref_axis',(-0.70710678118656,0.,0.707106781186535));
#2817=DIRECTION('',(0.,1.,0.));
#2818=DIRECTION('',(0.577350269188846,0.577350269188846,-0.577350269191185));
#2819=DIRECTION('',(0.,-1.,0.));
#2820=DIRECTION('center_axis',(-0.707106781186548,0.707106781186548,0.));
#2821=DIRECTION('ref_axis',(0.,0.,1.));
#2822=DIRECTION('',(0.,0.,1.));
#2823=DIRECTION('',(0.577350269190405,0.577350269190405,0.577350269188067));
#2824=DIRECTION('',(0.,0.,-1.));
#2825=DIRECTION('center_axis',(-0.70710678118656,0.,0.707106781186535));
#2826=DIRECTION('ref_axis',(0.707106781186535,0.,0.70710678118656));
#2827=DIRECTION('',(0.,1.,0.));
#2828=DIRECTION('',(0.,-1.,0.));
#2829=DIRECTION('center_axis',(-4.44089209850062E-14,0.,1.));
#2830=DIRECTION('ref_axis',(0.,-1.,0.));
#2831=DIRECTION('',(-1.,0.,0.));
#2832=DIRECTION('',(0.,-1.,0.));
#2833=DIRECTION('',(-1.,0.,0.));
#2834=DIRECTION('center_axis',(0.,-1.,0.));
#2835=DIRECTION('ref_axis',(2.91206039245943E-16,0.,1.));
#2836=DIRECTION('',(-1.,0.,-4.44089209850062E-14));
#2837=DIRECTION('',(-2.91206039245943E-16,0.,-1.));
#2838=DIRECTION('center_axis',(-1.,0.,0.));
#2839=DIRECTION('ref_axis',(0.,0.,1.));
#2840=DIRECTION('center_axis',(-0.70710678118656,-1.57009245868375E-15,
0.707106781186535));
#2841=DIRECTION('ref_axis',(0.707106781186535,0.,0.70710678118656));
#2842=DIRECTION('',(0.,-1.,-2.22044604925032E-15));
#2843=DIRECTION('',(0.577350269189621,-0.577350269189616,0.577350269189641));
#2844=DIRECTION('',(0.,1.,2.22044604925032E-15));
#2845=DIRECTION('',(0.57735026919041,0.577350269190487,0.57735026918798));
#2846=DIRECTION('center_axis',(-0.707106781186544,-0.707106781186551,-3.14018491736757E-15));
#2847=DIRECTION('ref_axis',(-4.44089209850067E-15,0.,1.));
#2848=DIRECTION('',(0.,-4.44089209850063E-15,1.));
#2849=DIRECTION('',(0.,4.44089209850063E-15,-1.));
#2850=DIRECTION('',(0.577350269189634,-0.577350269189629,-0.577350269189614));
#2851=DIRECTION('center_axis',(-0.707106781186529,0.,-0.707106781186566));
#2852=DIRECTION('ref_axis',(-0.707106781186566,0.,0.707106781186529));
#2853=DIRECTION('',(0.,-1.,0.));
#2854=DIRECTION('',(0.,1.,0.));
#2855=DIRECTION('',(0.577350269188816,0.577350269188821,-0.577350269191241));
#2856=DIRECTION('center_axis',(-0.707106781186548,0.707106781186548,0.));
#2857=DIRECTION('ref_axis',(0.,0.,1.));
#2858=DIRECTION('',(0.,0.,-1.));
#2859=DIRECTION('',(0.,0.,1.));
#2860=DIRECTION('center_axis',(0.,1.,0.));
#2861=DIRECTION('ref_axis',(-4.65929662793508E-14,0.,1.));
#2862=DIRECTION('',(-1.,0.,0.));
#2863=DIRECTION('',(2.91206039245943E-16,0.,1.));
#2864=DIRECTION('',(-1.,0.,0.));
#2865=DIRECTION('center_axis',(-4.44089209850062E-14,-2.22044604925032E-15,
1.));
#2866=DIRECTION('ref_axis',(1.03457167897838E-28,-1.,-2.22044604925032E-15));
#2867=DIRECTION('',(1.,0.,4.44089209850062E-14));
#2868=DIRECTION('',(-6.46607299361486E-31,-1.,-2.22044604925032E-15));
#2869=DIRECTION('center_axis',(-1.,0.,0.));
#2870=DIRECTION('ref_axis',(0.,0.,1.));
#2871=DIRECTION('center_axis',(0.707106781186546,0.707106781186549,3.14018491736754E-14));
#2872=DIRECTION('ref_axis',(4.44089209850062E-14,0.,-1.));
#2873=DIRECTION('',(4.44089209850062E-14,0.,-1.));
#2874=DIRECTION('',(-0.577350269189601,0.577350269189629,-0.577350269189647));
#2875=DIRECTION('',(-4.44089209850062E-14,0.,1.));
#2876=DIRECTION('',(-0.577350269189656,0.577350269189628,0.577350269189594));
#2877=DIRECTION('center_axis',(0.707106781186579,0.,-0.707106781186516));
#2878=DIRECTION('ref_axis',(-0.707106781186516,0.,-0.707106781186579));
#2879=DIRECTION('',(0.,-1.,0.));
#2880=DIRECTION('',(-0.577350269189599,-0.577350269189628,-0.577350269189651));
#2881=DIRECTION('',(0.,1.,0.));
#2882=DIRECTION('center_axis',(0.707106781186548,-0.707106781186548,2.82616642563079E-14));
#2883=DIRECTION('ref_axis',(3.99680288865056E-14,0.,-1.));
#2884=DIRECTION('',(-4.44089209850062E-14,-4.44089209850063E-15,1.));
#2885=DIRECTION('',(-0.577350269189656,-0.577350269189628,0.577350269189594));
#2886=DIRECTION('',(4.44089209850062E-14,4.44089209850063E-15,-1.));
#2887=DIRECTION('center_axis',(0.707106781186507,-1.5700924586838E-15,0.707106781186588));
#2888=DIRECTION('ref_axis',(0.707106781186588,0.,-0.707106781186507));
#2889=DIRECTION('',(9.86076131526265E-29,-1.,-2.22044604925032E-15));
#2890=DIRECTION('',(-9.86076131526265E-29,1.,2.22044604925032E-15));
#2891=DIRECTION('center_axis',(-4.44089209850062E-14,-2.22044604925032E-15,
1.));
#2892=DIRECTION('ref_axis',(1.03457167897838E-28,-1.,-2.22044604925032E-15));
#2893=DIRECTION('',(1.,0.,4.44089209850062E-14));
#2894=DIRECTION('',(9.42312142696161E-28,1.,2.22044604925032E-15));
#2895=DIRECTION('',(1.,0.,4.44089209850062E-14));
#2896=DIRECTION('center_axis',(0.,1.,0.));
#2897=DIRECTION('ref_axis',(-4.65929662793508E-14,0.,1.));
#2898=DIRECTION('',(1.,0.,4.44089209850062E-14));
#2899=DIRECTION('',(-4.24379661471312E-13,0.,-1.));
#2900=DIRECTION('center_axis',(1.,0.,4.44089209850062E-14));
#2901=DIRECTION('ref_axis',(4.44089209850062E-14,0.,-1.));
#2902=DIRECTION('center_axis',(0.707106781186552,0.707106781186543,3.14018491736757E-14));
#2903=DIRECTION('ref_axis',(4.44089209850062E-14,0.,-1.));
#2904=DIRECTION('',(4.44089209850062E-14,0.,-1.));
#2905=DIRECTION('',(-0.577350269189594,0.577350269189628,-0.577350269189656));
#2906=DIRECTION('',(-4.44089209850062E-14,0.,1.));
#2907=DIRECTION('',(0.577350269189645,-0.577350269189628,-0.577350269189604));
#2908=DIRECTION('center_axis',(0.707106781186576,0.,-0.707106781186519));
#2909=DIRECTION('ref_axis',(-0.707106781186519,0.,-0.707106781186576));
#2910=DIRECTION('',(0.,1.,0.));
#2911=DIRECTION('',(0.,-1.,0.));
#2912=DIRECTION('',(0.577350269189595,0.577350269189626,0.577350269189656));
#2913=DIRECTION('center_axis',(0.707106781186519,0.,0.707106781186576));
#2914=DIRECTION('ref_axis',(0.707106781186576,0.,-0.707106781186519));
#2915=DIRECTION('',(0.,1.,0.));
#2916=DIRECTION('',(0.,-1.,0.));
#2917=DIRECTION('',(0.577350269189647,0.577350269189624,-0.577350269189606));
#2918=DIRECTION('center_axis',(0.707106781186548,-0.707106781186548,3.23439046488857E-14));
#2919=DIRECTION('ref_axis',(4.57411886145564E-14,0.,-1.));
#2920=DIRECTION('',(-4.44089209850062E-14,1.33226762955019E-15,1.));
#2921=DIRECTION('',(4.44089209850062E-14,-1.33226762955019E-15,-1.));
#2922=DIRECTION('center_axis',(-4.44089209850062E-14,0.,1.));
#2923=DIRECTION('ref_axis',(0.,-1.,0.));
#2924=DIRECTION('',(1.,0.,4.44089209850062E-14));
#2925=DIRECTION('',(0.,1.,0.));
#2926=DIRECTION('',(1.,0.,4.44089209850062E-14));
#2927=DIRECTION('center_axis',(0.,1.,0.));
#2928=DIRECTION('ref_axis',(-4.65929662793508E-14,0.,1.));
#2929=DIRECTION('',(1.,0.,4.44089209850062E-14));
#2930=DIRECTION('',(-4.24379661471312E-13,0.,-1.));
#2931=DIRECTION('center_axis',(1.,0.,4.44089209850062E-14));
#2932=DIRECTION('ref_axis',(4.44089209850062E-14,0.,-1.));
#2933=DIRECTION('center_axis',(0.,1.,0.));
#2934=DIRECTION('ref_axis',(-2.91206039245943E-16,0.,-1.));
#2935=DIRECTION('',(2.91206039245943E-16,0.,1.));
#2936=DIRECTION('',(-1.,0.,0.));
#2937=DIRECTION('center_axis',(-5.91645678915758E-29,-1.,1.33226762955019E-15));
#2938=DIRECTION('ref_axis',(4.65929662793508E-14,-1.33226762955019E-15,
-1.));
#2939=DIRECTION('',(4.24379661471312E-13,1.33226762955019E-15,1.));
#2940=DIRECTION('',(1.,0.,4.44089209850062E-14));
#2941=DIRECTION('center_axis',(0.,-1.,0.));
#2942=DIRECTION('ref_axis',(1.,0.,0.));
#2943=DIRECTION('',(0.,0.,-1.));
#2944=DIRECTION('',(1.,0.,-1.02649843972042E-17));
#2945=DIRECTION('',(0.,0.,-1.));
#2946=DIRECTION('',(-1.,0.,0.));
#2947=DIRECTION('center_axis',(0.,-1.,0.));
#2948=DIRECTION('ref_axis',(1.,0.,0.));
#2949=DIRECTION('',(0.,0.,1.));
#2950=DIRECTION('',(-1.,0.,-1.7763568394003E-16));
#2951=DIRECTION('',(0.,0.,1.));
#2952=DIRECTION('',(1.,0.,-3.98734459373711E-17));
#2953=DIRECTION('center_axis',(0.,1.,0.));
#2954=DIRECTION('ref_axis',(0.897880938942637,0.,-0.44023836666457));
#2955=DIRECTION('center_axis',(0.,-1.,0.));
#2956=DIRECTION('ref_axis',(0.897880938942637,0.,-0.44023836666457));
#2957=DIRECTION('',(0.,1.,0.));
#2958=DIRECTION('center_axis',(0.,-1.,0.));
#2959=DIRECTION('ref_axis',(0.897880938942637,0.,-0.44023836666457));
#2960=DIRECTION('',(0.,1.,0.));
#2961=DIRECTION('center_axis',(0.,1.,0.));
#2962=DIRECTION('ref_axis',(0.0777112621170103,0.,-0.996975907301767));
#2963=DIRECTION('center_axis',(0.,-1.,0.));
#2964=DIRECTION('ref_axis',(0.0777112621170103,0.,-0.996975907301767));
#2965=DIRECTION('',(0.,1.,0.));
#2966=DIRECTION('center_axis',(0.,-1.,0.));
#2967=DIRECTION('ref_axis',(0.0777112621170103,0.,-0.996975907301767));
#2968=DIRECTION('center_axis',(0.,1.,0.));
#2969=DIRECTION('ref_axis',(-0.440238366664528,0.,-0.897880938942658));
#2970=DIRECTION('center_axis',(0.,-1.,0.));
#2971=DIRECTION('ref_axis',(-0.440238366664528,0.,-0.897880938942658));
#2972=DIRECTION('',(0.,1.,0.));
#2973=DIRECTION('center_axis',(0.,-1.,0.));
#2974=DIRECTION('ref_axis',(-0.440238366664528,0.,-0.897880938942658));
#2975=DIRECTION('center_axis',(0.,1.,0.));
#2976=DIRECTION('ref_axis',(-0.996975907301776,0.,-0.0777112621168949));
#2977=DIRECTION('center_axis',(0.,-1.,0.));
#2978=DIRECTION('ref_axis',(-0.996975907301776,0.,-0.0777112621168949));
#2979=DIRECTION('',(0.,1.,0.));
#2980=DIRECTION('center_axis',(0.,-1.,0.));
#2981=DIRECTION('ref_axis',(-0.996975907301776,0.,-0.0777112621168949));
#2982=DIRECTION('center_axis',(0.,1.,0.));
#2983=DIRECTION('ref_axis',(-0.897880938942678,0.,0.440238366664487));
#2984=DIRECTION('center_axis',(0.,-1.,0.));
#2985=DIRECTION('ref_axis',(-0.897880938942678,0.,0.440238366664487));
#2986=DIRECTION('',(0.,1.,0.));
#2987=DIRECTION('center_axis',(0.,-1.,0.));
#2988=DIRECTION('ref_axis',(-0.897880938942678,0.,0.440238366664487));
#2989=DIRECTION('center_axis',(0.,1.,0.));
#2990=DIRECTION('ref_axis',(-0.0777112621169285,0.,0.996975907301773));
#2991=DIRECTION('center_axis',(0.,-1.,0.));
#2992=DIRECTION('ref_axis',(-0.0777112621169285,0.,0.996975907301773));
#2993=DIRECTION('',(0.,1.,0.));
#2994=DIRECTION('center_axis',(0.,-1.,0.));
#2995=DIRECTION('ref_axis',(-0.0777112621169285,0.,0.996975907301773));
#2996=DIRECTION('center_axis',(0.,1.,0.));
#2997=DIRECTION('ref_axis',(0.440238366664534,0.,0.897880938942655));
#2998=DIRECTION('center_axis',(0.,-1.,0.));
#2999=DIRECTION('ref_axis',(0.440238366664534,0.,0.897880938942655));
#3000=DIRECTION('',(0.,1.,0.));
#3001=DIRECTION('center_axis',(0.,-1.,0.));
#3002=DIRECTION('ref_axis',(0.440238366664534,0.,0.897880938942655));
#3003=DIRECTION('center_axis',(0.,1.,0.));
#3004=DIRECTION('ref_axis',(0.996975907301764,0.,0.077711262117051));
#3005=DIRECTION('center_axis',(0.,-1.,0.));
#3006=DIRECTION('ref_axis',(0.996975907301764,0.,0.077711262117051));
#3007=DIRECTION('center_axis',(0.,-1.,0.));
#3008=DIRECTION('ref_axis',(0.996975907301764,0.,0.077711262117051));
#3009=DIRECTION('center_axis',(0.,1.,0.));
#3010=DIRECTION('ref_axis',(0.879483367331371,0.,-0.475929623565788));
#3011=DIRECTION('center_axis',(0.,-1.,0.));
#3012=DIRECTION('ref_axis',(0.879483367331371,0.,-0.475929623565788));
#3013=DIRECTION('',(0.,1.,0.));
#3014=DIRECTION('center_axis',(0.,-1.,0.));
#3015=DIRECTION('ref_axis',(0.879483367331371,0.,-0.475929623565788));
#3016=DIRECTION('',(0.,1.,0.));
#3017=DIRECTION('center_axis',(0.,1.,0.));
#3018=DIRECTION('ref_axis',(0.142353080777153,0.,-0.989815942684928));
#3019=DIRECTION('center_axis',(0.,-1.,0.));
#3020=DIRECTION('ref_axis',(0.142353080777153,0.,-0.989815942684928));
#3021=DIRECTION('',(0.,1.,0.));
#3022=DIRECTION('center_axis',(0.,-1.,0.));
#3023=DIRECTION('ref_axis',(0.142353080777153,0.,-0.989815942684928));
#3024=DIRECTION('center_axis',(0.,1.,0.));
#3025=DIRECTION('ref_axis',(-0.475929623565787,0.,-0.879483367331371));
#3026=DIRECTION('center_axis',(0.,-1.,0.));
#3027=DIRECTION('ref_axis',(-0.475929623565787,0.,-0.879483367331371));
#3028=DIRECTION('',(0.,1.,0.));
#3029=DIRECTION('center_axis',(0.,-1.,0.));
#3030=DIRECTION('ref_axis',(-0.475929623565787,0.,-0.879483367331371));
#3031=DIRECTION('center_axis',(0.,1.,0.));
#3032=DIRECTION('ref_axis',(-0.989815942684929,0.,-0.142353080777148));
#3033=DIRECTION('center_axis',(0.,-1.,0.));
#3034=DIRECTION('ref_axis',(-0.989815942684929,0.,-0.142353080777148));
#3035=DIRECTION('',(0.,1.,0.));
#3036=DIRECTION('center_axis',(0.,-1.,0.));
#3037=DIRECTION('ref_axis',(-0.989815942684929,0.,-0.142353080777148));
#3038=DIRECTION('center_axis',(0.,1.,0.));
#3039=DIRECTION('ref_axis',(-0.879483367331374,0.,0.475929623565783));
#3040=DIRECTION('center_axis',(0.,-1.,0.));
#3041=DIRECTION('ref_axis',(-0.879483367331374,0.,0.475929623565783));
#3042=DIRECTION('',(0.,1.,0.));
#3043=DIRECTION('center_axis',(0.,-1.,0.));
#3044=DIRECTION('ref_axis',(-0.879483367331374,0.,0.475929623565783));
#3045=DIRECTION('center_axis',(0.,1.,0.));
#3046=DIRECTION('ref_axis',(-0.142353080777145,0.,0.98981594268493));
#3047=DIRECTION('center_axis',(0.,-1.,0.));
#3048=DIRECTION('ref_axis',(-0.142353080777145,0.,0.98981594268493));
#3049=DIRECTION('',(0.,1.,0.));
#3050=DIRECTION('center_axis',(0.,-1.,0.));
#3051=DIRECTION('ref_axis',(-0.142353080777145,0.,0.98981594268493));
#3052=DIRECTION('center_axis',(0.,1.,0.));
#3053=DIRECTION('ref_axis',(0.475929623565782,0.,0.879483367331374));
#3054=DIRECTION('center_axis',(0.,-1.,0.));
#3055=DIRECTION('ref_axis',(0.475929623565782,0.,0.879483367331374));
#3056=DIRECTION('',(0.,1.,0.));
#3057=DIRECTION('center_axis',(0.,-1.,0.));
#3058=DIRECTION('ref_axis',(0.475929623565782,0.,0.879483367331374));
#3059=DIRECTION('center_axis',(0.,1.,0.));
#3060=DIRECTION('ref_axis',(0.989815942684927,0.,0.142353080777162));
#3061=DIRECTION('center_axis',(0.,-1.,0.));
#3062=DIRECTION('ref_axis',(0.989815942684927,0.,0.142353080777162));
#3063=DIRECTION('center_axis',(0.,-1.,0.));
#3064=DIRECTION('ref_axis',(0.989815942684927,0.,0.142353080777162));
#3065=DIRECTION('center_axis',(1.,0.,0.));
#3066=DIRECTION('ref_axis',(0.,0.,-1.));
#3067=DIRECTION('',(0.,1.,0.));
#3068=DIRECTION('',(0.,0.,-1.));
#3069=DIRECTION('',(0.,1.,0.));
#3070=DIRECTION('center_axis',(-1.7763568394003E-16,0.,1.));
#3071=DIRECTION('ref_axis',(1.,0.,1.7763568394003E-16));
#3072=DIRECTION('',(1.,0.,1.7763568394003E-16));
#3073=DIRECTION('',(0.,1.,0.));
#3074=DIRECTION('',(1.,0.,1.7763568394003E-16));
#3075=DIRECTION('center_axis',(1.,0.,-8.88178419700144E-14));
#3076=DIRECTION('ref_axis',(-8.88178419700144E-14,0.,-1.));
#3077=DIRECTION('',(-8.88178419700144E-14,0.,-1.));
#3078=DIRECTION('',(0.,1.,0.));
#3079=DIRECTION('',(-8.88178419700144E-14,0.,-1.));
#3080=DIRECTION('center_axis',(0.,0.,1.));
#3081=DIRECTION('ref_axis',(1.,0.,0.));
#3082=DIRECTION('',(1.,0.,0.));
#3083=DIRECTION('',(0.,1.,0.));
#3084=DIRECTION('',(1.,0.,0.));
#3085=DIRECTION('center_axis',(1.,0.,-2.74694356608286E-16));
#3086=DIRECTION('ref_axis',(-2.74694356608286E-16,0.,-1.));
#3087=DIRECTION('',(-2.74694356608286E-16,0.,-1.));
#3088=DIRECTION('',(0.,1.,0.));
#3089=DIRECTION('',(-2.74694356608286E-16,0.,-1.));
#3090=DIRECTION('center_axis',(-4.44089209850062E-15,0.,-1.));
#3091=DIRECTION('ref_axis',(-1.,0.,4.44089209850062E-15));
#3092=DIRECTION('',(-1.,0.,4.44089209850062E-15));
#3093=DIRECTION('',(0.,1.,0.));
#3094=DIRECTION('',(-1.,0.,4.44089209850062E-15));
#3095=DIRECTION('center_axis',(1.,0.,0.));
#3096=DIRECTION('ref_axis',(0.,0.,-1.));
#3097=DIRECTION('',(0.,0.,-1.));
#3098=DIRECTION('',(0.,1.,0.));
#3099=DIRECTION('',(0.,0.,-1.));
#3100=DIRECTION('center_axis',(0.,0.,1.));
#3101=DIRECTION('ref_axis',(1.,0.,0.));
#3102=DIRECTION('',(1.,0.,0.));
#3103=DIRECTION('',(0.,1.,0.));
#3104=DIRECTION('',(1.,0.,0.));
#3105=DIRECTION('center_axis',(-1.,0.,2.3373116307898E-15));
#3106=DIRECTION('ref_axis',(2.3373116307898E-15,0.,1.));
#3107=DIRECTION('',(2.3373116307898E-15,0.,1.));
#3108=DIRECTION('',(0.,1.,0.));
#3109=DIRECTION('',(2.3373116307898E-15,0.,1.));
#3110=DIRECTION('center_axis',(0.,0.,-1.));
#3111=DIRECTION('ref_axis',(-1.,0.,0.));
#3112=DIRECTION('',(-1.,0.,0.));
#3113=DIRECTION('',(0.,1.,0.));
#3114=DIRECTION('',(-1.,0.,0.));
#3115=DIRECTION('center_axis',(-1.,0.,-4.39510970573259E-14));
#3116=DIRECTION('ref_axis',(-4.39510970573259E-14,0.,1.));
#3117=DIRECTION('',(-4.39510970573259E-14,0.,1.));
#3118=DIRECTION('',(0.,1.,0.));
#3119=DIRECTION('',(-4.39510970573259E-14,0.,1.));
#3120=DIRECTION('center_axis',(-5.55111512314996E-14,0.,1.));
#3121=DIRECTION('ref_axis',(1.,0.,5.55111512314996E-14));
#3122=DIRECTION('',(1.,0.,5.55111512314996E-14));
#3123=DIRECTION('',(0.,1.,0.));
#3124=DIRECTION('',(1.,0.,5.55111512314996E-14));
#3125=DIRECTION('center_axis',(-1.,0.,-7.01660951562958E-12));
#3126=DIRECTION('ref_axis',(-7.01660951562958E-12,0.,1.));
#3127=DIRECTION('',(-7.01660951562958E-12,0.,1.));
#3128=DIRECTION('',(0.,1.,0.));
#3129=DIRECTION('',(-7.01660951562958E-12,0.,1.));
#3130=DIRECTION('center_axis',(0.,0.,1.));
#3131=DIRECTION('ref_axis',(1.,0.,0.));
#3132=DIRECTION('',(1.,0.,0.));
#3133=DIRECTION('',(0.,1.,0.));
#3134=DIRECTION('',(1.,0.,0.));
#3135=DIRECTION('center_axis',(-1.,0.,0.));
#3136=DIRECTION('ref_axis',(0.,0.,1.));
#3137=DIRECTION('',(0.,1.,0.));
#3138=DIRECTION('',(0.,0.,1.));
#3139=DIRECTION('center_axis',(-1.02649843972042E-17,0.,-1.));
#3140=DIRECTION('ref_axis',(-1.,0.,1.02649843972042E-17));
#3141=DIRECTION('',(-1.,0.,1.02649843972042E-17));
#3142=DIRECTION('',(0.,1.,0.));
#3143=DIRECTION('',(-1.,0.,1.02649843972042E-17));
#3144=DIRECTION('center_axis',(-1.,0.,-5.32907051820075E-15));
#3145=DIRECTION('ref_axis',(-5.32907051820075E-15,0.,1.));
#3146=DIRECTION('',(-5.32907051820075E-15,0.,1.));
#3147=DIRECTION('center_axis',(1.,0.,0.));
#3148=DIRECTION('ref_axis',(0.,0.,-1.));
#3149=DIRECTION('',(0.,0.,-1.));
#3150=DIRECTION('',(0.,1.,0.));
#3151=DIRECTION('',(0.,1.,0.));
#3152=DIRECTION('center_axis',(-3.98734459373711E-17,0.,-1.));
#3153=DIRECTION('ref_axis',(-1.,0.,3.98734459373711E-17));
#3154=DIRECTION('',(-1.,0.,3.98734459373711E-17));
#3155=DIRECTION('',(-1.,0.,3.98734459373711E-17));
#3156=DIRECTION('center_axis',(0.,-1.,0.));
#3157=DIRECTION('ref_axis',(1.,0.,0.));
#3158=DIRECTION('center_axis',(0.,0.,-1.));
#3159=DIRECTION('ref_axis',(-1.,0.,0.));
#3160=DIRECTION('',(0.,1.,0.));
#3161=DIRECTION('',(1.,0.,0.));
#3162=DIRECTION('',(0.,-1.,0.));
#3163=DIRECTION('',(-1.,0.,0.));
#3164=DIRECTION('center_axis',(0.,1.,0.));
#3165=DIRECTION('ref_axis',(-1.,0.,0.));
#3166=DIRECTION('center_axis',(0.,-1.,0.));
#3167=DIRECTION('ref_axis',(0.979795897113271,0.,-0.199999999999999));
#3168=DIRECTION('',(1.,0.,0.));
#3169=DIRECTION('center_axis',(0.,-1.,0.));
#3170=DIRECTION('ref_axis',(-0.987832587035985,0.,-0.155520995334369));
#3171=DIRECTION('',(-1.,0.,-6.1136300351426E-14));
#3172=DIRECTION('center_axis',(0.,-1.,0.));
#3173=DIRECTION('ref_axis',(-0.979795897113269,0.,0.200000000000009));
#3174=DIRECTION('',(-1.,0.,0.));
#3175=DIRECTION('center_axis',(0.,-1.,0.));
#3176=DIRECTION('ref_axis',(0.987832587035985,0.,0.155520995334371));
#3177=DIRECTION('',(1.,0.,0.));
#3178=DIRECTION('center_axis',(0.,1.,0.));
#3179=DIRECTION('ref_axis',(-1.,0.,0.));
#3180=DIRECTION('',(0.,0.,1.));
#3181=DIRECTION('center_axis',(0.,1.,0.));
#3182=DIRECTION('ref_axis',(-1.,0.,0.));
#3183=DIRECTION('',(0.,0.,-1.));
#3184=DIRECTION('center_axis',(0.,1.,0.));
#3185=DIRECTION('ref_axis',(-1.,0.,0.));
#3186=DIRECTION('center_axis',(0.,-1.,0.));
#3187=DIRECTION('ref_axis',(0.981866540509168,0.,0.189573459715641));
#3188=DIRECTION('',(1.,0.,0.));
#3189=DIRECTION('center_axis',(0.,-1.,0.));
#3190=DIRECTION('ref_axis',(0.968245836551854,0.,-0.250000000000002));
#3191=DIRECTION('',(1.,0.,-8.49858207745131E-16));
#3192=DIRECTION('center_axis',(0.,-1.,0.));
#3193=DIRECTION('ref_axis',(-0.981866540509169,0.,-0.189573459715638));
#3194=DIRECTION('',(-1.,0.,1.69971641549026E-15));
#3195=DIRECTION('center_axis',(0.,-1.,0.));
#3196=DIRECTION('ref_axis',(-0.968245836551855,0.,0.249999999999998));
#3197=DIRECTION('',(-1.,0.,1.69971641549026E-15));
#3198=DIRECTION('center_axis',(-0.707106781186547,-0.707106781186548,2.05913765073282E-16));
#3199=DIRECTION('ref_axis',(2.91206039245943E-16,0.,1.));
#3200=DIRECTION('',(-0.707106781186548,0.707106781186547,0.));
#3201=DIRECTION('',(2.8899514740785E-16,2.21089183809282E-18,1.));
#3202=DIRECTION('',(-0.707106781186548,0.707106781186547,0.));
#3203=DIRECTION('',(-2.91206039245943E-16,0.,-1.));
#3204=DIRECTION('center_axis',(0.,0.,1.));
#3205=DIRECTION('ref_axis',(1.,0.,0.));
#3206=DIRECTION('',(0.,-1.,0.));
#3207=DIRECTION('',(1.,0.,0.));
#3208=DIRECTION('',(0.,1.,0.));
#3209=DIRECTION('center_axis',(0.707106781186546,-0.707106781186549,-3.00081736424015E-13));
#3210=DIRECTION('ref_axis',(-4.24379661471312E-13,0.,-1.));
#3211=DIRECTION('',(-0.707106781186549,-0.707106781186546,0.));
#3212=DIRECTION('',(0.,4.2437966147131E-13,-1.));
#3213=DIRECTION('',(-0.707106781186549,-0.707106781186546,-4.31775426138039E-14));
#3214=DIRECTION('',(4.24379661471312E-13,0.,1.));
#3215=DIRECTION('center_axis',(0.,0.,1.));
#3216=DIRECTION('ref_axis',(1.,0.,0.));
#3217=DIRECTION('',(0.,1.,0.));
#3218=DIRECTION('',(-1.,0.,0.));
#3219=DIRECTION('',(0.,-1.,0.));
#3220=DIRECTION('center_axis',(-1.,0.,4.24379661471312E-13));
#3221=DIRECTION('ref_axis',(4.24379661471312E-13,0.,1.));
#3222=DIRECTION('',(0.,1.,0.));
#3223=DIRECTION('',(-4.24379661471312E-13,0.,-1.));
#3224=DIRECTION('',(0.,-1.,0.));
#3225=DIRECTION('',(0.,-1.,0.));
#3226=DIRECTION('',(4.24379661471312E-13,-4.44089209850063E-15,1.));
#3227=DIRECTION('center_axis',(0.,0.,1.));
#3228=DIRECTION('ref_axis',(0.,1.,0.));
#3229=DIRECTION('',(-1.,0.,0.));
#3230=DIRECTION('',(0.,1.,0.));
#3231=DIRECTION('center_axis',(0.,-1.,0.));
#3232=DIRECTION('ref_axis',(0.,0.,1.));
#3233=DIRECTION('',(0.,0.,1.));
#3234=DIRECTION('center_axis',(0.,-1.,0.));
#3235=DIRECTION('ref_axis',(0.,0.,1.));
#3236=DIRECTION('',(1.,0.,0.));
#3237=DIRECTION('',(0.,0.,-1.));
#3238=DIRECTION('center_axis',(0.,0.,1.));
#3239=DIRECTION('ref_axis',(0.,1.,0.));
#3240=DIRECTION('',(0.,-1.,0.));
#3241=DIRECTION('center_axis',(1.97215226305253E-28,-1.,-4.44089209850063E-15));
#3242=DIRECTION('ref_axis',(4.65929662793508E-14,4.44089209850063E-15,-1.));
#3243=DIRECTION('',(-1.,0.,-4.44089209850062E-14));
#3244=DIRECTION('',(-2.91206039245943E-16,4.44089209850063E-15,-1.));
#3245=DIRECTION('center_axis',(4.44089209850062E-14,0.,-1.));
#3246=DIRECTION('ref_axis',(0.,1.,0.));
#3247=DIRECTION('',(0.,1.,0.));
#3248=DIRECTION('center_axis',(4.44089209850062E-14,0.,-1.));
#3249=DIRECTION('ref_axis',(0.,1.,0.));
#3250=DIRECTION('',(0.,1.,0.));
#3251=DIRECTION('center_axis',(4.44089209850062E-14,0.,-1.));
#3252=DIRECTION('ref_axis',(0.,1.,0.));
#3253=DIRECTION('',(1.,0.,4.44089209850062E-14));
#3254=DIRECTION('center_axis',(1.97215226305253E-28,-1.,-4.44089209850063E-15));
#3255=DIRECTION('ref_axis',(4.65929662793508E-14,4.44089209850063E-15,-1.));
#3256=DIRECTION('center_axis',(4.44089209850062E-14,0.,-1.));
#3257=DIRECTION('ref_axis',(0.,1.,0.));
#3258=DIRECTION('center_axis',(-1.,0.,0.));
#3259=DIRECTION('ref_axis',(0.,0.,-1.));
#3260=DIRECTION('',(0.,0.,1.));
#3261=DIRECTION('',(0.,1.,0.));
#3262=DIRECTION('',(0.,0.,-1.));
#3263=DIRECTION('center_axis',(0.,-1.,0.));
#3264=DIRECTION('ref_axis',(0.,0.,-1.));
#3265=DIRECTION('',(-1.,0.,-1.77635683940033E-16));
#3266=DIRECTION('',(0.,0.,1.));
#3267=DIRECTION('center_axis',(0.,1.,0.));
#3268=DIRECTION('ref_axis',(-1.,0.,0.));
#3269=DIRECTION('',(1.,0.,1.77635683940033E-16));
#3270=DIRECTION('',(-2.8899514740785E-16,0.,-1.));
#3271=DIRECTION('',(2.91206039245943E-16,0.,1.));
#3272=DIRECTION('',(-1.,0.,0.));
#3273=DIRECTION('',(-5.41572207134222E-16,0.,-1.));
#3274=DIRECTION('',(1.,0.,0.));
#3275=DIRECTION('',(0.,0.,-1.));
#3276=DIRECTION('',(1.,0.,6.10622663543836E-14));
#3277=DIRECTION('',(0.,0.,1.));
#3278=DIRECTION('',(1.,0.,0.));
#3279=DIRECTION('',(0.,0.,1.));
#3280=DIRECTION('center_axis',(1.,0.,0.));
#3281=DIRECTION('ref_axis',(0.,0.,1.));
#3282=DIRECTION('',(0.,-1.,0.));
#3283=DIRECTION('',(0.,0.,-1.));
#3284=DIRECTION('center_axis',(0.,-1.,0.));
#3285=DIRECTION('ref_axis',(0.,0.,-1.));
#3286=DIRECTION('',(-1.,0.,0.));
#3287=DIRECTION('',(0.,0.,-1.));
#3288=DIRECTION('center_axis',(1.,0.,-2.91206039245943E-16));
#3289=DIRECTION('ref_axis',(-2.91206039245943E-16,0.,-1.));
#3290=DIRECTION('',(0.,-1.,0.));
#3291=DIRECTION('center_axis',(-6.10622663543836E-14,0.,1.));
#3292=DIRECTION('ref_axis',(1.,0.,6.10622663543836E-14));
#3293=DIRECTION('',(0.,-1.,0.));
#3294=DIRECTION('center_axis',(-1.69971641549026E-15,0.,-1.));
#3295=DIRECTION('ref_axis',(-1.,0.,1.69971641549026E-15));
#3296=DIRECTION('',(0.,1.,0.));
#3297=DIRECTION('',(0.,1.,0.));
#3298=DIRECTION('center_axis',(0.,1.,0.));
#3299=DIRECTION('ref_axis',(-0.981866540509169,0.,-0.189573459715638));
#3300=DIRECTION('',(0.,1.,0.));
#3301=DIRECTION('center_axis',(8.49858207745131E-16,0.,1.));
#3302=DIRECTION('ref_axis',(1.,0.,-8.49858207745131E-16));
#3303=DIRECTION('',(0.,1.,0.));
#3304=DIRECTION('center_axis',(0.,1.,0.));
#3305=DIRECTION('ref_axis',(0.968245836551854,0.,-0.250000000000002));
#3306=DIRECTION('',(0.,1.,0.));
#3307=DIRECTION('center_axis',(0.,0.,-1.));
#3308=DIRECTION('ref_axis',(-1.,0.,0.));
#3309=DIRECTION('',(0.,1.,0.));
#3310=DIRECTION('',(0.,1.,0.));
#3311=DIRECTION('center_axis',(0.,1.,0.));
#3312=DIRECTION('ref_axis',(-0.979795897113269,0.,0.200000000000009));
#3313=DIRECTION('',(0.,1.,0.));
#3314=DIRECTION('center_axis',(6.1136300351426E-14,0.,-1.));
#3315=DIRECTION('ref_axis',(-1.,0.,-6.1136300351426E-14));
#3316=DIRECTION('',(0.,1.,0.));
#3317=DIRECTION('center_axis',(0.,1.,0.));
#3318=DIRECTION('ref_axis',(-0.987832587035985,0.,-0.155520995334369));
#3319=DIRECTION('',(0.,1.,0.));
#3320=DIRECTION('center_axis',(0.,0.,1.));
#3321=DIRECTION('ref_axis',(1.,0.,0.));
#3322=DIRECTION('',(0.,1.,0.));
#3323=DIRECTION('center_axis',(-1.,0.,0.));
#3324=DIRECTION('ref_axis',(0.,0.,1.));
#3325=DIRECTION('',(0.,1.,0.));
#3326=DIRECTION('',(0.,-1.,0.));
#3327=DIRECTION('center_axis',(0.,0.,1.));
#3328=DIRECTION('ref_axis',(1.,0.,0.));
#3329=DIRECTION('',(0.,1.,0.));
#3330=DIRECTION('center_axis',(-1.,0.,0.));
#3331=DIRECTION('ref_axis',(0.,0.,1.));
#3332=DIRECTION('center_axis',(-1.77635683940033E-16,0.,1.));
#3333=DIRECTION('ref_axis',(1.,0.,1.77635683940033E-16));
#3334=DIRECTION('',(0.,-1.,0.));
#3335=DIRECTION('',(0.,1.,0.));
#3336=DIRECTION('center_axis',(1.,0.,0.));
#3337=DIRECTION('ref_axis',(0.,0.,-1.));
#3338=DIRECTION('center_axis',(0.,0.,1.));
#3339=DIRECTION('ref_axis',(1.,0.,0.));
#3340=DIRECTION('',(0.,1.,0.));
#3341=DIRECTION('center_axis',(0.,0.,1.));
#3342=DIRECTION('ref_axis',(1.,0.,0.));
#3343=DIRECTION('',(0.,-1.,0.));
#3344=DIRECTION('center_axis',(0.,1.,0.));
#3345=DIRECTION('ref_axis',(0.987832587035985,0.,0.155520995334371));
#3346=DIRECTION('',(0.,1.,0.));
#3347=DIRECTION('center_axis',(0.,0.,1.));
#3348=DIRECTION('ref_axis',(1.,0.,0.));
#3349=DIRECTION('',(0.,1.,0.));
#3350=DIRECTION('center_axis',(0.,1.,0.));
#3351=DIRECTION('ref_axis',(0.979795897113271,0.,-0.199999999999999));
#3352=DIRECTION('center_axis',(0.,0.,1.));
#3353=DIRECTION('ref_axis',(1.,0.,0.));
#3354=DIRECTION('',(0.,-1.,0.));
#3355=DIRECTION('center_axis',(0.,1.,0.));
#3356=DIRECTION('ref_axis',(-0.968245836551855,0.,0.249999999999998));
#3357=DIRECTION('',(0.,1.,0.));
#3358=DIRECTION('center_axis',(-1.69971641549026E-15,0.,-1.));
#3359=DIRECTION('ref_axis',(-1.,0.,1.69971641549026E-15));
#3360=DIRECTION('',(0.,1.,0.));
#3361=DIRECTION('center_axis',(0.,1.,0.));
#3362=DIRECTION('ref_axis',(0.981866540509168,0.,0.189573459715641));
#3363=DIRECTION('center_axis',(1.,0.,-2.8899514740785E-16));
#3364=DIRECTION('ref_axis',(-2.8899514740785E-16,0.,-1.));
#3365=CARTESIAN_POINT('',(0.,0.,0.));
#3366=CARTESIAN_POINT('Origin',(22.3281649150524,26.7998653769233,4.25));
#3367=CARTESIAN_POINT('',(22.3281649150524,26.7998653769233,4.25));
#3368=CARTESIAN_POINT('',(17.8281649150524,26.7998653769233,4.25));
#3369=CARTESIAN_POINT('',(11.1640824575313,26.7998653769233,4.25));
#3370=CARTESIAN_POINT('',(22.3281649150524,25.2998653769233,4.25));
#3371=CARTESIAN_POINT('',(22.3281649150524,26.7998653769233,4.25));
#3372=CARTESIAN_POINT('',(17.8281649150524,25.2998653769233,4.25));
#3373=CARTESIAN_POINT('',(11.1640824575319,25.2998653769233,4.25));
#3374=CARTESIAN_POINT('',(17.8281649150524,26.7998653769233,4.25));
#3375=CARTESIAN_POINT('Origin',(1.01696429055664E-11,26.7998653769233,33.5));
#3376=CARTESIAN_POINT('',(22.3281649150524,26.7998653769233,3.));
#3377=CARTESIAN_POINT('',(22.3281649150524,26.7998653769233,18.25));
#3378=CARTESIAN_POINT('',(17.8281649150524,26.7998653769233,3.));
#3379=CARTESIAN_POINT('',(17.8281649150524,26.7998653769233,18.875));
#3380=CARTESIAN_POINT('',(-37.499999340489,26.7998653769233,3.));
#3381=CARTESIAN_POINT('',(37.4999993405116,26.7998653769233,3.));
#3382=CARTESIAN_POINT('',(-37.499999340489,26.7998653769233,17.9));
#3383=CARTESIAN_POINT('',(-37.499999340489,26.7998653769233,3.));
#3384=CARTESIAN_POINT('',(-24.999999340489,26.7998653769233,17.9));
#3385=CARTESIAN_POINT('',(-37.499999340489,26.7998653769233,17.9));
#3386=CARTESIAN_POINT('',(-24.9999993404918,26.7998653769233,72.2));
#3387=CARTESIAN_POINT('',(-24.999999340489,26.7998653769233,17.9));
#3388=CARTESIAN_POINT('',(24.9999993405122,26.7998653769233,72.2));
#3389=CARTESIAN_POINT('',(-24.9999993404918,26.7998653769233,72.2));
#3390=CARTESIAN_POINT('',(24.9999993405122,26.7998653769233,17.9));
#3391=CARTESIAN_POINT('',(24.9999993405122,26.7998653769233,72.2));
#3392=CARTESIAN_POINT('',(37.4999993405116,26.7998653769233,17.9));
#3393=CARTESIAN_POINT('',(24.9999993405122,26.7998653769233,17.9));
#3394=CARTESIAN_POINT('',(37.4999993405116,26.7998653769233,3.));
#3395=CARTESIAN_POINT('',(37.4999993405116,26.7998653769233,17.9));
#3396=CARTESIAN_POINT('',(37.4999993405116,26.7998653769233,3.));
#3397=CARTESIAN_POINT('',(-12.2474487139051,26.7998653769233,45.5));
#3398=CARTESIAN_POINT('',(12.2474487139267,26.7998653769233,45.5));
#3399=CARTESIAN_POINT('Origin',(1.07924780223811E-11,26.7998653769233,48.));
#3400=CARTESIAN_POINT('',(15.8794088366143,26.7998653769233,45.5));
#3401=CARTESIAN_POINT('',(12.2474487139267,26.7998653769233,45.5));
#3402=CARTESIAN_POINT('',(15.8794088366143,26.7998653769233,50.5));
#3403=CARTESIAN_POINT('Origin',(1.07924780223811E-11,26.7998653769233,48.));
#3404=CARTESIAN_POINT('',(12.2474487139267,26.7998653769233,50.5));
#3405=CARTESIAN_POINT('',(15.8794088366143,26.7998653769233,50.5));
#3406=CARTESIAN_POINT('',(-12.2474487139051,26.7998653769233,50.5000000000001));
#3407=CARTESIAN_POINT('Origin',(1.07924780223811E-11,26.7998653769233,48.));
#3408=CARTESIAN_POINT('',(-15.8794088365927,26.7998653769233,50.4999999999999));
#3409=CARTESIAN_POINT('',(-12.2474487139051,26.7998653769233,50.5000000000001));
#3410=CARTESIAN_POINT('',(-15.8794088365927,26.7998653769233,45.5));
#3411=CARTESIAN_POINT('Origin',(1.07924780223811E-11,26.7998653769233,48.));
#3412=CARTESIAN_POINT('',(-15.8794088365927,26.7998653769233,45.5));
#3413=CARTESIAN_POINT('',(10.3586920023823,26.7998653769233,16.));
#3414=CARTESIAN_POINT('',(10.3586920023823,26.7998653769233,20.));
#3415=CARTESIAN_POINT('Origin',(1.06026298851702E-11,26.7998653769233,18.));
#3416=CARTESIAN_POINT('',(7.7459666924255,26.7998653769233,20.));
#3417=CARTESIAN_POINT('',(10.3586920023823,26.7998653769233,20.));
#3418=CARTESIAN_POINT('',(-7.74596669240431,26.7998653769233,20.));
#3419=CARTESIAN_POINT('Origin',(1.06026298851702E-11,26.7998653769233,18.));
#3420=CARTESIAN_POINT('',(-10.3586920023612,26.7998653769233,20.));
#3421=CARTESIAN_POINT('',(-7.74596669240431,26.7998653769233,20.));
#3422=CARTESIAN_POINT('',(-10.3586920023612,26.7998653769233,16.));
#3423=CARTESIAN_POINT('Origin',(1.06026298851702E-11,26.7998653769233,18.));
#3424=CARTESIAN_POINT('',(-7.74596669240417,26.7998653769233,16.));
#3425=CARTESIAN_POINT('',(-10.3586920023612,26.7998653769233,16.));
#3426=CARTESIAN_POINT('',(7.74596669242536,26.7998653769233,16.));
#3427=CARTESIAN_POINT('Origin',(1.06026298851702E-11,26.7998653769233,18.));
#3428=CARTESIAN_POINT('',(7.74596669242536,26.7998653769233,16.));
#3429=CARTESIAN_POINT('Origin',(24.9999993405122,23.2998653769233,3.));
#3430=CARTESIAN_POINT('',(17.8281649150524,23.2998653769233,3.));
#3431=CARTESIAN_POINT('',(17.8281649150524,23.2998653769233,3.));
#3432=CARTESIAN_POINT('',(-35.649999340489,23.2998653769233,3.));
#3433=CARTESIAN_POINT('',(37.4999993405116,23.2998653769233,3.));
#3434=CARTESIAN_POINT('',(-35.649999340489,17.6998653769233,3.));
#3435=CARTESIAN_POINT('',(-35.649999340489,23.2998653769233,3.));
#3436=CARTESIAN_POINT('',(-37.499999340489,17.6998653769233,3.));
#3437=CARTESIAN_POINT('',(-37.499999340489,17.6998653769233,3.));
#3438=CARTESIAN_POINT('',(-37.499999340489,23.2998653769233,3.));
#3439=CARTESIAN_POINT('Origin',(-35.299999340489,20.9998653769233,8.2));
#3440=CARTESIAN_POINT('',(-35.049999340489,20.9998653769234,8.45));
#3441=CARTESIAN_POINT('',(-35.049999340489,19.9998653769234,8.45));
#3442=CARTESIAN_POINT('',(-35.049999340489,20.9998653769233,8.45));
#3443=CARTESIAN_POINT('',(-35.549999340489,19.4998653769234,7.95));
#3444=CARTESIAN_POINT('',(-35.049999340489,19.9998653769234,8.45));
#3445=CARTESIAN_POINT('',(-35.549999340489,21.4998653769233,7.95));
#3446=CARTESIAN_POINT('',(-35.549999340489,20.9998653769233,7.95));
#3447=CARTESIAN_POINT('',(-35.049999340489,20.9998653769234,8.45));
#3448=CARTESIAN_POINT('Origin',(-35.299999340489,19.7498653769234,9.2));
#3449=CARTESIAN_POINT('',(-35.549999340489,19.4998653769234,12.95));
#3450=CARTESIAN_POINT('',(-35.549999340489,19.4998653769234,9.2));
#3451=CARTESIAN_POINT('',(-35.049999340489,19.9998653769234,12.45));
#3452=CARTESIAN_POINT('',(-35.049999340489,19.9998653769234,9.2));
#3453=CARTESIAN_POINT('',(-35.049999340489,19.9998653769234,12.45));
#3454=CARTESIAN_POINT('Origin',(-35.299999340489,19.9998653769233,12.7));
#3455=CARTESIAN_POINT('',(-35.549999340489,21.4998653769233,12.95));
#3456=CARTESIAN_POINT('',(-35.549999340489,19.9998653769233,12.95));
#3457=CARTESIAN_POINT('',(-35.049999340489,20.9998653769234,12.45));
#3458=CARTESIAN_POINT('',(-35.049999340489,19.9998653769233,12.45));
#3459=CARTESIAN_POINT('',(-35.049999340489,20.9998653769234,12.45));
#3460=CARTESIAN_POINT('Origin',(-35.299999340489,21.2498653769234,11.7));
#3461=CARTESIAN_POINT('',(-35.549999340489,21.4998653769234,11.7));
#3462=CARTESIAN_POINT('',(-35.049999340489,20.9998653769234,11.7));
#3463=CARTESIAN_POINT('Origin',(35.4999993405116,21.4998653769234,12.95));
#3464=CARTESIAN_POINT('',(-35.649999340489,21.4998653769233,7.95));
#3465=CARTESIAN_POINT('',(-35.499999340489,21.4998653769233,7.95));
#3466=CARTESIAN_POINT('',(-35.649999340489,21.4998653769233,12.95));
#3467=CARTESIAN_POINT('',(-35.649999340489,21.4998653769234,7.975));
#3468=CARTESIAN_POINT('',(-35.499999340489,21.4998653769233,12.95));
#3469=CARTESIAN_POINT('Origin',(35.4999993405116,21.4998653769234,7.95));
#3470=CARTESIAN_POINT('',(-35.649999340489,19.4998653769234,7.95));
#3471=CARTESIAN_POINT('',(35.4999993405116,19.4998653769234,7.95));
#3472=CARTESIAN_POINT('',(-35.649999340489,22.3998653769234,7.95));
#3473=CARTESIAN_POINT('Origin',(-35.049999340489,20.4998653769233,10.45));
#3474=CARTESIAN_POINT('Origin',(35.2999993405116,21.2498653769234,11.7));
#3475=CARTESIAN_POINT('',(35.0499993405116,20.9998653769234,8.45));
#3476=CARTESIAN_POINT('',(35.0499993405116,20.9998653769234,12.45));
#3477=CARTESIAN_POINT('',(35.0499993405116,20.9998653769234,11.7));
#3478=CARTESIAN_POINT('',(35.5499993405116,21.4998653769234,12.95));
#3479=CARTESIAN_POINT('',(35.0499993405116,20.9998653769234,12.45));
#3480=CARTESIAN_POINT('',(35.5499993405116,21.4998653769234,7.95));
#3481=CARTESIAN_POINT('',(35.5499993405116,21.4998653769234,11.7));
#3482=CARTESIAN_POINT('',(35.0499993405116,20.9998653769234,8.45));
#3483=CARTESIAN_POINT('Origin',(35.2999993405116,19.9998653769234,12.7));
#3484=CARTESIAN_POINT('',(35.0499993405116,19.9998653769234,12.45));
#3485=CARTESIAN_POINT('',(35.0499993405116,19.9998653769234,12.45));
#3486=CARTESIAN_POINT('',(35.5499993405116,19.4998653769234,12.95));
#3487=CARTESIAN_POINT('',(35.0499993405116,19.9998653769234,12.45));
#3488=CARTESIAN_POINT('',(35.5499993405116,19.9998653769234,12.95));
#3489=CARTESIAN_POINT('Origin',(35.2999993405116,19.7498653769234,9.2));
#3490=CARTESIAN_POINT('',(35.0499993405116,19.9998653769234,8.45));
#3491=CARTESIAN_POINT('',(35.0499993405116,19.9998653769234,9.2));
#3492=CARTESIAN_POINT('',(35.5499993405116,19.4998653769234,7.95));
#3493=CARTESIAN_POINT('',(35.0499993405116,19.9998653769234,8.45));
#3494=CARTESIAN_POINT('',(35.5499993405116,19.4998653769234,9.2));
#3495=CARTESIAN_POINT('Origin',(35.2999993405116,20.9998653769234,8.2));
#3496=CARTESIAN_POINT('',(35.5499993405116,20.9998653769234,7.95));
#3497=CARTESIAN_POINT('',(35.0499993405116,20.9998653769234,8.45));
#3498=CARTESIAN_POINT('Origin',(35.4999993405116,21.4998653769234,7.95));
#3499=CARTESIAN_POINT('',(35.6499993405116,21.4998653769234,7.95));
#3500=CARTESIAN_POINT('',(35.4999993405116,21.4998653769234,7.95));
#3501=CARTESIAN_POINT('',(35.6499993405116,19.4998653769234,7.95));
#3502=CARTESIAN_POINT('',(35.6499993405116,22.3998653769234,7.95));
#3503=CARTESIAN_POINT('',(35.4999993405116,19.4998653769234,7.95));
#3504=CARTESIAN_POINT('Origin',(35.4999993405116,21.4998653769234,12.95));
#3505=CARTESIAN_POINT('',(35.6499993405116,21.4998653769234,12.95));
#3506=CARTESIAN_POINT('',(35.4999993405116,21.4998653769234,12.95));
#3507=CARTESIAN_POINT('',(35.6499993405116,21.4998653769234,15.425));
#3508=CARTESIAN_POINT('Origin',(35.0499993405116,20.4998653769234,10.45));
#3509=CARTESIAN_POINT('Origin',(22.7999993405122,20.0498653769233,39.75));
#3510=CARTESIAN_POINT('',(22.5499993405122,20.2998653769233,58.500000000002));
#3511=CARTESIAN_POINT('',(22.5499993405122,20.2998653769233,54.500000000002));
#3512=CARTESIAN_POINT('',(22.5499993405122,20.2998653769233,39.75));
#3513=CARTESIAN_POINT('',(23.0499993405122,19.7998653769233,54.000000000002));
#3514=CARTESIAN_POINT('',(22.5499993405122,20.2998653769233,54.500000000002));
#3515=CARTESIAN_POINT('',(23.0499993405122,19.7998653769233,59.));
#3516=CARTESIAN_POINT('',(23.0499993405122,19.7998653769233,39.75));
#3517=CARTESIAN_POINT('',(22.5499993405122,20.2998653769233,58.500000000002));
#3518=CARTESIAN_POINT('Origin',(22.7999993405122,18.8656200392471,54.250000000002));
#3519=CARTESIAN_POINT('',(22.5499993405122,21.2998653769233,54.500000000002));
#3520=CARTESIAN_POINT('',(22.5499993405122,18.8656200392471,54.500000000002));
#3521=CARTESIAN_POINT('',(23.0499993405122,21.7998653769233,54.));
#3522=CARTESIAN_POINT('',(22.5499993405122,21.2998653769233,54.500000000002));
#3523=CARTESIAN_POINT('',(23.0499993405122,18.8656200392471,54.000000000002));
#3524=CARTESIAN_POINT('Origin',(22.7999993405122,21.5498653769233,42.25));
#3525=CARTESIAN_POINT('',(22.5499993405122,21.2998653769233,58.500000000002));
#3526=CARTESIAN_POINT('',(22.5499993405122,21.2998653769233,42.25));
#3527=CARTESIAN_POINT('',(23.0499993405122,21.7998653769233,59.));
#3528=CARTESIAN_POINT('',(22.5499993405122,21.2998653769233,58.500000000002));
#3529=CARTESIAN_POINT('',(23.0499993405122,21.7998653769233,42.25));
#3530=CARTESIAN_POINT('Origin',(22.7999993405122,19.8656200392471,58.750000000002));
#3531=CARTESIAN_POINT('',(23.0499993405122,19.8656200392471,59.000000000002));
#3532=CARTESIAN_POINT('',(22.5499993405122,19.8656200392471,58.500000000002));
#3533=CARTESIAN_POINT('Origin',(-22.9999993405215,20.4313747015709,59.));
#3534=CARTESIAN_POINT('',(23.1499993405122,19.7998653769233,59.));
#3535=CARTESIAN_POINT('',(22.9999993405122,19.7998653769233,59.));
#3536=CARTESIAN_POINT('',(23.1499993405122,21.7998653769233,59.));
#3537=CARTESIAN_POINT('',(23.1499993405122,17.8656200392471,59.000000000002));
#3538=CARTESIAN_POINT('',(22.9999993405122,21.7998653769233,59.));
#3539=CARTESIAN_POINT('Origin',(22.9999993405122,19.7998653769233,54.));
#3540=CARTESIAN_POINT('',(23.1499993405122,19.7998653769233,54.000000000002));
#3541=CARTESIAN_POINT('',(-4.57411886145569E-12,19.7998653769233,54.000000000001));
#3542=CARTESIAN_POINT('',(23.1499993405122,19.7998653769233,59.));
#3543=CARTESIAN_POINT('Origin',(22.5499993405122,19.2998653769234,25.5));
#3544=CARTESIAN_POINT('Origin',(22.7999993405122,19.7998653769233,27.7500000000021));
#3545=CARTESIAN_POINT('',(22.5499993405122,19.7998653769233,27.5000000000021));
#3546=CARTESIAN_POINT('',(22.5499993405122,18.7998653769233,27.5000000000021));
#3547=CARTESIAN_POINT('',(22.5499993405122,19.7998653769233,27.5000000000021));
#3548=CARTESIAN_POINT('',(23.0499993405122,18.2998653769233,28.0000000000021));
#3549=CARTESIAN_POINT('',(22.5499993405122,18.7998653769233,27.5000000000021));
#3550=CARTESIAN_POINT('',(23.0499993405122,20.2998653769234,28.));
#3551=CARTESIAN_POINT('',(23.0499993405122,19.7998653769233,28.0000000000021));
#3552=CARTESIAN_POINT('',(22.5499993405122,19.7998653769233,27.5000000000021));
#3553=CARTESIAN_POINT('Origin',(22.7999993405122,18.5498653769233,26.75));
#3554=CARTESIAN_POINT('',(23.0499993405122,18.2998653769233,23.0000000000021));
#3555=CARTESIAN_POINT('',(23.0499993405122,18.2998653769233,26.75));
#3556=CARTESIAN_POINT('',(22.5499993405122,18.7998653769233,23.5000000000021));
#3557=CARTESIAN_POINT('',(22.5499993405122,18.7998653769233,26.75));
#3558=CARTESIAN_POINT('',(22.5499993405122,18.7998653769233,23.5000000000021));
#3559=CARTESIAN_POINT('Origin',(22.7999993405122,18.7998653769234,23.2500000000021));
#3560=CARTESIAN_POINT('',(23.0499993405122,20.2998653769233,23.));
#3561=CARTESIAN_POINT('',(23.0499993405122,18.7998653769234,23.0000000000021));
#3562=CARTESIAN_POINT('',(22.5499993405122,19.7998653769233,23.5000000000021));
#3563=CARTESIAN_POINT('',(22.5499993405122,18.7998653769234,23.5000000000021));
#3564=CARTESIAN_POINT('',(22.5499993405122,19.7998653769233,23.5000000000021));
#3565=CARTESIAN_POINT('Origin',(22.7999993405122,20.0498653769233,24.25));
#3566=CARTESIAN_POINT('',(23.0499993405122,20.2998653769233,24.25));
#3567=CARTESIAN_POINT('',(22.5499993405122,19.7998653769233,24.25));
#3568=CARTESIAN_POINT('Origin',(-22.9999993405199,20.2998653769233,23.0000000000001));
#3569=CARTESIAN_POINT('',(23.1499993405122,20.2998653769234,28.));
#3570=CARTESIAN_POINT('',(22.9999993405122,20.2998653769234,28.));
#3571=CARTESIAN_POINT('',(23.1499993405122,20.2998653769233,23.));
#3572=CARTESIAN_POINT('',(23.1499993405122,20.2998653769233,43.5));
#3573=CARTESIAN_POINT('',(22.9999993405122,20.2998653769233,23.));
#3574=CARTESIAN_POINT('Origin',(-22.9999993405202,20.2998653769233,28.0000000000001));
#3575=CARTESIAN_POINT('',(23.1499993405122,18.2998653769233,28.0000000000021));
#3576=CARTESIAN_POINT('',(-22.9999993405202,18.2998653769233,28.0000000000001));
#3577=CARTESIAN_POINT('',(23.1499993405122,17.7998653769234,28.0000000000021));
#3578=CARTESIAN_POINT('Origin',(22.5499993405122,19.2998653769234,25.5));
#3579=CARTESIAN_POINT('Origin',(-22.7999993405207,20.0498653769233,39.75));
#3580=CARTESIAN_POINT('',(-22.5499993405201,19.7998653769233,27.5000000000001));
#3581=CARTESIAN_POINT('',(-22.54999934052,19.7998653769233,23.5000000000001));
#3582=CARTESIAN_POINT('',(-22.5499993405207,19.7998653769233,39.7500000000001));
#3583=CARTESIAN_POINT('',(-23.0499993405199,20.2998653769233,23.0000000000001));
#3584=CARTESIAN_POINT('',(-22.54999934052,19.7998653769233,23.5000000000001));
#3585=CARTESIAN_POINT('',(-23.0499993405202,20.2998653769233,28.0000000000001));
#3586=CARTESIAN_POINT('',(-23.0499993405207,20.2998653769233,39.75));
#3587=CARTESIAN_POINT('',(-22.5499993405201,19.7998653769233,27.5000000000001));
#3588=CARTESIAN_POINT('Origin',(-22.7999993405199,18.8656200392471,23.2500000000001));
#3589=CARTESIAN_POINT('',(-22.54999934052,18.7998653769233,23.5000000000001));
#3590=CARTESIAN_POINT('',(-22.54999934052,18.8656200392471,23.5000000000001));
#3591=CARTESIAN_POINT('',(-23.0499993405199,18.2998653769233,23.0000000000001));
#3592=CARTESIAN_POINT('',(-22.54999934052,18.7998653769233,23.5000000000001));
#3593=CARTESIAN_POINT('',(-23.0499993405199,18.8656200392471,23.0000000000001));
#3594=CARTESIAN_POINT('Origin',(-22.7999993405208,18.5498653769233,42.25));
#3595=CARTESIAN_POINT('',(-22.5499993405201,18.7998653769233,27.5000000000001));
#3596=CARTESIAN_POINT('',(-22.5499993405208,18.7998653769233,42.25));
#3597=CARTESIAN_POINT('',(-23.0499993405202,18.2998653769233,28.0000000000001));
#3598=CARTESIAN_POINT('',(-22.5499993405201,18.7998653769233,27.5000000000001));
#3599=CARTESIAN_POINT('',(-23.0499993405208,18.2998653769233,42.25));
#3600=CARTESIAN_POINT('Origin',(-22.7999993405202,19.8656200392471,27.7500000000001));
#3601=CARTESIAN_POINT('',(-23.0499993405202,19.8656200392471,28.0000000000001));
#3602=CARTESIAN_POINT('',(-22.5499993405201,19.8656200392471,27.5000000000001));
#3603=CARTESIAN_POINT('Origin',(-22.9999993405202,20.2998653769233,28.0000000000001));
#3604=CARTESIAN_POINT('',(-23.149999340507,20.2998653769233,28.0000000000001));
#3605=CARTESIAN_POINT('',(-22.9999993405202,20.2998653769233,28.0000000000001));
#3606=CARTESIAN_POINT('',(-23.149999340507,18.2998653769233,28.0000000000001));
#3607=CARTESIAN_POINT('',(-23.149999340507,17.7998653769233,28.0000000000001));
#3608=CARTESIAN_POINT('',(-22.9999993405202,18.2998653769233,28.0000000000001));
#3609=CARTESIAN_POINT('Origin',(-22.9999993405199,20.2998653769233,23.0000000000001));
#3610=CARTESIAN_POINT('',(-23.1499993405091,20.2998653769233,23.0000000000001));
#3611=CARTESIAN_POINT('',(-22.9999993405199,20.2998653769233,23.0000000000001));
#3612=CARTESIAN_POINT('',(-23.1499993405102,20.2998653769233,20.5000000000001));
#3613=CARTESIAN_POINT('Origin',(-22.5499993405214,19.4313747015709,56.5));
#3614=CARTESIAN_POINT('Origin',(-22.7999993405214,20.1813747015709,55.25));
#3615=CARTESIAN_POINT('',(-22.5499993405215,19.9313747015709,58.5));
#3616=CARTESIAN_POINT('',(-22.5499993405213,19.9313747015709,54.5));
#3617=CARTESIAN_POINT('',(-22.5499993405214,19.9313747015709,55.25));
#3618=CARTESIAN_POINT('',(-23.0499993405213,20.4313747015709,54.));
#3619=CARTESIAN_POINT('',(-22.5499993405213,19.9313747015709,54.5));
#3620=CARTESIAN_POINT('',(-23.0499993405215,20.4313747015709,59.));
#3621=CARTESIAN_POINT('',(-23.0499993405214,20.4313747015709,55.25));
#3622=CARTESIAN_POINT('',(-23.0499993405215,20.4313747015709,59.));
#3623=CARTESIAN_POINT('Origin',(-22.7999993405213,18.9313747015709,54.25));
#3624=CARTESIAN_POINT('',(-23.0499993405213,18.4313747015709,54.));
#3625=CARTESIAN_POINT('',(-23.0499993405213,18.9313747015709,54.));
#3626=CARTESIAN_POINT('',(-22.5499993405213,18.9313747015709,54.5));
#3627=CARTESIAN_POINT('',(-22.5499993405213,18.9313747015709,54.5));
#3628=CARTESIAN_POINT('',(-23.0499993405213,18.4313747015709,54.));
#3629=CARTESIAN_POINT('Origin',(-22.7999993405215,19.9313747015709,58.75));
#3630=CARTESIAN_POINT('',(-22.5499993405215,18.9313747015709,58.5));
#3631=CARTESIAN_POINT('',(-22.5499993405215,19.9313747015709,58.5));
#3632=CARTESIAN_POINT('',(-23.0499993405215,18.4313747015709,59.));
#3633=CARTESIAN_POINT('',(-23.0499993405215,19.9313747015709,59.));
#3634=CARTESIAN_POINT('',(-23.0499993405215,18.4313747015709,59.));
#3635=CARTESIAN_POINT('Origin',(-22.7999993405215,18.6813747015709,57.75));
#3636=CARTESIAN_POINT('',(-22.5499993405215,18.9313747015709,57.75));
#3637=CARTESIAN_POINT('',(-23.0499993405215,18.4313747015709,57.75));
#3638=CARTESIAN_POINT('Origin',(-22.9999993405215,20.4313747015709,59.));
#3639=CARTESIAN_POINT('',(-23.1499993404938,20.4313747015709,59.));
#3640=CARTESIAN_POINT('',(-22.9999993405215,20.4313747015709,59.));
#3641=CARTESIAN_POINT('',(-23.1499993404938,18.4313747015709,59.));
#3642=CARTESIAN_POINT('',(-23.1499993404938,17.8656200392471,59.));
#3643=CARTESIAN_POINT('',(-22.9999993405215,18.4313747015709,59.));
#3644=CARTESIAN_POINT('Origin',(-22.9999993405213,20.4313747015709,54.));
#3645=CARTESIAN_POINT('',(-23.149999340496,20.4313747015709,54.));
#3646=CARTESIAN_POINT('',(-22.9999993405213,20.4313747015709,54.));
#3647=CARTESIAN_POINT('',(-23.1499993405036,20.4313747015709,36.0000000000001));
#3648=CARTESIAN_POINT('Origin',(-22.5499993405214,19.4313747015709,56.5));
#3649=CARTESIAN_POINT('Origin',(22.9999993405122,21.7998653769233,59.));
#3650=CARTESIAN_POINT('',(23.1499993405122,21.7998653769233,54.));
#3651=CARTESIAN_POINT('',(23.1499993405122,21.7998653769233,61.5));
#3652=CARTESIAN_POINT('',(22.9999993405122,21.7998653769233,54.));
#3653=CARTESIAN_POINT('Origin',(-22.9999993405215,18.4313747015709,59.));
#3654=CARTESIAN_POINT('',(-23.149999340496,18.4313747015709,54.));
#3655=CARTESIAN_POINT('',(-23.1499993405025,18.4313747015708,38.5000000000001));
#3656=CARTESIAN_POINT('',(-22.9999993405213,18.4313747015709,54.));
#3657=CARTESIAN_POINT('Origin',(1.13109521748811E-11,23.2998653769233,36.975));
#3658=CARTESIAN_POINT('',(-35.649999340489,23.2998653769233,16.65));
#3659=CARTESIAN_POINT('',(-35.649999340489,23.2998653769233,4.25));
#3660=CARTESIAN_POINT('',(-35.649999340489,23.2998653769233,19.9875));
#3661=CARTESIAN_POINT('',(-36.249999340489,23.2998653769233,4.25));
#3662=CARTESIAN_POINT('',(-36.249999340489,23.2998653769233,4.25));
#3663=CARTESIAN_POINT('',(-36.249999340489,23.2998653769233,16.65));
#3664=CARTESIAN_POINT('',(-36.249999340489,23.2998653769233,16.65));
#3665=CARTESIAN_POINT('',(-23.7499993404802,23.2998653769233,16.65));
#3666=CARTESIAN_POINT('Origin',(1.13109521748811E-11,23.2998653769233,36.975));
#3667=CARTESIAN_POINT('',(35.6499993405116,23.2998653769233,4.25));
#3668=CARTESIAN_POINT('',(35.6499993405116,23.2998653769233,16.65));
#3669=CARTESIAN_POINT('',(35.6499993405116,23.2998653769233,27.4375));
#3670=CARTESIAN_POINT('',(36.2499993405116,23.2998653769233,16.65));
#3671=CARTESIAN_POINT('',(36.2499993405116,23.2998653769233,16.65));
#3672=CARTESIAN_POINT('',(36.2499993405116,23.2998653769233,4.25));
#3673=CARTESIAN_POINT('',(36.2499993405116,23.2998653769233,4.25));
#3674=CARTESIAN_POINT('',(22.3281649150524,23.2998653769233,4.25));
#3675=CARTESIAN_POINT('Origin',(1.05221387158849E-11,23.2998653769233,18.));
#3676=CARTESIAN_POINT('',(10.370524844798,23.2998653769233,12.9152468650242));
#3677=CARTESIAN_POINT('',(10.3705248447981,23.2998653769233,23.0847531349756));
#3678=CARTESIAN_POINT('Origin',(1.05221387158849E-11,23.2998653769233,18.));
#3679=CARTESIAN_POINT('',(10.370524844798,25.2998653769233,12.9152468650242));
#3680=CARTESIAN_POINT('',(10.370524844798,23.2998653769233,12.9152468650242));
#3681=CARTESIAN_POINT('',(10.3705248447981,25.2998653769233,23.0847531349756));
#3682=CARTESIAN_POINT('Origin',(1.05221387158849E-11,25.2998653769233,18.));
#3683=CARTESIAN_POINT('',(10.3705248447981,23.2998653769233,23.0847531349756));
#3684=CARTESIAN_POINT('Origin',(4.63791337781285,23.2998653769233,13.3620866221974));
#3685=CARTESIAN_POINT('',(5.08475313498566,23.2998653769233,7.62947515521222));
#3686=CARTESIAN_POINT('Origin',(4.63791337781285,23.2998653769233,13.3620866221974));
#3687=CARTESIAN_POINT('',(5.08475313498566,25.2998653769233,7.62947515521223));
#3688=CARTESIAN_POINT('',(5.08475313498566,23.2998653769233,7.62947515521222));
#3689=CARTESIAN_POINT('Origin',(4.63791337781285,25.2998653769233,13.3620866221974));
#3690=CARTESIAN_POINT('Origin',(1.05221387158849E-11,23.2998653769233,18.));
#3691=CARTESIAN_POINT('',(-5.08475313496477,23.2998653769233,7.6294751552123));
#3692=CARTESIAN_POINT('Origin',(1.05221387158849E-11,23.2998653769233,18.));
#3693=CARTESIAN_POINT('',(-5.08475313496477,25.2998653769233,7.6294751552123));
#3694=CARTESIAN_POINT('',(-5.08475313496477,23.2998653769233,7.6294751552123));
#3695=CARTESIAN_POINT('Origin',(1.05221387158849E-11,25.2998653769233,18.));
#3696=CARTESIAN_POINT('Origin',(-4.63791337779228,23.2998653769233,13.3620866221975));
#3697=CARTESIAN_POINT('',(-10.3705248447775,23.2998653769233,12.9152468650253));
#3698=CARTESIAN_POINT('Origin',(-4.63791337779228,23.2998653769233,13.3620866221975));
#3699=CARTESIAN_POINT('',(-10.3705248447775,25.2998653769233,12.9152468650253));
#3700=CARTESIAN_POINT('',(-10.3705248447775,23.2998653769233,12.9152468650253));
#3701=CARTESIAN_POINT('Origin',(-4.63791337779228,25.2998653769233,13.3620866221975));
#3702=CARTESIAN_POINT('Origin',(1.05221387158849E-11,23.2998653769233,18.));
#3703=CARTESIAN_POINT('',(-10.3705248447774,23.2998653769233,23.0847531349748));
#3704=CARTESIAN_POINT('Origin',(1.05221387158849E-11,23.2998653769233,18.));
#3705=CARTESIAN_POINT('',(-10.3705248447774,25.2998653769233,23.0847531349748));
#3706=CARTESIAN_POINT('',(-10.3705248447774,23.2998653769233,23.0847531349748));
#3707=CARTESIAN_POINT('Origin',(1.05221387158849E-11,25.2998653769233,18.));
#3708=CARTESIAN_POINT('Origin',(-4.63791337779219,23.2998653769233,22.6379133778026));
#3709=CARTESIAN_POINT('',(-5.08475313496453,23.2998653769233,28.3705248447878));
#3710=CARTESIAN_POINT('Origin',(-4.63791337779219,23.2998653769233,22.6379133778026));
#3711=CARTESIAN_POINT('',(-5.08475313496453,25.2998653769233,28.3705248447878));
#3712=CARTESIAN_POINT('',(-5.08475313496453,23.2998653769233,28.3705248447878));
#3713=CARTESIAN_POINT('Origin',(-4.63791337779219,25.2998653769233,22.6379133778026));
#3714=CARTESIAN_POINT('Origin',(1.05221387158849E-11,23.2998653769233,18.));
#3715=CARTESIAN_POINT('',(5.0847531349859,23.2998653769233,28.3705248447877));
#3716=CARTESIAN_POINT('Origin',(1.05221387158849E-11,23.2998653769233,18.));
#3717=CARTESIAN_POINT('',(5.0847531349859,25.2998653769233,28.3705248447877));
#3718=CARTESIAN_POINT('',(5.0847531349859,23.2998653769233,28.3705248447877));
#3719=CARTESIAN_POINT('Origin',(1.05221387158849E-11,25.2998653769233,18.));
#3720=CARTESIAN_POINT('Origin',(4.63791337781295,23.2998653769233,22.6379133778025));
#3721=CARTESIAN_POINT('Origin',(4.63791337781295,23.2998653769233,22.6379133778025));
#3722=CARTESIAN_POINT('Origin',(4.63791337781295,25.2998653769233,22.6379133778025));
#3723=CARTESIAN_POINT('Origin',(1.07941433569181E-11,23.2998653769233,48.));
#3724=CARTESIAN_POINT('',(15.2370493390268,23.2998653769233,39.7545192717227));
#3725=CARTESIAN_POINT('',(15.237049339027,23.2998653769233,56.245480728277));
#3726=CARTESIAN_POINT('Origin',(1.07941433569181E-11,23.2998653769233,48.));
#3727=CARTESIAN_POINT('',(15.2370493390268,25.2998653769233,39.7545192717227));
#3728=CARTESIAN_POINT('',(15.2370493390268,23.2998653769233,39.7545192717227));
#3729=CARTESIAN_POINT('',(15.237049339027,25.2998653769233,56.245480728277));
#3730=CARTESIAN_POINT('Origin',(1.07941433569181E-11,25.2998653769233,48.));
#3731=CARTESIAN_POINT('',(15.237049339027,23.2998653769233,56.245480728277));
#3732=CARTESIAN_POINT('Origin',(7.07106781187619,23.2998653769233,40.9289321881344));
#3733=CARTESIAN_POINT('',(8.24548072828771,23.2998653769233,32.7629506609838));
#3734=CARTESIAN_POINT('Origin',(7.07106781187619,23.2998653769233,40.9289321881344));
#3735=CARTESIAN_POINT('',(8.24548072828771,25.2998653769233,32.7629506609838));
#3736=CARTESIAN_POINT('',(8.24548072828771,23.2998653769233,32.7629506609838));
#3737=CARTESIAN_POINT('Origin',(7.07106781187619,25.2998653769233,40.9289321881344));
#3738=CARTESIAN_POINT('Origin',(1.07941433569181E-11,23.2998653769233,48.));
#3739=CARTESIAN_POINT('',(-8.24548072826649,23.2998653769233,32.762950660984));
#3740=CARTESIAN_POINT('Origin',(1.07941433569181E-11,23.2998653769233,48.));
#3741=CARTESIAN_POINT('',(-8.24548072826649,25.2998653769233,32.762950660984));
#3742=CARTESIAN_POINT('',(-8.24548072826649,23.2998653769233,32.762950660984));
#3743=CARTESIAN_POINT('Origin',(1.07941433569181E-11,25.2998653769233,48.));
#3744=CARTESIAN_POINT('Origin',(-7.07106781185475,23.2998653769233,40.9289321881346));
#3745=CARTESIAN_POINT('',(-15.2370493390054,23.2998653769233,39.7545192717231));
#3746=CARTESIAN_POINT('Origin',(-7.07106781185475,23.2998653769233,40.9289321881346));
#3747=CARTESIAN_POINT('',(-15.2370493390054,25.2998653769233,39.7545192717231));
#3748=CARTESIAN_POINT('',(-15.2370493390054,23.2998653769233,39.7545192717231));
#3749=CARTESIAN_POINT('Origin',(-7.07106781185475,25.2998653769233,40.9289321881346));
#3750=CARTESIAN_POINT('Origin',(1.07941433569181E-11,23.2998653769233,48.));
#3751=CARTESIAN_POINT('',(-15.2370493390052,23.2998653769233,56.2454807282772));
#3752=CARTESIAN_POINT('Origin',(1.07941433569181E-11,23.2998653769233,48.));
#3753=CARTESIAN_POINT('',(-15.2370493390052,25.2998653769233,56.2454807282772));
#3754=CARTESIAN_POINT('',(-15.2370493390052,23.2998653769233,56.2454807282772));
#3755=CARTESIAN_POINT('Origin',(1.07941433569181E-11,25.2998653769233,48.));
#3756=CARTESIAN_POINT('Origin',(-7.07106781185459,23.2998653769233,55.0710678118655));
#3757=CARTESIAN_POINT('',(-8.24548072826604,23.2998653769233,63.2370493390162));
#3758=CARTESIAN_POINT('Origin',(-7.07106781185459,23.2998653769233,55.0710678118655));
#3759=CARTESIAN_POINT('',(-8.24548072826604,25.2998653769233,63.2370493390162));
#3760=CARTESIAN_POINT('',(-8.24548072826604,23.2998653769233,63.2370493390162));
#3761=CARTESIAN_POINT('Origin',(-7.07106781185459,25.2998653769233,55.0710678118655));
#3762=CARTESIAN_POINT('Origin',(1.07941433569181E-11,23.2998653769233,48.));
#3763=CARTESIAN_POINT('',(8.24548072828796,23.2998653769233,63.237049339016));
#3764=CARTESIAN_POINT('Origin',(1.07941433569181E-11,23.2998653769233,48.));
#3765=CARTESIAN_POINT('',(8.24548072828796,25.2998653769233,63.237049339016));
#3766=CARTESIAN_POINT('',(8.24548072828796,23.2998653769233,63.237049339016));
#3767=CARTESIAN_POINT('Origin',(1.07941433569181E-11,25.2998653769233,48.));
#3768=CARTESIAN_POINT('Origin',(7.07106781187635,23.2998653769233,55.0710678118654));
#3769=CARTESIAN_POINT('Origin',(7.07106781187635,23.2998653769233,55.0710678118654));
#3770=CARTESIAN_POINT('Origin',(7.07106781187635,25.2998653769233,55.0710678118654));
#3771=CARTESIAN_POINT('Origin',(36.2499993405116,23.2998653769233,16.65));
#3772=CARTESIAN_POINT('',(36.2499993405116,25.2998653769233,16.65));
#3773=CARTESIAN_POINT('',(36.2499993405116,23.2998653769233,16.65));
#3774=CARTESIAN_POINT('',(36.2499993405116,25.2998653769233,4.25));
#3775=CARTESIAN_POINT('',(36.2499993405116,25.2998653769233,4.25));
#3776=CARTESIAN_POINT('',(36.2499993405116,23.2998653769233,4.25));
#3777=CARTESIAN_POINT('Origin',(23.749999340512,23.2998653769233,16.65));
#3778=CARTESIAN_POINT('',(23.749999340512,23.2998653769233,16.65));
#3779=CARTESIAN_POINT('',(11.8749996702611,23.2998653769233,16.65));
#3780=CARTESIAN_POINT('',(23.749999340512,25.2998653769233,16.65));
#3781=CARTESIAN_POINT('',(23.749999340512,23.2998653769233,16.65));
#3782=CARTESIAN_POINT('',(36.2499993405116,25.2998653769233,16.65));
#3783=CARTESIAN_POINT('Origin',(23.749999340512,23.2998653769233,16.75));
#3784=CARTESIAN_POINT('',(23.749999340512,23.2998653769233,16.75));
#3785=CARTESIAN_POINT('',(23.7499993405143,23.2998653769233,42.4249999999989));
#3786=CARTESIAN_POINT('',(23.749999340512,25.2998653769233,16.75));
#3787=CARTESIAN_POINT('',(23.749999340512,23.2998653769233,16.75));
#3788=CARTESIAN_POINT('',(23.749999340512,25.2998653769233,16.65));
#3789=CARTESIAN_POINT('Origin',(21.7499993405122,23.2998653769233,16.75));
#3790=CARTESIAN_POINT('',(21.7499993405122,23.2998653769233,16.75));
#3791=CARTESIAN_POINT('',(10.8749996702612,23.2998653769233,16.75));
#3792=CARTESIAN_POINT('',(21.7499993405122,25.2998653769233,16.75));
#3793=CARTESIAN_POINT('',(21.7499993405122,23.2998653769233,16.75));
#3794=CARTESIAN_POINT('',(23.749999340512,25.2998653769233,16.75));
#3795=CARTESIAN_POINT('Origin',(21.7499993405122,23.2998653769233,65.25));
#3796=CARTESIAN_POINT('',(21.7499993405122,23.2998653769233,65.25));
#3797=CARTESIAN_POINT('',(21.7499993405122,23.2998653769233,66.675));
#3798=CARTESIAN_POINT('',(21.7499993405122,25.2998653769233,65.25));
#3799=CARTESIAN_POINT('',(21.7499993405122,23.2998653769233,65.25));
#3800=CARTESIAN_POINT('',(21.7499993405122,25.2998653769233,16.75));
#3801=CARTESIAN_POINT('Origin',(23.7499993405122,23.2998653769233,65.25));
#3802=CARTESIAN_POINT('',(23.7499993405122,23.2998653769233,65.25));
#3803=CARTESIAN_POINT('',(11.8749996702612,23.2998653769233,65.2500000000001));
#3804=CARTESIAN_POINT('',(23.7499993405122,25.2998653769233,65.25));
#3805=CARTESIAN_POINT('',(23.7499993405122,23.2998653769233,65.25));
#3806=CARTESIAN_POINT('',(21.7499993405122,25.2998653769233,65.25));
#3807=CARTESIAN_POINT('Origin',(23.7499993405122,23.2998653769233,70.95));
#3808=CARTESIAN_POINT('',(23.7499993405122,23.2998653769233,70.95));
#3809=CARTESIAN_POINT('',(23.7499993405122,23.2998653769233,69.525));
#3810=CARTESIAN_POINT('',(23.7499993405122,25.2998653769233,70.95));
#3811=CARTESIAN_POINT('',(23.7499993405122,23.2998653769233,70.95));
#3812=CARTESIAN_POINT('',(23.7499993405122,25.2998653769233,65.25));
#3813=CARTESIAN_POINT('Origin',(-23.7499993404918,23.2998653769233,70.95));
#3814=CARTESIAN_POINT('',(-23.7499993404918,23.2998653769233,70.95));
#3815=CARTESIAN_POINT('',(-11.8749996702408,23.2998653769233,70.95));
#3816=CARTESIAN_POINT('',(-23.7499993404918,25.2998653769233,70.95));
#3817=CARTESIAN_POINT('',(-23.7499993404918,23.2998653769233,70.95));
#3818=CARTESIAN_POINT('',(23.7499993405122,25.2998653769233,70.95));
#3819=CARTESIAN_POINT('Origin',(-23.7499993404918,23.2998653769233,65.25));
#3820=CARTESIAN_POINT('',(-23.7499993404918,23.2998653769233,65.25));
#3821=CARTESIAN_POINT('',(-23.7499993404918,23.2998653769233,66.675));
#3822=CARTESIAN_POINT('',(-23.7499993404918,25.2998653769233,65.25));
#3823=CARTESIAN_POINT('',(-23.7499993404918,23.2998653769233,65.25));
#3824=CARTESIAN_POINT('',(-23.7499993404918,25.2998653769233,70.95));
#3825=CARTESIAN_POINT('Origin',(-21.7499993404918,23.2998653769233,65.25));
#3826=CARTESIAN_POINT('',(-21.7499993404918,23.2998653769233,65.25));
#3827=CARTESIAN_POINT('',(-10.8749996702408,23.2998653769233,65.25));
#3828=CARTESIAN_POINT('',(-21.7499993404918,25.2998653769233,65.25));
#3829=CARTESIAN_POINT('',(-21.7499993404918,23.2998653769233,65.25));
#3830=CARTESIAN_POINT('',(-23.7499993404918,25.2998653769233,65.25));
#3831=CARTESIAN_POINT('Origin',(-21.7499993404896,23.2998653769233,16.7500000000001));
#3832=CARTESIAN_POINT('',(-21.7499993404896,23.2998653769233,16.7500000000001));
#3833=CARTESIAN_POINT('',(-21.7499993404908,23.2998653769233,42.4249999999996));
#3834=CARTESIAN_POINT('',(-21.7499993404896,25.2998653769233,16.7500000000001));
#3835=CARTESIAN_POINT('',(-21.7499993404896,23.2998653769233,16.7500000000001));
#3836=CARTESIAN_POINT('',(-21.7499993404918,25.2998653769233,65.25));
#3837=CARTESIAN_POINT('Origin',(-23.7499993404809,23.2998653769233,16.75));
#3838=CARTESIAN_POINT('',(-23.7499993404809,23.2998653769233,16.75));
#3839=CARTESIAN_POINT('',(-11.874999670234,23.2998653769233,16.7500000000007));
#3840=CARTESIAN_POINT('',(-23.7499993404809,25.2998653769233,16.75));
#3841=CARTESIAN_POINT('',(-23.7499993404809,23.2998653769233,16.75));
#3842=CARTESIAN_POINT('',(-21.7499993404896,25.2998653769233,16.7500000000001));
#3843=CARTESIAN_POINT('Origin',(-23.7499993404802,23.2998653769233,16.65));
#3844=CARTESIAN_POINT('',(-23.7499993404802,23.2998653769233,16.65));
#3845=CARTESIAN_POINT('',(-23.7499993406607,23.2998653769233,42.3749999999167));
#3846=CARTESIAN_POINT('',(-23.7499993404802,25.2998653769233,16.65));
#3847=CARTESIAN_POINT('',(-23.7499993404802,23.2998653769233,16.65));
#3848=CARTESIAN_POINT('',(-23.7499993404809,25.2998653769233,16.75));
#3849=CARTESIAN_POINT('Origin',(-36.249999340489,23.2998653769233,16.65));
#3850=CARTESIAN_POINT('',(-18.1249996702394,23.2998653769233,16.65));
#3851=CARTESIAN_POINT('',(-36.249999340489,25.2998653769233,16.65));
#3852=CARTESIAN_POINT('',(-36.249999340489,23.2998653769233,16.65));
#3853=CARTESIAN_POINT('',(-23.7499993404802,25.2998653769233,16.65));
#3854=CARTESIAN_POINT('Origin',(-36.249999340489,23.2998653769233,4.25));
#3855=CARTESIAN_POINT('',(-36.249999340489,25.2998653769233,4.25));
#3856=CARTESIAN_POINT('',(-36.249999340489,23.2998653769233,4.25));
#3857=CARTESIAN_POINT('',(-36.249999340489,25.2998653769233,16.65));
#3858=CARTESIAN_POINT('Origin',(17.8281649150524,23.2998653769233,4.25));
#3859=CARTESIAN_POINT('',(17.8281649150524,23.2998653769233,4.25));
#3860=CARTESIAN_POINT('',(8.9140824575313,23.2998653769233,4.25));
#3861=CARTESIAN_POINT('',(17.8281649150524,23.2998653769233,4.25));
#3862=CARTESIAN_POINT('',(-36.249999340489,25.2998653769233,4.25));
#3863=CARTESIAN_POINT('Origin',(17.8281649150524,23.2998653769233,3.));
#3864=CARTESIAN_POINT('',(17.8281649150523,23.2998653769233,35.55));
#3865=CARTESIAN_POINT('Origin',(22.3281649150524,23.2998653769233,4.25));
#3866=CARTESIAN_POINT('',(22.3281649150524,23.2998653769233,4.25));
#3867=CARTESIAN_POINT('',(22.3281649150524,23.2998653769233,3.));
#3868=CARTESIAN_POINT('',(22.3281649150524,23.2998653769233,36.175));
#3869=CARTESIAN_POINT('',(22.3281649150524,23.2998653769233,4.25));
#3870=CARTESIAN_POINT('',(22.3281649150524,23.2998653769233,3.));
#3871=CARTESIAN_POINT('Origin',(36.2499993405116,23.2998653769233,4.25));
#3872=CARTESIAN_POINT('',(18.1249996702609,23.2998653769233,4.25));
#3873=CARTESIAN_POINT('',(22.3281649150524,25.2998653769233,4.25));
#3874=CARTESIAN_POINT('Origin',(1.13109521748811E-11,25.2998653769233,36.975));
#3875=CARTESIAN_POINT('Origin',(24.9999993405122,23.2998653769233,3.));
#3876=CARTESIAN_POINT('',(37.4999993405116,17.6998653769233,3.));
#3877=CARTESIAN_POINT('',(37.4999993405116,23.2998653769233,3.));
#3878=CARTESIAN_POINT('',(35.6499993405116,17.6998653769233,3.));
#3879=CARTESIAN_POINT('',(-37.499999340489,17.6998653769233,3.));
#3880=CARTESIAN_POINT('',(35.6499993405116,23.2998653769233,3.));
#3881=CARTESIAN_POINT('',(35.6499993405116,23.2998653769233,3.));
#3882=CARTESIAN_POINT('',(37.4999993405116,23.2998653769233,3.));
#3883=CARTESIAN_POINT('Origin',(1.01696429055664E-11,23.2998653769233,68.1));
#3884=CARTESIAN_POINT('',(-12.2474487139051,23.2998653769233,45.5));
#3885=CARTESIAN_POINT('',(12.2474487139267,23.2998653769233,45.5));
#3886=CARTESIAN_POINT('Origin',(1.07924780223811E-11,23.2998653769233,48.));
#3887=CARTESIAN_POINT('',(-15.8794088365927,23.2998653769233,45.5));
#3888=CARTESIAN_POINT('',(-7.93970441829072,23.2998653769233,45.5));
#3889=CARTESIAN_POINT('',(-15.8794088365927,23.2998653769233,50.4999999999999));
#3890=CARTESIAN_POINT('Origin',(1.07924780223811E-11,23.2998653769233,48.));
#3891=CARTESIAN_POINT('',(-12.2474487139051,23.2998653769233,50.5000000000001));
#3892=CARTESIAN_POINT('',(-6.12372435694744,23.2998653769233,50.5000000000005));
#3893=CARTESIAN_POINT('',(12.2474487139267,23.2998653769233,50.5));
#3894=CARTESIAN_POINT('Origin',(1.07924780223811E-11,23.2998653769233,48.));
#3895=CARTESIAN_POINT('',(15.8794088366142,23.2998653769233,50.5));
#3896=CARTESIAN_POINT('',(7.93970441831274,23.2998653769233,50.5));
#3897=CARTESIAN_POINT('',(15.8794088366142,23.2998653769233,45.5));
#3898=CARTESIAN_POINT('Origin',(1.07924780223811E-11,23.2998653769233,48.));
#3899=CARTESIAN_POINT('',(6.12372435696896,23.2998653769233,45.5));
#3900=CARTESIAN_POINT('Origin',(1.01696429055664E-11,23.2998653769233,68.1));
#3901=CARTESIAN_POINT('',(-35.649999340489,23.2998653769233,35.55));
#3902=CARTESIAN_POINT('Origin',(1.01696429055664E-11,23.2998653769233,68.1));
#3903=CARTESIAN_POINT('',(35.6499993405116,23.2998653769233,43.));
#3904=CARTESIAN_POINT('Origin',(1.01696429055664E-11,23.2998653769233,68.1));
#3905=CARTESIAN_POINT('',(10.3586920023823,23.2998653769233,16.));
#3906=CARTESIAN_POINT('',(10.3586920023823,23.2998653769233,20.));
#3907=CARTESIAN_POINT('Origin',(1.06026298851702E-11,23.2998653769233,18.));
#3908=CARTESIAN_POINT('',(7.74596669242529,23.2998653769233,16.));
#3909=CARTESIAN_POINT('',(3.8729833462183,23.2998653769233,16.));
#3910=CARTESIAN_POINT('',(-7.74596669240417,23.2998653769233,16.));
#3911=CARTESIAN_POINT('Origin',(1.06026298851702E-11,23.2998653769233,18.));
#3912=CARTESIAN_POINT('',(-10.3586920023612,23.2998653769233,16.));
#3913=CARTESIAN_POINT('',(-5.17934600117499,23.2998653769233,16.));
#3914=CARTESIAN_POINT('',(-10.3586920023612,23.2998653769233,20.));
#3915=CARTESIAN_POINT('Origin',(1.06026298851702E-11,23.2998653769233,18.));
#3916=CARTESIAN_POINT('',(-7.74596669240438,23.2998653769233,20.));
#3917=CARTESIAN_POINT('',(-3.87298334619655,23.2998653769233,20.));
#3918=CARTESIAN_POINT('',(7.7459666924255,23.2998653769233,20.));
#3919=CARTESIAN_POINT('Origin',(1.06026298851702E-11,23.2998653769233,18.));
#3920=CARTESIAN_POINT('',(5.17934600119673,23.2998653769233,20.));
#3921=CARTESIAN_POINT('Origin',(24.1060653576902,16.4059313941013,48.75));
#3922=CARTESIAN_POINT('',(23.1499993405122,17.3619974112793,18.));
#3923=CARTESIAN_POINT('',(24.9999993405122,15.5119974112793,18.));
#3924=CARTESIAN_POINT('',(24.1060653576901,16.4059313941013,18.));
#3925=CARTESIAN_POINT('',(24.9999993405122,15.5119974112793,64.));
#3926=CARTESIAN_POINT('',(24.9999993405122,15.5119974112793,56.375));
#3927=CARTESIAN_POINT('',(23.1499993405122,17.3619974112793,64.));
#3928=CARTESIAN_POINT('',(10.1060656874391,30.4059310643523,64.));
#3929=CARTESIAN_POINT('',(23.1499993405122,17.3619974112793,56.375));
#3930=CARTESIAN_POINT('Origin',(22.9999993405122,15.2998653769233,18.));
#3931=CARTESIAN_POINT('',(23.1499993405122,23.2998653769233,18.));
#3932=CARTESIAN_POINT('',(23.1499993405122,15.2998653769233,18.));
#3933=CARTESIAN_POINT('',(24.9999993405122,23.2998653769233,18.));
#3934=CARTESIAN_POINT('',(24.9999993405122,23.2998653769233,18.));
#3935=CARTESIAN_POINT('',(24.9999993405122,19.2998653769233,18.));
#3936=CARTESIAN_POINT('Origin',(-24.1060653576859,16.4059313941013,25.7500000000054));
#3937=CARTESIAN_POINT('',(-23.1499993404917,17.3619974112793,64.));
#3938=CARTESIAN_POINT('',(-24.9999993404918,15.5119974112792,64.));
#3939=CARTESIAN_POINT('',(-22.6060653576738,17.9059313940972,64.));
#3940=CARTESIAN_POINT('',(-24.999999340489,15.5119974113016,18.));
#3941=CARTESIAN_POINT('',(-24.999999340489,15.5119974113031,14.3750000000008));
#3942=CARTESIAN_POINT('',(-23.1499993405112,17.3619974112793,18.0000000000001));
#3943=CARTESIAN_POINT('',(-24.6060653576829,15.9059313941077,18.));
#3944=CARTESIAN_POINT('',(-23.1499993405096,17.3619974112793,21.8750000000026));
#3945=CARTESIAN_POINT('Origin',(-24.9999993404918,23.2998653769233,64.));
#3946=CARTESIAN_POINT('',(-23.1499993404917,23.2998653769233,64.));
#3947=CARTESIAN_POINT('',(-23.1499993404917,19.2998653769233,64.));
#3948=CARTESIAN_POINT('',(-24.9999993404918,23.2998653769233,64.));
#3949=CARTESIAN_POINT('',(-12.4999996702408,23.2998653769233,64.));
#3950=CARTESIAN_POINT('',(-24.9999993404918,23.2998653769233,64.));
#3951=CARTESIAN_POINT('Origin',(-23.1499993405112,15.2998653769233,18.0000000000001));
#3952=CARTESIAN_POINT('',(-23.1499993405112,23.2998653769233,18.0000000000001));
#3953=CARTESIAN_POINT('',(-23.1499993405112,15.2998653769233,18.0000000000001));
#3954=CARTESIAN_POINT('',(-23.1499993405006,23.2998653769233,43.050000000005));
#3955=CARTESIAN_POINT('',(-23.149999340496,16.8656200392471,54.));
#3956=CARTESIAN_POINT('',(-23.1499993405091,18.2998653769233,23.0000000000001));
#3957=CARTESIAN_POINT('',(-23.1499993405091,16.7998653769233,23.0000000000001));
#3958=CARTESIAN_POINT('',(-23.1499993405091,18.2998653769233,23.0000000000001));
#3959=CARTESIAN_POINT('Origin',(35.4999993405116,19.4998653769234,12.95));
#3960=CARTESIAN_POINT('',(35.6499993405116,19.4998653769234,12.95));
#3961=CARTESIAN_POINT('',(35.4999993405116,19.4998653769234,12.95));
#3962=CARTESIAN_POINT('',(35.6499993405116,21.3998653769234,12.95));
#3963=CARTESIAN_POINT('Origin',(35.4999993405116,19.4998653769234,7.95));
#3964=CARTESIAN_POINT('',(35.6499993405116,19.4998653769234,12.925));
#3965=CARTESIAN_POINT('Origin',(35.4999993405116,19.4998653769234,7.95));
#3966=CARTESIAN_POINT('',(-35.649999340489,19.4998653769234,12.95));
#3967=CARTESIAN_POINT('',(35.4999993405116,19.4998653769234,12.95));
#3968=CARTESIAN_POINT('',(-35.649999340489,19.4998653769234,5.475));
#3969=CARTESIAN_POINT('Origin',(35.4999993405116,19.4998653769234,12.95));
#3970=CARTESIAN_POINT('',(-35.649999340489,21.3998653769234,12.95));
#3971=CARTESIAN_POINT('Origin',(-22.9999993405202,18.2998653769233,28.0000000000001));
#3972=CARTESIAN_POINT('',(23.1499993405122,18.2998653769233,23.0000000000021));
#3973=CARTESIAN_POINT('',(-22.9999993405199,18.2998653769233,23.0000000000001));
#3974=CARTESIAN_POINT('',(23.1499993405122,18.2998653769232,46.));
#3975=CARTESIAN_POINT('Origin',(-22.9999993405199,18.2998653769233,23.0000000000001));
#3976=CARTESIAN_POINT('',(23.1499993405122,16.7998653769233,23.0000000000021));
#3977=CARTESIAN_POINT('Origin',(-22.9999993405213,18.4313747015709,54.));
#3978=CARTESIAN_POINT('',(23.1499993405122,16.8656200392471,54.000000000002));
#3979=CARTESIAN_POINT('Origin',(-22.9999993405199,18.2998653769233,23.0000000000001));
#3980=CARTESIAN_POINT('',(-22.9999993405199,18.2998653769233,23.0000000000001));
#3981=CARTESIAN_POINT('Origin',(-22.9999993405202,18.2998653769233,28.0000000000001));
#3982=CARTESIAN_POINT('Origin',(-22.9999993405213,18.4313747015709,54.));
#3983=CARTESIAN_POINT('Origin',(35.6499993405116,23.2998653769233,17.9));
#3984=CARTESIAN_POINT('',(35.6499993405116,17.6998653769233,17.9));
#3985=CARTESIAN_POINT('',(35.6499993405116,17.6998653769233,14.175));
#3986=CARTESIAN_POINT('',(35.6499993405116,23.2998653769233,17.9));
#3987=CARTESIAN_POINT('',(35.6499993405116,23.2998653769233,17.9));
#3988=CARTESIAN_POINT('',(35.6499993405116,23.2998653769233,43.));
#3989=CARTESIAN_POINT('Origin',(36.4999993405116,17.6998653769233,10.45));
#3990=CARTESIAN_POINT('',(37.4999993405116,17.6998653769233,17.9));
#3991=CARTESIAN_POINT('',(37.4999993405116,17.6998653769233,17.9));
#3992=CARTESIAN_POINT('',(37.4999993405116,17.6998653769233,3.));
#3993=CARTESIAN_POINT('Origin',(1.01696429055664E-11,23.2998653769233,68.1));
#3994=CARTESIAN_POINT('',(24.9999993405122,23.2998653769233,17.9));
#3995=CARTESIAN_POINT('',(24.9999993405122,23.2998653769233,17.9));
#3996=CARTESIAN_POINT('',(24.9999993405122,23.2998653769233,48.75));
#3997=CARTESIAN_POINT('',(23.1499993405122,23.2998653769233,64.));
#3998=CARTESIAN_POINT('',(23.1499993405122,23.2998653769233,66.05));
#3999=CARTESIAN_POINT('',(24.9999993405122,23.2998653769233,64.));
#4000=CARTESIAN_POINT('',(-12.4999996702408,23.2998653769233,64.));
#4001=CARTESIAN_POINT('',(24.9999993405122,23.2998653769233,72.2));
#4002=CARTESIAN_POINT('',(24.9999993405122,23.2998653769233,72.2));
#4003=CARTESIAN_POINT('',(-24.9999993404918,23.2998653769233,72.2));
#4004=CARTESIAN_POINT('',(-24.9999993404918,23.2998653769233,72.2));
#4005=CARTESIAN_POINT('',(-24.9999993404918,23.2998653769233,72.2));
#4006=CARTESIAN_POINT('',(-24.9999993404897,23.2998653769233,18.));
#4007=CARTESIAN_POINT('',(-24.9999993404897,23.2998653769233,18.));
#4008=CARTESIAN_POINT('',(-24.999999340489,23.2998653769233,17.9));
#4009=CARTESIAN_POINT('',(-24.999999340489,23.2998653769233,18.25));
#4010=CARTESIAN_POINT('',(-35.649999340489,23.2998653769233,17.9));
#4011=CARTESIAN_POINT('',(-37.499999340489,23.2998653769233,17.9));
#4012=CARTESIAN_POINT('',(-35.649999340489,23.2998653769233,35.55));
#4013=CARTESIAN_POINT('Origin',(-35.649999340489,23.2998653769233,3.));
#4014=CARTESIAN_POINT('',(-35.649999340489,17.6998653769233,17.9));
#4015=CARTESIAN_POINT('',(-35.649999340489,23.2998653769233,17.9));
#4016=CARTESIAN_POINT('',(-35.649999340489,17.6998653769233,6.725));
#4017=CARTESIAN_POINT('Origin',(-36.499999340489,17.6998653769233,10.45));
#4018=CARTESIAN_POINT('',(-37.499999340489,17.6998653769233,17.9));
#4019=CARTESIAN_POINT('',(-24.999999340489,17.6998653769233,17.9));
#4020=CARTESIAN_POINT('',(-37.499999340489,17.6998653769233,17.9));
#4021=CARTESIAN_POINT('Origin',(23.1499993405122,15.2998653769233,64.));
#4022=CARTESIAN_POINT('',(23.1499993405122,19.2998653769233,64.));
#4023=CARTESIAN_POINT('Origin',(-24.9999993404897,15.2998653769233,18.));
#4024=CARTESIAN_POINT('',(-24.999999340489,19.2998653769233,18.));
#4025=CARTESIAN_POINT('Origin',(-7.74596669240431,23.2998653769233,20.));
#4026=CARTESIAN_POINT('',(-10.3586920023612,23.2998653769233,20.));
#4027=CARTESIAN_POINT('',(-7.74596669240431,23.2998653769233,20.));
#4028=CARTESIAN_POINT('Origin',(1.06026298851702E-11,23.2998653769233,18.));
#4029=CARTESIAN_POINT('',(-10.3586920023612,23.2998653769233,16.));
#4030=CARTESIAN_POINT('Origin',(-10.3586920023612,23.2998653769233,16.));
#4031=CARTESIAN_POINT('',(-7.74596669240417,23.2998653769233,16.));
#4032=CARTESIAN_POINT('Origin',(1.06026298851702E-11,23.2998653769233,18.));
#4033=CARTESIAN_POINT('',(7.74596669242536,23.2998653769233,16.));
#4034=CARTESIAN_POINT('Origin',(15.8794088366143,23.2998653769233,50.5));
#4035=CARTESIAN_POINT('',(12.2474487139267,23.2998653769233,50.5));
#4036=CARTESIAN_POINT('',(15.8794088366143,23.2998653769233,50.5));
#4037=CARTESIAN_POINT('Origin',(1.07924780223811E-11,23.2998653769233,48.));
#4038=CARTESIAN_POINT('',(-12.2474487139051,23.2998653769233,50.5000000000001));
#4039=CARTESIAN_POINT('Origin',(-12.2474487139051,23.2998653769233,50.5000000000001));
#4040=CARTESIAN_POINT('',(-15.8794088365927,23.2998653769233,50.4999999999999));
#4041=CARTESIAN_POINT('Origin',(1.07924780223811E-11,23.2998653769233,48.));
#4042=CARTESIAN_POINT('',(-15.8794088365927,23.2998653769233,45.5));
#4043=CARTESIAN_POINT('Origin',(-24.9999993404918,23.2998653769233,64.));
#4044=CARTESIAN_POINT('',(24.9999993405122,23.2998653769233,64.));
#4045=CARTESIAN_POINT('Origin',(-24.999999340489,23.2998653769233,3.));
#4046=CARTESIAN_POINT('',(-24.9999993404918,23.2998653769233,72.2));
#4047=CARTESIAN_POINT('',(-24.999999340489,23.2998653769233,17.9));
#4048=CARTESIAN_POINT('Origin',(-37.499999340489,23.2998653769233,17.9));
#4049=CARTESIAN_POINT('',(-37.499999340489,23.2998653769233,17.9));
#4050=CARTESIAN_POINT('Origin',(-37.499999340489,23.2998653769233,3.));
#4051=CARTESIAN_POINT('Origin',(24.9999993405122,23.2998653769233,17.9));
#4052=CARTESIAN_POINT('',(37.4999993405116,23.2998653769233,17.9));
#4053=CARTESIAN_POINT('',(24.9999993405122,23.2998653769233,17.9));
#4054=CARTESIAN_POINT('Origin',(37.4999993405116,23.2998653769233,17.9));
#4055=CARTESIAN_POINT('Origin',(-24.9999993404918,23.2998653769233,72.2));
#4056=CARTESIAN_POINT('',(24.9999993405122,23.2998653769233,72.2));
#4057=CARTESIAN_POINT('Origin',(-15.8794088365927,23.2998653769233,45.5));
#4058=CARTESIAN_POINT('',(-12.2474487139051,23.2998653769233,45.5));
#4059=CARTESIAN_POINT('Origin',(1.07924780223811E-11,23.2998653769233,48.));
#4060=CARTESIAN_POINT('',(15.8794088366143,23.2998653769233,45.5));
#4061=CARTESIAN_POINT('Origin',(12.2474487139267,23.2998653769233,45.5));
#4062=CARTESIAN_POINT('',(12.2474487139267,23.2998653769233,45.5));
#4063=CARTESIAN_POINT('Origin',(1.07924780223811E-11,23.2998653769233,48.));
#4064=CARTESIAN_POINT('Origin',(7.74596669242536,23.2998653769233,16.));
#4065=CARTESIAN_POINT('',(10.3586920023823,23.2998653769233,16.));
#4066=CARTESIAN_POINT('Origin',(1.06026298851702E-11,23.2998653769233,18.));
#4067=CARTESIAN_POINT('',(7.7459666924255,23.2998653769233,20.));
#4068=CARTESIAN_POINT('Origin',(10.3586920023823,23.2998653769233,20.));
#4069=CARTESIAN_POINT('',(10.3586920023823,23.2998653769233,20.));
#4070=CARTESIAN_POINT('Origin',(1.06026298851702E-11,23.2998653769233,18.));
#4071=CARTESIAN_POINT('Origin',(24.9999993405122,23.2998653769233,64.));
#4072=UNCERTAINTY_MEASURE_WITH_UNIT(LENGTH_MEASURE(0.01),#4076,
'DISTANCE_ACCURACY_VALUE',
'Maximum model space distance between geometric entities at asserted c
onnectivities');
#4073=UNCERTAINTY_MEASURE_WITH_UNIT(LENGTH_MEASURE(0.01),#4076,
'DISTANCE_ACCURACY_VALUE',
'Maximum model space distance between geometric entities at asserted c
onnectivities');
#4074=(
GEOMETRIC_REPRESENTATION_CONTEXT(3)
GLOBAL_UNCERTAINTY_ASSIGNED_CONTEXT((#4072))
GLOBAL_UNIT_ASSIGNED_CONTEXT((#4076,#4078,#4079))
REPRESENTATION_CONTEXT('','3D')
);
#4075=(
GEOMETRIC_REPRESENTATION_CONTEXT(3)
GLOBAL_UNCERTAINTY_ASSIGNED_CONTEXT((#4073))
GLOBAL_UNIT_ASSIGNED_CONTEXT((#4076,#4078,#4079))
REPRESENTATION_CONTEXT('','3D')
);
#4076=(
LENGTH_UNIT()
NAMED_UNIT(*)
SI_UNIT(.MILLI.,.METRE.)
);
#4077=(
LENGTH_UNIT()
NAMED_UNIT(*)
SI_UNIT($,.METRE.)
);
#4078=(
NAMED_UNIT(*)
PLANE_ANGLE_UNIT()
SI_UNIT($,.RADIAN.)
);
#4079=(
NAMED_UNIT(*)
SI_UNIT($,.STERADIAN.)
SOLID_ANGLE_UNIT()
);
#4080=SHAPE_DEFINITION_REPRESENTATION(#4081,#4082);
#4081=PRODUCT_DEFINITION_SHAPE('',$,#4084);
#4082=SHAPE_REPRESENTATION('',(#2510),#4074);
#4083=PRODUCT_DEFINITION_CONTEXT('part definition',#4088,'design');
#4084=PRODUCT_DEFINITION('LED WIRE HOUSING','LED WIRE HOUSING',#4085,#4083);
#4085=PRODUCT_DEFINITION_FORMATION('',$,#4090);
#4086=PRODUCT_RELATED_PRODUCT_CATEGORY('LED WIRE HOUSING',
'LED WIRE HOUSING',(#4090));
#4087=APPLICATION_PROTOCOL_DEFINITION('international standard',
'automotive_design',2009,#4088);
#4088=APPLICATION_CONTEXT(
'Core Data for Automotive Mechanical Design Process');
#4089=PRODUCT_CONTEXT('part definition',#4088,'mechanical');
#4090=PRODUCT('LED WIRE HOUSING','LED WIRE HOUSING',$,(#4089));
#4091=PRESENTATION_STYLE_ASSIGNMENT((#4092));
#4092=SURFACE_STYLE_USAGE(.BOTH.,#4093);
#4093=SURFACE_SIDE_STYLE('',(#4094));
#4094=SURFACE_STYLE_FILL_AREA(#4095);
#4095=FILL_AREA_STYLE('Steel - Satin',(#4096));
#4096=FILL_AREA_STYLE_COLOUR('Steel - Satin',#4097);
#4097=COLOUR_RGB('Steel - Satin',0.627450980392157,0.627450980392157,0.627450980392157);
ENDSEC;
END-ISO-10303-21;
