ISO-10303-21;
HEADER;
/* Generated by software containing ST-Developer
 * from STEP Tools, Inc. (www.steptools.com) 
 */

FILE_DESCRIPTION(
/* description */ (''),
/* implementation_level */ '2;1');

FILE_NAME(
/* name */ 'SHUTTER.step',
/* time_stamp */ '2026-03-26T15:45:30-05:00',
/* author */ (''),
/* organization */ (''),
/* preprocessor_version */ 'ST-DEVELOPER v20.1',
/* originating_system */ 'Autodesk Translation Framework v14.24.0.0',
/* authorisation */ '');

FILE_SCHEMA (('AUTOMOTIVE_DESIGN { 1 0 10303 214 3 1 1 }'));
ENDSEC;

DATA;
#10=MECHANICAL_DESIGN_GEOMETRIC_PRESENTATION_REPRESENTATION('',(#13,#14),
#6966);
#11=SHAPE_REPRESENTATION_RELATIONSHIP('SRR','None',#6973,#12);
#12=ADVANCED_BREP_SHAPE_REPRESENTATION('',(#15,#16),#6965);
#13=STYLED_ITEM('',(#6982),#15);
#14=STYLED_ITEM('',(#6982),#16);
#15=MANIFOLD_SOLID_BREP('LEFT GATE',#3524);
#16=MANIFOLD_SOLID_BREP('LEFT GATE (1)',#3525);
#17=B_SPLINE_SURFACE_WITH_KNOTS('',3,1,((#5096,#5097),(#5098,#5099),(#5100,
#5101),(#5102,#5103),(#5104,#5105),(#5106,#5107),(#5108,#5109),(#5110,#5111)),
 .UNSPECIFIED.,.F.,.F.,.F.,(4,2,2,4),(2,2),(-0.0680455043563967,-0.0536654181718764,
-0.0336720265417741,0.),(0.,0.325),.UNSPECIFIED.);
#18=B_SPLINE_SURFACE_WITH_KNOTS('',3,1,((#5144,#5145),(#5146,#5147),(#5148,
#5149),(#5150,#5151),(#5152,#5153),(#5154,#5155),(#5156,#5157),(#5158,#5159)),
 .UNSPECIFIED.,.F.,.F.,.F.,(4,2,2,4),(2,2),(-0.0749334981632593,-0.0566295603162854,
-0.0282793470138788,0.),(0.,0.325),.UNSPECIFIED.);
#19=B_SPLINE_SURFACE_WITH_KNOTS('',3,1,((#5176,#5177),(#5178,#5179),(#5180,
#5181),(#5182,#5183),(#5184,#5185),(#5186,#5187),(#5188,#5189),(#5190,#5191)),
 .UNSPECIFIED.,.F.,.F.,.F.,(4,2,2,4),(2,2),(-0.0680455043563967,-0.0536654181718764,
-0.0336720265417741,0.),(0.,0.325),.UNSPECIFIED.);
#20=B_SPLINE_SURFACE_WITH_KNOTS('',3,1,((#5224,#5225),(#5226,#5227),(#5228,
#5229),(#5230,#5231),(#5232,#5233),(#5234,#5235),(#5236,#5237),(#5238,#5239)),
 .UNSPECIFIED.,.F.,.F.,.F.,(4,2,2,4),(2,2),(-0.074933498162034,-0.0566295603153594,
-0.0282793470134164,0.),(0.,0.325),.UNSPECIFIED.);
#21=B_SPLINE_SURFACE_WITH_KNOTS('',3,1,((#5256,#5257),(#5258,#5259),(#5260,
#5261),(#5262,#5263),(#5264,#5265),(#5266,#5267),(#5268,#5269),(#5270,#5271)),
 .UNSPECIFIED.,.F.,.F.,.F.,(4,2,2,4),(2,2),(-0.0680455043599701,-0.0536654181746947,
-0.0336720265435424,0.),(0.,0.325),.UNSPECIFIED.);
#22=B_SPLINE_SURFACE_WITH_KNOTS('',3,1,((#5320,#5321),(#5322,#5323),(#5324,
#5325),(#5326,#5327),(#5328,#5329),(#5330,#5331),(#5332,#5333),(#5334,#5335)),
 .UNSPECIFIED.,.F.,.F.,.F.,(4,2,2,4),(2,2),(-0.0749334981600497,-0.0566295603138598,
-0.0282793470126675,0.),(0.,0.325),.UNSPECIFIED.);
#23=B_SPLINE_SURFACE_WITH_KNOTS('',3,1,((#5352,#5353),(#5354,#5355),(#5356,
#5357),(#5358,#5359),(#5360,#5361),(#5362,#5363),(#5364,#5365),(#5366,#5367)),
 .UNSPECIFIED.,.F.,.F.,.F.,(4,2,2,4),(2,2),(-0.0680455043601408,-0.0536654181748293,
-0.0336720265436269,0.),(0.,0.325),.UNSPECIFIED.);
#24=B_SPLINE_SURFACE_WITH_KNOTS('',3,1,((#5400,#5401),(#5402,#5403),(#5404,
#5405),(#5406,#5407),(#5408,#5409),(#5410,#5411),(#5412,#5413),(#5414,#5415)),
 .UNSPECIFIED.,.F.,.F.,.F.,(4,2,2,4),(2,2),(-0.0749334981635691,-0.0566295603165195,
-0.0282793470139957,0.),(0.,0.325),.UNSPECIFIED.);
#25=B_SPLINE_SURFACE_WITH_KNOTS('',3,1,((#5432,#5433),(#5434,#5435),(#5436,
#5437),(#5438,#5439),(#5440,#5441),(#5442,#5443),(#5444,#5445),(#5446,#5447)),
 .UNSPECIFIED.,.F.,.F.,.F.,(4,2,2,4),(2,2),(-0.0680455043563967,-0.0536654181718764,
-0.0336720265417741,0.),(0.,0.325),.UNSPECIFIED.);
#26=B_SPLINE_SURFACE_WITH_KNOTS('',3,1,((#5480,#5481),(#5482,#5483),(#5484,
#5485),(#5486,#5487),(#5488,#5489),(#5490,#5491),(#5492,#5493),(#5494,#5495)),
 .UNSPECIFIED.,.F.,.F.,.F.,(4,2,2,4),(2,2),(-0.0749334981616395,-0.0566295603150613,
-0.0282793470132675,0.),(0.,0.325),.UNSPECIFIED.);
#27=B_SPLINE_SURFACE_WITH_KNOTS('',3,1,((#5512,#5513),(#5514,#5515),(#5516,
#5517),(#5518,#5519),(#5520,#5521),(#5522,#5523),(#5524,#5525),(#5526,#5527)),
 .UNSPECIFIED.,.F.,.F.,.F.,(4,2,2,4),(2,2),(-0.0680455043602091,-0.0536654181748831,
-0.0336720265436607,0.),(0.,0.325),.UNSPECIFIED.);
#28=B_SPLINE_SURFACE_WITH_KNOTS('',3,1,((#5560,#5561),(#5562,#5563),(#5564,
#5565),(#5566,#5567),(#5568,#5569),(#5570,#5571),(#5572,#5573),(#5574,#5575)),
 .UNSPECIFIED.,.F.,.F.,.F.,(4,2,2,4),(2,2),(-0.0749334981604064,-0.0566295603141294,
-0.0282793470128021,0.),(0.,0.325),.UNSPECIFIED.);
#29=B_SPLINE_SURFACE_WITH_KNOTS('',3,1,((#5592,#5593),(#5594,#5595),(#5596,
#5597),(#5598,#5599),(#5600,#5601),(#5602,#5603),(#5604,#5605),(#5606,#5607)),
 .UNSPECIFIED.,.F.,.F.,.F.,(4,2,2,4),(2,2),(-0.0680455043562259,-0.0536654181717417,
-0.0336720265416896,0.),(0.,0.325),.UNSPECIFIED.);
#30=B_SPLINE_SURFACE_WITH_KNOTS('',3,1,((#5640,#5641),(#5642,#5643),(#5644,
#5645),(#5646,#5647),(#5648,#5649),(#5650,#5651),(#5652,#5653),(#5654,#5655)),
 .UNSPECIFIED.,.F.,.F.,.F.,(4,2,2,4),(2,2),(-0.0749334981599432,-0.0566295603137793,
-0.0282793470126273,0.),(0.,0.325),.UNSPECIFIED.);
#31=B_SPLINE_SURFACE_WITH_KNOTS('',3,1,((#5672,#5673),(#5674,#5675),(#5676,
#5677),(#5678,#5679),(#5680,#5681),(#5682,#5683),(#5684,#5685),(#5686,#5687)),
 .UNSPECIFIED.,.F.,.F.,.F.,(4,2,2,4),(2,2),(-0.0680455043637144,-0.0536654181776476,
-0.0336720265453952,0.),(0.,0.325),.UNSPECIFIED.);
#32=B_SPLINE_SURFACE_WITH_KNOTS('',3,1,((#5720,#5721),(#5722,#5723),(#5724,
#5725),(#5726,#5727),(#5728,#5729),(#5730,#5731),(#5732,#5733),(#5734,#5735)),
 .UNSPECIFIED.,.F.,.F.,.F.,(4,2,2,4),(2,2),(-0.0749334981642501,-0.0566295603170342,
-0.0282793470142527,0.),(0.,0.325),.UNSPECIFIED.);
#33=B_SPLINE_SURFACE_WITH_KNOTS('',3,1,((#5752,#5753),(#5754,#5755),(#5756,
#5757),(#5758,#5759),(#5760,#5761),(#5762,#5763),(#5764,#5765),(#5766,#5767)),
 .UNSPECIFIED.,.F.,.F.,.F.,(4,2,2,4),(2,2),(-0.0680455043564649,-0.0536654181719302,
-0.0336720265418079,0.),(0.,0.325),.UNSPECIFIED.);
#34=B_SPLINE_SURFACE_WITH_KNOTS('',3,1,((#5800,#5801),(#5802,#5803),(#5804,
#5805),(#5806,#5807),(#5808,#5809),(#5810,#5811),(#5812,#5813),(#5814,#5815)),
 .UNSPECIFIED.,.F.,.F.,.F.,(4,2,2,4),(2,2),(-0.0749334981604064,-0.0566295603141294,
-0.0282793470128021,0.),(0.,0.325),.UNSPECIFIED.);
#35=B_SPLINE_SURFACE_WITH_KNOTS('',3,1,((#6208,#6209),(#6210,#6211),(#6212,
#6213),(#6214,#6215),(#6216,#6217),(#6218,#6219),(#6220,#6221),(#6222,#6223)),
 .UNSPECIFIED.,.F.,.F.,.F.,(4,2,2,4),(2,2),(0.,0.0336720265416896,0.0536654181717417,
0.0680455043562259),(0.,0.325),.UNSPECIFIED.);
#36=B_SPLINE_SURFACE_WITH_KNOTS('',3,1,((#6240,#6241),(#6242,#6243),(#6244,
#6245),(#6246,#6247),(#6248,#6249),(#6250,#6251),(#6252,#6253),(#6254,#6255)),
 .UNSPECIFIED.,.F.,.F.,.F.,(4,2,2,4),(2,2),(0.,0.0282793470128021,0.0566295603141294,
0.0749334981604064),(0.,0.325),.UNSPECIFIED.);
#37=B_SPLINE_SURFACE_WITH_KNOTS('',3,1,((#6288,#6289),(#6290,#6291),(#6292,
#6293),(#6294,#6295),(#6296,#6297),(#6298,#6299),(#6300,#6301),(#6302,#6303)),
 .UNSPECIFIED.,.F.,.F.,.F.,(4,2,2,4),(2,2),(0.,0.0336720265436607,0.0536654181748831,
0.0680455043602091),(0.,0.325),.UNSPECIFIED.);
#38=B_SPLINE_SURFACE_WITH_KNOTS('',3,1,((#6320,#6321),(#6322,#6323),(#6324,
#6325),(#6326,#6327),(#6328,#6329),(#6330,#6331),(#6332,#6333),(#6334,#6335)),
 .UNSPECIFIED.,.F.,.F.,.F.,(4,2,2,4),(2,2),(0.,0.0282793470132675,0.0566295603150613,
0.0749334981616395),(0.,0.325),.UNSPECIFIED.);
#39=B_SPLINE_SURFACE_WITH_KNOTS('',3,1,((#6368,#6369),(#6370,#6371),(#6372,
#6373),(#6374,#6375),(#6376,#6377),(#6378,#6379),(#6380,#6381),(#6382,#6383)),
 .UNSPECIFIED.,.F.,.F.,.F.,(4,2,2,4),(2,2),(0.,0.0336720265417741,0.0536654181718764,
0.0680455043563967),(0.,0.325),.UNSPECIFIED.);
#40=B_SPLINE_SURFACE_WITH_KNOTS('',3,1,((#6400,#6401),(#6402,#6403),(#6404,
#6405),(#6406,#6407),(#6408,#6409),(#6410,#6411),(#6412,#6413),(#6414,#6415)),
 .UNSPECIFIED.,.F.,.F.,.F.,(4,2,2,4),(2,2),(0.,0.0282793470139957,0.0566295603165195,
0.0749334981635691),(0.,0.325),.UNSPECIFIED.);
#41=B_SPLINE_SURFACE_WITH_KNOTS('',3,1,((#6448,#6449),(#6450,#6451),(#6452,
#6453),(#6454,#6455),(#6456,#6457),(#6458,#6459),(#6460,#6461),(#6462,#6463)),
 .UNSPECIFIED.,.F.,.F.,.F.,(4,2,2,4),(2,2),(0.,0.0336720265436269,0.0536654181748293,
0.0680455043601408),(0.,0.325),.UNSPECIFIED.);
#42=B_SPLINE_SURFACE_WITH_KNOTS('',3,1,((#6480,#6481),(#6482,#6483),(#6484,
#6485),(#6486,#6487),(#6488,#6489),(#6490,#6491),(#6492,#6493),(#6494,#6495)),
 .UNSPECIFIED.,.F.,.F.,.F.,(4,2,2,4),(2,2),(0.,0.0282793470126675,0.0566295603138598,
0.0749334981600497),(0.,0.325),.UNSPECIFIED.);
#43=B_SPLINE_SURFACE_WITH_KNOTS('',3,1,((#6546,#6547),(#6548,#6549),(#6550,
#6551),(#6552,#6553),(#6554,#6555),(#6556,#6557),(#6558,#6559),(#6560,#6561)),
 .UNSPECIFIED.,.F.,.F.,.F.,(4,2,2,4),(2,2),(0.,0.0336720265435424,0.0536654181746947,
0.0680455043599701),(0.,0.325),.UNSPECIFIED.);
#44=B_SPLINE_SURFACE_WITH_KNOTS('',3,1,((#6578,#6579),(#6580,#6581),(#6582,
#6583),(#6584,#6585),(#6586,#6587),(#6588,#6589),(#6590,#6591),(#6592,#6593)),
 .UNSPECIFIED.,.F.,.F.,.F.,(4,2,2,4),(2,2),(0.,0.0282793470134164,0.0566295603153594,
0.074933498162034),(0.,0.325),.UNSPECIFIED.);
#45=B_SPLINE_SURFACE_WITH_KNOTS('',3,1,((#6626,#6627),(#6628,#6629),(#6630,
#6631),(#6632,#6633),(#6634,#6635),(#6636,#6637),(#6638,#6639),(#6640,#6641)),
 .UNSPECIFIED.,.F.,.F.,.F.,(4,2,2,4),(2,2),(0.,0.0336720265417741,0.0536654181718764,
0.0680455043563967),(0.,0.325),.UNSPECIFIED.);
#46=B_SPLINE_SURFACE_WITH_KNOTS('',3,1,((#6658,#6659),(#6660,#6661),(#6662,
#6663),(#6664,#6665),(#6666,#6667),(#6668,#6669),(#6670,#6671),(#6672,#6673)),
 .UNSPECIFIED.,.F.,.F.,.F.,(4,2,2,4),(2,2),(0.,0.0282793470138788,0.0566295603162854,
0.0749334981632593),(0.,0.325),.UNSPECIFIED.);
#47=B_SPLINE_SURFACE_WITH_KNOTS('',3,1,((#6706,#6707),(#6708,#6709),(#6710,
#6711),(#6712,#6713),(#6714,#6715),(#6716,#6717),(#6718,#6719),(#6720,#6721)),
 .UNSPECIFIED.,.F.,.F.,.F.,(4,2,2,4),(2,2),(0.,0.0336720265417741,0.0536654181718764,
0.0680455043563967),(0.,0.325),.UNSPECIFIED.);
#48=B_SPLINE_SURFACE_WITH_KNOTS('',3,1,((#6738,#6739),(#6740,#6741),(#6742,
#6743),(#6744,#6745),(#6746,#6747),(#6748,#6749),(#6750,#6751),(#6752,#6753)),
 .UNSPECIFIED.,.F.,.F.,.F.,(4,2,2,4),(2,2),(0.,0.0282793470128021,0.0566295603141294,
0.0749334981604064),(0.,0.325),.UNSPECIFIED.);
#49=B_SPLINE_SURFACE_WITH_KNOTS('',3,1,((#6786,#6787),(#6788,#6789),(#6790,
#6791),(#6792,#6793),(#6794,#6795),(#6796,#6797),(#6798,#6799),(#6800,#6801)),
 .UNSPECIFIED.,.F.,.F.,.F.,(4,2,2,4),(2,2),(0.,0.0336720265418079,0.0536654181719302,
0.0680455043564649),(0.,0.325),.UNSPECIFIED.);
#50=B_SPLINE_SURFACE_WITH_KNOTS('',3,1,((#6818,#6819),(#6820,#6821),(#6822,
#6823),(#6824,#6825),(#6826,#6827),(#6828,#6829),(#6830,#6831),(#6832,#6833)),
 .UNSPECIFIED.,.F.,.F.,.F.,(4,2,2,4),(2,2),(0.,0.0282793470142527,0.0566295603170342,
0.0749334981642501),(0.,0.325),.UNSPECIFIED.);
#51=B_SPLINE_SURFACE_WITH_KNOTS('',3,1,((#6866,#6867),(#6868,#6869),(#6870,
#6871),(#6872,#6873),(#6874,#6875),(#6876,#6877),(#6878,#6879),(#6880,#6881)),
 .UNSPECIFIED.,.F.,.F.,.F.,(4,2,2,4),(2,2),(0.,0.0336720265453952,0.0536654181776476,
0.0680455043637144),(0.,0.325),.UNSPECIFIED.);
#52=B_SPLINE_SURFACE_WITH_KNOTS('',3,1,((#6898,#6899),(#6900,#6901),(#6902,
#6903),(#6904,#6905),(#6906,#6907),(#6908,#6909),(#6910,#6911),(#6912,#6913)),
 .UNSPECIFIED.,.F.,.F.,.F.,(4,2,2,4),(2,2),(0.,0.0282793470126273,0.0566295603137793,
0.0749334981599432),(0.,0.325),.UNSPECIFIED.);
#53=B_SPLINE_CURVE_WITH_KNOTS('',3,(#4768,#4769,#4770,#4771,#4772,#4773,
#4774,#4775,#4776,#4777),.UNSPECIFIED.,.F.,.F.,(4,3,3,4),(-0.0749334981569102,
-0.0566295603114872,-0.0282793470114827,0.),.UNSPECIFIED.);
#54=B_SPLINE_CURVE_WITH_KNOTS('',3,(#4781,#4782,#4783,#4784,#4785,#4786,
#4787,#4788,#4789,#4790),.UNSPECIFIED.,.F.,.F.,(4,3,3,4),(-0.068045504353659,
-0.0536654181697173,-0.0336720265404194,0.),.UNSPECIFIED.);
#55=B_SPLINE_CURVE_WITH_KNOTS('',3,(#4802,#4803,#4804,#4805,#4806,#4807,
#4808,#4809,#4810,#4811),.UNSPECIFIED.,.F.,.F.,(4,3,3,4),(-0.0749334981574572,
-0.0566295603119006,-0.0282793470116891,0.),.UNSPECIFIED.);
#56=B_SPLINE_CURVE_WITH_KNOTS('',3,(#4815,#4816,#4817,#4818,#4819,#4820,
#4821,#4822,#4823,#4824),.UNSPECIFIED.,.F.,.F.,(4,3,3,4),(-0.0680455043511126,
-0.053665418167709,-0.0336720265391593,0.),.UNSPECIFIED.);
#57=B_SPLINE_CURVE_WITH_KNOTS('',3,(#4836,#4837,#4838,#4839,#4840,#4841,
#4842,#4843,#4844,#4845),.UNSPECIFIED.,.F.,.F.,(4,3,3,4),(-0.0749334981595397,
-0.0566295603134744,-0.0282793470124751,0.),.UNSPECIFIED.);
#58=B_SPLINE_CURVE_WITH_KNOTS('',3,(#4849,#4850,#4851,#4852,#4853,#4854,
#4855,#4856,#4857,#4858),.UNSPECIFIED.,.F.,.F.,(4,3,3,4),(-0.0680455043936254,
-0.0536654182012375,-0.0336720265601966,0.),.UNSPECIFIED.);
#59=B_SPLINE_CURVE_WITH_KNOTS('',3,(#4870,#4871,#4872,#4873,#4874,#4875,
#4876,#4877,#4878,#4879),.UNSPECIFIED.,.F.,.F.,(4,3,3,4),(-0.0749334981599198,
-0.0566295603137617,-0.0282793470126185,0.),.UNSPECIFIED.);
#60=B_SPLINE_CURVE_WITH_KNOTS('',3,(#4883,#4884,#4885,#4886,#4887,#4888,
#4889,#4890,#4891,#4892),.UNSPECIFIED.,.F.,.F.,(4,3,3,4),(-0.0680455043914169,
-0.0536654181994958,-0.0336720265591037,0.),.UNSPECIFIED.);
#61=B_SPLINE_CURVE_WITH_KNOTS('',3,(#4904,#4905,#4906,#4907,#4908,#4909,
#4910,#4911,#4912,#4913),.UNSPECIFIED.,.F.,.F.,(4,3,3,4),(-0.0749334981597511,
-0.0566295603136342,-0.0282793470125548,0.),.UNSPECIFIED.);
#62=B_SPLINE_CURVE_WITH_KNOTS('',3,(#4917,#4918,#4919,#4920,#4921,#4922,
#4923,#4924,#4925,#4926),.UNSPECIFIED.,.F.,.F.,(4,3,3,4),(-0.0680455043932888,
-0.0536654182009721,-0.03367202656003,0.),.UNSPECIFIED.);
#63=B_SPLINE_CURVE_WITH_KNOTS('',3,(#4938,#4939,#4940,#4941,#4942,#4943,
#4944,#4945,#4946,#4947),.UNSPECIFIED.,.F.,.F.,(4,3,3,4),(-0.074933498169095,
-0.0566295603206956,-0.0282793470160811,0.),.UNSPECIFIED.);
#64=B_SPLINE_CURVE_WITH_KNOTS('',3,(#4951,#4952,#4953,#4954,#4955,#4956,
#4957,#4958,#4959,#4960),.UNSPECIFIED.,.F.,.F.,(4,3,3,4),(-0.0680455043248326,
-0.0536654181469828,-0.0336720265261548,0.),.UNSPECIFIED.);
#65=B_SPLINE_CURVE_WITH_KNOTS('',3,(#4972,#4973,#4974,#4975,#4976,#4977,
#4978,#4979,#4980,#4981),.UNSPECIFIED.,.F.,.F.,(4,3,3,4),(-0.0749334981528271,
-0.0566295603084015,-0.0282793470099417,0.),.UNSPECIFIED.);
#66=B_SPLINE_CURVE_WITH_KNOTS('',3,(#4985,#4986,#4987,#4988,#4989,#4990,
#4991,#4992,#4993,#4994),.UNSPECIFIED.,.F.,.F.,(4,3,3,4),(-0.0680455043525886,
-0.0536654181688731,-0.0336720265398897,0.),.UNSPECIFIED.);
#67=B_SPLINE_CURVE_WITH_KNOTS('',3,(#5006,#5007,#5008,#5009,#5010,#5011,
#5012,#5013,#5014,#5015),.UNSPECIFIED.,.F.,.F.,(4,3,3,4),(-0.0749334981582179,
-0.0566295603124755,-0.0282793470119762,0.),.UNSPECIFIED.);
#68=B_SPLINE_CURVE_WITH_KNOTS('',3,(#5019,#5020,#5021,#5022,#5023,#5024,
#5025,#5026,#5027,#5028),.UNSPECIFIED.,.F.,.F.,(4,3,3,4),(-0.068045504354454,
-0.0536654181703443,-0.0336720265408128,0.),.UNSPECIFIED.);
#69=B_SPLINE_CURVE_WITH_KNOTS('',3,(#5040,#5041,#5042,#5043,#5044,#5045,
#5046,#5047,#5048,#5049),.UNSPECIFIED.,.F.,.F.,(4,3,3,4),(-0.0749334981586731,
-0.0566295603128195,-0.028279347012148,0.),.UNSPECIFIED.);
#70=B_SPLINE_CURVE_WITH_KNOTS('',3,(#5053,#5054,#5055,#5056,#5057,#5058,
#5059,#5060,#5061,#5062),.UNSPECIFIED.,.F.,.F.,(4,3,3,4),(-0.0680455043586022,
-0.0536654181736159,-0.0336720265428655,0.),.UNSPECIFIED.);
#71=B_SPLINE_CURVE_WITH_KNOTS('',3,(#5113,#5114,#5115,#5116,#5117,#5118,
#5119,#5120,#5121,#5122),.UNSPECIFIED.,.F.,.F.,(4,3,3,4),(-0.0680455043525886,
-0.0536654181688731,-0.0336720265398897,0.),.UNSPECIFIED.);
#72=B_SPLINE_CURVE_WITH_KNOTS('',3,(#5161,#5162,#5163,#5164,#5165,#5166,
#5167,#5168,#5169,#5170),.UNSPECIFIED.,.F.,.F.,(4,3,3,4),(-0.0749334981582179,
-0.0566295603124755,-0.0282793470119762,0.),.UNSPECIFIED.);
#73=B_SPLINE_CURVE_WITH_KNOTS('',3,(#5193,#5194,#5195,#5196,#5197,#5198,
#5199,#5200,#5201,#5202),.UNSPECIFIED.,.F.,.F.,(4,3,3,4),(-0.068045504354454,
-0.0536654181703443,-0.0336720265408128,0.),.UNSPECIFIED.);
#74=B_SPLINE_CURVE_WITH_KNOTS('',3,(#5241,#5242,#5243,#5244,#5245,#5246,
#5247,#5248,#5249,#5250),.UNSPECIFIED.,.F.,.F.,(4,3,3,4),(-0.0749334981586731,
-0.0566295603128195,-0.028279347012148,0.),.UNSPECIFIED.);
#75=B_SPLINE_CURVE_WITH_KNOTS('',3,(#5273,#5274,#5275,#5276,#5277,#5278,
#5279,#5280,#5281,#5282),.UNSPECIFIED.,.F.,.F.,(4,3,3,4),(-0.0680455043586022,
-0.0536654181736159,-0.0336720265428655,0.),.UNSPECIFIED.);
#76=B_SPLINE_CURVE_WITH_KNOTS('',3,(#5337,#5338,#5339,#5340,#5341,#5342,
#5343,#5344,#5345,#5346),.UNSPECIFIED.,.F.,.F.,(4,3,3,4),(-0.0749334981569102,
-0.0566295603114872,-0.0282793470114827,0.),.UNSPECIFIED.);
#77=B_SPLINE_CURVE_WITH_KNOTS('',3,(#5369,#5370,#5371,#5372,#5373,#5374,
#5375,#5376,#5377,#5378),.UNSPECIFIED.,.F.,.F.,(4,3,3,4),(-0.068045504353659,
-0.0536654181697173,-0.0336720265404194,0.),.UNSPECIFIED.);
#78=B_SPLINE_CURVE_WITH_KNOTS('',3,(#5417,#5418,#5419,#5420,#5421,#5422,
#5423,#5424,#5425,#5426),.UNSPECIFIED.,.F.,.F.,(4,3,3,4),(-0.0749334981574572,
-0.0566295603119006,-0.0282793470116891,0.),.UNSPECIFIED.);
#79=B_SPLINE_CURVE_WITH_KNOTS('',3,(#5449,#5450,#5451,#5452,#5453,#5454,
#5455,#5456,#5457,#5458),.UNSPECIFIED.,.F.,.F.,(4,3,3,4),(-0.0680455043511126,
-0.053665418167709,-0.0336720265391593,0.),.UNSPECIFIED.);
#80=B_SPLINE_CURVE_WITH_KNOTS('',3,(#5497,#5498,#5499,#5500,#5501,#5502,
#5503,#5504,#5505,#5506),.UNSPECIFIED.,.F.,.F.,(4,3,3,4),(-0.0749334981595397,
-0.0566295603134744,-0.0282793470124751,0.),.UNSPECIFIED.);
#81=B_SPLINE_CURVE_WITH_KNOTS('',3,(#5529,#5530,#5531,#5532,#5533,#5534,
#5535,#5536,#5537,#5538),.UNSPECIFIED.,.F.,.F.,(4,3,3,4),(-0.0680455043936254,
-0.0536654182012375,-0.0336720265601966,0.),.UNSPECIFIED.);
#82=B_SPLINE_CURVE_WITH_KNOTS('',3,(#5577,#5578,#5579,#5580,#5581,#5582,
#5583,#5584,#5585,#5586),.UNSPECIFIED.,.F.,.F.,(4,3,3,4),(-0.0749334981599198,
-0.0566295603137617,-0.0282793470126185,0.),.UNSPECIFIED.);
#83=B_SPLINE_CURVE_WITH_KNOTS('',3,(#5609,#5610,#5611,#5612,#5613,#5614,
#5615,#5616,#5617,#5618),.UNSPECIFIED.,.F.,.F.,(4,3,3,4),(-0.0680455043914742,
-0.053665418199541,-0.0336720265591321,0.),.UNSPECIFIED.);
#84=B_SPLINE_CURVE_WITH_KNOTS('',3,(#5657,#5658,#5659,#5660,#5661,#5662,
#5663,#5664,#5665,#5666),.UNSPECIFIED.,.F.,.F.,(4,3,3,4),(-0.0749334981597456,
-0.05662956031363,-0.0282793470125527,0.),.UNSPECIFIED.);
#85=B_SPLINE_CURVE_WITH_KNOTS('',3,(#5689,#5690,#5691,#5692,#5693,#5694,
#5695,#5696,#5697,#5698),.UNSPECIFIED.,.F.,.F.,(4,3,3,4),(-0.0680455043932888,
-0.0536654182009721,-0.03367202656003,0.),.UNSPECIFIED.);
#86=B_SPLINE_CURVE_WITH_KNOTS('',3,(#5737,#5738,#5739,#5740,#5741,#5742,
#5743,#5744,#5745,#5746),.UNSPECIFIED.,.F.,.F.,(4,3,3,4),(-0.074933498169095,
-0.0566295603206956,-0.0282793470160811,0.),.UNSPECIFIED.);
#87=B_SPLINE_CURVE_WITH_KNOTS('',3,(#5769,#5770,#5771,#5772,#5773,#5774,
#5775,#5776,#5777,#5778),.UNSPECIFIED.,.F.,.F.,(4,3,3,4),(-0.0680455043248326,
-0.0536654181469828,-0.0336720265261548,0.),.UNSPECIFIED.);
#88=B_SPLINE_CURVE_WITH_KNOTS('',3,(#5816,#5817,#5818,#5819,#5820,#5821,
#5822,#5823,#5824,#5825),.UNSPECIFIED.,.F.,.F.,(4,3,3,4),(-0.0749334981528271,
-0.0566295603084015,-0.0282793470099417,0.),.UNSPECIFIED.);
#89=B_SPLINE_CURVE_WITH_KNOTS('',3,(#5906,#5907,#5908,#5909,#5910,#5911,
#5912,#5913,#5914,#5915),.UNSPECIFIED.,.F.,.F.,(4,3,3,4),(-0.0501498538401765,
-0.0253334133487075,-0.0105981905371099,0.),.UNSPECIFIED.);
#90=B_SPLINE_CURVE_WITH_KNOTS('',3,(#5919,#5920,#5921,#5922,#5923,#5924,
#5925,#5926,#5927,#5928),.UNSPECIFIED.,.F.,.F.,(4,3,3,4),(-0.127373280659718,
-0.0793035482654754,-0.0311133561051841,0.),.UNSPECIFIED.);
#91=B_SPLINE_CURVE_WITH_KNOTS('',3,(#5940,#5941,#5942,#5943,#5944,#5945,
#5946,#5947,#5948,#5949),.UNSPECIFIED.,.F.,.F.,(4,3,3,4),(-0.0501498538344506,
-0.025333413345815,-0.0105981905358998,-6.93889390390723E-18),
 .UNSPECIFIED.);
#92=B_SPLINE_CURVE_WITH_KNOTS('',3,(#5953,#5954,#5955,#5956,#5957,#5958,
#5959,#5960,#5961,#5962),.UNSPECIFIED.,.F.,.F.,(4,3,3,4),(-0.127373280655826,
-0.0793035482630521,-0.0311133561042333,0.),.UNSPECIFIED.);
#93=B_SPLINE_CURVE_WITH_KNOTS('',3,(#5974,#5975,#5976,#5977,#5978,#5979,
#5980,#5981,#5982,#5983),.UNSPECIFIED.,.F.,.F.,(4,3,3,4),(-0.050149853832468,
-0.0253334133448135,-0.0105981905354809,0.),.UNSPECIFIED.);
#94=B_SPLINE_CURVE_WITH_KNOTS('',3,(#5987,#5988,#5989,#5990,#5991,#5992,
#5993,#5994,#5995,#5996),.UNSPECIFIED.,.F.,.F.,(4,3,3,4),(-0.127373280658225,
-0.0793035482645457,-0.0311133561048192,0.),.UNSPECIFIED.);
#95=B_SPLINE_CURVE_WITH_KNOTS('',3,(#6008,#6009,#6010,#6011,#6012,#6013,
#6014,#6015,#6016,#6017),.UNSPECIFIED.,.F.,.F.,(4,3,3,4),(-0.0501498538386004,
-0.0253334133479113,-0.0105981905367768,0.),.UNSPECIFIED.);
#96=B_SPLINE_CURVE_WITH_KNOTS('',3,(#6021,#6022,#6023,#6024,#6025,#6026),
 .UNSPECIFIED.,.F.,.F.,(4,2,4),(-0.127373280658041,-0.100019407694312,0.),
 .UNSPECIFIED.);
#97=B_SPLINE_CURVE_WITH_KNOTS('',3,(#6038,#6039,#6040,#6041,#6042,#6043,
#6044,#6045,#6046,#6047),.UNSPECIFIED.,.F.,.F.,(4,3,3,4),(-0.0501498538396959,
-0.0253334133484647,-0.0105981905370084,0.),.UNSPECIFIED.);
#98=B_SPLINE_CURVE_WITH_KNOTS('',3,(#6051,#6052,#6053,#6054,#6055,#6056),
 .UNSPECIFIED.,.F.,.F.,(4,2,4),(-0.127373280658704,-0.100019407694686,0.),
 .UNSPECIFIED.);
#99=B_SPLINE_CURVE_WITH_KNOTS('',3,(#6068,#6069,#6070,#6071,#6072,#6073,
#6074,#6075),.UNSPECIFIED.,.F.,.F.,(4,2,2,4),(-0.0501498538339332,-0.024282015428693,
-0.00900485413472491,0.),.UNSPECIFIED.);
#100=B_SPLINE_CURVE_WITH_KNOTS('',3,(#6079,#6080,#6081,#6082,#6083,#6084,
#6085,#6086,#6087,#6088),.UNSPECIFIED.,.F.,.F.,(4,3,3,4),(-0.127373280655701,
-0.0793035482629746,-0.0311133561042028,0.),.UNSPECIFIED.);
#101=B_SPLINE_CURVE_WITH_KNOTS('',3,(#6100,#6101,#6102,#6103,#6104,#6105,
#6106,#6107,#6108,#6109),.UNSPECIFIED.,.F.,.F.,(4,3,3,4),(-0.0501498538329751,
-0.0253334133450696,-0.0105981905355881,6.93889390390723E-18),
 .UNSPECIFIED.);
#102=B_SPLINE_CURVE_WITH_KNOTS('',3,(#6113,#6114,#6115,#6116,#6117,#6118),
 .UNSPECIFIED.,.F.,.F.,(4,2,4),(-0.127373280657099,-0.100019407694312,0.),
 .UNSPECIFIED.);
#103=B_SPLINE_CURVE_WITH_KNOTS('',3,(#6130,#6131,#6132,#6133,#6134,#6135,
#6136,#6137,#6138,#6139),.UNSPECIFIED.,.F.,.F.,(4,3,3,4),(-0.0501498538395042,
-0.0253334133483679,-0.0105981905369678,0.),.UNSPECIFIED.);
#104=B_SPLINE_CURVE_WITH_KNOTS('',3,(#6143,#6144,#6145,#6146,#6147,#6148,
#6149,#6150,#6151,#6152),.UNSPECIFIED.,.F.,.F.,(4,3,3,4),(-0.127373280658344,
-0.07930354826462,-0.0311133561048485,0.),.UNSPECIFIED.);
#105=B_SPLINE_CURVE_WITH_KNOTS('',3,(#6164,#6165,#6166,#6167,#6168,#6169,
#6170,#6171,#6172,#6173),.UNSPECIFIED.,.F.,.F.,(4,3,3,4),(-0.0501498538405155,
-0.0253334133488787,-0.0105981905371815,6.93889390390723E-18),
 .UNSPECIFIED.);
#106=B_SPLINE_CURVE_WITH_KNOTS('',3,(#6177,#6178,#6179,#6180,#6181,#6182,
#6183,#6184,#6185,#6186),.UNSPECIFIED.,.F.,.F.,(4,3,3,4),(-0.127373280658312,
-0.0793035482646001,-0.0311133561048406,0.),.UNSPECIFIED.);
#107=B_SPLINE_CURVE_WITH_KNOTS('',3,(#6225,#6226,#6227,#6228,#6229,#6230,
#6231,#6232,#6233,#6234),.UNSPECIFIED.,.F.,.F.,(4,3,3,4),(-0.0501498538340473,
-0.0253334133456113,-0.0105981905358146,0.),.UNSPECIFIED.);
#108=B_SPLINE_CURVE_WITH_KNOTS('',3,(#6257,#6258,#6259,#6260,#6261,#6262,
#6263,#6264,#6265,#6266),.UNSPECIFIED.,.F.,.F.,(4,3,3,4),(-0.127373280655701,
-0.0793035482629746,-0.0311133561042028,0.),.UNSPECIFIED.);
#109=B_SPLINE_CURVE_WITH_KNOTS('',3,(#6305,#6306,#6307,#6308,#6309,#6310,
#6311,#6312,#6313,#6314),.UNSPECIFIED.,.F.,.F.,(4,3,3,4),(-0.0501498538329751,
-0.0253334133450696,-0.0105981905355881,6.93889390390723E-18),
 .UNSPECIFIED.);
#110=B_SPLINE_CURVE_WITH_KNOTS('',3,(#6337,#6338,#6339,#6340,#6341,#6342,
#6343,#6344,#6345,#6346),.UNSPECIFIED.,.F.,.F.,(4,3,3,4),(-0.127373280657099,
-0.0793035482638446,-0.0311133561045441,0.),.UNSPECIFIED.);
#111=B_SPLINE_CURVE_WITH_KNOTS('',3,(#6385,#6386,#6387,#6388,#6389,#6390,
#6391,#6392,#6393,#6394),.UNSPECIFIED.,.F.,.F.,(4,3,3,4),(-0.0501498538395042,
-0.0253334133483679,-0.0105981905369678,0.),.UNSPECIFIED.);
#112=B_SPLINE_CURVE_WITH_KNOTS('',3,(#6417,#6418,#6419,#6420,#6421,#6422,
#6423,#6424,#6425,#6426),.UNSPECIFIED.,.F.,.F.,(4,3,3,4),(-0.127373280658344,
-0.07930354826462,-0.0311133561048485,0.),.UNSPECIFIED.);
#113=B_SPLINE_CURVE_WITH_KNOTS('',3,(#6465,#6466,#6467,#6468,#6469,#6470,
#6471,#6472,#6473,#6474),.UNSPECIFIED.,.F.,.F.,(4,3,3,4),(-0.0501498538405155,
-0.0253334133488787,-0.0105981905371815,6.93889390390723E-18),
 .UNSPECIFIED.);
#114=B_SPLINE_CURVE_WITH_KNOTS('',3,(#6497,#6498,#6499,#6500,#6501,#6502,
#6503,#6504,#6505,#6506),.UNSPECIFIED.,.F.,.F.,(4,3,3,4),(-0.127373280658312,
-0.0793035482646001,-0.0311133561048406,0.),.UNSPECIFIED.);
#115=B_SPLINE_CURVE_WITH_KNOTS('',3,(#6563,#6564,#6565,#6566,#6567,#6568,
#6569,#6570,#6571,#6572),.UNSPECIFIED.,.F.,.F.,(4,3,3,4),(-0.0501498538401765,
-0.0253334133487075,-0.0105981905371099,0.),.UNSPECIFIED.);
#116=B_SPLINE_CURVE_WITH_KNOTS('',3,(#6595,#6596,#6597,#6598,#6599,#6600,
#6601,#6602,#6603,#6604),.UNSPECIFIED.,.F.,.F.,(4,3,3,4),(-0.127373280659718,
-0.0793035482654754,-0.0311133561051841,0.),.UNSPECIFIED.);
#117=B_SPLINE_CURVE_WITH_KNOTS('',3,(#6643,#6644,#6645,#6646,#6647,#6648,
#6649,#6650,#6651,#6652),.UNSPECIFIED.,.F.,.F.,(4,3,3,4),(-0.0501498538344506,
-0.025333413345815,-0.0105981905358998,-6.93889390390723E-18),
 .UNSPECIFIED.);
#118=B_SPLINE_CURVE_WITH_KNOTS('',3,(#6675,#6676,#6677,#6678,#6679,#6680,
#6681,#6682,#6683,#6684),.UNSPECIFIED.,.F.,.F.,(4,3,3,4),(-0.127373280655826,
-0.0793035482630521,-0.0311133561042333,0.),.UNSPECIFIED.);
#119=B_SPLINE_CURVE_WITH_KNOTS('',3,(#6723,#6724,#6725,#6726,#6727,#6728,
#6729,#6730,#6731,#6732),.UNSPECIFIED.,.F.,.F.,(4,3,3,4),(-0.050149853832468,
-0.0253334133448135,-0.0105981905354809,0.),.UNSPECIFIED.);
#120=B_SPLINE_CURVE_WITH_KNOTS('',3,(#6755,#6756,#6757,#6758,#6759,#6760,
#6761,#6762,#6763,#6764),.UNSPECIFIED.,.F.,.F.,(4,3,3,4),(-0.127373280658225,
-0.0793035482645457,-0.0311133561048192,0.),.UNSPECIFIED.);
#121=B_SPLINE_CURVE_WITH_KNOTS('',3,(#6803,#6804,#6805,#6806,#6807,#6808,
#6809,#6810,#6811,#6812),.UNSPECIFIED.,.F.,.F.,(4,3,3,4),(-0.0501498538386004,
-0.0253334133479113,-0.0105981905367768,0.),.UNSPECIFIED.);
#122=B_SPLINE_CURVE_WITH_KNOTS('',3,(#6835,#6836,#6837,#6838,#6839,#6840,
#6841,#6842,#6843,#6844),.UNSPECIFIED.,.F.,.F.,(4,3,3,4),(-0.127373280658041,
-0.0793035482644316,-0.0311133561047745,0.),.UNSPECIFIED.);
#123=B_SPLINE_CURVE_WITH_KNOTS('',3,(#6883,#6884,#6885,#6886,#6887,#6888,
#6889,#6890,#6891,#6892),.UNSPECIFIED.,.F.,.F.,(4,3,3,4),(-0.0501498538396959,
-0.0253334133484647,-0.0105981905370084,0.),.UNSPECIFIED.);
#124=B_SPLINE_CURVE_WITH_KNOTS('',3,(#6915,#6916,#6917,#6918,#6919,#6920,
#6921,#6922,#6923,#6924),.UNSPECIFIED.,.F.,.F.,(4,3,3,4),(-0.127373280658511,
-0.079303548264724,-0.0311133561048893,0.),.UNSPECIFIED.);
#125=PLANE('',#3542);
#126=PLANE('',#3544);
#127=PLANE('',#3548);
#128=PLANE('',#3581);
#129=PLANE('',#3584);
#130=PLANE('',#3587);
#131=PLANE('',#3590);
#132=PLANE('',#3593);
#133=PLANE('',#3596);
#134=PLANE('',#3599);
#135=PLANE('',#3602);
#136=PLANE('',#3605);
#137=PLANE('',#3608);
#138=PLANE('',#3611);
#139=PLANE('',#3614);
#140=PLANE('',#3617);
#141=PLANE('',#3620);
#142=PLANE('',#3623);
#143=PLANE('',#3626);
#144=PLANE('',#3629);
#145=PLANE('',#3632);
#146=PLANE('',#3635);
#147=PLANE('',#3638);
#148=PLANE('',#3641);
#149=PLANE('',#3644);
#150=PLANE('',#3647);
#151=PLANE('',#3650);
#152=PLANE('',#3653);
#153=PLANE('',#3656);
#154=PLANE('',#3659);
#155=PLANE('',#3662);
#156=PLANE('',#3665);
#157=PLANE('',#3668);
#158=PLANE('',#3669);
#159=PLANE('',#3671);
#160=PLANE('',#3675);
#161=PLANE('',#3676);
#162=PLANE('',#3683);
#163=PLANE('',#3684);
#164=PLANE('',#3688);
#165=PLANE('',#3692);
#166=PLANE('',#3724);
#167=PLANE('',#3727);
#168=PLANE('',#3730);
#169=PLANE('',#3733);
#170=PLANE('',#3736);
#171=PLANE('',#3739);
#172=PLANE('',#3742);
#173=PLANE('',#3745);
#174=PLANE('',#3748);
#175=PLANE('',#3751);
#176=PLANE('',#3754);
#177=PLANE('',#3757);
#178=PLANE('',#3760);
#179=PLANE('',#3763);
#180=PLANE('',#3766);
#181=PLANE('',#3769);
#182=PLANE('',#3772);
#183=PLANE('',#3775);
#184=PLANE('',#3778);
#185=PLANE('',#3781);
#186=PLANE('',#3784);
#187=PLANE('',#3787);
#188=PLANE('',#3790);
#189=PLANE('',#3793);
#190=PLANE('',#3796);
#191=PLANE('',#3799);
#192=PLANE('',#3802);
#193=PLANE('',#3805);
#194=PLANE('',#3808);
#195=PLANE('',#3811);
#196=PLANE('',#3812);
#197=PLANE('',#3813);
#198=PLANE('',#3818);
#199=PLANE('',#3824);
#200=PLANE('',#3829);
#201=FACE_OUTER_BOUND('',#383,.T.);
#202=FACE_OUTER_BOUND('',#384,.T.);
#203=FACE_OUTER_BOUND('',#385,.T.);
#204=FACE_OUTER_BOUND('',#386,.T.);
#205=FACE_OUTER_BOUND('',#387,.T.);
#206=FACE_OUTER_BOUND('',#388,.T.);
#207=FACE_OUTER_BOUND('',#389,.T.);
#208=FACE_OUTER_BOUND('',#390,.T.);
#209=FACE_OUTER_BOUND('',#391,.T.);
#210=FACE_OUTER_BOUND('',#392,.T.);
#211=FACE_OUTER_BOUND('',#393,.T.);
#212=FACE_OUTER_BOUND('',#394,.T.);
#213=FACE_OUTER_BOUND('',#395,.T.);
#214=FACE_OUTER_BOUND('',#396,.T.);
#215=FACE_OUTER_BOUND('',#397,.T.);
#216=FACE_OUTER_BOUND('',#398,.T.);
#217=FACE_OUTER_BOUND('',#399,.T.);
#218=FACE_OUTER_BOUND('',#400,.T.);
#219=FACE_OUTER_BOUND('',#401,.T.);
#220=FACE_OUTER_BOUND('',#402,.T.);
#221=FACE_OUTER_BOUND('',#403,.T.);
#222=FACE_OUTER_BOUND('',#404,.T.);
#223=FACE_OUTER_BOUND('',#405,.T.);
#224=FACE_OUTER_BOUND('',#406,.T.);
#225=FACE_OUTER_BOUND('',#407,.T.);
#226=FACE_OUTER_BOUND('',#408,.T.);
#227=FACE_OUTER_BOUND('',#409,.T.);
#228=FACE_OUTER_BOUND('',#410,.T.);
#229=FACE_OUTER_BOUND('',#411,.T.);
#230=FACE_OUTER_BOUND('',#412,.T.);
#231=FACE_OUTER_BOUND('',#413,.T.);
#232=FACE_OUTER_BOUND('',#414,.T.);
#233=FACE_OUTER_BOUND('',#415,.T.);
#234=FACE_OUTER_BOUND('',#416,.T.);
#235=FACE_OUTER_BOUND('',#417,.T.);
#236=FACE_OUTER_BOUND('',#418,.T.);
#237=FACE_OUTER_BOUND('',#419,.T.);
#238=FACE_OUTER_BOUND('',#420,.T.);
#239=FACE_OUTER_BOUND('',#421,.T.);
#240=FACE_OUTER_BOUND('',#422,.T.);
#241=FACE_OUTER_BOUND('',#423,.T.);
#242=FACE_OUTER_BOUND('',#424,.T.);
#243=FACE_OUTER_BOUND('',#425,.T.);
#244=FACE_OUTER_BOUND('',#426,.T.);
#245=FACE_OUTER_BOUND('',#427,.T.);
#246=FACE_OUTER_BOUND('',#428,.T.);
#247=FACE_OUTER_BOUND('',#429,.T.);
#248=FACE_OUTER_BOUND('',#430,.T.);
#249=FACE_OUTER_BOUND('',#431,.T.);
#250=FACE_OUTER_BOUND('',#432,.T.);
#251=FACE_OUTER_BOUND('',#433,.T.);
#252=FACE_OUTER_BOUND('',#434,.T.);
#253=FACE_OUTER_BOUND('',#435,.T.);
#254=FACE_OUTER_BOUND('',#436,.T.);
#255=FACE_OUTER_BOUND('',#437,.T.);
#256=FACE_OUTER_BOUND('',#438,.T.);
#257=FACE_OUTER_BOUND('',#439,.T.);
#258=FACE_OUTER_BOUND('',#440,.T.);
#259=FACE_OUTER_BOUND('',#441,.T.);
#260=FACE_OUTER_BOUND('',#442,.T.);
#261=FACE_OUTER_BOUND('',#443,.T.);
#262=FACE_OUTER_BOUND('',#444,.T.);
#263=FACE_OUTER_BOUND('',#445,.T.);
#264=FACE_OUTER_BOUND('',#446,.T.);
#265=FACE_OUTER_BOUND('',#447,.T.);
#266=FACE_OUTER_BOUND('',#448,.T.);
#267=FACE_OUTER_BOUND('',#449,.T.);
#268=FACE_OUTER_BOUND('',#450,.T.);
#269=FACE_OUTER_BOUND('',#451,.T.);
#270=FACE_OUTER_BOUND('',#452,.T.);
#271=FACE_OUTER_BOUND('',#453,.T.);
#272=FACE_OUTER_BOUND('',#454,.T.);
#273=FACE_OUTER_BOUND('',#455,.T.);
#274=FACE_OUTER_BOUND('',#456,.T.);
#275=FACE_OUTER_BOUND('',#457,.T.);
#276=FACE_OUTER_BOUND('',#458,.T.);
#277=FACE_OUTER_BOUND('',#459,.T.);
#278=FACE_OUTER_BOUND('',#460,.T.);
#279=FACE_OUTER_BOUND('',#461,.T.);
#280=FACE_OUTER_BOUND('',#462,.T.);
#281=FACE_OUTER_BOUND('',#463,.T.);
#282=FACE_OUTER_BOUND('',#464,.T.);
#283=FACE_OUTER_BOUND('',#465,.T.);
#284=FACE_OUTER_BOUND('',#466,.T.);
#285=FACE_OUTER_BOUND('',#467,.T.);
#286=FACE_OUTER_BOUND('',#468,.T.);
#287=FACE_OUTER_BOUND('',#469,.T.);
#288=FACE_OUTER_BOUND('',#470,.T.);
#289=FACE_OUTER_BOUND('',#471,.T.);
#290=FACE_OUTER_BOUND('',#472,.T.);
#291=FACE_OUTER_BOUND('',#473,.T.);
#292=FACE_OUTER_BOUND('',#474,.T.);
#293=FACE_OUTER_BOUND('',#475,.T.);
#294=FACE_OUTER_BOUND('',#476,.T.);
#295=FACE_OUTER_BOUND('',#477,.T.);
#296=FACE_OUTER_BOUND('',#478,.T.);
#297=FACE_OUTER_BOUND('',#479,.T.);
#298=FACE_OUTER_BOUND('',#480,.T.);
#299=FACE_OUTER_BOUND('',#481,.T.);
#300=FACE_OUTER_BOUND('',#482,.T.);
#301=FACE_OUTER_BOUND('',#483,.T.);
#302=FACE_OUTER_BOUND('',#484,.T.);
#303=FACE_OUTER_BOUND('',#485,.T.);
#304=FACE_OUTER_BOUND('',#486,.T.);
#305=FACE_OUTER_BOUND('',#487,.T.);
#306=FACE_OUTER_BOUND('',#488,.T.);
#307=FACE_OUTER_BOUND('',#489,.T.);
#308=FACE_OUTER_BOUND('',#490,.T.);
#309=FACE_OUTER_BOUND('',#491,.T.);
#310=FACE_OUTER_BOUND('',#492,.T.);
#311=FACE_OUTER_BOUND('',#493,.T.);
#312=FACE_OUTER_BOUND('',#494,.T.);
#313=FACE_OUTER_BOUND('',#495,.T.);
#314=FACE_OUTER_BOUND('',#496,.T.);
#315=FACE_OUTER_BOUND('',#497,.T.);
#316=FACE_OUTER_BOUND('',#498,.T.);
#317=FACE_OUTER_BOUND('',#499,.T.);
#318=FACE_OUTER_BOUND('',#500,.T.);
#319=FACE_OUTER_BOUND('',#501,.T.);
#320=FACE_OUTER_BOUND('',#502,.T.);
#321=FACE_OUTER_BOUND('',#503,.T.);
#322=FACE_OUTER_BOUND('',#504,.T.);
#323=FACE_OUTER_BOUND('',#505,.T.);
#324=FACE_OUTER_BOUND('',#506,.T.);
#325=FACE_OUTER_BOUND('',#507,.T.);
#326=FACE_OUTER_BOUND('',#508,.T.);
#327=FACE_OUTER_BOUND('',#509,.T.);
#328=FACE_OUTER_BOUND('',#510,.T.);
#329=FACE_OUTER_BOUND('',#511,.T.);
#330=FACE_OUTER_BOUND('',#512,.T.);
#331=FACE_OUTER_BOUND('',#513,.T.);
#332=FACE_OUTER_BOUND('',#514,.T.);
#333=FACE_OUTER_BOUND('',#515,.T.);
#334=FACE_OUTER_BOUND('',#516,.T.);
#335=FACE_OUTER_BOUND('',#517,.T.);
#336=FACE_OUTER_BOUND('',#518,.T.);
#337=FACE_OUTER_BOUND('',#519,.T.);
#338=FACE_OUTER_BOUND('',#520,.T.);
#339=FACE_OUTER_BOUND('',#521,.T.);
#340=FACE_OUTER_BOUND('',#522,.T.);
#341=FACE_OUTER_BOUND('',#523,.T.);
#342=FACE_OUTER_BOUND('',#524,.T.);
#343=FACE_OUTER_BOUND('',#525,.T.);
#344=FACE_OUTER_BOUND('',#526,.T.);
#345=FACE_OUTER_BOUND('',#527,.T.);
#346=FACE_OUTER_BOUND('',#528,.T.);
#347=FACE_OUTER_BOUND('',#529,.T.);
#348=FACE_OUTER_BOUND('',#530,.T.);
#349=FACE_OUTER_BOUND('',#531,.T.);
#350=FACE_OUTER_BOUND('',#532,.T.);
#351=FACE_OUTER_BOUND('',#533,.T.);
#352=FACE_OUTER_BOUND('',#534,.T.);
#353=FACE_OUTER_BOUND('',#535,.T.);
#354=FACE_OUTER_BOUND('',#536,.T.);
#355=FACE_OUTER_BOUND('',#537,.T.);
#356=FACE_OUTER_BOUND('',#538,.T.);
#357=FACE_OUTER_BOUND('',#539,.T.);
#358=FACE_OUTER_BOUND('',#540,.T.);
#359=FACE_OUTER_BOUND('',#541,.T.);
#360=FACE_OUTER_BOUND('',#542,.T.);
#361=FACE_OUTER_BOUND('',#543,.T.);
#362=FACE_OUTER_BOUND('',#544,.T.);
#363=FACE_OUTER_BOUND('',#545,.T.);
#364=FACE_OUTER_BOUND('',#546,.T.);
#365=FACE_OUTER_BOUND('',#547,.T.);
#366=FACE_OUTER_BOUND('',#548,.T.);
#367=FACE_OUTER_BOUND('',#549,.T.);
#368=FACE_OUTER_BOUND('',#550,.T.);
#369=FACE_OUTER_BOUND('',#551,.T.);
#370=FACE_OUTER_BOUND('',#552,.T.);
#371=FACE_OUTER_BOUND('',#553,.T.);
#372=FACE_OUTER_BOUND('',#554,.T.);
#373=FACE_OUTER_BOUND('',#555,.T.);
#374=FACE_OUTER_BOUND('',#556,.T.);
#375=FACE_OUTER_BOUND('',#557,.T.);
#376=FACE_OUTER_BOUND('',#558,.T.);
#377=FACE_OUTER_BOUND('',#559,.T.);
#378=FACE_OUTER_BOUND('',#560,.T.);
#379=FACE_OUTER_BOUND('',#561,.T.);
#380=FACE_OUTER_BOUND('',#562,.T.);
#381=FACE_OUTER_BOUND('',#563,.T.);
#382=FACE_OUTER_BOUND('',#564,.T.);
#383=EDGE_LOOP('',(#2214,#2215,#2216));
#384=EDGE_LOOP('',(#2217,#2218,#2219,#2220,#2221,#2222,#2223));
#385=EDGE_LOOP('',(#2224,#2225,#2226,#2227,#2228));
#386=EDGE_LOOP('',(#2229,#2230,#2231,#2232));
#387=EDGE_LOOP('',(#2233,#2234,#2235,#2236,#2237,#2238,#2239,#2240,#2241,
#2242,#2243,#2244,#2245,#2246,#2247,#2248,#2249,#2250,#2251,#2252,#2253,
#2254,#2255,#2256,#2257,#2258,#2259,#2260,#2261,#2262,#2263,#2264,#2265,
#2266,#2267,#2268,#2269,#2270,#2271,#2272,#2273,#2274,#2275,#2276,#2277,
#2278,#2279,#2280,#2281,#2282,#2283,#2284,#2285,#2286,#2287,#2288,#2289,
#2290,#2291,#2292,#2293,#2294,#2295,#2296,#2297,#2298,#2299,#2300,#2301,
#2302,#2303,#2304,#2305,#2306,#2307,#2308,#2309,#2310,#2311,#2312,#2313,
#2314,#2315,#2316,#2317));
#388=EDGE_LOOP('',(#2318,#2319,#2320,#2321));
#389=EDGE_LOOP('',(#2322,#2323,#2324,#2325));
#390=EDGE_LOOP('',(#2326,#2327,#2328,#2329));
#391=EDGE_LOOP('',(#2330,#2331,#2332,#2333));
#392=EDGE_LOOP('',(#2334,#2335,#2336,#2337));
#393=EDGE_LOOP('',(#2338,#2339,#2340,#2341));
#394=EDGE_LOOP('',(#2342,#2343,#2344,#2345));
#395=EDGE_LOOP('',(#2346,#2347,#2348,#2349));
#396=EDGE_LOOP('',(#2350,#2351,#2352,#2353));
#397=EDGE_LOOP('',(#2354,#2355,#2356,#2357));
#398=EDGE_LOOP('',(#2358,#2359,#2360,#2361));
#399=EDGE_LOOP('',(#2362,#2363,#2364,#2365));
#400=EDGE_LOOP('',(#2366,#2367,#2368,#2369));
#401=EDGE_LOOP('',(#2370,#2371,#2372,#2373));
#402=EDGE_LOOP('',(#2374,#2375,#2376,#2377));
#403=EDGE_LOOP('',(#2378,#2379,#2380,#2381));
#404=EDGE_LOOP('',(#2382,#2383,#2384,#2385));
#405=EDGE_LOOP('',(#2386,#2387,#2388,#2389));
#406=EDGE_LOOP('',(#2390,#2391,#2392,#2393));
#407=EDGE_LOOP('',(#2394,#2395,#2396,#2397));
#408=EDGE_LOOP('',(#2398,#2399,#2400,#2401));
#409=EDGE_LOOP('',(#2402,#2403,#2404,#2405));
#410=EDGE_LOOP('',(#2406,#2407,#2408,#2409));
#411=EDGE_LOOP('',(#2410,#2411,#2412,#2413));
#412=EDGE_LOOP('',(#2414,#2415,#2416,#2417));
#413=EDGE_LOOP('',(#2418,#2419,#2420,#2421));
#414=EDGE_LOOP('',(#2422,#2423,#2424,#2425));
#415=EDGE_LOOP('',(#2426,#2427,#2428,#2429));
#416=EDGE_LOOP('',(#2430,#2431,#2432,#2433));
#417=EDGE_LOOP('',(#2434,#2435,#2436,#2437));
#418=EDGE_LOOP('',(#2438,#2439,#2440,#2441));
#419=EDGE_LOOP('',(#2442,#2443,#2444,#2445));
#420=EDGE_LOOP('',(#2446,#2447,#2448,#2449));
#421=EDGE_LOOP('',(#2450,#2451,#2452,#2453));
#422=EDGE_LOOP('',(#2454,#2455,#2456,#2457));
#423=EDGE_LOOP('',(#2458,#2459,#2460,#2461));
#424=EDGE_LOOP('',(#2462,#2463,#2464,#2465));
#425=EDGE_LOOP('',(#2466,#2467,#2468,#2469));
#426=EDGE_LOOP('',(#2470,#2471,#2472,#2473));
#427=EDGE_LOOP('',(#2474,#2475,#2476,#2477));
#428=EDGE_LOOP('',(#2478,#2479,#2480,#2481));
#429=EDGE_LOOP('',(#2482,#2483,#2484,#2485));
#430=EDGE_LOOP('',(#2486,#2487,#2488,#2489));
#431=EDGE_LOOP('',(#2490,#2491,#2492,#2493));
#432=EDGE_LOOP('',(#2494,#2495,#2496,#2497));
#433=EDGE_LOOP('',(#2498,#2499,#2500,#2501));
#434=EDGE_LOOP('',(#2502,#2503,#2504,#2505));
#435=EDGE_LOOP('',(#2506,#2507,#2508,#2509));
#436=EDGE_LOOP('',(#2510,#2511,#2512,#2513));
#437=EDGE_LOOP('',(#2514,#2515,#2516,#2517));
#438=EDGE_LOOP('',(#2518,#2519,#2520,#2521));
#439=EDGE_LOOP('',(#2522,#2523,#2524,#2525));
#440=EDGE_LOOP('',(#2526,#2527,#2528,#2529));
#441=EDGE_LOOP('',(#2530,#2531,#2532,#2533));
#442=EDGE_LOOP('',(#2534,#2535,#2536,#2537));
#443=EDGE_LOOP('',(#2538,#2539,#2540,#2541));
#444=EDGE_LOOP('',(#2542,#2543,#2544,#2545));
#445=EDGE_LOOP('',(#2546,#2547,#2548,#2549));
#446=EDGE_LOOP('',(#2550,#2551,#2552,#2553));
#447=EDGE_LOOP('',(#2554,#2555,#2556,#2557));
#448=EDGE_LOOP('',(#2558,#2559,#2560,#2561));
#449=EDGE_LOOP('',(#2562,#2563,#2564,#2565));
#450=EDGE_LOOP('',(#2566,#2567,#2568,#2569));
#451=EDGE_LOOP('',(#2570,#2571,#2572,#2573));
#452=EDGE_LOOP('',(#2574,#2575,#2576,#2577));
#453=EDGE_LOOP('',(#2578,#2579,#2580,#2581));
#454=EDGE_LOOP('',(#2582,#2583,#2584,#2585));
#455=EDGE_LOOP('',(#2586,#2587,#2588,#2589));
#456=EDGE_LOOP('',(#2590,#2591,#2592,#2593));
#457=EDGE_LOOP('',(#2594,#2595,#2596,#2597));
#458=EDGE_LOOP('',(#2598,#2599,#2600,#2601));
#459=EDGE_LOOP('',(#2602,#2603,#2604,#2605));
#460=EDGE_LOOP('',(#2606,#2607,#2608,#2609));
#461=EDGE_LOOP('',(#2610,#2611,#2612,#2613));
#462=EDGE_LOOP('',(#2614,#2615,#2616,#2617));
#463=EDGE_LOOP('',(#2618,#2619,#2620,#2621));
#464=EDGE_LOOP('',(#2622,#2623,#2624,#2625));
#465=EDGE_LOOP('',(#2626,#2627,#2628,#2629,#2630,#2631,#2632,#2633,#2634,
#2635,#2636,#2637,#2638,#2639,#2640,#2641,#2642,#2643,#2644,#2645,#2646,
#2647,#2648,#2649,#2650,#2651,#2652,#2653,#2654,#2655,#2656,#2657,#2658,
#2659,#2660,#2661,#2662,#2663,#2664,#2665,#2666,#2667,#2668,#2669,#2670,
#2671,#2672,#2673,#2674,#2675,#2676,#2677,#2678,#2679,#2680,#2681,#2682,
#2683,#2684,#2685,#2686,#2687,#2688,#2689,#2690,#2691,#2692,#2693,#2694,
#2695,#2696,#2697,#2698,#2699,#2700,#2701,#2702,#2703,#2704,#2705,#2706,
#2707));
#466=EDGE_LOOP('',(#2708,#2709,#2710,#2711,#2712));
#467=EDGE_LOOP('',(#2713,#2714,#2715,#2716));
#468=EDGE_LOOP('',(#2717,#2718,#2719));
#469=EDGE_LOOP('',(#2720,#2721,#2722,#2723,#2724,#2725));
#470=EDGE_LOOP('',(#2726,#2727,#2728,#2729,#2730,#2731));
#471=EDGE_LOOP('',(#2732,#2733,#2734,#2735));
#472=EDGE_LOOP('',(#2736,#2737,#2738,#2739));
#473=EDGE_LOOP('',(#2740,#2741,#2742,#2743));
#474=EDGE_LOOP('',(#2744,#2745,#2746,#2747,#2748,#2749,#2750,#2751));
#475=EDGE_LOOP('',(#2752,#2753,#2754,#2755,#2756));
#476=EDGE_LOOP('',(#2757,#2758,#2759,#2760));
#477=EDGE_LOOP('',(#2761,#2762,#2763,#2764,#2765,#2766,#2767,#2768,#2769,
#2770,#2771,#2772,#2773,#2774,#2775,#2776,#2777,#2778,#2779,#2780,#2781,
#2782,#2783,#2784,#2785,#2786,#2787,#2788,#2789,#2790,#2791,#2792,#2793,
#2794,#2795,#2796,#2797,#2798,#2799,#2800,#2801,#2802,#2803,#2804,#2805,
#2806,#2807,#2808,#2809,#2810,#2811,#2812,#2813,#2814,#2815,#2816,#2817,
#2818,#2819,#2820,#2821,#2822,#2823,#2824,#2825,#2826,#2827,#2828,#2829,
#2830,#2831,#2832,#2833,#2834,#2835,#2836,#2837,#2838,#2839,#2840,#2841,
#2842,#2843));
#478=EDGE_LOOP('',(#2844,#2845,#2846,#2847));
#479=EDGE_LOOP('',(#2848,#2849,#2850,#2851));
#480=EDGE_LOOP('',(#2852,#2853,#2854,#2855));
#481=EDGE_LOOP('',(#2856,#2857,#2858,#2859));
#482=EDGE_LOOP('',(#2860,#2861,#2862,#2863));
#483=EDGE_LOOP('',(#2864,#2865,#2866,#2867));
#484=EDGE_LOOP('',(#2868,#2869,#2870,#2871));
#485=EDGE_LOOP('',(#2872,#2873,#2874,#2875));
#486=EDGE_LOOP('',(#2876,#2877,#2878,#2879));
#487=EDGE_LOOP('',(#2880,#2881,#2882,#2883));
#488=EDGE_LOOP('',(#2884,#2885,#2886,#2887));
#489=EDGE_LOOP('',(#2888,#2889,#2890,#2891));
#490=EDGE_LOOP('',(#2892,#2893,#2894,#2895));
#491=EDGE_LOOP('',(#2896,#2897,#2898,#2899));
#492=EDGE_LOOP('',(#2900,#2901,#2902,#2903));
#493=EDGE_LOOP('',(#2904,#2905,#2906,#2907));
#494=EDGE_LOOP('',(#2908,#2909,#2910,#2911));
#495=EDGE_LOOP('',(#2912,#2913,#2914,#2915));
#496=EDGE_LOOP('',(#2916,#2917,#2918,#2919));
#497=EDGE_LOOP('',(#2920,#2921,#2922,#2923));
#498=EDGE_LOOP('',(#2924,#2925,#2926,#2927));
#499=EDGE_LOOP('',(#2928,#2929,#2930,#2931));
#500=EDGE_LOOP('',(#2932,#2933,#2934,#2935));
#501=EDGE_LOOP('',(#2936,#2937,#2938,#2939));
#502=EDGE_LOOP('',(#2940,#2941,#2942,#2943));
#503=EDGE_LOOP('',(#2944,#2945,#2946,#2947));
#504=EDGE_LOOP('',(#2948,#2949,#2950,#2951));
#505=EDGE_LOOP('',(#2952,#2953,#2954,#2955));
#506=EDGE_LOOP('',(#2956,#2957,#2958,#2959));
#507=EDGE_LOOP('',(#2960,#2961,#2962,#2963));
#508=EDGE_LOOP('',(#2964,#2965,#2966,#2967));
#509=EDGE_LOOP('',(#2968,#2969,#2970,#2971));
#510=EDGE_LOOP('',(#2972,#2973,#2974,#2975));
#511=EDGE_LOOP('',(#2976,#2977,#2978,#2979));
#512=EDGE_LOOP('',(#2980,#2981,#2982,#2983));
#513=EDGE_LOOP('',(#2984,#2985,#2986,#2987));
#514=EDGE_LOOP('',(#2988,#2989,#2990,#2991));
#515=EDGE_LOOP('',(#2992,#2993,#2994,#2995));
#516=EDGE_LOOP('',(#2996,#2997,#2998,#2999));
#517=EDGE_LOOP('',(#3000,#3001,#3002,#3003));
#518=EDGE_LOOP('',(#3004,#3005,#3006,#3007));
#519=EDGE_LOOP('',(#3008,#3009,#3010,#3011));
#520=EDGE_LOOP('',(#3012,#3013,#3014,#3015));
#521=EDGE_LOOP('',(#3016,#3017,#3018,#3019));
#522=EDGE_LOOP('',(#3020,#3021,#3022,#3023));
#523=EDGE_LOOP('',(#3024,#3025,#3026,#3027));
#524=EDGE_LOOP('',(#3028,#3029,#3030,#3031));
#525=EDGE_LOOP('',(#3032,#3033,#3034,#3035));
#526=EDGE_LOOP('',(#3036,#3037,#3038,#3039));
#527=EDGE_LOOP('',(#3040,#3041,#3042,#3043));
#528=EDGE_LOOP('',(#3044,#3045,#3046,#3047));
#529=EDGE_LOOP('',(#3048,#3049,#3050,#3051));
#530=EDGE_LOOP('',(#3052,#3053,#3054,#3055));
#531=EDGE_LOOP('',(#3056,#3057,#3058,#3059));
#532=EDGE_LOOP('',(#3060,#3061,#3062,#3063));
#533=EDGE_LOOP('',(#3064,#3065,#3066,#3067));
#534=EDGE_LOOP('',(#3068,#3069,#3070,#3071));
#535=EDGE_LOOP('',(#3072,#3073,#3074,#3075));
#536=EDGE_LOOP('',(#3076,#3077,#3078,#3079));
#537=EDGE_LOOP('',(#3080,#3081,#3082,#3083));
#538=EDGE_LOOP('',(#3084,#3085,#3086,#3087));
#539=EDGE_LOOP('',(#3088,#3089,#3090,#3091));
#540=EDGE_LOOP('',(#3092,#3093,#3094,#3095));
#541=EDGE_LOOP('',(#3096,#3097,#3098,#3099));
#542=EDGE_LOOP('',(#3100,#3101,#3102,#3103));
#543=EDGE_LOOP('',(#3104,#3105,#3106,#3107));
#544=EDGE_LOOP('',(#3108,#3109,#3110,#3111));
#545=EDGE_LOOP('',(#3112,#3113,#3114,#3115));
#546=EDGE_LOOP('',(#3116,#3117,#3118,#3119));
#547=EDGE_LOOP('',(#3120,#3121,#3122,#3123));
#548=EDGE_LOOP('',(#3124,#3125,#3126,#3127));
#549=EDGE_LOOP('',(#3128,#3129,#3130,#3131));
#550=EDGE_LOOP('',(#3132,#3133,#3134,#3135));
#551=EDGE_LOOP('',(#3136,#3137,#3138,#3139));
#552=EDGE_LOOP('',(#3140,#3141,#3142,#3143));
#553=EDGE_LOOP('',(#3144,#3145,#3146,#3147));
#554=EDGE_LOOP('',(#3148,#3149,#3150,#3151,#3152));
#555=EDGE_LOOP('',(#3153,#3154,#3155,#3156));
#556=EDGE_LOOP('',(#3157,#3158,#3159,#3160));
#557=EDGE_LOOP('',(#3161,#3162,#3163,#3164));
#558=EDGE_LOOP('',(#3165,#3166,#3167,#3168,#3169,#3170,#3171));
#559=EDGE_LOOP('',(#3172,#3173,#3174,#3175));
#560=EDGE_LOOP('',(#3176,#3177,#3178));
#561=EDGE_LOOP('',(#3179,#3180,#3181,#3182));
#562=EDGE_LOOP('',(#3183,#3184,#3185,#3186));
#563=EDGE_LOOP('',(#3187,#3188,#3189));
#564=EDGE_LOOP('',(#3190,#3191,#3192,#3193,#3194,#3195,#3196,#3197,#3198,
#3199,#3200,#3201,#3202,#3203,#3204,#3205,#3206,#3207,#3208,#3209,#3210,
#3211,#3212,#3213,#3214,#3215,#3216,#3217,#3218,#3219,#3220,#3221,#3222,
#3223,#3224,#3225,#3226,#3227,#3228,#3229,#3230,#3231,#3232,#3233,#3234,
#3235,#3236,#3237,#3238,#3239,#3240,#3241,#3242,#3243,#3244,#3245,#3246,
#3247,#3248,#3249,#3250,#3251,#3252,#3253,#3254,#3255,#3256,#3257,#3258,
#3259,#3260,#3261,#3262,#3263,#3264,#3265,#3266,#3267,#3268,#3269,#3270,
#3271));
#565=CIRCLE('',#3541,7.9);
#566=CIRCLE('',#3549,0.200000000000001);
#567=CIRCLE('',#3550,4.80000000000052);
#568=CIRCLE('',#3551,0.200000000000007);
#569=CIRCLE('',#3552,0.200000000000001);
#570=CIRCLE('',#3553,4.79999999999924);
#571=CIRCLE('',#3554,0.200000000000007);
#572=CIRCLE('',#3555,0.2);
#573=CIRCLE('',#3556,4.79999999999918);
#574=CIRCLE('',#3557,0.200000000000007);
#575=CIRCLE('',#3558,0.200000000000004);
#576=CIRCLE('',#3559,4.79999999999932);
#577=CIRCLE('',#3560,0.200000000000012);
#578=CIRCLE('',#3561,0.2);
#579=CIRCLE('',#3562,4.799999999998);
#580=CIRCLE('',#3563,0.200000000000012);
#581=CIRCLE('',#3564,0.200000000000004);
#582=CIRCLE('',#3565,4.79999999999936);
#583=CIRCLE('',#3566,0.20000000000001);
#584=CIRCLE('',#3567,0.200000000000001);
#585=CIRCLE('',#3568,4.79999999999936);
#586=CIRCLE('',#3569,0.20000000000001);
#587=CIRCLE('',#3570,0.200000000000001);
#588=CIRCLE('',#3571,4.79999999999791);
#589=CIRCLE('',#3572,0.20000000000001);
#590=CIRCLE('',#3573,0.200000000000003);
#591=CIRCLE('',#3574,4.79999999999977);
#592=CIRCLE('',#3575,0.20000000000001);
#593=CIRCLE('',#3576,0.5);
#594=CIRCLE('',#3577,0.499999999999998);
#595=CIRCLE('',#3578,7.90000000000002);
#596=CIRCLE('',#3579,7.90000000000002);
#597=CIRCLE('',#3580,7.90800162068622);
#598=CIRCLE('',#3583,4.79999999999936);
#599=CIRCLE('',#3586,0.20000000000001);
#600=CIRCLE('',#3589,0.200000000000001);
#601=CIRCLE('',#3592,4.79999999999791);
#602=CIRCLE('',#3595,0.20000000000001);
#603=CIRCLE('',#3598,0.200000000000003);
#604=CIRCLE('',#3601,4.79999999999977);
#605=CIRCLE('',#3604,0.20000000000001);
#606=CIRCLE('',#3607,0.5);
#607=CIRCLE('',#3610,0.499999999999998);
#608=CIRCLE('',#3613,0.200000000000001);
#609=CIRCLE('',#3616,4.80000000000052);
#610=CIRCLE('',#3619,0.200000000000007);
#611=CIRCLE('',#3622,0.200000000000001);
#612=CIRCLE('',#3625,4.79999999999924);
#613=CIRCLE('',#3628,0.200000000000007);
#614=CIRCLE('',#3631,0.2);
#615=CIRCLE('',#3634,4.79999999999918);
#616=CIRCLE('',#3637,0.200000000000007);
#617=CIRCLE('',#3640,0.200000000000004);
#618=CIRCLE('',#3643,4.79999999999932);
#619=CIRCLE('',#3646,0.200000000000012);
#620=CIRCLE('',#3649,0.2);
#621=CIRCLE('',#3652,4.799999999998);
#622=CIRCLE('',#3655,0.200000000000012);
#623=CIRCLE('',#3658,0.200000000000004);
#624=CIRCLE('',#3661,4.79999999999936);
#625=CIRCLE('',#3664,0.20000000000001);
#626=CIRCLE('',#3667,0.200000000000001);
#627=CIRCLE('',#3670,7.9);
#628=CIRCLE('',#3673,7.9);
#629=CIRCLE('',#3677,7.90000000000002);
#630=CIRCLE('',#3678,7.90000000000002);
#631=CIRCLE('',#3693,7.90000000000002);
#632=CIRCLE('',#3694,7.90000000000002);
#633=CIRCLE('',#3695,0.499999999999998);
#634=CIRCLE('',#3696,0.499999999999998);
#635=CIRCLE('',#3697,0.200000000000113);
#636=CIRCLE('',#3698,4.8);
#637=CIRCLE('',#3699,0.199999999999921);
#638=CIRCLE('',#3700,0.2);
#639=CIRCLE('',#3701,4.8);
#640=CIRCLE('',#3702,0.200000000000137);
#641=CIRCLE('',#3703,0.199999999999941);
#642=CIRCLE('',#3704,4.8);
#643=CIRCLE('',#3705,0.200000000000137);
#644=CIRCLE('',#3706,0.199999999999941);
#645=CIRCLE('',#3707,4.8);
#646=CIRCLE('',#3708,0.199999999999958);
#647=CIRCLE('',#3709,0.200000000000095);
#648=CIRCLE('',#3710,4.8);
#649=CIRCLE('',#3711,0.199999999999914);
#650=CIRCLE('',#3712,0.199999999999992);
#651=CIRCLE('',#3713,4.8);
#652=CIRCLE('',#3714,0.19999999999995);
#653=CIRCLE('',#3715,0.199999999999992);
#654=CIRCLE('',#3716,4.8);
#655=CIRCLE('',#3717,0.19999999999995);
#656=CIRCLE('',#3718,0.199999999999904);
#657=CIRCLE('',#3719,4.8);
#658=CIRCLE('',#3720,0.199999999999905);
#659=CIRCLE('',#3721,0.199999999999941);
#660=CIRCLE('',#3722,4.8);
#661=CIRCLE('',#3723,0.19999999999993);
#662=CIRCLE('',#3726,0.199999999999992);
#663=CIRCLE('',#3729,4.8);
#664=CIRCLE('',#3732,0.19999999999995);
#665=CIRCLE('',#3735,0.199999999999992);
#666=CIRCLE('',#3738,4.8);
#667=CIRCLE('',#3741,0.19999999999995);
#668=CIRCLE('',#3744,0.199999999999904);
#669=CIRCLE('',#3747,4.8);
#670=CIRCLE('',#3750,0.199999999999905);
#671=CIRCLE('',#3753,0.199999999999941);
#672=CIRCLE('',#3756,4.8);
#673=CIRCLE('',#3759,0.19999999999993);
#674=CIRCLE('',#3762,0.499999999999998);
#675=CIRCLE('',#3765,0.499999999999998);
#676=CIRCLE('',#3768,0.200000000000113);
#677=CIRCLE('',#3771,4.8);
#678=CIRCLE('',#3774,0.199999999999921);
#679=CIRCLE('',#3777,0.2);
#680=CIRCLE('',#3780,4.8);
#681=CIRCLE('',#3783,0.200000000000137);
#682=CIRCLE('',#3786,0.199999999999941);
#683=CIRCLE('',#3789,4.8);
#684=CIRCLE('',#3792,0.200000000000137);
#685=CIRCLE('',#3795,0.199999999999941);
#686=CIRCLE('',#3798,4.8);
#687=CIRCLE('',#3801,0.199999999999958);
#688=CIRCLE('',#3804,0.200000000000095);
#689=CIRCLE('',#3807,4.8);
#690=CIRCLE('',#3810,0.199999999999914);
#691=CIRCLE('',#3817,7.90000000000002);
#692=CIRCLE('',#3819,7.90000000000002);
#693=CIRCLE('',#3820,7.9);
#694=CIRCLE('',#3821,7.9);
#695=CIRCLE('',#3826,7.9);
#696=CIRCLE('',#3828,7.9);
#697=LINE('',#4732,#1009);
#698=LINE('',#4736,#1010);
#699=LINE('',#4738,#1011);
#700=LINE('',#4740,#1012);
#701=LINE('',#4744,#1013);
#702=LINE('',#4745,#1014);
#703=LINE('',#4748,#1015);
#704=LINE('',#4750,#1016);
#705=LINE('',#4751,#1017);
#706=LINE('',#4756,#1018);
#707=LINE('',#4760,#1019);
#708=LINE('',#4762,#1020);
#709=LINE('',#4766,#1021);
#710=LINE('',#4792,#1022);
#711=LINE('',#4796,#1023);
#712=LINE('',#4800,#1024);
#713=LINE('',#4826,#1025);
#714=LINE('',#4830,#1026);
#715=LINE('',#4834,#1027);
#716=LINE('',#4860,#1028);
#717=LINE('',#4864,#1029);
#718=LINE('',#4868,#1030);
#719=LINE('',#4894,#1031);
#720=LINE('',#4898,#1032);
#721=LINE('',#4902,#1033);
#722=LINE('',#4928,#1034);
#723=LINE('',#4932,#1035);
#724=LINE('',#4936,#1036);
#725=LINE('',#4962,#1037);
#726=LINE('',#4966,#1038);
#727=LINE('',#4970,#1039);
#728=LINE('',#4996,#1040);
#729=LINE('',#5000,#1041);
#730=LINE('',#5004,#1042);
#731=LINE('',#5030,#1043);
#732=LINE('',#5034,#1044);
#733=LINE('',#5038,#1045);
#734=LINE('',#5064,#1046);
#735=LINE('',#5068,#1047);
#736=LINE('',#5072,#1048);
#737=LINE('',#5076,#1049);
#738=LINE('',#5080,#1050);
#739=LINE('',#5084,#1051);
#740=LINE('',#5088,#1052);
#741=LINE('',#5089,#1053);
#742=LINE('',#5094,#1054);
#743=LINE('',#5095,#1055);
#744=LINE('',#5123,#1056);
#745=LINE('',#5126,#1057);
#746=LINE('',#5127,#1058);
#747=LINE('',#5131,#1059);
#748=LINE('',#5134,#1060);
#749=LINE('',#5135,#1061);
#750=LINE('',#5139,#1062);
#751=LINE('',#5142,#1063);
#752=LINE('',#5143,#1064);
#753=LINE('',#5171,#1065);
#754=LINE('',#5175,#1066);
#755=LINE('',#5203,#1067);
#756=LINE('',#5206,#1068);
#757=LINE('',#5207,#1069);
#758=LINE('',#5211,#1070);
#759=LINE('',#5214,#1071);
#760=LINE('',#5215,#1072);
#761=LINE('',#5219,#1073);
#762=LINE('',#5222,#1074);
#763=LINE('',#5223,#1075);
#764=LINE('',#5251,#1076);
#765=LINE('',#5255,#1077);
#766=LINE('',#5283,#1078);
#767=LINE('',#5286,#1079);
#768=LINE('',#5287,#1080);
#769=LINE('',#5291,#1081);
#770=LINE('',#5294,#1082);
#771=LINE('',#5295,#1083);
#772=LINE('',#5299,#1084);
#773=LINE('',#5302,#1085);
#774=LINE('',#5303,#1086);
#775=LINE('',#5307,#1087);
#776=LINE('',#5310,#1088);
#777=LINE('',#5311,#1089);
#778=LINE('',#5315,#1090);
#779=LINE('',#5318,#1091);
#780=LINE('',#5319,#1092);
#781=LINE('',#5347,#1093);
#782=LINE('',#5351,#1094);
#783=LINE('',#5379,#1095);
#784=LINE('',#5382,#1096);
#785=LINE('',#5383,#1097);
#786=LINE('',#5387,#1098);
#787=LINE('',#5390,#1099);
#788=LINE('',#5391,#1100);
#789=LINE('',#5395,#1101);
#790=LINE('',#5398,#1102);
#791=LINE('',#5399,#1103);
#792=LINE('',#5427,#1104);
#793=LINE('',#5431,#1105);
#794=LINE('',#5459,#1106);
#795=LINE('',#5462,#1107);
#796=LINE('',#5463,#1108);
#797=LINE('',#5467,#1109);
#798=LINE('',#5470,#1110);
#799=LINE('',#5471,#1111);
#800=LINE('',#5475,#1112);
#801=LINE('',#5478,#1113);
#802=LINE('',#5479,#1114);
#803=LINE('',#5507,#1115);
#804=LINE('',#5511,#1116);
#805=LINE('',#5539,#1117);
#806=LINE('',#5542,#1118);
#807=LINE('',#5543,#1119);
#808=LINE('',#5547,#1120);
#809=LINE('',#5550,#1121);
#810=LINE('',#5551,#1122);
#811=LINE('',#5555,#1123);
#812=LINE('',#5558,#1124);
#813=LINE('',#5559,#1125);
#814=LINE('',#5587,#1126);
#815=LINE('',#5591,#1127);
#816=LINE('',#5619,#1128);
#817=LINE('',#5622,#1129);
#818=LINE('',#5623,#1130);
#819=LINE('',#5627,#1131);
#820=LINE('',#5630,#1132);
#821=LINE('',#5631,#1133);
#822=LINE('',#5635,#1134);
#823=LINE('',#5638,#1135);
#824=LINE('',#5639,#1136);
#825=LINE('',#5667,#1137);
#826=LINE('',#5671,#1138);
#827=LINE('',#5699,#1139);
#828=LINE('',#5702,#1140);
#829=LINE('',#5703,#1141);
#830=LINE('',#5707,#1142);
#831=LINE('',#5710,#1143);
#832=LINE('',#5711,#1144);
#833=LINE('',#5715,#1145);
#834=LINE('',#5718,#1146);
#835=LINE('',#5719,#1147);
#836=LINE('',#5747,#1148);
#837=LINE('',#5751,#1149);
#838=LINE('',#5779,#1150);
#839=LINE('',#5782,#1151);
#840=LINE('',#5783,#1152);
#841=LINE('',#5787,#1153);
#842=LINE('',#5790,#1154);
#843=LINE('',#5791,#1155);
#844=LINE('',#5795,#1156);
#845=LINE('',#5798,#1157);
#846=LINE('',#5799,#1158);
#847=LINE('',#5829,#1159);
#848=LINE('',#5832,#1160);
#849=LINE('',#5833,#1161);
#850=LINE('',#5837,#1162);
#851=LINE('',#5840,#1163);
#852=LINE('',#5841,#1164);
#853=LINE('',#5845,#1165);
#854=LINE('',#5858,#1166);
#855=LINE('',#5860,#1167);
#856=LINE('',#5866,#1168);
#857=LINE('',#5868,#1169);
#858=LINE('',#5869,#1170);
#859=LINE('',#5872,#1171);
#860=LINE('',#5874,#1172);
#861=LINE('',#5876,#1173);
#862=LINE('',#5877,#1174);
#863=LINE('',#5882,#1175);
#864=LINE('',#5888,#1176);
#865=LINE('',#5892,#1177);
#866=LINE('',#5896,#1178);
#867=LINE('',#5900,#1179);
#868=LINE('',#5904,#1180);
#869=LINE('',#5930,#1181);
#870=LINE('',#5934,#1182);
#871=LINE('',#5938,#1183);
#872=LINE('',#5964,#1184);
#873=LINE('',#5968,#1185);
#874=LINE('',#5972,#1186);
#875=LINE('',#5998,#1187);
#876=LINE('',#6002,#1188);
#877=LINE('',#6006,#1189);
#878=LINE('',#6028,#1190);
#879=LINE('',#6032,#1191);
#880=LINE('',#6036,#1192);
#881=LINE('',#6058,#1193);
#882=LINE('',#6062,#1194);
#883=LINE('',#6066,#1195);
#884=LINE('',#6090,#1196);
#885=LINE('',#6094,#1197);
#886=LINE('',#6098,#1198);
#887=LINE('',#6120,#1199);
#888=LINE('',#6124,#1200);
#889=LINE('',#6128,#1201);
#890=LINE('',#6154,#1202);
#891=LINE('',#6158,#1203);
#892=LINE('',#6162,#1204);
#893=LINE('',#6188,#1205);
#894=LINE('',#6192,#1206);
#895=LINE('',#6193,#1207);
#896=LINE('',#6197,#1208);
#897=LINE('',#6198,#1209);
#898=LINE('',#6199,#1210);
#899=LINE('',#6203,#1211);
#900=LINE('',#6206,#1212);
#901=LINE('',#6207,#1213);
#902=LINE('',#6235,#1214);
#903=LINE('',#6239,#1215);
#904=LINE('',#6267,#1216);
#905=LINE('',#6270,#1217);
#906=LINE('',#6271,#1218);
#907=LINE('',#6275,#1219);
#908=LINE('',#6278,#1220);
#909=LINE('',#6279,#1221);
#910=LINE('',#6283,#1222);
#911=LINE('',#6286,#1223);
#912=LINE('',#6287,#1224);
#913=LINE('',#6315,#1225);
#914=LINE('',#6319,#1226);
#915=LINE('',#6347,#1227);
#916=LINE('',#6350,#1228);
#917=LINE('',#6351,#1229);
#918=LINE('',#6355,#1230);
#919=LINE('',#6358,#1231);
#920=LINE('',#6359,#1232);
#921=LINE('',#6363,#1233);
#922=LINE('',#6366,#1234);
#923=LINE('',#6367,#1235);
#924=LINE('',#6395,#1236);
#925=LINE('',#6399,#1237);
#926=LINE('',#6427,#1238);
#927=LINE('',#6430,#1239);
#928=LINE('',#6431,#1240);
#929=LINE('',#6435,#1241);
#930=LINE('',#6438,#1242);
#931=LINE('',#6439,#1243);
#932=LINE('',#6443,#1244);
#933=LINE('',#6446,#1245);
#934=LINE('',#6447,#1246);
#935=LINE('',#6475,#1247);
#936=LINE('',#6479,#1248);
#937=LINE('',#6507,#1249);
#938=LINE('',#6510,#1250);
#939=LINE('',#6511,#1251);
#940=LINE('',#6515,#1252);
#941=LINE('',#6518,#1253);
#942=LINE('',#6519,#1254);
#943=LINE('',#6524,#1255);
#944=LINE('',#6525,#1256);
#945=LINE('',#6528,#1257);
#946=LINE('',#6529,#1258);
#947=LINE('',#6533,#1259);
#948=LINE('',#6536,#1260);
#949=LINE('',#6537,#1261);
#950=LINE('',#6541,#1262);
#951=LINE('',#6544,#1263);
#952=LINE('',#6545,#1264);
#953=LINE('',#6573,#1265);
#954=LINE('',#6577,#1266);
#955=LINE('',#6605,#1267);
#956=LINE('',#6608,#1268);
#957=LINE('',#6609,#1269);
#958=LINE('',#6613,#1270);
#959=LINE('',#6616,#1271);
#960=LINE('',#6617,#1272);
#961=LINE('',#6621,#1273);
#962=LINE('',#6624,#1274);
#963=LINE('',#6625,#1275);
#964=LINE('',#6653,#1276);
#965=LINE('',#6657,#1277);
#966=LINE('',#6685,#1278);
#967=LINE('',#6688,#1279);
#968=LINE('',#6689,#1280);
#969=LINE('',#6693,#1281);
#970=LINE('',#6696,#1282);
#971=LINE('',#6697,#1283);
#972=LINE('',#6701,#1284);
#973=LINE('',#6704,#1285);
#974=LINE('',#6705,#1286);
#975=LINE('',#6733,#1287);
#976=LINE('',#6737,#1288);
#977=LINE('',#6765,#1289);
#978=LINE('',#6768,#1290);
#979=LINE('',#6769,#1291);
#980=LINE('',#6773,#1292);
#981=LINE('',#6776,#1293);
#982=LINE('',#6777,#1294);
#983=LINE('',#6781,#1295);
#984=LINE('',#6784,#1296);
#985=LINE('',#6785,#1297);
#986=LINE('',#6813,#1298);
#987=LINE('',#6817,#1299);
#988=LINE('',#6845,#1300);
#989=LINE('',#6848,#1301);
#990=LINE('',#6849,#1302);
#991=LINE('',#6853,#1303);
#992=LINE('',#6856,#1304);
#993=LINE('',#6857,#1305);
#994=LINE('',#6861,#1306);
#995=LINE('',#6864,#1307);
#996=LINE('',#6865,#1308);
#997=LINE('',#6893,#1309);
#998=LINE('',#6897,#1310);
#999=LINE('',#6925,#1311);
#1000=LINE('',#6928,#1312);
#1001=LINE('',#6929,#1313);
#1002=LINE('',#6934,#1314);
#1003=LINE('',#6936,#1315);
#1004=LINE('',#6937,#1316);
#1005=LINE('',#6939,#1317);
#1006=LINE('',#6944,#1318);
#1007=LINE('',#6952,#1319);
#1008=LINE('',#6956,#1320);
#1009=VECTOR('',#3836,10.);
#1010=VECTOR('',#3841,10.);
#1011=VECTOR('',#3842,10.);
#1012=VECTOR('',#3843,10.);
#1013=VECTOR('',#3846,10.);
#1014=VECTOR('',#3847,10.);
#1015=VECTOR('',#3850,10.);
#1016=VECTOR('',#3851,10.);
#1017=VECTOR('',#3852,10.);
#1018=VECTOR('',#3857,10.);
#1019=VECTOR('',#3862,10.);
#1020=VECTOR('',#3863,10.);
#1021=VECTOR('',#3866,10.);
#1022=VECTOR('',#3869,10.);
#1023=VECTOR('',#3872,10.);
#1024=VECTOR('',#3875,10.);
#1025=VECTOR('',#3878,10.);
#1026=VECTOR('',#3881,10.);
#1027=VECTOR('',#3884,10.);
#1028=VECTOR('',#3887,10.);
#1029=VECTOR('',#3890,10.);
#1030=VECTOR('',#3893,10.);
#1031=VECTOR('',#3896,10.);
#1032=VECTOR('',#3899,10.);
#1033=VECTOR('',#3902,10.);
#1034=VECTOR('',#3905,10.);
#1035=VECTOR('',#3908,10.);
#1036=VECTOR('',#3911,10.);
#1037=VECTOR('',#3914,10.);
#1038=VECTOR('',#3917,10.);
#1039=VECTOR('',#3920,10.);
#1040=VECTOR('',#3923,10.);
#1041=VECTOR('',#3926,10.);
#1042=VECTOR('',#3929,10.);
#1043=VECTOR('',#3932,10.);
#1044=VECTOR('',#3935,10.);
#1045=VECTOR('',#3938,10.);
#1046=VECTOR('',#3941,10.);
#1047=VECTOR('',#3944,10.);
#1048=VECTOR('',#3947,10.);
#1049=VECTOR('',#3950,10.);
#1050=VECTOR('',#3953,10.);
#1051=VECTOR('',#3956,10.);
#1052=VECTOR('',#3961,10.);
#1053=VECTOR('',#3962,10.);
#1054=VECTOR('',#3967,10.);
#1055=VECTOR('',#3968,10.);
#1056=VECTOR('',#3969,10.);
#1057=VECTOR('',#3972,10.);
#1058=VECTOR('',#3973,10.);
#1059=VECTOR('',#3978,10.);
#1060=VECTOR('',#3981,10.);
#1061=VECTOR('',#3982,10.);
#1062=VECTOR('',#3987,10.);
#1063=VECTOR('',#3990,10.);
#1064=VECTOR('',#3991,10.);
#1065=VECTOR('',#3992,10.);
#1066=VECTOR('',#3997,10.);
#1067=VECTOR('',#3998,10.);
#1068=VECTOR('',#4001,10.);
#1069=VECTOR('',#4002,10.);
#1070=VECTOR('',#4007,10.);
#1071=VECTOR('',#4010,10.);
#1072=VECTOR('',#4011,10.);
#1073=VECTOR('',#4016,10.);
#1074=VECTOR('',#4019,10.);
#1075=VECTOR('',#4020,10.);
#1076=VECTOR('',#4021,10.);
#1077=VECTOR('',#4026,10.);
#1078=VECTOR('',#4027,10.);
#1079=VECTOR('',#4030,10.);
#1080=VECTOR('',#4031,10.);
#1081=VECTOR('',#4036,10.);
#1082=VECTOR('',#4039,10.);
#1083=VECTOR('',#4040,10.);
#1084=VECTOR('',#4045,10.);
#1085=VECTOR('',#4048,10.);
#1086=VECTOR('',#4049,10.);
#1087=VECTOR('',#4054,10.);
#1088=VECTOR('',#4057,10.);
#1089=VECTOR('',#4058,10.);
#1090=VECTOR('',#4063,10.);
#1091=VECTOR('',#4066,10.);
#1092=VECTOR('',#4067,10.);
#1093=VECTOR('',#4068,10.);
#1094=VECTOR('',#4073,10.);
#1095=VECTOR('',#4074,10.);
#1096=VECTOR('',#4077,10.);
#1097=VECTOR('',#4078,10.);
#1098=VECTOR('',#4083,10.);
#1099=VECTOR('',#4086,10.);
#1100=VECTOR('',#4087,10.);
#1101=VECTOR('',#4092,10.);
#1102=VECTOR('',#4095,10.);
#1103=VECTOR('',#4096,10.);
#1104=VECTOR('',#4097,10.);
#1105=VECTOR('',#4102,10.);
#1106=VECTOR('',#4103,10.);
#1107=VECTOR('',#4106,10.);
#1108=VECTOR('',#4107,10.);
#1109=VECTOR('',#4112,10.);
#1110=VECTOR('',#4115,10.);
#1111=VECTOR('',#4116,10.);
#1112=VECTOR('',#4121,10.);
#1113=VECTOR('',#4124,10.);
#1114=VECTOR('',#4125,10.);
#1115=VECTOR('',#4126,10.);
#1116=VECTOR('',#4131,10.);
#1117=VECTOR('',#4132,10.);
#1118=VECTOR('',#4135,10.);
#1119=VECTOR('',#4136,10.);
#1120=VECTOR('',#4141,10.);
#1121=VECTOR('',#4144,10.);
#1122=VECTOR('',#4145,10.);
#1123=VECTOR('',#4150,10.);
#1124=VECTOR('',#4153,10.);
#1125=VECTOR('',#4154,10.);
#1126=VECTOR('',#4155,10.);
#1127=VECTOR('',#4160,10.);
#1128=VECTOR('',#4161,10.);
#1129=VECTOR('',#4164,10.);
#1130=VECTOR('',#4165,10.);
#1131=VECTOR('',#4170,10.);
#1132=VECTOR('',#4173,10.);
#1133=VECTOR('',#4174,10.);
#1134=VECTOR('',#4179,10.);
#1135=VECTOR('',#4182,10.);
#1136=VECTOR('',#4183,10.);
#1137=VECTOR('',#4184,10.);
#1138=VECTOR('',#4189,10.);
#1139=VECTOR('',#4190,10.);
#1140=VECTOR('',#4193,10.);
#1141=VECTOR('',#4194,10.);
#1142=VECTOR('',#4199,10.);
#1143=VECTOR('',#4202,10.);
#1144=VECTOR('',#4203,10.);
#1145=VECTOR('',#4208,10.);
#1146=VECTOR('',#4211,10.);
#1147=VECTOR('',#4212,10.);
#1148=VECTOR('',#4213,10.);
#1149=VECTOR('',#4218,10.);
#1150=VECTOR('',#4219,10.);
#1151=VECTOR('',#4222,10.);
#1152=VECTOR('',#4223,10.);
#1153=VECTOR('',#4228,10.);
#1154=VECTOR('',#4231,10.);
#1155=VECTOR('',#4232,10.);
#1156=VECTOR('',#4237,10.);
#1157=VECTOR('',#4240,10.);
#1158=VECTOR('',#4241,10.);
#1159=VECTOR('',#4246,10.);
#1160=VECTOR('',#4249,10.);
#1161=VECTOR('',#4250,10.);
#1162=VECTOR('',#4257,10.);
#1163=VECTOR('',#4260,10.);
#1164=VECTOR('',#4261,10.);
#1165=VECTOR('',#4264,10.);
#1166=VECTOR('',#4283,10.);
#1167=VECTOR('',#4284,10.);
#1168=VECTOR('',#4289,10.);
#1169=VECTOR('',#4290,10.);
#1170=VECTOR('',#4291,10.);
#1171=VECTOR('',#4294,10.);
#1172=VECTOR('',#4295,10.);
#1173=VECTOR('',#4296,10.);
#1174=VECTOR('',#4297,10.);
#1175=VECTOR('',#4302,10.);
#1176=VECTOR('',#4309,10.);
#1177=VECTOR('',#4312,10.);
#1178=VECTOR('',#4315,10.);
#1179=VECTOR('',#4318,10.);
#1180=VECTOR('',#4321,10.);
#1181=VECTOR('',#4324,10.);
#1182=VECTOR('',#4327,10.);
#1183=VECTOR('',#4330,10.);
#1184=VECTOR('',#4333,10.);
#1185=VECTOR('',#4336,10.);
#1186=VECTOR('',#4339,10.);
#1187=VECTOR('',#4342,10.);
#1188=VECTOR('',#4345,10.);
#1189=VECTOR('',#4348,10.);
#1190=VECTOR('',#4351,10.);
#1191=VECTOR('',#4354,10.);
#1192=VECTOR('',#4357,10.);
#1193=VECTOR('',#4360,10.);
#1194=VECTOR('',#4363,10.);
#1195=VECTOR('',#4366,10.);
#1196=VECTOR('',#4369,10.);
#1197=VECTOR('',#4372,10.);
#1198=VECTOR('',#4375,10.);
#1199=VECTOR('',#4378,10.);
#1200=VECTOR('',#4381,10.);
#1201=VECTOR('',#4384,10.);
#1202=VECTOR('',#4387,10.);
#1203=VECTOR('',#4390,10.);
#1204=VECTOR('',#4393,10.);
#1205=VECTOR('',#4396,10.);
#1206=VECTOR('',#4399,10.);
#1207=VECTOR('',#4400,10.);
#1208=VECTOR('',#4403,10.);
#1209=VECTOR('',#4404,10.);
#1210=VECTOR('',#4405,10.);
#1211=VECTOR('',#4410,10.);
#1212=VECTOR('',#4413,10.);
#1213=VECTOR('',#4414,10.);
#1214=VECTOR('',#4415,10.);
#1215=VECTOR('',#4420,10.);
#1216=VECTOR('',#4421,10.);
#1217=VECTOR('',#4424,10.);
#1218=VECTOR('',#4425,10.);
#1219=VECTOR('',#4430,10.);
#1220=VECTOR('',#4433,10.);
#1221=VECTOR('',#4434,10.);
#1222=VECTOR('',#4439,10.);
#1223=VECTOR('',#4442,10.);
#1224=VECTOR('',#4443,10.);
#1225=VECTOR('',#4444,10.);
#1226=VECTOR('',#4449,10.);
#1227=VECTOR('',#4450,10.);
#1228=VECTOR('',#4453,10.);
#1229=VECTOR('',#4454,10.);
#1230=VECTOR('',#4459,10.);
#1231=VECTOR('',#4462,10.);
#1232=VECTOR('',#4463,10.);
#1233=VECTOR('',#4468,10.);
#1234=VECTOR('',#4471,10.);
#1235=VECTOR('',#4472,10.);
#1236=VECTOR('',#4473,10.);
#1237=VECTOR('',#4478,10.);
#1238=VECTOR('',#4479,10.);
#1239=VECTOR('',#4482,10.);
#1240=VECTOR('',#4483,10.);
#1241=VECTOR('',#4488,10.);
#1242=VECTOR('',#4491,10.);
#1243=VECTOR('',#4492,10.);
#1244=VECTOR('',#4497,10.);
#1245=VECTOR('',#4500,10.);
#1246=VECTOR('',#4501,10.);
#1247=VECTOR('',#4502,10.);
#1248=VECTOR('',#4507,10.);
#1249=VECTOR('',#4508,10.);
#1250=VECTOR('',#4511,10.);
#1251=VECTOR('',#4512,10.);
#1252=VECTOR('',#4517,10.);
#1253=VECTOR('',#4520,10.);
#1254=VECTOR('',#4521,10.);
#1255=VECTOR('',#4526,10.);
#1256=VECTOR('',#4527,10.);
#1257=VECTOR('',#4530,10.);
#1258=VECTOR('',#4531,10.);
#1259=VECTOR('',#4536,10.);
#1260=VECTOR('',#4539,10.);
#1261=VECTOR('',#4540,10.);
#1262=VECTOR('',#4545,10.);
#1263=VECTOR('',#4548,10.);
#1264=VECTOR('',#4549,10.);
#1265=VECTOR('',#4550,10.);
#1266=VECTOR('',#4555,10.);
#1267=VECTOR('',#4556,10.);
#1268=VECTOR('',#4559,10.);
#1269=VECTOR('',#4560,10.);
#1270=VECTOR('',#4565,10.);
#1271=VECTOR('',#4568,10.);
#1272=VECTOR('',#4569,10.);
#1273=VECTOR('',#4574,10.);
#1274=VECTOR('',#4577,10.);
#1275=VECTOR('',#4578,10.);
#1276=VECTOR('',#4579,10.);
#1277=VECTOR('',#4584,10.);
#1278=VECTOR('',#4585,10.);
#1279=VECTOR('',#4588,10.);
#1280=VECTOR('',#4589,10.);
#1281=VECTOR('',#4594,10.);
#1282=VECTOR('',#4597,10.);
#1283=VECTOR('',#4598,10.);
#1284=VECTOR('',#4603,10.);
#1285=VECTOR('',#4606,10.);
#1286=VECTOR('',#4607,10.);
#1287=VECTOR('',#4608,10.);
#1288=VECTOR('',#4613,10.);
#1289=VECTOR('',#4614,10.);
#1290=VECTOR('',#4617,10.);
#1291=VECTOR('',#4618,10.);
#1292=VECTOR('',#4623,10.);
#1293=VECTOR('',#4626,10.);
#1294=VECTOR('',#4627,10.);
#1295=VECTOR('',#4632,10.);
#1296=VECTOR('',#4635,10.);
#1297=VECTOR('',#4636,10.);
#1298=VECTOR('',#4637,10.);
#1299=VECTOR('',#4642,10.);
#1300=VECTOR('',#4643,10.);
#1301=VECTOR('',#4646,10.);
#1302=VECTOR('',#4647,10.);
#1303=VECTOR('',#4652,10.);
#1304=VECTOR('',#4655,10.);
#1305=VECTOR('',#4656,10.);
#1306=VECTOR('',#4661,10.);
#1307=VECTOR('',#4664,10.);
#1308=VECTOR('',#4665,10.);
#1309=VECTOR('',#4666,10.);
#1310=VECTOR('',#4671,10.);
#1311=VECTOR('',#4672,10.);
#1312=VECTOR('',#4675,10.);
#1313=VECTOR('',#4676,10.);
#1314=VECTOR('',#4683,10.);
#1315=VECTOR('',#4684,10.);
#1316=VECTOR('',#4685,10.);
#1317=VECTOR('',#4688,10.);
#1318=VECTOR('',#4693,10.);
#1319=VECTOR('',#4706,10.);
#1320=VECTOR('',#4713,10.);
#1321=ELLIPSE('',#3540,11.1722871427439,7.9);
#1322=ELLIPSE('',#3543,11.1836031432394,7.90800162068622);
#1323=ELLIPSE('',#3546,0.707106781186769,0.5);
#1324=ELLIPSE('',#3547,0.707106781186769,0.5);
#1325=ELLIPSE('',#3680,11.7441943103816,7.90000000000002);
#1326=ELLIPSE('',#3682,11.7441943103816,7.90000000000002);
#1327=ELLIPSE('',#3685,11.1722871427439,7.9);
#1328=ELLIPSE('',#3686,11.1722871427439,7.9);
#1329=ELLIPSE('',#3687,11.1722871427439,7.9);
#1330=ELLIPSE('',#3690,0.70710678118677,0.5);
#1331=ELLIPSE('',#3691,0.70710678118677,0.5);
#1332=ELLIPSE('',#3814,11.7441943103816,7.90000000000002);
#1333=ELLIPSE('',#3815,11.7441943103816,7.90000000000002);
#1334=VERTEX_POINT('',#4728);
#1335=VERTEX_POINT('',#4729);
#1336=VERTEX_POINT('',#4731);
#1337=VERTEX_POINT('',#4735);
#1338=VERTEX_POINT('',#4737);
#1339=VERTEX_POINT('',#4739);
#1340=VERTEX_POINT('',#4741);
#1341=VERTEX_POINT('',#4743);
#1342=VERTEX_POINT('',#4747);
#1343=VERTEX_POINT('',#4749);
#1344=VERTEX_POINT('',#4753);
#1345=VERTEX_POINT('',#4755);
#1346=VERTEX_POINT('',#4759);
#1347=VERTEX_POINT('',#4761);
#1348=VERTEX_POINT('',#4763);
#1349=VERTEX_POINT('',#4765);
#1350=VERTEX_POINT('',#4767);
#1351=VERTEX_POINT('',#4778);
#1352=VERTEX_POINT('',#4780);
#1353=VERTEX_POINT('',#4791);
#1354=VERTEX_POINT('',#4793);
#1355=VERTEX_POINT('',#4795);
#1356=VERTEX_POINT('',#4797);
#1357=VERTEX_POINT('',#4799);
#1358=VERTEX_POINT('',#4801);
#1359=VERTEX_POINT('',#4812);
#1360=VERTEX_POINT('',#4814);
#1361=VERTEX_POINT('',#4825);
#1362=VERTEX_POINT('',#4827);
#1363=VERTEX_POINT('',#4829);
#1364=VERTEX_POINT('',#4831);
#1365=VERTEX_POINT('',#4833);
#1366=VERTEX_POINT('',#4835);
#1367=VERTEX_POINT('',#4846);
#1368=VERTEX_POINT('',#4848);
#1369=VERTEX_POINT('',#4859);
#1370=VERTEX_POINT('',#4861);
#1371=VERTEX_POINT('',#4863);
#1372=VERTEX_POINT('',#4865);
#1373=VERTEX_POINT('',#4867);
#1374=VERTEX_POINT('',#4869);
#1375=VERTEX_POINT('',#4880);
#1376=VERTEX_POINT('',#4882);
#1377=VERTEX_POINT('',#4893);
#1378=VERTEX_POINT('',#4895);
#1379=VERTEX_POINT('',#4897);
#1380=VERTEX_POINT('',#4899);
#1381=VERTEX_POINT('',#4901);
#1382=VERTEX_POINT('',#4903);
#1383=VERTEX_POINT('',#4914);
#1384=VERTEX_POINT('',#4916);
#1385=VERTEX_POINT('',#4927);
#1386=VERTEX_POINT('',#4929);
#1387=VERTEX_POINT('',#4931);
#1388=VERTEX_POINT('',#4933);
#1389=VERTEX_POINT('',#4935);
#1390=VERTEX_POINT('',#4937);
#1391=VERTEX_POINT('',#4948);
#1392=VERTEX_POINT('',#4950);
#1393=VERTEX_POINT('',#4961);
#1394=VERTEX_POINT('',#4963);
#1395=VERTEX_POINT('',#4965);
#1396=VERTEX_POINT('',#4967);
#1397=VERTEX_POINT('',#4969);
#1398=VERTEX_POINT('',#4971);
#1399=VERTEX_POINT('',#4982);
#1400=VERTEX_POINT('',#4984);
#1401=VERTEX_POINT('',#4995);
#1402=VERTEX_POINT('',#4997);
#1403=VERTEX_POINT('',#4999);
#1404=VERTEX_POINT('',#5001);
#1405=VERTEX_POINT('',#5003);
#1406=VERTEX_POINT('',#5005);
#1407=VERTEX_POINT('',#5016);
#1408=VERTEX_POINT('',#5018);
#1409=VERTEX_POINT('',#5029);
#1410=VERTEX_POINT('',#5031);
#1411=VERTEX_POINT('',#5033);
#1412=VERTEX_POINT('',#5035);
#1413=VERTEX_POINT('',#5037);
#1414=VERTEX_POINT('',#5039);
#1415=VERTEX_POINT('',#5050);
#1416=VERTEX_POINT('',#5052);
#1417=VERTEX_POINT('',#5063);
#1418=VERTEX_POINT('',#5065);
#1419=VERTEX_POINT('',#5067);
#1420=VERTEX_POINT('',#5069);
#1421=VERTEX_POINT('',#5071);
#1422=VERTEX_POINT('',#5073);
#1423=VERTEX_POINT('',#5075);
#1424=VERTEX_POINT('',#5077);
#1425=VERTEX_POINT('',#5079);
#1426=VERTEX_POINT('',#5081);
#1427=VERTEX_POINT('',#5083);
#1428=VERTEX_POINT('',#5087);
#1429=VERTEX_POINT('',#5091);
#1430=VERTEX_POINT('',#5092);
#1431=VERTEX_POINT('',#5112);
#1432=VERTEX_POINT('',#5125);
#1433=VERTEX_POINT('',#5129);
#1434=VERTEX_POINT('',#5133);
#1435=VERTEX_POINT('',#5137);
#1436=VERTEX_POINT('',#5141);
#1437=VERTEX_POINT('',#5160);
#1438=VERTEX_POINT('',#5173);
#1439=VERTEX_POINT('',#5192);
#1440=VERTEX_POINT('',#5205);
#1441=VERTEX_POINT('',#5209);
#1442=VERTEX_POINT('',#5213);
#1443=VERTEX_POINT('',#5217);
#1444=VERTEX_POINT('',#5221);
#1445=VERTEX_POINT('',#5240);
#1446=VERTEX_POINT('',#5253);
#1447=VERTEX_POINT('',#5272);
#1448=VERTEX_POINT('',#5285);
#1449=VERTEX_POINT('',#5289);
#1450=VERTEX_POINT('',#5293);
#1451=VERTEX_POINT('',#5297);
#1452=VERTEX_POINT('',#5301);
#1453=VERTEX_POINT('',#5305);
#1454=VERTEX_POINT('',#5309);
#1455=VERTEX_POINT('',#5313);
#1456=VERTEX_POINT('',#5317);
#1457=VERTEX_POINT('',#5336);
#1458=VERTEX_POINT('',#5349);
#1459=VERTEX_POINT('',#5368);
#1460=VERTEX_POINT('',#5381);
#1461=VERTEX_POINT('',#5385);
#1462=VERTEX_POINT('',#5389);
#1463=VERTEX_POINT('',#5393);
#1464=VERTEX_POINT('',#5397);
#1465=VERTEX_POINT('',#5416);
#1466=VERTEX_POINT('',#5429);
#1467=VERTEX_POINT('',#5448);
#1468=VERTEX_POINT('',#5461);
#1469=VERTEX_POINT('',#5465);
#1470=VERTEX_POINT('',#5469);
#1471=VERTEX_POINT('',#5473);
#1472=VERTEX_POINT('',#5477);
#1473=VERTEX_POINT('',#5496);
#1474=VERTEX_POINT('',#5509);
#1475=VERTEX_POINT('',#5528);
#1476=VERTEX_POINT('',#5541);
#1477=VERTEX_POINT('',#5545);
#1478=VERTEX_POINT('',#5549);
#1479=VERTEX_POINT('',#5553);
#1480=VERTEX_POINT('',#5557);
#1481=VERTEX_POINT('',#5576);
#1482=VERTEX_POINT('',#5589);
#1483=VERTEX_POINT('',#5608);
#1484=VERTEX_POINT('',#5621);
#1485=VERTEX_POINT('',#5625);
#1486=VERTEX_POINT('',#5629);
#1487=VERTEX_POINT('',#5633);
#1488=VERTEX_POINT('',#5637);
#1489=VERTEX_POINT('',#5656);
#1490=VERTEX_POINT('',#5669);
#1491=VERTEX_POINT('',#5688);
#1492=VERTEX_POINT('',#5701);
#1493=VERTEX_POINT('',#5705);
#1494=VERTEX_POINT('',#5709);
#1495=VERTEX_POINT('',#5713);
#1496=VERTEX_POINT('',#5717);
#1497=VERTEX_POINT('',#5736);
#1498=VERTEX_POINT('',#5749);
#1499=VERTEX_POINT('',#5768);
#1500=VERTEX_POINT('',#5781);
#1501=VERTEX_POINT('',#5785);
#1502=VERTEX_POINT('',#5789);
#1503=VERTEX_POINT('',#5793);
#1504=VERTEX_POINT('',#5797);
#1505=VERTEX_POINT('',#5827);
#1506=VERTEX_POINT('',#5831);
#1507=VERTEX_POINT('',#5839);
#1508=VERTEX_POINT('',#5843);
#1509=VERTEX_POINT('',#5844);
#1510=VERTEX_POINT('',#5854);
#1511=VERTEX_POINT('',#5855);
#1512=VERTEX_POINT('',#5857);
#1513=VERTEX_POINT('',#5859);
#1514=VERTEX_POINT('',#5861);
#1515=VERTEX_POINT('',#5863);
#1516=VERTEX_POINT('',#5865);
#1517=VERTEX_POINT('',#5867);
#1518=VERTEX_POINT('',#5871);
#1519=VERTEX_POINT('',#5873);
#1520=VERTEX_POINT('',#5875);
#1521=VERTEX_POINT('',#5879);
#1522=VERTEX_POINT('',#5881);
#1523=VERTEX_POINT('',#5885);
#1524=VERTEX_POINT('',#5887);
#1525=VERTEX_POINT('',#5889);
#1526=VERTEX_POINT('',#5891);
#1527=VERTEX_POINT('',#5893);
#1528=VERTEX_POINT('',#5895);
#1529=VERTEX_POINT('',#5897);
#1530=VERTEX_POINT('',#5899);
#1531=VERTEX_POINT('',#5901);
#1532=VERTEX_POINT('',#5903);
#1533=VERTEX_POINT('',#5905);
#1534=VERTEX_POINT('',#5916);
#1535=VERTEX_POINT('',#5918);
#1536=VERTEX_POINT('',#5929);
#1537=VERTEX_POINT('',#5931);
#1538=VERTEX_POINT('',#5933);
#1539=VERTEX_POINT('',#5935);
#1540=VERTEX_POINT('',#5937);
#1541=VERTEX_POINT('',#5939);
#1542=VERTEX_POINT('',#5950);
#1543=VERTEX_POINT('',#5952);
#1544=VERTEX_POINT('',#5963);
#1545=VERTEX_POINT('',#5965);
#1546=VERTEX_POINT('',#5967);
#1547=VERTEX_POINT('',#5969);
#1548=VERTEX_POINT('',#5971);
#1549=VERTEX_POINT('',#5973);
#1550=VERTEX_POINT('',#5984);
#1551=VERTEX_POINT('',#5986);
#1552=VERTEX_POINT('',#5997);
#1553=VERTEX_POINT('',#5999);
#1554=VERTEX_POINT('',#6001);
#1555=VERTEX_POINT('',#6003);
#1556=VERTEX_POINT('',#6005);
#1557=VERTEX_POINT('',#6007);
#1558=VERTEX_POINT('',#6018);
#1559=VERTEX_POINT('',#6020);
#1560=VERTEX_POINT('',#6027);
#1561=VERTEX_POINT('',#6029);
#1562=VERTEX_POINT('',#6031);
#1563=VERTEX_POINT('',#6033);
#1564=VERTEX_POINT('',#6035);
#1565=VERTEX_POINT('',#6037);
#1566=VERTEX_POINT('',#6048);
#1567=VERTEX_POINT('',#6050);
#1568=VERTEX_POINT('',#6057);
#1569=VERTEX_POINT('',#6059);
#1570=VERTEX_POINT('',#6061);
#1571=VERTEX_POINT('',#6063);
#1572=VERTEX_POINT('',#6065);
#1573=VERTEX_POINT('',#6067);
#1574=VERTEX_POINT('',#6076);
#1575=VERTEX_POINT('',#6078);
#1576=VERTEX_POINT('',#6089);
#1577=VERTEX_POINT('',#6091);
#1578=VERTEX_POINT('',#6093);
#1579=VERTEX_POINT('',#6095);
#1580=VERTEX_POINT('',#6097);
#1581=VERTEX_POINT('',#6099);
#1582=VERTEX_POINT('',#6110);
#1583=VERTEX_POINT('',#6112);
#1584=VERTEX_POINT('',#6119);
#1585=VERTEX_POINT('',#6121);
#1586=VERTEX_POINT('',#6123);
#1587=VERTEX_POINT('',#6125);
#1588=VERTEX_POINT('',#6127);
#1589=VERTEX_POINT('',#6129);
#1590=VERTEX_POINT('',#6140);
#1591=VERTEX_POINT('',#6142);
#1592=VERTEX_POINT('',#6153);
#1593=VERTEX_POINT('',#6155);
#1594=VERTEX_POINT('',#6157);
#1595=VERTEX_POINT('',#6159);
#1596=VERTEX_POINT('',#6161);
#1597=VERTEX_POINT('',#6163);
#1598=VERTEX_POINT('',#6174);
#1599=VERTEX_POINT('',#6176);
#1600=VERTEX_POINT('',#6187);
#1601=VERTEX_POINT('',#6189);
#1602=VERTEX_POINT('',#6191);
#1603=VERTEX_POINT('',#6195);
#1604=VERTEX_POINT('',#6196);
#1605=VERTEX_POINT('',#6201);
#1606=VERTEX_POINT('',#6205);
#1607=VERTEX_POINT('',#6224);
#1608=VERTEX_POINT('',#6237);
#1609=VERTEX_POINT('',#6256);
#1610=VERTEX_POINT('',#6269);
#1611=VERTEX_POINT('',#6273);
#1612=VERTEX_POINT('',#6277);
#1613=VERTEX_POINT('',#6281);
#1614=VERTEX_POINT('',#6285);
#1615=VERTEX_POINT('',#6304);
#1616=VERTEX_POINT('',#6317);
#1617=VERTEX_POINT('',#6336);
#1618=VERTEX_POINT('',#6349);
#1619=VERTEX_POINT('',#6353);
#1620=VERTEX_POINT('',#6357);
#1621=VERTEX_POINT('',#6361);
#1622=VERTEX_POINT('',#6365);
#1623=VERTEX_POINT('',#6384);
#1624=VERTEX_POINT('',#6397);
#1625=VERTEX_POINT('',#6416);
#1626=VERTEX_POINT('',#6429);
#1627=VERTEX_POINT('',#6433);
#1628=VERTEX_POINT('',#6437);
#1629=VERTEX_POINT('',#6441);
#1630=VERTEX_POINT('',#6445);
#1631=VERTEX_POINT('',#6464);
#1632=VERTEX_POINT('',#6477);
#1633=VERTEX_POINT('',#6496);
#1634=VERTEX_POINT('',#6509);
#1635=VERTEX_POINT('',#6513);
#1636=VERTEX_POINT('',#6517);
#1637=VERTEX_POINT('',#6521);
#1638=VERTEX_POINT('',#6522);
#1639=VERTEX_POINT('',#6527);
#1640=VERTEX_POINT('',#6531);
#1641=VERTEX_POINT('',#6535);
#1642=VERTEX_POINT('',#6539);
#1643=VERTEX_POINT('',#6543);
#1644=VERTEX_POINT('',#6562);
#1645=VERTEX_POINT('',#6575);
#1646=VERTEX_POINT('',#6594);
#1647=VERTEX_POINT('',#6607);
#1648=VERTEX_POINT('',#6611);
#1649=VERTEX_POINT('',#6615);
#1650=VERTEX_POINT('',#6619);
#1651=VERTEX_POINT('',#6623);
#1652=VERTEX_POINT('',#6642);
#1653=VERTEX_POINT('',#6655);
#1654=VERTEX_POINT('',#6674);
#1655=VERTEX_POINT('',#6687);
#1656=VERTEX_POINT('',#6691);
#1657=VERTEX_POINT('',#6695);
#1658=VERTEX_POINT('',#6699);
#1659=VERTEX_POINT('',#6703);
#1660=VERTEX_POINT('',#6722);
#1661=VERTEX_POINT('',#6735);
#1662=VERTEX_POINT('',#6754);
#1663=VERTEX_POINT('',#6767);
#1664=VERTEX_POINT('',#6771);
#1665=VERTEX_POINT('',#6775);
#1666=VERTEX_POINT('',#6779);
#1667=VERTEX_POINT('',#6783);
#1668=VERTEX_POINT('',#6802);
#1669=VERTEX_POINT('',#6815);
#1670=VERTEX_POINT('',#6834);
#1671=VERTEX_POINT('',#6847);
#1672=VERTEX_POINT('',#6851);
#1673=VERTEX_POINT('',#6855);
#1674=VERTEX_POINT('',#6859);
#1675=VERTEX_POINT('',#6863);
#1676=VERTEX_POINT('',#6882);
#1677=VERTEX_POINT('',#6895);
#1678=VERTEX_POINT('',#6914);
#1679=VERTEX_POINT('',#6927);
#1680=VERTEX_POINT('',#6933);
#1681=VERTEX_POINT('',#6935);
#1682=VERTEX_POINT('',#6941);
#1683=VERTEX_POINT('',#6943);
#1684=VERTEX_POINT('',#6950);
#1685=EDGE_CURVE('',#1334,#1335,#1321,.T.);
#1686=EDGE_CURVE('',#1335,#1336,#697,.T.);
#1687=EDGE_CURVE('',#1334,#1336,#565,.T.);
#1688=EDGE_CURVE('',#1337,#1334,#698,.T.);
#1689=EDGE_CURVE('',#1338,#1337,#699,.T.);
#1690=EDGE_CURVE('',#1339,#1338,#700,.F.);
#1691=EDGE_CURVE('',#1340,#1339,#1322,.T.);
#1692=EDGE_CURVE('',#1341,#1340,#701,.T.);
#1693=EDGE_CURVE('',#1335,#1341,#702,.T.);
#1694=EDGE_CURVE('',#1341,#1342,#703,.T.);
#1695=EDGE_CURVE('',#1342,#1343,#704,.T.);
#1696=EDGE_CURVE('',#1336,#1343,#705,.T.);
#1697=EDGE_CURVE('',#1337,#1344,#1323,.T.);
#1698=EDGE_CURVE('',#1344,#1345,#706,.T.);
#1699=EDGE_CURVE('',#1345,#1338,#1324,.F.);
#1700=EDGE_CURVE('',#1345,#1346,#707,.T.);
#1701=EDGE_CURVE('',#1346,#1347,#708,.F.);
#1702=EDGE_CURVE('',#1347,#1348,#566,.F.);
#1703=EDGE_CURVE('',#1348,#1349,#709,.F.);
#1704=EDGE_CURVE('',#1349,#1350,#53,.F.);
#1705=EDGE_CURVE('',#1350,#1351,#567,.F.);
#1706=EDGE_CURVE('',#1351,#1352,#54,.F.);
#1707=EDGE_CURVE('',#1352,#1353,#710,.F.);
#1708=EDGE_CURVE('',#1353,#1354,#568,.F.);
#1709=EDGE_CURVE('',#1354,#1355,#711,.F.);
#1710=EDGE_CURVE('',#1355,#1356,#569,.F.);
#1711=EDGE_CURVE('',#1356,#1357,#712,.F.);
#1712=EDGE_CURVE('',#1357,#1358,#55,.F.);
#1713=EDGE_CURVE('',#1358,#1359,#570,.F.);
#1714=EDGE_CURVE('',#1359,#1360,#56,.F.);
#1715=EDGE_CURVE('',#1360,#1361,#713,.F.);
#1716=EDGE_CURVE('',#1361,#1362,#571,.F.);
#1717=EDGE_CURVE('',#1362,#1363,#714,.F.);
#1718=EDGE_CURVE('',#1363,#1364,#572,.F.);
#1719=EDGE_CURVE('',#1364,#1365,#715,.F.);
#1720=EDGE_CURVE('',#1365,#1366,#57,.F.);
#1721=EDGE_CURVE('',#1366,#1367,#573,.F.);
#1722=EDGE_CURVE('',#1367,#1368,#58,.F.);
#1723=EDGE_CURVE('',#1368,#1369,#716,.F.);
#1724=EDGE_CURVE('',#1369,#1370,#574,.F.);
#1725=EDGE_CURVE('',#1370,#1371,#717,.F.);
#1726=EDGE_CURVE('',#1371,#1372,#575,.F.);
#1727=EDGE_CURVE('',#1372,#1373,#718,.F.);
#1728=EDGE_CURVE('',#1373,#1374,#59,.F.);
#1729=EDGE_CURVE('',#1374,#1375,#576,.F.);
#1730=EDGE_CURVE('',#1375,#1376,#60,.F.);
#1731=EDGE_CURVE('',#1376,#1377,#719,.F.);
#1732=EDGE_CURVE('',#1377,#1378,#577,.F.);
#1733=EDGE_CURVE('',#1378,#1379,#720,.F.);
#1734=EDGE_CURVE('',#1379,#1380,#578,.F.);
#1735=EDGE_CURVE('',#1380,#1381,#721,.F.);
#1736=EDGE_CURVE('',#1381,#1382,#61,.F.);
#1737=EDGE_CURVE('',#1382,#1383,#579,.F.);
#1738=EDGE_CURVE('',#1383,#1384,#62,.F.);
#1739=EDGE_CURVE('',#1384,#1385,#722,.F.);
#1740=EDGE_CURVE('',#1385,#1386,#580,.F.);
#1741=EDGE_CURVE('',#1386,#1387,#723,.F.);
#1742=EDGE_CURVE('',#1387,#1388,#581,.F.);
#1743=EDGE_CURVE('',#1388,#1389,#724,.F.);
#1744=EDGE_CURVE('',#1389,#1390,#63,.F.);
#1745=EDGE_CURVE('',#1390,#1391,#582,.F.);
#1746=EDGE_CURVE('',#1391,#1392,#64,.F.);
#1747=EDGE_CURVE('',#1392,#1393,#725,.F.);
#1748=EDGE_CURVE('',#1393,#1394,#583,.F.);
#1749=EDGE_CURVE('',#1394,#1395,#726,.F.);
#1750=EDGE_CURVE('',#1395,#1396,#584,.F.);
#1751=EDGE_CURVE('',#1396,#1397,#727,.F.);
#1752=EDGE_CURVE('',#1397,#1398,#65,.F.);
#1753=EDGE_CURVE('',#1398,#1399,#585,.F.);
#1754=EDGE_CURVE('',#1399,#1400,#66,.F.);
#1755=EDGE_CURVE('',#1400,#1401,#728,.F.);
#1756=EDGE_CURVE('',#1401,#1402,#586,.F.);
#1757=EDGE_CURVE('',#1402,#1403,#729,.F.);
#1758=EDGE_CURVE('',#1403,#1404,#587,.F.);
#1759=EDGE_CURVE('',#1404,#1405,#730,.F.);
#1760=EDGE_CURVE('',#1405,#1406,#67,.F.);
#1761=EDGE_CURVE('',#1406,#1407,#588,.F.);
#1762=EDGE_CURVE('',#1407,#1408,#68,.F.);
#1763=EDGE_CURVE('',#1408,#1409,#731,.F.);
#1764=EDGE_CURVE('',#1409,#1410,#589,.F.);
#1765=EDGE_CURVE('',#1410,#1411,#732,.F.);
#1766=EDGE_CURVE('',#1411,#1412,#590,.F.);
#1767=EDGE_CURVE('',#1412,#1413,#733,.F.);
#1768=EDGE_CURVE('',#1413,#1414,#69,.F.);
#1769=EDGE_CURVE('',#1414,#1415,#591,.F.);
#1770=EDGE_CURVE('',#1415,#1416,#70,.F.);
#1771=EDGE_CURVE('',#1416,#1417,#734,.F.);
#1772=EDGE_CURVE('',#1417,#1418,#592,.F.);
#1773=EDGE_CURVE('',#1418,#1419,#735,.F.);
#1774=EDGE_CURVE('',#1419,#1420,#593,.F.);
#1775=EDGE_CURVE('',#1420,#1421,#736,.F.);
#1776=EDGE_CURVE('',#1421,#1422,#594,.F.);
#1777=EDGE_CURVE('',#1422,#1423,#737,.T.);
#1778=EDGE_CURVE('',#1423,#1424,#595,.T.);
#1779=EDGE_CURVE('',#1425,#1424,#738,.F.);
#1780=EDGE_CURVE('',#1425,#1426,#596,.T.);
#1781=EDGE_CURVE('',#1426,#1427,#739,.T.);
#1782=EDGE_CURVE('',#1427,#1339,#597,.T.);
#1783=EDGE_CURVE('',#1428,#1344,#740,.F.);
#1784=EDGE_CURVE('',#1428,#1346,#741,.T.);
#1785=EDGE_CURVE('',#1429,#1430,#598,.T.);
#1786=EDGE_CURVE('',#1429,#1399,#742,.T.);
#1787=EDGE_CURVE('',#1430,#1398,#743,.T.);
#1788=EDGE_CURVE('',#1431,#1429,#71,.T.);
#1789=EDGE_CURVE('',#1431,#1400,#744,.T.);
#1790=EDGE_CURVE('',#1432,#1431,#745,.T.);
#1791=EDGE_CURVE('',#1432,#1401,#746,.T.);
#1792=EDGE_CURVE('',#1433,#1432,#599,.T.);
#1793=EDGE_CURVE('',#1433,#1402,#747,.T.);
#1794=EDGE_CURVE('',#1434,#1433,#748,.T.);
#1795=EDGE_CURVE('',#1434,#1403,#749,.T.);
#1796=EDGE_CURVE('',#1435,#1434,#600,.T.);
#1797=EDGE_CURVE('',#1435,#1404,#750,.T.);
#1798=EDGE_CURVE('',#1436,#1435,#751,.T.);
#1799=EDGE_CURVE('',#1436,#1405,#752,.T.);
#1800=EDGE_CURVE('',#1437,#1436,#72,.T.);
#1801=EDGE_CURVE('',#1437,#1406,#753,.T.);
#1802=EDGE_CURVE('',#1438,#1437,#601,.T.);
#1803=EDGE_CURVE('',#1438,#1407,#754,.T.);
#1804=EDGE_CURVE('',#1439,#1438,#73,.T.);
#1805=EDGE_CURVE('',#1439,#1408,#755,.T.);
#1806=EDGE_CURVE('',#1440,#1439,#756,.T.);
#1807=EDGE_CURVE('',#1440,#1409,#757,.T.);
#1808=EDGE_CURVE('',#1441,#1440,#602,.T.);
#1809=EDGE_CURVE('',#1441,#1410,#758,.T.);
#1810=EDGE_CURVE('',#1442,#1441,#759,.T.);
#1811=EDGE_CURVE('',#1442,#1411,#760,.T.);
#1812=EDGE_CURVE('',#1443,#1442,#603,.T.);
#1813=EDGE_CURVE('',#1443,#1412,#761,.T.);
#1814=EDGE_CURVE('',#1444,#1443,#762,.T.);
#1815=EDGE_CURVE('',#1444,#1413,#763,.T.);
#1816=EDGE_CURVE('',#1445,#1444,#74,.T.);
#1817=EDGE_CURVE('',#1445,#1414,#764,.T.);
#1818=EDGE_CURVE('',#1446,#1445,#604,.T.);
#1819=EDGE_CURVE('',#1446,#1415,#765,.T.);
#1820=EDGE_CURVE('',#1447,#1446,#75,.T.);
#1821=EDGE_CURVE('',#1447,#1416,#766,.T.);
#1822=EDGE_CURVE('',#1448,#1447,#767,.T.);
#1823=EDGE_CURVE('',#1448,#1417,#768,.T.);
#1824=EDGE_CURVE('',#1449,#1448,#605,.T.);
#1825=EDGE_CURVE('',#1449,#1418,#769,.T.);
#1826=EDGE_CURVE('',#1450,#1449,#770,.T.);
#1827=EDGE_CURVE('',#1450,#1419,#771,.T.);
#1828=EDGE_CURVE('',#1451,#1450,#606,.T.);
#1829=EDGE_CURVE('',#1451,#1420,#772,.T.);
#1830=EDGE_CURVE('',#1452,#1451,#773,.T.);
#1831=EDGE_CURVE('',#1452,#1421,#774,.T.);
#1832=EDGE_CURVE('',#1453,#1452,#607,.T.);
#1833=EDGE_CURVE('',#1422,#1453,#775,.F.);
#1834=EDGE_CURVE('',#1454,#1428,#776,.T.);
#1835=EDGE_CURVE('',#1454,#1347,#777,.T.);
#1836=EDGE_CURVE('',#1455,#1454,#608,.T.);
#1837=EDGE_CURVE('',#1455,#1348,#778,.T.);
#1838=EDGE_CURVE('',#1456,#1455,#779,.T.);
#1839=EDGE_CURVE('',#1456,#1349,#780,.T.);
#1840=EDGE_CURVE('',#1457,#1456,#76,.T.);
#1841=EDGE_CURVE('',#1457,#1350,#781,.T.);
#1842=EDGE_CURVE('',#1458,#1457,#609,.T.);
#1843=EDGE_CURVE('',#1458,#1351,#782,.T.);
#1844=EDGE_CURVE('',#1459,#1458,#77,.T.);
#1845=EDGE_CURVE('',#1459,#1352,#783,.T.);
#1846=EDGE_CURVE('',#1460,#1459,#784,.T.);
#1847=EDGE_CURVE('',#1460,#1353,#785,.T.);
#1848=EDGE_CURVE('',#1461,#1460,#610,.T.);
#1849=EDGE_CURVE('',#1461,#1354,#786,.T.);
#1850=EDGE_CURVE('',#1462,#1461,#787,.T.);
#1851=EDGE_CURVE('',#1462,#1355,#788,.T.);
#1852=EDGE_CURVE('',#1463,#1462,#611,.T.);
#1853=EDGE_CURVE('',#1463,#1356,#789,.T.);
#1854=EDGE_CURVE('',#1464,#1463,#790,.T.);
#1855=EDGE_CURVE('',#1464,#1357,#791,.T.);
#1856=EDGE_CURVE('',#1465,#1464,#78,.T.);
#1857=EDGE_CURVE('',#1465,#1358,#792,.T.);
#1858=EDGE_CURVE('',#1466,#1465,#612,.T.);
#1859=EDGE_CURVE('',#1466,#1359,#793,.T.);
#1860=EDGE_CURVE('',#1467,#1466,#79,.T.);
#1861=EDGE_CURVE('',#1467,#1360,#794,.T.);
#1862=EDGE_CURVE('',#1468,#1467,#795,.T.);
#1863=EDGE_CURVE('',#1468,#1361,#796,.T.);
#1864=EDGE_CURVE('',#1469,#1468,#613,.T.);
#1865=EDGE_CURVE('',#1469,#1362,#797,.T.);
#1866=EDGE_CURVE('',#1470,#1469,#798,.T.);
#1867=EDGE_CURVE('',#1470,#1363,#799,.T.);
#1868=EDGE_CURVE('',#1471,#1470,#614,.T.);
#1869=EDGE_CURVE('',#1471,#1364,#800,.T.);
#1870=EDGE_CURVE('',#1472,#1471,#801,.T.);
#1871=EDGE_CURVE('',#1472,#1365,#802,.T.);
#1872=EDGE_CURVE('',#1473,#1472,#80,.T.);
#1873=EDGE_CURVE('',#1473,#1366,#803,.T.);
#1874=EDGE_CURVE('',#1474,#1473,#615,.T.);
#1875=EDGE_CURVE('',#1474,#1367,#804,.T.);
#1876=EDGE_CURVE('',#1475,#1474,#81,.T.);
#1877=EDGE_CURVE('',#1475,#1368,#805,.T.);
#1878=EDGE_CURVE('',#1476,#1475,#806,.T.);
#1879=EDGE_CURVE('',#1476,#1369,#807,.T.);
#1880=EDGE_CURVE('',#1477,#1476,#616,.T.);
#1881=EDGE_CURVE('',#1477,#1370,#808,.T.);
#1882=EDGE_CURVE('',#1478,#1477,#809,.T.);
#1883=EDGE_CURVE('',#1478,#1371,#810,.T.);
#1884=EDGE_CURVE('',#1479,#1478,#617,.T.);
#1885=EDGE_CURVE('',#1479,#1372,#811,.T.);
#1886=EDGE_CURVE('',#1480,#1479,#812,.T.);
#1887=EDGE_CURVE('',#1480,#1373,#813,.T.);
#1888=EDGE_CURVE('',#1481,#1480,#82,.T.);
#1889=EDGE_CURVE('',#1481,#1374,#814,.T.);
#1890=EDGE_CURVE('',#1482,#1481,#618,.T.);
#1891=EDGE_CURVE('',#1482,#1375,#815,.T.);
#1892=EDGE_CURVE('',#1483,#1482,#83,.T.);
#1893=EDGE_CURVE('',#1483,#1376,#816,.T.);
#1894=EDGE_CURVE('',#1484,#1483,#817,.T.);
#1895=EDGE_CURVE('',#1484,#1377,#818,.T.);
#1896=EDGE_CURVE('',#1485,#1484,#619,.T.);
#1897=EDGE_CURVE('',#1485,#1378,#819,.T.);
#1898=EDGE_CURVE('',#1486,#1485,#820,.T.);
#1899=EDGE_CURVE('',#1486,#1379,#821,.T.);
#1900=EDGE_CURVE('',#1487,#1486,#620,.T.);
#1901=EDGE_CURVE('',#1487,#1380,#822,.T.);
#1902=EDGE_CURVE('',#1488,#1487,#823,.T.);
#1903=EDGE_CURVE('',#1488,#1381,#824,.T.);
#1904=EDGE_CURVE('',#1489,#1488,#84,.T.);
#1905=EDGE_CURVE('',#1489,#1382,#825,.T.);
#1906=EDGE_CURVE('',#1490,#1489,#621,.T.);
#1907=EDGE_CURVE('',#1490,#1383,#826,.T.);
#1908=EDGE_CURVE('',#1491,#1490,#85,.T.);
#1909=EDGE_CURVE('',#1491,#1384,#827,.T.);
#1910=EDGE_CURVE('',#1492,#1491,#828,.T.);
#1911=EDGE_CURVE('',#1492,#1385,#829,.T.);
#1912=EDGE_CURVE('',#1493,#1492,#622,.T.);
#1913=EDGE_CURVE('',#1493,#1386,#830,.T.);
#1914=EDGE_CURVE('',#1494,#1493,#831,.T.);
#1915=EDGE_CURVE('',#1494,#1387,#832,.T.);
#1916=EDGE_CURVE('',#1495,#1494,#623,.T.);
#1917=EDGE_CURVE('',#1495,#1388,#833,.T.);
#1918=EDGE_CURVE('',#1496,#1495,#834,.T.);
#1919=EDGE_CURVE('',#1496,#1389,#835,.T.);
#1920=EDGE_CURVE('',#1497,#1496,#86,.T.);
#1921=EDGE_CURVE('',#1497,#1390,#836,.T.);
#1922=EDGE_CURVE('',#1498,#1497,#624,.T.);
#1923=EDGE_CURVE('',#1498,#1391,#837,.T.);
#1924=EDGE_CURVE('',#1499,#1498,#87,.T.);
#1925=EDGE_CURVE('',#1499,#1392,#838,.T.);
#1926=EDGE_CURVE('',#1500,#1499,#839,.T.);
#1927=EDGE_CURVE('',#1500,#1393,#840,.T.);
#1928=EDGE_CURVE('',#1501,#1500,#625,.T.);
#1929=EDGE_CURVE('',#1501,#1394,#841,.T.);
#1930=EDGE_CURVE('',#1502,#1501,#842,.T.);
#1931=EDGE_CURVE('',#1502,#1395,#843,.T.);
#1932=EDGE_CURVE('',#1503,#1502,#626,.T.);
#1933=EDGE_CURVE('',#1503,#1396,#844,.T.);
#1934=EDGE_CURVE('',#1504,#1503,#845,.T.);
#1935=EDGE_CURVE('',#1504,#1397,#846,.T.);
#1936=EDGE_CURVE('',#1430,#1504,#88,.T.);
#1937=EDGE_CURVE('',#1336,#1505,#627,.F.);
#1938=EDGE_CURVE('',#1453,#1505,#847,.T.);
#1939=EDGE_CURVE('',#1505,#1506,#848,.T.);
#1940=EDGE_CURVE('',#1506,#1423,#849,.F.);
#1941=EDGE_CURVE('',#1343,#1506,#628,.T.);
#1942=EDGE_CURVE('',#1340,#1427,#850,.T.);
#1943=EDGE_CURVE('',#1426,#1507,#851,.T.);
#1944=EDGE_CURVE('',#1507,#1342,#852,.T.);
#1945=EDGE_CURVE('',#1508,#1509,#853,.T.);
#1946=EDGE_CURVE('',#1506,#1508,#629,.T.);
#1947=EDGE_CURVE('',#1509,#1507,#630,.T.);
#1948=EDGE_CURVE('',#1424,#1508,#1325,.T.);
#1949=EDGE_CURVE('',#1509,#1425,#1326,.T.);
#1950=EDGE_CURVE('',#1510,#1511,#1327,.T.);
#1951=EDGE_CURVE('',#1512,#1510,#854,.T.);
#1952=EDGE_CURVE('',#1513,#1512,#855,.T.);
#1953=EDGE_CURVE('',#1513,#1514,#1328,.T.);
#1954=EDGE_CURVE('',#1515,#1514,#1329,.T.);
#1955=EDGE_CURVE('',#1516,#1515,#856,.F.);
#1956=EDGE_CURVE('',#1517,#1516,#857,.T.);
#1957=EDGE_CURVE('',#1511,#1517,#858,.T.);
#1958=EDGE_CURVE('',#1518,#1510,#859,.T.);
#1959=EDGE_CURVE('',#1518,#1519,#860,.T.);
#1960=EDGE_CURVE('',#1519,#1520,#861,.T.);
#1961=EDGE_CURVE('',#1512,#1520,#862,.T.);
#1962=EDGE_CURVE('',#1516,#1521,#1330,.F.);
#1963=EDGE_CURVE('',#1521,#1522,#863,.T.);
#1964=EDGE_CURVE('',#1522,#1517,#1331,.T.);
#1965=EDGE_CURVE('',#1515,#1523,#631,.T.);
#1966=EDGE_CURVE('',#1523,#1524,#864,.F.);
#1967=EDGE_CURVE('',#1524,#1525,#632,.T.);
#1968=EDGE_CURVE('',#1525,#1526,#865,.T.);
#1969=EDGE_CURVE('',#1526,#1527,#633,.F.);
#1970=EDGE_CURVE('',#1527,#1528,#866,.F.);
#1971=EDGE_CURVE('',#1528,#1529,#634,.F.);
#1972=EDGE_CURVE('',#1529,#1530,#867,.F.);
#1973=EDGE_CURVE('',#1530,#1531,#635,.F.);
#1974=EDGE_CURVE('',#1531,#1532,#868,.F.);
#1975=EDGE_CURVE('',#1532,#1533,#89,.F.);
#1976=EDGE_CURVE('',#1533,#1534,#636,.F.);
#1977=EDGE_CURVE('',#1534,#1535,#90,.F.);
#1978=EDGE_CURVE('',#1535,#1536,#869,.F.);
#1979=EDGE_CURVE('',#1536,#1537,#637,.F.);
#1980=EDGE_CURVE('',#1537,#1538,#870,.F.);
#1981=EDGE_CURVE('',#1538,#1539,#638,.F.);
#1982=EDGE_CURVE('',#1539,#1540,#871,.F.);
#1983=EDGE_CURVE('',#1540,#1541,#91,.F.);
#1984=EDGE_CURVE('',#1541,#1542,#639,.F.);
#1985=EDGE_CURVE('',#1542,#1543,#92,.F.);
#1986=EDGE_CURVE('',#1543,#1544,#872,.F.);
#1987=EDGE_CURVE('',#1544,#1545,#640,.F.);
#1988=EDGE_CURVE('',#1545,#1546,#873,.F.);
#1989=EDGE_CURVE('',#1546,#1547,#641,.F.);
#1990=EDGE_CURVE('',#1547,#1548,#874,.F.);
#1991=EDGE_CURVE('',#1548,#1549,#93,.F.);
#1992=EDGE_CURVE('',#1549,#1550,#642,.F.);
#1993=EDGE_CURVE('',#1550,#1551,#94,.F.);
#1994=EDGE_CURVE('',#1551,#1552,#875,.F.);
#1995=EDGE_CURVE('',#1552,#1553,#643,.F.);
#1996=EDGE_CURVE('',#1553,#1554,#876,.F.);
#1997=EDGE_CURVE('',#1554,#1555,#644,.F.);
#1998=EDGE_CURVE('',#1555,#1556,#877,.F.);
#1999=EDGE_CURVE('',#1556,#1557,#95,.F.);
#2000=EDGE_CURVE('',#1557,#1558,#645,.F.);
#2001=EDGE_CURVE('',#1558,#1559,#96,.F.);
#2002=EDGE_CURVE('',#1559,#1560,#878,.F.);
#2003=EDGE_CURVE('',#1560,#1561,#646,.F.);
#2004=EDGE_CURVE('',#1561,#1562,#879,.F.);
#2005=EDGE_CURVE('',#1562,#1563,#647,.F.);
#2006=EDGE_CURVE('',#1563,#1564,#880,.F.);
#2007=EDGE_CURVE('',#1564,#1565,#97,.F.);
#2008=EDGE_CURVE('',#1565,#1566,#648,.F.);
#2009=EDGE_CURVE('',#1566,#1567,#98,.F.);
#2010=EDGE_CURVE('',#1567,#1568,#881,.F.);
#2011=EDGE_CURVE('',#1568,#1569,#649,.F.);
#2012=EDGE_CURVE('',#1569,#1570,#882,.F.);
#2013=EDGE_CURVE('',#1570,#1571,#650,.F.);
#2014=EDGE_CURVE('',#1571,#1572,#883,.F.);
#2015=EDGE_CURVE('',#1572,#1573,#99,.F.);
#2016=EDGE_CURVE('',#1573,#1574,#651,.F.);
#2017=EDGE_CURVE('',#1574,#1575,#100,.F.);
#2018=EDGE_CURVE('',#1575,#1576,#884,.F.);
#2019=EDGE_CURVE('',#1576,#1577,#652,.F.);
#2020=EDGE_CURVE('',#1577,#1578,#885,.F.);
#2021=EDGE_CURVE('',#1578,#1579,#653,.F.);
#2022=EDGE_CURVE('',#1579,#1580,#886,.F.);
#2023=EDGE_CURVE('',#1580,#1581,#101,.F.);
#2024=EDGE_CURVE('',#1581,#1582,#654,.F.);
#2025=EDGE_CURVE('',#1582,#1583,#102,.F.);
#2026=EDGE_CURVE('',#1583,#1584,#887,.F.);
#2027=EDGE_CURVE('',#1584,#1585,#655,.F.);
#2028=EDGE_CURVE('',#1585,#1586,#888,.F.);
#2029=EDGE_CURVE('',#1586,#1587,#656,.F.);
#2030=EDGE_CURVE('',#1587,#1588,#889,.F.);
#2031=EDGE_CURVE('',#1588,#1589,#103,.F.);
#2032=EDGE_CURVE('',#1589,#1590,#657,.F.);
#2033=EDGE_CURVE('',#1590,#1591,#104,.F.);
#2034=EDGE_CURVE('',#1591,#1592,#890,.F.);
#2035=EDGE_CURVE('',#1592,#1593,#658,.F.);
#2036=EDGE_CURVE('',#1593,#1594,#891,.F.);
#2037=EDGE_CURVE('',#1594,#1595,#659,.F.);
#2038=EDGE_CURVE('',#1595,#1596,#892,.F.);
#2039=EDGE_CURVE('',#1596,#1597,#105,.F.);
#2040=EDGE_CURVE('',#1597,#1598,#660,.F.);
#2041=EDGE_CURVE('',#1598,#1599,#106,.F.);
#2042=EDGE_CURVE('',#1599,#1600,#893,.F.);
#2043=EDGE_CURVE('',#1600,#1601,#661,.F.);
#2044=EDGE_CURVE('',#1601,#1602,#894,.F.);
#2045=EDGE_CURVE('',#1602,#1521,#895,.T.);
#2046=EDGE_CURVE('',#1603,#1604,#896,.T.);
#2047=EDGE_CURVE('',#1603,#1570,#897,.T.);
#2048=EDGE_CURVE('',#1604,#1569,#898,.T.);
#2049=EDGE_CURVE('',#1605,#1603,#662,.T.);
#2050=EDGE_CURVE('',#1605,#1571,#899,.T.);
#2051=EDGE_CURVE('',#1606,#1605,#900,.T.);
#2052=EDGE_CURVE('',#1606,#1572,#901,.T.);
#2053=EDGE_CURVE('',#1607,#1606,#107,.T.);
#2054=EDGE_CURVE('',#1607,#1573,#902,.T.);
#2055=EDGE_CURVE('',#1608,#1607,#663,.T.);
#2056=EDGE_CURVE('',#1608,#1574,#903,.T.);
#2057=EDGE_CURVE('',#1609,#1608,#108,.T.);
#2058=EDGE_CURVE('',#1609,#1575,#904,.T.);
#2059=EDGE_CURVE('',#1610,#1609,#905,.T.);
#2060=EDGE_CURVE('',#1610,#1576,#906,.T.);
#2061=EDGE_CURVE('',#1611,#1610,#664,.T.);
#2062=EDGE_CURVE('',#1611,#1577,#907,.T.);
#2063=EDGE_CURVE('',#1612,#1611,#908,.T.);
#2064=EDGE_CURVE('',#1612,#1578,#909,.T.);
#2065=EDGE_CURVE('',#1613,#1612,#665,.T.);
#2066=EDGE_CURVE('',#1613,#1579,#910,.T.);
#2067=EDGE_CURVE('',#1614,#1613,#911,.T.);
#2068=EDGE_CURVE('',#1614,#1580,#912,.T.);
#2069=EDGE_CURVE('',#1615,#1614,#109,.T.);
#2070=EDGE_CURVE('',#1615,#1581,#913,.T.);
#2071=EDGE_CURVE('',#1616,#1615,#666,.T.);
#2072=EDGE_CURVE('',#1616,#1582,#914,.T.);
#2073=EDGE_CURVE('',#1617,#1616,#110,.T.);
#2074=EDGE_CURVE('',#1617,#1583,#915,.T.);
#2075=EDGE_CURVE('',#1618,#1617,#916,.T.);
#2076=EDGE_CURVE('',#1618,#1584,#917,.T.);
#2077=EDGE_CURVE('',#1619,#1618,#667,.T.);
#2078=EDGE_CURVE('',#1619,#1585,#918,.T.);
#2079=EDGE_CURVE('',#1620,#1619,#919,.T.);
#2080=EDGE_CURVE('',#1620,#1586,#920,.T.);
#2081=EDGE_CURVE('',#1621,#1620,#668,.T.);
#2082=EDGE_CURVE('',#1621,#1587,#921,.T.);
#2083=EDGE_CURVE('',#1622,#1621,#922,.T.);
#2084=EDGE_CURVE('',#1622,#1588,#923,.T.);
#2085=EDGE_CURVE('',#1623,#1622,#111,.T.);
#2086=EDGE_CURVE('',#1623,#1589,#924,.T.);
#2087=EDGE_CURVE('',#1624,#1623,#669,.T.);
#2088=EDGE_CURVE('',#1624,#1590,#925,.T.);
#2089=EDGE_CURVE('',#1625,#1624,#112,.T.);
#2090=EDGE_CURVE('',#1625,#1591,#926,.T.);
#2091=EDGE_CURVE('',#1626,#1625,#927,.T.);
#2092=EDGE_CURVE('',#1626,#1592,#928,.T.);
#2093=EDGE_CURVE('',#1627,#1626,#670,.T.);
#2094=EDGE_CURVE('',#1627,#1593,#929,.T.);
#2095=EDGE_CURVE('',#1628,#1627,#930,.T.);
#2096=EDGE_CURVE('',#1628,#1594,#931,.T.);
#2097=EDGE_CURVE('',#1629,#1628,#671,.T.);
#2098=EDGE_CURVE('',#1629,#1595,#932,.T.);
#2099=EDGE_CURVE('',#1630,#1629,#933,.T.);
#2100=EDGE_CURVE('',#1630,#1596,#934,.T.);
#2101=EDGE_CURVE('',#1631,#1630,#113,.T.);
#2102=EDGE_CURVE('',#1631,#1597,#935,.T.);
#2103=EDGE_CURVE('',#1632,#1631,#672,.T.);
#2104=EDGE_CURVE('',#1632,#1598,#936,.T.);
#2105=EDGE_CURVE('',#1633,#1632,#114,.T.);
#2106=EDGE_CURVE('',#1633,#1599,#937,.T.);
#2107=EDGE_CURVE('',#1634,#1633,#938,.T.);
#2108=EDGE_CURVE('',#1634,#1600,#939,.T.);
#2109=EDGE_CURVE('',#1635,#1634,#673,.T.);
#2110=EDGE_CURVE('',#1635,#1601,#940,.T.);
#2111=EDGE_CURVE('',#1636,#1635,#941,.T.);
#2112=EDGE_CURVE('',#1602,#1636,#942,.T.);
#2113=EDGE_CURVE('',#1637,#1638,#674,.T.);
#2114=EDGE_CURVE('',#1637,#1527,#943,.T.);
#2115=EDGE_CURVE('',#1638,#1526,#944,.F.);
#2116=EDGE_CURVE('',#1639,#1637,#945,.T.);
#2117=EDGE_CURVE('',#1639,#1528,#946,.T.);
#2118=EDGE_CURVE('',#1640,#1639,#675,.T.);
#2119=EDGE_CURVE('',#1640,#1529,#947,.T.);
#2120=EDGE_CURVE('',#1641,#1640,#948,.T.);
#2121=EDGE_CURVE('',#1641,#1530,#949,.T.);
#2122=EDGE_CURVE('',#1642,#1641,#676,.T.);
#2123=EDGE_CURVE('',#1642,#1531,#950,.T.);
#2124=EDGE_CURVE('',#1643,#1642,#951,.T.);
#2125=EDGE_CURVE('',#1643,#1532,#952,.T.);
#2126=EDGE_CURVE('',#1644,#1643,#115,.T.);
#2127=EDGE_CURVE('',#1644,#1533,#953,.T.);
#2128=EDGE_CURVE('',#1645,#1644,#677,.T.);
#2129=EDGE_CURVE('',#1645,#1534,#954,.T.);
#2130=EDGE_CURVE('',#1646,#1645,#116,.T.);
#2131=EDGE_CURVE('',#1646,#1535,#955,.T.);
#2132=EDGE_CURVE('',#1647,#1646,#956,.T.);
#2133=EDGE_CURVE('',#1647,#1536,#957,.T.);
#2134=EDGE_CURVE('',#1648,#1647,#678,.T.);
#2135=EDGE_CURVE('',#1648,#1537,#958,.T.);
#2136=EDGE_CURVE('',#1649,#1648,#959,.T.);
#2137=EDGE_CURVE('',#1649,#1538,#960,.T.);
#2138=EDGE_CURVE('',#1650,#1649,#679,.T.);
#2139=EDGE_CURVE('',#1650,#1539,#961,.T.);
#2140=EDGE_CURVE('',#1651,#1650,#962,.T.);
#2141=EDGE_CURVE('',#1651,#1540,#963,.T.);
#2142=EDGE_CURVE('',#1652,#1651,#117,.T.);
#2143=EDGE_CURVE('',#1652,#1541,#964,.T.);
#2144=EDGE_CURVE('',#1653,#1652,#680,.T.);
#2145=EDGE_CURVE('',#1653,#1542,#965,.T.);
#2146=EDGE_CURVE('',#1654,#1653,#118,.T.);
#2147=EDGE_CURVE('',#1654,#1543,#966,.T.);
#2148=EDGE_CURVE('',#1655,#1654,#967,.T.);
#2149=EDGE_CURVE('',#1655,#1544,#968,.T.);
#2150=EDGE_CURVE('',#1656,#1655,#681,.T.);
#2151=EDGE_CURVE('',#1656,#1545,#969,.T.);
#2152=EDGE_CURVE('',#1657,#1656,#970,.T.);
#2153=EDGE_CURVE('',#1657,#1546,#971,.T.);
#2154=EDGE_CURVE('',#1658,#1657,#682,.T.);
#2155=EDGE_CURVE('',#1658,#1547,#972,.T.);
#2156=EDGE_CURVE('',#1659,#1658,#973,.T.);
#2157=EDGE_CURVE('',#1659,#1548,#974,.T.);
#2158=EDGE_CURVE('',#1660,#1659,#119,.T.);
#2159=EDGE_CURVE('',#1660,#1549,#975,.T.);
#2160=EDGE_CURVE('',#1661,#1660,#683,.T.);
#2161=EDGE_CURVE('',#1661,#1550,#976,.T.);
#2162=EDGE_CURVE('',#1662,#1661,#120,.T.);
#2163=EDGE_CURVE('',#1662,#1551,#977,.T.);
#2164=EDGE_CURVE('',#1663,#1662,#978,.T.);
#2165=EDGE_CURVE('',#1663,#1552,#979,.T.);
#2166=EDGE_CURVE('',#1664,#1663,#684,.T.);
#2167=EDGE_CURVE('',#1664,#1553,#980,.T.);
#2168=EDGE_CURVE('',#1665,#1664,#981,.T.);
#2169=EDGE_CURVE('',#1665,#1554,#982,.T.);
#2170=EDGE_CURVE('',#1666,#1665,#685,.T.);
#2171=EDGE_CURVE('',#1666,#1555,#983,.T.);
#2172=EDGE_CURVE('',#1667,#1666,#984,.T.);
#2173=EDGE_CURVE('',#1667,#1556,#985,.T.);
#2174=EDGE_CURVE('',#1668,#1667,#121,.T.);
#2175=EDGE_CURVE('',#1668,#1557,#986,.T.);
#2176=EDGE_CURVE('',#1669,#1668,#686,.T.);
#2177=EDGE_CURVE('',#1669,#1558,#987,.T.);
#2178=EDGE_CURVE('',#1670,#1669,#122,.T.);
#2179=EDGE_CURVE('',#1670,#1559,#988,.T.);
#2180=EDGE_CURVE('',#1671,#1670,#989,.T.);
#2181=EDGE_CURVE('',#1671,#1560,#990,.T.);
#2182=EDGE_CURVE('',#1672,#1671,#687,.T.);
#2183=EDGE_CURVE('',#1672,#1561,#991,.T.);
#2184=EDGE_CURVE('',#1673,#1672,#992,.T.);
#2185=EDGE_CURVE('',#1673,#1562,#993,.T.);
#2186=EDGE_CURVE('',#1674,#1673,#688,.T.);
#2187=EDGE_CURVE('',#1674,#1563,#994,.T.);
#2188=EDGE_CURVE('',#1675,#1674,#995,.T.);
#2189=EDGE_CURVE('',#1675,#1564,#996,.T.);
#2190=EDGE_CURVE('',#1676,#1675,#123,.T.);
#2191=EDGE_CURVE('',#1676,#1565,#997,.T.);
#2192=EDGE_CURVE('',#1677,#1676,#689,.T.);
#2193=EDGE_CURVE('',#1677,#1566,#998,.T.);
#2194=EDGE_CURVE('',#1678,#1677,#124,.T.);
#2195=EDGE_CURVE('',#1678,#1567,#999,.T.);
#2196=EDGE_CURVE('',#1679,#1678,#1000,.T.);
#2197=EDGE_CURVE('',#1679,#1568,#1001,.T.);
#2198=EDGE_CURVE('',#1604,#1679,#690,.T.);
#2199=EDGE_CURVE('',#1680,#1525,#1002,.T.);
#2200=EDGE_CURVE('',#1681,#1680,#1003,.F.);
#2201=EDGE_CURVE('',#1681,#1638,#1004,.T.);
#2202=EDGE_CURVE('',#1636,#1522,#1005,.T.);
#2203=EDGE_CURVE('',#1682,#1523,#1332,.T.);
#2204=EDGE_CURVE('',#1683,#1682,#1006,.T.);
#2205=EDGE_CURVE('',#1524,#1683,#1333,.T.);
#2206=EDGE_CURVE('',#1683,#1680,#691,.T.);
#2207=EDGE_CURVE('',#1514,#1682,#692,.T.);
#2208=EDGE_CURVE('',#1684,#1514,#693,.T.);
#2209=EDGE_CURVE('',#1520,#1684,#1007,.T.);
#2210=EDGE_CURVE('',#1680,#1519,#694,.T.);
#2211=EDGE_CURVE('',#1513,#1684,#1008,.T.);
#2212=EDGE_CURVE('',#1681,#1518,#695,.F.);
#2213=EDGE_CURVE('',#1518,#1511,#696,.T.);
#2214=ORIENTED_EDGE('',*,*,#1685,.T.);
#2215=ORIENTED_EDGE('',*,*,#1686,.T.);
#2216=ORIENTED_EDGE('',*,*,#1687,.F.);
#2217=ORIENTED_EDGE('',*,*,#1685,.F.);
#2218=ORIENTED_EDGE('',*,*,#1688,.F.);
#2219=ORIENTED_EDGE('',*,*,#1689,.F.);
#2220=ORIENTED_EDGE('',*,*,#1690,.F.);
#2221=ORIENTED_EDGE('',*,*,#1691,.F.);
#2222=ORIENTED_EDGE('',*,*,#1692,.F.);
#2223=ORIENTED_EDGE('',*,*,#1693,.F.);
#2224=ORIENTED_EDGE('',*,*,#1686,.F.);
#2225=ORIENTED_EDGE('',*,*,#1693,.T.);
#2226=ORIENTED_EDGE('',*,*,#1694,.T.);
#2227=ORIENTED_EDGE('',*,*,#1695,.T.);
#2228=ORIENTED_EDGE('',*,*,#1696,.F.);
#2229=ORIENTED_EDGE('',*,*,#1697,.T.);
#2230=ORIENTED_EDGE('',*,*,#1698,.T.);
#2231=ORIENTED_EDGE('',*,*,#1699,.T.);
#2232=ORIENTED_EDGE('',*,*,#1689,.T.);
#2233=ORIENTED_EDGE('',*,*,#1699,.F.);
#2234=ORIENTED_EDGE('',*,*,#1700,.T.);
#2235=ORIENTED_EDGE('',*,*,#1701,.T.);
#2236=ORIENTED_EDGE('',*,*,#1702,.T.);
#2237=ORIENTED_EDGE('',*,*,#1703,.T.);
#2238=ORIENTED_EDGE('',*,*,#1704,.T.);
#2239=ORIENTED_EDGE('',*,*,#1705,.T.);
#2240=ORIENTED_EDGE('',*,*,#1706,.T.);
#2241=ORIENTED_EDGE('',*,*,#1707,.T.);
#2242=ORIENTED_EDGE('',*,*,#1708,.T.);
#2243=ORIENTED_EDGE('',*,*,#1709,.T.);
#2244=ORIENTED_EDGE('',*,*,#1710,.T.);
#2245=ORIENTED_EDGE('',*,*,#1711,.T.);
#2246=ORIENTED_EDGE('',*,*,#1712,.T.);
#2247=ORIENTED_EDGE('',*,*,#1713,.T.);
#2248=ORIENTED_EDGE('',*,*,#1714,.T.);
#2249=ORIENTED_EDGE('',*,*,#1715,.T.);
#2250=ORIENTED_EDGE('',*,*,#1716,.T.);
#2251=ORIENTED_EDGE('',*,*,#1717,.T.);
#2252=ORIENTED_EDGE('',*,*,#1718,.T.);
#2253=ORIENTED_EDGE('',*,*,#1719,.T.);
#2254=ORIENTED_EDGE('',*,*,#1720,.T.);
#2255=ORIENTED_EDGE('',*,*,#1721,.T.);
#2256=ORIENTED_EDGE('',*,*,#1722,.T.);
#2257=ORIENTED_EDGE('',*,*,#1723,.T.);
#2258=ORIENTED_EDGE('',*,*,#1724,.T.);
#2259=ORIENTED_EDGE('',*,*,#1725,.T.);
#2260=ORIENTED_EDGE('',*,*,#1726,.T.);
#2261=ORIENTED_EDGE('',*,*,#1727,.T.);
#2262=ORIENTED_EDGE('',*,*,#1728,.T.);
#2263=ORIENTED_EDGE('',*,*,#1729,.T.);
#2264=ORIENTED_EDGE('',*,*,#1730,.T.);
#2265=ORIENTED_EDGE('',*,*,#1731,.T.);
#2266=ORIENTED_EDGE('',*,*,#1732,.T.);
#2267=ORIENTED_EDGE('',*,*,#1733,.T.);
#2268=ORIENTED_EDGE('',*,*,#1734,.T.);
#2269=ORIENTED_EDGE('',*,*,#1735,.T.);
#2270=ORIENTED_EDGE('',*,*,#1736,.T.);
#2271=ORIENTED_EDGE('',*,*,#1737,.T.);
#2272=ORIENTED_EDGE('',*,*,#1738,.T.);
#2273=ORIENTED_EDGE('',*,*,#1739,.T.);
#2274=ORIENTED_EDGE('',*,*,#1740,.T.);
#2275=ORIENTED_EDGE('',*,*,#1741,.T.);
#2276=ORIENTED_EDGE('',*,*,#1742,.T.);
#2277=ORIENTED_EDGE('',*,*,#1743,.T.);
#2278=ORIENTED_EDGE('',*,*,#1744,.T.);
#2279=ORIENTED_EDGE('',*,*,#1745,.T.);
#2280=ORIENTED_EDGE('',*,*,#1746,.T.);
#2281=ORIENTED_EDGE('',*,*,#1747,.T.);
#2282=ORIENTED_EDGE('',*,*,#1748,.T.);
#2283=ORIENTED_EDGE('',*,*,#1749,.T.);
#2284=ORIENTED_EDGE('',*,*,#1750,.T.);
#2285=ORIENTED_EDGE('',*,*,#1751,.T.);
#2286=ORIENTED_EDGE('',*,*,#1752,.T.);
#2287=ORIENTED_EDGE('',*,*,#1753,.T.);
#2288=ORIENTED_EDGE('',*,*,#1754,.T.);
#2289=ORIENTED_EDGE('',*,*,#1755,.T.);
#2290=ORIENTED_EDGE('',*,*,#1756,.T.);
#2291=ORIENTED_EDGE('',*,*,#1757,.T.);
#2292=ORIENTED_EDGE('',*,*,#1758,.T.);
#2293=ORIENTED_EDGE('',*,*,#1759,.T.);
#2294=ORIENTED_EDGE('',*,*,#1760,.T.);
#2295=ORIENTED_EDGE('',*,*,#1761,.T.);
#2296=ORIENTED_EDGE('',*,*,#1762,.T.);
#2297=ORIENTED_EDGE('',*,*,#1763,.T.);
#2298=ORIENTED_EDGE('',*,*,#1764,.T.);
#2299=ORIENTED_EDGE('',*,*,#1765,.T.);
#2300=ORIENTED_EDGE('',*,*,#1766,.T.);
#2301=ORIENTED_EDGE('',*,*,#1767,.T.);
#2302=ORIENTED_EDGE('',*,*,#1768,.T.);
#2303=ORIENTED_EDGE('',*,*,#1769,.T.);
#2304=ORIENTED_EDGE('',*,*,#1770,.T.);
#2305=ORIENTED_EDGE('',*,*,#1771,.T.);
#2306=ORIENTED_EDGE('',*,*,#1772,.T.);
#2307=ORIENTED_EDGE('',*,*,#1773,.T.);
#2308=ORIENTED_EDGE('',*,*,#1774,.T.);
#2309=ORIENTED_EDGE('',*,*,#1775,.T.);
#2310=ORIENTED_EDGE('',*,*,#1776,.T.);
#2311=ORIENTED_EDGE('',*,*,#1777,.T.);
#2312=ORIENTED_EDGE('',*,*,#1778,.T.);
#2313=ORIENTED_EDGE('',*,*,#1779,.F.);
#2314=ORIENTED_EDGE('',*,*,#1780,.T.);
#2315=ORIENTED_EDGE('',*,*,#1781,.T.);
#2316=ORIENTED_EDGE('',*,*,#1782,.T.);
#2317=ORIENTED_EDGE('',*,*,#1690,.T.);
#2318=ORIENTED_EDGE('',*,*,#1698,.F.);
#2319=ORIENTED_EDGE('',*,*,#1783,.F.);
#2320=ORIENTED_EDGE('',*,*,#1784,.T.);
#2321=ORIENTED_EDGE('',*,*,#1700,.F.);
#2322=ORIENTED_EDGE('',*,*,#1785,.F.);
#2323=ORIENTED_EDGE('',*,*,#1786,.T.);
#2324=ORIENTED_EDGE('',*,*,#1753,.F.);
#2325=ORIENTED_EDGE('',*,*,#1787,.F.);
#2326=ORIENTED_EDGE('',*,*,#1788,.F.);
#2327=ORIENTED_EDGE('',*,*,#1789,.T.);
#2328=ORIENTED_EDGE('',*,*,#1754,.F.);
#2329=ORIENTED_EDGE('',*,*,#1786,.F.);
#2330=ORIENTED_EDGE('',*,*,#1790,.F.);
#2331=ORIENTED_EDGE('',*,*,#1791,.T.);
#2332=ORIENTED_EDGE('',*,*,#1755,.F.);
#2333=ORIENTED_EDGE('',*,*,#1789,.F.);
#2334=ORIENTED_EDGE('',*,*,#1792,.F.);
#2335=ORIENTED_EDGE('',*,*,#1793,.T.);
#2336=ORIENTED_EDGE('',*,*,#1756,.F.);
#2337=ORIENTED_EDGE('',*,*,#1791,.F.);
#2338=ORIENTED_EDGE('',*,*,#1794,.F.);
#2339=ORIENTED_EDGE('',*,*,#1795,.T.);
#2340=ORIENTED_EDGE('',*,*,#1757,.F.);
#2341=ORIENTED_EDGE('',*,*,#1793,.F.);
#2342=ORIENTED_EDGE('',*,*,#1796,.F.);
#2343=ORIENTED_EDGE('',*,*,#1797,.T.);
#2344=ORIENTED_EDGE('',*,*,#1758,.F.);
#2345=ORIENTED_EDGE('',*,*,#1795,.F.);
#2346=ORIENTED_EDGE('',*,*,#1798,.F.);
#2347=ORIENTED_EDGE('',*,*,#1799,.T.);
#2348=ORIENTED_EDGE('',*,*,#1759,.F.);
#2349=ORIENTED_EDGE('',*,*,#1797,.F.);
#2350=ORIENTED_EDGE('',*,*,#1800,.F.);
#2351=ORIENTED_EDGE('',*,*,#1801,.T.);
#2352=ORIENTED_EDGE('',*,*,#1760,.F.);
#2353=ORIENTED_EDGE('',*,*,#1799,.F.);
#2354=ORIENTED_EDGE('',*,*,#1802,.F.);
#2355=ORIENTED_EDGE('',*,*,#1803,.T.);
#2356=ORIENTED_EDGE('',*,*,#1761,.F.);
#2357=ORIENTED_EDGE('',*,*,#1801,.F.);
#2358=ORIENTED_EDGE('',*,*,#1804,.F.);
#2359=ORIENTED_EDGE('',*,*,#1805,.T.);
#2360=ORIENTED_EDGE('',*,*,#1762,.F.);
#2361=ORIENTED_EDGE('',*,*,#1803,.F.);
#2362=ORIENTED_EDGE('',*,*,#1806,.F.);
#2363=ORIENTED_EDGE('',*,*,#1807,.T.);
#2364=ORIENTED_EDGE('',*,*,#1763,.F.);
#2365=ORIENTED_EDGE('',*,*,#1805,.F.);
#2366=ORIENTED_EDGE('',*,*,#1808,.F.);
#2367=ORIENTED_EDGE('',*,*,#1809,.T.);
#2368=ORIENTED_EDGE('',*,*,#1764,.F.);
#2369=ORIENTED_EDGE('',*,*,#1807,.F.);
#2370=ORIENTED_EDGE('',*,*,#1810,.F.);
#2371=ORIENTED_EDGE('',*,*,#1811,.T.);
#2372=ORIENTED_EDGE('',*,*,#1765,.F.);
#2373=ORIENTED_EDGE('',*,*,#1809,.F.);
#2374=ORIENTED_EDGE('',*,*,#1812,.F.);
#2375=ORIENTED_EDGE('',*,*,#1813,.T.);
#2376=ORIENTED_EDGE('',*,*,#1766,.F.);
#2377=ORIENTED_EDGE('',*,*,#1811,.F.);
#2378=ORIENTED_EDGE('',*,*,#1814,.F.);
#2379=ORIENTED_EDGE('',*,*,#1815,.T.);
#2380=ORIENTED_EDGE('',*,*,#1767,.F.);
#2381=ORIENTED_EDGE('',*,*,#1813,.F.);
#2382=ORIENTED_EDGE('',*,*,#1816,.F.);
#2383=ORIENTED_EDGE('',*,*,#1817,.T.);
#2384=ORIENTED_EDGE('',*,*,#1768,.F.);
#2385=ORIENTED_EDGE('',*,*,#1815,.F.);
#2386=ORIENTED_EDGE('',*,*,#1818,.F.);
#2387=ORIENTED_EDGE('',*,*,#1819,.T.);
#2388=ORIENTED_EDGE('',*,*,#1769,.F.);
#2389=ORIENTED_EDGE('',*,*,#1817,.F.);
#2390=ORIENTED_EDGE('',*,*,#1820,.F.);
#2391=ORIENTED_EDGE('',*,*,#1821,.T.);
#2392=ORIENTED_EDGE('',*,*,#1770,.F.);
#2393=ORIENTED_EDGE('',*,*,#1819,.F.);
#2394=ORIENTED_EDGE('',*,*,#1822,.F.);
#2395=ORIENTED_EDGE('',*,*,#1823,.T.);
#2396=ORIENTED_EDGE('',*,*,#1771,.F.);
#2397=ORIENTED_EDGE('',*,*,#1821,.F.);
#2398=ORIENTED_EDGE('',*,*,#1824,.F.);
#2399=ORIENTED_EDGE('',*,*,#1825,.T.);
#2400=ORIENTED_EDGE('',*,*,#1772,.F.);
#2401=ORIENTED_EDGE('',*,*,#1823,.F.);
#2402=ORIENTED_EDGE('',*,*,#1826,.F.);
#2403=ORIENTED_EDGE('',*,*,#1827,.T.);
#2404=ORIENTED_EDGE('',*,*,#1773,.F.);
#2405=ORIENTED_EDGE('',*,*,#1825,.F.);
#2406=ORIENTED_EDGE('',*,*,#1828,.F.);
#2407=ORIENTED_EDGE('',*,*,#1829,.T.);
#2408=ORIENTED_EDGE('',*,*,#1774,.F.);
#2409=ORIENTED_EDGE('',*,*,#1827,.F.);
#2410=ORIENTED_EDGE('',*,*,#1830,.F.);
#2411=ORIENTED_EDGE('',*,*,#1831,.T.);
#2412=ORIENTED_EDGE('',*,*,#1775,.F.);
#2413=ORIENTED_EDGE('',*,*,#1829,.F.);
#2414=ORIENTED_EDGE('',*,*,#1832,.F.);
#2415=ORIENTED_EDGE('',*,*,#1833,.F.);
#2416=ORIENTED_EDGE('',*,*,#1776,.F.);
#2417=ORIENTED_EDGE('',*,*,#1831,.F.);
#2418=ORIENTED_EDGE('',*,*,#1834,.F.);
#2419=ORIENTED_EDGE('',*,*,#1835,.T.);
#2420=ORIENTED_EDGE('',*,*,#1701,.F.);
#2421=ORIENTED_EDGE('',*,*,#1784,.F.);
#2422=ORIENTED_EDGE('',*,*,#1836,.F.);
#2423=ORIENTED_EDGE('',*,*,#1837,.T.);
#2424=ORIENTED_EDGE('',*,*,#1702,.F.);
#2425=ORIENTED_EDGE('',*,*,#1835,.F.);
#2426=ORIENTED_EDGE('',*,*,#1838,.F.);
#2427=ORIENTED_EDGE('',*,*,#1839,.T.);
#2428=ORIENTED_EDGE('',*,*,#1703,.F.);
#2429=ORIENTED_EDGE('',*,*,#1837,.F.);
#2430=ORIENTED_EDGE('',*,*,#1840,.F.);
#2431=ORIENTED_EDGE('',*,*,#1841,.T.);
#2432=ORIENTED_EDGE('',*,*,#1704,.F.);
#2433=ORIENTED_EDGE('',*,*,#1839,.F.);
#2434=ORIENTED_EDGE('',*,*,#1842,.F.);
#2435=ORIENTED_EDGE('',*,*,#1843,.T.);
#2436=ORIENTED_EDGE('',*,*,#1705,.F.);
#2437=ORIENTED_EDGE('',*,*,#1841,.F.);
#2438=ORIENTED_EDGE('',*,*,#1844,.F.);
#2439=ORIENTED_EDGE('',*,*,#1845,.T.);
#2440=ORIENTED_EDGE('',*,*,#1706,.F.);
#2441=ORIENTED_EDGE('',*,*,#1843,.F.);
#2442=ORIENTED_EDGE('',*,*,#1846,.F.);
#2443=ORIENTED_EDGE('',*,*,#1847,.T.);
#2444=ORIENTED_EDGE('',*,*,#1707,.F.);
#2445=ORIENTED_EDGE('',*,*,#1845,.F.);
#2446=ORIENTED_EDGE('',*,*,#1848,.F.);
#2447=ORIENTED_EDGE('',*,*,#1849,.T.);
#2448=ORIENTED_EDGE('',*,*,#1708,.F.);
#2449=ORIENTED_EDGE('',*,*,#1847,.F.);
#2450=ORIENTED_EDGE('',*,*,#1850,.F.);
#2451=ORIENTED_EDGE('',*,*,#1851,.T.);
#2452=ORIENTED_EDGE('',*,*,#1709,.F.);
#2453=ORIENTED_EDGE('',*,*,#1849,.F.);
#2454=ORIENTED_EDGE('',*,*,#1852,.F.);
#2455=ORIENTED_EDGE('',*,*,#1853,.T.);
#2456=ORIENTED_EDGE('',*,*,#1710,.F.);
#2457=ORIENTED_EDGE('',*,*,#1851,.F.);
#2458=ORIENTED_EDGE('',*,*,#1854,.F.);
#2459=ORIENTED_EDGE('',*,*,#1855,.T.);
#2460=ORIENTED_EDGE('',*,*,#1711,.F.);
#2461=ORIENTED_EDGE('',*,*,#1853,.F.);
#2462=ORIENTED_EDGE('',*,*,#1856,.F.);
#2463=ORIENTED_EDGE('',*,*,#1857,.T.);
#2464=ORIENTED_EDGE('',*,*,#1712,.F.);
#2465=ORIENTED_EDGE('',*,*,#1855,.F.);
#2466=ORIENTED_EDGE('',*,*,#1858,.F.);
#2467=ORIENTED_EDGE('',*,*,#1859,.T.);
#2468=ORIENTED_EDGE('',*,*,#1713,.F.);
#2469=ORIENTED_EDGE('',*,*,#1857,.F.);
#2470=ORIENTED_EDGE('',*,*,#1860,.F.);
#2471=ORIENTED_EDGE('',*,*,#1861,.T.);
#2472=ORIENTED_EDGE('',*,*,#1714,.F.);
#2473=ORIENTED_EDGE('',*,*,#1859,.F.);
#2474=ORIENTED_EDGE('',*,*,#1862,.F.);
#2475=ORIENTED_EDGE('',*,*,#1863,.T.);
#2476=ORIENTED_EDGE('',*,*,#1715,.F.);
#2477=ORIENTED_EDGE('',*,*,#1861,.F.);
#2478=ORIENTED_EDGE('',*,*,#1864,.F.);
#2479=ORIENTED_EDGE('',*,*,#1865,.T.);
#2480=ORIENTED_EDGE('',*,*,#1716,.F.);
#2481=ORIENTED_EDGE('',*,*,#1863,.F.);
#2482=ORIENTED_EDGE('',*,*,#1866,.F.);
#2483=ORIENTED_EDGE('',*,*,#1867,.T.);
#2484=ORIENTED_EDGE('',*,*,#1717,.F.);
#2485=ORIENTED_EDGE('',*,*,#1865,.F.);
#2486=ORIENTED_EDGE('',*,*,#1868,.F.);
#2487=ORIENTED_EDGE('',*,*,#1869,.T.);
#2488=ORIENTED_EDGE('',*,*,#1718,.F.);
#2489=ORIENTED_EDGE('',*,*,#1867,.F.);
#2490=ORIENTED_EDGE('',*,*,#1870,.F.);
#2491=ORIENTED_EDGE('',*,*,#1871,.T.);
#2492=ORIENTED_EDGE('',*,*,#1719,.F.);
#2493=ORIENTED_EDGE('',*,*,#1869,.F.);
#2494=ORIENTED_EDGE('',*,*,#1872,.F.);
#2495=ORIENTED_EDGE('',*,*,#1873,.T.);
#2496=ORIENTED_EDGE('',*,*,#1720,.F.);
#2497=ORIENTED_EDGE('',*,*,#1871,.F.);
#2498=ORIENTED_EDGE('',*,*,#1874,.F.);
#2499=ORIENTED_EDGE('',*,*,#1875,.T.);
#2500=ORIENTED_EDGE('',*,*,#1721,.F.);
#2501=ORIENTED_EDGE('',*,*,#1873,.F.);
#2502=ORIENTED_EDGE('',*,*,#1876,.F.);
#2503=ORIENTED_EDGE('',*,*,#1877,.T.);
#2504=ORIENTED_EDGE('',*,*,#1722,.F.);
#2505=ORIENTED_EDGE('',*,*,#1875,.F.);
#2506=ORIENTED_EDGE('',*,*,#1878,.F.);
#2507=ORIENTED_EDGE('',*,*,#1879,.T.);
#2508=ORIENTED_EDGE('',*,*,#1723,.F.);
#2509=ORIENTED_EDGE('',*,*,#1877,.F.);
#2510=ORIENTED_EDGE('',*,*,#1880,.F.);
#2511=ORIENTED_EDGE('',*,*,#1881,.T.);
#2512=ORIENTED_EDGE('',*,*,#1724,.F.);
#2513=ORIENTED_EDGE('',*,*,#1879,.F.);
#2514=ORIENTED_EDGE('',*,*,#1882,.F.);
#2515=ORIENTED_EDGE('',*,*,#1883,.T.);
#2516=ORIENTED_EDGE('',*,*,#1725,.F.);
#2517=ORIENTED_EDGE('',*,*,#1881,.F.);
#2518=ORIENTED_EDGE('',*,*,#1884,.F.);
#2519=ORIENTED_EDGE('',*,*,#1885,.T.);
#2520=ORIENTED_EDGE('',*,*,#1726,.F.);
#2521=ORIENTED_EDGE('',*,*,#1883,.F.);
#2522=ORIENTED_EDGE('',*,*,#1886,.F.);
#2523=ORIENTED_EDGE('',*,*,#1887,.T.);
#2524=ORIENTED_EDGE('',*,*,#1727,.F.);
#2525=ORIENTED_EDGE('',*,*,#1885,.F.);
#2526=ORIENTED_EDGE('',*,*,#1888,.F.);
#2527=ORIENTED_EDGE('',*,*,#1889,.T.);
#2528=ORIENTED_EDGE('',*,*,#1728,.F.);
#2529=ORIENTED_EDGE('',*,*,#1887,.F.);
#2530=ORIENTED_EDGE('',*,*,#1890,.F.);
#2531=ORIENTED_EDGE('',*,*,#1891,.T.);
#2532=ORIENTED_EDGE('',*,*,#1729,.F.);
#2533=ORIENTED_EDGE('',*,*,#1889,.F.);
#2534=ORIENTED_EDGE('',*,*,#1892,.F.);
#2535=ORIENTED_EDGE('',*,*,#1893,.T.);
#2536=ORIENTED_EDGE('',*,*,#1730,.F.);
#2537=ORIENTED_EDGE('',*,*,#1891,.F.);
#2538=ORIENTED_EDGE('',*,*,#1894,.F.);
#2539=ORIENTED_EDGE('',*,*,#1895,.T.);
#2540=ORIENTED_EDGE('',*,*,#1731,.F.);
#2541=ORIENTED_EDGE('',*,*,#1893,.F.);
#2542=ORIENTED_EDGE('',*,*,#1896,.F.);
#2543=ORIENTED_EDGE('',*,*,#1897,.T.);
#2544=ORIENTED_EDGE('',*,*,#1732,.F.);
#2545=ORIENTED_EDGE('',*,*,#1895,.F.);
#2546=ORIENTED_EDGE('',*,*,#1898,.F.);
#2547=ORIENTED_EDGE('',*,*,#1899,.T.);
#2548=ORIENTED_EDGE('',*,*,#1733,.F.);
#2549=ORIENTED_EDGE('',*,*,#1897,.F.);
#2550=ORIENTED_EDGE('',*,*,#1900,.F.);
#2551=ORIENTED_EDGE('',*,*,#1901,.T.);
#2552=ORIENTED_EDGE('',*,*,#1734,.F.);
#2553=ORIENTED_EDGE('',*,*,#1899,.F.);
#2554=ORIENTED_EDGE('',*,*,#1902,.F.);
#2555=ORIENTED_EDGE('',*,*,#1903,.T.);
#2556=ORIENTED_EDGE('',*,*,#1735,.F.);
#2557=ORIENTED_EDGE('',*,*,#1901,.F.);
#2558=ORIENTED_EDGE('',*,*,#1904,.F.);
#2559=ORIENTED_EDGE('',*,*,#1905,.T.);
#2560=ORIENTED_EDGE('',*,*,#1736,.F.);
#2561=ORIENTED_EDGE('',*,*,#1903,.F.);
#2562=ORIENTED_EDGE('',*,*,#1906,.F.);
#2563=ORIENTED_EDGE('',*,*,#1907,.T.);
#2564=ORIENTED_EDGE('',*,*,#1737,.F.);
#2565=ORIENTED_EDGE('',*,*,#1905,.F.);
#2566=ORIENTED_EDGE('',*,*,#1908,.F.);
#2567=ORIENTED_EDGE('',*,*,#1909,.T.);
#2568=ORIENTED_EDGE('',*,*,#1738,.F.);
#2569=ORIENTED_EDGE('',*,*,#1907,.F.);
#2570=ORIENTED_EDGE('',*,*,#1910,.F.);
#2571=ORIENTED_EDGE('',*,*,#1911,.T.);
#2572=ORIENTED_EDGE('',*,*,#1739,.F.);
#2573=ORIENTED_EDGE('',*,*,#1909,.F.);
#2574=ORIENTED_EDGE('',*,*,#1912,.F.);
#2575=ORIENTED_EDGE('',*,*,#1913,.T.);
#2576=ORIENTED_EDGE('',*,*,#1740,.F.);
#2577=ORIENTED_EDGE('',*,*,#1911,.F.);
#2578=ORIENTED_EDGE('',*,*,#1914,.F.);
#2579=ORIENTED_EDGE('',*,*,#1915,.T.);
#2580=ORIENTED_EDGE('',*,*,#1741,.F.);
#2581=ORIENTED_EDGE('',*,*,#1913,.F.);
#2582=ORIENTED_EDGE('',*,*,#1916,.F.);
#2583=ORIENTED_EDGE('',*,*,#1917,.T.);
#2584=ORIENTED_EDGE('',*,*,#1742,.F.);
#2585=ORIENTED_EDGE('',*,*,#1915,.F.);
#2586=ORIENTED_EDGE('',*,*,#1918,.F.);
#2587=ORIENTED_EDGE('',*,*,#1919,.T.);
#2588=ORIENTED_EDGE('',*,*,#1743,.F.);
#2589=ORIENTED_EDGE('',*,*,#1917,.F.);
#2590=ORIENTED_EDGE('',*,*,#1920,.F.);
#2591=ORIENTED_EDGE('',*,*,#1921,.T.);
#2592=ORIENTED_EDGE('',*,*,#1744,.F.);
#2593=ORIENTED_EDGE('',*,*,#1919,.F.);
#2594=ORIENTED_EDGE('',*,*,#1922,.F.);
#2595=ORIENTED_EDGE('',*,*,#1923,.T.);
#2596=ORIENTED_EDGE('',*,*,#1745,.F.);
#2597=ORIENTED_EDGE('',*,*,#1921,.F.);
#2598=ORIENTED_EDGE('',*,*,#1924,.F.);
#2599=ORIENTED_EDGE('',*,*,#1925,.T.);
#2600=ORIENTED_EDGE('',*,*,#1746,.F.);
#2601=ORIENTED_EDGE('',*,*,#1923,.F.);
#2602=ORIENTED_EDGE('',*,*,#1926,.F.);
#2603=ORIENTED_EDGE('',*,*,#1927,.T.);
#2604=ORIENTED_EDGE('',*,*,#1747,.F.);
#2605=ORIENTED_EDGE('',*,*,#1925,.F.);
#2606=ORIENTED_EDGE('',*,*,#1928,.F.);
#2607=ORIENTED_EDGE('',*,*,#1929,.T.);
#2608=ORIENTED_EDGE('',*,*,#1748,.F.);
#2609=ORIENTED_EDGE('',*,*,#1927,.F.);
#2610=ORIENTED_EDGE('',*,*,#1930,.F.);
#2611=ORIENTED_EDGE('',*,*,#1931,.T.);
#2612=ORIENTED_EDGE('',*,*,#1749,.F.);
#2613=ORIENTED_EDGE('',*,*,#1929,.F.);
#2614=ORIENTED_EDGE('',*,*,#1932,.F.);
#2615=ORIENTED_EDGE('',*,*,#1933,.T.);
#2616=ORIENTED_EDGE('',*,*,#1750,.F.);
#2617=ORIENTED_EDGE('',*,*,#1931,.F.);
#2618=ORIENTED_EDGE('',*,*,#1934,.F.);
#2619=ORIENTED_EDGE('',*,*,#1935,.T.);
#2620=ORIENTED_EDGE('',*,*,#1751,.F.);
#2621=ORIENTED_EDGE('',*,*,#1933,.F.);
#2622=ORIENTED_EDGE('',*,*,#1936,.F.);
#2623=ORIENTED_EDGE('',*,*,#1787,.T.);
#2624=ORIENTED_EDGE('',*,*,#1752,.F.);
#2625=ORIENTED_EDGE('',*,*,#1935,.F.);
#2626=ORIENTED_EDGE('',*,*,#1687,.T.);
#2627=ORIENTED_EDGE('',*,*,#1937,.T.);
#2628=ORIENTED_EDGE('',*,*,#1938,.F.);
#2629=ORIENTED_EDGE('',*,*,#1832,.T.);
#2630=ORIENTED_EDGE('',*,*,#1830,.T.);
#2631=ORIENTED_EDGE('',*,*,#1828,.T.);
#2632=ORIENTED_EDGE('',*,*,#1826,.T.);
#2633=ORIENTED_EDGE('',*,*,#1824,.T.);
#2634=ORIENTED_EDGE('',*,*,#1822,.T.);
#2635=ORIENTED_EDGE('',*,*,#1820,.T.);
#2636=ORIENTED_EDGE('',*,*,#1818,.T.);
#2637=ORIENTED_EDGE('',*,*,#1816,.T.);
#2638=ORIENTED_EDGE('',*,*,#1814,.T.);
#2639=ORIENTED_EDGE('',*,*,#1812,.T.);
#2640=ORIENTED_EDGE('',*,*,#1810,.T.);
#2641=ORIENTED_EDGE('',*,*,#1808,.T.);
#2642=ORIENTED_EDGE('',*,*,#1806,.T.);
#2643=ORIENTED_EDGE('',*,*,#1804,.T.);
#2644=ORIENTED_EDGE('',*,*,#1802,.T.);
#2645=ORIENTED_EDGE('',*,*,#1800,.T.);
#2646=ORIENTED_EDGE('',*,*,#1798,.T.);
#2647=ORIENTED_EDGE('',*,*,#1796,.T.);
#2648=ORIENTED_EDGE('',*,*,#1794,.T.);
#2649=ORIENTED_EDGE('',*,*,#1792,.T.);
#2650=ORIENTED_EDGE('',*,*,#1790,.T.);
#2651=ORIENTED_EDGE('',*,*,#1788,.T.);
#2652=ORIENTED_EDGE('',*,*,#1785,.T.);
#2653=ORIENTED_EDGE('',*,*,#1936,.T.);
#2654=ORIENTED_EDGE('',*,*,#1934,.T.);
#2655=ORIENTED_EDGE('',*,*,#1932,.T.);
#2656=ORIENTED_EDGE('',*,*,#1930,.T.);
#2657=ORIENTED_EDGE('',*,*,#1928,.T.);
#2658=ORIENTED_EDGE('',*,*,#1926,.T.);
#2659=ORIENTED_EDGE('',*,*,#1924,.T.);
#2660=ORIENTED_EDGE('',*,*,#1922,.T.);
#2661=ORIENTED_EDGE('',*,*,#1920,.T.);
#2662=ORIENTED_EDGE('',*,*,#1918,.T.);
#2663=ORIENTED_EDGE('',*,*,#1916,.T.);
#2664=ORIENTED_EDGE('',*,*,#1914,.T.);
#2665=ORIENTED_EDGE('',*,*,#1912,.T.);
#2666=ORIENTED_EDGE('',*,*,#1910,.T.);
#2667=ORIENTED_EDGE('',*,*,#1908,.T.);
#2668=ORIENTED_EDGE('',*,*,#1906,.T.);
#2669=ORIENTED_EDGE('',*,*,#1904,.T.);
#2670=ORIENTED_EDGE('',*,*,#1902,.T.);
#2671=ORIENTED_EDGE('',*,*,#1900,.T.);
#2672=ORIENTED_EDGE('',*,*,#1898,.T.);
#2673=ORIENTED_EDGE('',*,*,#1896,.T.);
#2674=ORIENTED_EDGE('',*,*,#1894,.T.);
#2675=ORIENTED_EDGE('',*,*,#1892,.T.);
#2676=ORIENTED_EDGE('',*,*,#1890,.T.);
#2677=ORIENTED_EDGE('',*,*,#1888,.T.);
#2678=ORIENTED_EDGE('',*,*,#1886,.T.);
#2679=ORIENTED_EDGE('',*,*,#1884,.T.);
#2680=ORIENTED_EDGE('',*,*,#1882,.T.);
#2681=ORIENTED_EDGE('',*,*,#1880,.T.);
#2682=ORIENTED_EDGE('',*,*,#1878,.T.);
#2683=ORIENTED_EDGE('',*,*,#1876,.T.);
#2684=ORIENTED_EDGE('',*,*,#1874,.T.);
#2685=ORIENTED_EDGE('',*,*,#1872,.T.);
#2686=ORIENTED_EDGE('',*,*,#1870,.T.);
#2687=ORIENTED_EDGE('',*,*,#1868,.T.);
#2688=ORIENTED_EDGE('',*,*,#1866,.T.);
#2689=ORIENTED_EDGE('',*,*,#1864,.T.);
#2690=ORIENTED_EDGE('',*,*,#1862,.T.);
#2691=ORIENTED_EDGE('',*,*,#1860,.T.);
#2692=ORIENTED_EDGE('',*,*,#1858,.T.);
#2693=ORIENTED_EDGE('',*,*,#1856,.T.);
#2694=ORIENTED_EDGE('',*,*,#1854,.T.);
#2695=ORIENTED_EDGE('',*,*,#1852,.T.);
#2696=ORIENTED_EDGE('',*,*,#1850,.T.);
#2697=ORIENTED_EDGE('',*,*,#1848,.T.);
#2698=ORIENTED_EDGE('',*,*,#1846,.T.);
#2699=ORIENTED_EDGE('',*,*,#1844,.T.);
#2700=ORIENTED_EDGE('',*,*,#1842,.T.);
#2701=ORIENTED_EDGE('',*,*,#1840,.T.);
#2702=ORIENTED_EDGE('',*,*,#1838,.T.);
#2703=ORIENTED_EDGE('',*,*,#1836,.T.);
#2704=ORIENTED_EDGE('',*,*,#1834,.T.);
#2705=ORIENTED_EDGE('',*,*,#1783,.T.);
#2706=ORIENTED_EDGE('',*,*,#1697,.F.);
#2707=ORIENTED_EDGE('',*,*,#1688,.T.);
#2708=ORIENTED_EDGE('',*,*,#1833,.T.);
#2709=ORIENTED_EDGE('',*,*,#1938,.T.);
#2710=ORIENTED_EDGE('',*,*,#1939,.T.);
#2711=ORIENTED_EDGE('',*,*,#1940,.T.);
#2712=ORIENTED_EDGE('',*,*,#1777,.F.);
#2713=ORIENTED_EDGE('',*,*,#1696,.T.);
#2714=ORIENTED_EDGE('',*,*,#1941,.T.);
#2715=ORIENTED_EDGE('',*,*,#1939,.F.);
#2716=ORIENTED_EDGE('',*,*,#1937,.F.);
#2717=ORIENTED_EDGE('',*,*,#1691,.T.);
#2718=ORIENTED_EDGE('',*,*,#1782,.F.);
#2719=ORIENTED_EDGE('',*,*,#1942,.F.);
#2720=ORIENTED_EDGE('',*,*,#1943,.T.);
#2721=ORIENTED_EDGE('',*,*,#1944,.T.);
#2722=ORIENTED_EDGE('',*,*,#1694,.F.);
#2723=ORIENTED_EDGE('',*,*,#1692,.T.);
#2724=ORIENTED_EDGE('',*,*,#1942,.T.);
#2725=ORIENTED_EDGE('',*,*,#1781,.F.);
#2726=ORIENTED_EDGE('',*,*,#1945,.F.);
#2727=ORIENTED_EDGE('',*,*,#1946,.F.);
#2728=ORIENTED_EDGE('',*,*,#1941,.F.);
#2729=ORIENTED_EDGE('',*,*,#1695,.F.);
#2730=ORIENTED_EDGE('',*,*,#1944,.F.);
#2731=ORIENTED_EDGE('',*,*,#1947,.F.);
#2732=ORIENTED_EDGE('',*,*,#1948,.F.);
#2733=ORIENTED_EDGE('',*,*,#1778,.F.);
#2734=ORIENTED_EDGE('',*,*,#1940,.F.);
#2735=ORIENTED_EDGE('',*,*,#1946,.T.);
#2736=ORIENTED_EDGE('',*,*,#1949,.F.);
#2737=ORIENTED_EDGE('',*,*,#1947,.T.);
#2738=ORIENTED_EDGE('',*,*,#1943,.F.);
#2739=ORIENTED_EDGE('',*,*,#1780,.F.);
#2740=ORIENTED_EDGE('',*,*,#1949,.T.);
#2741=ORIENTED_EDGE('',*,*,#1779,.T.);
#2742=ORIENTED_EDGE('',*,*,#1948,.T.);
#2743=ORIENTED_EDGE('',*,*,#1945,.T.);
#2744=ORIENTED_EDGE('',*,*,#1950,.F.);
#2745=ORIENTED_EDGE('',*,*,#1951,.F.);
#2746=ORIENTED_EDGE('',*,*,#1952,.F.);
#2747=ORIENTED_EDGE('',*,*,#1953,.T.);
#2748=ORIENTED_EDGE('',*,*,#1954,.F.);
#2749=ORIENTED_EDGE('',*,*,#1955,.F.);
#2750=ORIENTED_EDGE('',*,*,#1956,.F.);
#2751=ORIENTED_EDGE('',*,*,#1957,.F.);
#2752=ORIENTED_EDGE('',*,*,#1958,.F.);
#2753=ORIENTED_EDGE('',*,*,#1959,.T.);
#2754=ORIENTED_EDGE('',*,*,#1960,.T.);
#2755=ORIENTED_EDGE('',*,*,#1961,.F.);
#2756=ORIENTED_EDGE('',*,*,#1951,.T.);
#2757=ORIENTED_EDGE('',*,*,#1962,.T.);
#2758=ORIENTED_EDGE('',*,*,#1963,.T.);
#2759=ORIENTED_EDGE('',*,*,#1964,.T.);
#2760=ORIENTED_EDGE('',*,*,#1956,.T.);
#2761=ORIENTED_EDGE('',*,*,#1962,.F.);
#2762=ORIENTED_EDGE('',*,*,#1955,.T.);
#2763=ORIENTED_EDGE('',*,*,#1965,.T.);
#2764=ORIENTED_EDGE('',*,*,#1966,.T.);
#2765=ORIENTED_EDGE('',*,*,#1967,.T.);
#2766=ORIENTED_EDGE('',*,*,#1968,.T.);
#2767=ORIENTED_EDGE('',*,*,#1969,.T.);
#2768=ORIENTED_EDGE('',*,*,#1970,.T.);
#2769=ORIENTED_EDGE('',*,*,#1971,.T.);
#2770=ORIENTED_EDGE('',*,*,#1972,.T.);
#2771=ORIENTED_EDGE('',*,*,#1973,.T.);
#2772=ORIENTED_EDGE('',*,*,#1974,.T.);
#2773=ORIENTED_EDGE('',*,*,#1975,.T.);
#2774=ORIENTED_EDGE('',*,*,#1976,.T.);
#2775=ORIENTED_EDGE('',*,*,#1977,.T.);
#2776=ORIENTED_EDGE('',*,*,#1978,.T.);
#2777=ORIENTED_EDGE('',*,*,#1979,.T.);
#2778=ORIENTED_EDGE('',*,*,#1980,.T.);
#2779=ORIENTED_EDGE('',*,*,#1981,.T.);
#2780=ORIENTED_EDGE('',*,*,#1982,.T.);
#2781=ORIENTED_EDGE('',*,*,#1983,.T.);
#2782=ORIENTED_EDGE('',*,*,#1984,.T.);
#2783=ORIENTED_EDGE('',*,*,#1985,.T.);
#2784=ORIENTED_EDGE('',*,*,#1986,.T.);
#2785=ORIENTED_EDGE('',*,*,#1987,.T.);
#2786=ORIENTED_EDGE('',*,*,#1988,.T.);
#2787=ORIENTED_EDGE('',*,*,#1989,.T.);
#2788=ORIENTED_EDGE('',*,*,#1990,.T.);
#2789=ORIENTED_EDGE('',*,*,#1991,.T.);
#2790=ORIENTED_EDGE('',*,*,#1992,.T.);
#2791=ORIENTED_EDGE('',*,*,#1993,.T.);
#2792=ORIENTED_EDGE('',*,*,#1994,.T.);
#2793=ORIENTED_EDGE('',*,*,#1995,.T.);
#2794=ORIENTED_EDGE('',*,*,#1996,.T.);
#2795=ORIENTED_EDGE('',*,*,#1997,.T.);
#2796=ORIENTED_EDGE('',*,*,#1998,.T.);
#2797=ORIENTED_EDGE('',*,*,#1999,.T.);
#2798=ORIENTED_EDGE('',*,*,#2000,.T.);
#2799=ORIENTED_EDGE('',*,*,#2001,.T.);
#2800=ORIENTED_EDGE('',*,*,#2002,.T.);
#2801=ORIENTED_EDGE('',*,*,#2003,.T.);
#2802=ORIENTED_EDGE('',*,*,#2004,.T.);
#2803=ORIENTED_EDGE('',*,*,#2005,.T.);
#2804=ORIENTED_EDGE('',*,*,#2006,.T.);
#2805=ORIENTED_EDGE('',*,*,#2007,.T.);
#2806=ORIENTED_EDGE('',*,*,#2008,.T.);
#2807=ORIENTED_EDGE('',*,*,#2009,.T.);
#2808=ORIENTED_EDGE('',*,*,#2010,.T.);
#2809=ORIENTED_EDGE('',*,*,#2011,.T.);
#2810=ORIENTED_EDGE('',*,*,#2012,.T.);
#2811=ORIENTED_EDGE('',*,*,#2013,.T.);
#2812=ORIENTED_EDGE('',*,*,#2014,.T.);
#2813=ORIENTED_EDGE('',*,*,#2015,.T.);
#2814=ORIENTED_EDGE('',*,*,#2016,.T.);
#2815=ORIENTED_EDGE('',*,*,#2017,.T.);
#2816=ORIENTED_EDGE('',*,*,#2018,.T.);
#2817=ORIENTED_EDGE('',*,*,#2019,.T.);
#2818=ORIENTED_EDGE('',*,*,#2020,.T.);
#2819=ORIENTED_EDGE('',*,*,#2021,.T.);
#2820=ORIENTED_EDGE('',*,*,#2022,.T.);
#2821=ORIENTED_EDGE('',*,*,#2023,.T.);
#2822=ORIENTED_EDGE('',*,*,#2024,.T.);
#2823=ORIENTED_EDGE('',*,*,#2025,.T.);
#2824=ORIENTED_EDGE('',*,*,#2026,.T.);
#2825=ORIENTED_EDGE('',*,*,#2027,.T.);
#2826=ORIENTED_EDGE('',*,*,#2028,.T.);
#2827=ORIENTED_EDGE('',*,*,#2029,.T.);
#2828=ORIENTED_EDGE('',*,*,#2030,.T.);
#2829=ORIENTED_EDGE('',*,*,#2031,.T.);
#2830=ORIENTED_EDGE('',*,*,#2032,.T.);
#2831=ORIENTED_EDGE('',*,*,#2033,.T.);
#2832=ORIENTED_EDGE('',*,*,#2034,.T.);
#2833=ORIENTED_EDGE('',*,*,#2035,.T.);
#2834=ORIENTED_EDGE('',*,*,#2036,.T.);
#2835=ORIENTED_EDGE('',*,*,#2037,.T.);
#2836=ORIENTED_EDGE('',*,*,#2038,.T.);
#2837=ORIENTED_EDGE('',*,*,#2039,.T.);
#2838=ORIENTED_EDGE('',*,*,#2040,.T.);
#2839=ORIENTED_EDGE('',*,*,#2041,.T.);
#2840=ORIENTED_EDGE('',*,*,#2042,.T.);
#2841=ORIENTED_EDGE('',*,*,#2043,.T.);
#2842=ORIENTED_EDGE('',*,*,#2044,.T.);
#2843=ORIENTED_EDGE('',*,*,#2045,.T.);
#2844=ORIENTED_EDGE('',*,*,#2046,.F.);
#2845=ORIENTED_EDGE('',*,*,#2047,.T.);
#2846=ORIENTED_EDGE('',*,*,#2012,.F.);
#2847=ORIENTED_EDGE('',*,*,#2048,.F.);
#2848=ORIENTED_EDGE('',*,*,#2049,.F.);
#2849=ORIENTED_EDGE('',*,*,#2050,.T.);
#2850=ORIENTED_EDGE('',*,*,#2013,.F.);
#2851=ORIENTED_EDGE('',*,*,#2047,.F.);
#2852=ORIENTED_EDGE('',*,*,#2051,.F.);
#2853=ORIENTED_EDGE('',*,*,#2052,.T.);
#2854=ORIENTED_EDGE('',*,*,#2014,.F.);
#2855=ORIENTED_EDGE('',*,*,#2050,.F.);
#2856=ORIENTED_EDGE('',*,*,#2053,.F.);
#2857=ORIENTED_EDGE('',*,*,#2054,.T.);
#2858=ORIENTED_EDGE('',*,*,#2015,.F.);
#2859=ORIENTED_EDGE('',*,*,#2052,.F.);
#2860=ORIENTED_EDGE('',*,*,#2055,.F.);
#2861=ORIENTED_EDGE('',*,*,#2056,.T.);
#2862=ORIENTED_EDGE('',*,*,#2016,.F.);
#2863=ORIENTED_EDGE('',*,*,#2054,.F.);
#2864=ORIENTED_EDGE('',*,*,#2057,.F.);
#2865=ORIENTED_EDGE('',*,*,#2058,.T.);
#2866=ORIENTED_EDGE('',*,*,#2017,.F.);
#2867=ORIENTED_EDGE('',*,*,#2056,.F.);
#2868=ORIENTED_EDGE('',*,*,#2059,.F.);
#2869=ORIENTED_EDGE('',*,*,#2060,.T.);
#2870=ORIENTED_EDGE('',*,*,#2018,.F.);
#2871=ORIENTED_EDGE('',*,*,#2058,.F.);
#2872=ORIENTED_EDGE('',*,*,#2061,.F.);
#2873=ORIENTED_EDGE('',*,*,#2062,.T.);
#2874=ORIENTED_EDGE('',*,*,#2019,.F.);
#2875=ORIENTED_EDGE('',*,*,#2060,.F.);
#2876=ORIENTED_EDGE('',*,*,#2063,.F.);
#2877=ORIENTED_EDGE('',*,*,#2064,.T.);
#2878=ORIENTED_EDGE('',*,*,#2020,.F.);
#2879=ORIENTED_EDGE('',*,*,#2062,.F.);
#2880=ORIENTED_EDGE('',*,*,#2065,.F.);
#2881=ORIENTED_EDGE('',*,*,#2066,.T.);
#2882=ORIENTED_EDGE('',*,*,#2021,.F.);
#2883=ORIENTED_EDGE('',*,*,#2064,.F.);
#2884=ORIENTED_EDGE('',*,*,#2067,.F.);
#2885=ORIENTED_EDGE('',*,*,#2068,.T.);
#2886=ORIENTED_EDGE('',*,*,#2022,.F.);
#2887=ORIENTED_EDGE('',*,*,#2066,.F.);
#2888=ORIENTED_EDGE('',*,*,#2069,.F.);
#2889=ORIENTED_EDGE('',*,*,#2070,.T.);
#2890=ORIENTED_EDGE('',*,*,#2023,.F.);
#2891=ORIENTED_EDGE('',*,*,#2068,.F.);
#2892=ORIENTED_EDGE('',*,*,#2071,.F.);
#2893=ORIENTED_EDGE('',*,*,#2072,.T.);
#2894=ORIENTED_EDGE('',*,*,#2024,.F.);
#2895=ORIENTED_EDGE('',*,*,#2070,.F.);
#2896=ORIENTED_EDGE('',*,*,#2073,.F.);
#2897=ORIENTED_EDGE('',*,*,#2074,.T.);
#2898=ORIENTED_EDGE('',*,*,#2025,.F.);
#2899=ORIENTED_EDGE('',*,*,#2072,.F.);
#2900=ORIENTED_EDGE('',*,*,#2075,.F.);
#2901=ORIENTED_EDGE('',*,*,#2076,.T.);
#2902=ORIENTED_EDGE('',*,*,#2026,.F.);
#2903=ORIENTED_EDGE('',*,*,#2074,.F.);
#2904=ORIENTED_EDGE('',*,*,#2077,.F.);
#2905=ORIENTED_EDGE('',*,*,#2078,.T.);
#2906=ORIENTED_EDGE('',*,*,#2027,.F.);
#2907=ORIENTED_EDGE('',*,*,#2076,.F.);
#2908=ORIENTED_EDGE('',*,*,#2079,.F.);
#2909=ORIENTED_EDGE('',*,*,#2080,.T.);
#2910=ORIENTED_EDGE('',*,*,#2028,.F.);
#2911=ORIENTED_EDGE('',*,*,#2078,.F.);
#2912=ORIENTED_EDGE('',*,*,#2081,.F.);
#2913=ORIENTED_EDGE('',*,*,#2082,.T.);
#2914=ORIENTED_EDGE('',*,*,#2029,.F.);
#2915=ORIENTED_EDGE('',*,*,#2080,.F.);
#2916=ORIENTED_EDGE('',*,*,#2083,.F.);
#2917=ORIENTED_EDGE('',*,*,#2084,.T.);
#2918=ORIENTED_EDGE('',*,*,#2030,.F.);
#2919=ORIENTED_EDGE('',*,*,#2082,.F.);
#2920=ORIENTED_EDGE('',*,*,#2085,.F.);
#2921=ORIENTED_EDGE('',*,*,#2086,.T.);
#2922=ORIENTED_EDGE('',*,*,#2031,.F.);
#2923=ORIENTED_EDGE('',*,*,#2084,.F.);
#2924=ORIENTED_EDGE('',*,*,#2087,.F.);
#2925=ORIENTED_EDGE('',*,*,#2088,.T.);
#2926=ORIENTED_EDGE('',*,*,#2032,.F.);
#2927=ORIENTED_EDGE('',*,*,#2086,.F.);
#2928=ORIENTED_EDGE('',*,*,#2089,.F.);
#2929=ORIENTED_EDGE('',*,*,#2090,.T.);
#2930=ORIENTED_EDGE('',*,*,#2033,.F.);
#2931=ORIENTED_EDGE('',*,*,#2088,.F.);
#2932=ORIENTED_EDGE('',*,*,#2091,.F.);
#2933=ORIENTED_EDGE('',*,*,#2092,.T.);
#2934=ORIENTED_EDGE('',*,*,#2034,.F.);
#2935=ORIENTED_EDGE('',*,*,#2090,.F.);
#2936=ORIENTED_EDGE('',*,*,#2093,.F.);
#2937=ORIENTED_EDGE('',*,*,#2094,.T.);
#2938=ORIENTED_EDGE('',*,*,#2035,.F.);
#2939=ORIENTED_EDGE('',*,*,#2092,.F.);
#2940=ORIENTED_EDGE('',*,*,#2095,.F.);
#2941=ORIENTED_EDGE('',*,*,#2096,.T.);
#2942=ORIENTED_EDGE('',*,*,#2036,.F.);
#2943=ORIENTED_EDGE('',*,*,#2094,.F.);
#2944=ORIENTED_EDGE('',*,*,#2097,.F.);
#2945=ORIENTED_EDGE('',*,*,#2098,.T.);
#2946=ORIENTED_EDGE('',*,*,#2037,.F.);
#2947=ORIENTED_EDGE('',*,*,#2096,.F.);
#2948=ORIENTED_EDGE('',*,*,#2099,.F.);
#2949=ORIENTED_EDGE('',*,*,#2100,.T.);
#2950=ORIENTED_EDGE('',*,*,#2038,.F.);
#2951=ORIENTED_EDGE('',*,*,#2098,.F.);
#2952=ORIENTED_EDGE('',*,*,#2101,.F.);
#2953=ORIENTED_EDGE('',*,*,#2102,.T.);
#2954=ORIENTED_EDGE('',*,*,#2039,.F.);
#2955=ORIENTED_EDGE('',*,*,#2100,.F.);
#2956=ORIENTED_EDGE('',*,*,#2103,.F.);
#2957=ORIENTED_EDGE('',*,*,#2104,.T.);
#2958=ORIENTED_EDGE('',*,*,#2040,.F.);
#2959=ORIENTED_EDGE('',*,*,#2102,.F.);
#2960=ORIENTED_EDGE('',*,*,#2105,.F.);
#2961=ORIENTED_EDGE('',*,*,#2106,.T.);
#2962=ORIENTED_EDGE('',*,*,#2041,.F.);
#2963=ORIENTED_EDGE('',*,*,#2104,.F.);
#2964=ORIENTED_EDGE('',*,*,#2107,.F.);
#2965=ORIENTED_EDGE('',*,*,#2108,.T.);
#2966=ORIENTED_EDGE('',*,*,#2042,.F.);
#2967=ORIENTED_EDGE('',*,*,#2106,.F.);
#2968=ORIENTED_EDGE('',*,*,#2109,.F.);
#2969=ORIENTED_EDGE('',*,*,#2110,.T.);
#2970=ORIENTED_EDGE('',*,*,#2043,.F.);
#2971=ORIENTED_EDGE('',*,*,#2108,.F.);
#2972=ORIENTED_EDGE('',*,*,#2111,.F.);
#2973=ORIENTED_EDGE('',*,*,#2112,.F.);
#2974=ORIENTED_EDGE('',*,*,#2044,.F.);
#2975=ORIENTED_EDGE('',*,*,#2110,.F.);
#2976=ORIENTED_EDGE('',*,*,#2113,.F.);
#2977=ORIENTED_EDGE('',*,*,#2114,.T.);
#2978=ORIENTED_EDGE('',*,*,#1969,.F.);
#2979=ORIENTED_EDGE('',*,*,#2115,.F.);
#2980=ORIENTED_EDGE('',*,*,#2116,.F.);
#2981=ORIENTED_EDGE('',*,*,#2117,.T.);
#2982=ORIENTED_EDGE('',*,*,#1970,.F.);
#2983=ORIENTED_EDGE('',*,*,#2114,.F.);
#2984=ORIENTED_EDGE('',*,*,#2118,.F.);
#2985=ORIENTED_EDGE('',*,*,#2119,.T.);
#2986=ORIENTED_EDGE('',*,*,#1971,.F.);
#2987=ORIENTED_EDGE('',*,*,#2117,.F.);
#2988=ORIENTED_EDGE('',*,*,#2120,.F.);
#2989=ORIENTED_EDGE('',*,*,#2121,.T.);
#2990=ORIENTED_EDGE('',*,*,#1972,.F.);
#2991=ORIENTED_EDGE('',*,*,#2119,.F.);
#2992=ORIENTED_EDGE('',*,*,#2122,.F.);
#2993=ORIENTED_EDGE('',*,*,#2123,.T.);
#2994=ORIENTED_EDGE('',*,*,#1973,.F.);
#2995=ORIENTED_EDGE('',*,*,#2121,.F.);
#2996=ORIENTED_EDGE('',*,*,#2124,.F.);
#2997=ORIENTED_EDGE('',*,*,#2125,.T.);
#2998=ORIENTED_EDGE('',*,*,#1974,.F.);
#2999=ORIENTED_EDGE('',*,*,#2123,.F.);
#3000=ORIENTED_EDGE('',*,*,#2126,.F.);
#3001=ORIENTED_EDGE('',*,*,#2127,.T.);
#3002=ORIENTED_EDGE('',*,*,#1975,.F.);
#3003=ORIENTED_EDGE('',*,*,#2125,.F.);
#3004=ORIENTED_EDGE('',*,*,#2128,.F.);
#3005=ORIENTED_EDGE('',*,*,#2129,.T.);
#3006=ORIENTED_EDGE('',*,*,#1976,.F.);
#3007=ORIENTED_EDGE('',*,*,#2127,.F.);
#3008=ORIENTED_EDGE('',*,*,#2130,.F.);
#3009=ORIENTED_EDGE('',*,*,#2131,.T.);
#3010=ORIENTED_EDGE('',*,*,#1977,.F.);
#3011=ORIENTED_EDGE('',*,*,#2129,.F.);
#3012=ORIENTED_EDGE('',*,*,#2132,.F.);
#3013=ORIENTED_EDGE('',*,*,#2133,.T.);
#3014=ORIENTED_EDGE('',*,*,#1978,.F.);
#3015=ORIENTED_EDGE('',*,*,#2131,.F.);
#3016=ORIENTED_EDGE('',*,*,#2134,.F.);
#3017=ORIENTED_EDGE('',*,*,#2135,.T.);
#3018=ORIENTED_EDGE('',*,*,#1979,.F.);
#3019=ORIENTED_EDGE('',*,*,#2133,.F.);
#3020=ORIENTED_EDGE('',*,*,#2136,.F.);
#3021=ORIENTED_EDGE('',*,*,#2137,.T.);
#3022=ORIENTED_EDGE('',*,*,#1980,.F.);
#3023=ORIENTED_EDGE('',*,*,#2135,.F.);
#3024=ORIENTED_EDGE('',*,*,#2138,.F.);
#3025=ORIENTED_EDGE('',*,*,#2139,.T.);
#3026=ORIENTED_EDGE('',*,*,#1981,.F.);
#3027=ORIENTED_EDGE('',*,*,#2137,.F.);
#3028=ORIENTED_EDGE('',*,*,#2140,.F.);
#3029=ORIENTED_EDGE('',*,*,#2141,.T.);
#3030=ORIENTED_EDGE('',*,*,#1982,.F.);
#3031=ORIENTED_EDGE('',*,*,#2139,.F.);
#3032=ORIENTED_EDGE('',*,*,#2142,.F.);
#3033=ORIENTED_EDGE('',*,*,#2143,.T.);
#3034=ORIENTED_EDGE('',*,*,#1983,.F.);
#3035=ORIENTED_EDGE('',*,*,#2141,.F.);
#3036=ORIENTED_EDGE('',*,*,#2144,.F.);
#3037=ORIENTED_EDGE('',*,*,#2145,.T.);
#3038=ORIENTED_EDGE('',*,*,#1984,.F.);
#3039=ORIENTED_EDGE('',*,*,#2143,.F.);
#3040=ORIENTED_EDGE('',*,*,#2146,.F.);
#3041=ORIENTED_EDGE('',*,*,#2147,.T.);
#3042=ORIENTED_EDGE('',*,*,#1985,.F.);
#3043=ORIENTED_EDGE('',*,*,#2145,.F.);
#3044=ORIENTED_EDGE('',*,*,#2148,.F.);
#3045=ORIENTED_EDGE('',*,*,#2149,.T.);
#3046=ORIENTED_EDGE('',*,*,#1986,.F.);
#3047=ORIENTED_EDGE('',*,*,#2147,.F.);
#3048=ORIENTED_EDGE('',*,*,#2150,.F.);
#3049=ORIENTED_EDGE('',*,*,#2151,.T.);
#3050=ORIENTED_EDGE('',*,*,#1987,.F.);
#3051=ORIENTED_EDGE('',*,*,#2149,.F.);
#3052=ORIENTED_EDGE('',*,*,#2152,.F.);
#3053=ORIENTED_EDGE('',*,*,#2153,.T.);
#3054=ORIENTED_EDGE('',*,*,#1988,.F.);
#3055=ORIENTED_EDGE('',*,*,#2151,.F.);
#3056=ORIENTED_EDGE('',*,*,#2154,.F.);
#3057=ORIENTED_EDGE('',*,*,#2155,.T.);
#3058=ORIENTED_EDGE('',*,*,#1989,.F.);
#3059=ORIENTED_EDGE('',*,*,#2153,.F.);
#3060=ORIENTED_EDGE('',*,*,#2156,.F.);
#3061=ORIENTED_EDGE('',*,*,#2157,.T.);
#3062=ORIENTED_EDGE('',*,*,#1990,.F.);
#3063=ORIENTED_EDGE('',*,*,#2155,.F.);
#3064=ORIENTED_EDGE('',*,*,#2158,.F.);
#3065=ORIENTED_EDGE('',*,*,#2159,.T.);
#3066=ORIENTED_EDGE('',*,*,#1991,.F.);
#3067=ORIENTED_EDGE('',*,*,#2157,.F.);
#3068=ORIENTED_EDGE('',*,*,#2160,.F.);
#3069=ORIENTED_EDGE('',*,*,#2161,.T.);
#3070=ORIENTED_EDGE('',*,*,#1992,.F.);
#3071=ORIENTED_EDGE('',*,*,#2159,.F.);
#3072=ORIENTED_EDGE('',*,*,#2162,.F.);
#3073=ORIENTED_EDGE('',*,*,#2163,.T.);
#3074=ORIENTED_EDGE('',*,*,#1993,.F.);
#3075=ORIENTED_EDGE('',*,*,#2161,.F.);
#3076=ORIENTED_EDGE('',*,*,#2164,.F.);
#3077=ORIENTED_EDGE('',*,*,#2165,.T.);
#3078=ORIENTED_EDGE('',*,*,#1994,.F.);
#3079=ORIENTED_EDGE('',*,*,#2163,.F.);
#3080=ORIENTED_EDGE('',*,*,#2166,.F.);
#3081=ORIENTED_EDGE('',*,*,#2167,.T.);
#3082=ORIENTED_EDGE('',*,*,#1995,.F.);
#3083=ORIENTED_EDGE('',*,*,#2165,.F.);
#3084=ORIENTED_EDGE('',*,*,#2168,.F.);
#3085=ORIENTED_EDGE('',*,*,#2169,.T.);
#3086=ORIENTED_EDGE('',*,*,#1996,.F.);
#3087=ORIENTED_EDGE('',*,*,#2167,.F.);
#3088=ORIENTED_EDGE('',*,*,#2170,.F.);
#3089=ORIENTED_EDGE('',*,*,#2171,.T.);
#3090=ORIENTED_EDGE('',*,*,#1997,.F.);
#3091=ORIENTED_EDGE('',*,*,#2169,.F.);
#3092=ORIENTED_EDGE('',*,*,#2172,.F.);
#3093=ORIENTED_EDGE('',*,*,#2173,.T.);
#3094=ORIENTED_EDGE('',*,*,#1998,.F.);
#3095=ORIENTED_EDGE('',*,*,#2171,.F.);
#3096=ORIENTED_EDGE('',*,*,#2174,.F.);
#3097=ORIENTED_EDGE('',*,*,#2175,.T.);
#3098=ORIENTED_EDGE('',*,*,#1999,.F.);
#3099=ORIENTED_EDGE('',*,*,#2173,.F.);
#3100=ORIENTED_EDGE('',*,*,#2176,.F.);
#3101=ORIENTED_EDGE('',*,*,#2177,.T.);
#3102=ORIENTED_EDGE('',*,*,#2000,.F.);
#3103=ORIENTED_EDGE('',*,*,#2175,.F.);
#3104=ORIENTED_EDGE('',*,*,#2178,.F.);
#3105=ORIENTED_EDGE('',*,*,#2179,.T.);
#3106=ORIENTED_EDGE('',*,*,#2001,.F.);
#3107=ORIENTED_EDGE('',*,*,#2177,.F.);
#3108=ORIENTED_EDGE('',*,*,#2180,.F.);
#3109=ORIENTED_EDGE('',*,*,#2181,.T.);
#3110=ORIENTED_EDGE('',*,*,#2002,.F.);
#3111=ORIENTED_EDGE('',*,*,#2179,.F.);
#3112=ORIENTED_EDGE('',*,*,#2182,.F.);
#3113=ORIENTED_EDGE('',*,*,#2183,.T.);
#3114=ORIENTED_EDGE('',*,*,#2003,.F.);
#3115=ORIENTED_EDGE('',*,*,#2181,.F.);
#3116=ORIENTED_EDGE('',*,*,#2184,.F.);
#3117=ORIENTED_EDGE('',*,*,#2185,.T.);
#3118=ORIENTED_EDGE('',*,*,#2004,.F.);
#3119=ORIENTED_EDGE('',*,*,#2183,.F.);
#3120=ORIENTED_EDGE('',*,*,#2186,.F.);
#3121=ORIENTED_EDGE('',*,*,#2187,.T.);
#3122=ORIENTED_EDGE('',*,*,#2005,.F.);
#3123=ORIENTED_EDGE('',*,*,#2185,.F.);
#3124=ORIENTED_EDGE('',*,*,#2188,.F.);
#3125=ORIENTED_EDGE('',*,*,#2189,.T.);
#3126=ORIENTED_EDGE('',*,*,#2006,.F.);
#3127=ORIENTED_EDGE('',*,*,#2187,.F.);
#3128=ORIENTED_EDGE('',*,*,#2190,.F.);
#3129=ORIENTED_EDGE('',*,*,#2191,.T.);
#3130=ORIENTED_EDGE('',*,*,#2007,.F.);
#3131=ORIENTED_EDGE('',*,*,#2189,.F.);
#3132=ORIENTED_EDGE('',*,*,#2192,.F.);
#3133=ORIENTED_EDGE('',*,*,#2193,.T.);
#3134=ORIENTED_EDGE('',*,*,#2008,.F.);
#3135=ORIENTED_EDGE('',*,*,#2191,.F.);
#3136=ORIENTED_EDGE('',*,*,#2194,.F.);
#3137=ORIENTED_EDGE('',*,*,#2195,.T.);
#3138=ORIENTED_EDGE('',*,*,#2009,.F.);
#3139=ORIENTED_EDGE('',*,*,#2193,.F.);
#3140=ORIENTED_EDGE('',*,*,#2196,.F.);
#3141=ORIENTED_EDGE('',*,*,#2197,.T.);
#3142=ORIENTED_EDGE('',*,*,#2010,.F.);
#3143=ORIENTED_EDGE('',*,*,#2195,.F.);
#3144=ORIENTED_EDGE('',*,*,#2198,.F.);
#3145=ORIENTED_EDGE('',*,*,#2048,.T.);
#3146=ORIENTED_EDGE('',*,*,#2011,.F.);
#3147=ORIENTED_EDGE('',*,*,#2197,.F.);
#3148=ORIENTED_EDGE('',*,*,#2115,.T.);
#3149=ORIENTED_EDGE('',*,*,#1968,.F.);
#3150=ORIENTED_EDGE('',*,*,#2199,.F.);
#3151=ORIENTED_EDGE('',*,*,#2200,.F.);
#3152=ORIENTED_EDGE('',*,*,#2201,.T.);
#3153=ORIENTED_EDGE('',*,*,#1963,.F.);
#3154=ORIENTED_EDGE('',*,*,#2045,.F.);
#3155=ORIENTED_EDGE('',*,*,#2112,.T.);
#3156=ORIENTED_EDGE('',*,*,#2202,.T.);
#3157=ORIENTED_EDGE('',*,*,#2203,.F.);
#3158=ORIENTED_EDGE('',*,*,#2204,.F.);
#3159=ORIENTED_EDGE('',*,*,#2205,.F.);
#3160=ORIENTED_EDGE('',*,*,#1966,.F.);
#3161=ORIENTED_EDGE('',*,*,#2205,.T.);
#3162=ORIENTED_EDGE('',*,*,#2206,.T.);
#3163=ORIENTED_EDGE('',*,*,#2199,.T.);
#3164=ORIENTED_EDGE('',*,*,#1967,.F.);
#3165=ORIENTED_EDGE('',*,*,#2204,.T.);
#3166=ORIENTED_EDGE('',*,*,#2207,.F.);
#3167=ORIENTED_EDGE('',*,*,#2208,.F.);
#3168=ORIENTED_EDGE('',*,*,#2209,.F.);
#3169=ORIENTED_EDGE('',*,*,#1960,.F.);
#3170=ORIENTED_EDGE('',*,*,#2210,.F.);
#3171=ORIENTED_EDGE('',*,*,#2206,.F.);
#3172=ORIENTED_EDGE('',*,*,#2203,.T.);
#3173=ORIENTED_EDGE('',*,*,#1965,.F.);
#3174=ORIENTED_EDGE('',*,*,#1954,.T.);
#3175=ORIENTED_EDGE('',*,*,#2207,.T.);
#3176=ORIENTED_EDGE('',*,*,#2208,.T.);
#3177=ORIENTED_EDGE('',*,*,#1953,.F.);
#3178=ORIENTED_EDGE('',*,*,#2211,.T.);
#3179=ORIENTED_EDGE('',*,*,#2209,.T.);
#3180=ORIENTED_EDGE('',*,*,#2211,.F.);
#3181=ORIENTED_EDGE('',*,*,#1952,.T.);
#3182=ORIENTED_EDGE('',*,*,#1961,.T.);
#3183=ORIENTED_EDGE('',*,*,#2212,.F.);
#3184=ORIENTED_EDGE('',*,*,#2200,.T.);
#3185=ORIENTED_EDGE('',*,*,#2210,.T.);
#3186=ORIENTED_EDGE('',*,*,#1959,.F.);
#3187=ORIENTED_EDGE('',*,*,#1958,.T.);
#3188=ORIENTED_EDGE('',*,*,#1950,.T.);
#3189=ORIENTED_EDGE('',*,*,#2213,.F.);
#3190=ORIENTED_EDGE('',*,*,#2213,.T.);
#3191=ORIENTED_EDGE('',*,*,#1957,.T.);
#3192=ORIENTED_EDGE('',*,*,#1964,.F.);
#3193=ORIENTED_EDGE('',*,*,#2202,.F.);
#3194=ORIENTED_EDGE('',*,*,#2111,.T.);
#3195=ORIENTED_EDGE('',*,*,#2109,.T.);
#3196=ORIENTED_EDGE('',*,*,#2107,.T.);
#3197=ORIENTED_EDGE('',*,*,#2105,.T.);
#3198=ORIENTED_EDGE('',*,*,#2103,.T.);
#3199=ORIENTED_EDGE('',*,*,#2101,.T.);
#3200=ORIENTED_EDGE('',*,*,#2099,.T.);
#3201=ORIENTED_EDGE('',*,*,#2097,.T.);
#3202=ORIENTED_EDGE('',*,*,#2095,.T.);
#3203=ORIENTED_EDGE('',*,*,#2093,.T.);
#3204=ORIENTED_EDGE('',*,*,#2091,.T.);
#3205=ORIENTED_EDGE('',*,*,#2089,.T.);
#3206=ORIENTED_EDGE('',*,*,#2087,.T.);
#3207=ORIENTED_EDGE('',*,*,#2085,.T.);
#3208=ORIENTED_EDGE('',*,*,#2083,.T.);
#3209=ORIENTED_EDGE('',*,*,#2081,.T.);
#3210=ORIENTED_EDGE('',*,*,#2079,.T.);
#3211=ORIENTED_EDGE('',*,*,#2077,.T.);
#3212=ORIENTED_EDGE('',*,*,#2075,.T.);
#3213=ORIENTED_EDGE('',*,*,#2073,.T.);
#3214=ORIENTED_EDGE('',*,*,#2071,.T.);
#3215=ORIENTED_EDGE('',*,*,#2069,.T.);
#3216=ORIENTED_EDGE('',*,*,#2067,.T.);
#3217=ORIENTED_EDGE('',*,*,#2065,.T.);
#3218=ORIENTED_EDGE('',*,*,#2063,.T.);
#3219=ORIENTED_EDGE('',*,*,#2061,.T.);
#3220=ORIENTED_EDGE('',*,*,#2059,.T.);
#3221=ORIENTED_EDGE('',*,*,#2057,.T.);
#3222=ORIENTED_EDGE('',*,*,#2055,.T.);
#3223=ORIENTED_EDGE('',*,*,#2053,.T.);
#3224=ORIENTED_EDGE('',*,*,#2051,.T.);
#3225=ORIENTED_EDGE('',*,*,#2049,.T.);
#3226=ORIENTED_EDGE('',*,*,#2046,.T.);
#3227=ORIENTED_EDGE('',*,*,#2198,.T.);
#3228=ORIENTED_EDGE('',*,*,#2196,.T.);
#3229=ORIENTED_EDGE('',*,*,#2194,.T.);
#3230=ORIENTED_EDGE('',*,*,#2192,.T.);
#3231=ORIENTED_EDGE('',*,*,#2190,.T.);
#3232=ORIENTED_EDGE('',*,*,#2188,.T.);
#3233=ORIENTED_EDGE('',*,*,#2186,.T.);
#3234=ORIENTED_EDGE('',*,*,#2184,.T.);
#3235=ORIENTED_EDGE('',*,*,#2182,.T.);
#3236=ORIENTED_EDGE('',*,*,#2180,.T.);
#3237=ORIENTED_EDGE('',*,*,#2178,.T.);
#3238=ORIENTED_EDGE('',*,*,#2176,.T.);
#3239=ORIENTED_EDGE('',*,*,#2174,.T.);
#3240=ORIENTED_EDGE('',*,*,#2172,.T.);
#3241=ORIENTED_EDGE('',*,*,#2170,.T.);
#3242=ORIENTED_EDGE('',*,*,#2168,.T.);
#3243=ORIENTED_EDGE('',*,*,#2166,.T.);
#3244=ORIENTED_EDGE('',*,*,#2164,.T.);
#3245=ORIENTED_EDGE('',*,*,#2162,.T.);
#3246=ORIENTED_EDGE('',*,*,#2160,.T.);
#3247=ORIENTED_EDGE('',*,*,#2158,.T.);
#3248=ORIENTED_EDGE('',*,*,#2156,.T.);
#3249=ORIENTED_EDGE('',*,*,#2154,.T.);
#3250=ORIENTED_EDGE('',*,*,#2152,.T.);
#3251=ORIENTED_EDGE('',*,*,#2150,.T.);
#3252=ORIENTED_EDGE('',*,*,#2148,.T.);
#3253=ORIENTED_EDGE('',*,*,#2146,.T.);
#3254=ORIENTED_EDGE('',*,*,#2144,.T.);
#3255=ORIENTED_EDGE('',*,*,#2142,.T.);
#3256=ORIENTED_EDGE('',*,*,#2140,.T.);
#3257=ORIENTED_EDGE('',*,*,#2138,.T.);
#3258=ORIENTED_EDGE('',*,*,#2136,.T.);
#3259=ORIENTED_EDGE('',*,*,#2134,.T.);
#3260=ORIENTED_EDGE('',*,*,#2132,.T.);
#3261=ORIENTED_EDGE('',*,*,#2130,.T.);
#3262=ORIENTED_EDGE('',*,*,#2128,.T.);
#3263=ORIENTED_EDGE('',*,*,#2126,.T.);
#3264=ORIENTED_EDGE('',*,*,#2124,.T.);
#3265=ORIENTED_EDGE('',*,*,#2122,.T.);
#3266=ORIENTED_EDGE('',*,*,#2120,.T.);
#3267=ORIENTED_EDGE('',*,*,#2118,.T.);
#3268=ORIENTED_EDGE('',*,*,#2116,.T.);
#3269=ORIENTED_EDGE('',*,*,#2113,.T.);
#3270=ORIENTED_EDGE('',*,*,#2201,.F.);
#3271=ORIENTED_EDGE('',*,*,#2212,.T.);
#3272=CYLINDRICAL_SURFACE('',#3539,7.9);
#3273=CYLINDRICAL_SURFACE('',#3545,0.5);
#3274=CYLINDRICAL_SURFACE('',#3582,4.79999999999936);
#3275=CYLINDRICAL_SURFACE('',#3585,0.20000000000001);
#3276=CYLINDRICAL_SURFACE('',#3588,0.200000000000001);
#3277=CYLINDRICAL_SURFACE('',#3591,4.79999999999791);
#3278=CYLINDRICAL_SURFACE('',#3594,0.20000000000001);
#3279=CYLINDRICAL_SURFACE('',#3597,0.200000000000003);
#3280=CYLINDRICAL_SURFACE('',#3600,4.79999999999977);
#3281=CYLINDRICAL_SURFACE('',#3603,0.20000000000001);
#3282=CYLINDRICAL_SURFACE('',#3606,0.5);
#3283=CYLINDRICAL_SURFACE('',#3609,0.499999999999998);
#3284=CYLINDRICAL_SURFACE('',#3612,0.200000000000001);
#3285=CYLINDRICAL_SURFACE('',#3615,4.80000000000052);
#3286=CYLINDRICAL_SURFACE('',#3618,0.200000000000007);
#3287=CYLINDRICAL_SURFACE('',#3621,0.200000000000001);
#3288=CYLINDRICAL_SURFACE('',#3624,4.79999999999924);
#3289=CYLINDRICAL_SURFACE('',#3627,0.200000000000007);
#3290=CYLINDRICAL_SURFACE('',#3630,0.2);
#3291=CYLINDRICAL_SURFACE('',#3633,4.79999999999918);
#3292=CYLINDRICAL_SURFACE('',#3636,0.200000000000007);
#3293=CYLINDRICAL_SURFACE('',#3639,0.200000000000004);
#3294=CYLINDRICAL_SURFACE('',#3642,4.79999999999932);
#3295=CYLINDRICAL_SURFACE('',#3645,0.200000000000012);
#3296=CYLINDRICAL_SURFACE('',#3648,0.2);
#3297=CYLINDRICAL_SURFACE('',#3651,4.799999999998);
#3298=CYLINDRICAL_SURFACE('',#3654,0.200000000000012);
#3299=CYLINDRICAL_SURFACE('',#3657,0.200000000000004);
#3300=CYLINDRICAL_SURFACE('',#3660,4.79999999999936);
#3301=CYLINDRICAL_SURFACE('',#3663,0.20000000000001);
#3302=CYLINDRICAL_SURFACE('',#3666,0.200000000000001);
#3303=CYLINDRICAL_SURFACE('',#3672,7.9);
#3304=CYLINDRICAL_SURFACE('',#3674,7.90800162068622);
#3305=CYLINDRICAL_SURFACE('',#3679,7.90000000000002);
#3306=CYLINDRICAL_SURFACE('',#3681,7.90000000000002);
#3307=CYLINDRICAL_SURFACE('',#3689,0.5);
#3308=CYLINDRICAL_SURFACE('',#3725,0.199999999999992);
#3309=CYLINDRICAL_SURFACE('',#3728,4.8);
#3310=CYLINDRICAL_SURFACE('',#3731,0.19999999999995);
#3311=CYLINDRICAL_SURFACE('',#3734,0.199999999999992);
#3312=CYLINDRICAL_SURFACE('',#3737,4.8);
#3313=CYLINDRICAL_SURFACE('',#3740,0.19999999999995);
#3314=CYLINDRICAL_SURFACE('',#3743,0.199999999999904);
#3315=CYLINDRICAL_SURFACE('',#3746,4.8);
#3316=CYLINDRICAL_SURFACE('',#3749,0.199999999999905);
#3317=CYLINDRICAL_SURFACE('',#3752,0.199999999999941);
#3318=CYLINDRICAL_SURFACE('',#3755,4.8);
#3319=CYLINDRICAL_SURFACE('',#3758,0.19999999999993);
#3320=CYLINDRICAL_SURFACE('',#3761,0.499999999999998);
#3321=CYLINDRICAL_SURFACE('',#3764,0.499999999999998);
#3322=CYLINDRICAL_SURFACE('',#3767,0.200000000000113);
#3323=CYLINDRICAL_SURFACE('',#3770,4.8);
#3324=CYLINDRICAL_SURFACE('',#3773,0.199999999999921);
#3325=CYLINDRICAL_SURFACE('',#3776,0.2);
#3326=CYLINDRICAL_SURFACE('',#3779,4.8);
#3327=CYLINDRICAL_SURFACE('',#3782,0.200000000000137);
#3328=CYLINDRICAL_SURFACE('',#3785,0.199999999999941);
#3329=CYLINDRICAL_SURFACE('',#3788,4.8);
#3330=CYLINDRICAL_SURFACE('',#3791,0.200000000000137);
#3331=CYLINDRICAL_SURFACE('',#3794,0.199999999999941);
#3332=CYLINDRICAL_SURFACE('',#3797,4.8);
#3333=CYLINDRICAL_SURFACE('',#3800,0.199999999999958);
#3334=CYLINDRICAL_SURFACE('',#3803,0.200000000000095);
#3335=CYLINDRICAL_SURFACE('',#3806,4.8);
#3336=CYLINDRICAL_SURFACE('',#3809,0.199999999999914);
#3337=CYLINDRICAL_SURFACE('',#3816,7.90000000000002);
#3338=CYLINDRICAL_SURFACE('',#3822,7.90000000000002);
#3339=CYLINDRICAL_SURFACE('',#3823,7.9);
#3340=CYLINDRICAL_SURFACE('',#3825,7.9);
#3341=CYLINDRICAL_SURFACE('',#3827,7.9);
#3342=ADVANCED_FACE('',(#201),#3272,.T.);
#3343=ADVANCED_FACE('',(#202),#125,.F.);
#3344=ADVANCED_FACE('',(#203),#126,.T.);
#3345=ADVANCED_FACE('',(#204),#3273,.T.);
#3346=ADVANCED_FACE('',(#205),#127,.T.);
#3347=ADVANCED_FACE('',(#206),#128,.T.);
#3348=ADVANCED_FACE('',(#207),#3274,.T.);
#3349=ADVANCED_FACE('',(#208),#17,.F.);
#3350=ADVANCED_FACE('',(#209),#129,.F.);
#3351=ADVANCED_FACE('',(#210),#3275,.F.);
#3352=ADVANCED_FACE('',(#211),#130,.F.);
#3353=ADVANCED_FACE('',(#212),#3276,.F.);
#3354=ADVANCED_FACE('',(#213),#131,.F.);
#3355=ADVANCED_FACE('',(#214),#18,.F.);
#3356=ADVANCED_FACE('',(#215),#3277,.T.);
#3357=ADVANCED_FACE('',(#216),#19,.F.);
#3358=ADVANCED_FACE('',(#217),#132,.F.);
#3359=ADVANCED_FACE('',(#218),#3278,.F.);
#3360=ADVANCED_FACE('',(#219),#133,.F.);
#3361=ADVANCED_FACE('',(#220),#3279,.F.);
#3362=ADVANCED_FACE('',(#221),#134,.F.);
#3363=ADVANCED_FACE('',(#222),#20,.F.);
#3364=ADVANCED_FACE('',(#223),#3280,.T.);
#3365=ADVANCED_FACE('',(#224),#21,.F.);
#3366=ADVANCED_FACE('',(#225),#135,.F.);
#3367=ADVANCED_FACE('',(#226),#3281,.F.);
#3368=ADVANCED_FACE('',(#227),#136,.F.);
#3369=ADVANCED_FACE('',(#228),#3282,.F.);
#3370=ADVANCED_FACE('',(#229),#137,.F.);
#3371=ADVANCED_FACE('',(#230),#3283,.T.);
#3372=ADVANCED_FACE('',(#231),#138,.F.);
#3373=ADVANCED_FACE('',(#232),#3284,.F.);
#3374=ADVANCED_FACE('',(#233),#139,.F.);
#3375=ADVANCED_FACE('',(#234),#22,.F.);
#3376=ADVANCED_FACE('',(#235),#3285,.T.);
#3377=ADVANCED_FACE('',(#236),#23,.F.);
#3378=ADVANCED_FACE('',(#237),#140,.F.);
#3379=ADVANCED_FACE('',(#238),#3286,.F.);
#3380=ADVANCED_FACE('',(#239),#141,.F.);
#3381=ADVANCED_FACE('',(#240),#3287,.F.);
#3382=ADVANCED_FACE('',(#241),#142,.F.);
#3383=ADVANCED_FACE('',(#242),#24,.F.);
#3384=ADVANCED_FACE('',(#243),#3288,.T.);
#3385=ADVANCED_FACE('',(#244),#25,.F.);
#3386=ADVANCED_FACE('',(#245),#143,.F.);
#3387=ADVANCED_FACE('',(#246),#3289,.F.);
#3388=ADVANCED_FACE('',(#247),#144,.F.);
#3389=ADVANCED_FACE('',(#248),#3290,.F.);
#3390=ADVANCED_FACE('',(#249),#145,.F.);
#3391=ADVANCED_FACE('',(#250),#26,.F.);
#3392=ADVANCED_FACE('',(#251),#3291,.T.);
#3393=ADVANCED_FACE('',(#252),#27,.F.);
#3394=ADVANCED_FACE('',(#253),#146,.F.);
#3395=ADVANCED_FACE('',(#254),#3292,.F.);
#3396=ADVANCED_FACE('',(#255),#147,.F.);
#3397=ADVANCED_FACE('',(#256),#3293,.F.);
#3398=ADVANCED_FACE('',(#257),#148,.F.);
#3399=ADVANCED_FACE('',(#258),#28,.F.);
#3400=ADVANCED_FACE('',(#259),#3294,.T.);
#3401=ADVANCED_FACE('',(#260),#29,.F.);
#3402=ADVANCED_FACE('',(#261),#149,.F.);
#3403=ADVANCED_FACE('',(#262),#3295,.F.);
#3404=ADVANCED_FACE('',(#263),#150,.F.);
#3405=ADVANCED_FACE('',(#264),#3296,.F.);
#3406=ADVANCED_FACE('',(#265),#151,.F.);
#3407=ADVANCED_FACE('',(#266),#30,.F.);
#3408=ADVANCED_FACE('',(#267),#3297,.T.);
#3409=ADVANCED_FACE('',(#268),#31,.F.);
#3410=ADVANCED_FACE('',(#269),#152,.F.);
#3411=ADVANCED_FACE('',(#270),#3298,.F.);
#3412=ADVANCED_FACE('',(#271),#153,.F.);
#3413=ADVANCED_FACE('',(#272),#3299,.F.);
#3414=ADVANCED_FACE('',(#273),#154,.F.);
#3415=ADVANCED_FACE('',(#274),#32,.F.);
#3416=ADVANCED_FACE('',(#275),#3300,.T.);
#3417=ADVANCED_FACE('',(#276),#33,.F.);
#3418=ADVANCED_FACE('',(#277),#155,.F.);
#3419=ADVANCED_FACE('',(#278),#3301,.F.);
#3420=ADVANCED_FACE('',(#279),#156,.F.);
#3421=ADVANCED_FACE('',(#280),#3302,.F.);
#3422=ADVANCED_FACE('',(#281),#157,.F.);
#3423=ADVANCED_FACE('',(#282),#34,.F.);
#3424=ADVANCED_FACE('',(#283),#158,.F.);
#3425=ADVANCED_FACE('',(#284),#159,.T.);
#3426=ADVANCED_FACE('',(#285),#3303,.F.);
#3427=ADVANCED_FACE('',(#286),#3304,.F.);
#3428=ADVANCED_FACE('',(#287),#160,.T.);
#3429=ADVANCED_FACE('',(#288),#161,.F.);
#3430=ADVANCED_FACE('',(#289),#3305,.T.);
#3431=ADVANCED_FACE('',(#290),#3306,.T.);
#3432=ADVANCED_FACE('',(#291),#162,.T.);
#3433=ADVANCED_FACE('',(#292),#163,.F.);
#3434=ADVANCED_FACE('',(#293),#164,.T.);
#3435=ADVANCED_FACE('',(#294),#3307,.T.);
#3436=ADVANCED_FACE('',(#295),#165,.T.);
#3437=ADVANCED_FACE('',(#296),#166,.F.);
#3438=ADVANCED_FACE('',(#297),#3308,.F.);
#3439=ADVANCED_FACE('',(#298),#167,.F.);
#3440=ADVANCED_FACE('',(#299),#35,.F.);
#3441=ADVANCED_FACE('',(#300),#3309,.T.);
#3442=ADVANCED_FACE('',(#301),#36,.F.);
#3443=ADVANCED_FACE('',(#302),#168,.F.);
#3444=ADVANCED_FACE('',(#303),#3310,.F.);
#3445=ADVANCED_FACE('',(#304),#169,.F.);
#3446=ADVANCED_FACE('',(#305),#3311,.F.);
#3447=ADVANCED_FACE('',(#306),#170,.F.);
#3448=ADVANCED_FACE('',(#307),#37,.F.);
#3449=ADVANCED_FACE('',(#308),#3312,.T.);
#3450=ADVANCED_FACE('',(#309),#38,.F.);
#3451=ADVANCED_FACE('',(#310),#171,.F.);
#3452=ADVANCED_FACE('',(#311),#3313,.F.);
#3453=ADVANCED_FACE('',(#312),#172,.F.);
#3454=ADVANCED_FACE('',(#313),#3314,.F.);
#3455=ADVANCED_FACE('',(#314),#173,.F.);
#3456=ADVANCED_FACE('',(#315),#39,.F.);
#3457=ADVANCED_FACE('',(#316),#3315,.T.);
#3458=ADVANCED_FACE('',(#317),#40,.F.);
#3459=ADVANCED_FACE('',(#318),#174,.F.);
#3460=ADVANCED_FACE('',(#319),#3316,.F.);
#3461=ADVANCED_FACE('',(#320),#175,.F.);
#3462=ADVANCED_FACE('',(#321),#3317,.F.);
#3463=ADVANCED_FACE('',(#322),#176,.F.);
#3464=ADVANCED_FACE('',(#323),#41,.F.);
#3465=ADVANCED_FACE('',(#324),#3318,.T.);
#3466=ADVANCED_FACE('',(#325),#42,.F.);
#3467=ADVANCED_FACE('',(#326),#177,.F.);
#3468=ADVANCED_FACE('',(#327),#3319,.F.);
#3469=ADVANCED_FACE('',(#328),#178,.F.);
#3470=ADVANCED_FACE('',(#329),#3320,.T.);
#3471=ADVANCED_FACE('',(#330),#179,.F.);
#3472=ADVANCED_FACE('',(#331),#3321,.F.);
#3473=ADVANCED_FACE('',(#332),#180,.F.);
#3474=ADVANCED_FACE('',(#333),#3322,.F.);
#3475=ADVANCED_FACE('',(#334),#181,.F.);
#3476=ADVANCED_FACE('',(#335),#43,.F.);
#3477=ADVANCED_FACE('',(#336),#3323,.T.);
#3478=ADVANCED_FACE('',(#337),#44,.F.);
#3479=ADVANCED_FACE('',(#338),#182,.F.);
#3480=ADVANCED_FACE('',(#339),#3324,.F.);
#3481=ADVANCED_FACE('',(#340),#183,.F.);
#3482=ADVANCED_FACE('',(#341),#3325,.F.);
#3483=ADVANCED_FACE('',(#342),#184,.F.);
#3484=ADVANCED_FACE('',(#343),#45,.F.);
#3485=ADVANCED_FACE('',(#344),#3326,.T.);
#3486=ADVANCED_FACE('',(#345),#46,.F.);
#3487=ADVANCED_FACE('',(#346),#185,.F.);
#3488=ADVANCED_FACE('',(#347),#3327,.F.);
#3489=ADVANCED_FACE('',(#348),#186,.F.);
#3490=ADVANCED_FACE('',(#349),#3328,.F.);
#3491=ADVANCED_FACE('',(#350),#187,.F.);
#3492=ADVANCED_FACE('',(#351),#47,.F.);
#3493=ADVANCED_FACE('',(#352),#3329,.T.);
#3494=ADVANCED_FACE('',(#353),#48,.F.);
#3495=ADVANCED_FACE('',(#354),#188,.F.);
#3496=ADVANCED_FACE('',(#355),#3330,.F.);
#3497=ADVANCED_FACE('',(#356),#189,.F.);
#3498=ADVANCED_FACE('',(#357),#3331,.F.);
#3499=ADVANCED_FACE('',(#358),#190,.F.);
#3500=ADVANCED_FACE('',(#359),#49,.F.);
#3501=ADVANCED_FACE('',(#360),#3332,.T.);
#3502=ADVANCED_FACE('',(#361),#50,.F.);
#3503=ADVANCED_FACE('',(#362),#191,.F.);
#3504=ADVANCED_FACE('',(#363),#3333,.F.);
#3505=ADVANCED_FACE('',(#364),#192,.F.);
#3506=ADVANCED_FACE('',(#365),#3334,.F.);
#3507=ADVANCED_FACE('',(#366),#193,.F.);
#3508=ADVANCED_FACE('',(#367),#51,.F.);
#3509=ADVANCED_FACE('',(#368),#3335,.T.);
#3510=ADVANCED_FACE('',(#369),#52,.F.);
#3511=ADVANCED_FACE('',(#370),#194,.F.);
#3512=ADVANCED_FACE('',(#371),#3336,.F.);
#3513=ADVANCED_FACE('',(#372),#195,.T.);
#3514=ADVANCED_FACE('',(#373),#196,.T.);
#3515=ADVANCED_FACE('',(#374),#197,.F.);
#3516=ADVANCED_FACE('',(#375),#3337,.T.);
#3517=ADVANCED_FACE('',(#376),#198,.F.);
#3518=ADVANCED_FACE('',(#377),#3338,.T.);
#3519=ADVANCED_FACE('',(#378),#3339,.F.);
#3520=ADVANCED_FACE('',(#379),#199,.T.);
#3521=ADVANCED_FACE('',(#380),#3340,.F.);
#3522=ADVANCED_FACE('',(#381),#3341,.T.);
#3523=ADVANCED_FACE('',(#382),#200,.F.);
#3524=CLOSED_SHELL('',(#3342,#3343,#3344,#3345,#3346,#3347,#3348,#3349,
#3350,#3351,#3352,#3353,#3354,#3355,#3356,#3357,#3358,#3359,#3360,#3361,
#3362,#3363,#3364,#3365,#3366,#3367,#3368,#3369,#3370,#3371,#3372,#3373,
#3374,#3375,#3376,#3377,#3378,#3379,#3380,#3381,#3382,#3383,#3384,#3385,
#3386,#3387,#3388,#3389,#3390,#3391,#3392,#3393,#3394,#3395,#3396,#3397,
#3398,#3399,#3400,#3401,#3402,#3403,#3404,#3405,#3406,#3407,#3408,#3409,
#3410,#3411,#3412,#3413,#3414,#3415,#3416,#3417,#3418,#3419,#3420,#3421,
#3422,#3423,#3424,#3425,#3426,#3427,#3428,#3429,#3430,#3431,#3432));
#3525=CLOSED_SHELL('',(#3433,#3434,#3435,#3436,#3437,#3438,#3439,#3440,
#3441,#3442,#3443,#3444,#3445,#3446,#3447,#3448,#3449,#3450,#3451,#3452,
#3453,#3454,#3455,#3456,#3457,#3458,#3459,#3460,#3461,#3462,#3463,#3464,
#3465,#3466,#3467,#3468,#3469,#3470,#3471,#3472,#3473,#3474,#3475,#3476,
#3477,#3478,#3479,#3480,#3481,#3482,#3483,#3484,#3485,#3486,#3487,#3488,
#3489,#3490,#3491,#3492,#3493,#3494,#3495,#3496,#3497,#3498,#3499,#3500,
#3501,#3502,#3503,#3504,#3505,#3506,#3507,#3508,#3509,#3510,#3511,#3512,
#3513,#3514,#3515,#3516,#3517,#3518,#3519,#3520,#3521,#3522,#3523));
#3526=DERIVED_UNIT_ELEMENT(#3528,1.);
#3527=DERIVED_UNIT_ELEMENT(#6968,-3.);
#3528=(
MASS_UNIT()
NAMED_UNIT(*)
SI_UNIT(.KILO.,.GRAM.)
);
#3529=DERIVED_UNIT((#3526,#3527));
#3530=MEASURE_REPRESENTATION_ITEM('density measure',
POSITIVE_RATIO_MEASURE(7850.),#3529);
#3531=PROPERTY_DEFINITION_REPRESENTATION(#3536,#3533);
#3532=PROPERTY_DEFINITION_REPRESENTATION(#3537,#3534);
#3533=REPRESENTATION('material name',(#3535),#6965);
#3534=REPRESENTATION('density',(#3530),#6965);
#3535=DESCRIPTIVE_REPRESENTATION_ITEM('Steel','Steel');
#3536=PROPERTY_DEFINITION('material property','material name',#6975);
#3537=PROPERTY_DEFINITION('material property','density of part',#6975);
#3538=AXIS2_PLACEMENT_3D('',#4726,#3830,#3831);
#3539=AXIS2_PLACEMENT_3D('',#4727,#3832,#3833);
#3540=AXIS2_PLACEMENT_3D('',#4730,#3834,#3835);
#3541=AXIS2_PLACEMENT_3D('',#4733,#3837,#3838);
#3542=AXIS2_PLACEMENT_3D('',#4734,#3839,#3840);
#3543=AXIS2_PLACEMENT_3D('',#4742,#3844,#3845);
#3544=AXIS2_PLACEMENT_3D('',#4746,#3848,#3849);
#3545=AXIS2_PLACEMENT_3D('',#4752,#3853,#3854);
#3546=AXIS2_PLACEMENT_3D('',#4754,#3855,#3856);
#3547=AXIS2_PLACEMENT_3D('',#4757,#3858,#3859);
#3548=AXIS2_PLACEMENT_3D('',#4758,#3860,#3861);
#3549=AXIS2_PLACEMENT_3D('',#4764,#3864,#3865);
#3550=AXIS2_PLACEMENT_3D('',#4779,#3867,#3868);
#3551=AXIS2_PLACEMENT_3D('',#4794,#3870,#3871);
#3552=AXIS2_PLACEMENT_3D('',#4798,#3873,#3874);
#3553=AXIS2_PLACEMENT_3D('',#4813,#3876,#3877);
#3554=AXIS2_PLACEMENT_3D('',#4828,#3879,#3880);
#3555=AXIS2_PLACEMENT_3D('',#4832,#3882,#3883);
#3556=AXIS2_PLACEMENT_3D('',#4847,#3885,#3886);
#3557=AXIS2_PLACEMENT_3D('',#4862,#3888,#3889);
#3558=AXIS2_PLACEMENT_3D('',#4866,#3891,#3892);
#3559=AXIS2_PLACEMENT_3D('',#4881,#3894,#3895);
#3560=AXIS2_PLACEMENT_3D('',#4896,#3897,#3898);
#3561=AXIS2_PLACEMENT_3D('',#4900,#3900,#3901);
#3562=AXIS2_PLACEMENT_3D('',#4915,#3903,#3904);
#3563=AXIS2_PLACEMENT_3D('',#4930,#3906,#3907);
#3564=AXIS2_PLACEMENT_3D('',#4934,#3909,#3910);
#3565=AXIS2_PLACEMENT_3D('',#4949,#3912,#3913);
#3566=AXIS2_PLACEMENT_3D('',#4964,#3915,#3916);
#3567=AXIS2_PLACEMENT_3D('',#4968,#3918,#3919);
#3568=AXIS2_PLACEMENT_3D('',#4983,#3921,#3922);
#3569=AXIS2_PLACEMENT_3D('',#4998,#3924,#3925);
#3570=AXIS2_PLACEMENT_3D('',#5002,#3927,#3928);
#3571=AXIS2_PLACEMENT_3D('',#5017,#3930,#3931);
#3572=AXIS2_PLACEMENT_3D('',#5032,#3933,#3934);
#3573=AXIS2_PLACEMENT_3D('',#5036,#3936,#3937);
#3574=AXIS2_PLACEMENT_3D('',#5051,#3939,#3940);
#3575=AXIS2_PLACEMENT_3D('',#5066,#3942,#3943);
#3576=AXIS2_PLACEMENT_3D('',#5070,#3945,#3946);
#3577=AXIS2_PLACEMENT_3D('',#5074,#3948,#3949);
#3578=AXIS2_PLACEMENT_3D('',#5078,#3951,#3952);
#3579=AXIS2_PLACEMENT_3D('',#5082,#3954,#3955);
#3580=AXIS2_PLACEMENT_3D('',#5085,#3957,#3958);
#3581=AXIS2_PLACEMENT_3D('',#5086,#3959,#3960);
#3582=AXIS2_PLACEMENT_3D('',#5090,#3963,#3964);
#3583=AXIS2_PLACEMENT_3D('',#5093,#3965,#3966);
#3584=AXIS2_PLACEMENT_3D('',#5124,#3970,#3971);
#3585=AXIS2_PLACEMENT_3D('',#5128,#3974,#3975);
#3586=AXIS2_PLACEMENT_3D('',#5130,#3976,#3977);
#3587=AXIS2_PLACEMENT_3D('',#5132,#3979,#3980);
#3588=AXIS2_PLACEMENT_3D('',#5136,#3983,#3984);
#3589=AXIS2_PLACEMENT_3D('',#5138,#3985,#3986);
#3590=AXIS2_PLACEMENT_3D('',#5140,#3988,#3989);
#3591=AXIS2_PLACEMENT_3D('',#5172,#3993,#3994);
#3592=AXIS2_PLACEMENT_3D('',#5174,#3995,#3996);
#3593=AXIS2_PLACEMENT_3D('',#5204,#3999,#4000);
#3594=AXIS2_PLACEMENT_3D('',#5208,#4003,#4004);
#3595=AXIS2_PLACEMENT_3D('',#5210,#4005,#4006);
#3596=AXIS2_PLACEMENT_3D('',#5212,#4008,#4009);
#3597=AXIS2_PLACEMENT_3D('',#5216,#4012,#4013);
#3598=AXIS2_PLACEMENT_3D('',#5218,#4014,#4015);
#3599=AXIS2_PLACEMENT_3D('',#5220,#4017,#4018);
#3600=AXIS2_PLACEMENT_3D('',#5252,#4022,#4023);
#3601=AXIS2_PLACEMENT_3D('',#5254,#4024,#4025);
#3602=AXIS2_PLACEMENT_3D('',#5284,#4028,#4029);
#3603=AXIS2_PLACEMENT_3D('',#5288,#4032,#4033);
#3604=AXIS2_PLACEMENT_3D('',#5290,#4034,#4035);
#3605=AXIS2_PLACEMENT_3D('',#5292,#4037,#4038);
#3606=AXIS2_PLACEMENT_3D('',#5296,#4041,#4042);
#3607=AXIS2_PLACEMENT_3D('',#5298,#4043,#4044);
#3608=AXIS2_PLACEMENT_3D('',#5300,#4046,#4047);
#3609=AXIS2_PLACEMENT_3D('',#5304,#4050,#4051);
#3610=AXIS2_PLACEMENT_3D('',#5306,#4052,#4053);
#3611=AXIS2_PLACEMENT_3D('',#5308,#4055,#4056);
#3612=AXIS2_PLACEMENT_3D('',#5312,#4059,#4060);
#3613=AXIS2_PLACEMENT_3D('',#5314,#4061,#4062);
#3614=AXIS2_PLACEMENT_3D('',#5316,#4064,#4065);
#3615=AXIS2_PLACEMENT_3D('',#5348,#4069,#4070);
#3616=AXIS2_PLACEMENT_3D('',#5350,#4071,#4072);
#3617=AXIS2_PLACEMENT_3D('',#5380,#4075,#4076);
#3618=AXIS2_PLACEMENT_3D('',#5384,#4079,#4080);
#3619=AXIS2_PLACEMENT_3D('',#5386,#4081,#4082);
#3620=AXIS2_PLACEMENT_3D('',#5388,#4084,#4085);
#3621=AXIS2_PLACEMENT_3D('',#5392,#4088,#4089);
#3622=AXIS2_PLACEMENT_3D('',#5394,#4090,#4091);
#3623=AXIS2_PLACEMENT_3D('',#5396,#4093,#4094);
#3624=AXIS2_PLACEMENT_3D('',#5428,#4098,#4099);
#3625=AXIS2_PLACEMENT_3D('',#5430,#4100,#4101);
#3626=AXIS2_PLACEMENT_3D('',#5460,#4104,#4105);
#3627=AXIS2_PLACEMENT_3D('',#5464,#4108,#4109);
#3628=AXIS2_PLACEMENT_3D('',#5466,#4110,#4111);
#3629=AXIS2_PLACEMENT_3D('',#5468,#4113,#4114);
#3630=AXIS2_PLACEMENT_3D('',#5472,#4117,#4118);
#3631=AXIS2_PLACEMENT_3D('',#5474,#4119,#4120);
#3632=AXIS2_PLACEMENT_3D('',#5476,#4122,#4123);
#3633=AXIS2_PLACEMENT_3D('',#5508,#4127,#4128);
#3634=AXIS2_PLACEMENT_3D('',#5510,#4129,#4130);
#3635=AXIS2_PLACEMENT_3D('',#5540,#4133,#4134);
#3636=AXIS2_PLACEMENT_3D('',#5544,#4137,#4138);
#3637=AXIS2_PLACEMENT_3D('',#5546,#4139,#4140);
#3638=AXIS2_PLACEMENT_3D('',#5548,#4142,#4143);
#3639=AXIS2_PLACEMENT_3D('',#5552,#4146,#4147);
#3640=AXIS2_PLACEMENT_3D('',#5554,#4148,#4149);
#3641=AXIS2_PLACEMENT_3D('',#5556,#4151,#4152);
#3642=AXIS2_PLACEMENT_3D('',#5588,#4156,#4157);
#3643=AXIS2_PLACEMENT_3D('',#5590,#4158,#4159);
#3644=AXIS2_PLACEMENT_3D('',#5620,#4162,#4163);
#3645=AXIS2_PLACEMENT_3D('',#5624,#4166,#4167);
#3646=AXIS2_PLACEMENT_3D('',#5626,#4168,#4169);
#3647=AXIS2_PLACEMENT_3D('',#5628,#4171,#4172);
#3648=AXIS2_PLACEMENT_3D('',#5632,#4175,#4176);
#3649=AXIS2_PLACEMENT_3D('',#5634,#4177,#4178);
#3650=AXIS2_PLACEMENT_3D('',#5636,#4180,#4181);
#3651=AXIS2_PLACEMENT_3D('',#5668,#4185,#4186);
#3652=AXIS2_PLACEMENT_3D('',#5670,#4187,#4188);
#3653=AXIS2_PLACEMENT_3D('',#5700,#4191,#4192);
#3654=AXIS2_PLACEMENT_3D('',#5704,#4195,#4196);
#3655=AXIS2_PLACEMENT_3D('',#5706,#4197,#4198);
#3656=AXIS2_PLACEMENT_3D('',#5708,#4200,#4201);
#3657=AXIS2_PLACEMENT_3D('',#5712,#4204,#4205);
#3658=AXIS2_PLACEMENT_3D('',#5714,#4206,#4207);
#3659=AXIS2_PLACEMENT_3D('',#5716,#4209,#4210);
#3660=AXIS2_PLACEMENT_3D('',#5748,#4214,#4215);
#3661=AXIS2_PLACEMENT_3D('',#5750,#4216,#4217);
#3662=AXIS2_PLACEMENT_3D('',#5780,#4220,#4221);
#3663=AXIS2_PLACEMENT_3D('',#5784,#4224,#4225);
#3664=AXIS2_PLACEMENT_3D('',#5786,#4226,#4227);
#3665=AXIS2_PLACEMENT_3D('',#5788,#4229,#4230);
#3666=AXIS2_PLACEMENT_3D('',#5792,#4233,#4234);
#3667=AXIS2_PLACEMENT_3D('',#5794,#4235,#4236);
#3668=AXIS2_PLACEMENT_3D('',#5796,#4238,#4239);
#3669=AXIS2_PLACEMENT_3D('',#5826,#4242,#4243);
#3670=AXIS2_PLACEMENT_3D('',#5828,#4244,#4245);
#3671=AXIS2_PLACEMENT_3D('',#5830,#4247,#4248);
#3672=AXIS2_PLACEMENT_3D('',#5834,#4251,#4252);
#3673=AXIS2_PLACEMENT_3D('',#5835,#4253,#4254);
#3674=AXIS2_PLACEMENT_3D('',#5836,#4255,#4256);
#3675=AXIS2_PLACEMENT_3D('',#5838,#4258,#4259);
#3676=AXIS2_PLACEMENT_3D('',#5842,#4262,#4263);
#3677=AXIS2_PLACEMENT_3D('',#5846,#4265,#4266);
#3678=AXIS2_PLACEMENT_3D('',#5847,#4267,#4268);
#3679=AXIS2_PLACEMENT_3D('',#5848,#4269,#4270);
#3680=AXIS2_PLACEMENT_3D('',#5849,#4271,#4272);
#3681=AXIS2_PLACEMENT_3D('',#5850,#4273,#4274);
#3682=AXIS2_PLACEMENT_3D('',#5851,#4275,#4276);
#3683=AXIS2_PLACEMENT_3D('',#5852,#4277,#4278);
#3684=AXIS2_PLACEMENT_3D('',#5853,#4279,#4280);
#3685=AXIS2_PLACEMENT_3D('',#5856,#4281,#4282);
#3686=AXIS2_PLACEMENT_3D('',#5862,#4285,#4286);
#3687=AXIS2_PLACEMENT_3D('',#5864,#4287,#4288);
#3688=AXIS2_PLACEMENT_3D('',#5870,#4292,#4293);
#3689=AXIS2_PLACEMENT_3D('',#5878,#4298,#4299);
#3690=AXIS2_PLACEMENT_3D('',#5880,#4300,#4301);
#3691=AXIS2_PLACEMENT_3D('',#5883,#4303,#4304);
#3692=AXIS2_PLACEMENT_3D('',#5884,#4305,#4306);
#3693=AXIS2_PLACEMENT_3D('',#5886,#4307,#4308);
#3694=AXIS2_PLACEMENT_3D('',#5890,#4310,#4311);
#3695=AXIS2_PLACEMENT_3D('',#5894,#4313,#4314);
#3696=AXIS2_PLACEMENT_3D('',#5898,#4316,#4317);
#3697=AXIS2_PLACEMENT_3D('',#5902,#4319,#4320);
#3698=AXIS2_PLACEMENT_3D('',#5917,#4322,#4323);
#3699=AXIS2_PLACEMENT_3D('',#5932,#4325,#4326);
#3700=AXIS2_PLACEMENT_3D('',#5936,#4328,#4329);
#3701=AXIS2_PLACEMENT_3D('',#5951,#4331,#4332);
#3702=AXIS2_PLACEMENT_3D('',#5966,#4334,#4335);
#3703=AXIS2_PLACEMENT_3D('',#5970,#4337,#4338);
#3704=AXIS2_PLACEMENT_3D('',#5985,#4340,#4341);
#3705=AXIS2_PLACEMENT_3D('',#6000,#4343,#4344);
#3706=AXIS2_PLACEMENT_3D('',#6004,#4346,#4347);
#3707=AXIS2_PLACEMENT_3D('',#6019,#4349,#4350);
#3708=AXIS2_PLACEMENT_3D('',#6030,#4352,#4353);
#3709=AXIS2_PLACEMENT_3D('',#6034,#4355,#4356);
#3710=AXIS2_PLACEMENT_3D('',#6049,#4358,#4359);
#3711=AXIS2_PLACEMENT_3D('',#6060,#4361,#4362);
#3712=AXIS2_PLACEMENT_3D('',#6064,#4364,#4365);
#3713=AXIS2_PLACEMENT_3D('',#6077,#4367,#4368);
#3714=AXIS2_PLACEMENT_3D('',#6092,#4370,#4371);
#3715=AXIS2_PLACEMENT_3D('',#6096,#4373,#4374);
#3716=AXIS2_PLACEMENT_3D('',#6111,#4376,#4377);
#3717=AXIS2_PLACEMENT_3D('',#6122,#4379,#4380);
#3718=AXIS2_PLACEMENT_3D('',#6126,#4382,#4383);
#3719=AXIS2_PLACEMENT_3D('',#6141,#4385,#4386);
#3720=AXIS2_PLACEMENT_3D('',#6156,#4388,#4389);
#3721=AXIS2_PLACEMENT_3D('',#6160,#4391,#4392);
#3722=AXIS2_PLACEMENT_3D('',#6175,#4394,#4395);
#3723=AXIS2_PLACEMENT_3D('',#6190,#4397,#4398);
#3724=AXIS2_PLACEMENT_3D('',#6194,#4401,#4402);
#3725=AXIS2_PLACEMENT_3D('',#6200,#4406,#4407);
#3726=AXIS2_PLACEMENT_3D('',#6202,#4408,#4409);
#3727=AXIS2_PLACEMENT_3D('',#6204,#4411,#4412);
#3728=AXIS2_PLACEMENT_3D('',#6236,#4416,#4417);
#3729=AXIS2_PLACEMENT_3D('',#6238,#4418,#4419);
#3730=AXIS2_PLACEMENT_3D('',#6268,#4422,#4423);
#3731=AXIS2_PLACEMENT_3D('',#6272,#4426,#4427);
#3732=AXIS2_PLACEMENT_3D('',#6274,#4428,#4429);
#3733=AXIS2_PLACEMENT_3D('',#6276,#4431,#4432);
#3734=AXIS2_PLACEMENT_3D('',#6280,#4435,#4436);
#3735=AXIS2_PLACEMENT_3D('',#6282,#4437,#4438);
#3736=AXIS2_PLACEMENT_3D('',#6284,#4440,#4441);
#3737=AXIS2_PLACEMENT_3D('',#6316,#4445,#4446);
#3738=AXIS2_PLACEMENT_3D('',#6318,#4447,#4448);
#3739=AXIS2_PLACEMENT_3D('',#6348,#4451,#4452);
#3740=AXIS2_PLACEMENT_3D('',#6352,#4455,#4456);
#3741=AXIS2_PLACEMENT_3D('',#6354,#4457,#4458);
#3742=AXIS2_PLACEMENT_3D('',#6356,#4460,#4461);
#3743=AXIS2_PLACEMENT_3D('',#6360,#4464,#4465);
#3744=AXIS2_PLACEMENT_3D('',#6362,#4466,#4467);
#3745=AXIS2_PLACEMENT_3D('',#6364,#4469,#4470);
#3746=AXIS2_PLACEMENT_3D('',#6396,#4474,#4475);
#3747=AXIS2_PLACEMENT_3D('',#6398,#4476,#4477);
#3748=AXIS2_PLACEMENT_3D('',#6428,#4480,#4481);
#3749=AXIS2_PLACEMENT_3D('',#6432,#4484,#4485);
#3750=AXIS2_PLACEMENT_3D('',#6434,#4486,#4487);
#3751=AXIS2_PLACEMENT_3D('',#6436,#4489,#4490);
#3752=AXIS2_PLACEMENT_3D('',#6440,#4493,#4494);
#3753=AXIS2_PLACEMENT_3D('',#6442,#4495,#4496);
#3754=AXIS2_PLACEMENT_3D('',#6444,#4498,#4499);
#3755=AXIS2_PLACEMENT_3D('',#6476,#4503,#4504);
#3756=AXIS2_PLACEMENT_3D('',#6478,#4505,#4506);
#3757=AXIS2_PLACEMENT_3D('',#6508,#4509,#4510);
#3758=AXIS2_PLACEMENT_3D('',#6512,#4513,#4514);
#3759=AXIS2_PLACEMENT_3D('',#6514,#4515,#4516);
#3760=AXIS2_PLACEMENT_3D('',#6516,#4518,#4519);
#3761=AXIS2_PLACEMENT_3D('',#6520,#4522,#4523);
#3762=AXIS2_PLACEMENT_3D('',#6523,#4524,#4525);
#3763=AXIS2_PLACEMENT_3D('',#6526,#4528,#4529);
#3764=AXIS2_PLACEMENT_3D('',#6530,#4532,#4533);
#3765=AXIS2_PLACEMENT_3D('',#6532,#4534,#4535);
#3766=AXIS2_PLACEMENT_3D('',#6534,#4537,#4538);
#3767=AXIS2_PLACEMENT_3D('',#6538,#4541,#4542);
#3768=AXIS2_PLACEMENT_3D('',#6540,#4543,#4544);
#3769=AXIS2_PLACEMENT_3D('',#6542,#4546,#4547);
#3770=AXIS2_PLACEMENT_3D('',#6574,#4551,#4552);
#3771=AXIS2_PLACEMENT_3D('',#6576,#4553,#4554);
#3772=AXIS2_PLACEMENT_3D('',#6606,#4557,#4558);
#3773=AXIS2_PLACEMENT_3D('',#6610,#4561,#4562);
#3774=AXIS2_PLACEMENT_3D('',#6612,#4563,#4564);
#3775=AXIS2_PLACEMENT_3D('',#6614,#4566,#4567);
#3776=AXIS2_PLACEMENT_3D('',#6618,#4570,#4571);
#3777=AXIS2_PLACEMENT_3D('',#6620,#4572,#4573);
#3778=AXIS2_PLACEMENT_3D('',#6622,#4575,#4576);
#3779=AXIS2_PLACEMENT_3D('',#6654,#4580,#4581);
#3780=AXIS2_PLACEMENT_3D('',#6656,#4582,#4583);
#3781=AXIS2_PLACEMENT_3D('',#6686,#4586,#4587);
#3782=AXIS2_PLACEMENT_3D('',#6690,#4590,#4591);
#3783=AXIS2_PLACEMENT_3D('',#6692,#4592,#4593);
#3784=AXIS2_PLACEMENT_3D('',#6694,#4595,#4596);
#3785=AXIS2_PLACEMENT_3D('',#6698,#4599,#4600);
#3786=AXIS2_PLACEMENT_3D('',#6700,#4601,#4602);
#3787=AXIS2_PLACEMENT_3D('',#6702,#4604,#4605);
#3788=AXIS2_PLACEMENT_3D('',#6734,#4609,#4610);
#3789=AXIS2_PLACEMENT_3D('',#6736,#4611,#4612);
#3790=AXIS2_PLACEMENT_3D('',#6766,#4615,#4616);
#3791=AXIS2_PLACEMENT_3D('',#6770,#4619,#4620);
#3792=AXIS2_PLACEMENT_3D('',#6772,#4621,#4622);
#3793=AXIS2_PLACEMENT_3D('',#6774,#4624,#4625);
#3794=AXIS2_PLACEMENT_3D('',#6778,#4628,#4629);
#3795=AXIS2_PLACEMENT_3D('',#6780,#4630,#4631);
#3796=AXIS2_PLACEMENT_3D('',#6782,#4633,#4634);
#3797=AXIS2_PLACEMENT_3D('',#6814,#4638,#4639);
#3798=AXIS2_PLACEMENT_3D('',#6816,#4640,#4641);
#3799=AXIS2_PLACEMENT_3D('',#6846,#4644,#4645);
#3800=AXIS2_PLACEMENT_3D('',#6850,#4648,#4649);
#3801=AXIS2_PLACEMENT_3D('',#6852,#4650,#4651);
#3802=AXIS2_PLACEMENT_3D('',#6854,#4653,#4654);
#3803=AXIS2_PLACEMENT_3D('',#6858,#4657,#4658);
#3804=AXIS2_PLACEMENT_3D('',#6860,#4659,#4660);
#3805=AXIS2_PLACEMENT_3D('',#6862,#4662,#4663);
#3806=AXIS2_PLACEMENT_3D('',#6894,#4667,#4668);
#3807=AXIS2_PLACEMENT_3D('',#6896,#4669,#4670);
#3808=AXIS2_PLACEMENT_3D('',#6926,#4673,#4674);
#3809=AXIS2_PLACEMENT_3D('',#6930,#4677,#4678);
#3810=AXIS2_PLACEMENT_3D('',#6931,#4679,#4680);
#3811=AXIS2_PLACEMENT_3D('',#6932,#4681,#4682);
#3812=AXIS2_PLACEMENT_3D('',#6938,#4686,#4687);
#3813=AXIS2_PLACEMENT_3D('',#6940,#4689,#4690);
#3814=AXIS2_PLACEMENT_3D('',#6942,#4691,#4692);
#3815=AXIS2_PLACEMENT_3D('',#6945,#4694,#4695);
#3816=AXIS2_PLACEMENT_3D('',#6946,#4696,#4697);
#3817=AXIS2_PLACEMENT_3D('',#6947,#4698,#4699);
#3818=AXIS2_PLACEMENT_3D('',#6948,#4700,#4701);
#3819=AXIS2_PLACEMENT_3D('',#6949,#4702,#4703);
#3820=AXIS2_PLACEMENT_3D('',#6951,#4704,#4705);
#3821=AXIS2_PLACEMENT_3D('',#6953,#4707,#4708);
#3822=AXIS2_PLACEMENT_3D('',#6954,#4709,#4710);
#3823=AXIS2_PLACEMENT_3D('',#6955,#4711,#4712);
#3824=AXIS2_PLACEMENT_3D('',#6957,#4714,#4715);
#3825=AXIS2_PLACEMENT_3D('',#6958,#4716,#4717);
#3826=AXIS2_PLACEMENT_3D('',#6959,#4718,#4719);
#3827=AXIS2_PLACEMENT_3D('',#6960,#4720,#4721);
#3828=AXIS2_PLACEMENT_3D('',#6961,#4722,#4723);
#3829=AXIS2_PLACEMENT_3D('',#6962,#4724,#4725);
#3830=DIRECTION('axis',(0.,0.,1.));
#3831=DIRECTION('refdir',(1.,0.,0.));
#3832=DIRECTION('center_axis',(0.,0.,-1.));
#3833=DIRECTION('ref_axis',(-0.995721499355087,0.0924050632923214,0.));
#3834=DIRECTION('center_axis',(0.,0.707106781186326,-0.707106781186769));
#3835=DIRECTION('ref_axis',(6.21080877644093E-17,0.70710678118677,0.707106781186326));
#3836=DIRECTION('',(0.,0.,-1.));
#3837=DIRECTION('center_axis',(0.,0.,-1.));
#3838=DIRECTION('ref_axis',(-0.995721499355087,0.0924050632923214,0.));
#3839=DIRECTION('center_axis',(0.,0.707106781186326,-0.707106781186769));
#3840=DIRECTION('ref_axis',(0.,-0.707106781186769,-0.707106781186326));
#3841=DIRECTION('',(1.,0.,0.));
#3842=DIRECTION('',(5.49012462374146E-14,0.707106781186769,0.707106781186326));
#3843=DIRECTION('',(1.,0.,0.));
#3844=DIRECTION('center_axis',(0.,-0.707106781186326,0.707106781186769));
#3845=DIRECTION('ref_axis',(0.,-0.707106781186769,-0.707106781186326));
#3846=DIRECTION('',(0.,-0.707106781186769,-0.707106781186326));
#3847=DIRECTION('',(1.,-1.15041978468848E-10,0.));
#3848=DIRECTION('center_axis',(1.15041978468848E-10,1.,0.));
#3849=DIRECTION('ref_axis',(1.,-1.15041978468848E-10,0.));
#3850=DIRECTION('',(0.,0.,-1.));
#3851=DIRECTION('',(-1.,1.15041978468848E-10,0.));
#3852=DIRECTION('',(0.,0.,-1.));
#3853=DIRECTION('center_axis',(5.49012462374146E-14,0.707106781186769,0.707106781186326));
#3854=DIRECTION('ref_axis',(-0.707106781186566,-0.499999999999803,0.500000000000171));
#3855=DIRECTION('center_axis',(0.,0.,-1.));
#3856=DIRECTION('ref_axis',(-7.77195767048225E-14,-1.,3.46944695195263E-17));
#3857=DIRECTION('',(-5.49012462374146E-14,-0.707106781186769,-0.707106781186326));
#3858=DIRECTION('center_axis',(0.,0.,-1.));
#3859=DIRECTION('ref_axis',(-7.77195767048225E-14,-1.,3.46944695195263E-17));
#3860=DIRECTION('center_axis',(0.,0.,-1.));
#3861=DIRECTION('ref_axis',(1.,0.,0.));
#3862=DIRECTION('',(7.76420870201122E-14,1.,0.));
#3863=DIRECTION('',(-1.,-1.59984640592432E-12,0.));
#3864=DIRECTION('center_axis',(0.,0.,-1.));
#3865=DIRECTION('ref_axis',(0.875398755062925,-0.483401509755897,0.));
#3866=DIRECTION('',(0.124396666621465,-0.992232568168103,0.));
#3867=DIRECTION('center_axis',(0.,0.,1.));
#3868=DIRECTION('ref_axis',(0.0403628360485337,0.99918508869284,0.));
#3869=DIRECTION('',(0.124396666620435,0.992232568168232,0.));
#3870=DIRECTION('center_axis',(0.,0.,-1.));
#3871=DIRECTION('ref_axis',(-0.992232568168191,0.124396666620758,0.));
#3872=DIRECTION('',(-1.,-2.49099452176547E-13,0.));
#3873=DIRECTION('center_axis',(0.,0.,-1.));
#3874=DIRECTION('ref_axis',(0.875398755062945,-0.483401509755862,0.));
#3875=DIRECTION('',(0.124396666621465,-0.992232568168103,0.));
#3876=DIRECTION('center_axis',(0.,0.,1.));
#3877=DIRECTION('ref_axis',(0.0403628360485491,0.99918508869284,0.));
#3878=DIRECTION('',(0.12439666662038,0.992232568168238,0.));
#3879=DIRECTION('center_axis',(0.,0.,-1.));
#3880=DIRECTION('ref_axis',(-0.992232568168191,0.124396666620758,0.));
#3881=DIRECTION('',(-1.,2.12822832927589E-13,0.));
#3882=DIRECTION('center_axis',(0.,0.,-1.));
#3883=DIRECTION('ref_axis',(0.875398755061772,-0.483401509757985,0.));
#3884=DIRECTION('',(0.124396666621465,-0.992232568168103,0.));
#3885=DIRECTION('center_axis',(0.,0.,1.));
#3886=DIRECTION('ref_axis',(0.0403628360487568,0.999185088692831,0.));
#3887=DIRECTION('',(0.124396666620435,0.992232568168232,0.));
#3888=DIRECTION('center_axis',(0.,0.,-1.));
#3889=DIRECTION('ref_axis',(-0.992232568168191,0.124396666620758,0.));
#3890=DIRECTION('',(-1.,2.20078156777151E-13,0.));
#3891=DIRECTION('center_axis',(0.,0.,-1.));
#3892=DIRECTION('ref_axis',(0.875398755061758,-0.48340150975801,0.));
#3893=DIRECTION('',(0.124396666618438,-0.992232568168482,0.));
#3894=DIRECTION('center_axis',(0.,0.,1.));
#3895=DIRECTION('ref_axis',(0.0403628360487548,0.999185088692831,0.));
#3896=DIRECTION('',(0.124396666620448,0.99223256816823,0.));
#3897=DIRECTION('center_axis',(0.,0.,-1.));
#3898=DIRECTION('ref_axis',(-0.992232568168191,0.124396666620756,0.));
#3899=DIRECTION('',(-1.,2.12822832927355E-13,0.));
#3900=DIRECTION('center_axis',(0.,0.,-1.));
#3901=DIRECTION('ref_axis',(0.875398755061772,-0.483401509757985,0.));
#3902=DIRECTION('',(0.124396666618438,-0.992232568168482,0.));
#3903=DIRECTION('center_axis',(0.,0.,1.));
#3904=DIRECTION('ref_axis',(0.0403628360487723,0.999185088692831,0.));
#3905=DIRECTION('',(0.124396666620448,0.99223256816823,0.));
#3906=DIRECTION('center_axis',(0.,0.,-1.));
#3907=DIRECTION('ref_axis',(-0.992232568168191,0.124396666620756,0.));
#3908=DIRECTION('',(-1.,2.20078156777151E-13,0.));
#3909=DIRECTION('center_axis',(0.,0.,-1.));
#3910=DIRECTION('ref_axis',(0.875398755061758,-0.48340150975801,0.));
#3911=DIRECTION('',(0.124396666621519,-0.992232568168096,0.));
#3912=DIRECTION('center_axis',(0.,0.,1.));
#3913=DIRECTION('ref_axis',(0.0403628360487554,0.999185088692831,0.));
#3914=DIRECTION('',(0.124396666623468,0.992232568167851,0.));
#3915=DIRECTION('center_axis',(0.,0.,-1.));
#3916=DIRECTION('ref_axis',(-0.992232568168113,0.124396666621379,0.));
#3917=DIRECTION('',(-1.,-2.41844128326745E-13,0.));
#3918=DIRECTION('center_axis',(0.,0.,-1.));
#3919=DIRECTION('ref_axis',(0.875398755062925,-0.483401509755897,0.));
#3920=DIRECTION('',(0.124396666621465,-0.992232568168103,0.));
#3921=DIRECTION('center_axis',(0.,0.,1.));
#3922=DIRECTION('ref_axis',(0.0403628360487554,0.999185088692831,0.));
#3923=DIRECTION('',(0.124396666620387,0.992232568168238,0.));
#3924=DIRECTION('center_axis',(0.,0.,-1.));
#3925=DIRECTION('ref_axis',(-0.992232568168113,0.124396666621379,0.));
#3926=DIRECTION('',(-1.,-2.41844128326741E-13,0.));
#3927=DIRECTION('center_axis',(0.,0.,-1.));
#3928=DIRECTION('ref_axis',(0.875398755062925,-0.483401509755897,0.));
#3929=DIRECTION('',(0.124396666621519,-0.992232568168096,0.));
#3930=DIRECTION('center_axis',(0.,0.,1.));
#3931=DIRECTION('ref_axis',(0.0403628360486699,0.999185088692835,0.));
#3932=DIRECTION('',(0.124396666620712,0.992232568168197,0.));
#3933=DIRECTION('center_axis',(0.,0.,-1.));
#3934=DIRECTION('ref_axis',(-0.992232568168158,0.124396666621023,0.));
#3935=DIRECTION('',(-1.,-4.83688256653337E-15,0.));
#3936=DIRECTION('center_axis',(0.,0.,-1.));
#3937=DIRECTION('ref_axis',(0.875398755062327,-0.48340150975698,0.));
#3938=DIRECTION('',(0.124396666620924,-0.99223256816817,0.));
#3939=DIRECTION('center_axis',(0.,0.,1.));
#3940=DIRECTION('ref_axis',(0.0403628360486968,0.999185088692834,0.));
#3941=DIRECTION('',(0.124396666620712,0.992232568168197,0.));
#3942=DIRECTION('center_axis',(0.,0.,-1.));
#3943=DIRECTION('ref_axis',(-0.992232568168158,0.124396666621023,0.));
#3944=DIRECTION('',(-1.,-3.3920030472525E-15,0.));
#3945=DIRECTION('center_axis',(0.,0.,-1.));
#3946=DIRECTION('ref_axis',(0.,-1.,0.));
#3947=DIRECTION('',(1.77635683940026E-14,-1.,0.));
#3948=DIRECTION('center_axis',(0.,0.,1.));
#3949=DIRECTION('ref_axis',(0.,1.,0.));
#3950=DIRECTION('',(1.,-7.69182872530207E-14,0.));
#3951=DIRECTION('center_axis',(0.,0.,-1.));
#3952=DIRECTION('ref_axis',(1.,0.,0.));
#3953=DIRECTION('',(0.,-1.,0.));
#3954=DIRECTION('center_axis',(0.,0.,-1.));
#3955=DIRECTION('ref_axis',(1.,0.,0.));
#3956=DIRECTION('',(0.,-1.,0.));
#3957=DIRECTION('center_axis',(0.,0.,1.));
#3958=DIRECTION('ref_axis',(-0.947867547007858,-0.318664578090046,0.));
#3959=DIRECTION('center_axis',(-1.,7.76420870201122E-14,0.));
#3960=DIRECTION('ref_axis',(7.76420870201122E-14,1.,0.));
#3961=DIRECTION('',(7.76420870201122E-14,1.,0.));
#3962=DIRECTION('',(0.,0.,-1.));
#3963=DIRECTION('center_axis',(0.,0.,-1.));
#3964=DIRECTION('ref_axis',(0.0403628360487554,0.999185088692831,0.));
#3965=DIRECTION('center_axis',(0.,0.,1.));
#3966=DIRECTION('ref_axis',(0.0403628360487554,0.999185088692831,0.));
#3967=DIRECTION('',(0.,0.,-1.));
#3968=DIRECTION('',(0.,0.,-1.));
#3969=DIRECTION('',(0.,0.,-1.));
#3970=DIRECTION('center_axis',(-0.992232568168238,0.124396666620387,0.));
#3971=DIRECTION('ref_axis',(0.124396666620387,0.992232568168238,0.));
#3972=DIRECTION('',(0.124396666620387,0.992232568168238,0.));
#3973=DIRECTION('',(0.,0.,-1.));
#3974=DIRECTION('center_axis',(0.,0.,-1.));
#3975=DIRECTION('ref_axis',(-0.992232568168113,0.124396666621379,0.));
#3976=DIRECTION('center_axis',(0.,0.,-1.));
#3977=DIRECTION('ref_axis',(-0.992232568168113,0.124396666621379,0.));
#3978=DIRECTION('',(0.,0.,-1.));
#3979=DIRECTION('center_axis',(2.41844128326741E-13,-1.,0.));
#3980=DIRECTION('ref_axis',(-1.,-2.41844128326741E-13,0.));
#3981=DIRECTION('',(-1.,-2.41844128326741E-13,0.));
#3982=DIRECTION('',(0.,0.,-1.));
#3983=DIRECTION('center_axis',(0.,0.,-1.));
#3984=DIRECTION('ref_axis',(0.875398755062925,-0.483401509755897,0.));
#3985=DIRECTION('center_axis',(0.,0.,-1.));
#3986=DIRECTION('ref_axis',(0.875398755062925,-0.483401509755897,0.));
#3987=DIRECTION('',(0.,0.,-1.));
#3988=DIRECTION('center_axis',(0.992232568168096,0.124396666621519,0.));
#3989=DIRECTION('ref_axis',(0.124396666621519,-0.992232568168096,0.));
#3990=DIRECTION('',(0.124396666621519,-0.992232568168096,0.));
#3991=DIRECTION('',(0.,0.,-1.));
#3992=DIRECTION('',(0.,0.,-1.));
#3993=DIRECTION('center_axis',(0.,0.,-1.));
#3994=DIRECTION('ref_axis',(0.0403628360486699,0.999185088692835,0.));
#3995=DIRECTION('center_axis',(0.,0.,1.));
#3996=DIRECTION('ref_axis',(0.0403628360486699,0.999185088692835,0.));
#3997=DIRECTION('',(0.,0.,-1.));
#3998=DIRECTION('',(0.,0.,-1.));
#3999=DIRECTION('center_axis',(-0.992232568168197,0.124396666620712,0.));
#4000=DIRECTION('ref_axis',(0.124396666620712,0.992232568168197,-3.80966220846459E-33));
#4001=DIRECTION('',(0.124396666620712,0.992232568168197,0.));
#4002=DIRECTION('',(0.,0.,-1.));
#4003=DIRECTION('center_axis',(0.,0.,-1.));
#4004=DIRECTION('ref_axis',(-0.992232568168158,0.124396666621023,0.));
#4005=DIRECTION('center_axis',(0.,0.,-1.));
#4006=DIRECTION('ref_axis',(-0.992232568168158,0.124396666621023,0.));
#4007=DIRECTION('',(0.,0.,-1.));
#4008=DIRECTION('center_axis',(4.83688256653337E-15,-1.,0.));
#4009=DIRECTION('ref_axis',(-1.,-4.83688256653337E-15,-1.34250459819336E-33));
#4010=DIRECTION('',(-1.,-4.83688256653337E-15,0.));
#4011=DIRECTION('',(0.,0.,-1.));
#4012=DIRECTION('center_axis',(0.,0.,-1.));
#4013=DIRECTION('ref_axis',(0.875398755062327,-0.48340150975698,0.));
#4014=DIRECTION('center_axis',(0.,0.,-1.));
#4015=DIRECTION('ref_axis',(0.875398755062327,-0.48340150975698,0.));
#4016=DIRECTION('',(0.,0.,-1.));
#4017=DIRECTION('center_axis',(0.99223256816817,0.124396666620924,0.));
#4018=DIRECTION('ref_axis',(0.124396666620924,-0.99223256816817,0.));
#4019=DIRECTION('',(0.124396666620924,-0.99223256816817,0.));
#4020=DIRECTION('',(0.,0.,-1.));
#4021=DIRECTION('',(0.,0.,-1.));
#4022=DIRECTION('center_axis',(0.,0.,-1.));
#4023=DIRECTION('ref_axis',(0.0403628360486968,0.999185088692834,0.));
#4024=DIRECTION('center_axis',(0.,0.,1.));
#4025=DIRECTION('ref_axis',(0.0403628360486968,0.999185088692834,0.));
#4026=DIRECTION('',(0.,0.,-1.));
#4027=DIRECTION('',(0.,0.,-1.));
#4028=DIRECTION('center_axis',(-0.992232568168197,0.124396666620712,0.));
#4029=DIRECTION('ref_axis',(0.124396666620712,0.992232568168197,-3.80966220846459E-33));
#4030=DIRECTION('',(0.124396666620712,0.992232568168197,0.));
#4031=DIRECTION('',(0.,0.,-1.));
#4032=DIRECTION('center_axis',(0.,0.,-1.));
#4033=DIRECTION('ref_axis',(-0.992232568168158,0.124396666621023,0.));
#4034=DIRECTION('center_axis',(0.,0.,-1.));
#4035=DIRECTION('ref_axis',(-0.992232568168158,0.124396666621023,0.));
#4036=DIRECTION('',(0.,0.,-1.));
#4037=DIRECTION('center_axis',(3.3920030472525E-15,-1.,0.));
#4038=DIRECTION('ref_axis',(-1.,-3.3920030472525E-15,-2.8824204651694E-49));
#4039=DIRECTION('',(-1.,-3.3920030472525E-15,0.));
#4040=DIRECTION('',(0.,0.,-1.));
#4041=DIRECTION('center_axis',(0.,0.,-1.));
#4042=DIRECTION('ref_axis',(0.,-1.,0.));
#4043=DIRECTION('center_axis',(0.,0.,-1.));
#4044=DIRECTION('ref_axis',(0.,-1.,0.));
#4045=DIRECTION('',(0.,0.,-1.));
#4046=DIRECTION('center_axis',(1.,1.77635683940026E-14,0.));
#4047=DIRECTION('ref_axis',(1.77635683940026E-14,-1.,1.23259516440784E-32));
#4048=DIRECTION('',(1.77635683940026E-14,-1.,0.));
#4049=DIRECTION('',(0.,0.,-1.));
#4050=DIRECTION('center_axis',(0.,0.,-1.));
#4051=DIRECTION('ref_axis',(0.,1.,0.));
#4052=DIRECTION('center_axis',(0.,0.,1.));
#4053=DIRECTION('ref_axis',(0.,1.,0.));
#4054=DIRECTION('',(0.,0.,-1.));
#4055=DIRECTION('center_axis',(1.59984640592432E-12,-1.,0.));
#4056=DIRECTION('ref_axis',(-1.,-1.59984640592432E-12,0.));
#4057=DIRECTION('',(-1.,-1.59984640592432E-12,0.));
#4058=DIRECTION('',(0.,0.,-1.));
#4059=DIRECTION('center_axis',(0.,0.,-1.));
#4060=DIRECTION('ref_axis',(0.875398755062925,-0.483401509755897,0.));
#4061=DIRECTION('center_axis',(0.,0.,-1.));
#4062=DIRECTION('ref_axis',(0.875398755062925,-0.483401509755897,0.));
#4063=DIRECTION('',(0.,0.,-1.));
#4064=DIRECTION('center_axis',(0.992232568168102,0.124396666621465,0.));
#4065=DIRECTION('ref_axis',(0.124396666621465,-0.992232568168103,0.));
#4066=DIRECTION('',(0.124396666621465,-0.992232568168103,0.));
#4067=DIRECTION('',(0.,0.,-1.));
#4068=DIRECTION('',(0.,0.,-1.));
#4069=DIRECTION('center_axis',(0.,0.,-1.));
#4070=DIRECTION('ref_axis',(0.0403628360485337,0.99918508869284,0.));
#4071=DIRECTION('center_axis',(0.,0.,1.));
#4072=DIRECTION('ref_axis',(0.0403628360485337,0.99918508869284,0.));
#4073=DIRECTION('',(0.,0.,-1.));
#4074=DIRECTION('',(0.,0.,-1.));
#4075=DIRECTION('center_axis',(-0.992232568168232,0.124396666620435,0.));
#4076=DIRECTION('ref_axis',(0.124396666620435,0.992232568168232,0.));
#4077=DIRECTION('',(0.124396666620435,0.992232568168232,0.));
#4078=DIRECTION('',(0.,0.,-1.));
#4079=DIRECTION('center_axis',(0.,0.,-1.));
#4080=DIRECTION('ref_axis',(-0.992232568168191,0.124396666620758,0.));
#4081=DIRECTION('center_axis',(0.,0.,-1.));
#4082=DIRECTION('ref_axis',(-0.992232568168191,0.124396666620758,0.));
#4083=DIRECTION('',(0.,0.,-1.));
#4084=DIRECTION('center_axis',(2.49099452176547E-13,-1.,0.));
#4085=DIRECTION('ref_axis',(-1.,-2.49099452176547E-13,0.));
#4086=DIRECTION('',(-1.,-2.49099452176547E-13,0.));
#4087=DIRECTION('',(0.,0.,-1.));
#4088=DIRECTION('center_axis',(0.,0.,-1.));
#4089=DIRECTION('ref_axis',(0.875398755062945,-0.483401509755862,0.));
#4090=DIRECTION('center_axis',(0.,0.,-1.));
#4091=DIRECTION('ref_axis',(0.875398755062945,-0.483401509755862,0.));
#4092=DIRECTION('',(0.,0.,-1.));
#4093=DIRECTION('center_axis',(0.992232568168102,0.124396666621465,0.));
#4094=DIRECTION('ref_axis',(0.124396666621465,-0.992232568168103,0.));
#4095=DIRECTION('',(0.124396666621465,-0.992232568168103,0.));
#4096=DIRECTION('',(0.,0.,-1.));
#4097=DIRECTION('',(0.,0.,-1.));
#4098=DIRECTION('center_axis',(0.,0.,-1.));
#4099=DIRECTION('ref_axis',(0.0403628360485491,0.99918508869284,0.));
#4100=DIRECTION('center_axis',(0.,0.,1.));
#4101=DIRECTION('ref_axis',(0.0403628360485491,0.99918508869284,0.));
#4102=DIRECTION('',(0.,0.,-1.));
#4103=DIRECTION('',(0.,0.,-1.));
#4104=DIRECTION('center_axis',(-0.992232568168238,0.12439666662038,0.));
#4105=DIRECTION('ref_axis',(0.12439666662038,0.992232568168238,0.));
#4106=DIRECTION('',(0.12439666662038,0.992232568168238,0.));
#4107=DIRECTION('',(0.,0.,-1.));
#4108=DIRECTION('center_axis',(0.,0.,-1.));
#4109=DIRECTION('ref_axis',(-0.992232568168191,0.124396666620758,0.));
#4110=DIRECTION('center_axis',(0.,0.,-1.));
#4111=DIRECTION('ref_axis',(-0.992232568168191,0.124396666620758,0.));
#4112=DIRECTION('',(0.,0.,-1.));
#4113=DIRECTION('center_axis',(-2.12822832927589E-13,-1.,0.));
#4114=DIRECTION('ref_axis',(-1.,2.12822832927589E-13,-1.34250459819412E-33));
#4115=DIRECTION('',(-1.,2.12822832927589E-13,0.));
#4116=DIRECTION('',(0.,0.,-1.));
#4117=DIRECTION('center_axis',(0.,0.,-1.));
#4118=DIRECTION('ref_axis',(0.875398755061772,-0.483401509757985,0.));
#4119=DIRECTION('center_axis',(0.,0.,-1.));
#4120=DIRECTION('ref_axis',(0.875398755061772,-0.483401509757985,0.));
#4121=DIRECTION('',(0.,0.,-1.));
#4122=DIRECTION('center_axis',(0.992232568168102,0.124396666621465,0.));
#4123=DIRECTION('ref_axis',(0.124396666621465,-0.992232568168103,0.));
#4124=DIRECTION('',(0.124396666621465,-0.992232568168103,0.));
#4125=DIRECTION('',(0.,0.,-1.));
#4126=DIRECTION('',(0.,0.,-1.));
#4127=DIRECTION('center_axis',(0.,0.,-1.));
#4128=DIRECTION('ref_axis',(0.0403628360487568,0.999185088692831,0.));
#4129=DIRECTION('center_axis',(0.,0.,1.));
#4130=DIRECTION('ref_axis',(0.0403628360487568,0.999185088692831,0.));
#4131=DIRECTION('',(0.,0.,-1.));
#4132=DIRECTION('',(0.,0.,-1.));
#4133=DIRECTION('center_axis',(-0.992232568168232,0.124396666620435,0.));
#4134=DIRECTION('ref_axis',(0.124396666620435,0.992232568168232,0.));
#4135=DIRECTION('',(0.124396666620435,0.992232568168232,0.));
#4136=DIRECTION('',(0.,0.,-1.));
#4137=DIRECTION('center_axis',(0.,0.,-1.));
#4138=DIRECTION('ref_axis',(-0.992232568168191,0.124396666620758,0.));
#4139=DIRECTION('center_axis',(0.,0.,-1.));
#4140=DIRECTION('ref_axis',(-0.992232568168191,0.124396666620758,0.));
#4141=DIRECTION('',(0.,0.,-1.));
#4142=DIRECTION('center_axis',(-2.20078156777151E-13,-1.,0.));
#4143=DIRECTION('ref_axis',(-1.,2.20078156777151E-13,-1.34250459819264E-33));
#4144=DIRECTION('',(-1.,2.20078156777151E-13,0.));
#4145=DIRECTION('',(0.,0.,-1.));
#4146=DIRECTION('center_axis',(0.,0.,-1.));
#4147=DIRECTION('ref_axis',(0.875398755061758,-0.48340150975801,0.));
#4148=DIRECTION('center_axis',(0.,0.,-1.));
#4149=DIRECTION('ref_axis',(0.875398755061758,-0.48340150975801,0.));
#4150=DIRECTION('',(0.,0.,-1.));
#4151=DIRECTION('center_axis',(0.992232568168482,0.124396666618438,0.));
#4152=DIRECTION('ref_axis',(0.124396666618438,-0.992232568168482,0.));
#4153=DIRECTION('',(0.124396666618438,-0.992232568168482,0.));
#4154=DIRECTION('',(0.,0.,-1.));
#4155=DIRECTION('',(0.,0.,-1.));
#4156=DIRECTION('center_axis',(0.,0.,-1.));
#4157=DIRECTION('ref_axis',(0.0403628360487548,0.999185088692831,0.));
#4158=DIRECTION('center_axis',(0.,0.,1.));
#4159=DIRECTION('ref_axis',(0.0403628360487548,0.999185088692831,0.));
#4160=DIRECTION('',(0.,0.,-1.));
#4161=DIRECTION('',(0.,0.,-1.));
#4162=DIRECTION('center_axis',(-0.99223256816823,0.124396666620448,0.));
#4163=DIRECTION('ref_axis',(0.124396666620448,0.99223256816823,0.));
#4164=DIRECTION('',(0.124396666620448,0.99223256816823,0.));
#4165=DIRECTION('',(0.,0.,-1.));
#4166=DIRECTION('center_axis',(0.,0.,-1.));
#4167=DIRECTION('ref_axis',(-0.992232568168191,0.124396666620756,0.));
#4168=DIRECTION('center_axis',(0.,0.,-1.));
#4169=DIRECTION('ref_axis',(-0.992232568168191,0.124396666620756,0.));
#4170=DIRECTION('',(0.,0.,-1.));
#4171=DIRECTION('center_axis',(-2.12822832927355E-13,-1.,0.));
#4172=DIRECTION('ref_axis',(-1.,2.12822832927355E-13,-1.34250459819264E-33));
#4173=DIRECTION('',(-1.,2.12822832927355E-13,0.));
#4174=DIRECTION('',(0.,0.,-1.));
#4175=DIRECTION('center_axis',(0.,0.,-1.));
#4176=DIRECTION('ref_axis',(0.875398755061772,-0.483401509757985,0.));
#4177=DIRECTION('center_axis',(0.,0.,-1.));
#4178=DIRECTION('ref_axis',(0.875398755061772,-0.483401509757985,0.));
#4179=DIRECTION('',(0.,0.,-1.));
#4180=DIRECTION('center_axis',(0.992232568168482,0.124396666618438,0.));
#4181=DIRECTION('ref_axis',(0.124396666618438,-0.992232568168482,0.));
#4182=DIRECTION('',(0.124396666618438,-0.992232568168482,0.));
#4183=DIRECTION('',(0.,0.,-1.));
#4184=DIRECTION('',(0.,0.,-1.));
#4185=DIRECTION('center_axis',(0.,0.,-1.));
#4186=DIRECTION('ref_axis',(0.0403628360487723,0.999185088692831,0.));
#4187=DIRECTION('center_axis',(0.,0.,1.));
#4188=DIRECTION('ref_axis',(0.0403628360487723,0.999185088692831,0.));
#4189=DIRECTION('',(0.,0.,-1.));
#4190=DIRECTION('',(0.,0.,-1.));
#4191=DIRECTION('center_axis',(-0.99223256816823,0.124396666620448,0.));
#4192=DIRECTION('ref_axis',(0.124396666620448,0.99223256816823,0.));
#4193=DIRECTION('',(0.124396666620448,0.99223256816823,0.));
#4194=DIRECTION('',(0.,0.,-1.));
#4195=DIRECTION('center_axis',(0.,0.,-1.));
#4196=DIRECTION('ref_axis',(-0.992232568168191,0.124396666620756,0.));
#4197=DIRECTION('center_axis',(0.,0.,-1.));
#4198=DIRECTION('ref_axis',(-0.992232568168191,0.124396666620756,0.));
#4199=DIRECTION('',(0.,0.,-1.));
#4200=DIRECTION('center_axis',(-2.20078156777151E-13,-1.,0.));
#4201=DIRECTION('ref_axis',(-1.,2.20078156777151E-13,-1.34250459819264E-33));
#4202=DIRECTION('',(-1.,2.20078156777151E-13,0.));
#4203=DIRECTION('',(0.,0.,-1.));
#4204=DIRECTION('center_axis',(0.,0.,-1.));
#4205=DIRECTION('ref_axis',(0.875398755061758,-0.48340150975801,0.));
#4206=DIRECTION('center_axis',(0.,0.,-1.));
#4207=DIRECTION('ref_axis',(0.875398755061758,-0.48340150975801,0.));
#4208=DIRECTION('',(0.,0.,-1.));
#4209=DIRECTION('center_axis',(0.992232568168096,0.124396666621519,0.));
#4210=DIRECTION('ref_axis',(0.124396666621519,-0.992232568168096,0.));
#4211=DIRECTION('',(0.124396666621519,-0.992232568168096,0.));
#4212=DIRECTION('',(0.,0.,-1.));
#4213=DIRECTION('',(0.,0.,-1.));
#4214=DIRECTION('center_axis',(0.,0.,-1.));
#4215=DIRECTION('ref_axis',(0.0403628360487554,0.999185088692831,0.));
#4216=DIRECTION('center_axis',(0.,0.,1.));
#4217=DIRECTION('ref_axis',(0.0403628360487554,0.999185088692831,0.));
#4218=DIRECTION('',(0.,0.,-1.));
#4219=DIRECTION('',(0.,0.,-1.));
#4220=DIRECTION('center_axis',(-0.992232568167851,0.124396666623468,0.));
#4221=DIRECTION('ref_axis',(0.124396666623468,0.992232568167851,0.));
#4222=DIRECTION('',(0.124396666623468,0.992232568167851,0.));
#4223=DIRECTION('',(0.,0.,-1.));
#4224=DIRECTION('center_axis',(0.,0.,-1.));
#4225=DIRECTION('ref_axis',(-0.992232568168113,0.124396666621379,0.));
#4226=DIRECTION('center_axis',(0.,0.,-1.));
#4227=DIRECTION('ref_axis',(-0.992232568168113,0.124396666621379,0.));
#4228=DIRECTION('',(0.,0.,-1.));
#4229=DIRECTION('center_axis',(2.41844128326745E-13,-1.,0.));
#4230=DIRECTION('ref_axis',(-1.,-2.41844128326745E-13,0.));
#4231=DIRECTION('',(-1.,-2.41844128326745E-13,0.));
#4232=DIRECTION('',(0.,0.,-1.));
#4233=DIRECTION('center_axis',(0.,0.,-1.));
#4234=DIRECTION('ref_axis',(0.875398755062925,-0.483401509755897,0.));
#4235=DIRECTION('center_axis',(0.,0.,-1.));
#4236=DIRECTION('ref_axis',(0.875398755062925,-0.483401509755897,0.));
#4237=DIRECTION('',(0.,0.,-1.));
#4238=DIRECTION('center_axis',(0.992232568168102,0.124396666621465,0.));
#4239=DIRECTION('ref_axis',(0.124396666621465,-0.992232568168103,0.));
#4240=DIRECTION('',(0.124396666621465,-0.992232568168103,0.));
#4241=DIRECTION('',(0.,0.,-1.));
#4242=DIRECTION('center_axis',(0.,0.,-1.));
#4243=DIRECTION('ref_axis',(1.,0.,0.));
#4244=DIRECTION('center_axis',(0.,0.,1.));
#4245=DIRECTION('ref_axis',(-0.995721499355087,0.0924050632923214,0.));
#4246=DIRECTION('',(1.,-7.69182872530207E-14,0.));
#4247=DIRECTION('center_axis',(7.69182872530207E-14,1.,0.));
#4248=DIRECTION('ref_axis',(1.,-7.69182872530207E-14,0.));
#4249=DIRECTION('',(0.,0.,-1.));
#4250=DIRECTION('',(0.,0.,1.));
#4251=DIRECTION('center_axis',(0.,0.,-1.));
#4252=DIRECTION('ref_axis',(-0.995721499355087,0.0924050632923214,0.));
#4253=DIRECTION('center_axis',(0.,0.,-1.));
#4254=DIRECTION('ref_axis',(-0.995721499355087,0.0924050632923214,0.));
#4255=DIRECTION('center_axis',(0.,0.,-1.));
#4256=DIRECTION('ref_axis',(-0.947867547007858,-0.318664578090046,0.));
#4257=DIRECTION('',(0.,0.,-1.));
#4258=DIRECTION('center_axis',(1.,0.,0.));
#4259=DIRECTION('ref_axis',(0.,-1.,0.));
#4260=DIRECTION('',(0.,0.,1.));
#4261=DIRECTION('',(0.,1.,0.));
#4262=DIRECTION('center_axis',(0.,0.,-1.));
#4263=DIRECTION('ref_axis',(1.,0.,0.));
#4264=DIRECTION('',(0.,-1.,0.));
#4265=DIRECTION('center_axis',(0.,0.,-1.));
#4266=DIRECTION('ref_axis',(1.,0.,0.));
#4267=DIRECTION('center_axis',(0.,0.,-1.));
#4268=DIRECTION('ref_axis',(1.,0.,0.));
#4269=DIRECTION('center_axis',(0.,0.,-1.));
#4270=DIRECTION('ref_axis',(1.,0.,0.));
#4271=DIRECTION('center_axis',(0.739940073395942,0.,0.672672793996314));
#4272=DIRECTION('ref_axis',(0.672672793996314,0.,-0.739940073395942));
#4273=DIRECTION('center_axis',(0.,0.,-1.));
#4274=DIRECTION('ref_axis',(1.,0.,0.));
#4275=DIRECTION('center_axis',(0.739940073395942,0.,0.672672793996314));
#4276=DIRECTION('ref_axis',(0.672672793996314,0.,-0.739940073395942));
#4277=DIRECTION('center_axis',(0.739940073395942,0.,0.672672793996314));
#4278=DIRECTION('ref_axis',(0.672672793996314,0.,-0.739940073395942));
#4279=DIRECTION('center_axis',(0.,0.707106781186326,-0.707106781186769));
#4280=DIRECTION('ref_axis',(0.,-0.707106781186769,-0.707106781186326));
#4281=DIRECTION('center_axis',(0.,0.707106781186326,-0.707106781186769));
#4282=DIRECTION('ref_axis',(4.96864702115275E-17,0.707106781186769,0.707106781186326));
#4283=DIRECTION('',(1.,3.27936783024331E-10,0.));
#4284=DIRECTION('',(0.,0.707106781186769,0.707106781186326));
#4285=DIRECTION('center_axis',(0.,0.707106781186326,-0.707106781186769));
#4286=DIRECTION('ref_axis',(4.96864702115275E-17,0.707106781186769,0.707106781186326));
#4287=DIRECTION('center_axis',(0.,-0.707106781186326,0.707106781186769));
#4288=DIRECTION('ref_axis',(4.96864702115275E-17,0.707106781186769,0.707106781186326));
#4289=DIRECTION('',(1.,0.,0.));
#4290=DIRECTION('',(0.,-0.707106781186769,-0.707106781186326));
#4291=DIRECTION('',(1.,0.,0.));
#4292=DIRECTION('center_axis',(-3.27936783024331E-10,1.,0.));
#4293=DIRECTION('ref_axis',(1.,3.27936783024331E-10,0.));
#4294=DIRECTION('',(0.,0.,1.));
#4295=DIRECTION('',(0.,0.,-1.));
#4296=DIRECTION('',(-1.,-3.27936783024331E-10,0.));
#4297=DIRECTION('',(0.,0.,-1.));
#4298=DIRECTION('center_axis',(0.,-0.707106781186769,-0.707106781186326));
#4299=DIRECTION('ref_axis',(0.707106781186547,-0.499999999999845,0.500000000000157));
#4300=DIRECTION('center_axis',(0.,0.,-1.));
#4301=DIRECTION('ref_axis',(-9.81307786677051E-17,-1.,0.));
#4302=DIRECTION('',(0.,0.707106781186769,0.707106781186326));
#4303=DIRECTION('center_axis',(0.,0.,-1.));
#4304=DIRECTION('ref_axis',(-9.81307786677051E-17,-1.,0.));
#4305=DIRECTION('center_axis',(0.,0.,-1.));
#4306=DIRECTION('ref_axis',(1.,0.,0.));
#4307=DIRECTION('center_axis',(0.,0.,-1.));
#4308=DIRECTION('ref_axis',(1.,0.,0.));
#4309=DIRECTION('',(0.,-1.,0.));
#4310=DIRECTION('center_axis',(0.,0.,-1.));
#4311=DIRECTION('ref_axis',(1.,0.,0.));
#4312=DIRECTION('',(1.,0.,0.));
#4313=DIRECTION('center_axis',(0.,0.,1.));
#4314=DIRECTION('ref_axis',(1.,0.,0.));
#4315=DIRECTION('',(0.,1.,0.));
#4316=DIRECTION('center_axis',(0.,0.,-1.));
#4317=DIRECTION('ref_axis',(-1.,0.,0.));
#4318=DIRECTION('',(-1.,1.35680121890096E-14,0.));
#4319=DIRECTION('center_axis',(0.,0.,-1.));
#4320=DIRECTION('ref_axis',(0.875398755062345,-0.483401509756947,0.));
#4321=DIRECTION('',(0.124396666620546,-0.992232568168218,0.));
#4322=DIRECTION('center_axis',(0.,0.,1.));
#4323=DIRECTION('ref_axis',(0.0403628360486871,0.999185088692834,0.));
#4324=DIRECTION('',(0.124396666620677,0.992232568168201,0.));
#4325=DIRECTION('center_axis',(0.,0.,-1.));
#4326=DIRECTION('ref_axis',(-0.992232568168151,0.124396666621078,0.));
#4327=DIRECTION('',(-1.,3.14397366824641E-14,0.));
#4328=DIRECTION('center_axis',(0.,0.,-1.));
#4329=DIRECTION('ref_axis',(0.875398755062219,-0.483401509757176,0.));
#4330=DIRECTION('',(0.124396666620573,-0.992232568168214,0.));
#4331=DIRECTION('center_axis',(0.,0.,1.));
#4332=DIRECTION('ref_axis',(0.0403628360486889,0.999185088692834,0.));
#4333=DIRECTION('',(0.124396666620979,0.992232568168163,0.));
#4334=DIRECTION('center_axis',(0.,0.,-1.));
#4335=DIRECTION('ref_axis',(-0.992232568168193,0.124396666620745,0.));
#4336=DIRECTION('',(-1.,-9.67376513306663E-15,0.));
#4337=DIRECTION('center_axis',(0.,0.,-1.));
#4338=DIRECTION('ref_axis',(0.8753987550623,-0.48340150975703,0.));
#4339=DIRECTION('',(0.12439666662087,-0.992232568168177,0.));
#4340=DIRECTION('center_axis',(0.,0.,1.));
#4341=DIRECTION('ref_axis',(0.0403628360486889,0.999185088692834,0.));
#4342=DIRECTION('',(0.124396666620682,0.992232568168201,0.));
#4343=DIRECTION('center_axis',(0.,0.,-1.));
#4344=DIRECTION('ref_axis',(-0.992232568168193,0.124396666620745,0.));
#4345=DIRECTION('',(-1.,-9.67376513306663E-15,0.));
#4346=DIRECTION('center_axis',(0.,0.,-1.));
#4347=DIRECTION('ref_axis',(0.8753987550623,-0.48340150975703,0.));
#4348=DIRECTION('',(0.12439666662087,-0.992232568168177,0.));
#4349=DIRECTION('center_axis',(0.,0.,1.));
#4350=DIRECTION('ref_axis',(0.0403628360486889,0.999185088692834,0.));
#4351=DIRECTION('',(0.124396666620685,0.9922325681682,0.));
#4352=DIRECTION('center_axis',(0.,0.,-1.));
#4353=DIRECTION('ref_axis',(-0.992232568168145,0.124396666621122,0.));
#4354=DIRECTION('',(-1.,3.38581779657339E-14,0.));
#4355=DIRECTION('center_axis',(0.,0.,-1.));
#4356=DIRECTION('ref_axis',(0.875398755062334,-0.483401509756968,0.));
#4357=DIRECTION('',(0.12439666662087,-0.992232568168177,0.));
#4358=DIRECTION('center_axis',(0.,0.,1.));
#4359=DIRECTION('ref_axis',(0.0403628360487092,0.999185088692833,0.));
#4360=DIRECTION('',(0.124396666620678,0.992232568168201,0.));
#4361=DIRECTION('center_axis',(0.,0.,-1.));
#4362=DIRECTION('ref_axis',(-0.992232568168143,0.124396666621138,0.));
#4363=DIRECTION('',(-1.,3.14397366824675E-14,0.));
#4364=DIRECTION('center_axis',(0.,0.,-1.));
#4365=DIRECTION('ref_axis',(0.875398755062209,-0.483401509757195,0.));
#4366=DIRECTION('',(0.124396666620573,-0.992232568168214,0.));
#4367=DIRECTION('center_axis',(0.,0.,1.));
#4368=DIRECTION('ref_axis',(0.0403628360486889,0.999185088692834,0.));
#4369=DIRECTION('',(0.124396666620982,0.992232568168163,0.));
#4370=DIRECTION('center_axis',(0.,0.,-1.));
#4371=DIRECTION('ref_axis',(-0.992232568168145,0.124396666621127,0.));
#4372=DIRECTION('',(-1.,3.14397366824641E-14,0.));
#4373=DIRECTION('center_axis',(0.,0.,-1.));
#4374=DIRECTION('ref_axis',(0.875398755062209,-0.483401509757195,0.));
#4375=DIRECTION('',(0.12439666662087,-0.992232568168177,0.));
#4376=DIRECTION('center_axis',(0.,0.,1.));
#4377=DIRECTION('ref_axis',(0.0403628360486889,0.999185088692834,0.));
#4378=DIRECTION('',(0.124396666620685,0.9922325681682,0.));
#4379=DIRECTION('center_axis',(0.,0.,-1.));
#4380=DIRECTION('ref_axis',(-0.992232568168145,0.124396666621127,0.));
#4381=DIRECTION('',(-1.,-1.69290889828668E-14,0.));
#4382=DIRECTION('center_axis',(0.,0.,-1.));
#4383=DIRECTION('ref_axis',(0.875398755062282,-0.483401509757063,0.));
#4384=DIRECTION('',(0.12439666662087,-0.992232568168177,0.));
#4385=DIRECTION('center_axis',(0.,0.,1.));
#4386=DIRECTION('ref_axis',(0.0403628360486889,0.999185088692834,0.));
#4387=DIRECTION('',(0.124396666620678,0.992232568168201,0.));
#4388=DIRECTION('center_axis',(0.,0.,-1.));
#4389=DIRECTION('ref_axis',(-0.992232568168143,0.124396666621144,0.));
#4390=DIRECTION('',(-1.,-1.69290889828668E-14,0.));
#4391=DIRECTION('center_axis',(0.,0.,-1.));
#4392=DIRECTION('ref_axis',(0.8753987550623,-0.48340150975703,0.));
#4393=DIRECTION('',(0.124396666620546,-0.992232568168218,0.));
#4394=DIRECTION('center_axis',(0.,0.,1.));
#4395=DIRECTION('ref_axis',(0.0403628360487092,0.999185088692833,0.));
#4396=DIRECTION('',(0.124396666620677,0.992232568168201,0.));
#4397=DIRECTION('center_axis',(0.,0.,-1.));
#4398=DIRECTION('ref_axis',(-0.992232568168153,0.124396666621062,0.));
#4399=DIRECTION('',(-1.,0.,0.));
#4400=DIRECTION('',(0.,-1.,0.));
#4401=DIRECTION('center_axis',(-3.14397366824675E-14,-1.,0.));
#4402=DIRECTION('ref_axis',(-1.,3.14397366824675E-14,1.0853688102548E-33));
#4403=DIRECTION('',(-1.,3.14397366824675E-14,0.));
#4404=DIRECTION('',(0.,0.,-1.));
#4405=DIRECTION('',(0.,0.,-1.));
#4406=DIRECTION('center_axis',(0.,0.,-1.));
#4407=DIRECTION('ref_axis',(0.875398755062209,-0.483401509757195,0.));
#4408=DIRECTION('center_axis',(0.,0.,-1.));
#4409=DIRECTION('ref_axis',(0.875398755062209,-0.483401509757195,0.));
#4410=DIRECTION('',(0.,0.,-1.));
#4411=DIRECTION('center_axis',(0.992232568168214,0.124396666620573,0.));
#4412=DIRECTION('ref_axis',(0.124396666620573,-0.992232568168214,0.));
#4413=DIRECTION('',(0.124396666620573,-0.992232568168214,0.));
#4414=DIRECTION('',(0.,0.,-1.));
#4415=DIRECTION('',(0.,0.,-1.));
#4416=DIRECTION('center_axis',(0.,0.,-1.));
#4417=DIRECTION('ref_axis',(0.0403628360486889,0.999185088692834,0.));
#4418=DIRECTION('center_axis',(0.,0.,1.));
#4419=DIRECTION('ref_axis',(0.0403628360486889,0.999185088692834,0.));
#4420=DIRECTION('',(0.,0.,-1.));
#4421=DIRECTION('',(0.,0.,-1.));
#4422=DIRECTION('center_axis',(-0.992232568168163,0.124396666620982,0.));
#4423=DIRECTION('ref_axis',(0.124396666620982,0.992232568168163,8.37829331768967E-34));
#4424=DIRECTION('',(0.124396666620982,0.992232568168163,0.));
#4425=DIRECTION('',(0.,0.,-1.));
#4426=DIRECTION('center_axis',(0.,0.,-1.));
#4427=DIRECTION('ref_axis',(-0.992232568168145,0.124396666621127,0.));
#4428=DIRECTION('center_axis',(0.,0.,-1.));
#4429=DIRECTION('ref_axis',(-0.992232568168145,0.124396666621127,0.));
#4430=DIRECTION('',(0.,0.,-1.));
#4431=DIRECTION('center_axis',(-3.14397366824641E-14,-1.,0.));
#4432=DIRECTION('ref_axis',(-1.,3.14397366824641E-14,1.08536881025468E-33));
#4433=DIRECTION('',(-1.,3.14397366824641E-14,0.));
#4434=DIRECTION('',(0.,0.,-1.));
#4435=DIRECTION('center_axis',(0.,0.,-1.));
#4436=DIRECTION('ref_axis',(0.875398755062209,-0.483401509757195,0.));
#4437=DIRECTION('center_axis',(0.,0.,-1.));
#4438=DIRECTION('ref_axis',(0.875398755062209,-0.483401509757195,0.));
#4439=DIRECTION('',(0.,0.,-1.));
#4440=DIRECTION('center_axis',(0.992232568168177,0.12439666662087,0.));
#4441=DIRECTION('ref_axis',(0.12439666662087,-0.992232568168177,0.));
#4442=DIRECTION('',(0.12439666662087,-0.992232568168177,0.));
#4443=DIRECTION('',(0.,0.,-1.));
#4444=DIRECTION('',(0.,0.,-1.));
#4445=DIRECTION('center_axis',(0.,0.,-1.));
#4446=DIRECTION('ref_axis',(0.0403628360486889,0.999185088692834,0.));
#4447=DIRECTION('center_axis',(0.,0.,1.));
#4448=DIRECTION('ref_axis',(0.0403628360486889,0.999185088692834,0.));
#4449=DIRECTION('',(0.,0.,-1.));
#4450=DIRECTION('',(0.,0.,-1.));
#4451=DIRECTION('center_axis',(-0.9922325681682,0.124396666620685,0.));
#4452=DIRECTION('ref_axis',(0.124396666620685,0.9922325681682,8.37829331768998E-34));
#4453=DIRECTION('',(0.124396666620685,0.9922325681682,0.));
#4454=DIRECTION('',(0.,0.,-1.));
#4455=DIRECTION('center_axis',(0.,0.,-1.));
#4456=DIRECTION('ref_axis',(-0.992232568168145,0.124396666621127,0.));
#4457=DIRECTION('center_axis',(0.,0.,-1.));
#4458=DIRECTION('ref_axis',(-0.992232568168145,0.124396666621127,0.));
#4459=DIRECTION('',(0.,0.,-1.));
#4460=DIRECTION('center_axis',(1.69290889828668E-14,-1.,0.));
#4461=DIRECTION('ref_axis',(-1.,-1.69290889828668E-14,0.));
#4462=DIRECTION('',(-1.,-1.69290889828668E-14,0.));
#4463=DIRECTION('',(0.,0.,-1.));
#4464=DIRECTION('center_axis',(0.,0.,-1.));
#4465=DIRECTION('ref_axis',(0.875398755062282,-0.483401509757063,0.));
#4466=DIRECTION('center_axis',(0.,0.,-1.));
#4467=DIRECTION('ref_axis',(0.875398755062282,-0.483401509757063,0.));
#4468=DIRECTION('',(0.,0.,-1.));
#4469=DIRECTION('center_axis',(0.992232568168177,0.12439666662087,0.));
#4470=DIRECTION('ref_axis',(0.12439666662087,-0.992232568168177,0.));
#4471=DIRECTION('',(0.12439666662087,-0.992232568168177,0.));
#4472=DIRECTION('',(0.,0.,-1.));
#4473=DIRECTION('',(0.,0.,-1.));
#4474=DIRECTION('center_axis',(0.,0.,-1.));
#4475=DIRECTION('ref_axis',(0.0403628360486889,0.999185088692834,0.));
#4476=DIRECTION('center_axis',(0.,0.,1.));
#4477=DIRECTION('ref_axis',(0.0403628360486889,0.999185088692834,0.));
#4478=DIRECTION('',(0.,0.,-1.));
#4479=DIRECTION('',(0.,0.,-1.));
#4480=DIRECTION('center_axis',(-0.992232568168201,0.124396666620678,0.));
#4481=DIRECTION('ref_axis',(0.124396666620678,0.992232568168201,8.3782933176942E-34));
#4482=DIRECTION('',(0.124396666620678,0.992232568168201,0.));
#4483=DIRECTION('',(0.,0.,-1.));
#4484=DIRECTION('center_axis',(0.,0.,-1.));
#4485=DIRECTION('ref_axis',(-0.992232568168143,0.124396666621144,0.));
#4486=DIRECTION('center_axis',(0.,0.,-1.));
#4487=DIRECTION('ref_axis',(-0.992232568168143,0.124396666621144,0.));
#4488=DIRECTION('',(0.,0.,-1.));
#4489=DIRECTION('center_axis',(1.69290889828668E-14,-1.,0.));
#4490=DIRECTION('ref_axis',(-1.,-1.69290889828668E-14,1.08536881025498E-33));
#4491=DIRECTION('',(-1.,-1.69290889828668E-14,0.));
#4492=DIRECTION('',(0.,0.,-1.));
#4493=DIRECTION('center_axis',(0.,0.,-1.));
#4494=DIRECTION('ref_axis',(0.8753987550623,-0.48340150975703,0.));
#4495=DIRECTION('center_axis',(0.,0.,-1.));
#4496=DIRECTION('ref_axis',(0.8753987550623,-0.48340150975703,0.));
#4497=DIRECTION('',(0.,0.,-1.));
#4498=DIRECTION('center_axis',(0.992232568168218,0.124396666620546,0.));
#4499=DIRECTION('ref_axis',(0.124396666620546,-0.992232568168218,0.));
#4500=DIRECTION('',(0.124396666620546,-0.992232568168218,0.));
#4501=DIRECTION('',(0.,0.,-1.));
#4502=DIRECTION('',(0.,0.,-1.));
#4503=DIRECTION('center_axis',(0.,0.,-1.));
#4504=DIRECTION('ref_axis',(0.0403628360487092,0.999185088692833,0.));
#4505=DIRECTION('center_axis',(0.,0.,1.));
#4506=DIRECTION('ref_axis',(0.0403628360487092,0.999185088692833,0.));
#4507=DIRECTION('',(0.,0.,-1.));
#4508=DIRECTION('',(0.,0.,-1.));
#4509=DIRECTION('center_axis',(-0.992232568168201,0.124396666620677,0.));
#4510=DIRECTION('ref_axis',(0.124396666620677,0.992232568168201,-1.12107579084703E-33));
#4511=DIRECTION('',(0.124396666620677,0.992232568168201,0.));
#4512=DIRECTION('',(0.,0.,-1.));
#4513=DIRECTION('center_axis',(0.,0.,-1.));
#4514=DIRECTION('ref_axis',(-0.992232568168153,0.124396666621062,0.));
#4515=DIRECTION('center_axis',(0.,0.,-1.));
#4516=DIRECTION('ref_axis',(-0.992232568168153,0.124396666621062,0.));
#4517=DIRECTION('',(0.,0.,-1.));
#4518=DIRECTION('center_axis',(0.,-1.,0.));
#4519=DIRECTION('ref_axis',(-1.,0.,0.));
#4520=DIRECTION('',(-1.,0.,0.));
#4521=DIRECTION('',(0.,0.,1.));
#4522=DIRECTION('center_axis',(0.,0.,-1.));
#4523=DIRECTION('ref_axis',(1.,0.,0.));
#4524=DIRECTION('center_axis',(0.,0.,1.));
#4525=DIRECTION('ref_axis',(1.,0.,0.));
#4526=DIRECTION('',(0.,0.,-1.));
#4527=DIRECTION('',(0.,0.,1.));
#4528=DIRECTION('center_axis',(-1.,0.,0.));
#4529=DIRECTION('ref_axis',(0.,1.,0.));
#4530=DIRECTION('',(0.,1.,0.));
#4531=DIRECTION('',(0.,0.,-1.));
#4532=DIRECTION('center_axis',(0.,0.,-1.));
#4533=DIRECTION('ref_axis',(-1.,0.,0.));
#4534=DIRECTION('center_axis',(0.,0.,-1.));
#4535=DIRECTION('ref_axis',(-1.,0.,0.));
#4536=DIRECTION('',(0.,0.,-1.));
#4537=DIRECTION('center_axis',(-1.35680121890096E-14,-1.,0.));
#4538=DIRECTION('ref_axis',(-1.,1.35680121890096E-14,5.07430734725704E-34));
#4539=DIRECTION('',(-1.,1.35680121890096E-14,0.));
#4540=DIRECTION('',(0.,0.,-1.));
#4541=DIRECTION('center_axis',(0.,0.,-1.));
#4542=DIRECTION('ref_axis',(0.875398755062345,-0.483401509756947,0.));
#4543=DIRECTION('center_axis',(0.,0.,-1.));
#4544=DIRECTION('ref_axis',(0.875398755062345,-0.483401509756947,0.));
#4545=DIRECTION('',(0.,0.,-1.));
#4546=DIRECTION('center_axis',(0.992232568168218,0.124396666620546,0.));
#4547=DIRECTION('ref_axis',(0.124396666620546,-0.992232568168218,0.));
#4548=DIRECTION('',(0.124396666620546,-0.992232568168218,0.));
#4549=DIRECTION('',(0.,0.,-1.));
#4550=DIRECTION('',(0.,0.,-1.));
#4551=DIRECTION('center_axis',(0.,0.,-1.));
#4552=DIRECTION('ref_axis',(0.0403628360486871,0.999185088692834,0.));
#4553=DIRECTION('center_axis',(0.,0.,1.));
#4554=DIRECTION('ref_axis',(0.0403628360486871,0.999185088692834,0.));
#4555=DIRECTION('',(0.,0.,-1.));
#4556=DIRECTION('',(0.,0.,-1.));
#4557=DIRECTION('center_axis',(-0.992232568168201,0.124396666620677,0.));
#4558=DIRECTION('ref_axis',(0.124396666620677,0.992232568168201,-1.12107579084703E-33));
#4559=DIRECTION('',(0.124396666620677,0.992232568168201,0.));
#4560=DIRECTION('',(0.,0.,-1.));
#4561=DIRECTION('center_axis',(0.,0.,-1.));
#4562=DIRECTION('ref_axis',(-0.992232568168151,0.124396666621078,0.));
#4563=DIRECTION('center_axis',(0.,0.,-1.));
#4564=DIRECTION('ref_axis',(-0.992232568168151,0.124396666621078,0.));
#4565=DIRECTION('',(0.,0.,-1.));
#4566=DIRECTION('center_axis',(-3.14397366824641E-14,-1.,0.));
#4567=DIRECTION('ref_axis',(-1.,3.14397366824641E-14,1.08536881025468E-33));
#4568=DIRECTION('',(-1.,3.14397366824641E-14,0.));
#4569=DIRECTION('',(0.,0.,-1.));
#4570=DIRECTION('center_axis',(0.,0.,-1.));
#4571=DIRECTION('ref_axis',(0.875398755062219,-0.483401509757176,0.));
#4572=DIRECTION('center_axis',(0.,0.,-1.));
#4573=DIRECTION('ref_axis',(0.875398755062219,-0.483401509757176,0.));
#4574=DIRECTION('',(0.,0.,-1.));
#4575=DIRECTION('center_axis',(0.992232568168214,0.124396666620573,0.));
#4576=DIRECTION('ref_axis',(0.124396666620573,-0.992232568168214,0.));
#4577=DIRECTION('',(0.124396666620573,-0.992232568168214,0.));
#4578=DIRECTION('',(0.,0.,-1.));
#4579=DIRECTION('',(0.,0.,-1.));
#4580=DIRECTION('center_axis',(0.,0.,-1.));
#4581=DIRECTION('ref_axis',(0.0403628360486889,0.999185088692834,0.));
#4582=DIRECTION('center_axis',(0.,0.,1.));
#4583=DIRECTION('ref_axis',(0.0403628360486889,0.999185088692834,0.));
#4584=DIRECTION('',(0.,0.,-1.));
#4585=DIRECTION('',(0.,0.,-1.));
#4586=DIRECTION('center_axis',(-0.992232568168163,0.124396666620979,0.));
#4587=DIRECTION('ref_axis',(0.124396666620979,0.992232568168163,8.37829331769186E-34));
#4588=DIRECTION('',(0.124396666620979,0.992232568168163,0.));
#4589=DIRECTION('',(0.,0.,-1.));
#4590=DIRECTION('center_axis',(0.,0.,-1.));
#4591=DIRECTION('ref_axis',(-0.992232568168193,0.124396666620745,0.));
#4592=DIRECTION('center_axis',(0.,0.,-1.));
#4593=DIRECTION('ref_axis',(-0.992232568168193,0.124396666620745,0.));
#4594=DIRECTION('',(0.,0.,-1.));
#4595=DIRECTION('center_axis',(9.67376513306663E-15,-1.,0.));
#4596=DIRECTION('ref_axis',(-1.,-9.67376513306663E-15,0.));
#4597=DIRECTION('',(-1.,-9.67376513306663E-15,0.));
#4598=DIRECTION('',(0.,0.,-1.));
#4599=DIRECTION('center_axis',(0.,0.,-1.));
#4600=DIRECTION('ref_axis',(0.8753987550623,-0.48340150975703,0.));
#4601=DIRECTION('center_axis',(0.,0.,-1.));
#4602=DIRECTION('ref_axis',(0.8753987550623,-0.48340150975703,0.));
#4603=DIRECTION('',(0.,0.,-1.));
#4604=DIRECTION('center_axis',(0.992232568168177,0.12439666662087,0.));
#4605=DIRECTION('ref_axis',(0.12439666662087,-0.992232568168177,0.));
#4606=DIRECTION('',(0.12439666662087,-0.992232568168177,0.));
#4607=DIRECTION('',(0.,0.,-1.));
#4608=DIRECTION('',(0.,0.,-1.));
#4609=DIRECTION('center_axis',(0.,0.,-1.));
#4610=DIRECTION('ref_axis',(0.0403628360486889,0.999185088692834,0.));
#4611=DIRECTION('center_axis',(0.,0.,1.));
#4612=DIRECTION('ref_axis',(0.0403628360486889,0.999185088692834,0.));
#4613=DIRECTION('',(0.,0.,-1.));
#4614=DIRECTION('',(0.,0.,-1.));
#4615=DIRECTION('center_axis',(-0.992232568168201,0.124396666620682,0.));
#4616=DIRECTION('ref_axis',(0.124396666620682,0.992232568168201,8.37829331769217E-34));
#4617=DIRECTION('',(0.124396666620682,0.992232568168201,0.));
#4618=DIRECTION('',(0.,0.,-1.));
#4619=DIRECTION('center_axis',(0.,0.,-1.));
#4620=DIRECTION('ref_axis',(-0.992232568168193,0.124396666620745,0.));
#4621=DIRECTION('center_axis',(0.,0.,-1.));
#4622=DIRECTION('ref_axis',(-0.992232568168193,0.124396666620745,0.));
#4623=DIRECTION('',(0.,0.,-1.));
#4624=DIRECTION('center_axis',(9.67376513306663E-15,-1.,0.));
#4625=DIRECTION('ref_axis',(-1.,-9.67376513306663E-15,0.));
#4626=DIRECTION('',(-1.,-9.67376513306663E-15,0.));
#4627=DIRECTION('',(0.,0.,-1.));
#4628=DIRECTION('center_axis',(0.,0.,-1.));
#4629=DIRECTION('ref_axis',(0.8753987550623,-0.48340150975703,0.));
#4630=DIRECTION('center_axis',(0.,0.,-1.));
#4631=DIRECTION('ref_axis',(0.8753987550623,-0.48340150975703,0.));
#4632=DIRECTION('',(0.,0.,-1.));
#4633=DIRECTION('center_axis',(0.992232568168177,0.12439666662087,0.));
#4634=DIRECTION('ref_axis',(0.12439666662087,-0.992232568168177,0.));
#4635=DIRECTION('',(0.12439666662087,-0.992232568168177,0.));
#4636=DIRECTION('',(0.,0.,-1.));
#4637=DIRECTION('',(0.,0.,-1.));
#4638=DIRECTION('center_axis',(0.,0.,-1.));
#4639=DIRECTION('ref_axis',(0.0403628360486889,0.999185088692834,0.));
#4640=DIRECTION('center_axis',(0.,0.,1.));
#4641=DIRECTION('ref_axis',(0.0403628360486889,0.999185088692834,0.));
#4642=DIRECTION('',(0.,0.,-1.));
#4643=DIRECTION('',(0.,0.,-1.));
#4644=DIRECTION('center_axis',(-0.9922325681682,0.124396666620685,0.));
#4645=DIRECTION('ref_axis',(0.124396666620685,0.9922325681682,8.37829331768998E-34));
#4646=DIRECTION('',(0.124396666620685,0.9922325681682,0.));
#4647=DIRECTION('',(0.,0.,-1.));
#4648=DIRECTION('center_axis',(0.,0.,-1.));
#4649=DIRECTION('ref_axis',(-0.992232568168145,0.124396666621122,0.));
#4650=DIRECTION('center_axis',(0.,0.,-1.));
#4651=DIRECTION('ref_axis',(-0.992232568168145,0.124396666621122,0.));
#4652=DIRECTION('',(0.,0.,-1.));
#4653=DIRECTION('center_axis',(-3.38581779657339E-14,-1.,0.));
#4654=DIRECTION('ref_axis',(-1.,3.38581779657339E-14,0.));
#4655=DIRECTION('',(-1.,3.38581779657339E-14,0.));
#4656=DIRECTION('',(0.,0.,-1.));
#4657=DIRECTION('center_axis',(0.,0.,-1.));
#4658=DIRECTION('ref_axis',(0.875398755062334,-0.483401509756968,0.));
#4659=DIRECTION('center_axis',(0.,0.,-1.));
#4660=DIRECTION('ref_axis',(0.875398755062334,-0.483401509756968,0.));
#4661=DIRECTION('',(0.,0.,-1.));
#4662=DIRECTION('center_axis',(0.992232568168177,0.12439666662087,0.));
#4663=DIRECTION('ref_axis',(0.12439666662087,-0.992232568168177,0.));
#4664=DIRECTION('',(0.12439666662087,-0.992232568168177,0.));
#4665=DIRECTION('',(0.,0.,-1.));
#4666=DIRECTION('',(0.,0.,-1.));
#4667=DIRECTION('center_axis',(0.,0.,-1.));
#4668=DIRECTION('ref_axis',(0.0403628360487092,0.999185088692833,0.));
#4669=DIRECTION('center_axis',(0.,0.,1.));
#4670=DIRECTION('ref_axis',(0.0403628360487092,0.999185088692833,0.));
#4671=DIRECTION('',(0.,0.,-1.));
#4672=DIRECTION('',(0.,0.,-1.));
#4673=DIRECTION('center_axis',(-0.992232568168201,0.124396666620678,0.));
#4674=DIRECTION('ref_axis',(0.124396666620678,0.992232568168201,8.3782933176942E-34));
#4675=DIRECTION('',(0.124396666620678,0.992232568168201,0.));
#4676=DIRECTION('',(0.,0.,-1.));
#4677=DIRECTION('center_axis',(0.,0.,-1.));
#4678=DIRECTION('ref_axis',(-0.992232568168143,0.124396666621138,0.));
#4679=DIRECTION('center_axis',(0.,0.,-1.));
#4680=DIRECTION('ref_axis',(-0.992232568168143,0.124396666621138,0.));
#4681=DIRECTION('center_axis',(0.,1.,0.));
#4682=DIRECTION('ref_axis',(1.,0.,0.));
#4683=DIRECTION('',(0.,0.,-1.));
#4684=DIRECTION('',(0.,0.,1.));
#4685=DIRECTION('',(1.,0.,0.));
#4686=DIRECTION('center_axis',(1.,0.,0.));
#4687=DIRECTION('ref_axis',(0.,-1.,0.));
#4688=DIRECTION('',(0.,-1.,0.));
#4689=DIRECTION('center_axis',(0.739940073395942,0.,0.672672793996314));
#4690=DIRECTION('ref_axis',(0.672672793996314,0.,-0.739940073395942));
#4691=DIRECTION('center_axis',(0.739940073395942,0.,0.672672793996314));
#4692=DIRECTION('ref_axis',(0.672672793996314,0.,-0.739940073395942));
#4693=DIRECTION('',(0.,-1.,0.));
#4694=DIRECTION('center_axis',(0.739940073395942,0.,0.672672793996314));
#4695=DIRECTION('ref_axis',(0.672672793996314,0.,-0.739940073395942));
#4696=DIRECTION('center_axis',(0.,0.,-1.));
#4697=DIRECTION('ref_axis',(1.,0.,0.));
#4698=DIRECTION('center_axis',(0.,0.,-1.));
#4699=DIRECTION('ref_axis',(1.,0.,0.));
#4700=DIRECTION('center_axis',(0.,0.,-1.));
#4701=DIRECTION('ref_axis',(1.,0.,0.));
#4702=DIRECTION('center_axis',(0.,0.,-1.));
#4703=DIRECTION('ref_axis',(1.,0.,0.));
#4704=DIRECTION('center_axis',(0.,0.,-1.));
#4705=DIRECTION('ref_axis',(0.771104290371042,0.636708860760844,0.));
#4706=DIRECTION('',(0.,-1.,0.));
#4707=DIRECTION('center_axis',(0.,0.,-1.));
#4708=DIRECTION('ref_axis',(0.771104290371042,0.636708860760844,0.));
#4709=DIRECTION('center_axis',(0.,0.,-1.));
#4710=DIRECTION('ref_axis',(1.,0.,0.));
#4711=DIRECTION('center_axis',(0.,0.,-1.));
#4712=DIRECTION('ref_axis',(0.771104290371042,0.636708860760844,0.));
#4713=DIRECTION('',(0.,0.,-1.));
#4714=DIRECTION('center_axis',(-1.,0.,0.));
#4715=DIRECTION('ref_axis',(0.,1.,0.));
#4716=DIRECTION('center_axis',(0.,0.,-1.));
#4717=DIRECTION('ref_axis',(0.771104290371042,0.636708860760844,0.));
#4718=DIRECTION('center_axis',(0.,0.,1.));
#4719=DIRECTION('ref_axis',(0.771104290371042,0.636708860760844,0.));
#4720=DIRECTION('center_axis',(0.,0.,-1.));
#4721=DIRECTION('ref_axis',(0.771104290371042,0.636708860760844,0.));
#4722=DIRECTION('center_axis',(0.,0.,-1.));
#4723=DIRECTION('ref_axis',(0.771104290371042,0.636708860760844,0.));
#4724=DIRECTION('center_axis',(0.,0.,-1.));
#4725=DIRECTION('ref_axis',(1.,0.,0.));
#4726=CARTESIAN_POINT('',(0.,0.,0.));
#4727=CARTESIAN_POINT('Origin',(1.78862480382236E-11,2.94986537691343,6.25));
#4728=CARTESIAN_POINT('',(-7.88828878779858,3.37986537692388,5.95));
#4729=CARTESIAN_POINT('',(-7.8661998448873,3.67986537692277,6.25));
#4730=CARTESIAN_POINT('Origin',(1.78862480382236E-11,2.94986537691343,5.51999999998981));
#4731=CARTESIAN_POINT('',(-7.8661998448873,3.67986537692277,5.95));
#4732=CARTESIAN_POINT('',(-7.8661998448873,3.67986537692277,6.25));
#4733=CARTESIAN_POINT('Origin',(1.78862480382236E-11,2.94986537691343,5.95));
#4734=CARTESIAN_POINT('Origin',(33.8089993405122,3.67986537692407,6.25));
#4735=CARTESIAN_POINT('',(-33.3089993404903,3.37986537692388,5.95));
#4736=CARTESIAN_POINT('',(6.9293188616548,3.37986537692388,5.95));
#4737=CARTESIAN_POINT('',(-33.3089993404905,0.629865376922156,3.2));
#4738=CARTESIAN_POINT('',(-33.3089993404903,2.86736537692435,5.43750000000079));
#4739=CARTESIAN_POINT('',(-7.56003238303554,0.629865376922156,3.2));
#4740=CARTESIAN_POINT('',(26.8796804788714,0.629865376922157,3.2));
#4741=CARTESIAN_POINT('',(-7.85999934049041,2.07986537692205,4.64999999999899));
#4742=CARTESIAN_POINT('Origin',(1.78862480382236E-11,2.94986537691343,5.51999999998981));
#4743=CARTESIAN_POINT('',(-7.85999934049042,3.67986537692205,6.25));
#4744=CARTESIAN_POINT('',(-7.85999934049042,3.67986537692357,6.2499999999995));
#4745=CARTESIAN_POINT('',(-7.8661998448873,3.67986537692277,6.25));
#4746=CARTESIAN_POINT('Origin',(-7.8661998448873,3.67986537692277,6.25));
#4747=CARTESIAN_POINT('',(-7.85999934049042,3.67986537692205,4.65));
#4748=CARTESIAN_POINT('',(-7.85999934049042,3.67986537692205,6.25));
#4749=CARTESIAN_POINT('',(-7.8661998448873,3.67986537692276,4.65));
#4750=CARTESIAN_POINT('',(-3.9330999223927,3.6798653764703,4.65));
#4751=CARTESIAN_POINT('',(-7.8661998448873,3.67986537692277,6.25));
#4752=CARTESIAN_POINT('Origin',(-33.3089993404903,3.22091876751751,5.0839466094074));
#4753=CARTESIAN_POINT('',(-33.8089993404903,4.08697215811069,5.95));
#4754=CARTESIAN_POINT('Origin',(-33.3089993404903,4.08697215811065,5.95));
#4755=CARTESIAN_POINT('',(-33.8089993404905,1.33697215810896,3.2));
#4756=CARTESIAN_POINT('',(-33.8089993404903,3.22091876751755,5.0839466094074));
#4757=CARTESIAN_POINT('Origin',(-33.3089993404905,1.33697215810893,3.2));
#4758=CARTESIAN_POINT('Origin',(19.9503616172306,4.20486537692307,3.2));
#4759=CARTESIAN_POINT('',(-33.8089993404901,6.48000000000003,3.2));
#4760=CARTESIAN_POINT('',(-33.8089993404904,2.31736537692465,3.2));
#4761=CARTESIAN_POINT('',(-33.6702087984804,6.48000000000025,3.2));
#4762=CARTESIAN_POINT('',(-6.85992359062671,6.48000000004314,3.2));
#4763=CARTESIAN_POINT('',(-33.6468420358594,6.60155963527558,3.2));
#4764=CARTESIAN_POINT('Origin',(-33.845288549493,6.57668030195143,3.2));
#4765=CARTESIAN_POINT('',(-33.687089890224,6.92259100198703,3.2));
#4766=CARTESIAN_POINT('',(-33.104357683011,2.27450926297478,3.2));
#4767=CARTESIAN_POINT('',(-33.380538143431,7.80380796846613,3.2));
#4768=CARTESIAN_POINT('Ctrl Pts',(-33.380538143431,7.80380796846613,3.2));
#4769=CARTESIAN_POINT('Ctrl Pts',(-33.459954731406,7.67855934694493,3.2));
#4770=CARTESIAN_POINT('Ctrl Pts',(-33.530354031404,7.54497693413153,3.2));
#4771=CARTESIAN_POINT('Ctrl Pts',(-33.5846446892533,7.40733110867955,3.2));
#4772=CARTESIAN_POINT('Ctrl Pts',(-33.668733246766,7.19413717498212,3.2));
#4773=CARTESIAN_POINT('Ctrl Pts',(-33.682343216304,7.05159937181743,3.2));
#4774=CARTESIAN_POINT('Ctrl Pts',(-33.686000641391,7.00670791076024,3.2));
#4775=CARTESIAN_POINT('Ctrl Pts',(-33.689648924108,6.96192866371702,3.2));
#4776=CARTESIAN_POINT('Ctrl Pts',(-33.689379003743,6.94084979498663,3.2));
#4777=CARTESIAN_POINT('Ctrl Pts',(-33.687089890224,6.92259100198703,3.2));
#4778=CARTESIAN_POINT('',(-32.993054917364,7.80380796846613,3.2));
#4779=CARTESIAN_POINT('Origin',(-33.186796530397,3.00771954273998,3.2));
#4780=CARTESIAN_POINT('',(-32.686503170571,6.92259100198703,3.2));
#4781=CARTESIAN_POINT('Ctrl Pts',(-32.686503170571,6.92259100198703,3.2));
#4782=CARTESIAN_POINT('Ctrl Pts',(-32.677714902047,6.99268939355693,3.2));
#4783=CARTESIAN_POINT('Ctrl Pts',(-32.699025645223,7.10082434340463,3.2));
#4784=CARTESIAN_POINT('Ctrl Pts',(-32.7077874783608,7.1424705327258,3.2));
#4785=CARTESIAN_POINT('Ctrl Pts',(-32.719969516707,7.20037342442722,3.2));
#4786=CARTESIAN_POINT('Ctrl Pts',(-32.739308135992,7.27382962555233,3.2));
#4787=CARTESIAN_POINT('Ctrl Pts',(-32.7726555137369,7.36456825627671,3.2));
#4788=CARTESIAN_POINT('Ctrl Pts',(-32.828817760208,7.51738642933322,3.2));
#4789=CARTESIAN_POINT('Ctrl Pts',(-32.905520745317,7.66575703144763,3.2));
#4790=CARTESIAN_POINT('Ctrl Pts',(-32.993054917364,7.80380796846613,3.2));
#4791=CARTESIAN_POINT('',(-32.7267510249357,6.60155963527558,3.2));
#4792=CARTESIAN_POINT('',(-32.4670867216839,8.67273553955658,3.2));
#4793=CARTESIAN_POINT('',(-32.7033842623144,6.47999999999982,3.2));
#4794=CARTESIAN_POINT('Origin',(-32.528304511302,6.57668030195143,3.2));
#4795=CARTESIAN_POINT('',(-31.7852532063264,6.48000000000025,3.2));
#4796=CARTESIAN_POINT('',(-5.91744579454818,6.4800000000067,3.2));
#4797=CARTESIAN_POINT('',(-31.761886443705,6.60155963527562,3.2));
#4798=CARTESIAN_POINT('Origin',(-31.960332957339,6.57668030195143,3.2));
#4799=CARTESIAN_POINT('',(-31.80213429807,6.92259100198703,3.2));
#4800=CARTESIAN_POINT('',(-31.2339864924149,2.3908396969489,3.2));
#4801=CARTESIAN_POINT('',(-31.495582551277,7.80380796846609,3.2));
#4802=CARTESIAN_POINT('Ctrl Pts',(-31.495582551277,7.80380796846613,3.2));
#4803=CARTESIAN_POINT('Ctrl Pts',(-31.574999139252,7.67855934694493,3.2));
#4804=CARTESIAN_POINT('Ctrl Pts',(-31.64539843925,7.54497693413153,3.2));
#4805=CARTESIAN_POINT('Ctrl Pts',(-31.6996890970993,7.40733110867955,3.2));
#4806=CARTESIAN_POINT('Ctrl Pts',(-31.783777654612,7.19413717498212,3.2));
#4807=CARTESIAN_POINT('Ctrl Pts',(-31.79738762415,7.05159937181743,3.2));
#4808=CARTESIAN_POINT('Ctrl Pts',(-31.801045049237,7.00670791076024,3.2));
#4809=CARTESIAN_POINT('Ctrl Pts',(-31.804693331954,6.96192866371702,3.2));
#4810=CARTESIAN_POINT('Ctrl Pts',(-31.804423411589,6.94084979498663,3.2));
#4811=CARTESIAN_POINT('Ctrl Pts',(-31.80213429807,6.92259100198703,3.2));
#4812=CARTESIAN_POINT('',(-31.10809932521,7.80380796846613,3.2));
#4813=CARTESIAN_POINT('Origin',(-31.301840938243,3.00771954274126,3.2));
#4814=CARTESIAN_POINT('',(-30.801547578417,6.92259100198703,3.2));
#4815=CARTESIAN_POINT('Ctrl Pts',(-30.801547578417,6.92259100198703,3.2));
#4816=CARTESIAN_POINT('Ctrl Pts',(-30.792759309893,6.99268939355693,3.2));
#4817=CARTESIAN_POINT('Ctrl Pts',(-30.814070053069,7.10082434340463,3.2));
#4818=CARTESIAN_POINT('Ctrl Pts',(-30.8228318862068,7.1424705327258,3.2));
#4819=CARTESIAN_POINT('Ctrl Pts',(-30.835013924553,7.20037342442722,3.2));
#4820=CARTESIAN_POINT('Ctrl Pts',(-30.854352543838,7.27382962555233,3.2));
#4821=CARTESIAN_POINT('Ctrl Pts',(-30.8876999215829,7.36456825627671,3.2));
#4822=CARTESIAN_POINT('Ctrl Pts',(-30.943862168054,7.51738642933322,3.2));
#4823=CARTESIAN_POINT('Ctrl Pts',(-31.020565153164,7.66575703144763,3.2));
#4824=CARTESIAN_POINT('Ctrl Pts',(-31.10809932521,7.80380796846613,3.2));
#4825=CARTESIAN_POINT('',(-30.8417954327817,6.60155963527558,3.2));
#4826=CARTESIAN_POINT('',(-30.5967155310878,8.55640510558206,3.2));
#4827=CARTESIAN_POINT('',(-30.8184286701604,6.47999999999982,3.2));
#4828=CARTESIAN_POINT('Origin',(-30.643348919148,6.57668030195143,3.2));
#4829=CARTESIAN_POINT('',(-29.9002976141727,6.47999999999983,3.2));
#4830=CARTESIAN_POINT('',(-4.97496799847077,6.47999999999453,3.2));
#4831=CARTESIAN_POINT('',(-29.876930851551,6.60155963527562,3.2));
#4832=CARTESIAN_POINT('Origin',(-30.075377365185,6.57668030195143,3.2));
#4833=CARTESIAN_POINT('',(-29.917178705916,6.92259100198703,3.2));
#4834=CARTESIAN_POINT('',(-29.3636153018188,2.50717013092302,3.2));
#4835=CARTESIAN_POINT('',(-29.610626959123,7.80380796846613,3.2));
#4836=CARTESIAN_POINT('Ctrl Pts',(-29.610626959123,7.80380796846613,3.2));
#4837=CARTESIAN_POINT('Ctrl Pts',(-29.690043547098,7.67855934694493,3.2));
#4838=CARTESIAN_POINT('Ctrl Pts',(-29.760442847097,7.54497693413153,3.2));
#4839=CARTESIAN_POINT('Ctrl Pts',(-29.8147335049459,7.40733110867955,3.2));
#4840=CARTESIAN_POINT('Ctrl Pts',(-29.898822062458,7.19413717498212,3.2));
#4841=CARTESIAN_POINT('Ctrl Pts',(-29.912432031996,7.05159937181743,3.2));
#4842=CARTESIAN_POINT('Ctrl Pts',(-29.916089457083,7.00670791076024,3.2));
#4843=CARTESIAN_POINT('Ctrl Pts',(-29.9197377398,6.96192866371702,3.2));
#4844=CARTESIAN_POINT('Ctrl Pts',(-29.919467819435,6.94084979498663,3.2));
#4845=CARTESIAN_POINT('Ctrl Pts',(-29.917178705916,6.92259100198703,3.2));
#4846=CARTESIAN_POINT('',(-29.223143733056,7.80380796846613,3.2));
#4847=CARTESIAN_POINT('Origin',(-29.41688534609,3.00771954274136,3.2));
#4848=CARTESIAN_POINT('',(-28.916591986263,6.92259100198703,3.2));
#4849=CARTESIAN_POINT('Ctrl Pts',(-28.916591986263,6.92259100198703,3.2));
#4850=CARTESIAN_POINT('Ctrl Pts',(-28.90780371774,6.99268939355693,3.2));
#4851=CARTESIAN_POINT('Ctrl Pts',(-28.929114460915,7.10082434340463,3.2));
#4852=CARTESIAN_POINT('Ctrl Pts',(-28.9378762940528,7.1424705327258,3.2));
#4853=CARTESIAN_POINT('Ctrl Pts',(-28.950058332399,7.20037342442722,3.2));
#4854=CARTESIAN_POINT('Ctrl Pts',(-28.969396951684,7.27382962555233,3.2));
#4855=CARTESIAN_POINT('Ctrl Pts',(-29.0027443294293,7.36456825627671,3.2));
#4856=CARTESIAN_POINT('Ctrl Pts',(-29.058906575901,7.51738642933322,3.2));
#4857=CARTESIAN_POINT('Ctrl Pts',(-29.13560956101,7.66575703144763,3.2));
#4858=CARTESIAN_POINT('Ctrl Pts',(-29.223143733056,7.80380796846613,3.2));
#4859=CARTESIAN_POINT('',(-28.9568398406277,6.60155963527558,3.2));
#4860=CARTESIAN_POINT('',(-28.7263443404912,8.44007467161024,3.2));
#4861=CARTESIAN_POINT('',(-28.933473078007,6.48000000000002,3.2));
#4862=CARTESIAN_POINT('Origin',(-28.758393326994,6.57668030195143,3.2));
#4863=CARTESIAN_POINT('',(-28.0153420220186,6.47999999999981,3.2));
#4864=CARTESIAN_POINT('',(-4.03249020239376,6.47999999999454,3.2));
#4865=CARTESIAN_POINT('',(-27.991975259398,6.60155963527562,3.2));
#4866=CARTESIAN_POINT('Origin',(-28.190421773031,6.57668030195142,3.2));
#4867=CARTESIAN_POINT('',(-28.032223113762,6.92259100198702,3.2));
#4868=CARTESIAN_POINT('',(-27.4932441112448,2.62350056496703,3.2));
#4869=CARTESIAN_POINT('',(-27.725671366969,7.80380796846612,3.2));
#4870=CARTESIAN_POINT('Ctrl Pts',(-27.725671366969,7.80380796846612,3.2));
#4871=CARTESIAN_POINT('Ctrl Pts',(-27.805087954945,7.67855934694492,3.2));
#4872=CARTESIAN_POINT('Ctrl Pts',(-27.875487254943,7.54497693413152,3.2));
#4873=CARTESIAN_POINT('Ctrl Pts',(-27.9297779127919,7.40733110867954,3.2));
#4874=CARTESIAN_POINT('Ctrl Pts',(-28.013866470304,7.19413717498212,3.2));
#4875=CARTESIAN_POINT('Ctrl Pts',(-28.027476439842,7.05159937181742,3.2));
#4876=CARTESIAN_POINT('Ctrl Pts',(-28.031133864929,7.00670791076023,3.2));
#4877=CARTESIAN_POINT('Ctrl Pts',(-28.034782147646,6.96192866371702,3.2));
#4878=CARTESIAN_POINT('Ctrl Pts',(-28.034512227281,6.94084979498662,3.2));
#4879=CARTESIAN_POINT('Ctrl Pts',(-28.032223113762,6.92259100198702,3.2));
#4880=CARTESIAN_POINT('',(-27.338188140902,7.80380796846612,3.2));
#4881=CARTESIAN_POINT('Origin',(-27.531929753936,3.00771954274121,3.2));
#4882=CARTESIAN_POINT('',(-27.031636394109,6.92259100198702,3.2));
#4883=CARTESIAN_POINT('Ctrl Pts',(-27.031636394109,6.92259100198702,3.2));
#4884=CARTESIAN_POINT('Ctrl Pts',(-27.022848125586,6.99268939355692,3.2));
#4885=CARTESIAN_POINT('Ctrl Pts',(-27.044158868761,7.10082434340462,3.2));
#4886=CARTESIAN_POINT('Ctrl Pts',(-27.0529207018988,7.14247053272579,3.2));
#4887=CARTESIAN_POINT('Ctrl Pts',(-27.065102740245,7.20037342442721,3.2));
#4888=CARTESIAN_POINT('Ctrl Pts',(-27.08444135953,7.27382962555232,3.2));
#4889=CARTESIAN_POINT('Ctrl Pts',(-27.1177887372752,7.3645682562767,3.2));
#4890=CARTESIAN_POINT('Ctrl Pts',(-27.173950983747,7.51738642933321,3.2));
#4891=CARTESIAN_POINT('Ctrl Pts',(-27.250653968856,7.66575703144762,3.2));
#4892=CARTESIAN_POINT('Ctrl Pts',(-27.338188140902,7.80380796846612,3.2));
#4893=CARTESIAN_POINT('',(-27.0718842484737,6.60155963527557,3.2));
#4894=CARTESIAN_POINT('',(-26.8559731498949,8.32374423763738,3.2));
#4895=CARTESIAN_POINT('',(-27.048517485853,6.48000000000002,3.2));
#4896=CARTESIAN_POINT('Origin',(-26.87343773484,6.57668030195142,3.2));
#4897=CARTESIAN_POINT('',(-26.1303864298647,6.47999999999982,3.2));
#4898=CARTESIAN_POINT('',(-3.09001240631677,6.47999999999492,3.2));
#4899=CARTESIAN_POINT('',(-26.107019667244,6.60155963527562,3.2));
#4900=CARTESIAN_POINT('Origin',(-26.305466180877,6.57668030195142,3.2));
#4901=CARTESIAN_POINT('',(-26.147267521608,6.92259100198702,3.2));
#4902=CARTESIAN_POINT('',(-25.6228729206481,2.73983099893837,3.2));
#4903=CARTESIAN_POINT('',(-25.840715774816,7.80380796846612,3.2));
#4904=CARTESIAN_POINT('Ctrl Pts',(-25.840715774816,7.80380796846612,3.2));
#4905=CARTESIAN_POINT('Ctrl Pts',(-25.920132362791,7.67855934694492,3.2));
#4906=CARTESIAN_POINT('Ctrl Pts',(-25.990531662789,7.54497693413152,3.2));
#4907=CARTESIAN_POINT('Ctrl Pts',(-26.0448223206379,7.40733110867954,3.2));
#4908=CARTESIAN_POINT('Ctrl Pts',(-26.12891087815,7.19413717498212,3.2));
#4909=CARTESIAN_POINT('Ctrl Pts',(-26.142520847688,7.05159937181742,3.2));
#4910=CARTESIAN_POINT('Ctrl Pts',(-26.1461782727751,7.00670791076023,3.2));
#4911=CARTESIAN_POINT('Ctrl Pts',(-26.149826555492,6.96192866371702,3.2));
#4912=CARTESIAN_POINT('Ctrl Pts',(-26.149556635127,6.94084979498662,3.2));
#4913=CARTESIAN_POINT('Ctrl Pts',(-26.147267521608,6.92259100198702,3.2));
#4914=CARTESIAN_POINT('',(-25.453232548748,7.80380796846612,3.2));
#4915=CARTESIAN_POINT('Origin',(-25.646974161782,3.00771954274254,3.2));
#4916=CARTESIAN_POINT('',(-25.146680801955,6.92259100198702,3.2));
#4917=CARTESIAN_POINT('Ctrl Pts',(-25.146680801955,6.92259100198702,3.2));
#4918=CARTESIAN_POINT('Ctrl Pts',(-25.137892533432,6.99268939355692,3.2));
#4919=CARTESIAN_POINT('Ctrl Pts',(-25.159203276607,7.10082434340462,3.2));
#4920=CARTESIAN_POINT('Ctrl Pts',(-25.1679651097448,7.14247053272579,3.2));
#4921=CARTESIAN_POINT('Ctrl Pts',(-25.180147148091,7.20037342442721,3.2));
#4922=CARTESIAN_POINT('Ctrl Pts',(-25.199485767376,7.27382962555232,3.2));
#4923=CARTESIAN_POINT('Ctrl Pts',(-25.2328331451213,7.3645682562767,3.2));
#4924=CARTESIAN_POINT('Ctrl Pts',(-25.288995391593,7.51738642933321,3.2));
#4925=CARTESIAN_POINT('Ctrl Pts',(-25.365698376702,7.66575703144762,3.2));
#4926=CARTESIAN_POINT('Ctrl Pts',(-25.453232548748,7.80380796846612,3.2));
#4927=CARTESIAN_POINT('',(-25.1869286563197,6.60155963527557,3.2));
#4928=CARTESIAN_POINT('',(-24.9856019592985,8.2074138036642,3.2));
#4929=CARTESIAN_POINT('',(-25.163561893699,6.48000000000002,3.2));
#4930=CARTESIAN_POINT('Origin',(-24.988482142686,6.57668030195142,3.2));
#4931=CARTESIAN_POINT('',(-24.2454308377106,6.47999999999981,3.2));
#4932=CARTESIAN_POINT('',(-2.14753461023976,6.47999999999495,3.2));
#4933=CARTESIAN_POINT('',(-24.22206407509,6.60155963527562,3.2));
#4934=CARTESIAN_POINT('Origin',(-24.420510588723,6.57668030195142,3.2));
#4935=CARTESIAN_POINT('',(-24.262311929455,6.92259100198702,3.2));
#4936=CARTESIAN_POINT('',(-23.7525017300312,2.85616143284416,3.2));
#4937=CARTESIAN_POINT('',(-23.955760182662,7.80380796846612,3.2));
#4938=CARTESIAN_POINT('Ctrl Pts',(-23.955760182662,7.80380796846612,3.2));
#4939=CARTESIAN_POINT('Ctrl Pts',(-24.035176770637,7.67855934694492,3.2));
#4940=CARTESIAN_POINT('Ctrl Pts',(-24.105576070635,7.54497693413152,3.2));
#4941=CARTESIAN_POINT('Ctrl Pts',(-24.1598667284839,7.40733110867954,3.2));
#4942=CARTESIAN_POINT('Ctrl Pts',(-24.243955285996,7.19413717498212,3.2));
#4943=CARTESIAN_POINT('Ctrl Pts',(-24.257565255535,7.05159937181742,3.2));
#4944=CARTESIAN_POINT('Ctrl Pts',(-24.261222680622,7.00670791076023,3.2));
#4945=CARTESIAN_POINT('Ctrl Pts',(-24.264870963339,6.96192866371702,3.2));
#4946=CARTESIAN_POINT('Ctrl Pts',(-24.264601042973,6.94084979498662,3.2));
#4947=CARTESIAN_POINT('Ctrl Pts',(-24.262311929455,6.92259100198702,3.2));
#4948=CARTESIAN_POINT('',(-23.568276956594,7.80380796846612,3.2));
#4949=CARTESIAN_POINT('Origin',(-23.762018569628,3.00771954274117,3.2));
#4950=CARTESIAN_POINT('',(-23.261725209801,6.92259100198702,3.2));
#4951=CARTESIAN_POINT('Ctrl Pts',(-23.261725209801,6.92259100198702,3.2));
#4952=CARTESIAN_POINT('Ctrl Pts',(-23.252936941278,6.99268939355692,3.2));
#4953=CARTESIAN_POINT('Ctrl Pts',(-23.274247684454,7.10082434340462,3.2));
#4954=CARTESIAN_POINT('Ctrl Pts',(-23.2830095175914,7.14247053272579,3.2));
#4955=CARTESIAN_POINT('Ctrl Pts',(-23.295191555937,7.20037342442721,3.2));
#4956=CARTESIAN_POINT('Ctrl Pts',(-23.314530175222,7.27382962555232,3.2));
#4957=CARTESIAN_POINT('Ctrl Pts',(-23.3478775529672,7.3645682562767,3.2));
#4958=CARTESIAN_POINT('Ctrl Pts',(-23.404039799439,7.51738642933321,3.2));
#4959=CARTESIAN_POINT('Ctrl Pts',(-23.480742784548,7.66575703144762,3.2));
#4960=CARTESIAN_POINT('Ctrl Pts',(-23.568276956594,7.80380796846612,3.2));
#4961=CARTESIAN_POINT('',(-23.3019730641666,6.6015596352757,3.2));
#4962=CARTESIAN_POINT('',(-23.1152307686905,8.09108336975584,3.2));
#4963=CARTESIAN_POINT('',(-23.2786063015454,6.47999999999982,3.2));
#4964=CARTESIAN_POINT('Origin',(-23.103526550533,6.57668030195142,3.2));
#4965=CARTESIAN_POINT('',(-22.3604752455574,6.48000000000024,3.2));
#4966=CARTESIAN_POINT('',(-1.20505681416367,6.48000000000535,3.2));
#4967=CARTESIAN_POINT('',(-22.337108482936,6.60155963527562,3.2));
#4968=CARTESIAN_POINT('Origin',(-22.53555499657,6.57668030195142,3.2));
#4969=CARTESIAN_POINT('',(-22.377356337301,6.92259100198702,3.2));
#4970=CARTESIAN_POINT('',(-21.8821305394355,2.97249186681943,3.2));
#4971=CARTESIAN_POINT('',(-22.070804590508,7.80380796846612,3.2));
#4972=CARTESIAN_POINT('Ctrl Pts',(-22.070804590508,7.80380796846612,3.2));
#4973=CARTESIAN_POINT('Ctrl Pts',(-22.150221178483,7.67855934694492,3.2));
#4974=CARTESIAN_POINT('Ctrl Pts',(-22.220620478481,7.54497693413152,3.2));
#4975=CARTESIAN_POINT('Ctrl Pts',(-22.2749111363299,7.40733110867954,3.2));
#4976=CARTESIAN_POINT('Ctrl Pts',(-22.358999693842,7.19413717498212,3.2));
#4977=CARTESIAN_POINT('Ctrl Pts',(-22.372609663381,7.05159937181742,3.2));
#4978=CARTESIAN_POINT('Ctrl Pts',(-22.376267088468,7.00670791076023,3.2));
#4979=CARTESIAN_POINT('Ctrl Pts',(-22.379915371185,6.96192866371702,3.2));
#4980=CARTESIAN_POINT('Ctrl Pts',(-22.37964545082,6.94084979498662,3.2));
#4981=CARTESIAN_POINT('Ctrl Pts',(-22.377356337301,6.92259100198702,3.2));
#4982=CARTESIAN_POINT('',(-21.68332136444,7.80380796846612,3.2));
#4983=CARTESIAN_POINT('Origin',(-21.877062977474,3.00771954274117,3.2));
#4984=CARTESIAN_POINT('',(-21.376769617648,6.92259100198702,3.2));
#4985=CARTESIAN_POINT('Ctrl Pts',(-21.376769617648,6.92259100198702,3.2));
#4986=CARTESIAN_POINT('Ctrl Pts',(-21.367981349124,6.99268939355692,3.2));
#4987=CARTESIAN_POINT('Ctrl Pts',(-21.3892920923,7.10082434340462,3.2));
#4988=CARTESIAN_POINT('Ctrl Pts',(-21.3980539254378,7.14247053272579,3.2));
#4989=CARTESIAN_POINT('Ctrl Pts',(-21.410235963784,7.20037342442721,3.2));
#4990=CARTESIAN_POINT('Ctrl Pts',(-21.429574583069,7.27382962555232,3.2));
#4991=CARTESIAN_POINT('Ctrl Pts',(-21.4629219608139,7.3645682562767,3.2));
#4992=CARTESIAN_POINT('Ctrl Pts',(-21.519084207285,7.51738642933321,3.2));
#4993=CARTESIAN_POINT('Ctrl Pts',(-21.595787192394,7.66575703144762,3.2));
#4994=CARTESIAN_POINT('Ctrl Pts',(-21.68332136444,7.80380796846612,3.2));
#4995=CARTESIAN_POINT('',(-21.4170174720126,6.6015596352757,3.2));
#4996=CARTESIAN_POINT('',(-21.2448595781071,7.97475293571672,3.2));
#4997=CARTESIAN_POINT('',(-21.393650709391,6.48000000000002,3.2));
#4998=CARTESIAN_POINT('Origin',(-21.218570958379,6.57668030195142,3.2));
#4999=CARTESIAN_POINT('',(-20.4755196534034,6.48000000000024,3.2));
#5000=CARTESIAN_POINT('',(-0.262579018086666,6.48000000000513,3.2));
#5001=CARTESIAN_POINT('',(-20.4521528907824,6.60155963527557,3.2));
#5002=CARTESIAN_POINT('Origin',(-20.650599404416,6.57668030195142,3.2));
#5003=CARTESIAN_POINT('',(-20.492400745147,6.92259100198702,3.2));
#5004=CARTESIAN_POINT('',(-20.0117593488391,3.08882230079249,3.2));
#5005=CARTESIAN_POINT('',(-20.185848998354,7.80380796846612,3.2));
#5006=CARTESIAN_POINT('Ctrl Pts',(-20.185848998354,7.80380796846612,3.2));
#5007=CARTESIAN_POINT('Ctrl Pts',(-20.265265586329,7.67855934694492,3.2));
#5008=CARTESIAN_POINT('Ctrl Pts',(-20.335664886327,7.54497693413152,3.2));
#5009=CARTESIAN_POINT('Ctrl Pts',(-20.3899555441763,7.40733110867954,3.2));
#5010=CARTESIAN_POINT('Ctrl Pts',(-20.474044101689,7.19413717498212,3.2));
#5011=CARTESIAN_POINT('Ctrl Pts',(-20.487654071227,7.05159937181742,3.2));
#5012=CARTESIAN_POINT('Ctrl Pts',(-20.4913114963141,7.00670791076023,3.2));
#5013=CARTESIAN_POINT('Ctrl Pts',(-20.494959779031,6.96192866371702,3.2));
#5014=CARTESIAN_POINT('Ctrl Pts',(-20.494689858666,6.94084979498662,3.2));
#5015=CARTESIAN_POINT('Ctrl Pts',(-20.492400745147,6.92259100198702,3.2));
#5016=CARTESIAN_POINT('',(-19.7983657722865,7.80380796846612,3.2));
#5017=CARTESIAN_POINT('Origin',(-19.99210738532,3.0077195427426,3.2));
#5018=CARTESIAN_POINT('',(-19.4918140254937,6.92259100198702,3.2));
#5019=CARTESIAN_POINT('Ctrl Pts',(-19.4918140254937,6.92259100198702,3.2));
#5020=CARTESIAN_POINT('Ctrl Pts',(-19.4830257569702,6.99268939355692,3.2));
#5021=CARTESIAN_POINT('Ctrl Pts',(-19.5043365001459,7.10082434340462,3.2));
#5022=CARTESIAN_POINT('Ctrl Pts',(-19.5130983332836,7.14247053272579,3.2));
#5023=CARTESIAN_POINT('Ctrl Pts',(-19.5252803716296,7.20037342442721,3.2));
#5024=CARTESIAN_POINT('Ctrl Pts',(-19.5446189909147,7.27382962555232,3.2));
#5025=CARTESIAN_POINT('Ctrl Pts',(-19.5779663686598,7.3645682562767,3.2));
#5026=CARTESIAN_POINT('Ctrl Pts',(-19.6341286151312,7.51738642933321,3.2));
#5027=CARTESIAN_POINT('Ctrl Pts',(-19.7108316002403,7.66575703144762,3.2));
#5028=CARTESIAN_POINT('Ctrl Pts',(-19.7983657722865,7.80380796846612,3.2));
#5029=CARTESIAN_POINT('',(-19.5320618798585,6.60155963527562,3.2));
#5030=CARTESIAN_POINT('',(-19.3744883875094,7.85842250174989,3.2));
#5031=CARTESIAN_POINT('',(-19.5086951172372,6.48000000000002,3.2));
#5032=CARTESIAN_POINT('Origin',(-19.3336153662248,6.57668030195142,3.2));
#5033=CARTESIAN_POINT('',(-18.5905640612493,6.48000000000002,3.2));
#5034=CARTESIAN_POINT('',(0.679898777990646,6.48000000000011,3.2));
#5035=CARTESIAN_POINT('',(-18.5671972986281,6.60155963527562,3.2));
#5036=CARTESIAN_POINT('Origin',(-18.7656438122618,6.57668030195142,3.2));
#5037=CARTESIAN_POINT('',(-18.6074451529929,6.92259100198702,3.2));
#5038=CARTESIAN_POINT('',(-18.1413881582466,3.20515273477766,3.2));
#5039=CARTESIAN_POINT('',(-18.3008934062,7.80380796846612,3.2));
#5040=CARTESIAN_POINT('Ctrl Pts',(-18.3008934062,7.80380796846612,3.2));
#5041=CARTESIAN_POINT('Ctrl Pts',(-18.3803099941752,7.67855934694492,3.2));
#5042=CARTESIAN_POINT('Ctrl Pts',(-18.4507092941732,7.54497693413152,3.2));
#5043=CARTESIAN_POINT('Ctrl Pts',(-18.5049999520223,7.40733110867954,3.2));
#5044=CARTESIAN_POINT('Ctrl Pts',(-18.5890885095347,7.19413717498212,3.2));
#5045=CARTESIAN_POINT('Ctrl Pts',(-18.6026984790729,7.05159937181742,3.2));
#5046=CARTESIAN_POINT('Ctrl Pts',(-18.60635590416,7.00670791076023,3.2));
#5047=CARTESIAN_POINT('Ctrl Pts',(-18.6100041868769,6.96192866371702,3.2));
#5048=CARTESIAN_POINT('Ctrl Pts',(-18.6097342665118,6.94084979498662,3.2));
#5049=CARTESIAN_POINT('Ctrl Pts',(-18.6074451529929,6.92259100198702,3.2));
#5050=CARTESIAN_POINT('',(-17.9134101801326,7.80380796846612,3.2));
#5051=CARTESIAN_POINT('Origin',(-18.1071517931663,3.00771954274075,3.2));
#5052=CARTESIAN_POINT('',(-17.6068584333398,6.92259100198702,3.2));
#5053=CARTESIAN_POINT('Ctrl Pts',(-17.6068584333398,6.92259100198702,3.2));
#5054=CARTESIAN_POINT('Ctrl Pts',(-17.5980701648163,6.99268939355692,3.2));
#5055=CARTESIAN_POINT('Ctrl Pts',(-17.619380907992,7.10082434340462,3.2));
#5056=CARTESIAN_POINT('Ctrl Pts',(-17.6281427411297,7.14247053272579,3.2));
#5057=CARTESIAN_POINT('Ctrl Pts',(-17.6403247794758,7.20037342442721,3.2));
#5058=CARTESIAN_POINT('Ctrl Pts',(-17.6596633987608,7.27382962555232,3.2));
#5059=CARTESIAN_POINT('Ctrl Pts',(-17.6930107765059,7.3645682562767,3.2));
#5060=CARTESIAN_POINT('Ctrl Pts',(-17.7491730229773,7.51738642933321,3.2));
#5061=CARTESIAN_POINT('Ctrl Pts',(-17.8258760080864,7.66575703144762,3.2));
#5062=CARTESIAN_POINT('Ctrl Pts',(-17.9134101801326,7.80380796846612,3.2));
#5063=CARTESIAN_POINT('',(-17.6471062877046,6.60155963527562,3.2));
#5064=CARTESIAN_POINT('',(-17.5041171969132,7.74209206777647,3.2));
#5065=CARTESIAN_POINT('',(-17.6237395250834,6.47999999999998,3.2));
#5066=CARTESIAN_POINT('Origin',(-17.4486597740709,6.57668030195142,3.2));
#5067=CARTESIAN_POINT('',(-15.6599033919918,6.48000000000002,3.2));
#5068=CARTESIAN_POINT('',(2.14522911261941,6.48000000000008,3.2));
#5069=CARTESIAN_POINT('',(-15.1599033919918,6.98000000000002,3.2));
#5070=CARTESIAN_POINT('Origin',(-15.6599033919918,6.98000000000002,3.2));
#5071=CARTESIAN_POINT('',(-15.1599033919918,7.48000000000002,3.2));
#5072=CARTESIAN_POINT('',(-15.1599033919918,5.84243268846124,3.2));
#5073=CARTESIAN_POINT('',(-15.060004323911,7.77986537692332,3.2));
#5074=CARTESIAN_POINT('Origin',(-14.6599033919918,7.48000000000002,3.2));
#5075=CARTESIAN_POINT('',(-6.25148782288564,7.77986537692264,3.2));
#5076=CARTESIAN_POINT('',(-6.92931886162953,7.7798653769227,3.2));
#5077=CARTESIAN_POINT('',(0.564156549289026,10.8296957931036,3.2));
#5078=CARTESIAN_POINT('Origin',(1.79145587253515E-11,2.94986537691344,3.2));
#5079=CARTESIAN_POINT('',(0.564156549289026,-4.92996503927668,3.2));
#5080=CARTESIAN_POINT('',(0.564156549289025,3.57736537691826,3.2));
#5081=CARTESIAN_POINT('',(-7.85999934049042,2.1558815186336,3.2));
#5082=CARTESIAN_POINT('Origin',(1.79145587253515E-11,2.94986537691344,3.2));
#5083=CARTESIAN_POINT('',(-7.85999934049042,2.07986537692205,3.2));
#5084=CARTESIAN_POINT('',(-7.85999934049042,3.94236537692256,3.2));
#5085=CARTESIAN_POINT('Origin',(1.78862480382236E-11,2.94986537691343,3.2));
#5086=CARTESIAN_POINT('Origin',(-33.8089993404906,0.429865376922051,6.25));
#5087=CARTESIAN_POINT('',(-33.8089993404901,6.48000000000003,5.95));
#5088=CARTESIAN_POINT('',(-33.8089993404904,2.31736537692335,5.95));
#5089=CARTESIAN_POINT('',(-33.8089993404901,6.48000000000003,6.25));
#5090=CARTESIAN_POINT('Origin',(-21.877062977474,3.00771954274117,6.25));
#5091=CARTESIAN_POINT('',(-21.68332136444,7.80380796846612,5.95));
#5092=CARTESIAN_POINT('',(-22.070804590508,7.80380796846612,5.95));
#5093=CARTESIAN_POINT('Origin',(-21.877062977474,3.00771954274117,5.95));
#5094=CARTESIAN_POINT('',(-21.68332136444,7.80380796846612,6.25));
#5095=CARTESIAN_POINT('',(-22.070804590508,7.80380796846612,6.25));
#5096=CARTESIAN_POINT('Ctrl Pts',(-21.376769617648,6.92259100198702,6.25));
#5097=CARTESIAN_POINT('Ctrl Pts',(-21.376769617648,6.92259100198702,3.));
#5098=CARTESIAN_POINT('Ctrl Pts',(-21.367981349124,6.99268939355692,6.25));
#5099=CARTESIAN_POINT('Ctrl Pts',(-21.367981349124,6.99268939355692,3.));
#5100=CARTESIAN_POINT('Ctrl Pts',(-21.3892920923,7.10082434340462,6.25));
#5101=CARTESIAN_POINT('Ctrl Pts',(-21.3892920923,7.10082434340462,3.));
#5102=CARTESIAN_POINT('Ctrl Pts',(-21.410235963784,7.20037342442721,6.25));
#5103=CARTESIAN_POINT('Ctrl Pts',(-21.410235963784,7.20037342442721,3.));
#5104=CARTESIAN_POINT('Ctrl Pts',(-21.429574583069,7.27382962555232,6.25));
#5105=CARTESIAN_POINT('Ctrl Pts',(-21.429574583069,7.27382962555232,3.));
#5106=CARTESIAN_POINT('Ctrl Pts',(-21.519084207285,7.51738642933321,6.25));
#5107=CARTESIAN_POINT('Ctrl Pts',(-21.519084207285,7.51738642933321,3.));
#5108=CARTESIAN_POINT('Ctrl Pts',(-21.595787192394,7.66575703144762,6.25));
#5109=CARTESIAN_POINT('Ctrl Pts',(-21.595787192394,7.66575703144762,3.));
#5110=CARTESIAN_POINT('Ctrl Pts',(-21.68332136444,7.80380796846612,6.25));
#5111=CARTESIAN_POINT('Ctrl Pts',(-21.68332136444,7.80380796846612,3.));
#5112=CARTESIAN_POINT('',(-21.376769617648,6.92259100198702,5.95));
#5113=CARTESIAN_POINT('Ctrl Pts',(-21.376769617648,6.92259100198702,5.95));
#5114=CARTESIAN_POINT('Ctrl Pts',(-21.367981349124,6.99268939355692,5.95));
#5115=CARTESIAN_POINT('Ctrl Pts',(-21.3892920923,7.10082434340462,5.95));
#5116=CARTESIAN_POINT('Ctrl Pts',(-21.3980539254378,7.14247053272579,5.95));
#5117=CARTESIAN_POINT('Ctrl Pts',(-21.410235963784,7.20037342442721,5.95));
#5118=CARTESIAN_POINT('Ctrl Pts',(-21.429574583069,7.27382962555232,5.95));
#5119=CARTESIAN_POINT('Ctrl Pts',(-21.4629219608139,7.3645682562767,5.95));
#5120=CARTESIAN_POINT('Ctrl Pts',(-21.519084207285,7.51738642933321,5.95));
#5121=CARTESIAN_POINT('Ctrl Pts',(-21.595787192394,7.66575703144762,5.95));
#5122=CARTESIAN_POINT('Ctrl Pts',(-21.68332136444,7.80380796846612,5.95));
#5123=CARTESIAN_POINT('',(-21.376769617648,6.92259100198702,6.25));
#5124=CARTESIAN_POINT('Origin',(-21.4170174720126,6.6015596352757,6.25));
#5125=CARTESIAN_POINT('',(-21.4170174720126,6.6015596352757,5.95));
#5126=CARTESIAN_POINT('',(-21.5535820607558,5.51227134250391,5.95));
#5127=CARTESIAN_POINT('',(-21.4170174720126,6.6015596352757,6.25));
#5128=CARTESIAN_POINT('Origin',(-21.218570958379,6.57668030195142,6.25));
#5129=CARTESIAN_POINT('',(-21.393650709391,6.48000000000002,5.95));
#5130=CARTESIAN_POINT('Origin',(-21.218570958379,6.57668030195142,5.95));
#5131=CARTESIAN_POINT('',(-21.393650709391,6.48000000000002,6.25));
#5132=CARTESIAN_POINT('Origin',(-20.4755196534034,6.48000000000024,6.25));
#5133=CARTESIAN_POINT('',(-20.4755196534034,6.48000000000024,5.95));
#5134=CARTESIAN_POINT('',(-20.2129406353033,6.4800000000003,5.95));
#5135=CARTESIAN_POINT('',(-20.4755196534034,6.48000000000024,6.25));
#5136=CARTESIAN_POINT('Origin',(-20.650599404416,6.57668030195142,6.25));
#5137=CARTESIAN_POINT('',(-20.4521528907824,6.60155963527557,5.95));
#5138=CARTESIAN_POINT('Origin',(-20.650599404416,6.57668030195142,5.95));
#5139=CARTESIAN_POINT('',(-20.4521528907824,6.60155963527557,6.25));
#5140=CARTESIAN_POINT('Origin',(-20.492400745147,6.92259100198702,6.25));
#5141=CARTESIAN_POINT('',(-20.492400745147,6.92259100198702,5.95));
#5142=CARTESIAN_POINT('',(-20.3204818314934,5.55130389402784,5.95));
#5143=CARTESIAN_POINT('',(-20.492400745147,6.92259100198702,6.25));
#5144=CARTESIAN_POINT('Ctrl Pts',(-20.185848998354,7.80380796846612,6.25));
#5145=CARTESIAN_POINT('Ctrl Pts',(-20.185848998354,7.80380796846612,3.));
#5146=CARTESIAN_POINT('Ctrl Pts',(-20.265265586329,7.67855934694492,6.25));
#5147=CARTESIAN_POINT('Ctrl Pts',(-20.265265586329,7.67855934694492,3.));
#5148=CARTESIAN_POINT('Ctrl Pts',(-20.335664886327,7.54497693413152,6.25));
#5149=CARTESIAN_POINT('Ctrl Pts',(-20.335664886327,7.54497693413152,3.));
#5150=CARTESIAN_POINT('Ctrl Pts',(-20.474044101689,7.19413717498212,6.25));
#5151=CARTESIAN_POINT('Ctrl Pts',(-20.474044101689,7.19413717498212,3.));
#5152=CARTESIAN_POINT('Ctrl Pts',(-20.487654071227,7.05159937181742,6.25));
#5153=CARTESIAN_POINT('Ctrl Pts',(-20.487654071227,7.05159937181742,3.));
#5154=CARTESIAN_POINT('Ctrl Pts',(-20.494959779031,6.96192866371702,6.25));
#5155=CARTESIAN_POINT('Ctrl Pts',(-20.494959779031,6.96192866371702,3.));
#5156=CARTESIAN_POINT('Ctrl Pts',(-20.494689858666,6.94084979498662,6.25));
#5157=CARTESIAN_POINT('Ctrl Pts',(-20.494689858666,6.94084979498662,3.));
#5158=CARTESIAN_POINT('Ctrl Pts',(-20.492400745147,6.92259100198702,6.25));
#5159=CARTESIAN_POINT('Ctrl Pts',(-20.492400745147,6.92259100198702,3.));
#5160=CARTESIAN_POINT('',(-20.185848998354,7.80380796846612,5.95));
#5161=CARTESIAN_POINT('Ctrl Pts',(-20.185848998354,7.80380796846612,5.95));
#5162=CARTESIAN_POINT('Ctrl Pts',(-20.265265586329,7.67855934694492,5.95));
#5163=CARTESIAN_POINT('Ctrl Pts',(-20.335664886327,7.54497693413152,5.95));
#5164=CARTESIAN_POINT('Ctrl Pts',(-20.3899555441763,7.40733110867954,5.95));
#5165=CARTESIAN_POINT('Ctrl Pts',(-20.474044101689,7.19413717498212,5.95));
#5166=CARTESIAN_POINT('Ctrl Pts',(-20.487654071227,7.05159937181742,5.95));
#5167=CARTESIAN_POINT('Ctrl Pts',(-20.4913114963141,7.00670791076023,5.95));
#5168=CARTESIAN_POINT('Ctrl Pts',(-20.494959779031,6.96192866371702,5.95));
#5169=CARTESIAN_POINT('Ctrl Pts',(-20.494689858666,6.94084979498662,5.95));
#5170=CARTESIAN_POINT('Ctrl Pts',(-20.492400745147,6.92259100198702,5.95));
#5171=CARTESIAN_POINT('',(-20.185848998354,7.80380796846612,6.25));
#5172=CARTESIAN_POINT('Origin',(-19.99210738532,3.0077195427426,6.25));
#5173=CARTESIAN_POINT('',(-19.7983657722865,7.80380796846612,5.95));
#5174=CARTESIAN_POINT('Origin',(-19.99210738532,3.0077195427426,5.95));
#5175=CARTESIAN_POINT('',(-19.7983657722865,7.80380796846612,6.25));
#5176=CARTESIAN_POINT('Ctrl Pts',(-19.4918140254937,6.92259100198702,6.25));
#5177=CARTESIAN_POINT('Ctrl Pts',(-19.4918140254937,6.92259100198702,3.));
#5178=CARTESIAN_POINT('Ctrl Pts',(-19.4830257569702,6.99268939355692,6.25));
#5179=CARTESIAN_POINT('Ctrl Pts',(-19.4830257569702,6.99268939355692,3.));
#5180=CARTESIAN_POINT('Ctrl Pts',(-19.5043365001459,7.10082434340462,6.25));
#5181=CARTESIAN_POINT('Ctrl Pts',(-19.5043365001459,7.10082434340462,3.));
#5182=CARTESIAN_POINT('Ctrl Pts',(-19.5252803716296,7.20037342442721,6.25));
#5183=CARTESIAN_POINT('Ctrl Pts',(-19.5252803716296,7.20037342442721,3.));
#5184=CARTESIAN_POINT('Ctrl Pts',(-19.5446189909147,7.27382962555232,6.25));
#5185=CARTESIAN_POINT('Ctrl Pts',(-19.5446189909147,7.27382962555232,3.));
#5186=CARTESIAN_POINT('Ctrl Pts',(-19.6341286151312,7.51738642933321,6.25));
#5187=CARTESIAN_POINT('Ctrl Pts',(-19.6341286151312,7.51738642933321,3.));
#5188=CARTESIAN_POINT('Ctrl Pts',(-19.7108316002403,7.66575703144762,6.25));
#5189=CARTESIAN_POINT('Ctrl Pts',(-19.7108316002403,7.66575703144762,3.));
#5190=CARTESIAN_POINT('Ctrl Pts',(-19.7983657722865,7.80380796846612,6.25));
#5191=CARTESIAN_POINT('Ctrl Pts',(-19.7983657722865,7.80380796846612,3.));
#5192=CARTESIAN_POINT('',(-19.4918140254937,6.92259100198702,5.95));
#5193=CARTESIAN_POINT('Ctrl Pts',(-19.4918140254937,6.92259100198702,5.95));
#5194=CARTESIAN_POINT('Ctrl Pts',(-19.4830257569702,6.99268939355692,5.95));
#5195=CARTESIAN_POINT('Ctrl Pts',(-19.5043365001459,7.10082434340462,5.95));
#5196=CARTESIAN_POINT('Ctrl Pts',(-19.5130983332836,7.14247053272579,5.95));
#5197=CARTESIAN_POINT('Ctrl Pts',(-19.5252803716296,7.20037342442721,5.95));
#5198=CARTESIAN_POINT('Ctrl Pts',(-19.5446189909147,7.27382962555232,5.95));
#5199=CARTESIAN_POINT('Ctrl Pts',(-19.5779663686598,7.3645682562767,5.95));
#5200=CARTESIAN_POINT('Ctrl Pts',(-19.6341286151312,7.51738642933321,5.95));
#5201=CARTESIAN_POINT('Ctrl Pts',(-19.7108316002403,7.66575703144762,5.95));
#5202=CARTESIAN_POINT('Ctrl Pts',(-19.7983657722865,7.80380796846612,5.95));
#5203=CARTESIAN_POINT('',(-19.4918140254937,6.92259100198702,6.25));
#5204=CARTESIAN_POINT('Origin',(-19.5320618798585,6.60155963527562,6.25));
#5205=CARTESIAN_POINT('',(-19.5320618798585,6.60155963527562,5.95));
#5206=CARTESIAN_POINT('',(-19.6832108701596,5.39594090853076,5.95));
#5207=CARTESIAN_POINT('',(-19.5320618798585,6.60155963527562,6.25));
#5208=CARTESIAN_POINT('Origin',(-19.3336153662248,6.57668030195142,6.25));
#5209=CARTESIAN_POINT('',(-19.5086951172372,6.48000000000002,5.95));
#5210=CARTESIAN_POINT('Origin',(-19.3336153662248,6.57668030195142,5.95));
#5211=CARTESIAN_POINT('',(-19.5086951172372,6.48000000000002,6.25));
#5212=CARTESIAN_POINT('Origin',(-18.5905640612493,6.48000000000002,6.25));
#5213=CARTESIAN_POINT('',(-18.5905640612493,6.48000000000002,5.95));
#5214=CARTESIAN_POINT('',(-19.2704628392259,6.48000000000002,5.95));
#5215=CARTESIAN_POINT('',(-18.5905640612493,6.48000000000002,6.25));
#5216=CARTESIAN_POINT('Origin',(-18.7656438122618,6.57668030195142,6.25));
#5217=CARTESIAN_POINT('',(-18.5671972986281,6.60155963527562,5.95));
#5218=CARTESIAN_POINT('Origin',(-18.7656438122618,6.57668030195142,5.95));
#5219=CARTESIAN_POINT('',(-18.5671972986281,6.60155963527562,6.25));
#5220=CARTESIAN_POINT('Origin',(-18.6074451529929,6.92259100198702,6.25));
#5221=CARTESIAN_POINT('',(-18.6074451529929,6.92259100198702,5.95));
#5222=CARTESIAN_POINT('',(-18.4501106408979,5.66763432800142,5.95));
#5223=CARTESIAN_POINT('',(-18.6074451529929,6.92259100198702,6.25));
#5224=CARTESIAN_POINT('Ctrl Pts',(-18.3008934062,7.80380796846612,6.25));
#5225=CARTESIAN_POINT('Ctrl Pts',(-18.3008934062,7.80380796846612,3.));
#5226=CARTESIAN_POINT('Ctrl Pts',(-18.3803099941752,7.67855934694492,6.25));
#5227=CARTESIAN_POINT('Ctrl Pts',(-18.3803099941752,7.67855934694492,3.));
#5228=CARTESIAN_POINT('Ctrl Pts',(-18.4507092941732,7.54497693413152,6.25));
#5229=CARTESIAN_POINT('Ctrl Pts',(-18.4507092941732,7.54497693413152,3.));
#5230=CARTESIAN_POINT('Ctrl Pts',(-18.5890885095347,7.19413717498212,6.25));
#5231=CARTESIAN_POINT('Ctrl Pts',(-18.5890885095347,7.19413717498212,3.));
#5232=CARTESIAN_POINT('Ctrl Pts',(-18.6026984790729,7.05159937181742,6.25));
#5233=CARTESIAN_POINT('Ctrl Pts',(-18.6026984790729,7.05159937181742,3.));
#5234=CARTESIAN_POINT('Ctrl Pts',(-18.6100041868769,6.96192866371702,6.25));
#5235=CARTESIAN_POINT('Ctrl Pts',(-18.6100041868769,6.96192866371702,3.));
#5236=CARTESIAN_POINT('Ctrl Pts',(-18.6097342665118,6.94084979498662,6.25));
#5237=CARTESIAN_POINT('Ctrl Pts',(-18.6097342665118,6.94084979498662,3.));
#5238=CARTESIAN_POINT('Ctrl Pts',(-18.6074451529929,6.92259100198702,6.25));
#5239=CARTESIAN_POINT('Ctrl Pts',(-18.6074451529929,6.92259100198702,3.));
#5240=CARTESIAN_POINT('',(-18.3008934062,7.80380796846612,5.95));
#5241=CARTESIAN_POINT('Ctrl Pts',(-18.3008934062,7.80380796846612,5.95));
#5242=CARTESIAN_POINT('Ctrl Pts',(-18.3803099941752,7.67855934694492,5.95));
#5243=CARTESIAN_POINT('Ctrl Pts',(-18.4507092941732,7.54497693413152,5.95));
#5244=CARTESIAN_POINT('Ctrl Pts',(-18.5049999520223,7.40733110867954,5.95));
#5245=CARTESIAN_POINT('Ctrl Pts',(-18.5890885095347,7.19413717498212,5.95));
#5246=CARTESIAN_POINT('Ctrl Pts',(-18.6026984790729,7.05159937181742,5.95));
#5247=CARTESIAN_POINT('Ctrl Pts',(-18.60635590416,7.00670791076023,5.95));
#5248=CARTESIAN_POINT('Ctrl Pts',(-18.6100041868769,6.96192866371702,5.95));
#5249=CARTESIAN_POINT('Ctrl Pts',(-18.6097342665118,6.94084979498662,5.95));
#5250=CARTESIAN_POINT('Ctrl Pts',(-18.6074451529929,6.92259100198702,5.95));
#5251=CARTESIAN_POINT('',(-18.3008934062,7.80380796846612,6.25));
#5252=CARTESIAN_POINT('Origin',(-18.1071517931663,3.00771954274075,6.25));
#5253=CARTESIAN_POINT('',(-17.9134101801326,7.80380796846612,5.95));
#5254=CARTESIAN_POINT('Origin',(-18.1071517931663,3.00771954274075,5.95));
#5255=CARTESIAN_POINT('',(-17.9134101801326,7.80380796846612,6.25));
#5256=CARTESIAN_POINT('Ctrl Pts',(-17.6068584333398,6.92259100198702,6.25));
#5257=CARTESIAN_POINT('Ctrl Pts',(-17.6068584333398,6.92259100198702,3.));
#5258=CARTESIAN_POINT('Ctrl Pts',(-17.5980701648163,6.99268939355692,6.25));
#5259=CARTESIAN_POINT('Ctrl Pts',(-17.5980701648163,6.99268939355692,3.));
#5260=CARTESIAN_POINT('Ctrl Pts',(-17.619380907992,7.10082434340462,6.25));
#5261=CARTESIAN_POINT('Ctrl Pts',(-17.619380907992,7.10082434340462,3.));
#5262=CARTESIAN_POINT('Ctrl Pts',(-17.6403247794758,7.20037342442721,6.25));
#5263=CARTESIAN_POINT('Ctrl Pts',(-17.6403247794758,7.20037342442721,3.));
#5264=CARTESIAN_POINT('Ctrl Pts',(-17.6596633987608,7.27382962555232,6.25));
#5265=CARTESIAN_POINT('Ctrl Pts',(-17.6596633987608,7.27382962555232,3.));
#5266=CARTESIAN_POINT('Ctrl Pts',(-17.7491730229773,7.51738642933321,6.25));
#5267=CARTESIAN_POINT('Ctrl Pts',(-17.7491730229773,7.51738642933321,3.));
#5268=CARTESIAN_POINT('Ctrl Pts',(-17.8258760080864,7.66575703144762,6.25));
#5269=CARTESIAN_POINT('Ctrl Pts',(-17.8258760080864,7.66575703144762,3.));
#5270=CARTESIAN_POINT('Ctrl Pts',(-17.9134101801326,7.80380796846612,6.25));
#5271=CARTESIAN_POINT('Ctrl Pts',(-17.9134101801326,7.80380796846612,3.));
#5272=CARTESIAN_POINT('',(-17.6068584333398,6.92259100198702,5.95));
#5273=CARTESIAN_POINT('Ctrl Pts',(-17.6068584333398,6.92259100198702,5.95));
#5274=CARTESIAN_POINT('Ctrl Pts',(-17.5980701648163,6.99268939355692,5.95));
#5275=CARTESIAN_POINT('Ctrl Pts',(-17.619380907992,7.10082434340462,5.95));
#5276=CARTESIAN_POINT('Ctrl Pts',(-17.6281427411297,7.14247053272579,5.95));
#5277=CARTESIAN_POINT('Ctrl Pts',(-17.6403247794758,7.20037342442721,5.95));
#5278=CARTESIAN_POINT('Ctrl Pts',(-17.6596633987608,7.27382962555232,5.95));
#5279=CARTESIAN_POINT('Ctrl Pts',(-17.6930107765059,7.3645682562767,5.95));
#5280=CARTESIAN_POINT('Ctrl Pts',(-17.7491730229773,7.51738642933321,5.95));
#5281=CARTESIAN_POINT('Ctrl Pts',(-17.8258760080864,7.66575703144762,5.95));
#5282=CARTESIAN_POINT('Ctrl Pts',(-17.9134101801326,7.80380796846612,5.95));
#5283=CARTESIAN_POINT('',(-17.6068584333398,6.92259100198702,6.25));
#5284=CARTESIAN_POINT('Origin',(-17.6471062877046,6.60155963527562,6.25));
#5285=CARTESIAN_POINT('',(-17.6471062877046,6.60155963527562,5.95));
#5286=CARTESIAN_POINT('',(-17.8128396795635,5.27961047455734,5.95));
#5287=CARTESIAN_POINT('',(-17.6471062877046,6.60155963527562,6.25));
#5288=CARTESIAN_POINT('Origin',(-17.4486597740709,6.57668030195142,6.25));
#5289=CARTESIAN_POINT('',(-17.6237395250834,6.47999999999998,5.95));
#5290=CARTESIAN_POINT('Origin',(-17.4486597740709,6.57668030195142,5.95));
#5291=CARTESIAN_POINT('',(-17.6237395250834,6.47999999999998,6.25));
#5292=CARTESIAN_POINT('Origin',(-15.6599033919918,6.48000000000002,6.25));
#5293=CARTESIAN_POINT('',(-15.6599033919918,6.48000000000002,5.95));
#5294=CARTESIAN_POINT('',(-17.8051325045972,6.48000000000002,5.95));
#5295=CARTESIAN_POINT('',(-15.6599033919918,6.48000000000002,6.25));
#5296=CARTESIAN_POINT('Origin',(-15.6599033919918,6.98000000000002,6.25));
#5297=CARTESIAN_POINT('',(-15.1599033919918,6.98000000000002,5.95));
#5298=CARTESIAN_POINT('Origin',(-15.6599033919918,6.98000000000002,5.95));
#5299=CARTESIAN_POINT('',(-15.1599033919918,6.98000000000002,6.25));
#5300=CARTESIAN_POINT('Origin',(-15.1599033919918,7.48000000000002,6.25));
#5301=CARTESIAN_POINT('',(-15.1599033919918,7.48000000000002,5.95));
#5302=CARTESIAN_POINT('',(-15.1599033919918,5.84243268846184,5.95));
#5303=CARTESIAN_POINT('',(-15.1599033919918,7.48000000000002,6.25));
#5304=CARTESIAN_POINT('Origin',(-14.6599033919918,7.48000000000002,6.25));
#5305=CARTESIAN_POINT('',(-15.0600043239111,7.77986537692332,5.95));
#5306=CARTESIAN_POINT('Origin',(-14.6599033919918,7.48000000000002,5.95));
#5307=CARTESIAN_POINT('',(-15.0600043239111,7.77986537692332,6.25));
#5308=CARTESIAN_POINT('Origin',(-33.6702087984804,6.48000000000025,6.25));
#5309=CARTESIAN_POINT('',(-33.6702087984804,6.48000000000025,5.95));
#5310=CARTESIAN_POINT('',(-26.8102852078433,6.48000000001122,5.95));
#5311=CARTESIAN_POINT('',(-33.6702087984804,6.48000000000025,6.25));
#5312=CARTESIAN_POINT('Origin',(-33.845288549493,6.57668030195143,6.25));
#5313=CARTESIAN_POINT('',(-33.6468420358594,6.60155963527558,5.95));
#5314=CARTESIAN_POINT('Origin',(-33.845288549493,6.57668030195143,5.95));
#5315=CARTESIAN_POINT('',(-33.6468420358594,6.60155963527558,6.25));
#5316=CARTESIAN_POINT('Origin',(-33.687089890224,6.92259100198703,6.25));
#5317=CARTESIAN_POINT('',(-33.687089890224,6.92259100198703,5.95));
#5318=CARTESIAN_POINT('',(-33.4130801656651,4.73699085620907,5.95));
#5319=CARTESIAN_POINT('',(-33.687089890224,6.92259100198703,6.25));
#5320=CARTESIAN_POINT('Ctrl Pts',(-33.380538143431,7.80380796846613,6.25));
#5321=CARTESIAN_POINT('Ctrl Pts',(-33.380538143431,7.80380796846613,3.));
#5322=CARTESIAN_POINT('Ctrl Pts',(-33.459954731406,7.67855934694493,6.25));
#5323=CARTESIAN_POINT('Ctrl Pts',(-33.459954731406,7.67855934694493,3.));
#5324=CARTESIAN_POINT('Ctrl Pts',(-33.530354031404,7.54497693413153,6.25));
#5325=CARTESIAN_POINT('Ctrl Pts',(-33.530354031404,7.54497693413153,3.));
#5326=CARTESIAN_POINT('Ctrl Pts',(-33.668733246766,7.19413717498212,6.25));
#5327=CARTESIAN_POINT('Ctrl Pts',(-33.668733246766,7.19413717498212,3.));
#5328=CARTESIAN_POINT('Ctrl Pts',(-33.682343216304,7.05159937181743,6.25));
#5329=CARTESIAN_POINT('Ctrl Pts',(-33.682343216304,7.05159937181743,3.));
#5330=CARTESIAN_POINT('Ctrl Pts',(-33.689648924108,6.96192866371702,6.25));
#5331=CARTESIAN_POINT('Ctrl Pts',(-33.689648924108,6.96192866371702,3.));
#5332=CARTESIAN_POINT('Ctrl Pts',(-33.689379003743,6.94084979498663,6.25));
#5333=CARTESIAN_POINT('Ctrl Pts',(-33.689379003743,6.94084979498663,3.));
#5334=CARTESIAN_POINT('Ctrl Pts',(-33.687089890224,6.92259100198703,6.25));
#5335=CARTESIAN_POINT('Ctrl Pts',(-33.687089890224,6.92259100198703,3.));
#5336=CARTESIAN_POINT('',(-33.380538143431,7.80380796846613,5.95));
#5337=CARTESIAN_POINT('Ctrl Pts',(-33.380538143431,7.80380796846613,5.95));
#5338=CARTESIAN_POINT('Ctrl Pts',(-33.459954731406,7.67855934694493,5.95));
#5339=CARTESIAN_POINT('Ctrl Pts',(-33.530354031404,7.54497693413153,5.95));
#5340=CARTESIAN_POINT('Ctrl Pts',(-33.5846446892533,7.40733110867955,5.95));
#5341=CARTESIAN_POINT('Ctrl Pts',(-33.668733246766,7.19413717498212,5.95));
#5342=CARTESIAN_POINT('Ctrl Pts',(-33.682343216304,7.05159937181743,5.95));
#5343=CARTESIAN_POINT('Ctrl Pts',(-33.686000641391,7.00670791076024,5.95));
#5344=CARTESIAN_POINT('Ctrl Pts',(-33.689648924108,6.96192866371702,5.95));
#5345=CARTESIAN_POINT('Ctrl Pts',(-33.689379003743,6.94084979498663,5.95));
#5346=CARTESIAN_POINT('Ctrl Pts',(-33.687089890224,6.92259100198703,5.95));
#5347=CARTESIAN_POINT('',(-33.380538143431,7.80380796846613,6.25));
#5348=CARTESIAN_POINT('Origin',(-33.186796530397,3.00771954273998,6.25));
#5349=CARTESIAN_POINT('',(-32.993054917364,7.80380796846613,5.95));
#5350=CARTESIAN_POINT('Origin',(-33.186796530397,3.00771954273998,5.95));
#5351=CARTESIAN_POINT('',(-32.993054917364,7.80380796846613,6.25));
#5352=CARTESIAN_POINT('Ctrl Pts',(-32.686503170571,6.92259100198703,6.25));
#5353=CARTESIAN_POINT('Ctrl Pts',(-32.686503170571,6.92259100198703,3.));
#5354=CARTESIAN_POINT('Ctrl Pts',(-32.677714902047,6.99268939355693,6.25));
#5355=CARTESIAN_POINT('Ctrl Pts',(-32.677714902047,6.99268939355693,3.));
#5356=CARTESIAN_POINT('Ctrl Pts',(-32.699025645223,7.10082434340463,6.25));
#5357=CARTESIAN_POINT('Ctrl Pts',(-32.699025645223,7.10082434340463,3.));
#5358=CARTESIAN_POINT('Ctrl Pts',(-32.719969516707,7.20037342442722,6.25));
#5359=CARTESIAN_POINT('Ctrl Pts',(-32.719969516707,7.20037342442722,3.));
#5360=CARTESIAN_POINT('Ctrl Pts',(-32.739308135992,7.27382962555233,6.25));
#5361=CARTESIAN_POINT('Ctrl Pts',(-32.739308135992,7.27382962555233,3.));
#5362=CARTESIAN_POINT('Ctrl Pts',(-32.828817760208,7.51738642933322,6.25));
#5363=CARTESIAN_POINT('Ctrl Pts',(-32.828817760208,7.51738642933322,3.));
#5364=CARTESIAN_POINT('Ctrl Pts',(-32.905520745317,7.66575703144763,6.25));
#5365=CARTESIAN_POINT('Ctrl Pts',(-32.905520745317,7.66575703144763,3.));
#5366=CARTESIAN_POINT('Ctrl Pts',(-32.993054917364,7.80380796846613,6.25));
#5367=CARTESIAN_POINT('Ctrl Pts',(-32.993054917364,7.80380796846613,3.));
#5368=CARTESIAN_POINT('',(-32.686503170571,6.92259100198703,5.95));
#5369=CARTESIAN_POINT('Ctrl Pts',(-32.686503170571,6.92259100198703,5.95));
#5370=CARTESIAN_POINT('Ctrl Pts',(-32.677714902047,6.99268939355693,5.95));
#5371=CARTESIAN_POINT('Ctrl Pts',(-32.699025645223,7.10082434340463,5.95));
#5372=CARTESIAN_POINT('Ctrl Pts',(-32.7077874783608,7.1424705327258,5.95));
#5373=CARTESIAN_POINT('Ctrl Pts',(-32.719969516707,7.20037342442722,5.95));
#5374=CARTESIAN_POINT('Ctrl Pts',(-32.739308135992,7.27382962555233,5.95));
#5375=CARTESIAN_POINT('Ctrl Pts',(-32.7726555137369,7.36456825627671,5.95));
#5376=CARTESIAN_POINT('Ctrl Pts',(-32.828817760208,7.51738642933322,5.95));
#5377=CARTESIAN_POINT('Ctrl Pts',(-32.905520745317,7.66575703144763,5.95));
#5378=CARTESIAN_POINT('Ctrl Pts',(-32.993054917364,7.80380796846613,5.95));
#5379=CARTESIAN_POINT('',(-32.686503170571,6.92259100198703,6.25));
#5380=CARTESIAN_POINT('Origin',(-32.7267510249357,6.60155963527558,6.25));
#5381=CARTESIAN_POINT('',(-32.7267510249357,6.60155963527558,5.95));
#5382=CARTESIAN_POINT('',(-32.7758092043328,6.21025394634286,5.95));
#5383=CARTESIAN_POINT('',(-32.7267510249357,6.60155963527558,6.25));
#5384=CARTESIAN_POINT('Origin',(-32.528304511302,6.57668030195143,6.25));
#5385=CARTESIAN_POINT('',(-32.7033842623144,6.47999999999982,5.95));
#5386=CARTESIAN_POINT('Origin',(-32.528304511302,6.57668030195143,5.95));
#5387=CARTESIAN_POINT('',(-32.7033842623144,6.47999999999982,6.25));
#5388=CARTESIAN_POINT('Origin',(-31.7852532063264,6.48000000000025,6.25));
#5389=CARTESIAN_POINT('',(-31.7852532063264,6.48000000000025,5.95));
#5390=CARTESIAN_POINT('',(-25.8678074117648,6.48000000000173,5.95));
#5391=CARTESIAN_POINT('',(-31.7852532063264,6.48000000000025,6.25));
#5392=CARTESIAN_POINT('Origin',(-31.960332957339,6.57668030195143,6.25));
#5393=CARTESIAN_POINT('',(-31.761886443705,6.60155963527562,5.95));
#5394=CARTESIAN_POINT('Origin',(-31.960332957339,6.57668030195143,5.95));
#5395=CARTESIAN_POINT('',(-31.761886443705,6.60155963527562,6.25));
#5396=CARTESIAN_POINT('Origin',(-31.80213429807,6.92259100198703,6.25));
#5397=CARTESIAN_POINT('',(-31.80213429807,6.92259100198703,5.95));
#5398=CARTESIAN_POINT('',(-31.542708975069,4.85332129018319,5.95));
#5399=CARTESIAN_POINT('',(-31.80213429807,6.92259100198703,6.25));
#5400=CARTESIAN_POINT('Ctrl Pts',(-31.495582551277,7.80380796846613,6.25));
#5401=CARTESIAN_POINT('Ctrl Pts',(-31.495582551277,7.80380796846613,3.));
#5402=CARTESIAN_POINT('Ctrl Pts',(-31.574999139252,7.67855934694493,6.25));
#5403=CARTESIAN_POINT('Ctrl Pts',(-31.574999139252,7.67855934694493,3.));
#5404=CARTESIAN_POINT('Ctrl Pts',(-31.64539843925,7.54497693413153,6.25));
#5405=CARTESIAN_POINT('Ctrl Pts',(-31.64539843925,7.54497693413153,3.));
#5406=CARTESIAN_POINT('Ctrl Pts',(-31.783777654612,7.19413717498212,6.25));
#5407=CARTESIAN_POINT('Ctrl Pts',(-31.783777654612,7.19413717498212,3.));
#5408=CARTESIAN_POINT('Ctrl Pts',(-31.79738762415,7.05159937181743,6.25));
#5409=CARTESIAN_POINT('Ctrl Pts',(-31.79738762415,7.05159937181743,3.));
#5410=CARTESIAN_POINT('Ctrl Pts',(-31.804693331954,6.96192866371702,6.25));
#5411=CARTESIAN_POINT('Ctrl Pts',(-31.804693331954,6.96192866371702,3.));
#5412=CARTESIAN_POINT('Ctrl Pts',(-31.804423411589,6.94084979498663,6.25));
#5413=CARTESIAN_POINT('Ctrl Pts',(-31.804423411589,6.94084979498663,3.));
#5414=CARTESIAN_POINT('Ctrl Pts',(-31.80213429807,6.92259100198703,6.25));
#5415=CARTESIAN_POINT('Ctrl Pts',(-31.80213429807,6.92259100198703,3.));
#5416=CARTESIAN_POINT('',(-31.495582551277,7.80380796846609,5.95));
#5417=CARTESIAN_POINT('Ctrl Pts',(-31.495582551277,7.80380796846613,5.95));
#5418=CARTESIAN_POINT('Ctrl Pts',(-31.574999139252,7.67855934694493,5.95));
#5419=CARTESIAN_POINT('Ctrl Pts',(-31.64539843925,7.54497693413153,5.95));
#5420=CARTESIAN_POINT('Ctrl Pts',(-31.6996890970993,7.40733110867955,5.95));
#5421=CARTESIAN_POINT('Ctrl Pts',(-31.783777654612,7.19413717498212,5.95));
#5422=CARTESIAN_POINT('Ctrl Pts',(-31.79738762415,7.05159937181743,5.95));
#5423=CARTESIAN_POINT('Ctrl Pts',(-31.801045049237,7.00670791076024,5.95));
#5424=CARTESIAN_POINT('Ctrl Pts',(-31.804693331954,6.96192866371702,5.95));
#5425=CARTESIAN_POINT('Ctrl Pts',(-31.804423411589,6.94084979498663,5.95));
#5426=CARTESIAN_POINT('Ctrl Pts',(-31.80213429807,6.92259100198703,5.95));
#5427=CARTESIAN_POINT('',(-31.495582551277,7.80380796846609,6.25));
#5428=CARTESIAN_POINT('Origin',(-31.301840938243,3.00771954274126,6.25));
#5429=CARTESIAN_POINT('',(-31.10809932521,7.80380796846613,5.95));
#5430=CARTESIAN_POINT('Origin',(-31.301840938243,3.00771954274126,5.95));
#5431=CARTESIAN_POINT('',(-31.10809932521,7.80380796846613,6.25));
#5432=CARTESIAN_POINT('Ctrl Pts',(-30.801547578417,6.92259100198703,6.25));
#5433=CARTESIAN_POINT('Ctrl Pts',(-30.801547578417,6.92259100198703,3.));
#5434=CARTESIAN_POINT('Ctrl Pts',(-30.792759309893,6.99268939355693,6.25));
#5435=CARTESIAN_POINT('Ctrl Pts',(-30.792759309893,6.99268939355693,3.));
#5436=CARTESIAN_POINT('Ctrl Pts',(-30.814070053069,7.10082434340463,6.25));
#5437=CARTESIAN_POINT('Ctrl Pts',(-30.814070053069,7.10082434340463,3.));
#5438=CARTESIAN_POINT('Ctrl Pts',(-30.835013924553,7.20037342442722,6.25));
#5439=CARTESIAN_POINT('Ctrl Pts',(-30.835013924553,7.20037342442722,3.));
#5440=CARTESIAN_POINT('Ctrl Pts',(-30.854352543838,7.27382962555233,6.25));
#5441=CARTESIAN_POINT('Ctrl Pts',(-30.854352543838,7.27382962555233,3.));
#5442=CARTESIAN_POINT('Ctrl Pts',(-30.943862168054,7.51738642933322,6.25));
#5443=CARTESIAN_POINT('Ctrl Pts',(-30.943862168054,7.51738642933322,3.));
#5444=CARTESIAN_POINT('Ctrl Pts',(-31.020565153164,7.66575703144763,6.25));
#5445=CARTESIAN_POINT('Ctrl Pts',(-31.020565153164,7.66575703144763,3.));
#5446=CARTESIAN_POINT('Ctrl Pts',(-31.10809932521,7.80380796846613,6.25));
#5447=CARTESIAN_POINT('Ctrl Pts',(-31.10809932521,7.80380796846613,3.));
#5448=CARTESIAN_POINT('',(-30.801547578417,6.92259100198703,5.95));
#5449=CARTESIAN_POINT('Ctrl Pts',(-30.801547578417,6.92259100198703,5.95));
#5450=CARTESIAN_POINT('Ctrl Pts',(-30.792759309893,6.99268939355693,5.95));
#5451=CARTESIAN_POINT('Ctrl Pts',(-30.814070053069,7.10082434340463,5.95));
#5452=CARTESIAN_POINT('Ctrl Pts',(-30.8228318862068,7.1424705327258,5.95));
#5453=CARTESIAN_POINT('Ctrl Pts',(-30.835013924553,7.20037342442722,5.95));
#5454=CARTESIAN_POINT('Ctrl Pts',(-30.854352543838,7.27382962555233,5.95));
#5455=CARTESIAN_POINT('Ctrl Pts',(-30.8876999215829,7.36456825627671,5.95));
#5456=CARTESIAN_POINT('Ctrl Pts',(-30.943862168054,7.51738642933322,5.95));
#5457=CARTESIAN_POINT('Ctrl Pts',(-31.020565153164,7.66575703144763,5.95));
#5458=CARTESIAN_POINT('Ctrl Pts',(-31.10809932521,7.80380796846613,5.95));
#5459=CARTESIAN_POINT('',(-30.801547578417,6.92259100198703,6.25));
#5460=CARTESIAN_POINT('Origin',(-30.8417954327817,6.60155963527558,6.25));
#5461=CARTESIAN_POINT('',(-30.8417954327817,6.60155963527558,5.95));
#5462=CARTESIAN_POINT('',(-30.9054380137364,6.09392351236938,5.95));
#5463=CARTESIAN_POINT('',(-30.8417954327817,6.60155963527558,6.25));
#5464=CARTESIAN_POINT('Origin',(-30.643348919148,6.57668030195143,6.25));
#5465=CARTESIAN_POINT('',(-30.8184286701604,6.47999999999982,5.95));
#5466=CARTESIAN_POINT('Origin',(-30.643348919148,6.57668030195143,5.95));
#5467=CARTESIAN_POINT('',(-30.8184286701604,6.47999999999982,6.25));
#5468=CARTESIAN_POINT('Origin',(-29.9002976141727,6.47999999999983,6.25));
#5469=CARTESIAN_POINT('',(-29.9002976141727,6.47999999999983,5.95));
#5470=CARTESIAN_POINT('',(-24.9253296156874,6.47999999999877,5.95));
#5471=CARTESIAN_POINT('',(-29.9002976141727,6.47999999999983,6.25));
#5472=CARTESIAN_POINT('Origin',(-30.075377365185,6.57668030195143,6.25));
#5473=CARTESIAN_POINT('',(-29.876930851551,6.60155963527562,5.95));
#5474=CARTESIAN_POINT('Origin',(-30.075377365185,6.57668030195143,5.95));
#5475=CARTESIAN_POINT('',(-29.876930851551,6.60155963527562,6.25));
#5476=CARTESIAN_POINT('Origin',(-29.917178705916,6.92259100198703,6.25));
#5477=CARTESIAN_POINT('',(-29.917178705916,6.92259100198703,5.95));
#5478=CARTESIAN_POINT('',(-29.6723377844729,4.96965172415731,5.95));
#5479=CARTESIAN_POINT('',(-29.917178705916,6.92259100198703,6.25));
#5480=CARTESIAN_POINT('Ctrl Pts',(-29.610626959123,7.80380796846613,6.25));
#5481=CARTESIAN_POINT('Ctrl Pts',(-29.610626959123,7.80380796846613,3.));
#5482=CARTESIAN_POINT('Ctrl Pts',(-29.690043547098,7.67855934694493,6.25));
#5483=CARTESIAN_POINT('Ctrl Pts',(-29.690043547098,7.67855934694493,3.));
#5484=CARTESIAN_POINT('Ctrl Pts',(-29.760442847097,7.54497693413153,6.25));
#5485=CARTESIAN_POINT('Ctrl Pts',(-29.760442847097,7.54497693413153,3.));
#5486=CARTESIAN_POINT('Ctrl Pts',(-29.898822062458,7.19413717498212,6.25));
#5487=CARTESIAN_POINT('Ctrl Pts',(-29.898822062458,7.19413717498212,3.));
#5488=CARTESIAN_POINT('Ctrl Pts',(-29.912432031996,7.05159937181743,6.25));
#5489=CARTESIAN_POINT('Ctrl Pts',(-29.912432031996,7.05159937181743,3.));
#5490=CARTESIAN_POINT('Ctrl Pts',(-29.9197377398,6.96192866371702,6.25));
#5491=CARTESIAN_POINT('Ctrl Pts',(-29.9197377398,6.96192866371702,3.));
#5492=CARTESIAN_POINT('Ctrl Pts',(-29.919467819435,6.94084979498663,6.25));
#5493=CARTESIAN_POINT('Ctrl Pts',(-29.919467819435,6.94084979498663,3.));
#5494=CARTESIAN_POINT('Ctrl Pts',(-29.917178705916,6.92259100198703,6.25));
#5495=CARTESIAN_POINT('Ctrl Pts',(-29.917178705916,6.92259100198703,3.));
#5496=CARTESIAN_POINT('',(-29.610626959123,7.80380796846613,5.95));
#5497=CARTESIAN_POINT('Ctrl Pts',(-29.610626959123,7.80380796846613,5.95));
#5498=CARTESIAN_POINT('Ctrl Pts',(-29.690043547098,7.67855934694493,5.95));
#5499=CARTESIAN_POINT('Ctrl Pts',(-29.760442847097,7.54497693413153,5.95));
#5500=CARTESIAN_POINT('Ctrl Pts',(-29.8147335049459,7.40733110867955,5.95));
#5501=CARTESIAN_POINT('Ctrl Pts',(-29.898822062458,7.19413717498212,5.95));
#5502=CARTESIAN_POINT('Ctrl Pts',(-29.912432031996,7.05159937181743,5.95));
#5503=CARTESIAN_POINT('Ctrl Pts',(-29.916089457083,7.00670791076024,5.95));
#5504=CARTESIAN_POINT('Ctrl Pts',(-29.9197377398,6.96192866371702,5.95));
#5505=CARTESIAN_POINT('Ctrl Pts',(-29.919467819435,6.94084979498663,5.95));
#5506=CARTESIAN_POINT('Ctrl Pts',(-29.917178705916,6.92259100198703,5.95));
#5507=CARTESIAN_POINT('',(-29.610626959123,7.80380796846613,6.25));
#5508=CARTESIAN_POINT('Origin',(-29.41688534609,3.00771954274136,6.25));
#5509=CARTESIAN_POINT('',(-29.223143733056,7.80380796846613,5.95));
#5510=CARTESIAN_POINT('Origin',(-29.41688534609,3.00771954274136,5.95));
#5511=CARTESIAN_POINT('',(-29.223143733056,7.80380796846613,6.25));
#5512=CARTESIAN_POINT('Ctrl Pts',(-28.916591986263,6.92259100198703,6.25));
#5513=CARTESIAN_POINT('Ctrl Pts',(-28.916591986263,6.92259100198703,3.));
#5514=CARTESIAN_POINT('Ctrl Pts',(-28.90780371774,6.99268939355693,6.25));
#5515=CARTESIAN_POINT('Ctrl Pts',(-28.90780371774,6.99268939355693,3.));
#5516=CARTESIAN_POINT('Ctrl Pts',(-28.929114460915,7.10082434340463,6.25));
#5517=CARTESIAN_POINT('Ctrl Pts',(-28.929114460915,7.10082434340463,3.));
#5518=CARTESIAN_POINT('Ctrl Pts',(-28.950058332399,7.20037342442722,6.25));
#5519=CARTESIAN_POINT('Ctrl Pts',(-28.950058332399,7.20037342442722,3.));
#5520=CARTESIAN_POINT('Ctrl Pts',(-28.969396951684,7.27382962555233,6.25));
#5521=CARTESIAN_POINT('Ctrl Pts',(-28.969396951684,7.27382962555233,3.));
#5522=CARTESIAN_POINT('Ctrl Pts',(-29.058906575901,7.51738642933322,6.25));
#5523=CARTESIAN_POINT('Ctrl Pts',(-29.058906575901,7.51738642933322,3.));
#5524=CARTESIAN_POINT('Ctrl Pts',(-29.13560956101,7.66575703144763,6.25));
#5525=CARTESIAN_POINT('Ctrl Pts',(-29.13560956101,7.66575703144763,3.));
#5526=CARTESIAN_POINT('Ctrl Pts',(-29.223143733056,7.80380796846613,6.25));
#5527=CARTESIAN_POINT('Ctrl Pts',(-29.223143733056,7.80380796846613,3.));
#5528=CARTESIAN_POINT('',(-28.916591986263,6.92259100198703,5.95));
#5529=CARTESIAN_POINT('Ctrl Pts',(-28.916591986263,6.92259100198703,5.95));
#5530=CARTESIAN_POINT('Ctrl Pts',(-28.90780371774,6.99268939355693,5.95));
#5531=CARTESIAN_POINT('Ctrl Pts',(-28.929114460915,7.10082434340463,5.95));
#5532=CARTESIAN_POINT('Ctrl Pts',(-28.9378762940528,7.1424705327258,5.95));
#5533=CARTESIAN_POINT('Ctrl Pts',(-28.950058332399,7.20037342442722,5.95));
#5534=CARTESIAN_POINT('Ctrl Pts',(-28.969396951684,7.27382962555233,5.95));
#5535=CARTESIAN_POINT('Ctrl Pts',(-29.0027443294293,7.36456825627671,5.95));
#5536=CARTESIAN_POINT('Ctrl Pts',(-29.058906575901,7.51738642933322,5.95));
#5537=CARTESIAN_POINT('Ctrl Pts',(-29.13560956101,7.66575703144763,5.95));
#5538=CARTESIAN_POINT('Ctrl Pts',(-29.223143733056,7.80380796846613,5.95));
#5539=CARTESIAN_POINT('',(-28.916591986263,6.92259100198703,6.25));
#5540=CARTESIAN_POINT('Origin',(-28.9568398406277,6.60155963527558,6.25));
#5541=CARTESIAN_POINT('',(-28.9568398406277,6.60155963527558,5.95));
#5542=CARTESIAN_POINT('',(-29.0350668231401,5.97759307839652,5.95));
#5543=CARTESIAN_POINT('',(-28.9568398406277,6.60155963527558,6.25));
#5544=CARTESIAN_POINT('Origin',(-28.758393326994,6.57668030195143,6.25));
#5545=CARTESIAN_POINT('',(-28.933473078007,6.48000000000002,5.95));
#5546=CARTESIAN_POINT('Origin',(-28.758393326994,6.57668030195143,5.95));
#5547=CARTESIAN_POINT('',(-28.933473078007,6.48000000000002,6.25));
#5548=CARTESIAN_POINT('Origin',(-28.0153420220186,6.47999999999981,6.25));
#5549=CARTESIAN_POINT('',(-28.0153420220186,6.47999999999981,5.95));
#5550=CARTESIAN_POINT('',(-23.9828518196104,6.47999999999893,5.95));
#5551=CARTESIAN_POINT('',(-28.0153420220186,6.47999999999981,6.25));
#5552=CARTESIAN_POINT('Origin',(-28.190421773031,6.57668030195142,6.25));
#5553=CARTESIAN_POINT('',(-27.991975259398,6.60155963527562,5.95));
#5554=CARTESIAN_POINT('Origin',(-28.190421773031,6.57668030195142,5.95));
#5555=CARTESIAN_POINT('',(-27.991975259398,6.60155963527562,6.25));
#5556=CARTESIAN_POINT('Origin',(-28.032223113762,6.92259100198702,6.25));
#5557=CARTESIAN_POINT('',(-28.032223113762,6.92259100198702,5.95));
#5558=CARTESIAN_POINT('',(-27.8019665938839,5.08598215814235,5.95));
#5559=CARTESIAN_POINT('',(-28.032223113762,6.92259100198702,6.25));
#5560=CARTESIAN_POINT('Ctrl Pts',(-27.725671366969,7.80380796846612,6.25));
#5561=CARTESIAN_POINT('Ctrl Pts',(-27.725671366969,7.80380796846612,3.));
#5562=CARTESIAN_POINT('Ctrl Pts',(-27.805087954945,7.67855934694492,6.25));
#5563=CARTESIAN_POINT('Ctrl Pts',(-27.805087954945,7.67855934694492,3.));
#5564=CARTESIAN_POINT('Ctrl Pts',(-27.875487254943,7.54497693413152,6.25));
#5565=CARTESIAN_POINT('Ctrl Pts',(-27.875487254943,7.54497693413152,3.));
#5566=CARTESIAN_POINT('Ctrl Pts',(-28.013866470304,7.19413717498212,6.25));
#5567=CARTESIAN_POINT('Ctrl Pts',(-28.013866470304,7.19413717498212,3.));
#5568=CARTESIAN_POINT('Ctrl Pts',(-28.027476439842,7.05159937181742,6.25));
#5569=CARTESIAN_POINT('Ctrl Pts',(-28.027476439842,7.05159937181742,3.));
#5570=CARTESIAN_POINT('Ctrl Pts',(-28.034782147646,6.96192866371702,6.25));
#5571=CARTESIAN_POINT('Ctrl Pts',(-28.034782147646,6.96192866371702,3.));
#5572=CARTESIAN_POINT('Ctrl Pts',(-28.034512227281,6.94084979498662,6.25));
#5573=CARTESIAN_POINT('Ctrl Pts',(-28.034512227281,6.94084979498662,3.));
#5574=CARTESIAN_POINT('Ctrl Pts',(-28.032223113762,6.92259100198702,6.25));
#5575=CARTESIAN_POINT('Ctrl Pts',(-28.032223113762,6.92259100198702,3.));
#5576=CARTESIAN_POINT('',(-27.725671366969,7.80380796846612,5.95));
#5577=CARTESIAN_POINT('Ctrl Pts',(-27.725671366969,7.80380796846612,5.95));
#5578=CARTESIAN_POINT('Ctrl Pts',(-27.805087954945,7.67855934694492,5.95));
#5579=CARTESIAN_POINT('Ctrl Pts',(-27.875487254943,7.54497693413152,5.95));
#5580=CARTESIAN_POINT('Ctrl Pts',(-27.9297779127919,7.40733110867954,5.95));
#5581=CARTESIAN_POINT('Ctrl Pts',(-28.013866470304,7.19413717498212,5.95));
#5582=CARTESIAN_POINT('Ctrl Pts',(-28.027476439842,7.05159937181742,5.95));
#5583=CARTESIAN_POINT('Ctrl Pts',(-28.031133864929,7.00670791076023,5.95));
#5584=CARTESIAN_POINT('Ctrl Pts',(-28.034782147646,6.96192866371702,5.95));
#5585=CARTESIAN_POINT('Ctrl Pts',(-28.034512227281,6.94084979498662,5.95));
#5586=CARTESIAN_POINT('Ctrl Pts',(-28.032223113762,6.92259100198702,5.95));
#5587=CARTESIAN_POINT('',(-27.725671366969,7.80380796846612,6.25));
#5588=CARTESIAN_POINT('Origin',(-27.531929753936,3.00771954274121,6.25));
#5589=CARTESIAN_POINT('',(-27.338188140902,7.80380796846612,5.95));
#5590=CARTESIAN_POINT('Origin',(-27.531929753936,3.00771954274121,5.95));
#5591=CARTESIAN_POINT('',(-27.338188140902,7.80380796846612,6.25));
#5592=CARTESIAN_POINT('Ctrl Pts',(-27.031636394109,6.92259100198702,6.25));
#5593=CARTESIAN_POINT('Ctrl Pts',(-27.031636394109,6.92259100198702,3.));
#5594=CARTESIAN_POINT('Ctrl Pts',(-27.022848125586,6.99268939355692,6.25));
#5595=CARTESIAN_POINT('Ctrl Pts',(-27.022848125586,6.99268939355692,3.));
#5596=CARTESIAN_POINT('Ctrl Pts',(-27.044158868761,7.10082434340462,6.25));
#5597=CARTESIAN_POINT('Ctrl Pts',(-27.044158868761,7.10082434340462,3.));
#5598=CARTESIAN_POINT('Ctrl Pts',(-27.065102740245,7.20037342442721,6.25));
#5599=CARTESIAN_POINT('Ctrl Pts',(-27.065102740245,7.20037342442721,3.));
#5600=CARTESIAN_POINT('Ctrl Pts',(-27.08444135953,7.27382962555232,6.25));
#5601=CARTESIAN_POINT('Ctrl Pts',(-27.08444135953,7.27382962555232,3.));
#5602=CARTESIAN_POINT('Ctrl Pts',(-27.173950983747,7.51738642933321,6.25));
#5603=CARTESIAN_POINT('Ctrl Pts',(-27.173950983747,7.51738642933321,3.));
#5604=CARTESIAN_POINT('Ctrl Pts',(-27.250653968856,7.66575703144762,6.25));
#5605=CARTESIAN_POINT('Ctrl Pts',(-27.250653968856,7.66575703144762,3.));
#5606=CARTESIAN_POINT('Ctrl Pts',(-27.338188140902,7.80380796846612,6.25));
#5607=CARTESIAN_POINT('Ctrl Pts',(-27.338188140902,7.80380796846612,3.));
#5608=CARTESIAN_POINT('',(-27.031636394109,6.92259100198702,5.95));
#5609=CARTESIAN_POINT('Ctrl Pts',(-27.031636394109,6.92259100198702,5.95));
#5610=CARTESIAN_POINT('Ctrl Pts',(-27.022848125586,6.99268939355692,5.95));
#5611=CARTESIAN_POINT('Ctrl Pts',(-27.044158868761,7.10082434340462,5.95));
#5612=CARTESIAN_POINT('Ctrl Pts',(-27.0529207018988,7.14247053272579,5.95));
#5613=CARTESIAN_POINT('Ctrl Pts',(-27.065102740245,7.20037342442721,5.95));
#5614=CARTESIAN_POINT('Ctrl Pts',(-27.08444135953,7.27382962555232,5.95));
#5615=CARTESIAN_POINT('Ctrl Pts',(-27.1177887372752,7.3645682562767,5.95));
#5616=CARTESIAN_POINT('Ctrl Pts',(-27.173950983747,7.51738642933321,5.95));
#5617=CARTESIAN_POINT('Ctrl Pts',(-27.250653968856,7.66575703144762,5.95));
#5618=CARTESIAN_POINT('Ctrl Pts',(-27.338188140902,7.80380796846612,5.95));
#5619=CARTESIAN_POINT('',(-27.031636394109,6.92259100198702,6.25));
#5620=CARTESIAN_POINT('Origin',(-27.0718842484737,6.60155963527557,6.25));
#5621=CARTESIAN_POINT('',(-27.0718842484737,6.60155963527557,5.95));
#5622=CARTESIAN_POINT('',(-27.1646956325438,5.86126264442339,5.95));
#5623=CARTESIAN_POINT('',(-27.0718842484737,6.60155963527557,6.25));
#5624=CARTESIAN_POINT('Origin',(-26.87343773484,6.57668030195142,6.25));
#5625=CARTESIAN_POINT('',(-27.048517485853,6.48000000000002,5.95));
#5626=CARTESIAN_POINT('Origin',(-26.87343773484,6.57668030195142,5.95));
#5627=CARTESIAN_POINT('',(-27.048517485853,6.48000000000002,6.25));
#5628=CARTESIAN_POINT('Origin',(-26.1303864298647,6.47999999999982,6.25));
#5629=CARTESIAN_POINT('',(-26.1303864298647,6.47999999999982,5.95));
#5630=CARTESIAN_POINT('',(-23.0403740235334,6.47999999999916,5.95));
#5631=CARTESIAN_POINT('',(-26.1303864298647,6.47999999999982,6.25));
#5632=CARTESIAN_POINT('Origin',(-26.305466180877,6.57668030195142,6.25));
#5633=CARTESIAN_POINT('',(-26.107019667244,6.60155963527562,5.95));
#5634=CARTESIAN_POINT('Origin',(-26.305466180877,6.57668030195142,5.95));
#5635=CARTESIAN_POINT('',(-26.107019667244,6.60155963527562,6.25));
#5636=CARTESIAN_POINT('Origin',(-26.147267521608,6.92259100198702,6.25));
#5637=CARTESIAN_POINT('',(-26.147267521608,6.92259100198702,5.95));
#5638=CARTESIAN_POINT('',(-25.9315954032871,5.20231259211368,5.95));
#5639=CARTESIAN_POINT('',(-26.147267521608,6.92259100198702,6.25));
#5640=CARTESIAN_POINT('Ctrl Pts',(-25.840715774816,7.80380796846612,6.25));
#5641=CARTESIAN_POINT('Ctrl Pts',(-25.840715774816,7.80380796846612,3.));
#5642=CARTESIAN_POINT('Ctrl Pts',(-25.920132362791,7.67855934694492,6.25));
#5643=CARTESIAN_POINT('Ctrl Pts',(-25.920132362791,7.67855934694492,3.));
#5644=CARTESIAN_POINT('Ctrl Pts',(-25.990531662789,7.54497693413152,6.25));
#5645=CARTESIAN_POINT('Ctrl Pts',(-25.990531662789,7.54497693413152,3.));
#5646=CARTESIAN_POINT('Ctrl Pts',(-26.12891087815,7.19413717498212,6.25));
#5647=CARTESIAN_POINT('Ctrl Pts',(-26.12891087815,7.19413717498212,3.));
#5648=CARTESIAN_POINT('Ctrl Pts',(-26.142520847688,7.05159937181742,6.25));
#5649=CARTESIAN_POINT('Ctrl Pts',(-26.142520847688,7.05159937181742,3.));
#5650=CARTESIAN_POINT('Ctrl Pts',(-26.149826555492,6.96192866371702,6.25));
#5651=CARTESIAN_POINT('Ctrl Pts',(-26.149826555492,6.96192866371702,3.));
#5652=CARTESIAN_POINT('Ctrl Pts',(-26.149556635127,6.94084979498662,6.25));
#5653=CARTESIAN_POINT('Ctrl Pts',(-26.149556635127,6.94084979498662,3.));
#5654=CARTESIAN_POINT('Ctrl Pts',(-26.147267521608,6.92259100198702,6.25));
#5655=CARTESIAN_POINT('Ctrl Pts',(-26.147267521608,6.92259100198702,3.));
#5656=CARTESIAN_POINT('',(-25.840715774816,7.80380796846612,5.95));
#5657=CARTESIAN_POINT('Ctrl Pts',(-25.840715774816,7.80380796846612,5.95));
#5658=CARTESIAN_POINT('Ctrl Pts',(-25.920132362791,7.67855934694492,5.95));
#5659=CARTESIAN_POINT('Ctrl Pts',(-25.990531662789,7.54497693413152,5.95));
#5660=CARTESIAN_POINT('Ctrl Pts',(-26.0448223206379,7.40733110867954,5.95));
#5661=CARTESIAN_POINT('Ctrl Pts',(-26.12891087815,7.19413717498212,5.95));
#5662=CARTESIAN_POINT('Ctrl Pts',(-26.142520847688,7.05159937181742,5.95));
#5663=CARTESIAN_POINT('Ctrl Pts',(-26.1461782727751,7.00670791076023,5.95));
#5664=CARTESIAN_POINT('Ctrl Pts',(-26.149826555492,6.96192866371702,5.95));
#5665=CARTESIAN_POINT('Ctrl Pts',(-26.149556635127,6.94084979498662,5.95));
#5666=CARTESIAN_POINT('Ctrl Pts',(-26.147267521608,6.92259100198702,5.95));
#5667=CARTESIAN_POINT('',(-25.840715774816,7.80380796846612,6.25));
#5668=CARTESIAN_POINT('Origin',(-25.646974161782,3.00771954274254,6.25));
#5669=CARTESIAN_POINT('',(-25.453232548748,7.80380796846612,5.95));
#5670=CARTESIAN_POINT('Origin',(-25.646974161782,3.00771954274254,5.95));
#5671=CARTESIAN_POINT('',(-25.453232548748,7.80380796846612,6.25));
#5672=CARTESIAN_POINT('Ctrl Pts',(-25.146680801955,6.92259100198702,6.25));
#5673=CARTESIAN_POINT('Ctrl Pts',(-25.146680801955,6.92259100198702,3.));
#5674=CARTESIAN_POINT('Ctrl Pts',(-25.137892533432,6.99268939355692,6.25));
#5675=CARTESIAN_POINT('Ctrl Pts',(-25.137892533432,6.99268939355692,3.));
#5676=CARTESIAN_POINT('Ctrl Pts',(-25.159203276607,7.10082434340462,6.25));
#5677=CARTESIAN_POINT('Ctrl Pts',(-25.159203276607,7.10082434340462,3.));
#5678=CARTESIAN_POINT('Ctrl Pts',(-25.180147148091,7.20037342442721,6.25));
#5679=CARTESIAN_POINT('Ctrl Pts',(-25.180147148091,7.20037342442721,3.));
#5680=CARTESIAN_POINT('Ctrl Pts',(-25.199485767376,7.27382962555232,6.25));
#5681=CARTESIAN_POINT('Ctrl Pts',(-25.199485767376,7.27382962555232,3.));
#5682=CARTESIAN_POINT('Ctrl Pts',(-25.288995391593,7.51738642933321,6.25));
#5683=CARTESIAN_POINT('Ctrl Pts',(-25.288995391593,7.51738642933321,3.));
#5684=CARTESIAN_POINT('Ctrl Pts',(-25.365698376702,7.66575703144762,6.25));
#5685=CARTESIAN_POINT('Ctrl Pts',(-25.365698376702,7.66575703144762,3.));
#5686=CARTESIAN_POINT('Ctrl Pts',(-25.453232548748,7.80380796846612,6.25));
#5687=CARTESIAN_POINT('Ctrl Pts',(-25.453232548748,7.80380796846612,3.));
#5688=CARTESIAN_POINT('',(-25.146680801955,6.92259100198702,5.95));
#5689=CARTESIAN_POINT('Ctrl Pts',(-25.146680801955,6.92259100198702,5.95));
#5690=CARTESIAN_POINT('Ctrl Pts',(-25.137892533432,6.99268939355692,5.95));
#5691=CARTESIAN_POINT('Ctrl Pts',(-25.159203276607,7.10082434340462,5.95));
#5692=CARTESIAN_POINT('Ctrl Pts',(-25.1679651097448,7.14247053272579,5.95));
#5693=CARTESIAN_POINT('Ctrl Pts',(-25.180147148091,7.20037342442721,5.95));
#5694=CARTESIAN_POINT('Ctrl Pts',(-25.199485767376,7.27382962555232,5.95));
#5695=CARTESIAN_POINT('Ctrl Pts',(-25.2328331451213,7.3645682562767,5.95));
#5696=CARTESIAN_POINT('Ctrl Pts',(-25.288995391593,7.51738642933321,5.95));
#5697=CARTESIAN_POINT('Ctrl Pts',(-25.365698376702,7.66575703144762,5.95));
#5698=CARTESIAN_POINT('Ctrl Pts',(-25.453232548748,7.80380796846612,5.95));
#5699=CARTESIAN_POINT('',(-25.146680801955,6.92259100198702,6.25));
#5700=CARTESIAN_POINT('Origin',(-25.1869286563197,6.60155963527557,6.25));
#5701=CARTESIAN_POINT('',(-25.1869286563197,6.60155963527557,5.95));
#5702=CARTESIAN_POINT('',(-25.2943244419475,5.74493221045021,5.95));
#5703=CARTESIAN_POINT('',(-25.1869286563197,6.60155963527557,6.25));
#5704=CARTESIAN_POINT('Origin',(-24.988482142686,6.57668030195142,6.25));
#5705=CARTESIAN_POINT('',(-25.163561893699,6.48000000000002,5.95));
#5706=CARTESIAN_POINT('Origin',(-24.988482142686,6.57668030195142,5.95));
#5707=CARTESIAN_POINT('',(-25.163561893699,6.48000000000002,6.25));
#5708=CARTESIAN_POINT('Origin',(-24.2454308377106,6.47999999999981,6.25));
#5709=CARTESIAN_POINT('',(-24.2454308377106,6.47999999999981,5.95));
#5710=CARTESIAN_POINT('',(-22.0978962274564,6.47999999999934,5.95));
#5711=CARTESIAN_POINT('',(-24.2454308377106,6.47999999999981,6.25));
#5712=CARTESIAN_POINT('Origin',(-24.420510588723,6.57668030195142,6.25));
#5713=CARTESIAN_POINT('',(-24.22206407509,6.60155963527562,5.95));
#5714=CARTESIAN_POINT('Origin',(-24.420510588723,6.57668030195142,5.95));
#5715=CARTESIAN_POINT('',(-24.22206407509,6.60155963527562,6.25));
#5716=CARTESIAN_POINT('Origin',(-24.262311929455,6.92259100198702,6.25));
#5717=CARTESIAN_POINT('',(-24.262311929455,6.92259100198702,5.95));
#5718=CARTESIAN_POINT('',(-24.0612242126855,5.3186430260795,5.95));
#5719=CARTESIAN_POINT('',(-24.262311929455,6.92259100198702,6.25));
#5720=CARTESIAN_POINT('Ctrl Pts',(-23.955760182662,7.80380796846612,6.25));
#5721=CARTESIAN_POINT('Ctrl Pts',(-23.955760182662,7.80380796846612,3.));
#5722=CARTESIAN_POINT('Ctrl Pts',(-24.035176770637,7.67855934694492,6.25));
#5723=CARTESIAN_POINT('Ctrl Pts',(-24.035176770637,7.67855934694492,3.));
#5724=CARTESIAN_POINT('Ctrl Pts',(-24.105576070635,7.54497693413152,6.25));
#5725=CARTESIAN_POINT('Ctrl Pts',(-24.105576070635,7.54497693413152,3.));
#5726=CARTESIAN_POINT('Ctrl Pts',(-24.243955285996,7.19413717498212,6.25));
#5727=CARTESIAN_POINT('Ctrl Pts',(-24.243955285996,7.19413717498212,3.));
#5728=CARTESIAN_POINT('Ctrl Pts',(-24.257565255535,7.05159937181742,6.25));
#5729=CARTESIAN_POINT('Ctrl Pts',(-24.257565255535,7.05159937181742,3.));
#5730=CARTESIAN_POINT('Ctrl Pts',(-24.264870963339,6.96192866371702,6.25));
#5731=CARTESIAN_POINT('Ctrl Pts',(-24.264870963339,6.96192866371702,3.));
#5732=CARTESIAN_POINT('Ctrl Pts',(-24.264601042973,6.94084979498662,6.25));
#5733=CARTESIAN_POINT('Ctrl Pts',(-24.264601042973,6.94084979498662,3.));
#5734=CARTESIAN_POINT('Ctrl Pts',(-24.262311929455,6.92259100198702,6.25));
#5735=CARTESIAN_POINT('Ctrl Pts',(-24.262311929455,6.92259100198702,3.));
#5736=CARTESIAN_POINT('',(-23.955760182662,7.80380796846612,5.95));
#5737=CARTESIAN_POINT('Ctrl Pts',(-23.955760182662,7.80380796846612,5.95));
#5738=CARTESIAN_POINT('Ctrl Pts',(-24.035176770637,7.67855934694492,5.95));
#5739=CARTESIAN_POINT('Ctrl Pts',(-24.105576070635,7.54497693413152,5.95));
#5740=CARTESIAN_POINT('Ctrl Pts',(-24.1598667284839,7.40733110867954,5.95));
#5741=CARTESIAN_POINT('Ctrl Pts',(-24.243955285996,7.19413717498212,5.95));
#5742=CARTESIAN_POINT('Ctrl Pts',(-24.257565255535,7.05159937181742,5.95));
#5743=CARTESIAN_POINT('Ctrl Pts',(-24.261222680622,7.00670791076023,5.95));
#5744=CARTESIAN_POINT('Ctrl Pts',(-24.264870963339,6.96192866371702,5.95));
#5745=CARTESIAN_POINT('Ctrl Pts',(-24.264601042973,6.94084979498662,5.95));
#5746=CARTESIAN_POINT('Ctrl Pts',(-24.262311929455,6.92259100198702,5.95));
#5747=CARTESIAN_POINT('',(-23.955760182662,7.80380796846612,6.25));
#5748=CARTESIAN_POINT('Origin',(-23.762018569628,3.00771954274117,6.25));
#5749=CARTESIAN_POINT('',(-23.568276956594,7.80380796846612,5.95));
#5750=CARTESIAN_POINT('Origin',(-23.762018569628,3.00771954274117,5.95));
#5751=CARTESIAN_POINT('',(-23.568276956594,7.80380796846612,6.25));
#5752=CARTESIAN_POINT('Ctrl Pts',(-23.261725209801,6.92259100198702,6.25));
#5753=CARTESIAN_POINT('Ctrl Pts',(-23.261725209801,6.92259100198702,3.));
#5754=CARTESIAN_POINT('Ctrl Pts',(-23.252936941278,6.99268939355692,6.25));
#5755=CARTESIAN_POINT('Ctrl Pts',(-23.252936941278,6.99268939355692,3.));
#5756=CARTESIAN_POINT('Ctrl Pts',(-23.274247684454,7.10082434340462,6.25));
#5757=CARTESIAN_POINT('Ctrl Pts',(-23.274247684454,7.10082434340462,3.));
#5758=CARTESIAN_POINT('Ctrl Pts',(-23.295191555937,7.20037342442721,6.25));
#5759=CARTESIAN_POINT('Ctrl Pts',(-23.295191555937,7.20037342442721,3.));
#5760=CARTESIAN_POINT('Ctrl Pts',(-23.314530175222,7.27382962555232,6.25));
#5761=CARTESIAN_POINT('Ctrl Pts',(-23.314530175222,7.27382962555232,3.));
#5762=CARTESIAN_POINT('Ctrl Pts',(-23.404039799439,7.51738642933321,6.25));
#5763=CARTESIAN_POINT('Ctrl Pts',(-23.404039799439,7.51738642933321,3.));
#5764=CARTESIAN_POINT('Ctrl Pts',(-23.480742784548,7.66575703144762,6.25));
#5765=CARTESIAN_POINT('Ctrl Pts',(-23.480742784548,7.66575703144762,3.));
#5766=CARTESIAN_POINT('Ctrl Pts',(-23.568276956594,7.80380796846612,6.25));
#5767=CARTESIAN_POINT('Ctrl Pts',(-23.568276956594,7.80380796846612,3.));
#5768=CARTESIAN_POINT('',(-23.261725209801,6.92259100198702,5.95));
#5769=CARTESIAN_POINT('Ctrl Pts',(-23.261725209801,6.92259100198702,5.95));
#5770=CARTESIAN_POINT('Ctrl Pts',(-23.252936941278,6.99268939355692,5.95));
#5771=CARTESIAN_POINT('Ctrl Pts',(-23.274247684454,7.10082434340462,5.95));
#5772=CARTESIAN_POINT('Ctrl Pts',(-23.2830095175914,7.14247053272579,5.95));
#5773=CARTESIAN_POINT('Ctrl Pts',(-23.295191555937,7.20037342442721,5.95));
#5774=CARTESIAN_POINT('Ctrl Pts',(-23.314530175222,7.27382962555232,5.95));
#5775=CARTESIAN_POINT('Ctrl Pts',(-23.3478775529672,7.3645682562767,5.95));
#5776=CARTESIAN_POINT('Ctrl Pts',(-23.404039799439,7.51738642933321,5.95));
#5777=CARTESIAN_POINT('Ctrl Pts',(-23.480742784548,7.66575703144762,5.95));
#5778=CARTESIAN_POINT('Ctrl Pts',(-23.568276956594,7.80380796846612,5.95));
#5779=CARTESIAN_POINT('',(-23.261725209801,6.92259100198702,6.25));
#5780=CARTESIAN_POINT('Origin',(-23.3019730641666,6.6015596352757,6.25));
#5781=CARTESIAN_POINT('',(-23.3019730641666,6.6015596352757,5.95));
#5782=CARTESIAN_POINT('',(-23.4239532513544,5.62860177648299,5.95));
#5783=CARTESIAN_POINT('',(-23.3019730641666,6.6015596352757,6.25));
#5784=CARTESIAN_POINT('Origin',(-23.103526550533,6.57668030195142,6.25));
#5785=CARTESIAN_POINT('',(-23.2786063015454,6.47999999999982,5.95));
#5786=CARTESIAN_POINT('Origin',(-23.103526550533,6.57668030195142,5.95));
#5787=CARTESIAN_POINT('',(-23.2786063015454,6.47999999999982,6.25));
#5788=CARTESIAN_POINT('Origin',(-22.3604752455574,6.48000000000024,6.25));
#5789=CARTESIAN_POINT('',(-22.3604752455574,6.48000000000024,5.95));
#5790=CARTESIAN_POINT('',(-21.1554184313803,6.48000000000053,5.95));
#5791=CARTESIAN_POINT('',(-22.3604752455574,6.48000000000024,6.25));
#5792=CARTESIAN_POINT('Origin',(-22.53555499657,6.57668030195142,6.25));
#5793=CARTESIAN_POINT('',(-22.337108482936,6.60155963527562,5.95));
#5794=CARTESIAN_POINT('Origin',(-22.53555499657,6.57668030195142,5.95));
#5795=CARTESIAN_POINT('',(-22.337108482936,6.60155963527562,6.25));
#5796=CARTESIAN_POINT('Origin',(-22.377356337301,6.92259100198702,6.25));
#5797=CARTESIAN_POINT('',(-22.377356337301,6.92259100198702,5.95));
#5798=CARTESIAN_POINT('',(-22.1908530220896,5.43497346005372,5.95));
#5799=CARTESIAN_POINT('',(-22.377356337301,6.92259100198702,6.25));
#5800=CARTESIAN_POINT('Ctrl Pts',(-22.070804590508,7.80380796846612,6.25));
#5801=CARTESIAN_POINT('Ctrl Pts',(-22.070804590508,7.80380796846612,3.));
#5802=CARTESIAN_POINT('Ctrl Pts',(-22.150221178483,7.67855934694492,6.25));
#5803=CARTESIAN_POINT('Ctrl Pts',(-22.150221178483,7.67855934694492,3.));
#5804=CARTESIAN_POINT('Ctrl Pts',(-22.220620478481,7.54497693413152,6.25));
#5805=CARTESIAN_POINT('Ctrl Pts',(-22.220620478481,7.54497693413152,3.));
#5806=CARTESIAN_POINT('Ctrl Pts',(-22.358999693842,7.19413717498212,6.25));
#5807=CARTESIAN_POINT('Ctrl Pts',(-22.358999693842,7.19413717498212,3.));
#5808=CARTESIAN_POINT('Ctrl Pts',(-22.372609663381,7.05159937181742,6.25));
#5809=CARTESIAN_POINT('Ctrl Pts',(-22.372609663381,7.05159937181742,3.));
#5810=CARTESIAN_POINT('Ctrl Pts',(-22.379915371185,6.96192866371702,6.25));
#5811=CARTESIAN_POINT('Ctrl Pts',(-22.379915371185,6.96192866371702,3.));
#5812=CARTESIAN_POINT('Ctrl Pts',(-22.37964545082,6.94084979498662,6.25));
#5813=CARTESIAN_POINT('Ctrl Pts',(-22.37964545082,6.94084979498662,3.));
#5814=CARTESIAN_POINT('Ctrl Pts',(-22.377356337301,6.92259100198702,6.25));
#5815=CARTESIAN_POINT('Ctrl Pts',(-22.377356337301,6.92259100198702,3.));
#5816=CARTESIAN_POINT('Ctrl Pts',(-22.070804590508,7.80380796846612,5.95));
#5817=CARTESIAN_POINT('Ctrl Pts',(-22.150221178483,7.67855934694492,5.95));
#5818=CARTESIAN_POINT('Ctrl Pts',(-22.220620478481,7.54497693413152,5.95));
#5819=CARTESIAN_POINT('Ctrl Pts',(-22.2749111363299,7.40733110867954,5.95));
#5820=CARTESIAN_POINT('Ctrl Pts',(-22.358999693842,7.19413717498212,5.95));
#5821=CARTESIAN_POINT('Ctrl Pts',(-22.372609663381,7.05159937181742,5.95));
#5822=CARTESIAN_POINT('Ctrl Pts',(-22.376267088468,7.00670791076023,5.95));
#5823=CARTESIAN_POINT('Ctrl Pts',(-22.379915371185,6.96192866371702,5.95));
#5824=CARTESIAN_POINT('Ctrl Pts',(-22.37964545082,6.94084979498662,5.95));
#5825=CARTESIAN_POINT('Ctrl Pts',(-22.377356337301,6.92259100198702,5.95));
#5826=CARTESIAN_POINT('Origin',(-19.9503616172026,4.20486537692357,5.95));
#5827=CARTESIAN_POINT('',(-6.25148782288563,7.77986537692264,5.95));
#5828=CARTESIAN_POINT('Origin',(1.78862480382236E-11,2.94986537691343,5.95));
#5829=CARTESIAN_POINT('',(-26.8796804788461,7.77986537692423,5.95));
#5830=CARTESIAN_POINT('Origin',(-33.80899934049,7.77986537692476,6.25));
#5831=CARTESIAN_POINT('',(-6.25148782288564,7.77986537692264,4.65));
#5832=CARTESIAN_POINT('',(-6.25148782288563,7.77986537692264,6.25));
#5833=CARTESIAN_POINT('',(-6.25148782288564,7.77986537692264,4.65));
#5834=CARTESIAN_POINT('Origin',(1.78862480382236E-11,2.94986537691343,6.25));
#5835=CARTESIAN_POINT('Origin',(1.78862480382236E-11,2.94986537691343,4.65));
#5836=CARTESIAN_POINT('Origin',(1.78862480382236E-11,2.94986537691343,6.25));
#5837=CARTESIAN_POINT('',(-7.85999934049041,2.07986537692205,6.25));
#5838=CARTESIAN_POINT('Origin',(-7.85999934049042,3.67986537692205,6.25));
#5839=CARTESIAN_POINT('',(-7.85999934049042,2.1558815186336,4.65));
#5840=CARTESIAN_POINT('',(-7.85999934049042,2.1558815186336,4.65));
#5841=CARTESIAN_POINT('',(-7.85999934049042,3.31486537691775,4.65));
#5842=CARTESIAN_POINT('Origin',(1.79145587253515E-11,2.94986537691344,4.65));
#5843=CARTESIAN_POINT('',(-0.754025268892799,10.8137986099619,4.65));
#5844=CARTESIAN_POINT('',(-0.754025268892799,-4.91406785613505,4.65));
#5845=CARTESIAN_POINT('',(-0.754025268892799,2.94986537691344,4.65));
#5846=CARTESIAN_POINT('Origin',(1.79145587253515E-11,2.94986537691344,4.65));
#5847=CARTESIAN_POINT('Origin',(1.79145587253515E-11,2.94986537691344,4.65));
#5848=CARTESIAN_POINT('Origin',(1.79145587253515E-11,2.94986537691344,4.65));
#5849=CARTESIAN_POINT('Origin',(1.79145587253515E-11,2.94986537691344,3.82057220419822));
#5850=CARTESIAN_POINT('Origin',(1.79145587253515E-11,2.94986537691344,4.65));
#5851=CARTESIAN_POINT('Origin',(1.79145587253515E-11,2.94986537691344,3.82057220419822));
#5852=CARTESIAN_POINT('Origin',(-0.400393925497501,2.94986537691344,4.26100552226518));
#5853=CARTESIAN_POINT('Origin',(33.8089993405122,3.67986537692407,6.25));
#5854=CARTESIAN_POINT('',(7.86619984492295,3.67986537692409,6.25));
#5855=CARTESIAN_POINT('',(7.88828878783435,3.37986537692388,5.95));
#5856=CARTESIAN_POINT('Origin',(1.78862480382236E-11,2.94986537691343,5.51999999998981));
#5857=CARTESIAN_POINT('',(7.85999934051216,3.67986537692206,6.25));
#5858=CARTESIAN_POINT('',(7.85999934051216,3.67986537692206,6.25));
#5859=CARTESIAN_POINT('',(7.85999934051216,2.15588151849466,4.72601614157154));
#5860=CARTESIAN_POINT('',(7.85999934051216,3.29886941231648,5.86900403539265));
#5861=CARTESIAN_POINT('',(7.85194880270487,2.07986537692307,4.65));
#5862=CARTESIAN_POINT('Origin',(1.78862480382236E-11,2.94986537691343,5.51999999998981));
#5863=CARTESIAN_POINT('',(7.55166206873101,0.629865376922157,3.2));
#5864=CARTESIAN_POINT('Origin',(1.78862480382236E-11,2.94986537691343,5.51999999998981));
#5865=CARTESIAN_POINT('',(33.3089993405122,0.629865376922156,3.2));
#5866=CARTESIAN_POINT('',(26.8796804788714,0.629865376922157,3.2));
#5867=CARTESIAN_POINT('',(33.3089993405122,3.37986537692388,5.95));
#5868=CARTESIAN_POINT('',(33.3089993405122,4.75486537692475,7.32500000000001));
#5869=CARTESIAN_POINT('',(26.8796804788714,3.37986537692388,5.95));
#5870=CARTESIAN_POINT('Origin',(7.85999934051216,3.67986537692206,6.25));
#5871=CARTESIAN_POINT('',(7.86619984492295,3.67986537692409,5.95));
#5872=CARTESIAN_POINT('',(7.86619984492295,3.67986537692409,6.25));
#5873=CARTESIAN_POINT('',(7.866199844923,3.6798653769241,4.65));
#5874=CARTESIAN_POINT('',(7.86619984492295,3.67986537692409,6.25));
#5875=CARTESIAN_POINT('',(7.85999934051216,3.67986537692409,4.65));
#5876=CARTESIAN_POINT('',(3.92999967014534,3.67986537563327,4.65));
#5877=CARTESIAN_POINT('',(7.85999934051216,3.67986537692206,6.25));
#5878=CARTESIAN_POINT('Origin',(33.3089993405122,5.10841876751791,6.97144660940662));
#5879=CARTESIAN_POINT('',(33.8089993405122,1.33697215810893,3.2));
#5880=CARTESIAN_POINT('Origin',(33.3089993405122,1.33697215810893,3.2));
#5881=CARTESIAN_POINT('',(33.8089993405122,4.08697215811065,5.95));
#5882=CARTESIAN_POINT('',(33.8089993405122,5.10841876751791,6.97144660940662));
#5883=CARTESIAN_POINT('Origin',(33.3089993405122,4.08697215811065,5.95));
#5884=CARTESIAN_POINT('Origin',(19.9503616172306,4.20486537692307,3.2));
#5885=CARTESIAN_POINT('',(0.564156549289026,-4.92996503927668,3.2));
#5886=CARTESIAN_POINT('Origin',(1.79145587253515E-11,2.94986537691344,3.2));
#5887=CARTESIAN_POINT('',(0.564156549289026,10.8296957931036,3.2));
#5888=CARTESIAN_POINT('',(0.564156549289025,3.57736537691826,3.2));
#5889=CARTESIAN_POINT('',(6.25148782292035,7.7798653769241,3.2));
#5890=CARTESIAN_POINT('Origin',(1.79145587253515E-11,2.94986537691344,3.2));
#5891=CARTESIAN_POINT('',(15.0610043239104,7.7798653769241,3.2));
#5892=CARTESIAN_POINT('',(13.0210427555899,7.7798653769241,3.2));
#5893=CARTESIAN_POINT('',(15.1609033919918,7.48000000000002,3.2));
#5894=CARTESIAN_POINT('Origin',(14.6609033919918,7.48000000000002,3.2));
#5895=CARTESIAN_POINT('',(15.1609033919918,6.98000000000002,3.2));
#5896=CARTESIAN_POINT('',(15.1609033919918,5.59243268846155,3.2));
#5897=CARTESIAN_POINT('',(15.6609033919918,6.48000000000003,3.2));
#5898=CARTESIAN_POINT('Origin',(15.6609033919918,6.98000000000002,3.2));
#5899=CARTESIAN_POINT('',(17.6247395250833,6.47999999999999,3.2));
#5900=CARTESIAN_POINT('',(18.787550571157,6.47999999999997,3.2));
#5901=CARTESIAN_POINT('',(17.6481062877045,6.60155963527562,3.2));
#5902=CARTESIAN_POINT('Origin',(17.4496597740708,6.57668030195143,3.2));
#5903=CARTESIAN_POINT('',(17.6078584333398,6.92259100198702,3.2));
#5904=CARTESIAN_POINT('',(17.7937080151157,5.44018787312319,3.2));
#5905=CARTESIAN_POINT('',(17.9144101801326,7.80380796846612,3.2));
#5906=CARTESIAN_POINT('Ctrl Pts',(17.9144101801326,7.80380796846612,3.2));
#5907=CARTESIAN_POINT('Ctrl Pts',(17.8268760080864,7.66575703144762,3.2));
#5908=CARTESIAN_POINT('Ctrl Pts',(17.7501730229773,7.51738642933321,3.2));
#5909=CARTESIAN_POINT('Ctrl Pts',(17.6940107765058,7.3645682562767,3.2));
#5910=CARTESIAN_POINT('Ctrl Pts',(17.6606633987608,7.27382962555232,3.2));
#5911=CARTESIAN_POINT('Ctrl Pts',(17.6413247794758,7.20037342442721,3.2));
#5912=CARTESIAN_POINT('Ctrl Pts',(17.6291427411297,7.14247053272579,3.2));
#5913=CARTESIAN_POINT('Ctrl Pts',(17.620380907992,7.10082434340462,3.2));
#5914=CARTESIAN_POINT('Ctrl Pts',(17.5990701648163,6.99268939355692,3.2));
#5915=CARTESIAN_POINT('Ctrl Pts',(17.6078584333398,6.92259100198702,3.2));
#5916=CARTESIAN_POINT('',(18.3018934062,7.80380796846612,3.2));
#5917=CARTESIAN_POINT('Origin',(18.1081517931663,3.00771954274052,3.2));
#5918=CARTESIAN_POINT('',(18.6084451529929,6.92259100198702,3.2));
#5919=CARTESIAN_POINT('Ctrl Pts',(18.6084451529929,6.92259100198702,3.2));
#5920=CARTESIAN_POINT('Ctrl Pts',(18.6107342665118,6.94084979498662,3.2));
#5921=CARTESIAN_POINT('Ctrl Pts',(18.6110041868769,6.96192866371702,3.2));
#5922=CARTESIAN_POINT('Ctrl Pts',(18.6073559041599,7.00670791076023,3.2));
#5923=CARTESIAN_POINT('Ctrl Pts',(18.6036984790729,7.05159937181742,3.2));
#5924=CARTESIAN_POINT('Ctrl Pts',(18.5900885095347,7.19413717498212,3.2));
#5925=CARTESIAN_POINT('Ctrl Pts',(18.5059999520223,7.40733110867954,3.2));
#5926=CARTESIAN_POINT('Ctrl Pts',(18.4517092941733,7.54497693413152,3.2));
#5927=CARTESIAN_POINT('Ctrl Pts',(18.3813099941752,7.67855934694492,3.2));
#5928=CARTESIAN_POINT('Ctrl Pts',(18.3018934062,7.80380796846612,3.2));
#5929=CARTESIAN_POINT('',(18.5681972986282,6.6015596352756,3.2));
#5930=CARTESIAN_POINT('',(18.4309789764507,5.50705692943497,3.2));
#5931=CARTESIAN_POINT('',(18.5915640612493,6.48000000000002,3.2));
#5932=CARTESIAN_POINT('Origin',(18.7666438122617,6.5766803019514,3.2));
#5933=CARTESIAN_POINT('',(19.5096951172372,6.47999999999999,3.2));
#5934=CARTESIAN_POINT('',(19.730028367234,6.47999999999998,3.2));
#5935=CARTESIAN_POINT('',(19.5330618798584,6.60155963527562,3.2));
#5936=CARTESIAN_POINT('Origin',(19.3346153662248,6.57668030195142,3.2));
#5937=CARTESIAN_POINT('',(19.4928140254937,6.92259100198702,3.2));
#5938=CARTESIAN_POINT('',(19.664079205712,5.55651830709646,3.2));
#5939=CARTESIAN_POINT('',(19.7993657722865,7.80380796846612,3.2));
#5940=CARTESIAN_POINT('Ctrl Pts',(19.7993657722865,7.80380796846612,3.2));
#5941=CARTESIAN_POINT('Ctrl Pts',(19.7118316002403,7.66575703144762,3.2));
#5942=CARTESIAN_POINT('Ctrl Pts',(19.6351286151312,7.51738642933321,3.2));
#5943=CARTESIAN_POINT('Ctrl Pts',(19.5789663686597,7.3645682562767,3.2));
#5944=CARTESIAN_POINT('Ctrl Pts',(19.5456189909147,7.27382962555232,3.2));
#5945=CARTESIAN_POINT('Ctrl Pts',(19.5262803716296,7.20037342442721,3.2));
#5946=CARTESIAN_POINT('Ctrl Pts',(19.5140983332836,7.14247053272579,3.2));
#5947=CARTESIAN_POINT('Ctrl Pts',(19.5053365001459,7.10082434340462,3.2));
#5948=CARTESIAN_POINT('Ctrl Pts',(19.4840257569702,6.99268939355692,3.2));
#5949=CARTESIAN_POINT('Ctrl Pts',(19.4928140254937,6.92259100198702,3.2));
#5950=CARTESIAN_POINT('',(20.1868489983539,7.80380796846612,3.2));
#5951=CARTESIAN_POINT('Origin',(19.9931073853202,3.00771954274052,3.2));
#5952=CARTESIAN_POINT('',(20.4934007451468,6.92259100198702,3.2));
#5953=CARTESIAN_POINT('Ctrl Pts',(20.4934007451468,6.92259100198702,3.2));
#5954=CARTESIAN_POINT('Ctrl Pts',(20.4956898586656,6.94084979498662,3.2));
#5955=CARTESIAN_POINT('Ctrl Pts',(20.4959597790308,6.96192866371702,3.2));
#5956=CARTESIAN_POINT('Ctrl Pts',(20.4923114963138,7.00670791076023,3.2));
#5957=CARTESIAN_POINT('Ctrl Pts',(20.4886540712268,7.05159937181742,3.2));
#5958=CARTESIAN_POINT('Ctrl Pts',(20.4750441016886,7.19413717498212,3.2));
#5959=CARTESIAN_POINT('Ctrl Pts',(20.3909555441762,7.40733110867954,3.2));
#5960=CARTESIAN_POINT('Ctrl Pts',(20.3366648863271,7.54497693413152,3.2));
#5961=CARTESIAN_POINT('Ctrl Pts',(20.2662655863291,7.67855934694492,3.2));
#5962=CARTESIAN_POINT('Ctrl Pts',(20.1868489983539,7.80380796846612,3.2));
#5963=CARTESIAN_POINT('',(20.453152890782,6.60155963527562,3.2));
#5964=CARTESIAN_POINT('',(20.3013501670464,5.39072649546161,3.2));
#5965=CARTESIAN_POINT('',(20.4765196534032,6.48000000000002,3.2));
#5966=CARTESIAN_POINT('Origin',(20.6515994044157,6.57668030195145,3.2));
#5967=CARTESIAN_POINT('',(21.3946507093911,6.48000000000003,3.2));
#5968=CARTESIAN_POINT('',(20.6725061633108,6.48000000000002,3.2));
#5969=CARTESIAN_POINT('',(21.4180174720122,6.60155963527561,3.2));
#5970=CARTESIAN_POINT('Origin',(21.2195709583787,6.5766803019514,3.2));
#5971=CARTESIAN_POINT('',(21.3777696176475,6.92259100198702,3.2));
#5972=CARTESIAN_POINT('',(21.5344503963084,5.67284874107006,3.2));
#5973=CARTESIAN_POINT('',(21.6843213644404,7.80380796846612,3.2));
#5974=CARTESIAN_POINT('Ctrl Pts',(21.6843213644404,7.80380796846612,3.2));
#5975=CARTESIAN_POINT('Ctrl Pts',(21.5967871923942,7.66575703144762,3.2));
#5976=CARTESIAN_POINT('Ctrl Pts',(21.520084207285,7.51738642933321,3.2));
#5977=CARTESIAN_POINT('Ctrl Pts',(21.4639219608136,7.3645682562767,3.2));
#5978=CARTESIAN_POINT('Ctrl Pts',(21.4305745830686,7.27382962555232,3.2));
#5979=CARTESIAN_POINT('Ctrl Pts',(21.4112359637835,7.20037342442721,3.2));
#5980=CARTESIAN_POINT('Ctrl Pts',(21.3990539254374,7.14247053272579,3.2));
#5981=CARTESIAN_POINT('Ctrl Pts',(21.3902920922997,7.10082434340462,3.2));
#5982=CARTESIAN_POINT('Ctrl Pts',(21.3689813491241,6.99268939355692,3.2));
#5983=CARTESIAN_POINT('Ctrl Pts',(21.3777696176475,6.92259100198702,3.2));
#5984=CARTESIAN_POINT('',(22.0718045905078,7.80380796846612,3.2));
#5985=CARTESIAN_POINT('Origin',(21.8780629774741,3.00771954274052,3.2));
#5986=CARTESIAN_POINT('',(22.3783563373006,6.92259100198702,3.2));
#5987=CARTESIAN_POINT('Ctrl Pts',(22.3783563373006,6.92259100198702,3.2));
#5988=CARTESIAN_POINT('Ctrl Pts',(22.3806454508195,6.94084979498662,3.2));
#5989=CARTESIAN_POINT('Ctrl Pts',(22.3809153711846,6.96192866371702,3.2));
#5990=CARTESIAN_POINT('Ctrl Pts',(22.3772670884676,7.00670791076023,3.2));
#5991=CARTESIAN_POINT('Ctrl Pts',(22.3736096633806,7.05159937181742,3.2));
#5992=CARTESIAN_POINT('Ctrl Pts',(22.3599996938425,7.19413717498212,3.2));
#5993=CARTESIAN_POINT('Ctrl Pts',(22.2759111363301,7.40733110867954,3.2));
#5994=CARTESIAN_POINT('Ctrl Pts',(22.221620478481,7.54497693413152,3.2));
#5995=CARTESIAN_POINT('Ctrl Pts',(22.1512211784829,7.67855934694492,3.2));
#5996=CARTESIAN_POINT('Ctrl Pts',(22.0718045905078,7.80380796846612,3.2));
#5997=CARTESIAN_POINT('',(22.3381084829359,6.60155963527562,3.2));
#5998=CARTESIAN_POINT('',(22.1717213576429,5.2743960614882,3.2));
#5999=CARTESIAN_POINT('',(22.361475245557,6.47999999999999,3.2));
#6000=CARTESIAN_POINT('Origin',(22.5365549965696,6.57668030195145,3.2));
#6001=CARTESIAN_POINT('',(23.279606301545,6.48000000000003,3.2));
#6002=CARTESIAN_POINT('',(21.6149839593878,6.48000000000001,3.2));
#6003=CARTESIAN_POINT('',(23.3029730641662,6.60155963527562,3.2));
#6004=CARTESIAN_POINT('Origin',(23.1045265505326,6.5766803019514,3.2));
#6005=CARTESIAN_POINT('',(23.2627252098014,6.92259100198702,3.2));
#6006=CARTESIAN_POINT('',(23.4048215869045,5.78917917504362,3.2));
#6007=CARTESIAN_POINT('',(23.5692769565942,7.80380796846612,3.2));
#6008=CARTESIAN_POINT('Ctrl Pts',(23.5692769565942,7.80380796846612,3.2));
#6009=CARTESIAN_POINT('Ctrl Pts',(23.4817427845481,7.66575703144762,3.2));
#6010=CARTESIAN_POINT('Ctrl Pts',(23.4050397994389,7.51738642933321,3.2));
#6011=CARTESIAN_POINT('Ctrl Pts',(23.3488775529674,7.3645682562767,3.2));
#6012=CARTESIAN_POINT('Ctrl Pts',(23.3155301752224,7.27382962555232,3.2));
#6013=CARTESIAN_POINT('Ctrl Pts',(23.2961915559374,7.20037342442721,3.2));
#6014=CARTESIAN_POINT('Ctrl Pts',(23.2840095175913,7.14247053272579,3.2));
#6015=CARTESIAN_POINT('Ctrl Pts',(23.2752476844536,7.10082434340462,3.2));
#6016=CARTESIAN_POINT('Ctrl Pts',(23.253936941278,6.99268939355692,3.2));
#6017=CARTESIAN_POINT('Ctrl Pts',(23.2627252098014,6.92259100198702,3.2));
#6018=CARTESIAN_POINT('',(23.9567601826617,7.80380796846612,3.2));
#6019=CARTESIAN_POINT('Origin',(23.763018569628,3.00771954274052,3.2));
#6020=CARTESIAN_POINT('',(24.2633119294545,6.92259100198702,3.2));
#6021=CARTESIAN_POINT('Ctrl Pts',(24.2633119294545,6.92259100198702,3.2));
#6022=CARTESIAN_POINT('Ctrl Pts',(24.2697056339829,6.97358948962051,3.2));
#6023=CARTESIAN_POINT('Ctrl Pts',(24.2593454349874,7.04623791044826,3.2));
#6024=CARTESIAN_POINT('Ctrl Pts',(24.2206967901302,7.27359007870697,3.2));
#6025=CARTESIAN_POINT('Ctrl Pts',(24.1352938179098,7.52224095230319,3.2));
#6026=CARTESIAN_POINT('Ctrl Pts',(23.9567601826617,7.80380796846612,3.2));
#6027=CARTESIAN_POINT('',(24.2230640750898,6.60155963527562,3.2));
#6028=CARTESIAN_POINT('',(24.0420925482391,5.15806562751481,3.2));
#6029=CARTESIAN_POINT('',(24.2464308377109,6.47999999999999,3.2));
#6030=CARTESIAN_POINT('Origin',(24.4215105887233,6.57668030195141,3.2));
#6031=CARTESIAN_POINT('',(25.1645618936989,6.47999999999999,3.2));
#6032=CARTESIAN_POINT('',(22.5574617554648,6.48000000000008,3.2));
#6033=CARTESIAN_POINT('',(25.1879286563201,6.60155963527562,3.2));
#6034=CARTESIAN_POINT('Origin',(24.9894821426863,6.57668030195143,3.2));
#6035=CARTESIAN_POINT('',(25.1476808019553,6.92259100198702,3.2));
#6036=CARTESIAN_POINT('',(25.2751927775006,5.90550960901719,3.2));
#6037=CARTESIAN_POINT('',(25.4542325487481,7.80380796846612,3.2));
#6038=CARTESIAN_POINT('Ctrl Pts',(25.4542325487481,7.80380796846612,3.2));
#6039=CARTESIAN_POINT('Ctrl Pts',(25.366698376702,7.66575703144762,3.2));
#6040=CARTESIAN_POINT('Ctrl Pts',(25.2899953915928,7.51738642933321,3.2));
#6041=CARTESIAN_POINT('Ctrl Pts',(25.2338331451213,7.3645682562767,3.2));
#6042=CARTESIAN_POINT('Ctrl Pts',(25.2004857673763,7.27382962555232,3.2));
#6043=CARTESIAN_POINT('Ctrl Pts',(25.1811471480913,7.20037342442721,3.2));
#6044=CARTESIAN_POINT('Ctrl Pts',(25.1689651097452,7.14247053272579,3.2));
#6045=CARTESIAN_POINT('Ctrl Pts',(25.1602032766075,7.10082434340462,3.2));
#6046=CARTESIAN_POINT('Ctrl Pts',(25.1388925334318,6.99268939355692,3.2));
#6047=CARTESIAN_POINT('Ctrl Pts',(25.1476808019553,6.92259100198702,3.2));
#6048=CARTESIAN_POINT('',(25.8417157748156,7.80380796846612,3.2));
#6049=CARTESIAN_POINT('Origin',(25.6479741617818,3.00771954274052,3.2));
#6050=CARTESIAN_POINT('',(26.1482675216084,6.92259100198702,3.2));
#6051=CARTESIAN_POINT('Ctrl Pts',(26.1482675216084,6.92259100198702,3.2));
#6052=CARTESIAN_POINT('Ctrl Pts',(26.1546612261368,6.97358948962043,3.2));
#6053=CARTESIAN_POINT('Ctrl Pts',(26.1443010271413,7.04623791044816,3.2));
#6054=CARTESIAN_POINT('Ctrl Pts',(26.1056523822843,7.27359007870597,3.2));
#6055=CARTESIAN_POINT('Ctrl Pts',(26.0202494100643,7.52224095230214,3.2));
#6056=CARTESIAN_POINT('Ctrl Pts',(25.8417157748156,7.80380796846613,3.2));
#6057=CARTESIAN_POINT('',(26.1080196672437,6.60155963527561,3.2));
#6058=CARTESIAN_POINT('',(25.9124637388352,5.04173519354142,3.2));
#6059=CARTESIAN_POINT('',(26.1313864298649,6.48000000000002,3.2));
#6060=CARTESIAN_POINT('Origin',(26.3064661808772,6.57668030195139,3.2));
#6061=CARTESIAN_POINT('',(27.0495174858527,6.47999999999999,3.2));
#6062=CARTESIAN_POINT('',(23.4999395515417,6.4800000000001,3.2));
#6063=CARTESIAN_POINT('',(27.0728842484739,6.60155963527562,3.2));
#6064=CARTESIAN_POINT('Origin',(26.8744377348403,6.57668030195142,3.2));
#6065=CARTESIAN_POINT('',(27.0326363941092,6.92259100198702,3.2));
#6066=CARTESIAN_POINT('',(27.1455639680966,6.02184004298962,3.2));
#6067=CARTESIAN_POINT('',(27.339188140902,7.80380796846612,3.2));
#6068=CARTESIAN_POINT('Ctrl Pts',(27.339188140902,7.80380796846612,3.2));
#6069=CARTESIAN_POINT('Ctrl Pts',(27.1943614777534,7.57540052385841,3.2));
#6070=CARTESIAN_POINT('Ctrl Pts',(27.1157062126828,7.37639411748759,3.2));
#6071=CARTESIAN_POINT('Ctrl Pts',(27.0510490015097,7.1423095225449,3.2));
#6072=CARTESIAN_POINT('Ctrl Pts',(27.038811334452,7.06817473174647,3.2));
#6073=CARTESIAN_POINT('Ctrl Pts',(27.0307631086964,6.98790584467665,3.2));
#6074=CARTESIAN_POINT('Ctrl Pts',(27.0289024813166,6.95237403380061,3.2));
#6075=CARTESIAN_POINT('Ctrl Pts',(27.0326363941092,6.92259100198702,3.2));
#6076=CARTESIAN_POINT('',(27.7266713669694,7.80380796846612,3.2));
#6077=CARTESIAN_POINT('Origin',(27.5329297539357,3.00771954274052,3.2));
#6078=CARTESIAN_POINT('',(28.0332231137623,6.92259100198702,3.2));
#6079=CARTESIAN_POINT('Ctrl Pts',(28.0332231137623,6.92259100198702,3.2));
#6080=CARTESIAN_POINT('Ctrl Pts',(28.0355122272811,6.94084979498662,3.2));
#6081=CARTESIAN_POINT('Ctrl Pts',(28.0357821476463,6.96192866371702,3.2));
#6082=CARTESIAN_POINT('Ctrl Pts',(28.0321338649293,7.00670791076023,3.2));
#6083=CARTESIAN_POINT('Ctrl Pts',(28.0284764398423,7.05159937181742,3.2));
#6084=CARTESIAN_POINT('Ctrl Pts',(28.0148664703041,7.19413717498212,3.2));
#6085=CARTESIAN_POINT('Ctrl Pts',(27.9307779127917,7.40733110867954,3.2));
#6086=CARTESIAN_POINT('Ctrl Pts',(27.8764872549426,7.54497693413152,3.2));
#6087=CARTESIAN_POINT('Ctrl Pts',(27.8060879549446,7.67855934694492,3.2));
#6088=CARTESIAN_POINT('Ctrl Pts',(27.7266713669694,7.80380796846612,3.2));
#6089=CARTESIAN_POINT('',(27.9929752593975,6.60155963527562,3.2));
#6090=CARTESIAN_POINT('',(27.7828349294307,4.92540475956695,3.2));
#6091=CARTESIAN_POINT('',(28.0163420220186,6.47999999999999,3.2));
#6092=CARTESIAN_POINT('Origin',(28.191421773031,6.57668030195141,3.2));
#6093=CARTESIAN_POINT('',(28.9344730780066,6.47999999999999,3.2));
#6094=CARTESIAN_POINT('',(24.4424173476187,6.48000000000013,3.2));
#6095=CARTESIAN_POINT('',(28.9578398406278,6.60155963527562,3.2));
#6096=CARTESIAN_POINT('Origin',(28.7593933269942,6.57668030195142,3.2));
#6097=CARTESIAN_POINT('',(28.917591986263,6.92259100198702,3.2));
#6098=CARTESIAN_POINT('',(29.0159351586928,6.13817047696431,3.2));
#6099=CARTESIAN_POINT('',(29.2241437330559,7.80380796846612,3.2));
#6100=CARTESIAN_POINT('Ctrl Pts',(29.2241437330559,7.80380796846612,3.2));
#6101=CARTESIAN_POINT('Ctrl Pts',(29.1366095610097,7.66575703144762,3.2));
#6102=CARTESIAN_POINT('Ctrl Pts',(29.0599065759005,7.51738642933321,3.2));
#6103=CARTESIAN_POINT('Ctrl Pts',(29.0037443294291,7.3645682562767,3.2));
#6104=CARTESIAN_POINT('Ctrl Pts',(28.9703969516841,7.27382962555232,3.2));
#6105=CARTESIAN_POINT('Ctrl Pts',(28.951058332399,7.20037342442721,3.2));
#6106=CARTESIAN_POINT('Ctrl Pts',(28.9388762940529,7.14247053272579,3.2));
#6107=CARTESIAN_POINT('Ctrl Pts',(28.9301144609152,7.10082434340462,3.2));
#6108=CARTESIAN_POINT('Ctrl Pts',(28.9088037177396,6.99268939355692,3.2));
#6109=CARTESIAN_POINT('Ctrl Pts',(28.917591986263,6.92259100198702,3.2));
#6110=CARTESIAN_POINT('',(29.6116269591233,7.80380796846612,3.2));
#6111=CARTESIAN_POINT('Origin',(29.4178853460896,3.00771954274052,3.2));
#6112=CARTESIAN_POINT('',(29.9181787059161,6.92259100198702,3.2));
#6113=CARTESIAN_POINT('Ctrl Pts',(29.9181787059161,6.92259100198702,3.2));
#6114=CARTESIAN_POINT('Ctrl Pts',(29.9245724104446,6.97358948962137,3.2));
#6115=CARTESIAN_POINT('Ctrl Pts',(29.9142122114488,7.04623791044961,3.2));
#6116=CARTESIAN_POINT('Ctrl Pts',(29.8755635665918,7.27359007870704,3.2));
#6117=CARTESIAN_POINT('Ctrl Pts',(29.7901605943714,7.52224095230318,3.2));
#6118=CARTESIAN_POINT('Ctrl Pts',(29.6116269591233,7.80380796846612,3.2));
#6119=CARTESIAN_POINT('',(29.8779308515514,6.60155963527562,3.2));
#6120=CARTESIAN_POINT('',(29.6532061200275,4.80907432559463,3.2));
#6121=CARTESIAN_POINT('',(29.9012976141726,6.48000000000002,3.2));
#6122=CARTESIAN_POINT('Origin',(30.0763773651849,6.57668030195141,3.2));
#6123=CARTESIAN_POINT('',(30.8194286701605,6.48000000000003,3.2));
#6124=CARTESIAN_POINT('',(25.3848951436955,6.47999999999994,3.2));
#6125=CARTESIAN_POINT('',(30.8427954327817,6.60155963527562,3.2));
#6126=CARTESIAN_POINT('Origin',(30.6443489191481,6.5766803019514,3.2));
#6127=CARTESIAN_POINT('',(30.8025475784169,6.92259100198702,3.2));
#6128=CARTESIAN_POINT('',(30.8863063492889,6.25450091093788,3.2));
#6129=CARTESIAN_POINT('',(31.1090993252097,7.80380796846612,3.2));
#6130=CARTESIAN_POINT('Ctrl Pts',(31.1090993252097,7.80380796846612,3.2));
#6131=CARTESIAN_POINT('Ctrl Pts',(31.0215651531636,7.66575703144762,3.2));
#6132=CARTESIAN_POINT('Ctrl Pts',(30.9448621680544,7.51738642933321,3.2));
#6133=CARTESIAN_POINT('Ctrl Pts',(30.8886999215829,7.3645682562767,3.2));
#6134=CARTESIAN_POINT('Ctrl Pts',(30.8553525438379,7.27382962555232,3.2));
#6135=CARTESIAN_POINT('Ctrl Pts',(30.8360139245529,7.20037342442721,3.2));
#6136=CARTESIAN_POINT('Ctrl Pts',(30.8238318862068,7.14247053272579,3.2));
#6137=CARTESIAN_POINT('Ctrl Pts',(30.8150700530691,7.10082434340462,3.2));
#6138=CARTESIAN_POINT('Ctrl Pts',(30.7937593098934,6.99268939355692,3.2));
#6139=CARTESIAN_POINT('Ctrl Pts',(30.8025475784169,6.92259100198702,3.2));
#6140=CARTESIAN_POINT('',(31.4965825512772,7.80380796846612,3.2));
#6141=CARTESIAN_POINT('Origin',(31.3028409382435,3.00771954274052,3.2));
#6142=CARTESIAN_POINT('',(31.80313429807,6.92259100198702,3.2));
#6143=CARTESIAN_POINT('Ctrl Pts',(31.80313429807,6.92259100198702,3.2));
#6144=CARTESIAN_POINT('Ctrl Pts',(31.8054234115889,6.94084979498662,3.2));
#6145=CARTESIAN_POINT('Ctrl Pts',(31.805693331954,6.96192866371702,3.2));
#6146=CARTESIAN_POINT('Ctrl Pts',(31.802045049237,7.00670791076023,3.2));
#6147=CARTESIAN_POINT('Ctrl Pts',(31.79838762415,7.05159937181742,3.2));
#6148=CARTESIAN_POINT('Ctrl Pts',(31.7847776546119,7.19413717498212,3.2));
#6149=CARTESIAN_POINT('Ctrl Pts',(31.7006890970995,7.40733110867954,3.2));
#6150=CARTESIAN_POINT('Ctrl Pts',(31.6463984392504,7.54497693413152,3.2));
#6151=CARTESIAN_POINT('Ctrl Pts',(31.5759991392523,7.67855934694492,3.2));
#6152=CARTESIAN_POINT('Ctrl Pts',(31.4965825512772,7.80380796846612,3.2));
#6153=CARTESIAN_POINT('',(31.7628864437053,6.60155963527561,3.2));
#6154=CARTESIAN_POINT('',(31.5235773106237,4.69274389162126,3.2));
#6155=CARTESIAN_POINT('',(31.7862532063265,6.48000000000002,3.2));
#6156=CARTESIAN_POINT('Origin',(31.9613329573388,6.57668030195139,3.2));
#6157=CARTESIAN_POINT('',(32.7043842623144,6.48000000000003,3.2));
#6158=CARTESIAN_POINT('',(26.3273729397725,6.47999999999992,3.2));
#6159=CARTESIAN_POINT('',(32.7277510249355,6.60155963527562,3.2));
#6160=CARTESIAN_POINT('Origin',(32.529304511302,6.57668030195141,3.2));
#6161=CARTESIAN_POINT('',(32.6875031705708,6.92259100198702,3.2));
#6162=CARTESIAN_POINT('',(32.7566775398851,6.37083134490931,3.2));
#6163=CARTESIAN_POINT('',(32.9940549173636,7.80380796846612,3.2));
#6164=CARTESIAN_POINT('Ctrl Pts',(32.9940549173636,7.80380796846612,3.2));
#6165=CARTESIAN_POINT('Ctrl Pts',(32.9065207453174,7.66575703144762,3.2));
#6166=CARTESIAN_POINT('Ctrl Pts',(32.8298177602083,7.51738642933321,3.2));
#6167=CARTESIAN_POINT('Ctrl Pts',(32.7736555137368,7.3645682562767,3.2));
#6168=CARTESIAN_POINT('Ctrl Pts',(32.7403081359918,7.27382962555232,3.2));
#6169=CARTESIAN_POINT('Ctrl Pts',(32.7209695167068,7.20037342442721,3.2));
#6170=CARTESIAN_POINT('Ctrl Pts',(32.7087874783607,7.14247053272579,3.2));
#6171=CARTESIAN_POINT('Ctrl Pts',(32.700025645223,7.10082434340462,3.2));
#6172=CARTESIAN_POINT('Ctrl Pts',(32.6787149020473,6.99268939355692,3.2));
#6173=CARTESIAN_POINT('Ctrl Pts',(32.6875031705708,6.92259100198702,3.2));
#6174=CARTESIAN_POINT('',(33.3815381434311,7.80380796846612,3.2));
#6175=CARTESIAN_POINT('Origin',(33.1877965303973,3.00771954274052,3.2));
#6176=CARTESIAN_POINT('',(33.6880898902239,6.92259100198702,3.2));
#6177=CARTESIAN_POINT('Ctrl Pts',(33.6880898902239,6.92259100198702,3.2));
#6178=CARTESIAN_POINT('Ctrl Pts',(33.6903790037428,6.94084979498662,3.2));
#6179=CARTESIAN_POINT('Ctrl Pts',(33.6906489241079,6.96192866371702,3.2));
#6180=CARTESIAN_POINT('Ctrl Pts',(33.6870006413909,7.00670791076023,3.2));
#6181=CARTESIAN_POINT('Ctrl Pts',(33.6833432163039,7.05159937181742,3.2));
#6182=CARTESIAN_POINT('Ctrl Pts',(33.6697332467658,7.19413717498212,3.2));
#6183=CARTESIAN_POINT('Ctrl Pts',(33.5856446892534,7.40733110867954,3.2));
#6184=CARTESIAN_POINT('Ctrl Pts',(33.5313540314043,7.54497693413152,3.2));
#6185=CARTESIAN_POINT('Ctrl Pts',(33.4609547314062,7.67855934694492,3.2));
#6186=CARTESIAN_POINT('Ctrl Pts',(33.3815381434311,7.80380796846612,3.2));
#6187=CARTESIAN_POINT('',(33.6478420358592,6.6015596352756,3.2));
#6188=CARTESIAN_POINT('',(33.3939485012198,4.57641345764788,3.2));
#6189=CARTESIAN_POINT('',(33.6712087984803,6.48000000000002,3.2));
#6190=CARTESIAN_POINT('Origin',(33.8462885494927,6.5766803019514,3.2));
#6191=CARTESIAN_POINT('',(33.8089993405122,6.48000000000002,3.2));
#6192=CARTESIAN_POINT('',(26.8796804788714,6.48000000000002,3.2));
#6193=CARTESIAN_POINT('',(33.8089993405122,6.09236537692358,3.2));
#6194=CARTESIAN_POINT('Origin',(27.0495174858527,6.47999999999999,6.25));
#6195=CARTESIAN_POINT('',(27.0495174858527,6.47999999999999,5.95));
#6196=CARTESIAN_POINT('',(26.1313864298649,6.48000000000002,5.95));
#6197=CARTESIAN_POINT('',(23.4999395515417,6.4800000000001,5.95));
#6198=CARTESIAN_POINT('',(27.0495174858527,6.47999999999999,6.25));
#6199=CARTESIAN_POINT('',(26.1313864298649,6.48000000000002,6.25));
#6200=CARTESIAN_POINT('Origin',(26.8744377348403,6.57668030195142,6.25));
#6201=CARTESIAN_POINT('',(27.0728842484739,6.60155963527562,5.95));
#6202=CARTESIAN_POINT('Origin',(26.8744377348403,6.57668030195142,5.95));
#6203=CARTESIAN_POINT('',(27.0728842484739,6.60155963527562,6.25));
#6204=CARTESIAN_POINT('Origin',(27.0326363941092,6.92259100198702,6.25));
#6205=CARTESIAN_POINT('',(27.0326363941092,6.92259100198702,5.95));
#6206=CARTESIAN_POINT('',(27.1455639680966,6.02184004298962,5.95));
#6207=CARTESIAN_POINT('',(27.0326363941092,6.92259100198702,6.25));
#6208=CARTESIAN_POINT('Ctrl Pts',(27.339188140902,7.80380796846612,6.25));
#6209=CARTESIAN_POINT('Ctrl Pts',(27.339188140902,7.80380796846612,3.));
#6210=CARTESIAN_POINT('Ctrl Pts',(27.2516539688558,7.66575703144762,6.25));
#6211=CARTESIAN_POINT('Ctrl Pts',(27.2516539688558,7.66575703144762,3.));
#6212=CARTESIAN_POINT('Ctrl Pts',(27.1749509837467,7.51738642933321,6.25));
#6213=CARTESIAN_POINT('Ctrl Pts',(27.1749509837467,7.51738642933321,3.));
#6214=CARTESIAN_POINT('Ctrl Pts',(27.0854413595302,7.27382962555232,6.25));
#6215=CARTESIAN_POINT('Ctrl Pts',(27.0854413595302,7.27382962555232,3.));
#6216=CARTESIAN_POINT('Ctrl Pts',(27.0661027402451,7.20037342442721,6.25));
#6217=CARTESIAN_POINT('Ctrl Pts',(27.0661027402451,7.20037342442721,3.));
#6218=CARTESIAN_POINT('Ctrl Pts',(27.0451588687614,7.10082434340462,6.25));
#6219=CARTESIAN_POINT('Ctrl Pts',(27.0451588687614,7.10082434340462,3.));
#6220=CARTESIAN_POINT('Ctrl Pts',(27.0238481255857,6.99268939355692,6.25));
#6221=CARTESIAN_POINT('Ctrl Pts',(27.0238481255857,6.99268939355692,3.));
#6222=CARTESIAN_POINT('Ctrl Pts',(27.0326363941092,6.92259100198702,6.25));
#6223=CARTESIAN_POINT('Ctrl Pts',(27.0326363941092,6.92259100198702,3.));
#6224=CARTESIAN_POINT('',(27.339188140902,7.80380796846612,5.95));
#6225=CARTESIAN_POINT('Ctrl Pts',(27.339188140902,7.80380796846612,5.95));
#6226=CARTESIAN_POINT('Ctrl Pts',(27.2516539688558,7.66575703144762,5.95));
#6227=CARTESIAN_POINT('Ctrl Pts',(27.1749509837467,7.51738642933321,5.95));
#6228=CARTESIAN_POINT('Ctrl Pts',(27.1187887372752,7.3645682562767,5.95));
#6229=CARTESIAN_POINT('Ctrl Pts',(27.0854413595302,7.27382962555232,5.95));
#6230=CARTESIAN_POINT('Ctrl Pts',(27.0661027402451,7.20037342442721,5.95));
#6231=CARTESIAN_POINT('Ctrl Pts',(27.0539207018991,7.14247053272579,5.95));
#6232=CARTESIAN_POINT('Ctrl Pts',(27.0451588687614,7.10082434340462,5.95));
#6233=CARTESIAN_POINT('Ctrl Pts',(27.0238481255857,6.99268939355692,5.95));
#6234=CARTESIAN_POINT('Ctrl Pts',(27.0326363941092,6.92259100198702,5.95));
#6235=CARTESIAN_POINT('',(27.339188140902,7.80380796846612,6.25));
#6236=CARTESIAN_POINT('Origin',(27.5329297539357,3.00771954274052,6.25));
#6237=CARTESIAN_POINT('',(27.7266713669694,7.80380796846612,5.95));
#6238=CARTESIAN_POINT('Origin',(27.5329297539357,3.00771954274052,5.95));
#6239=CARTESIAN_POINT('',(27.7266713669694,7.80380796846612,6.25));
#6240=CARTESIAN_POINT('Ctrl Pts',(28.0332231137623,6.92259100198702,6.25));
#6241=CARTESIAN_POINT('Ctrl Pts',(28.0332231137623,6.92259100198702,3.));
#6242=CARTESIAN_POINT('Ctrl Pts',(28.0355122272811,6.94084979498662,6.25));
#6243=CARTESIAN_POINT('Ctrl Pts',(28.0355122272811,6.94084979498662,3.));
#6244=CARTESIAN_POINT('Ctrl Pts',(28.0357821476463,6.96192866371702,6.25));
#6245=CARTESIAN_POINT('Ctrl Pts',(28.0357821476463,6.96192866371702,3.));
#6246=CARTESIAN_POINT('Ctrl Pts',(28.0284764398423,7.05159937181742,6.25));
#6247=CARTESIAN_POINT('Ctrl Pts',(28.0284764398423,7.05159937181742,3.));
#6248=CARTESIAN_POINT('Ctrl Pts',(28.0148664703041,7.19413717498212,6.25));
#6249=CARTESIAN_POINT('Ctrl Pts',(28.0148664703041,7.19413717498212,3.));
#6250=CARTESIAN_POINT('Ctrl Pts',(27.8764872549426,7.54497693413152,6.25));
#6251=CARTESIAN_POINT('Ctrl Pts',(27.8764872549426,7.54497693413152,3.));
#6252=CARTESIAN_POINT('Ctrl Pts',(27.8060879549446,7.67855934694492,6.25));
#6253=CARTESIAN_POINT('Ctrl Pts',(27.8060879549446,7.67855934694492,3.));
#6254=CARTESIAN_POINT('Ctrl Pts',(27.7266713669694,7.80380796846612,6.25));
#6255=CARTESIAN_POINT('Ctrl Pts',(27.7266713669694,7.80380796846612,3.));
#6256=CARTESIAN_POINT('',(28.0332231137623,6.92259100198702,5.95));
#6257=CARTESIAN_POINT('Ctrl Pts',(28.0332231137623,6.92259100198702,5.95));
#6258=CARTESIAN_POINT('Ctrl Pts',(28.0355122272811,6.94084979498662,5.95));
#6259=CARTESIAN_POINT('Ctrl Pts',(28.0357821476463,6.96192866371702,5.95));
#6260=CARTESIAN_POINT('Ctrl Pts',(28.0321338649293,7.00670791076023,5.95));
#6261=CARTESIAN_POINT('Ctrl Pts',(28.0284764398423,7.05159937181742,5.95));
#6262=CARTESIAN_POINT('Ctrl Pts',(28.0148664703041,7.19413717498212,5.95));
#6263=CARTESIAN_POINT('Ctrl Pts',(27.9307779127917,7.40733110867954,5.95));
#6264=CARTESIAN_POINT('Ctrl Pts',(27.8764872549426,7.54497693413152,5.95));
#6265=CARTESIAN_POINT('Ctrl Pts',(27.8060879549446,7.67855934694492,5.95));
#6266=CARTESIAN_POINT('Ctrl Pts',(27.7266713669694,7.80380796846612,5.95));
#6267=CARTESIAN_POINT('',(28.0332231137623,6.92259100198702,6.25));
#6268=CARTESIAN_POINT('Origin',(27.9929752593975,6.60155963527562,6.25));
#6269=CARTESIAN_POINT('',(27.9929752593975,6.60155963527562,5.95));
#6270=CARTESIAN_POINT('',(27.7828349294307,4.92540475956695,5.95));
#6271=CARTESIAN_POINT('',(27.9929752593975,6.60155963527562,6.25));
#6272=CARTESIAN_POINT('Origin',(28.191421773031,6.57668030195141,6.25));
#6273=CARTESIAN_POINT('',(28.0163420220186,6.47999999999999,5.95));
#6274=CARTESIAN_POINT('Origin',(28.191421773031,6.57668030195141,5.95));
#6275=CARTESIAN_POINT('',(28.0163420220186,6.47999999999999,6.25));
#6276=CARTESIAN_POINT('Origin',(28.9344730780066,6.47999999999999,6.25));
#6277=CARTESIAN_POINT('',(28.9344730780066,6.47999999999999,5.95));
#6278=CARTESIAN_POINT('',(24.4424173476187,6.48000000000013,5.95));
#6279=CARTESIAN_POINT('',(28.9344730780066,6.47999999999999,6.25));
#6280=CARTESIAN_POINT('Origin',(28.7593933269942,6.57668030195142,6.25));
#6281=CARTESIAN_POINT('',(28.9578398406278,6.60155963527562,5.95));
#6282=CARTESIAN_POINT('Origin',(28.7593933269942,6.57668030195142,5.95));
#6283=CARTESIAN_POINT('',(28.9578398406278,6.60155963527562,6.25));
#6284=CARTESIAN_POINT('Origin',(28.917591986263,6.92259100198702,6.25));
#6285=CARTESIAN_POINT('',(28.917591986263,6.92259100198702,5.95));
#6286=CARTESIAN_POINT('',(29.0159351586928,6.13817047696431,5.95));
#6287=CARTESIAN_POINT('',(28.917591986263,6.92259100198702,6.25));
#6288=CARTESIAN_POINT('Ctrl Pts',(29.2241437330559,7.80380796846612,6.25));
#6289=CARTESIAN_POINT('Ctrl Pts',(29.2241437330559,7.80380796846612,3.));
#6290=CARTESIAN_POINT('Ctrl Pts',(29.1366095610097,7.66575703144762,6.25));
#6291=CARTESIAN_POINT('Ctrl Pts',(29.1366095610097,7.66575703144762,3.));
#6292=CARTESIAN_POINT('Ctrl Pts',(29.0599065759005,7.51738642933321,6.25));
#6293=CARTESIAN_POINT('Ctrl Pts',(29.0599065759005,7.51738642933321,3.));
#6294=CARTESIAN_POINT('Ctrl Pts',(28.9703969516841,7.27382962555232,6.25));
#6295=CARTESIAN_POINT('Ctrl Pts',(28.9703969516841,7.27382962555232,3.));
#6296=CARTESIAN_POINT('Ctrl Pts',(28.951058332399,7.20037342442721,6.25));
#6297=CARTESIAN_POINT('Ctrl Pts',(28.951058332399,7.20037342442721,3.));
#6298=CARTESIAN_POINT('Ctrl Pts',(28.9301144609152,7.10082434340462,6.25));
#6299=CARTESIAN_POINT('Ctrl Pts',(28.9301144609152,7.10082434340462,3.));
#6300=CARTESIAN_POINT('Ctrl Pts',(28.9088037177396,6.99268939355692,6.25));
#6301=CARTESIAN_POINT('Ctrl Pts',(28.9088037177396,6.99268939355692,3.));
#6302=CARTESIAN_POINT('Ctrl Pts',(28.917591986263,6.92259100198702,6.25));
#6303=CARTESIAN_POINT('Ctrl Pts',(28.917591986263,6.92259100198702,3.));
#6304=CARTESIAN_POINT('',(29.2241437330559,7.80380796846612,5.95));
#6305=CARTESIAN_POINT('Ctrl Pts',(29.2241437330559,7.80380796846612,5.95));
#6306=CARTESIAN_POINT('Ctrl Pts',(29.1366095610097,7.66575703144762,5.95));
#6307=CARTESIAN_POINT('Ctrl Pts',(29.0599065759005,7.51738642933321,5.95));
#6308=CARTESIAN_POINT('Ctrl Pts',(29.0037443294291,7.3645682562767,5.95));
#6309=CARTESIAN_POINT('Ctrl Pts',(28.9703969516841,7.27382962555232,5.95));
#6310=CARTESIAN_POINT('Ctrl Pts',(28.951058332399,7.20037342442721,5.95));
#6311=CARTESIAN_POINT('Ctrl Pts',(28.9388762940529,7.14247053272579,5.95));
#6312=CARTESIAN_POINT('Ctrl Pts',(28.9301144609152,7.10082434340462,5.95));
#6313=CARTESIAN_POINT('Ctrl Pts',(28.9088037177396,6.99268939355692,5.95));
#6314=CARTESIAN_POINT('Ctrl Pts',(28.917591986263,6.92259100198702,5.95));
#6315=CARTESIAN_POINT('',(29.2241437330559,7.80380796846612,6.25));
#6316=CARTESIAN_POINT('Origin',(29.4178853460896,3.00771954274052,6.25));
#6317=CARTESIAN_POINT('',(29.6116269591233,7.80380796846612,5.95));
#6318=CARTESIAN_POINT('Origin',(29.4178853460896,3.00771954274052,5.95));
#6319=CARTESIAN_POINT('',(29.6116269591233,7.80380796846612,6.25));
#6320=CARTESIAN_POINT('Ctrl Pts',(29.9181787059161,6.92259100198702,6.25));
#6321=CARTESIAN_POINT('Ctrl Pts',(29.9181787059161,6.92259100198702,3.));
#6322=CARTESIAN_POINT('Ctrl Pts',(29.920467819435,6.94084979498662,6.25));
#6323=CARTESIAN_POINT('Ctrl Pts',(29.920467819435,6.94084979498662,3.));
#6324=CARTESIAN_POINT('Ctrl Pts',(29.9207377398002,6.96192866371702,6.25));
#6325=CARTESIAN_POINT('Ctrl Pts',(29.9207377398002,6.96192866371702,3.));
#6326=CARTESIAN_POINT('Ctrl Pts',(29.9134320319961,7.05159937181742,6.25));
#6327=CARTESIAN_POINT('Ctrl Pts',(29.9134320319961,7.05159937181742,3.));
#6328=CARTESIAN_POINT('Ctrl Pts',(29.899822062458,7.19413717498212,6.25));
#6329=CARTESIAN_POINT('Ctrl Pts',(29.899822062458,7.19413717498212,3.));
#6330=CARTESIAN_POINT('Ctrl Pts',(29.7614428470965,7.54497693413152,6.25));
#6331=CARTESIAN_POINT('Ctrl Pts',(29.7614428470965,7.54497693413152,3.));
#6332=CARTESIAN_POINT('Ctrl Pts',(29.6910435470984,7.67855934694492,6.25));
#6333=CARTESIAN_POINT('Ctrl Pts',(29.6910435470984,7.67855934694492,3.));
#6334=CARTESIAN_POINT('Ctrl Pts',(29.6116269591233,7.80380796846612,6.25));
#6335=CARTESIAN_POINT('Ctrl Pts',(29.6116269591233,7.80380796846612,3.));
#6336=CARTESIAN_POINT('',(29.9181787059161,6.92259100198702,5.95));
#6337=CARTESIAN_POINT('Ctrl Pts',(29.9181787059161,6.92259100198702,5.95));
#6338=CARTESIAN_POINT('Ctrl Pts',(29.920467819435,6.94084979498662,5.95));
#6339=CARTESIAN_POINT('Ctrl Pts',(29.9207377398002,6.96192866371702,5.95));
#6340=CARTESIAN_POINT('Ctrl Pts',(29.9170894570832,7.00670791076023,5.95));
#6341=CARTESIAN_POINT('Ctrl Pts',(29.9134320319961,7.05159937181742,5.95));
#6342=CARTESIAN_POINT('Ctrl Pts',(29.899822062458,7.19413717498212,5.95));
#6343=CARTESIAN_POINT('Ctrl Pts',(29.8157335049456,7.40733110867954,5.95));
#6344=CARTESIAN_POINT('Ctrl Pts',(29.7614428470965,7.54497693413152,5.95));
#6345=CARTESIAN_POINT('Ctrl Pts',(29.6910435470984,7.67855934694492,5.95));
#6346=CARTESIAN_POINT('Ctrl Pts',(29.6116269591233,7.80380796846612,5.95));
#6347=CARTESIAN_POINT('',(29.9181787059161,6.92259100198702,6.25));
#6348=CARTESIAN_POINT('Origin',(29.8779308515514,6.60155963527562,6.25));
#6349=CARTESIAN_POINT('',(29.8779308515514,6.60155963527562,5.95));
#6350=CARTESIAN_POINT('',(29.6532061200275,4.80907432559463,5.95));
#6351=CARTESIAN_POINT('',(29.8779308515514,6.60155963527562,6.25));
#6352=CARTESIAN_POINT('Origin',(30.0763773651849,6.57668030195141,6.25));
#6353=CARTESIAN_POINT('',(29.9012976141726,6.48000000000002,5.95));
#6354=CARTESIAN_POINT('Origin',(30.0763773651849,6.57668030195141,5.95));
#6355=CARTESIAN_POINT('',(29.9012976141726,6.48000000000002,6.25));
#6356=CARTESIAN_POINT('Origin',(30.8194286701605,6.48000000000003,6.25));
#6357=CARTESIAN_POINT('',(30.8194286701605,6.48000000000003,5.95));
#6358=CARTESIAN_POINT('',(25.3848951436955,6.47999999999994,5.95));
#6359=CARTESIAN_POINT('',(30.8194286701605,6.48000000000003,6.25));
#6360=CARTESIAN_POINT('Origin',(30.6443489191481,6.5766803019514,6.25));
#6361=CARTESIAN_POINT('',(30.8427954327817,6.60155963527562,5.95));
#6362=CARTESIAN_POINT('Origin',(30.6443489191481,6.5766803019514,5.95));
#6363=CARTESIAN_POINT('',(30.8427954327817,6.60155963527562,6.25));
#6364=CARTESIAN_POINT('Origin',(30.8025475784169,6.92259100198702,6.25));
#6365=CARTESIAN_POINT('',(30.8025475784169,6.92259100198702,5.95));
#6366=CARTESIAN_POINT('',(30.8863063492889,6.25450091093788,5.95));
#6367=CARTESIAN_POINT('',(30.8025475784169,6.92259100198702,6.25));
#6368=CARTESIAN_POINT('Ctrl Pts',(31.1090993252097,7.80380796846612,6.25));
#6369=CARTESIAN_POINT('Ctrl Pts',(31.1090993252097,7.80380796846612,3.));
#6370=CARTESIAN_POINT('Ctrl Pts',(31.0215651531636,7.66575703144762,6.25));
#6371=CARTESIAN_POINT('Ctrl Pts',(31.0215651531636,7.66575703144762,3.));
#6372=CARTESIAN_POINT('Ctrl Pts',(30.9448621680544,7.51738642933321,6.25));
#6373=CARTESIAN_POINT('Ctrl Pts',(30.9448621680544,7.51738642933321,3.));
#6374=CARTESIAN_POINT('Ctrl Pts',(30.8553525438379,7.27382962555232,6.25));
#6375=CARTESIAN_POINT('Ctrl Pts',(30.8553525438379,7.27382962555232,3.));
#6376=CARTESIAN_POINT('Ctrl Pts',(30.8360139245529,7.20037342442721,6.25));
#6377=CARTESIAN_POINT('Ctrl Pts',(30.8360139245529,7.20037342442721,3.));
#6378=CARTESIAN_POINT('Ctrl Pts',(30.8150700530691,7.10082434340462,6.25));
#6379=CARTESIAN_POINT('Ctrl Pts',(30.8150700530691,7.10082434340462,3.));
#6380=CARTESIAN_POINT('Ctrl Pts',(30.7937593098934,6.99268939355692,6.25));
#6381=CARTESIAN_POINT('Ctrl Pts',(30.7937593098934,6.99268939355692,3.));
#6382=CARTESIAN_POINT('Ctrl Pts',(30.8025475784169,6.92259100198702,6.25));
#6383=CARTESIAN_POINT('Ctrl Pts',(30.8025475784169,6.92259100198702,3.));
#6384=CARTESIAN_POINT('',(31.1090993252097,7.80380796846612,5.95));
#6385=CARTESIAN_POINT('Ctrl Pts',(31.1090993252097,7.80380796846612,5.95));
#6386=CARTESIAN_POINT('Ctrl Pts',(31.0215651531636,7.66575703144762,5.95));
#6387=CARTESIAN_POINT('Ctrl Pts',(30.9448621680544,7.51738642933321,5.95));
#6388=CARTESIAN_POINT('Ctrl Pts',(30.8886999215829,7.3645682562767,5.95));
#6389=CARTESIAN_POINT('Ctrl Pts',(30.8553525438379,7.27382962555232,5.95));
#6390=CARTESIAN_POINT('Ctrl Pts',(30.8360139245529,7.20037342442721,5.95));
#6391=CARTESIAN_POINT('Ctrl Pts',(30.8238318862068,7.14247053272579,5.95));
#6392=CARTESIAN_POINT('Ctrl Pts',(30.8150700530691,7.10082434340462,5.95));
#6393=CARTESIAN_POINT('Ctrl Pts',(30.7937593098934,6.99268939355692,5.95));
#6394=CARTESIAN_POINT('Ctrl Pts',(30.8025475784169,6.92259100198702,5.95));
#6395=CARTESIAN_POINT('',(31.1090993252097,7.80380796846612,6.25));
#6396=CARTESIAN_POINT('Origin',(31.3028409382435,3.00771954274052,6.25));
#6397=CARTESIAN_POINT('',(31.4965825512772,7.80380796846612,5.95));
#6398=CARTESIAN_POINT('Origin',(31.3028409382435,3.00771954274052,5.95));
#6399=CARTESIAN_POINT('',(31.4965825512772,7.80380796846612,6.25));
#6400=CARTESIAN_POINT('Ctrl Pts',(31.80313429807,6.92259100198702,6.25));
#6401=CARTESIAN_POINT('Ctrl Pts',(31.80313429807,6.92259100198702,3.));
#6402=CARTESIAN_POINT('Ctrl Pts',(31.8054234115889,6.94084979498662,6.25));
#6403=CARTESIAN_POINT('Ctrl Pts',(31.8054234115889,6.94084979498662,3.));
#6404=CARTESIAN_POINT('Ctrl Pts',(31.805693331954,6.96192866371702,6.25));
#6405=CARTESIAN_POINT('Ctrl Pts',(31.805693331954,6.96192866371702,3.));
#6406=CARTESIAN_POINT('Ctrl Pts',(31.79838762415,7.05159937181742,6.25));
#6407=CARTESIAN_POINT('Ctrl Pts',(31.79838762415,7.05159937181742,3.));
#6408=CARTESIAN_POINT('Ctrl Pts',(31.7847776546119,7.19413717498212,6.25));
#6409=CARTESIAN_POINT('Ctrl Pts',(31.7847776546119,7.19413717498212,3.));
#6410=CARTESIAN_POINT('Ctrl Pts',(31.6463984392504,7.54497693413152,6.25));
#6411=CARTESIAN_POINT('Ctrl Pts',(31.6463984392504,7.54497693413152,3.));
#6412=CARTESIAN_POINT('Ctrl Pts',(31.5759991392523,7.67855934694492,6.25));
#6413=CARTESIAN_POINT('Ctrl Pts',(31.5759991392523,7.67855934694492,3.));
#6414=CARTESIAN_POINT('Ctrl Pts',(31.4965825512772,7.80380796846612,6.25));
#6415=CARTESIAN_POINT('Ctrl Pts',(31.4965825512772,7.80380796846612,3.));
#6416=CARTESIAN_POINT('',(31.80313429807,6.92259100198702,5.95));
#6417=CARTESIAN_POINT('Ctrl Pts',(31.80313429807,6.92259100198702,5.95));
#6418=CARTESIAN_POINT('Ctrl Pts',(31.8054234115889,6.94084979498662,5.95));
#6419=CARTESIAN_POINT('Ctrl Pts',(31.805693331954,6.96192866371702,5.95));
#6420=CARTESIAN_POINT('Ctrl Pts',(31.802045049237,7.00670791076023,5.95));
#6421=CARTESIAN_POINT('Ctrl Pts',(31.79838762415,7.05159937181742,5.95));
#6422=CARTESIAN_POINT('Ctrl Pts',(31.7847776546119,7.19413717498212,5.95));
#6423=CARTESIAN_POINT('Ctrl Pts',(31.7006890970995,7.40733110867954,5.95));
#6424=CARTESIAN_POINT('Ctrl Pts',(31.6463984392504,7.54497693413152,5.95));
#6425=CARTESIAN_POINT('Ctrl Pts',(31.5759991392523,7.67855934694492,5.95));
#6426=CARTESIAN_POINT('Ctrl Pts',(31.4965825512772,7.80380796846612,5.95));
#6427=CARTESIAN_POINT('',(31.80313429807,6.92259100198702,6.25));
#6428=CARTESIAN_POINT('Origin',(31.7628864437053,6.60155963527561,6.25));
#6429=CARTESIAN_POINT('',(31.7628864437053,6.60155963527561,5.95));
#6430=CARTESIAN_POINT('',(31.5235773106237,4.69274389162126,5.95));
#6431=CARTESIAN_POINT('',(31.7628864437053,6.60155963527561,6.25));
#6432=CARTESIAN_POINT('Origin',(31.9613329573388,6.57668030195139,6.25));
#6433=CARTESIAN_POINT('',(31.7862532063265,6.48000000000002,5.95));
#6434=CARTESIAN_POINT('Origin',(31.9613329573388,6.57668030195139,5.95));
#6435=CARTESIAN_POINT('',(31.7862532063265,6.48000000000002,6.25));
#6436=CARTESIAN_POINT('Origin',(32.7043842623144,6.48000000000003,6.25));
#6437=CARTESIAN_POINT('',(32.7043842623144,6.48000000000003,5.95));
#6438=CARTESIAN_POINT('',(26.3273729397725,6.47999999999992,5.95));
#6439=CARTESIAN_POINT('',(32.7043842623144,6.48000000000003,6.25));
#6440=CARTESIAN_POINT('Origin',(32.529304511302,6.57668030195141,6.25));
#6441=CARTESIAN_POINT('',(32.7277510249355,6.60155963527562,5.95));
#6442=CARTESIAN_POINT('Origin',(32.529304511302,6.57668030195141,5.95));
#6443=CARTESIAN_POINT('',(32.7277510249355,6.60155963527562,6.25));
#6444=CARTESIAN_POINT('Origin',(32.6875031705708,6.92259100198702,6.25));
#6445=CARTESIAN_POINT('',(32.6875031705708,6.92259100198702,5.95));
#6446=CARTESIAN_POINT('',(32.7566775398851,6.37083134490931,5.95));
#6447=CARTESIAN_POINT('',(32.6875031705708,6.92259100198702,6.25));
#6448=CARTESIAN_POINT('Ctrl Pts',(32.9940549173636,7.80380796846612,6.25));
#6449=CARTESIAN_POINT('Ctrl Pts',(32.9940549173636,7.80380796846612,3.));
#6450=CARTESIAN_POINT('Ctrl Pts',(32.9065207453174,7.66575703144762,6.25));
#6451=CARTESIAN_POINT('Ctrl Pts',(32.9065207453174,7.66575703144762,3.));
#6452=CARTESIAN_POINT('Ctrl Pts',(32.8298177602083,7.51738642933321,6.25));
#6453=CARTESIAN_POINT('Ctrl Pts',(32.8298177602083,7.51738642933321,3.));
#6454=CARTESIAN_POINT('Ctrl Pts',(32.7403081359918,7.27382962555232,6.25));
#6455=CARTESIAN_POINT('Ctrl Pts',(32.7403081359918,7.27382962555232,3.));
#6456=CARTESIAN_POINT('Ctrl Pts',(32.7209695167068,7.20037342442721,6.25));
#6457=CARTESIAN_POINT('Ctrl Pts',(32.7209695167068,7.20037342442721,3.));
#6458=CARTESIAN_POINT('Ctrl Pts',(32.700025645223,7.10082434340462,6.25));
#6459=CARTESIAN_POINT('Ctrl Pts',(32.700025645223,7.10082434340462,3.));
#6460=CARTESIAN_POINT('Ctrl Pts',(32.6787149020473,6.99268939355692,6.25));
#6461=CARTESIAN_POINT('Ctrl Pts',(32.6787149020473,6.99268939355692,3.));
#6462=CARTESIAN_POINT('Ctrl Pts',(32.6875031705708,6.92259100198702,6.25));
#6463=CARTESIAN_POINT('Ctrl Pts',(32.6875031705708,6.92259100198702,3.));
#6464=CARTESIAN_POINT('',(32.9940549173636,7.80380796846612,5.95));
#6465=CARTESIAN_POINT('Ctrl Pts',(32.9940549173636,7.80380796846612,5.95));
#6466=CARTESIAN_POINT('Ctrl Pts',(32.9065207453174,7.66575703144762,5.95));
#6467=CARTESIAN_POINT('Ctrl Pts',(32.8298177602083,7.51738642933321,5.95));
#6468=CARTESIAN_POINT('Ctrl Pts',(32.7736555137368,7.3645682562767,5.95));
#6469=CARTESIAN_POINT('Ctrl Pts',(32.7403081359918,7.27382962555232,5.95));
#6470=CARTESIAN_POINT('Ctrl Pts',(32.7209695167068,7.20037342442721,5.95));
#6471=CARTESIAN_POINT('Ctrl Pts',(32.7087874783607,7.14247053272579,5.95));
#6472=CARTESIAN_POINT('Ctrl Pts',(32.700025645223,7.10082434340462,5.95));
#6473=CARTESIAN_POINT('Ctrl Pts',(32.6787149020473,6.99268939355692,5.95));
#6474=CARTESIAN_POINT('Ctrl Pts',(32.6875031705708,6.92259100198702,5.95));
#6475=CARTESIAN_POINT('',(32.9940549173636,7.80380796846612,6.25));
#6476=CARTESIAN_POINT('Origin',(33.1877965303973,3.00771954274052,6.25));
#6477=CARTESIAN_POINT('',(33.3815381434311,7.80380796846612,5.95));
#6478=CARTESIAN_POINT('Origin',(33.1877965303973,3.00771954274052,5.95));
#6479=CARTESIAN_POINT('',(33.3815381434311,7.80380796846612,6.25));
#6480=CARTESIAN_POINT('Ctrl Pts',(33.6880898902239,6.92259100198702,6.25));
#6481=CARTESIAN_POINT('Ctrl Pts',(33.6880898902239,6.92259100198702,3.));
#6482=CARTESIAN_POINT('Ctrl Pts',(33.6903790037428,6.94084979498662,6.25));
#6483=CARTESIAN_POINT('Ctrl Pts',(33.6903790037428,6.94084979498662,3.));
#6484=CARTESIAN_POINT('Ctrl Pts',(33.6906489241079,6.96192866371702,6.25));
#6485=CARTESIAN_POINT('Ctrl Pts',(33.6906489241079,6.96192866371702,3.));
#6486=CARTESIAN_POINT('Ctrl Pts',(33.6833432163039,7.05159937181742,6.25));
#6487=CARTESIAN_POINT('Ctrl Pts',(33.6833432163039,7.05159937181742,3.));
#6488=CARTESIAN_POINT('Ctrl Pts',(33.6697332467658,7.19413717498212,6.25));
#6489=CARTESIAN_POINT('Ctrl Pts',(33.6697332467658,7.19413717498212,3.));
#6490=CARTESIAN_POINT('Ctrl Pts',(33.5313540314043,7.54497693413152,6.25));
#6491=CARTESIAN_POINT('Ctrl Pts',(33.5313540314043,7.54497693413152,3.));
#6492=CARTESIAN_POINT('Ctrl Pts',(33.4609547314062,7.67855934694492,6.25));
#6493=CARTESIAN_POINT('Ctrl Pts',(33.4609547314062,7.67855934694492,3.));
#6494=CARTESIAN_POINT('Ctrl Pts',(33.3815381434311,7.80380796846612,6.25));
#6495=CARTESIAN_POINT('Ctrl Pts',(33.3815381434311,7.80380796846612,3.));
#6496=CARTESIAN_POINT('',(33.6880898902239,6.92259100198702,5.95));
#6497=CARTESIAN_POINT('Ctrl Pts',(33.6880898902239,6.92259100198702,5.95));
#6498=CARTESIAN_POINT('Ctrl Pts',(33.6903790037428,6.94084979498662,5.95));
#6499=CARTESIAN_POINT('Ctrl Pts',(33.6906489241079,6.96192866371702,5.95));
#6500=CARTESIAN_POINT('Ctrl Pts',(33.6870006413909,7.00670791076023,5.95));
#6501=CARTESIAN_POINT('Ctrl Pts',(33.6833432163039,7.05159937181742,5.95));
#6502=CARTESIAN_POINT('Ctrl Pts',(33.6697332467658,7.19413717498212,5.95));
#6503=CARTESIAN_POINT('Ctrl Pts',(33.5856446892534,7.40733110867954,5.95));
#6504=CARTESIAN_POINT('Ctrl Pts',(33.5313540314043,7.54497693413152,5.95));
#6505=CARTESIAN_POINT('Ctrl Pts',(33.4609547314062,7.67855934694492,5.95));
#6506=CARTESIAN_POINT('Ctrl Pts',(33.3815381434311,7.80380796846612,5.95));
#6507=CARTESIAN_POINT('',(33.6880898902239,6.92259100198702,6.25));
#6508=CARTESIAN_POINT('Origin',(33.6478420358592,6.6015596352756,6.25));
#6509=CARTESIAN_POINT('',(33.6478420358592,6.6015596352756,5.95));
#6510=CARTESIAN_POINT('',(33.3939485012198,4.57641345764788,5.95));
#6511=CARTESIAN_POINT('',(33.6478420358592,6.6015596352756,6.25));
#6512=CARTESIAN_POINT('Origin',(33.8462885494927,6.5766803019514,6.25));
#6513=CARTESIAN_POINT('',(33.6712087984803,6.48000000000002,5.95));
#6514=CARTESIAN_POINT('Origin',(33.8462885494927,6.5766803019514,5.95));
#6515=CARTESIAN_POINT('',(33.6712087984803,6.48000000000002,6.25));
#6516=CARTESIAN_POINT('Origin',(33.8089993405122,6.48000000000002,6.25));
#6517=CARTESIAN_POINT('',(33.8089993405122,6.48000000000002,5.95));
#6518=CARTESIAN_POINT('',(26.8796804788714,6.48000000000002,5.95));
#6519=CARTESIAN_POINT('',(33.8089993405122,6.48000000000002,6.25));
#6520=CARTESIAN_POINT('Origin',(14.6609033919918,7.48000000000002,6.25));
#6521=CARTESIAN_POINT('',(15.1609033919918,7.48000000000002,5.95));
#6522=CARTESIAN_POINT('',(15.0610043239104,7.7798653769241,5.95));
#6523=CARTESIAN_POINT('Origin',(14.6609033919918,7.48000000000002,5.95));
#6524=CARTESIAN_POINT('',(15.1609033919918,7.48000000000002,6.25));
#6525=CARTESIAN_POINT('',(15.0610043239104,7.7798653769241,6.25));
#6526=CARTESIAN_POINT('Origin',(15.1609033919918,6.98000000000002,6.25));
#6527=CARTESIAN_POINT('',(15.1609033919918,6.98000000000002,5.95));
#6528=CARTESIAN_POINT('',(15.1609033919918,5.59243268846155,5.95));
#6529=CARTESIAN_POINT('',(15.1609033919918,6.98000000000002,6.25));
#6530=CARTESIAN_POINT('Origin',(15.6609033919918,6.98000000000002,6.25));
#6531=CARTESIAN_POINT('',(15.6609033919918,6.48000000000003,5.95));
#6532=CARTESIAN_POINT('Origin',(15.6609033919918,6.98000000000002,5.95));
#6533=CARTESIAN_POINT('',(15.6609033919918,6.48000000000003,6.25));
#6534=CARTESIAN_POINT('Origin',(17.6247395250833,6.47999999999999,6.25));
#6535=CARTESIAN_POINT('',(17.6247395250833,6.47999999999999,5.95));
#6536=CARTESIAN_POINT('',(18.787550571157,6.47999999999997,5.95));
#6537=CARTESIAN_POINT('',(17.6247395250833,6.47999999999999,6.25));
#6538=CARTESIAN_POINT('Origin',(17.4496597740708,6.57668030195143,6.25));
#6539=CARTESIAN_POINT('',(17.6481062877045,6.60155963527562,5.95));
#6540=CARTESIAN_POINT('Origin',(17.4496597740708,6.57668030195143,5.95));
#6541=CARTESIAN_POINT('',(17.6481062877045,6.60155963527562,6.25));
#6542=CARTESIAN_POINT('Origin',(17.6078584333398,6.92259100198702,6.25));
#6543=CARTESIAN_POINT('',(17.6078584333398,6.92259100198702,5.95));
#6544=CARTESIAN_POINT('',(17.7937080151157,5.44018787312319,5.95));
#6545=CARTESIAN_POINT('',(17.6078584333398,6.92259100198702,6.25));
#6546=CARTESIAN_POINT('Ctrl Pts',(17.9144101801326,7.80380796846612,6.25));
#6547=CARTESIAN_POINT('Ctrl Pts',(17.9144101801326,7.80380796846612,3.));
#6548=CARTESIAN_POINT('Ctrl Pts',(17.8268760080864,7.66575703144762,6.25));
#6549=CARTESIAN_POINT('Ctrl Pts',(17.8268760080864,7.66575703144762,3.));
#6550=CARTESIAN_POINT('Ctrl Pts',(17.7501730229773,7.51738642933321,6.25));
#6551=CARTESIAN_POINT('Ctrl Pts',(17.7501730229773,7.51738642933321,3.));
#6552=CARTESIAN_POINT('Ctrl Pts',(17.6606633987608,7.27382962555232,6.25));
#6553=CARTESIAN_POINT('Ctrl Pts',(17.6606633987608,7.27382962555232,3.));
#6554=CARTESIAN_POINT('Ctrl Pts',(17.6413247794758,7.20037342442721,6.25));
#6555=CARTESIAN_POINT('Ctrl Pts',(17.6413247794758,7.20037342442721,3.));
#6556=CARTESIAN_POINT('Ctrl Pts',(17.620380907992,7.10082434340462,6.25));
#6557=CARTESIAN_POINT('Ctrl Pts',(17.620380907992,7.10082434340462,3.));
#6558=CARTESIAN_POINT('Ctrl Pts',(17.5990701648163,6.99268939355692,6.25));
#6559=CARTESIAN_POINT('Ctrl Pts',(17.5990701648163,6.99268939355692,3.));
#6560=CARTESIAN_POINT('Ctrl Pts',(17.6078584333398,6.92259100198702,6.25));
#6561=CARTESIAN_POINT('Ctrl Pts',(17.6078584333398,6.92259100198702,3.));
#6562=CARTESIAN_POINT('',(17.9144101801326,7.80380796846612,5.95));
#6563=CARTESIAN_POINT('Ctrl Pts',(17.9144101801326,7.80380796846612,5.95));
#6564=CARTESIAN_POINT('Ctrl Pts',(17.8268760080864,7.66575703144762,5.95));
#6565=CARTESIAN_POINT('Ctrl Pts',(17.7501730229773,7.51738642933321,5.95));
#6566=CARTESIAN_POINT('Ctrl Pts',(17.6940107765058,7.3645682562767,5.95));
#6567=CARTESIAN_POINT('Ctrl Pts',(17.6606633987608,7.27382962555232,5.95));
#6568=CARTESIAN_POINT('Ctrl Pts',(17.6413247794758,7.20037342442721,5.95));
#6569=CARTESIAN_POINT('Ctrl Pts',(17.6291427411297,7.14247053272579,5.95));
#6570=CARTESIAN_POINT('Ctrl Pts',(17.620380907992,7.10082434340462,5.95));
#6571=CARTESIAN_POINT('Ctrl Pts',(17.5990701648163,6.99268939355692,5.95));
#6572=CARTESIAN_POINT('Ctrl Pts',(17.6078584333398,6.92259100198702,5.95));
#6573=CARTESIAN_POINT('',(17.9144101801326,7.80380796846612,6.25));
#6574=CARTESIAN_POINT('Origin',(18.1081517931663,3.00771954274052,6.25));
#6575=CARTESIAN_POINT('',(18.3018934062,7.80380796846612,5.95));
#6576=CARTESIAN_POINT('Origin',(18.1081517931663,3.00771954274052,5.95));
#6577=CARTESIAN_POINT('',(18.3018934062,7.80380796846612,6.25));
#6578=CARTESIAN_POINT('Ctrl Pts',(18.6084451529929,6.92259100198702,6.25));
#6579=CARTESIAN_POINT('Ctrl Pts',(18.6084451529929,6.92259100198702,3.));
#6580=CARTESIAN_POINT('Ctrl Pts',(18.6107342665118,6.94084979498662,6.25));
#6581=CARTESIAN_POINT('Ctrl Pts',(18.6107342665118,6.94084979498662,3.));
#6582=CARTESIAN_POINT('Ctrl Pts',(18.6110041868769,6.96192866371702,6.25));
#6583=CARTESIAN_POINT('Ctrl Pts',(18.6110041868769,6.96192866371702,3.));
#6584=CARTESIAN_POINT('Ctrl Pts',(18.6036984790729,7.05159937181742,6.25));
#6585=CARTESIAN_POINT('Ctrl Pts',(18.6036984790729,7.05159937181742,3.));
#6586=CARTESIAN_POINT('Ctrl Pts',(18.5900885095347,7.19413717498212,6.25));
#6587=CARTESIAN_POINT('Ctrl Pts',(18.5900885095347,7.19413717498212,3.));
#6588=CARTESIAN_POINT('Ctrl Pts',(18.4517092941733,7.54497693413152,6.25));
#6589=CARTESIAN_POINT('Ctrl Pts',(18.4517092941733,7.54497693413152,3.));
#6590=CARTESIAN_POINT('Ctrl Pts',(18.3813099941752,7.67855934694492,6.25));
#6591=CARTESIAN_POINT('Ctrl Pts',(18.3813099941752,7.67855934694492,3.));
#6592=CARTESIAN_POINT('Ctrl Pts',(18.3018934062,7.80380796846612,6.25));
#6593=CARTESIAN_POINT('Ctrl Pts',(18.3018934062,7.80380796846612,3.));
#6594=CARTESIAN_POINT('',(18.6084451529929,6.92259100198702,5.95));
#6595=CARTESIAN_POINT('Ctrl Pts',(18.6084451529929,6.92259100198702,5.95));
#6596=CARTESIAN_POINT('Ctrl Pts',(18.6107342665118,6.94084979498662,5.95));
#6597=CARTESIAN_POINT('Ctrl Pts',(18.6110041868769,6.96192866371702,5.95));
#6598=CARTESIAN_POINT('Ctrl Pts',(18.6073559041599,7.00670791076023,5.95));
#6599=CARTESIAN_POINT('Ctrl Pts',(18.6036984790729,7.05159937181742,5.95));
#6600=CARTESIAN_POINT('Ctrl Pts',(18.5900885095347,7.19413717498212,5.95));
#6601=CARTESIAN_POINT('Ctrl Pts',(18.5059999520223,7.40733110867954,5.95));
#6602=CARTESIAN_POINT('Ctrl Pts',(18.4517092941733,7.54497693413152,5.95));
#6603=CARTESIAN_POINT('Ctrl Pts',(18.3813099941752,7.67855934694492,5.95));
#6604=CARTESIAN_POINT('Ctrl Pts',(18.3018934062,7.80380796846612,5.95));
#6605=CARTESIAN_POINT('',(18.6084451529929,6.92259100198702,6.25));
#6606=CARTESIAN_POINT('Origin',(18.5681972986282,6.6015596352756,6.25));
#6607=CARTESIAN_POINT('',(18.5681972986282,6.6015596352756,5.95));
#6608=CARTESIAN_POINT('',(18.4309789764507,5.50705692943497,5.95));
#6609=CARTESIAN_POINT('',(18.5681972986282,6.6015596352756,6.25));
#6610=CARTESIAN_POINT('Origin',(18.7666438122617,6.5766803019514,6.25));
#6611=CARTESIAN_POINT('',(18.5915640612493,6.48000000000002,5.95));
#6612=CARTESIAN_POINT('Origin',(18.7666438122617,6.5766803019514,5.95));
#6613=CARTESIAN_POINT('',(18.5915640612493,6.48000000000002,6.25));
#6614=CARTESIAN_POINT('Origin',(19.5096951172372,6.47999999999999,6.25));
#6615=CARTESIAN_POINT('',(19.5096951172372,6.47999999999999,5.95));
#6616=CARTESIAN_POINT('',(19.730028367234,6.47999999999998,5.95));
#6617=CARTESIAN_POINT('',(19.5096951172372,6.47999999999999,6.25));
#6618=CARTESIAN_POINT('Origin',(19.3346153662248,6.57668030195142,6.25));
#6619=CARTESIAN_POINT('',(19.5330618798584,6.60155963527562,5.95));
#6620=CARTESIAN_POINT('Origin',(19.3346153662248,6.57668030195142,5.95));
#6621=CARTESIAN_POINT('',(19.5330618798584,6.60155963527562,6.25));
#6622=CARTESIAN_POINT('Origin',(19.4928140254937,6.92259100198702,6.25));
#6623=CARTESIAN_POINT('',(19.4928140254937,6.92259100198702,5.95));
#6624=CARTESIAN_POINT('',(19.664079205712,5.55651830709646,5.95));
#6625=CARTESIAN_POINT('',(19.4928140254937,6.92259100198702,6.25));
#6626=CARTESIAN_POINT('Ctrl Pts',(19.7993657722865,7.80380796846612,6.25));
#6627=CARTESIAN_POINT('Ctrl Pts',(19.7993657722865,7.80380796846612,3.));
#6628=CARTESIAN_POINT('Ctrl Pts',(19.7118316002403,7.66575703144762,6.25));
#6629=CARTESIAN_POINT('Ctrl Pts',(19.7118316002403,7.66575703144762,3.));
#6630=CARTESIAN_POINT('Ctrl Pts',(19.6351286151312,7.51738642933321,6.25));
#6631=CARTESIAN_POINT('Ctrl Pts',(19.6351286151312,7.51738642933321,3.));
#6632=CARTESIAN_POINT('Ctrl Pts',(19.5456189909147,7.27382962555232,6.25));
#6633=CARTESIAN_POINT('Ctrl Pts',(19.5456189909147,7.27382962555232,3.));
#6634=CARTESIAN_POINT('Ctrl Pts',(19.5262803716296,7.20037342442721,6.25));
#6635=CARTESIAN_POINT('Ctrl Pts',(19.5262803716296,7.20037342442721,3.));
#6636=CARTESIAN_POINT('Ctrl Pts',(19.5053365001459,7.10082434340462,6.25));
#6637=CARTESIAN_POINT('Ctrl Pts',(19.5053365001459,7.10082434340462,3.));
#6638=CARTESIAN_POINT('Ctrl Pts',(19.4840257569702,6.99268939355692,6.25));
#6639=CARTESIAN_POINT('Ctrl Pts',(19.4840257569702,6.99268939355692,3.));
#6640=CARTESIAN_POINT('Ctrl Pts',(19.4928140254937,6.92259100198702,6.25));
#6641=CARTESIAN_POINT('Ctrl Pts',(19.4928140254937,6.92259100198702,3.));
#6642=CARTESIAN_POINT('',(19.7993657722865,7.80380796846612,5.95));
#6643=CARTESIAN_POINT('Ctrl Pts',(19.7993657722865,7.80380796846612,5.95));
#6644=CARTESIAN_POINT('Ctrl Pts',(19.7118316002403,7.66575703144762,5.95));
#6645=CARTESIAN_POINT('Ctrl Pts',(19.6351286151312,7.51738642933321,5.95));
#6646=CARTESIAN_POINT('Ctrl Pts',(19.5789663686597,7.3645682562767,5.95));
#6647=CARTESIAN_POINT('Ctrl Pts',(19.5456189909147,7.27382962555232,5.95));
#6648=CARTESIAN_POINT('Ctrl Pts',(19.5262803716296,7.20037342442721,5.95));
#6649=CARTESIAN_POINT('Ctrl Pts',(19.5140983332836,7.14247053272579,5.95));
#6650=CARTESIAN_POINT('Ctrl Pts',(19.5053365001459,7.10082434340462,5.95));
#6651=CARTESIAN_POINT('Ctrl Pts',(19.4840257569702,6.99268939355692,5.95));
#6652=CARTESIAN_POINT('Ctrl Pts',(19.4928140254937,6.92259100198702,5.95));
#6653=CARTESIAN_POINT('',(19.7993657722865,7.80380796846612,6.25));
#6654=CARTESIAN_POINT('Origin',(19.9931073853202,3.00771954274052,6.25));
#6655=CARTESIAN_POINT('',(20.1868489983539,7.80380796846612,5.95));
#6656=CARTESIAN_POINT('Origin',(19.9931073853202,3.00771954274052,5.95));
#6657=CARTESIAN_POINT('',(20.1868489983539,7.80380796846612,6.25));
#6658=CARTESIAN_POINT('Ctrl Pts',(20.4934007451468,6.92259100198702,6.25));
#6659=CARTESIAN_POINT('Ctrl Pts',(20.4934007451468,6.92259100198702,3.));
#6660=CARTESIAN_POINT('Ctrl Pts',(20.4956898586656,6.94084979498662,6.25));
#6661=CARTESIAN_POINT('Ctrl Pts',(20.4956898586656,6.94084979498662,3.));
#6662=CARTESIAN_POINT('Ctrl Pts',(20.4959597790308,6.96192866371702,6.25));
#6663=CARTESIAN_POINT('Ctrl Pts',(20.4959597790308,6.96192866371702,3.));
#6664=CARTESIAN_POINT('Ctrl Pts',(20.4886540712268,7.05159937181742,6.25));
#6665=CARTESIAN_POINT('Ctrl Pts',(20.4886540712268,7.05159937181742,3.));
#6666=CARTESIAN_POINT('Ctrl Pts',(20.4750441016886,7.19413717498212,6.25));
#6667=CARTESIAN_POINT('Ctrl Pts',(20.4750441016886,7.19413717498212,3.));
#6668=CARTESIAN_POINT('Ctrl Pts',(20.3366648863271,7.54497693413152,6.25));
#6669=CARTESIAN_POINT('Ctrl Pts',(20.3366648863271,7.54497693413152,3.));
#6670=CARTESIAN_POINT('Ctrl Pts',(20.2662655863291,7.67855934694492,6.25));
#6671=CARTESIAN_POINT('Ctrl Pts',(20.2662655863291,7.67855934694492,3.));
#6672=CARTESIAN_POINT('Ctrl Pts',(20.1868489983539,7.80380796846612,6.25));
#6673=CARTESIAN_POINT('Ctrl Pts',(20.1868489983539,7.80380796846612,3.));
#6674=CARTESIAN_POINT('',(20.4934007451468,6.92259100198702,5.95));
#6675=CARTESIAN_POINT('Ctrl Pts',(20.4934007451468,6.92259100198702,5.95));
#6676=CARTESIAN_POINT('Ctrl Pts',(20.4956898586656,6.94084979498662,5.95));
#6677=CARTESIAN_POINT('Ctrl Pts',(20.4959597790308,6.96192866371702,5.95));
#6678=CARTESIAN_POINT('Ctrl Pts',(20.4923114963138,7.00670791076023,5.95));
#6679=CARTESIAN_POINT('Ctrl Pts',(20.4886540712268,7.05159937181742,5.95));
#6680=CARTESIAN_POINT('Ctrl Pts',(20.4750441016886,7.19413717498212,5.95));
#6681=CARTESIAN_POINT('Ctrl Pts',(20.3909555441762,7.40733110867954,5.95));
#6682=CARTESIAN_POINT('Ctrl Pts',(20.3366648863271,7.54497693413152,5.95));
#6683=CARTESIAN_POINT('Ctrl Pts',(20.2662655863291,7.67855934694492,5.95));
#6684=CARTESIAN_POINT('Ctrl Pts',(20.1868489983539,7.80380796846612,5.95));
#6685=CARTESIAN_POINT('',(20.4934007451468,6.92259100198702,6.25));
#6686=CARTESIAN_POINT('Origin',(20.453152890782,6.60155963527562,6.25));
#6687=CARTESIAN_POINT('',(20.453152890782,6.60155963527562,5.95));
#6688=CARTESIAN_POINT('',(20.3013501670464,5.39072649546161,5.95));
#6689=CARTESIAN_POINT('',(20.453152890782,6.60155963527562,6.25));
#6690=CARTESIAN_POINT('Origin',(20.6515994044157,6.57668030195145,6.25));
#6691=CARTESIAN_POINT('',(20.4765196534032,6.48000000000002,5.95));
#6692=CARTESIAN_POINT('Origin',(20.6515994044157,6.57668030195145,5.95));
#6693=CARTESIAN_POINT('',(20.4765196534032,6.48000000000002,6.25));
#6694=CARTESIAN_POINT('Origin',(21.3946507093911,6.48000000000003,6.25));
#6695=CARTESIAN_POINT('',(21.3946507093911,6.48000000000003,5.95));
#6696=CARTESIAN_POINT('',(20.6725061633108,6.48000000000002,5.95));
#6697=CARTESIAN_POINT('',(21.3946507093911,6.48000000000003,6.25));
#6698=CARTESIAN_POINT('Origin',(21.2195709583787,6.5766803019514,6.25));
#6699=CARTESIAN_POINT('',(21.4180174720122,6.60155963527561,5.95));
#6700=CARTESIAN_POINT('Origin',(21.2195709583787,6.5766803019514,5.95));
#6701=CARTESIAN_POINT('',(21.4180174720122,6.60155963527561,6.25));
#6702=CARTESIAN_POINT('Origin',(21.3777696176475,6.92259100198702,6.25));
#6703=CARTESIAN_POINT('',(21.3777696176475,6.92259100198702,5.95));
#6704=CARTESIAN_POINT('',(21.5344503963084,5.67284874107006,5.95));
#6705=CARTESIAN_POINT('',(21.3777696176475,6.92259100198702,6.25));
#6706=CARTESIAN_POINT('Ctrl Pts',(21.6843213644404,7.80380796846612,6.25));
#6707=CARTESIAN_POINT('Ctrl Pts',(21.6843213644404,7.80380796846612,3.));
#6708=CARTESIAN_POINT('Ctrl Pts',(21.5967871923942,7.66575703144762,6.25));
#6709=CARTESIAN_POINT('Ctrl Pts',(21.5967871923942,7.66575703144762,3.));
#6710=CARTESIAN_POINT('Ctrl Pts',(21.520084207285,7.51738642933321,6.25));
#6711=CARTESIAN_POINT('Ctrl Pts',(21.520084207285,7.51738642933321,3.));
#6712=CARTESIAN_POINT('Ctrl Pts',(21.4305745830686,7.27382962555232,6.25));
#6713=CARTESIAN_POINT('Ctrl Pts',(21.4305745830686,7.27382962555232,3.));
#6714=CARTESIAN_POINT('Ctrl Pts',(21.4112359637835,7.20037342442721,6.25));
#6715=CARTESIAN_POINT('Ctrl Pts',(21.4112359637835,7.20037342442721,3.));
#6716=CARTESIAN_POINT('Ctrl Pts',(21.3902920922997,7.10082434340462,6.25));
#6717=CARTESIAN_POINT('Ctrl Pts',(21.3902920922997,7.10082434340462,3.));
#6718=CARTESIAN_POINT('Ctrl Pts',(21.3689813491241,6.99268939355692,6.25));
#6719=CARTESIAN_POINT('Ctrl Pts',(21.3689813491241,6.99268939355692,3.));
#6720=CARTESIAN_POINT('Ctrl Pts',(21.3777696176475,6.92259100198702,6.25));
#6721=CARTESIAN_POINT('Ctrl Pts',(21.3777696176475,6.92259100198702,3.));
#6722=CARTESIAN_POINT('',(21.6843213644404,7.80380796846612,5.95));
#6723=CARTESIAN_POINT('Ctrl Pts',(21.6843213644404,7.80380796846612,5.95));
#6724=CARTESIAN_POINT('Ctrl Pts',(21.5967871923942,7.66575703144762,5.95));
#6725=CARTESIAN_POINT('Ctrl Pts',(21.520084207285,7.51738642933321,5.95));
#6726=CARTESIAN_POINT('Ctrl Pts',(21.4639219608136,7.3645682562767,5.95));
#6727=CARTESIAN_POINT('Ctrl Pts',(21.4305745830686,7.27382962555232,5.95));
#6728=CARTESIAN_POINT('Ctrl Pts',(21.4112359637835,7.20037342442721,5.95));
#6729=CARTESIAN_POINT('Ctrl Pts',(21.3990539254374,7.14247053272579,5.95));
#6730=CARTESIAN_POINT('Ctrl Pts',(21.3902920922997,7.10082434340462,5.95));
#6731=CARTESIAN_POINT('Ctrl Pts',(21.3689813491241,6.99268939355692,5.95));
#6732=CARTESIAN_POINT('Ctrl Pts',(21.3777696176475,6.92259100198702,5.95));
#6733=CARTESIAN_POINT('',(21.6843213644404,7.80380796846612,6.25));
#6734=CARTESIAN_POINT('Origin',(21.8780629774741,3.00771954274052,6.25));
#6735=CARTESIAN_POINT('',(22.0718045905078,7.80380796846612,5.95));
#6736=CARTESIAN_POINT('Origin',(21.8780629774741,3.00771954274052,5.95));
#6737=CARTESIAN_POINT('',(22.0718045905078,7.80380796846612,6.25));
#6738=CARTESIAN_POINT('Ctrl Pts',(22.3783563373006,6.92259100198702,6.25));
#6739=CARTESIAN_POINT('Ctrl Pts',(22.3783563373006,6.92259100198702,3.));
#6740=CARTESIAN_POINT('Ctrl Pts',(22.3806454508195,6.94084979498662,6.25));
#6741=CARTESIAN_POINT('Ctrl Pts',(22.3806454508195,6.94084979498662,3.));
#6742=CARTESIAN_POINT('Ctrl Pts',(22.3809153711846,6.96192866371702,6.25));
#6743=CARTESIAN_POINT('Ctrl Pts',(22.3809153711846,6.96192866371702,3.));
#6744=CARTESIAN_POINT('Ctrl Pts',(22.3736096633806,7.05159937181742,6.25));
#6745=CARTESIAN_POINT('Ctrl Pts',(22.3736096633806,7.05159937181742,3.));
#6746=CARTESIAN_POINT('Ctrl Pts',(22.3599996938425,7.19413717498212,6.25));
#6747=CARTESIAN_POINT('Ctrl Pts',(22.3599996938425,7.19413717498212,3.));
#6748=CARTESIAN_POINT('Ctrl Pts',(22.221620478481,7.54497693413152,6.25));
#6749=CARTESIAN_POINT('Ctrl Pts',(22.221620478481,7.54497693413152,3.));
#6750=CARTESIAN_POINT('Ctrl Pts',(22.1512211784829,7.67855934694492,6.25));
#6751=CARTESIAN_POINT('Ctrl Pts',(22.1512211784829,7.67855934694492,3.));
#6752=CARTESIAN_POINT('Ctrl Pts',(22.0718045905078,7.80380796846612,6.25));
#6753=CARTESIAN_POINT('Ctrl Pts',(22.0718045905078,7.80380796846612,3.));
#6754=CARTESIAN_POINT('',(22.3783563373006,6.92259100198702,5.95));
#6755=CARTESIAN_POINT('Ctrl Pts',(22.3783563373006,6.92259100198702,5.95));
#6756=CARTESIAN_POINT('Ctrl Pts',(22.3806454508195,6.94084979498662,5.95));
#6757=CARTESIAN_POINT('Ctrl Pts',(22.3809153711846,6.96192866371702,5.95));
#6758=CARTESIAN_POINT('Ctrl Pts',(22.3772670884676,7.00670791076023,5.95));
#6759=CARTESIAN_POINT('Ctrl Pts',(22.3736096633806,7.05159937181742,5.95));
#6760=CARTESIAN_POINT('Ctrl Pts',(22.3599996938425,7.19413717498212,5.95));
#6761=CARTESIAN_POINT('Ctrl Pts',(22.2759111363301,7.40733110867954,5.95));
#6762=CARTESIAN_POINT('Ctrl Pts',(22.221620478481,7.54497693413152,5.95));
#6763=CARTESIAN_POINT('Ctrl Pts',(22.1512211784829,7.67855934694492,5.95));
#6764=CARTESIAN_POINT('Ctrl Pts',(22.0718045905078,7.80380796846612,5.95));
#6765=CARTESIAN_POINT('',(22.3783563373006,6.92259100198702,6.25));
#6766=CARTESIAN_POINT('Origin',(22.3381084829359,6.60155963527562,6.25));
#6767=CARTESIAN_POINT('',(22.3381084829359,6.60155963527562,5.95));
#6768=CARTESIAN_POINT('',(22.1717213576429,5.2743960614882,5.95));
#6769=CARTESIAN_POINT('',(22.3381084829359,6.60155963527562,6.25));
#6770=CARTESIAN_POINT('Origin',(22.5365549965696,6.57668030195145,6.25));
#6771=CARTESIAN_POINT('',(22.361475245557,6.47999999999999,5.95));
#6772=CARTESIAN_POINT('Origin',(22.5365549965696,6.57668030195145,5.95));
#6773=CARTESIAN_POINT('',(22.361475245557,6.47999999999999,6.25));
#6774=CARTESIAN_POINT('Origin',(23.279606301545,6.48000000000003,6.25));
#6775=CARTESIAN_POINT('',(23.279606301545,6.48000000000003,5.95));
#6776=CARTESIAN_POINT('',(21.6149839593878,6.48000000000001,5.95));
#6777=CARTESIAN_POINT('',(23.279606301545,6.48000000000003,6.25));
#6778=CARTESIAN_POINT('Origin',(23.1045265505326,6.5766803019514,6.25));
#6779=CARTESIAN_POINT('',(23.3029730641662,6.60155963527562,5.95));
#6780=CARTESIAN_POINT('Origin',(23.1045265505326,6.5766803019514,5.95));
#6781=CARTESIAN_POINT('',(23.3029730641662,6.60155963527562,6.25));
#6782=CARTESIAN_POINT('Origin',(23.2627252098014,6.92259100198702,6.25));
#6783=CARTESIAN_POINT('',(23.2627252098014,6.92259100198702,5.95));
#6784=CARTESIAN_POINT('',(23.4048215869045,5.78917917504362,5.95));
#6785=CARTESIAN_POINT('',(23.2627252098014,6.92259100198702,6.25));
#6786=CARTESIAN_POINT('Ctrl Pts',(23.5692769565942,7.80380796846612,6.25));
#6787=CARTESIAN_POINT('Ctrl Pts',(23.5692769565942,7.80380796846612,3.));
#6788=CARTESIAN_POINT('Ctrl Pts',(23.4817427845481,7.66575703144762,6.25));
#6789=CARTESIAN_POINT('Ctrl Pts',(23.4817427845481,7.66575703144762,3.));
#6790=CARTESIAN_POINT('Ctrl Pts',(23.4050397994389,7.51738642933321,6.25));
#6791=CARTESIAN_POINT('Ctrl Pts',(23.4050397994389,7.51738642933321,3.));
#6792=CARTESIAN_POINT('Ctrl Pts',(23.3155301752224,7.27382962555232,6.25));
#6793=CARTESIAN_POINT('Ctrl Pts',(23.3155301752224,7.27382962555232,3.));
#6794=CARTESIAN_POINT('Ctrl Pts',(23.2961915559374,7.20037342442721,6.25));
#6795=CARTESIAN_POINT('Ctrl Pts',(23.2961915559374,7.20037342442721,3.));
#6796=CARTESIAN_POINT('Ctrl Pts',(23.2752476844536,7.10082434340462,6.25));
#6797=CARTESIAN_POINT('Ctrl Pts',(23.2752476844536,7.10082434340462,3.));
#6798=CARTESIAN_POINT('Ctrl Pts',(23.253936941278,6.99268939355692,6.25));
#6799=CARTESIAN_POINT('Ctrl Pts',(23.253936941278,6.99268939355692,3.));
#6800=CARTESIAN_POINT('Ctrl Pts',(23.2627252098014,6.92259100198702,6.25));
#6801=CARTESIAN_POINT('Ctrl Pts',(23.2627252098014,6.92259100198702,3.));
#6802=CARTESIAN_POINT('',(23.5692769565942,7.80380796846612,5.95));
#6803=CARTESIAN_POINT('Ctrl Pts',(23.5692769565942,7.80380796846612,5.95));
#6804=CARTESIAN_POINT('Ctrl Pts',(23.4817427845481,7.66575703144762,5.95));
#6805=CARTESIAN_POINT('Ctrl Pts',(23.4050397994389,7.51738642933321,5.95));
#6806=CARTESIAN_POINT('Ctrl Pts',(23.3488775529674,7.3645682562767,5.95));
#6807=CARTESIAN_POINT('Ctrl Pts',(23.3155301752224,7.27382962555232,5.95));
#6808=CARTESIAN_POINT('Ctrl Pts',(23.2961915559374,7.20037342442721,5.95));
#6809=CARTESIAN_POINT('Ctrl Pts',(23.2840095175913,7.14247053272579,5.95));
#6810=CARTESIAN_POINT('Ctrl Pts',(23.2752476844536,7.10082434340462,5.95));
#6811=CARTESIAN_POINT('Ctrl Pts',(23.253936941278,6.99268939355692,5.95));
#6812=CARTESIAN_POINT('Ctrl Pts',(23.2627252098014,6.92259100198702,5.95));
#6813=CARTESIAN_POINT('',(23.5692769565942,7.80380796846612,6.25));
#6814=CARTESIAN_POINT('Origin',(23.763018569628,3.00771954274052,6.25));
#6815=CARTESIAN_POINT('',(23.9567601826617,7.80380796846612,5.95));
#6816=CARTESIAN_POINT('Origin',(23.763018569628,3.00771954274052,5.95));
#6817=CARTESIAN_POINT('',(23.9567601826617,7.80380796846612,6.25));
#6818=CARTESIAN_POINT('Ctrl Pts',(24.2633119294545,6.92259100198702,6.25));
#6819=CARTESIAN_POINT('Ctrl Pts',(24.2633119294545,6.92259100198702,3.));
#6820=CARTESIAN_POINT('Ctrl Pts',(24.2656010429734,6.94084979498662,6.25));
#6821=CARTESIAN_POINT('Ctrl Pts',(24.2656010429734,6.94084979498662,3.));
#6822=CARTESIAN_POINT('Ctrl Pts',(24.2658709633385,6.96192866371702,6.25));
#6823=CARTESIAN_POINT('Ctrl Pts',(24.2658709633385,6.96192866371702,3.));
#6824=CARTESIAN_POINT('Ctrl Pts',(24.2585652555345,7.05159937181742,6.25));
#6825=CARTESIAN_POINT('Ctrl Pts',(24.2585652555345,7.05159937181742,3.));
#6826=CARTESIAN_POINT('Ctrl Pts',(24.2449552859964,7.19413717498212,6.25));
#6827=CARTESIAN_POINT('Ctrl Pts',(24.2449552859964,7.19413717498212,3.));
#6828=CARTESIAN_POINT('Ctrl Pts',(24.1065760706349,7.54497693413152,6.25));
#6829=CARTESIAN_POINT('Ctrl Pts',(24.1065760706349,7.54497693413152,3.));
#6830=CARTESIAN_POINT('Ctrl Pts',(24.0361767706368,7.67855934694492,6.25));
#6831=CARTESIAN_POINT('Ctrl Pts',(24.0361767706368,7.67855934694492,3.));
#6832=CARTESIAN_POINT('Ctrl Pts',(23.9567601826617,7.80380796846612,6.25));
#6833=CARTESIAN_POINT('Ctrl Pts',(23.9567601826617,7.80380796846612,3.));
#6834=CARTESIAN_POINT('',(24.2633119294545,6.92259100198702,5.95));
#6835=CARTESIAN_POINT('Ctrl Pts',(24.2633119294545,6.92259100198702,5.95));
#6836=CARTESIAN_POINT('Ctrl Pts',(24.2656010429734,6.94084979498662,5.95));
#6837=CARTESIAN_POINT('Ctrl Pts',(24.2658709633385,6.96192866371702,5.95));
#6838=CARTESIAN_POINT('Ctrl Pts',(24.2622226806215,7.00670791076023,5.95));
#6839=CARTESIAN_POINT('Ctrl Pts',(24.2585652555345,7.05159937181742,5.95));
#6840=CARTESIAN_POINT('Ctrl Pts',(24.2449552859964,7.19413717498212,5.95));
#6841=CARTESIAN_POINT('Ctrl Pts',(24.160866728484,7.40733110867954,5.95));
#6842=CARTESIAN_POINT('Ctrl Pts',(24.1065760706349,7.54497693413152,5.95));
#6843=CARTESIAN_POINT('Ctrl Pts',(24.0361767706368,7.67855934694492,5.95));
#6844=CARTESIAN_POINT('Ctrl Pts',(23.9567601826617,7.80380796846612,5.95));
#6845=CARTESIAN_POINT('',(24.2633119294545,6.92259100198702,6.25));
#6846=CARTESIAN_POINT('Origin',(24.2230640750898,6.60155963527562,6.25));
#6847=CARTESIAN_POINT('',(24.2230640750898,6.60155963527562,5.95));
#6848=CARTESIAN_POINT('',(24.0420925482391,5.15806562751481,5.95));
#6849=CARTESIAN_POINT('',(24.2230640750898,6.60155963527562,6.25));
#6850=CARTESIAN_POINT('Origin',(24.4215105887233,6.57668030195141,6.25));
#6851=CARTESIAN_POINT('',(24.2464308377109,6.47999999999999,5.95));
#6852=CARTESIAN_POINT('Origin',(24.4215105887233,6.57668030195141,5.95));
#6853=CARTESIAN_POINT('',(24.2464308377109,6.47999999999999,6.25));
#6854=CARTESIAN_POINT('Origin',(25.1645618936989,6.47999999999999,6.25));
#6855=CARTESIAN_POINT('',(25.1645618936989,6.47999999999999,5.95));
#6856=CARTESIAN_POINT('',(22.5574617554648,6.48000000000008,5.95));
#6857=CARTESIAN_POINT('',(25.1645618936989,6.47999999999999,6.25));
#6858=CARTESIAN_POINT('Origin',(24.9894821426863,6.57668030195143,6.25));
#6859=CARTESIAN_POINT('',(25.1879286563201,6.60155963527562,5.95));
#6860=CARTESIAN_POINT('Origin',(24.9894821426863,6.57668030195143,5.95));
#6861=CARTESIAN_POINT('',(25.1879286563201,6.60155963527562,6.25));
#6862=CARTESIAN_POINT('Origin',(25.1476808019553,6.92259100198702,6.25));
#6863=CARTESIAN_POINT('',(25.1476808019553,6.92259100198702,5.95));
#6864=CARTESIAN_POINT('',(25.2751927775006,5.90550960901719,5.95));
#6865=CARTESIAN_POINT('',(25.1476808019553,6.92259100198702,6.25));
#6866=CARTESIAN_POINT('Ctrl Pts',(25.4542325487481,7.80380796846612,6.25));
#6867=CARTESIAN_POINT('Ctrl Pts',(25.4542325487481,7.80380796846612,3.));
#6868=CARTESIAN_POINT('Ctrl Pts',(25.366698376702,7.66575703144762,6.25));
#6869=CARTESIAN_POINT('Ctrl Pts',(25.366698376702,7.66575703144762,3.));
#6870=CARTESIAN_POINT('Ctrl Pts',(25.2899953915928,7.51738642933321,6.25));
#6871=CARTESIAN_POINT('Ctrl Pts',(25.2899953915928,7.51738642933321,3.));
#6872=CARTESIAN_POINT('Ctrl Pts',(25.2004857673763,7.27382962555232,6.25));
#6873=CARTESIAN_POINT('Ctrl Pts',(25.2004857673763,7.27382962555232,3.));
#6874=CARTESIAN_POINT('Ctrl Pts',(25.1811471480913,7.20037342442721,6.25));
#6875=CARTESIAN_POINT('Ctrl Pts',(25.1811471480913,7.20037342442721,3.));
#6876=CARTESIAN_POINT('Ctrl Pts',(25.1602032766075,7.10082434340462,6.25));
#6877=CARTESIAN_POINT('Ctrl Pts',(25.1602032766075,7.10082434340462,3.));
#6878=CARTESIAN_POINT('Ctrl Pts',(25.1388925334318,6.99268939355692,6.25));
#6879=CARTESIAN_POINT('Ctrl Pts',(25.1388925334318,6.99268939355692,3.));
#6880=CARTESIAN_POINT('Ctrl Pts',(25.1476808019553,6.92259100198702,6.25));
#6881=CARTESIAN_POINT('Ctrl Pts',(25.1476808019553,6.92259100198702,3.));
#6882=CARTESIAN_POINT('',(25.4542325487481,7.80380796846612,5.95));
#6883=CARTESIAN_POINT('Ctrl Pts',(25.4542325487481,7.80380796846612,5.95));
#6884=CARTESIAN_POINT('Ctrl Pts',(25.366698376702,7.66575703144762,5.95));
#6885=CARTESIAN_POINT('Ctrl Pts',(25.2899953915928,7.51738642933321,5.95));
#6886=CARTESIAN_POINT('Ctrl Pts',(25.2338331451213,7.3645682562767,5.95));
#6887=CARTESIAN_POINT('Ctrl Pts',(25.2004857673763,7.27382962555232,5.95));
#6888=CARTESIAN_POINT('Ctrl Pts',(25.1811471480913,7.20037342442721,5.95));
#6889=CARTESIAN_POINT('Ctrl Pts',(25.1689651097452,7.14247053272579,5.95));
#6890=CARTESIAN_POINT('Ctrl Pts',(25.1602032766075,7.10082434340462,5.95));
#6891=CARTESIAN_POINT('Ctrl Pts',(25.1388925334318,6.99268939355692,5.95));
#6892=CARTESIAN_POINT('Ctrl Pts',(25.1476808019553,6.92259100198702,5.95));
#6893=CARTESIAN_POINT('',(25.4542325487481,7.80380796846612,6.25));
#6894=CARTESIAN_POINT('Origin',(25.6479741617818,3.00771954274052,6.25));
#6895=CARTESIAN_POINT('',(25.8417157748156,7.80380796846612,5.95));
#6896=CARTESIAN_POINT('Origin',(25.6479741617818,3.00771954274052,5.95));
#6897=CARTESIAN_POINT('',(25.8417157748156,7.80380796846612,6.25));
#6898=CARTESIAN_POINT('Ctrl Pts',(26.1482675216084,6.92259100198702,6.25));
#6899=CARTESIAN_POINT('Ctrl Pts',(26.1482675216084,6.92259100198702,3.));
#6900=CARTESIAN_POINT('Ctrl Pts',(26.1505566351273,6.94084979498662,6.25));
#6901=CARTESIAN_POINT('Ctrl Pts',(26.1505566351273,6.94084979498662,3.));
#6902=CARTESIAN_POINT('Ctrl Pts',(26.1508265554924,6.96192866371702,6.25));
#6903=CARTESIAN_POINT('Ctrl Pts',(26.1508265554924,6.96192866371702,3.));
#6904=CARTESIAN_POINT('Ctrl Pts',(26.1435208476884,7.05159937181742,6.25));
#6905=CARTESIAN_POINT('Ctrl Pts',(26.1435208476884,7.05159937181742,3.));
#6906=CARTESIAN_POINT('Ctrl Pts',(26.1299108781503,7.19413717498212,6.25));
#6907=CARTESIAN_POINT('Ctrl Pts',(26.1299108781503,7.19413717498212,3.));
#6908=CARTESIAN_POINT('Ctrl Pts',(25.9915316627888,7.54497693413152,6.25));
#6909=CARTESIAN_POINT('Ctrl Pts',(25.9915316627888,7.54497693413152,3.));
#6910=CARTESIAN_POINT('Ctrl Pts',(25.9211323627907,7.67855934694492,6.25));
#6911=CARTESIAN_POINT('Ctrl Pts',(25.9211323627907,7.67855934694492,3.));
#6912=CARTESIAN_POINT('Ctrl Pts',(25.8417157748156,7.80380796846612,6.25));
#6913=CARTESIAN_POINT('Ctrl Pts',(25.8417157748156,7.80380796846612,3.));
#6914=CARTESIAN_POINT('',(26.1482675216084,6.92259100198702,5.95));
#6915=CARTESIAN_POINT('Ctrl Pts',(26.1482675216084,6.92259100198702,5.95));
#6916=CARTESIAN_POINT('Ctrl Pts',(26.1505566351273,6.94084979498662,5.95));
#6917=CARTESIAN_POINT('Ctrl Pts',(26.1508265554924,6.96192866371702,5.95));
#6918=CARTESIAN_POINT('Ctrl Pts',(26.1471782727754,7.00670791076023,5.95));
#6919=CARTESIAN_POINT('Ctrl Pts',(26.1435208476884,7.05159937181742,5.95));
#6920=CARTESIAN_POINT('Ctrl Pts',(26.1299108781503,7.19413717498212,5.95));
#6921=CARTESIAN_POINT('Ctrl Pts',(26.0458223206379,7.40733110867954,5.95));
#6922=CARTESIAN_POINT('Ctrl Pts',(25.9915316627888,7.54497693413152,5.95));
#6923=CARTESIAN_POINT('Ctrl Pts',(25.9211323627907,7.67855934694492,5.95));
#6924=CARTESIAN_POINT('Ctrl Pts',(25.8417157748156,7.80380796846612,5.95));
#6925=CARTESIAN_POINT('',(26.1482675216084,6.92259100198702,6.25));
#6926=CARTESIAN_POINT('Origin',(26.1080196672437,6.60155963527561,6.25));
#6927=CARTESIAN_POINT('',(26.1080196672437,6.60155963527561,5.95));
#6928=CARTESIAN_POINT('',(25.9124637388352,5.04173519354142,5.95));
#6929=CARTESIAN_POINT('',(26.1080196672437,6.60155963527561,6.25));
#6930=CARTESIAN_POINT('Origin',(26.3064661808772,6.57668030195139,6.25));
#6931=CARTESIAN_POINT('Origin',(26.3064661808772,6.57668030195139,5.95));
#6932=CARTESIAN_POINT('Origin',(6.09172389394911,7.7798653769241,6.25));
#6933=CARTESIAN_POINT('',(6.25148782292028,7.7798653769241,4.65));
#6934=CARTESIAN_POINT('',(6.25148782292035,7.7798653769241,4.65));
#6935=CARTESIAN_POINT('',(6.25148782292028,7.7798653769241,5.95));
#6936=CARTESIAN_POINT('',(6.25148782292028,7.7798653769241,6.25));
#6937=CARTESIAN_POINT('',(13.0210427555899,7.7798653769241,5.95));
#6938=CARTESIAN_POINT('Origin',(33.8089993405122,7.9798653769241,6.25));
#6939=CARTESIAN_POINT('',(33.8089993405122,6.09236537692358,5.95));
#6940=CARTESIAN_POINT('Origin',(-0.400393925497501,2.94986537691344,4.26100552226518));
#6941=CARTESIAN_POINT('',(-0.754025268892799,-4.91406785613505,4.65));
#6942=CARTESIAN_POINT('Origin',(1.79145587253515E-11,2.94986537691344,3.82057220419822));
#6943=CARTESIAN_POINT('',(-0.754025268892799,10.8137986099619,4.65));
#6944=CARTESIAN_POINT('',(-0.754025268892799,2.94986537691344,4.65));
#6945=CARTESIAN_POINT('Origin',(1.79145587253515E-11,2.94986537691344,3.82057220419822));
#6946=CARTESIAN_POINT('Origin',(1.79145587253515E-11,2.94986537691344,4.65));
#6947=CARTESIAN_POINT('Origin',(1.79145587253515E-11,2.94986537691344,4.65));
#6948=CARTESIAN_POINT('Origin',(1.79145587253515E-11,2.94986537691344,4.65));
#6949=CARTESIAN_POINT('Origin',(1.79145587253515E-11,2.94986537691344,4.65));
#6950=CARTESIAN_POINT('',(7.85999934051216,2.15588151849415,4.65));
#6951=CARTESIAN_POINT('Origin',(1.78862480382236E-11,2.94986537691343,4.65));
#6952=CARTESIAN_POINT('',(7.85999934051216,2.55287344770405,4.65));
#6953=CARTESIAN_POINT('Origin',(1.78862480382236E-11,2.94986537691343,4.65));
#6954=CARTESIAN_POINT('Origin',(1.79145587253515E-11,2.94986537691344,4.65));
#6955=CARTESIAN_POINT('Origin',(1.78862480382236E-11,2.94986537691343,6.25));
#6956=CARTESIAN_POINT('',(7.85999934051216,2.15588151849466,6.25));
#6957=CARTESIAN_POINT('Origin',(7.85999934051216,2.15588151849466,6.25));
#6958=CARTESIAN_POINT('Origin',(1.78862480382236E-11,2.94986537691343,6.25));
#6959=CARTESIAN_POINT('Origin',(1.78862480382236E-11,2.94986537691343,5.95));
#6960=CARTESIAN_POINT('Origin',(1.78862480382236E-11,2.94986537691343,6.25));
#6961=CARTESIAN_POINT('Origin',(1.78862480382236E-11,2.94986537691343,5.95));
#6962=CARTESIAN_POINT('Origin',(19.9503616172306,4.20486537692307,5.95));
#6963=UNCERTAINTY_MEASURE_WITH_UNIT(LENGTH_MEASURE(0.01),#6967,
'DISTANCE_ACCURACY_VALUE',
'Maximum model space distance between geometric entities at asserted c
onnectivities');
#6964=UNCERTAINTY_MEASURE_WITH_UNIT(LENGTH_MEASURE(0.01),#6967,
'DISTANCE_ACCURACY_VALUE',
'Maximum model space distance between geometric entities at asserted c
onnectivities');
#6965=(
GEOMETRIC_REPRESENTATION_CONTEXT(3)
GLOBAL_UNCERTAINTY_ASSIGNED_CONTEXT((#6963))
GLOBAL_UNIT_ASSIGNED_CONTEXT((#6967,#6969,#6970))
REPRESENTATION_CONTEXT('','3D')
);
#6966=(
GEOMETRIC_REPRESENTATION_CONTEXT(3)
GLOBAL_UNCERTAINTY_ASSIGNED_CONTEXT((#6964))
GLOBAL_UNIT_ASSIGNED_CONTEXT((#6967,#6969,#6970))
REPRESENTATION_CONTEXT('','3D')
);
#6967=(
LENGTH_UNIT()
NAMED_UNIT(*)
SI_UNIT(.MILLI.,.METRE.)
);
#6968=(
LENGTH_UNIT()
NAMED_UNIT(*)
SI_UNIT($,.METRE.)
);
#6969=(
NAMED_UNIT(*)
PLANE_ANGLE_UNIT()
SI_UNIT($,.RADIAN.)
);
#6970=(
NAMED_UNIT(*)
SI_UNIT($,.STERADIAN.)
SOLID_ANGLE_UNIT()
);
#6971=SHAPE_DEFINITION_REPRESENTATION(#6972,#6973);
#6972=PRODUCT_DEFINITION_SHAPE('',$,#6975);
#6973=SHAPE_REPRESENTATION('',(#3538),#6965);
#6974=PRODUCT_DEFINITION_CONTEXT('part definition',#6979,'design');
#6975=PRODUCT_DEFINITION('SHUTTER','SHUTTER',#6976,#6974);
#6976=PRODUCT_DEFINITION_FORMATION('',$,#6981);
#6977=PRODUCT_RELATED_PRODUCT_CATEGORY('SHUTTER','SHUTTER',(#6981));
#6978=APPLICATION_PROTOCOL_DEFINITION('international standard',
'automotive_design',2009,#6979);
#6979=APPLICATION_CONTEXT(
'Core Data for Automotive Mechanical Design Process');
#6980=PRODUCT_CONTEXT('part definition',#6979,'mechanical');
#6981=PRODUCT('SHUTTER','SHUTTER',$,(#6980));
#6982=PRESENTATION_STYLE_ASSIGNMENT((#6983));
#6983=SURFACE_STYLE_USAGE(.BOTH.,#6984);
#6984=SURFACE_SIDE_STYLE('',(#6985));
#6985=SURFACE_STYLE_FILL_AREA(#6986);
#6986=FILL_AREA_STYLE('Steel - Satin',(#6987));
#6987=FILL_AREA_STYLE_COLOUR('Steel - Satin',#6988);
#6988=COLOUR_RGB('Steel - Satin',0.627450980392157,0.627450980392157,0.627450980392157);
ENDSEC;
END-ISO-10303-21;
