ISO-10303-21;
HEADER;
/* Generated by software containing ST-Developer
 * from STEP Tools, Inc. (www.steptools.com) 
 */

FILE_DESCRIPTION(
/* description */ (''),
/* implementation_level */ '2;1');

FILE_NAME(
/* name */ 'VOLUME REDUCER FRONT.step',
/* time_stamp */ '2026-03-30T14:41:26-05:00',
/* author */ (''),
/* organization */ (''),
/* preprocessor_version */ 'ST-DEVELOPER v20.1',
/* originating_system */ 'Autodesk Translation Framework v14.24.0.0',
/* authorisation */ '');

FILE_SCHEMA (('AUTOMOTIVE_DESIGN { 1 0 10303 214 3 1 1 }'));
ENDSEC;

DATA;
#10=MECHANICAL_DESIGN_GEOMETRIC_PRESENTATION_REPRESENTATION('',(#13),#3995);
#11=SHAPE_REPRESENTATION_RELATIONSHIP('SRR','None',#4002,#12);
#12=ADVANCED_BREP_SHAPE_REPRESENTATION('',(#14),#3994);
#13=STYLED_ITEM('',(#4011),#14);
#14=MANIFOLD_SOLID_BREP('Body3',#1935);
#15=(
BOUNDED_CURVE()
B_SPLINE_CURVE(2,(#3813,#3814,#3815),.UNSPECIFIED.,.F.,.F.)
B_SPLINE_CURVE_WITH_KNOTS((3,3),(0.506916104920713,0.523595339983361),
 .UNSPECIFIED.)
CURVE()
GEOMETRIC_REPRESENTATION_ITEM()
RATIONAL_B_SPLINE_CURVE((1.18722118941476,1.18902809002595,1.1907512054955))
REPRESENTATION_ITEM('')
);
#16=(
BOUNDED_CURVE()
B_SPLINE_CURVE(2,(#3818,#3819,#3820),.UNSPECIFIED.,.F.,.F.)
B_SPLINE_CURVE_WITH_KNOTS((3,3),(1.20964175329863,1.22632126589494),
 .UNSPECIFIED.)
CURVE()
GEOMETRIC_REPRESENTATION_ITEM()
RATIONAL_B_SPLINE_CURVE((1.1907512054955,1.18902806135422,1.187221129283))
REPRESENTATION_ITEM('')
);
#17=CONICAL_SURFACE('',#2039,7.64999999999999,0.933247528656204);
#18=CONICAL_SURFACE('',#2051,6.35000000000008,0.933247528656204);
#19=CONICAL_SURFACE('',#2068,6.35000000000008,0.933247528656204);
#20=CONICAL_SURFACE('',#2070,12.6500000000007,0.933247528656205);
#21=CONICAL_SURFACE('',#2074,7.64999999999997,0.933247528656204);
#22=CONICAL_SURFACE('',#2089,8.50500000000001,0.785398163397448);
#23=CONICAL_SURFACE('',#2095,5.495,0.785398163397448);
#24=CONICAL_SURFACE('',#2098,13.505,0.78539816339745);
#25=CONICAL_SURFACE('',#2103,5.495,0.785398163397449);
#26=FACE_BOUND('',#596,.T.);
#27=FACE_BOUND('',#651,.T.);
#28=FACE_BOUND('',#659,.T.);
#29=FACE_BOUND('',#673,.T.);
#30=FACE_BOUND('',#677,.T.);
#31=FACE_BOUND('',#679,.T.);
#32=PLANE('',#1989);
#33=PLANE('',#1992);
#34=PLANE('',#1993);
#35=PLANE('',#1994);
#36=PLANE('',#2020);
#37=PLANE('',#2022);
#38=PLANE('',#2024);
#39=PLANE('',#2029);
#40=PLANE('',#2031);
#41=PLANE('',#2033);
#42=PLANE('',#2042);
#43=PLANE('',#2056);
#44=PLANE('',#2073);
#45=PLANE('',#2076);
#46=PLANE('',#2077);
#47=PLANE('',#2079);
#48=PLANE('',#2083);
#49=PLANE('',#2086);
#50=PLANE('',#2094);
#51=PLANE('',#2097);
#52=PLANE('',#2102);
#53=PLANE('',#2105);
#54=PLANE('',#2106);
#55=PLANE('',#2107);
#56=PLANE('',#2111);
#57=PLANE('',#2115);
#58=PLANE('',#2116);
#59=PLANE('',#2118);
#60=PLANE('',#2121);
#61=PLANE('',#2124);
#62=PLANE('',#2125);
#63=PLANE('',#2129);
#64=PLANE('',#2132);
#65=PLANE('',#2135);
#66=PLANE('',#2138);
#67=PLANE('',#2141);
#68=PLANE('',#2142);
#69=PLANE('',#2143);
#70=PLANE('',#2147);
#71=PLANE('',#2148);
#72=PLANE('',#2149);
#73=PLANE('',#2150);
#74=ELLIPSE('',#1969,0.707106781186549,0.5);
#75=ELLIPSE('',#1979,0.707106781186548,0.5);
#76=ELLIPSE('',#2055,6.22233245052275,5.);
#77=ELLIPSE('',#2066,6.22233245052276,5.);
#78=ELLIPSE('',#2078,17.4225308614637,14.);
#79=ELLIPSE('',#2080,17.4225308614637,14.);
#80=LINE('',#2810,#217);
#81=LINE('',#2811,#218);
#82=LINE('',#2814,#219);
#83=LINE('',#2816,#220);
#84=LINE('',#2832,#221);
#85=LINE('',#2834,#222);
#86=LINE('',#2837,#223);
#87=LINE('',#2838,#224);
#88=LINE('',#2840,#225);
#89=LINE('',#2841,#226);
#90=LINE('',#2843,#227);
#91=LINE('',#2844,#228);
#92=LINE('',#2849,#229);
#93=LINE('',#2850,#230);
#94=LINE('',#2852,#231);
#95=LINE('',#2853,#232);
#96=LINE('',#2855,#233);
#97=LINE('',#2856,#234);
#98=LINE('',#2859,#235);
#99=LINE('',#2861,#236);
#100=LINE('',#2863,#237);
#101=LINE('',#2865,#238);
#102=LINE('',#2866,#239);
#103=LINE('',#2869,#240);
#104=LINE('',#2879,#241);
#105=LINE('',#2882,#242);
#106=LINE('',#2893,#243);
#107=LINE('',#2894,#244);
#108=LINE('',#2905,#245);
#109=LINE('',#2906,#246);
#110=LINE('',#2917,#247);
#111=LINE('',#2918,#248);
#112=LINE('',#2924,#249);
#113=LINE('',#2936,#250);
#114=LINE('',#2939,#251);
#115=LINE('',#2940,#252);
#116=LINE('',#2943,#253);
#117=LINE('',#2956,#254);
#118=LINE('',#2965,#255);
#119=LINE('',#2978,#256);
#120=LINE('',#2979,#257);
#121=LINE('',#2982,#258);
#122=LINE('',#3000,#259);
#123=LINE('',#3003,#260);
#124=LINE('',#3139,#261);
#125=LINE('',#3227,#262);
#126=LINE('',#3260,#263);
#127=LINE('',#3281,#264);
#128=LINE('',#3335,#265);
#129=LINE('',#3456,#266);
#130=LINE('',#3459,#267);
#131=LINE('',#3486,#268);
#132=LINE('',#3493,#269);
#133=LINE('',#3497,#270);
#134=LINE('',#3501,#271);
#135=LINE('',#3502,#272);
#136=LINE('',#3523,#273);
#137=LINE('',#3548,#274);
#138=LINE('',#3689,#275);
#139=LINE('',#3692,#276);
#140=LINE('',#3710,#277);
#141=LINE('',#3716,#278);
#142=LINE('',#3719,#279);
#143=LINE('',#3724,#280);
#144=LINE('',#3728,#281);
#145=LINE('',#3732,#282);
#146=LINE('',#3733,#283);
#147=LINE('',#3747,#284);
#148=LINE('',#3751,#285);
#149=LINE('',#3752,#286);
#150=LINE('',#3754,#287);
#151=LINE('',#3757,#288);
#152=LINE('',#3760,#289);
#153=LINE('',#3763,#290);
#154=LINE('',#3766,#291);
#155=LINE('',#3767,#292);
#156=LINE('',#3770,#293);
#157=LINE('',#3774,#294);
#158=LINE('',#3775,#295);
#159=LINE('',#3778,#296);
#160=LINE('',#3793,#297);
#161=LINE('',#3797,#298);
#162=LINE('',#3822,#299);
#163=LINE('',#3824,#300);
#164=LINE('',#3825,#301);
#165=LINE('',#3828,#302);
#166=LINE('',#3833,#303);
#167=LINE('',#3834,#304);
#168=LINE('',#3835,#305);
#169=LINE('',#3862,#306);
#170=LINE('',#3866,#307);
#171=LINE('',#3867,#308);
#172=LINE('',#3868,#309);
#173=LINE('',#3871,#310);
#174=LINE('',#3874,#311);
#175=LINE('',#3876,#312);
#176=LINE('',#3881,#313);
#177=LINE('',#3885,#314);
#178=LINE('',#3891,#315);
#179=LINE('',#3895,#316);
#180=LINE('',#3898,#317);
#181=LINE('',#3900,#318);
#182=LINE('',#3904,#319);
#183=LINE('',#3905,#320);
#184=LINE('',#3909,#321);
#185=LINE('',#3912,#322);
#186=LINE('',#3913,#323);
#187=LINE('',#3917,#324);
#188=LINE('',#3919,#325);
#189=LINE('',#3921,#326);
#190=LINE('',#3927,#327);
#191=LINE('',#3928,#328);
#192=LINE('',#3931,#329);
#193=LINE('',#3932,#330);
#194=LINE('',#3936,#331);
#195=LINE('',#3939,#332);
#196=LINE('',#3940,#333);
#197=LINE('',#3944,#334);
#198=LINE('',#3947,#335);
#199=LINE('',#3948,#336);
#200=LINE('',#3952,#337);
#201=LINE('',#3955,#338);
#202=LINE('',#3956,#339);
#203=LINE('',#3960,#340);
#204=LINE('',#3962,#341);
#205=LINE('',#3965,#342);
#206=LINE('',#3967,#343);
#207=LINE('',#3968,#344);
#208=LINE('',#3971,#345);
#209=LINE('',#3973,#346);
#210=LINE('',#3974,#347);
#211=LINE('',#3980,#348);
#212=LINE('',#3983,#349);
#213=LINE('',#3985,#350);
#214=LINE('',#3986,#351);
#215=LINE('',#3988,#352);
#216=LINE('',#3989,#353);
#217=VECTOR('',#2191,10.);
#218=VECTOR('',#2192,10.);
#219=VECTOR('',#2195,10.);
#220=VECTOR('',#2196,10.);
#221=VECTOR('',#2217,10.);
#222=VECTOR('',#2218,10.);
#223=VECTOR('',#2223,10.);
#224=VECTOR('',#2224,10.);
#225=VECTOR('',#2227,10.);
#226=VECTOR('',#2228,10.);
#227=VECTOR('',#2231,10.);
#228=VECTOR('',#2232,10.);
#229=VECTOR('',#2241,10.);
#230=VECTOR('',#2242,10.);
#231=VECTOR('',#2245,10.);
#232=VECTOR('',#2246,10.);
#233=VECTOR('',#2249,10.);
#234=VECTOR('',#2250,10.);
#235=VECTOR('',#2253,10.);
#236=VECTOR('',#2254,10.);
#237=VECTOR('',#2255,10.);
#238=VECTOR('',#2256,10.);
#239=VECTOR('',#2257,10.);
#240=VECTOR('',#2260,5.5);
#241=VECTOR('',#2273,10.);
#242=VECTOR('',#2276,10.);
#243=VECTOR('',#2289,10.);
#244=VECTOR('',#2290,10.);
#245=VECTOR('',#2303,10.);
#246=VECTOR('',#2304,10.);
#247=VECTOR('',#2317,10.);
#248=VECTOR('',#2318,10.);
#249=VECTOR('',#2327,10.);
#250=VECTOR('',#2328,10.);
#251=VECTOR('',#2331,10.);
#252=VECTOR('',#2332,10.);
#253=VECTOR('',#2335,10.);
#254=VECTOR('',#2338,10.);
#255=VECTOR('',#2351,10.);
#256=VECTOR('',#2354,10.);
#257=VECTOR('',#2355,10.);
#258=VECTOR('',#2358,10.);
#259=VECTOR('',#2367,10.);
#260=VECTOR('',#2370,10.);
#261=VECTOR('',#2377,10.);
#262=VECTOR('',#2382,10.);
#263=VECTOR('',#2387,10.);
#264=VECTOR('',#2390,10.);
#265=VECTOR('',#2399,10.);
#266=VECTOR('',#2408,10.);
#267=VECTOR('',#2411,10.);
#268=VECTOR('',#2412,10.);
#269=VECTOR('',#2415,10.);
#270=VECTOR('',#2418,10.);
#271=VECTOR('',#2423,10.);
#272=VECTOR('',#2424,10.);
#273=VECTOR('',#2427,10.);
#274=VECTOR('',#2432,10.);
#275=VECTOR('',#2447,10.);
#276=VECTOR('',#2450,10.);
#277=VECTOR('',#2451,10.);
#278=VECTOR('',#2452,10.);
#279=VECTOR('',#2455,10.);
#280=VECTOR('',#2460,10.);
#281=VECTOR('',#2463,10.);
#282=VECTOR('',#2468,10.);
#283=VECTOR('',#2469,10.);
#284=VECTOR('',#2476,10.);
#285=VECTOR('',#2481,10.);
#286=VECTOR('',#2482,10.);
#287=VECTOR('',#2485,10.);
#288=VECTOR('',#2488,10.);
#289=VECTOR('',#2491,10.);
#290=VECTOR('',#2494,10.);
#291=VECTOR('',#2497,10.);
#292=VECTOR('',#2498,10.);
#293=VECTOR('',#2501,10.);
#294=VECTOR('',#2506,10.);
#295=VECTOR('',#2507,10.);
#296=VECTOR('',#2510,10.);
#297=VECTOR('',#2517,10.);
#298=VECTOR('',#2520,10.);
#299=VECTOR('',#2527,10.);
#300=VECTOR('',#2528,10.);
#301=VECTOR('',#2529,10.);
#302=VECTOR('',#2532,10.);
#303=VECTOR('',#2537,10.);
#304=VECTOR('',#2538,10.);
#305=VECTOR('',#2539,10.);
#306=VECTOR('',#2546,10.);
#307=VECTOR('',#2551,10.);
#308=VECTOR('',#2552,10.);
#309=VECTOR('',#2553,10.);
#310=VECTOR('',#2556,10.);
#311=VECTOR('',#2561,10.);
#312=VECTOR('',#2564,10.);
#313=VECTOR('',#2569,10.);
#314=VECTOR('',#2572,10.);
#315=VECTOR('',#2579,10.);
#316=VECTOR('',#2582,10.);
#317=VECTOR('',#2587,10.);
#318=VECTOR('',#2590,10.);
#319=VECTOR('',#2595,10.);
#320=VECTOR('',#2596,10.);
#321=VECTOR('',#2601,10.);
#322=VECTOR('',#2604,10.);
#323=VECTOR('',#2605,10.);
#324=VECTOR('',#2610,10.);
#325=VECTOR('',#2613,10.);
#326=VECTOR('',#2616,10.);
#327=VECTOR('',#2623,10.);
#328=VECTOR('',#2624,10.);
#329=VECTOR('',#2627,10.);
#330=VECTOR('',#2628,10.);
#331=VECTOR('',#2633,10.);
#332=VECTOR('',#2636,10.);
#333=VECTOR('',#2637,10.);
#334=VECTOR('',#2642,10.);
#335=VECTOR('',#2645,10.);
#336=VECTOR('',#2646,10.);
#337=VECTOR('',#2651,10.);
#338=VECTOR('',#2654,10.);
#339=VECTOR('',#2655,10.);
#340=VECTOR('',#2660,10.);
#341=VECTOR('',#2663,10.);
#342=VECTOR('',#2666,10.);
#343=VECTOR('',#2667,10.);
#344=VECTOR('',#2668,10.);
#345=VECTOR('',#2671,10.);
#346=VECTOR('',#2672,10.);
#347=VECTOR('',#2673,10.);
#348=VECTOR('',#2680,10.);
#349=VECTOR('',#2683,10.);
#350=VECTOR('',#2684,10.);
#351=VECTOR('',#2685,10.);
#352=VECTOR('',#2688,10.);
#353=VECTOR('',#2689,10.);
#354=CYLINDRICAL_SURFACE('',#1967,0.5);
#355=CYLINDRICAL_SURFACE('',#1968,0.5);
#356=CYLINDRICAL_SURFACE('',#1978,0.5);
#357=CYLINDRICAL_SURFACE('',#1980,0.5);
#358=CYLINDRICAL_SURFACE('',#1981,0.5);
#359=CYLINDRICAL_SURFACE('',#1982,0.5);
#360=CYLINDRICAL_SURFACE('',#1986,0.5);
#361=CYLINDRICAL_SURFACE('',#1987,0.5);
#362=CYLINDRICAL_SURFACE('',#1988,0.5);
#363=CYLINDRICAL_SURFACE('',#1990,5.5);
#364=CYLINDRICAL_SURFACE('',#1995,0.5);
#365=CYLINDRICAL_SURFACE('',#2002,0.5);
#366=CYLINDRICAL_SURFACE('',#2008,0.5);
#367=CYLINDRICAL_SURFACE('',#2014,0.5);
#368=CYLINDRICAL_SURFACE('',#2019,0.4);
#369=CYLINDRICAL_SURFACE('',#2021,0.399999999999999);
#370=CYLINDRICAL_SURFACE('',#2028,0.4);
#371=CYLINDRICAL_SURFACE('',#2030,0.4);
#372=CYLINDRICAL_SURFACE('',#2036,7.);
#373=CYLINDRICAL_SURFACE('',#2053,5.);
#374=CYLINDRICAL_SURFACE('',#2065,5.);
#375=CYLINDRICAL_SURFACE('',#2081,7.70000000000008);
#376=CYLINDRICAL_SURFACE('',#2084,11.3000000000007);
#377=CYLINDRICAL_SURFACE('',#2087,7.70000000000007);
#378=CYLINDRICAL_SURFACE('',#2117,9.00000000000001);
#379=CYLINDRICAL_SURFACE('',#2119,6.29999999999997);
#380=CYLINDRICAL_SURFACE('',#2122,6.29999999999999);
#381=CYLINDRICAL_SURFACE('',#2126,14.);
#382=CYLINDRICAL_SURFACE('',#2127,6.00000000000622);
#383=CYLINDRICAL_SURFACE('',#2130,12.9999999999997);
#384=CYLINDRICAL_SURFACE('',#2133,5.99999999999958);
#385=CYLINDRICAL_SURFACE('',#2136,8.00000000000022);
#386=CYLINDRICAL_SURFACE('',#2139,7.9999999999962);
#387=CYLINDRICAL_SURFACE('',#2144,12.2171572875256);
#388=SPHERICAL_SURFACE('',#1963,0.5);
#389=SPHERICAL_SURFACE('',#1970,0.499999999999998);
#390=B_SPLINE_CURVE_WITH_KNOTS('',3,(#2745,#2746,#2747,#2748,#2749,#2750),
 .UNSPECIFIED.,.F.,.F.,(4,1,1,4),(0.,0.0698708055065725,0.116451342510954,
0.163031879515336),.UNSPECIFIED.);
#391=B_SPLINE_CURVE_WITH_KNOTS('',3,(#2754,#2755,#2756,#2757,#2758,#2759),
 .UNSPECIFIED.,.F.,.F.,(4,1,1,4),(-0.163031879515336,-0.116451342510954,
-0.0698708055065725,0.),.UNSPECIFIED.);
#392=B_SPLINE_CURVE_WITH_KNOTS('',3,(#2788,#2789,#2790,#2791,#2792),
 .UNSPECIFIED.,.F.,.F.,(4,1,4),(-0.163030201023898,-0.0698700861530991,
0.),.UNSPECIFIED.);
#393=B_SPLINE_CURVE_WITH_KNOTS('',3,(#2796,#2797,#2798,#2799,#2800),
 .UNSPECIFIED.,.F.,.F.,(4,1,4),(0.,0.0698700861530991,0.163030201023898),
 .UNSPECIFIED.);
#394=B_SPLINE_CURVE_WITH_KNOTS('',3,(#2926,#2927,#2928,#2929,#2930,#2931,
#2932,#2933,#2934,#2935),.UNSPECIFIED.,.F.,.F.,(4,2,2,2,4),(0.0606436653336711,
0.0759699923165717,0.0912963192994723,0.10635661812961,0.121416916959748),
 .UNSPECIFIED.);
#395=B_SPLINE_CURVE_WITH_KNOTS('',3,(#2944,#2945,#2946,#2947,#2948,#2949,
#2950,#2951,#2952,#2953),.UNSPECIFIED.,.F.,.F.,(4,2,2,2,4),(0.121416916959748,
0.136477215789886,0.151537514620023,0.166863841602924,0.182190168585825),
 .UNSPECIFIED.);
#396=B_SPLINE_CURVE_WITH_KNOTS('',3,(#2966,#2967,#2968,#2969,#2970,#2971,
#2972,#2973,#2974,#2975),.UNSPECIFIED.,.F.,.F.,(4,2,2,2,4),(-0.0607732516260764,
-0.0454469246431761,-0.0301205976602758,-0.0150602988301379,0.),
 .UNSPECIFIED.);
#397=B_SPLINE_CURVE_WITH_KNOTS('',3,(#2983,#2984,#2985,#2986,#2987,#2988,
#2989,#2990,#2991,#2992),.UNSPECIFIED.,.F.,.F.,(4,2,2,2,4),(0.,0.0150602988301379,
0.0301205976602758,0.0454469246431761,0.0607732516260765),.UNSPECIFIED.);
#398=B_SPLINE_CURVE_WITH_KNOTS('',3,(#3005,#3006,#3007,#3008,#3009,#3010,
#3011,#3012,#3013,#3014,#3015,#3016,#3017,#3018,#3019,#3020,#3021,#3022,
#3023,#3024,#3025,#3026,#3027,#3028,#3029,#3030,#3031,#3032,#3033,#3034,
#3035,#3036,#3037,#3038,#3039,#3040,#3041,#3042,#3043,#3044,#3045,#3046,
#3047),.UNSPECIFIED.,.F.,.F.,(4,2,2,2,2,3,2,2,2,2,2,2,2,2,2,2,2,2,2,2,4),
(3.63322001370617,3.64843540329389,3.92565362721162,4.21030496503218,4.35263063394247,
4.49495630285275,4.63728197401894,4.77960764518513,5.06425898751751,5.34147720702103,
5.61869542652454,5.89591362314354,6.17313181976253,6.45778313706963,6.60010879572317,
6.74243445437672,6.88476011303027,7.02708577168381,7.3117370889909,7.5889552856099,
7.60417065826271),.UNSPECIFIED.);
#399=B_SPLINE_CURVE_WITH_KNOTS('',3,(#3048,#3049,#3050,#3051,#3052,#3053,
#3054,#3055,#3056,#3057,#3058,#3059,#3060,#3061,#3062,#3063,#3064,#3065,
#3066,#3067,#3068,#3069,#3070,#3071,#3072,#3073,#3074,#3075,#3076,#3077,
#3078,#3079,#3080,#3081,#3082),.UNSPECIFIED.,.F.,.F.,(4,2,2,2,3,2,2,2,2,
2,2,2,2,2,2,2,4),(3.51239508434397,3.52395118594928,3.79437734162074,4.06620535766218,
4.33803337370361,4.60986138974503,4.88168940578644,5.15211556145792,5.4225417171294,
5.69296787280095,5.9633940284725,6.23522204451395,6.50705006055541,6.77887807659687,
7.05070609263832,7.32113224830987,7.33268834991523),.UNSPECIFIED.);
#400=B_SPLINE_CURVE_WITH_KNOTS('',3,(#3127,#3128,#3129,#3130,#3131,#3132,
#3133,#3134,#3135,#3136),.UNSPECIFIED.,.F.,.F.,(4,1,1,1,1,1,1,4),(-0.30063829024892,
-0.257706101755548,-0.214773913262176,-0.043045159288689,0.128683594684799,
0.214547971671542,0.257480160164914,0.300412348658286),.UNSPECIFIED.);
#401=B_SPLINE_CURVE_WITH_KNOTS('',3,(#3158,#3159,#3160,#3161),
 .UNSPECIFIED.,.F.,.F.,(4,4),(0.,0.0117340885597781),.UNSPECIFIED.);
#402=B_SPLINE_CURVE_WITH_KNOTS('',3,(#3162,#3163,#3164,#3165),
 .UNSPECIFIED.,.F.,.F.,(4,4),(0.897304080347136,0.901454689920827),
 .UNSPECIFIED.);
#403=B_SPLINE_CURVE_WITH_KNOTS('',3,(#3166,#3167,#3168,#3169,#3170,#3171,
#3172,#3173,#3174,#3175,#3176,#3177,#3178),.UNSPECIFIED.,.F.,.F.,(4,3,3,
3,4),(0.0112251172561625,0.0278394039643255,0.0463749130971,0.0554341236568903,
0.0555495139533948),.UNSPECIFIED.);
#404=B_SPLINE_CURVE_WITH_KNOTS('',3,(#3196,#3197,#3198,#3199,#3200,#3201,
#3202,#3203,#3204,#3205,#3206,#3207,#3208),.UNSPECIFIED.,.F.,.F.,(4,3,3,
3,4),(-0.000115882718645544,5.0415401020576E-18,0.0185624888661419,0.0275854044659526,
0.0441946604726073),.UNSPECIFIED.);
#405=B_SPLINE_CURVE_WITH_KNOTS('',3,(#3210,#3211,#3212,#3213),
 .UNSPECIFIED.,.F.,.F.,(4,4),(0.300412348658288,0.304585996551939),
 .UNSPECIFIED.);
#406=B_SPLINE_CURVE_WITH_KNOTS('',3,(#3214,#3215,#3216,#3217),
 .UNSPECIFIED.,.F.,.F.,(4,4),(0.0456900789099226,0.053690456660352),
 .UNSPECIFIED.);
#407=B_SPLINE_CURVE_WITH_KNOTS('',3,(#3220,#3221,#3222,#3223),
 .UNSPECIFIED.,.F.,.F.,(4,4),(-0.336149948254748,-0.00751844001538069),
 .UNSPECIFIED.);
#408=B_SPLINE_CURVE_WITH_KNOTS('',3,(#3231,#3232,#3233,#3234,#3235,#3236,
#3237,#3238,#3239,#3240,#3241,#3242),.UNSPECIFIED.,.F.,.F.,(4,2,2,2,2,4),
(-1.34024049656488E-6,0.,0.000323091228527872,0.000647523986672123,0.000971956768350822,
0.00129638950733406),.UNSPECIFIED.);
#409=B_SPLINE_CURVE_WITH_KNOTS('',3,(#3243,#3244,#3245,#3246,#3247,#3248,
#3249,#3250,#3251,#3252,#3253),.UNSPECIFIED.,.F.,.F.,(4,3,2,2,4),(5.37781881594169,
5.42432988162993,5.76173290655506,6.09913593148019,6.43283323308234),
 .UNSPECIFIED.);
#410=B_SPLINE_CURVE_WITH_KNOTS('',3,(#3256,#3257,#3258,#3259),
 .UNSPECIFIED.,.F.,.F.,(4,4),(-0.336149948254464,-0.00751851737943722),
 .UNSPECIFIED.);
#411=B_SPLINE_CURVE_WITH_KNOTS('',3,(#3284,#3285,#3286,#3287),
 .UNSPECIFIED.,.F.,.F.,(4,4),(0.206580350727822,0.73693119723814),
 .UNSPECIFIED.);
#412=B_SPLINE_CURVE_WITH_KNOTS('',3,(#3308,#3309,#3310,#3311),
 .UNSPECIFIED.,.F.,.F.,(4,4),(-0.296064328756765,-0.286837753341818),
 .UNSPECIFIED.);
#413=B_SPLINE_CURVE_WITH_KNOTS('',3,(#3331,#3332,#3333,#3334),
 .UNSPECIFIED.,.F.,.F.,(4,4),(-0.00443212652122288,0.),.UNSPECIFIED.);
#414=B_SPLINE_CURVE_WITH_KNOTS('',3,(#3379,#3380,#3381,#3382,#3383,#3384,
#3385,#3386,#3387,#3388),.UNSPECIFIED.,.F.,.F.,(4,1,1,1,1,1,1,4),(-0.783664348320267,
-0.687979010386613,-0.656083897742062,-0.62418878509751,-0.592293672452959,
-0.576346116130683,-0.568372337969546,-0.560398559808408),.UNSPECIFIED.);
#415=B_SPLINE_CURVE_WITH_KNOTS('',3,(#3390,#3391,#3392,#3393),
 .UNSPECIFIED.,.F.,.F.,(4,4),(0.,0.00104809739080423),.UNSPECIFIED.);
#416=B_SPLINE_CURVE_WITH_KNOTS('',3,(#3394,#3395,#3396,#3397,#3398,#3399),
 .UNSPECIFIED.,.F.,.F.,(4,2,4),(-4.39825040907239E-6,0.,0.0010437197341429),
 .UNSPECIFIED.);
#417=B_SPLINE_CURVE_WITH_KNOTS('',3,(#3444,#3445,#3446,#3447,#3448,#3449,
#3450,#3451,#3452,#3453),.UNSPECIFIED.,.F.,.F.,(4,1,1,1,1,1,1,4),(-0.540948761328809,
-0.536456708276722,-0.531964655224636,-0.522980549120462,-0.505012336912116,
-0.469075912495423,-0.43313948807873,-0.289393790411958),.UNSPECIFIED.);
#418=B_SPLINE_CURVE_WITH_KNOTS('',3,(#3477,#3478,#3479,#3480,#3481,#3482,
#3483,#3484),.UNSPECIFIED.,.F.,.F.,(4,2,2,4),(1.36588631231629,1.3687855780674,
1.4766868137493,1.58297520085151),.UNSPECIFIED.);
#419=B_SPLINE_CURVE_WITH_KNOTS('',3,(#3487,#3488,#3489,#3490),
 .UNSPECIFIED.,.F.,.F.,(4,4),(-0.784555565757196,-0.350396934530091),
 .UNSPECIFIED.);
#420=B_SPLINE_CURVE_WITH_KNOTS('',3,(#3526,#3527,#3528,#3529),
 .UNSPECIFIED.,.F.,.F.,(4,4),(0.213292232151383,0.743642846416712),
 .UNSPECIFIED.);
#421=B_SPLINE_CURVE_WITH_KNOTS('',3,(#3549,#3550,#3551,#3552),
 .UNSPECIFIED.,.F.,.F.,(4,4),(0.,0.00443171690186147),.UNSPECIFIED.);
#422=B_SPLINE_CURVE_WITH_KNOTS('',3,(#3573,#3574,#3575,#3576),
 .UNSPECIFIED.,.F.,.F.,(4,4),(-0.305284855979333,-0.296064778504205),
 .UNSPECIFIED.);
#423=B_SPLINE_CURVE_WITH_KNOTS('',3,(#3621,#3622,#3623,#3624,#3625,#3626,
#3627,#3628,#3629,#3630,#3631),.UNSPECIFIED.,.F.,.F.,(4,1,1,1,1,1,1,1,4),
(-0.969606213681914,-0.897725354585352,-0.825844495488789,-0.789904065940508,
-0.753963636392227,-0.735993421618086,-0.727008314231016,-0.722515760537481,
-0.718023206843946),.UNSPECIFIED.);
#424=B_SPLINE_CURVE_WITH_KNOTS('',3,(#3670,#3671,#3672,#3673,#3674,#3675,
#3676,#3677),.UNSPECIFIED.,.F.,.F.,(4,1,1,1,1,4),(-0.477502662250642,-0.469528874676522,
-0.461555087102402,-0.445607511954163,-0.381817211361205,-0.254236610175289),
 .UNSPECIFIED.);
#425=B_SPLINE_CURVE_WITH_KNOTS('',3,(#3680,#3681,#3682,#3683,#3684,#3685),
 .UNSPECIFIED.,.F.,.F.,(4,2,4),(0.0010482463930437,0.196128758440759,0.218572817966636),
 .UNSPECIFIED.);
#426=B_SPLINE_CURVE_WITH_KNOTS('',3,(#3712,#3713,#3714,#3715),
 .UNSPECIFIED.,.F.,.F.,(4,4),(-0.434158630748921,2.03206670356327E-13),
 .UNSPECIFIED.);
#427=B_SPLINE_CURVE_WITH_KNOTS('',3,(#3735,#3736,#3737,#3738,#3739,#3740,
#3741,#3742,#3743,#3744),.UNSPECIFIED.,.F.,.F.,(4,2,2,2,4),(0.293418157080673,
0.338903784002844,0.677807568005688,1.01511472070279,1.3457479254437),
 .UNSPECIFIED.);
#428=B_SPLINE_CURVE_WITH_KNOTS('',3,(#3783,#3784,#3785,#3786,#3787,#3788,
#3789,#3790),.UNSPECIFIED.,.F.,.F.,(4,2,2,4),(1.22380898167797,1.51616759643511,
1.81923481538027,2.03215559144883),.UNSPECIFIED.);
#429=B_SPLINE_CURVE_WITH_KNOTS('',3,(#3801,#3802,#3803,#3804,#3805,#3806,
#3807,#3808,#3809,#3810,#3811),.UNSPECIFIED.,.F.,.F.,(4,3,2,2,4),(-0.131738967184071,
0.,0.302897833031284,0.605795666062567,0.679670881759128),.UNSPECIFIED.);
#430=B_SPLINE_CURVE_WITH_KNOTS('',3,(#3839,#3840,#3841,#3842,#3843,#3844,
#3845,#3846,#3847,#3848,#3849,#3850,#3851,#3852,#3853,#3854,#3855,#3856,
#3857),.UNSPECIFIED.,.F.,.F.,(4,3,2,2,2,2,2,2,4),(-0.409169347744066,0.,
0.492157767472643,0.984315534945287,1.47730787019145,1.97030020543761,2.4622072632428,
2.95411432104799,3.23140781017109),.UNSPECIFIED.);
#431=B_SPLINE_SURFACE_WITH_KNOTS('',3,3,((#2713,#2714,#2715,#2716,#2717,
#2718),(#2719,#2720,#2721,#2722,#2723,#2724),(#2725,#2726,#2727,#2728,#2729,
#2730),(#2731,#2732,#2733,#2734,#2735,#2736),(#2737,#2738,#2739,#2740,#2741,
#2742)),.UNSPECIFIED.,.F.,.F.,.F.,(4,1,4),(4,1,1,4),(0.,0.5,1.),(0.,0.0698708055065725,
0.116451342510954,0.163031879515336),.UNSPECIFIED.);
#432=B_SPLINE_SURFACE_WITH_KNOTS('',3,3,((#2761,#2762,#2763,#2764,#2765),
(#2766,#2767,#2768,#2769,#2770),(#2771,#2772,#2773,#2774,#2775),(#2776,
#2777,#2778,#2779,#2780),(#2781,#2782,#2783,#2784,#2785)),.UNSPECIFIED.,
 .F.,.F.,.F.,(4,1,4),(4,1,4),(0.,0.5,1.),(0.,0.0698700861530991,0.163030201023898),
 .UNSPECIFIED.);
#433=B_SPLINE_SURFACE_WITH_KNOTS('',3,3,((#3083,#3084,#3085,#3086,#3087,
#3088,#3089,#3090,#3091,#3092),(#3093,#3094,#3095,#3096,#3097,#3098,#3099,
#3100,#3101,#3102),(#3103,#3104,#3105,#3106,#3107,#3108,#3109,#3110,#3111,
#3112),(#3113,#3114,#3115,#3116,#3117,#3118,#3119,#3120,#3121,#3122)),
 .UNSPECIFIED.,.F.,.F.,.F.,(4,4),(4,1,1,1,1,1,1,4),(0.,1.),(-0.30063829024892,
-0.257706101755548,-0.214773913262176,-0.043045159288689,0.128683594684799,
0.214547971671542,0.257480160164914,0.300412348658286),.UNSPECIFIED.);
#434=B_SPLINE_SURFACE_WITH_KNOTS('',3,3,((#3140,#3141,#3142,#3143),(#3144,
#3145,#3146,#3147),(#3148,#3149,#3150,#3151),(#3152,#3153,#3154,#3155)),
 .UNSPECIFIED.,.F.,.F.,.F.,(4,4),(4,4),(0.,1.),(0.895905857326326,0.901454689920827),
 .UNSPECIFIED.);
#435=B_SPLINE_SURFACE_WITH_KNOTS('',3,3,((#3179,#3180,#3181,#3182),(#3183,
#3184,#3185,#3186),(#3187,#3188,#3189,#3190),(#3191,#3192,#3193,#3194)),
 .UNSPECIFIED.,.F.,.F.,.F.,(4,4),(4,4),(0.,1.),(0.300412348658288,0.305984388579783),
 .UNSPECIFIED.);
#436=B_SPLINE_SURFACE_WITH_KNOTS('',3,3,((#3261,#3262,#3263,#3264),(#3265,
#3266,#3267,#3268),(#3269,#3270,#3271,#3272),(#3273,#3274,#3275,#3276)),
 .UNSPECIFIED.,.F.,.F.,.F.,(4,4),(4,4),(0.,1.),(0.206580350727822,0.73693119723814),
 .UNSPECIFIED.);
#437=B_SPLINE_SURFACE_WITH_KNOTS('',3,3,((#3288,#3289,#3290,#3291),(#3292,
#3293,#3294,#3295),(#3296,#3297,#3298,#3299),(#3300,#3301,#3302,#3303)),
 .UNSPECIFIED.,.F.,.F.,.F.,(4,4),(4,4),(0.,1.),(-0.296064328756765,-0.286837753341818),
 .UNSPECIFIED.);
#438=B_SPLINE_SURFACE_WITH_KNOTS('',3,3,((#3312,#3313,#3314,#3315),(#3316,
#3317,#3318,#3319),(#3320,#3321,#3322,#3323),(#3324,#3325,#3326,#3327)),
 .UNSPECIFIED.,.F.,.F.,.F.,(4,4),(4,4),(0.,1.),(-0.00443212652122288,0.),
 .UNSPECIFIED.);
#439=B_SPLINE_SURFACE_WITH_KNOTS('',3,3,((#3336,#3337,#3338,#3339,#3340,
#3341,#3342,#3343,#3344,#3345),(#3346,#3347,#3348,#3349,#3350,#3351,#3352,
#3353,#3354,#3355),(#3356,#3357,#3358,#3359,#3360,#3361,#3362,#3363,#3364,
#3365),(#3366,#3367,#3368,#3369,#3370,#3371,#3372,#3373,#3374,#3375)),
 .UNSPECIFIED.,.F.,.F.,.F.,(4,4),(4,1,1,1,1,1,1,4),(0.,1.),(-0.783664348320267,
-0.687979010386613,-0.656083897742062,-0.62418878509751,-0.592293672452959,
-0.576346116130683,-0.568372337969546,-0.560398559808408),.UNSPECIFIED.);
#440=B_SPLINE_SURFACE_WITH_KNOTS('',3,3,((#3400,#3401,#3402,#3403,#3404,
#3405,#3406,#3407,#3408,#3409),(#3410,#3411,#3412,#3413,#3414,#3415,#3416,
#3417,#3418,#3419),(#3420,#3421,#3422,#3423,#3424,#3425,#3426,#3427,#3428,
#3429),(#3430,#3431,#3432,#3433,#3434,#3435,#3436,#3437,#3438,#3439)),
 .UNSPECIFIED.,.F.,.F.,.F.,(4,4),(4,1,1,1,1,1,1,4),(0.,1.),(-0.540948761328809,
-0.536456708276722,-0.531964655224636,-0.522980549120462,-0.505012336912116,
-0.469075912495423,-0.43313948807873,-0.289393790411958),.UNSPECIFIED.);
#441=B_SPLINE_SURFACE_WITH_KNOTS('',3,3,((#3460,#3461,#3462,#3463),(#3464,
#3465,#3466,#3467),(#3468,#3469,#3470,#3471),(#3472,#3473,#3474,#3475)),
 .UNSPECIFIED.,.F.,.F.,.F.,(4,4),(4,4),(1.67843560877279E-5,1.),(-0.784555565757196,
-0.350396934530091),.UNSPECIFIED.);
#442=B_SPLINE_SURFACE_WITH_KNOTS('',3,3,((#3503,#3504,#3505,#3506),(#3507,
#3508,#3509,#3510),(#3511,#3512,#3513,#3514),(#3515,#3516,#3517,#3518)),
 .UNSPECIFIED.,.F.,.F.,.F.,(4,4),(4,4),(0.,1.),(0.213292232151383,0.743642846416712),
 .UNSPECIFIED.);
#443=B_SPLINE_SURFACE_WITH_KNOTS('',3,3,((#3530,#3531,#3532,#3533),(#3534,
#3535,#3536,#3537),(#3538,#3539,#3540,#3541),(#3542,#3543,#3544,#3545)),
 .UNSPECIFIED.,.F.,.F.,.F.,(4,4),(4,4),(0.,1.),(0.,0.00443171690186147),
 .UNSPECIFIED.);
#444=B_SPLINE_SURFACE_WITH_KNOTS('',3,3,((#3553,#3554,#3555,#3556),(#3557,
#3558,#3559,#3560),(#3561,#3562,#3563,#3564),(#3565,#3566,#3567,#3568)),
 .UNSPECIFIED.,.F.,.F.,.F.,(4,4),(4,4),(0.,1.),(-0.305284855979333,-0.296064778504205),
 .UNSPECIFIED.);
#445=B_SPLINE_SURFACE_WITH_KNOTS('',3,3,((#3577,#3578,#3579,#3580,#3581,
#3582,#3583,#3584,#3585,#3586,#3587),(#3588,#3589,#3590,#3591,#3592,#3593,
#3594,#3595,#3596,#3597,#3598),(#3599,#3600,#3601,#3602,#3603,#3604,#3605,
#3606,#3607,#3608,#3609),(#3610,#3611,#3612,#3613,#3614,#3615,#3616,#3617,
#3618,#3619,#3620)),.UNSPECIFIED.,.F.,.F.,.F.,(4,4),(4,1,1,1,1,1,1,1,4),
(0.,1.),(-0.969606213681914,-0.897725354585352,-0.825844495488789,-0.789904065940508,
-0.753963636392227,-0.735993421618086,-0.727008314231016,-0.722515760537481,
-0.718023206843946),.UNSPECIFIED.);
#446=B_SPLINE_SURFACE_WITH_KNOTS('',3,3,((#3632,#3633,#3634,#3635,#3636,
#3637,#3638,#3639),(#3640,#3641,#3642,#3643,#3644,#3645,#3646,#3647),(#3648,
#3649,#3650,#3651,#3652,#3653,#3654,#3655),(#3656,#3657,#3658,#3659,#3660,
#3661,#3662,#3663)),.UNSPECIFIED.,.F.,.F.,.F.,(4,4),(4,1,1,1,1,4),(0.,1.),
(-0.477502662250642,-0.469528874676522,-0.461555087102402,-0.445607511954163,
-0.381817211361205,-0.254236610175289),.UNSPECIFIED.);
#447=B_SPLINE_SURFACE_WITH_KNOTS('',3,3,((#3693,#3694,#3695,#3696),(#3697,
#3698,#3699,#3700),(#3701,#3702,#3703,#3704),(#3705,#3706,#3707,#3708)),
 .UNSPECIFIED.,.F.,.F.,.F.,(4,4),(4,4),(1.08378128043311E-5,1.),(-0.434158630748921,
2.03206670356327E-13),.UNSPECIFIED.);
#448=FACE_OUTER_BOUND('',#561,.T.);
#449=FACE_OUTER_BOUND('',#562,.T.);
#450=FACE_OUTER_BOUND('',#563,.T.);
#451=FACE_OUTER_BOUND('',#564,.T.);
#452=FACE_OUTER_BOUND('',#565,.T.);
#453=FACE_OUTER_BOUND('',#566,.T.);
#454=FACE_OUTER_BOUND('',#567,.T.);
#455=FACE_OUTER_BOUND('',#568,.T.);
#456=FACE_OUTER_BOUND('',#569,.T.);
#457=FACE_OUTER_BOUND('',#570,.T.);
#458=FACE_OUTER_BOUND('',#571,.T.);
#459=FACE_OUTER_BOUND('',#572,.T.);
#460=FACE_OUTER_BOUND('',#573,.T.);
#461=FACE_OUTER_BOUND('',#574,.T.);
#462=FACE_OUTER_BOUND('',#575,.T.);
#463=FACE_OUTER_BOUND('',#576,.T.);
#464=FACE_OUTER_BOUND('',#577,.T.);
#465=FACE_OUTER_BOUND('',#578,.T.);
#466=FACE_OUTER_BOUND('',#579,.T.);
#467=FACE_OUTER_BOUND('',#580,.T.);
#468=FACE_OUTER_BOUND('',#581,.T.);
#469=FACE_OUTER_BOUND('',#582,.T.);
#470=FACE_OUTER_BOUND('',#583,.T.);
#471=FACE_OUTER_BOUND('',#584,.T.);
#472=FACE_OUTER_BOUND('',#585,.T.);
#473=FACE_OUTER_BOUND('',#586,.T.);
#474=FACE_OUTER_BOUND('',#587,.T.);
#475=FACE_OUTER_BOUND('',#588,.T.);
#476=FACE_OUTER_BOUND('',#589,.T.);
#477=FACE_OUTER_BOUND('',#590,.T.);
#478=FACE_OUTER_BOUND('',#591,.T.);
#479=FACE_OUTER_BOUND('',#592,.T.);
#480=FACE_OUTER_BOUND('',#593,.T.);
#481=FACE_OUTER_BOUND('',#594,.T.);
#482=FACE_OUTER_BOUND('',#595,.T.);
#483=FACE_OUTER_BOUND('',#597,.T.);
#484=FACE_OUTER_BOUND('',#598,.T.);
#485=FACE_OUTER_BOUND('',#599,.T.);
#486=FACE_OUTER_BOUND('',#600,.T.);
#487=FACE_OUTER_BOUND('',#601,.T.);
#488=FACE_OUTER_BOUND('',#602,.T.);
#489=FACE_OUTER_BOUND('',#603,.T.);
#490=FACE_OUTER_BOUND('',#604,.T.);
#491=FACE_OUTER_BOUND('',#605,.T.);
#492=FACE_OUTER_BOUND('',#606,.T.);
#493=FACE_OUTER_BOUND('',#607,.T.);
#494=FACE_OUTER_BOUND('',#608,.T.);
#495=FACE_OUTER_BOUND('',#609,.T.);
#496=FACE_OUTER_BOUND('',#610,.T.);
#497=FACE_OUTER_BOUND('',#611,.T.);
#498=FACE_OUTER_BOUND('',#612,.T.);
#499=FACE_OUTER_BOUND('',#613,.T.);
#500=FACE_OUTER_BOUND('',#614,.T.);
#501=FACE_OUTER_BOUND('',#615,.T.);
#502=FACE_OUTER_BOUND('',#616,.T.);
#503=FACE_OUTER_BOUND('',#617,.T.);
#504=FACE_OUTER_BOUND('',#618,.T.);
#505=FACE_OUTER_BOUND('',#619,.T.);
#506=FACE_OUTER_BOUND('',#620,.T.);
#507=FACE_OUTER_BOUND('',#621,.T.);
#508=FACE_OUTER_BOUND('',#622,.T.);
#509=FACE_OUTER_BOUND('',#623,.T.);
#510=FACE_OUTER_BOUND('',#624,.T.);
#511=FACE_OUTER_BOUND('',#625,.T.);
#512=FACE_OUTER_BOUND('',#626,.T.);
#513=FACE_OUTER_BOUND('',#627,.T.);
#514=FACE_OUTER_BOUND('',#628,.T.);
#515=FACE_OUTER_BOUND('',#629,.T.);
#516=FACE_OUTER_BOUND('',#630,.T.);
#517=FACE_OUTER_BOUND('',#631,.T.);
#518=FACE_OUTER_BOUND('',#632,.T.);
#519=FACE_OUTER_BOUND('',#633,.T.);
#520=FACE_OUTER_BOUND('',#634,.T.);
#521=FACE_OUTER_BOUND('',#635,.T.);
#522=FACE_OUTER_BOUND('',#636,.T.);
#523=FACE_OUTER_BOUND('',#637,.T.);
#524=FACE_OUTER_BOUND('',#638,.T.);
#525=FACE_OUTER_BOUND('',#639,.T.);
#526=FACE_OUTER_BOUND('',#640,.T.);
#527=FACE_OUTER_BOUND('',#641,.T.);
#528=FACE_OUTER_BOUND('',#642,.T.);
#529=FACE_OUTER_BOUND('',#643,.T.);
#530=FACE_OUTER_BOUND('',#644,.T.);
#531=FACE_OUTER_BOUND('',#645,.T.);
#532=FACE_OUTER_BOUND('',#646,.T.);
#533=FACE_OUTER_BOUND('',#647,.T.);
#534=FACE_OUTER_BOUND('',#648,.T.);
#535=FACE_OUTER_BOUND('',#649,.T.);
#536=FACE_OUTER_BOUND('',#650,.T.);
#537=FACE_OUTER_BOUND('',#652,.T.);
#538=FACE_OUTER_BOUND('',#653,.T.);
#539=FACE_OUTER_BOUND('',#654,.T.);
#540=FACE_OUTER_BOUND('',#655,.T.);
#541=FACE_OUTER_BOUND('',#656,.T.);
#542=FACE_OUTER_BOUND('',#657,.T.);
#543=FACE_OUTER_BOUND('',#658,.T.);
#544=FACE_OUTER_BOUND('',#660,.T.);
#545=FACE_OUTER_BOUND('',#661,.T.);
#546=FACE_OUTER_BOUND('',#662,.T.);
#547=FACE_OUTER_BOUND('',#663,.T.);
#548=FACE_OUTER_BOUND('',#664,.T.);
#549=FACE_OUTER_BOUND('',#665,.T.);
#550=FACE_OUTER_BOUND('',#666,.T.);
#551=FACE_OUTER_BOUND('',#667,.T.);
#552=FACE_OUTER_BOUND('',#668,.T.);
#553=FACE_OUTER_BOUND('',#669,.T.);
#554=FACE_OUTER_BOUND('',#670,.T.);
#555=FACE_OUTER_BOUND('',#671,.T.);
#556=FACE_OUTER_BOUND('',#672,.T.);
#557=FACE_OUTER_BOUND('',#674,.T.);
#558=FACE_OUTER_BOUND('',#675,.T.);
#559=FACE_OUTER_BOUND('',#676,.T.);
#560=FACE_OUTER_BOUND('',#678,.T.);
#561=EDGE_LOOP('',(#1241,#1242,#1243,#1244));
#562=EDGE_LOOP('',(#1245,#1246,#1247,#1248));
#563=EDGE_LOOP('',(#1249,#1250,#1251,#1252));
#564=EDGE_LOOP('',(#1253,#1254,#1255,#1256));
#565=EDGE_LOOP('',(#1257,#1258,#1259));
#566=EDGE_LOOP('',(#1260,#1261,#1262,#1263));
#567=EDGE_LOOP('',(#1264,#1265,#1266,#1267));
#568=EDGE_LOOP('',(#1268,#1269,#1270));
#569=EDGE_LOOP('',(#1271,#1272,#1273,#1274,#1275));
#570=EDGE_LOOP('',(#1276,#1277,#1278,#1279));
#571=EDGE_LOOP('',(#1280,#1281,#1282,#1283));
#572=EDGE_LOOP('',(#1284,#1285,#1286,#1287));
#573=EDGE_LOOP('',(#1288,#1289,#1290,#1291));
#574=EDGE_LOOP('',(#1292,#1293,#1294,#1295));
#575=EDGE_LOOP('',(#1296,#1297,#1298,#1299));
#576=EDGE_LOOP('',(#1300,#1301,#1302,#1303));
#577=EDGE_LOOP('',(#1304,#1305,#1306,#1307));
#578=EDGE_LOOP('',(#1308,#1309,#1310,#1311,#1312,#1313,#1314,#1315));
#579=EDGE_LOOP('',(#1316,#1317,#1318,#1319,#1320,#1321,#1322,#1323,#1324,
#1325));
#580=EDGE_LOOP('',(#1326,#1327,#1328,#1329));
#581=EDGE_LOOP('',(#1330,#1331,#1332,#1333));
#582=EDGE_LOOP('',(#1334,#1335,#1336,#1337));
#583=EDGE_LOOP('',(#1338,#1339,#1340,#1341));
#584=EDGE_LOOP('',(#1342,#1343,#1344,#1345));
#585=EDGE_LOOP('',(#1346,#1347,#1348,#1349));
#586=EDGE_LOOP('',(#1350,#1351,#1352,#1353));
#587=EDGE_LOOP('',(#1354,#1355,#1356,#1357));
#588=EDGE_LOOP('',(#1358,#1359,#1360,#1361));
#589=EDGE_LOOP('',(#1362,#1363,#1364,#1365));
#590=EDGE_LOOP('',(#1366,#1367,#1368,#1369));
#591=EDGE_LOOP('',(#1370,#1371,#1372,#1373));
#592=EDGE_LOOP('',(#1374,#1375,#1376,#1377));
#593=EDGE_LOOP('',(#1378,#1379,#1380,#1381));
#594=EDGE_LOOP('',(#1382,#1383,#1384,#1385));
#595=EDGE_LOOP('',(#1386));
#596=EDGE_LOOP('',(#1387,#1388,#1389,#1390,#1391,#1392,#1393,#1394));
#597=EDGE_LOOP('',(#1395,#1396,#1397,#1398));
#598=EDGE_LOOP('',(#1399,#1400,#1401,#1402));
#599=EDGE_LOOP('',(#1403,#1404,#1405,#1406));
#600=EDGE_LOOP('',(#1407,#1408,#1409,#1410));
#601=EDGE_LOOP('',(#1411,#1412,#1413,#1414));
#602=EDGE_LOOP('',(#1415,#1416,#1417,#1418));
#603=EDGE_LOOP('',(#1419,#1420,#1421,#1422));
#604=EDGE_LOOP('',(#1423,#1424,#1425,#1426));
#605=EDGE_LOOP('',(#1427,#1428,#1429,#1430));
#606=EDGE_LOOP('',(#1431,#1432,#1433,#1434));
#607=EDGE_LOOP('',(#1435,#1436,#1437,#1438,#1439,#1440,#1441));
#608=EDGE_LOOP('',(#1442,#1443,#1444,#1445,#1446,#1447));
#609=EDGE_LOOP('',(#1448,#1449,#1450,#1451));
#610=EDGE_LOOP('',(#1452,#1453,#1454,#1455));
#611=EDGE_LOOP('',(#1456,#1457,#1458,#1459));
#612=EDGE_LOOP('',(#1460,#1461,#1462,#1463,#1464));
#613=EDGE_LOOP('',(#1465,#1466,#1467,#1468));
#614=EDGE_LOOP('',(#1469,#1470,#1471,#1472,#1473,#1474));
#615=EDGE_LOOP('',(#1475,#1476,#1477,#1478,#1479));
#616=EDGE_LOOP('',(#1480,#1481,#1482,#1483,#1484,#1485));
#617=EDGE_LOOP('',(#1486,#1487,#1488,#1489,#1490));
#618=EDGE_LOOP('',(#1491,#1492,#1493,#1494));
#619=EDGE_LOOP('',(#1495,#1496,#1497,#1498));
#620=EDGE_LOOP('',(#1499,#1500,#1501,#1502));
#621=EDGE_LOOP('',(#1503,#1504,#1505,#1506));
#622=EDGE_LOOP('',(#1507,#1508,#1509,#1510,#1511));
#623=EDGE_LOOP('',(#1512,#1513,#1514,#1515,#1516,#1517));
#624=EDGE_LOOP('',(#1518,#1519,#1520,#1521,#1522));
#625=EDGE_LOOP('',(#1523,#1524,#1525,#1526,#1527,#1528));
#626=EDGE_LOOP('',(#1529,#1530,#1531,#1532));
#627=EDGE_LOOP('',(#1533,#1534,#1535,#1536,#1537));
#628=EDGE_LOOP('',(#1538,#1539,#1540,#1541,#1542,#1543,#1544));
#629=EDGE_LOOP('',(#1545,#1546,#1547,#1548,#1549));
#630=EDGE_LOOP('',(#1550,#1551,#1552,#1553,#1554,#1555));
#631=EDGE_LOOP('',(#1556,#1557,#1558,#1559,#1560,#1561));
#632=EDGE_LOOP('',(#1562,#1563,#1564,#1565,#1566));
#633=EDGE_LOOP('',(#1567,#1568,#1569,#1570));
#634=EDGE_LOOP('',(#1571,#1572,#1573,#1574));
#635=EDGE_LOOP('',(#1575,#1576,#1577,#1578));
#636=EDGE_LOOP('',(#1579,#1580,#1581,#1582,#1583));
#637=EDGE_LOOP('',(#1584,#1585,#1586,#1587,#1588,#1589,#1590,#1591,#1592,
#1593));
#638=EDGE_LOOP('',(#1594,#1595,#1596,#1597));
#639=EDGE_LOOP('',(#1598,#1599,#1600,#1601));
#640=EDGE_LOOP('',(#1602,#1603,#1604,#1605));
#641=EDGE_LOOP('',(#1606,#1607,#1608,#1609,#1610,#1611));
#642=EDGE_LOOP('',(#1612,#1613,#1614,#1615));
#643=EDGE_LOOP('',(#1616,#1617,#1618,#1619));
#644=EDGE_LOOP('',(#1620,#1621,#1622,#1623));
#645=EDGE_LOOP('',(#1624,#1625));
#646=EDGE_LOOP('',(#1626,#1627,#1628,#1629,#1630,#1631,#1632,#1633,#1634,
#1635));
#647=EDGE_LOOP('',(#1636,#1637,#1638,#1639,#1640,#1641,#1642,#1643,#1644,
#1645));
#648=EDGE_LOOP('',(#1646,#1647,#1648,#1649));
#649=EDGE_LOOP('',(#1650,#1651,#1652,#1653,#1654));
#650=EDGE_LOOP('',(#1655,#1656,#1657,#1658,#1659,#1660,#1661,#1662,#1663,
#1664,#1665,#1666));
#651=EDGE_LOOP('',(#1667,#1668));
#652=EDGE_LOOP('',(#1669,#1670,#1671,#1672));
#653=EDGE_LOOP('',(#1673,#1674,#1675,#1676));
#654=EDGE_LOOP('',(#1677,#1678,#1679,#1680));
#655=EDGE_LOOP('',(#1681,#1682,#1683,#1684));
#656=EDGE_LOOP('',(#1685,#1686,#1687,#1688));
#657=EDGE_LOOP('',(#1689,#1690,#1691,#1692));
#658=EDGE_LOOP('',(#1693,#1694,#1695,#1696,#1697,#1698));
#659=EDGE_LOOP('',(#1699,#1700,#1701,#1702,#1703,#1704,#1705,#1706));
#660=EDGE_LOOP('',(#1707,#1708,#1709,#1710));
#661=EDGE_LOOP('',(#1711,#1712,#1713,#1714));
#662=EDGE_LOOP('',(#1715,#1716,#1717,#1718,#1719,#1720));
#663=EDGE_LOOP('',(#1721,#1722,#1723,#1724));
#664=EDGE_LOOP('',(#1725,#1726,#1727,#1728));
#665=EDGE_LOOP('',(#1729,#1730,#1731,#1732));
#666=EDGE_LOOP('',(#1733,#1734,#1735,#1736,#1737));
#667=EDGE_LOOP('',(#1738,#1739,#1740,#1741,#1742,#1743));
#668=EDGE_LOOP('',(#1744,#1745,#1746,#1747,#1748));
#669=EDGE_LOOP('',(#1749,#1750,#1751,#1752));
#670=EDGE_LOOP('',(#1753,#1754,#1755,#1756));
#671=EDGE_LOOP('',(#1757,#1758,#1759,#1760));
#672=EDGE_LOOP('',(#1761,#1762,#1763,#1764));
#673=EDGE_LOOP('',(#1765,#1766));
#674=EDGE_LOOP('',(#1767,#1768,#1769,#1770));
#675=EDGE_LOOP('',(#1771,#1772,#1773,#1774));
#676=EDGE_LOOP('',(#1775,#1776,#1777,#1778,#1779,#1780));
#677=EDGE_LOOP('',(#1781,#1782,#1783,#1784,#1785,#1786,#1787,#1788,#1789,
#1790));
#678=EDGE_LOOP('',(#1791,#1792,#1793,#1794,#1795,#1796,#1797,#1798,#1799,
#1800,#1801,#1802));
#679=EDGE_LOOP('',(#1803,#1804,#1805,#1806,#1807,#1808,#1809,#1810,#1811,
#1812));
#680=CIRCLE('',#1950,0.999999999999996);
#681=CIRCLE('',#1951,0.5);
#682=CIRCLE('',#1952,0.499999999999998);
#683=CIRCLE('',#1953,0.5);
#684=CIRCLE('',#1955,0.5);
#685=CIRCLE('',#1956,0.499999999999998);
#686=CIRCLE('',#1957,1.);
#687=CIRCLE('',#1958,0.499999999999998);
#688=CIRCLE('',#1959,0.5);
#689=CIRCLE('',#1960,0.499999999999998);
#690=CIRCLE('',#1961,0.500000000000001);
#691=CIRCLE('',#1962,0.5);
#692=CIRCLE('',#1964,0.500000000000001);
#693=CIRCLE('',#1965,0.5);
#694=CIRCLE('',#1966,0.499999999999998);
#695=CIRCLE('',#1971,0.5);
#696=CIRCLE('',#1972,0.499999999999998);
#697=CIRCLE('',#1973,0.5);
#698=CIRCLE('',#1975,6.);
#699=CIRCLE('',#1976,5.5);
#700=CIRCLE('',#1977,5.5);
#701=CIRCLE('',#1984,5.5);
#702=CIRCLE('',#1985,6.);
#703=CIRCLE('',#1991,5.5);
#704=CIRCLE('',#1996,0.5);
#705=CIRCLE('',#1997,0.499999999999998);
#706=CIRCLE('',#1999,0.499999999999998);
#707=CIRCLE('',#2000,0.4);
#708=CIRCLE('',#2001,0.9);
#709=CIRCLE('',#2003,0.499999999999998);
#710=CIRCLE('',#2005,0.499999999999998);
#711=CIRCLE('',#2006,0.4);
#712=CIRCLE('',#2007,0.900000000000001);
#713=CIRCLE('',#2009,0.499999999999998);
#714=CIRCLE('',#2011,0.499999999999998);
#715=CIRCLE('',#2012,0.4);
#716=CIRCLE('',#2013,0.900000000000001);
#717=CIRCLE('',#2015,0.499999999999998);
#718=CIRCLE('',#2017,0.399999999999999);
#719=CIRCLE('',#2018,0.899999999999999);
#720=CIRCLE('',#2023,14.);
#721=CIRCLE('',#2025,5.);
#722=CIRCLE('',#2027,0.5);
#723=CIRCLE('',#2032,14.);
#724=CIRCLE('',#2034,9.00000000000001);
#725=CIRCLE('',#2035,12.2171572875256);
#726=CIRCLE('',#2037,1.6);
#727=CIRCLE('',#2038,1.6);
#728=CIRCLE('',#2040,6.29999999999999);
#729=CIRCLE('',#2041,8.99999999999999);
#730=CIRCLE('',#2043,1.6);
#731=CIRCLE('',#2044,1.6);
#732=CIRCLE('',#2045,1.6);
#733=CIRCLE('',#2046,5.00000000000008);
#734=CIRCLE('',#2047,1.6);
#735=CIRCLE('',#2048,5.00000000000008);
#736=CIRCLE('',#2049,8.99999999999998);
#737=CIRCLE('',#2050,1.6);
#738=CIRCLE('',#2052,7.70000000000008);
#739=CIRCLE('',#2054,5.);
#740=CIRCLE('',#2057,1.6);
#741=CIRCLE('',#2058,1.59999999999992);
#742=CIRCLE('',#2059,1.6);
#743=CIRCLE('',#2060,5.00000000000008);
#744=CIRCLE('',#2061,1.6);
#745=CIRCLE('',#2062,5.00000000000008);
#746=CIRCLE('',#2063,1.6);
#747=CIRCLE('',#2064,1.6);
#748=CIRCLE('',#2067,5.);
#749=CIRCLE('',#2069,7.70000000000007);
#750=CIRCLE('',#2071,14.);
#751=CIRCLE('',#2072,11.3000000000007);
#752=CIRCLE('',#2075,6.29999999999998);
#753=CIRCLE('',#2082,7.70000000000008);
#754=CIRCLE('',#2085,11.3000000000007);
#755=CIRCLE('',#2088,7.70000000000007);
#756=CIRCLE('',#2090,8.01000000000001);
#757=CIRCLE('',#2091,9.00000000000001);
#758=CIRCLE('',#2092,8.01000000000001);
#759=CIRCLE('',#2093,8.01000000000001);
#760=CIRCLE('',#2096,5.99);
#761=CIRCLE('',#2099,13.01);
#762=CIRCLE('',#2100,14.);
#763=CIRCLE('',#2101,13.01);
#764=CIRCLE('',#2104,5.99);
#765=CIRCLE('',#2108,12.9999999999997);
#766=CIRCLE('',#2109,5.99999999999958);
#767=CIRCLE('',#2110,8.00000000000022);
#768=CIRCLE('',#2112,7.9999999999962);
#769=CIRCLE('',#2113,6.00000000000622);
#770=CIRCLE('',#2114,12.9999999999997);
#771=CIRCLE('',#2120,6.29999999999997);
#772=CIRCLE('',#2123,6.29999999999999);
#773=CIRCLE('',#2128,6.00000000000622);
#774=CIRCLE('',#2131,12.9999999999997);
#775=CIRCLE('',#2134,5.99999999999958);
#776=CIRCLE('',#2137,8.00000000000022);
#777=CIRCLE('',#2140,7.9999999999962);
#778=CIRCLE('',#2145,12.2171572875256);
#779=CIRCLE('',#2146,12.2171572875256);
#780=VERTEX_POINT('',#2696);
#781=VERTEX_POINT('',#2697);
#782=VERTEX_POINT('',#2699);
#783=VERTEX_POINT('',#2701);
#784=VERTEX_POINT('',#2705);
#785=VERTEX_POINT('',#2706);
#786=VERTEX_POINT('',#2708);
#787=VERTEX_POINT('',#2710);
#788=VERTEX_POINT('',#2743);
#789=VERTEX_POINT('',#2744);
#790=VERTEX_POINT('',#2751);
#791=VERTEX_POINT('',#2753);
#792=VERTEX_POINT('',#2786);
#793=VERTEX_POINT('',#2787);
#794=VERTEX_POINT('',#2793);
#795=VERTEX_POINT('',#2795);
#796=VERTEX_POINT('',#2803);
#797=VERTEX_POINT('',#2804);
#798=VERTEX_POINT('',#2806);
#799=VERTEX_POINT('',#2813);
#800=VERTEX_POINT('',#2815);
#801=VERTEX_POINT('',#2819);
#802=VERTEX_POINT('',#2820);
#803=VERTEX_POINT('',#2822);
#804=VERTEX_POINT('',#2827);
#805=VERTEX_POINT('',#2831);
#806=VERTEX_POINT('',#2833);
#807=VERTEX_POINT('',#2858);
#808=VERTEX_POINT('',#2860);
#809=VERTEX_POINT('',#2862);
#810=VERTEX_POINT('',#2864);
#811=VERTEX_POINT('',#2868);
#812=VERTEX_POINT('',#2875);
#813=VERTEX_POINT('',#2876);
#814=VERTEX_POINT('',#2878);
#815=VERTEX_POINT('',#2880);
#816=VERTEX_POINT('',#2884);
#817=VERTEX_POINT('',#2885);
#818=VERTEX_POINT('',#2890);
#819=VERTEX_POINT('',#2891);
#820=VERTEX_POINT('',#2896);
#821=VERTEX_POINT('',#2897);
#822=VERTEX_POINT('',#2902);
#823=VERTEX_POINT('',#2903);
#824=VERTEX_POINT('',#2908);
#825=VERTEX_POINT('',#2909);
#826=VERTEX_POINT('',#2914);
#827=VERTEX_POINT('',#2915);
#828=VERTEX_POINT('',#2923);
#829=VERTEX_POINT('',#2925);
#830=VERTEX_POINT('',#2938);
#831=VERTEX_POINT('',#2942);
#832=VERTEX_POINT('',#2955);
#833=VERTEX_POINT('',#2959);
#834=VERTEX_POINT('',#2964);
#835=VERTEX_POINT('',#2977);
#836=VERTEX_POINT('',#2981);
#837=VERTEX_POINT('',#2996);
#838=VERTEX_POINT('',#2997);
#839=VERTEX_POINT('',#2999);
#840=VERTEX_POINT('',#3001);
#841=VERTEX_POINT('',#3123);
#842=VERTEX_POINT('',#3124);
#843=VERTEX_POINT('',#3126);
#844=VERTEX_POINT('',#3137);
#845=VERTEX_POINT('',#3156);
#846=VERTEX_POINT('',#3157);
#847=VERTEX_POINT('',#3195);
#848=VERTEX_POINT('',#3209);
#849=VERTEX_POINT('',#3219);
#850=VERTEX_POINT('',#3224);
#851=VERTEX_POINT('',#3226);
#852=VERTEX_POINT('',#3228);
#853=VERTEX_POINT('',#3230);
#854=VERTEX_POINT('',#3255);
#855=VERTEX_POINT('',#3277);
#856=VERTEX_POINT('',#3278);
#857=VERTEX_POINT('',#3280);
#858=VERTEX_POINT('',#3282);
#859=VERTEX_POINT('',#3304);
#860=VERTEX_POINT('',#3305);
#861=VERTEX_POINT('',#3328);
#862=VERTEX_POINT('',#3329);
#863=VERTEX_POINT('',#3376);
#864=VERTEX_POINT('',#3378);
#865=VERTEX_POINT('',#3389);
#866=VERTEX_POINT('',#3440);
#867=VERTEX_POINT('',#3442);
#868=VERTEX_POINT('',#3455);
#869=VERTEX_POINT('',#3457);
#870=VERTEX_POINT('',#3476);
#871=VERTEX_POINT('',#3485);
#872=VERTEX_POINT('',#3492);
#873=VERTEX_POINT('',#3494);
#874=VERTEX_POINT('',#3496);
#875=VERTEX_POINT('',#3500);
#876=VERTEX_POINT('',#3519);
#877=VERTEX_POINT('',#3520);
#878=VERTEX_POINT('',#3522);
#879=VERTEX_POINT('',#3524);
#880=VERTEX_POINT('',#3546);
#881=VERTEX_POINT('',#3569);
#882=VERTEX_POINT('',#3571);
#883=VERTEX_POINT('',#3664);
#884=VERTEX_POINT('',#3666);
#885=VERTEX_POINT('',#3668);
#886=VERTEX_POINT('',#3679);
#887=VERTEX_POINT('',#3686);
#888=VERTEX_POINT('',#3688);
#889=VERTEX_POINT('',#3690);
#890=VERTEX_POINT('',#3709);
#891=VERTEX_POINT('',#3711);
#892=VERTEX_POINT('',#3718);
#893=VERTEX_POINT('',#3722);
#894=VERTEX_POINT('',#3723);
#895=VERTEX_POINT('',#3725);
#896=VERTEX_POINT('',#3727);
#897=VERTEX_POINT('',#3731);
#898=VERTEX_POINT('',#3749);
#899=VERTEX_POINT('',#3755);
#900=VERTEX_POINT('',#3759);
#901=VERTEX_POINT('',#3761);
#902=VERTEX_POINT('',#3765);
#903=VERTEX_POINT('',#3769);
#904=VERTEX_POINT('',#3773);
#905=VERTEX_POINT('',#3777);
#906=VERTEX_POINT('',#3781);
#907=VERTEX_POINT('',#3782);
#908=VERTEX_POINT('',#3791);
#909=VERTEX_POINT('',#3794);
#910=VERTEX_POINT('',#3796);
#911=VERTEX_POINT('',#3798);
#912=VERTEX_POINT('',#3800);
#913=VERTEX_POINT('',#3812);
#914=VERTEX_POINT('',#3816);
#915=VERTEX_POINT('',#3823);
#916=VERTEX_POINT('',#3827);
#917=VERTEX_POINT('',#3831);
#918=VERTEX_POINT('',#3832);
#919=VERTEX_POINT('',#3837);
#920=VERTEX_POINT('',#3838);
#921=VERTEX_POINT('',#3859);
#922=VERTEX_POINT('',#3861);
#923=VERTEX_POINT('',#3865);
#924=VERTEX_POINT('',#3870);
#925=VERTEX_POINT('',#3878);
#926=VERTEX_POINT('',#3880);
#927=VERTEX_POINT('',#3882);
#928=VERTEX_POINT('',#3884);
#929=VERTEX_POINT('',#3888);
#930=VERTEX_POINT('',#3890);
#931=VERTEX_POINT('',#3892);
#932=VERTEX_POINT('',#3894);
#933=VERTEX_POINT('',#3903);
#934=VERTEX_POINT('',#3907);
#935=VERTEX_POINT('',#3911);
#936=VERTEX_POINT('',#3915);
#937=VERTEX_POINT('',#3924);
#938=VERTEX_POINT('',#3925);
#939=VERTEX_POINT('',#3930);
#940=VERTEX_POINT('',#3934);
#941=VERTEX_POINT('',#3938);
#942=VERTEX_POINT('',#3942);
#943=VERTEX_POINT('',#3946);
#944=VERTEX_POINT('',#3950);
#945=VERTEX_POINT('',#3954);
#946=VERTEX_POINT('',#3958);
#947=VERTEX_POINT('',#3964);
#948=VERTEX_POINT('',#3966);
#949=VERTEX_POINT('',#3970);
#950=VERTEX_POINT('',#3972);
#951=VERTEX_POINT('',#3976);
#952=VERTEX_POINT('',#3978);
#953=VERTEX_POINT('',#3982);
#954=VERTEX_POINT('',#3984);
#955=EDGE_CURVE('',#780,#781,#680,.T.);
#956=EDGE_CURVE('',#782,#781,#681,.T.);
#957=EDGE_CURVE('',#783,#782,#682,.F.);
#958=EDGE_CURVE('',#780,#783,#683,.T.);
#959=EDGE_CURVE('',#784,#785,#684,.F.);
#960=EDGE_CURVE('',#786,#784,#685,.T.);
#961=EDGE_CURVE('',#786,#787,#686,.T.);
#962=EDGE_CURVE('',#785,#787,#687,.T.);
#963=EDGE_CURVE('',#788,#789,#390,.F.);
#964=EDGE_CURVE('',#790,#788,#688,.T.);
#965=EDGE_CURVE('',#790,#791,#391,.T.);
#966=EDGE_CURVE('',#789,#791,#689,.T.);
#967=EDGE_CURVE('',#792,#793,#392,.T.);
#968=EDGE_CURVE('',#794,#793,#690,.T.);
#969=EDGE_CURVE('',#795,#794,#393,.F.);
#970=EDGE_CURVE('',#792,#795,#691,.T.);
#971=EDGE_CURVE('',#796,#797,#692,.F.);
#972=EDGE_CURVE('',#798,#796,#693,.F.);
#973=EDGE_CURVE('',#797,#798,#694,.F.);
#974=EDGE_CURVE('',#796,#790,#80,.T.);
#975=EDGE_CURVE('',#788,#798,#81,.T.);
#976=EDGE_CURVE('',#799,#797,#82,.T.);
#977=EDGE_CURVE('',#798,#800,#83,.T.);
#978=EDGE_CURVE('',#800,#799,#74,.T.);
#979=EDGE_CURVE('',#801,#802,#695,.F.);
#980=EDGE_CURVE('',#803,#801,#696,.F.);
#981=EDGE_CURVE('',#802,#803,#697,.F.);
#982=EDGE_CURVE('',#797,#803,#698,.T.);
#983=EDGE_CURVE('',#801,#804,#699,.T.);
#984=EDGE_CURVE('',#804,#796,#700,.T.);
#985=EDGE_CURVE('',#805,#802,#84,.T.);
#986=EDGE_CURVE('',#803,#806,#85,.T.);
#987=EDGE_CURVE('',#806,#805,#75,.T.);
#988=EDGE_CURVE('',#793,#801,#86,.T.);
#989=EDGE_CURVE('',#802,#794,#87,.T.);
#990=EDGE_CURVE('',#806,#786,#88,.T.);
#991=EDGE_CURVE('',#784,#805,#89,.T.);
#992=EDGE_CURVE('',#794,#784,#90,.T.);
#993=EDGE_CURVE('',#785,#795,#91,.T.);
#994=EDGE_CURVE('',#791,#792,#701,.T.);
#995=EDGE_CURVE('',#795,#789,#702,.T.);
#996=EDGE_CURVE('',#800,#782,#92,.T.);
#997=EDGE_CURVE('',#781,#799,#93,.T.);
#998=EDGE_CURVE('',#782,#788,#94,.T.);
#999=EDGE_CURVE('',#789,#783,#95,.T.);
#1000=EDGE_CURVE('',#787,#780,#96,.T.);
#1001=EDGE_CURVE('',#783,#785,#97,.T.);
#1002=EDGE_CURVE('',#799,#807,#98,.F.);
#1003=EDGE_CURVE('',#807,#808,#99,.T.);
#1004=EDGE_CURVE('',#809,#808,#100,.F.);
#1005=EDGE_CURVE('',#810,#809,#101,.F.);
#1006=EDGE_CURVE('',#810,#806,#102,.F.);
#1007=EDGE_CURVE('',#804,#811,#103,.T.);
#1008=EDGE_CURVE('',#811,#811,#703,.T.);
#1009=EDGE_CURVE('',#812,#813,#704,.T.);
#1010=EDGE_CURVE('',#813,#814,#104,.T.);
#1011=EDGE_CURVE('',#814,#815,#705,.T.);
#1012=EDGE_CURVE('',#815,#812,#105,.T.);
#1013=EDGE_CURVE('',#816,#817,#706,.T.);
#1014=EDGE_CURVE('',#817,#815,#707,.T.);
#1015=EDGE_CURVE('',#814,#816,#708,.T.);
#1016=EDGE_CURVE('',#818,#819,#709,.T.);
#1017=EDGE_CURVE('',#819,#817,#106,.T.);
#1018=EDGE_CURVE('',#816,#818,#107,.T.);
#1019=EDGE_CURVE('',#820,#821,#710,.T.);
#1020=EDGE_CURVE('',#821,#819,#711,.T.);
#1021=EDGE_CURVE('',#818,#820,#712,.T.);
#1022=EDGE_CURVE('',#822,#823,#713,.T.);
#1023=EDGE_CURVE('',#823,#821,#108,.T.);
#1024=EDGE_CURVE('',#820,#822,#109,.T.);
#1025=EDGE_CURVE('',#824,#825,#714,.T.);
#1026=EDGE_CURVE('',#825,#823,#715,.T.);
#1027=EDGE_CURVE('',#822,#824,#716,.T.);
#1028=EDGE_CURVE('',#826,#827,#717,.T.);
#1029=EDGE_CURVE('',#827,#825,#110,.T.);
#1030=EDGE_CURVE('',#824,#826,#111,.T.);
#1031=EDGE_CURVE('',#812,#827,#718,.T.);
#1032=EDGE_CURVE('',#826,#813,#719,.T.);
#1033=EDGE_CURVE('',#825,#828,#112,.T.);
#1034=EDGE_CURVE('',#829,#828,#394,.T.);
#1035=EDGE_CURVE('',#823,#829,#113,.T.);
#1036=EDGE_CURVE('',#827,#830,#114,.T.);
#1037=EDGE_CURVE('',#828,#830,#115,.T.);
#1038=EDGE_CURVE('',#812,#831,#116,.T.);
#1039=EDGE_CURVE('',#830,#831,#395,.T.);
#1040=EDGE_CURVE('',#815,#832,#117,.T.);
#1041=EDGE_CURVE('',#831,#832,#720,.T.);
#1042=EDGE_CURVE('',#833,#833,#721,.T.);
#1043=EDGE_CURVE('',#833,#811,#722,.T.);
#1044=EDGE_CURVE('',#817,#834,#118,.T.);
#1045=EDGE_CURVE('',#832,#834,#396,.T.);
#1046=EDGE_CURVE('',#819,#835,#119,.T.);
#1047=EDGE_CURVE('',#834,#835,#120,.T.);
#1048=EDGE_CURVE('',#821,#836,#121,.T.);
#1049=EDGE_CURVE('',#835,#836,#397,.T.);
#1050=EDGE_CURVE('',#836,#829,#723,.T.);
#1051=EDGE_CURVE('',#837,#838,#724,.T.);
#1052=EDGE_CURVE('',#839,#837,#122,.T.);
#1053=EDGE_CURVE('',#840,#839,#725,.F.);
#1054=EDGE_CURVE('',#840,#838,#123,.T.);
#1055=EDGE_CURVE('',#838,#837,#398,.T.);
#1056=EDGE_CURVE('',#839,#840,#399,.F.);
#1057=EDGE_CURVE('',#841,#842,#726,.T.);
#1058=EDGE_CURVE('',#842,#843,#400,.T.);
#1059=EDGE_CURVE('',#843,#844,#727,.T.);
#1060=EDGE_CURVE('',#841,#844,#124,.T.);
#1061=EDGE_CURVE('',#845,#846,#401,.T.);
#1062=EDGE_CURVE('',#845,#842,#402,.T.);
#1063=EDGE_CURVE('',#846,#841,#403,.T.);
#1064=EDGE_CURVE('',#844,#847,#404,.T.);
#1065=EDGE_CURVE('',#843,#848,#405,.T.);
#1066=EDGE_CURVE('',#847,#848,#406,.T.);
#1067=EDGE_CURVE('',#849,#846,#407,.T.);
#1068=EDGE_CURVE('',#849,#850,#728,.T.);
#1069=EDGE_CURVE('',#851,#850,#125,.T.);
#1070=EDGE_CURVE('',#851,#852,#729,.T.);
#1071=EDGE_CURVE('',#852,#853,#408,.T.);
#1072=EDGE_CURVE('',#845,#853,#409,.T.);
#1073=EDGE_CURVE('',#854,#847,#410,.T.);
#1074=EDGE_CURVE('',#854,#849,#126,.T.);
#1075=EDGE_CURVE('',#855,#856,#730,.T.);
#1076=EDGE_CURVE('',#857,#856,#127,.T.);
#1077=EDGE_CURVE('',#857,#858,#731,.T.);
#1078=EDGE_CURVE('',#858,#855,#411,.T.);
#1079=EDGE_CURVE('',#859,#860,#732,.T.);
#1080=EDGE_CURVE('',#856,#860,#733,.T.);
#1081=EDGE_CURVE('',#855,#859,#412,.T.);
#1082=EDGE_CURVE('',#861,#862,#734,.T.);
#1083=EDGE_CURVE('',#862,#858,#413,.T.);
#1084=EDGE_CURVE('',#861,#857,#128,.T.);
#1085=EDGE_CURVE('',#860,#863,#735,.T.);
#1086=EDGE_CURVE('',#859,#864,#414,.T.);
#1087=EDGE_CURVE('',#865,#864,#415,.T.);
#1088=EDGE_CURVE('',#863,#865,#416,.T.);
#1089=EDGE_CURVE('',#866,#861,#736,.T.);
#1090=EDGE_CURVE('',#866,#867,#737,.T.);
#1091=EDGE_CURVE('',#867,#862,#417,.T.);
#1092=EDGE_CURVE('',#865,#868,#129,.T.);
#1093=EDGE_CURVE('',#868,#869,#738,.T.);
#1094=EDGE_CURVE('',#869,#856,#130,.T.);
#1095=EDGE_CURVE('',#864,#870,#418,.F.);
#1096=EDGE_CURVE('',#870,#871,#131,.T.);
#1097=EDGE_CURVE('',#871,#868,#419,.T.);
#1098=EDGE_CURVE('',#872,#859,#132,.T.);
#1099=EDGE_CURVE('',#873,#872,#739,.T.);
#1100=EDGE_CURVE('',#873,#874,#133,.T.);
#1101=EDGE_CURVE('',#870,#874,#76,.F.);
#1102=EDGE_CURVE('',#875,#858,#134,.T.);
#1103=EDGE_CURVE('',#872,#875,#135,.T.);
#1104=EDGE_CURVE('',#876,#877,#740,.T.);
#1105=EDGE_CURVE('',#878,#877,#136,.T.);
#1106=EDGE_CURVE('',#878,#879,#741,.T.);
#1107=EDGE_CURVE('',#879,#876,#420,.T.);
#1108=EDGE_CURVE('',#880,#851,#742,.T.);
#1109=EDGE_CURVE('',#877,#851,#137,.T.);
#1110=EDGE_CURVE('',#876,#880,#421,.T.);
#1111=EDGE_CURVE('',#881,#878,#743,.T.);
#1112=EDGE_CURVE('',#881,#882,#744,.T.);
#1113=EDGE_CURVE('',#882,#879,#422,.T.);
#1114=EDGE_CURVE('',#880,#853,#423,.T.);
#1115=EDGE_CURVE('',#883,#881,#745,.T.);
#1116=EDGE_CURVE('',#883,#884,#746,.T.);
#1117=EDGE_CURVE('',#884,#885,#747,.T.);
#1118=EDGE_CURVE('',#885,#882,#424,.T.);
#1119=EDGE_CURVE('',#885,#886,#425,.T.);
#1120=EDGE_CURVE('',#886,#887,#77,.T.);
#1121=EDGE_CURVE('',#888,#887,#138,.T.);
#1122=EDGE_CURVE('',#889,#888,#748,.T.);
#1123=EDGE_CURVE('',#889,#882,#139,.T.);
#1124=EDGE_CURVE('',#890,#884,#140,.T.);
#1125=EDGE_CURVE('',#890,#891,#426,.T.);
#1126=EDGE_CURVE('',#891,#886,#141,.T.);
#1127=EDGE_CURVE('',#878,#892,#142,.T.);
#1128=EDGE_CURVE('',#892,#890,#749,.T.);
#1129=EDGE_CURVE('',#893,#894,#143,.T.);
#1130=EDGE_CURVE('',#895,#894,#750,.T.);
#1131=EDGE_CURVE('',#895,#896,#144,.T.);
#1132=EDGE_CURVE('',#896,#893,#751,.T.);
#1133=EDGE_CURVE('',#897,#861,#145,.T.);
#1134=EDGE_CURVE('',#869,#897,#146,.T.);
#1135=EDGE_CURVE('',#867,#848,#427,.T.);
#1136=EDGE_CURVE('',#897,#854,#752,.T.);
#1137=EDGE_CURVE('',#850,#892,#147,.T.);
#1138=EDGE_CURVE('',#898,#894,#78,.F.);
#1139=EDGE_CURVE('',#893,#871,#148,.T.);
#1140=EDGE_CURVE('',#874,#898,#149,.F.);
#1141=EDGE_CURVE('',#891,#896,#150,.T.);
#1142=EDGE_CURVE('',#895,#899,#79,.F.);
#1143=EDGE_CURVE('',#887,#899,#151,.T.);
#1144=EDGE_CURVE('',#900,#871,#152,.T.);
#1145=EDGE_CURVE('',#901,#900,#753,.T.);
#1146=EDGE_CURVE('',#901,#869,#153,.T.);
#1147=EDGE_CURVE('',#902,#893,#154,.T.);
#1148=EDGE_CURVE('',#900,#902,#155,.T.);
#1149=EDGE_CURVE('',#903,#896,#156,.T.);
#1150=EDGE_CURVE('',#902,#903,#754,.T.);
#1151=EDGE_CURVE('',#904,#891,#157,.T.);
#1152=EDGE_CURVE('',#903,#904,#158,.T.);
#1153=EDGE_CURVE('',#905,#892,#159,.T.);
#1154=EDGE_CURVE('',#904,#905,#755,.T.);
#1155=EDGE_CURVE('',#906,#907,#428,.F.);
#1156=EDGE_CURVE('',#906,#908,#756,.T.);
#1157=EDGE_CURVE('',#908,#875,#160,.T.);
#1158=EDGE_CURVE('',#875,#909,#757,.T.);
#1159=EDGE_CURVE('',#909,#910,#161,.T.);
#1160=EDGE_CURVE('',#910,#911,#758,.T.);
#1161=EDGE_CURVE('',#911,#912,#429,.T.);
#1162=EDGE_CURVE('',#913,#912,#15,.F.);
#1163=EDGE_CURVE('',#913,#914,#759,.T.);
#1164=EDGE_CURVE('',#907,#914,#16,.F.);
#1165=EDGE_CURVE('',#909,#889,#162,.T.);
#1166=EDGE_CURVE('',#889,#915,#163,.T.);
#1167=EDGE_CURVE('',#915,#910,#164,.T.);
#1168=EDGE_CURVE('',#888,#916,#165,.T.);
#1169=EDGE_CURVE('',#916,#915,#760,.T.);
#1170=EDGE_CURVE('',#917,#918,#166,.T.);
#1171=EDGE_CURVE('',#918,#916,#167,.T.);
#1172=EDGE_CURVE('',#888,#917,#168,.T.);
#1173=EDGE_CURVE('',#919,#920,#430,.F.);
#1174=EDGE_CURVE('',#919,#918,#761,.T.);
#1175=EDGE_CURVE('',#917,#921,#762,.T.);
#1176=EDGE_CURVE('',#921,#922,#169,.T.);
#1177=EDGE_CURVE('',#922,#920,#763,.T.);
#1178=EDGE_CURVE('',#873,#923,#170,.T.);
#1179=EDGE_CURVE('',#923,#922,#171,.T.);
#1180=EDGE_CURVE('',#921,#873,#172,.T.);
#1181=EDGE_CURVE('',#872,#924,#173,.T.);
#1182=EDGE_CURVE('',#924,#923,#764,.T.);
#1183=EDGE_CURVE('',#908,#924,#174,.T.);
#1184=EDGE_CURVE('',#914,#913,#175,.T.);
#1185=EDGE_CURVE('',#925,#919,#765,.T.);
#1186=EDGE_CURVE('',#926,#925,#176,.T.);
#1187=EDGE_CURVE('',#927,#926,#766,.T.);
#1188=EDGE_CURVE('',#928,#927,#177,.T.);
#1189=EDGE_CURVE('',#911,#928,#767,.T.);
#1190=EDGE_CURVE('',#929,#906,#768,.T.);
#1191=EDGE_CURVE('',#930,#929,#178,.T.);
#1192=EDGE_CURVE('',#931,#930,#769,.T.);
#1193=EDGE_CURVE('',#932,#931,#179,.T.);
#1194=EDGE_CURVE('',#920,#932,#770,.T.);
#1195=EDGE_CURVE('',#917,#899,#180,.T.);
#1196=EDGE_CURVE('',#909,#876,#181,.T.);
#1197=EDGE_CURVE('',#933,#901,#182,.T.);
#1198=EDGE_CURVE('',#933,#897,#183,.T.);
#1199=EDGE_CURVE('',#934,#933,#771,.T.);
#1200=EDGE_CURVE('',#934,#854,#184,.T.);
#1201=EDGE_CURVE('',#935,#934,#185,.T.);
#1202=EDGE_CURVE('',#935,#849,#186,.T.);
#1203=EDGE_CURVE('',#936,#935,#772,.T.);
#1204=EDGE_CURVE('',#936,#850,#187,.T.);
#1205=EDGE_CURVE('',#905,#936,#188,.T.);
#1206=EDGE_CURVE('',#921,#898,#189,.T.);
#1207=EDGE_CURVE('',#937,#938,#773,.T.);
#1208=EDGE_CURVE('',#937,#931,#190,.T.);
#1209=EDGE_CURVE('',#938,#930,#191,.T.);
#1210=EDGE_CURVE('',#939,#937,#192,.T.);
#1211=EDGE_CURVE('',#939,#932,#193,.T.);
#1212=EDGE_CURVE('',#940,#939,#774,.T.);
#1213=EDGE_CURVE('',#940,#925,#194,.T.);
#1214=EDGE_CURVE('',#941,#940,#195,.T.);
#1215=EDGE_CURVE('',#941,#926,#196,.T.);
#1216=EDGE_CURVE('',#942,#941,#775,.T.);
#1217=EDGE_CURVE('',#942,#927,#197,.T.);
#1218=EDGE_CURVE('',#943,#942,#198,.T.);
#1219=EDGE_CURVE('',#943,#928,#199,.T.);
#1220=EDGE_CURVE('',#944,#943,#776,.T.);
#1221=EDGE_CURVE('',#944,#912,#200,.T.);
#1222=EDGE_CURVE('',#945,#944,#201,.T.);
#1223=EDGE_CURVE('',#945,#907,#202,.T.);
#1224=EDGE_CURVE('',#946,#945,#777,.T.);
#1225=EDGE_CURVE('',#946,#929,#203,.T.);
#1226=EDGE_CURVE('',#938,#946,#204,.T.);
#1227=EDGE_CURVE('',#947,#810,#205,.F.);
#1228=EDGE_CURVE('',#948,#809,#206,.F.);
#1229=EDGE_CURVE('',#947,#948,#207,.F.);
#1230=EDGE_CURVE('',#949,#947,#208,.F.);
#1231=EDGE_CURVE('',#950,#948,#209,.F.);
#1232=EDGE_CURVE('',#949,#950,#210,.T.);
#1233=EDGE_CURVE('',#951,#949,#778,.F.);
#1234=EDGE_CURVE('',#952,#950,#779,.F.);
#1235=EDGE_CURVE('',#951,#952,#211,.T.);
#1236=EDGE_CURVE('',#953,#951,#212,.F.);
#1237=EDGE_CURVE('',#954,#952,#213,.F.);
#1238=EDGE_CURVE('',#953,#954,#214,.F.);
#1239=EDGE_CURVE('',#807,#953,#215,.F.);
#1240=EDGE_CURVE('',#808,#954,#216,.F.);
#1241=ORIENTED_EDGE('',*,*,#955,.T.);
#1242=ORIENTED_EDGE('',*,*,#956,.F.);
#1243=ORIENTED_EDGE('',*,*,#957,.F.);
#1244=ORIENTED_EDGE('',*,*,#958,.F.);
#1245=ORIENTED_EDGE('',*,*,#959,.F.);
#1246=ORIENTED_EDGE('',*,*,#960,.F.);
#1247=ORIENTED_EDGE('',*,*,#961,.T.);
#1248=ORIENTED_EDGE('',*,*,#962,.F.);
#1249=ORIENTED_EDGE('',*,*,#963,.F.);
#1250=ORIENTED_EDGE('',*,*,#964,.F.);
#1251=ORIENTED_EDGE('',*,*,#965,.T.);
#1252=ORIENTED_EDGE('',*,*,#966,.F.);
#1253=ORIENTED_EDGE('',*,*,#967,.T.);
#1254=ORIENTED_EDGE('',*,*,#968,.F.);
#1255=ORIENTED_EDGE('',*,*,#969,.F.);
#1256=ORIENTED_EDGE('',*,*,#970,.F.);
#1257=ORIENTED_EDGE('',*,*,#971,.F.);
#1258=ORIENTED_EDGE('',*,*,#972,.F.);
#1259=ORIENTED_EDGE('',*,*,#973,.F.);
#1260=ORIENTED_EDGE('',*,*,#972,.T.);
#1261=ORIENTED_EDGE('',*,*,#974,.T.);
#1262=ORIENTED_EDGE('',*,*,#964,.T.);
#1263=ORIENTED_EDGE('',*,*,#975,.T.);
#1264=ORIENTED_EDGE('',*,*,#976,.T.);
#1265=ORIENTED_EDGE('',*,*,#973,.T.);
#1266=ORIENTED_EDGE('',*,*,#977,.T.);
#1267=ORIENTED_EDGE('',*,*,#978,.T.);
#1268=ORIENTED_EDGE('',*,*,#979,.F.);
#1269=ORIENTED_EDGE('',*,*,#980,.F.);
#1270=ORIENTED_EDGE('',*,*,#981,.F.);
#1271=ORIENTED_EDGE('',*,*,#971,.T.);
#1272=ORIENTED_EDGE('',*,*,#982,.T.);
#1273=ORIENTED_EDGE('',*,*,#980,.T.);
#1274=ORIENTED_EDGE('',*,*,#983,.T.);
#1275=ORIENTED_EDGE('',*,*,#984,.T.);
#1276=ORIENTED_EDGE('',*,*,#985,.T.);
#1277=ORIENTED_EDGE('',*,*,#981,.T.);
#1278=ORIENTED_EDGE('',*,*,#986,.T.);
#1279=ORIENTED_EDGE('',*,*,#987,.T.);
#1280=ORIENTED_EDGE('',*,*,#968,.T.);
#1281=ORIENTED_EDGE('',*,*,#988,.T.);
#1282=ORIENTED_EDGE('',*,*,#979,.T.);
#1283=ORIENTED_EDGE('',*,*,#989,.T.);
#1284=ORIENTED_EDGE('',*,*,#990,.T.);
#1285=ORIENTED_EDGE('',*,*,#960,.T.);
#1286=ORIENTED_EDGE('',*,*,#991,.T.);
#1287=ORIENTED_EDGE('',*,*,#987,.F.);
#1288=ORIENTED_EDGE('',*,*,#969,.T.);
#1289=ORIENTED_EDGE('',*,*,#992,.T.);
#1290=ORIENTED_EDGE('',*,*,#959,.T.);
#1291=ORIENTED_EDGE('',*,*,#993,.T.);
#1292=ORIENTED_EDGE('',*,*,#966,.T.);
#1293=ORIENTED_EDGE('',*,*,#994,.T.);
#1294=ORIENTED_EDGE('',*,*,#970,.T.);
#1295=ORIENTED_EDGE('',*,*,#995,.T.);
#1296=ORIENTED_EDGE('',*,*,#996,.T.);
#1297=ORIENTED_EDGE('',*,*,#956,.T.);
#1298=ORIENTED_EDGE('',*,*,#997,.T.);
#1299=ORIENTED_EDGE('',*,*,#978,.F.);
#1300=ORIENTED_EDGE('',*,*,#957,.T.);
#1301=ORIENTED_EDGE('',*,*,#998,.T.);
#1302=ORIENTED_EDGE('',*,*,#963,.T.);
#1303=ORIENTED_EDGE('',*,*,#999,.T.);
#1304=ORIENTED_EDGE('',*,*,#962,.T.);
#1305=ORIENTED_EDGE('',*,*,#1000,.T.);
#1306=ORIENTED_EDGE('',*,*,#958,.T.);
#1307=ORIENTED_EDGE('',*,*,#1001,.T.);
#1308=ORIENTED_EDGE('',*,*,#986,.F.);
#1309=ORIENTED_EDGE('',*,*,#982,.F.);
#1310=ORIENTED_EDGE('',*,*,#976,.F.);
#1311=ORIENTED_EDGE('',*,*,#1002,.T.);
#1312=ORIENTED_EDGE('',*,*,#1003,.T.);
#1313=ORIENTED_EDGE('',*,*,#1004,.F.);
#1314=ORIENTED_EDGE('',*,*,#1005,.F.);
#1315=ORIENTED_EDGE('',*,*,#1006,.T.);
#1316=ORIENTED_EDGE('',*,*,#967,.F.);
#1317=ORIENTED_EDGE('',*,*,#994,.F.);
#1318=ORIENTED_EDGE('',*,*,#965,.F.);
#1319=ORIENTED_EDGE('',*,*,#974,.F.);
#1320=ORIENTED_EDGE('',*,*,#984,.F.);
#1321=ORIENTED_EDGE('',*,*,#1007,.T.);
#1322=ORIENTED_EDGE('',*,*,#1008,.F.);
#1323=ORIENTED_EDGE('',*,*,#1007,.F.);
#1324=ORIENTED_EDGE('',*,*,#983,.F.);
#1325=ORIENTED_EDGE('',*,*,#988,.F.);
#1326=ORIENTED_EDGE('',*,*,#975,.F.);
#1327=ORIENTED_EDGE('',*,*,#998,.F.);
#1328=ORIENTED_EDGE('',*,*,#996,.F.);
#1329=ORIENTED_EDGE('',*,*,#977,.F.);
#1330=ORIENTED_EDGE('',*,*,#985,.F.);
#1331=ORIENTED_EDGE('',*,*,#991,.F.);
#1332=ORIENTED_EDGE('',*,*,#992,.F.);
#1333=ORIENTED_EDGE('',*,*,#989,.F.);
#1334=ORIENTED_EDGE('',*,*,#993,.F.);
#1335=ORIENTED_EDGE('',*,*,#1001,.F.);
#1336=ORIENTED_EDGE('',*,*,#999,.F.);
#1337=ORIENTED_EDGE('',*,*,#995,.F.);
#1338=ORIENTED_EDGE('',*,*,#1009,.T.);
#1339=ORIENTED_EDGE('',*,*,#1010,.T.);
#1340=ORIENTED_EDGE('',*,*,#1011,.T.);
#1341=ORIENTED_EDGE('',*,*,#1012,.T.);
#1342=ORIENTED_EDGE('',*,*,#1013,.T.);
#1343=ORIENTED_EDGE('',*,*,#1014,.T.);
#1344=ORIENTED_EDGE('',*,*,#1011,.F.);
#1345=ORIENTED_EDGE('',*,*,#1015,.T.);
#1346=ORIENTED_EDGE('',*,*,#1016,.T.);
#1347=ORIENTED_EDGE('',*,*,#1017,.T.);
#1348=ORIENTED_EDGE('',*,*,#1013,.F.);
#1349=ORIENTED_EDGE('',*,*,#1018,.T.);
#1350=ORIENTED_EDGE('',*,*,#1019,.T.);
#1351=ORIENTED_EDGE('',*,*,#1020,.T.);
#1352=ORIENTED_EDGE('',*,*,#1016,.F.);
#1353=ORIENTED_EDGE('',*,*,#1021,.T.);
#1354=ORIENTED_EDGE('',*,*,#1022,.T.);
#1355=ORIENTED_EDGE('',*,*,#1023,.T.);
#1356=ORIENTED_EDGE('',*,*,#1019,.F.);
#1357=ORIENTED_EDGE('',*,*,#1024,.T.);
#1358=ORIENTED_EDGE('',*,*,#1025,.T.);
#1359=ORIENTED_EDGE('',*,*,#1026,.T.);
#1360=ORIENTED_EDGE('',*,*,#1022,.F.);
#1361=ORIENTED_EDGE('',*,*,#1027,.T.);
#1362=ORIENTED_EDGE('',*,*,#1028,.T.);
#1363=ORIENTED_EDGE('',*,*,#1029,.T.);
#1364=ORIENTED_EDGE('',*,*,#1025,.F.);
#1365=ORIENTED_EDGE('',*,*,#1030,.T.);
#1366=ORIENTED_EDGE('',*,*,#1009,.F.);
#1367=ORIENTED_EDGE('',*,*,#1031,.T.);
#1368=ORIENTED_EDGE('',*,*,#1028,.F.);
#1369=ORIENTED_EDGE('',*,*,#1032,.T.);
#1370=ORIENTED_EDGE('',*,*,#1026,.F.);
#1371=ORIENTED_EDGE('',*,*,#1033,.T.);
#1372=ORIENTED_EDGE('',*,*,#1034,.F.);
#1373=ORIENTED_EDGE('',*,*,#1035,.F.);
#1374=ORIENTED_EDGE('',*,*,#1029,.F.);
#1375=ORIENTED_EDGE('',*,*,#1036,.T.);
#1376=ORIENTED_EDGE('',*,*,#1037,.F.);
#1377=ORIENTED_EDGE('',*,*,#1033,.F.);
#1378=ORIENTED_EDGE('',*,*,#1031,.F.);
#1379=ORIENTED_EDGE('',*,*,#1038,.T.);
#1380=ORIENTED_EDGE('',*,*,#1039,.F.);
#1381=ORIENTED_EDGE('',*,*,#1036,.F.);
#1382=ORIENTED_EDGE('',*,*,#1012,.F.);
#1383=ORIENTED_EDGE('',*,*,#1040,.T.);
#1384=ORIENTED_EDGE('',*,*,#1041,.F.);
#1385=ORIENTED_EDGE('',*,*,#1038,.F.);
#1386=ORIENTED_EDGE('',*,*,#1042,.F.);
#1387=ORIENTED_EDGE('',*,*,#1010,.F.);
#1388=ORIENTED_EDGE('',*,*,#1032,.F.);
#1389=ORIENTED_EDGE('',*,*,#1030,.F.);
#1390=ORIENTED_EDGE('',*,*,#1027,.F.);
#1391=ORIENTED_EDGE('',*,*,#1024,.F.);
#1392=ORIENTED_EDGE('',*,*,#1021,.F.);
#1393=ORIENTED_EDGE('',*,*,#1018,.F.);
#1394=ORIENTED_EDGE('',*,*,#1015,.F.);
#1395=ORIENTED_EDGE('',*,*,#1042,.T.);
#1396=ORIENTED_EDGE('',*,*,#1043,.T.);
#1397=ORIENTED_EDGE('',*,*,#1008,.T.);
#1398=ORIENTED_EDGE('',*,*,#1043,.F.);
#1399=ORIENTED_EDGE('',*,*,#1014,.F.);
#1400=ORIENTED_EDGE('',*,*,#1044,.T.);
#1401=ORIENTED_EDGE('',*,*,#1045,.F.);
#1402=ORIENTED_EDGE('',*,*,#1040,.F.);
#1403=ORIENTED_EDGE('',*,*,#1017,.F.);
#1404=ORIENTED_EDGE('',*,*,#1046,.T.);
#1405=ORIENTED_EDGE('',*,*,#1047,.F.);
#1406=ORIENTED_EDGE('',*,*,#1044,.F.);
#1407=ORIENTED_EDGE('',*,*,#1020,.F.);
#1408=ORIENTED_EDGE('',*,*,#1048,.T.);
#1409=ORIENTED_EDGE('',*,*,#1049,.F.);
#1410=ORIENTED_EDGE('',*,*,#1046,.F.);
#1411=ORIENTED_EDGE('',*,*,#1023,.F.);
#1412=ORIENTED_EDGE('',*,*,#1035,.T.);
#1413=ORIENTED_EDGE('',*,*,#1050,.F.);
#1414=ORIENTED_EDGE('',*,*,#1048,.F.);
#1415=ORIENTED_EDGE('',*,*,#1051,.F.);
#1416=ORIENTED_EDGE('',*,*,#1052,.F.);
#1417=ORIENTED_EDGE('',*,*,#1053,.F.);
#1418=ORIENTED_EDGE('',*,*,#1054,.T.);
#1419=ORIENTED_EDGE('',*,*,#1055,.F.);
#1420=ORIENTED_EDGE('',*,*,#1054,.F.);
#1421=ORIENTED_EDGE('',*,*,#1056,.F.);
#1422=ORIENTED_EDGE('',*,*,#1052,.T.);
#1423=ORIENTED_EDGE('',*,*,#1057,.T.);
#1424=ORIENTED_EDGE('',*,*,#1058,.T.);
#1425=ORIENTED_EDGE('',*,*,#1059,.T.);
#1426=ORIENTED_EDGE('',*,*,#1060,.F.);
#1427=ORIENTED_EDGE('',*,*,#1061,.F.);
#1428=ORIENTED_EDGE('',*,*,#1062,.T.);
#1429=ORIENTED_EDGE('',*,*,#1057,.F.);
#1430=ORIENTED_EDGE('',*,*,#1063,.F.);
#1431=ORIENTED_EDGE('',*,*,#1064,.F.);
#1432=ORIENTED_EDGE('',*,*,#1059,.F.);
#1433=ORIENTED_EDGE('',*,*,#1065,.T.);
#1434=ORIENTED_EDGE('',*,*,#1066,.F.);
#1435=ORIENTED_EDGE('',*,*,#1061,.T.);
#1436=ORIENTED_EDGE('',*,*,#1067,.F.);
#1437=ORIENTED_EDGE('',*,*,#1068,.T.);
#1438=ORIENTED_EDGE('',*,*,#1069,.F.);
#1439=ORIENTED_EDGE('',*,*,#1070,.T.);
#1440=ORIENTED_EDGE('',*,*,#1071,.T.);
#1441=ORIENTED_EDGE('',*,*,#1072,.F.);
#1442=ORIENTED_EDGE('',*,*,#1063,.T.);
#1443=ORIENTED_EDGE('',*,*,#1060,.T.);
#1444=ORIENTED_EDGE('',*,*,#1064,.T.);
#1445=ORIENTED_EDGE('',*,*,#1073,.F.);
#1446=ORIENTED_EDGE('',*,*,#1074,.T.);
#1447=ORIENTED_EDGE('',*,*,#1067,.T.);
#1448=ORIENTED_EDGE('',*,*,#1075,.T.);
#1449=ORIENTED_EDGE('',*,*,#1076,.F.);
#1450=ORIENTED_EDGE('',*,*,#1077,.T.);
#1451=ORIENTED_EDGE('',*,*,#1078,.T.);
#1452=ORIENTED_EDGE('',*,*,#1079,.T.);
#1453=ORIENTED_EDGE('',*,*,#1080,.F.);
#1454=ORIENTED_EDGE('',*,*,#1075,.F.);
#1455=ORIENTED_EDGE('',*,*,#1081,.T.);
#1456=ORIENTED_EDGE('',*,*,#1082,.T.);
#1457=ORIENTED_EDGE('',*,*,#1083,.T.);
#1458=ORIENTED_EDGE('',*,*,#1077,.F.);
#1459=ORIENTED_EDGE('',*,*,#1084,.F.);
#1460=ORIENTED_EDGE('',*,*,#1085,.F.);
#1461=ORIENTED_EDGE('',*,*,#1079,.F.);
#1462=ORIENTED_EDGE('',*,*,#1086,.T.);
#1463=ORIENTED_EDGE('',*,*,#1087,.F.);
#1464=ORIENTED_EDGE('',*,*,#1088,.F.);
#1465=ORIENTED_EDGE('',*,*,#1089,.F.);
#1466=ORIENTED_EDGE('',*,*,#1090,.T.);
#1467=ORIENTED_EDGE('',*,*,#1091,.T.);
#1468=ORIENTED_EDGE('',*,*,#1082,.F.);
#1469=ORIENTED_EDGE('',*,*,#1088,.T.);
#1470=ORIENTED_EDGE('',*,*,#1092,.T.);
#1471=ORIENTED_EDGE('',*,*,#1093,.T.);
#1472=ORIENTED_EDGE('',*,*,#1094,.T.);
#1473=ORIENTED_EDGE('',*,*,#1080,.T.);
#1474=ORIENTED_EDGE('',*,*,#1085,.T.);
#1475=ORIENTED_EDGE('',*,*,#1087,.T.);
#1476=ORIENTED_EDGE('',*,*,#1095,.T.);
#1477=ORIENTED_EDGE('',*,*,#1096,.T.);
#1478=ORIENTED_EDGE('',*,*,#1097,.T.);
#1479=ORIENTED_EDGE('',*,*,#1092,.F.);
#1480=ORIENTED_EDGE('',*,*,#1086,.F.);
#1481=ORIENTED_EDGE('',*,*,#1098,.F.);
#1482=ORIENTED_EDGE('',*,*,#1099,.F.);
#1483=ORIENTED_EDGE('',*,*,#1100,.T.);
#1484=ORIENTED_EDGE('',*,*,#1101,.F.);
#1485=ORIENTED_EDGE('',*,*,#1095,.F.);
#1486=ORIENTED_EDGE('',*,*,#1081,.F.);
#1487=ORIENTED_EDGE('',*,*,#1078,.F.);
#1488=ORIENTED_EDGE('',*,*,#1102,.F.);
#1489=ORIENTED_EDGE('',*,*,#1103,.F.);
#1490=ORIENTED_EDGE('',*,*,#1098,.T.);
#1491=ORIENTED_EDGE('',*,*,#1104,.T.);
#1492=ORIENTED_EDGE('',*,*,#1105,.F.);
#1493=ORIENTED_EDGE('',*,*,#1106,.T.);
#1494=ORIENTED_EDGE('',*,*,#1107,.T.);
#1495=ORIENTED_EDGE('',*,*,#1108,.T.);
#1496=ORIENTED_EDGE('',*,*,#1109,.F.);
#1497=ORIENTED_EDGE('',*,*,#1104,.F.);
#1498=ORIENTED_EDGE('',*,*,#1110,.T.);
#1499=ORIENTED_EDGE('',*,*,#1111,.F.);
#1500=ORIENTED_EDGE('',*,*,#1112,.T.);
#1501=ORIENTED_EDGE('',*,*,#1113,.T.);
#1502=ORIENTED_EDGE('',*,*,#1106,.F.);
#1503=ORIENTED_EDGE('',*,*,#1070,.F.);
#1504=ORIENTED_EDGE('',*,*,#1108,.F.);
#1505=ORIENTED_EDGE('',*,*,#1114,.T.);
#1506=ORIENTED_EDGE('',*,*,#1071,.F.);
#1507=ORIENTED_EDGE('',*,*,#1112,.F.);
#1508=ORIENTED_EDGE('',*,*,#1115,.F.);
#1509=ORIENTED_EDGE('',*,*,#1116,.T.);
#1510=ORIENTED_EDGE('',*,*,#1117,.T.);
#1511=ORIENTED_EDGE('',*,*,#1118,.T.);
#1512=ORIENTED_EDGE('',*,*,#1119,.T.);
#1513=ORIENTED_EDGE('',*,*,#1120,.T.);
#1514=ORIENTED_EDGE('',*,*,#1121,.F.);
#1515=ORIENTED_EDGE('',*,*,#1122,.F.);
#1516=ORIENTED_EDGE('',*,*,#1123,.T.);
#1517=ORIENTED_EDGE('',*,*,#1118,.F.);
#1518=ORIENTED_EDGE('',*,*,#1117,.F.);
#1519=ORIENTED_EDGE('',*,*,#1124,.F.);
#1520=ORIENTED_EDGE('',*,*,#1125,.T.);
#1521=ORIENTED_EDGE('',*,*,#1126,.T.);
#1522=ORIENTED_EDGE('',*,*,#1119,.F.);
#1523=ORIENTED_EDGE('',*,*,#1116,.F.);
#1524=ORIENTED_EDGE('',*,*,#1115,.T.);
#1525=ORIENTED_EDGE('',*,*,#1111,.T.);
#1526=ORIENTED_EDGE('',*,*,#1127,.T.);
#1527=ORIENTED_EDGE('',*,*,#1128,.T.);
#1528=ORIENTED_EDGE('',*,*,#1124,.T.);
#1529=ORIENTED_EDGE('',*,*,#1129,.T.);
#1530=ORIENTED_EDGE('',*,*,#1130,.F.);
#1531=ORIENTED_EDGE('',*,*,#1131,.T.);
#1532=ORIENTED_EDGE('',*,*,#1132,.T.);
#1533=ORIENTED_EDGE('',*,*,#1133,.T.);
#1534=ORIENTED_EDGE('',*,*,#1084,.T.);
#1535=ORIENTED_EDGE('',*,*,#1076,.T.);
#1536=ORIENTED_EDGE('',*,*,#1094,.F.);
#1537=ORIENTED_EDGE('',*,*,#1134,.T.);
#1538=ORIENTED_EDGE('',*,*,#1066,.T.);
#1539=ORIENTED_EDGE('',*,*,#1135,.F.);
#1540=ORIENTED_EDGE('',*,*,#1090,.F.);
#1541=ORIENTED_EDGE('',*,*,#1089,.T.);
#1542=ORIENTED_EDGE('',*,*,#1133,.F.);
#1543=ORIENTED_EDGE('',*,*,#1136,.T.);
#1544=ORIENTED_EDGE('',*,*,#1073,.T.);
#1545=ORIENTED_EDGE('',*,*,#1127,.F.);
#1546=ORIENTED_EDGE('',*,*,#1105,.T.);
#1547=ORIENTED_EDGE('',*,*,#1109,.T.);
#1548=ORIENTED_EDGE('',*,*,#1069,.T.);
#1549=ORIENTED_EDGE('',*,*,#1137,.T.);
#1550=ORIENTED_EDGE('',*,*,#1138,.T.);
#1551=ORIENTED_EDGE('',*,*,#1129,.F.);
#1552=ORIENTED_EDGE('',*,*,#1139,.T.);
#1553=ORIENTED_EDGE('',*,*,#1096,.F.);
#1554=ORIENTED_EDGE('',*,*,#1101,.T.);
#1555=ORIENTED_EDGE('',*,*,#1140,.T.);
#1556=ORIENTED_EDGE('',*,*,#1120,.F.);
#1557=ORIENTED_EDGE('',*,*,#1126,.F.);
#1558=ORIENTED_EDGE('',*,*,#1141,.T.);
#1559=ORIENTED_EDGE('',*,*,#1131,.F.);
#1560=ORIENTED_EDGE('',*,*,#1142,.T.);
#1561=ORIENTED_EDGE('',*,*,#1143,.F.);
#1562=ORIENTED_EDGE('',*,*,#1093,.F.);
#1563=ORIENTED_EDGE('',*,*,#1097,.F.);
#1564=ORIENTED_EDGE('',*,*,#1144,.F.);
#1565=ORIENTED_EDGE('',*,*,#1145,.F.);
#1566=ORIENTED_EDGE('',*,*,#1146,.T.);
#1567=ORIENTED_EDGE('',*,*,#1139,.F.);
#1568=ORIENTED_EDGE('',*,*,#1147,.F.);
#1569=ORIENTED_EDGE('',*,*,#1148,.F.);
#1570=ORIENTED_EDGE('',*,*,#1144,.T.);
#1571=ORIENTED_EDGE('',*,*,#1132,.F.);
#1572=ORIENTED_EDGE('',*,*,#1149,.F.);
#1573=ORIENTED_EDGE('',*,*,#1150,.F.);
#1574=ORIENTED_EDGE('',*,*,#1147,.T.);
#1575=ORIENTED_EDGE('',*,*,#1141,.F.);
#1576=ORIENTED_EDGE('',*,*,#1151,.F.);
#1577=ORIENTED_EDGE('',*,*,#1152,.F.);
#1578=ORIENTED_EDGE('',*,*,#1149,.T.);
#1579=ORIENTED_EDGE('',*,*,#1125,.F.);
#1580=ORIENTED_EDGE('',*,*,#1128,.F.);
#1581=ORIENTED_EDGE('',*,*,#1153,.F.);
#1582=ORIENTED_EDGE('',*,*,#1154,.F.);
#1583=ORIENTED_EDGE('',*,*,#1151,.T.);
#1584=ORIENTED_EDGE('',*,*,#1155,.F.);
#1585=ORIENTED_EDGE('',*,*,#1156,.T.);
#1586=ORIENTED_EDGE('',*,*,#1157,.T.);
#1587=ORIENTED_EDGE('',*,*,#1158,.T.);
#1588=ORIENTED_EDGE('',*,*,#1159,.T.);
#1589=ORIENTED_EDGE('',*,*,#1160,.T.);
#1590=ORIENTED_EDGE('',*,*,#1161,.T.);
#1591=ORIENTED_EDGE('',*,*,#1162,.F.);
#1592=ORIENTED_EDGE('',*,*,#1163,.T.);
#1593=ORIENTED_EDGE('',*,*,#1164,.F.);
#1594=ORIENTED_EDGE('',*,*,#1159,.F.);
#1595=ORIENTED_EDGE('',*,*,#1165,.T.);
#1596=ORIENTED_EDGE('',*,*,#1166,.T.);
#1597=ORIENTED_EDGE('',*,*,#1167,.T.);
#1598=ORIENTED_EDGE('',*,*,#1166,.F.);
#1599=ORIENTED_EDGE('',*,*,#1122,.T.);
#1600=ORIENTED_EDGE('',*,*,#1168,.T.);
#1601=ORIENTED_EDGE('',*,*,#1169,.T.);
#1602=ORIENTED_EDGE('',*,*,#1170,.T.);
#1603=ORIENTED_EDGE('',*,*,#1171,.T.);
#1604=ORIENTED_EDGE('',*,*,#1168,.F.);
#1605=ORIENTED_EDGE('',*,*,#1172,.T.);
#1606=ORIENTED_EDGE('',*,*,#1173,.F.);
#1607=ORIENTED_EDGE('',*,*,#1174,.T.);
#1608=ORIENTED_EDGE('',*,*,#1170,.F.);
#1609=ORIENTED_EDGE('',*,*,#1175,.T.);
#1610=ORIENTED_EDGE('',*,*,#1176,.T.);
#1611=ORIENTED_EDGE('',*,*,#1177,.T.);
#1612=ORIENTED_EDGE('',*,*,#1178,.T.);
#1613=ORIENTED_EDGE('',*,*,#1179,.T.);
#1614=ORIENTED_EDGE('',*,*,#1176,.F.);
#1615=ORIENTED_EDGE('',*,*,#1180,.T.);
#1616=ORIENTED_EDGE('',*,*,#1178,.F.);
#1617=ORIENTED_EDGE('',*,*,#1099,.T.);
#1618=ORIENTED_EDGE('',*,*,#1181,.T.);
#1619=ORIENTED_EDGE('',*,*,#1182,.T.);
#1620=ORIENTED_EDGE('',*,*,#1157,.F.);
#1621=ORIENTED_EDGE('',*,*,#1183,.T.);
#1622=ORIENTED_EDGE('',*,*,#1181,.F.);
#1623=ORIENTED_EDGE('',*,*,#1103,.T.);
#1624=ORIENTED_EDGE('',*,*,#1163,.F.);
#1625=ORIENTED_EDGE('',*,*,#1184,.F.);
#1626=ORIENTED_EDGE('',*,*,#1174,.F.);
#1627=ORIENTED_EDGE('',*,*,#1185,.F.);
#1628=ORIENTED_EDGE('',*,*,#1186,.F.);
#1629=ORIENTED_EDGE('',*,*,#1187,.F.);
#1630=ORIENTED_EDGE('',*,*,#1188,.F.);
#1631=ORIENTED_EDGE('',*,*,#1189,.F.);
#1632=ORIENTED_EDGE('',*,*,#1160,.F.);
#1633=ORIENTED_EDGE('',*,*,#1167,.F.);
#1634=ORIENTED_EDGE('',*,*,#1169,.F.);
#1635=ORIENTED_EDGE('',*,*,#1171,.F.);
#1636=ORIENTED_EDGE('',*,*,#1177,.F.);
#1637=ORIENTED_EDGE('',*,*,#1179,.F.);
#1638=ORIENTED_EDGE('',*,*,#1182,.F.);
#1639=ORIENTED_EDGE('',*,*,#1183,.F.);
#1640=ORIENTED_EDGE('',*,*,#1156,.F.);
#1641=ORIENTED_EDGE('',*,*,#1190,.F.);
#1642=ORIENTED_EDGE('',*,*,#1191,.F.);
#1643=ORIENTED_EDGE('',*,*,#1192,.F.);
#1644=ORIENTED_EDGE('',*,*,#1193,.F.);
#1645=ORIENTED_EDGE('',*,*,#1194,.F.);
#1646=ORIENTED_EDGE('',*,*,#1172,.F.);
#1647=ORIENTED_EDGE('',*,*,#1121,.T.);
#1648=ORIENTED_EDGE('',*,*,#1143,.T.);
#1649=ORIENTED_EDGE('',*,*,#1195,.F.);
#1650=ORIENTED_EDGE('',*,*,#1113,.F.);
#1651=ORIENTED_EDGE('',*,*,#1123,.F.);
#1652=ORIENTED_EDGE('',*,*,#1165,.F.);
#1653=ORIENTED_EDGE('',*,*,#1196,.T.);
#1654=ORIENTED_EDGE('',*,*,#1107,.F.);
#1655=ORIENTED_EDGE('',*,*,#1114,.F.);
#1656=ORIENTED_EDGE('',*,*,#1110,.F.);
#1657=ORIENTED_EDGE('',*,*,#1196,.F.);
#1658=ORIENTED_EDGE('',*,*,#1158,.F.);
#1659=ORIENTED_EDGE('',*,*,#1102,.T.);
#1660=ORIENTED_EDGE('',*,*,#1083,.F.);
#1661=ORIENTED_EDGE('',*,*,#1091,.F.);
#1662=ORIENTED_EDGE('',*,*,#1135,.T.);
#1663=ORIENTED_EDGE('',*,*,#1065,.F.);
#1664=ORIENTED_EDGE('',*,*,#1058,.F.);
#1665=ORIENTED_EDGE('',*,*,#1062,.F.);
#1666=ORIENTED_EDGE('',*,*,#1072,.T.);
#1667=ORIENTED_EDGE('',*,*,#1055,.T.);
#1668=ORIENTED_EDGE('',*,*,#1051,.T.);
#1669=ORIENTED_EDGE('',*,*,#1134,.F.);
#1670=ORIENTED_EDGE('',*,*,#1146,.F.);
#1671=ORIENTED_EDGE('',*,*,#1197,.F.);
#1672=ORIENTED_EDGE('',*,*,#1198,.T.);
#1673=ORIENTED_EDGE('',*,*,#1136,.F.);
#1674=ORIENTED_EDGE('',*,*,#1198,.F.);
#1675=ORIENTED_EDGE('',*,*,#1199,.F.);
#1676=ORIENTED_EDGE('',*,*,#1200,.T.);
#1677=ORIENTED_EDGE('',*,*,#1074,.F.);
#1678=ORIENTED_EDGE('',*,*,#1200,.F.);
#1679=ORIENTED_EDGE('',*,*,#1201,.F.);
#1680=ORIENTED_EDGE('',*,*,#1202,.T.);
#1681=ORIENTED_EDGE('',*,*,#1068,.F.);
#1682=ORIENTED_EDGE('',*,*,#1202,.F.);
#1683=ORIENTED_EDGE('',*,*,#1203,.F.);
#1684=ORIENTED_EDGE('',*,*,#1204,.T.);
#1685=ORIENTED_EDGE('',*,*,#1137,.F.);
#1686=ORIENTED_EDGE('',*,*,#1204,.F.);
#1687=ORIENTED_EDGE('',*,*,#1205,.F.);
#1688=ORIENTED_EDGE('',*,*,#1153,.T.);
#1689=ORIENTED_EDGE('',*,*,#1180,.F.);
#1690=ORIENTED_EDGE('',*,*,#1206,.T.);
#1691=ORIENTED_EDGE('',*,*,#1140,.F.);
#1692=ORIENTED_EDGE('',*,*,#1100,.F.);
#1693=ORIENTED_EDGE('',*,*,#1175,.F.);
#1694=ORIENTED_EDGE('',*,*,#1195,.T.);
#1695=ORIENTED_EDGE('',*,*,#1142,.F.);
#1696=ORIENTED_EDGE('',*,*,#1130,.T.);
#1697=ORIENTED_EDGE('',*,*,#1138,.F.);
#1698=ORIENTED_EDGE('',*,*,#1206,.F.);
#1699=ORIENTED_EDGE('',*,*,#1047,.T.);
#1700=ORIENTED_EDGE('',*,*,#1049,.T.);
#1701=ORIENTED_EDGE('',*,*,#1050,.T.);
#1702=ORIENTED_EDGE('',*,*,#1034,.T.);
#1703=ORIENTED_EDGE('',*,*,#1037,.T.);
#1704=ORIENTED_EDGE('',*,*,#1039,.T.);
#1705=ORIENTED_EDGE('',*,*,#1041,.T.);
#1706=ORIENTED_EDGE('',*,*,#1045,.T.);
#1707=ORIENTED_EDGE('',*,*,#1207,.F.);
#1708=ORIENTED_EDGE('',*,*,#1208,.T.);
#1709=ORIENTED_EDGE('',*,*,#1192,.T.);
#1710=ORIENTED_EDGE('',*,*,#1209,.F.);
#1711=ORIENTED_EDGE('',*,*,#1210,.F.);
#1712=ORIENTED_EDGE('',*,*,#1211,.T.);
#1713=ORIENTED_EDGE('',*,*,#1193,.T.);
#1714=ORIENTED_EDGE('',*,*,#1208,.F.);
#1715=ORIENTED_EDGE('',*,*,#1212,.F.);
#1716=ORIENTED_EDGE('',*,*,#1213,.T.);
#1717=ORIENTED_EDGE('',*,*,#1185,.T.);
#1718=ORIENTED_EDGE('',*,*,#1173,.T.);
#1719=ORIENTED_EDGE('',*,*,#1194,.T.);
#1720=ORIENTED_EDGE('',*,*,#1211,.F.);
#1721=ORIENTED_EDGE('',*,*,#1214,.F.);
#1722=ORIENTED_EDGE('',*,*,#1215,.T.);
#1723=ORIENTED_EDGE('',*,*,#1186,.T.);
#1724=ORIENTED_EDGE('',*,*,#1213,.F.);
#1725=ORIENTED_EDGE('',*,*,#1216,.F.);
#1726=ORIENTED_EDGE('',*,*,#1217,.T.);
#1727=ORIENTED_EDGE('',*,*,#1187,.T.);
#1728=ORIENTED_EDGE('',*,*,#1215,.F.);
#1729=ORIENTED_EDGE('',*,*,#1218,.F.);
#1730=ORIENTED_EDGE('',*,*,#1219,.T.);
#1731=ORIENTED_EDGE('',*,*,#1188,.T.);
#1732=ORIENTED_EDGE('',*,*,#1217,.F.);
#1733=ORIENTED_EDGE('',*,*,#1220,.F.);
#1734=ORIENTED_EDGE('',*,*,#1221,.T.);
#1735=ORIENTED_EDGE('',*,*,#1161,.F.);
#1736=ORIENTED_EDGE('',*,*,#1189,.T.);
#1737=ORIENTED_EDGE('',*,*,#1219,.F.);
#1738=ORIENTED_EDGE('',*,*,#1222,.F.);
#1739=ORIENTED_EDGE('',*,*,#1223,.T.);
#1740=ORIENTED_EDGE('',*,*,#1164,.T.);
#1741=ORIENTED_EDGE('',*,*,#1184,.T.);
#1742=ORIENTED_EDGE('',*,*,#1162,.T.);
#1743=ORIENTED_EDGE('',*,*,#1221,.F.);
#1744=ORIENTED_EDGE('',*,*,#1224,.F.);
#1745=ORIENTED_EDGE('',*,*,#1225,.T.);
#1746=ORIENTED_EDGE('',*,*,#1190,.T.);
#1747=ORIENTED_EDGE('',*,*,#1155,.T.);
#1748=ORIENTED_EDGE('',*,*,#1223,.F.);
#1749=ORIENTED_EDGE('',*,*,#1226,.F.);
#1750=ORIENTED_EDGE('',*,*,#1209,.T.);
#1751=ORIENTED_EDGE('',*,*,#1191,.T.);
#1752=ORIENTED_EDGE('',*,*,#1225,.F.);
#1753=ORIENTED_EDGE('',*,*,#1227,.T.);
#1754=ORIENTED_EDGE('',*,*,#1005,.T.);
#1755=ORIENTED_EDGE('',*,*,#1228,.F.);
#1756=ORIENTED_EDGE('',*,*,#1229,.F.);
#1757=ORIENTED_EDGE('',*,*,#1230,.T.);
#1758=ORIENTED_EDGE('',*,*,#1229,.T.);
#1759=ORIENTED_EDGE('',*,*,#1231,.F.);
#1760=ORIENTED_EDGE('',*,*,#1232,.F.);
#1761=ORIENTED_EDGE('',*,*,#1233,.T.);
#1762=ORIENTED_EDGE('',*,*,#1232,.T.);
#1763=ORIENTED_EDGE('',*,*,#1234,.F.);
#1764=ORIENTED_EDGE('',*,*,#1235,.F.);
#1765=ORIENTED_EDGE('',*,*,#1056,.T.);
#1766=ORIENTED_EDGE('',*,*,#1053,.T.);
#1767=ORIENTED_EDGE('',*,*,#1236,.T.);
#1768=ORIENTED_EDGE('',*,*,#1235,.T.);
#1769=ORIENTED_EDGE('',*,*,#1237,.F.);
#1770=ORIENTED_EDGE('',*,*,#1238,.F.);
#1771=ORIENTED_EDGE('',*,*,#1239,.T.);
#1772=ORIENTED_EDGE('',*,*,#1238,.T.);
#1773=ORIENTED_EDGE('',*,*,#1240,.F.);
#1774=ORIENTED_EDGE('',*,*,#1003,.F.);
#1775=ORIENTED_EDGE('',*,*,#1240,.T.);
#1776=ORIENTED_EDGE('',*,*,#1237,.T.);
#1777=ORIENTED_EDGE('',*,*,#1234,.T.);
#1778=ORIENTED_EDGE('',*,*,#1231,.T.);
#1779=ORIENTED_EDGE('',*,*,#1228,.T.);
#1780=ORIENTED_EDGE('',*,*,#1004,.T.);
#1781=ORIENTED_EDGE('',*,*,#1150,.T.);
#1782=ORIENTED_EDGE('',*,*,#1152,.T.);
#1783=ORIENTED_EDGE('',*,*,#1154,.T.);
#1784=ORIENTED_EDGE('',*,*,#1205,.T.);
#1785=ORIENTED_EDGE('',*,*,#1203,.T.);
#1786=ORIENTED_EDGE('',*,*,#1201,.T.);
#1787=ORIENTED_EDGE('',*,*,#1199,.T.);
#1788=ORIENTED_EDGE('',*,*,#1197,.T.);
#1789=ORIENTED_EDGE('',*,*,#1145,.T.);
#1790=ORIENTED_EDGE('',*,*,#1148,.T.);
#1791=ORIENTED_EDGE('',*,*,#990,.F.);
#1792=ORIENTED_EDGE('',*,*,#1006,.F.);
#1793=ORIENTED_EDGE('',*,*,#1227,.F.);
#1794=ORIENTED_EDGE('',*,*,#1230,.F.);
#1795=ORIENTED_EDGE('',*,*,#1233,.F.);
#1796=ORIENTED_EDGE('',*,*,#1236,.F.);
#1797=ORIENTED_EDGE('',*,*,#1239,.F.);
#1798=ORIENTED_EDGE('',*,*,#1002,.F.);
#1799=ORIENTED_EDGE('',*,*,#997,.F.);
#1800=ORIENTED_EDGE('',*,*,#955,.F.);
#1801=ORIENTED_EDGE('',*,*,#1000,.F.);
#1802=ORIENTED_EDGE('',*,*,#961,.F.);
#1803=ORIENTED_EDGE('',*,*,#1207,.T.);
#1804=ORIENTED_EDGE('',*,*,#1226,.T.);
#1805=ORIENTED_EDGE('',*,*,#1224,.T.);
#1806=ORIENTED_EDGE('',*,*,#1222,.T.);
#1807=ORIENTED_EDGE('',*,*,#1220,.T.);
#1808=ORIENTED_EDGE('',*,*,#1218,.T.);
#1809=ORIENTED_EDGE('',*,*,#1216,.T.);
#1810=ORIENTED_EDGE('',*,*,#1214,.T.);
#1811=ORIENTED_EDGE('',*,*,#1212,.T.);
#1812=ORIENTED_EDGE('',*,*,#1210,.T.);
#1813=TOROIDAL_SURFACE('',#1949,0.999999999999996,0.5);
#1814=TOROIDAL_SURFACE('',#1954,0.999999999999996,0.499999999999998);
#1815=TOROIDAL_SURFACE('',#1974,6.,0.5);
#1816=TOROIDAL_SURFACE('',#1983,6.,0.5);
#1817=TOROIDAL_SURFACE('',#1998,0.9,0.5);
#1818=TOROIDAL_SURFACE('',#2004,0.900000000000001,0.5);
#1819=TOROIDAL_SURFACE('',#2010,0.900000000000001,0.5);
#1820=TOROIDAL_SURFACE('',#2016,0.899999999999999,0.5);
#1821=TOROIDAL_SURFACE('',#2026,5.,0.5);
#1822=ADVANCED_FACE('',(#448),#1813,.T.);
#1823=ADVANCED_FACE('',(#449),#1814,.T.);
#1824=ADVANCED_FACE('',(#450),#431,.F.);
#1825=ADVANCED_FACE('',(#451),#432,.F.);
#1826=ADVANCED_FACE('',(#452),#388,.T.);
#1827=ADVANCED_FACE('',(#453),#354,.T.);
#1828=ADVANCED_FACE('',(#454),#355,.T.);
#1829=ADVANCED_FACE('',(#455),#389,.T.);
#1830=ADVANCED_FACE('',(#456),#1815,.T.);
#1831=ADVANCED_FACE('',(#457),#356,.T.);
#1832=ADVANCED_FACE('',(#458),#357,.T.);
#1833=ADVANCED_FACE('',(#459),#358,.T.);
#1834=ADVANCED_FACE('',(#460),#359,.F.);
#1835=ADVANCED_FACE('',(#461),#1816,.T.);
#1836=ADVANCED_FACE('',(#462),#360,.T.);
#1837=ADVANCED_FACE('',(#463),#361,.F.);
#1838=ADVANCED_FACE('',(#464),#362,.T.);
#1839=ADVANCED_FACE('',(#465),#32,.T.);
#1840=ADVANCED_FACE('',(#466),#363,.F.);
#1841=ADVANCED_FACE('',(#467),#33,.F.);
#1842=ADVANCED_FACE('',(#468),#34,.F.);
#1843=ADVANCED_FACE('',(#469),#35,.T.);
#1844=ADVANCED_FACE('',(#470),#364,.T.);
#1845=ADVANCED_FACE('',(#471),#1817,.T.);
#1846=ADVANCED_FACE('',(#472),#365,.T.);
#1847=ADVANCED_FACE('',(#473),#1818,.T.);
#1848=ADVANCED_FACE('',(#474),#366,.T.);
#1849=ADVANCED_FACE('',(#475),#1819,.T.);
#1850=ADVANCED_FACE('',(#476),#367,.T.);
#1851=ADVANCED_FACE('',(#477),#1820,.T.);
#1852=ADVANCED_FACE('',(#478),#368,.F.);
#1853=ADVANCED_FACE('',(#479),#36,.F.);
#1854=ADVANCED_FACE('',(#480),#369,.F.);
#1855=ADVANCED_FACE('',(#481),#37,.F.);
#1856=ADVANCED_FACE('',(#482,#26),#38,.T.);
#1857=ADVANCED_FACE('',(#483),#1821,.F.);
#1858=ADVANCED_FACE('',(#484),#370,.F.);
#1859=ADVANCED_FACE('',(#485),#39,.F.);
#1860=ADVANCED_FACE('',(#486),#371,.F.);
#1861=ADVANCED_FACE('',(#487),#40,.F.);
#1862=ADVANCED_FACE('',(#488),#41,.F.);
#1863=ADVANCED_FACE('',(#489),#372,.F.);
#1864=ADVANCED_FACE('',(#490),#433,.T.);
#1865=ADVANCED_FACE('',(#491),#434,.T.);
#1866=ADVANCED_FACE('',(#492),#435,.T.);
#1867=ADVANCED_FACE('',(#493),#17,.F.);
#1868=ADVANCED_FACE('',(#494),#42,.T.);
#1869=ADVANCED_FACE('',(#495),#436,.T.);
#1870=ADVANCED_FACE('',(#496),#437,.T.);
#1871=ADVANCED_FACE('',(#497),#438,.T.);
#1872=ADVANCED_FACE('',(#498),#439,.T.);
#1873=ADVANCED_FACE('',(#499),#440,.T.);
#1874=ADVANCED_FACE('',(#500),#18,.T.);
#1875=ADVANCED_FACE('',(#501),#441,.T.);
#1876=ADVANCED_FACE('',(#502),#373,.T.);
#1877=ADVANCED_FACE('',(#503),#43,.F.);
#1878=ADVANCED_FACE('',(#504),#442,.T.);
#1879=ADVANCED_FACE('',(#505),#443,.T.);
#1880=ADVANCED_FACE('',(#506),#444,.T.);
#1881=ADVANCED_FACE('',(#507),#445,.T.);
#1882=ADVANCED_FACE('',(#508),#446,.T.);
#1883=ADVANCED_FACE('',(#509),#374,.T.);
#1884=ADVANCED_FACE('',(#510),#447,.T.);
#1885=ADVANCED_FACE('',(#511),#19,.T.);
#1886=ADVANCED_FACE('',(#512),#20,.F.);
#1887=ADVANCED_FACE('',(#513),#44,.T.);
#1888=ADVANCED_FACE('',(#514),#21,.F.);
#1889=ADVANCED_FACE('',(#515),#45,.T.);
#1890=ADVANCED_FACE('',(#516),#46,.T.);
#1891=ADVANCED_FACE('',(#517),#47,.T.);
#1892=ADVANCED_FACE('',(#518),#375,.T.);
#1893=ADVANCED_FACE('',(#519),#48,.F.);
#1894=ADVANCED_FACE('',(#520),#376,.F.);
#1895=ADVANCED_FACE('',(#521),#49,.F.);
#1896=ADVANCED_FACE('',(#522),#377,.T.);
#1897=ADVANCED_FACE('',(#523),#22,.F.);
#1898=ADVANCED_FACE('',(#524),#50,.T.);
#1899=ADVANCED_FACE('',(#525),#23,.T.);
#1900=ADVANCED_FACE('',(#526),#51,.T.);
#1901=ADVANCED_FACE('',(#527),#24,.F.);
#1902=ADVANCED_FACE('',(#528),#52,.T.);
#1903=ADVANCED_FACE('',(#529),#25,.T.);
#1904=ADVANCED_FACE('',(#530),#53,.T.);
#1905=ADVANCED_FACE('',(#531),#54,.T.);
#1906=ADVANCED_FACE('',(#532),#55,.T.);
#1907=ADVANCED_FACE('',(#533),#56,.T.);
#1908=ADVANCED_FACE('',(#534),#57,.F.);
#1909=ADVANCED_FACE('',(#535),#58,.F.);
#1910=ADVANCED_FACE('',(#536,#27),#378,.F.);
#1911=ADVANCED_FACE('',(#537),#59,.F.);
#1912=ADVANCED_FACE('',(#538),#379,.F.);
#1913=ADVANCED_FACE('',(#539),#60,.F.);
#1914=ADVANCED_FACE('',(#540),#380,.F.);
#1915=ADVANCED_FACE('',(#541),#61,.F.);
#1916=ADVANCED_FACE('',(#542),#62,.F.);
#1917=ADVANCED_FACE('',(#543,#28),#381,.F.);
#1918=ADVANCED_FACE('',(#544),#382,.T.);
#1919=ADVANCED_FACE('',(#545),#63,.F.);
#1920=ADVANCED_FACE('',(#546),#383,.F.);
#1921=ADVANCED_FACE('',(#547),#64,.F.);
#1922=ADVANCED_FACE('',(#548),#384,.T.);
#1923=ADVANCED_FACE('',(#549),#65,.F.);
#1924=ADVANCED_FACE('',(#550),#385,.F.);
#1925=ADVANCED_FACE('',(#551),#66,.F.);
#1926=ADVANCED_FACE('',(#552),#386,.F.);
#1927=ADVANCED_FACE('',(#553),#67,.F.);
#1928=ADVANCED_FACE('',(#554),#68,.T.);
#1929=ADVANCED_FACE('',(#555),#69,.T.);
#1930=ADVANCED_FACE('',(#556,#29),#387,.T.);
#1931=ADVANCED_FACE('',(#557),#70,.T.);
#1932=ADVANCED_FACE('',(#558),#71,.T.);
#1933=ADVANCED_FACE('',(#559,#30),#72,.T.);
#1934=ADVANCED_FACE('',(#560,#31),#73,.F.);
#1935=CLOSED_SHELL('',(#1822,#1823,#1824,#1825,#1826,#1827,#1828,#1829,
#1830,#1831,#1832,#1833,#1834,#1835,#1836,#1837,#1838,#1839,#1840,#1841,
#1842,#1843,#1844,#1845,#1846,#1847,#1848,#1849,#1850,#1851,#1852,#1853,
#1854,#1855,#1856,#1857,#1858,#1859,#1860,#1861,#1862,#1863,#1864,#1865,
#1866,#1867,#1868,#1869,#1870,#1871,#1872,#1873,#1874,#1875,#1876,#1877,
#1878,#1879,#1880,#1881,#1882,#1883,#1884,#1885,#1886,#1887,#1888,#1889,
#1890,#1891,#1892,#1893,#1894,#1895,#1896,#1897,#1898,#1899,#1900,#1901,
#1902,#1903,#1904,#1905,#1906,#1907,#1908,#1909,#1910,#1911,#1912,#1913,
#1914,#1915,#1916,#1917,#1918,#1919,#1920,#1921,#1922,#1923,#1924,#1925,
#1926,#1927,#1928,#1929,#1930,#1931,#1932,#1933,#1934));
#1936=DERIVED_UNIT_ELEMENT(#1938,1.);
#1937=DERIVED_UNIT_ELEMENT(#3997,-3.);
#1938=(
MASS_UNIT()
NAMED_UNIT(*)
SI_UNIT(.KILO.,.GRAM.)
);
#1939=DERIVED_UNIT((#1936,#1937));
#1940=MEASURE_REPRESENTATION_ITEM('density measure',
POSITIVE_RATIO_MEASURE(7850.),#1939);
#1941=PROPERTY_DEFINITION_REPRESENTATION(#1946,#1943);
#1942=PROPERTY_DEFINITION_REPRESENTATION(#1947,#1944);
#1943=REPRESENTATION('material name',(#1945),#3994);
#1944=REPRESENTATION('density',(#1940),#3994);
#1945=DESCRIPTIVE_REPRESENTATION_ITEM('Steel','Steel');
#1946=PROPERTY_DEFINITION('material property','material name',#4004);
#1947=PROPERTY_DEFINITION('material property','density of part',#4004);
#1948=AXIS2_PLACEMENT_3D('',#2694,#2151,#2152);
#1949=AXIS2_PLACEMENT_3D('',#2695,#2153,#2154);
#1950=AXIS2_PLACEMENT_3D('',#2698,#2155,#2156);
#1951=AXIS2_PLACEMENT_3D('',#2700,#2157,#2158);
#1952=AXIS2_PLACEMENT_3D('',#2702,#2159,#2160);
#1953=AXIS2_PLACEMENT_3D('',#2703,#2161,#2162);
#1954=AXIS2_PLACEMENT_3D('',#2704,#2163,#2164);
#1955=AXIS2_PLACEMENT_3D('',#2707,#2165,#2166);
#1956=AXIS2_PLACEMENT_3D('',#2709,#2167,#2168);
#1957=AXIS2_PLACEMENT_3D('',#2711,#2169,#2170);
#1958=AXIS2_PLACEMENT_3D('',#2712,#2171,#2172);
#1959=AXIS2_PLACEMENT_3D('',#2752,#2173,#2174);
#1960=AXIS2_PLACEMENT_3D('',#2760,#2175,#2176);
#1961=AXIS2_PLACEMENT_3D('',#2794,#2177,#2178);
#1962=AXIS2_PLACEMENT_3D('',#2801,#2179,#2180);
#1963=AXIS2_PLACEMENT_3D('',#2802,#2181,#2182);
#1964=AXIS2_PLACEMENT_3D('',#2805,#2183,#2184);
#1965=AXIS2_PLACEMENT_3D('',#2807,#2185,#2186);
#1966=AXIS2_PLACEMENT_3D('',#2808,#2187,#2188);
#1967=AXIS2_PLACEMENT_3D('',#2809,#2189,#2190);
#1968=AXIS2_PLACEMENT_3D('',#2812,#2193,#2194);
#1969=AXIS2_PLACEMENT_3D('',#2817,#2197,#2198);
#1970=AXIS2_PLACEMENT_3D('',#2818,#2199,#2200);
#1971=AXIS2_PLACEMENT_3D('',#2821,#2201,#2202);
#1972=AXIS2_PLACEMENT_3D('',#2823,#2203,#2204);
#1973=AXIS2_PLACEMENT_3D('',#2824,#2205,#2206);
#1974=AXIS2_PLACEMENT_3D('',#2825,#2207,#2208);
#1975=AXIS2_PLACEMENT_3D('',#2826,#2209,#2210);
#1976=AXIS2_PLACEMENT_3D('',#2828,#2211,#2212);
#1977=AXIS2_PLACEMENT_3D('',#2829,#2213,#2214);
#1978=AXIS2_PLACEMENT_3D('',#2830,#2215,#2216);
#1979=AXIS2_PLACEMENT_3D('',#2835,#2219,#2220);
#1980=AXIS2_PLACEMENT_3D('',#2836,#2221,#2222);
#1981=AXIS2_PLACEMENT_3D('',#2839,#2225,#2226);
#1982=AXIS2_PLACEMENT_3D('',#2842,#2229,#2230);
#1983=AXIS2_PLACEMENT_3D('',#2845,#2233,#2234);
#1984=AXIS2_PLACEMENT_3D('',#2846,#2235,#2236);
#1985=AXIS2_PLACEMENT_3D('',#2847,#2237,#2238);
#1986=AXIS2_PLACEMENT_3D('',#2848,#2239,#2240);
#1987=AXIS2_PLACEMENT_3D('',#2851,#2243,#2244);
#1988=AXIS2_PLACEMENT_3D('',#2854,#2247,#2248);
#1989=AXIS2_PLACEMENT_3D('',#2857,#2251,#2252);
#1990=AXIS2_PLACEMENT_3D('',#2867,#2258,#2259);
#1991=AXIS2_PLACEMENT_3D('',#2870,#2261,#2262);
#1992=AXIS2_PLACEMENT_3D('',#2871,#2263,#2264);
#1993=AXIS2_PLACEMENT_3D('',#2872,#2265,#2266);
#1994=AXIS2_PLACEMENT_3D('',#2873,#2267,#2268);
#1995=AXIS2_PLACEMENT_3D('',#2874,#2269,#2270);
#1996=AXIS2_PLACEMENT_3D('',#2877,#2271,#2272);
#1997=AXIS2_PLACEMENT_3D('',#2881,#2274,#2275);
#1998=AXIS2_PLACEMENT_3D('',#2883,#2277,#2278);
#1999=AXIS2_PLACEMENT_3D('',#2886,#2279,#2280);
#2000=AXIS2_PLACEMENT_3D('',#2887,#2281,#2282);
#2001=AXIS2_PLACEMENT_3D('',#2888,#2283,#2284);
#2002=AXIS2_PLACEMENT_3D('',#2889,#2285,#2286);
#2003=AXIS2_PLACEMENT_3D('',#2892,#2287,#2288);
#2004=AXIS2_PLACEMENT_3D('',#2895,#2291,#2292);
#2005=AXIS2_PLACEMENT_3D('',#2898,#2293,#2294);
#2006=AXIS2_PLACEMENT_3D('',#2899,#2295,#2296);
#2007=AXIS2_PLACEMENT_3D('',#2900,#2297,#2298);
#2008=AXIS2_PLACEMENT_3D('',#2901,#2299,#2300);
#2009=AXIS2_PLACEMENT_3D('',#2904,#2301,#2302);
#2010=AXIS2_PLACEMENT_3D('',#2907,#2305,#2306);
#2011=AXIS2_PLACEMENT_3D('',#2910,#2307,#2308);
#2012=AXIS2_PLACEMENT_3D('',#2911,#2309,#2310);
#2013=AXIS2_PLACEMENT_3D('',#2912,#2311,#2312);
#2014=AXIS2_PLACEMENT_3D('',#2913,#2313,#2314);
#2015=AXIS2_PLACEMENT_3D('',#2916,#2315,#2316);
#2016=AXIS2_PLACEMENT_3D('',#2919,#2319,#2320);
#2017=AXIS2_PLACEMENT_3D('',#2920,#2321,#2322);
#2018=AXIS2_PLACEMENT_3D('',#2921,#2323,#2324);
#2019=AXIS2_PLACEMENT_3D('',#2922,#2325,#2326);
#2020=AXIS2_PLACEMENT_3D('',#2937,#2329,#2330);
#2021=AXIS2_PLACEMENT_3D('',#2941,#2333,#2334);
#2022=AXIS2_PLACEMENT_3D('',#2954,#2336,#2337);
#2023=AXIS2_PLACEMENT_3D('',#2957,#2339,#2340);
#2024=AXIS2_PLACEMENT_3D('',#2958,#2341,#2342);
#2025=AXIS2_PLACEMENT_3D('',#2960,#2343,#2344);
#2026=AXIS2_PLACEMENT_3D('',#2961,#2345,#2346);
#2027=AXIS2_PLACEMENT_3D('',#2962,#2347,#2348);
#2028=AXIS2_PLACEMENT_3D('',#2963,#2349,#2350);
#2029=AXIS2_PLACEMENT_3D('',#2976,#2352,#2353);
#2030=AXIS2_PLACEMENT_3D('',#2980,#2356,#2357);
#2031=AXIS2_PLACEMENT_3D('',#2993,#2359,#2360);
#2032=AXIS2_PLACEMENT_3D('',#2994,#2361,#2362);
#2033=AXIS2_PLACEMENT_3D('',#2995,#2363,#2364);
#2034=AXIS2_PLACEMENT_3D('',#2998,#2365,#2366);
#2035=AXIS2_PLACEMENT_3D('',#3002,#2368,#2369);
#2036=AXIS2_PLACEMENT_3D('',#3004,#2371,#2372);
#2037=AXIS2_PLACEMENT_3D('',#3125,#2373,#2374);
#2038=AXIS2_PLACEMENT_3D('',#3138,#2375,#2376);
#2039=AXIS2_PLACEMENT_3D('',#3218,#2378,#2379);
#2040=AXIS2_PLACEMENT_3D('',#3225,#2380,#2381);
#2041=AXIS2_PLACEMENT_3D('',#3229,#2383,#2384);
#2042=AXIS2_PLACEMENT_3D('',#3254,#2385,#2386);
#2043=AXIS2_PLACEMENT_3D('',#3279,#2388,#2389);
#2044=AXIS2_PLACEMENT_3D('',#3283,#2391,#2392);
#2045=AXIS2_PLACEMENT_3D('',#3306,#2393,#2394);
#2046=AXIS2_PLACEMENT_3D('',#3307,#2395,#2396);
#2047=AXIS2_PLACEMENT_3D('',#3330,#2397,#2398);
#2048=AXIS2_PLACEMENT_3D('',#3377,#2400,#2401);
#2049=AXIS2_PLACEMENT_3D('',#3441,#2402,#2403);
#2050=AXIS2_PLACEMENT_3D('',#3443,#2404,#2405);
#2051=AXIS2_PLACEMENT_3D('',#3454,#2406,#2407);
#2052=AXIS2_PLACEMENT_3D('',#3458,#2409,#2410);
#2053=AXIS2_PLACEMENT_3D('',#3491,#2413,#2414);
#2054=AXIS2_PLACEMENT_3D('',#3495,#2416,#2417);
#2055=AXIS2_PLACEMENT_3D('',#3498,#2419,#2420);
#2056=AXIS2_PLACEMENT_3D('',#3499,#2421,#2422);
#2057=AXIS2_PLACEMENT_3D('',#3521,#2425,#2426);
#2058=AXIS2_PLACEMENT_3D('',#3525,#2428,#2429);
#2059=AXIS2_PLACEMENT_3D('',#3547,#2430,#2431);
#2060=AXIS2_PLACEMENT_3D('',#3570,#2433,#2434);
#2061=AXIS2_PLACEMENT_3D('',#3572,#2435,#2436);
#2062=AXIS2_PLACEMENT_3D('',#3665,#2437,#2438);
#2063=AXIS2_PLACEMENT_3D('',#3667,#2439,#2440);
#2064=AXIS2_PLACEMENT_3D('',#3669,#2441,#2442);
#2065=AXIS2_PLACEMENT_3D('',#3678,#2443,#2444);
#2066=AXIS2_PLACEMENT_3D('',#3687,#2445,#2446);
#2067=AXIS2_PLACEMENT_3D('',#3691,#2448,#2449);
#2068=AXIS2_PLACEMENT_3D('',#3717,#2453,#2454);
#2069=AXIS2_PLACEMENT_3D('',#3720,#2456,#2457);
#2070=AXIS2_PLACEMENT_3D('',#3721,#2458,#2459);
#2071=AXIS2_PLACEMENT_3D('',#3726,#2461,#2462);
#2072=AXIS2_PLACEMENT_3D('',#3729,#2464,#2465);
#2073=AXIS2_PLACEMENT_3D('',#3730,#2466,#2467);
#2074=AXIS2_PLACEMENT_3D('',#3734,#2470,#2471);
#2075=AXIS2_PLACEMENT_3D('',#3745,#2472,#2473);
#2076=AXIS2_PLACEMENT_3D('',#3746,#2474,#2475);
#2077=AXIS2_PLACEMENT_3D('',#3748,#2477,#2478);
#2078=AXIS2_PLACEMENT_3D('',#3750,#2479,#2480);
#2079=AXIS2_PLACEMENT_3D('',#3753,#2483,#2484);
#2080=AXIS2_PLACEMENT_3D('',#3756,#2486,#2487);
#2081=AXIS2_PLACEMENT_3D('',#3758,#2489,#2490);
#2082=AXIS2_PLACEMENT_3D('',#3762,#2492,#2493);
#2083=AXIS2_PLACEMENT_3D('',#3764,#2495,#2496);
#2084=AXIS2_PLACEMENT_3D('',#3768,#2499,#2500);
#2085=AXIS2_PLACEMENT_3D('',#3771,#2502,#2503);
#2086=AXIS2_PLACEMENT_3D('',#3772,#2504,#2505);
#2087=AXIS2_PLACEMENT_3D('',#3776,#2508,#2509);
#2088=AXIS2_PLACEMENT_3D('',#3779,#2511,#2512);
#2089=AXIS2_PLACEMENT_3D('',#3780,#2513,#2514);
#2090=AXIS2_PLACEMENT_3D('',#3792,#2515,#2516);
#2091=AXIS2_PLACEMENT_3D('',#3795,#2518,#2519);
#2092=AXIS2_PLACEMENT_3D('',#3799,#2521,#2522);
#2093=AXIS2_PLACEMENT_3D('',#3817,#2523,#2524);
#2094=AXIS2_PLACEMENT_3D('',#3821,#2525,#2526);
#2095=AXIS2_PLACEMENT_3D('',#3826,#2530,#2531);
#2096=AXIS2_PLACEMENT_3D('',#3829,#2533,#2534);
#2097=AXIS2_PLACEMENT_3D('',#3830,#2535,#2536);
#2098=AXIS2_PLACEMENT_3D('',#3836,#2540,#2541);
#2099=AXIS2_PLACEMENT_3D('',#3858,#2542,#2543);
#2100=AXIS2_PLACEMENT_3D('',#3860,#2544,#2545);
#2101=AXIS2_PLACEMENT_3D('',#3863,#2547,#2548);
#2102=AXIS2_PLACEMENT_3D('',#3864,#2549,#2550);
#2103=AXIS2_PLACEMENT_3D('',#3869,#2554,#2555);
#2104=AXIS2_PLACEMENT_3D('',#3872,#2557,#2558);
#2105=AXIS2_PLACEMENT_3D('',#3873,#2559,#2560);
#2106=AXIS2_PLACEMENT_3D('',#3875,#2562,#2563);
#2107=AXIS2_PLACEMENT_3D('',#3877,#2565,#2566);
#2108=AXIS2_PLACEMENT_3D('',#3879,#2567,#2568);
#2109=AXIS2_PLACEMENT_3D('',#3883,#2570,#2571);
#2110=AXIS2_PLACEMENT_3D('',#3886,#2573,#2574);
#2111=AXIS2_PLACEMENT_3D('',#3887,#2575,#2576);
#2112=AXIS2_PLACEMENT_3D('',#3889,#2577,#2578);
#2113=AXIS2_PLACEMENT_3D('',#3893,#2580,#2581);
#2114=AXIS2_PLACEMENT_3D('',#3896,#2583,#2584);
#2115=AXIS2_PLACEMENT_3D('',#3897,#2585,#2586);
#2116=AXIS2_PLACEMENT_3D('',#3899,#2588,#2589);
#2117=AXIS2_PLACEMENT_3D('',#3901,#2591,#2592);
#2118=AXIS2_PLACEMENT_3D('',#3902,#2593,#2594);
#2119=AXIS2_PLACEMENT_3D('',#3906,#2597,#2598);
#2120=AXIS2_PLACEMENT_3D('',#3908,#2599,#2600);
#2121=AXIS2_PLACEMENT_3D('',#3910,#2602,#2603);
#2122=AXIS2_PLACEMENT_3D('',#3914,#2606,#2607);
#2123=AXIS2_PLACEMENT_3D('',#3916,#2608,#2609);
#2124=AXIS2_PLACEMENT_3D('',#3918,#2611,#2612);
#2125=AXIS2_PLACEMENT_3D('',#3920,#2614,#2615);
#2126=AXIS2_PLACEMENT_3D('',#3922,#2617,#2618);
#2127=AXIS2_PLACEMENT_3D('',#3923,#2619,#2620);
#2128=AXIS2_PLACEMENT_3D('',#3926,#2621,#2622);
#2129=AXIS2_PLACEMENT_3D('',#3929,#2625,#2626);
#2130=AXIS2_PLACEMENT_3D('',#3933,#2629,#2630);
#2131=AXIS2_PLACEMENT_3D('',#3935,#2631,#2632);
#2132=AXIS2_PLACEMENT_3D('',#3937,#2634,#2635);
#2133=AXIS2_PLACEMENT_3D('',#3941,#2638,#2639);
#2134=AXIS2_PLACEMENT_3D('',#3943,#2640,#2641);
#2135=AXIS2_PLACEMENT_3D('',#3945,#2643,#2644);
#2136=AXIS2_PLACEMENT_3D('',#3949,#2647,#2648);
#2137=AXIS2_PLACEMENT_3D('',#3951,#2649,#2650);
#2138=AXIS2_PLACEMENT_3D('',#3953,#2652,#2653);
#2139=AXIS2_PLACEMENT_3D('',#3957,#2656,#2657);
#2140=AXIS2_PLACEMENT_3D('',#3959,#2658,#2659);
#2141=AXIS2_PLACEMENT_3D('',#3961,#2661,#2662);
#2142=AXIS2_PLACEMENT_3D('',#3963,#2664,#2665);
#2143=AXIS2_PLACEMENT_3D('',#3969,#2669,#2670);
#2144=AXIS2_PLACEMENT_3D('',#3975,#2674,#2675);
#2145=AXIS2_PLACEMENT_3D('',#3977,#2676,#2677);
#2146=AXIS2_PLACEMENT_3D('',#3979,#2678,#2679);
#2147=AXIS2_PLACEMENT_3D('',#3981,#2681,#2682);
#2148=AXIS2_PLACEMENT_3D('',#3987,#2686,#2687);
#2149=AXIS2_PLACEMENT_3D('',#3990,#2690,#2691);
#2150=AXIS2_PLACEMENT_3D('',#3991,#2692,#2693);
#2151=DIRECTION('axis',(0.,0.,1.));
#2152=DIRECTION('refdir',(1.,0.,0.));
#2153=DIRECTION('center_axis',(0.,1.,0.));
#2154=DIRECTION('ref_axis',(0.,0.,1.));
#2155=DIRECTION('center_axis',(0.,1.,0.));
#2156=DIRECTION('ref_axis',(-0.707106781186549,0.,-0.707106781186546));
#2157=DIRECTION('center_axis',(0.,0.,1.));
#2158=DIRECTION('ref_axis',(1.,0.,0.));
#2159=DIRECTION('center_axis',(0.,-1.,0.));
#2160=DIRECTION('ref_axis',(0.,0.,-1.));
#2161=DIRECTION('center_axis',(1.,0.,0.));
#2162=DIRECTION('ref_axis',(0.,1.,0.));
#2163=DIRECTION('center_axis',(0.,-1.,0.));
#2164=DIRECTION('ref_axis',(0.,0.,-1.));
#2165=DIRECTION('center_axis',(0.,-1.,4.44089209850064E-15));
#2166=DIRECTION('ref_axis',(1.,0.,0.));
#2167=DIRECTION('center_axis',(0.,0.,1.));
#2168=DIRECTION('ref_axis',(0.,1.,0.));
#2169=DIRECTION('center_axis',(0.,1.,0.));
#2170=DIRECTION('ref_axis',(0.707106781186549,0.,-0.707106781186546));
#2171=DIRECTION('center_axis',(-1.,0.,0.));
#2172=DIRECTION('ref_axis',(0.,0.,1.));
#2173=DIRECTION('center_axis',(0.,0.,1.));
#2174=DIRECTION('ref_axis',(0.458333333333334,-0.888780375320897,0.));
#2175=DIRECTION('center_axis',(0.956520023604083,0.291666666666667,0.));
#2176=DIRECTION('ref_axis',(0.,0.,1.));
#2177=DIRECTION('center_axis',(0.,0.,1.));
#2178=DIRECTION('ref_axis',(-1.,0.,0.));
#2179=DIRECTION('center_axis',(-0.956520023604083,0.291666666666667,0.));
#2180=DIRECTION('ref_axis',(-0.291666666666667,-0.956520023604083,0.));
#2181=DIRECTION('center_axis',(0.431474463631345,-0.262961853070388,-0.862948927262692));
#2182=DIRECTION('ref_axis',(0.736882930933209,-0.449092860289632,0.505291152639901));
#2183=DIRECTION('center_axis',(0.888780375320897,0.458333333333334,5.98238662454447E-15));
#2184=DIRECTION('ref_axis',(0.458333333333334,-0.888780375320897,0.));
#2185=DIRECTION('center_axis',(0.,0.,1.));
#2186=DIRECTION('ref_axis',(1.,0.,0.));
#2187=DIRECTION('center_axis',(0.,-1.,0.));
#2188=DIRECTION('ref_axis',(0.,0.,1.));
#2189=DIRECTION('center_axis',(0.,0.,1.));
#2190=DIRECTION('ref_axis',(0.853912563829967,-0.520416499866532,0.));
#2191=DIRECTION('',(0.,0.,-1.));
#2192=DIRECTION('',(0.,0.,1.));
#2193=DIRECTION('center_axis',(5.92905056351661E-16,1.,0.));
#2194=DIRECTION('ref_axis',(0.707106781186555,0.,0.70710678118654));
#2195=DIRECTION('',(-5.92905056351661E-16,-1.,0.));
#2196=DIRECTION('',(5.92905056351661E-16,1.,0.));
#2197=DIRECTION('center_axis',(0.,-0.707106781186546,0.707106781186549));
#2198=DIRECTION('ref_axis',(-8.38494371892101E-16,-0.707106781186549,-0.707106781186546));
#2199=DIRECTION('center_axis',(-0.431474463631343,-0.262961853070385,-0.862948927262694));
#2200=DIRECTION('ref_axis',(-0.73688293093321,-0.44909286028963,0.505291152639903));
#2201=DIRECTION('center_axis',(0.,0.,1.));
#2202=DIRECTION('ref_axis',(-0.458333333333334,-0.888780375320897,0.));
#2203=DIRECTION('center_axis',(-0.888780375320896,0.458333333333337,0.));
#2204=DIRECTION('ref_axis',(0.,0.,1.));
#2205=DIRECTION('center_axis',(0.,-1.,0.));
#2206=DIRECTION('ref_axis',(-1.,0.,0.));
#2207=DIRECTION('center_axis',(0.,0.,-1.));
#2208=DIRECTION('ref_axis',(-6.12323399573258E-17,-1.,0.));
#2209=DIRECTION('center_axis',(0.,0.,1.));
#2210=DIRECTION('ref_axis',(1.60812264967807E-16,-1.,0.));
#2211=DIRECTION('center_axis',(0.,0.,-1.));
#2212=DIRECTION('ref_axis',(1.60812264967807E-16,-1.,0.));
#2213=DIRECTION('center_axis',(0.,0.,-1.));
#2214=DIRECTION('ref_axis',(1.60812264967807E-16,-1.,0.));
#2215=DIRECTION('center_axis',(-5.92905056351661E-16,-1.,0.));
#2216=DIRECTION('ref_axis',(-0.707106781186555,0.,0.70710678118654));
#2217=DIRECTION('',(-5.92905056351661E-16,-1.,0.));
#2218=DIRECTION('',(5.92905056351661E-16,1.,0.));
#2219=DIRECTION('center_axis',(0.,-0.707106781186548,0.707106781186548));
#2220=DIRECTION('ref_axis',(8.38494371892103E-16,0.707106781186548,0.707106781186548));
#2221=DIRECTION('center_axis',(0.,0.,-1.));
#2222=DIRECTION('ref_axis',(-0.853912563829967,-0.520416499866532,0.));
#2223=DIRECTION('',(0.,0.,1.));
#2224=DIRECTION('',(0.,0.,-1.));
#2225=DIRECTION('center_axis',(0.,0.,1.));
#2226=DIRECTION('ref_axis',(-0.707106781186549,0.707106781186546,0.));
#2227=DIRECTION('',(0.,0.,-1.));
#2228=DIRECTION('',(0.,0.,1.));
#2229=DIRECTION('center_axis',(-5.92905056351661E-16,-1.,0.));
#2230=DIRECTION('ref_axis',(0.707106781186542,0.,-0.707106781186553));
#2231=DIRECTION('',(5.92905056351661E-16,1.,0.));
#2232=DIRECTION('',(-5.92905056351661E-16,-1.,0.));
#2233=DIRECTION('center_axis',(0.,0.,1.));
#2234=DIRECTION('ref_axis',(1.,0.,0.));
#2235=DIRECTION('center_axis',(0.,0.,-1.));
#2236=DIRECTION('ref_axis',(-5.05321549807507E-16,1.,0.));
#2237=DIRECTION('center_axis',(0.,0.,1.));
#2238=DIRECTION('ref_axis',(-5.05321549807507E-16,1.,0.));
#2239=DIRECTION('center_axis',(0.,0.,-1.));
#2240=DIRECTION('ref_axis',(0.707106781186546,0.707106781186549,0.));
#2241=DIRECTION('',(0.,0.,-1.));
#2242=DIRECTION('',(0.,0.,1.));
#2243=DIRECTION('center_axis',(5.92905056351661E-16,1.,0.));
#2244=DIRECTION('ref_axis',(-0.707106781186542,0.,-0.707106781186553));
#2245=DIRECTION('',(-5.92905056351661E-16,-1.,0.));
#2246=DIRECTION('',(5.92905056351661E-16,1.,0.));
#2247=DIRECTION('center_axis',(1.,0.,0.));
#2248=DIRECTION('ref_axis',(0.,0.707106781186544,0.707106781186551));
#2249=DIRECTION('',(-1.,0.,0.));
#2250=DIRECTION('',(1.,0.,0.));
#2251=DIRECTION('center_axis',(0.,0.,1.));
#2252=DIRECTION('ref_axis',(-1.,0.,0.));
#2253=DIRECTION('',(1.,0.,0.));
#2254=DIRECTION('',(0.,-1.,0.));
#2255=DIRECTION('',(1.,0.,0.));
#2256=DIRECTION('',(0.,1.,0.));
#2257=DIRECTION('',(1.,0.,0.));
#2258=DIRECTION('center_axis',(0.,0.,-1.));
#2259=DIRECTION('ref_axis',(-1.,0.,0.));
#2260=DIRECTION('',(0.,0.,-1.));
#2261=DIRECTION('center_axis',(0.,0.,1.));
#2262=DIRECTION('ref_axis',(-1.,0.,0.));
#2263=DIRECTION('center_axis',(-1.,5.92905056351661E-16,0.));
#2264=DIRECTION('ref_axis',(5.92905056351661E-16,1.,0.));
#2265=DIRECTION('center_axis',(1.,-5.92905056351661E-16,0.));
#2266=DIRECTION('ref_axis',(-5.92905056351661E-16,-1.,0.));
#2267=DIRECTION('center_axis',(0.,0.,1.));
#2268=DIRECTION('ref_axis',(-1.,0.,0.));
#2269=DIRECTION('center_axis',(1.,0.,0.));
#2270=DIRECTION('ref_axis',(0.,0.707106781186555,0.70710678118654));
#2271=DIRECTION('center_axis',(1.,0.,0.));
#2272=DIRECTION('ref_axis',(0.,1.,0.));
#2273=DIRECTION('',(1.,0.,0.));
#2274=DIRECTION('center_axis',(-1.,0.,0.));
#2275=DIRECTION('ref_axis',(0.,0.,1.));
#2276=DIRECTION('',(-1.,0.,0.));
#2277=DIRECTION('center_axis',(0.,0.,1.));
#2278=DIRECTION('ref_axis',(1.,0.,0.));
#2279=DIRECTION('center_axis',(1.73472347597681E-16,-1.,0.));
#2280=DIRECTION('ref_axis',(0.,0.,1.));
#2281=DIRECTION('center_axis',(0.,0.,-1.));
#2282=DIRECTION('ref_axis',(0.707106781186548,-0.707106781186547,0.));
#2283=DIRECTION('center_axis',(0.,0.,1.));
#2284=DIRECTION('ref_axis',(0.707106781186548,-0.707106781186547,0.));
#2285=DIRECTION('center_axis',(0.,1.,0.));
#2286=DIRECTION('ref_axis',(-0.707106781186555,0.,0.70710678118654));
#2287=DIRECTION('center_axis',(0.,-1.,0.));
#2288=DIRECTION('ref_axis',(0.,0.,1.));
#2289=DIRECTION('',(0.,-1.,0.));
#2290=DIRECTION('',(0.,1.,0.));
#2291=DIRECTION('center_axis',(0.,0.,1.));
#2292=DIRECTION('ref_axis',(1.,0.,0.));
#2293=DIRECTION('center_axis',(1.,0.,0.));
#2294=DIRECTION('ref_axis',(0.,0.,1.));
#2295=DIRECTION('center_axis',(0.,0.,-1.));
#2296=DIRECTION('ref_axis',(0.707106781186547,0.707106781186547,0.));
#2297=DIRECTION('center_axis',(0.,0.,1.));
#2298=DIRECTION('ref_axis',(0.707106781186548,0.707106781186548,0.));
#2299=DIRECTION('center_axis',(-1.,0.,0.));
#2300=DIRECTION('ref_axis',(0.,-0.707106781186555,0.70710678118654));
#2301=DIRECTION('center_axis',(1.,0.,0.));
#2302=DIRECTION('ref_axis',(0.,0.,1.));
#2303=DIRECTION('',(1.,0.,0.));
#2304=DIRECTION('',(-1.,0.,0.));
#2305=DIRECTION('center_axis',(0.,0.,1.));
#2306=DIRECTION('ref_axis',(1.,0.,0.));
#2307=DIRECTION('center_axis',(0.,1.,0.));
#2308=DIRECTION('ref_axis',(0.,0.,1.));
#2309=DIRECTION('center_axis',(0.,0.,-1.));
#2310=DIRECTION('ref_axis',(-0.707106781186547,0.707106781186547,0.));
#2311=DIRECTION('center_axis',(0.,0.,1.));
#2312=DIRECTION('ref_axis',(-0.707106781186548,0.707106781186548,0.));
#2313=DIRECTION('center_axis',(0.,-1.,0.));
#2314=DIRECTION('ref_axis',(0.707106781186555,0.,0.70710678118654));
#2315=DIRECTION('center_axis',(0.,1.,0.));
#2316=DIRECTION('ref_axis',(0.,0.,1.));
#2317=DIRECTION('',(0.,1.,0.));
#2318=DIRECTION('',(0.,-1.,0.));
#2319=DIRECTION('center_axis',(0.,0.,1.));
#2320=DIRECTION('ref_axis',(1.,0.,0.));
#2321=DIRECTION('center_axis',(0.,0.,-1.));
#2322=DIRECTION('ref_axis',(-0.707106781186548,-0.707106781186547,0.));
#2323=DIRECTION('center_axis',(0.,0.,1.));
#2324=DIRECTION('ref_axis',(-0.707106781186548,-0.707106781186547,0.));
#2325=DIRECTION('center_axis',(0.,0.,-1.));
#2326=DIRECTION('ref_axis',(0.,1.,0.));
#2327=DIRECTION('',(0.,0.,-1.));
#2328=DIRECTION('',(0.,0.,-1.));
#2329=DIRECTION('center_axis',(-1.,0.,0.));
#2330=DIRECTION('ref_axis',(0.,1.,0.));
#2331=DIRECTION('',(0.,0.,-1.));
#2332=DIRECTION('',(0.,-1.,0.));
#2333=DIRECTION('center_axis',(0.,0.,-1.));
#2334=DIRECTION('ref_axis',(-1.,0.,0.));
#2335=DIRECTION('',(0.,0.,-1.));
#2336=DIRECTION('center_axis',(0.,-1.,0.));
#2337=DIRECTION('ref_axis',(-1.,0.,0.));
#2338=DIRECTION('',(0.,0.,-1.));
#2339=DIRECTION('center_axis',(0.,1.,0.));
#2340=DIRECTION('ref_axis',(0.902102794856279,0.,-0.431521201695225));
#2341=DIRECTION('center_axis',(0.,0.,1.));
#2342=DIRECTION('ref_axis',(-1.,0.,0.));
#2343=DIRECTION('center_axis',(0.,0.,-1.));
#2344=DIRECTION('ref_axis',(-1.,0.,0.));
#2345=DIRECTION('center_axis',(0.,0.,-1.));
#2346=DIRECTION('ref_axis',(-1.,0.,0.));
#2347=DIRECTION('center_axis',(-1.00929365875014E-16,-1.,0.));
#2348=DIRECTION('ref_axis',(1.,-1.00929365875014E-16,0.));
#2349=DIRECTION('center_axis',(0.,0.,-1.));
#2350=DIRECTION('ref_axis',(0.,-1.,0.));
#2351=DIRECTION('',(0.,0.,-1.));
#2352=DIRECTION('center_axis',(1.,0.,0.));
#2353=DIRECTION('ref_axis',(0.,-1.,0.));
#2354=DIRECTION('',(0.,0.,-1.));
#2355=DIRECTION('',(0.,1.,0.));
#2356=DIRECTION('center_axis',(0.,0.,-1.));
#2357=DIRECTION('ref_axis',(1.,0.,0.));
#2358=DIRECTION('',(0.,0.,-1.));
#2359=DIRECTION('center_axis',(0.,1.,0.));
#2360=DIRECTION('ref_axis',(1.,0.,0.));
#2361=DIRECTION('center_axis',(0.,-1.,0.));
#2362=DIRECTION('ref_axis',(0.902102794856279,0.,-0.431521201695225));
#2363=DIRECTION('center_axis',(-1.06834394209503E-16,-1.,0.));
#2364=DIRECTION('ref_axis',(1.,-1.06834394209503E-16,0.));
#2365=DIRECTION('center_axis',(1.06834394209503E-16,1.,0.));
#2366=DIRECTION('ref_axis',(-0.942919232330386,0.,0.33302150276142));
#2367=DIRECTION('',(0.,0.,1.));
#2368=DIRECTION('center_axis',(1.06834394209503E-16,1.,0.));
#2369=DIRECTION('ref_axis',(-0.987210930472885,0.,-0.15941950556585));
#2370=DIRECTION('',(0.,0.,1.));
#2371=DIRECTION('center_axis',(0.,0.,1.));
#2372=DIRECTION('ref_axis',(5.9476233462062E-16,1.,0.));
#2373=DIRECTION('center_axis',(-1.21458920817623E-16,-1.,6.93889390390722E-16));
#2374=DIRECTION('ref_axis',(-1.73472347597681E-15,-6.93889390390722E-16,
-1.));
#2375=DIRECTION('center_axis',(1.21458920817627E-16,-1.,6.93889390390722E-16));
#2376=DIRECTION('ref_axis',(-0.33967413842844,-6.93889390390723E-16,-0.940543183316373));
#2377=DIRECTION('',(-1.,0.,1.80547938417982E-15));
#2378=DIRECTION('center_axis',(0.,1.,0.));
#2379=DIRECTION('ref_axis',(0.390424567499966,0.,-0.920634920634919));
#2380=DIRECTION('center_axis',(0.,-1.,0.));
#2381=DIRECTION('ref_axis',(0.390424567499966,0.,-0.92063492063492));
#2382=DIRECTION('',(-0.757246212179398,-0.595227550625738,-0.268853746702626));
#2383=DIRECTION('center_axis',(0.,1.,0.));
#2384=DIRECTION('ref_axis',(0.390424567499966,0.,-0.92063492063492));
#2385=DIRECTION('center_axis',(1.07467107155062E-15,0.803557193344746,0.595227550625738));
#2386=DIRECTION('ref_axis',(1.,0.,-1.80547938417982E-15));
#2387=DIRECTION('',(1.,0.,-1.80547938417982E-15));
#2388=DIRECTION('center_axis',(0.333009224258328,0.00858712072294796,0.942884466897486));
#2389=DIRECTION('ref_axis',(-0.942919232330387,-6.93889390390723E-16,0.333021502761419));
#2390=DIRECTION('',(0.334579478510479,0.,0.94236753581586));
#2391=DIRECTION('center_axis',(-0.333003714176464,-0.0103357920078617,-0.942868865616131));
#2392=DIRECTION('ref_axis',(-0.930546638662797,-0.157893350729109,0.330382570770471));
#2393=DIRECTION('center_axis',(0.332319630754049,-0.0648901639702129,0.940931947398648));
#2394=DIRECTION('ref_axis',(-0.942919232330386,5.41233724504764E-14,0.333021502761421));
#2395=DIRECTION('center_axis',(0.,-1.,0.));
#2396=DIRECTION('ref_axis',(0.942367535815857,0.,-0.334579478510487));
#2397=DIRECTION('center_axis',(-0.326989541951014,-0.0479977566285416,-0.943808272274244));
#2398=DIRECTION('ref_axis',(-0.930668000024777,-0.157085828620675,0.330425659076952));
#2399=DIRECTION('',(0.334579478510479,0.,0.94236753581586));
#2400=DIRECTION('center_axis',(0.,-1.,0.));
#2401=DIRECTION('ref_axis',(0.942367535815857,0.,-0.334579478510487));
#2402=DIRECTION('center_axis',(0.,1.,0.));
#2403=DIRECTION('ref_axis',(-0.94236753581586,0.,0.334579478510478));
#2404=DIRECTION('center_axis',(0.,-1.,0.));
#2405=DIRECTION('ref_axis',(-0.999991699419832,0.,0.00407444369659726));
#2406=DIRECTION('center_axis',(0.,-1.,0.));
#2407=DIRECTION('ref_axis',(0.942367535815857,0.,-0.334579478510487));
#2408=DIRECTION('',(0.80352290569909,-0.595227550625738,0.00742313902442191));
#2409=DIRECTION('center_axis',(0.,1.,0.));
#2410=DIRECTION('ref_axis',(0.942367535815857,0.,-0.334579478510487));
#2411=DIRECTION('',(-0.757246212179394,0.595227550625738,0.268853746702636));
#2412=DIRECTION('',(0.725852968910347,-0.595227550625737,0.344734144668208));
#2413=DIRECTION('center_axis',(0.,-1.,0.));
#2414=DIRECTION('ref_axis',(0.942919232330387,0.,-0.33302150276142));
#2415=DIRECTION('',(0.,-1.,0.));
#2416=DIRECTION('center_axis',(0.,1.,0.));
#2417=DIRECTION('ref_axis',(0.942919232330387,0.,-0.33302150276142));
#2418=DIRECTION('',(0.,-1.,0.));
#2419=DIRECTION('center_axis',(0.537668865859511,0.803557193344746,0.255358625680162));
#2420=DIRECTION('ref_axis',(0.725852968910342,-0.595227550625737,0.344734144668219));
#2421=DIRECTION('center_axis',(-0.942919232330387,0.,0.33302150276142));
#2422=DIRECTION('ref_axis',(-0.33302150276142,0.,-0.942919232330387));
#2423=DIRECTION('',(0.,-1.,0.));
#2424=DIRECTION('',(-0.33302150276142,0.,-0.942919232330387));
#2425=DIRECTION('center_axis',(0.333004101884189,-0.0103327237675639,-0.942868762314166));
#2426=DIRECTION('ref_axis',(0.942919099121671,8.00505495224258E-12,0.333021879929196));
#2427=DIRECTION('',(0.334579478510474,0.,-0.942367535815862));
#2428=DIRECTION('center_axis',(-0.333009607370636,0.0085850369852652,0.94288435056417));
#2429=DIRECTION('ref_axis',(0.925384147856411,-0.188995479723287,0.328549672865807));
#2430=DIRECTION('center_axis',(0.326989691611299,-0.0479944521333121,-0.943808388468958));
#2431=DIRECTION('ref_axis',(0.944897285954532,0.,0.327366948539035));
#2432=DIRECTION('',(0.334579478510474,0.,-0.942367535815862));
#2433=DIRECTION('center_axis',(0.,-1.,0.));
#2434=DIRECTION('ref_axis',(-0.903299696551822,0.,0.429010091034449));
#2435=DIRECTION('center_axis',(-0.332320008149698,-0.0648901167439022,0.940931817366353));
#2436=DIRECTION('ref_axis',(0.930204888861938,-0.187375577485584,0.315609343491749));
#2437=DIRECTION('center_axis',(0.,-1.,0.));
#2438=DIRECTION('ref_axis',(-0.903299696551822,0.,0.429010091034449));
#2439=DIRECTION('center_axis',(-6.93904157581084E-16,-1.,4.10079756362417E-19));
#2440=DIRECTION('ref_axis',(0.999974498160357,-6.93889390390724E-16,-0.00714164049381017));
#2441=DIRECTION('center_axis',(-6.93904157581084E-16,-1.,4.10079756362417E-19));
#2442=DIRECTION('ref_axis',(0.999974498160357,-6.93889390390724E-16,-0.00714164049381017));
#2443=DIRECTION('center_axis',(0.,-1.,0.));
#2444=DIRECTION('ref_axis',(-0.902102794856279,0.,0.431521201695224));
#2445=DIRECTION('center_axis',(-0.53766886585951,0.803557193344746,0.255358625680165));
#2446=DIRECTION('ref_axis',(-0.725852968910339,-0.595227550625737,0.344734144668223));
#2447=DIRECTION('',(0.,-1.,0.));
#2448=DIRECTION('center_axis',(0.,1.,0.));
#2449=DIRECTION('ref_axis',(-0.902102794856279,0.,0.431521201695224));
#2450=DIRECTION('',(0.,-1.,0.));
#2451=DIRECTION('',(0.803522905695541,0.595227550625738,-0.00742313940866461));
#2452=DIRECTION('',(0.725852968910343,0.595227550625736,-0.344734144668217));
#2453=DIRECTION('center_axis',(0.,-1.,0.));
#2454=DIRECTION('ref_axis',(-0.903299696551822,0.,0.429010091034449));
#2455=DIRECTION('',(-0.757246212179393,-0.595227550625737,-0.26885374670264));
#2456=DIRECTION('center_axis',(0.,1.,0.));
#2457=DIRECTION('ref_axis',(-0.903299696551822,0.,0.429010091034449));
#2458=DIRECTION('center_axis',(0.,1.,0.));
#2459=DIRECTION('ref_axis',(-0.903299696551833,0.,0.429010091034426));
#2460=DIRECTION('',(-0.725852968910331,0.595227550625737,-0.34473414466824));
#2461=DIRECTION('center_axis',(0.,-1.,0.));
#2462=DIRECTION('ref_axis',(0.902102794856279,0.,-0.431521201695225));
#2463=DIRECTION('',(-0.725852968910352,-0.595227550625737,0.344734144668198));
#2464=DIRECTION('center_axis',(0.,-1.,0.));
#2465=DIRECTION('ref_axis',(-0.903299696551833,0.,0.429010091034426));
#2466=DIRECTION('center_axis',(0.560923120132886,0.803557193344746,-0.199150923483429));
#2467=DIRECTION('ref_axis',(-0.334579478510479,0.,-0.94236753581586));
#2468=DIRECTION('',(-0.757246212179396,0.595227550625738,0.268853746702629));
#2469=DIRECTION('',(-0.334579478510479,0.,-0.94236753581586));
#2470=DIRECTION('center_axis',(0.,1.,0.));
#2471=DIRECTION('ref_axis',(-0.94236753581586,0.,0.334579478510478));
#2472=DIRECTION('center_axis',(0.,-1.,0.));
#2473=DIRECTION('ref_axis',(-0.94236753581586,0.,0.334579478510478));
#2474=DIRECTION('center_axis',(-0.560923120132887,0.803557193344746,-0.199150923483426));
#2475=DIRECTION('ref_axis',(-0.334579478510474,0.,0.942367535815862));
#2476=DIRECTION('',(-0.334579478510474,0.,0.942367535815862));
#2477=DIRECTION('center_axis',(0.537668865859511,0.803557193344746,0.255358625680162));
#2478=DIRECTION('ref_axis',(0.429010091034453,0.,-0.90329969655182));
#2479=DIRECTION('center_axis',(-0.537668865859511,-0.803557193344746,-0.255358625680162));
#2480=DIRECTION('ref_axis',(0.725852968910341,-0.595227550625737,0.344734144668219));
#2481=DIRECTION('',(0.429010091034453,0.,-0.90329969655182));
#2482=DIRECTION('',(0.43152028559303,-0.00206056481521947,-0.902100879721527));
#2483=DIRECTION('center_axis',(-0.53766886585951,0.803557193344746,0.255358625680165));
#2484=DIRECTION('ref_axis',(0.429010091034458,0.,0.903299696551818));
#2485=DIRECTION('',(0.429010091034458,0.,0.903299696551818));
#2486=DIRECTION('center_axis',(0.53766886585951,-0.803557193344746,-0.255358625680165));
#2487=DIRECTION('ref_axis',(0.725852968910339,0.595227550625737,-0.344734144668223));
#2488=DIRECTION('',(0.431520285590416,0.00206056481306773,0.902100879722782));
#2489=DIRECTION('center_axis',(0.,1.,0.));
#2490=DIRECTION('ref_axis',(0.942367535815857,0.,-0.334579478510487));
#2491=DIRECTION('',(0.,1.,0.));
#2492=DIRECTION('center_axis',(0.,-1.,0.));
#2493=DIRECTION('ref_axis',(0.942367535815857,0.,-0.334579478510487));
#2494=DIRECTION('',(0.,1.,0.));
#2495=DIRECTION('center_axis',(-0.90329969655182,0.,-0.429010091034453));
#2496=DIRECTION('ref_axis',(-0.429010091034453,0.,0.90329969655182));
#2497=DIRECTION('',(0.,1.,0.));
#2498=DIRECTION('',(-0.429010091034453,0.,0.90329969655182));
#2499=DIRECTION('center_axis',(0.,1.,0.));
#2500=DIRECTION('ref_axis',(-3.15381938853675E-14,0.,1.));
#2501=DIRECTION('',(0.,1.,0.));
#2502=DIRECTION('center_axis',(0.,1.,0.));
#2503=DIRECTION('ref_axis',(0.903299696551833,0.,-0.429010091034426));
#2504=DIRECTION('center_axis',(0.903299696551818,0.,-0.429010091034458));
#2505=DIRECTION('ref_axis',(-0.429010091034458,0.,-0.903299696551818));
#2506=DIRECTION('',(0.,1.,0.));
#2507=DIRECTION('',(-0.429010091034458,0.,-0.903299696551818));
#2508=DIRECTION('center_axis',(0.,1.,0.));
#2509=DIRECTION('ref_axis',(-0.903299696551822,0.,0.429010091034449));
#2510=DIRECTION('',(0.,1.,0.));
#2511=DIRECTION('center_axis',(0.,-1.,0.));
#2512=DIRECTION('ref_axis',(-0.903299696551822,0.,0.429010091034449));
#2513=DIRECTION('center_axis',(0.,-1.,0.));
#2514=DIRECTION('ref_axis',(0.942919232330386,0.,-0.33302150276142));
#2515=DIRECTION('center_axis',(0.,1.,0.));
#2516=DIRECTION('ref_axis',(0.942919232330386,0.,-0.33302150276142));
#2517=DIRECTION('',(-0.66674458329203,-0.707106781186547,0.235481762883534));
#2518=DIRECTION('center_axis',(0.,-1.,0.));
#2519=DIRECTION('ref_axis',(0.942919232330386,0.,-0.33302150276142));
#2520=DIRECTION('',(-0.666744489099225,0.707106781186548,-0.235482029581481));
#2521=DIRECTION('center_axis',(0.,1.,0.));
#2522=DIRECTION('ref_axis',(0.942919232330386,0.,-0.33302150276142));
#2523=DIRECTION('center_axis',(0.,1.,0.));
#2524=DIRECTION('ref_axis',(0.942919232330386,0.,-0.33302150276142));
#2525=DIRECTION('center_axis',(-0.666744489099225,-0.707106781186548,-0.235482029581481));
#2526=DIRECTION('ref_axis',(-0.333021879929273,0.,0.942919099121644));
#2527=DIRECTION('',(-0.333021879929273,0.,0.942919099121644));
#2528=DIRECTION('',(-0.666744489099224,0.707106781186548,-0.235482029581482));
#2529=DIRECTION('',(0.333021879929273,0.,-0.942919099121644));
#2530=DIRECTION('center_axis',(0.,1.,0.));
#2531=DIRECTION('ref_axis',(-0.902102794856279,0.,0.431521201695224));
#2532=DIRECTION('',(-0.637883003570212,0.707106781186548,0.30513156794446));
#2533=DIRECTION('center_axis',(0.,-1.,0.));
#2534=DIRECTION('ref_axis',(-0.902102794856279,0.,0.431521201695224));
#2535=DIRECTION('center_axis',(-0.637883003570211,-0.707106781186548,0.305131567944461));
#2536=DIRECTION('ref_axis',(0.431521201695224,0.,0.902102794856279));
#2537=DIRECTION('',(-0.637883003570211,0.707106781186548,0.305131567944462));
#2538=DIRECTION('',(-0.431521201695224,0.,-0.902102794856279));
#2539=DIRECTION('',(0.431521201695224,0.,0.902102794856279));
#2540=DIRECTION('center_axis',(0.,-1.,0.));
#2541=DIRECTION('ref_axis',(-0.902102794856279,0.,0.431521201695225));
#2542=DIRECTION('center_axis',(0.,1.,0.));
#2543=DIRECTION('ref_axis',(-0.902102794856279,0.,0.431521201695225));
#2544=DIRECTION('center_axis',(0.,-1.,0.));
#2545=DIRECTION('ref_axis',(-0.902102794856279,0.,0.431521201695225));
#2546=DIRECTION('',(0.637883003569328,0.707106781186548,0.305131567946309));
#2547=DIRECTION('center_axis',(0.,1.,0.));
#2548=DIRECTION('ref_axis',(-0.902102794856279,0.,0.431521201695225));
#2549=DIRECTION('center_axis',(0.637883003569327,-0.707106781186547,0.305131567946311));
#2550=DIRECTION('ref_axis',(0.43152120169784,0.,-0.902102794855028));
#2551=DIRECTION('',(0.637883003569327,0.707106781186547,0.305131567946311));
#2552=DIRECTION('',(-0.43152120169784,0.,0.902102794855028));
#2553=DIRECTION('',(0.43152120169784,0.,-0.902102794855028));
#2554=DIRECTION('center_axis',(0.,1.,0.));
#2555=DIRECTION('ref_axis',(0.942919232330387,0.,-0.33302150276142));
#2556=DIRECTION('',(0.66674458329203,0.707106781186547,-0.235481762883534));
#2557=DIRECTION('center_axis',(0.,-1.,0.));
#2558=DIRECTION('ref_axis',(0.942919232330387,0.,-0.33302150276142));
#2559=DIRECTION('center_axis',(0.666744583292031,-0.707106781186546,-0.235481762883535));
#2560=DIRECTION('ref_axis',(-0.33302150276142,0.,-0.942919232330387));
#2561=DIRECTION('',(0.33302150276142,0.,0.942919232330387));
#2562=DIRECTION('center_axis',(0.,-1.,0.));
#2563=DIRECTION('ref_axis',(1.,0.,0.));
#2564=DIRECTION('',(1.,0.,3.98803883311912E-16));
#2565=DIRECTION('center_axis',(0.,-1.,0.));
#2566=DIRECTION('ref_axis',(1.,0.,0.));
#2567=DIRECTION('center_axis',(0.,-1.,0.));
#2568=DIRECTION('ref_axis',(0.903294529775252,0.,-0.429020969741697));
#2569=DIRECTION('',(0.429020969741697,0.,0.903294529775252));
#2570=DIRECTION('center_axis',(0.,1.,0.));
#2571=DIRECTION('ref_axis',(-0.903294529775252,0.,0.429020969741698));
#2572=DIRECTION('',(-0.329578892652119,0.,0.944128038731084));
#2573=DIRECTION('center_axis',(0.,-1.,0.));
#2574=DIRECTION('ref_axis',(0.347985272674883,0.,-0.93750000000074));
#2575=DIRECTION('center_axis',(0.,-1.,0.));
#2576=DIRECTION('ref_axis',(1.,0.,0.));
#2577=DIRECTION('center_axis',(0.,-1.,0.));
#2578=DIRECTION('ref_axis',(-0.94412803872848,0.,0.329578892659578));
#2579=DIRECTION('',(-0.329578892659578,0.,-0.94412803872848));
#2580=DIRECTION('center_axis',(0.,1.,0.));
#2581=DIRECTION('ref_axis',(0.94412803872848,0.,-0.329578892659578));
#2582=DIRECTION('',(0.429020969736709,0.,-0.903294529777621));
#2583=DIRECTION('center_axis',(0.,-1.,0.));
#2584=DIRECTION('ref_axis',(0.903294529775252,0.,-0.429020969741697));
#2585=DIRECTION('center_axis',(0.902102794856279,0.,-0.431521201695224));
#2586=DIRECTION('ref_axis',(0.431521201695224,0.,0.902102794856279));
#2587=DIRECTION('',(0.,-1.,0.));
#2588=DIRECTION('center_axis',(0.942919099121644,0.,0.333021879929273));
#2589=DIRECTION('ref_axis',(-0.333021879929273,0.,0.942919099121644));
#2590=DIRECTION('',(0.,-1.,0.));
#2591=DIRECTION('center_axis',(0.,-1.,0.));
#2592=DIRECTION('ref_axis',(1.99999978183701E-7,0.,-0.99999999999998));
#2593=DIRECTION('center_axis',(-0.94236753581586,0.,0.334579478510479));
#2594=DIRECTION('ref_axis',(0.334579478510479,0.,0.94236753581586));
#2595=DIRECTION('',(0.334579478510479,0.,0.94236753581586));
#2596=DIRECTION('',(0.,1.,0.));
#2597=DIRECTION('center_axis',(0.,1.,0.));
#2598=DIRECTION('ref_axis',(-0.94236753581586,0.,0.334579478510478));
#2599=DIRECTION('center_axis',(0.,1.,0.));
#2600=DIRECTION('ref_axis',(-0.94236753581586,0.,0.334579478510478));
#2601=DIRECTION('',(0.,1.,0.));
#2602=DIRECTION('center_axis',(-1.80547938417982E-15,0.,-1.));
#2603=DIRECTION('ref_axis',(-1.,0.,1.80547938417982E-15));
#2604=DIRECTION('',(-1.,0.,1.80547938417982E-15));
#2605=DIRECTION('',(0.,1.,0.));
#2606=DIRECTION('center_axis',(0.,1.,0.));
#2607=DIRECTION('ref_axis',(0.390424567499966,0.,-0.92063492063492));
#2608=DIRECTION('center_axis',(0.,1.,0.));
#2609=DIRECTION('ref_axis',(0.390424567499966,0.,-0.92063492063492));
#2610=DIRECTION('',(0.,1.,0.));
#2611=DIRECTION('center_axis',(0.942367535815862,0.,0.334579478510474));
#2612=DIRECTION('ref_axis',(0.334579478510474,0.,-0.942367535815862));
#2613=DIRECTION('',(0.334579478510474,0.,-0.942367535815862));
#2614=DIRECTION('center_axis',(-0.902102794855028,0.,-0.43152120169784));
#2615=DIRECTION('ref_axis',(0.43152120169784,0.,-0.902102794855028));
#2616=DIRECTION('',(0.,-1.,0.));
#2617=DIRECTION('center_axis',(0.,-1.,0.));
#2618=DIRECTION('ref_axis',(-1.44939615864814E-12,0.,1.));
#2619=DIRECTION('center_axis',(0.,-1.,0.));
#2620=DIRECTION('ref_axis',(0.94412803872848,0.,-0.329578892659578));
#2621=DIRECTION('center_axis',(0.,1.,0.));
#2622=DIRECTION('ref_axis',(0.94412803872848,0.,-0.329578892659578));
#2623=DIRECTION('',(0.,-1.,0.));
#2624=DIRECTION('',(0.,-1.,0.));
#2625=DIRECTION('center_axis',(-0.903294529777621,0.,-0.429020969736709));
#2626=DIRECTION('ref_axis',(0.429020969736709,0.,-0.903294529777621));
#2627=DIRECTION('',(0.429020969736709,0.,-0.903294529777621));
#2628=DIRECTION('',(0.,-1.,0.));
#2629=DIRECTION('center_axis',(0.,-1.,0.));
#2630=DIRECTION('ref_axis',(2.76163707286959E-12,0.,1.));
#2631=DIRECTION('center_axis',(0.,-1.,0.));
#2632=DIRECTION('ref_axis',(0.903294529775252,0.,-0.429020969741697));
#2633=DIRECTION('',(0.,-1.,0.));
#2634=DIRECTION('center_axis',(0.903294529775252,0.,-0.429020969741697));
#2635=DIRECTION('ref_axis',(0.429020969741697,0.,0.903294529775252));
#2636=DIRECTION('',(0.429020969741697,0.,0.903294529775252));
#2637=DIRECTION('',(0.,-1.,0.));
#2638=DIRECTION('center_axis',(0.,-1.,0.));
#2639=DIRECTION('ref_axis',(-0.903294529775252,0.,0.429020969741698));
#2640=DIRECTION('center_axis',(0.,1.,0.));
#2641=DIRECTION('ref_axis',(-0.903294529775252,0.,0.429020969741698));
#2642=DIRECTION('',(0.,-1.,0.));
#2643=DIRECTION('center_axis',(0.944128038731084,0.,0.329578892652119));
#2644=DIRECTION('ref_axis',(-0.329578892652119,0.,0.944128038731084));
#2645=DIRECTION('',(-0.329578892652119,0.,0.944128038731084));
#2646=DIRECTION('',(0.,-1.,0.));
#2647=DIRECTION('center_axis',(0.,-1.,0.));
#2648=DIRECTION('ref_axis',(0.347985272674883,0.,-0.93750000000074));
#2649=DIRECTION('center_axis',(0.,-1.,0.));
#2650=DIRECTION('ref_axis',(0.347985272674883,0.,-0.93750000000074));
#2651=DIRECTION('',(0.,-1.,0.));
#2652=DIRECTION('center_axis',(3.98803883311912E-16,0.,-1.));
#2653=DIRECTION('ref_axis',(1.,0.,3.98803883311912E-16));
#2654=DIRECTION('',(1.,0.,3.98803883311912E-16));
#2655=DIRECTION('',(0.,-1.,0.));
#2656=DIRECTION('center_axis',(0.,-1.,0.));
#2657=DIRECTION('ref_axis',(-0.94412803872848,0.,0.329578892659578));
#2658=DIRECTION('center_axis',(0.,-1.,0.));
#2659=DIRECTION('ref_axis',(-0.94412803872848,0.,0.329578892659578));
#2660=DIRECTION('',(0.,-1.,0.));
#2661=DIRECTION('center_axis',(-0.94412803872848,0.,0.329578892659578));
#2662=DIRECTION('ref_axis',(-0.329578892659578,0.,-0.94412803872848));
#2663=DIRECTION('',(-0.329578892659578,0.,-0.94412803872848));
#2664=DIRECTION('center_axis',(1.,0.,1.11148402644707E-16));
#2665=DIRECTION('ref_axis',(-1.11148402644707E-16,0.,1.));
#2666=DIRECTION('',(1.11148402644707E-16,0.,-1.));
#2667=DIRECTION('',(1.11148402644707E-16,0.,-1.));
#2668=DIRECTION('',(0.,1.,0.));
#2669=DIRECTION('center_axis',(0.987210930472888,0.,-0.159419505565831));
#2670=DIRECTION('ref_axis',(0.159419505565831,0.,0.987210930472888));
#2671=DIRECTION('',(-0.159419505565831,0.,-0.987210930472888));
#2672=DIRECTION('',(-0.159419505565831,0.,-0.987210930472888));
#2673=DIRECTION('',(0.,-1.,0.));
#2674=DIRECTION('center_axis',(0.,-1.,0.));
#2675=DIRECTION('ref_axis',(-0.987210930472885,0.,-0.15941950556585));
#2676=DIRECTION('center_axis',(0.,1.,0.));
#2677=DIRECTION('ref_axis',(-0.987210930472885,0.,-0.15941950556585));
#2678=DIRECTION('center_axis',(0.,1.,0.));
#2679=DIRECTION('ref_axis',(-0.987210930472885,0.,-0.15941950556585));
#2680=DIRECTION('',(0.,-1.,0.));
#2681=DIRECTION('center_axis',(-0.987210930472885,0.,-0.159419505565852));
#2682=DIRECTION('ref_axis',(0.159419505565852,0.,-0.987210930472885));
#2683=DIRECTION('',(-0.159419505565852,0.,0.987210930472885));
#2684=DIRECTION('',(-0.159419505565852,0.,0.987210930472885));
#2685=DIRECTION('',(0.,1.,0.));
#2686=DIRECTION('center_axis',(-1.,0.,-1.11148402644707E-16));
#2687=DIRECTION('ref_axis',(1.11148402644707E-16,0.,-1.));
#2688=DIRECTION('',(-1.11148402644707E-16,0.,1.));
#2689=DIRECTION('',(-1.11148402644707E-16,0.,1.));
#2690=DIRECTION('center_axis',(0.,-1.,0.));
#2691=DIRECTION('ref_axis',(1.,0.,0.));
#2692=DIRECTION('center_axis',(0.,-1.,0.));
#2693=DIRECTION('ref_axis',(1.,0.,0.));
#2694=CARTESIAN_POINT('',(0.,0.,0.));
#2695=CARTESIAN_POINT('Origin',(-1.74999999998983,11.6998653769233,66.9));
#2696=CARTESIAN_POINT('',(-1.74999999998983,12.1998653769233,65.9));
#2697=CARTESIAN_POINT('',(-2.74999999998983,12.1998653769233,66.9));
#2698=CARTESIAN_POINT('Origin',(-1.74999999998983,12.1998653769233,66.9));
#2699=CARTESIAN_POINT('',(-2.24999999998983,11.6998653769233,66.9));
#2700=CARTESIAN_POINT('Origin',(-2.74999999998983,11.6998653769233,66.9));
#2701=CARTESIAN_POINT('',(-1.74999999998983,11.6998653769233,66.4));
#2702=CARTESIAN_POINT('Origin',(-1.74999999998983,11.6998653769233,66.9));
#2703=CARTESIAN_POINT('Origin',(-1.74999999998983,11.6998653769233,65.9));
#2704=CARTESIAN_POINT('Origin',(1.75000000001017,11.6998653769233,66.9));
#2705=CARTESIAN_POINT('',(2.25000000001017,11.6998653769233,66.9));
#2706=CARTESIAN_POINT('',(1.75000000001017,11.6998653769233,66.4));
#2707=CARTESIAN_POINT('Origin',(1.75000000001017,11.6998653769233,66.9));
#2708=CARTESIAN_POINT('',(2.75000000001017,12.1998653769233,66.9));
#2709=CARTESIAN_POINT('Origin',(2.75000000001017,11.6998653769233,66.9));
#2710=CARTESIAN_POINT('',(1.75000000001017,12.1998653769233,65.9));
#2711=CARTESIAN_POINT('Origin',(1.75000000001017,12.1998653769233,66.9));
#2712=CARTESIAN_POINT('Origin',(1.75000000001017,11.6998653769233,65.9));
#2713=CARTESIAN_POINT('Ctrl Pts',(-1.74999999998983,8.23898551854783,66.4));
#2714=CARTESIAN_POINT('Ctrl Pts',(-1.86138804087713,8.17105556874977,66.4));
#2715=CARTESIAN_POINT('Ctrl Pts',(-2.04214306425412,8.03438576226632,66.4628682435519));
#2716=CARTESIAN_POINT('Ctrl Pts',(-2.21223740740662,7.87223092086699,66.6679461572958));
#2717=CARTESIAN_POINT('Ctrl Pts',(-2.24999999998983,7.83254762884872,66.8223657716594));
#2718=CARTESIAN_POINT('Ctrl Pts',(-2.24999999998983,7.83254762884872,66.9));
#2719=CARTESIAN_POINT('Ctrl Pts',(-1.71182092260245,8.11377734024924,66.4));
#2720=CARTESIAN_POINT('Ctrl Pts',(-1.81970027848009,8.05256224981673,66.3913023974188));
#2721=CARTESIAN_POINT('Ctrl Pts',(-2.0086836063157,7.92866359439119,66.4374925488939));
#2722=CARTESIAN_POINT('Ctrl Pts',(-2.20481651110399,7.77846814675342,66.6461953847708));
#2723=CARTESIAN_POINT('Ctrl Pts',(-2.24999999998983,7.74132452335846,66.8150964392442));
#2724=CARTESIAN_POINT('Ctrl Pts',(-2.24999999998983,7.74132452335846,66.9));
#2725=CARTESIAN_POINT('Ctrl Pts',(-1.6357994657671,7.86446518360959,66.2915446887636));
#2726=CARTESIAN_POINT('Ctrl Pts',(-1.76156138567489,7.81618326702925,66.2756329795112));
#2727=CARTESIAN_POINT('Ctrl Pts',(-1.99278116330903,7.71766451392092,66.3213652246682));
#2728=CARTESIAN_POINT('Ctrl Pts',(-2.24309837225068,7.590924977354,66.5792970515276));
#2729=CARTESIAN_POINT('Ctrl Pts',(-2.30124431773738,7.55905374745463,66.7924970945392));
#2730=CARTESIAN_POINT('Ctrl Pts',(-2.30124431773738,7.55905374745463,66.9));
#2731=CARTESIAN_POINT('Ctrl Pts',(-1.6041666666565,7.7607255067458,66.0308996938996));
#2732=CARTESIAN_POINT('Ctrl Pts',(-1.78166073428028,7.70678772432676,66.0254318260536));
#2733=CARTESIAN_POINT('Ctrl Pts',(-2.08012286857184,7.5972871772555,66.1244193418847));
#2734=CARTESIAN_POINT('Ctrl Pts',(-2.37364516034637,7.46345337849931,66.4836458506553));
#2735=CARTESIAN_POINT('Ctrl Pts',(-2.43975602738759,7.42996803120464,66.7606743917476));
#2736=CARTESIAN_POINT('Ctrl Pts',(-2.43975602738759,7.42996803120464,66.9));
#2737=CARTESIAN_POINT('Ctrl Pts',(-1.6041666666565,7.7607255067458,65.9));
#2738=CARTESIAN_POINT('Ctrl Pts',(-1.80837807494991,7.69845638609757,65.9));
#2739=CARTESIAN_POINT('Ctrl Pts',(-2.13976228447436,7.57317573015441,66.0257364871039));
#2740=CARTESIAN_POINT('Ctrl Pts',(-2.45160191358729,7.42453379220502,66.4358923145916));
#2741=CARTESIAN_POINT('Ctrl Pts',(-2.52083333332316,7.38815744118827,66.7447315433187));
#2742=CARTESIAN_POINT('Ctrl Pts',(-2.52083333332316,7.38815744118827,66.9));
#2743=CARTESIAN_POINT('',(-2.24999999998983,7.83254762884872,66.9));
#2744=CARTESIAN_POINT('',(-1.74999999998983,8.23898551854783,66.4));
#2745=CARTESIAN_POINT('Ctrl Pts',(-1.74999999998983,8.23898551854783,66.4));
#2746=CARTESIAN_POINT('Ctrl Pts',(-1.86138804087713,8.17105556874977,66.4));
#2747=CARTESIAN_POINT('Ctrl Pts',(-2.04214306425412,8.03438576226632,66.4628682435519));
#2748=CARTESIAN_POINT('Ctrl Pts',(-2.21223740740662,7.87223092086699,66.6679461572958));
#2749=CARTESIAN_POINT('Ctrl Pts',(-2.24999999998983,7.83254762884872,66.8223657716594));
#2750=CARTESIAN_POINT('Ctrl Pts',(-2.24999999998983,7.83254762884872,66.9));
#2751=CARTESIAN_POINT('',(-2.52083333332316,7.38815744118827,66.9));
#2752=CARTESIAN_POINT('Origin',(-2.74999999998983,7.83254762884872,66.9));
#2753=CARTESIAN_POINT('',(-1.60416666665649,7.76072550674579,65.9));
#2754=CARTESIAN_POINT('Ctrl Pts',(-2.52083333332316,7.38815744118827,66.9));
#2755=CARTESIAN_POINT('Ctrl Pts',(-2.52083333332316,7.38815744118827,66.7447315433187));
#2756=CARTESIAN_POINT('Ctrl Pts',(-2.45160191358729,7.42453379220502,66.4358923145916));
#2757=CARTESIAN_POINT('Ctrl Pts',(-2.13976228447436,7.57317573015441,66.0257364871039));
#2758=CARTESIAN_POINT('Ctrl Pts',(-1.80837807494991,7.69845638609757,65.9));
#2759=CARTESIAN_POINT('Ctrl Pts',(-1.6041666666565,7.7607255067458,65.9));
#2760=CARTESIAN_POINT('Origin',(-1.74999999998983,8.23898551854783,65.9));
#2761=CARTESIAN_POINT('Ctrl Pts',(2.25000000001017,7.83254762884872,66.9));
#2762=CARTESIAN_POINT('Ctrl Pts',(2.25000000001017,7.83254762884872,66.7835498564115));
#2763=CARTESIAN_POINT('Ctrl Pts',(2.14960459330052,7.94195377578135,66.5180347439261));
#2764=CARTESIAN_POINT('Ctrl Pts',(1.89851585880213,8.14841318464567,66.4));
#2765=CARTESIAN_POINT('Ctrl Pts',(1.75000000001017,8.23898551854784,66.4));
#2766=CARTESIAN_POINT('Ctrl Pts',(2.25000000001017,7.74132452335846,66.9));
#2767=CARTESIAN_POINT('Ctrl Pts',(2.25000000001017,7.74132452335846,66.7726459700506));
#2768=CARTESIAN_POINT('Ctrl Pts',(2.12719686085571,7.84408469183027,66.4835074908673));
#2769=CARTESIAN_POINT('Ctrl Pts',(1.85565858289998,8.03215805999087,66.3884033159531));
#2770=CARTESIAN_POINT('Ctrl Pts',(1.7118209226228,8.11377734024925,66.4));
#2771=CARTESIAN_POINT('Ctrl Pts',(2.30124431775773,7.55905374745463,66.9));
#2772=CARTESIAN_POINT('Ctrl Pts',(2.30124431775773,7.55905374745463,66.7387473019997));
#2773=CARTESIAN_POINT('Ctrl Pts',(2.14170492516207,7.64835399856577,66.3732879648002));
#2774=CARTESIAN_POINT('Ctrl Pts',(1.80348029929204,7.80008995761648,66.270329294852));
#2775=CARTESIAN_POINT('Ctrl Pts',(1.63579946578745,7.86446518360959,66.2915446887636));
#2776=CARTESIAN_POINT('Ctrl Pts',(2.43975602740794,7.42996803120464,66.9));
#2777=CARTESIAN_POINT('Ctrl Pts',(2.43975602740794,7.42996803120464,66.6910137392571));
#2778=CARTESIAN_POINT('Ctrl Pts',(2.26204408371678,7.52248821587064,66.2150894049467));
#2779=CARTESIAN_POINT('Ctrl Pts',(1.84082298699304,7.68880920394089,66.0236092784974));
#2780=CARTESIAN_POINT('Ctrl Pts',(1.60416666667684,7.76072550674579,66.0308996938996));
#2781=CARTESIAN_POINT('Ctrl Pts',(2.52083333334351,7.38815744118827,66.9));
#2782=CARTESIAN_POINT('Ctrl Pts',(2.52083333334351,7.38815744118827,66.6670997128228));
#2783=CARTESIAN_POINT('Ctrl Pts',(2.33677508770914,7.48844640920984,66.1360694878521));
#2784=CARTESIAN_POINT('Ctrl Pts',(1.87644574112876,7.67770086733548,65.9));
#2785=CARTESIAN_POINT('Ctrl Pts',(1.60416666667684,7.76072550674579,65.9));
#2786=CARTESIAN_POINT('',(1.60416666667684,7.76072550674579,65.9));
#2787=CARTESIAN_POINT('',(2.52083333334351,7.38815744118827,66.9));
#2788=CARTESIAN_POINT('Ctrl Pts',(1.60416666667684,7.76072550674579,65.9));
#2789=CARTESIAN_POINT('Ctrl Pts',(1.87644574112876,7.67770086733548,65.9));
#2790=CARTESIAN_POINT('Ctrl Pts',(2.33677508770914,7.48844640920984,66.1360694878521));
#2791=CARTESIAN_POINT('Ctrl Pts',(2.52083333334351,7.38815744118827,66.6670997128228));
#2792=CARTESIAN_POINT('Ctrl Pts',(2.52083333334351,7.38815744118827,66.9));
#2793=CARTESIAN_POINT('',(2.25000000001017,7.83254762884872,66.9));
#2794=CARTESIAN_POINT('Origin',(2.75000000001017,7.83254762884872,66.9));
#2795=CARTESIAN_POINT('',(1.75000000001017,8.23898551854783,66.4));
#2796=CARTESIAN_POINT('Ctrl Pts',(2.25000000001017,7.83254762884872,66.9));
#2797=CARTESIAN_POINT('Ctrl Pts',(2.25000000001017,7.83254762884872,66.7835498564115));
#2798=CARTESIAN_POINT('Ctrl Pts',(2.14960459330052,7.94195377578135,66.5180347439261));
#2799=CARTESIAN_POINT('Ctrl Pts',(1.89851585880213,8.14841318464567,66.4));
#2800=CARTESIAN_POINT('Ctrl Pts',(1.75000000001017,8.23898551854784,66.4));
#2801=CARTESIAN_POINT('Origin',(1.75000000001017,8.23898551854783,65.9));
#2802=CARTESIAN_POINT('Origin',(-2.74999999998983,7.83254762884872,67.));
#2803=CARTESIAN_POINT('',(-2.52083333332316,7.38815744118827,67.));
#2804=CARTESIAN_POINT('',(-2.74999999998983,7.83254762884872,67.5));
#2805=CARTESIAN_POINT('Origin',(-2.74999999998983,7.83254762884872,67.));
#2806=CARTESIAN_POINT('',(-2.24999999998983,7.83254762884872,67.));
#2807=CARTESIAN_POINT('Origin',(-2.74999999998983,7.83254762884872,67.));
#2808=CARTESIAN_POINT('Origin',(-2.74999999998983,7.83254762884872,67.));
#2809=CARTESIAN_POINT('Origin',(-2.74999999998983,7.83254762884872,68.));
#2810=CARTESIAN_POINT('',(-2.52083333332316,7.38815744118827,68.));
#2811=CARTESIAN_POINT('',(-2.24999999998983,7.83254762884872,68.));
#2812=CARTESIAN_POINT('Origin',(-2.74999999998983,9.85922286440893,67.));
#2813=CARTESIAN_POINT('',(-2.74999999998983,12.1998653769233,67.5));
#2814=CARTESIAN_POINT('',(-2.74999999998983,9.85922286440893,67.5));
#2815=CARTESIAN_POINT('',(-2.24999999998983,11.6998653769233,67.));
#2816=CARTESIAN_POINT('',(-2.24999999998983,9.85922286440893,67.));
#2817=CARTESIAN_POINT('Origin',(-2.74999999998983,11.6998653769233,67.));
#2818=CARTESIAN_POINT('Origin',(2.75000000001017,7.83254762884872,67.));
#2819=CARTESIAN_POINT('',(2.5208333333435,7.38815744118827,67.));
#2820=CARTESIAN_POINT('',(2.25000000001017,7.83254762884872,67.));
#2821=CARTESIAN_POINT('Origin',(2.75000000001017,7.83254762884872,67.));
#2822=CARTESIAN_POINT('',(2.75000000001017,7.83254762884872,67.5));
#2823=CARTESIAN_POINT('Origin',(2.75000000001017,7.83254762884872,67.));
#2824=CARTESIAN_POINT('Origin',(2.75000000001017,7.83254762884872,67.));
#2825=CARTESIAN_POINT('Origin',(1.01740837976649E-11,2.49986537692333,67.));
#2826=CARTESIAN_POINT('Origin',(1.01740837976649E-11,2.49986537692333,67.5));
#2827=CARTESIAN_POINT('',(5.50000000001017,2.49986537692333,67.));
#2828=CARTESIAN_POINT('Origin',(1.01740837976649E-11,2.49986537692333,67.));
#2829=CARTESIAN_POINT('Origin',(1.01740837976649E-11,2.49986537692333,67.));
#2830=CARTESIAN_POINT('Origin',(2.75000000001018,12.1998653769233,67.));
#2831=CARTESIAN_POINT('',(2.25000000001017,11.6998653769233,67.));
#2832=CARTESIAN_POINT('',(2.25000000001017,12.1998653769233,67.));
#2833=CARTESIAN_POINT('',(2.75000000001017,12.1998653769233,67.5));
#2834=CARTESIAN_POINT('',(2.75000000001018,12.1998653769233,67.5));
#2835=CARTESIAN_POINT('Origin',(2.75000000001017,11.6998653769233,67.));
#2836=CARTESIAN_POINT('Origin',(2.75000000001017,7.83254762884872,68.));
#2837=CARTESIAN_POINT('',(2.52083333334351,7.38815744118827,68.));
#2838=CARTESIAN_POINT('',(2.25000000001017,7.83254762884872,68.));
#2839=CARTESIAN_POINT('Origin',(2.75000000001017,11.6998653769233,52.5707106781186));
#2840=CARTESIAN_POINT('',(2.75000000001017,12.1998653769233,52.5707106781186));
#2841=CARTESIAN_POINT('',(2.25000000001017,11.6998653769233,52.5707106781186));
#2842=CARTESIAN_POINT('Origin',(1.75000000001017,11.0295441206661,66.9));
#2843=CARTESIAN_POINT('',(2.25000000001017,11.0295441206661,66.9));
#2844=CARTESIAN_POINT('',(1.75000000001017,11.0295441206661,66.4));
#2845=CARTESIAN_POINT('Origin',(1.01740837976649E-11,2.49986537692333,65.9));
#2846=CARTESIAN_POINT('Origin',(1.01740837976649E-11,2.49986537692333,65.9));
#2847=CARTESIAN_POINT('Origin',(1.01740837976649E-11,2.49986537692333,66.4));
#2848=CARTESIAN_POINT('Origin',(-2.74999999998983,11.6998653769233,52.5707106781186));
#2849=CARTESIAN_POINT('',(-2.24999999998983,11.6998653769233,52.5707106781186));
#2850=CARTESIAN_POINT('',(-2.74999999998983,12.1998653769233,52.5707106781186));
#2851=CARTESIAN_POINT('Origin',(-1.74999999998983,8.68890160815172,66.9));
#2852=CARTESIAN_POINT('',(-2.24999999998983,8.68890160815172,66.9));
#2853=CARTESIAN_POINT('',(-1.74999999998983,8.68890160815172,66.4));
#2854=CARTESIAN_POINT('Origin',(1.01747776870553E-11,11.6998653769233,65.9));
#2855=CARTESIAN_POINT('',(1.01747776870553E-11,12.1998653769233,65.9));
#2856=CARTESIAN_POINT('',(1.01747776870553E-11,11.6998653769233,66.4));
#2857=CARTESIAN_POINT('Origin',(16.7171566280376,12.1998653769233,67.5));
#2858=CARTESIAN_POINT('',(-17.2171566280172,12.1998653769233,67.5));
#2859=CARTESIAN_POINT('',(8.35857831402387,12.1998653769233,67.5));
#2860=CARTESIAN_POINT('',(-17.2171566280172,-7.20013462307667,67.5));
#2861=CARTESIAN_POINT('',(-17.2171566280172,12.1998653769233,67.5));
#2862=CARTESIAN_POINT('',(17.2171566280376,-7.20013462307667,67.5));
#2863=CARTESIAN_POINT('',(8.35857831402387,-7.20013462307667,67.5));
#2864=CARTESIAN_POINT('',(17.2171566280376,12.1998653769233,67.5));
#2865=CARTESIAN_POINT('',(17.2171566280376,12.1998653769233,67.5));
#2866=CARTESIAN_POINT('',(8.35857831402387,12.1998653769233,67.5));
#2867=CARTESIAN_POINT('Origin',(1.01740837976649E-11,2.49986537692333,68.));
#2868=CARTESIAN_POINT('',(5.50000000001017,2.49986537692333,65.5));
#2869=CARTESIAN_POINT('',(5.50000000001017,2.49986537692333,68.));
#2870=CARTESIAN_POINT('Origin',(1.01740837976649E-11,2.49986537692333,65.5));
#2871=CARTESIAN_POINT('Origin',(-2.24999999998983,7.51858035189452,68.));
#2872=CARTESIAN_POINT('Origin',(2.25000000001017,12.1998653769233,68.));
#2873=CARTESIAN_POINT('Origin',(1.01732511303965E-11,9.85922286440893,66.4));
#2874=CARTESIAN_POINT('Origin',(1.17500000001017,-0.750134623076666,64.5));
#2875=CARTESIAN_POINT('',(-2.34999999998983,-0.250134623076667,64.5));
#2876=CARTESIAN_POINT('',(-2.34999999998983,-0.750134623076666,65.));
#2877=CARTESIAN_POINT('Origin',(-2.34999999998983,-0.750134623076666,64.5));
#2878=CARTESIAN_POINT('',(2.35000000001018,-0.750134623076666,65.));
#2879=CARTESIAN_POINT('',(1.17500000001017,-0.750134623076666,65.));
#2880=CARTESIAN_POINT('',(2.35000000001018,-0.250134623076667,64.5));
#2881=CARTESIAN_POINT('Origin',(2.35000000001018,-0.750134623076666,64.5));
#2882=CARTESIAN_POINT('',(1.17500000001017,-0.250134623076667,64.5));
#2883=CARTESIAN_POINT('Origin',(2.35000000001018,0.149865376923333,64.5));
#2884=CARTESIAN_POINT('',(3.25000000001017,0.149865376923333,65.));
#2885=CARTESIAN_POINT('',(2.75000000001017,0.149865376923333,64.5));
#2886=CARTESIAN_POINT('Origin',(3.25000000001017,0.149865376923333,64.5));
#2887=CARTESIAN_POINT('Origin',(2.35000000001018,0.149865376923333,64.5));
#2888=CARTESIAN_POINT('Origin',(2.35000000001018,0.149865376923333,65.));
#2889=CARTESIAN_POINT('Origin',(3.25000000001017,3.67486537692333,64.5));
#2890=CARTESIAN_POINT('',(3.25000000001017,4.84986537692333,65.));
#2891=CARTESIAN_POINT('',(2.75000000001017,4.84986537692333,64.5));
#2892=CARTESIAN_POINT('Origin',(3.25000000001017,4.84986537692333,64.5));
#2893=CARTESIAN_POINT('',(2.75000000001017,3.67486537692333,64.5));
#2894=CARTESIAN_POINT('',(3.25000000001017,3.67486537692333,65.));
#2895=CARTESIAN_POINT('Origin',(2.35000000001017,4.84986537692333,64.5));
#2896=CARTESIAN_POINT('',(2.35000000001017,5.74986537692333,65.));
#2897=CARTESIAN_POINT('',(2.35000000001017,5.24986537692333,64.5));
#2898=CARTESIAN_POINT('Origin',(2.35000000001017,5.74986537692333,64.5));
#2899=CARTESIAN_POINT('Origin',(2.35000000001017,4.84986537692333,64.5));
#2900=CARTESIAN_POINT('Origin',(2.35000000001017,4.84986537692333,65.));
#2901=CARTESIAN_POINT('Origin',(-1.17499999998983,5.74986537692333,64.5));
#2902=CARTESIAN_POINT('',(-2.34999999998983,5.74986537692333,65.));
#2903=CARTESIAN_POINT('',(-2.34999999998983,5.24986537692333,64.5));
#2904=CARTESIAN_POINT('Origin',(-2.34999999998983,5.74986537692333,64.5));
#2905=CARTESIAN_POINT('',(-1.17499999998983,5.24986537692333,64.5));
#2906=CARTESIAN_POINT('',(-1.17499999998983,5.74986537692333,65.));
#2907=CARTESIAN_POINT('Origin',(-2.34999999998983,4.84986537692333,64.5));
#2908=CARTESIAN_POINT('',(-3.24999999998983,4.84986537692333,65.));
#2909=CARTESIAN_POINT('',(-2.74999999998983,4.84986537692333,64.5));
#2910=CARTESIAN_POINT('Origin',(-3.24999999998983,4.84986537692333,64.5));
#2911=CARTESIAN_POINT('Origin',(-2.34999999998983,4.84986537692333,64.5));
#2912=CARTESIAN_POINT('Origin',(-2.34999999998983,4.84986537692333,65.));
#2913=CARTESIAN_POINT('Origin',(-3.24999999998983,1.32486537692333,64.5));
#2914=CARTESIAN_POINT('',(-3.24999999998983,0.149865376923333,65.));
#2915=CARTESIAN_POINT('',(-2.74999999998983,0.149865376923333,64.5));
#2916=CARTESIAN_POINT('Origin',(-3.24999999998983,0.149865376923333,64.5));
#2917=CARTESIAN_POINT('',(-2.74999999998983,1.32486537692333,64.5));
#2918=CARTESIAN_POINT('',(-3.24999999998983,1.32486537692333,65.));
#2919=CARTESIAN_POINT('Origin',(-2.34999999998983,0.149865376923333,64.5));
#2920=CARTESIAN_POINT('Origin',(-2.34999999998983,0.149865376923333,64.5));
#2921=CARTESIAN_POINT('Origin',(-2.34999999998983,0.149865376923333,65.));
#2922=CARTESIAN_POINT('Origin',(-2.34999999998983,4.84986537692333,68.));
#2923=CARTESIAN_POINT('',(-2.74999999998983,4.84986537692333,61.7272539132923));
#2924=CARTESIAN_POINT('',(-2.74999999998983,4.84986537692333,68.));
#2925=CARTESIAN_POINT('',(-2.34999999998983,5.24986537692333,61.8013586287727));
#2926=CARTESIAN_POINT('Ctrl Pts',(-2.34999999998983,5.24986537692333,61.8013586287727));
#2927=CARTESIAN_POINT('Ctrl Pts',(-2.40036288931193,5.24986537692333,61.7927831839132));
#2928=CARTESIAN_POINT('Ctrl Pts',(-2.45407235249776,5.23978128049161,61.7833251819043));
#2929=CARTESIAN_POINT('Ctrl Pts',(-2.55293519159645,5.19869595751369,61.7653567367134));
#2930=CARTESIAN_POINT('Ctrl Pts',(-2.59809059413233,5.1676928500218,61.7568617483237));
#2931=CARTESIAN_POINT('Ctrl Pts',(-2.66883466888245,5.09648145140308,61.7433109542478));
#2932=CARTESIAN_POINT('Ctrl Pts',(-2.69938158133209,5.05174502907111,61.7373129479342));
#2933=CARTESIAN_POINT('Ctrl Pts',(-2.73996737795006,4.95353951116726,61.729275535147));
#2934=CARTESIAN_POINT('Ctrl Pts',(-2.74999999998983,4.90006637302379,61.7272539132923));
#2935=CARTESIAN_POINT('Ctrl Pts',(-2.74999999998983,4.84986537692333,61.7272539132923));
#2936=CARTESIAN_POINT('',(-2.34999999998983,5.24986537692333,68.));
#2937=CARTESIAN_POINT('Origin',(-2.74999999998983,0.149865376923333,68.));
#2938=CARTESIAN_POINT('',(-2.74999999998983,0.149865376923333,61.7272539132923));
#2939=CARTESIAN_POINT('',(-2.74999999998983,0.149865376923333,68.));
#2940=CARTESIAN_POINT('',(-2.74999999998983,11.9998653769233,61.7272539132923));
#2941=CARTESIAN_POINT('Origin',(-2.34999999998983,0.149865376923333,68.));
#2942=CARTESIAN_POINT('',(-2.34999999998983,-0.250134623076668,61.8013586287727));
#2943=CARTESIAN_POINT('',(-2.34999999998983,-0.250134623076667,68.));
#2944=CARTESIAN_POINT('Ctrl Pts',(-2.74999999998983,0.149865376923333,61.7272539132923));
#2945=CARTESIAN_POINT('Ctrl Pts',(-2.74999999998983,0.0996643808228732,
61.7272539132923));
#2946=CARTESIAN_POINT('Ctrl Pts',(-2.73996737795006,0.0461912426794025,
61.729275535147));
#2947=CARTESIAN_POINT('Ctrl Pts',(-2.69938158133209,-0.0520142752244388,
61.7373129479342));
#2948=CARTESIAN_POINT('Ctrl Pts',(-2.66883466888245,-0.0967506975564162,
61.7433109542478));
#2949=CARTESIAN_POINT('Ctrl Pts',(-2.59809059413233,-0.167962096175129,
61.7568617483237));
#2950=CARTESIAN_POINT('Ctrl Pts',(-2.55293519159645,-0.198965203667023,
61.7653567367134));
#2951=CARTESIAN_POINT('Ctrl Pts',(-2.45407235249776,-0.240050526644946,
61.7833251819043));
#2952=CARTESIAN_POINT('Ctrl Pts',(-2.40036288931193,-0.250134623076667,
61.7927831839132));
#2953=CARTESIAN_POINT('Ctrl Pts',(-2.34999999998983,-0.250134623076667,
61.8013586287727));
#2954=CARTESIAN_POINT('Origin',(2.35000000001018,-0.250134623076667,68.));
#2955=CARTESIAN_POINT('',(2.35000000001018,-0.250134623076668,61.8013586287729));
#2956=CARTESIAN_POINT('',(2.35000000001018,-0.250134623076667,68.));
#2957=CARTESIAN_POINT('Origin',(1.07941433569181E-11,-0.250134623076668,
48.));
#2958=CARTESIAN_POINT('Origin',(1.01740837976649E-11,2.49986537692333,65.));
#2959=CARTESIAN_POINT('',(5.00000000001017,2.49986537692333,65.));
#2960=CARTESIAN_POINT('Origin',(1.01740837976649E-11,2.49986537692333,65.));
#2961=CARTESIAN_POINT('Origin',(1.01740837976649E-11,2.49986537692333,65.5));
#2962=CARTESIAN_POINT('Origin',(5.00000000001017,2.49986537692333,65.5));
#2963=CARTESIAN_POINT('Origin',(2.35000000001018,0.149865376923333,68.));
#2964=CARTESIAN_POINT('',(2.75000000001017,0.149865376923333,61.7272539132925));
#2965=CARTESIAN_POINT('',(2.75000000001017,0.149865376923333,68.));
#2966=CARTESIAN_POINT('Ctrl Pts',(2.35000000001018,-0.250134623076667,61.8013586287729));
#2967=CARTESIAN_POINT('Ctrl Pts',(2.40036288933228,-0.250134623076667,61.7927831839134));
#2968=CARTESIAN_POINT('Ctrl Pts',(2.45407235251811,-0.240050526644946,61.7833251819045));
#2969=CARTESIAN_POINT('Ctrl Pts',(2.5529351916168,-0.198965203667023,61.7653567367136));
#2970=CARTESIAN_POINT('Ctrl Pts',(2.59809059415268,-0.167962096175131,61.756861748324));
#2971=CARTESIAN_POINT('Ctrl Pts',(2.6688346689028,-0.0967506975564181,61.743310954248));
#2972=CARTESIAN_POINT('Ctrl Pts',(2.69938158135244,-0.0520142752244412,
61.7373129479344));
#2973=CARTESIAN_POINT('Ctrl Pts',(2.73996737797041,0.0461912426794009,61.7292755351472));
#2974=CARTESIAN_POINT('Ctrl Pts',(2.75000000001017,0.099664380822873,61.7272539132925));
#2975=CARTESIAN_POINT('Ctrl Pts',(2.75000000001017,0.149865376923333,61.7272539132925));
#2976=CARTESIAN_POINT('Origin',(2.75000000001017,4.84986537692333,68.));
#2977=CARTESIAN_POINT('',(2.75000000001017,4.84986537692333,61.7272539132925));
#2978=CARTESIAN_POINT('',(2.75000000001017,4.84986537692333,68.));
#2979=CARTESIAN_POINT('',(2.75000000001017,11.9998653769233,61.7272539132925));
#2980=CARTESIAN_POINT('Origin',(2.35000000001017,4.84986537692333,68.));
#2981=CARTESIAN_POINT('',(2.35000000001017,5.24986537692333,61.8013586287729));
#2982=CARTESIAN_POINT('',(2.35000000001017,5.24986537692333,68.));
#2983=CARTESIAN_POINT('Ctrl Pts',(2.75000000001017,4.84986537692333,61.7272539132925));
#2984=CARTESIAN_POINT('Ctrl Pts',(2.75000000001017,4.90006637302379,61.7272539132925));
#2985=CARTESIAN_POINT('Ctrl Pts',(2.73996737797041,4.95353951116726,61.7292755351472));
#2986=CARTESIAN_POINT('Ctrl Pts',(2.69938158135244,5.05174502907111,61.7373129479344));
#2987=CARTESIAN_POINT('Ctrl Pts',(2.6688346689028,5.09648145140308,61.743310954248));
#2988=CARTESIAN_POINT('Ctrl Pts',(2.59809059415268,5.1676928500218,61.756861748324));
#2989=CARTESIAN_POINT('Ctrl Pts',(2.5529351916168,5.19869595751369,61.7653567367136));
#2990=CARTESIAN_POINT('Ctrl Pts',(2.45407235251811,5.23978128049161,61.7833251819045));
#2991=CARTESIAN_POINT('Ctrl Pts',(2.40036288933228,5.24986537692333,61.7927831839134));
#2992=CARTESIAN_POINT('Ctrl Pts',(2.35000000001017,5.24986537692333,61.8013586287729));
#2993=CARTESIAN_POINT('Origin',(-2.34999999998983,5.24986537692333,68.));
#2994=CARTESIAN_POINT('Origin',(1.07941433569181E-11,5.24986537692333,48.));
#2995=CARTESIAN_POINT('Origin',(-2.59799999998211,-3.55016508455365,0.));
#2996=CARTESIAN_POINT('',(2.59800000001789,-3.55016508455365,9.44315226345452));
#2997=CARTESIAN_POINT('',(-2.59799999998211,-3.55016508455365,9.44315295357457));
#2998=CARTESIAN_POINT('Origin',(1.14448914845244E-6,-3.55016508455365,18.0600195565415));
#2999=CARTESIAN_POINT('',(2.59800000001789,-3.55016508455365,6.06227290527627));
#3000=CARTESIAN_POINT('',(2.59800000001789,-3.55016508455365,0.));
#3001=CARTESIAN_POINT('',(-2.59799999998211,-3.55016508455365,6.06227290527307));
#3002=CARTESIAN_POINT('Origin',(1.05226938273972E-11,-3.55016508455365,
18.));
#3003=CARTESIAN_POINT('',(-2.59799999998211,-3.55016508455365,0.));
#3004=CARTESIAN_POINT('Origin',(1.78859702232973E-11,2.94986537691343,0.));
#3005=CARTESIAN_POINT('Ctrl Pts',(-2.59799999998211,-3.55016508455365,9.44315295357457));
#3006=CARTESIAN_POINT('Ctrl Pts',(-2.64563449367517,-3.53112603306794,9.45751484111827));
#3007=CARTESIAN_POINT('Ctrl Pts',(-2.69300255385523,-3.51158612547968,9.47222736969299));
#3008=CARTESIAN_POINT('Ctrl Pts',(-3.59795411203551,-3.12663270805355,9.76147532545062));
#3009=CARTESIAN_POINT('Ctrl Pts',(-4.35740438040075,-2.59222519264458,10.1533113325757));
#3010=CARTESIAN_POINT('Ctrl Pts',(-5.55797329633045,-1.39165624962656,10.9438917706277));
#3011=CARTESIAN_POINT('Ctrl Pts',(-6.08331145965437,-0.633400382615725,
11.4073025057618));
#3012=CARTESIAN_POINT('Ctrl Pts',(-6.62280215262772,0.636835805543486,11.9604446716165));
#3013=CARTESIAN_POINT('Ctrl Pts',(-6.76275343686449,1.08297525601232,12.1197874472979));
#3014=CARTESIAN_POINT('Ctrl Pts',(-6.95139765130602,2.00214008361484,12.3416927004566));
#3015=CARTESIAN_POINT('Ctrl Pts',(-6.99999999998211,2.47544648054582,12.4031667232603));
#3016=CARTESIAN_POINT('Ctrl Pts',(-6.99999999998211,2.94986537691343,12.4031667232603));
#3017=CARTESIAN_POINT('Ctrl Pts',(-6.99999999998211,3.42428428080073,12.4031667232603));
#3018=CARTESIAN_POINT('Ctrl Pts',(-6.95139764979744,3.89759068445692,12.3416926985217));
#3019=CARTESIAN_POINT('Ctrl Pts',(-6.76275343005766,4.81675552408629,12.1197874394513));
#3020=CARTESIAN_POINT('Ctrl Pts',(-6.62280214202598,5.26289497987131,11.960444659842));
#3021=CARTESIAN_POINT('Ctrl Pts',(-6.08331143463346,6.53313118210238,11.4073024819166));
#3022=CARTESIAN_POINT('Ctrl Pts',(-5.55797325752253,7.29138705598467,10.9438917385947));
#3023=CARTESIAN_POINT('Ctrl Pts',(-4.35740432679364,8.49195598671356,10.1533113035838));
#3024=CARTESIAN_POINT('Ctrl Pts',(-3.59795406456833,9.02636348801121,9.76147530611406));
#3025=CARTESIAN_POINT('Ctrl Pts',(-1.88222065181475,9.75621186930012,9.21307868726716));
#3026=CARTESIAN_POINT('Ctrl Pts',(-0.924060731660484,9.94986537691343,9.0600196740483));
#3027=CARTESIAN_POINT('Ctrl Pts',(0.924060655414539,9.94986537691342,9.06001943903476));
#3028=CARTESIAN_POINT('Ctrl Pts',(1.88222054420974,9.75621189788273,9.21307818577142));
#3029=CARTESIAN_POINT('Ctrl Pts',(3.59795395344591,9.0263635525025,9.76147427445606));
#3030=CARTESIAN_POINT('Ctrl Pts',(4.35740424271642,8.49195605746158,10.1533100058197));
#3031=CARTESIAN_POINT('Ctrl Pts',(5.55797322748562,7.29138709978068,10.9438899395057));
#3032=CARTESIAN_POINT('Ctrl Pts',(6.08331143264913,6.53313119398883,11.4073004007395));
#3033=CARTESIAN_POINT('Ctrl Pts',(6.62280215549476,5.26289494467814,11.9604421928718));
#3034=CARTESIAN_POINT('Ctrl Pts',(6.76275344412978,4.81675547350755,12.119784851314));
#3035=CARTESIAN_POINT('Ctrl Pts',(6.95139765728138,3.89759063035277,12.3416899268927));
#3036=CARTESIAN_POINT('Ctrl Pts',(7.00000000001788,3.42428423909191,12.4031638908384));
#3037=CARTESIAN_POINT('Ctrl Pts',(7.00000000001788,2.47544651473494,12.4031638908384));
#3038=CARTESIAN_POINT('Ctrl Pts',(6.95139765728138,2.00214012347408,12.3416899268927));
#3039=CARTESIAN_POINT('Ctrl Pts',(6.76275344412978,1.0829752803193,12.119784851314));
#3040=CARTESIAN_POINT('Ctrl Pts',(6.62280215549476,0.63683580914871,11.9604421928718));
#3041=CARTESIAN_POINT('Ctrl Pts',(6.08331143264913,-0.633400440161978,11.4073004007395));
#3042=CARTESIAN_POINT('Ctrl Pts',(5.55797322748562,-1.39165634595384,10.9438899395057));
#3043=CARTESIAN_POINT('Ctrl Pts',(4.35740424271641,-2.59222530363473,10.1533100058197));
#3044=CARTESIAN_POINT('Ctrl Pts',(3.59795395344591,-3.12663279867564,9.76147427445606));
#3045=CARTESIAN_POINT('Ctrl Pts',(2.6930024551296,-3.51158616622099,9.4722266212633));
#3046=CARTESIAN_POINT('Ctrl Pts',(2.64563444401885,-3.5311260529294,9.45751412221234));
#3047=CARTESIAN_POINT('Ctrl Pts',(2.59800000001788,-3.55016508455366,9.44315226345452));
#3048=CARTESIAN_POINT('Ctrl Pts',(-2.59799999998212,-3.55016508455365,6.06227290527307));
#3049=CARTESIAN_POINT('Ctrl Pts',(-2.63503084680288,-3.53536420929458,6.07033190505391));
#3050=CARTESIAN_POINT('Ctrl Pts',(-2.67191910394906,-3.52025329794585,6.07854036143195));
#3051=CARTESIAN_POINT('Ctrl Pts',(-3.56835361846306,-3.14407267135049,6.28236069414613));
#3052=CARTESIAN_POINT('Ctrl Pts',(-4.3415090816542,-2.60812047802611,6.56090754915888));
#3053=CARTESIAN_POINT('Ctrl Pts',(-5.5611388978938,-1.38849066178659,7.10138210176307));
#3054=CARTESIAN_POINT('Ctrl Pts',(-6.09485870613342,-0.616264292678863,
7.40324540353577));
#3055=CARTESIAN_POINT('Ctrl Pts',(-6.8144716678086,1.0985058406366,7.85103412092762));
#3056=CARTESIAN_POINT('Ctrl Pts',(-6.99999999998211,2.04377199010866,7.98706176048996));
#3057=CARTESIAN_POINT('Ctrl Pts',(-6.99999999998211,2.94986537691343,7.98706176048996));
#3058=CARTESIAN_POINT('Ctrl Pts',(-6.99999999998211,3.85595876371815,7.98706176048996));
#3059=CARTESIAN_POINT('Ctrl Pts',(-6.81447166780862,4.80122491319017,7.85103412092764));
#3060=CARTESIAN_POINT('Ctrl Pts',(-6.0948587061335,6.51599504650557,7.40324540353582));
#3061=CARTESIAN_POINT('Ctrl Pts',(-5.56113889789393,7.28822141561327,7.10138210176314));
#3062=CARTESIAN_POINT('Ctrl Pts',(-4.34150908165437,8.50785123185283,6.56090754915895));
#3063=CARTESIAN_POINT('Ctrl Pts',(-3.56835361846322,9.04380342517726,6.28236069414617));
#3064=CARTESIAN_POINT('Ctrl Pts',(-1.84895934229564,9.7653316636609,5.89142582075463));
#3065=CARTESIAN_POINT('Ctrl Pts',(-0.901420518887043,9.94986537691343,5.78284271247388));
#3066=CARTESIAN_POINT('Ctrl Pts',(0.901420518923047,9.94986537691342,5.78284271247497));
#3067=CARTESIAN_POINT('Ctrl Pts',(1.84895934233173,9.76533166366082,5.89142582075691));
#3068=CARTESIAN_POINT('Ctrl Pts',(3.56835361849931,9.04380342517707,6.28236069415074));
#3069=CARTESIAN_POINT('Ctrl Pts',(4.34150908169039,8.50785123185263,6.56090754916462));
#3070=CARTESIAN_POINT('Ctrl Pts',(5.56113889792976,7.28822141561317,7.10138210177067));
#3071=CARTESIAN_POINT('Ctrl Pts',(6.09485870616926,6.51599504650558,7.40324540354426));
#3072=CARTESIAN_POINT('Ctrl Pts',(6.81447166784435,4.8012249131903,7.85103412093748));
#3073=CARTESIAN_POINT('Ctrl Pts',(7.00000000001788,3.85595876371828,7.98706176050026));
#3074=CARTESIAN_POINT('Ctrl Pts',(7.00000000001788,2.04377199010857,7.98706176050026));
#3075=CARTESIAN_POINT('Ctrl Pts',(6.81447166784435,1.09850584063655,7.85103412093748));
#3076=CARTESIAN_POINT('Ctrl Pts',(6.09485870616926,-0.616264292678728,7.40324540354426));
#3077=CARTESIAN_POINT('Ctrl Pts',(5.56113889792975,-1.38849066178632,7.10138210177066));
#3078=CARTESIAN_POINT('Ctrl Pts',(4.34150908169039,-2.60812047802578,6.56090754916461));
#3079=CARTESIAN_POINT('Ctrl Pts',(3.56835361849931,-3.14407267135022,6.28236069415073));
#3080=CARTESIAN_POINT('Ctrl Pts',(2.67191910398513,-3.52025329794573,6.07854036143532));
#3081=CARTESIAN_POINT('Ctrl Pts',(2.6350308468388,-3.53536420929452,6.07033190505719));
#3082=CARTESIAN_POINT('Ctrl Pts',(2.59800000001789,-3.55016508455365,6.06227290527628));
#3083=CARTESIAN_POINT('Ctrl Pts',(2.51359376827645,-5.00013462307667,9.49999993170165));
#3084=CARTESIAN_POINT('Ctrl Pts',(2.51358976885958,-5.00013462307667,9.50000000000028));
#3085=CARTESIAN_POINT('Ctrl Pts',(2.39847035586253,-5.00013462307667,9.50000000000028));
#3086=CARTESIAN_POINT('Ctrl Pts',(1.72607670852826,-5.00013462307667,9.50000000000028));
#3087=CARTESIAN_POINT('Ctrl Pts',(0.429864696803686,-5.00013462307667,9.50000000000029));
#3088=CARTESIAN_POINT('Ctrl Pts',(-1.00621404237963,-5.00013462307667,9.50000000000028));
#3089=CARTESIAN_POINT('Ctrl Pts',(-1.95437990708963,-5.00013462307667,9.50000000000029));
#3090=CARTESIAN_POINT('Ctrl Pts',(-2.39654212070226,-5.00013462307667,9.50000000000029));
#3091=CARTESIAN_POINT('Ctrl Pts',(-2.51358747988131,-5.00013462307667,9.50000000000029));
#3092=CARTESIAN_POINT('Ctrl Pts',(-2.51359147929818,-5.00013462307667,9.49999993170166));
#3093=CARTESIAN_POINT('Ctrl Pts',(2.69842732341963,-5.00013462307667,9.50000000000028));
#3094=CARTESIAN_POINT('Ctrl Pts',(2.69842732341963,-4.95392529163949,9.50000000000028));
#3095=CARTESIAN_POINT('Ctrl Pts',(2.57603188097027,-4.86566426981631,9.47298337833674));
#3096=CARTESIAN_POINT('Ctrl Pts',(1.85988271596482,-4.71916082203578,9.33384006644513));
#3097=CARTESIAN_POINT('Ctrl Pts',(0.465732296841591,-4.70787032908284,9.18263098312291));
#3098=CARTESIAN_POINT('Ctrl Pts',(-1.08758358383,-4.702900462988,9.23996180029622));
#3099=CARTESIAN_POINT('Ctrl Pts',(-2.10283549949958,-4.76581310357011,9.38125881529903));
#3100=CARTESIAN_POINT('Ctrl Pts',(-2.5740605315895,-4.86684050940382,9.47267085241292));
#3101=CARTESIAN_POINT('Ctrl Pts',(-2.69842503444137,-4.9543545049541,9.50000000000029));
#3102=CARTESIAN_POINT('Ctrl Pts',(-2.69842503444137,-5.00013462307667,9.50000000000029));
#3103=CARTESIAN_POINT('Ctrl Pts',(2.88322068838275,-5.00013462307667,9.53234636959968));
#3104=CARTESIAN_POINT('Ctrl Pts',(2.88322068838275,-4.90480171374375,9.53234636959968));
#3105=CARTESIAN_POINT('Ctrl Pts',(2.75353448728098,-4.72193430979547,9.48812969266578));
#3106=CARTESIAN_POINT('Ctrl Pts',(1.99331914760848,-4.38825481696758,9.25774251623178));
#3107=CARTESIAN_POINT('Ctrl Pts',(0.501198065610561,-4.28468035842272,8.99322930020377));
#3108=CARTESIAN_POINT('Ctrl Pts',(-1.16835355841257,-4.30932208633307,9.09523134439603));
#3109=CARTESIAN_POINT('Ctrl Pts',(-2.25107228069632,-4.4957699872732,9.3363039793528));
#3110=CARTESIAN_POINT('Ctrl Pts',(-2.75150104495261,-4.72406224887073,9.48756251754465));
#3111=CARTESIAN_POINT('Ctrl Pts',(-2.88321839940449,-4.90568720922127,9.53234636959969));
#3112=CARTESIAN_POINT('Ctrl Pts',(-2.88321839940449,-5.00013462307667,9.53234636959969));
#3113=CARTESIAN_POINT('Ctrl Pts',(3.05706839034508,-5.00013462307667,9.59513090669408));
#3114=CARTESIAN_POINT('Ctrl Pts',(3.05706839034508,-4.85566471820647,9.59513090669408));
#3115=CARTESIAN_POINT('Ctrl Pts',(2.91705829345676,-4.578160572255,9.54375163788335));
#3116=CARTESIAN_POINT('Ctrl Pts',(2.09928223588806,-4.05696268913911,9.27914545043051));
#3117=CARTESIAN_POINT('Ctrl Pts',(0.522808167574354,-3.85831650409086,8.98787962689213));
#3118=CARTESIAN_POINT('Ctrl Pts',(-1.22377408278368,-3.91395323851553,9.09885693482124));
#3119=CARTESIAN_POINT('Ctrl Pts',(-2.37694878310663,-4.2254479131637,9.36931632034618));
#3120=CARTESIAN_POINT('Ctrl Pts',(-2.91471363750042,-4.58124095740413,9.54312006657259));
#3121=CARTESIAN_POINT('Ctrl Pts',(-3.05706610136682,-4.85700662047606,9.59513090669409));
#3122=CARTESIAN_POINT('Ctrl Pts',(-3.05706610136682,-5.00013462307667,9.59513090669409));
#3123=CARTESIAN_POINT('',(2.51358976885958,-5.00013462307667,9.50000000000028));
#3124=CARTESIAN_POINT('',(3.05706839034508,-5.00013462307667,9.59513090669408));
#3125=CARTESIAN_POINT('Origin',(2.51358976885958,-5.00013462307667,11.1000000000003));
#3126=CARTESIAN_POINT('',(-3.05706610136682,-5.00013462307667,9.5951309066941));
#3127=CARTESIAN_POINT('Ctrl Pts',(3.05706839034508,-5.00013462307667,9.59513090669408));
#3128=CARTESIAN_POINT('Ctrl Pts',(3.05706839034508,-4.85566471820647,9.59513090669408));
#3129=CARTESIAN_POINT('Ctrl Pts',(2.91705829345676,-4.578160572255,9.54375163788335));
#3130=CARTESIAN_POINT('Ctrl Pts',(2.09928223588806,-4.05696268913911,9.27914545043051));
#3131=CARTESIAN_POINT('Ctrl Pts',(0.522808167574354,-3.85831650409086,8.98787962689213));
#3132=CARTESIAN_POINT('Ctrl Pts',(-1.22377408278368,-3.91395323851553,9.09885693482124));
#3133=CARTESIAN_POINT('Ctrl Pts',(-2.37694878310663,-4.2254479131637,9.36931632034618));
#3134=CARTESIAN_POINT('Ctrl Pts',(-2.91471363750042,-4.58124095740413,9.54312006657259));
#3135=CARTESIAN_POINT('Ctrl Pts',(-3.05706610136682,-4.85700662047606,9.59513090669409));
#3136=CARTESIAN_POINT('Ctrl Pts',(-3.05706610136682,-5.00013462307667,9.59513090669409));
#3137=CARTESIAN_POINT('',(-2.51358747988131,-5.00013462307667,9.50000000000029));
#3138=CARTESIAN_POINT('Origin',(-2.51358747988131,-5.00013462307667,11.1000000000003));
#3139=CARTESIAN_POINT('',(1.22983738763602,-5.00013462307667,9.50000000000028));
#3140=CARTESIAN_POINT('Ctrl Pts',(2.51088842542678,-5.00013462307667,9.49999931362874));
#3141=CARTESIAN_POINT('Ctrl Pts',(2.51268144526137,-5.00013462307667,9.50000000000028));
#3142=CARTESIAN_POINT('Ctrl Pts',(2.51358976885958,-5.00013462307667,9.50000000000028));
#3143=CARTESIAN_POINT('Ctrl Pts',(2.51358584826707,-5.00013421804341,9.49999931816275));
#3144=CARTESIAN_POINT('Ctrl Pts',(2.69555947717013,-5.0179806067761,9.49937715956153));
#3145=CARTESIAN_POINT('Ctrl Pts',(2.69746153571085,-5.01207198084776,9.49979067880265));
#3146=CARTESIAN_POINT('Ctrl Pts',(2.69842732341963,-5.00610529597352,9.50000000000028));
#3147=CARTESIAN_POINT('Ctrl Pts',(2.69842732341963,-5.00013462307667,9.50000000000028));
#3148=CARTESIAN_POINT('Ctrl Pts',(2.88018177750814,-5.03695902222736,9.53132563689343));
#3149=CARTESIAN_POINT('Ctrl Pts',(2.88219728744313,-5.02476032968563,9.53200293955451));
#3150=CARTESIAN_POINT('Ctrl Pts',(2.88322068838275,-5.01245251645944,9.53234636959968));
#3151=CARTESIAN_POINT('Ctrl Pts',(2.88322068838275,-5.00013462307667,9.53234636959968));
#3152=CARTESIAN_POINT('Ctrl Pts',(3.05378776536546,-5.0559420440383,9.59394683808712));
#3153=CARTESIAN_POINT('Ctrl Pts',(3.05596367245537,-5.03745148928138,9.59473170684272));
#3154=CARTESIAN_POINT('Ctrl Pts',(3.05706839034508,-5.01880147062871,9.59513090669408));
#3155=CARTESIAN_POINT('Ctrl Pts',(3.05706839034508,-5.00013462307667,9.59513090669408));
#3156=CARTESIAN_POINT('',(3.05522855296149,-5.04193596744597,9.59446668135844));
#3157=CARTESIAN_POINT('',(2.94789679673408,-5.0445083089085,9.55990447587325));
#3158=CARTESIAN_POINT('Ctrl Pts',(3.0552285529615,-5.04193596744597,9.59446668135844));
#3159=CARTESIAN_POINT('Ctrl Pts',(3.01843766196522,-5.0420019759146,9.58118880805102));
#3160=CARTESIAN_POINT('Ctrl Pts',(2.98265630853298,-5.04292820122825,9.56978551689815));
#3161=CARTESIAN_POINT('Ctrl Pts',(2.94789679673408,-5.04450830890849,9.55990447587325));
#3162=CARTESIAN_POINT('Ctrl Pts',(3.05522806703071,-5.04193591831879,9.5944664813826));
#3163=CARTESIAN_POINT('Ctrl Pts',(3.05645027160769,-5.02805136785084,9.59490754386961));
#3164=CARTESIAN_POINT('Ctrl Pts',(3.05706839034508,-5.01409770356984,9.59513090669408));
#3165=CARTESIAN_POINT('Ctrl Pts',(3.05706839034508,-5.00013462307667,9.59513090669408));
#3166=CARTESIAN_POINT('Ctrl Pts',(2.94789192747679,-5.04450870080011,9.55992910951765));
#3167=CARTESIAN_POINT('Ctrl Pts',(2.89570862202369,-5.03359512428985,9.54521300478685));
#3168=CARTESIAN_POINT('Ctrl Pts',(2.84240399409838,-5.0246164714207,9.53310883064798));
#3169=CARTESIAN_POINT('Ctrl Pts',(2.78827915466527,-5.01765902469385,9.52371637203767));
#3170=CARTESIAN_POINT('Ctrl Pts',(2.72789532766556,-5.00989701996712,9.51323777105211));
#3171=CARTESIAN_POINT('Ctrl Pts',(2.66670205129536,-5.00467851583264,9.50617098712739));
#3172=CARTESIAN_POINT('Ctrl Pts',(2.60516428540815,-5.00207314450784,9.50263472018113));
#3173=CARTESIAN_POINT('Ctrl Pts',(2.57508776716644,-5.00079977201784,9.50090637343693));
#3174=CARTESIAN_POINT('Ctrl Pts',(2.54492863725513,-5.00015080328389,9.50002198050753));
#3175=CARTESIAN_POINT('Ctrl Pts',(2.51473944027334,-5.00013453186838,9.49999974790076));
#3176=CARTESIAN_POINT('Ctrl Pts',(2.51435491003552,-5.00013432461373,9.49999946471636));
#3177=CARTESIAN_POINT('Ctrl Pts',(2.51397036852592,-5.00013421888598,9.49999931958115));
#3178=CARTESIAN_POINT('Ctrl Pts',(2.51358584826707,-5.00013421804341,9.49999931816275));
#3179=CARTESIAN_POINT('Ctrl Pts',(-2.513583559289,-5.00013421804139,9.49999931816284));
#3180=CARTESIAN_POINT('Ctrl Pts',(-2.51358747988131,-5.00013462307667,9.50000000000029));
#3181=CARTESIAN_POINT('Ctrl Pts',(-2.51268911513941,-5.00013462307667,9.50000000000029));
#3182=CARTESIAN_POINT('Ctrl Pts',(-2.51088610959921,-5.00013462307667,9.49999931362878));
#3183=CARTESIAN_POINT('Ctrl Pts',(-2.69842503444137,-5.00013462307667,9.50000000000029));
#3184=CARTESIAN_POINT('Ctrl Pts',(-2.69842503444137,-5.00607628650409,9.50000000000029));
#3185=CARTESIAN_POINT('Ctrl Pts',(-2.69746983448434,-5.0120391203711,9.49979298065028));
#3186=CARTESIAN_POINT('Ctrl Pts',(-2.69555715964565,-5.01798069545586,9.49937715336577));
#3187=CARTESIAN_POINT('Ctrl Pts',(-2.88321839940449,-5.00013462307667,9.53234636959969));
#3188=CARTESIAN_POINT('Ctrl Pts',(-2.88321839940449,-5.01239266800388,9.53234636959969));
#3189=CARTESIAN_POINT('Ctrl Pts',(-2.88220621774045,-5.02469248727432,9.5320067097423));
#3190=CARTESIAN_POINT('Ctrl Pts',(-2.88017945828054,-5.036959205302,9.53132562673898));
#3191=CARTESIAN_POINT('Ctrl Pts',(-3.05706610136682,-5.00013462307667,9.59513090669409));
#3192=CARTESIAN_POINT('Ctrl Pts',(-3.05706610136682,-5.01871077476364,9.59513090669409));
#3193=CARTESIAN_POINT('Ctrl Pts',(-3.05597349559963,-5.03734865494512,9.59473607578194));
#3194=CARTESIAN_POINT('Ctrl Pts',(-3.05378544373265,-5.05594232153139,9.59394682630835));
#3195=CARTESIAN_POINT('',(-2.94789669209262,-5.04450876580368,9.55990509268175));
#3196=CARTESIAN_POINT('Ctrl Pts',(-2.513583559289,-5.00013421804139,9.49999931816284));
#3197=CARTESIAN_POINT('Ctrl Pts',(-2.51396984321112,-5.00013421888784,9.49999931958775));
#3198=CARTESIAN_POINT('Ctrl Pts',(-2.51435614859598,-5.00013432558442,9.49999946605187));
#3199=CARTESIAN_POINT('Ctrl Pts',(-2.5147424426071,-5.0001345347471,9.49999975183369));
#3200=CARTESIAN_POINT('Ctrl Pts',(-2.57662033401626,-5.00016803913796,9.50004552933962));
#3201=CARTESIAN_POINT('Ctrl Pts',(-2.63837326946869,-5.00286005474993,9.50370991260686));
#3202=CARTESIAN_POINT('Ctrl Pts',(-2.6995434988562,-5.00813811594038,9.51085020805717));
#3203=CARTESIAN_POINT('Ctrl Pts',(-2.72927732501306,-5.01070369327193,9.51432098633859));
#3204=CARTESIAN_POINT('Ctrl Pts',(-2.75887318853263,-5.01388021503741,9.51861386884002));
#3205=CARTESIAN_POINT('Ctrl Pts',(-2.78827680767178,-5.0176597823758,9.52371637138776));
#3206=CARTESIAN_POINT('Ctrl Pts',(-2.84240242698518,-5.02461713758975,9.53310896041353));
#3207=CARTESIAN_POINT('Ctrl Pts',(-2.89570776405061,-5.03359539521161,9.54521332631278));
#3208=CARTESIAN_POINT('Ctrl Pts',(-2.94789182297946,-5.04450915768442,9.55992972556516));
#3209=CARTESIAN_POINT('',(-3.05522621296222,-5.04193654674778,9.59446666294492));
#3210=CARTESIAN_POINT('Ctrl Pts',(-3.05706610136682,-5.00013462307667,9.59513090669409));
#3211=CARTESIAN_POINT('Ctrl Pts',(-3.05706610136682,-5.01404879408994,9.59513090669409));
#3212=CARTESIAN_POINT('Ctrl Pts',(-3.05645309262942,-5.0279975980034,9.59490938598991));
#3213=CARTESIAN_POINT('Ctrl Pts',(-3.05522588151299,-5.04193651295708,9.59446651787075));
#3214=CARTESIAN_POINT('Ctrl Pts',(-2.94789669209262,-5.04450876580368,9.55990509268175));
#3215=CARTESIAN_POINT('Ctrl Pts',(-2.98217730529723,-5.04295046461982,9.56965005059125));
#3216=CARTESIAN_POINT('Ctrl Pts',(-3.01803694955339,-5.04200326291151,9.58104501684592));
#3217=CARTESIAN_POINT('Ctrl Pts',(-3.05522621296222,-5.04193654674778,9.59446666294491));
#3218=CARTESIAN_POINT('Origin',(1.15196741035106E-11,-6.00013462307667,
18.0000000000003));
#3219=CARTESIAN_POINT('',(2.4596747752613,-7.00013462307667,12.2000000000003));
#3220=CARTESIAN_POINT('Ctrl Pts',(2.4596747752613,-7.00013462307667,12.2000000000003));
#3221=CARTESIAN_POINT('Ctrl Pts',(2.63636190528614,-6.35629332406426,11.3308142463335));
#3222=CARTESIAN_POINT('Ctrl Pts',(2.79976210320176,-5.6914502178676,10.433276052968));
#3223=CARTESIAN_POINT('Ctrl Pts',(2.94789679673408,-5.0445083089085,9.55990447587325));
#3224=CARTESIAN_POINT('',(5.9369154756514,-7.00013462307667,20.1078507146163));
#3225=CARTESIAN_POINT('Origin',(1.15196741035106E-11,-7.00013462307667,
18.0000000000003));
#3226=CARTESIAN_POINT('',(8.48130782235422,-5.00013462307667,21.0112153065945));
#3227=CARTESIAN_POINT('',(8.48130782235422,-5.00013462307667,21.0112153065945));
#3228=CARTESIAN_POINT('',(8.99992668672224,-5.00013462307667,18.0363267646788));
#3229=CARTESIAN_POINT('Origin',(1.15196741035106E-11,-5.00013462307667,
18.0000000000003));
#3230=CARTESIAN_POINT('',(8.99992643946377,-5.00016667583254,18.0233496114073));
#3231=CARTESIAN_POINT('Ctrl Pts',(8.99992668672224,-5.00013462307667,18.0363267646788));
#3232=CARTESIAN_POINT('Ctrl Pts',(8.99992670475431,-5.00013462307667,18.0363222972468));
#3233=CARTESIAN_POINT('Ctrl Pts',(8.9999267227674,-5.00013462308806,18.0363178298841));
#3234=CARTESIAN_POINT('Ctrl Pts',(8.99993107872575,-5.00013462860525,18.0352364004268));
#3235=CARTESIAN_POINT('Ctrl Pts',(8.99993432931763,-5.00013529638262,18.034159434351));
#3236=CARTESIAN_POINT('Ctrl Pts',(8.99993866473563,-5.00013796193785,18.0320010415584));
#3237=CARTESIAN_POINT('Ctrl Pts',(8.99993974053167,-5.00013996524182,18.030919608253));
#3238=CARTESIAN_POINT('Ctrl Pts',(8.99993969931892,-5.00014530737667,18.0287567431824));
#3239=CARTESIAN_POINT('Ctrl Pts',(8.99993858231137,-5.00014864619914,18.027675312608));
#3240=CARTESIAN_POINT('Ctrl Pts',(8.99993415548814,-5.00015665938177,18.0255124552158));
#3241=CARTESIAN_POINT('Ctrl Pts',(8.9999308456804,-5.00016133371897,18.0244310316388));
#3242=CARTESIAN_POINT('Ctrl Pts',(8.99992643946377,-5.00016667583254,18.0233496114073));
#3243=CARTESIAN_POINT('Ctrl Pts',(3.0552285529615,-5.04193596744597,9.59446668135844));
#3244=CARTESIAN_POINT('Ctrl Pts',(3.20356140897151,-5.04166983568322,9.64800017337493));
#3245=CARTESIAN_POINT('Ctrl Pts',(3.34934680212595,-5.04138636043708,9.70502583947867));
#3246=CARTESIAN_POINT('Ctrl Pts',(3.49223603170908,-5.04108733550714,9.76518408544958));
#3247=CARTESIAN_POINT('Ctrl Pts',(4.52879061452007,-5.03891813309477,10.2015872051035));
#3248=CARTESIAN_POINT('Ctrl Pts',(5.54796445151717,-5.03557978281606,10.8734035663045));
#3249=CARTESIAN_POINT('Ctrl Pts',(7.23077537650375,-5.02716051308354,12.5697326557619));
#3250=CARTESIAN_POINT('Ctrl Pts',(7.89441255534442,-5.02208015992664,13.5942452967016));
#3251=CARTESIAN_POINT('Ctrl Pts',(8.74589843664564,-5.01183571100945,15.6628295262708));
#3252=CARTESIAN_POINT('Ctrl Pts',(8.99511374977561,-5.00600159885183,16.8421684696589));
#3253=CARTESIAN_POINT('Ctrl Pts',(8.99992643946377,-5.00016667583254,18.0233496114074));
#3254=CARTESIAN_POINT('Origin',(1.22983738763602,-6.00013462307667,10.8500000000003));
#3255=CARTESIAN_POINT('',(-2.45967477523827,-7.00013462307667,12.2000000000003));
#3256=CARTESIAN_POINT('Ctrl Pts',(-2.45967477523825,-7.00013462307667,12.2000000000003));
#3257=CARTESIAN_POINT('Ctrl Pts',(-2.63636186366872,-6.35629347563257,11.3308144509508));
#3258=CARTESIAN_POINT('Ctrl Pts',(-2.79976202624615,-5.69145053089223,10.4332764755513));
#3259=CARTESIAN_POINT('Ctrl Pts',(-2.94789669209262,-5.04450876580368,9.55990509268175));
#3260=CARTESIAN_POINT('',(1.22983738763602,-7.00013462307667,12.2000000000003));
#3261=CARTESIAN_POINT('Ctrl Pts',(-8.46647579620249,-5.00013462307667,21.0529907913801));
#3262=CARTESIAN_POINT('Ctrl Pts',(-7.87502636242193,-5.00013462307667,22.7188513156202));
#3263=CARTESIAN_POINT('Ctrl Pts',(-7.28357036121038,-5.00013462307667,24.3847303375094));
#3264=CARTESIAN_POINT('Ctrl Pts',(-6.69211121996897,-5.00013462307667,26.050618203522));
#3265=CARTESIAN_POINT('Ctrl Pts',(-8.47935447864986,-4.91663178385817,21.0566239382952));
#3266=CARTESIAN_POINT('Ctrl Pts',(-7.88973387159169,-4.91069564350543,22.7231331959486));
#3267=CARTESIAN_POINT('Ctrl Pts',(-7.3001022003272,-4.90542968400857,24.3896593556823));
#3268=CARTESIAN_POINT('Ctrl Pts',(-6.71046889294955,-4.90055483200926,26.0561948896757));
#3269=CARTESIAN_POINT('Ctrl Pts',(-8.4859808587802,-4.83206896783971,21.0580372689985));
#3270=CARTESIAN_POINT('Ctrl Pts',(-7.89728590239356,-4.81996508727992,22.7248745984828));
#3271=CARTESIAN_POINT('Ctrl Pts',(-7.30858157058173,-4.8091769609823,24.3917294298361));
#3272=CARTESIAN_POINT('Ctrl Pts',(-6.71987731498525,-4.7991495426419,26.058594241814));
#3273=CARTESIAN_POINT('Ctrl Pts',(-8.48627194607063,-4.74750526191009,21.0572130825656));
#3274=CARTESIAN_POINT('Ctrl Pts',(-7.89757580384694,-4.72923327086969,22.7240511392634));
#3275=CARTESIAN_POINT('Ctrl Pts',(-7.30887312476468,-4.71292267168147,24.3909077044647));
#3276=CARTESIAN_POINT('Ctrl Pts',(-6.72016732026992,-4.697742047707,26.0577731189792));
#3277=CARTESIAN_POINT('',(-6.72016732026992,-4.697742047707,26.0577731189792));
#3278=CARTESIAN_POINT('',(-6.69211121996897,-5.00013462307667,26.050618203522));
#3279=CARTESIAN_POINT('Origin',(-5.2114965485413,-4.697742047707,25.5249387145609));
#3280=CARTESIAN_POINT('',(-8.46647579620249,-5.00013462307667,21.0529907913801));
#3281=CARTESIAN_POINT('',(-5.71772948961021,-5.00013462307667,28.7950355069085));
#3282=CARTESIAN_POINT('',(-8.48627194607067,-4.74750526189726,21.0572130825655));
#3283=CARTESIAN_POINT('Origin',(-6.97760117434201,-4.74750526191009,20.5243786781473));
#3284=CARTESIAN_POINT('Ctrl Pts',(-8.48627194607063,-4.74750526191009,21.0572130825656));
#3285=CARTESIAN_POINT('Ctrl Pts',(-7.89757580384694,-4.72923327086969,22.7240511392634));
#3286=CARTESIAN_POINT('Ctrl Pts',(-7.30887312476468,-4.71292267168147,24.3909077044647));
#3287=CARTESIAN_POINT('Ctrl Pts',(-6.72016732026992,-4.697742047707,26.0577731189792));
#3288=CARTESIAN_POINT('Ctrl Pts',(-6.69211121996897,-5.00013462307667,26.0506182035221));
#3289=CARTESIAN_POINT('Ctrl Pts',(-6.68428179940018,-5.00013462307667,26.0726703383425));
#3290=CARTESIAN_POINT('Ctrl Pts',(-6.67658516561459,-5.00013462307667,26.0948411313305));
#3291=CARTESIAN_POINT('Ctrl Pts',(-6.66906112266107,-5.00013462307667,26.1170169981855));
#3292=CARTESIAN_POINT('Ctrl Pts',(-6.71046889294955,-4.90055483200926,26.0561948896757));
#3293=CARTESIAN_POINT('Ctrl Pts',(-6.70185723900502,-4.90046950706607,26.0805388520447));
#3294=CARTESIAN_POINT('Ctrl Pts',(-6.69327336940335,-4.90074543366564,26.1049713007398));
#3295=CARTESIAN_POINT('Ctrl Pts',(-6.68475961582696,-4.90139243192306,26.1293710419175));
#3296=CARTESIAN_POINT('Ctrl Pts',(-6.71987731498524,-4.7991495426419,26.058594241814));
#3297=CARTESIAN_POINT('Ctrl Pts',(-6.71045676640265,-4.79897483513625,26.0852676939512));
#3298=CARTESIAN_POINT('Ctrl Pts',(-6.70100931803154,-4.79953995617121,26.1120175813293));
#3299=CARTESIAN_POINT('Ctrl Pts',(-6.69158086925615,-4.80086421617345,26.1387129808843));
#3300=CARTESIAN_POINT('Ctrl Pts',(-6.72016732026992,-4.697742047707,26.0577731189792));
#3301=CARTESIAN_POINT('Ctrl Pts',(-6.70992553786494,-4.69747794865051,26.0867717677839));
#3302=CARTESIAN_POINT('Ctrl Pts',(-6.69965449723515,-4.69833228311832,26.1158532585152));
#3303=CARTESIAN_POINT('Ctrl Pts',(-6.68940383831645,-4.70033387097675,26.1448770403382));
#3304=CARTESIAN_POINT('',(-6.68940383831645,-4.70033387097667,26.1448770403382));
#3305=CARTESIAN_POINT('',(-6.66906112266107,-5.00013462307667,26.1170169981855));
#3306=CARTESIAN_POINT('Origin',(-5.18073306658783,-4.70033387097675,25.6120426359199));
#3307=CARTESIAN_POINT('Origin',(-11.4039488990483,-5.00013462307667,27.7235155960745));
#3308=CARTESIAN_POINT('Ctrl Pts',(-6.72016732026992,-4.697742047707,26.0577731189792));
#3309=CARTESIAN_POINT('Ctrl Pts',(-6.70992553786494,-4.69747794865051,26.0867717677839));
#3310=CARTESIAN_POINT('Ctrl Pts',(-6.69965449723515,-4.69833228311832,26.1158532585152));
#3311=CARTESIAN_POINT('Ctrl Pts',(-6.68940383831645,-4.70033387097675,26.1448770403382));
#3312=CARTESIAN_POINT('Ctrl Pts',(-8.4813078223312,-5.00013462307667,21.0112153065946));
#3313=CARTESIAN_POINT('Ctrl Pts',(-8.47636460055864,-5.00013462307667,21.0251382517242));
#3314=CARTESIAN_POINT('Ctrl Pts',(-8.47141852075877,-5.00013462307667,21.0390692466964));
#3315=CARTESIAN_POINT('Ctrl Pts',(-8.46647579627611,-5.00013462307667,21.0529907911727));
#3316=CARTESIAN_POINT('Ctrl Pts',(-8.49513078237412,-4.91705314703821,21.0117792335289));
#3317=CARTESIAN_POINT('Ctrl Pts',(-8.48990063517013,-4.9168215849309,21.0267348858798));
#3318=CARTESIAN_POINT('Ctrl Pts',(-8.48463962418527,-4.91668157643557,21.0416893881122));
#3319=CARTESIAN_POINT('Ctrl Pts',(-8.4793544786985,-4.91663178385889,21.0566239381575));
#3320=CARTESIAN_POINT('Ctrl Pts',(-8.50275131034413,-4.83292565769635,21.0101410853432));
#3321=CARTESIAN_POINT('Ctrl Pts',(-8.49720687745975,-4.8324548931985,21.0261197179441));
#3322=CARTESIAN_POINT('Ctrl Pts',(-8.49161433672167,-4.83217021207057,21.0420918257244));
#3323=CARTESIAN_POINT('Ctrl Pts',(-8.48598085880409,-4.83206896784122,21.0580372689305));
#3324=CARTESIAN_POINT('Ctrl Pts',(-8.50407473402792,-4.74879729728359,21.0063212132671));
#3325=CARTESIAN_POINT('Ctrl Pts',(-8.49819213872667,-4.74808731868377,21.0233004783367));
#3326=CARTESIAN_POINT('Ctrl Pts',(-8.49225538361297,-4.7476579603592,21.0402715388969));
#3327=CARTESIAN_POINT('Ctrl Pts',(-8.48627194607031,-4.74750526191238,21.0572130825665));
#3328=CARTESIAN_POINT('',(-8.4813078223312,-5.00013462307667,21.0112153065946));
#3329=CARTESIAN_POINT('',(-8.50407473402792,-4.74879729728359,21.0063212132671));
#3330=CARTESIAN_POINT('Origin',(-6.99223902229155,-4.74879729728359,20.4825342520714));
#3331=CARTESIAN_POINT('Ctrl Pts',(-8.50407473402792,-4.74879729728359,21.0063212132671));
#3332=CARTESIAN_POINT('Ctrl Pts',(-8.49819213872667,-4.74808731868377,21.0233004783367));
#3333=CARTESIAN_POINT('Ctrl Pts',(-8.49225538361297,-4.7476579603592,21.0402715388969));
#3334=CARTESIAN_POINT('Ctrl Pts',(-8.48627194607031,-4.74750526191238,21.0572130825665));
#3335=CARTESIAN_POINT('',(-5.71772948961021,-5.00013462307667,28.7950355069085));
#3336=CARTESIAN_POINT('Ctrl Pts',(-6.66906112266107,-5.00013462307667,26.1170169981855));
#3337=CARTESIAN_POINT('Ctrl Pts',(-6.59126111851603,-5.00013462307667,26.346319587751));
#3338=CARTESIAN_POINT('Ctrl Pts',(-6.50927538493013,-5.00013462307667,26.6644091308246));
#3339=CARTESIAN_POINT('Ctrl Pts',(-6.44612396800178,-5.00013462307667,27.0627848442522));
#3340=CARTESIAN_POINT('Ctrl Pts',(-6.41994241126148,-5.00013462307667,27.3043248650453));
#3341=CARTESIAN_POINT('Ctrl Pts',(-6.40787093454739,-5.00013462307667,27.5007643996212));
#3342=CARTESIAN_POINT('Ctrl Pts',(-6.40443423243097,-5.00013462307667,27.6433476969613));
#3343=CARTESIAN_POINT('Ctrl Pts',(-6.40385445260074,-5.00013462307667,27.71595544685));
#3344=CARTESIAN_POINT('Ctrl Pts',(-6.40407640822939,-5.00013462307667,27.7592237961526));
#3345=CARTESIAN_POINT('Ctrl Pts',(-6.40407572339794,-5.00013534264641,27.759227670843));
#3346=CARTESIAN_POINT('Ctrl Pts',(-6.68475961582691,-4.90139243192306,26.1293710419177));
#3347=CARTESIAN_POINT('Ctrl Pts',(-6.60504543058338,-4.90804290194163,26.3571704846465));
#3348=CARTESIAN_POINT('Ctrl Pts',(-6.52016687894921,-4.91819802809746,26.6736185054223));
#3349=CARTESIAN_POINT('Ctrl Pts',(-6.45315528266962,-4.93485319798626,27.0706929374357));
#3350=CARTESIAN_POINT('Ctrl Pts',(-6.42458134974506,-4.94689098878856,27.3116811326884));
#3351=CARTESIAN_POINT('Ctrl Pts',(-6.41053567525089,-4.95956568210506,27.5078559709764));
#3352=CARTESIAN_POINT('Ctrl Pts',(-6.40565758100853,-4.97236104379962,27.6503545343499));
#3353=CARTESIAN_POINT('Ctrl Pts',(-6.40434268426726,-4.98318295506028,27.7229428152812));
#3354=CARTESIAN_POINT('Ctrl Pts',(-6.40412631002297,-4.99119606052673,27.7662110597056));
#3355=CARTESIAN_POINT('Ctrl Pts',(-6.40412631002297,-5.00013462307667,27.7662110597056));
#3356=CARTESIAN_POINT('Ctrl Pts',(-6.69158086925607,-4.80086421617345,26.1387129808846));
#3357=CARTESIAN_POINT('Ctrl Pts',(-6.61102335648323,-4.8145374241048,26.365852360713));
#3358=CARTESIAN_POINT('Ctrl Pts',(-6.52487506181891,-4.83530852738411,26.6815811421093));
#3359=CARTESIAN_POINT('Ctrl Pts',(-6.45618217058725,-4.86907946814233,27.0780864522893));
#3360=CARTESIAN_POINT('Ctrl Pts',(-6.4265691903473,-4.89338868480927,27.3188329736189));
#3361=CARTESIAN_POINT('Ctrl Pts',(-6.41166863164756,-4.91888819041663,27.5148912991391));
#3362=CARTESIAN_POINT('Ctrl Pts',(-6.40616791139411,-4.94455216970687,27.657351784996));
#3363=CARTESIAN_POINT('Ctrl Pts',(-6.40453580568931,-4.96622343510051,27.729930906848));
#3364=CARTESIAN_POINT('Ctrl Pts',(-6.40413043950834,-4.98225673078104,27.7731986501528));
#3365=CARTESIAN_POINT('Ctrl Pts',(-6.40413043950834,-5.00013462307667,27.7731986501528));
#3366=CARTESIAN_POINT('Ctrl Pts',(-6.68940383831632,-4.70033387097675,26.1448770403385));
#3367=CARTESIAN_POINT('Ctrl Pts',(-6.60910556515796,-4.7210306618707,26.3722340892259));
#3368=CARTESIAN_POINT('Ctrl Pts',(-6.52334747445687,-4.75241834020221,26.6882037887966));
#3369=CARTESIAN_POINT('Ctrl Pts',(-6.45518237630856,-4.80330555773855,27.0849094510697));
#3370=CARTESIAN_POINT('Ctrl Pts',(-6.42589674811932,-4.83988634322313,27.3257448175918));
#3371=CARTESIAN_POINT('Ctrl Pts',(-6.41126703454236,-4.87821069776386,27.5218501800354));
#3372=CARTESIAN_POINT('Ctrl Pts',(-6.40596461559026,-4.91674329919703,27.6643300921343));
#3373=CARTESIAN_POINT('Ctrl Pts',(-6.40443375743102,-4.94926391765041,27.7369158546833));
#3374=CARTESIAN_POINT('Ctrl Pts',(-6.40408879633111,-4.97331740103034,27.7801859678065));
#3375=CARTESIAN_POINT('Ctrl Pts',(-6.40408879633111,-5.00013462307667,27.7801859678065));
#3376=CARTESIAN_POINT('',(-6.40407640822939,-5.00013462307667,27.7592237961526));
#3377=CARTESIAN_POINT('Origin',(-11.4039488990483,-5.00013462307667,27.7235155960745));
#3378=CARTESIAN_POINT('',(-6.40408879827236,-5.00026888149108,27.7801856420865));
#3379=CARTESIAN_POINT('Ctrl Pts',(-6.68940383831632,-4.70033387097675,26.1448770403385));
#3380=CARTESIAN_POINT('Ctrl Pts',(-6.60910556515796,-4.7210306618707,26.3722340892259));
#3381=CARTESIAN_POINT('Ctrl Pts',(-6.52334747445687,-4.75241834020221,26.6882037887966));
#3382=CARTESIAN_POINT('Ctrl Pts',(-6.45518237630856,-4.80330555773855,27.0849094510697));
#3383=CARTESIAN_POINT('Ctrl Pts',(-6.42589674811932,-4.83988634322313,27.3257448175918));
#3384=CARTESIAN_POINT('Ctrl Pts',(-6.41126703454236,-4.87821069776386,27.5218501800354));
#3385=CARTESIAN_POINT('Ctrl Pts',(-6.40596461559026,-4.91674329919703,27.6643300921343));
#3386=CARTESIAN_POINT('Ctrl Pts',(-6.40443375743102,-4.94926391765041,27.7369158546833));
#3387=CARTESIAN_POINT('Ctrl Pts',(-6.40408879633111,-4.97331740103034,27.7801859678065));
#3388=CARTESIAN_POINT('Ctrl Pts',(-6.40408879633111,-5.00013462307667,27.7801859678065));
#3389=CARTESIAN_POINT('',(-6.40411693235073,-5.00016819178884,27.7697052535495));
#3390=CARTESIAN_POINT('Ctrl Pts',(-6.40411693235072,-5.00016819178885,27.7697052535495));
#3391=CARTESIAN_POINT('Ctrl Pts',(-6.40411899634869,-5.00019056905027,27.773198839244));
#3392=CARTESIAN_POINT('Ctrl Pts',(-6.40410961800568,-5.00022413322356,27.7766923327451));
#3393=CARTESIAN_POINT('Ctrl Pts',(-6.40408879827235,-5.00026888149108,27.7801856420865));
#3394=CARTESIAN_POINT('Ctrl Pts',(-6.40407640822939,-5.00013462307667,27.7592237961526));
#3395=CARTESIAN_POINT('Ctrl Pts',(-6.40407651293179,-5.00013462307667,27.7592384566134));
#3396=CARTESIAN_POINT('Ctrl Pts',(-6.4040766174325,-5.0001346232737,27.7592531170473));
#3397=CARTESIAN_POINT('Ctrl Pts',(-6.40410147233352,-5.0001347171787,27.7627467552493));
#3398=CARTESIAN_POINT('Ctrl Pts',(-6.40411487566481,-5.00014590596667,27.7662257864478));
#3399=CARTESIAN_POINT('Ctrl Pts',(-6.40411693207104,-5.0001681887574,27.7697047802631));
#3400=CARTESIAN_POINT('Ctrl Pts',(-8.99992595125398,-5.00013495583761,18.0366660615658));
#3401=CARTESIAN_POINT('Ctrl Pts',(-8.99992529476694,-5.00013462307667,18.0366699932696));
#3402=CARTESIAN_POINT('Ctrl Pts',(-8.99973650149484,-5.00013462307667,18.0747070522926));
#3403=CARTESIAN_POINT('Ctrl Pts',(-8.99897089939164,-5.00013462307667,18.1409630196438));
#3404=CARTESIAN_POINT('Ctrl Pts',(-8.99648694180775,-5.00013462307667,18.2673837686128));
#3405=CARTESIAN_POINT('Ctrl Pts',(-8.98695067864364,-5.00013462307667,18.5184664229012));
#3406=CARTESIAN_POINT('Ctrl Pts',(-8.96010892853527,-5.00013462307667,18.8808401817398));
#3407=CARTESIAN_POINT('Ctrl Pts',(-8.85362980761398,-5.00013462307667,19.7478220015878));
#3408=CARTESIAN_POINT('Ctrl Pts',(-8.67553318291829,-5.00013462307667,20.4641653940768));
#3409=CARTESIAN_POINT('Ctrl Pts',(-8.48130782233119,-5.00013462307667,21.0112153065946));
#3410=CARTESIAN_POINT('Ctrl Pts',(-8.99994291977409,-5.00013462307667,18.0323442835133));
#3411=CARTESIAN_POINT('Ctrl Pts',(-8.99994291977409,-4.99512162869831,18.0323442835133));
#3412=CARTESIAN_POINT('Ctrl Pts',(-8.99994151056596,-4.99026428432605,18.0703822847891));
#3413=CARTESIAN_POINT('Ctrl Pts',(-8.99950227516248,-4.98385263053305,18.1366441922863));
#3414=CARTESIAN_POINT('Ctrl Pts',(-8.99764080356764,-4.97631968470728,18.2630863720551));
#3415=CARTESIAN_POINT('Ctrl Pts',(-8.98933922970728,-4.96568005079506,18.5142567756331));
#3416=CARTESIAN_POINT('Ctrl Pts',(-8.96426943518326,-4.95506872305685,18.8768860158072));
#3417=CARTESIAN_POINT('Ctrl Pts',(-8.86197223609655,-4.93521235834807,19.7448879500506));
#3418=CARTESIAN_POINT('Ctrl Pts',(-8.68713325894525,-4.9245266863817,20.4629392615779));
#3419=CARTESIAN_POINT('Ctrl Pts',(-8.49513078237411,-4.91705314703822,21.0117792335289));
#3420=CARTESIAN_POINT('Ctrl Pts',(-8.99994300225987,-5.00013462307667,18.0280185022807));
#3421=CARTESIAN_POINT('Ctrl Pts',(-8.99994300225987,-4.99010846942664,18.0280185022807));
#3422=CARTESIAN_POINT('Ctrl Pts',(-9.0000444348071,-4.98039238368211,18.0660568779036));
#3423=CARTESIAN_POINT('Ctrl Pts',(-8.99978435695699,-4.96756339641287,18.1323217964995));
#3424=CARTESIAN_POINT('Ctrl Pts',(-8.99826469814524,-4.95248273902247,18.2587752693209));
#3425=CARTESIAN_POINT('Ctrl Pts',(-8.99064155993793,-4.93116000294703,18.5099929379049));
#3426=CARTESIAN_POINT('Ctrl Pts',(-8.96654667600417,-4.90984865808361,18.8727612989089));
#3427=CARTESIAN_POINT('Ctrl Pts',(-8.86655376864482,-4.86986077267382,19.7413213762209));
#3428=CARTESIAN_POINT('Ctrl Pts',(-8.69351912552032,-4.84816131699479,20.4603125871649));
#3429=CARTESIAN_POINT('Ctrl Pts',(-8.50275131034412,-4.83292565769636,21.0101410853433));
#3430=CARTESIAN_POINT('Ctrl Pts',(-8.99992554222156,-5.00013462307667,18.0236927918553));
#3431=CARTESIAN_POINT('Ctrl Pts',(-8.99992554222156,-4.98509531015456,18.0236927918553));
#3432=CARTESIAN_POINT('Ctrl Pts',(-9.00004526389875,-4.97052048326589,18.0617316595878));
#3433=CARTESIAN_POINT('Ctrl Pts',(-8.99981702814906,-4.95127416260293,18.1279978537205));
#3434=CARTESIAN_POINT('Ctrl Pts',(-8.99835809741318,-4.92864579366147,18.2544547503025));
#3435=CARTESIAN_POINT('Ctrl Pts',(-8.99085539765536,-4.89663995411152,18.5056836487383));
#3436=CARTESIAN_POINT('Ctrl Pts',(-8.96693320634939,-4.86462857524953,18.8684807882752));
#3437=CARTESIAN_POINT('Ctrl Pts',(-8.86734642132916,-4.8045090218295,19.7371491548529));
#3438=CARTESIAN_POINT('Ctrl Pts',(-8.69462881445016,-4.77179553399364,20.456314273152));
#3439=CARTESIAN_POINT('Ctrl Pts',(-8.50407473402791,-4.7487972972836,21.0063212132671));
#3440=CARTESIAN_POINT('',(-8.99992529476694,-5.00013462307667,18.0366699932696));
#3441=CARTESIAN_POINT('Origin',(1.15196741035106E-11,-5.00013462307667,
18.0000000000003));
#3442=CARTESIAN_POINT('',(-8.99992554224064,-5.00013777126231,18.0236927965838));
#3443=CARTESIAN_POINT('Origin',(-7.39993857569521,-5.00013462307667,18.0301508833551));
#3444=CARTESIAN_POINT('Ctrl Pts',(-8.99992554222156,-5.00013462307667,18.0236927918553));
#3445=CARTESIAN_POINT('Ctrl Pts',(-8.99992554222156,-4.98509531015456,18.0236927918553));
#3446=CARTESIAN_POINT('Ctrl Pts',(-9.00004526389875,-4.97052048326589,18.0617316595878));
#3447=CARTESIAN_POINT('Ctrl Pts',(-8.99981702814906,-4.95127416260293,18.1279978537205));
#3448=CARTESIAN_POINT('Ctrl Pts',(-8.99835809741318,-4.92864579366147,18.2544547503025));
#3449=CARTESIAN_POINT('Ctrl Pts',(-8.99085539765536,-4.89663995411152,18.5056836487383));
#3450=CARTESIAN_POINT('Ctrl Pts',(-8.96693320634939,-4.86462857524953,18.8684807882752));
#3451=CARTESIAN_POINT('Ctrl Pts',(-8.86734642132916,-4.8045090218295,19.7371491548529));
#3452=CARTESIAN_POINT('Ctrl Pts',(-8.69462881445016,-4.77179553399364,20.456314273152));
#3453=CARTESIAN_POINT('Ctrl Pts',(-8.50407473402791,-4.7487972972836,21.0063212132671));
#3454=CARTESIAN_POINT('Origin',(-11.4039488990483,-6.00013462307667,27.7235155960745));
#3455=CARTESIAN_POINT('',(-3.70427745670878,-7.00013462307667,27.7946470238826));
#3456=CARTESIAN_POINT('',(-6.40416224817846,-5.00013462307667,27.7697048349109));
#3457=CARTESIAN_POINT('',(-4.14771887326616,-7.00013462307667,25.1472536115437));
#3458=CARTESIAN_POINT('Origin',(-11.4039488990483,-7.00013462307667,27.7235155960745));
#3459=CARTESIAN_POINT('',(-4.14771887326616,-7.00013462307667,25.1472536115437));
#3460=CARTESIAN_POINT('Ctrl Pts',(-6.88740948076897,-5.00016819178884,29.8685854930237));
#3461=CARTESIAN_POINT('Ctrl Pts',(-6.57697594398699,-5.00016819178884,29.2149539691159));
#3462=CARTESIAN_POINT('Ctrl Pts',(-6.41080147850613,-5.00016819178884,28.4932786545585));
#3463=CARTESIAN_POINT('Ctrl Pts',(-6.40411693235073,-5.00016819178884,27.7697052535495));
#3464=CARTESIAN_POINT('Ctrl Pts',(-6.07445339904571,-5.66682366888478,30.2546880943624));
#3465=CARTESIAN_POINT('Ctrl Pts',(-5.70814326996026,-5.66682366888478,29.483405937225));
#3466=CARTESIAN_POINT('Ctrl Pts',(-5.51205817383305,-5.66682366888478,28.6318324237004));
#3467=CARTESIAN_POINT('Ctrl Pts',(-5.50417044047008,-5.66682366888478,27.7780191769939));
#3468=CARTESIAN_POINT('Ctrl Pts',(-5.26149731732245,-6.33347914598073,30.640790695701));
#3469=CARTESIAN_POINT('Ctrl Pts',(-4.83931059593352,-6.33347914598073,29.7518579053341));
#3470=CARTESIAN_POINT('Ctrl Pts',(-4.61331486915998,-6.33347914598073,28.7703861928422));
#3471=CARTESIAN_POINT('Ctrl Pts',(-4.60422394858943,-6.33347914598073,27.7863331004382));
#3472=CARTESIAN_POINT('Ctrl Pts',(-4.44854123559919,-7.00013462307667,31.0268932970397));
#3473=CARTESIAN_POINT('Ctrl Pts',(-3.97047792190679,-7.00013462307667,30.0203098734432));
#3474=CARTESIAN_POINT('Ctrl Pts',(-3.71457156448691,-7.00013462307667,28.9089399619841));
#3475=CARTESIAN_POINT('Ctrl Pts',(-3.70427745670878,-7.00013462307667,27.7946470238826));
#3476=CARTESIAN_POINT('',(-6.85453468118414,-5.02712680086303,29.8841989387233));
#3477=CARTESIAN_POINT('Ctrl Pts',(-6.85453468118415,-5.02712680086302,29.8841989387233));
#3478=CARTESIAN_POINT('Ctrl Pts',(-6.85052693229075,-5.02701497891301,29.875408567423));
#3479=CARTESIAN_POINT('Ctrl Pts',(-6.84654411374686,-5.02690298915864,29.8666053820047));
#3480=CARTESIAN_POINT('Ctrl Pts',(-6.6952891900487,-5.02261673852724,29.5296903405828));
#3481=CARTESIAN_POINT('Ctrl Pts',(-6.58382176020089,-5.01824587801912,29.1866560792792));
#3482=CARTESIAN_POINT('Ctrl Pts',(-6.43751860886385,-5.00932633279412,28.4878986728991));
#3483=CARTESIAN_POINT('Ctrl Pts',(-6.40197757118123,-5.00480658392988,28.1344250170304));
#3484=CARTESIAN_POINT('Ctrl Pts',(-6.40408879827235,-5.00026888149108,27.7801856420865));
#3485=CARTESIAN_POINT('',(-4.44854123559919,-7.00013462307667,31.0268932970397));
#3486=CARTESIAN_POINT('',(-6.88745041628912,-5.00013462307667,29.8685660512467));
#3487=CARTESIAN_POINT('Ctrl Pts',(-4.44854123559919,-7.00013462307667,31.0268932970397));
#3488=CARTESIAN_POINT('Ctrl Pts',(-3.97047792190679,-7.00013462307667,30.0203098734432));
#3489=CARTESIAN_POINT('Ctrl Pts',(-3.71457156448691,-7.00013462307667,28.9089399619841));
#3490=CARTESIAN_POINT('Ctrl Pts',(-3.70427745670878,-7.00013462307667,27.7946470238826));
#3491=CARTESIAN_POINT('Origin',(-11.4039999999678,11.9998653769233,27.8099845541468));
#3492=CARTESIAN_POINT('',(-6.68940383831591,11.0098653769233,26.1448770403397));
#3493=CARTESIAN_POINT('',(-6.68940383831591,11.9998653769233,26.1448770403397));
#3494=CARTESIAN_POINT('',(-6.89348602569271,11.0098653769233,29.967590562636));
#3495=CARTESIAN_POINT('Origin',(-11.4039999999678,11.0098653769233,27.8099845541468));
#3496=CARTESIAN_POINT('',(-6.8934860256927,-5.02756466048631,29.967590562636));
#3497=CARTESIAN_POINT('',(-6.89348602569271,11.9998653769233,29.967590562636));
#3498=CARTESIAN_POINT('Origin',(-11.4039999999678,-1.32387528687601,27.8099845541468));
#3499=CARTESIAN_POINT('Origin',(-6.68940383831591,11.9998653769233,26.1448770403397));
#3500=CARTESIAN_POINT('',(-8.48627194648434,11.0098653769233,21.0572130813942));
#3501=CARTESIAN_POINT('',(-8.48627194648434,11.9998653769233,21.0572130813942));
#3502=CARTESIAN_POINT('',(-4.84494135414191,11.0098653769233,31.3673000226944));
#3503=CARTESIAN_POINT('Ctrl Pts',(6.69211121999201,-5.00013462307667,26.0506182035221));
#3504=CARTESIAN_POINT('Ctrl Pts',(7.28357011314396,-5.00013462307667,24.3847310362715));
#3505=CARTESIAN_POINT('Ctrl Pts',(7.87502586835096,-5.00013462307667,22.7188527072721));
#3506=CARTESIAN_POINT('Ctrl Pts',(8.46647506210534,-5.00013462307667,21.0529928590832));
#3507=CARTESIAN_POINT('Ctrl Pts',(6.71046884427191,-4.90055477024706,26.0561951001277));
#3508=CARTESIAN_POINT('Ctrl Pts',(7.30010234626673,-4.9054284369481,24.3896604217953));
#3509=CARTESIAN_POINT('Ctrl Pts',(7.88973421436403,-4.91069303260428,22.7231351118989));
#3510=CARTESIAN_POINT('Ctrl Pts',(8.47935502553434,-4.91662739135449,21.0566266877059));
#3511=CARTESIAN_POINT('Ctrl Pts',(6.71987720659431,-4.79914941567048,26.0585946588033));
#3512=CARTESIAN_POINT('Ctrl Pts',(7.30858188207437,-4.80917439626124,24.3917307821873));
#3513=CARTESIAN_POINT('Ctrl Pts',(7.89728663515677,-4.8199597379052,22.7248768800788));
#3514=CARTESIAN_POINT('Ctrl Pts',(8.48598201926557,-4.8320600116027,21.0580404631689));
#3515=CARTESIAN_POINT('Ctrl Pts',(6.72016714201638,-4.69774185551943,26.0577737348236));
#3516=CARTESIAN_POINT('Ctrl Pts',(7.30887336593361,-4.71291878913913,24.3909092560656));
#3517=CARTESIAN_POINT('Ctrl Pts',(7.89757646650999,-4.7292251828112,22.7240536207437));
#3518=CARTESIAN_POINT('Ctrl Pts',(8.48627303617097,-4.74749174169981,21.0572164770742));
#3519=CARTESIAN_POINT('',(8.48627303617101,-4.74749174168699,21.0572164770741));
#3520=CARTESIAN_POINT('',(8.46647506210534,-5.00013462307667,21.0529928590832));
#3521=CARTESIAN_POINT('Origin',(6.97760247757634,-4.7474917416998,20.5243814691874));
#3522=CARTESIAN_POINT('',(6.69211121999194,-5.00013462307667,26.050618203522));
#3523=CARTESIAN_POINT('',(4.8231311884521,-5.00013462307667,31.3147369553725));
#3524=CARTESIAN_POINT('',(6.72016714201638,-4.69774185551943,26.0577737348236));
#3525=CARTESIAN_POINT('Origin',(5.21149658342176,-4.69774185551942,25.5249387269368));
#3526=CARTESIAN_POINT('Ctrl Pts',(6.72016714201638,-4.69774185551943,26.0577737348236));
#3527=CARTESIAN_POINT('Ctrl Pts',(7.30887336593361,-4.71291878913913,24.3909092560656));
#3528=CARTESIAN_POINT('Ctrl Pts',(7.89757646650999,-4.7292251828112,22.7240536207437));
#3529=CARTESIAN_POINT('Ctrl Pts',(8.48627303617097,-4.74749174169981,21.0572164770742));
#3530=CARTESIAN_POINT('Ctrl Pts',(8.46647506217884,-5.00013462307667,21.0529928588762));
#3531=CARTESIAN_POINT('Ctrl Pts',(8.4714173300124,-5.00013462307667,21.0390726005854));
#3532=CARTESIAN_POINT('Ctrl Pts',(8.47636373602739,-5.00013462307667,21.0251406868044));
#3533=CARTESIAN_POINT('Ctrl Pts',(8.48130782235422,-5.00013462307667,21.0112153065945));
#3534=CARTESIAN_POINT('Ctrl Pts',(8.4793550255829,-4.91662739135522,21.0566266875684));
#3535=CARTESIAN_POINT('Ctrl Pts',(8.48463968665558,-4.9166771644295,21.0416935181565));
#3536=CARTESIAN_POINT('Ctrl Pts',(8.48990105455599,-4.91681714223535,21.0267380326023));
#3537=CARTESIAN_POINT('Ctrl Pts',(8.49513211763407,-4.91704872829857,21.011779764441));
#3538=CARTESIAN_POINT('Ctrl Pts',(8.48598201928942,-4.8320600116042,21.058040463101));
#3539=CARTESIAN_POINT('Ctrl Pts',(8.49161498303891,-4.83216121636374,21.0420964942715));
#3540=CARTESIAN_POINT('Ctrl Pts',(8.49720790868802,-4.83244583562063,21.0261233376986));
#3541=CARTESIAN_POINT('Ctrl Pts',(8.50275331313209,-4.83291664968018,21.0101419101123));
#3542=CARTESIAN_POINT('Ctrl Pts',(8.48627303617064,-4.74749174170207,21.0572164770752));
#3543=CARTESIAN_POINT('Ctrl Pts',(8.49225592768672,-4.74764438071121,21.0402765010075));
#3544=CARTESIAN_POINT('Ctrl Pts',(8.49819309217795,-4.74807364598282,21.0233043274612));
#3545=CARTESIAN_POINT('Ctrl Pts',(8.50407671807995,-4.74878369975392,21.0063220933928));
#3546=CARTESIAN_POINT('',(8.50407671807995,-4.7487836997539,21.0063220933928));
#3547=CARTESIAN_POINT('Origin',(6.99224106055269,-4.7487836997539,20.4825349757303));
#3548=CARTESIAN_POINT('',(4.8231311884521,-5.00013462307667,31.3147369553725));
#3549=CARTESIAN_POINT('Ctrl Pts',(8.48627303617064,-4.74749174170207,21.0572164770752));
#3550=CARTESIAN_POINT('Ctrl Pts',(8.49225592768672,-4.74764438071121,21.0402765010075));
#3551=CARTESIAN_POINT('Ctrl Pts',(8.49819309217795,-4.74807364598282,21.0233043274612));
#3552=CARTESIAN_POINT('Ctrl Pts',(8.50407671807995,-4.74878369975392,21.0063220933928));
#3553=CARTESIAN_POINT('Ctrl Pts',(6.66906176800847,-5.00013462307667,26.1170150962002));
#3554=CARTESIAN_POINT('Ctrl Pts',(6.67658955001927,-5.00013462307667,26.0948282383865));
#3555=CARTESIAN_POINT('Ctrl Pts',(6.68428731320868,-5.00013462307667,26.0726548083629));
#3556=CARTESIAN_POINT('Ctrl Pts',(6.69211121999194,-5.00013462307667,26.0506182035221));
#3557=CARTESIAN_POINT('Ctrl Pts',(6.68476027706427,-4.90139237669216,26.1293691524009));
#3558=CARTESIAN_POINT('Ctrl Pts',(6.6932782611959,-4.90074505817679,26.1049573182163));
#3559=CARTESIAN_POINT('Ctrl Pts',(6.7018632482655,-4.90046952608871,26.0805219160377));
#3560=CARTESIAN_POINT('Ctrl Pts',(6.71046884427188,-4.90055477024693,26.0561951001277));
#3561=CARTESIAN_POINT('Ctrl Pts',(6.69158153750129,-4.80086410262256,26.138711096846));
#3562=CARTESIAN_POINT('Ctrl Pts',(6.7010146712,-4.79953918708765,26.1120024665757));
#3563=CARTESIAN_POINT('Ctrl Pts',(6.71046328171486,-4.79897487357083,26.0852493225437));
#3564=CARTESIAN_POINT('Ctrl Pts',(6.71987720659431,-4.79914941567021,26.0585946588033));
#3565=CARTESIAN_POINT('Ctrl Pts',(6.689404504424,-4.70033369909974,26.1448751545002));
#3566=CARTESIAN_POINT('Ctrl Pts',(6.69966025680782,-4.69833112040101,26.1158369879971));
#3567=CARTESIAN_POINT('Ctrl Pts',(6.70993256074999,-4.69747800649859,26.0867519573646));
#3568=CARTESIAN_POINT('Ctrl Pts',(6.72016714201639,-4.69774185551902,26.0577737348236));
#3569=CARTESIAN_POINT('',(6.66906176800848,-5.00013462307667,26.1170150962002));
#3570=CARTESIAN_POINT('Origin',(11.4039488990713,-5.00013462307667,27.7235155960745));
#3571=CARTESIAN_POINT('',(6.689404504424,-4.70033369909973,26.1448751545002));
#3572=CARTESIAN_POINT('Origin',(5.18073394582937,-4.70033369909973,25.6120401466134));
#3573=CARTESIAN_POINT('Ctrl Pts',(6.689404504424,-4.70033369909974,26.1448751545002));
#3574=CARTESIAN_POINT('Ctrl Pts',(6.69966025680782,-4.69833112040101,26.1158369879971));
#3575=CARTESIAN_POINT('Ctrl Pts',(6.70993256074999,-4.69747800649859,26.0867519573646));
#3576=CARTESIAN_POINT('Ctrl Pts',(6.72016714201639,-4.69774185551902,26.0577737348236));
#3577=CARTESIAN_POINT('Ctrl Pts',(8.48130782235416,-5.00013462307667,21.0112153065948));
#3578=CARTESIAN_POINT('Ctrl Pts',(8.57843131310708,-5.00013462307667,20.7376599018876));
#3579=CARTESIAN_POINT('Ctrl Pts',(8.74710115529448,-5.00013462307667,20.1776767646815));
#3580=CARTESIAN_POINT('Ctrl Pts',(8.88908786914554,-5.00013462307667,19.4590865916216));
#3581=CARTESIAN_POINT('Ctrl Pts',(8.96019357771623,-5.00013462307667,18.8808549394242));
#3582=CARTESIAN_POINT('Ctrl Pts',(8.98696209549757,-5.00013462307667,18.5181460474371));
#3583=CARTESIAN_POINT('Ctrl Pts',(8.9964997009749,-5.00013462307667,18.2670925709559));
#3584=CARTESIAN_POINT('Ctrl Pts',(8.99897615719538,-5.00013462307667,18.1406335663352));
#3585=CARTESIAN_POINT('Ctrl Pts',(8.99973962771745,-5.00013462307667,18.0743715865316));
#3586=CARTESIAN_POINT('Ctrl Pts',(8.99992668672224,-5.00013462307667,18.0363267646788));
#3587=CARTESIAN_POINT('Ctrl Pts',(8.99992734313478,-5.00013495581824,18.0363228329609));
#3588=CARTESIAN_POINT('Ctrl Pts',(8.49513211763399,-4.91704872829864,21.0117797644412));
#3589=CARTESIAN_POINT('Ctrl Pts',(8.59114407712501,-4.92078564655627,20.7373291880456));
#3590=CARTESIAN_POINT('Ctrl Pts',(8.75740219317741,-4.92905453448633,20.17576319889));
#3591=CARTESIAN_POINT('Ctrl Pts',(8.89603812115027,-4.94179242296986,19.4558132724866));
#3592=CARTESIAN_POINT('Ctrl Pts',(8.96435604036838,-4.95518173674964,18.8768998169465));
#3593=CARTESIAN_POINT('Ctrl Pts',(8.98935052115418,-4.96566429968161,18.5139364015969));
#3594=CARTESIAN_POINT('Ctrl Pts',(8.99765365864857,-4.97631963963207,18.2627950812118));
#3595=CARTESIAN_POINT('Ctrl Pts',(8.99950743303125,-4.98385112614156,18.1363147177363));
#3596=CARTESIAN_POINT('Ctrl Pts',(8.99994450997938,-4.99026366981934,18.0700468058472));
#3597=CARTESIAN_POINT('Ctrl Pts',(8.99994414676054,-4.99512106670154,18.0320010542534));
#3598=CARTESIAN_POINT('Ctrl Pts',(8.99994414676054,-5.00013462307667,18.0320010542534));
#3599=CARTESIAN_POINT('Ctrl Pts',(8.502753313132,-4.8329166496803,21.0101419101125));
#3600=CARTESIAN_POINT('Ctrl Pts',(8.59814789151145,-4.8405347985004,20.7351969917775));
#3601=CARTESIAN_POINT('Ctrl Pts',(8.76306826202794,-4.8573474301067,20.1727581158313));
#3602=CARTESIAN_POINT('Ctrl Pts',(8.89985276009018,-4.88311275390275,19.452061183139));
#3603=CARTESIAN_POINT('Ctrl Pts',(8.96663427239351,-4.91007447251084,18.8727745650648));
#3604=CARTESIAN_POINT('Ctrl Pts',(8.99065272963114,-4.93112850884349,18.5096725732812));
#3605=CARTESIAN_POINT('Ctrl Pts',(8.99827754036265,-4.95248264111175,18.2584839302063));
#3606=CARTESIAN_POINT('Ctrl Pts',(8.99978938735803,-4.96756038671708,18.1319923112436));
#3607=CARTESIAN_POINT('Ctrl Pts',(9.00004729131157,-4.98039115407489,18.0657213924213));
#3608=CARTESIAN_POINT('Ctrl Pts',(8.99994406427476,-4.9901073454146,18.0276752730208));
#3609=CARTESIAN_POINT('Ctrl Pts',(8.99994406427476,-5.00013462307667,18.0276752730208));
#3610=CARTESIAN_POINT('Ctrl Pts',(8.50407671807986,-4.7487836997541,21.006322093393));
#3611=CARTESIAN_POINT('Ctrl Pts',(8.59936442057476,-4.76028330792483,20.7312879402078));
#3612=CARTESIAN_POINT('Ctrl Pts',(8.76405111799776,-4.78564000282048,20.1686897363033));
#3613=CARTESIAN_POINT('Ctrl Pts',(8.90051061757962,-4.82443299042974,19.4478531393895));
#3614=CARTESIAN_POINT('Ctrl Pts',(8.96702085560226,-4.86496719122794,18.8684939695444));
#3615=CARTESIAN_POINT('Ctrl Pts',(8.99086644693539,-4.89659271863451,18.5053632997036));
#3616=CARTESIAN_POINT('Ctrl Pts',(8.99837081972293,-4.92864564371142,18.2541634100797));
#3617=CARTESIAN_POINT('Ctrl Pts',(8.99982190367103,-4.95126964775263,18.1276683685706));
#3618=CARTESIAN_POINT('Ctrl Pts',(9.00004796159227,-4.97051863865665,18.0613961744702));
#3619=CARTESIAN_POINT('Ctrl Pts',(8.99992643926761,-4.98509362412725,18.0233495632644));
#3620=CARTESIAN_POINT('Ctrl Pts',(8.99992643926761,-5.00013462307667,18.0233495632644));
#3621=CARTESIAN_POINT('Ctrl Pts',(8.50407671807986,-4.7487836997541,21.006322093393));
#3622=CARTESIAN_POINT('Ctrl Pts',(8.59936442057476,-4.76028330792483,20.7312879402078));
#3623=CARTESIAN_POINT('Ctrl Pts',(8.76405111799776,-4.78564000282048,20.1686897363033));
#3624=CARTESIAN_POINT('Ctrl Pts',(8.90051061757962,-4.82443299042974,19.4478531393895));
#3625=CARTESIAN_POINT('Ctrl Pts',(8.96702085560226,-4.86496719122794,18.8684939695444));
#3626=CARTESIAN_POINT('Ctrl Pts',(8.99086644693539,-4.89659271863451,18.5053632997036));
#3627=CARTESIAN_POINT('Ctrl Pts',(8.99837081972293,-4.92864564371142,18.2541634100797));
#3628=CARTESIAN_POINT('Ctrl Pts',(8.99982190367103,-4.95126964775263,18.1276683685706));
#3629=CARTESIAN_POINT('Ctrl Pts',(9.00004796159227,-4.97051863865665,18.0613961744702));
#3630=CARTESIAN_POINT('Ctrl Pts',(8.99992643926761,-4.98509362412725,18.0233495632644));
#3631=CARTESIAN_POINT('Ctrl Pts',(8.99992643926761,-5.00013462307667,18.0233495632644));
#3632=CARTESIAN_POINT('Ctrl Pts',(6.40407572343719,-5.00013534264597,27.7592276732339));
#3633=CARTESIAN_POINT('Ctrl Pts',(6.40407640826943,-5.00013462307667,27.7592237985436));
#3634=CARTESIAN_POINT('Ctrl Pts',(6.40385605558406,-5.00013462307667,27.716046830081));
#3635=CARTESIAN_POINT('Ctrl Pts',(6.40443324875281,-5.00013462307667,27.643220744633));
#3636=CARTESIAN_POINT('Ctrl Pts',(6.40986330333197,-5.00013462307667,27.4212085845676));
#3637=CARTESIAN_POINT('Ctrl Pts',(6.45357306097034,-5.00013462307667,26.9046391812057));
#3638=CARTESIAN_POINT('Ctrl Pts',(6.5653281830397,-5.00013462307667,26.4227522040107));
#3639=CARTESIAN_POINT('Ctrl Pts',(6.66906176800848,-5.00013462307667,26.1170150962002));
#3640=CARTESIAN_POINT('Ctrl Pts',(6.40412631006635,-5.00013462307667,27.7662110620965));
#3641=CARTESIAN_POINT('Ctrl Pts',(6.40412631006635,-4.99119605019466,27.7662110620965));
#3642=CARTESIAN_POINT('Ctrl Pts',(6.40434333357077,-4.9831981747714,27.723034229721));
#3643=CARTESIAN_POINT('Ctrl Pts',(6.4056579595745,-4.97233510099552,27.6502275891721));
#3644=CARTESIAN_POINT('Ctrl Pts',(6.41333157801533,-4.95258870243777,27.4283490464338));
#3645=CARTESIAN_POINT('Ctrl Pts',(6.4622169451004,-4.92604739974731,26.912717188476));
#3646=CARTESIAN_POINT('Ctrl Pts',(6.57847444923299,-4.9102596736759,26.4331020600068));
#3647=CARTESIAN_POINT('Ctrl Pts',(6.68476027706427,-4.90139237669216,26.1293691524009));
#3648=CARTESIAN_POINT('Ctrl Pts',(6.40413043955506,-5.00013462307667,27.7731986525437));
#3649=CARTESIAN_POINT('Ctrl Pts',(6.40413043955506,-4.982256710116,27.7731986525437));
#3650=CARTESIAN_POINT('Ctrl Pts',(6.40453604702114,-4.96625385252422,27.7300223355057));
#3651=CARTESIAN_POINT('Ctrl Pts',(6.40616885393125,-4.94450032185819,27.6572248357258));
#3652=CARTESIAN_POINT('Ctrl Pts',(6.41481176203645,-4.90489188341103,27.4354063673933));
#3653=CARTESIAN_POINT('Ctrl Pts',(6.46594109323554,-4.85134525091487,26.920185155085));
#3654=CARTESIAN_POINT('Ctrl Pts',(6.58417127231517,-4.81909505458838,26.4415639186311));
#3655=CARTESIAN_POINT('Ctrl Pts',(6.69158153750128,-4.80086410262257,26.138711096846));
#3656=CARTESIAN_POINT('Ctrl Pts',(6.40408879638117,-5.00013462307667,27.7801859701974));
#3657=CARTESIAN_POINT('Ctrl Pts',(6.40408879638117,-4.97331737003233,27.7801859701974));
#3658=CARTESIAN_POINT('Ctrl Pts',(6.40443413548984,-4.94930953306792,27.7370072860928));
#3659=CARTESIAN_POINT('Ctrl Pts',(6.40596532369196,-4.91666554350371,27.6642031188815));
#3660=CARTESIAN_POINT('Ctrl Pts',(6.41429983585352,-4.85719507304289,27.4423542648392));
#3661=CARTESIAN_POINT('Ctrl Pts',(6.46471901186138,-4.77664288186635,26.9269757969892));
#3662=CARTESIAN_POINT('Ctrl Pts',(6.5823398922375,-4.72792943278385,26.4480182023148));
#3663=CARTESIAN_POINT('Ctrl Pts',(6.68940450442399,-4.70033369909975,26.1448751545003));
#3664=CARTESIAN_POINT('',(6.40407640826943,-5.00013462307667,27.7592237985436));
#3665=CARTESIAN_POINT('Origin',(11.4039488990713,-5.00013462307667,27.7235155960745));
#3666=CARTESIAN_POINT('',(6.40411693204365,-5.00013462307667,27.7697052559406));
#3667=CARTESIAN_POINT('Origin',(4.80411721121286,-5.00013462307667,27.7706504233337));
#3668=CARTESIAN_POINT('',(6.40408879657182,-5.00014780860893,27.7801859382084));
#3669=CARTESIAN_POINT('Origin',(4.80411721121286,-5.00013462307667,27.7706504233337));
#3670=CARTESIAN_POINT('Ctrl Pts',(6.40408879638117,-5.00013462307667,27.7801859701974));
#3671=CARTESIAN_POINT('Ctrl Pts',(6.40408879638117,-4.97331737003233,27.7801859701974));
#3672=CARTESIAN_POINT('Ctrl Pts',(6.40443413548984,-4.94930953306792,27.7370072860928));
#3673=CARTESIAN_POINT('Ctrl Pts',(6.40596532369196,-4.91666554350371,27.6642031188815));
#3674=CARTESIAN_POINT('Ctrl Pts',(6.41429983585352,-4.85719507304289,27.4423542648392));
#3675=CARTESIAN_POINT('Ctrl Pts',(6.46471901186138,-4.77664288186635,26.9269757969892));
#3676=CARTESIAN_POINT('Ctrl Pts',(6.5823398922375,-4.72792943278385,26.4480182023148));
#3677=CARTESIAN_POINT('Ctrl Pts',(6.68940450442399,-4.70033369909975,26.1448751545003));
#3678=CARTESIAN_POINT('Origin',(11.4040000000322,11.9998653769233,27.8099845541468));
#3679=CARTESIAN_POINT('',(6.85453468124113,-5.02712680083513,29.8841989387073));
#3680=CARTESIAN_POINT('Ctrl Pts',(6.40408879832242,-5.00026888149108,27.7801856444774));
#3681=CARTESIAN_POINT('Ctrl Pts',(6.40021405524512,-5.00859694463322,28.4303225632736));
#3682=CARTESIAN_POINT('Ctrl Pts',(6.52318239290871,-5.01682770982312,29.0750573115776));
#3683=CARTESIAN_POINT('Ctrl Pts',(6.79408329868807,-5.02538855156925,29.7475769481906));
#3684=CARTESIAN_POINT('Ctrl Pts',(6.82356114519567,-5.0262625946954,29.8162633245837));
#3685=CARTESIAN_POINT('Ctrl Pts',(6.85453468124155,-5.02712680083515,29.8841989387082));
#3686=CARTESIAN_POINT('',(6.89348602575076,-5.02756466045864,29.9675905626229));
#3687=CARTESIAN_POINT('Origin',(11.4040000000322,-1.32387528684831,27.8099845541468));
#3688=CARTESIAN_POINT('',(6.89348602575076,11.0098653769233,29.9675905626229));
#3689=CARTESIAN_POINT('',(6.89348602575076,11.9998653769233,29.9675905626229));
#3690=CARTESIAN_POINT('',(6.68940450442394,11.0098653769233,26.1448751545004));
#3691=CARTESIAN_POINT('Origin',(11.4040000000322,11.0098653769233,27.8099845541468));
#3692=CARTESIAN_POINT('',(6.68940450442394,11.9998653769233,26.1448751545004));
#3693=CARTESIAN_POINT('Ctrl Pts',(6.40413298737754,-5.00015629870228,27.7697051076206));
#3694=CARTESIAN_POINT('Ctrl Pts',(6.41081751240681,-5.00015629870228,28.4932761843601));
#3695=CARTESIAN_POINT('Ctrl Pts',(6.57699144426549,-5.00015629870228,29.2149491806724));
#3696=CARTESIAN_POINT('Ctrl Pts',(6.88742398387139,-5.00015629870228,29.8685786049816));
#3697=CARTESIAN_POINT('Ctrl Pts',(5.50418114384027,-5.66681574016041,27.7780190809352));
#3698=CARTESIAN_POINT('Ctrl Pts',(5.512068863293,-5.66681574016041,28.6318307777182));
#3699=CARTESIAN_POINT('Ctrl Pts',(5.70815360366251,-5.66681574016041,29.4834027452993));
#3700=CARTESIAN_POINT('Ctrl Pts',(6.07446306778854,-5.66681574016041,30.2546835023348));
#3701=CARTESIAN_POINT('Ctrl Pts',(4.604229300303,-6.33347518161854,27.7863330542499));
#3702=CARTESIAN_POINT('Ctrl Pts',(4.61332021417919,-6.33347518161854,28.7703853710763));
#3703=CARTESIAN_POINT('Ctrl Pts',(4.83931576305953,-6.33347518161854,29.7518563099261));
#3704=CARTESIAN_POINT('Ctrl Pts',(5.26150215170569,-6.33347518161854,30.640788399688));
#3705=CARTESIAN_POINT('Ctrl Pts',(3.70427745676573,-7.00013462307667,27.7946470275645));
#3706=CARTESIAN_POINT('Ctrl Pts',(3.71457156506538,-7.00013462307667,28.9089399644344));
#3707=CARTESIAN_POINT('Ctrl Pts',(3.97047792245654,-7.00013462307667,30.020309874553));
#3708=CARTESIAN_POINT('Ctrl Pts',(4.44854123562284,-7.00013462307667,31.0268932970412));
#3709=CARTESIAN_POINT('',(3.70427745676576,-7.00013462307667,27.7946470275645));
#3710=CARTESIAN_POINT('',(3.70427745676576,-7.00013462307667,27.7946470275645));
#3711=CARTESIAN_POINT('',(4.44854123562218,-7.00013462307667,31.0268932970398));
#3712=CARTESIAN_POINT('Ctrl Pts',(3.70427745676573,-7.00013462307667,27.7946470275645));
#3713=CARTESIAN_POINT('Ctrl Pts',(3.71457156506538,-7.00013462307667,28.9089399644344));
#3714=CARTESIAN_POINT('Ctrl Pts',(3.97047792245654,-7.00013462307667,30.020309874553));
#3715=CARTESIAN_POINT('Ctrl Pts',(4.44854123562284,-7.00013462307667,31.0268932970412));
#3716=CARTESIAN_POINT('',(4.44854123562218,-7.00013462307667,31.0268932970398));
#3717=CARTESIAN_POINT('Origin',(11.4039488990713,-6.00013462307667,27.7235155960745));
#3718=CARTESIAN_POINT('',(4.14771887328913,-7.00013462307667,25.1472536115437));
#3719=CARTESIAN_POINT('',(6.69211121999194,-5.00013462307667,26.050618203522));
#3720=CARTESIAN_POINT('Origin',(11.4039488990713,-7.00013462307667,27.7235155960745));
#3721=CARTESIAN_POINT('Origin',(1.06936681731895E-11,-6.00013462307667,
48.0000000000002));
#3722=CARTESIAN_POINT('',(-10.2072865710254,-7.00013462307667,43.1521859713102));
#3723=CARTESIAN_POINT('',(-12.6461957517152,-5.00013462307667,41.9938587255171));
#3724=CARTESIAN_POINT('',(-10.2072865710254,-7.00013462307667,43.1521859713102));
#3725=CARTESIAN_POINT('',(12.646195751737,-5.00013462307667,41.9938587255179));
#3726=CARTESIAN_POINT('Origin',(1.07941433569181E-11,-5.00013462307667,
48.));
#3727=CARTESIAN_POINT('',(10.207286571047,-7.00013462307667,43.1521859713109));
#3728=CARTESIAN_POINT('',(12.646195751737,-5.00013462307667,41.9938587255179));
#3729=CARTESIAN_POINT('Origin',(1.06936681731895E-11,-7.00013462307667,
48.0000000000002));
#3730=CARTESIAN_POINT('Origin',(-4.4455333162588,-6.00013462307667,28.3433532109194));
#3731=CARTESIAN_POINT('',(-5.93691547562837,-7.00013462307667,20.1078507146163));
#3732=CARTESIAN_POINT('',(-5.93691547562837,-7.00013462307667,20.1078507146163));
#3733=CARTESIAN_POINT('',(-3.17333714290739,-7.00013462307667,27.8916709149302));
#3734=CARTESIAN_POINT('Origin',(1.15196741035106E-11,-6.00013462307667,
18.0000000000003));
#3735=CARTESIAN_POINT('Ctrl Pts',(-8.99992554241588,-5.00016667583254,18.0236928399976));
#3736=CARTESIAN_POINT('Ctrl Pts',(-8.99927617162203,-5.00096141412227,17.8628115357315));
#3737=CARTESIAN_POINT('Ctrl Pts',(-8.99430857976771,-5.00175691132529,17.7018053344624));
#3738=CARTESIAN_POINT('Ctrl Pts',(-8.9158491341155,-5.00846974055035,16.3433914409326));
#3739=CARTESIAN_POINT('Ctrl Pts',(-8.5946282666631,-5.01432475949954,15.160279021276));
#3740=CARTESIAN_POINT('Ctrl Pts',(-7.61367690521478,-5.02437847685817,13.1309161427564));
#3741=CARTESIAN_POINT('Ctrl Pts',(-6.89027513679938,-5.02925358372342,12.1481092053778));
#3742=CARTESIAN_POINT('Ctrl Pts',(-5.12738950767639,-5.03708138158939,10.5713239525676));
#3743=CARTESIAN_POINT('Ctrl Pts',(-4.09460764680018,-5.04007193487986,9.9695805664787));
#3744=CARTESIAN_POINT('Ctrl Pts',(-3.05522621296222,-5.04193654674778,9.59446666294492));
#3745=CARTESIAN_POINT('Origin',(1.15196741035106E-11,-7.00013462307667,
18.0000000000003));
#3746=CARTESIAN_POINT('Origin',(3.55093501510069,-6.00013462307667,30.8630546593833));
#3747=CARTESIAN_POINT('',(2.27873884174928,-7.00013462307667,30.4113723633942));
#3748=CARTESIAN_POINT('Origin',(-6.13115397703618,-6.00013462307667,31.4229296195061));
#3749=CARTESIAN_POINT('',(-12.6294391279596,-5.00017474733765,41.9587031762303));
#3750=CARTESIAN_POINT('Origin',(1.07941433569181E-11,-15.3705049934465,
48.));
#3751=CARTESIAN_POINT('',(-4.91169938669122,-7.00013462307667,32.0020932424026));
#3752=CARTESIAN_POINT('',(-9.98087479257652,-5.01282198238671,36.4218320331631));
#3753=CARTESIAN_POINT('Origin',(9.01052664477144,-6.00013462307667,37.4855759566414));
#3754=CARTESIAN_POINT('',(7.79107205442649,-7.00013462307667,38.0647395795379));
#3755=CARTESIAN_POINT('',(12.6294391279987,-5.0001747473385,41.9587031762669));
#3756=CARTESIAN_POINT('Origin',(1.07941433569181E-11,-15.3705049934474,
48.));
#3757=CARTESIAN_POINT('',(8.56101186976138,-5.01960201028022,33.4535831823772));
#3758=CARTESIAN_POINT('Origin',(-11.4039488990483,-7.20013462307667,27.7235155960745));
#3759=CARTESIAN_POINT('',(-4.44854123559919,-7.20013462307667,31.0268932970397));
#3760=CARTESIAN_POINT('',(-4.44854123559919,-7.20013462307667,31.0268932970397));
#3761=CARTESIAN_POINT('',(-4.14771887326616,-7.20013462307667,25.1472536115437));
#3762=CARTESIAN_POINT('Origin',(-11.4039488990483,-7.20013462307667,27.7235155960745));
#3763=CARTESIAN_POINT('',(-4.14771887326616,-7.20013462307667,25.1472536115437));
#3764=CARTESIAN_POINT('Origin',(-4.44854123559921,-7.20013462307667,31.0268932970397));
#3765=CARTESIAN_POINT('',(-10.2072865710254,-7.20013462307667,43.1521859713102));
#3766=CARTESIAN_POINT('',(-10.2072865710254,-7.20013462307667,43.1521859713102));
#3767=CARTESIAN_POINT('',(-5.22393026880924,-7.20013462307667,32.6595091563062));
#3768=CARTESIAN_POINT('Origin',(1.06936681731895E-11,-7.20013462307667,
48.0000000000002));
#3769=CARTESIAN_POINT('',(10.207286571047,-7.20013462307667,43.1521859713109));
#3770=CARTESIAN_POINT('',(10.207286571047,-7.20013462307667,43.1521859713109));
#3771=CARTESIAN_POINT('Origin',(1.06936681731895E-11,-7.20013462307667,
48.0000000000002));
#3772=CARTESIAN_POINT('Origin',(10.207286571047,-7.20013462307667,43.1521859713109));
#3773=CARTESIAN_POINT('',(4.44854123562219,-7.20013462307667,31.0268932970398));
#3774=CARTESIAN_POINT('',(4.44854123562219,-7.20013462307667,31.0268932970398));
#3775=CARTESIAN_POINT('',(8.10330293654439,-7.20013462307667,38.7221554934413));
#3776=CARTESIAN_POINT('Origin',(11.4039488990713,-7.20013462307667,27.7235155960745));
#3777=CARTESIAN_POINT('',(4.14771887328913,-7.20013462307667,25.1472536115437));
#3778=CARTESIAN_POINT('',(4.14771887328913,-7.20013462307667,25.1472536115437));
#3779=CARTESIAN_POINT('Origin',(11.4039488990713,-7.20013462307667,27.7235155960745));
#3780=CARTESIAN_POINT('Origin',(1.14448914845244E-6,11.5048653769233,18.0600195565415));
#3781=CARTESIAN_POINT('',(-7.89307930567123,11.9998653769233,16.696428339462));
#3782=CARTESIAN_POINT('',(-2.78388218137706,11.9535695738003,10.4999999999939));
#3783=CARTESIAN_POINT('Ctrl Pts',(-2.78388218137703,11.9535695738003,10.4999999999939));
#3784=CARTESIAN_POINT('Ctrl Pts',(-3.70169560937636,11.9561075004291,10.8406779263997));
#3785=CARTESIAN_POINT('Ctrl Pts',(-4.60946805911333,11.9601271462913,11.3801094681174));
#3786=CARTESIAN_POINT('Ctrl Pts',(-6.1697931032571,11.9706892903894,12.7958064431596));
#3787=CARTESIAN_POINT('Ctrl Pts',(-6.81149728804793,11.9773253036418,13.6844455053918));
#3788=CARTESIAN_POINT('Ctrl Pts',(-7.54272118103541,11.9889671495581,15.2411851850342));
#3789=CARTESIAN_POINT('Ctrl Pts',(-7.77078295074559,11.9943167698972,15.9559283290331));
#3790=CARTESIAN_POINT('Ctrl Pts',(-7.89307930567107,11.9998653769233,16.6964283394611));
#3791=CARTESIAN_POINT('',(-7.55278190647725,11.9998653769233,20.7275217936604));
#3792=CARTESIAN_POINT('Origin',(1.14448914845244E-6,11.9998653769233,18.0600195565415));
#3793=CARTESIAN_POINT('',(-7.55278190647725,11.9998653769233,20.7275217936604));
#3794=CARTESIAN_POINT('',(8.48627303658395,11.0098653769233,21.0572164759049));
#3795=CARTESIAN_POINT('Origin',(1.14448914845244E-6,11.0098653769233,18.0600195565415));
#3796=CARTESIAN_POINT('',(7.55278312845353,11.9998653769233,20.7275248147749));
#3797=CARTESIAN_POINT('',(8.48627303658395,11.0098653769233,21.0572164759049));
#3798=CARTESIAN_POINT('',(7.89302958591869,11.9998653769233,16.6961273237076));
#3799=CARTESIAN_POINT('Origin',(1.14448914845244E-6,11.9998653769233,18.0600195565415));
#3800=CARTESIAN_POINT('',(2.78388218141004,11.9535703647538,10.4999999999939));
#3801=CARTESIAN_POINT('Ctrl Pts',(7.89302958591869,11.9998653769233,16.6961273237076));
#3802=CARTESIAN_POINT('Ctrl Pts',(7.81829960992098,11.996475647577,16.2437473312214));
#3803=CARTESIAN_POINT('Ctrl Pts',(7.70531537342553,11.9931852710856,15.8043359985858));
#3804=CARTESIAN_POINT('Ctrl Pts',(7.56201211354229,11.9900788355417,15.3892581907047));
#3805=CARTESIAN_POINT('Ctrl Pts',(7.23252534275029,11.9829364340578,14.4348999530933));
#3806=CARTESIAN_POINT('Ctrl Pts',(6.68950242454259,11.9758261149539,13.4834380530881));
#3807=CARTESIAN_POINT('Ctrl Pts',(5.26470621781689,11.9638699636162,11.8818595187546));
#3808=CARTESIAN_POINT('Ctrl Pts',(4.3829327447904,11.9590232751293,11.2317430549609));
#3809=CARTESIAN_POINT('Ctrl Pts',(3.25157954221593,11.9549596412718,10.6864598679933));
#3810=CARTESIAN_POINT('Ctrl Pts',(3.02117009684735,11.9542265779203,10.5880775466136));
#3811=CARTESIAN_POINT('Ctrl Pts',(2.78388218141001,11.9535703647538,10.499999999994));
#3812=CARTESIAN_POINT('',(2.64692469922552,11.9998653769233,10.4999999999939));
#3813=CARTESIAN_POINT('Ctrl Pts',(2.78388218141,11.9535703647537,10.4999999999939));
#3814=CARTESIAN_POINT('Ctrl Pts',(2.71520611889736,11.9773016193602,10.4999999999939));
#3815=CARTESIAN_POINT('Ctrl Pts',(2.64692469922552,11.9998653769233,10.4999999999939));
#3816=CARTESIAN_POINT('',(-2.64692241024721,11.9998653769233,10.4999999999939));
#3817=CARTESIAN_POINT('Origin',(1.14448914845244E-6,11.9998653769233,18.0600195565415));
#3818=CARTESIAN_POINT('Ctrl Pts',(-2.64692241024721,11.9998653769233,10.4999999999939));
#3819=CARTESIAN_POINT('Ctrl Pts',(-2.71520496773236,11.9773012433671,10.4999999999939));
#3820=CARTESIAN_POINT('Ctrl Pts',(-2.78388218137706,11.9535695738003,10.4999999999939));
#3821=CARTESIAN_POINT('Origin',(5.2766286983274,11.5048653769233,28.6586237722285));
#3822=CARTESIAN_POINT('',(5.74337365239261,11.0098653769233,28.8234696027934));
#3823=CARTESIAN_POINT('',(5.75591459629351,11.9998653769233,25.8151834933704));
#3824=CARTESIAN_POINT('',(6.68940450442394,11.0098653769233,26.1448751545004));
#3825=CARTESIAN_POINT('',(4.80988374426218,11.9998653769233,28.4937779416635));
#3826=CARTESIAN_POINT('Origin',(11.4040000000322,11.5048653769233,27.8099845541468));
#3827=CARTESIAN_POINT('',(6.00040425884305,11.9998653769233,30.3947965523012));
#3828=CARTESIAN_POINT('',(6.89348602575076,11.0098653769233,29.9675905626229));
#3829=CARTESIAN_POINT('Origin',(11.4040000000322,11.9998653769233,27.8099845541468));
#3830=CARTESIAN_POINT('Origin',(6.88778473082136,11.5048653769233,31.1027766067512));
#3831=CARTESIAN_POINT('',(12.6294391279987,11.0098653769233,41.9587031762669));
#3832=CARTESIAN_POINT('',(11.736357361091,11.9998653769233,42.3859091659451));
#3833=CARTESIAN_POINT('',(12.6294391279987,11.0098653769233,41.9587031762669));
#3834=CARTESIAN_POINT('',(6.44124384736751,11.9998653769233,31.3163796015903));
#3835=CARTESIAN_POINT('',(7.33432561427522,11.0098653769233,30.8891736119121));
#3836=CARTESIAN_POINT('Origin',(1.07941433569181E-11,11.5048653769233,48.));
#3837=CARTESIAN_POINT('',(12.9166792588483,11.9998653769234,49.5554732155576));
#3838=CARTESIAN_POINT('',(-12.9166792564359,11.9998653769234,49.5554732354107));
#3839=CARTESIAN_POINT('Ctrl Pts',(-12.9166792564359,11.9998653769233,49.5554732354107));
#3840=CARTESIAN_POINT('Ctrl Pts',(-12.7531668451332,11.9903663635218,50.992733282518));
#3841=CARTESIAN_POINT('Ctrl Pts',(-12.3417880817871,11.9811304335781,52.3918431210016));
#3842=CARTESIAN_POINT('Ctrl Pts',(-11.7605993415674,11.9729926295644,53.6256869942881));
#3843=CARTESIAN_POINT('Ctrl Pts',(-11.0615329172524,11.9632043023654,55.1097811705369));
#3844=CARTESIAN_POINT('Ctrl Pts',(-10.0180475546117,11.9537048494845,56.5518955268989));
#3845=CARTESIAN_POINT('Ctrl Pts',(-7.43655053666416,11.9383145725014,58.8901801059219));
#3846=CARTESIAN_POINT('Ctrl Pts',(-5.89853867248434,11.9324226679286,59.7863500908727));
#3847=CARTESIAN_POINT('Ctrl Pts',(-2.80425261007799,11.9251954052076,60.8858523148475));
#3848=CARTESIAN_POINT('Ctrl Pts',(-1.04261089813596,11.9233880371321,61.1609807776773));
#3849=CARTESIAN_POINT('Ctrl Pts',(2.44092941244298,11.9246208601502,60.9733592803762));
#3850=CARTESIAN_POINT('Ctrl Pts',(4.16282801284386,11.9276611669958,60.5106093537571));
#3851=CARTESIAN_POINT('Ctrl Pts',(7.12036210471489,11.9370313500518,59.0854847939338));
#3852=CARTESIAN_POINT('Ctrl Pts',(8.5526130013009,11.9439737136841,58.029969976));
#3853=CARTESIAN_POINT('Ctrl Pts',(10.8674259285613,11.961097375841,55.4296273087836));
#3854=CARTESIAN_POINT('Ctrl Pts',(11.7499881929931,11.9712797556854,53.8847996747116));
#3855=CARTESIAN_POINT('Ctrl Pts',(12.5880495103781,11.987271851265,51.461681264478));
#3856=CARTESIAN_POINT('Ctrl Pts',(12.8067843656247,11.9934811944062,50.5214398985231));
#3857=CARTESIAN_POINT('Ctrl Pts',(12.9166792588451,11.9998653769231,49.5554732155856));
#3858=CARTESIAN_POINT('Origin',(1.07941433569181E-11,11.9998653769233,48.));
#3859=CARTESIAN_POINT('',(-12.6294391279596,11.0098653769233,41.9587031762303));
#3860=CARTESIAN_POINT('Origin',(1.07941433569181E-11,11.0098653769233,48.));
#3861=CARTESIAN_POINT('',(-11.7363573610531,11.9998653769233,42.3859091659111));
#3862=CARTESIAN_POINT('',(-12.6294391279596,11.0098653769233,41.9587031762303));
#3863=CARTESIAN_POINT('Origin',(1.07941433569181E-11,11.9998653769233,48.));
#3864=CARTESIAN_POINT('Origin',(-9.7557612818955,11.5048653769233,37.0983329135519));
#3865=CARTESIAN_POINT('',(-6.00040425878623,11.9998653769233,30.3947965523168));
#3866=CARTESIAN_POINT('',(-6.89348602569271,11.0098653769233,29.967590562636));
#3867=CARTESIAN_POINT('',(-9.30922039844226,11.9998653769233,37.3119359083924));
#3868=CARTESIAN_POINT('',(-10.2023021653487,11.0098653769233,36.8847299187115));
#3869=CARTESIAN_POINT('Origin',(-11.4039999999678,11.5048653769233,27.8099845541468));
#3870=CARTESIAN_POINT('',(-5.75591379830883,11.9998653769233,25.8151857526059));
#3871=CARTESIAN_POINT('',(-6.68940383831591,11.0098653769233,26.1448770403397));
#3872=CARTESIAN_POINT('Origin',(-11.4039999999678,11.9998653769233,27.8099845541468));
#3873=CARTESIAN_POINT('Origin',(-4.37819633413837,11.5048653769233,31.2024543788275));
#3874=CARTESIAN_POINT('',(-3.91145131413483,11.9998653769233,31.0376087349606));
#3875=CARTESIAN_POINT('Origin',(1.07913677993565E-11,11.9998653769233,35.5300097782708));
#3876=CARTESIAN_POINT('',(2.78388218140966,11.9998653769233,10.4999999999939));
#3877=CARTESIAN_POINT('Origin',(1.07913677993565E-11,11.9998653769233,35.5300097782708));
#3878=CARTESIAN_POINT('',(11.7428288871548,11.9998653769233,42.5087119475048));
#3879=CARTESIAN_POINT('Origin',(7.68738198098085E-11,11.9998653769233,48.0859845541468));
#3880=CARTESIAN_POINT('',(5.98423282138103,11.9998653769233,30.3841103725968));
#3881=CARTESIAN_POINT('',(11.7428288871548,11.9998653769233,42.5087119475048));
#3882=CARTESIAN_POINT('',(5.73923176764606,11.9998653769233,25.8325111982342));
#3883=CARTESIAN_POINT('Origin',(11.4040000000322,11.9998653769233,27.8099845541468));
#3884=CARTESIAN_POINT('',(7.5530243098594,11.9998653769233,20.636631141217));
#3885=CARTESIAN_POINT('',(5.73923176764606,11.9998653769233,25.8325111982342));
#3886=CARTESIAN_POINT('Origin',(1.05226938273972E-11,11.9998653769233,18.));
#3887=CARTESIAN_POINT('Origin',(1.07913677993565E-11,11.9998653769233,35.5300097782708));
#3888=CARTESIAN_POINT('',(-7.55302430981373,11.9998653769233,20.6366311412754));
#3889=CARTESIAN_POINT('Origin',(1.05226938273972E-11,11.9998653769233,18.));
#3890=CARTESIAN_POINT('',(-5.73923176759109,11.9998653769233,25.8325111981873));
#3891=CARTESIAN_POINT('',(-5.73923176759109,11.9998653769233,25.8325111981873));
#3892=CARTESIAN_POINT('',(-5.98423282129649,11.9998653769233,30.3841103725697));
#3893=CARTESIAN_POINT('Origin',(-11.4039999999678,11.9998653769233,27.8099845541468));
#3894=CARTESIAN_POINT('',(-11.7428288870319,11.9998653769233,42.5087119475697));
#3895=CARTESIAN_POINT('',(-11.7428288870319,11.9998653769233,42.5087119475697));
#3896=CARTESIAN_POINT('Origin',(7.68738198098085E-11,11.9998653769233,48.0859845541468));
#3897=CARTESIAN_POINT('Origin',(6.89348602575076,11.9998653769233,29.9675905626229));
#3898=CARTESIAN_POINT('',(12.6294391279987,11.9998653769233,41.9587031762669));
#3899=CARTESIAN_POINT('Origin',(8.48627303658395,11.9998653769233,21.0572164759049));
#3900=CARTESIAN_POINT('',(8.48627303658395,11.9998653769233,21.0572164759049));
#3901=CARTESIAN_POINT('Origin',(1.14448914845244E-6,11.9998653769233,18.0600195565415));
#3902=CARTESIAN_POINT('Origin',(-5.93691547562837,-7.20013462307667,20.1078507146163));
#3903=CARTESIAN_POINT('',(-5.93691547562837,-7.20013462307667,20.1078507146163));
#3904=CARTESIAN_POINT('',(-2.91930065471995,-7.20013462307667,28.607183236386));
#3905=CARTESIAN_POINT('',(-5.93691547562837,-7.20013462307667,20.1078507146163));
#3906=CARTESIAN_POINT('Origin',(1.15196741035106E-11,-7.20013462307667,
18.0000000000003));
#3907=CARTESIAN_POINT('',(-2.45967477523827,-7.20013462307667,12.2000000000003));
#3908=CARTESIAN_POINT('Origin',(1.15196741035106E-11,-7.20013462307667,
18.0000000000003));
#3909=CARTESIAN_POINT('',(-2.45967477523827,-7.20013462307667,12.2000000000003));
#3910=CARTESIAN_POINT('Origin',(2.4596747752613,-7.20013462307667,12.2000000000003));
#3911=CARTESIAN_POINT('',(2.4596747752613,-7.20013462307667,12.2000000000003));
#3912=CARTESIAN_POINT('',(1.22983738763572,-7.20013462307667,12.2000000000003));
#3913=CARTESIAN_POINT('',(2.4596747752613,-7.20013462307667,12.2000000000003));
#3914=CARTESIAN_POINT('Origin',(1.15196741035106E-11,-7.20013462307667,
18.0000000000003));
#3915=CARTESIAN_POINT('',(5.9369154756514,-7.20013462307667,20.1078507146163));
#3916=CARTESIAN_POINT('Origin',(1.15196741035106E-11,-7.20013462307667,
18.0000000000003));
#3917=CARTESIAN_POINT('',(5.9369154756514,-7.20013462307667,20.1078507146163));
#3918=CARTESIAN_POINT('Origin',(4.14771887328921,-7.20013462307667,25.1472536115437));
#3919=CARTESIAN_POINT('',(2.02470235356177,-7.20013462307667,31.1268846848502));
#3920=CARTESIAN_POINT('Origin',(-12.6294391279596,11.9998653769233,41.9587031762303));
#3921=CARTESIAN_POINT('',(-12.6294391279596,11.9998653769233,41.9587031762303));
#3922=CARTESIAN_POINT('Origin',(1.07941433569181E-11,11.9998653769233,48.));
#3923=CARTESIAN_POINT('Origin',(-11.4039999999678,12.1998653769233,27.8099845541468));
#3924=CARTESIAN_POINT('',(-5.98423282129649,12.1998653769233,30.3841103725697));
#3925=CARTESIAN_POINT('',(-5.73923176759109,12.1998653769233,25.8325111981873));
#3926=CARTESIAN_POINT('Origin',(-11.4039999999678,12.1998653769233,27.8099845541468));
#3927=CARTESIAN_POINT('',(-5.98423282129649,12.1998653769233,30.3841103725697));
#3928=CARTESIAN_POINT('',(-5.73923176759109,12.1998653769233,25.8325111981873));
#3929=CARTESIAN_POINT('Origin',(-11.7428288870319,12.1998653769233,42.5087119475697));
#3930=CARTESIAN_POINT('',(-11.7428288870319,12.1998653769233,42.5087119475697));
#3931=CARTESIAN_POINT('',(-9.62214303943541,12.1998653769233,38.0436529862645));
#3932=CARTESIAN_POINT('',(-11.7428288870319,12.1998653769233,42.5087119475697));
#3933=CARTESIAN_POINT('Origin',(7.68738198098085E-11,12.1998653769233,48.0859845541468));
#3934=CARTESIAN_POINT('',(11.7428288871548,12.1998653769233,42.5087119475048));
#3935=CARTESIAN_POINT('Origin',(7.68738198098085E-11,12.1998653769233,48.0859845541468));
#3936=CARTESIAN_POINT('',(11.7428288871548,12.1998653769233,42.5087119475048));
#3937=CARTESIAN_POINT('Origin',(5.98423282138103,12.1998653769233,30.3841103725968));
#3938=CARTESIAN_POINT('',(5.98423282138103,12.1998653769233,30.3841103725968));
#3939=CARTESIAN_POINT('',(6.74284500664007,12.1998653769233,31.9813521987432));
#3940=CARTESIAN_POINT('',(5.98423282138103,12.1998653769233,30.3841103725968));
#3941=CARTESIAN_POINT('Origin',(11.4040000000322,12.1998653769233,27.8099845541468));
#3942=CARTESIAN_POINT('',(5.73923176764606,12.1998653769233,25.8325111982342));
#3943=CARTESIAN_POINT('Origin',(11.4040000000322,12.1998653769233,27.8099845541468));
#3944=CARTESIAN_POINT('',(5.73923176764606,12.1998653769233,25.8325111982342));
#3945=CARTESIAN_POINT('Origin',(7.5530243098594,12.1998653769233,20.636631141217));
#3946=CARTESIAN_POINT('',(7.5530243098594,12.1998653769233,20.636631141217));
#3947=CARTESIAN_POINT('',(4.57495724628308,12.1998653769233,29.1677497250511));
#3948=CARTESIAN_POINT('',(7.5530243098594,12.1998653769233,20.636631141217));
#3949=CARTESIAN_POINT('Origin',(1.05226938273972E-11,12.1998653769233,18.));
#3950=CARTESIAN_POINT('',(2.78388218140966,12.1998653769233,10.4999999999939));
#3951=CARTESIAN_POINT('Origin',(1.05226938273972E-11,12.1998653769233,18.));
#3952=CARTESIAN_POINT('',(2.78388218140966,12.1998653769233,10.4999999999939));
#3953=CARTESIAN_POINT('Origin',(-2.78388218138873,12.1998653769233,10.4999999999939));
#3954=CARTESIAN_POINT('',(-2.78388218138873,12.1998653769233,10.4999999999982));
#3955=CARTESIAN_POINT('',(-1.39194109068927,12.1998653769233,10.4999999999939));
#3956=CARTESIAN_POINT('',(-2.78388218138873,12.1998653769233,10.4999999999982));
#3957=CARTESIAN_POINT('Origin',(1.05226938273972E-11,12.1998653769233,18.));
#3958=CARTESIAN_POINT('',(-7.55302430981373,12.1998653769233,20.6366311412754));
#3959=CARTESIAN_POINT('Origin',(1.05226938273972E-11,12.1998653769233,18.));
#3960=CARTESIAN_POINT('',(-7.55302430981373,12.1998653769233,20.6366311412754));
#3961=CARTESIAN_POINT('Origin',(-5.73923176759109,12.1998653769233,25.8325111981873));
#3962=CARTESIAN_POINT('',(-3.66806097506693,12.1998653769233,31.7656897535183));
#3963=CARTESIAN_POINT('Origin',(17.2171566280376,12.1998653769233,48.0226904173503));
#3964=CARTESIAN_POINT('',(17.2171566280376,12.1998653769233,47.9825790474094));
#3965=CARTESIAN_POINT('',(17.2171566280376,12.1998653769233,42.5820558867938));
#3966=CARTESIAN_POINT('',(17.2171566280376,-7.20013462307667,47.9825790474094));
#3967=CARTESIAN_POINT('',(17.2171566280376,-7.20013462307667,42.5820558867938));
#3968=CARTESIAN_POINT('',(17.2171566280376,12.1998653769233,47.9825790474094));
#3969=CARTESIAN_POINT('Origin',(12.0609112135622,12.1998653769233,16.0523468258025));
#3970=CARTESIAN_POINT('',(12.0609112135622,12.1998653769233,16.0523468258025));
#3971=CARTESIAN_POINT('',(13.5671561530956,12.1998653769233,25.3798219236522));
#3972=CARTESIAN_POINT('',(12.0609112135622,-7.20013462307667,16.0523468258025));
#3973=CARTESIAN_POINT('',(13.5671561530956,-7.20013462307667,25.3798219236522));
#3974=CARTESIAN_POINT('',(12.0609112135622,12.1998653769233,16.0523468258025));
#3975=CARTESIAN_POINT('Origin',(1.05226938273972E-11,12.1998653769233,18.));
#3976=CARTESIAN_POINT('',(-12.0609112135412,12.1998653769233,16.0523468258025));
#3977=CARTESIAN_POINT('Origin',(1.05226938273972E-11,12.1998653769233,18.));
#3978=CARTESIAN_POINT('',(-12.0609112135412,-7.20013462307667,16.0523468258025));
#3979=CARTESIAN_POINT('Origin',(1.05226938273972E-11,-7.20013462307667,
18.));
#3980=CARTESIAN_POINT('',(-12.0609112135412,12.1998653769233,16.0523468258025));
#3981=CARTESIAN_POINT('Origin',(-17.2107620932536,12.1998653769233,47.9429806645674));
#3982=CARTESIAN_POINT('',(-17.2171566280172,12.1998653769233,47.9825790474094));
#3983=CARTESIAN_POINT('',(-16.142081592931,12.1998653769233,41.3251388430345));
#3984=CARTESIAN_POINT('',(-17.2171566280172,-7.20013462307667,47.9825790474094));
#3985=CARTESIAN_POINT('',(-16.142081592931,-7.20013462307667,41.3251388430345));
#3986=CARTESIAN_POINT('',(-17.2171566280172,12.1998653769233,47.9825790474094));
#3987=CARTESIAN_POINT('Origin',(-17.2171566280172,12.1998653769233,68.));
#3988=CARTESIAN_POINT('',(-17.2171566280172,12.1998653769233,52.5707106781186));
#3989=CARTESIAN_POINT('',(-17.2171566280172,-7.20013462307667,52.5707106781186));
#3990=CARTESIAN_POINT('Origin',(1.01763042437142E-11,-7.20013462307667,
37.1414213562372));
#3991=CARTESIAN_POINT('Origin',(1.01763042437142E-11,12.1998653769233,37.1414213562372));
#3992=UNCERTAINTY_MEASURE_WITH_UNIT(LENGTH_MEASURE(0.01),#3996,
'DISTANCE_ACCURACY_VALUE',
'Maximum model space distance between geometric entities at asserted c
onnectivities');
#3993=UNCERTAINTY_MEASURE_WITH_UNIT(LENGTH_MEASURE(0.01),#3996,
'DISTANCE_ACCURACY_VALUE',
'Maximum model space distance between geometric entities at asserted c
onnectivities');
#3994=(
GEOMETRIC_REPRESENTATION_CONTEXT(3)
GLOBAL_UNCERTAINTY_ASSIGNED_CONTEXT((#3992))
GLOBAL_UNIT_ASSIGNED_CONTEXT((#3996,#3998,#3999))
REPRESENTATION_CONTEXT('','3D')
);
#3995=(
GEOMETRIC_REPRESENTATION_CONTEXT(3)
GLOBAL_UNCERTAINTY_ASSIGNED_CONTEXT((#3993))
GLOBAL_UNIT_ASSIGNED_CONTEXT((#3996,#3998,#3999))
REPRESENTATION_CONTEXT('','3D')
);
#3996=(
LENGTH_UNIT()
NAMED_UNIT(*)
SI_UNIT(.MILLI.,.METRE.)
);
#3997=(
LENGTH_UNIT()
NAMED_UNIT(*)
SI_UNIT($,.METRE.)
);
#3998=(
NAMED_UNIT(*)
PLANE_ANGLE_UNIT()
SI_UNIT($,.RADIAN.)
);
#3999=(
NAMED_UNIT(*)
SI_UNIT($,.STERADIAN.)
SOLID_ANGLE_UNIT()
);
#4000=SHAPE_DEFINITION_REPRESENTATION(#4001,#4002);
#4001=PRODUCT_DEFINITION_SHAPE('',$,#4004);
#4002=SHAPE_REPRESENTATION('',(#1948),#3994);
#4003=PRODUCT_DEFINITION_CONTEXT('part definition',#4008,'design');
#4004=PRODUCT_DEFINITION('VOLUME REDUCER FRONT','VOLUME REDUCER FRONT',
#4005,#4003);
#4005=PRODUCT_DEFINITION_FORMATION('',$,#4010);
#4006=PRODUCT_RELATED_PRODUCT_CATEGORY('VOLUME REDUCER FRONT',
'VOLUME REDUCER FRONT',(#4010));
#4007=APPLICATION_PROTOCOL_DEFINITION('international standard',
'automotive_design',2009,#4008);
#4008=APPLICATION_CONTEXT(
'Core Data for Automotive Mechanical Design Process');
#4009=PRODUCT_CONTEXT('part definition',#4008,'mechanical');
#4010=PRODUCT('VOLUME REDUCER FRONT','VOLUME REDUCER FRONT',$,(#4009));
#4011=PRESENTATION_STYLE_ASSIGNMENT((#4012));
#4012=SURFACE_STYLE_USAGE(.BOTH.,#4013);
#4013=SURFACE_SIDE_STYLE('',(#4014));
#4014=SURFACE_STYLE_FILL_AREA(#4015);
#4015=FILL_AREA_STYLE('Steel - Satin',(#4016));
#4016=FILL_AREA_STYLE_COLOUR('Steel - Satin',#4017);
#4017=COLOUR_RGB('Steel - Satin',0.627450980392157,0.627450980392157,0.627450980392157);
ENDSEC;
END-ISO-10303-21;
