ISO-10303-21;
HEADER;
/* Generated by software containing ST-Developer
 * from STEP Tools, Inc. (www.steptools.com) 
 */

FILE_DESCRIPTION(
/* description */ (''),
/* implementation_level */ '2;1');

FILE_NAME(
/* name */ 'LED RETAINER CLIP.step',
/* time_stamp */ '2026-03-26T12:10:02-05:00',
/* author */ (''),
/* organization */ (''),
/* preprocessor_version */ 'ST-DEVELOPER v20.1',
/* originating_system */ 'Autodesk Translation Framework v14.24.0.0',
/* authorisation */ '');

FILE_SCHEMA (('AUTOMOTIVE_DESIGN { 1 0 10303 214 3 1 1 }'));
ENDSEC;

DATA;
#10=MECHANICAL_DESIGN_GEOMETRIC_PRESENTATION_REPRESENTATION('',(#13),#3499);
#11=SHAPE_REPRESENTATION_RELATIONSHIP('SRR','None',#3506,#12);
#12=ADVANCED_BREP_SHAPE_REPRESENTATION('',(#14),#3498);
#13=STYLED_ITEM('',(#3515),#14);
#14=MANIFOLD_SOLID_BREP('LED keeper Right',#1971);
#15=FACE_BOUND('',#712,.T.);
#16=FACE_BOUND('',#714,.T.);
#17=FACE_BOUND('',#763,.T.);
#18=FACE_BOUND('',#766,.T.);
#19=SPHERICAL_SURFACE('',#2044,0.499999999999998);
#20=SPHERICAL_SURFACE('',#2048,0.499999999999998);
#21=SPHERICAL_SURFACE('',#2057,0.500000000000001);
#22=SPHERICAL_SURFACE('',#2063,0.500000000000001);
#23=SPHERICAL_SURFACE('',#2067,0.500000000000003);
#24=SPHERICAL_SURFACE('',#2073,0.499999999999998);
#25=SPHERICAL_SURFACE('',#2077,0.5);
#26=SPHERICAL_SURFACE('',#2082,0.5);
#27=SPHERICAL_SURFACE('',#2086,0.499999999999998);
#28=SPHERICAL_SURFACE('',#2092,0.5);
#29=SPHERICAL_SURFACE('',#2097,0.500000000000004);
#30=SPHERICAL_SURFACE('',#2104,0.499999999999998);
#31=B_SPLINE_CURVE_WITH_KNOTS('',3,(#2993,#2994,#2995,#2996,#2997,#2998),
 .UNSPECIFIED.,.F.,.F.,(4,2,4),(0.252766120019255,0.29099773330059,0.349779142867045),
 .UNSPECIFIED.);
#32=B_SPLINE_CURVE_WITH_KNOTS('',3,(#3009,#3010,#3011,#3012,#3013,#3014),
 .UNSPECIFIED.,.F.,.F.,(4,2,4),(0.,0.0587814095664541,0.097013022847789),
 .UNSPECIFIED.);
#33=B_SPLINE_CURVE_WITH_KNOTS('',3,(#3032,#3033,#3034,#3035,#3036,#3037),
 .UNSPECIFIED.,.F.,.F.,(4,2,4),(0.252766120019255,0.29099773330059,0.349779142867044),
 .UNSPECIFIED.);
#34=B_SPLINE_CURVE_WITH_KNOTS('',3,(#3044,#3045,#3046,#3047,#3048,#3049),
 .UNSPECIFIED.,.F.,.F.,(4,2,4),(0.,0.0587814095664534,0.0970130228477889),
 .UNSPECIFIED.);
#35=TOROIDAL_SURFACE('',#2011,1.,0.5);
#36=TOROIDAL_SURFACE('',#2017,1.,0.5);
#37=TOROIDAL_SURFACE('',#2023,1.,0.5);
#38=TOROIDAL_SURFACE('',#2028,1.,0.5);
#39=TOROIDAL_SURFACE('',#2032,1.,0.499999999999998);
#40=TOROIDAL_SURFACE('',#2038,0.999999999999996,0.500000000000001);
#41=TOROIDAL_SURFACE('',#2110,1.,0.499999999999998);
#42=TOROIDAL_SURFACE('',#2117,0.999999999999996,0.499999999999998);
#43=PLANE('',#1990);
#44=PLANE('',#2000);
#45=PLANE('',#2020);
#46=PLANE('',#2140);
#47=PLANE('',#2141);
#48=PLANE('',#2142);
#49=PLANE('',#2143);
#50=PLANE('',#2144);
#51=PLANE('',#2145);
#52=PLANE('',#2146);
#53=PLANE('',#2147);
#54=PLANE('',#2148);
#55=PLANE('',#2149);
#56=PLANE('',#2150);
#57=PLANE('',#2151);
#58=PLANE('',#2152);
#59=PLANE('',#2153);
#60=PLANE('',#2154);
#61=PLANE('',#2155);
#62=PLANE('',#2156);
#63=PLANE('',#2157);
#64=PLANE('',#2158);
#65=PLANE('',#2159);
#66=PLANE('',#2160);
#67=PLANE('',#2161);
#68=PLANE('',#2162);
#69=PLANE('',#2163);
#70=PLANE('',#2164);
#71=PLANE('',#2165);
#72=PLANE('',#2166);
#73=PLANE('',#2167);
#74=PLANE('',#2168);
#75=PLANE('',#2169);
#76=PLANE('',#2170);
#77=PLANE('',#2171);
#78=PLANE('',#2172);
#79=PLANE('',#2173);
#80=PLANE('',#2174);
#81=PLANE('',#2175);
#82=PLANE('',#2176);
#83=PLANE('',#2177);
#84=PLANE('',#2178);
#85=PLANE('',#2179);
#86=PLANE('',#2180);
#87=PLANE('',#2181);
#88=PLANE('',#2182);
#89=PLANE('',#2183);
#90=PLANE('',#2184);
#91=PLANE('',#2185);
#92=PLANE('',#2186);
#93=PLANE('',#2187);
#94=PLANE('',#2188);
#95=PLANE('',#2189);
#96=PLANE('',#2190);
#97=PLANE('',#2191);
#98=PLANE('',#2192);
#99=PLANE('',#2193);
#100=PLANE('',#2194);
#101=LINE('',#2840,#285);
#102=LINE('',#2843,#286);
#103=LINE('',#2846,#287);
#104=LINE('',#2848,#288);
#105=LINE('',#2849,#289);
#106=LINE('',#2852,#290);
#107=LINE('',#2859,#291);
#108=LINE('',#2862,#292);
#109=LINE('',#2898,#293);
#110=LINE('',#2901,#294);
#111=LINE('',#2904,#295);
#112=LINE('',#2905,#296);
#113=LINE('',#2911,#297);
#114=LINE('',#2979,#298);
#115=LINE('',#2982,#299);
#116=LINE('',#2985,#300);
#117=LINE('',#3004,#301);
#118=LINE('',#3005,#302);
#119=LINE('',#3019,#303);
#120=LINE('',#3023,#304);
#121=LINE('',#3026,#305);
#122=LINE('',#3041,#306);
#123=LINE('',#3053,#307);
#124=LINE('',#3056,#308);
#125=LINE('',#3067,#309);
#126=LINE('',#3068,#310);
#127=LINE('',#3079,#311);
#128=LINE('',#3080,#312);
#129=LINE('',#3097,#313);
#130=LINE('',#3099,#314);
#131=LINE('',#3102,#315);
#132=LINE('',#3103,#316);
#133=LINE('',#3106,#317);
#134=LINE('',#3109,#318);
#135=LINE('',#3119,#319);
#136=LINE('',#3121,#320);
#137=LINE('',#3138,#321);
#138=LINE('',#3139,#322);
#139=LINE('',#3141,#323);
#140=LINE('',#3142,#324);
#141=LINE('',#3158,#325);
#142=LINE('',#3159,#326);
#143=LINE('',#3175,#327);
#144=LINE('',#3176,#328);
#145=LINE('',#3178,#329);
#146=LINE('',#3179,#330);
#147=LINE('',#3188,#331);
#148=LINE('',#3189,#332);
#149=LINE('',#3199,#333);
#150=LINE('',#3201,#334);
#151=LINE('',#3204,#335);
#152=LINE('',#3205,#336);
#153=LINE('',#3215,#337);
#154=LINE('',#3217,#338);
#155=LINE('',#3229,#339);
#156=LINE('',#3230,#340);
#157=LINE('',#3232,#341);
#158=LINE('',#3233,#342);
#159=LINE('',#3244,#343);
#160=LINE('',#3245,#344);
#161=LINE('',#3247,#345);
#162=LINE('',#3248,#346);
#163=LINE('',#3250,#347);
#164=LINE('',#3251,#348);
#165=LINE('',#3253,#349);
#166=LINE('',#3254,#350);
#167=LINE('',#3256,#351);
#168=LINE('',#3257,#352);
#169=LINE('',#3259,#353);
#170=LINE('',#3260,#354);
#171=LINE('',#3262,#355);
#172=LINE('',#3263,#356);
#173=LINE('',#3265,#357);
#174=LINE('',#3266,#358);
#175=LINE('',#3268,#359);
#176=LINE('',#3269,#360);
#177=LINE('',#3271,#361);
#178=LINE('',#3272,#362);
#179=LINE('',#3274,#363);
#180=LINE('',#3275,#364);
#181=LINE('',#3278,#365);
#182=LINE('',#3280,#366);
#183=LINE('',#3283,#367);
#184=LINE('',#3284,#368);
#185=LINE('',#3286,#369);
#186=LINE('',#3287,#370);
#187=LINE('',#3289,#371);
#188=LINE('',#3290,#372);
#189=LINE('',#3292,#373);
#190=LINE('',#3293,#374);
#191=LINE('',#3295,#375);
#192=LINE('',#3296,#376);
#193=LINE('',#3299,#377);
#194=LINE('',#3300,#378);
#195=LINE('',#3302,#379);
#196=LINE('',#3305,#380);
#197=LINE('',#3307,#381);
#198=LINE('',#3309,#382);
#199=LINE('',#3310,#383);
#200=LINE('',#3313,#384);
#201=LINE('',#3314,#385);
#202=LINE('',#3317,#386);
#203=LINE('',#3319,#387);
#204=LINE('',#3321,#388);
#205=LINE('',#3322,#389);
#206=LINE('',#3324,#390);
#207=LINE('',#3338,#391);
#208=LINE('',#3340,#392);
#209=LINE('',#3342,#393);
#210=LINE('',#3343,#394);
#211=LINE('',#3346,#395);
#212=LINE('',#3348,#396);
#213=LINE('',#3349,#397);
#214=LINE('',#3352,#398);
#215=LINE('',#3354,#399);
#216=LINE('',#3355,#400);
#217=LINE('',#3357,#401);
#218=LINE('',#3358,#402);
#219=LINE('',#3361,#403);
#220=LINE('',#3363,#404);
#221=LINE('',#3364,#405);
#222=LINE('',#3367,#406);
#223=LINE('',#3368,#407);
#224=LINE('',#3373,#408);
#225=LINE('',#3375,#409);
#226=LINE('',#3377,#410);
#227=LINE('',#3378,#411);
#228=LINE('',#3381,#412);
#229=LINE('',#3383,#413);
#230=LINE('',#3384,#414);
#231=LINE('',#3387,#415);
#232=LINE('',#3389,#416);
#233=LINE('',#3390,#417);
#234=LINE('',#3392,#418);
#235=LINE('',#3393,#419);
#236=LINE('',#3395,#420);
#237=LINE('',#3396,#421);
#238=LINE('',#3398,#422);
#239=LINE('',#3402,#423);
#240=LINE('',#3403,#424);
#241=LINE('',#3405,#425);
#242=LINE('',#3407,#426);
#243=LINE('',#3412,#427);
#244=LINE('',#3414,#428);
#245=LINE('',#3416,#429);
#246=LINE('',#3417,#430);
#247=LINE('',#3420,#431);
#248=LINE('',#3422,#432);
#249=LINE('',#3423,#433);
#250=LINE('',#3426,#434);
#251=LINE('',#3428,#435);
#252=LINE('',#3429,#436);
#253=LINE('',#3431,#437);
#254=LINE('',#3432,#438);
#255=LINE('',#3434,#439);
#256=LINE('',#3435,#440);
#257=LINE('',#3437,#441);
#258=LINE('',#3442,#442);
#259=LINE('',#3444,#443);
#260=LINE('',#3446,#444);
#261=LINE('',#3447,#445);
#262=LINE('',#3450,#446);
#263=LINE('',#3452,#447);
#264=LINE('',#3453,#448);
#265=LINE('',#3456,#449);
#266=LINE('',#3458,#450);
#267=LINE('',#3459,#451);
#268=LINE('',#3461,#452);
#269=LINE('',#3462,#453);
#270=LINE('',#3465,#454);
#271=LINE('',#3467,#455);
#272=LINE('',#3468,#456);
#273=LINE('',#3471,#457);
#274=LINE('',#3472,#458);
#275=LINE('',#3475,#459);
#276=LINE('',#3479,#460);
#277=LINE('',#3480,#461);
#278=LINE('',#3482,#462);
#279=LINE('',#3485,#463);
#280=LINE('',#3486,#464);
#281=LINE('',#3488,#465);
#282=LINE('',#3491,#466);
#283=LINE('',#3492,#467);
#284=LINE('',#3494,#468);
#285=VECTOR('',#2205,10.);
#286=VECTOR('',#2208,10.);
#287=VECTOR('',#2211,10.);
#288=VECTOR('',#2212,10.);
#289=VECTOR('',#2213,10.);
#290=VECTOR('',#2216,10.);
#291=VECTOR('',#2223,10.);
#292=VECTOR('',#2226,10.);
#293=VECTOR('',#2233,10.);
#294=VECTOR('',#2236,10.);
#295=VECTOR('',#2239,10.);
#296=VECTOR('',#2240,10.);
#297=VECTOR('',#2247,10.);
#298=VECTOR('',#2258,10.);
#299=VECTOR('',#2261,10.);
#300=VECTOR('',#2264,10.);
#301=VECTOR('',#2277,10.);
#302=VECTOR('',#2278,10.);
#303=VECTOR('',#2287,10.);
#304=VECTOR('',#2290,10.);
#305=VECTOR('',#2293,10.);
#306=VECTOR('',#2304,10.);
#307=VECTOR('',#2311,10.);
#308=VECTOR('',#2314,10.);
#309=VECTOR('',#2327,10.);
#310=VECTOR('',#2328,10.);
#311=VECTOR('',#2341,10.);
#312=VECTOR('',#2342,10.);
#313=VECTOR('',#2361,10.);
#314=VECTOR('',#2362,10.);
#315=VECTOR('',#2367,10.);
#316=VECTOR('',#2368,10.);
#317=VECTOR('',#2371,10.);
#318=VECTOR('',#2374,10.);
#319=VECTOR('',#2385,10.);
#320=VECTOR('',#2386,10.);
#321=VECTOR('',#2407,10.);
#322=VECTOR('',#2408,10.);
#323=VECTOR('',#2411,10.);
#324=VECTOR('',#2412,10.);
#325=VECTOR('',#2431,10.);
#326=VECTOR('',#2432,10.);
#327=VECTOR('',#2451,10.);
#328=VECTOR('',#2452,10.);
#329=VECTOR('',#2455,10.);
#330=VECTOR('',#2456,10.);
#331=VECTOR('',#2467,10.);
#332=VECTOR('',#2468,10.);
#333=VECTOR('',#2479,10.);
#334=VECTOR('',#2480,10.);
#335=VECTOR('',#2485,10.);
#336=VECTOR('',#2486,10.);
#337=VECTOR('',#2497,10.);
#338=VECTOR('',#2498,10.);
#339=VECTOR('',#2513,10.);
#340=VECTOR('',#2514,10.);
#341=VECTOR('',#2517,10.);
#342=VECTOR('',#2518,10.);
#343=VECTOR('',#2531,10.);
#344=VECTOR('',#2532,10.);
#345=VECTOR('',#2535,10.);
#346=VECTOR('',#2536,10.);
#347=VECTOR('',#2539,10.);
#348=VECTOR('',#2540,10.);
#349=VECTOR('',#2543,10.);
#350=VECTOR('',#2544,10.);
#351=VECTOR('',#2547,10.);
#352=VECTOR('',#2548,10.);
#353=VECTOR('',#2551,10.);
#354=VECTOR('',#2552,10.);
#355=VECTOR('',#2555,10.);
#356=VECTOR('',#2556,10.);
#357=VECTOR('',#2559,10.);
#358=VECTOR('',#2560,10.);
#359=VECTOR('',#2563,10.);
#360=VECTOR('',#2564,10.);
#361=VECTOR('',#2567,10.);
#362=VECTOR('',#2568,10.);
#363=VECTOR('',#2571,10.);
#364=VECTOR('',#2572,10.);
#365=VECTOR('',#2575,10.);
#366=VECTOR('',#2576,10.);
#367=VECTOR('',#2581,10.);
#368=VECTOR('',#2582,10.);
#369=VECTOR('',#2585,10.);
#370=VECTOR('',#2586,10.);
#371=VECTOR('',#2589,10.);
#372=VECTOR('',#2590,10.);
#373=VECTOR('',#2593,10.);
#374=VECTOR('',#2594,10.);
#375=VECTOR('',#2597,10.);
#376=VECTOR('',#2598,10.);
#377=VECTOR('',#2601,10.);
#378=VECTOR('',#2602,10.);
#379=VECTOR('',#2605,10.);
#380=VECTOR('',#2606,10.);
#381=VECTOR('',#2607,10.);
#382=VECTOR('',#2608,10.);
#383=VECTOR('',#2609,10.);
#384=VECTOR('',#2612,10.);
#385=VECTOR('',#2613,10.);
#386=VECTOR('',#2614,10.);
#387=VECTOR('',#2615,10.);
#388=VECTOR('',#2616,10.);
#389=VECTOR('',#2617,10.);
#390=VECTOR('',#2620,10.);
#391=VECTOR('',#2643,10.);
#392=VECTOR('',#2644,10.);
#393=VECTOR('',#2645,10.);
#394=VECTOR('',#2646,10.);
#395=VECTOR('',#2649,10.);
#396=VECTOR('',#2650,10.);
#397=VECTOR('',#2651,10.);
#398=VECTOR('',#2654,10.);
#399=VECTOR('',#2655,10.);
#400=VECTOR('',#2656,10.);
#401=VECTOR('',#2659,10.);
#402=VECTOR('',#2660,10.);
#403=VECTOR('',#2663,10.);
#404=VECTOR('',#2664,10.);
#405=VECTOR('',#2665,10.);
#406=VECTOR('',#2668,10.);
#407=VECTOR('',#2669,10.);
#408=VECTOR('',#2674,10.);
#409=VECTOR('',#2675,10.);
#410=VECTOR('',#2676,10.);
#411=VECTOR('',#2677,10.);
#412=VECTOR('',#2680,10.);
#413=VECTOR('',#2681,10.);
#414=VECTOR('',#2682,10.);
#415=VECTOR('',#2685,10.);
#416=VECTOR('',#2686,10.);
#417=VECTOR('',#2687,10.);
#418=VECTOR('',#2690,10.);
#419=VECTOR('',#2691,10.);
#420=VECTOR('',#2694,10.);
#421=VECTOR('',#2695,10.);
#422=VECTOR('',#2698,10.);
#423=VECTOR('',#2703,10.);
#424=VECTOR('',#2704,10.);
#425=VECTOR('',#2707,10.);
#426=VECTOR('',#2710,10.);
#427=VECTOR('',#2715,10.);
#428=VECTOR('',#2716,10.);
#429=VECTOR('',#2717,10.);
#430=VECTOR('',#2718,10.);
#431=VECTOR('',#2721,10.);
#432=VECTOR('',#2722,10.);
#433=VECTOR('',#2723,10.);
#434=VECTOR('',#2726,10.);
#435=VECTOR('',#2727,10.);
#436=VECTOR('',#2728,10.);
#437=VECTOR('',#2731,10.);
#438=VECTOR('',#2732,10.);
#439=VECTOR('',#2735,10.);
#440=VECTOR('',#2736,10.);
#441=VECTOR('',#2739,10.);
#442=VECTOR('',#2744,10.);
#443=VECTOR('',#2745,10.);
#444=VECTOR('',#2746,10.);
#445=VECTOR('',#2747,10.);
#446=VECTOR('',#2750,10.);
#447=VECTOR('',#2751,10.);
#448=VECTOR('',#2752,10.);
#449=VECTOR('',#2755,10.);
#450=VECTOR('',#2756,10.);
#451=VECTOR('',#2757,10.);
#452=VECTOR('',#2760,10.);
#453=VECTOR('',#2761,10.);
#454=VECTOR('',#2764,10.);
#455=VECTOR('',#2765,10.);
#456=VECTOR('',#2766,10.);
#457=VECTOR('',#2769,10.);
#458=VECTOR('',#2770,10.);
#459=VECTOR('',#2775,10.);
#460=VECTOR('',#2780,10.);
#461=VECTOR('',#2781,10.);
#462=VECTOR('',#2784,10.);
#463=VECTOR('',#2787,10.);
#464=VECTOR('',#2788,10.);
#465=VECTOR('',#2791,10.);
#466=VECTOR('',#2794,10.);
#467=VECTOR('',#2795,10.);
#468=VECTOR('',#2798,10.);
#469=CYLINDRICAL_SURFACE('',#1988,0.6);
#470=CYLINDRICAL_SURFACE('',#1991,0.5);
#471=CYLINDRICAL_SURFACE('',#1993,0.6);
#472=CYLINDRICAL_SURFACE('',#1998,0.5);
#473=CYLINDRICAL_SURFACE('',#2001,0.6);
#474=CYLINDRICAL_SURFACE('',#2007,0.6);
#475=CYLINDRICAL_SURFACE('',#2009,0.5);
#476=CYLINDRICAL_SURFACE('',#2015,0.5);
#477=CYLINDRICAL_SURFACE('',#2026,0.5);
#478=CYLINDRICAL_SURFACE('',#2030,0.5);
#479=CYLINDRICAL_SURFACE('',#2037,0.5);
#480=CYLINDRICAL_SURFACE('',#2043,0.5);
#481=CYLINDRICAL_SURFACE('',#2052,0.5);
#482=CYLINDRICAL_SURFACE('',#2054,0.5);
#483=CYLINDRICAL_SURFACE('',#2055,0.5);
#484=CYLINDRICAL_SURFACE('',#2061,0.5);
#485=CYLINDRICAL_SURFACE('',#2071,0.5);
#486=CYLINDRICAL_SURFACE('',#2072,0.5);
#487=CYLINDRICAL_SURFACE('',#2081,0.5);
#488=CYLINDRICAL_SURFACE('',#2090,0.5);
#489=CYLINDRICAL_SURFACE('',#2091,0.5);
#490=CYLINDRICAL_SURFACE('',#2096,0.5);
#491=CYLINDRICAL_SURFACE('',#2101,0.5);
#492=CYLINDRICAL_SURFACE('',#2103,0.5);
#493=CYLINDRICAL_SURFACE('',#2108,0.5);
#494=CYLINDRICAL_SURFACE('',#2115,0.5);
#495=CYLINDRICAL_SURFACE('',#2116,0.5);
#496=CYLINDRICAL_SURFACE('',#2122,0.5);
#497=CYLINDRICAL_SURFACE('',#2123,0.5);
#498=CYLINDRICAL_SURFACE('',#2124,0.5);
#499=CYLINDRICAL_SURFACE('',#2125,0.5);
#500=CYLINDRICAL_SURFACE('',#2126,0.5);
#501=CYLINDRICAL_SURFACE('',#2127,0.5);
#502=CYLINDRICAL_SURFACE('',#2128,0.5);
#503=CYLINDRICAL_SURFACE('',#2129,0.5);
#504=CYLINDRICAL_SURFACE('',#2130,0.5);
#505=CYLINDRICAL_SURFACE('',#2131,0.5);
#506=CYLINDRICAL_SURFACE('',#2132,0.5);
#507=CYLINDRICAL_SURFACE('',#2133,0.5);
#508=CYLINDRICAL_SURFACE('',#2135,0.5);
#509=CYLINDRICAL_SURFACE('',#2136,0.5);
#510=CYLINDRICAL_SURFACE('',#2137,0.5);
#511=CYLINDRICAL_SURFACE('',#2138,0.5);
#512=CYLINDRICAL_SURFACE('',#2139,0.5);
#513=FACE_OUTER_BOUND('',#639,.T.);
#514=FACE_OUTER_BOUND('',#640,.T.);
#515=FACE_OUTER_BOUND('',#641,.T.);
#516=FACE_OUTER_BOUND('',#642,.T.);
#517=FACE_OUTER_BOUND('',#643,.T.);
#518=FACE_OUTER_BOUND('',#644,.T.);
#519=FACE_OUTER_BOUND('',#645,.T.);
#520=FACE_OUTER_BOUND('',#646,.T.);
#521=FACE_OUTER_BOUND('',#647,.T.);
#522=FACE_OUTER_BOUND('',#648,.T.);
#523=FACE_OUTER_BOUND('',#649,.T.);
#524=FACE_OUTER_BOUND('',#650,.T.);
#525=FACE_OUTER_BOUND('',#651,.T.);
#526=FACE_OUTER_BOUND('',#652,.T.);
#527=FACE_OUTER_BOUND('',#653,.T.);
#528=FACE_OUTER_BOUND('',#654,.T.);
#529=FACE_OUTER_BOUND('',#655,.T.);
#530=FACE_OUTER_BOUND('',#656,.T.);
#531=FACE_OUTER_BOUND('',#657,.T.);
#532=FACE_OUTER_BOUND('',#658,.T.);
#533=FACE_OUTER_BOUND('',#659,.T.);
#534=FACE_OUTER_BOUND('',#660,.T.);
#535=FACE_OUTER_BOUND('',#661,.T.);
#536=FACE_OUTER_BOUND('',#662,.T.);
#537=FACE_OUTER_BOUND('',#663,.T.);
#538=FACE_OUTER_BOUND('',#664,.T.);
#539=FACE_OUTER_BOUND('',#665,.T.);
#540=FACE_OUTER_BOUND('',#666,.T.);
#541=FACE_OUTER_BOUND('',#667,.T.);
#542=FACE_OUTER_BOUND('',#668,.T.);
#543=FACE_OUTER_BOUND('',#669,.T.);
#544=FACE_OUTER_BOUND('',#670,.T.);
#545=FACE_OUTER_BOUND('',#671,.T.);
#546=FACE_OUTER_BOUND('',#672,.T.);
#547=FACE_OUTER_BOUND('',#673,.T.);
#548=FACE_OUTER_BOUND('',#674,.T.);
#549=FACE_OUTER_BOUND('',#675,.T.);
#550=FACE_OUTER_BOUND('',#676,.T.);
#551=FACE_OUTER_BOUND('',#677,.T.);
#552=FACE_OUTER_BOUND('',#678,.T.);
#553=FACE_OUTER_BOUND('',#679,.T.);
#554=FACE_OUTER_BOUND('',#680,.T.);
#555=FACE_OUTER_BOUND('',#681,.T.);
#556=FACE_OUTER_BOUND('',#682,.T.);
#557=FACE_OUTER_BOUND('',#683,.T.);
#558=FACE_OUTER_BOUND('',#684,.T.);
#559=FACE_OUTER_BOUND('',#685,.T.);
#560=FACE_OUTER_BOUND('',#686,.T.);
#561=FACE_OUTER_BOUND('',#687,.T.);
#562=FACE_OUTER_BOUND('',#688,.T.);
#563=FACE_OUTER_BOUND('',#689,.T.);
#564=FACE_OUTER_BOUND('',#690,.T.);
#565=FACE_OUTER_BOUND('',#691,.T.);
#566=FACE_OUTER_BOUND('',#692,.T.);
#567=FACE_OUTER_BOUND('',#693,.T.);
#568=FACE_OUTER_BOUND('',#694,.T.);
#569=FACE_OUTER_BOUND('',#695,.T.);
#570=FACE_OUTER_BOUND('',#696,.T.);
#571=FACE_OUTER_BOUND('',#697,.T.);
#572=FACE_OUTER_BOUND('',#698,.T.);
#573=FACE_OUTER_BOUND('',#699,.T.);
#574=FACE_OUTER_BOUND('',#700,.T.);
#575=FACE_OUTER_BOUND('',#701,.T.);
#576=FACE_OUTER_BOUND('',#702,.T.);
#577=FACE_OUTER_BOUND('',#703,.T.);
#578=FACE_OUTER_BOUND('',#704,.T.);
#579=FACE_OUTER_BOUND('',#705,.T.);
#580=FACE_OUTER_BOUND('',#706,.T.);
#581=FACE_OUTER_BOUND('',#707,.T.);
#582=FACE_OUTER_BOUND('',#708,.T.);
#583=FACE_OUTER_BOUND('',#709,.T.);
#584=FACE_OUTER_BOUND('',#710,.T.);
#585=FACE_OUTER_BOUND('',#711,.T.);
#586=FACE_OUTER_BOUND('',#713,.T.);
#587=FACE_OUTER_BOUND('',#715,.T.);
#588=FACE_OUTER_BOUND('',#716,.T.);
#589=FACE_OUTER_BOUND('',#717,.T.);
#590=FACE_OUTER_BOUND('',#718,.T.);
#591=FACE_OUTER_BOUND('',#719,.T.);
#592=FACE_OUTER_BOUND('',#720,.T.);
#593=FACE_OUTER_BOUND('',#721,.T.);
#594=FACE_OUTER_BOUND('',#722,.T.);
#595=FACE_OUTER_BOUND('',#723,.T.);
#596=FACE_OUTER_BOUND('',#724,.T.);
#597=FACE_OUTER_BOUND('',#725,.T.);
#598=FACE_OUTER_BOUND('',#726,.T.);
#599=FACE_OUTER_BOUND('',#727,.T.);
#600=FACE_OUTER_BOUND('',#728,.T.);
#601=FACE_OUTER_BOUND('',#729,.T.);
#602=FACE_OUTER_BOUND('',#730,.T.);
#603=FACE_OUTER_BOUND('',#731,.T.);
#604=FACE_OUTER_BOUND('',#732,.T.);
#605=FACE_OUTER_BOUND('',#733,.T.);
#606=FACE_OUTER_BOUND('',#734,.T.);
#607=FACE_OUTER_BOUND('',#735,.T.);
#608=FACE_OUTER_BOUND('',#736,.T.);
#609=FACE_OUTER_BOUND('',#737,.T.);
#610=FACE_OUTER_BOUND('',#738,.T.);
#611=FACE_OUTER_BOUND('',#739,.T.);
#612=FACE_OUTER_BOUND('',#740,.T.);
#613=FACE_OUTER_BOUND('',#741,.T.);
#614=FACE_OUTER_BOUND('',#742,.T.);
#615=FACE_OUTER_BOUND('',#743,.T.);
#616=FACE_OUTER_BOUND('',#744,.T.);
#617=FACE_OUTER_BOUND('',#745,.T.);
#618=FACE_OUTER_BOUND('',#746,.T.);
#619=FACE_OUTER_BOUND('',#747,.T.);
#620=FACE_OUTER_BOUND('',#748,.T.);
#621=FACE_OUTER_BOUND('',#749,.T.);
#622=FACE_OUTER_BOUND('',#750,.T.);
#623=FACE_OUTER_BOUND('',#751,.T.);
#624=FACE_OUTER_BOUND('',#752,.T.);
#625=FACE_OUTER_BOUND('',#753,.T.);
#626=FACE_OUTER_BOUND('',#754,.T.);
#627=FACE_OUTER_BOUND('',#755,.T.);
#628=FACE_OUTER_BOUND('',#756,.T.);
#629=FACE_OUTER_BOUND('',#757,.T.);
#630=FACE_OUTER_BOUND('',#758,.T.);
#631=FACE_OUTER_BOUND('',#759,.T.);
#632=FACE_OUTER_BOUND('',#760,.T.);
#633=FACE_OUTER_BOUND('',#761,.T.);
#634=FACE_OUTER_BOUND('',#762,.T.);
#635=FACE_OUTER_BOUND('',#764,.T.);
#636=FACE_OUTER_BOUND('',#765,.T.);
#637=FACE_OUTER_BOUND('',#767,.T.);
#638=FACE_OUTER_BOUND('',#768,.T.);
#639=EDGE_LOOP('',(#1289,#1290,#1291));
#640=EDGE_LOOP('',(#1292,#1293,#1294,#1295));
#641=EDGE_LOOP('',(#1296,#1297,#1298,#1299));
#642=EDGE_LOOP('',(#1300,#1301,#1302,#1303));
#643=EDGE_LOOP('',(#1304,#1305,#1306,#1307));
#644=EDGE_LOOP('',(#1308,#1309,#1310));
#645=EDGE_LOOP('',(#1311,#1312,#1313,#1314));
#646=EDGE_LOOP('',(#1315,#1316,#1317,#1318));
#647=EDGE_LOOP('',(#1319,#1320,#1321,#1322));
#648=EDGE_LOOP('',(#1323,#1324,#1325));
#649=EDGE_LOOP('',(#1326,#1327,#1328));
#650=EDGE_LOOP('',(#1329,#1330,#1331,#1332));
#651=EDGE_LOOP('',(#1333,#1334,#1335,#1336));
#652=EDGE_LOOP('',(#1337,#1338,#1339,#1340));
#653=EDGE_LOOP('',(#1341,#1342,#1343,#1344));
#654=EDGE_LOOP('',(#1345,#1346,#1347,#1348));
#655=EDGE_LOOP('',(#1349,#1350,#1351,#1352,#1353,#1354,#1355,#1356));
#656=EDGE_LOOP('',(#1357,#1358,#1359,#1360));
#657=EDGE_LOOP('',(#1361,#1362,#1363,#1364));
#658=EDGE_LOOP('',(#1365,#1366,#1367,#1368));
#659=EDGE_LOOP('',(#1369,#1370,#1371,#1372));
#660=EDGE_LOOP('',(#1373,#1374,#1375,#1376));
#661=EDGE_LOOP('',(#1377,#1378,#1379,#1380));
#662=EDGE_LOOP('',(#1381,#1382,#1383,#1384));
#663=EDGE_LOOP('',(#1385,#1386,#1387,#1388));
#664=EDGE_LOOP('',(#1389,#1390,#1391));
#665=EDGE_LOOP('',(#1392,#1393,#1394));
#666=EDGE_LOOP('',(#1395,#1396,#1397,#1398));
#667=EDGE_LOOP('',(#1399,#1400,#1401,#1402));
#668=EDGE_LOOP('',(#1403,#1404,#1405,#1406));
#669=EDGE_LOOP('',(#1407,#1408,#1409));
#670=EDGE_LOOP('',(#1410,#1411,#1412,#1413));
#671=EDGE_LOOP('',(#1414,#1415,#1416));
#672=EDGE_LOOP('',(#1417,#1418,#1419));
#673=EDGE_LOOP('',(#1420,#1421,#1422,#1423));
#674=EDGE_LOOP('',(#1424,#1425,#1426,#1427));
#675=EDGE_LOOP('',(#1428,#1429,#1430));
#676=EDGE_LOOP('',(#1431,#1432,#1433));
#677=EDGE_LOOP('',(#1434,#1435,#1436,#1437));
#678=EDGE_LOOP('',(#1438,#1439,#1440));
#679=EDGE_LOOP('',(#1441,#1442,#1443));
#680=EDGE_LOOP('',(#1444,#1445,#1446,#1447));
#681=EDGE_LOOP('',(#1448,#1449,#1450,#1451));
#682=EDGE_LOOP('',(#1452,#1453,#1454));
#683=EDGE_LOOP('',(#1455,#1456,#1457,#1458));
#684=EDGE_LOOP('',(#1459,#1460,#1461));
#685=EDGE_LOOP('',(#1462,#1463,#1464,#1465));
#686=EDGE_LOOP('',(#1466,#1467,#1468,#1469));
#687=EDGE_LOOP('',(#1470,#1471,#1472));
#688=EDGE_LOOP('',(#1473,#1474,#1475,#1476));
#689=EDGE_LOOP('',(#1477,#1478,#1479,#1480));
#690=EDGE_LOOP('',(#1481,#1482,#1483,#1484));
#691=EDGE_LOOP('',(#1485,#1486,#1487,#1488));
#692=EDGE_LOOP('',(#1489,#1490,#1491,#1492));
#693=EDGE_LOOP('',(#1493,#1494,#1495,#1496));
#694=EDGE_LOOP('',(#1497,#1498,#1499,#1500));
#695=EDGE_LOOP('',(#1501,#1502,#1503,#1504));
#696=EDGE_LOOP('',(#1505,#1506,#1507,#1508));
#697=EDGE_LOOP('',(#1509,#1510,#1511,#1512));
#698=EDGE_LOOP('',(#1513,#1514,#1515,#1516));
#699=EDGE_LOOP('',(#1517,#1518,#1519,#1520));
#700=EDGE_LOOP('',(#1521,#1522,#1523,#1524));
#701=EDGE_LOOP('',(#1525,#1526,#1527,#1528));
#702=EDGE_LOOP('',(#1529,#1530,#1531,#1532));
#703=EDGE_LOOP('',(#1533,#1534,#1535,#1536));
#704=EDGE_LOOP('',(#1537,#1538,#1539,#1540));
#705=EDGE_LOOP('',(#1541,#1542,#1543,#1544));
#706=EDGE_LOOP('',(#1545,#1546,#1547,#1548));
#707=EDGE_LOOP('',(#1549,#1550,#1551,#1552));
#708=EDGE_LOOP('',(#1553,#1554,#1555,#1556));
#709=EDGE_LOOP('',(#1557,#1558,#1559,#1560));
#710=EDGE_LOOP('',(#1561,#1562,#1563,#1564));
#711=EDGE_LOOP('',(#1565,#1566,#1567,#1568));
#712=EDGE_LOOP('',(#1569,#1570,#1571,#1572));
#713=EDGE_LOOP('',(#1573,#1574,#1575,#1576));
#714=EDGE_LOOP('',(#1577,#1578,#1579,#1580));
#715=EDGE_LOOP('',(#1581,#1582,#1583,#1584));
#716=EDGE_LOOP('',(#1585,#1586,#1587,#1588,#1589,#1590,#1591,#1592,#1593,
#1594,#1595,#1596,#1597,#1598,#1599,#1600));
#717=EDGE_LOOP('',(#1601,#1602,#1603,#1604));
#718=EDGE_LOOP('',(#1605,#1606,#1607,#1608));
#719=EDGE_LOOP('',(#1609,#1610,#1611,#1612));
#720=EDGE_LOOP('',(#1613,#1614,#1615,#1616,#1617,#1618,#1619,#1620));
#721=EDGE_LOOP('',(#1621,#1622,#1623,#1624,#1625,#1626,#1627,#1628));
#722=EDGE_LOOP('',(#1629,#1630,#1631,#1632));
#723=EDGE_LOOP('',(#1633,#1634,#1635,#1636));
#724=EDGE_LOOP('',(#1637,#1638,#1639,#1640,#1641,#1642,#1643,#1644,#1645,
#1646,#1647,#1648,#1649,#1650,#1651,#1652));
#725=EDGE_LOOP('',(#1653,#1654,#1655,#1656));
#726=EDGE_LOOP('',(#1657,#1658,#1659,#1660));
#727=EDGE_LOOP('',(#1661,#1662,#1663,#1664));
#728=EDGE_LOOP('',(#1665,#1666,#1667,#1668));
#729=EDGE_LOOP('',(#1669,#1670,#1671,#1672));
#730=EDGE_LOOP('',(#1673,#1674,#1675,#1676));
#731=EDGE_LOOP('',(#1677,#1678,#1679,#1680));
#732=EDGE_LOOP('',(#1681,#1682,#1683,#1684));
#733=EDGE_LOOP('',(#1685,#1686,#1687,#1688));
#734=EDGE_LOOP('',(#1689,#1690,#1691,#1692));
#735=EDGE_LOOP('',(#1693,#1694,#1695,#1696));
#736=EDGE_LOOP('',(#1697,#1698,#1699,#1700));
#737=EDGE_LOOP('',(#1701,#1702,#1703,#1704));
#738=EDGE_LOOP('',(#1705,#1706,#1707,#1708));
#739=EDGE_LOOP('',(#1709,#1710,#1711,#1712));
#740=EDGE_LOOP('',(#1713,#1714,#1715,#1716));
#741=EDGE_LOOP('',(#1717,#1718,#1719,#1720));
#742=EDGE_LOOP('',(#1721,#1722,#1723,#1724));
#743=EDGE_LOOP('',(#1725,#1726,#1727,#1728));
#744=EDGE_LOOP('',(#1729,#1730,#1731,#1732));
#745=EDGE_LOOP('',(#1733,#1734,#1735,#1736));
#746=EDGE_LOOP('',(#1737,#1738,#1739,#1740));
#747=EDGE_LOOP('',(#1741,#1742,#1743,#1744));
#748=EDGE_LOOP('',(#1745,#1746,#1747,#1748));
#749=EDGE_LOOP('',(#1749,#1750,#1751,#1752));
#750=EDGE_LOOP('',(#1753,#1754,#1755,#1756));
#751=EDGE_LOOP('',(#1757,#1758,#1759,#1760));
#752=EDGE_LOOP('',(#1761,#1762,#1763,#1764));
#753=EDGE_LOOP('',(#1765,#1766,#1767,#1768));
#754=EDGE_LOOP('',(#1769,#1770,#1771,#1772));
#755=EDGE_LOOP('',(#1773,#1774,#1775,#1776));
#756=EDGE_LOOP('',(#1777,#1778,#1779,#1780));
#757=EDGE_LOOP('',(#1781,#1782,#1783,#1784));
#758=EDGE_LOOP('',(#1785,#1786,#1787,#1788));
#759=EDGE_LOOP('',(#1789,#1790,#1791,#1792));
#760=EDGE_LOOP('',(#1793,#1794,#1795,#1796));
#761=EDGE_LOOP('',(#1797,#1798,#1799,#1800));
#762=EDGE_LOOP('',(#1801,#1802,#1803,#1804));
#763=EDGE_LOOP('',(#1805,#1806,#1807,#1808));
#764=EDGE_LOOP('',(#1809,#1810,#1811,#1812));
#765=EDGE_LOOP('',(#1813,#1814,#1815,#1816));
#766=EDGE_LOOP('',(#1817,#1818,#1819,#1820));
#767=EDGE_LOOP('',(#1821,#1822,#1823,#1824,#1825,#1826,#1827,#1828,#1829,
#1830,#1831,#1832,#1833,#1834,#1835,#1836));
#768=EDGE_LOOP('',(#1837,#1838,#1839,#1840));
#769=ELLIPSE('',#1986,1.20830459735946,0.499999999999998);
#770=ELLIPSE('',#1987,1.20830459735946,0.500000000000003);
#771=ELLIPSE('',#1992,1.20830459735945,0.499999999999998);
#772=ELLIPSE('',#1996,1.20830459735946,0.499999999999998);
#773=ELLIPSE('',#1997,1.20830459735946,0.5);
#774=ELLIPSE('',#1999,1.20830459735946,0.499999999999998);
#775=ELLIPSE('',#2004,1.20830459735946,0.499999999999998);
#776=ELLIPSE('',#2006,1.20830459735946,0.499999999999998);
#777=ELLIPSE('',#2010,0.707106781186548,0.5);
#778=ELLIPSE('',#2031,0.707106781186547,0.5);
#779=ELLIPSE('',#2053,0.707106781187654,0.5);
#780=ELLIPSE('',#2056,0.707106781186552,0.5);
#781=ELLIPSE('',#2062,0.707106781185387,0.5);
#782=ELLIPSE('',#2102,0.707106781186553,0.5);
#783=ELLIPSE('',#2109,0.707106781186553,0.5);
#784=ELLIPSE('',#2134,0.707106781186549,0.5);
#785=CIRCLE('',#1985,0.600000000000003);
#786=CIRCLE('',#1989,0.6);
#787=CIRCLE('',#1994,0.6);
#788=CIRCLE('',#1995,0.600000000000003);
#789=CIRCLE('',#2002,0.6);
#790=CIRCLE('',#2003,0.600000000000001);
#791=CIRCLE('',#2005,0.599999999999998);
#792=CIRCLE('',#2008,0.6);
#793=CIRCLE('',#2012,0.500000000000011);
#794=CIRCLE('',#2013,0.5);
#795=CIRCLE('',#2014,1.);
#796=CIRCLE('',#2016,0.5);
#797=CIRCLE('',#2018,0.5);
#798=CIRCLE('',#2019,1.);
#799=CIRCLE('',#2021,1.);
#800=CIRCLE('',#2022,1.);
#801=CIRCLE('',#2024,0.499999999999998);
#802=CIRCLE('',#2025,0.5);
#803=CIRCLE('',#2027,0.500000000000003);
#804=CIRCLE('',#2029,0.5);
#805=CIRCLE('',#2033,0.499999999999998);
#806=CIRCLE('',#2034,0.500000000000001);
#807=CIRCLE('',#2035,0.500000000000001);
#808=CIRCLE('',#2036,1.00000000000001);
#809=CIRCLE('',#2039,0.500000000000001);
#810=CIRCLE('',#2040,0.499999999999998);
#811=CIRCLE('',#2041,0.499999999999998);
#812=CIRCLE('',#2042,0.999999999999997);
#813=CIRCLE('',#2045,0.500000000000003);
#814=CIRCLE('',#2046,0.499999999999998);
#815=CIRCLE('',#2047,0.5);
#816=CIRCLE('',#2049,0.500000000000001);
#817=CIRCLE('',#2050,0.499999999999998);
#818=CIRCLE('',#2051,0.500000000000001);
#819=CIRCLE('',#2058,0.499999999999998);
#820=CIRCLE('',#2059,0.500000000000001);
#821=CIRCLE('',#2060,0.500000000000006);
#822=CIRCLE('',#2064,0.5);
#823=CIRCLE('',#2065,0.500000000000001);
#824=CIRCLE('',#2066,0.5);
#825=CIRCLE('',#2068,0.499999999999998);
#826=CIRCLE('',#2069,0.500000000000003);
#827=CIRCLE('',#2070,0.500000000000001);
#828=CIRCLE('',#2074,0.499999999999998);
#829=CIRCLE('',#2075,0.499999999999998);
#830=CIRCLE('',#2076,0.500000000000003);
#831=CIRCLE('',#2078,0.500000000000001);
#832=CIRCLE('',#2079,0.5);
#833=CIRCLE('',#2080,0.500000000000001);
#834=CIRCLE('',#2083,0.5);
#835=CIRCLE('',#2084,0.5);
#836=CIRCLE('',#2085,0.500000000000003);
#837=CIRCLE('',#2087,0.500000000000001);
#838=CIRCLE('',#2088,0.499999999999998);
#839=CIRCLE('',#2089,0.500000000000007);
#840=CIRCLE('',#2093,0.5);
#841=CIRCLE('',#2094,0.5);
#842=CIRCLE('',#2095,0.500000000000003);
#843=CIRCLE('',#2098,0.499999999999998);
#844=CIRCLE('',#2099,0.500000000000004);
#845=CIRCLE('',#2100,0.500000000000001);
#846=CIRCLE('',#2105,0.500000000000001);
#847=CIRCLE('',#2106,0.499999999999998);
#848=CIRCLE('',#2107,0.499999999999998);
#849=CIRCLE('',#2111,0.499999999999998);
#850=CIRCLE('',#2112,0.499999999999998);
#851=CIRCLE('',#2113,0.500000000000001);
#852=CIRCLE('',#2114,0.999999999999996);
#853=CIRCLE('',#2118,0.499999999999998);
#854=CIRCLE('',#2119,0.499999999999998);
#855=CIRCLE('',#2120,0.500000000000001);
#856=CIRCLE('',#2121,0.999999999999993);
#857=VERTEX_POINT('',#2832);
#858=VERTEX_POINT('',#2833);
#859=VERTEX_POINT('',#2835);
#860=VERTEX_POINT('',#2839);
#861=VERTEX_POINT('',#2841);
#862=VERTEX_POINT('',#2845);
#863=VERTEX_POINT('',#2847);
#864=VERTEX_POINT('',#2851);
#865=VERTEX_POINT('',#2855);
#866=VERTEX_POINT('',#2856);
#867=VERTEX_POINT('',#2858);
#868=VERTEX_POINT('',#2860);
#869=VERTEX_POINT('',#2893);
#870=VERTEX_POINT('',#2897);
#871=VERTEX_POINT('',#2899);
#872=VERTEX_POINT('',#2903);
#873=VERTEX_POINT('',#2907);
#874=VERTEX_POINT('',#2909);
#875=VERTEX_POINT('',#2973);
#876=VERTEX_POINT('',#2977);
#877=VERTEX_POINT('',#2981);
#878=VERTEX_POINT('',#2983);
#879=VERTEX_POINT('',#2987);
#880=VERTEX_POINT('',#2988);
#881=VERTEX_POINT('',#2990);
#882=VERTEX_POINT('',#2992);
#883=VERTEX_POINT('',#3001);
#884=VERTEX_POINT('',#3002);
#885=VERTEX_POINT('',#3007);
#886=VERTEX_POINT('',#3008);
#887=VERTEX_POINT('',#3018);
#888=VERTEX_POINT('',#3020);
#889=VERTEX_POINT('',#3022);
#890=VERTEX_POINT('',#3024);
#891=VERTEX_POINT('',#3028);
#892=VERTEX_POINT('',#3030);
#893=VERTEX_POINT('',#3039);
#894=VERTEX_POINT('',#3043);
#895=VERTEX_POINT('',#3052);
#896=VERTEX_POINT('',#3054);
#897=VERTEX_POINT('',#3058);
#898=VERTEX_POINT('',#3059);
#899=VERTEX_POINT('',#3061);
#900=VERTEX_POINT('',#3063);
#901=VERTEX_POINT('',#3070);
#902=VERTEX_POINT('',#3071);
#903=VERTEX_POINT('',#3073);
#904=VERTEX_POINT('',#3075);
#905=VERTEX_POINT('',#3082);
#906=VERTEX_POINT('',#3083);
#907=VERTEX_POINT('',#3085);
#908=VERTEX_POINT('',#3089);
#909=VERTEX_POINT('',#3090);
#910=VERTEX_POINT('',#3092);
#911=VERTEX_POINT('',#3096);
#912=VERTEX_POINT('',#3098);
#913=VERTEX_POINT('',#3105);
#914=VERTEX_POINT('',#3107);
#915=VERTEX_POINT('',#3111);
#916=VERTEX_POINT('',#3112);
#917=VERTEX_POINT('',#3114);
#918=VERTEX_POINT('',#3118);
#919=VERTEX_POINT('',#3120);
#920=VERTEX_POINT('',#3124);
#921=VERTEX_POINT('',#3125);
#922=VERTEX_POINT('',#3127);
#923=VERTEX_POINT('',#3131);
#924=VERTEX_POINT('',#3132);
#925=VERTEX_POINT('',#3134);
#926=VERTEX_POINT('',#3144);
#927=VERTEX_POINT('',#3145);
#928=VERTEX_POINT('',#3147);
#929=VERTEX_POINT('',#3151);
#930=VERTEX_POINT('',#3152);
#931=VERTEX_POINT('',#3154);
#932=VERTEX_POINT('',#3161);
#933=VERTEX_POINT('',#3162);
#934=VERTEX_POINT('',#3164);
#935=VERTEX_POINT('',#3168);
#936=VERTEX_POINT('',#3169);
#937=VERTEX_POINT('',#3171);
#938=VERTEX_POINT('',#3181);
#939=VERTEX_POINT('',#3182);
#940=VERTEX_POINT('',#3184);
#941=VERTEX_POINT('',#3191);
#942=VERTEX_POINT('',#3192);
#943=VERTEX_POINT('',#3194);
#944=VERTEX_POINT('',#3198);
#945=VERTEX_POINT('',#3200);
#946=VERTEX_POINT('',#3207);
#947=VERTEX_POINT('',#3208);
#948=VERTEX_POINT('',#3210);
#949=VERTEX_POINT('',#3214);
#950=VERTEX_POINT('',#3216);
#951=VERTEX_POINT('',#3220);
#952=VERTEX_POINT('',#3221);
#953=VERTEX_POINT('',#3223);
#954=VERTEX_POINT('',#3225);
#955=VERTEX_POINT('',#3235);
#956=VERTEX_POINT('',#3236);
#957=VERTEX_POINT('',#3238);
#958=VERTEX_POINT('',#3240);
#959=VERTEX_POINT('',#3277);
#960=VERTEX_POINT('',#3279);
#961=VERTEX_POINT('',#3298);
#962=VERTEX_POINT('',#3303);
#963=VERTEX_POINT('',#3304);
#964=VERTEX_POINT('',#3306);
#965=VERTEX_POINT('',#3308);
#966=VERTEX_POINT('',#3312);
#967=VERTEX_POINT('',#3315);
#968=VERTEX_POINT('',#3316);
#969=VERTEX_POINT('',#3318);
#970=VERTEX_POINT('',#3320);
#971=VERTEX_POINT('',#3336);
#972=VERTEX_POINT('',#3337);
#973=VERTEX_POINT('',#3339);
#974=VERTEX_POINT('',#3341);
#975=VERTEX_POINT('',#3345);
#976=VERTEX_POINT('',#3347);
#977=VERTEX_POINT('',#3351);
#978=VERTEX_POINT('',#3353);
#979=VERTEX_POINT('',#3360);
#980=VERTEX_POINT('',#3362);
#981=VERTEX_POINT('',#3366);
#982=VERTEX_POINT('',#3371);
#983=VERTEX_POINT('',#3372);
#984=VERTEX_POINT('',#3374);
#985=VERTEX_POINT('',#3376);
#986=VERTEX_POINT('',#3380);
#987=VERTEX_POINT('',#3382);
#988=VERTEX_POINT('',#3386);
#989=VERTEX_POINT('',#3388);
#990=VERTEX_POINT('',#3401);
#991=VERTEX_POINT('',#3410);
#992=VERTEX_POINT('',#3411);
#993=VERTEX_POINT('',#3413);
#994=VERTEX_POINT('',#3415);
#995=VERTEX_POINT('',#3419);
#996=VERTEX_POINT('',#3421);
#997=VERTEX_POINT('',#3425);
#998=VERTEX_POINT('',#3427);
#999=VERTEX_POINT('',#3440);
#1000=VERTEX_POINT('',#3441);
#1001=VERTEX_POINT('',#3443);
#1002=VERTEX_POINT('',#3445);
#1003=VERTEX_POINT('',#3449);
#1004=VERTEX_POINT('',#3451);
#1005=VERTEX_POINT('',#3455);
#1006=VERTEX_POINT('',#3457);
#1007=VERTEX_POINT('',#3464);
#1008=VERTEX_POINT('',#3466);
#1009=VERTEX_POINT('',#3470);
#1010=VERTEX_POINT('',#3478);
#1011=VERTEX_POINT('',#3484);
#1012=VERTEX_POINT('',#3490);
#1013=EDGE_CURVE('',#857,#858,#785,.T.);
#1014=EDGE_CURVE('',#858,#859,#769,.T.);
#1015=EDGE_CURVE('',#859,#857,#770,.T.);
#1016=EDGE_CURVE('',#857,#860,#101,.T.);
#1017=EDGE_CURVE('',#860,#861,#786,.T.);
#1018=EDGE_CURVE('',#861,#858,#102,.T.);
#1019=EDGE_CURVE('',#862,#857,#103,.T.);
#1020=EDGE_CURVE('',#863,#862,#104,.T.);
#1021=EDGE_CURVE('',#863,#860,#105,.F.);
#1022=EDGE_CURVE('',#859,#864,#106,.T.);
#1023=EDGE_CURVE('',#862,#864,#771,.T.);
#1024=EDGE_CURVE('',#865,#866,#787,.T.);
#1025=EDGE_CURVE('',#866,#867,#107,.T.);
#1026=EDGE_CURVE('',#867,#868,#788,.T.);
#1027=EDGE_CURVE('',#868,#865,#108,.T.);
#1028=EDGE_CURVE('',#867,#869,#772,.T.);
#1029=EDGE_CURVE('',#869,#868,#773,.T.);
#1030=EDGE_CURVE('',#867,#870,#109,.T.);
#1031=EDGE_CURVE('',#871,#870,#774,.T.);
#1032=EDGE_CURVE('',#871,#869,#110,.T.);
#1033=EDGE_CURVE('',#866,#872,#111,.F.);
#1034=EDGE_CURVE('',#870,#872,#112,.T.);
#1035=EDGE_CURVE('',#873,#863,#789,.T.);
#1036=EDGE_CURVE('',#862,#874,#790,.T.);
#1037=EDGE_CURVE('',#874,#873,#113,.T.);
#1038=EDGE_CURVE('',#864,#874,#775,.T.);
#1039=EDGE_CURVE('',#870,#875,#791,.T.);
#1040=EDGE_CURVE('',#875,#871,#776,.T.);
#1041=EDGE_CURVE('',#872,#876,#792,.T.);
#1042=EDGE_CURVE('',#876,#875,#114,.T.);
#1043=EDGE_CURVE('',#875,#877,#115,.T.);
#1044=EDGE_CURVE('',#877,#878,#777,.T.);
#1045=EDGE_CURVE('',#878,#871,#116,.T.);
#1046=EDGE_CURVE('',#879,#880,#793,.T.);
#1047=EDGE_CURVE('',#880,#881,#794,.T.);
#1048=EDGE_CURVE('',#881,#882,#31,.F.);
#1049=EDGE_CURVE('',#882,#879,#795,.T.);
#1050=EDGE_CURVE('',#883,#884,#796,.T.);
#1051=EDGE_CURVE('',#884,#880,#117,.T.);
#1052=EDGE_CURVE('',#879,#883,#118,.T.);
#1053=EDGE_CURVE('',#885,#886,#32,.F.);
#1054=EDGE_CURVE('',#886,#884,#797,.T.);
#1055=EDGE_CURVE('',#883,#885,#798,.T.);
#1056=EDGE_CURVE('',#887,#882,#119,.T.);
#1057=EDGE_CURVE('',#888,#887,#799,.T.);
#1058=EDGE_CURVE('',#889,#888,#120,.T.);
#1059=EDGE_CURVE('',#890,#889,#800,.T.);
#1060=EDGE_CURVE('',#885,#890,#121,.T.);
#1061=EDGE_CURVE('',#889,#891,#801,.T.);
#1062=EDGE_CURVE('',#891,#892,#802,.T.);
#1063=EDGE_CURVE('',#892,#890,#33,.F.);
#1064=EDGE_CURVE('',#888,#893,#803,.T.);
#1065=EDGE_CURVE('',#893,#891,#122,.T.);
#1066=EDGE_CURVE('',#887,#894,#34,.F.);
#1067=EDGE_CURVE('',#894,#893,#804,.T.);
#1068=EDGE_CURVE('',#858,#895,#123,.T.);
#1069=EDGE_CURVE('',#895,#896,#778,.T.);
#1070=EDGE_CURVE('',#896,#859,#124,.T.);
#1071=EDGE_CURVE('',#897,#898,#805,.T.);
#1072=EDGE_CURVE('',#899,#897,#806,.F.);
#1073=EDGE_CURVE('',#900,#899,#807,.T.);
#1074=EDGE_CURVE('',#900,#898,#808,.T.);
#1075=EDGE_CURVE('',#880,#899,#125,.T.);
#1076=EDGE_CURVE('',#897,#881,#126,.T.);
#1077=EDGE_CURVE('',#901,#902,#809,.T.);
#1078=EDGE_CURVE('',#903,#901,#810,.F.);
#1079=EDGE_CURVE('',#904,#903,#811,.T.);
#1080=EDGE_CURVE('',#904,#902,#812,.T.);
#1081=EDGE_CURVE('',#886,#903,#127,.T.);
#1082=EDGE_CURVE('',#901,#884,#128,.T.);
#1083=EDGE_CURVE('',#905,#906,#813,.F.);
#1084=EDGE_CURVE('',#907,#905,#814,.F.);
#1085=EDGE_CURVE('',#906,#907,#815,.F.);
#1086=EDGE_CURVE('',#908,#909,#816,.F.);
#1087=EDGE_CURVE('',#910,#908,#817,.F.);
#1088=EDGE_CURVE('',#909,#910,#818,.F.);
#1089=EDGE_CURVE('',#911,#910,#129,.T.);
#1090=EDGE_CURVE('',#908,#912,#130,.T.);
#1091=EDGE_CURVE('',#912,#911,#779,.T.);
#1092=EDGE_CURVE('',#898,#909,#131,.T.);
#1093=EDGE_CURVE('',#910,#897,#132,.T.);
#1094=EDGE_CURVE('',#864,#913,#133,.T.);
#1095=EDGE_CURVE('',#913,#914,#780,.T.);
#1096=EDGE_CURVE('',#914,#874,#134,.T.);
#1097=EDGE_CURVE('',#915,#916,#819,.F.);
#1098=EDGE_CURVE('',#917,#915,#820,.F.);
#1099=EDGE_CURVE('',#916,#917,#821,.F.);
#1100=EDGE_CURVE('',#918,#917,#135,.T.);
#1101=EDGE_CURVE('',#915,#919,#136,.T.);
#1102=EDGE_CURVE('',#919,#918,#781,.T.);
#1103=EDGE_CURVE('',#920,#921,#822,.F.);
#1104=EDGE_CURVE('',#922,#920,#823,.F.);
#1105=EDGE_CURVE('',#921,#922,#824,.F.);
#1106=EDGE_CURVE('',#923,#924,#825,.F.);
#1107=EDGE_CURVE('',#925,#923,#826,.F.);
#1108=EDGE_CURVE('',#924,#925,#827,.F.);
#1109=EDGE_CURVE('',#905,#925,#137,.T.);
#1110=EDGE_CURVE('',#923,#907,#138,.T.);
#1111=EDGE_CURVE('',#909,#924,#139,.T.);
#1112=EDGE_CURVE('',#925,#908,#140,.T.);
#1113=EDGE_CURVE('',#926,#927,#828,.F.);
#1114=EDGE_CURVE('',#928,#926,#829,.F.);
#1115=EDGE_CURVE('',#927,#928,#830,.F.);
#1116=EDGE_CURVE('',#929,#930,#831,.F.);
#1117=EDGE_CURVE('',#931,#929,#832,.F.);
#1118=EDGE_CURVE('',#930,#931,#833,.F.);
#1119=EDGE_CURVE('',#929,#922,#141,.T.);
#1120=EDGE_CURVE('',#920,#931,#142,.T.);
#1121=EDGE_CURVE('',#932,#933,#834,.F.);
#1122=EDGE_CURVE('',#934,#932,#835,.F.);
#1123=EDGE_CURVE('',#933,#934,#836,.F.);
#1124=EDGE_CURVE('',#935,#936,#837,.F.);
#1125=EDGE_CURVE('',#937,#935,#838,.F.);
#1126=EDGE_CURVE('',#936,#937,#839,.F.);
#1127=EDGE_CURVE('',#935,#928,#143,.T.);
#1128=EDGE_CURVE('',#926,#937,#144,.T.);
#1129=EDGE_CURVE('',#924,#936,#145,.T.);
#1130=EDGE_CURVE('',#937,#923,#146,.T.);
#1131=EDGE_CURVE('',#938,#939,#840,.F.);
#1132=EDGE_CURVE('',#940,#938,#841,.F.);
#1133=EDGE_CURVE('',#939,#940,#842,.F.);
#1134=EDGE_CURVE('',#938,#934,#147,.T.);
#1135=EDGE_CURVE('',#932,#940,#148,.T.);
#1136=EDGE_CURVE('',#941,#942,#843,.F.);
#1137=EDGE_CURVE('',#943,#941,#844,.F.);
#1138=EDGE_CURVE('',#942,#943,#845,.F.);
#1139=EDGE_CURVE('',#944,#943,#149,.T.);
#1140=EDGE_CURVE('',#941,#945,#150,.T.);
#1141=EDGE_CURVE('',#945,#944,#782,.T.);
#1142=EDGE_CURVE('',#936,#942,#151,.T.);
#1143=EDGE_CURVE('',#943,#935,#152,.T.);
#1144=EDGE_CURVE('',#946,#947,#846,.F.);
#1145=EDGE_CURVE('',#948,#946,#847,.F.);
#1146=EDGE_CURVE('',#947,#948,#848,.F.);
#1147=EDGE_CURVE('',#949,#948,#153,.T.);
#1148=EDGE_CURVE('',#946,#950,#154,.T.);
#1149=EDGE_CURVE('',#950,#949,#783,.T.);
#1150=EDGE_CURVE('',#951,#952,#849,.T.);
#1151=EDGE_CURVE('',#953,#951,#850,.F.);
#1152=EDGE_CURVE('',#954,#953,#851,.T.);
#1153=EDGE_CURVE('',#954,#952,#852,.T.);
#1154=EDGE_CURVE('',#894,#953,#155,.T.);
#1155=EDGE_CURVE('',#951,#893,#156,.T.);
#1156=EDGE_CURVE('',#942,#954,#157,.T.);
#1157=EDGE_CURVE('',#953,#941,#158,.T.);
#1158=EDGE_CURVE('',#955,#956,#853,.T.);
#1159=EDGE_CURVE('',#957,#955,#854,.F.);
#1160=EDGE_CURVE('',#958,#957,#855,.T.);
#1161=EDGE_CURVE('',#958,#956,#856,.T.);
#1162=EDGE_CURVE('',#891,#957,#159,.T.);
#1163=EDGE_CURVE('',#955,#892,#160,.T.);
#1164=EDGE_CURVE('',#952,#958,#161,.T.);
#1165=EDGE_CURVE('',#957,#951,#162,.T.);
#1166=EDGE_CURVE('',#956,#947,#163,.T.);
#1167=EDGE_CURVE('',#948,#955,#164,.T.);
#1168=EDGE_CURVE('',#947,#939,#165,.T.);
#1169=EDGE_CURVE('',#940,#946,#166,.T.);
#1170=EDGE_CURVE('',#950,#932,#167,.T.);
#1171=EDGE_CURVE('',#933,#949,#168,.T.);
#1172=EDGE_CURVE('',#939,#930,#169,.T.);
#1173=EDGE_CURVE('',#931,#938,#170,.T.);
#1174=EDGE_CURVE('',#945,#927,#171,.T.);
#1175=EDGE_CURVE('',#928,#944,#172,.T.);
#1176=EDGE_CURVE('',#877,#933,#173,.T.);
#1177=EDGE_CURVE('',#934,#878,#174,.T.);
#1178=EDGE_CURVE('',#930,#916,#175,.T.);
#1179=EDGE_CURVE('',#917,#929,#176,.T.);
#1180=EDGE_CURVE('',#913,#926,#177,.T.);
#1181=EDGE_CURVE('',#927,#914,#178,.T.);
#1182=EDGE_CURVE('',#919,#921,#179,.T.);
#1183=EDGE_CURVE('',#922,#918,#180,.T.);
#1184=EDGE_CURVE('',#959,#920,#181,.T.);
#1185=EDGE_CURVE('',#921,#960,#182,.T.);
#1186=EDGE_CURVE('',#959,#960,#784,.T.);
#1187=EDGE_CURVE('',#916,#904,#183,.T.);
#1188=EDGE_CURVE('',#903,#915,#184,.T.);
#1189=EDGE_CURVE('',#912,#905,#185,.T.);
#1190=EDGE_CURVE('',#906,#911,#186,.T.);
#1191=EDGE_CURVE('',#895,#906,#187,.T.);
#1192=EDGE_CURVE('',#907,#896,#188,.T.);
#1193=EDGE_CURVE('',#869,#959,#189,.T.);
#1194=EDGE_CURVE('',#960,#868,#190,.T.);
#1195=EDGE_CURVE('',#902,#900,#191,.T.);
#1196=EDGE_CURVE('',#899,#901,#192,.T.);
#1197=EDGE_CURVE('',#895,#961,#193,.F.);
#1198=EDGE_CURVE('',#961,#911,#194,.T.);
#1199=EDGE_CURVE('',#861,#961,#195,.T.);
#1200=EDGE_CURVE('',#962,#963,#196,.F.);
#1201=EDGE_CURVE('',#963,#964,#197,.F.);
#1202=EDGE_CURVE('',#964,#965,#198,.F.);
#1203=EDGE_CURVE('',#965,#962,#199,.F.);
#1204=EDGE_CURVE('',#966,#914,#200,.F.);
#1205=EDGE_CURVE('',#873,#966,#201,.F.);
#1206=EDGE_CURVE('',#967,#968,#202,.F.);
#1207=EDGE_CURVE('',#968,#969,#203,.F.);
#1208=EDGE_CURVE('',#969,#970,#204,.F.);
#1209=EDGE_CURVE('',#970,#967,#205,.F.);
#1210=EDGE_CURVE('',#945,#966,#206,.T.);
#1211=EDGE_CURVE('',#971,#972,#207,.T.);
#1212=EDGE_CURVE('',#972,#973,#208,.T.);
#1213=EDGE_CURVE('',#973,#974,#209,.T.);
#1214=EDGE_CURVE('',#971,#974,#210,.T.);
#1215=EDGE_CURVE('',#972,#975,#211,.T.);
#1216=EDGE_CURVE('',#975,#976,#212,.T.);
#1217=EDGE_CURVE('',#976,#973,#213,.T.);
#1218=EDGE_CURVE('',#975,#977,#214,.T.);
#1219=EDGE_CURVE('',#977,#978,#215,.T.);
#1220=EDGE_CURVE('',#978,#976,#216,.T.);
#1221=EDGE_CURVE('',#974,#978,#217,.T.);
#1222=EDGE_CURVE('',#977,#971,#218,.T.);
#1223=EDGE_CURVE('',#979,#974,#219,.T.);
#1224=EDGE_CURVE('',#980,#979,#220,.F.);
#1225=EDGE_CURVE('',#980,#978,#221,.T.);
#1226=EDGE_CURVE('',#981,#973,#222,.T.);
#1227=EDGE_CURVE('',#979,#981,#223,.F.);
#1228=EDGE_CURVE('',#982,#983,#224,.T.);
#1229=EDGE_CURVE('',#983,#984,#225,.T.);
#1230=EDGE_CURVE('',#984,#985,#226,.T.);
#1231=EDGE_CURVE('',#982,#985,#227,.T.);
#1232=EDGE_CURVE('',#983,#986,#228,.T.);
#1233=EDGE_CURVE('',#986,#987,#229,.T.);
#1234=EDGE_CURVE('',#987,#984,#230,.T.);
#1235=EDGE_CURVE('',#986,#988,#231,.T.);
#1236=EDGE_CURVE('',#988,#989,#232,.T.);
#1237=EDGE_CURVE('',#989,#987,#233,.T.);
#1238=EDGE_CURVE('',#985,#989,#234,.T.);
#1239=EDGE_CURVE('',#988,#982,#235,.T.);
#1240=EDGE_CURVE('',#964,#985,#236,.T.);
#1241=EDGE_CURVE('',#963,#989,#237,.T.);
#1242=EDGE_CURVE('',#965,#984,#238,.T.);
#1243=EDGE_CURVE('',#990,#980,#239,.F.);
#1244=EDGE_CURVE('',#990,#976,#240,.T.);
#1245=EDGE_CURVE('',#981,#990,#241,.F.);
#1246=EDGE_CURVE('',#962,#987,#242,.T.);
#1247=EDGE_CURVE('',#991,#992,#243,.T.);
#1248=EDGE_CURVE('',#992,#993,#244,.T.);
#1249=EDGE_CURVE('',#993,#994,#245,.T.);
#1250=EDGE_CURVE('',#991,#994,#246,.T.);
#1251=EDGE_CURVE('',#992,#995,#247,.T.);
#1252=EDGE_CURVE('',#995,#996,#248,.T.);
#1253=EDGE_CURVE('',#996,#993,#249,.T.);
#1254=EDGE_CURVE('',#995,#997,#250,.T.);
#1255=EDGE_CURVE('',#997,#998,#251,.T.);
#1256=EDGE_CURVE('',#998,#996,#252,.T.);
#1257=EDGE_CURVE('',#994,#998,#253,.T.);
#1258=EDGE_CURVE('',#997,#991,#254,.T.);
#1259=EDGE_CURVE('',#970,#994,#255,.T.);
#1260=EDGE_CURVE('',#969,#998,#256,.T.);
#1261=EDGE_CURVE('',#967,#993,#257,.T.);
#1262=EDGE_CURVE('',#999,#1000,#258,.T.);
#1263=EDGE_CURVE('',#1000,#1001,#259,.T.);
#1264=EDGE_CURVE('',#1001,#1002,#260,.T.);
#1265=EDGE_CURVE('',#999,#1002,#261,.T.);
#1266=EDGE_CURVE('',#1000,#1003,#262,.T.);
#1267=EDGE_CURVE('',#1003,#1004,#263,.T.);
#1268=EDGE_CURVE('',#1004,#1001,#264,.T.);
#1269=EDGE_CURVE('',#1003,#1005,#265,.T.);
#1270=EDGE_CURVE('',#1005,#1006,#266,.T.);
#1271=EDGE_CURVE('',#1006,#1004,#267,.T.);
#1272=EDGE_CURVE('',#1002,#1006,#268,.T.);
#1273=EDGE_CURVE('',#1005,#999,#269,.T.);
#1274=EDGE_CURVE('',#1007,#1002,#270,.T.);
#1275=EDGE_CURVE('',#1008,#1007,#271,.F.);
#1276=EDGE_CURVE('',#1008,#1006,#272,.T.);
#1277=EDGE_CURVE('',#1009,#1001,#273,.T.);
#1278=EDGE_CURVE('',#1007,#1009,#274,.F.);
#1279=EDGE_CURVE('',#968,#996,#275,.T.);
#1280=EDGE_CURVE('',#1010,#1004,#276,.T.);
#1281=EDGE_CURVE('',#1009,#1010,#277,.F.);
#1282=EDGE_CURVE('',#1010,#1008,#278,.F.);
#1283=EDGE_CURVE('',#1011,#960,#279,.F.);
#1284=EDGE_CURVE('',#865,#1011,#280,.F.);
#1285=EDGE_CURVE('',#919,#1011,#281,.T.);
#1286=EDGE_CURVE('',#876,#1012,#282,.T.);
#1287=EDGE_CURVE('',#877,#1012,#283,.F.);
#1288=EDGE_CURVE('',#1012,#949,#284,.T.);
#1289=ORIENTED_EDGE('',*,*,#1013,.T.);
#1290=ORIENTED_EDGE('',*,*,#1014,.T.);
#1291=ORIENTED_EDGE('',*,*,#1015,.T.);
#1292=ORIENTED_EDGE('',*,*,#1013,.F.);
#1293=ORIENTED_EDGE('',*,*,#1016,.T.);
#1294=ORIENTED_EDGE('',*,*,#1017,.T.);
#1295=ORIENTED_EDGE('',*,*,#1018,.T.);
#1296=ORIENTED_EDGE('',*,*,#1016,.F.);
#1297=ORIENTED_EDGE('',*,*,#1019,.F.);
#1298=ORIENTED_EDGE('',*,*,#1020,.F.);
#1299=ORIENTED_EDGE('',*,*,#1021,.T.);
#1300=ORIENTED_EDGE('',*,*,#1015,.F.);
#1301=ORIENTED_EDGE('',*,*,#1022,.T.);
#1302=ORIENTED_EDGE('',*,*,#1023,.F.);
#1303=ORIENTED_EDGE('',*,*,#1019,.T.);
#1304=ORIENTED_EDGE('',*,*,#1024,.T.);
#1305=ORIENTED_EDGE('',*,*,#1025,.T.);
#1306=ORIENTED_EDGE('',*,*,#1026,.T.);
#1307=ORIENTED_EDGE('',*,*,#1027,.T.);
#1308=ORIENTED_EDGE('',*,*,#1026,.F.);
#1309=ORIENTED_EDGE('',*,*,#1028,.T.);
#1310=ORIENTED_EDGE('',*,*,#1029,.T.);
#1311=ORIENTED_EDGE('',*,*,#1028,.F.);
#1312=ORIENTED_EDGE('',*,*,#1030,.T.);
#1313=ORIENTED_EDGE('',*,*,#1031,.F.);
#1314=ORIENTED_EDGE('',*,*,#1032,.T.);
#1315=ORIENTED_EDGE('',*,*,#1025,.F.);
#1316=ORIENTED_EDGE('',*,*,#1033,.T.);
#1317=ORIENTED_EDGE('',*,*,#1034,.F.);
#1318=ORIENTED_EDGE('',*,*,#1030,.F.);
#1319=ORIENTED_EDGE('',*,*,#1035,.T.);
#1320=ORIENTED_EDGE('',*,*,#1020,.T.);
#1321=ORIENTED_EDGE('',*,*,#1036,.T.);
#1322=ORIENTED_EDGE('',*,*,#1037,.T.);
#1323=ORIENTED_EDGE('',*,*,#1036,.F.);
#1324=ORIENTED_EDGE('',*,*,#1023,.T.);
#1325=ORIENTED_EDGE('',*,*,#1038,.T.);
#1326=ORIENTED_EDGE('',*,*,#1039,.T.);
#1327=ORIENTED_EDGE('',*,*,#1040,.T.);
#1328=ORIENTED_EDGE('',*,*,#1031,.T.);
#1329=ORIENTED_EDGE('',*,*,#1039,.F.);
#1330=ORIENTED_EDGE('',*,*,#1034,.T.);
#1331=ORIENTED_EDGE('',*,*,#1041,.T.);
#1332=ORIENTED_EDGE('',*,*,#1042,.T.);
#1333=ORIENTED_EDGE('',*,*,#1040,.F.);
#1334=ORIENTED_EDGE('',*,*,#1043,.T.);
#1335=ORIENTED_EDGE('',*,*,#1044,.T.);
#1336=ORIENTED_EDGE('',*,*,#1045,.T.);
#1337=ORIENTED_EDGE('',*,*,#1046,.T.);
#1338=ORIENTED_EDGE('',*,*,#1047,.T.);
#1339=ORIENTED_EDGE('',*,*,#1048,.T.);
#1340=ORIENTED_EDGE('',*,*,#1049,.T.);
#1341=ORIENTED_EDGE('',*,*,#1050,.T.);
#1342=ORIENTED_EDGE('',*,*,#1051,.T.);
#1343=ORIENTED_EDGE('',*,*,#1046,.F.);
#1344=ORIENTED_EDGE('',*,*,#1052,.T.);
#1345=ORIENTED_EDGE('',*,*,#1053,.T.);
#1346=ORIENTED_EDGE('',*,*,#1054,.T.);
#1347=ORIENTED_EDGE('',*,*,#1050,.F.);
#1348=ORIENTED_EDGE('',*,*,#1055,.T.);
#1349=ORIENTED_EDGE('',*,*,#1055,.F.);
#1350=ORIENTED_EDGE('',*,*,#1052,.F.);
#1351=ORIENTED_EDGE('',*,*,#1049,.F.);
#1352=ORIENTED_EDGE('',*,*,#1056,.F.);
#1353=ORIENTED_EDGE('',*,*,#1057,.F.);
#1354=ORIENTED_EDGE('',*,*,#1058,.F.);
#1355=ORIENTED_EDGE('',*,*,#1059,.F.);
#1356=ORIENTED_EDGE('',*,*,#1060,.F.);
#1357=ORIENTED_EDGE('',*,*,#1061,.T.);
#1358=ORIENTED_EDGE('',*,*,#1062,.T.);
#1359=ORIENTED_EDGE('',*,*,#1063,.T.);
#1360=ORIENTED_EDGE('',*,*,#1059,.T.);
#1361=ORIENTED_EDGE('',*,*,#1064,.T.);
#1362=ORIENTED_EDGE('',*,*,#1065,.T.);
#1363=ORIENTED_EDGE('',*,*,#1061,.F.);
#1364=ORIENTED_EDGE('',*,*,#1058,.T.);
#1365=ORIENTED_EDGE('',*,*,#1066,.T.);
#1366=ORIENTED_EDGE('',*,*,#1067,.T.);
#1367=ORIENTED_EDGE('',*,*,#1064,.F.);
#1368=ORIENTED_EDGE('',*,*,#1057,.T.);
#1369=ORIENTED_EDGE('',*,*,#1014,.F.);
#1370=ORIENTED_EDGE('',*,*,#1068,.T.);
#1371=ORIENTED_EDGE('',*,*,#1069,.T.);
#1372=ORIENTED_EDGE('',*,*,#1070,.T.);
#1373=ORIENTED_EDGE('',*,*,#1071,.F.);
#1374=ORIENTED_EDGE('',*,*,#1072,.F.);
#1375=ORIENTED_EDGE('',*,*,#1073,.F.);
#1376=ORIENTED_EDGE('',*,*,#1074,.T.);
#1377=ORIENTED_EDGE('',*,*,#1047,.F.);
#1378=ORIENTED_EDGE('',*,*,#1075,.T.);
#1379=ORIENTED_EDGE('',*,*,#1072,.T.);
#1380=ORIENTED_EDGE('',*,*,#1076,.T.);
#1381=ORIENTED_EDGE('',*,*,#1077,.F.);
#1382=ORIENTED_EDGE('',*,*,#1078,.F.);
#1383=ORIENTED_EDGE('',*,*,#1079,.F.);
#1384=ORIENTED_EDGE('',*,*,#1080,.T.);
#1385=ORIENTED_EDGE('',*,*,#1054,.F.);
#1386=ORIENTED_EDGE('',*,*,#1081,.T.);
#1387=ORIENTED_EDGE('',*,*,#1078,.T.);
#1388=ORIENTED_EDGE('',*,*,#1082,.T.);
#1389=ORIENTED_EDGE('',*,*,#1083,.F.);
#1390=ORIENTED_EDGE('',*,*,#1084,.F.);
#1391=ORIENTED_EDGE('',*,*,#1085,.F.);
#1392=ORIENTED_EDGE('',*,*,#1086,.F.);
#1393=ORIENTED_EDGE('',*,*,#1087,.F.);
#1394=ORIENTED_EDGE('',*,*,#1088,.F.);
#1395=ORIENTED_EDGE('',*,*,#1089,.T.);
#1396=ORIENTED_EDGE('',*,*,#1087,.T.);
#1397=ORIENTED_EDGE('',*,*,#1090,.T.);
#1398=ORIENTED_EDGE('',*,*,#1091,.T.);
#1399=ORIENTED_EDGE('',*,*,#1071,.T.);
#1400=ORIENTED_EDGE('',*,*,#1092,.T.);
#1401=ORIENTED_EDGE('',*,*,#1088,.T.);
#1402=ORIENTED_EDGE('',*,*,#1093,.T.);
#1403=ORIENTED_EDGE('',*,*,#1038,.F.);
#1404=ORIENTED_EDGE('',*,*,#1094,.T.);
#1405=ORIENTED_EDGE('',*,*,#1095,.T.);
#1406=ORIENTED_EDGE('',*,*,#1096,.T.);
#1407=ORIENTED_EDGE('',*,*,#1097,.F.);
#1408=ORIENTED_EDGE('',*,*,#1098,.F.);
#1409=ORIENTED_EDGE('',*,*,#1099,.F.);
#1410=ORIENTED_EDGE('',*,*,#1100,.T.);
#1411=ORIENTED_EDGE('',*,*,#1098,.T.);
#1412=ORIENTED_EDGE('',*,*,#1101,.T.);
#1413=ORIENTED_EDGE('',*,*,#1102,.T.);
#1414=ORIENTED_EDGE('',*,*,#1103,.F.);
#1415=ORIENTED_EDGE('',*,*,#1104,.F.);
#1416=ORIENTED_EDGE('',*,*,#1105,.F.);
#1417=ORIENTED_EDGE('',*,*,#1106,.F.);
#1418=ORIENTED_EDGE('',*,*,#1107,.F.);
#1419=ORIENTED_EDGE('',*,*,#1108,.F.);
#1420=ORIENTED_EDGE('',*,*,#1084,.T.);
#1421=ORIENTED_EDGE('',*,*,#1109,.T.);
#1422=ORIENTED_EDGE('',*,*,#1107,.T.);
#1423=ORIENTED_EDGE('',*,*,#1110,.T.);
#1424=ORIENTED_EDGE('',*,*,#1086,.T.);
#1425=ORIENTED_EDGE('',*,*,#1111,.T.);
#1426=ORIENTED_EDGE('',*,*,#1108,.T.);
#1427=ORIENTED_EDGE('',*,*,#1112,.T.);
#1428=ORIENTED_EDGE('',*,*,#1113,.F.);
#1429=ORIENTED_EDGE('',*,*,#1114,.F.);
#1430=ORIENTED_EDGE('',*,*,#1115,.F.);
#1431=ORIENTED_EDGE('',*,*,#1116,.F.);
#1432=ORIENTED_EDGE('',*,*,#1117,.F.);
#1433=ORIENTED_EDGE('',*,*,#1118,.F.);
#1434=ORIENTED_EDGE('',*,*,#1117,.T.);
#1435=ORIENTED_EDGE('',*,*,#1119,.T.);
#1436=ORIENTED_EDGE('',*,*,#1104,.T.);
#1437=ORIENTED_EDGE('',*,*,#1120,.T.);
#1438=ORIENTED_EDGE('',*,*,#1121,.F.);
#1439=ORIENTED_EDGE('',*,*,#1122,.F.);
#1440=ORIENTED_EDGE('',*,*,#1123,.F.);
#1441=ORIENTED_EDGE('',*,*,#1124,.F.);
#1442=ORIENTED_EDGE('',*,*,#1125,.F.);
#1443=ORIENTED_EDGE('',*,*,#1126,.F.);
#1444=ORIENTED_EDGE('',*,*,#1125,.T.);
#1445=ORIENTED_EDGE('',*,*,#1127,.T.);
#1446=ORIENTED_EDGE('',*,*,#1114,.T.);
#1447=ORIENTED_EDGE('',*,*,#1128,.T.);
#1448=ORIENTED_EDGE('',*,*,#1106,.T.);
#1449=ORIENTED_EDGE('',*,*,#1129,.T.);
#1450=ORIENTED_EDGE('',*,*,#1126,.T.);
#1451=ORIENTED_EDGE('',*,*,#1130,.T.);
#1452=ORIENTED_EDGE('',*,*,#1131,.F.);
#1453=ORIENTED_EDGE('',*,*,#1132,.F.);
#1454=ORIENTED_EDGE('',*,*,#1133,.F.);
#1455=ORIENTED_EDGE('',*,*,#1132,.T.);
#1456=ORIENTED_EDGE('',*,*,#1134,.T.);
#1457=ORIENTED_EDGE('',*,*,#1122,.T.);
#1458=ORIENTED_EDGE('',*,*,#1135,.T.);
#1459=ORIENTED_EDGE('',*,*,#1136,.F.);
#1460=ORIENTED_EDGE('',*,*,#1137,.F.);
#1461=ORIENTED_EDGE('',*,*,#1138,.F.);
#1462=ORIENTED_EDGE('',*,*,#1139,.T.);
#1463=ORIENTED_EDGE('',*,*,#1137,.T.);
#1464=ORIENTED_EDGE('',*,*,#1140,.T.);
#1465=ORIENTED_EDGE('',*,*,#1141,.T.);
#1466=ORIENTED_EDGE('',*,*,#1124,.T.);
#1467=ORIENTED_EDGE('',*,*,#1142,.T.);
#1468=ORIENTED_EDGE('',*,*,#1138,.T.);
#1469=ORIENTED_EDGE('',*,*,#1143,.T.);
#1470=ORIENTED_EDGE('',*,*,#1144,.F.);
#1471=ORIENTED_EDGE('',*,*,#1145,.F.);
#1472=ORIENTED_EDGE('',*,*,#1146,.F.);
#1473=ORIENTED_EDGE('',*,*,#1147,.T.);
#1474=ORIENTED_EDGE('',*,*,#1145,.T.);
#1475=ORIENTED_EDGE('',*,*,#1148,.T.);
#1476=ORIENTED_EDGE('',*,*,#1149,.T.);
#1477=ORIENTED_EDGE('',*,*,#1150,.F.);
#1478=ORIENTED_EDGE('',*,*,#1151,.F.);
#1479=ORIENTED_EDGE('',*,*,#1152,.F.);
#1480=ORIENTED_EDGE('',*,*,#1153,.T.);
#1481=ORIENTED_EDGE('',*,*,#1067,.F.);
#1482=ORIENTED_EDGE('',*,*,#1154,.T.);
#1483=ORIENTED_EDGE('',*,*,#1151,.T.);
#1484=ORIENTED_EDGE('',*,*,#1155,.T.);
#1485=ORIENTED_EDGE('',*,*,#1136,.T.);
#1486=ORIENTED_EDGE('',*,*,#1156,.T.);
#1487=ORIENTED_EDGE('',*,*,#1152,.T.);
#1488=ORIENTED_EDGE('',*,*,#1157,.T.);
#1489=ORIENTED_EDGE('',*,*,#1158,.F.);
#1490=ORIENTED_EDGE('',*,*,#1159,.F.);
#1491=ORIENTED_EDGE('',*,*,#1160,.F.);
#1492=ORIENTED_EDGE('',*,*,#1161,.T.);
#1493=ORIENTED_EDGE('',*,*,#1062,.F.);
#1494=ORIENTED_EDGE('',*,*,#1162,.T.);
#1495=ORIENTED_EDGE('',*,*,#1159,.T.);
#1496=ORIENTED_EDGE('',*,*,#1163,.T.);
#1497=ORIENTED_EDGE('',*,*,#1150,.T.);
#1498=ORIENTED_EDGE('',*,*,#1164,.T.);
#1499=ORIENTED_EDGE('',*,*,#1160,.T.);
#1500=ORIENTED_EDGE('',*,*,#1165,.T.);
#1501=ORIENTED_EDGE('',*,*,#1158,.T.);
#1502=ORIENTED_EDGE('',*,*,#1166,.T.);
#1503=ORIENTED_EDGE('',*,*,#1146,.T.);
#1504=ORIENTED_EDGE('',*,*,#1167,.T.);
#1505=ORIENTED_EDGE('',*,*,#1144,.T.);
#1506=ORIENTED_EDGE('',*,*,#1168,.T.);
#1507=ORIENTED_EDGE('',*,*,#1133,.T.);
#1508=ORIENTED_EDGE('',*,*,#1169,.T.);
#1509=ORIENTED_EDGE('',*,*,#1170,.T.);
#1510=ORIENTED_EDGE('',*,*,#1121,.T.);
#1511=ORIENTED_EDGE('',*,*,#1171,.T.);
#1512=ORIENTED_EDGE('',*,*,#1149,.F.);
#1513=ORIENTED_EDGE('',*,*,#1131,.T.);
#1514=ORIENTED_EDGE('',*,*,#1172,.T.);
#1515=ORIENTED_EDGE('',*,*,#1118,.T.);
#1516=ORIENTED_EDGE('',*,*,#1173,.T.);
#1517=ORIENTED_EDGE('',*,*,#1174,.T.);
#1518=ORIENTED_EDGE('',*,*,#1115,.T.);
#1519=ORIENTED_EDGE('',*,*,#1175,.T.);
#1520=ORIENTED_EDGE('',*,*,#1141,.F.);
#1521=ORIENTED_EDGE('',*,*,#1176,.T.);
#1522=ORIENTED_EDGE('',*,*,#1123,.T.);
#1523=ORIENTED_EDGE('',*,*,#1177,.T.);
#1524=ORIENTED_EDGE('',*,*,#1044,.F.);
#1525=ORIENTED_EDGE('',*,*,#1116,.T.);
#1526=ORIENTED_EDGE('',*,*,#1178,.T.);
#1527=ORIENTED_EDGE('',*,*,#1099,.T.);
#1528=ORIENTED_EDGE('',*,*,#1179,.T.);
#1529=ORIENTED_EDGE('',*,*,#1180,.T.);
#1530=ORIENTED_EDGE('',*,*,#1113,.T.);
#1531=ORIENTED_EDGE('',*,*,#1181,.T.);
#1532=ORIENTED_EDGE('',*,*,#1095,.F.);
#1533=ORIENTED_EDGE('',*,*,#1182,.T.);
#1534=ORIENTED_EDGE('',*,*,#1105,.T.);
#1535=ORIENTED_EDGE('',*,*,#1183,.T.);
#1536=ORIENTED_EDGE('',*,*,#1102,.F.);
#1537=ORIENTED_EDGE('',*,*,#1184,.T.);
#1538=ORIENTED_EDGE('',*,*,#1103,.T.);
#1539=ORIENTED_EDGE('',*,*,#1185,.T.);
#1540=ORIENTED_EDGE('',*,*,#1186,.F.);
#1541=ORIENTED_EDGE('',*,*,#1097,.T.);
#1542=ORIENTED_EDGE('',*,*,#1187,.T.);
#1543=ORIENTED_EDGE('',*,*,#1079,.T.);
#1544=ORIENTED_EDGE('',*,*,#1188,.T.);
#1545=ORIENTED_EDGE('',*,*,#1189,.T.);
#1546=ORIENTED_EDGE('',*,*,#1083,.T.);
#1547=ORIENTED_EDGE('',*,*,#1190,.T.);
#1548=ORIENTED_EDGE('',*,*,#1091,.F.);
#1549=ORIENTED_EDGE('',*,*,#1191,.T.);
#1550=ORIENTED_EDGE('',*,*,#1085,.T.);
#1551=ORIENTED_EDGE('',*,*,#1192,.T.);
#1552=ORIENTED_EDGE('',*,*,#1069,.F.);
#1553=ORIENTED_EDGE('',*,*,#1029,.F.);
#1554=ORIENTED_EDGE('',*,*,#1193,.T.);
#1555=ORIENTED_EDGE('',*,*,#1186,.T.);
#1556=ORIENTED_EDGE('',*,*,#1194,.T.);
#1557=ORIENTED_EDGE('',*,*,#1077,.T.);
#1558=ORIENTED_EDGE('',*,*,#1195,.T.);
#1559=ORIENTED_EDGE('',*,*,#1073,.T.);
#1560=ORIENTED_EDGE('',*,*,#1196,.T.);
#1561=ORIENTED_EDGE('',*,*,#1190,.F.);
#1562=ORIENTED_EDGE('',*,*,#1191,.F.);
#1563=ORIENTED_EDGE('',*,*,#1197,.T.);
#1564=ORIENTED_EDGE('',*,*,#1198,.T.);
#1565=ORIENTED_EDGE('',*,*,#1018,.F.);
#1566=ORIENTED_EDGE('',*,*,#1199,.T.);
#1567=ORIENTED_EDGE('',*,*,#1197,.F.);
#1568=ORIENTED_EDGE('',*,*,#1068,.F.);
#1569=ORIENTED_EDGE('',*,*,#1200,.T.);
#1570=ORIENTED_EDGE('',*,*,#1201,.T.);
#1571=ORIENTED_EDGE('',*,*,#1202,.T.);
#1572=ORIENTED_EDGE('',*,*,#1203,.T.);
#1573=ORIENTED_EDGE('',*,*,#1037,.F.);
#1574=ORIENTED_EDGE('',*,*,#1096,.F.);
#1575=ORIENTED_EDGE('',*,*,#1204,.F.);
#1576=ORIENTED_EDGE('',*,*,#1205,.F.);
#1577=ORIENTED_EDGE('',*,*,#1206,.T.);
#1578=ORIENTED_EDGE('',*,*,#1207,.T.);
#1579=ORIENTED_EDGE('',*,*,#1208,.T.);
#1580=ORIENTED_EDGE('',*,*,#1209,.T.);
#1581=ORIENTED_EDGE('',*,*,#1181,.F.);
#1582=ORIENTED_EDGE('',*,*,#1174,.F.);
#1583=ORIENTED_EDGE('',*,*,#1210,.T.);
#1584=ORIENTED_EDGE('',*,*,#1204,.T.);
#1585=ORIENTED_EDGE('',*,*,#1056,.T.);
#1586=ORIENTED_EDGE('',*,*,#1048,.F.);
#1587=ORIENTED_EDGE('',*,*,#1076,.F.);
#1588=ORIENTED_EDGE('',*,*,#1093,.F.);
#1589=ORIENTED_EDGE('',*,*,#1089,.F.);
#1590=ORIENTED_EDGE('',*,*,#1198,.F.);
#1591=ORIENTED_EDGE('',*,*,#1199,.F.);
#1592=ORIENTED_EDGE('',*,*,#1017,.F.);
#1593=ORIENTED_EDGE('',*,*,#1021,.F.);
#1594=ORIENTED_EDGE('',*,*,#1035,.F.);
#1595=ORIENTED_EDGE('',*,*,#1205,.T.);
#1596=ORIENTED_EDGE('',*,*,#1210,.F.);
#1597=ORIENTED_EDGE('',*,*,#1140,.F.);
#1598=ORIENTED_EDGE('',*,*,#1157,.F.);
#1599=ORIENTED_EDGE('',*,*,#1154,.F.);
#1600=ORIENTED_EDGE('',*,*,#1066,.F.);
#1601=ORIENTED_EDGE('',*,*,#1065,.F.);
#1602=ORIENTED_EDGE('',*,*,#1155,.F.);
#1603=ORIENTED_EDGE('',*,*,#1165,.F.);
#1604=ORIENTED_EDGE('',*,*,#1162,.F.);
#1605=ORIENTED_EDGE('',*,*,#1109,.F.);
#1606=ORIENTED_EDGE('',*,*,#1189,.F.);
#1607=ORIENTED_EDGE('',*,*,#1090,.F.);
#1608=ORIENTED_EDGE('',*,*,#1112,.F.);
#1609=ORIENTED_EDGE('',*,*,#1119,.F.);
#1610=ORIENTED_EDGE('',*,*,#1179,.F.);
#1611=ORIENTED_EDGE('',*,*,#1100,.F.);
#1612=ORIENTED_EDGE('',*,*,#1183,.F.);
#1613=ORIENTED_EDGE('',*,*,#1128,.F.);
#1614=ORIENTED_EDGE('',*,*,#1180,.F.);
#1615=ORIENTED_EDGE('',*,*,#1094,.F.);
#1616=ORIENTED_EDGE('',*,*,#1022,.F.);
#1617=ORIENTED_EDGE('',*,*,#1070,.F.);
#1618=ORIENTED_EDGE('',*,*,#1192,.F.);
#1619=ORIENTED_EDGE('',*,*,#1110,.F.);
#1620=ORIENTED_EDGE('',*,*,#1130,.F.);
#1621=ORIENTED_EDGE('',*,*,#1134,.F.);
#1622=ORIENTED_EDGE('',*,*,#1173,.F.);
#1623=ORIENTED_EDGE('',*,*,#1120,.F.);
#1624=ORIENTED_EDGE('',*,*,#1184,.F.);
#1625=ORIENTED_EDGE('',*,*,#1193,.F.);
#1626=ORIENTED_EDGE('',*,*,#1032,.F.);
#1627=ORIENTED_EDGE('',*,*,#1045,.F.);
#1628=ORIENTED_EDGE('',*,*,#1177,.F.);
#1629=ORIENTED_EDGE('',*,*,#1139,.F.);
#1630=ORIENTED_EDGE('',*,*,#1175,.F.);
#1631=ORIENTED_EDGE('',*,*,#1127,.F.);
#1632=ORIENTED_EDGE('',*,*,#1143,.F.);
#1633=ORIENTED_EDGE('',*,*,#1148,.F.);
#1634=ORIENTED_EDGE('',*,*,#1169,.F.);
#1635=ORIENTED_EDGE('',*,*,#1135,.F.);
#1636=ORIENTED_EDGE('',*,*,#1170,.F.);
#1637=ORIENTED_EDGE('',*,*,#1161,.F.);
#1638=ORIENTED_EDGE('',*,*,#1164,.F.);
#1639=ORIENTED_EDGE('',*,*,#1153,.F.);
#1640=ORIENTED_EDGE('',*,*,#1156,.F.);
#1641=ORIENTED_EDGE('',*,*,#1142,.F.);
#1642=ORIENTED_EDGE('',*,*,#1129,.F.);
#1643=ORIENTED_EDGE('',*,*,#1111,.F.);
#1644=ORIENTED_EDGE('',*,*,#1092,.F.);
#1645=ORIENTED_EDGE('',*,*,#1074,.F.);
#1646=ORIENTED_EDGE('',*,*,#1195,.F.);
#1647=ORIENTED_EDGE('',*,*,#1080,.F.);
#1648=ORIENTED_EDGE('',*,*,#1187,.F.);
#1649=ORIENTED_EDGE('',*,*,#1178,.F.);
#1650=ORIENTED_EDGE('',*,*,#1172,.F.);
#1651=ORIENTED_EDGE('',*,*,#1168,.F.);
#1652=ORIENTED_EDGE('',*,*,#1166,.F.);
#1653=ORIENTED_EDGE('',*,*,#1051,.F.);
#1654=ORIENTED_EDGE('',*,*,#1082,.F.);
#1655=ORIENTED_EDGE('',*,*,#1196,.F.);
#1656=ORIENTED_EDGE('',*,*,#1075,.F.);
#1657=ORIENTED_EDGE('',*,*,#1211,.T.);
#1658=ORIENTED_EDGE('',*,*,#1212,.T.);
#1659=ORIENTED_EDGE('',*,*,#1213,.T.);
#1660=ORIENTED_EDGE('',*,*,#1214,.F.);
#1661=ORIENTED_EDGE('',*,*,#1215,.T.);
#1662=ORIENTED_EDGE('',*,*,#1216,.T.);
#1663=ORIENTED_EDGE('',*,*,#1217,.T.);
#1664=ORIENTED_EDGE('',*,*,#1212,.F.);
#1665=ORIENTED_EDGE('',*,*,#1218,.T.);
#1666=ORIENTED_EDGE('',*,*,#1219,.T.);
#1667=ORIENTED_EDGE('',*,*,#1220,.T.);
#1668=ORIENTED_EDGE('',*,*,#1216,.F.);
#1669=ORIENTED_EDGE('',*,*,#1221,.T.);
#1670=ORIENTED_EDGE('',*,*,#1219,.F.);
#1671=ORIENTED_EDGE('',*,*,#1222,.T.);
#1672=ORIENTED_EDGE('',*,*,#1214,.T.);
#1673=ORIENTED_EDGE('',*,*,#1221,.F.);
#1674=ORIENTED_EDGE('',*,*,#1223,.F.);
#1675=ORIENTED_EDGE('',*,*,#1224,.F.);
#1676=ORIENTED_EDGE('',*,*,#1225,.T.);
#1677=ORIENTED_EDGE('',*,*,#1213,.F.);
#1678=ORIENTED_EDGE('',*,*,#1226,.F.);
#1679=ORIENTED_EDGE('',*,*,#1227,.F.);
#1680=ORIENTED_EDGE('',*,*,#1223,.T.);
#1681=ORIENTED_EDGE('',*,*,#1211,.F.);
#1682=ORIENTED_EDGE('',*,*,#1222,.F.);
#1683=ORIENTED_EDGE('',*,*,#1218,.F.);
#1684=ORIENTED_EDGE('',*,*,#1215,.F.);
#1685=ORIENTED_EDGE('',*,*,#1228,.T.);
#1686=ORIENTED_EDGE('',*,*,#1229,.T.);
#1687=ORIENTED_EDGE('',*,*,#1230,.T.);
#1688=ORIENTED_EDGE('',*,*,#1231,.F.);
#1689=ORIENTED_EDGE('',*,*,#1232,.T.);
#1690=ORIENTED_EDGE('',*,*,#1233,.T.);
#1691=ORIENTED_EDGE('',*,*,#1234,.T.);
#1692=ORIENTED_EDGE('',*,*,#1229,.F.);
#1693=ORIENTED_EDGE('',*,*,#1235,.T.);
#1694=ORIENTED_EDGE('',*,*,#1236,.T.);
#1695=ORIENTED_EDGE('',*,*,#1237,.T.);
#1696=ORIENTED_EDGE('',*,*,#1233,.F.);
#1697=ORIENTED_EDGE('',*,*,#1238,.T.);
#1698=ORIENTED_EDGE('',*,*,#1236,.F.);
#1699=ORIENTED_EDGE('',*,*,#1239,.T.);
#1700=ORIENTED_EDGE('',*,*,#1231,.T.);
#1701=ORIENTED_EDGE('',*,*,#1238,.F.);
#1702=ORIENTED_EDGE('',*,*,#1240,.F.);
#1703=ORIENTED_EDGE('',*,*,#1201,.F.);
#1704=ORIENTED_EDGE('',*,*,#1241,.T.);
#1705=ORIENTED_EDGE('',*,*,#1230,.F.);
#1706=ORIENTED_EDGE('',*,*,#1242,.F.);
#1707=ORIENTED_EDGE('',*,*,#1202,.F.);
#1708=ORIENTED_EDGE('',*,*,#1240,.T.);
#1709=ORIENTED_EDGE('',*,*,#1228,.F.);
#1710=ORIENTED_EDGE('',*,*,#1239,.F.);
#1711=ORIENTED_EDGE('',*,*,#1235,.F.);
#1712=ORIENTED_EDGE('',*,*,#1232,.F.);
#1713=ORIENTED_EDGE('',*,*,#1220,.F.);
#1714=ORIENTED_EDGE('',*,*,#1225,.F.);
#1715=ORIENTED_EDGE('',*,*,#1243,.F.);
#1716=ORIENTED_EDGE('',*,*,#1244,.T.);
#1717=ORIENTED_EDGE('',*,*,#1217,.F.);
#1718=ORIENTED_EDGE('',*,*,#1244,.F.);
#1719=ORIENTED_EDGE('',*,*,#1245,.F.);
#1720=ORIENTED_EDGE('',*,*,#1226,.T.);
#1721=ORIENTED_EDGE('',*,*,#1237,.F.);
#1722=ORIENTED_EDGE('',*,*,#1241,.F.);
#1723=ORIENTED_EDGE('',*,*,#1200,.F.);
#1724=ORIENTED_EDGE('',*,*,#1246,.T.);
#1725=ORIENTED_EDGE('',*,*,#1234,.F.);
#1726=ORIENTED_EDGE('',*,*,#1246,.F.);
#1727=ORIENTED_EDGE('',*,*,#1203,.F.);
#1728=ORIENTED_EDGE('',*,*,#1242,.T.);
#1729=ORIENTED_EDGE('',*,*,#1247,.T.);
#1730=ORIENTED_EDGE('',*,*,#1248,.T.);
#1731=ORIENTED_EDGE('',*,*,#1249,.T.);
#1732=ORIENTED_EDGE('',*,*,#1250,.F.);
#1733=ORIENTED_EDGE('',*,*,#1251,.T.);
#1734=ORIENTED_EDGE('',*,*,#1252,.T.);
#1735=ORIENTED_EDGE('',*,*,#1253,.T.);
#1736=ORIENTED_EDGE('',*,*,#1248,.F.);
#1737=ORIENTED_EDGE('',*,*,#1254,.T.);
#1738=ORIENTED_EDGE('',*,*,#1255,.T.);
#1739=ORIENTED_EDGE('',*,*,#1256,.T.);
#1740=ORIENTED_EDGE('',*,*,#1252,.F.);
#1741=ORIENTED_EDGE('',*,*,#1257,.T.);
#1742=ORIENTED_EDGE('',*,*,#1255,.F.);
#1743=ORIENTED_EDGE('',*,*,#1258,.T.);
#1744=ORIENTED_EDGE('',*,*,#1250,.T.);
#1745=ORIENTED_EDGE('',*,*,#1257,.F.);
#1746=ORIENTED_EDGE('',*,*,#1259,.F.);
#1747=ORIENTED_EDGE('',*,*,#1208,.F.);
#1748=ORIENTED_EDGE('',*,*,#1260,.T.);
#1749=ORIENTED_EDGE('',*,*,#1249,.F.);
#1750=ORIENTED_EDGE('',*,*,#1261,.F.);
#1751=ORIENTED_EDGE('',*,*,#1209,.F.);
#1752=ORIENTED_EDGE('',*,*,#1259,.T.);
#1753=ORIENTED_EDGE('',*,*,#1247,.F.);
#1754=ORIENTED_EDGE('',*,*,#1258,.F.);
#1755=ORIENTED_EDGE('',*,*,#1254,.F.);
#1756=ORIENTED_EDGE('',*,*,#1251,.F.);
#1757=ORIENTED_EDGE('',*,*,#1262,.T.);
#1758=ORIENTED_EDGE('',*,*,#1263,.T.);
#1759=ORIENTED_EDGE('',*,*,#1264,.T.);
#1760=ORIENTED_EDGE('',*,*,#1265,.F.);
#1761=ORIENTED_EDGE('',*,*,#1266,.T.);
#1762=ORIENTED_EDGE('',*,*,#1267,.T.);
#1763=ORIENTED_EDGE('',*,*,#1268,.T.);
#1764=ORIENTED_EDGE('',*,*,#1263,.F.);
#1765=ORIENTED_EDGE('',*,*,#1269,.T.);
#1766=ORIENTED_EDGE('',*,*,#1270,.T.);
#1767=ORIENTED_EDGE('',*,*,#1271,.T.);
#1768=ORIENTED_EDGE('',*,*,#1267,.F.);
#1769=ORIENTED_EDGE('',*,*,#1272,.T.);
#1770=ORIENTED_EDGE('',*,*,#1270,.F.);
#1771=ORIENTED_EDGE('',*,*,#1273,.T.);
#1772=ORIENTED_EDGE('',*,*,#1265,.T.);
#1773=ORIENTED_EDGE('',*,*,#1272,.F.);
#1774=ORIENTED_EDGE('',*,*,#1274,.F.);
#1775=ORIENTED_EDGE('',*,*,#1275,.F.);
#1776=ORIENTED_EDGE('',*,*,#1276,.T.);
#1777=ORIENTED_EDGE('',*,*,#1264,.F.);
#1778=ORIENTED_EDGE('',*,*,#1277,.F.);
#1779=ORIENTED_EDGE('',*,*,#1278,.F.);
#1780=ORIENTED_EDGE('',*,*,#1274,.T.);
#1781=ORIENTED_EDGE('',*,*,#1262,.F.);
#1782=ORIENTED_EDGE('',*,*,#1273,.F.);
#1783=ORIENTED_EDGE('',*,*,#1269,.F.);
#1784=ORIENTED_EDGE('',*,*,#1266,.F.);
#1785=ORIENTED_EDGE('',*,*,#1253,.F.);
#1786=ORIENTED_EDGE('',*,*,#1279,.F.);
#1787=ORIENTED_EDGE('',*,*,#1206,.F.);
#1788=ORIENTED_EDGE('',*,*,#1261,.T.);
#1789=ORIENTED_EDGE('',*,*,#1256,.F.);
#1790=ORIENTED_EDGE('',*,*,#1260,.F.);
#1791=ORIENTED_EDGE('',*,*,#1207,.F.);
#1792=ORIENTED_EDGE('',*,*,#1279,.T.);
#1793=ORIENTED_EDGE('',*,*,#1268,.F.);
#1794=ORIENTED_EDGE('',*,*,#1280,.F.);
#1795=ORIENTED_EDGE('',*,*,#1281,.F.);
#1796=ORIENTED_EDGE('',*,*,#1277,.T.);
#1797=ORIENTED_EDGE('',*,*,#1271,.F.);
#1798=ORIENTED_EDGE('',*,*,#1276,.F.);
#1799=ORIENTED_EDGE('',*,*,#1282,.F.);
#1800=ORIENTED_EDGE('',*,*,#1280,.T.);
#1801=ORIENTED_EDGE('',*,*,#1027,.F.);
#1802=ORIENTED_EDGE('',*,*,#1194,.F.);
#1803=ORIENTED_EDGE('',*,*,#1283,.F.);
#1804=ORIENTED_EDGE('',*,*,#1284,.F.);
#1805=ORIENTED_EDGE('',*,*,#1243,.T.);
#1806=ORIENTED_EDGE('',*,*,#1224,.T.);
#1807=ORIENTED_EDGE('',*,*,#1227,.T.);
#1808=ORIENTED_EDGE('',*,*,#1245,.T.);
#1809=ORIENTED_EDGE('',*,*,#1182,.F.);
#1810=ORIENTED_EDGE('',*,*,#1285,.T.);
#1811=ORIENTED_EDGE('',*,*,#1283,.T.);
#1812=ORIENTED_EDGE('',*,*,#1185,.F.);
#1813=ORIENTED_EDGE('',*,*,#1042,.F.);
#1814=ORIENTED_EDGE('',*,*,#1286,.T.);
#1815=ORIENTED_EDGE('',*,*,#1287,.F.);
#1816=ORIENTED_EDGE('',*,*,#1043,.F.);
#1817=ORIENTED_EDGE('',*,*,#1278,.T.);
#1818=ORIENTED_EDGE('',*,*,#1281,.T.);
#1819=ORIENTED_EDGE('',*,*,#1282,.T.);
#1820=ORIENTED_EDGE('',*,*,#1275,.T.);
#1821=ORIENTED_EDGE('',*,*,#1060,.T.);
#1822=ORIENTED_EDGE('',*,*,#1063,.F.);
#1823=ORIENTED_EDGE('',*,*,#1163,.F.);
#1824=ORIENTED_EDGE('',*,*,#1167,.F.);
#1825=ORIENTED_EDGE('',*,*,#1147,.F.);
#1826=ORIENTED_EDGE('',*,*,#1288,.F.);
#1827=ORIENTED_EDGE('',*,*,#1286,.F.);
#1828=ORIENTED_EDGE('',*,*,#1041,.F.);
#1829=ORIENTED_EDGE('',*,*,#1033,.F.);
#1830=ORIENTED_EDGE('',*,*,#1024,.F.);
#1831=ORIENTED_EDGE('',*,*,#1284,.T.);
#1832=ORIENTED_EDGE('',*,*,#1285,.F.);
#1833=ORIENTED_EDGE('',*,*,#1101,.F.);
#1834=ORIENTED_EDGE('',*,*,#1188,.F.);
#1835=ORIENTED_EDGE('',*,*,#1081,.F.);
#1836=ORIENTED_EDGE('',*,*,#1053,.F.);
#1837=ORIENTED_EDGE('',*,*,#1176,.F.);
#1838=ORIENTED_EDGE('',*,*,#1287,.T.);
#1839=ORIENTED_EDGE('',*,*,#1288,.T.);
#1840=ORIENTED_EDGE('',*,*,#1171,.F.);
#1841=B_SPLINE_SURFACE_WITH_KNOTS('',3,3,((#2802,#2803,#2804,#2805,#2806,
#2807),(#2808,#2809,#2810,#2811,#2812,#2813),(#2814,#2815,#2816,#2817,#2818,
#2819),(#2820,#2821,#2822,#2823,#2824,#2825),(#2826,#2827,#2828,#2829,#2830,
#2831)),.UNSPECIFIED.,.F.,.F.,.F.,(4,1,4),(4,1,1,4),(0.,0.5,1.),(-1.5707963267949,
-0.897597901025645,-0.448798950512812,2.20955306661052E-14),
 .UNSPECIFIED.);
#1842=B_SPLINE_SURFACE_WITH_KNOTS('',3,3,((#2863,#2864,#2865,#2866,#2867,
#2868),(#2869,#2870,#2871,#2872,#2873,#2874),(#2875,#2876,#2877,#2878,#2879,
#2880),(#2881,#2882,#2883,#2884,#2885,#2886),(#2887,#2888,#2889,#2890,#2891,
#2892)),.UNSPECIFIED.,.F.,.F.,.F.,(4,1,4),(4,1,1,4),(0.,0.5,1.),(-1.5707963267949,
-0.897597901025653,-0.448798950512825,2.86694412750351E-15),
 .UNSPECIFIED.);
#1843=B_SPLINE_SURFACE_WITH_KNOTS('',3,3,((#2912,#2913,#2914,#2915,#2916,
#2917),(#2918,#2919,#2920,#2921,#2922,#2923),(#2924,#2925,#2926,#2927,#2928,
#2929),(#2930,#2931,#2932,#2933,#2934,#2935),(#2936,#2937,#2938,#2939,#2940,
#2941)),.UNSPECIFIED.,.F.,.F.,.F.,(4,1,4),(4,1,1,4),(0.,0.5,1.),(-1.5707963267949,
-0.897597901025651,-0.44879895051282,1.16087388754349E-14),
 .UNSPECIFIED.);
#1844=B_SPLINE_SURFACE_WITH_KNOTS('',3,3,((#2943,#2944,#2945,#2946,#2947,
#2948),(#2949,#2950,#2951,#2952,#2953,#2954),(#2955,#2956,#2957,#2958,#2959,
#2960),(#2961,#2962,#2963,#2964,#2965,#2966),(#2967,#2968,#2969,#2970,#2971,
#2972)),.UNSPECIFIED.,.F.,.F.,.F.,(4,1,4),(4,1,1,4),(0.,0.5,1.),(-1.5707963267949,
-0.897597901025638,-0.4487989505128,3.82150708436955E-14),.UNSPECIFIED.);
#1845=ADVANCED_FACE('',(#513),#1841,.T.);
#1846=ADVANCED_FACE('',(#514),#469,.F.);
#1847=ADVANCED_FACE('',(#515),#43,.F.);
#1848=ADVANCED_FACE('',(#516),#470,.T.);
#1849=ADVANCED_FACE('',(#517),#471,.F.);
#1850=ADVANCED_FACE('',(#518),#1842,.T.);
#1851=ADVANCED_FACE('',(#519),#472,.T.);
#1852=ADVANCED_FACE('',(#520),#44,.F.);
#1853=ADVANCED_FACE('',(#521),#473,.F.);
#1854=ADVANCED_FACE('',(#522),#1843,.T.);
#1855=ADVANCED_FACE('',(#523),#1844,.T.);
#1856=ADVANCED_FACE('',(#524),#474,.F.);
#1857=ADVANCED_FACE('',(#525),#475,.T.);
#1858=ADVANCED_FACE('',(#526),#35,.T.);
#1859=ADVANCED_FACE('',(#527),#476,.T.);
#1860=ADVANCED_FACE('',(#528),#36,.T.);
#1861=ADVANCED_FACE('',(#529),#45,.F.);
#1862=ADVANCED_FACE('',(#530),#37,.T.);
#1863=ADVANCED_FACE('',(#531),#477,.T.);
#1864=ADVANCED_FACE('',(#532),#38,.T.);
#1865=ADVANCED_FACE('',(#533),#478,.T.);
#1866=ADVANCED_FACE('',(#534),#39,.T.);
#1867=ADVANCED_FACE('',(#535),#479,.F.);
#1868=ADVANCED_FACE('',(#536),#40,.T.);
#1869=ADVANCED_FACE('',(#537),#480,.F.);
#1870=ADVANCED_FACE('',(#538),#19,.T.);
#1871=ADVANCED_FACE('',(#539),#20,.T.);
#1872=ADVANCED_FACE('',(#540),#481,.T.);
#1873=ADVANCED_FACE('',(#541),#482,.T.);
#1874=ADVANCED_FACE('',(#542),#483,.T.);
#1875=ADVANCED_FACE('',(#543),#21,.T.);
#1876=ADVANCED_FACE('',(#544),#484,.T.);
#1877=ADVANCED_FACE('',(#545),#22,.T.);
#1878=ADVANCED_FACE('',(#546),#23,.T.);
#1879=ADVANCED_FACE('',(#547),#485,.T.);
#1880=ADVANCED_FACE('',(#548),#486,.T.);
#1881=ADVANCED_FACE('',(#549),#24,.T.);
#1882=ADVANCED_FACE('',(#550),#25,.T.);
#1883=ADVANCED_FACE('',(#551),#487,.T.);
#1884=ADVANCED_FACE('',(#552),#26,.T.);
#1885=ADVANCED_FACE('',(#553),#27,.T.);
#1886=ADVANCED_FACE('',(#554),#488,.T.);
#1887=ADVANCED_FACE('',(#555),#489,.T.);
#1888=ADVANCED_FACE('',(#556),#28,.T.);
#1889=ADVANCED_FACE('',(#557),#490,.T.);
#1890=ADVANCED_FACE('',(#558),#29,.T.);
#1891=ADVANCED_FACE('',(#559),#491,.T.);
#1892=ADVANCED_FACE('',(#560),#492,.T.);
#1893=ADVANCED_FACE('',(#561),#30,.T.);
#1894=ADVANCED_FACE('',(#562),#493,.T.);
#1895=ADVANCED_FACE('',(#563),#41,.T.);
#1896=ADVANCED_FACE('',(#564),#494,.F.);
#1897=ADVANCED_FACE('',(#565),#495,.T.);
#1898=ADVANCED_FACE('',(#566),#42,.T.);
#1899=ADVANCED_FACE('',(#567),#496,.F.);
#1900=ADVANCED_FACE('',(#568),#497,.T.);
#1901=ADVANCED_FACE('',(#569),#498,.T.);
#1902=ADVANCED_FACE('',(#570),#499,.T.);
#1903=ADVANCED_FACE('',(#571),#500,.T.);
#1904=ADVANCED_FACE('',(#572),#501,.T.);
#1905=ADVANCED_FACE('',(#573),#502,.T.);
#1906=ADVANCED_FACE('',(#574),#503,.T.);
#1907=ADVANCED_FACE('',(#575),#504,.T.);
#1908=ADVANCED_FACE('',(#576),#505,.T.);
#1909=ADVANCED_FACE('',(#577),#506,.T.);
#1910=ADVANCED_FACE('',(#578),#507,.T.);
#1911=ADVANCED_FACE('',(#579),#508,.T.);
#1912=ADVANCED_FACE('',(#580),#509,.T.);
#1913=ADVANCED_FACE('',(#581),#510,.T.);
#1914=ADVANCED_FACE('',(#582),#511,.T.);
#1915=ADVANCED_FACE('',(#583),#512,.T.);
#1916=ADVANCED_FACE('',(#584),#46,.T.);
#1917=ADVANCED_FACE('',(#585,#15),#47,.T.);
#1918=ADVANCED_FACE('',(#586,#16),#48,.T.);
#1919=ADVANCED_FACE('',(#587),#49,.T.);
#1920=ADVANCED_FACE('',(#588),#50,.T.);
#1921=ADVANCED_FACE('',(#589),#51,.T.);
#1922=ADVANCED_FACE('',(#590),#52,.T.);
#1923=ADVANCED_FACE('',(#591),#53,.T.);
#1924=ADVANCED_FACE('',(#592),#54,.T.);
#1925=ADVANCED_FACE('',(#593),#55,.T.);
#1926=ADVANCED_FACE('',(#594),#56,.T.);
#1927=ADVANCED_FACE('',(#595),#57,.T.);
#1928=ADVANCED_FACE('',(#596),#58,.T.);
#1929=ADVANCED_FACE('',(#597),#59,.T.);
#1930=ADVANCED_FACE('',(#598),#60,.T.);
#1931=ADVANCED_FACE('',(#599),#61,.T.);
#1932=ADVANCED_FACE('',(#600),#62,.T.);
#1933=ADVANCED_FACE('',(#601),#63,.T.);
#1934=ADVANCED_FACE('',(#602),#64,.T.);
#1935=ADVANCED_FACE('',(#603),#65,.T.);
#1936=ADVANCED_FACE('',(#604),#66,.T.);
#1937=ADVANCED_FACE('',(#605),#67,.T.);
#1938=ADVANCED_FACE('',(#606),#68,.T.);
#1939=ADVANCED_FACE('',(#607),#69,.T.);
#1940=ADVANCED_FACE('',(#608),#70,.T.);
#1941=ADVANCED_FACE('',(#609),#71,.T.);
#1942=ADVANCED_FACE('',(#610),#72,.T.);
#1943=ADVANCED_FACE('',(#611),#73,.T.);
#1944=ADVANCED_FACE('',(#612),#74,.T.);
#1945=ADVANCED_FACE('',(#613),#75,.T.);
#1946=ADVANCED_FACE('',(#614),#76,.T.);
#1947=ADVANCED_FACE('',(#615),#77,.T.);
#1948=ADVANCED_FACE('',(#616),#78,.T.);
#1949=ADVANCED_FACE('',(#617),#79,.T.);
#1950=ADVANCED_FACE('',(#618),#80,.T.);
#1951=ADVANCED_FACE('',(#619),#81,.T.);
#1952=ADVANCED_FACE('',(#620),#82,.T.);
#1953=ADVANCED_FACE('',(#621),#83,.T.);
#1954=ADVANCED_FACE('',(#622),#84,.T.);
#1955=ADVANCED_FACE('',(#623),#85,.T.);
#1956=ADVANCED_FACE('',(#624),#86,.T.);
#1957=ADVANCED_FACE('',(#625),#87,.T.);
#1958=ADVANCED_FACE('',(#626),#88,.T.);
#1959=ADVANCED_FACE('',(#627),#89,.T.);
#1960=ADVANCED_FACE('',(#628),#90,.T.);
#1961=ADVANCED_FACE('',(#629),#91,.T.);
#1962=ADVANCED_FACE('',(#630),#92,.T.);
#1963=ADVANCED_FACE('',(#631),#93,.T.);
#1964=ADVANCED_FACE('',(#632),#94,.T.);
#1965=ADVANCED_FACE('',(#633),#95,.T.);
#1966=ADVANCED_FACE('',(#634,#17),#96,.T.);
#1967=ADVANCED_FACE('',(#635),#97,.T.);
#1968=ADVANCED_FACE('',(#636,#18),#98,.T.);
#1969=ADVANCED_FACE('',(#637),#99,.T.);
#1970=ADVANCED_FACE('',(#638),#100,.T.);
#1971=CLOSED_SHELL('',(#1845,#1846,#1847,#1848,#1849,#1850,#1851,#1852,
#1853,#1854,#1855,#1856,#1857,#1858,#1859,#1860,#1861,#1862,#1863,#1864,
#1865,#1866,#1867,#1868,#1869,#1870,#1871,#1872,#1873,#1874,#1875,#1876,
#1877,#1878,#1879,#1880,#1881,#1882,#1883,#1884,#1885,#1886,#1887,#1888,
#1889,#1890,#1891,#1892,#1893,#1894,#1895,#1896,#1897,#1898,#1899,#1900,
#1901,#1902,#1903,#1904,#1905,#1906,#1907,#1908,#1909,#1910,#1911,#1912,
#1913,#1914,#1915,#1916,#1917,#1918,#1919,#1920,#1921,#1922,#1923,#1924,
#1925,#1926,#1927,#1928,#1929,#1930,#1931,#1932,#1933,#1934,#1935,#1936,
#1937,#1938,#1939,#1940,#1941,#1942,#1943,#1944,#1945,#1946,#1947,#1948,
#1949,#1950,#1951,#1952,#1953,#1954,#1955,#1956,#1957,#1958,#1959,#1960,
#1961,#1962,#1963,#1964,#1965,#1966,#1967,#1968,#1969,#1970));
#1972=DERIVED_UNIT_ELEMENT(#1974,1.);
#1973=DERIVED_UNIT_ELEMENT(#3501,-3.);
#1974=(
MASS_UNIT()
NAMED_UNIT(*)
SI_UNIT(.KILO.,.GRAM.)
);
#1975=DERIVED_UNIT((#1972,#1973));
#1976=MEASURE_REPRESENTATION_ITEM('density measure',
POSITIVE_RATIO_MEASURE(7850.),#1975);
#1977=PROPERTY_DEFINITION_REPRESENTATION(#1982,#1979);
#1978=PROPERTY_DEFINITION_REPRESENTATION(#1983,#1980);
#1979=REPRESENTATION('material name',(#1981),#3498);
#1980=REPRESENTATION('density',(#1976),#3498);
#1981=DESCRIPTIVE_REPRESENTATION_ITEM('Steel','Steel');
#1982=PROPERTY_DEFINITION('material property','material name',#3508);
#1983=PROPERTY_DEFINITION('material property','density of part',#3508);
#1984=AXIS2_PLACEMENT_3D('',#2801,#2195,#2196);
#1985=AXIS2_PLACEMENT_3D('',#2834,#2197,#2198);
#1986=AXIS2_PLACEMENT_3D('',#2836,#2199,#2200);
#1987=AXIS2_PLACEMENT_3D('',#2837,#2201,#2202);
#1988=AXIS2_PLACEMENT_3D('',#2838,#2203,#2204);
#1989=AXIS2_PLACEMENT_3D('',#2842,#2206,#2207);
#1990=AXIS2_PLACEMENT_3D('',#2844,#2209,#2210);
#1991=AXIS2_PLACEMENT_3D('',#2850,#2214,#2215);
#1992=AXIS2_PLACEMENT_3D('',#2853,#2217,#2218);
#1993=AXIS2_PLACEMENT_3D('',#2854,#2219,#2220);
#1994=AXIS2_PLACEMENT_3D('',#2857,#2221,#2222);
#1995=AXIS2_PLACEMENT_3D('',#2861,#2224,#2225);
#1996=AXIS2_PLACEMENT_3D('',#2894,#2227,#2228);
#1997=AXIS2_PLACEMENT_3D('',#2895,#2229,#2230);
#1998=AXIS2_PLACEMENT_3D('',#2896,#2231,#2232);
#1999=AXIS2_PLACEMENT_3D('',#2900,#2234,#2235);
#2000=AXIS2_PLACEMENT_3D('',#2902,#2237,#2238);
#2001=AXIS2_PLACEMENT_3D('',#2906,#2241,#2242);
#2002=AXIS2_PLACEMENT_3D('',#2908,#2243,#2244);
#2003=AXIS2_PLACEMENT_3D('',#2910,#2245,#2246);
#2004=AXIS2_PLACEMENT_3D('',#2942,#2248,#2249);
#2005=AXIS2_PLACEMENT_3D('',#2974,#2250,#2251);
#2006=AXIS2_PLACEMENT_3D('',#2975,#2252,#2253);
#2007=AXIS2_PLACEMENT_3D('',#2976,#2254,#2255);
#2008=AXIS2_PLACEMENT_3D('',#2978,#2256,#2257);
#2009=AXIS2_PLACEMENT_3D('',#2980,#2259,#2260);
#2010=AXIS2_PLACEMENT_3D('',#2984,#2262,#2263);
#2011=AXIS2_PLACEMENT_3D('',#2986,#2265,#2266);
#2012=AXIS2_PLACEMENT_3D('',#2989,#2267,#2268);
#2013=AXIS2_PLACEMENT_3D('',#2991,#2269,#2270);
#2014=AXIS2_PLACEMENT_3D('',#2999,#2271,#2272);
#2015=AXIS2_PLACEMENT_3D('',#3000,#2273,#2274);
#2016=AXIS2_PLACEMENT_3D('',#3003,#2275,#2276);
#2017=AXIS2_PLACEMENT_3D('',#3006,#2279,#2280);
#2018=AXIS2_PLACEMENT_3D('',#3015,#2281,#2282);
#2019=AXIS2_PLACEMENT_3D('',#3016,#2283,#2284);
#2020=AXIS2_PLACEMENT_3D('',#3017,#2285,#2286);
#2021=AXIS2_PLACEMENT_3D('',#3021,#2288,#2289);
#2022=AXIS2_PLACEMENT_3D('',#3025,#2291,#2292);
#2023=AXIS2_PLACEMENT_3D('',#3027,#2294,#2295);
#2024=AXIS2_PLACEMENT_3D('',#3029,#2296,#2297);
#2025=AXIS2_PLACEMENT_3D('',#3031,#2298,#2299);
#2026=AXIS2_PLACEMENT_3D('',#3038,#2300,#2301);
#2027=AXIS2_PLACEMENT_3D('',#3040,#2302,#2303);
#2028=AXIS2_PLACEMENT_3D('',#3042,#2305,#2306);
#2029=AXIS2_PLACEMENT_3D('',#3050,#2307,#2308);
#2030=AXIS2_PLACEMENT_3D('',#3051,#2309,#2310);
#2031=AXIS2_PLACEMENT_3D('',#3055,#2312,#2313);
#2032=AXIS2_PLACEMENT_3D('',#3057,#2315,#2316);
#2033=AXIS2_PLACEMENT_3D('',#3060,#2317,#2318);
#2034=AXIS2_PLACEMENT_3D('',#3062,#2319,#2320);
#2035=AXIS2_PLACEMENT_3D('',#3064,#2321,#2322);
#2036=AXIS2_PLACEMENT_3D('',#3065,#2323,#2324);
#2037=AXIS2_PLACEMENT_3D('',#3066,#2325,#2326);
#2038=AXIS2_PLACEMENT_3D('',#3069,#2329,#2330);
#2039=AXIS2_PLACEMENT_3D('',#3072,#2331,#2332);
#2040=AXIS2_PLACEMENT_3D('',#3074,#2333,#2334);
#2041=AXIS2_PLACEMENT_3D('',#3076,#2335,#2336);
#2042=AXIS2_PLACEMENT_3D('',#3077,#2337,#2338);
#2043=AXIS2_PLACEMENT_3D('',#3078,#2339,#2340);
#2044=AXIS2_PLACEMENT_3D('',#3081,#2343,#2344);
#2045=AXIS2_PLACEMENT_3D('',#3084,#2345,#2346);
#2046=AXIS2_PLACEMENT_3D('',#3086,#2347,#2348);
#2047=AXIS2_PLACEMENT_3D('',#3087,#2349,#2350);
#2048=AXIS2_PLACEMENT_3D('',#3088,#2351,#2352);
#2049=AXIS2_PLACEMENT_3D('',#3091,#2353,#2354);
#2050=AXIS2_PLACEMENT_3D('',#3093,#2355,#2356);
#2051=AXIS2_PLACEMENT_3D('',#3094,#2357,#2358);
#2052=AXIS2_PLACEMENT_3D('',#3095,#2359,#2360);
#2053=AXIS2_PLACEMENT_3D('',#3100,#2363,#2364);
#2054=AXIS2_PLACEMENT_3D('',#3101,#2365,#2366);
#2055=AXIS2_PLACEMENT_3D('',#3104,#2369,#2370);
#2056=AXIS2_PLACEMENT_3D('',#3108,#2372,#2373);
#2057=AXIS2_PLACEMENT_3D('',#3110,#2375,#2376);
#2058=AXIS2_PLACEMENT_3D('',#3113,#2377,#2378);
#2059=AXIS2_PLACEMENT_3D('',#3115,#2379,#2380);
#2060=AXIS2_PLACEMENT_3D('',#3116,#2381,#2382);
#2061=AXIS2_PLACEMENT_3D('',#3117,#2383,#2384);
#2062=AXIS2_PLACEMENT_3D('',#3122,#2387,#2388);
#2063=AXIS2_PLACEMENT_3D('',#3123,#2389,#2390);
#2064=AXIS2_PLACEMENT_3D('',#3126,#2391,#2392);
#2065=AXIS2_PLACEMENT_3D('',#3128,#2393,#2394);
#2066=AXIS2_PLACEMENT_3D('',#3129,#2395,#2396);
#2067=AXIS2_PLACEMENT_3D('',#3130,#2397,#2398);
#2068=AXIS2_PLACEMENT_3D('',#3133,#2399,#2400);
#2069=AXIS2_PLACEMENT_3D('',#3135,#2401,#2402);
#2070=AXIS2_PLACEMENT_3D('',#3136,#2403,#2404);
#2071=AXIS2_PLACEMENT_3D('',#3137,#2405,#2406);
#2072=AXIS2_PLACEMENT_3D('',#3140,#2409,#2410);
#2073=AXIS2_PLACEMENT_3D('',#3143,#2413,#2414);
#2074=AXIS2_PLACEMENT_3D('',#3146,#2415,#2416);
#2075=AXIS2_PLACEMENT_3D('',#3148,#2417,#2418);
#2076=AXIS2_PLACEMENT_3D('',#3149,#2419,#2420);
#2077=AXIS2_PLACEMENT_3D('',#3150,#2421,#2422);
#2078=AXIS2_PLACEMENT_3D('',#3153,#2423,#2424);
#2079=AXIS2_PLACEMENT_3D('',#3155,#2425,#2426);
#2080=AXIS2_PLACEMENT_3D('',#3156,#2427,#2428);
#2081=AXIS2_PLACEMENT_3D('',#3157,#2429,#2430);
#2082=AXIS2_PLACEMENT_3D('',#3160,#2433,#2434);
#2083=AXIS2_PLACEMENT_3D('',#3163,#2435,#2436);
#2084=AXIS2_PLACEMENT_3D('',#3165,#2437,#2438);
#2085=AXIS2_PLACEMENT_3D('',#3166,#2439,#2440);
#2086=AXIS2_PLACEMENT_3D('',#3167,#2441,#2442);
#2087=AXIS2_PLACEMENT_3D('',#3170,#2443,#2444);
#2088=AXIS2_PLACEMENT_3D('',#3172,#2445,#2446);
#2089=AXIS2_PLACEMENT_3D('',#3173,#2447,#2448);
#2090=AXIS2_PLACEMENT_3D('',#3174,#2449,#2450);
#2091=AXIS2_PLACEMENT_3D('',#3177,#2453,#2454);
#2092=AXIS2_PLACEMENT_3D('',#3180,#2457,#2458);
#2093=AXIS2_PLACEMENT_3D('',#3183,#2459,#2460);
#2094=AXIS2_PLACEMENT_3D('',#3185,#2461,#2462);
#2095=AXIS2_PLACEMENT_3D('',#3186,#2463,#2464);
#2096=AXIS2_PLACEMENT_3D('',#3187,#2465,#2466);
#2097=AXIS2_PLACEMENT_3D('',#3190,#2469,#2470);
#2098=AXIS2_PLACEMENT_3D('',#3193,#2471,#2472);
#2099=AXIS2_PLACEMENT_3D('',#3195,#2473,#2474);
#2100=AXIS2_PLACEMENT_3D('',#3196,#2475,#2476);
#2101=AXIS2_PLACEMENT_3D('',#3197,#2477,#2478);
#2102=AXIS2_PLACEMENT_3D('',#3202,#2481,#2482);
#2103=AXIS2_PLACEMENT_3D('',#3203,#2483,#2484);
#2104=AXIS2_PLACEMENT_3D('',#3206,#2487,#2488);
#2105=AXIS2_PLACEMENT_3D('',#3209,#2489,#2490);
#2106=AXIS2_PLACEMENT_3D('',#3211,#2491,#2492);
#2107=AXIS2_PLACEMENT_3D('',#3212,#2493,#2494);
#2108=AXIS2_PLACEMENT_3D('',#3213,#2495,#2496);
#2109=AXIS2_PLACEMENT_3D('',#3218,#2499,#2500);
#2110=AXIS2_PLACEMENT_3D('',#3219,#2501,#2502);
#2111=AXIS2_PLACEMENT_3D('',#3222,#2503,#2504);
#2112=AXIS2_PLACEMENT_3D('',#3224,#2505,#2506);
#2113=AXIS2_PLACEMENT_3D('',#3226,#2507,#2508);
#2114=AXIS2_PLACEMENT_3D('',#3227,#2509,#2510);
#2115=AXIS2_PLACEMENT_3D('',#3228,#2511,#2512);
#2116=AXIS2_PLACEMENT_3D('',#3231,#2515,#2516);
#2117=AXIS2_PLACEMENT_3D('',#3234,#2519,#2520);
#2118=AXIS2_PLACEMENT_3D('',#3237,#2521,#2522);
#2119=AXIS2_PLACEMENT_3D('',#3239,#2523,#2524);
#2120=AXIS2_PLACEMENT_3D('',#3241,#2525,#2526);
#2121=AXIS2_PLACEMENT_3D('',#3242,#2527,#2528);
#2122=AXIS2_PLACEMENT_3D('',#3243,#2529,#2530);
#2123=AXIS2_PLACEMENT_3D('',#3246,#2533,#2534);
#2124=AXIS2_PLACEMENT_3D('',#3249,#2537,#2538);
#2125=AXIS2_PLACEMENT_3D('',#3252,#2541,#2542);
#2126=AXIS2_PLACEMENT_3D('',#3255,#2545,#2546);
#2127=AXIS2_PLACEMENT_3D('',#3258,#2549,#2550);
#2128=AXIS2_PLACEMENT_3D('',#3261,#2553,#2554);
#2129=AXIS2_PLACEMENT_3D('',#3264,#2557,#2558);
#2130=AXIS2_PLACEMENT_3D('',#3267,#2561,#2562);
#2131=AXIS2_PLACEMENT_3D('',#3270,#2565,#2566);
#2132=AXIS2_PLACEMENT_3D('',#3273,#2569,#2570);
#2133=AXIS2_PLACEMENT_3D('',#3276,#2573,#2574);
#2134=AXIS2_PLACEMENT_3D('',#3281,#2577,#2578);
#2135=AXIS2_PLACEMENT_3D('',#3282,#2579,#2580);
#2136=AXIS2_PLACEMENT_3D('',#3285,#2583,#2584);
#2137=AXIS2_PLACEMENT_3D('',#3288,#2587,#2588);
#2138=AXIS2_PLACEMENT_3D('',#3291,#2591,#2592);
#2139=AXIS2_PLACEMENT_3D('',#3294,#2595,#2596);
#2140=AXIS2_PLACEMENT_3D('',#3297,#2599,#2600);
#2141=AXIS2_PLACEMENT_3D('',#3301,#2603,#2604);
#2142=AXIS2_PLACEMENT_3D('',#3311,#2610,#2611);
#2143=AXIS2_PLACEMENT_3D('',#3323,#2618,#2619);
#2144=AXIS2_PLACEMENT_3D('',#3325,#2621,#2622);
#2145=AXIS2_PLACEMENT_3D('',#3326,#2623,#2624);
#2146=AXIS2_PLACEMENT_3D('',#3327,#2625,#2626);
#2147=AXIS2_PLACEMENT_3D('',#3328,#2627,#2628);
#2148=AXIS2_PLACEMENT_3D('',#3329,#2629,#2630);
#2149=AXIS2_PLACEMENT_3D('',#3330,#2631,#2632);
#2150=AXIS2_PLACEMENT_3D('',#3331,#2633,#2634);
#2151=AXIS2_PLACEMENT_3D('',#3332,#2635,#2636);
#2152=AXIS2_PLACEMENT_3D('',#3333,#2637,#2638);
#2153=AXIS2_PLACEMENT_3D('',#3334,#2639,#2640);
#2154=AXIS2_PLACEMENT_3D('',#3335,#2641,#2642);
#2155=AXIS2_PLACEMENT_3D('',#3344,#2647,#2648);
#2156=AXIS2_PLACEMENT_3D('',#3350,#2652,#2653);
#2157=AXIS2_PLACEMENT_3D('',#3356,#2657,#2658);
#2158=AXIS2_PLACEMENT_3D('',#3359,#2661,#2662);
#2159=AXIS2_PLACEMENT_3D('',#3365,#2666,#2667);
#2160=AXIS2_PLACEMENT_3D('',#3369,#2670,#2671);
#2161=AXIS2_PLACEMENT_3D('',#3370,#2672,#2673);
#2162=AXIS2_PLACEMENT_3D('',#3379,#2678,#2679);
#2163=AXIS2_PLACEMENT_3D('',#3385,#2683,#2684);
#2164=AXIS2_PLACEMENT_3D('',#3391,#2688,#2689);
#2165=AXIS2_PLACEMENT_3D('',#3394,#2692,#2693);
#2166=AXIS2_PLACEMENT_3D('',#3397,#2696,#2697);
#2167=AXIS2_PLACEMENT_3D('',#3399,#2699,#2700);
#2168=AXIS2_PLACEMENT_3D('',#3400,#2701,#2702);
#2169=AXIS2_PLACEMENT_3D('',#3404,#2705,#2706);
#2170=AXIS2_PLACEMENT_3D('',#3406,#2708,#2709);
#2171=AXIS2_PLACEMENT_3D('',#3408,#2711,#2712);
#2172=AXIS2_PLACEMENT_3D('',#3409,#2713,#2714);
#2173=AXIS2_PLACEMENT_3D('',#3418,#2719,#2720);
#2174=AXIS2_PLACEMENT_3D('',#3424,#2724,#2725);
#2175=AXIS2_PLACEMENT_3D('',#3430,#2729,#2730);
#2176=AXIS2_PLACEMENT_3D('',#3433,#2733,#2734);
#2177=AXIS2_PLACEMENT_3D('',#3436,#2737,#2738);
#2178=AXIS2_PLACEMENT_3D('',#3438,#2740,#2741);
#2179=AXIS2_PLACEMENT_3D('',#3439,#2742,#2743);
#2180=AXIS2_PLACEMENT_3D('',#3448,#2748,#2749);
#2181=AXIS2_PLACEMENT_3D('',#3454,#2753,#2754);
#2182=AXIS2_PLACEMENT_3D('',#3460,#2758,#2759);
#2183=AXIS2_PLACEMENT_3D('',#3463,#2762,#2763);
#2184=AXIS2_PLACEMENT_3D('',#3469,#2767,#2768);
#2185=AXIS2_PLACEMENT_3D('',#3473,#2771,#2772);
#2186=AXIS2_PLACEMENT_3D('',#3474,#2773,#2774);
#2187=AXIS2_PLACEMENT_3D('',#3476,#2776,#2777);
#2188=AXIS2_PLACEMENT_3D('',#3477,#2778,#2779);
#2189=AXIS2_PLACEMENT_3D('',#3481,#2782,#2783);
#2190=AXIS2_PLACEMENT_3D('',#3483,#2785,#2786);
#2191=AXIS2_PLACEMENT_3D('',#3487,#2789,#2790);
#2192=AXIS2_PLACEMENT_3D('',#3489,#2792,#2793);
#2193=AXIS2_PLACEMENT_3D('',#3493,#2796,#2797);
#2194=AXIS2_PLACEMENT_3D('',#3495,#2799,#2800);
#2195=DIRECTION('axis',(0.,0.,1.));
#2196=DIRECTION('refdir',(1.,0.,0.));
#2197=DIRECTION('center_axis',(3.14018418797095E-14,-2.09345770567284E-14,
1.));
#2198=DIRECTION('ref_axis',(0.707107027554706,0.707106534818303,-7.40148683083434E-15));
#2199=DIRECTION('center_axis',(0.936329055231523,-0.351123767821608,-2.2869756276356E-14));
#2200=DIRECTION('ref_axis',(-0.351123767821608,-0.936329055231523,-7.35061690273367E-15));
#2201=DIRECTION('center_axis',(-0.936329299906451,-0.351123115355135,9.3558124314844E-15));
#2202=DIRECTION('ref_axis',(0.351123115355135,-0.936329299906451,-1.83765422568342E-14));
#2203=DIRECTION('center_axis',(0.,0.,1.));
#2204=DIRECTION('ref_axis',(3.48417249657301E-7,0.999999999999939,0.));
#2205=DIRECTION('',(0.,0.,1.));
#2206=DIRECTION('center_axis',(5.96634926421826E-14,-5.9663534217777E-14,
1.));
#2207=DIRECTION('ref_axis',(3.48417249657301E-7,0.999999999999939,0.));
#2208=DIRECTION('',(0.,0.,-1.));
#2209=DIRECTION('center_axis',(0.707107027554704,0.707106534818305,0.));
#2210=DIRECTION('ref_axis',(-0.707106534818305,0.707107027554704,0.));
#2211=DIRECTION('',(-0.707106534818305,0.707107027554704,2.1094237467879E-14));
#2212=DIRECTION('',(0.,0.,-1.));
#2213=DIRECTION('',(0.707106534818305,-0.707107027554704,-8.43769498715119E-14));
#2214=DIRECTION('center_axis',(0.707106534818305,-0.707107027554704,-2.1094237467879E-14));
#2215=DIRECTION('ref_axis',(-0.500000174208614,-0.499999825791331,-0.707106781186543));
#2216=DIRECTION('',(0.707106534818305,-0.707107027554704,-2.1094237467879E-14));
#2217=DIRECTION('center_axis',(-0.351123767821604,-0.936329055231525,-1.35139396796675E-14));
#2218=DIRECTION('ref_axis',(-0.936329055231525,0.351123767821604,1.83765422568344E-14));
#2219=DIRECTION('center_axis',(0.,0.,1.));
#2220=DIRECTION('ref_axis',(3.48417249657301E-7,0.999999999999939,0.));
#2221=DIRECTION('center_axis',(-6.12335845538189E-14,6.12336272235079E-14,
-1.));
#2222=DIRECTION('ref_axis',(3.48417249657301E-7,0.999999999999939,0.));
#2223=DIRECTION('',(0.,0.,1.));
#2224=DIRECTION('center_axis',(2.87850183800002E-14,-2.87850384384012E-14,
1.));
#2225=DIRECTION('ref_axis',(0.707107027554706,0.707106534818303,0.));
#2226=DIRECTION('',(0.,0.,-1.));
#2227=DIRECTION('center_axis',(-0.936329299906451,-0.351123115355134,9.35581243148451E-15));
#2228=DIRECTION('ref_axis',(0.351123115355134,-0.936329299906451,-1.83765422568343E-14));
#2229=DIRECTION('center_axis',(0.936329055231524,-0.351123767821607,-2.39092870471006E-14));
#2230=DIRECTION('ref_axis',(-0.351123767821607,-0.936329055231524,-9.1882711284171E-15));
#2231=DIRECTION('center_axis',(-0.707106534818305,0.707107027554704,2.12052597703415E-14));
#2232=DIRECTION('ref_axis',(-0.50000017420858,-0.499999825791359,0.707106781186548));
#2233=DIRECTION('',(0.707106534818305,-0.707107027554704,-2.12052597703415E-14));
#2234=DIRECTION('center_axis',(-0.351123767821607,-0.936329055231524,-6.23719784446375E-15));
#2235=DIRECTION('ref_axis',(-0.936329055231524,0.351123767821607,2.02141964825176E-14));
#2236=DIRECTION('',(-0.707106534818305,0.707107027554704,2.12052597703415E-14));
#2237=DIRECTION('center_axis',(0.707107027554704,0.707106534818305,0.));
#2238=DIRECTION('ref_axis',(-0.707106534818305,0.707107027554704,0.));
#2239=DIRECTION('',(-0.707106534818305,0.707107027554704,8.65973959207621E-14));
#2240=DIRECTION('',(0.,0.,-1.));
#2241=DIRECTION('center_axis',(0.,0.,-1.));
#2242=DIRECTION('ref_axis',(0.999999999999939,-3.48417249657301E-7,0.));
#2243=DIRECTION('center_axis',(5.96634926421826E-14,-5.9663534217777E-14,
1.));
#2244=DIRECTION('ref_axis',(0.999999999999939,-3.48417249657301E-7,0.));
#2245=DIRECTION('center_axis',(-2.61681985272732E-14,2.61682167621831E-14,
-1.));
#2246=DIRECTION('ref_axis',(0.707107027554705,0.707106534818305,0.));
#2247=DIRECTION('',(0.,0.,1.));
#2248=DIRECTION('center_axis',(-0.351123115355135,0.936329299906451,1.55930119058107E-14));
#2249=DIRECTION('ref_axis',(-0.936329299906451,-0.351123115355135,7.3506169027337E-15));
#2250=DIRECTION('center_axis',(-2.87850183800005E-14,2.87850384384011E-14,
-1.));
#2251=DIRECTION('ref_axis',(0.707107027554701,0.707106534818308,0.));
#2252=DIRECTION('center_axis',(-0.351123115355134,0.936329299906451,1.87116116429738E-14));
#2253=DIRECTION('ref_axis',(-0.936329299906451,-0.351123115355134,9.18827112841713E-15));
#2254=DIRECTION('center_axis',(0.,0.,-1.));
#2255=DIRECTION('ref_axis',(0.999999999999939,-3.48417249657301E-7,0.));
#2256=DIRECTION('center_axis',(-6.12335845538189E-14,6.12336272235079E-14,
-1.));
#2257=DIRECTION('ref_axis',(0.999999999999939,-3.48417249657301E-7,0.));
#2258=DIRECTION('',(0.,0.,1.));
#2259=DIRECTION('center_axis',(-0.707107027554704,-0.707106534818305,0.));
#2260=DIRECTION('ref_axis',(-0.499999825791339,0.500000174208591,0.707106781186554));
#2261=DIRECTION('',(-0.707107027554704,-0.707106534818305,0.));
#2262=DIRECTION('center_axis',(3.48417248610573E-7,0.999999999999939,8.88177800786704E-15));
#2263=DIRECTION('ref_axis',(0.999999999999939,-3.48417248610573E-7,-8.88177800786703E-15));
#2264=DIRECTION('',(0.707107027554704,0.707106534818305,0.));
#2265=DIRECTION('center_axis',(-0.707107027554704,-0.707106534818305,0.));
#2266=DIRECTION('ref_axis',(0.,0.,1.));
#2267=DIRECTION('center_axis',(0.,0.,-1.));
#2268=DIRECTION('ref_axis',(-0.707107027554702,-0.707106534818308,0.));
#2269=DIRECTION('center_axis',(0.707107027554704,0.707106534818305,0.));
#2270=DIRECTION('ref_axis',(0.499999825791326,-0.500000174208575,-0.707106781186575));
#2271=DIRECTION('center_axis',(-0.707107027554704,-0.707106534818305,0.));
#2272=DIRECTION('ref_axis',(0.499999825791326,-0.500000174208575,-0.707106781186574));
#2273=DIRECTION('center_axis',(0.,0.,1.));
#2274=DIRECTION('ref_axis',(-0.999999999999939,3.4841725803113E-7,0.));
#2275=DIRECTION('center_axis',(0.,0.,-1.));
#2276=DIRECTION('ref_axis',(-0.707107027554704,-0.707106534818305,0.));
#2277=DIRECTION('',(0.,0.,-1.));
#2278=DIRECTION('',(0.,0.,1.));
#2279=DIRECTION('center_axis',(-0.707107027554704,-0.707106534818305,0.));
#2280=DIRECTION('ref_axis',(0.,0.,1.));
#2281=DIRECTION('center_axis',(0.707107027554704,0.707106534818305,0.));
#2282=DIRECTION('ref_axis',(0.499999825791368,-0.500000174208617,0.707106781186515));
#2283=DIRECTION('center_axis',(-0.707107027554704,-0.707106534818305,0.));
#2284=DIRECTION('ref_axis',(0.499999825791368,-0.500000174208617,0.707106781186515));
#2285=DIRECTION('center_axis',(0.707107027554704,0.707106534818305,0.));
#2286=DIRECTION('ref_axis',(0.,0.,-1.));
#2287=DIRECTION('',(-0.707106534818305,0.707107027554704,-4.4408920985009E-15));
#2288=DIRECTION('center_axis',(-0.707107027554704,-0.707106534818305,0.));
#2289=DIRECTION('ref_axis',(-0.499999825791365,0.500000174208614,-0.70710678118652));
#2290=DIRECTION('',(0.,0.,-1.));
#2291=DIRECTION('center_axis',(-0.707107027554704,-0.707106534818305,0.));
#2292=DIRECTION('ref_axis',(-0.49999982579132,0.500000174208568,0.707106781186584));
#2293=DIRECTION('',(0.707106534818305,-0.707107027554704,1.38777878078153E-15));
#2294=DIRECTION('center_axis',(-0.707107027554704,-0.707106534818305,0.));
#2295=DIRECTION('ref_axis',(0.,0.,1.));
#2296=DIRECTION('center_axis',(0.,0.,1.));
#2297=DIRECTION('ref_axis',(-0.707107027554702,-0.707106534818308,0.));
#2298=DIRECTION('center_axis',(0.707107027554704,0.707106534818305,0.));
#2299=DIRECTION('ref_axis',(-0.49999982579132,0.500000174208568,0.707106781186584));
#2300=DIRECTION('center_axis',(0.,0.,-1.));
#2301=DIRECTION('ref_axis',(-3.4841724547039E-7,-0.999999999999939,0.));
#2302=DIRECTION('center_axis',(0.,0.,1.));
#2303=DIRECTION('ref_axis',(-0.707107027554704,-0.707106534818305,0.));
#2304=DIRECTION('',(0.,0.,1.));
#2305=DIRECTION('center_axis',(-0.707107027554704,-0.707106534818305,0.));
#2306=DIRECTION('ref_axis',(0.,0.,1.));
#2307=DIRECTION('center_axis',(0.707107027554704,0.707106534818305,0.));
#2308=DIRECTION('ref_axis',(-0.499999825791365,0.500000174208614,-0.70710678118652));
#2309=DIRECTION('center_axis',(-0.707107027554704,-0.707106534818305,-1.57772181044202E-30));
#2310=DIRECTION('ref_axis',(0.499999825791342,-0.500000174208594,-0.70710678118655));
#2311=DIRECTION('',(-0.707107027554704,-0.707106534818305,-1.57772181044202E-30));
#2312=DIRECTION('center_axis',(0.999999999999939,-3.48417248610573E-7,-1.33226824846347E-14));
#2313=DIRECTION('ref_axis',(3.48417248610573E-7,0.999999999999939,1.33226824846348E-14));
#2314=DIRECTION('',(0.707107027554704,0.707106534818305,1.57772181044202E-30));
#2315=DIRECTION('center_axis',(-0.707107027554706,-0.707106534818303,0.));
#2316=DIRECTION('ref_axis',(0.,0.,1.));
#2317=DIRECTION('center_axis',(-0.707106534818303,0.707107027554706,8.79251776862864E-14));
#2318=DIRECTION('ref_axis',(6.2172489379009E-14,-6.2172489379009E-14,1.));
#2319=DIRECTION('center_axis',(-0.707107027554706,-0.707106534818303,6.28039828119426E-15));
#2320=DIRECTION('ref_axis',(0.707106534818303,-0.707107027554706,0.));
#2321=DIRECTION('center_axis',(0.,0.,1.));
#2322=DIRECTION('ref_axis',(0.707107027554706,0.707106534818303,0.));
#2323=DIRECTION('center_axis',(0.707107027554704,0.707106534818305,0.));
#2324=DIRECTION('ref_axis',(0.499999825791326,-0.500000174208571,-0.707106781186578));
#2325=DIRECTION('center_axis',(0.707107027554704,0.707106534818305,-1.89326617253043E-29));
#2326=DIRECTION('ref_axis',(0.499999825791323,-0.500000174208575,-0.707106781186577));
#2327=DIRECTION('',(0.707107027554704,0.707106534818305,-1.89326617253043E-29));
#2328=DIRECTION('',(-0.707107027554704,-0.707106534818305,1.89326617253043E-29));
#2329=DIRECTION('center_axis',(-0.707107027554702,-0.707106534818308,0.));
#2330=DIRECTION('ref_axis',(0.,0.,1.));
#2331=DIRECTION('center_axis',(0.,0.,-1.));
#2332=DIRECTION('ref_axis',(-0.707106534818303,0.707107027554706,0.));
#2333=DIRECTION('center_axis',(-0.707107027554706,-0.707106534818303,3.06346487691548E-20));
#2334=DIRECTION('ref_axis',(6.2172489379009E-14,-6.2172489379009E-14,1.));
#2335=DIRECTION('center_axis',(-0.707106534818308,0.707107027554702,7.53644380168169E-14));
#2336=DIRECTION('ref_axis',(0.707107027554702,0.707106534818308,0.));
#2337=DIRECTION('center_axis',(0.707107027554704,0.707106534818305,0.));
#2338=DIRECTION('ref_axis',(0.49999982579137,-0.500000174208622,0.70710678118651));
#2339=DIRECTION('center_axis',(0.707107027554704,0.707106534818305,-1.89326617253043E-29));
#2340=DIRECTION('ref_axis',(0.499999825791372,-0.500000174208617,0.707106781186512));
#2341=DIRECTION('',(0.707107027554704,0.707106534818305,-1.89326617253043E-29));
#2342=DIRECTION('',(-0.707107027554704,-0.707106534818305,1.89326617253043E-29));
#2343=DIRECTION('center_axis',(0.577350269189583,-2.01158798063261E-7,-0.816496580927732));
#2344=DIRECTION('ref_axis',(-0.816496580927678,2.84481508572299E-7,-0.577350269189624));
#2345=DIRECTION('center_axis',(0.,0.,-1.));
#2346=DIRECTION('ref_axis',(-0.707106534818305,0.707107027554704,0.));
#2347=DIRECTION('center_axis',(-0.707107027554704,-0.707106534818305,-3.14017725870525E-15));
#2348=DIRECTION('ref_axis',(-1.33226762955019E-14,1.77635683940026E-14,
-1.));
#2349=DIRECTION('center_axis',(-0.707106534818305,0.707107027554704,2.19812955156662E-14));
#2350=DIRECTION('ref_axis',(-0.707107027554704,-0.707106534818305,0.));
#2351=DIRECTION('center_axis',(-0.99999999999996,2.32278182465962E-7,1.64245477662917E-7));
#2352=DIRECTION('ref_axis',(2.84481522783155E-7,0.816496580927667,0.57735026918964));
#2353=DIRECTION('center_axis',(6.2803720229239E-15,6.28036764654551E-15,
1.));
#2354=DIRECTION('ref_axis',(-0.707106534818303,0.707107027554706,0.));
#2355=DIRECTION('center_axis',(0.707107027554704,0.707106534818305,3.14015537681347E-15));
#2356=DIRECTION('ref_axis',(5.77315972805083E-14,-6.2172489379009E-14,1.));
#2357=DIRECTION('center_axis',(-0.707106534818303,0.707107027554706,1.00485917355756E-13));
#2358=DIRECTION('ref_axis',(0.707107027554706,0.707106534818303,0.));
#2359=DIRECTION('center_axis',(0.707107027554704,0.707106534818305,-3.78653234506086E-29));
#2360=DIRECTION('ref_axis',(-0.499999825791328,0.500000174208573,0.707106781186574));
#2361=DIRECTION('',(0.707107027554704,0.707106534818305,-3.78653234506086E-29));
#2362=DIRECTION('',(-0.707107027554704,-0.707106534818305,3.78653234506086E-29));
#2363=DIRECTION('center_axis',(0.500000174207812,0.499999825790563,0.707106781187654));
#2364=DIRECTION('ref_axis',(-0.500000174209377,-0.499999825792127,0.707106781185441));
#2365=DIRECTION('center_axis',(0.707106534818305,-0.707107027554704,-8.43769498715119E-14));
#2366=DIRECTION('ref_axis',(0.500000174208639,0.499999825791306,0.707106781186543));
#2367=DIRECTION('',(-0.707106534818305,0.707107027554704,8.43769498715119E-14));
#2368=DIRECTION('',(0.707106534818305,-0.707107027554704,-8.43769498715119E-14));
#2369=DIRECTION('center_axis',(-0.707107027554704,-0.707106534818305,-9.46633086265214E-30));
#2370=DIRECTION('ref_axis',(-0.499999825791351,0.500000174208603,-0.707106781186537));
#2371=DIRECTION('',(-0.707107027554704,-0.707106534818305,-9.46633086265214E-30));
#2372=DIRECTION('center_axis',(3.48417242330203E-7,0.999999999999939,1.33226701063676E-14));
#2373=DIRECTION('ref_axis',(0.999999999999939,-3.48417242330203E-7,-1.33226701063674E-14));
#2374=DIRECTION('',(0.707107027554704,0.707106534818305,9.46633086265214E-30));
#2375=DIRECTION('center_axis',(-0.99999999999996,2.32278139833396E-7,-1.64245449241206E-7));
#2376=DIRECTION('ref_axis',(2.84481465939734E-7,0.81649658092769,-0.577350269189608));
#2377=DIRECTION('center_axis',(-0.707106534818299,0.70710702755471,8.16448056633624E-14));
#2378=DIRECTION('ref_axis',(-6.2172489379009E-14,5.32907051820077E-14,-1.));
#2379=DIRECTION('center_axis',(0.707107027554706,0.707106534818303,1.25607090348206E-14));
#2380=DIRECTION('ref_axis',(-0.707106534818303,0.707107027554706,0.));
#2381=DIRECTION('center_axis',(-6.28036764654553E-15,6.28037202292388E-15,
-1.));
#2382=DIRECTION('ref_axis',(0.707107027554704,0.707106534818305,0.));
#2383=DIRECTION('center_axis',(0.707107027554704,0.707106534818305,-3.78653234506086E-29));
#2384=DIRECTION('ref_axis',(-0.499999825791363,0.500000174208615,-0.707106781186521));
#2385=DIRECTION('',(0.707107027554704,0.707106534818305,-3.78653234506086E-29));
#2386=DIRECTION('',(-0.707107027554704,-0.707106534818305,3.78653234506086E-29));
#2387=DIRECTION('center_axis',(0.500000174209416,0.499999825792164,-0.707106781185387));
#2388=DIRECTION('ref_axis',(-0.500000174207773,-0.499999825790526,-0.707106781187708));
#2389=DIRECTION('center_axis',(-0.577350269189595,2.01158783852406E-7,-0.816496580927723));
#2390=DIRECTION('ref_axis',(-0.81649658092767,2.84481487256015E-7,0.577350269189635));
#2391=DIRECTION('center_axis',(-0.707106534818306,0.707107027554704,2.51214793389389E-14));
#2392=DIRECTION('ref_axis',(1.77635683940025E-14,-1.77635683940025E-14,
1.));
#2393=DIRECTION('center_axis',(-0.707107027554706,-0.707106534818303,8.75275679118704E-21));
#2394=DIRECTION('ref_axis',(-0.707106534818303,0.707107027554706,0.));
#2395=DIRECTION('center_axis',(0.,0.,1.));
#2396=DIRECTION('ref_axis',(-0.707107027554704,-0.707106534818305,0.));
#2397=DIRECTION('center_axis',(-0.99999999999996,2.32278154044251E-7,-1.64245449241206E-7));
#2398=DIRECTION('ref_axis',(2.84481473045162E-7,0.816496580927678,-0.577350269189624));
#2399=DIRECTION('center_axis',(-0.707106534818312,0.707107027554697,2.5121479338939E-14));
#2400=DIRECTION('ref_axis',(-1.77635683940026E-14,1.77635683940026E-14,
-1.));
#2401=DIRECTION('center_axis',(0.707107027554704,0.707106534818305,-9.42056241076424E-15));
#2402=DIRECTION('ref_axis',(-0.707106534818305,0.707107027554704,0.));
#2403=DIRECTION('center_axis',(-6.28036764654551E-15,6.2803720229239E-15,
-1.));
#2404=DIRECTION('ref_axis',(0.707107027554706,0.707106534818303,0.));
#2405=DIRECTION('center_axis',(-0.707107027554704,-0.707106534818305,-1.57772181044202E-30));
#2406=DIRECTION('ref_axis',(-0.49999982579135,0.500000174208608,-0.707106781186534));
#2407=DIRECTION('',(0.707107027554704,0.707106534818305,1.57772181044202E-30));
#2408=DIRECTION('',(-0.707107027554704,-0.707106534818305,-1.57772181044202E-30));
#2409=DIRECTION('center_axis',(3.6943339097326E-16,-3.69433648407281E-16,
1.));
#2410=DIRECTION('ref_axis',(3.4841725175076E-7,0.999999999999939,0.));
#2411=DIRECTION('',(-3.6943339097326E-16,3.69433648407281E-16,-1.));
#2412=DIRECTION('',(3.6943339097326E-16,-3.69433648407281E-16,1.));
#2413=DIRECTION('center_axis',(-0.99999999999996,2.32278171807821E-7,1.64245463452062E-7));
#2414=DIRECTION('ref_axis',(-2.84481501466872E-7,-0.816496580927668,-0.577350269189638));
#2415=DIRECTION('center_axis',(0.707106534818299,-0.70710702755471,-2.5121479338939E-14));
#2416=DIRECTION('ref_axis',(-1.77635683940026E-14,1.77635683940026E-14,
-1.));
#2417=DIRECTION('center_axis',(-0.707107027554702,-0.707106534818308,-9.42054709344006E-15));
#2418=DIRECTION('ref_axis',(0.707106534818308,-0.707107027554702,0.));
#2419=DIRECTION('center_axis',(0.,0.,-1.));
#2420=DIRECTION('ref_axis',(-0.707107027554704,-0.707106534818305,0.));
#2421=DIRECTION('center_axis',(-0.99999999999996,2.32278168255107E-7,1.64245463452062E-7));
#2422=DIRECTION('ref_axis',(2.84481487256016E-7,0.816496580927675,0.577350269189628));
#2423=DIRECTION('center_axis',(0.,0.,1.));
#2424=DIRECTION('ref_axis',(-0.707106534818303,0.707107027554706,0.));
#2425=DIRECTION('center_axis',(0.707107027554697,0.707106534818312,3.14017725870544E-15));
#2426=DIRECTION('ref_axis',(1.33226762955019E-14,-1.77635683940025E-14,
1.));
#2427=DIRECTION('center_axis',(-0.707106534818303,0.707107027554706,2.51214793389389E-14));
#2428=DIRECTION('ref_axis',(0.707107027554706,0.707106534818303,0.));
#2429=DIRECTION('center_axis',(0.707107027554704,0.707106534818305,-7.88860905221012E-30));
#2430=DIRECTION('ref_axis',(-0.499999825791342,0.500000174208594,0.70710678118655));
#2431=DIRECTION('',(-0.707107027554704,-0.707106534818305,7.88860905221012E-30));
#2432=DIRECTION('',(0.707107027554704,0.707106534818305,-7.88860905221012E-30));
#2433=DIRECTION('center_axis',(-0.99999999999996,2.3227816114968E-7,-1.64245463452062E-7));
#2434=DIRECTION('ref_axis',(-2.84481487256016E-7,-0.816496580927679,0.577350269189622));
#2435=DIRECTION('center_axis',(0.,0.,1.));
#2436=DIRECTION('ref_axis',(0.707106534818305,-0.707107027554704,0.));
#2437=DIRECTION('center_axis',(-0.707107027554704,-0.707106534818306,3.14019257602948E-15));
#2438=DIRECTION('ref_axis',(1.77635683940025E-14,-1.33226762955019E-14,
1.));
#2439=DIRECTION('center_axis',(0.707106534818305,-0.707107027554704,-2.19812933274769E-14));
#2440=DIRECTION('ref_axis',(-0.707107027554704,-0.707106534818305,0.));
#2441=DIRECTION('center_axis',(-0.577350269189596,2.01158783852407E-7,-0.816496580927722));
#2442=DIRECTION('ref_axis',(0.816496580927678,-2.8448148015059E-7,-0.577350269189624));
#2443=DIRECTION('center_axis',(0.,0.,-1.));
#2444=DIRECTION('ref_axis',(0.707106534818303,-0.707107027554706,0.));
#2445=DIRECTION('center_axis',(0.707107027554702,0.707106534818308,-3.14019257602943E-15));
#2446=DIRECTION('ref_axis',(-1.77635683940026E-14,1.33226762955019E-14,
-1.));
#2447=DIRECTION('center_axis',(0.707106534818303,-0.707107027554706,-1.57009256809315E-14));
#2448=DIRECTION('ref_axis',(0.707107027554706,0.707106534818303,0.));
#2449=DIRECTION('center_axis',(0.707107027554704,0.707106534818305,9.46633086265214E-30));
#2450=DIRECTION('ref_axis',(0.499999825791339,-0.500000174208591,-0.707106781186554));
#2451=DIRECTION('',(-0.707107027554704,-0.707106534818305,-9.46633086265214E-30));
#2452=DIRECTION('',(0.707107027554704,0.707106534818305,9.46633086265214E-30));
#2453=DIRECTION('center_axis',(-0.707106534818305,0.707107027554704,2.1094237467879E-14));
#2454=DIRECTION('ref_axis',(0.500000174208589,0.499999825791356,-0.707106781186543));
#2455=DIRECTION('',(0.707106534818305,-0.707107027554704,-2.1094237467879E-14));
#2456=DIRECTION('',(-0.707106534818305,0.707107027554704,2.1094237467879E-14));
#2457=DIRECTION('center_axis',(0.57735026918958,-2.01158790957834E-7,-0.816496580927734));
#2458=DIRECTION('ref_axis',(0.816496580927681,-2.84481487256018E-7,0.577350269189619));
#2459=DIRECTION('center_axis',(0.70710653481831,-0.707107027554699,-2.51214793389389E-14));
#2460=DIRECTION('ref_axis',(1.77635683940025E-14,-1.77635683940025E-14,
1.));
#2461=DIRECTION('center_axis',(0.707107027554704,0.707106534818306,-1.25607484222261E-14));
#2462=DIRECTION('ref_axis',(0.707106534818305,-0.707107027554704,0.));
#2463=DIRECTION('center_axis',(0.,0.,1.));
#2464=DIRECTION('ref_axis',(0.707107027554704,0.707106534818305,0.));
#2465=DIRECTION('center_axis',(0.707107027554704,0.707106534818305,0.));
#2466=DIRECTION('ref_axis',(0.499999825791349,-0.500000174208601,0.70710678118654));
#2467=DIRECTION('',(-0.707107027554704,-0.707106534818305,0.));
#2468=DIRECTION('',(0.707107027554704,0.707106534818305,0.));
#2469=DIRECTION('center_axis',(0.577350269189564,-2.01158819379543E-7,-0.816496580927745));
#2470=DIRECTION('ref_axis',(0.816496580927694,-2.84481529888577E-7,0.577350269189601));
#2471=DIRECTION('center_axis',(0.707106534818297,-0.707107027554713,-8.79251776862864E-14));
#2472=DIRECTION('ref_axis',(6.2172489379009E-14,-6.2172489379009E-14,1.));
#2473=DIRECTION('center_axis',(0.707107027554702,0.707106534818308,-3.14021445792104E-15));
#2474=DIRECTION('ref_axis',(0.707106534818308,-0.707107027554702,0.));
#2475=DIRECTION('center_axis',(-6.28036764654551E-15,6.2803720229239E-15,
1.));
#2476=DIRECTION('ref_axis',(0.707107027554706,0.707106534818303,0.));
#2477=DIRECTION('center_axis',(-0.707107027554704,-0.707106534818305,0.));
#2478=DIRECTION('ref_axis',(0.49999982579137,-0.500000174208622,0.70710678118651));
#2479=DIRECTION('',(0.707107027554704,0.707106534818305,0.));
#2480=DIRECTION('',(-0.707107027554704,-0.707106534818305,0.));
#2481=DIRECTION('center_axis',(0.500000174208587,0.499999825791345,0.707106781186553));
#2482=DIRECTION('ref_axis',(0.500000174208601,0.499999825791345,-0.707106781186542));
#2483=DIRECTION('center_axis',(-1.8471669548663E-16,1.84716824203641E-16,
-1.));
#2484=DIRECTION('ref_axis',(0.999999999999939,-3.48417251750755E-7,0.));
#2485=DIRECTION('',(1.8471669548663E-16,-1.8471682420364E-16,1.));
#2486=DIRECTION('',(-1.8471669548663E-16,1.8471682420364E-16,-1.));
#2487=DIRECTION('center_axis',(-0.577350269189609,2.01158769641552E-7,-0.816496580927713));
#2488=DIRECTION('ref_axis',(0.816496580927663,-2.84481458834307E-7,-0.577350269189645));
#2489=DIRECTION('center_axis',(0.,0.,-1.));
#2490=DIRECTION('ref_axis',(0.707106534818303,-0.707107027554706,0.));
#2491=DIRECTION('center_axis',(0.707107027554713,0.707106534818297,-3.06346495974588E-20));
#2492=DIRECTION('ref_axis',(-6.2172489379009E-14,6.2172489379009E-14,-1.));
#2493=DIRECTION('center_axis',(0.707106534818308,-0.707107027554702,-8.47849916748244E-14));
#2494=DIRECTION('ref_axis',(0.707107027554702,0.707106534818308,0.));
#2495=DIRECTION('center_axis',(-0.707107027554704,-0.707106534818305,6.31088724176809E-30));
#2496=DIRECTION('ref_axis',(0.49999982579133,-0.500000174208569,-0.707106781186577));
#2497=DIRECTION('',(0.707107027554704,0.707106534818305,-6.31088724176809E-30));
#2498=DIRECTION('',(-0.707107027554704,-0.707106534818305,6.31088724176809E-30));
#2499=DIRECTION('center_axis',(0.500000174208593,0.499999825791338,-0.707106781186553));
#2500=DIRECTION('ref_axis',(0.500000174208595,0.499999825791352,0.707106781186542));
#2501=DIRECTION('center_axis',(-0.707107027554706,-0.707106534818303,0.));
#2502=DIRECTION('ref_axis',(0.,0.,1.));
#2503=DIRECTION('center_axis',(0.,0.,1.));
#2504=DIRECTION('ref_axis',(0.707106534818308,-0.707107027554702,0.));
#2505=DIRECTION('center_axis',(-0.707107027554702,-0.707106534818308,6.2803982811938E-15));
#2506=DIRECTION('ref_axis',(-6.2172489379009E-14,5.32907051820077E-14,-1.));
#2507=DIRECTION('center_axis',(0.707106534818303,-0.707107027554706,-8.79251776862864E-14));
#2508=DIRECTION('ref_axis',(0.707107027554706,0.707106534818303,0.));
#2509=DIRECTION('center_axis',(0.707107027554704,0.707106534818305,0.));
#2510=DIRECTION('ref_axis',(-0.499999825791364,0.500000174208616,-0.707106781186519));
#2511=DIRECTION('center_axis',(0.707107027554704,0.707106534818305,-1.89326617253043E-29));
#2512=DIRECTION('ref_axis',(-0.499999825791372,0.500000174208617,-0.707106781186512));
#2513=DIRECTION('',(0.707107027554704,0.707106534818305,-1.89326617253043E-29));
#2514=DIRECTION('',(-0.707107027554704,-0.707106534818305,1.89326617253043E-29));
#2515=DIRECTION('center_axis',(0.707106534818305,-0.707107027554704,-8.43769498715119E-14));
#2516=DIRECTION('ref_axis',(0.500000174208639,0.499999825791306,0.707106781186543));
#2517=DIRECTION('',(-0.707106534818305,0.707107027554704,8.43769498715119E-14));
#2518=DIRECTION('',(0.707106534818305,-0.707107027554704,-8.43769498715119E-14));
#2519=DIRECTION('center_axis',(-0.707107027554702,-0.707106534818308,0.));
#2520=DIRECTION('ref_axis',(0.,0.,1.));
#2521=DIRECTION('center_axis',(0.707106534818308,-0.707107027554702,-8.79251776862864E-14));
#2522=DIRECTION('ref_axis',(-6.2172489379009E-14,6.2172489379009E-14,-1.));
#2523=DIRECTION('center_axis',(-0.707107027554702,-0.707106534818308,3.06346482169523E-20));
#2524=DIRECTION('ref_axis',(-0.707106534818308,0.707107027554702,0.));
#2525=DIRECTION('center_axis',(0.,0.,-1.));
#2526=DIRECTION('ref_axis',(0.707107027554706,0.707106534818303,0.));
#2527=DIRECTION('center_axis',(0.707107027554704,0.707106534818305,0.));
#2528=DIRECTION('ref_axis',(-0.49999982579132,0.500000174208572,0.707106781186581));
#2529=DIRECTION('center_axis',(0.707107027554704,0.707106534818305,-1.89326617253043E-29));
#2530=DIRECTION('ref_axis',(-0.499999825791319,0.500000174208577,0.707106781186579));
#2531=DIRECTION('',(0.707107027554704,0.707106534818305,-1.89326617253043E-29));
#2532=DIRECTION('',(-0.707107027554704,-0.707106534818305,1.89326617253043E-29));
#2533=DIRECTION('center_axis',(0.,0.,-1.));
#2534=DIRECTION('ref_axis',(0.999999999999939,-3.48417245470385E-7,0.));
#2535=DIRECTION('',(0.,0.,1.));
#2536=DIRECTION('',(0.,0.,-1.));
#2537=DIRECTION('center_axis',(-0.707106534818305,0.707107027554704,8.65973959207621E-14));
#2538=DIRECTION('ref_axis',(0.500000174208542,0.499999825791397,-0.707106781186548));
#2539=DIRECTION('',(0.707106534818305,-0.707107027554704,-8.65973959207621E-14));
#2540=DIRECTION('',(-0.707106534818305,0.707107027554704,8.65973959207621E-14));
#2541=DIRECTION('center_axis',(-1.8471669548663E-16,1.84716824203641E-16,
-1.));
#2542=DIRECTION('ref_axis',(0.999999999999939,-3.48417245470385E-7,0.));
#2543=DIRECTION('',(1.8471669548663E-16,-1.8471682420364E-16,1.));
#2544=DIRECTION('',(-1.8471669548663E-16,1.8471682420364E-16,-1.));
#2545=DIRECTION('center_axis',(1.8471669548663E-16,-1.84716824203641E-16,
1.));
#2546=DIRECTION('ref_axis',(-3.48417258031127E-7,-0.999999999999939,0.));
#2547=DIRECTION('',(1.8471669548663E-16,-1.8471682420364E-16,1.));
#2548=DIRECTION('',(-1.8471669548663E-16,1.84716824203641E-16,-1.));
#2549=DIRECTION('center_axis',(0.707106534818305,-0.707107027554704,-2.12052597703415E-14));
#2550=DIRECTION('ref_axis',(0.500000174208614,0.499999825791331,0.707106781186543));
#2551=DIRECTION('',(-0.707106534818305,0.707107027554704,2.12052597703415E-14));
#2552=DIRECTION('',(0.707106534818305,-0.707107027554704,-2.12052597703415E-14));
#2553=DIRECTION('center_axis',(1.8471669548663E-16,-1.84716824203641E-16,
1.));
#2554=DIRECTION('ref_axis',(-3.48417245470388E-7,-0.999999999999939,0.));
#2555=DIRECTION('',(-1.8471669548663E-16,1.84716824203641E-16,-1.));
#2556=DIRECTION('',(1.8471669548663E-16,-1.8471682420364E-16,1.));
#2557=DIRECTION('center_axis',(-0.707106534818305,0.707107027554704,2.12052597703415E-14));
#2558=DIRECTION('ref_axis',(-0.500000174208587,-0.499999825791354,0.707106781186546));
#2559=DIRECTION('',(0.707106534818305,-0.707107027554704,-2.12052597703415E-14));
#2560=DIRECTION('',(-0.707106534818305,0.707107027554704,2.12052597703415E-14));
#2561=DIRECTION('center_axis',(3.6943339097326E-16,-3.69433648407281E-16,
1.));
#2562=DIRECTION('ref_axis',(3.48417258031125E-7,0.999999999999939,0.));
#2563=DIRECTION('',(-3.6943339097326E-16,3.69433648407281E-16,-1.));
#2564=DIRECTION('',(3.6943339097326E-16,-3.69433648407281E-16,1.));
#2565=DIRECTION('center_axis',(0.707106534818305,-0.707107027554704,-2.1094237467879E-14));
#2566=DIRECTION('ref_axis',(-0.500000174208602,-0.499999825791344,-0.707106781186543));
#2567=DIRECTION('',(0.707106534818305,-0.707107027554704,-2.1094237467879E-14));
#2568=DIRECTION('',(-0.707106534818305,0.707107027554704,2.1094237467879E-14));
#2569=DIRECTION('center_axis',(-3.6943339097326E-16,3.69433648407281E-16,
-1.));
#2570=DIRECTION('ref_axis',(-0.999999999999939,3.4841725803113E-7,0.));
#2571=DIRECTION('',(3.6943339097326E-16,-3.69433648407281E-16,1.));
#2572=DIRECTION('',(-3.6943339097326E-16,3.69433648407281E-16,-1.));
#2573=DIRECTION('center_axis',(-0.707106534818305,0.707107027554704,2.12052597703415E-14));
#2574=DIRECTION('ref_axis',(-0.500000174208577,-0.499999825791357,0.707106781186551));
#2575=DIRECTION('',(-0.707106534818305,0.707107027554704,2.12052597703415E-14));
#2576=DIRECTION('',(0.707106534818305,-0.707107027554704,-2.12052597703415E-14));
#2577=DIRECTION('center_axis',(0.999999999999939,-3.48417251750758E-7,-1.33226824846347E-14));
#2578=DIRECTION('ref_axis',(3.48417251750758E-7,0.999999999999939,1.33226824846347E-14));
#2579=DIRECTION('center_axis',(-0.707106534818305,0.707107027554704,8.65973959207621E-14));
#2580=DIRECTION('ref_axis',(0.500000174208542,0.499999825791397,-0.707106781186548));
#2581=DIRECTION('',(0.707106534818305,-0.707107027554704,-8.65973959207621E-14));
#2582=DIRECTION('',(-0.707106534818305,0.707107027554704,8.65973959207621E-14));
#2583=DIRECTION('center_axis',(-3.6943339097326E-16,3.69433648407281E-16,
-1.));
#2584=DIRECTION('ref_axis',(-0.999999999999939,3.48417245470388E-7,0.));
#2585=DIRECTION('',(-3.6943339097326E-16,3.69433648407281E-16,-1.));
#2586=DIRECTION('',(3.6943339097326E-16,-3.69433648407281E-16,1.));
#2587=DIRECTION('center_axis',(0.707106534818305,-0.707107027554704,-2.1094237467879E-14));
#2588=DIRECTION('ref_axis',(-0.500000174208605,-0.499999825791334,-0.707106781186548));
#2589=DIRECTION('',(-0.707106534818305,0.707107027554704,2.1094237467879E-14));
#2590=DIRECTION('',(0.707106534818305,-0.707107027554704,-2.1094237467879E-14));
#2591=DIRECTION('center_axis',(-0.707107027554704,-0.707106534818305,7.88860905221012E-30));
#2592=DIRECTION('ref_axis',(0.499999825791348,-0.500000174208606,0.707106781186538));
#2593=DIRECTION('',(-0.707107027554704,-0.707106534818305,7.88860905221012E-30));
#2594=DIRECTION('',(0.707107027554704,0.707106534818305,-7.88860905221012E-30));
#2595=DIRECTION('center_axis',(0.,0.,1.));
#2596=DIRECTION('ref_axis',(3.48417258031125E-7,0.999999999999939,0.));
#2597=DIRECTION('',(0.,0.,-1.));
#2598=DIRECTION('',(0.,0.,1.));
#2599=DIRECTION('center_axis',(-0.707107027554704,-0.707106534818305,0.));
#2600=DIRECTION('ref_axis',(0.,0.,1.));
#2601=DIRECTION('',(0.,0.,-1.));
#2602=DIRECTION('',(-0.707106534818305,0.707107027554704,-6.6613381477509E-15));
#2603=DIRECTION('center_axis',(0.707106534818305,-0.707107027554704,0.));
#2604=DIRECTION('ref_axis',(0.,0.,1.));
#2605=DIRECTION('',(-0.707107027554704,-0.707106534818305,3.78653234506086E-29));
#2606=DIRECTION('',(0.707107027554704,0.707106534818305,0.));
#2607=DIRECTION('',(-1.57009300573104E-15,-1.57009191163645E-15,-1.));
#2608=DIRECTION('',(-0.707107027554704,-0.707106534818305,-5.32907051820075E-14));
#2609=DIRECTION('',(-3.14018601146195E-15,-3.14018382327277E-15,1.));
#2610=DIRECTION('center_axis',(-0.707106534818305,0.707107027554704,0.));
#2611=DIRECTION('ref_axis',(0.,0.,-1.));
#2612=DIRECTION('',(0.,0.,1.));
#2613=DIRECTION('',(0.707107027554704,0.707106534818305,0.));
#2614=DIRECTION('',(-7.53042271290673E-30,-7.53041746545023E-30,-1.));
#2615=DIRECTION('',(0.707107027554704,0.707106534818305,0.));
#2616=DIRECTION('',(0.,0.,1.));
#2617=DIRECTION('',(-0.707107027554704,-0.707106534818305,0.));
#2618=DIRECTION('center_axis',(-0.707107027554704,-0.707106534818305,0.));
#2619=DIRECTION('ref_axis',(0.,0.,1.));
#2620=DIRECTION('',(-0.707106534818305,0.707107027554704,8.43769498715119E-14));
#2621=DIRECTION('center_axis',(5.96634926421826E-14,-5.9663534217777E-14,
1.));
#2622=DIRECTION('ref_axis',(-0.707106534818305,0.707107027554704,8.43769498715119E-14));
#2623=DIRECTION('center_axis',(0.707106534818305,-0.707107027554704,0.));
#2624=DIRECTION('ref_axis',(0.,0.,-1.));
#2625=DIRECTION('center_axis',(-0.707106534818305,0.707107027554704,5.2245789394124E-16));
#2626=DIRECTION('ref_axis',(-3.6943339097326E-16,3.69433648407281E-16,-1.));
#2627=DIRECTION('center_axis',(-0.707106534818305,0.707107027554704,5.2245789394124E-16));
#2628=DIRECTION('ref_axis',(-3.6943339097326E-16,3.69433648407281E-16,-1.));
#2629=DIRECTION('center_axis',(-1.49158731605464E-14,1.4915883554445E-14,
-1.));
#2630=DIRECTION('ref_axis',(0.707106534818305,-0.707107027554704,-2.1094237467879E-14));
#2631=DIRECTION('center_axis',(1.49943777561282E-14,-1.49943882047315E-14,
1.));
#2632=DIRECTION('ref_axis',(-0.707106534818305,0.707107027554704,2.12052597703415E-14));
#2633=DIRECTION('center_axis',(0.707106534818305,-0.707107027554704,-2.6122894697062E-16));
#2634=DIRECTION('ref_axis',(1.8471669548663E-16,-1.84716824203641E-16,1.));
#2635=DIRECTION('center_axis',(0.707106534818305,-0.707107027554704,-2.6122894697062E-16));
#2636=DIRECTION('ref_axis',(1.8471669548663E-16,-1.84716824203641E-16,1.));
#2637=DIRECTION('center_axis',(0.707107027554704,0.707106534818305,0.));
#2638=DIRECTION('ref_axis',(0.,0.,-1.));
#2639=DIRECTION('center_axis',(-0.707106534818305,0.707107027554704,0.));
#2640=DIRECTION('ref_axis',(0.,0.,1.));
#2641=DIRECTION('center_axis',(-3.48108345054719E-7,-0.999999999691042,
2.48554647020818E-5));
#2642=DIRECTION('ref_axis',(0.,-2.48554647020833E-5,-0.999999999691103));
#2643=DIRECTION('',(2.48554733621529E-5,2.48554560420078E-5,0.999999999382206));
#2644=DIRECTION('',(-0.816491797402191,1.46347049789188E-5,0.577357033871386));
#2645=DIRECTION('',(-2.48554733621529E-5,-2.48554560420078E-5,-0.999999999382206));
#2646=DIRECTION('',(-0.816501364285017,-1.40659101571271E-5,-0.577343504270081));
#2647=DIRECTION('center_axis',(0.499999825791354,-0.500000174208599,0.707106781186538));
#2648=DIRECTION('ref_axis',(0.816496675754898,0.,-0.577350135083729));
#2649=DIRECTION('',(0.707107027554701,0.707106534818308,0.));
#2650=DIRECTION('',(2.84481503764561E-7,0.816496580927671,0.577350269189633));
#2651=DIRECTION('',(-0.707107027554701,-0.707106534818308,0.));
#2652=DIRECTION('center_axis',(0.999999999999939,-3.4841726274141E-7,1.57009245868376E-15));
#2653=DIRECTION('ref_axis',(1.57009245868385E-15,0.,-1.));
#2654=DIRECTION('',(1.57009300573098E-15,1.5700919116364E-15,-1.));
#2655=DIRECTION('',(2.84481510174433E-7,0.816496580927673,-0.577350269189631));
#2656=DIRECTION('',(-1.57009300573098E-15,-1.5700919116364E-15,1.));
#2657=DIRECTION('center_axis',(0.499999825791349,-0.500000174208594,-0.707106781186545));
#2658=DIRECTION('ref_axis',(-0.816496675754904,0.,-0.577350135083722));
#2659=DIRECTION('',(0.707107027554701,0.707106534818308,0.));
#2660=DIRECTION('',(-0.707107027554701,-0.707106534818308,0.));
#2661=DIRECTION('center_axis',(0.,0.,-1.));
#2662=DIRECTION('ref_axis',(0.707107027554701,0.707106534818308,0.));
#2663=DIRECTION('',(0.707106534818308,-0.707107027554701,0.));
#2664=DIRECTION('',(0.707107027554704,0.707106534818305,0.));
#2665=DIRECTION('',(0.707106534818308,-0.707107027554701,0.));
#2666=DIRECTION('center_axis',(-0.707107027117854,-0.707106534381462,3.51509352807699E-5));
#2667=DIRECTION('ref_axis',(-2.4855473362153E-5,-2.48554560420077E-5,-0.999999999382206));
#2668=DIRECTION('',(0.707106534818308,-0.707107027554701,0.));
#2669=DIRECTION('',(-2.4855473362153E-5,-2.48554560420077E-5,-0.999999999382206));
#2670=DIRECTION('center_axis',(0.707106534818308,-0.707107027554701,0.));
#2671=DIRECTION('ref_axis',(0.,0.,-1.));
#2672=DIRECTION('center_axis',(0.49999982579133,-0.500000174208628,0.707106781186535));
#2673=DIRECTION('ref_axis',(0.81649667575491,0.,-0.577350135083713));
#2674=DIRECTION('',(0.707107027554701,0.707106534818308,5.32907051820075E-14));
#2675=DIRECTION('',(2.844814909448E-7,0.816496580927655,0.577350269189657));
#2676=DIRECTION('',(-0.707107027554701,-0.707106534818308,-5.32907051820075E-14));
#2677=DIRECTION('',(-0.816496580927685,2.84481484534935E-7,0.577350269189614));
#2678=DIRECTION('center_axis',(0.999999999999939,-3.48417239190018E-7,3.14018491736756E-15));
#2679=DIRECTION('ref_axis',(3.14018491736775E-15,0.,-1.));
#2680=DIRECTION('',(3.14018601146193E-15,3.14018382327278E-15,-1.));
#2681=DIRECTION('',(2.84481490944803E-7,0.816496580927677,-0.577350269189625));
#2682=DIRECTION('',(-3.14018601146193E-15,-3.14018382327278E-15,1.));
#2683=DIRECTION('center_axis',(0.499999825791349,-0.500000174208594,-0.707106781186545));
#2684=DIRECTION('ref_axis',(-0.816496675754904,0.,-0.577350135083722));
#2685=DIRECTION('',(-0.707107027554701,-0.707106534818308,0.));
#2686=DIRECTION('',(-0.816496580927673,2.8448148453493E-7,-0.577350269189631));
#2687=DIRECTION('',(0.707107027554701,0.707106534818308,0.));
#2688=DIRECTION('center_axis',(-3.4841725489094E-7,-0.999999999999939,1.57009245868385E-15));
#2689=DIRECTION('ref_axis',(0.,-1.57009245868395E-15,-1.));
#2690=DIRECTION('',(-1.57009300573103E-15,-1.57009191163645E-15,-1.));
#2691=DIRECTION('',(1.57009300573103E-15,1.57009191163645E-15,1.));
#2692=DIRECTION('center_axis',(-0.707107027554701,-0.707106534818308,2.2204460492504E-15));
#2693=DIRECTION('ref_axis',(-1.57009300573104E-15,-1.57009191163645E-15,
-1.));
#2694=DIRECTION('',(0.707106534818308,-0.707107027554701,0.));
#2695=DIRECTION('',(0.707106534818308,-0.707107027554701,0.));
#2696=DIRECTION('center_axis',(-3.76822321375432E-14,-3.76822058792734E-14,
1.));
#2697=DIRECTION('ref_axis',(-0.707107027554704,-0.707106534818305,-5.32907051820075E-14));
#2698=DIRECTION('',(0.707106534818308,-0.707107027554701,0.));
#2699=DIRECTION('center_axis',(0.707106534818308,-0.707107027554701,0.));
#2700=DIRECTION('ref_axis',(0.,0.,-1.));
#2701=DIRECTION('center_axis',(0.707107027554701,0.707106534818308,2.22044604925033E-15));
#2702=DIRECTION('ref_axis',(8.34110233962238E-16,-3.97429682666194E-15,
1.));
#2703=DIRECTION('',(-1.57009300573099E-15,-1.5700919116364E-15,1.));
#2704=DIRECTION('',(0.707106534818308,-0.707107027554701,0.));
#2705=DIRECTION('center_axis',(0.,0.,1.));
#2706=DIRECTION('ref_axis',(-0.707107027554704,-0.707106534818305,0.));
#2707=DIRECTION('',(-0.707107027554704,-0.707106534818305,0.));
#2708=DIRECTION('center_axis',(0.,0.,-1.));
#2709=DIRECTION('ref_axis',(0.707107027554704,0.707106534818305,0.));
#2710=DIRECTION('',(0.707106534818308,-0.707107027554701,0.));
#2711=DIRECTION('center_axis',(0.707107027554701,0.707106534818308,4.44089209850062E-15));
#2712=DIRECTION('ref_axis',(-3.18925138370059E-15,-3.09111841684367E-15,
1.));
#2713=DIRECTION('center_axis',(-0.499999825791346,0.500000174208601,-0.707106781186542));
#2714=DIRECTION('ref_axis',(-0.816496675754904,0.,0.577350135083721));
#2715=DIRECTION('',(0.707107027554708,0.707106534818301,0.));
#2716=DIRECTION('',(0.816496580927673,-2.84481490944806E-7,-0.577350269189631));
#2717=DIRECTION('',(-0.707107027554708,-0.707106534818301,0.));
#2718=DIRECTION('',(-2.84481510174436E-7,-0.816496580927668,-0.577350269189637));
#2719=DIRECTION('center_axis',(3.48417239190023E-7,0.999999999999939,-7.53042008917881E-30));
#2720=DIRECTION('ref_axis',(0.,7.53042008917927E-30,1.));
#2721=DIRECTION('',(7.53042271290677E-30,7.53041746545018E-30,1.));
#2722=DIRECTION('',(0.816496580927673,-2.84481490944806E-7,0.577350269189631));
#2723=DIRECTION('',(-7.53042271290677E-30,-7.53041746545018E-30,-1.));
#2724=DIRECTION('center_axis',(-0.499999825791332,0.500000174208587,0.707106781186562));
#2725=DIRECTION('ref_axis',(0.816496675754919,0.,0.577350135083699));
#2726=DIRECTION('',(-0.707107027554708,-0.707106534818301,0.));
#2727=DIRECTION('',(-2.84481510174436E-7,-0.816496580927668,0.577350269189637));
#2728=DIRECTION('',(0.707107027554708,0.707106534818301,0.));
#2729=DIRECTION('center_axis',(-0.999999999999939,3.48417270591875E-7,0.));
#2730=DIRECTION('ref_axis',(0.,0.,1.));
#2731=DIRECTION('',(0.,0.,1.));
#2732=DIRECTION('',(0.,0.,-1.));
#2733=DIRECTION('center_axis',(-0.707107027554708,-0.707106534818301,0.));
#2734=DIRECTION('ref_axis',(0.,0.,1.));
#2735=DIRECTION('',(-0.707106534818301,0.707107027554708,0.));
#2736=DIRECTION('',(-0.707106534818301,0.707107027554708,0.));
#2737=DIRECTION('center_axis',(0.,0.,-1.));
#2738=DIRECTION('ref_axis',(-0.707107027554704,-0.707106534818305,0.));
#2739=DIRECTION('',(-0.707106534818301,0.707107027554708,0.));
#2740=DIRECTION('center_axis',(-0.707106534818301,0.707107027554708,0.));
#2741=DIRECTION('ref_axis',(0.,0.,1.));
#2742=DIRECTION('center_axis',(-0.499999825791352,0.500000174208607,-0.707106781186534));
#2743=DIRECTION('ref_axis',(-0.816496675754898,0.,0.57735013508373));
#2744=DIRECTION('',(0.707107027554708,0.707106534818301,0.));
#2745=DIRECTION('',(0.816496580927664,-2.84481471715185E-7,-0.577350269189643));
#2746=DIRECTION('',(-0.707107027554708,-0.707106534818301,0.));
#2747=DIRECTION('',(-2.84481497354685E-7,-0.816496580927668,-0.577350269189637));
#2748=DIRECTION('center_axis',(3.4841722348911E-7,0.999999999999939,0.));
#2749=DIRECTION('ref_axis',(0.,0.,1.));
#2750=DIRECTION('',(0.,0.,1.));
#2751=DIRECTION('',(0.816496580927667,-2.84481471715186E-7,0.577350269189639));
#2752=DIRECTION('',(0.,0.,-1.));
#2753=DIRECTION('center_axis',(-0.499999825791337,0.500000174208592,0.707106781186555));
#2754=DIRECTION('ref_axis',(0.816496675754914,0.,0.577350135083707));
#2755=DIRECTION('',(-0.707107027554708,-0.707106534818301,0.));
#2756=DIRECTION('',(-2.8448148453493E-7,-0.816496580927678,0.577350269189624));
#2757=DIRECTION('',(0.707107027554708,0.707106534818301,0.));
#2758=DIRECTION('center_axis',(-0.999999999999939,3.48417239190021E-7,0.));
#2759=DIRECTION('ref_axis',(0.,0.,1.));
#2760=DIRECTION('',(0.,0.,1.));
#2761=DIRECTION('',(0.,0.,-1.));
#2762=DIRECTION('center_axis',(-0.707107027554708,-0.707106534818301,0.));
#2763=DIRECTION('ref_axis',(0.,0.,1.));
#2764=DIRECTION('',(-0.707106534818301,0.707107027554708,0.));
#2765=DIRECTION('',(0.,0.,1.));
#2766=DIRECTION('',(-0.707106534818301,0.707107027554708,0.));
#2767=DIRECTION('center_axis',(0.,0.,-1.));
#2768=DIRECTION('ref_axis',(-0.707107027554704,-0.707106534818305,0.));
#2769=DIRECTION('',(-0.707106534818301,0.707107027554708,0.));
#2770=DIRECTION('',(-0.707107027554704,-0.707106534818305,0.));
#2771=DIRECTION('center_axis',(-0.707106534818301,0.707107027554708,0.));
#2772=DIRECTION('ref_axis',(0.,0.,1.));
#2773=DIRECTION('center_axis',(0.707107027554708,0.707106534818301,-1.06496222204837E-29));
#2774=DIRECTION('ref_axis',(-1.27281432926627E-15,1.27281521620752E-15,
-1.));
#2775=DIRECTION('',(-0.707106534818301,0.707107027554708,0.));
#2776=DIRECTION('center_axis',(0.,0.,1.));
#2777=DIRECTION('ref_axis',(0.707107027554706,0.707106534818304,0.));
#2778=DIRECTION('center_axis',(0.707107027554708,0.707106534818301,0.));
#2779=DIRECTION('ref_axis',(0.,0.,-1.));
#2780=DIRECTION('',(-0.707106534818301,0.707107027554708,0.));
#2781=DIRECTION('',(0.,0.,-1.));
#2782=DIRECTION('center_axis',(0.,0.,1.));
#2783=DIRECTION('ref_axis',(0.707107027554704,0.707106534818305,0.));
#2784=DIRECTION('',(0.707107027554704,0.707106534818305,0.));
#2785=DIRECTION('center_axis',(0.707106534818305,-0.707107027554704,0.));
#2786=DIRECTION('ref_axis',(0.,0.,1.));
#2787=DIRECTION('',(0.,0.,-1.));
#2788=DIRECTION('',(0.707107027554704,0.707106534818305,-3.78653234506086E-29));
#2789=DIRECTION('center_axis',(-0.707107027554704,-0.707106534818305,0.));
#2790=DIRECTION('ref_axis',(0.,0.,1.));
#2791=DIRECTION('',(0.707106534818305,-0.707107027554704,7.77156117237608E-14));
#2792=DIRECTION('center_axis',(-0.707106534818305,0.707107027554704,0.));
#2793=DIRECTION('ref_axis',(0.,0.,-1.));
#2794=DIRECTION('',(-0.707107027554704,-0.707106534818305,6.31088724176809E-30));
#2795=DIRECTION('',(0.,0.,1.));
#2796=DIRECTION('center_axis',(-6.12335845538189E-14,6.12336272235079E-14,
-1.));
#2797=DIRECTION('ref_axis',(0.707106534818305,-0.707107027554704,-8.65973959207621E-14));
#2798=DIRECTION('',(0.707106534818305,-0.707107027554704,-8.65973959207621E-14));
#2799=DIRECTION('center_axis',(-0.707107027554704,-0.707106534818305,0.));
#2800=DIRECTION('ref_axis',(0.,0.,1.));
#2801=CARTESIAN_POINT('',(0.,0.,0.));
#2802=CARTESIAN_POINT('Ctrl Pts',(18.7695655282269,31.1521775377917,-36.));
#2803=CARTESIAN_POINT('Ctrl Pts',(18.6743608053819,30.8982985459251,-36.));
#2804=CARTESIAN_POINT('Ctrl Pts',(18.5162637686584,30.4767068947855,-35.9344403485554));
#2805=CARTESIAN_POINT('Ctrl Pts',(18.3743314117794,30.0982210108824,-35.7241353604643));
#2806=CARTESIAN_POINT('Ctrl Pts',(18.3453010653259,30.0208068357142,-35.5747998250855));
#2807=CARTESIAN_POINT('Ctrl Pts',(18.3453010653259,30.0208068357142,-35.5));
#2808=CARTESIAN_POINT('Ctrl Pts',(18.7695655282269,31.1521775377917,-36.));
#2809=CARTESIAN_POINT('Ctrl Pts',(18.7060956835116,30.8982985348681,-36.));
#2810=CARTESIAN_POINT('Ctrl Pts',(18.6000790631014,30.4770958245316,-35.9029789542384));
#2811=CARTESIAN_POINT('Ctrl Pts',(18.4845172090213,30.1709707638908,-35.6593754453165));
#2812=CARTESIAN_POINT('Ctrl Pts',(18.4563731774792,30.1318788704688,-35.5510686326732));
#2813=CARTESIAN_POINT('Ctrl Pts',(18.4563731774792,30.1318788704688,-35.5));
#2814=CARTESIAN_POINT('Ctrl Pts',(18.7695655282269,31.1521775377917,-36.));
#2815=CARTESIAN_POINT('Ctrl Pts',(18.769565439771,30.8982985127541,-36.));
#2816=CARTESIAN_POINT('Ctrl Pts',(18.7695652930674,30.4772412653696,-35.8721512783738));
#2817=CARTESIAN_POINT('Ctrl Pts',(18.7695652143927,30.2514352606564,-35.5874941678335));
#2818=CARTESIAN_POINT('Ctrl Pts',(18.7695652177257,30.2610012574529,-35.5241310227636));
#2819=CARTESIAN_POINT('Ctrl Pts',(18.7695652177257,30.2610012574529,-35.5));
#2820=CARTESIAN_POINT('Ctrl Pts',(18.7695655282269,31.1521775377917,-36.));
#2821=CARTESIAN_POINT('Ctrl Pts',(18.8330351960304,30.8982984906402,-36.));
#2822=CARTESIAN_POINT('Ctrl Pts',(18.9390515229321,30.4770957064277,-35.9029789542384));
#2823=CARTESIAN_POINT('Ctrl Pts',(19.0546131636937,30.1709705652595,-35.6593754453165));
#2824=CARTESIAN_POINT('Ctrl Pts',(19.0827571679951,30.1318786522258,-35.5510686326732));
#2825=CARTESIAN_POINT('Ctrl Pts',(19.0827571679951,30.1318786522258,-35.5));
#2826=CARTESIAN_POINT('Ctrl Pts',(18.7695655282269,31.1521775377917,-36.));
#2827=CARTESIAN_POINT('Ctrl Pts',(18.8647700741601,30.8982984795832,-36.));
#2828=CARTESIAN_POINT('Ctrl Pts',(19.022866817104,30.4767067182762,-35.9344403485554));
#2829=CARTESIAN_POINT('Ctrl Pts',(19.164798910241,30.0982207354699,-35.7241353604643));
#2830=CARTESIAN_POINT('Ctrl Pts',(19.1938292027497,30.0208065400724,-35.5747998250855));
#2831=CARTESIAN_POINT('Ctrl Pts',(19.1938292027497,30.0208065400724,-35.5));
#2832=CARTESIAN_POINT('',(19.1938292027497,30.0208065400724,-35.5));
#2833=CARTESIAN_POINT('',(18.3453010653259,30.0208068357142,-35.5));
#2834=CARTESIAN_POINT('Origin',(18.7695649862168,29.5965426191814,-35.5));
#2835=CARTESIAN_POINT('',(18.7695655282269,31.1521775377917,-36.));
#2836=CARTESIAN_POINT('Origin',(18.7695655282269,31.1521775377917,-35.5));
#2837=CARTESIAN_POINT('Origin',(18.7695655282269,31.1521775377917,-35.5));
#2838=CARTESIAN_POINT('Origin',(18.7695649862168,29.5965426191814,-31.75));
#2839=CARTESIAN_POINT('',(19.1938292027497,30.0208065400724,-31.9999999999986));
#2840=CARTESIAN_POINT('',(19.1938292027497,30.0208065400724,-31.75));
#2841=CARTESIAN_POINT('',(18.3453010653259,30.0208068357142,-31.9999999999985));
#2842=CARTESIAN_POINT('Origin',(18.7695649862168,29.5965426191814,-32.0000000000001));
#2843=CARTESIAN_POINT('',(18.3453010653259,30.0208068357142,-31.75));
#2844=CARTESIAN_POINT('Origin',(24.5678388673684,24.646793130657,-27.5));
#2845=CARTESIAN_POINT('',(29.9418485319872,19.2727797212416,-35.5000000000003));
#2846=CARTESIAN_POINT('',(21.032306193277,28.1823282684304,-35.5000000000001));
#2847=CARTESIAN_POINT('',(29.9418485319872,19.2727797212416,-31.9999999999999));
#2848=CARTESIAN_POINT('',(29.9418485319872,19.2727797212416,-29.7499999999999));
#2849=CARTESIAN_POINT('',(28.1033715414597,21.1112579928838,-31.9999999999996));
#2850=CARTESIAN_POINT('Origin',(21.3858597070544,28.5358815358396,-35.5000000000001));
#2851=CARTESIAN_POINT('',(31.0732192340647,18.8485152583406,-36.0000000000004));
#2852=CARTESIAN_POINT('',(21.3858597070544,28.5358815358396,-36.0000000000001));
#2853=CARTESIAN_POINT('Origin',(31.0732192340647,18.8485152583406,-35.5000000000004));
#2854=CARTESIAN_POINT('Origin',(18.7695649862168,29.5965426191814,-25.25));
#2855=CARTESIAN_POINT('',(18.3453010653259,30.0208068357142,-22.9999999999985));
#2856=CARTESIAN_POINT('',(19.1938292027497,30.0208065400724,-22.9999999999985));
#2857=CARTESIAN_POINT('Origin',(18.7695649862168,29.5965426191814,-22.9999999999999));
#2858=CARTESIAN_POINT('',(19.1938292027497,30.0208065400724,-19.4999999999997));
#2859=CARTESIAN_POINT('',(19.1938292027497,30.0208065400724,-25.25));
#2860=CARTESIAN_POINT('',(18.3453010653259,30.0208068357142,-19.4999999999996));
#2861=CARTESIAN_POINT('Origin',(18.7695649862168,29.5965426191814,-19.4999999999997));
#2862=CARTESIAN_POINT('',(18.3453010653259,30.0208068357142,-25.25));
#2863=CARTESIAN_POINT('Ctrl Pts',(18.7695655282269,31.1521775377918,-18.9999999999996));
#2864=CARTESIAN_POINT('Ctrl Pts',(18.8647700741602,30.8982984795832,-18.9999999999996));
#2865=CARTESIAN_POINT('Ctrl Pts',(19.0228711229657,30.4766952359663,-19.0655471073962));
#2866=CARTESIAN_POINT('Ctrl Pts',(19.1648020491789,30.0982123649601,-19.2758591355796));
#2867=CARTESIAN_POINT('Ctrl Pts',(19.1938292027497,30.0208065400724,-19.4252001749142));
#2868=CARTESIAN_POINT('Ctrl Pts',(19.1938292027497,30.0208065400724,-19.4999999999997));
#2869=CARTESIAN_POINT('Ctrl Pts',(18.7695655282269,31.1521775377918,-18.9999999999996));
#2870=CARTESIAN_POINT('Ctrl Pts',(18.8330351960305,30.8982984906402,-18.9999999999996));
#2871=CARTESIAN_POINT('Ctrl Pts',(18.9390720271135,30.4771343878508,-19.0969930882841));
#2872=CARTESIAN_POINT('Ctrl Pts',(19.0546279718442,30.1710041193301,-19.340620916924));
#2873=CARTESIAN_POINT('Ctrl Pts',(19.0827571679951,30.1318786522258,-19.4489313673266));
#2874=CARTESIAN_POINT('Ctrl Pts',(19.0827571679951,30.1318786522258,-19.4999999999997));
#2875=CARTESIAN_POINT('Ctrl Pts',(18.7695655282269,31.1521775377918,-18.9999999999996));
#2876=CARTESIAN_POINT('Ctrl Pts',(18.7695654397711,30.8982985127541,-18.9999999999996));
#2877=CARTESIAN_POINT('Ctrl Pts',(18.769565293083,30.4772859807591,-19.1278415723316));
#2878=CARTESIAN_POINT('Ctrl Pts',(18.7695652144154,30.2515004809475,-19.4125661092625));
#2879=CARTESIAN_POINT('Ctrl Pts',(18.7695652177364,30.2610319130279,-19.4758689772361));
#2880=CARTESIAN_POINT('Ctrl Pts',(18.7695652177364,30.2610319130279,-19.4999999999997));
#2881=CARTESIAN_POINT('Ctrl Pts',(18.7695655282269,31.1521775377918,-18.9999999999996));
#2882=CARTESIAN_POINT('Ctrl Pts',(18.7060956835117,30.8982985348681,-18.9999999999996));
#2883=CARTESIAN_POINT('Ctrl Pts',(18.600058558947,30.4771345059689,-19.0969930882841));
#2884=CARTESIAN_POINT('Ctrl Pts',(18.4845024008942,30.1710043179717,-19.340620916924));
#2885=CARTESIAN_POINT('Ctrl Pts',(18.4563731774792,30.1318788704688,-19.4489313673265));
#2886=CARTESIAN_POINT('Ctrl Pts',(18.4563731774792,30.1318788704688,-19.4999999999997));
#2887=CARTESIAN_POINT('Ctrl Pts',(18.7695655282269,31.1521775377918,-18.9999999999996));
#2888=CARTESIAN_POINT('Ctrl Pts',(18.674360805382,30.8982985459251,-18.9999999999996));
#2889=CARTESIAN_POINT('Ctrl Pts',(18.5162594627887,30.4766954124786,-19.0655471073961));
#2890=CARTESIAN_POINT('Ctrl Pts',(18.3743282728357,30.0982126403748,-19.2758591355796));
#2891=CARTESIAN_POINT('Ctrl Pts',(18.3453010653258,30.0208068357142,-19.4252001749142));
#2892=CARTESIAN_POINT('Ctrl Pts',(18.3453010653258,30.0208068357142,-19.4999999999997));
#2893=CARTESIAN_POINT('',(18.7695655282269,31.1521775377917,-18.9999999999996));
#2894=CARTESIAN_POINT('Origin',(18.7695655282269,31.1521775377917,-19.4999999999997));
#2895=CARTESIAN_POINT('Origin',(18.7695655282269,31.1521775377917,-19.4999999999996));
#2896=CARTESIAN_POINT('Origin',(28.4569250552372,21.4648112602927,-19.4999999999999));
#2897=CARTESIAN_POINT('',(29.9418485319872,19.2727797212416,-19.5));
#2898=CARTESIAN_POINT('',(28.1033715414598,21.1112579928836,-19.4999999999999));
#2899=CARTESIAN_POINT('',(31.0732192340647,18.8485152583406,-19.));
#2900=CARTESIAN_POINT('Origin',(31.0732192340647,18.8485152583406,-19.5));
#2901=CARTESIAN_POINT('',(28.4569250552372,21.4648112602927,-18.9999999999999));
#2902=CARTESIAN_POINT('Origin',(24.5678388673684,24.646793130657,-27.5));
#2903=CARTESIAN_POINT('',(29.9418485319872,19.2727797212416,-22.9999999999998));
#2904=CARTESIAN_POINT('',(27.3962650066416,21.8183650204382,-22.9999999999995));
#2905=CARTESIAN_POINT('',(29.9418485319872,19.2727797212416,-23.25));
#2906=CARTESIAN_POINT('Origin',(29.5175843154544,18.8485158003506,-29.7499999999999));
#2907=CARTESIAN_POINT('',(29.9418482363454,18.4242515838178,-31.9999999999999));
#2908=CARTESIAN_POINT('Origin',(29.5175843154544,18.8485158003506,-32.0000000000001));
#2909=CARTESIAN_POINT('',(29.9418482363454,18.4242515838178,-35.5000000000004));
#2910=CARTESIAN_POINT('Origin',(29.5175843154544,18.8485158003506,-35.5000000000003));
#2911=CARTESIAN_POINT('',(29.9418482363454,18.4242515838178,-29.7499999999999));
#2912=CARTESIAN_POINT('Ctrl Pts',(31.0732192340648,18.8485152583406,-36.0000000000004));
#2913=CARTESIAN_POINT('Ctrl Pts',(30.8193402421981,18.9437199811856,-36.0000000000004));
#2914=CARTESIAN_POINT('Ctrl Pts',(30.3977485910535,19.1018170179109,-35.9344403485611));
#2915=CARTESIAN_POINT('Ctrl Pts',(30.0192627071518,19.2437493747894,-35.724135360467));
#2916=CARTESIAN_POINT('Ctrl Pts',(29.9418485319872,19.2727797212416,-35.5747998250857));
#2917=CARTESIAN_POINT('Ctrl Pts',(29.9418485319872,19.2727797212416,-35.5000000000002));
#2918=CARTESIAN_POINT('Ctrl Pts',(31.0732192340648,18.8485152583406,-36.0000000000004));
#2919=CARTESIAN_POINT('Ctrl Pts',(30.8193402311411,18.9119851030559,-36.0000000000004));
#2920=CARTESIAN_POINT('Ctrl Pts',(30.3981375208213,19.0180017234749,-35.9029789542506));
#2921=CARTESIAN_POINT('Ctrl Pts',(30.0920124601781,19.1335635775525,-35.6593754453186));
#2922=CARTESIAN_POINT('Ctrl Pts',(30.0529205667417,19.1617076090882,-35.5510686326734));
#2923=CARTESIAN_POINT('Ctrl Pts',(30.0529205667417,19.1617076090882,-35.5000000000002));
#2924=CARTESIAN_POINT('Ctrl Pts',(31.0732192340648,18.8485152583406,-36.0000000000004));
#2925=CARTESIAN_POINT('Ctrl Pts',(30.8193402090271,18.8485153467964,-36.0000000000004));
#2926=CARTESIAN_POINT('Ctrl Pts',(30.3982829616624,18.8485154935,-35.8721512783766));
#2927=CARTESIAN_POINT('Ctrl Pts',(30.1724769569571,18.8485155721747,-35.5874941678089));
#2928=CARTESIAN_POINT('Ctrl Pts',(30.1820429537388,18.8485155688417,-35.5241310227638));
#2929=CARTESIAN_POINT('Ctrl Pts',(30.1820429537388,18.8485155688418,-35.5000000000003));
#2930=CARTESIAN_POINT('Ctrl Pts',(31.0732192340648,18.8485152583406,-36.0000000000004));
#2931=CARTESIAN_POINT('Ctrl Pts',(30.8193401869132,18.785045590537,-36.0000000000004));
#2932=CARTESIAN_POINT('Ctrl Pts',(30.3981374027174,18.6790292636265,-35.9029789542506));
#2933=CARTESIAN_POINT('Ctrl Pts',(30.0920122615469,18.5634676228674,-35.6593754453186));
#2934=CARTESIAN_POINT('Ctrl Pts',(30.0529203484987,18.5353236185723,-35.5510686326735));
#2935=CARTESIAN_POINT('Ctrl Pts',(30.0529203484987,18.5353236185723,-35.5000000000003));
#2936=CARTESIAN_POINT('Ctrl Pts',(31.0732192340648,18.8485152583406,-36.0000000000004));
#2937=CARTESIAN_POINT('Ctrl Pts',(30.8193401758562,18.7533107124073,-36.0000000000004));
#2938=CARTESIAN_POINT('Ctrl Pts',(30.3977484145443,18.5952139694616,-35.9344403485611));
#2939=CARTESIAN_POINT('Ctrl Pts',(30.0192624317393,18.4532818763251,-35.7241353604671));
#2940=CARTESIAN_POINT('Ctrl Pts',(29.9418482363454,18.4242515838178,-35.5747998250858));
#2941=CARTESIAN_POINT('Ctrl Pts',(29.9418482363454,18.4242515838178,-35.5000000000003));
#2942=CARTESIAN_POINT('Origin',(31.0732192340647,18.8485152583406,-35.5000000000004));
#2943=CARTESIAN_POINT('Ctrl Pts',(31.0732192340647,18.8485152583406,-19.));
#2944=CARTESIAN_POINT('Ctrl Pts',(30.8193401758562,18.7533107124073,-19.));
#2945=CARTESIAN_POINT('Ctrl Pts',(30.3977369322325,18.5952096635992,-19.065547107389));
#2946=CARTESIAN_POINT('Ctrl Pts',(30.0192540612281,18.4532787373867,-19.2758591355768));
#2947=CARTESIAN_POINT('Ctrl Pts',(29.9418482363454,18.4242515838178,-19.4252001749146));
#2948=CARTESIAN_POINT('Ctrl Pts',(29.9418482363454,18.4242515838178,-19.5));
#2949=CARTESIAN_POINT('Ctrl Pts',(31.0732192340647,18.8485152583406,-19.));
#2950=CARTESIAN_POINT('Ctrl Pts',(30.8193401869131,18.785045590537,-19.));
#2951=CARTESIAN_POINT('Ctrl Pts',(30.3981760841465,18.6790087594418,-19.0969930882677));
#2952=CARTESIAN_POINT('Ctrl Pts',(30.092045815623,18.5634528147145,-19.3406209169224));
#2953=CARTESIAN_POINT('Ctrl Pts',(30.0529203484987,18.5353236185723,-19.4489313673269));
#2954=CARTESIAN_POINT('Ctrl Pts',(30.0529203484987,18.5353236185723,-19.5));
#2955=CARTESIAN_POINT('Ctrl Pts',(31.0732192340647,18.8485152583406,-19.));
#2956=CARTESIAN_POINT('Ctrl Pts',(30.8193402090271,18.8485153467964,-19.));
#2957=CARTESIAN_POINT('Ctrl Pts',(30.3983276770578,18.8485154934844,-19.1278415723268));
#2958=CARTESIAN_POINT('Ctrl Pts',(30.1725421772594,18.848515572152,-19.4125661092998));
#2959=CARTESIAN_POINT('Ctrl Pts',(30.1820736093194,18.8485155688311,-19.4758689772364));
#2960=CARTESIAN_POINT('Ctrl Pts',(30.1820736093194,18.8485155688311,-19.5));
#2961=CARTESIAN_POINT('Ctrl Pts',(31.0732192340647,18.8485152583406,-19.));
#2962=CARTESIAN_POINT('Ctrl Pts',(30.8193402311411,18.9119851030558,-19.));
#2963=CARTESIAN_POINT('Ctrl Pts',(30.3981762022646,19.0180222276326,-19.0969930882677));
#2964=CARTESIAN_POINT('Ctrl Pts',(30.0920460142646,19.133578385682,-19.3406209169224));
#2965=CARTESIAN_POINT('Ctrl Pts',(30.0529205667417,19.1617076090882,-19.4489313673268));
#2966=CARTESIAN_POINT('Ctrl Pts',(30.0529205667417,19.1617076090882,-19.5));
#2967=CARTESIAN_POINT('Ctrl Pts',(31.0732192340647,18.8485152583406,-19.));
#2968=CARTESIAN_POINT('Ctrl Pts',(30.819340242198,18.9437199811855,-19.));
#2969=CARTESIAN_POINT('Ctrl Pts',(30.3977371087447,19.1018213237812,-19.065547107389));
#2970=CARTESIAN_POINT('Ctrl Pts',(30.0192543366428,19.2437525137336,-19.2758591355767));
#2971=CARTESIAN_POINT('Ctrl Pts',(29.9418485319872,19.2727797212416,-19.4252001749145));
#2972=CARTESIAN_POINT('Ctrl Pts',(29.9418485319872,19.2727797212416,-19.5));
#2973=CARTESIAN_POINT('',(29.9418482363454,18.4242515838178,-19.5));
#2974=CARTESIAN_POINT('Origin',(29.5175843154544,18.8485158003506,-19.5));
#2975=CARTESIAN_POINT('Origin',(31.0732192340647,18.8485152583406,-19.5));
#2976=CARTESIAN_POINT('Origin',(29.5175843154544,18.8485158003506,-23.25));
#2977=CARTESIAN_POINT('',(29.9418482363454,18.4242515838178,-22.9999999999999));
#2978=CARTESIAN_POINT('Origin',(29.5175843154544,18.8485158003506,-22.9999999999999));
#2979=CARTESIAN_POINT('',(29.9418482363454,18.4242515838178,-23.25));
#2980=CARTESIAN_POINT('Origin',(30.5782443147764,18.3535406839678,-19.5));
#2981=CARTESIAN_POINT('',(27.3962629371484,15.8786680584719,-19.5));
#2982=CARTESIAN_POINT('',(30.2246910473673,18.7070941977451,-19.5));
#2983=CARTESIAN_POINT('',(28.1033697183349,15.8786678121037,-19.));
#2984=CARTESIAN_POINT('Origin',(28.1033697183349,15.8786678121037,-19.5));
#2985=CARTESIAN_POINT('',(30.5782443147764,18.3535406839678,-19.));
#2986=CARTESIAN_POINT('Origin',(19.4766724572343,31.5764413601354,-31.4999999999985));
#2987=CARTESIAN_POINT('',(19.8302254782752,30.5157810651716,-31.4999999999985));
#2988=CARTESIAN_POINT('',(19.8302257246435,31.2228878463581,-31.4999999999985));
#2989=CARTESIAN_POINT('Origin',(20.1837789920526,30.8693343325807,-31.4999999999985));
#2990=CARTESIAN_POINT('',(19.4766724572343,31.5764413601355,-31.9999999999985));
#2991=CARTESIAN_POINT('Origin',(19.4766724572343,31.5764413601354,-31.4999999999985));
#2992=CARTESIAN_POINT('',(19.735491165791,30.61051544367,-32.));
#2993=CARTESIAN_POINT('Ctrl Pts',(19.7354911657916,30.6105154436694,-31.9999999999986));
#2994=CARTESIAN_POINT('Ctrl Pts',(19.6453784204986,30.700628251756,-31.9999999999986));
#2995=CARTESIAN_POINT('Ctrl Pts',(19.5736527685385,30.8356909442969,-31.9999999999985));
#2996=CARTESIAN_POINT('Ctrl Pts',(19.4806711924848,31.1454116964517,-31.9999999999985));
#2997=CARTESIAN_POINT('Ctrl Pts',(19.4766723889661,31.3805033282473,-31.9999999999985));
#2998=CARTESIAN_POINT('Ctrl Pts',(19.4766724572343,31.5764413601355,-31.9999999999985));
#2999=CARTESIAN_POINT('Origin',(19.1231189434569,31.2228880927263,-31.4999999999985));
#3000=CARTESIAN_POINT('Origin',(20.1837789920526,30.8693343325807,-29.7499999999999));
#3001=CARTESIAN_POINT('',(19.8302254782752,30.5157810651716,-23.4999999999984));
#3002=CARTESIAN_POINT('',(19.8302257246434,31.2228878463581,-23.4999999999984));
#3003=CARTESIAN_POINT('Origin',(20.1837789920526,30.8693343325807,-23.4999999999984));
#3004=CARTESIAN_POINT('',(19.8302257246434,31.2228878463581,-29.7499999999999));
#3005=CARTESIAN_POINT('',(19.8302254782752,30.5157810651716,-29.7499999999999));
#3006=CARTESIAN_POINT('Origin',(19.4766724572343,31.5764413601354,-23.4999999999984));
#3007=CARTESIAN_POINT('',(19.7354911657922,30.6105154436688,-22.9999999999999));
#3008=CARTESIAN_POINT('',(19.4766724572343,31.5764413601354,-22.9999999999984));
#3009=CARTESIAN_POINT('Ctrl Pts',(19.4766724572343,31.5764413601354,-22.9999999999984));
#3010=CARTESIAN_POINT('Ctrl Pts',(19.4766723889661,31.3805033282472,-22.9999999999985));
#3011=CARTESIAN_POINT('Ctrl Pts',(19.4806711924849,31.1454116964516,-22.9999999999985));
#3012=CARTESIAN_POINT('Ctrl Pts',(19.5736527685386,30.8356909442969,-22.9999999999985));
#3013=CARTESIAN_POINT('Ctrl Pts',(19.6453784204987,30.700628251756,-22.9999999999985));
#3014=CARTESIAN_POINT('Ctrl Pts',(19.7354911657916,30.6105154436694,-22.9999999999985));
#3015=CARTESIAN_POINT('Origin',(19.4766724572343,31.5764413601354,-23.4999999999984));
#3016=CARTESIAN_POINT('Origin',(19.1231189434569,31.2228880927263,-23.4999999999984));
#3017=CARTESIAN_POINT('Origin',(25.1335244894122,25.2124783585116,-27.4999999999999));
#3018=CARTESIAN_POINT('',(30.5315578130328,19.8144412733539,-31.9999999999999));
#3019=CARTESIAN_POINT('',(30.7903767679583,19.5556221380743,-31.9999999999999));
#3020=CARTESIAN_POINT('',(30.4368235005491,19.9091756518517,-31.4999999999999));
#3021=CARTESIAN_POINT('Origin',(31.1439300353674,19.202068624297,-31.4999999999999));
#3022=CARTESIAN_POINT('',(30.4368235005491,19.9091756518517,-23.4999999999999));
#3023=CARTESIAN_POINT('',(30.4368235005491,19.9091756518517,-25.2499999999999));
#3024=CARTESIAN_POINT('',(30.5315578130328,19.8144412733539,-22.9999999999999));
#3025=CARTESIAN_POINT('Origin',(31.1439300353674,19.202068624297,-23.4999999999999));
#3026=CARTESIAN_POINT('',(19.4766722108661,30.8693345789489,-22.9999999999999));
#3027=CARTESIAN_POINT('Origin',(31.4974835491448,19.5556218917061,-23.4999999999999));
#3028=CARTESIAN_POINT('',(31.1439302817356,19.9091754054835,-23.4999999999999));
#3029=CARTESIAN_POINT('Origin',(30.7903770143265,20.2627289192609,-23.4999999999999));
#3030=CARTESIAN_POINT('',(31.4974835491448,19.5556218917061,-22.9999999999999));
#3031=CARTESIAN_POINT('Origin',(31.4974835491448,19.5556218917061,-23.4999999999999));
#3032=CARTESIAN_POINT('Ctrl Pts',(30.5315578130328,19.8144412733538,-22.9999999999998));
#3033=CARTESIAN_POINT('Ctrl Pts',(30.6216705583258,19.7243284652672,-22.9999999999999));
#3034=CARTESIAN_POINT('Ctrl Pts',(30.7567332008857,19.6526027191908,-22.9999999999999));
#3035=CARTESIAN_POINT('Ctrl Pts',(31.0664538882476,19.559620927313,-22.9999999999999));
#3036=CARTESIAN_POINT('Ctrl Pts',(31.3015455172567,19.5556219599743,-22.9999999999999));
#3037=CARTESIAN_POINT('Ctrl Pts',(31.4974835491448,19.5556218917061,-22.9999999999999));
#3038=CARTESIAN_POINT('Origin',(30.7903770143265,20.2627289192609,-25.2499999999999));
#3039=CARTESIAN_POINT('',(31.1439302817356,19.9091754054835,-31.4999999999999));
#3040=CARTESIAN_POINT('Origin',(30.7903770143265,20.2627289192609,-31.4999999999999));
#3041=CARTESIAN_POINT('',(31.1439302817356,19.9091754054835,-25.2499999999999));
#3042=CARTESIAN_POINT('Origin',(31.4974835491448,19.5556218917061,-31.4999999999999));
#3043=CARTESIAN_POINT('',(31.4974835491448,19.5556218917062,-31.9999999999999));
#3044=CARTESIAN_POINT('Ctrl Pts',(31.4974835491448,19.5556218917062,-31.9999999999999));
#3045=CARTESIAN_POINT('Ctrl Pts',(31.3015455172566,19.5556219599744,-31.9999999999999));
#3046=CARTESIAN_POINT('Ctrl Pts',(31.0664538882475,19.5596209273131,-31.9999999999999));
#3047=CARTESIAN_POINT('Ctrl Pts',(30.7567332008857,19.6526027191909,-31.9999999999999));
#3048=CARTESIAN_POINT('Ctrl Pts',(30.6216705583257,19.7243284652673,-31.9999999999999));
#3049=CARTESIAN_POINT('Ctrl Pts',(30.5315578130328,19.8144412733539,-31.9999999999999));
#3050=CARTESIAN_POINT('Origin',(31.4974835491448,19.5556218917061,-31.4999999999999));
#3051=CARTESIAN_POINT('Origin',(18.2745906089386,30.6572029634189,-35.5));
#3052=CARTESIAN_POINT('',(15.7997157661289,27.4752233103683,-35.5));
#3053=CARTESIAN_POINT('',(18.6281438763477,30.3036494496416,-35.5));
#3054=CARTESIAN_POINT('',(15.7997160124971,28.1823300915549,-36.));
#3055=CARTESIAN_POINT('Origin',(15.7997160124971,28.1823300915548,-35.5));
#3056=CARTESIAN_POINT('',(18.2745906089386,30.6572029634189,-36.));
#3057=CARTESIAN_POINT('Origin',(20.183779484789,32.2835478949537,-31.4999999999985));
#3058=CARTESIAN_POINT('',(20.183779484789,32.2835478949538,-31.9999999999985));
#3059=CARTESIAN_POINT('',(20.5373329985663,32.637101162363,-32.4999999999985));
#3060=CARTESIAN_POINT('Origin',(20.1837794847889,32.2835478949538,-32.4999999999985));
#3061=CARTESIAN_POINT('',(20.5373327521982,31.9299943811764,-31.4999999999985));
#3062=CARTESIAN_POINT('Origin',(20.183779484789,32.2835478949537,-31.4999999999985));
#3063=CARTESIAN_POINT('',(21.2444395333847,31.9299941348082,-31.4999999999985));
#3064=CARTESIAN_POINT('Origin',(20.8908860196073,31.576440867399,-31.4999999999985));
#3065=CARTESIAN_POINT('Origin',(20.5373329985664,32.6371011623629,-31.4999999999985));
#3066=CARTESIAN_POINT('Origin',(18.4160119159022,30.515781557908,-31.4999999999985));
#3067=CARTESIAN_POINT('',(18.7695651833114,30.1622280441306,-31.4999999999985));
#3068=CARTESIAN_POINT('',(18.4160119159022,30.515781557908,-31.9999999999985));
#3069=CARTESIAN_POINT('Origin',(20.183779484789,32.2835478949537,-23.4999999999984));
#3070=CARTESIAN_POINT('',(20.5373327521982,31.9299943811764,-23.4999999999984));
#3071=CARTESIAN_POINT('',(21.2444395333847,31.9299941348082,-23.4999999999984));
#3072=CARTESIAN_POINT('Origin',(20.8908860196073,31.576440867399,-23.4999999999984));
#3073=CARTESIAN_POINT('',(20.183779484789,32.2835478949537,-22.9999999999984));
#3074=CARTESIAN_POINT('Origin',(20.183779484789,32.2835478949537,-23.4999999999984));
#3075=CARTESIAN_POINT('',(20.5373329985664,32.6371011623628,-22.4999999999984));
#3076=CARTESIAN_POINT('Origin',(20.1837794847891,32.2835478949537,-22.4999999999984));
#3077=CARTESIAN_POINT('Origin',(20.5373329985664,32.6371011623629,-23.4999999999984));
#3078=CARTESIAN_POINT('Origin',(18.4160119159022,30.515781557908,-23.4999999999984));
#3079=CARTESIAN_POINT('',(18.4160119159023,30.5157815579079,-22.9999999999984));
#3080=CARTESIAN_POINT('',(18.7695651833114,30.1622280441306,-23.4999999999984));
#3081=CARTESIAN_POINT('Origin',(15.2340307846425,28.7480157135986,-35.5));
#3082=CARTESIAN_POINT('',(14.8804775172333,29.101569227376,-35.5));
#3083=CARTESIAN_POINT('',(14.8804772708651,28.3944624461895,-35.5));
#3084=CARTESIAN_POINT('Origin',(15.2340307846425,28.7480157135986,-35.5));
#3085=CARTESIAN_POINT('',(15.2340307846425,28.7480157135986,-36.));
#3086=CARTESIAN_POINT('Origin',(15.2340307846425,28.7480157135986,-35.5));
#3087=CARTESIAN_POINT('Origin',(15.2340307846425,28.7480157135986,-35.5));
#3088=CARTESIAN_POINT('Origin',(19.4766729499707,32.9906549225084,-32.4999999999984));
#3089=CARTESIAN_POINT('',(19.1231196825615,33.3442084362858,-32.4999999999984));
#3090=CARTESIAN_POINT('',(19.8302264637481,33.3442081899176,-32.4999999999984));
#3091=CARTESIAN_POINT('Origin',(19.4766729499707,32.9906549225084,-32.4999999999984));
#3092=CARTESIAN_POINT('',(19.4766729499707,32.9906549225084,-31.9999999999984));
#3093=CARTESIAN_POINT('Origin',(19.4766729499707,32.9906549225084,-32.4999999999984));
#3094=CARTESIAN_POINT('Origin',(19.4766729499707,32.9906549225085,-32.4999999999984));
#3095=CARTESIAN_POINT('Origin',(17.7089053810839,31.2228885854627,-32.4999999999984));
#3096=CARTESIAN_POINT('',(14.8804772708651,28.3944624461894,-32.));
#3097=CARTESIAN_POINT('',(17.708905381084,31.2228885854627,-31.9999999999984));
#3098=CARTESIAN_POINT('',(14.8804775172333,29.101569227376,-32.4999999999984));
#3099=CARTESIAN_POINT('',(17.3553521136748,31.57644209924,-32.4999999999984));
#3100=CARTESIAN_POINT('Origin',(15.2340307846425,28.7480157135986,-32.4999999999984));
#3101=CARTESIAN_POINT('Origin',(29.7297177048354,22.7376030229659,-32.4999999999996));
#3102=CARTESIAN_POINT('',(30.0832712186128,23.0911562903751,-32.4999999999996));
#3103=CARTESIAN_POINT('',(29.7297177048355,22.7376030229659,-31.9999999999996));
#3104=CARTESIAN_POINT('Origin',(30.5782443147764,18.3535406839678,-35.5000000000004));
#3105=CARTESIAN_POINT('',(28.1033697183349,15.8786678121037,-36.0000000000004));
#3106=CARTESIAN_POINT('',(30.5782443147764,18.3535406839678,-36.0000000000004));
#3107=CARTESIAN_POINT('',(27.3962629371484,15.8786680584719,-35.5000000000004));
#3108=CARTESIAN_POINT('Origin',(28.1033697183349,15.8786678121037,-35.5000000000004));
#3109=CARTESIAN_POINT('',(30.2246910473673,18.7070941977451,-35.5000000000004));
#3110=CARTESIAN_POINT('Origin',(19.4766729499707,32.9906549225084,-22.4999999999984));
#3111=CARTESIAN_POINT('',(19.4766729499707,32.9906549225085,-22.9999999999984));
#3112=CARTESIAN_POINT('',(19.8302264637481,33.3442081899176,-22.4999999999984));
#3113=CARTESIAN_POINT('Origin',(19.4766729499707,32.9906549225085,-22.4999999999984));
#3114=CARTESIAN_POINT('',(19.1231196825615,33.3442084362858,-22.4999999999984));
#3115=CARTESIAN_POINT('Origin',(19.4766729499707,32.9906549225084,-22.4999999999984));
#3116=CARTESIAN_POINT('Origin',(19.4766729499707,32.9906549225084,-22.4999999999984));
#3117=CARTESIAN_POINT('Origin',(17.7089053810839,31.2228885854627,-22.4999999999984));
#3118=CARTESIAN_POINT('',(14.8804775172333,29.101569227376,-22.4999999999984));
#3119=CARTESIAN_POINT('',(17.3553521136748,31.57644209924,-22.4999999999984));
#3120=CARTESIAN_POINT('',(14.8804772708651,28.3944624461895,-23.));
#3121=CARTESIAN_POINT('',(17.7089053810839,31.2228885854627,-22.9999999999984));
#3122=CARTESIAN_POINT('Origin',(15.2340307846425,28.7480157135986,-22.4999999999984));
#3123=CARTESIAN_POINT('Origin',(15.2340307846425,28.7480157135986,-19.4999999999996));
#3124=CARTESIAN_POINT('',(15.2340307846425,28.7480157135986,-18.9999999999996));
#3125=CARTESIAN_POINT('',(14.8804772708651,28.3944624461895,-19.4999999999996));
#3126=CARTESIAN_POINT('Origin',(15.2340307846425,28.7480157135986,-19.4999999999996));
#3127=CARTESIAN_POINT('',(14.8804775172333,29.101569227376,-19.4999999999996));
#3128=CARTESIAN_POINT('Origin',(15.2340307846425,28.7480157135986,-19.4999999999996));
#3129=CARTESIAN_POINT('Origin',(15.2340307846425,28.7480157135986,-19.4999999999996));
#3130=CARTESIAN_POINT('Origin',(19.4766729499707,32.9906549225084,-35.5));
#3131=CARTESIAN_POINT('',(19.4766729499707,32.9906549225085,-36.));
#3132=CARTESIAN_POINT('',(19.8302264637481,33.3442081899176,-35.5));
#3133=CARTESIAN_POINT('Origin',(19.4766729499707,32.9906549225084,-35.5));
#3134=CARTESIAN_POINT('',(19.1231196825615,33.3442084362858,-35.5));
#3135=CARTESIAN_POINT('Origin',(19.4766729499707,32.9906549225084,-35.5));
#3136=CARTESIAN_POINT('Origin',(19.4766729499707,32.9906549225084,-35.5));
#3137=CARTESIAN_POINT('Origin',(17.7089053810839,31.2228885854627,-35.5));
#3138=CARTESIAN_POINT('',(17.3553521136748,31.57644209924,-35.5));
#3139=CARTESIAN_POINT('',(17.7089053810839,31.2228885854627,-36.));
#3140=CARTESIAN_POINT('Origin',(19.4766729499707,32.9906549225084,-29.75));
#3141=CARTESIAN_POINT('',(19.8302264637481,33.3442081899176,-29.75));
#3142=CARTESIAN_POINT('',(19.1231196825615,33.3442084362858,-29.75));
#3143=CARTESIAN_POINT('Origin',(28.6690549461896,15.3129821900599,-35.5000000000004));
#3144=CARTESIAN_POINT('',(28.6690549461896,15.3129821900599,-36.0000000000004));
#3145=CARTESIAN_POINT('',(28.3155014324122,14.9594289226508,-35.5000000000004));
#3146=CARTESIAN_POINT('Origin',(28.6690549461896,15.3129821900599,-35.5000000000004));
#3147=CARTESIAN_POINT('',(29.0226082135987,14.9594286762826,-35.5000000000004));
#3148=CARTESIAN_POINT('Origin',(28.6690549461896,15.3129821900599,-35.5000000000004));
#3149=CARTESIAN_POINT('Origin',(28.6690549461896,15.3129821900599,-35.5000000000004));
#3150=CARTESIAN_POINT('Origin',(19.4766729499707,32.9906549225084,-19.4999999999996));
#3151=CARTESIAN_POINT('',(19.1231196825615,33.3442084362858,-19.4999999999996));
#3152=CARTESIAN_POINT('',(19.8302264637481,33.3442081899176,-19.4999999999996));
#3153=CARTESIAN_POINT('Origin',(19.4766729499707,32.9906549225084,-19.4999999999996));
#3154=CARTESIAN_POINT('',(19.4766729499707,32.9906549225084,-18.9999999999996));
#3155=CARTESIAN_POINT('Origin',(19.4766729499707,32.9906549225084,-19.4999999999996));
#3156=CARTESIAN_POINT('Origin',(19.4766729499707,32.9906549225084,-19.4999999999996));
#3157=CARTESIAN_POINT('Origin',(17.7089053810839,31.2228885854627,-19.4999999999996));
#3158=CARTESIAN_POINT('',(17.3553521136748,31.57644209924,-19.4999999999996));
#3159=CARTESIAN_POINT('',(17.7089053810839,31.2228885854627,-18.9999999999996));
#3160=CARTESIAN_POINT('Origin',(28.6690549461896,15.3129821900599,-19.5));
#3161=CARTESIAN_POINT('',(29.0226082135987,14.9594286762826,-19.5));
#3162=CARTESIAN_POINT('',(28.3155014324122,14.9594289226508,-19.5));
#3163=CARTESIAN_POINT('Origin',(28.6690549461896,15.3129821900599,-19.5));
#3164=CARTESIAN_POINT('',(28.6690549461896,15.3129821900599,-19.));
#3165=CARTESIAN_POINT('Origin',(28.6690549461896,15.3129821900599,-19.5));
#3166=CARTESIAN_POINT('Origin',(28.6690549461896,15.3129821900599,-19.5));
#3167=CARTESIAN_POINT('Origin',(32.9116971115178,19.5556213989697,-35.5000000000004));
#3168=CARTESIAN_POINT('',(33.265250378927,19.2020678851924,-35.5000000000004));
#3169=CARTESIAN_POINT('',(33.2652506252952,19.9091746663789,-35.5000000000004));
#3170=CARTESIAN_POINT('Origin',(32.9116971115178,19.5556213989698,-35.5000000000004));
#3171=CARTESIAN_POINT('',(32.9116971115178,19.5556213989698,-36.0000000000004));
#3172=CARTESIAN_POINT('Origin',(32.9116971115178,19.5556213989697,-35.5000000000004));
#3173=CARTESIAN_POINT('Origin',(32.9116971115178,19.5556213989697,-35.5000000000004));
#3174=CARTESIAN_POINT('Origin',(31.1439295426311,17.787855061924,-35.5000000000004));
#3175=CARTESIAN_POINT('',(31.4974828100402,17.4343015481466,-35.5000000000004));
#3176=CARTESIAN_POINT('',(31.143929542631,17.787855061924,-36.0000000000004));
#3177=CARTESIAN_POINT('Origin',(22.6586523566528,29.8086732985125,-35.5000000000001));
#3178=CARTESIAN_POINT('',(23.0122058704302,30.1622265659217,-35.5000000000001));
#3179=CARTESIAN_POINT('',(22.6586523566528,29.8086732985125,-36.0000000000001));
#3180=CARTESIAN_POINT('Origin',(32.9116971115178,19.5556213989697,-19.5));
#3181=CARTESIAN_POINT('',(32.9116971115178,19.5556213989697,-19.));
#3182=CARTESIAN_POINT('',(33.2652506252952,19.9091746663789,-19.5));
#3183=CARTESIAN_POINT('Origin',(32.9116971115178,19.5556213989697,-19.5));
#3184=CARTESIAN_POINT('',(33.265250378927,19.2020678851924,-19.5));
#3185=CARTESIAN_POINT('Origin',(32.9116971115178,19.5556213989697,-19.5));
#3186=CARTESIAN_POINT('Origin',(32.9116971115178,19.5556213989697,-19.5));
#3187=CARTESIAN_POINT('Origin',(31.1439295426311,17.787855061924,-19.5));
#3188=CARTESIAN_POINT('',(31.1439295426311,17.787855061924,-19.));
#3189=CARTESIAN_POINT('',(31.4974828100402,17.4343015481466,-19.5));
#3190=CARTESIAN_POINT('Origin',(32.9116971115178,19.5556213989698,-32.5));
#3191=CARTESIAN_POINT('',(32.9116971115178,19.5556213989697,-32.));
#3192=CARTESIAN_POINT('',(33.2652506252952,19.9091746663789,-32.5));
#3193=CARTESIAN_POINT('Origin',(32.9116971115178,19.5556213989698,-32.5));
#3194=CARTESIAN_POINT('',(33.265250378927,19.2020678851924,-32.5));
#3195=CARTESIAN_POINT('Origin',(32.9116971115178,19.5556213989698,-32.5));
#3196=CARTESIAN_POINT('Origin',(32.9116971115178,19.5556213989698,-32.5));
#3197=CARTESIAN_POINT('Origin',(31.143929542631,17.787855061924,-32.5));
#3198=CARTESIAN_POINT('',(29.0226082135987,14.9594286762826,-32.5));
#3199=CARTESIAN_POINT('',(31.4974828100402,17.4343015481466,-32.5));
#3200=CARTESIAN_POINT('',(28.3155014324122,14.9594289226508,-32.));
#3201=CARTESIAN_POINT('',(31.1439295426311,17.787855061924,-32.));
#3202=CARTESIAN_POINT('Origin',(28.6690549461896,15.3129821900599,-32.5));
#3203=CARTESIAN_POINT('Origin',(32.9116971115178,19.5556213989698,-31.7500000000002));
#3204=CARTESIAN_POINT('',(33.2652506252952,19.9091746663789,-31.7500000000002));
#3205=CARTESIAN_POINT('',(33.265250378927,19.2020678851924,-31.7500000000002));
#3206=CARTESIAN_POINT('Origin',(32.9116971115178,19.5556213989697,-22.5));
#3207=CARTESIAN_POINT('',(33.265250378927,19.2020678851924,-22.5));
#3208=CARTESIAN_POINT('',(33.2652506252952,19.9091746663789,-22.5));
#3209=CARTESIAN_POINT('Origin',(32.9116971115178,19.5556213989697,-22.5));
#3210=CARTESIAN_POINT('',(32.9116971115178,19.5556213989698,-23.));
#3211=CARTESIAN_POINT('Origin',(32.9116971115178,19.5556213989697,-22.5));
#3212=CARTESIAN_POINT('Origin',(32.9116971115178,19.5556213989698,-22.5));
#3213=CARTESIAN_POINT('Origin',(31.1439295426311,17.787855061924,-22.5));
#3214=CARTESIAN_POINT('',(28.3155014324122,14.9594289226508,-23.));
#3215=CARTESIAN_POINT('',(31.143929542631,17.787855061924,-23.));
#3216=CARTESIAN_POINT('',(29.0226082135987,14.9594286762826,-22.5));
#3217=CARTESIAN_POINT('',(31.4974828100402,17.4343015481466,-22.5));
#3218=CARTESIAN_POINT('Origin',(28.6690549461896,15.3129821900599,-22.5));
#3219=CARTESIAN_POINT('Origin',(32.2045905766995,20.2627284265245,-31.4999999999999));
#3220=CARTESIAN_POINT('',(31.8510373092904,20.6162819403018,-31.4999999999999));
#3221=CARTESIAN_POINT('',(31.8510375556586,21.3233887214883,-31.4999999999999));
#3222=CARTESIAN_POINT('Origin',(31.4974840418812,20.9698354540792,-31.4999999999999));
#3223=CARTESIAN_POINT('',(32.2045905766995,20.2627284265245,-31.9999999999999));
#3224=CARTESIAN_POINT('Origin',(32.2045905766995,20.2627284265245,-31.4999999999999));
#3225=CARTESIAN_POINT('',(32.5581440904768,20.6162816939337,-32.4999999999999));
#3226=CARTESIAN_POINT('Origin',(32.2045905766994,20.2627284265245,-32.4999999999999));
#3227=CARTESIAN_POINT('Origin',(32.5581440904769,20.6162816939336,-31.4999999999999));
#3228=CARTESIAN_POINT('Origin',(30.4368230078127,18.4949620894787,-31.4999999999999));
#3229=CARTESIAN_POINT('',(30.4368230078127,18.4949620894787,-31.9999999999999));
#3230=CARTESIAN_POINT('',(30.0832697404036,18.8485156032561,-31.4999999999999));
#3231=CARTESIAN_POINT('Origin',(29.7297177048354,22.7376030229659,-32.4999999999996));
#3232=CARTESIAN_POINT('',(30.0832712186128,23.0911562903751,-32.4999999999996));
#3233=CARTESIAN_POINT('',(29.7297177048355,22.7376030229659,-31.9999999999996));
#3234=CARTESIAN_POINT('Origin',(32.2045905766995,20.2627284265245,-23.4999999999999));
#3235=CARTESIAN_POINT('',(32.2045905766995,20.2627284265244,-22.9999999999999));
#3236=CARTESIAN_POINT('',(32.5581440904769,20.6162816939336,-22.4999999999999));
#3237=CARTESIAN_POINT('Origin',(32.2045905766996,20.2627284265244,-22.4999999999999));
#3238=CARTESIAN_POINT('',(31.8510373092904,20.6162819403018,-23.4999999999999));
#3239=CARTESIAN_POINT('Origin',(32.2045905766995,20.2627284265245,-23.4999999999999));
#3240=CARTESIAN_POINT('',(31.8510375556586,21.3233887214883,-23.4999999999999));
#3241=CARTESIAN_POINT('Origin',(31.4974840418812,20.9698354540792,-23.4999999999999));
#3242=CARTESIAN_POINT('Origin',(32.5581440904769,20.6162816939336,-23.4999999999999));
#3243=CARTESIAN_POINT('Origin',(30.4368230078127,18.4949620894787,-23.4999999999999));
#3244=CARTESIAN_POINT('',(30.0832697404036,18.8485156032561,-23.4999999999999));
#3245=CARTESIAN_POINT('',(30.4368230078128,18.4949620894787,-22.9999999999999));
#3246=CARTESIAN_POINT('Origin',(31.4974840418812,20.9698354540792,-25.2499999999999));
#3247=CARTESIAN_POINT('',(31.8510375556586,21.3233887214883,-25.2499999999999));
#3248=CARTESIAN_POINT('',(31.8510373092904,20.6162819403018,-25.2499999999999));
#3249=CARTESIAN_POINT('Origin',(29.0226111700175,23.4447100505203,-22.4999999999995));
#3250=CARTESIAN_POINT('',(29.3761646837948,23.7982633179294,-22.4999999999995));
#3251=CARTESIAN_POINT('',(29.0226111700174,23.4447100505203,-22.9999999999995));
#3252=CARTESIAN_POINT('Origin',(32.9116971115178,19.5556213989697,-25.25));
#3253=CARTESIAN_POINT('',(33.2652506252952,19.9091746663789,-25.25));
#3254=CARTESIAN_POINT('',(33.265250378927,19.2020678851924,-25.25));
#3255=CARTESIAN_POINT('Origin',(28.6690549461896,15.3129821900599,-22.));
#3256=CARTESIAN_POINT('',(29.0226082135987,14.9594286762826,-22.));
#3257=CARTESIAN_POINT('',(28.3155014324122,14.9594289226508,-22.));
#3258=CARTESIAN_POINT('Origin',(29.7297177048357,22.7376030229657,-19.4999999999999));
#3259=CARTESIAN_POINT('',(30.083271218613,23.0911562903748,-19.4999999999999));
#3260=CARTESIAN_POINT('',(29.7297177048357,22.7376030229657,-18.9999999999999));
#3261=CARTESIAN_POINT('Origin',(28.6690549461896,15.3129821900599,-35.0000000000003));
#3262=CARTESIAN_POINT('',(28.3155014324122,14.9594289226508,-35.0000000000003));
#3263=CARTESIAN_POINT('',(29.0226082135987,14.9594286762826,-35.0000000000003));
#3264=CARTESIAN_POINT('Origin',(28.6690549461896,15.3129821900599,-19.5));
#3265=CARTESIAN_POINT('',(28.3155014324122,14.9594289226508,-19.5));
#3266=CARTESIAN_POINT('',(28.6690549461896,15.3129821900599,-19.));
#3267=CARTESIAN_POINT('Origin',(19.4766729499707,32.9906549225084,-23.2499999999998));
#3268=CARTESIAN_POINT('',(19.8302264637481,33.3442081899176,-23.2499999999998));
#3269=CARTESIAN_POINT('',(19.1231196825615,33.3442084362858,-23.2499999999998));
#3270=CARTESIAN_POINT('Origin',(21.5979895980069,22.3840524656066,-35.5000000000002));
#3271=CARTESIAN_POINT('',(21.5979895980069,22.3840524656066,-36.0000000000002));
#3272=CARTESIAN_POINT('',(21.2444360842295,22.0304991981975,-35.5000000000002));
#3273=CARTESIAN_POINT('Origin',(15.2340307846425,28.7480157135986,-19.9999999999997));
#3274=CARTESIAN_POINT('',(14.8804772708651,28.3944624461895,-19.9999999999997));
#3275=CARTESIAN_POINT('',(14.8804775172333,29.101569227376,-19.9999999999997));
#3276=CARTESIAN_POINT('Origin',(22.3050961328252,21.6769454380519,-19.4999999999998));
#3277=CARTESIAN_POINT('',(15.7997160124971,28.1823300915548,-18.9999999999996));
#3278=CARTESIAN_POINT('',(22.3050961328252,21.6769454380519,-18.9999999999998));
#3279=CARTESIAN_POINT('',(15.7997157661289,27.4752233103684,-19.4999999999996));
#3280=CARTESIAN_POINT('',(21.9515426190478,21.3233921706428,-19.4999999999998));
#3281=CARTESIAN_POINT('Origin',(15.7997160124971,28.1823300915549,-19.4999999999996));
#3282=CARTESIAN_POINT('Origin',(29.0226111700175,23.4447100505203,-22.4999999999995));
#3283=CARTESIAN_POINT('',(29.3761646837948,23.7982633179294,-22.4999999999995));
#3284=CARTESIAN_POINT('',(29.0226111700174,23.4447100505203,-22.9999999999995));
#3285=CARTESIAN_POINT('Origin',(15.2340307846425,28.7480157135986,-33.));
#3286=CARTESIAN_POINT('',(14.8804775172333,29.101569227376,-33.));
#3287=CARTESIAN_POINT('',(14.8804772708651,28.3944624461895,-33.));
#3288=CARTESIAN_POINT('Origin',(15.2340307846425,28.7480157135986,-35.5));
#3289=CARTESIAN_POINT('',(14.8804772708651,28.3944624461895,-35.5));
#3290=CARTESIAN_POINT('',(15.2340307846425,28.7480157135986,-36.));
#3291=CARTESIAN_POINT('Origin',(18.2745906089386,30.6572029634189,-19.4999999999996));
#3292=CARTESIAN_POINT('',(18.2745906089386,30.6572029634189,-18.9999999999996));
#3293=CARTESIAN_POINT('',(18.6281438763477,30.3036494496416,-19.4999999999996));
#3294=CARTESIAN_POINT('Origin',(20.8908860196073,31.576440867399,-29.75));
#3295=CARTESIAN_POINT('',(21.2444395333847,31.9299941348082,-29.75));
#3296=CARTESIAN_POINT('',(20.5373327521982,31.9299943811764,-29.75));
#3297=CARTESIAN_POINT('Origin',(15.2340305382743,28.0409089324121,-34.));
#3298=CARTESIAN_POINT('',(15.7997157661289,27.4752233103683,-32.));
#3299=CARTESIAN_POINT('',(15.7997157661289,27.4752233103683,-35.));
#3300=CARTESIAN_POINT('',(15.9411370730926,27.3338019048574,-32.));
#3301=CARTESIAN_POINT('Origin',(18.6281438763477,30.3036494496416,-36.));
#3302=CARTESIAN_POINT('',(18.6281438763477,30.3036494496416,-31.9999999999985));
#3303=CARTESIAN_POINT('',(17.7442600919044,29.4197662811187,-34.9999999999995));
#3304=CARTESIAN_POINT('',(16.6835995505723,28.3591064788912,-34.9999999999995));
#3305=CARTESIAN_POINT('',(17.65587171346,29.3313779642664,-34.9999999999995));
#3306=CARTESIAN_POINT('',(16.6835995505723,28.3591064788912,-32.9999999999996));
#3307=CARTESIAN_POINT('',(16.6835995505723,28.3591064788912,-34.4999999999998));
#3308=CARTESIAN_POINT('',(17.7442600919044,29.4197662811187,-32.9999999999995));
#3309=CARTESIAN_POINT('',(18.186201984126,29.8617078653801,-32.9999999999995));
#3310=CARTESIAN_POINT('',(17.7442600919044,29.4197662811187,-35.4999999999998));
#3311=CARTESIAN_POINT('Origin',(30.2246910473673,18.7070941977451,-31.9999999999999));
#3312=CARTESIAN_POINT('',(27.3962629371484,15.8786680584719,-31.9999999999999));
#3313=CARTESIAN_POINT('',(27.3962629371484,15.8786680584719,-33.));
#3314=CARTESIAN_POINT('',(30.2246910473673,18.7070941977451,-31.9999999999999));
#3315=CARTESIAN_POINT('',(29.3408072629239,17.8232110292222,-34.9999999999996));
#3316=CARTESIAN_POINT('',(29.3408072629239,17.8232110292222,-32.9999999999996));
#3317=CARTESIAN_POINT('',(29.3408072629239,17.8232110292222,-32.4999999999998));
#3318=CARTESIAN_POINT('',(28.2801467215918,16.7625512269948,-32.9999999999996));
#3319=CARTESIAN_POINT('',(29.2524188844795,17.7348227123699,-32.9999999999996));
#3320=CARTESIAN_POINT('',(28.2801467215918,16.7625512269948,-34.9999999999996));
#3321=CARTESIAN_POINT('',(28.2801467215918,16.7625512269948,-33.4999999999998));
#3322=CARTESIAN_POINT('',(29.7827491551456,18.2651526134837,-34.9999999999996));
#3323=CARTESIAN_POINT('Origin',(27.9619481650031,15.3129824364281,-34.0000000000001));
#3324=CARTESIAN_POINT('',(28.6690546998214,14.6058754088734,-32.0000000000001));
#3325=CARTESIAN_POINT('Origin',(31.4974828100402,17.4343015481466,-32.0000000000001));
#3326=CARTESIAN_POINT('Origin',(30.0832697404036,18.8485156032561,-22.9999999999999));
#3327=CARTESIAN_POINT('Origin',(17.3553521136748,31.57644209924,-32.));
#3328=CARTESIAN_POINT('Origin',(17.3553521136748,31.57644209924,-18.9999999999996));
#3329=CARTESIAN_POINT('Origin',(17.3553521136748,31.57644209924,-36.));
#3330=CARTESIAN_POINT('Origin',(31.4974828100402,17.4343015481466,-19.));
#3331=CARTESIAN_POINT('Origin',(31.4974828100402,17.4343015481466,-36.0000000000004));
#3332=CARTESIAN_POINT('Origin',(31.4974828100402,17.4343015481466,-23.));
#3333=CARTESIAN_POINT('Origin',(26.5477385445216,26.6266914281483,-27.5));
#3334=CARTESIAN_POINT('Origin',(18.7695651833114,30.1622280441306,-32.));
#3335=CARTESIAN_POINT('Origin',(17.0371404398024,28.1469618939071,-20.4999903334878));
#3336=CARTESIAN_POINT('',(17.1785294837277,28.146929532344,-21.799999999995));
#3337=CARTESIAN_POINT('',(17.1785692524851,28.1469693010737,-20.199999999995));
#3338=CARTESIAN_POINT('',(17.178561795996,28.1469618445898,-20.4999938485814));
#3339=CARTESIAN_POINT('',(16.8957315110178,28.1469743706248,-19.999999999995));
#3340=CARTESIAN_POINT('',(17.1785692524851,28.1469693010737,-20.199999999995));
#3341=CARTESIAN_POINT('',(16.895681800071,28.1469246597127,-21.999999999995));
#3342=CARTESIAN_POINT('',(16.8957190836087,28.1469619432244,-20.4999868183943));
#3343=CARTESIAN_POINT('',(17.1785294837277,28.146929532344,-21.799999999995));
#3344=CARTESIAN_POINT('Origin',(17.761925142762,28.8717460918119,-20.099999999995));
#3345=CARTESIAN_POINT('',(17.9563919538026,28.9247914603777,-20.199999999995));
#3346=CARTESIAN_POINT('',(17.8326357962438,28.8010353890564,-20.199999999995));
#3347=CARTESIAN_POINT('',(17.9563920523498,29.2076341728523,-19.999999999995));
#3348=CARTESIAN_POINT('',(17.9563919538026,28.9247914603777,-20.199999999995));
#3349=CARTESIAN_POINT('',(17.6912144892801,28.9424567945674,-19.999999999995));
#3350=CARTESIAN_POINT('Origin',(17.9563920030762,29.066212816615,-21.499999999995));
#3351=CARTESIAN_POINT('',(17.9563919538026,28.9247914603777,-21.799999999995));
#3352=CARTESIAN_POINT('',(17.9563919538026,28.9247914603777,-21.499999999995));
#3353=CARTESIAN_POINT('',(17.9563920523498,29.2076341728523,-21.999999999995));
#3354=CARTESIAN_POINT('',(17.9563919538026,28.9247914603777,-21.799999999995));
#3355=CARTESIAN_POINT('',(17.9563920523498,29.2076341728523,-21.499999999995));
#3356=CARTESIAN_POINT('Origin',(17.2315700166226,28.3413913352421,-21.899999999995));
#3357=CARTESIAN_POINT('',(17.1608593631407,28.4121020379976,-21.999999999995));
#3358=CARTESIAN_POINT('',(17.3022806701044,28.2706806324866,-21.799999999995));
#3359=CARTESIAN_POINT('Origin',(16.8249711465892,28.2176353624682,-21.999999999995));
#3360=CARTESIAN_POINT('',(16.6835498396255,28.3590567679791,-21.999999999995));
#3361=CARTESIAN_POINT('',(16.8249711465892,28.2176353624682,-21.999999999995));
#3362=CARTESIAN_POINT('',(17.7442600919044,29.4197662811187,-21.999999999995));
#3363=CARTESIAN_POINT('',(17.6558468579866,29.3313531088103,-21.999999999995));
#3364=CARTESIAN_POINT('',(17.885681398868,29.2783448756077,-21.999999999995));
#3365=CARTESIAN_POINT('Origin',(16.825020857536,28.2176850733803,-19.999999999995));
#3366=CARTESIAN_POINT('',(16.6835995505723,28.3591064788912,-19.999999999995));
#3367=CARTESIAN_POINT('',(16.825020857536,28.2176850733803,-19.999999999995));
#3368=CARTESIAN_POINT('',(16.6835622685636,28.3590691969085,-21.4999516656081));
#3369=CARTESIAN_POINT('Origin',(17.5674582331741,28.5358580107715,-20.999999999995));
#3370=CARTESIAN_POINT('Origin',(17.7619375704987,28.8717585195399,-33.0999999999995));
#3371=CARTESIAN_POINT('',(17.1785742234924,28.1469742720775,-33.1999999999996));
#3372=CARTESIAN_POINT('',(17.9563919538026,28.9247914603777,-33.1999999999995));
#3373=CARTESIAN_POINT('',(17.8326482239805,28.8010478167845,-33.1999999999995));
#3374=CARTESIAN_POINT('',(17.9563920523499,29.2076341728523,-32.9999999999995));
#3375=CARTESIAN_POINT('',(17.9563919538026,28.9247914603777,-33.1999999999995));
#3376=CARTESIAN_POINT('',(16.8957315110178,28.1469743706248,-32.9999999999996));
#3377=CARTESIAN_POINT('',(17.6912269170168,28.9424692222954,-32.9999999999995));
#3378=CARTESIAN_POINT('',(17.1785742234924,28.1469742720775,-33.1999999999996));
#3379=CARTESIAN_POINT('Origin',(17.9563920030762,29.066212816615,-34.4999999999995));
#3380=CARTESIAN_POINT('',(17.9563919538026,28.9247914603777,-34.7999999999995));
#3381=CARTESIAN_POINT('',(17.9563919538026,28.9247914603777,-34.4999999999995));
#3382=CARTESIAN_POINT('',(17.9563920523499,29.2076341728523,-34.9999999999995));
#3383=CARTESIAN_POINT('',(17.9563919538026,28.9247914603777,-34.7999999999995));
#3384=CARTESIAN_POINT('',(17.9563920523499,29.2076341728523,-34.4999999999995));
#3385=CARTESIAN_POINT('Origin',(17.2316072998327,28.3414286184262,-34.8999999999995));
#3386=CARTESIAN_POINT('',(17.1785742234924,28.1469742720775,-34.7999999999995));
#3387=CARTESIAN_POINT('',(17.3023179533145,28.2707179156708,-34.7999999999995));
#3388=CARTESIAN_POINT('',(16.8957315110178,28.1469743706248,-34.9999999999995));
#3389=CARTESIAN_POINT('',(17.1785742234924,28.1469742720775,-34.7999999999995));
#3390=CARTESIAN_POINT('',(17.1608966463508,28.4121393211817,-34.9999999999995));
#3391=CARTESIAN_POINT('Origin',(17.0371528672551,28.1469743213512,-33.4999999999995));
#3392=CARTESIAN_POINT('',(16.8957315110178,28.1469743706248,-33.4999999999995));
#3393=CARTESIAN_POINT('',(17.1785742234924,28.1469742720775,-33.4999999999995));
#3394=CARTESIAN_POINT('Origin',(16.825020857536,28.2176850733803,-32.9999999999996));
#3395=CARTESIAN_POINT('',(16.825020857536,28.2176850733803,-32.9999999999996));
#3396=CARTESIAN_POINT('',(16.825020857536,28.2176850733803,-34.9999999999995));
#3397=CARTESIAN_POINT('Origin',(17.885681398868,29.2783448756078,-32.9999999999995));
#3398=CARTESIAN_POINT('',(17.885681398868,29.2783448756078,-32.9999999999995));
#3399=CARTESIAN_POINT('Origin',(17.5674830886475,28.5358828662276,-33.9999999999995));
#3400=CARTESIAN_POINT('Origin',(17.885681398868,29.2783448756077,-21.999999999995));
#3401=CARTESIAN_POINT('',(17.7442600919044,29.4197662811187,-19.999999999995));
#3402=CARTESIAN_POINT('',(17.7442600919044,29.4197662811187,-22.4999999999975));
#3403=CARTESIAN_POINT('',(17.885681398868,29.2783448756077,-19.999999999995));
#3404=CARTESIAN_POINT('Origin',(17.885681398868,29.2783448756077,-19.999999999995));
#3405=CARTESIAN_POINT('',(18.1862019841261,29.8617078653801,-19.999999999995));
#3406=CARTESIAN_POINT('Origin',(16.825020857536,28.2176850733803,-34.9999999999995));
#3407=CARTESIAN_POINT('',(17.885681398868,29.2783448756078,-34.9999999999995));
#3408=CARTESIAN_POINT('Origin',(17.885681398868,29.2783448756078,-34.9999999999995));
#3409=CARTESIAN_POINT('Origin',(28.7927995136635,17.8408888896873,-34.8999999999996));
#3410=CARTESIAN_POINT('',(28.0680148596936,17.2575260477358,-34.7999999999996));
#3411=CARTESIAN_POINT('',(28.8458325900038,18.0353432360359,-34.7999999999996));
#3412=CARTESIAN_POINT('',(28.7220888601817,17.9115995924427,-34.7999999999996));
#3413=CARTESIAN_POINT('',(29.1286753024784,18.0353431374887,-34.9999999999996));
#3414=CARTESIAN_POINT('',(28.8458325900038,18.0353432360359,-34.7999999999996));
#3415=CARTESIAN_POINT('',(28.0680147611463,16.9746833352612,-34.9999999999996));
#3416=CARTESIAN_POINT('',(28.8635101671454,17.7701781869318,-34.9999999999996));
#3417=CARTESIAN_POINT('',(28.0680148596936,17.2575260477358,-34.7999999999996));
#3418=CARTESIAN_POINT('Origin',(28.9872539462411,18.0353431867623,-33.4999999999996));
#3419=CARTESIAN_POINT('',(28.8458325900038,18.0353432360359,-33.1999999999996));
#3420=CARTESIAN_POINT('',(28.8458325900038,18.0353432360359,-33.4999999999996));
#3421=CARTESIAN_POINT('',(29.1286753024784,18.0353431374887,-32.9999999999996));
#3422=CARTESIAN_POINT('',(28.8458325900038,18.0353432360359,-33.1999999999996));
#3423=CARTESIAN_POINT('',(29.1286753024784,18.0353431374887,-33.4999999999996));
#3424=CARTESIAN_POINT('Origin',(28.2624692429975,17.3105589885735,-33.0999999999996));
#3425=CARTESIAN_POINT('',(28.0680148596936,17.2575260477358,-33.1999999999996));
#3426=CARTESIAN_POINT('',(28.1917585895157,17.381269691329,-33.1999999999996));
#3427=CARTESIAN_POINT('',(28.0680147611463,16.9746833352612,-32.9999999999996));
#3428=CARTESIAN_POINT('',(28.0680148596936,17.2575260477358,-33.1999999999996));
#3429=CARTESIAN_POINT('',(28.3331798964794,17.2398482858181,-32.9999999999996));
#3430=CARTESIAN_POINT('Origin',(28.06801481042,17.1161046914985,-34.4999999999996));
#3431=CARTESIAN_POINT('',(28.0680147611463,16.9746833352612,-34.4999999999996));
#3432=CARTESIAN_POINT('',(28.0680148596936,17.2575260477358,-34.4999999999996));
#3433=CARTESIAN_POINT('Origin',(28.1387254146282,16.9039726325057,-34.9999999999996));
#3434=CARTESIAN_POINT('',(28.1387254146282,16.9039726325057,-34.9999999999996));
#3435=CARTESIAN_POINT('',(28.1387254146282,16.9039726325057,-32.9999999999996));
#3436=CARTESIAN_POINT('Origin',(29.1993859559602,17.9646324347332,-34.9999999999996));
#3437=CARTESIAN_POINT('',(29.1993859559602,17.9646324347332,-34.9999999999996));
#3438=CARTESIAN_POINT('Origin',(28.4569237248487,17.6464346418859,-33.9999999999996));
#3439=CARTESIAN_POINT('Origin',(28.7927995136636,17.8408888896872,-21.8999999999996));
#3440=CARTESIAN_POINT('',(28.0680148596936,17.2575260477358,-21.7999999999996));
#3441=CARTESIAN_POINT('',(28.8458325900038,18.0353432360359,-21.7999999999996));
#3442=CARTESIAN_POINT('',(28.7220888601817,17.9115995924427,-21.7999999999996));
#3443=CARTESIAN_POINT('',(29.1286753024784,18.0353431374886,-21.9999999999996));
#3444=CARTESIAN_POINT('',(28.8458325900038,18.0353432360359,-21.7999999999996));
#3445=CARTESIAN_POINT('',(28.0680147611463,16.9746833352612,-21.9999999999996));
#3446=CARTESIAN_POINT('',(28.8635101671454,17.7701781869318,-21.9999999999996));
#3447=CARTESIAN_POINT('',(28.0680148596936,17.2575260477358,-21.7999999999996));
#3448=CARTESIAN_POINT('Origin',(28.9872539462411,18.0353431867623,-20.4999999999996));
#3449=CARTESIAN_POINT('',(28.8458325900038,18.0353432360359,-20.1999999999996));
#3450=CARTESIAN_POINT('',(28.8458325900038,18.0353432360359,-20.4999999999996));
#3451=CARTESIAN_POINT('',(29.1286753024784,18.0353431374887,-19.9999999999996));
#3452=CARTESIAN_POINT('',(28.8458325900038,18.0353432360359,-20.1999999999996));
#3453=CARTESIAN_POINT('',(29.1286753024784,18.0353431374887,-20.4999999999996));
#3454=CARTESIAN_POINT('Origin',(28.2624692429975,17.3105589885735,-20.0999999999996));
#3455=CARTESIAN_POINT('',(28.0680148596936,17.2575260477358,-20.1999999999996));
#3456=CARTESIAN_POINT('',(28.1917585895157,17.381269691329,-20.1999999999996));
#3457=CARTESIAN_POINT('',(28.0680147611463,16.9746833352612,-19.9999999999996));
#3458=CARTESIAN_POINT('',(28.0680148596936,17.2575260477358,-20.1999999999996));
#3459=CARTESIAN_POINT('',(28.3331798964794,17.2398482858181,-19.9999999999996));
#3460=CARTESIAN_POINT('Origin',(28.06801481042,17.1161046914985,-21.4999999999996));
#3461=CARTESIAN_POINT('',(28.0680147611463,16.9746833352612,-21.4999999999996));
#3462=CARTESIAN_POINT('',(28.0680148596936,17.2575260477358,-21.4999999999996));
#3463=CARTESIAN_POINT('Origin',(28.1387254146282,16.9039726325057,-21.9999999999996));
#3464=CARTESIAN_POINT('',(28.2801467215918,16.7625512269948,-21.9999999999996));
#3465=CARTESIAN_POINT('',(28.1387254146282,16.9039726325057,-21.9999999999996));
#3466=CARTESIAN_POINT('',(28.2801467215918,16.7625512269948,-19.9999999999996));
#3467=CARTESIAN_POINT('',(28.2801467215918,16.7625512269948,-20.4999999999998));
#3468=CARTESIAN_POINT('',(28.1387254146282,16.9039726325057,-19.9999999999996));
#3469=CARTESIAN_POINT('Origin',(29.1993859559602,17.9646324347332,-21.9999999999996));
#3470=CARTESIAN_POINT('',(29.3408072629239,17.8232110292222,-21.9999999999996));
#3471=CARTESIAN_POINT('',(29.1993859559602,17.9646324347332,-21.9999999999996));
#3472=CARTESIAN_POINT('',(29.7827491551456,18.2651526134837,-21.9999999999996));
#3473=CARTESIAN_POINT('Origin',(28.4569237248487,17.6464346418859,-20.9999999999996));
#3474=CARTESIAN_POINT('Origin',(29.1993859559602,17.9646324347332,-32.9999999999996));
#3475=CARTESIAN_POINT('',(29.1993859559602,17.9646324347332,-32.9999999999996));
#3476=CARTESIAN_POINT('Origin',(28.1387254146282,16.9039726325057,-32.9999999999996));
#3477=CARTESIAN_POINT('Origin',(29.1993859559602,17.9646324347332,-19.9999999999996));
#3478=CARTESIAN_POINT('',(29.3408072629239,17.8232110292222,-19.9999999999996));
#3479=CARTESIAN_POINT('',(29.1993859559602,17.9646324347332,-19.9999999999996));
#3480=CARTESIAN_POINT('',(29.3408072629239,17.8232110292222,-19.4999999999998));
#3481=CARTESIAN_POINT('Origin',(28.1387254146282,16.9039726325057,-19.9999999999996));
#3482=CARTESIAN_POINT('',(29.2524188844795,17.7348227123699,-19.9999999999996));
#3483=CARTESIAN_POINT('Origin',(18.6281438763477,30.3036494496416,-22.9999999999999));
#3484=CARTESIAN_POINT('',(15.7997157661289,27.4752233103683,-22.9999999999999));
#3485=CARTESIAN_POINT('',(15.7997157661289,27.4752233103684,-21.9999999999999));
#3486=CARTESIAN_POINT('',(18.6281438763477,30.3036494496416,-22.9999999999985));
#3487=CARTESIAN_POINT('Origin',(15.2340305382743,28.0409089324121,-20.9999999999998));
#3488=CARTESIAN_POINT('',(15.9411370730926,27.3338019048574,-22.9999999999999));
#3489=CARTESIAN_POINT('Origin',(30.2246910473673,18.7070941977451,-19.));
#3490=CARTESIAN_POINT('',(27.3962629371484,15.8786680584719,-22.9999999999999));
#3491=CARTESIAN_POINT('',(30.2246910473673,18.7070941977451,-22.9999999999999));
#3492=CARTESIAN_POINT('',(27.3962629371484,15.8786680584719,-20.));
#3493=CARTESIAN_POINT('Origin',(30.0832697404036,18.848515603256,-22.9999999999999));
#3494=CARTESIAN_POINT('',(28.6690546998214,14.6058754088734,-23.));
#3495=CARTESIAN_POINT('Origin',(27.9619481650031,15.3129824364281,-21.));
#3496=UNCERTAINTY_MEASURE_WITH_UNIT(LENGTH_MEASURE(0.01),#3500,
'DISTANCE_ACCURACY_VALUE',
'Maximum model space distance between geometric entities at asserted c
onnectivities');
#3497=UNCERTAINTY_MEASURE_WITH_UNIT(LENGTH_MEASURE(0.01),#3500,
'DISTANCE_ACCURACY_VALUE',
'Maximum model space distance between geometric entities at asserted c
onnectivities');
#3498=(
GEOMETRIC_REPRESENTATION_CONTEXT(3)
GLOBAL_UNCERTAINTY_ASSIGNED_CONTEXT((#3496))
GLOBAL_UNIT_ASSIGNED_CONTEXT((#3500,#3502,#3503))
REPRESENTATION_CONTEXT('','3D')
);
#3499=(
GEOMETRIC_REPRESENTATION_CONTEXT(3)
GLOBAL_UNCERTAINTY_ASSIGNED_CONTEXT((#3497))
GLOBAL_UNIT_ASSIGNED_CONTEXT((#3500,#3502,#3503))
REPRESENTATION_CONTEXT('','3D')
);
#3500=(
LENGTH_UNIT()
NAMED_UNIT(*)
SI_UNIT(.MILLI.,.METRE.)
);
#3501=(
LENGTH_UNIT()
NAMED_UNIT(*)
SI_UNIT($,.METRE.)
);
#3502=(
NAMED_UNIT(*)
PLANE_ANGLE_UNIT()
SI_UNIT($,.RADIAN.)
);
#3503=(
NAMED_UNIT(*)
SI_UNIT($,.STERADIAN.)
SOLID_ANGLE_UNIT()
);
#3504=SHAPE_DEFINITION_REPRESENTATION(#3505,#3506);
#3505=PRODUCT_DEFINITION_SHAPE('',$,#3508);
#3506=SHAPE_REPRESENTATION('',(#1984),#3498);
#3507=PRODUCT_DEFINITION_CONTEXT('part definition',#3512,'design');
#3508=PRODUCT_DEFINITION('SHIELD','SHIELD',#3509,#3507);
#3509=PRODUCT_DEFINITION_FORMATION('',$,#3514);
#3510=PRODUCT_RELATED_PRODUCT_CATEGORY('SHIELD','SHIELD',(#3514));
#3511=APPLICATION_PROTOCOL_DEFINITION('international standard',
'automotive_design',2009,#3512);
#3512=APPLICATION_CONTEXT(
'Core Data for Automotive Mechanical Design Process');
#3513=PRODUCT_CONTEXT('part definition',#3512,'mechanical');
#3514=PRODUCT('SHIELD','SHIELD',$,(#3513));
#3515=PRESENTATION_STYLE_ASSIGNMENT((#3517));
#3516=PRESENTATION_STYLE_ASSIGNMENT((#3518));
#3517=SURFACE_STYLE_USAGE(.BOTH.,#3519);
#3518=SURFACE_STYLE_USAGE(.BOTH.,#3520);
#3519=SURFACE_SIDE_STYLE('',(#3521));
#3520=SURFACE_SIDE_STYLE('',(#3522));
#3521=SURFACE_STYLE_FILL_AREA(#3523);
#3522=SURFACE_STYLE_FILL_AREA(#3524);
#3523=FILL_AREA_STYLE('Steel - Satin',(#3525));
#3524=FILL_AREA_STYLE('Plastic - Glossy (White)',(#3526));
#3525=FILL_AREA_STYLE_COLOUR('Steel - Satin',#3527);
#3526=FILL_AREA_STYLE_COLOUR('Plastic - Glossy (White)',#3528);
#3527=COLOUR_RGB('Steel - Satin',0.627450980392157,0.627450980392157,0.627450980392157);
#3528=COLOUR_RGB('Plastic - Glossy (White)',0.964705882352941,0.964705882352941,
0.952941176470588);
ENDSEC;
END-ISO-10303-21;
