ISO-10303-21;
HEADER;
/* Generated by software containing ST-Developer
 * from STEP Tools, Inc. (www.steptools.com) 
 */

FILE_DESCRIPTION(
/* description */ (''),
/* implementation_level */ '2;1');

FILE_NAME(
/* name */ 'LED RETAINER.step',
/* time_stamp */ '2026-03-26T10:27:43-05:00',
/* author */ (''),
/* organization */ (''),
/* preprocessor_version */ 'ST-DEVELOPER v20.1',
/* originating_system */ 'Autodesk Translation Framework v14.24.0.0',
/* authorisation */ '');

FILE_SCHEMA (('AUTOMOTIVE_DESIGN { 1 0 10303 214 3 1 1 }'));
ENDSEC;

DATA;
#10=MECHANICAL_DESIGN_GEOMETRIC_PRESENTATION_REPRESENTATION('',(#13),#3572);
#11=SHAPE_REPRESENTATION_RELATIONSHIP('SRR','None',#3579,#12);
#12=ADVANCED_BREP_SHAPE_REPRESENTATION('',(#14),#3571);
#13=STYLED_ITEM('',(#3588),#14);
#14=MANIFOLD_SOLID_BREP('LED keeper Right',#1992);
#15=TOROIDAL_SURFACE('',#2068,1.,0.499999999999998);
#16=TOROIDAL_SURFACE('',#2075,1.,0.5);
#17=TOROIDAL_SURFACE('',#2078,1.,0.5);
#18=TOROIDAL_SURFACE('',#2083,1.,0.5);
#19=TOROIDAL_SURFACE('',#2089,1.00000000000001,0.500000000000001);
#20=TOROIDAL_SURFACE('',#2094,1.,0.5);
#21=TOROIDAL_SURFACE('',#2099,0.999999999999996,0.499999999999998);
#22=TOROIDAL_SURFACE('',#2106,1.,0.5);
#23=SPHERICAL_SURFACE('',#2036,0.499999999999998);
#24=SPHERICAL_SURFACE('',#2040,0.499999999999998);
#25=SPHERICAL_SURFACE('',#2044,0.500000000000003);
#26=SPHERICAL_SURFACE('',#2049,0.499999999999998);
#27=SPHERICAL_SURFACE('',#2055,0.499999999999998);
#28=SPHERICAL_SURFACE('',#2061,0.500000000000004);
#29=SPHERICAL_SURFACE('',#2110,0.500000000000001);
#30=SPHERICAL_SURFACE('',#2116,0.500000000000001);
#31=SPHERICAL_SURFACE('',#2120,0.499999999999998);
#32=SPHERICAL_SURFACE('',#2124,0.5);
#33=SPHERICAL_SURFACE('',#2131,0.5);
#34=SPHERICAL_SURFACE('',#2135,0.5);
#35=FACE_BOUND('',#645,.T.);
#36=FACE_BOUND('',#765,.T.);
#37=FACE_BOUND('',#768,.T.);
#38=FACE_BOUND('',#770,.T.);
#39=FACE_BOUND('',#774,.T.);
#40=PLANE('',#2011);
#41=PLANE('',#2157);
#42=PLANE('',#2158);
#43=PLANE('',#2159);
#44=PLANE('',#2160);
#45=PLANE('',#2162);
#46=PLANE('',#2163);
#47=PLANE('',#2165);
#48=PLANE('',#2166);
#49=PLANE('',#2167);
#50=PLANE('',#2168);
#51=PLANE('',#2169);
#52=PLANE('',#2170);
#53=PLANE('',#2171);
#54=PLANE('',#2175);
#55=PLANE('',#2176);
#56=PLANE('',#2177);
#57=PLANE('',#2178);
#58=PLANE('',#2179);
#59=PLANE('',#2180);
#60=PLANE('',#2181);
#61=PLANE('',#2182);
#62=PLANE('',#2183);
#63=PLANE('',#2184);
#64=PLANE('',#2185);
#65=PLANE('',#2186);
#66=PLANE('',#2187);
#67=PLANE('',#2188);
#68=PLANE('',#2189);
#69=PLANE('',#2190);
#70=PLANE('',#2191);
#71=PLANE('',#2192);
#72=PLANE('',#2193);
#73=PLANE('',#2194);
#74=PLANE('',#2195);
#75=PLANE('',#2196);
#76=PLANE('',#2197);
#77=PLANE('',#2198);
#78=PLANE('',#2199);
#79=PLANE('',#2200);
#80=PLANE('',#2201);
#81=PLANE('',#2202);
#82=PLANE('',#2203);
#83=PLANE('',#2204);
#84=PLANE('',#2205);
#85=PLANE('',#2206);
#86=PLANE('',#2207);
#87=PLANE('',#2208);
#88=PLANE('',#2209);
#89=PLANE('',#2210);
#90=PLANE('',#2211);
#91=PLANE('',#2212);
#92=PLANE('',#2213);
#93=PLANE('',#2214);
#94=PLANE('',#2215);
#95=PLANE('',#2216);
#96=PLANE('',#2217);
#97=PLANE('',#2218);
#98=PLANE('',#2219);
#99=B_SPLINE_CURVE_WITH_KNOTS('',3,(#2875,#2876,#2877,#2878,#2879,#2880,
#2881,#2882,#2883,#2884,#2885,#2886),.UNSPECIFIED.,.F.,.F.,(4,2,2,2,2,4),
(-0.604537345246653,-0.579798117287935,-0.551978268988036,-0.531542743248738,
-0.51325722931645,-0.50894209350513),.UNSPECIFIED.);
#100=B_SPLINE_CURVE_WITH_KNOTS('',3,(#2893,#2894,#2895,#2896),
 .UNSPECIFIED.,.F.,.F.,(4,4),(0.,0.0135530329676894),.UNSPECIFIED.);
#101=B_SPLINE_CURVE_WITH_KNOTS('',3,(#2900,#2901,#2902,#2903),
 .UNSPECIFIED.,.F.,.F.,(4,4),(0.336226109899356,0.349779142867044),
 .UNSPECIFIED.);
#102=B_SPLINE_CURVE_WITH_KNOTS('',3,(#2911,#2912,#2913,#2914),
 .UNSPECIFIED.,.F.,.F.,(4,4),(0.,0.0135530329676872),.UNSPECIFIED.);
#103=B_SPLINE_CURVE_WITH_KNOTS('',3,(#2917,#2918,#2919,#2920),
 .UNSPECIFIED.,.F.,.F.,(4,4),(0.336226109899357,0.349779142867044),
 .UNSPECIFIED.);
#104=B_SPLINE_CURVE_WITH_KNOTS('',3,(#2929,#2930,#2931,#2932,#2933,#2934,
#2935,#2936,#2937,#2938,#2939,#2940),.UNSPECIFIED.,.F.,.F.,(4,2,2,2,2,4),
(-0.703957960916097,-0.702484840532883,-0.688240242018432,-0.67327159841094,
-0.642385139554761,-0.639083253378451),.UNSPECIFIED.);
#105=B_SPLINE_CURVE_WITH_KNOTS('',3,(#2991,#2992,#2993,#2994,#2995,#2996,
#2997,#2998,#2999,#3000,#3001,#3002),.UNSPECIFIED.,.F.,.F.,(4,2,2,2,2,4),
(-0.70395796135916,-0.702484840976027,-0.688240242462586,-0.673271598856131,
-0.642385140002106,-0.639083253826118),.UNSPECIFIED.);
#106=B_SPLINE_CURVE_WITH_KNOTS('',3,(#3083,#3084,#3085,#3086,#3087,#3088,
#3089,#3090,#3091,#3092,#3093,#3094),.UNSPECIFIED.,.F.,.F.,(4,2,2,2,2,4),
(-0.604537345502425,-0.579798117533314,-0.551978269221144,-0.531542743472338,
-0.513257229531097,-0.508942093717609),.UNSPECIFIED.);
#107=LINE('',#2872,#288);
#108=LINE('',#2874,#289);
#109=LINE('',#2889,#290);
#110=LINE('',#2891,#291);
#111=LINE('',#2898,#292);
#112=LINE('',#2905,#293);
#113=LINE('',#2907,#294);
#114=LINE('',#2909,#295);
#115=LINE('',#2916,#296);
#116=LINE('',#2925,#297);
#117=LINE('',#2944,#298);
#118=LINE('',#2981,#299);
#119=LINE('',#2984,#300);
#120=LINE('',#2988,#301);
#121=LINE('',#3006,#302);
#122=LINE('',#3041,#303);
#123=LINE('',#3044,#304);
#124=LINE('',#3082,#305);
#125=LINE('',#3097,#306);
#126=LINE('',#3100,#307);
#127=LINE('',#3123,#308);
#128=LINE('',#3124,#309);
#129=LINE('',#3133,#310);
#130=LINE('',#3134,#311);
#131=LINE('',#3136,#312);
#132=LINE('',#3137,#313);
#133=LINE('',#3147,#314);
#134=LINE('',#3149,#315);
#135=LINE('',#3160,#316);
#136=LINE('',#3162,#317);
#137=LINE('',#3165,#318);
#138=LINE('',#3166,#319);
#139=LINE('',#3180,#320);
#140=LINE('',#3181,#321);
#141=LINE('',#3201,#322);
#142=LINE('',#3202,#323);
#143=LINE('',#3204,#324);
#144=LINE('',#3205,#325);
#145=LINE('',#3222,#326);
#146=LINE('',#3223,#327);
#147=LINE('',#3237,#328);
#148=LINE('',#3238,#329);
#149=LINE('',#3243,#330);
#150=LINE('',#3244,#331);
#151=LINE('',#3254,#332);
#152=LINE('',#3256,#333);
#153=LINE('',#3280,#334);
#154=LINE('',#3281,#335);
#155=LINE('',#3284,#336);
#156=LINE('',#3286,#337);
#157=LINE('',#3303,#338);
#158=LINE('',#3304,#339);
#159=LINE('',#3306,#340);
#160=LINE('',#3307,#341);
#161=LINE('',#3309,#342);
#162=LINE('',#3310,#343);
#163=LINE('',#3312,#344);
#164=LINE('',#3313,#345);
#165=LINE('',#3315,#346);
#166=LINE('',#3316,#347);
#167=LINE('',#3318,#348);
#168=LINE('',#3319,#349);
#169=LINE('',#3321,#350);
#170=LINE('',#3322,#351);
#171=LINE('',#3324,#352);
#172=LINE('',#3325,#353);
#173=LINE('',#3327,#354);
#174=LINE('',#3328,#355);
#175=LINE('',#3330,#356);
#176=LINE('',#3331,#357);
#177=LINE('',#3333,#358);
#178=LINE('',#3334,#359);
#179=LINE('',#3336,#360);
#180=LINE('',#3337,#361);
#181=LINE('',#3339,#362);
#182=LINE('',#3340,#363);
#183=LINE('',#3342,#364);
#184=LINE('',#3343,#365);
#185=LINE('',#3345,#366);
#186=LINE('',#3346,#367);
#187=LINE('',#3348,#368);
#188=LINE('',#3349,#369);
#189=LINE('',#3354,#370);
#190=LINE('',#3355,#371);
#191=LINE('',#3359,#372);
#192=LINE('',#3360,#373);
#193=LINE('',#3362,#374);
#194=LINE('',#3364,#375);
#195=LINE('',#3368,#376);
#196=LINE('',#3369,#377);
#197=LINE('',#3371,#378);
#198=LINE('',#3373,#379);
#199=LINE('',#3374,#380);
#200=LINE('',#3382,#381);
#201=LINE('',#3383,#382);
#202=LINE('',#3386,#383);
#203=LINE('',#3390,#384);
#204=LINE('',#3395,#385);
#205=LINE('',#3397,#386);
#206=LINE('',#3399,#387);
#207=LINE('',#3400,#388);
#208=LINE('',#3403,#389);
#209=LINE('',#3405,#390);
#210=LINE('',#3406,#391);
#211=LINE('',#3409,#392);
#212=LINE('',#3411,#393);
#213=LINE('',#3412,#394);
#214=LINE('',#3414,#395);
#215=LINE('',#3415,#396);
#216=LINE('',#3418,#397);
#217=LINE('',#3420,#398);
#218=LINE('',#3421,#399);
#219=LINE('',#3424,#400);
#220=LINE('',#3425,#401);
#221=LINE('',#3430,#402);
#222=LINE('',#3432,#403);
#223=LINE('',#3434,#404);
#224=LINE('',#3435,#405);
#225=LINE('',#3438,#406);
#226=LINE('',#3440,#407);
#227=LINE('',#3441,#408);
#228=LINE('',#3444,#409);
#229=LINE('',#3446,#410);
#230=LINE('',#3447,#411);
#231=LINE('',#3449,#412);
#232=LINE('',#3450,#413);
#233=LINE('',#3453,#414);
#234=LINE('',#3455,#415);
#235=LINE('',#3456,#416);
#236=LINE('',#3459,#417);
#237=LINE('',#3460,#418);
#238=LINE('',#3464,#419);
#239=LINE('',#3465,#420);
#240=LINE('',#3467,#421);
#241=LINE('',#3470,#422);
#242=LINE('',#3471,#423);
#243=LINE('',#3473,#424);
#244=LINE('',#3477,#425);
#245=LINE('',#3479,#426);
#246=LINE('',#3481,#427);
#247=LINE('',#3482,#428);
#248=LINE('',#3485,#429);
#249=LINE('',#3487,#430);
#250=LINE('',#3488,#431);
#251=LINE('',#3491,#432);
#252=LINE('',#3493,#433);
#253=LINE('',#3494,#434);
#254=LINE('',#3496,#435);
#255=LINE('',#3497,#436);
#256=LINE('',#3500,#437);
#257=LINE('',#3502,#438);
#258=LINE('',#3503,#439);
#259=LINE('',#3506,#440);
#260=LINE('',#3507,#441);
#261=LINE('',#3512,#442);
#262=LINE('',#3514,#443);
#263=LINE('',#3516,#444);
#264=LINE('',#3517,#445);
#265=LINE('',#3520,#446);
#266=LINE('',#3522,#447);
#267=LINE('',#3523,#448);
#268=LINE('',#3526,#449);
#269=LINE('',#3528,#450);
#270=LINE('',#3529,#451);
#271=LINE('',#3531,#452);
#272=LINE('',#3532,#453);
#273=LINE('',#3535,#454);
#274=LINE('',#3537,#455);
#275=LINE('',#3538,#456);
#276=LINE('',#3541,#457);
#277=LINE('',#3542,#458);
#278=LINE('',#3546,#459);
#279=LINE('',#3547,#460);
#280=LINE('',#3549,#461);
#281=LINE('',#3552,#462);
#282=LINE('',#3553,#463);
#283=LINE('',#3555,#464);
#284=LINE('',#3558,#465);
#285=LINE('',#3563,#466);
#286=LINE('',#3564,#467);
#287=LINE('',#3566,#468);
#288=VECTOR('',#2232,10.);
#289=VECTOR('',#2233,10.);
#290=VECTOR('',#2236,10.);
#291=VECTOR('',#2237,10.);
#292=VECTOR('',#2238,10.);
#293=VECTOR('',#2239,10.);
#294=VECTOR('',#2240,10.);
#295=VECTOR('',#2241,10.);
#296=VECTOR('',#2242,10.);
#297=VECTOR('',#2247,10.);
#298=VECTOR('',#2254,10.);
#299=VECTOR('',#2263,10.);
#300=VECTOR('',#2266,10.);
#301=VECTOR('',#2271,10.);
#302=VECTOR('',#2276,10.);
#303=VECTOR('',#2283,10.);
#304=VECTOR('',#2286,10.);
#305=VECTOR('',#2295,10.);
#306=VECTOR('',#2298,10.);
#307=VECTOR('',#2301,10.);
#308=VECTOR('',#2328,10.);
#309=VECTOR('',#2329,10.);
#310=VECTOR('',#2340,10.);
#311=VECTOR('',#2341,10.);
#312=VECTOR('',#2344,10.);
#313=VECTOR('',#2345,10.);
#314=VECTOR('',#2356,10.);
#315=VECTOR('',#2357,10.);
#316=VECTOR('',#2370,10.);
#317=VECTOR('',#2371,10.);
#318=VECTOR('',#2376,10.);
#319=VECTOR('',#2377,10.);
#320=VECTOR('',#2392,10.);
#321=VECTOR('',#2393,10.);
#322=VECTOR('',#2420,10.);
#323=VECTOR('',#2421,10.);
#324=VECTOR('',#2424,10.);
#325=VECTOR('',#2425,10.);
#326=VECTOR('',#2446,10.);
#327=VECTOR('',#2447,10.);
#328=VECTOR('',#2462,10.);
#329=VECTOR('',#2463,10.);
#330=VECTOR('',#2472,10.);
#331=VECTOR('',#2473,10.);
#332=VECTOR('',#2484,10.);
#333=VECTOR('',#2485,10.);
#334=VECTOR('',#2514,10.);
#335=VECTOR('',#2515,10.);
#336=VECTOR('',#2518,10.);
#337=VECTOR('',#2519,10.);
#338=VECTOR('',#2540,10.);
#339=VECTOR('',#2541,10.);
#340=VECTOR('',#2544,10.);
#341=VECTOR('',#2545,10.);
#342=VECTOR('',#2548,10.);
#343=VECTOR('',#2549,10.);
#344=VECTOR('',#2552,10.);
#345=VECTOR('',#2553,10.);
#346=VECTOR('',#2556,10.);
#347=VECTOR('',#2557,10.);
#348=VECTOR('',#2560,10.);
#349=VECTOR('',#2561,10.);
#350=VECTOR('',#2564,10.);
#351=VECTOR('',#2565,10.);
#352=VECTOR('',#2568,10.);
#353=VECTOR('',#2569,10.);
#354=VECTOR('',#2572,10.);
#355=VECTOR('',#2573,10.);
#356=VECTOR('',#2576,10.);
#357=VECTOR('',#2577,10.);
#358=VECTOR('',#2580,10.);
#359=VECTOR('',#2581,10.);
#360=VECTOR('',#2584,10.);
#361=VECTOR('',#2585,10.);
#362=VECTOR('',#2588,10.);
#363=VECTOR('',#2589,10.);
#364=VECTOR('',#2592,10.);
#365=VECTOR('',#2593,10.);
#366=VECTOR('',#2596,10.);
#367=VECTOR('',#2597,10.);
#368=VECTOR('',#2600,10.);
#369=VECTOR('',#2601,10.);
#370=VECTOR('',#2606,10.);
#371=VECTOR('',#2607,10.);
#372=VECTOR('',#2612,10.);
#373=VECTOR('',#2613,10.);
#374=VECTOR('',#2616,10.);
#375=VECTOR('',#2619,10.);
#376=VECTOR('',#2624,10.);
#377=VECTOR('',#2625,10.);
#378=VECTOR('',#2628,10.);
#379=VECTOR('',#2631,10.);
#380=VECTOR('',#2632,10.);
#381=VECTOR('',#2645,10.);
#382=VECTOR('',#2646,10.);
#383=VECTOR('',#2651,10.);
#384=VECTOR('',#2656,1.5);
#385=VECTOR('',#2661,10.);
#386=VECTOR('',#2662,10.);
#387=VECTOR('',#2663,10.);
#388=VECTOR('',#2664,10.);
#389=VECTOR('',#2667,10.);
#390=VECTOR('',#2668,10.);
#391=VECTOR('',#2669,10.);
#392=VECTOR('',#2672,10.);
#393=VECTOR('',#2673,10.);
#394=VECTOR('',#2674,10.);
#395=VECTOR('',#2677,10.);
#396=VECTOR('',#2678,10.);
#397=VECTOR('',#2681,10.);
#398=VECTOR('',#2682,10.);
#399=VECTOR('',#2683,10.);
#400=VECTOR('',#2686,10.);
#401=VECTOR('',#2687,10.);
#402=VECTOR('',#2692,10.);
#403=VECTOR('',#2693,10.);
#404=VECTOR('',#2694,10.);
#405=VECTOR('',#2695,10.);
#406=VECTOR('',#2698,10.);
#407=VECTOR('',#2699,10.);
#408=VECTOR('',#2700,10.);
#409=VECTOR('',#2703,10.);
#410=VECTOR('',#2704,10.);
#411=VECTOR('',#2705,10.);
#412=VECTOR('',#2708,10.);
#413=VECTOR('',#2709,10.);
#414=VECTOR('',#2712,10.);
#415=VECTOR('',#2713,10.);
#416=VECTOR('',#2714,10.);
#417=VECTOR('',#2717,10.);
#418=VECTOR('',#2718,10.);
#419=VECTOR('',#2723,10.);
#420=VECTOR('',#2724,10.);
#421=VECTOR('',#2727,10.);
#422=VECTOR('',#2730,10.);
#423=VECTOR('',#2731,10.);
#424=VECTOR('',#2734,10.);
#425=VECTOR('',#2737,10.);
#426=VECTOR('',#2738,10.);
#427=VECTOR('',#2739,10.);
#428=VECTOR('',#2740,10.);
#429=VECTOR('',#2743,10.);
#430=VECTOR('',#2744,10.);
#431=VECTOR('',#2745,10.);
#432=VECTOR('',#2748,10.);
#433=VECTOR('',#2749,10.);
#434=VECTOR('',#2750,10.);
#435=VECTOR('',#2753,10.);
#436=VECTOR('',#2754,10.);
#437=VECTOR('',#2757,10.);
#438=VECTOR('',#2758,10.);
#439=VECTOR('',#2759,10.);
#440=VECTOR('',#2762,10.);
#441=VECTOR('',#2763,10.);
#442=VECTOR('',#2768,10.);
#443=VECTOR('',#2769,10.);
#444=VECTOR('',#2770,10.);
#445=VECTOR('',#2771,10.);
#446=VECTOR('',#2774,10.);
#447=VECTOR('',#2775,10.);
#448=VECTOR('',#2776,10.);
#449=VECTOR('',#2779,10.);
#450=VECTOR('',#2780,10.);
#451=VECTOR('',#2781,10.);
#452=VECTOR('',#2784,10.);
#453=VECTOR('',#2785,10.);
#454=VECTOR('',#2788,10.);
#455=VECTOR('',#2789,10.);
#456=VECTOR('',#2790,10.);
#457=VECTOR('',#2793,10.);
#458=VECTOR('',#2794,10.);
#459=VECTOR('',#2799,10.);
#460=VECTOR('',#2800,10.);
#461=VECTOR('',#2803,10.);
#462=VECTOR('',#2806,10.);
#463=VECTOR('',#2807,10.);
#464=VECTOR('',#2810,10.);
#465=VECTOR('',#2815,10.);
#466=VECTOR('',#2822,10.);
#467=VECTOR('',#2823,10.);
#468=VECTOR('',#2826,10.);
#469=CYLINDRICAL_SURFACE('',#2009,0.6);
#470=CYLINDRICAL_SURFACE('',#2013,0.5);
#471=CYLINDRICAL_SURFACE('',#2015,0.6);
#472=CYLINDRICAL_SURFACE('',#2020,0.5);
#473=CYLINDRICAL_SURFACE('',#2022,0.5);
#474=CYLINDRICAL_SURFACE('',#2024,0.6);
#475=CYLINDRICAL_SURFACE('',#2028,0.5);
#476=CYLINDRICAL_SURFACE('',#2032,0.6);
#477=CYLINDRICAL_SURFACE('',#2034,0.5);
#478=CYLINDRICAL_SURFACE('',#2048,0.5);
#479=CYLINDRICAL_SURFACE('',#2053,0.5);
#480=CYLINDRICAL_SURFACE('',#2054,0.5);
#481=CYLINDRICAL_SURFACE('',#2059,0.5);
#482=CYLINDRICAL_SURFACE('',#2065,0.5);
#483=CYLINDRICAL_SURFACE('',#2067,0.5);
#484=CYLINDRICAL_SURFACE('',#2073,0.5);
#485=CYLINDRICAL_SURFACE('',#2087,0.5);
#486=CYLINDRICAL_SURFACE('',#2088,0.5);
#487=CYLINDRICAL_SURFACE('',#2098,0.5);
#488=CYLINDRICAL_SURFACE('',#2104,0.5);
#489=CYLINDRICAL_SURFACE('',#2109,0.5);
#490=CYLINDRICAL_SURFACE('',#2114,0.5);
#491=CYLINDRICAL_SURFACE('',#2128,0.5);
#492=CYLINDRICAL_SURFACE('',#2129,0.5);
#493=CYLINDRICAL_SURFACE('',#2139,0.5);
#494=CYLINDRICAL_SURFACE('',#2140,0.5);
#495=CYLINDRICAL_SURFACE('',#2141,0.5);
#496=CYLINDRICAL_SURFACE('',#2142,0.5);
#497=CYLINDRICAL_SURFACE('',#2143,0.5);
#498=CYLINDRICAL_SURFACE('',#2144,0.5);
#499=CYLINDRICAL_SURFACE('',#2145,0.5);
#500=CYLINDRICAL_SURFACE('',#2146,0.5);
#501=CYLINDRICAL_SURFACE('',#2147,0.5);
#502=CYLINDRICAL_SURFACE('',#2148,0.5);
#503=CYLINDRICAL_SURFACE('',#2149,0.5);
#504=CYLINDRICAL_SURFACE('',#2150,0.5);
#505=CYLINDRICAL_SURFACE('',#2151,0.5);
#506=CYLINDRICAL_SURFACE('',#2152,0.5);
#507=CYLINDRICAL_SURFACE('',#2153,0.5);
#508=CYLINDRICAL_SURFACE('',#2154,0.5);
#509=CYLINDRICAL_SURFACE('',#2155,0.5);
#510=CYLINDRICAL_SURFACE('',#2161,0.5);
#511=CYLINDRICAL_SURFACE('',#2164,0.5);
#512=CYLINDRICAL_SURFACE('',#2172,0.5);
#513=CYLINDRICAL_SURFACE('',#2173,1.5);
#514=FACE_OUTER_BOUND('',#642,.T.);
#515=FACE_OUTER_BOUND('',#643,.T.);
#516=FACE_OUTER_BOUND('',#644,.T.);
#517=FACE_OUTER_BOUND('',#646,.T.);
#518=FACE_OUTER_BOUND('',#647,.T.);
#519=FACE_OUTER_BOUND('',#648,.T.);
#520=FACE_OUTER_BOUND('',#649,.T.);
#521=FACE_OUTER_BOUND('',#650,.T.);
#522=FACE_OUTER_BOUND('',#651,.T.);
#523=FACE_OUTER_BOUND('',#652,.T.);
#524=FACE_OUTER_BOUND('',#653,.T.);
#525=FACE_OUTER_BOUND('',#654,.T.);
#526=FACE_OUTER_BOUND('',#655,.T.);
#527=FACE_OUTER_BOUND('',#656,.T.);
#528=FACE_OUTER_BOUND('',#657,.T.);
#529=FACE_OUTER_BOUND('',#658,.T.);
#530=FACE_OUTER_BOUND('',#659,.T.);
#531=FACE_OUTER_BOUND('',#660,.T.);
#532=FACE_OUTER_BOUND('',#661,.T.);
#533=FACE_OUTER_BOUND('',#662,.T.);
#534=FACE_OUTER_BOUND('',#663,.T.);
#535=FACE_OUTER_BOUND('',#664,.T.);
#536=FACE_OUTER_BOUND('',#665,.T.);
#537=FACE_OUTER_BOUND('',#666,.T.);
#538=FACE_OUTER_BOUND('',#667,.T.);
#539=FACE_OUTER_BOUND('',#668,.T.);
#540=FACE_OUTER_BOUND('',#669,.T.);
#541=FACE_OUTER_BOUND('',#670,.T.);
#542=FACE_OUTER_BOUND('',#671,.T.);
#543=FACE_OUTER_BOUND('',#672,.T.);
#544=FACE_OUTER_BOUND('',#673,.T.);
#545=FACE_OUTER_BOUND('',#674,.T.);
#546=FACE_OUTER_BOUND('',#675,.T.);
#547=FACE_OUTER_BOUND('',#676,.T.);
#548=FACE_OUTER_BOUND('',#677,.T.);
#549=FACE_OUTER_BOUND('',#678,.T.);
#550=FACE_OUTER_BOUND('',#679,.T.);
#551=FACE_OUTER_BOUND('',#680,.T.);
#552=FACE_OUTER_BOUND('',#681,.T.);
#553=FACE_OUTER_BOUND('',#682,.T.);
#554=FACE_OUTER_BOUND('',#683,.T.);
#555=FACE_OUTER_BOUND('',#684,.T.);
#556=FACE_OUTER_BOUND('',#685,.T.);
#557=FACE_OUTER_BOUND('',#686,.T.);
#558=FACE_OUTER_BOUND('',#687,.T.);
#559=FACE_OUTER_BOUND('',#688,.T.);
#560=FACE_OUTER_BOUND('',#689,.T.);
#561=FACE_OUTER_BOUND('',#690,.T.);
#562=FACE_OUTER_BOUND('',#691,.T.);
#563=FACE_OUTER_BOUND('',#692,.T.);
#564=FACE_OUTER_BOUND('',#693,.T.);
#565=FACE_OUTER_BOUND('',#694,.T.);
#566=FACE_OUTER_BOUND('',#695,.T.);
#567=FACE_OUTER_BOUND('',#696,.T.);
#568=FACE_OUTER_BOUND('',#697,.T.);
#569=FACE_OUTER_BOUND('',#698,.T.);
#570=FACE_OUTER_BOUND('',#699,.T.);
#571=FACE_OUTER_BOUND('',#700,.T.);
#572=FACE_OUTER_BOUND('',#701,.T.);
#573=FACE_OUTER_BOUND('',#702,.T.);
#574=FACE_OUTER_BOUND('',#703,.T.);
#575=FACE_OUTER_BOUND('',#704,.T.);
#576=FACE_OUTER_BOUND('',#705,.T.);
#577=FACE_OUTER_BOUND('',#706,.T.);
#578=FACE_OUTER_BOUND('',#707,.T.);
#579=FACE_OUTER_BOUND('',#708,.T.);
#580=FACE_OUTER_BOUND('',#709,.T.);
#581=FACE_OUTER_BOUND('',#710,.T.);
#582=FACE_OUTER_BOUND('',#711,.T.);
#583=FACE_OUTER_BOUND('',#712,.T.);
#584=FACE_OUTER_BOUND('',#713,.T.);
#585=FACE_OUTER_BOUND('',#714,.T.);
#586=FACE_OUTER_BOUND('',#715,.T.);
#587=FACE_OUTER_BOUND('',#716,.T.);
#588=FACE_OUTER_BOUND('',#717,.T.);
#589=FACE_OUTER_BOUND('',#718,.T.);
#590=FACE_OUTER_BOUND('',#719,.T.);
#591=FACE_OUTER_BOUND('',#720,.T.);
#592=FACE_OUTER_BOUND('',#721,.T.);
#593=FACE_OUTER_BOUND('',#722,.T.);
#594=FACE_OUTER_BOUND('',#723,.T.);
#595=FACE_OUTER_BOUND('',#724,.T.);
#596=FACE_OUTER_BOUND('',#725,.T.);
#597=FACE_OUTER_BOUND('',#726,.T.);
#598=FACE_OUTER_BOUND('',#727,.T.);
#599=FACE_OUTER_BOUND('',#728,.T.);
#600=FACE_OUTER_BOUND('',#729,.T.);
#601=FACE_OUTER_BOUND('',#730,.T.);
#602=FACE_OUTER_BOUND('',#731,.T.);
#603=FACE_OUTER_BOUND('',#732,.T.);
#604=FACE_OUTER_BOUND('',#733,.T.);
#605=FACE_OUTER_BOUND('',#734,.T.);
#606=FACE_OUTER_BOUND('',#735,.T.);
#607=FACE_OUTER_BOUND('',#736,.T.);
#608=FACE_OUTER_BOUND('',#737,.T.);
#609=FACE_OUTER_BOUND('',#738,.T.);
#610=FACE_OUTER_BOUND('',#739,.T.);
#611=FACE_OUTER_BOUND('',#740,.T.);
#612=FACE_OUTER_BOUND('',#741,.T.);
#613=FACE_OUTER_BOUND('',#742,.T.);
#614=FACE_OUTER_BOUND('',#743,.T.);
#615=FACE_OUTER_BOUND('',#744,.T.);
#616=FACE_OUTER_BOUND('',#745,.T.);
#617=FACE_OUTER_BOUND('',#746,.T.);
#618=FACE_OUTER_BOUND('',#747,.T.);
#619=FACE_OUTER_BOUND('',#748,.T.);
#620=FACE_OUTER_BOUND('',#749,.T.);
#621=FACE_OUTER_BOUND('',#750,.T.);
#622=FACE_OUTER_BOUND('',#751,.T.);
#623=FACE_OUTER_BOUND('',#752,.T.);
#624=FACE_OUTER_BOUND('',#753,.T.);
#625=FACE_OUTER_BOUND('',#754,.T.);
#626=FACE_OUTER_BOUND('',#755,.T.);
#627=FACE_OUTER_BOUND('',#756,.T.);
#628=FACE_OUTER_BOUND('',#757,.T.);
#629=FACE_OUTER_BOUND('',#758,.T.);
#630=FACE_OUTER_BOUND('',#759,.T.);
#631=FACE_OUTER_BOUND('',#760,.T.);
#632=FACE_OUTER_BOUND('',#761,.T.);
#633=FACE_OUTER_BOUND('',#762,.T.);
#634=FACE_OUTER_BOUND('',#763,.T.);
#635=FACE_OUTER_BOUND('',#764,.T.);
#636=FACE_OUTER_BOUND('',#766,.T.);
#637=FACE_OUTER_BOUND('',#767,.T.);
#638=FACE_OUTER_BOUND('',#769,.T.);
#639=FACE_OUTER_BOUND('',#771,.T.);
#640=FACE_OUTER_BOUND('',#772,.T.);
#641=FACE_OUTER_BOUND('',#773,.T.);
#642=EDGE_LOOP('',(#1302,#1303,#1304));
#643=EDGE_LOOP('',(#1305,#1306,#1307,#1308,#1309));
#644=EDGE_LOOP('',(#1310,#1311,#1312,#1313,#1314,#1315,#1316,#1317,#1318,
#1319,#1320,#1321));
#645=EDGE_LOOP('',(#1322));
#646=EDGE_LOOP('',(#1323,#1324,#1325,#1326));
#647=EDGE_LOOP('',(#1327,#1328,#1329,#1330,#1331));
#648=EDGE_LOOP('',(#1332,#1333,#1334));
#649=EDGE_LOOP('',(#1335,#1336,#1337,#1338));
#650=EDGE_LOOP('',(#1339,#1340,#1341,#1342));
#651=EDGE_LOOP('',(#1343,#1344,#1345,#1346,#1347));
#652=EDGE_LOOP('',(#1348,#1349,#1350));
#653=EDGE_LOOP('',(#1351,#1352,#1353,#1354));
#654=EDGE_LOOP('',(#1355,#1356,#1357));
#655=EDGE_LOOP('',(#1358,#1359,#1360,#1361,#1362));
#656=EDGE_LOOP('',(#1363,#1364,#1365,#1366));
#657=EDGE_LOOP('',(#1367,#1368,#1369));
#658=EDGE_LOOP('',(#1370,#1371,#1372));
#659=EDGE_LOOP('',(#1373,#1374,#1375));
#660=EDGE_LOOP('',(#1376,#1377,#1378,#1379));
#661=EDGE_LOOP('',(#1380,#1381,#1382));
#662=EDGE_LOOP('',(#1383,#1384,#1385,#1386));
#663=EDGE_LOOP('',(#1387,#1388,#1389,#1390));
#664=EDGE_LOOP('',(#1391,#1392,#1393));
#665=EDGE_LOOP('',(#1394,#1395,#1396,#1397));
#666=EDGE_LOOP('',(#1398,#1399,#1400));
#667=EDGE_LOOP('',(#1401,#1402,#1403,#1404));
#668=EDGE_LOOP('',(#1405,#1406,#1407,#1408));
#669=EDGE_LOOP('',(#1409,#1410,#1411,#1412));
#670=EDGE_LOOP('',(#1413,#1414,#1415,#1416));
#671=EDGE_LOOP('',(#1417,#1418,#1419,#1420,#1421));
#672=EDGE_LOOP('',(#1422,#1423,#1424,#1425));
#673=EDGE_LOOP('',(#1426,#1427,#1428,#1429,#1430));
#674=EDGE_LOOP('',(#1431,#1432,#1433,#1434));
#675=EDGE_LOOP('',(#1435,#1436,#1437,#1438));
#676=EDGE_LOOP('',(#1439,#1440,#1441,#1442));
#677=EDGE_LOOP('',(#1443,#1444,#1445,#1446,#1447));
#678=EDGE_LOOP('',(#1448,#1449,#1450,#1451));
#679=EDGE_LOOP('',(#1452,#1453,#1454,#1455));
#680=EDGE_LOOP('',(#1456,#1457,#1458,#1459));
#681=EDGE_LOOP('',(#1460,#1461,#1462,#1463,#1464));
#682=EDGE_LOOP('',(#1465,#1466,#1467,#1468));
#683=EDGE_LOOP('',(#1469,#1470,#1471));
#684=EDGE_LOOP('',(#1472,#1473,#1474,#1475));
#685=EDGE_LOOP('',(#1476,#1477,#1478));
#686=EDGE_LOOP('',(#1479,#1480,#1481));
#687=EDGE_LOOP('',(#1482,#1483,#1484));
#688=EDGE_LOOP('',(#1485,#1486,#1487,#1488));
#689=EDGE_LOOP('',(#1489,#1490,#1491,#1492));
#690=EDGE_LOOP('',(#1493,#1494,#1495));
#691=EDGE_LOOP('',(#1496,#1497,#1498));
#692=EDGE_LOOP('',(#1499,#1500,#1501,#1502));
#693=EDGE_LOOP('',(#1503,#1504,#1505,#1506));
#694=EDGE_LOOP('',(#1507,#1508,#1509,#1510));
#695=EDGE_LOOP('',(#1511,#1512,#1513,#1514));
#696=EDGE_LOOP('',(#1515,#1516,#1517,#1518));
#697=EDGE_LOOP('',(#1519,#1520,#1521,#1522));
#698=EDGE_LOOP('',(#1523,#1524,#1525,#1526));
#699=EDGE_LOOP('',(#1527,#1528,#1529,#1530));
#700=EDGE_LOOP('',(#1531,#1532,#1533,#1534));
#701=EDGE_LOOP('',(#1535,#1536,#1537,#1538));
#702=EDGE_LOOP('',(#1539,#1540,#1541,#1542));
#703=EDGE_LOOP('',(#1543,#1544,#1545,#1546));
#704=EDGE_LOOP('',(#1547,#1548,#1549,#1550));
#705=EDGE_LOOP('',(#1551,#1552,#1553,#1554));
#706=EDGE_LOOP('',(#1555,#1556,#1557,#1558));
#707=EDGE_LOOP('',(#1559,#1560,#1561,#1562));
#708=EDGE_LOOP('',(#1563,#1564,#1565,#1566));
#709=EDGE_LOOP('',(#1567,#1568,#1569,#1570,#1571,#1572,#1573,#1574));
#710=EDGE_LOOP('',(#1575,#1576,#1577,#1578));
#711=EDGE_LOOP('',(#1579,#1580,#1581,#1582,#1583,#1584,#1585));
#712=EDGE_LOOP('',(#1586,#1587,#1588,#1589));
#713=EDGE_LOOP('',(#1590,#1591,#1592,#1593));
#714=EDGE_LOOP('',(#1594,#1595,#1596,#1597,#1598,#1599,#1600));
#715=EDGE_LOOP('',(#1601,#1602,#1603,#1604));
#716=EDGE_LOOP('',(#1605,#1606,#1607,#1608));
#717=EDGE_LOOP('',(#1609,#1610,#1611,#1612));
#718=EDGE_LOOP('',(#1613,#1614,#1615,#1616));
#719=EDGE_LOOP('',(#1617,#1618,#1619,#1620));
#720=EDGE_LOOP('',(#1621,#1622,#1623,#1624));
#721=EDGE_LOOP('',(#1625,#1626,#1627,#1628,#1629,#1630,#1631,#1632,#1633,
#1634,#1635,#1636,#1637,#1638,#1639,#1640));
#722=EDGE_LOOP('',(#1641,#1642,#1643,#1644));
#723=EDGE_LOOP('',(#1645,#1646,#1647,#1648,#1649,#1650,#1651,#1652));
#724=EDGE_LOOP('',(#1653,#1654,#1655,#1656));
#725=EDGE_LOOP('',(#1657,#1658,#1659,#1660));
#726=EDGE_LOOP('',(#1661));
#727=EDGE_LOOP('',(#1662,#1663,#1664,#1665));
#728=EDGE_LOOP('',(#1666,#1667,#1668,#1669));
#729=EDGE_LOOP('',(#1670,#1671,#1672,#1673));
#730=EDGE_LOOP('',(#1674,#1675,#1676,#1677));
#731=EDGE_LOOP('',(#1678,#1679,#1680,#1681));
#732=EDGE_LOOP('',(#1682,#1683,#1684,#1685));
#733=EDGE_LOOP('',(#1686,#1687,#1688,#1689));
#734=EDGE_LOOP('',(#1690,#1691,#1692,#1693));
#735=EDGE_LOOP('',(#1694,#1695,#1696,#1697));
#736=EDGE_LOOP('',(#1698,#1699,#1700,#1701));
#737=EDGE_LOOP('',(#1702,#1703,#1704,#1705));
#738=EDGE_LOOP('',(#1706,#1707,#1708,#1709));
#739=EDGE_LOOP('',(#1710,#1711,#1712,#1713));
#740=EDGE_LOOP('',(#1714,#1715,#1716,#1717));
#741=EDGE_LOOP('',(#1718,#1719,#1720,#1721));
#742=EDGE_LOOP('',(#1722,#1723,#1724,#1725));
#743=EDGE_LOOP('',(#1726,#1727,#1728,#1729));
#744=EDGE_LOOP('',(#1730,#1731,#1732,#1733));
#745=EDGE_LOOP('',(#1734,#1735,#1736,#1737));
#746=EDGE_LOOP('',(#1738,#1739,#1740,#1741));
#747=EDGE_LOOP('',(#1742,#1743,#1744,#1745));
#748=EDGE_LOOP('',(#1746,#1747,#1748,#1749));
#749=EDGE_LOOP('',(#1750,#1751,#1752,#1753));
#750=EDGE_LOOP('',(#1754,#1755,#1756,#1757));
#751=EDGE_LOOP('',(#1758,#1759,#1760,#1761));
#752=EDGE_LOOP('',(#1762,#1763,#1764,#1765));
#753=EDGE_LOOP('',(#1766,#1767,#1768,#1769));
#754=EDGE_LOOP('',(#1770,#1771,#1772,#1773));
#755=EDGE_LOOP('',(#1774,#1775,#1776,#1777));
#756=EDGE_LOOP('',(#1778,#1779,#1780,#1781));
#757=EDGE_LOOP('',(#1782,#1783,#1784,#1785));
#758=EDGE_LOOP('',(#1786,#1787,#1788,#1789));
#759=EDGE_LOOP('',(#1790,#1791,#1792,#1793));
#760=EDGE_LOOP('',(#1794,#1795,#1796,#1797));
#761=EDGE_LOOP('',(#1798,#1799,#1800,#1801));
#762=EDGE_LOOP('',(#1802,#1803,#1804,#1805));
#763=EDGE_LOOP('',(#1806,#1807,#1808,#1809));
#764=EDGE_LOOP('',(#1810,#1811,#1812,#1813));
#765=EDGE_LOOP('',(#1814,#1815,#1816,#1817));
#766=EDGE_LOOP('',(#1818,#1819,#1820,#1821,#1822,#1823,#1824));
#767=EDGE_LOOP('',(#1825,#1826,#1827,#1828));
#768=EDGE_LOOP('',(#1829,#1830,#1831,#1832));
#769=EDGE_LOOP('',(#1833,#1834,#1835,#1836));
#770=EDGE_LOOP('',(#1837,#1838,#1839,#1840));
#771=EDGE_LOOP('',(#1841,#1842,#1843,#1844,#1845,#1846,#1847));
#772=EDGE_LOOP('',(#1848,#1849,#1850,#1851));
#773=EDGE_LOOP('',(#1852,#1853,#1854,#1855));
#774=EDGE_LOOP('',(#1856,#1857,#1858,#1859));
#775=ELLIPSE('',#2007,1.20830459735946,0.499999999999998);
#776=ELLIPSE('',#2008,1.20830459735946,0.500000000000003);
#777=ELLIPSE('',#2014,1.20830459735945,0.499999999999998);
#778=ELLIPSE('',#2018,1.20830459735946,0.499999999999998);
#779=ELLIPSE('',#2019,1.20830459735946,0.5);
#780=ELLIPSE('',#2021,0.707106781186544,0.5);
#781=ELLIPSE('',#2023,1.20830459735946,0.499999999999998);
#782=ELLIPSE('',#2027,1.20830459735946,0.499999999999998);
#783=ELLIPSE('',#2029,0.707106781186552,0.5);
#784=ELLIPSE('',#2031,1.20830459735946,0.499999999999998);
#785=ELLIPSE('',#2035,0.707106781186547,0.5);
#786=ELLIPSE('',#2060,0.707106781186551,0.5);
#787=ELLIPSE('',#2066,0.707106781186553,0.5);
#788=ELLIPSE('',#2115,0.707106781186562,0.5);
#789=ELLIPSE('',#2130,0.707106781186553,0.5);
#790=ELLIPSE('',#2156,0.707106781186548,0.5);
#791=CIRCLE('',#2006,0.600000000000003);
#792=CIRCLE('',#2010,0.6);
#793=CIRCLE('',#2012,1.5);
#794=CIRCLE('',#2016,0.600000000000003);
#795=CIRCLE('',#2017,0.6);
#796=CIRCLE('',#2025,0.600000000000001);
#797=CIRCLE('',#2026,0.6);
#798=CIRCLE('',#2030,0.599999999999998);
#799=CIRCLE('',#2033,0.6);
#800=CIRCLE('',#2037,0.500000000000003);
#801=CIRCLE('',#2038,0.499999999999998);
#802=CIRCLE('',#2039,0.5);
#803=CIRCLE('',#2041,0.499999999999998);
#804=CIRCLE('',#2042,0.499999999999998);
#805=CIRCLE('',#2043,0.500000000000003);
#806=CIRCLE('',#2045,0.499999999999998);
#807=CIRCLE('',#2046,0.500000000000003);
#808=CIRCLE('',#2047,0.500000000000006);
#809=CIRCLE('',#2050,0.5);
#810=CIRCLE('',#2051,0.499999999999998);
#811=CIRCLE('',#2052,0.500000000000001);
#812=CIRCLE('',#2056,0.500000000000003);
#813=CIRCLE('',#2057,0.499999999999998);
#814=CIRCLE('',#2058,0.500000000000004);
#815=CIRCLE('',#2062,0.499999999999998);
#816=CIRCLE('',#2063,0.500000000000004);
#817=CIRCLE('',#2064,0.499999999999998);
#818=CIRCLE('',#2069,0.499999999999998);
#819=CIRCLE('',#2070,0.500000000000001);
#820=CIRCLE('',#2071,0.500000000000001);
#821=CIRCLE('',#2072,1.);
#822=CIRCLE('',#2074,0.500000000000003);
#823=CIRCLE('',#2076,0.5);
#824=CIRCLE('',#2077,1.);
#825=CIRCLE('',#2079,0.5);
#826=CIRCLE('',#2080,0.499999999999998);
#827=CIRCLE('',#2081,0.499999999999998);
#828=CIRCLE('',#2082,0.999999999999996);
#829=CIRCLE('',#2084,1.);
#830=CIRCLE('',#2085,0.49999999999979);
#831=CIRCLE('',#2086,0.5);
#832=CIRCLE('',#2090,0.500000000000001);
#833=CIRCLE('',#2091,0.499999999999998);
#834=CIRCLE('',#2092,0.500000000000001);
#835=CIRCLE('',#2093,1.);
#836=CIRCLE('',#2095,1.);
#837=CIRCLE('',#2096,0.500000000000194);
#838=CIRCLE('',#2097,0.5);
#839=CIRCLE('',#2100,0.499999999999998);
#840=CIRCLE('',#2101,0.499999999999998);
#841=CIRCLE('',#2102,0.499999999999998);
#842=CIRCLE('',#2103,0.999999999999999);
#843=CIRCLE('',#2105,0.499999999999998);
#844=CIRCLE('',#2107,0.5);
#845=CIRCLE('',#2108,1.);
#846=CIRCLE('',#2111,0.499999999999998);
#847=CIRCLE('',#2112,0.500000000000001);
#848=CIRCLE('',#2113,0.500000000000001);
#849=CIRCLE('',#2117,0.5);
#850=CIRCLE('',#2118,0.500000000000001);
#851=CIRCLE('',#2119,0.5);
#852=CIRCLE('',#2121,0.5);
#853=CIRCLE('',#2122,0.499999999999998);
#854=CIRCLE('',#2123,0.500000000000001);
#855=CIRCLE('',#2125,0.500000000000003);
#856=CIRCLE('',#2126,0.5);
#857=CIRCLE('',#2127,0.500000000000001);
#858=CIRCLE('',#2132,0.5);
#859=CIRCLE('',#2133,0.5);
#860=CIRCLE('',#2134,0.500000000000001);
#861=CIRCLE('',#2136,0.5);
#862=CIRCLE('',#2137,0.5);
#863=CIRCLE('',#2138,0.500000000000003);
#864=CIRCLE('',#2174,1.5);
#865=VERTEX_POINT('',#2862);
#866=VERTEX_POINT('',#2863);
#867=VERTEX_POINT('',#2865);
#868=VERTEX_POINT('',#2869);
#869=VERTEX_POINT('',#2870);
#870=VERTEX_POINT('',#2873);
#871=VERTEX_POINT('',#2888);
#872=VERTEX_POINT('',#2890);
#873=VERTEX_POINT('',#2892);
#874=VERTEX_POINT('',#2897);
#875=VERTEX_POINT('',#2899);
#876=VERTEX_POINT('',#2904);
#877=VERTEX_POINT('',#2906);
#878=VERTEX_POINT('',#2908);
#879=VERTEX_POINT('',#2910);
#880=VERTEX_POINT('',#2915);
#881=VERTEX_POINT('',#2921);
#882=VERTEX_POINT('',#2924);
#883=VERTEX_POINT('',#2928);
#884=VERTEX_POINT('',#2941);
#885=VERTEX_POINT('',#2943);
#886=VERTEX_POINT('',#2976);
#887=VERTEX_POINT('',#2980);
#888=VERTEX_POINT('',#2982);
#889=VERTEX_POINT('',#2986);
#890=VERTEX_POINT('',#2990);
#891=VERTEX_POINT('',#3003);
#892=VERTEX_POINT('',#3005);
#893=VERTEX_POINT('',#3040);
#894=VERTEX_POINT('',#3042);
#895=VERTEX_POINT('',#3075);
#896=VERTEX_POINT('',#3079);
#897=VERTEX_POINT('',#3080);
#898=VERTEX_POINT('',#3096);
#899=VERTEX_POINT('',#3098);
#900=VERTEX_POINT('',#3102);
#901=VERTEX_POINT('',#3103);
#902=VERTEX_POINT('',#3105);
#903=VERTEX_POINT('',#3109);
#904=VERTEX_POINT('',#3110);
#905=VERTEX_POINT('',#3112);
#906=VERTEX_POINT('',#3116);
#907=VERTEX_POINT('',#3117);
#908=VERTEX_POINT('',#3119);
#909=VERTEX_POINT('',#3126);
#910=VERTEX_POINT('',#3127);
#911=VERTEX_POINT('',#3129);
#912=VERTEX_POINT('',#3139);
#913=VERTEX_POINT('',#3140);
#914=VERTEX_POINT('',#3142);
#915=VERTEX_POINT('',#3146);
#916=VERTEX_POINT('',#3148);
#917=VERTEX_POINT('',#3152);
#918=VERTEX_POINT('',#3153);
#919=VERTEX_POINT('',#3155);
#920=VERTEX_POINT('',#3159);
#921=VERTEX_POINT('',#3161);
#922=VERTEX_POINT('',#3168);
#923=VERTEX_POINT('',#3169);
#924=VERTEX_POINT('',#3171);
#925=VERTEX_POINT('',#3173);
#926=VERTEX_POINT('',#3177);
#927=VERTEX_POINT('',#3178);
#928=VERTEX_POINT('',#3186);
#929=VERTEX_POINT('',#3187);
#930=VERTEX_POINT('',#3189);
#931=VERTEX_POINT('',#3191);
#932=VERTEX_POINT('',#3195);
#933=VERTEX_POINT('',#3197);
#934=VERTEX_POINT('',#3207);
#935=VERTEX_POINT('',#3208);
#936=VERTEX_POINT('',#3210);
#937=VERTEX_POINT('',#3212);
#938=VERTEX_POINT('',#3216);
#939=VERTEX_POINT('',#3218);
#940=VERTEX_POINT('',#3225);
#941=VERTEX_POINT('',#3226);
#942=VERTEX_POINT('',#3228);
#943=VERTEX_POINT('',#3230);
#944=VERTEX_POINT('',#3234);
#945=VERTEX_POINT('',#3235);
#946=VERTEX_POINT('',#3246);
#947=VERTEX_POINT('',#3247);
#948=VERTEX_POINT('',#3249);
#949=VERTEX_POINT('',#3253);
#950=VERTEX_POINT('',#3255);
#951=VERTEX_POINT('',#3259);
#952=VERTEX_POINT('',#3260);
#953=VERTEX_POINT('',#3262);
#954=VERTEX_POINT('',#3266);
#955=VERTEX_POINT('',#3267);
#956=VERTEX_POINT('',#3269);
#957=VERTEX_POINT('',#3273);
#958=VERTEX_POINT('',#3274);
#959=VERTEX_POINT('',#3276);
#960=VERTEX_POINT('',#3283);
#961=VERTEX_POINT('',#3285);
#962=VERTEX_POINT('',#3289);
#963=VERTEX_POINT('',#3290);
#964=VERTEX_POINT('',#3292);
#965=VERTEX_POINT('',#3296);
#966=VERTEX_POINT('',#3297);
#967=VERTEX_POINT('',#3299);
#968=VERTEX_POINT('',#3351);
#969=VERTEX_POINT('',#3352);
#970=VERTEX_POINT('',#3358);
#971=VERTEX_POINT('',#3367);
#972=VERTEX_POINT('',#3381);
#973=VERTEX_POINT('',#3388);
#974=VERTEX_POINT('',#3393);
#975=VERTEX_POINT('',#3394);
#976=VERTEX_POINT('',#3396);
#977=VERTEX_POINT('',#3398);
#978=VERTEX_POINT('',#3402);
#979=VERTEX_POINT('',#3404);
#980=VERTEX_POINT('',#3408);
#981=VERTEX_POINT('',#3410);
#982=VERTEX_POINT('',#3417);
#983=VERTEX_POINT('',#3419);
#984=VERTEX_POINT('',#3423);
#985=VERTEX_POINT('',#3428);
#986=VERTEX_POINT('',#3429);
#987=VERTEX_POINT('',#3431);
#988=VERTEX_POINT('',#3433);
#989=VERTEX_POINT('',#3437);
#990=VERTEX_POINT('',#3439);
#991=VERTEX_POINT('',#3443);
#992=VERTEX_POINT('',#3445);
#993=VERTEX_POINT('',#3452);
#994=VERTEX_POINT('',#3454);
#995=VERTEX_POINT('',#3458);
#996=VERTEX_POINT('',#3463);
#997=VERTEX_POINT('',#3469);
#998=VERTEX_POINT('',#3475);
#999=VERTEX_POINT('',#3476);
#1000=VERTEX_POINT('',#3478);
#1001=VERTEX_POINT('',#3480);
#1002=VERTEX_POINT('',#3484);
#1003=VERTEX_POINT('',#3486);
#1004=VERTEX_POINT('',#3490);
#1005=VERTEX_POINT('',#3492);
#1006=VERTEX_POINT('',#3499);
#1007=VERTEX_POINT('',#3501);
#1008=VERTEX_POINT('',#3505);
#1009=VERTEX_POINT('',#3510);
#1010=VERTEX_POINT('',#3511);
#1011=VERTEX_POINT('',#3513);
#1012=VERTEX_POINT('',#3515);
#1013=VERTEX_POINT('',#3519);
#1014=VERTEX_POINT('',#3521);
#1015=VERTEX_POINT('',#3525);
#1016=VERTEX_POINT('',#3527);
#1017=VERTEX_POINT('',#3534);
#1018=VERTEX_POINT('',#3536);
#1019=VERTEX_POINT('',#3540);
#1020=VERTEX_POINT('',#3545);
#1021=VERTEX_POINT('',#3551);
#1022=VERTEX_POINT('',#3562);
#1023=EDGE_CURVE('',#865,#866,#791,.T.);
#1024=EDGE_CURVE('',#866,#867,#775,.T.);
#1025=EDGE_CURVE('',#867,#865,#776,.T.);
#1026=EDGE_CURVE('',#868,#869,#792,.T.);
#1027=EDGE_CURVE('',#869,#866,#107,.T.);
#1028=EDGE_CURVE('',#865,#870,#108,.T.);
#1029=EDGE_CURVE('',#870,#868,#99,.T.);
#1030=EDGE_CURVE('',#871,#865,#109,.T.);
#1031=EDGE_CURVE('',#872,#871,#110,.T.);
#1032=EDGE_CURVE('',#873,#872,#100,.T.);
#1033=EDGE_CURVE('',#874,#873,#111,.T.);
#1034=EDGE_CURVE('',#874,#875,#101,.F.);
#1035=EDGE_CURVE('',#876,#875,#112,.T.);
#1036=EDGE_CURVE('',#877,#876,#113,.T.);
#1037=EDGE_CURVE('',#878,#877,#114,.T.);
#1038=EDGE_CURVE('',#879,#878,#102,.T.);
#1039=EDGE_CURVE('',#880,#879,#115,.T.);
#1040=EDGE_CURVE('',#880,#870,#103,.F.);
#1041=EDGE_CURVE('',#881,#881,#793,.T.);
#1042=EDGE_CURVE('',#867,#882,#116,.T.);
#1043=EDGE_CURVE('',#871,#882,#777,.T.);
#1044=EDGE_CURVE('',#878,#883,#104,.F.);
#1045=EDGE_CURVE('',#877,#884,#794,.T.);
#1046=EDGE_CURVE('',#884,#885,#117,.T.);
#1047=EDGE_CURVE('',#883,#885,#795,.F.);
#1048=EDGE_CURVE('',#877,#886,#778,.T.);
#1049=EDGE_CURVE('',#886,#884,#779,.T.);
#1050=EDGE_CURVE('',#886,#887,#118,.T.);
#1051=EDGE_CURVE('',#888,#887,#780,.T.);
#1052=EDGE_CURVE('',#888,#884,#119,.T.);
#1053=EDGE_CURVE('',#889,#876,#781,.T.);
#1054=EDGE_CURVE('',#889,#886,#120,.T.);
#1055=EDGE_CURVE('',#872,#890,#105,.F.);
#1056=EDGE_CURVE('',#871,#891,#796,.T.);
#1057=EDGE_CURVE('',#891,#892,#121,.T.);
#1058=EDGE_CURVE('',#890,#892,#797,.F.);
#1059=EDGE_CURVE('',#882,#891,#782,.T.);
#1060=EDGE_CURVE('',#882,#893,#122,.T.);
#1061=EDGE_CURVE('',#894,#893,#783,.T.);
#1062=EDGE_CURVE('',#894,#891,#123,.T.);
#1063=EDGE_CURVE('',#876,#895,#798,.T.);
#1064=EDGE_CURVE('',#895,#889,#784,.T.);
#1065=EDGE_CURVE('',#896,#897,#799,.T.);
#1066=EDGE_CURVE('',#897,#895,#124,.T.);
#1067=EDGE_CURVE('',#875,#896,#106,.T.);
#1068=EDGE_CURVE('',#895,#898,#125,.T.);
#1069=EDGE_CURVE('',#899,#898,#785,.T.);
#1070=EDGE_CURVE('',#899,#889,#126,.T.);
#1071=EDGE_CURVE('',#900,#901,#800,.F.);
#1072=EDGE_CURVE('',#902,#900,#801,.F.);
#1073=EDGE_CURVE('',#901,#902,#802,.F.);
#1074=EDGE_CURVE('',#903,#904,#803,.F.);
#1075=EDGE_CURVE('',#905,#903,#804,.F.);
#1076=EDGE_CURVE('',#904,#905,#805,.F.);
#1077=EDGE_CURVE('',#906,#907,#806,.F.);
#1078=EDGE_CURVE('',#908,#906,#807,.F.);
#1079=EDGE_CURVE('',#907,#908,#808,.F.);
#1080=EDGE_CURVE('',#900,#908,#127,.T.);
#1081=EDGE_CURVE('',#906,#902,#128,.T.);
#1082=EDGE_CURVE('',#909,#910,#809,.F.);
#1083=EDGE_CURVE('',#911,#909,#810,.F.);
#1084=EDGE_CURVE('',#910,#911,#811,.F.);
#1085=EDGE_CURVE('',#909,#905,#129,.T.);
#1086=EDGE_CURVE('',#903,#911,#130,.T.);
#1087=EDGE_CURVE('',#907,#910,#131,.T.);
#1088=EDGE_CURVE('',#911,#906,#132,.T.);
#1089=EDGE_CURVE('',#912,#913,#812,.F.);
#1090=EDGE_CURVE('',#914,#912,#813,.F.);
#1091=EDGE_CURVE('',#913,#914,#814,.F.);
#1092=EDGE_CURVE('',#915,#914,#133,.T.);
#1093=EDGE_CURVE('',#912,#916,#134,.T.);
#1094=EDGE_CURVE('',#916,#915,#786,.T.);
#1095=EDGE_CURVE('',#917,#918,#815,.F.);
#1096=EDGE_CURVE('',#919,#917,#816,.F.);
#1097=EDGE_CURVE('',#918,#919,#817,.F.);
#1098=EDGE_CURVE('',#920,#919,#135,.T.);
#1099=EDGE_CURVE('',#917,#921,#136,.T.);
#1100=EDGE_CURVE('',#921,#920,#787,.T.);
#1101=EDGE_CURVE('',#910,#918,#137,.T.);
#1102=EDGE_CURVE('',#919,#909,#138,.T.);
#1103=EDGE_CURVE('',#922,#923,#818,.T.);
#1104=EDGE_CURVE('',#924,#922,#819,.F.);
#1105=EDGE_CURVE('',#925,#924,#820,.T.);
#1106=EDGE_CURVE('',#925,#923,#821,.T.);
#1107=EDGE_CURVE('',#926,#927,#822,.T.);
#1108=EDGE_CURVE('',#927,#924,#139,.T.);
#1109=EDGE_CURVE('',#922,#926,#140,.T.);
#1110=EDGE_CURVE('',#880,#927,#823,.T.);
#1111=EDGE_CURVE('',#926,#868,#824,.T.);
#1112=EDGE_CURVE('',#928,#929,#825,.T.);
#1113=EDGE_CURVE('',#930,#928,#826,.F.);
#1114=EDGE_CURVE('',#931,#930,#827,.T.);
#1115=EDGE_CURVE('',#931,#929,#828,.T.);
#1116=EDGE_CURVE('',#890,#932,#829,.T.);
#1117=EDGE_CURVE('',#932,#933,#830,.T.);
#1118=EDGE_CURVE('',#933,#873,#831,.T.);
#1119=EDGE_CURVE('',#928,#933,#141,.T.);
#1120=EDGE_CURVE('',#932,#930,#142,.T.);
#1121=EDGE_CURVE('',#918,#931,#143,.T.);
#1122=EDGE_CURVE('',#930,#917,#144,.T.);
#1123=EDGE_CURVE('',#934,#935,#832,.T.);
#1124=EDGE_CURVE('',#936,#934,#833,.F.);
#1125=EDGE_CURVE('',#937,#936,#834,.T.);
#1126=EDGE_CURVE('',#937,#935,#835,.T.);
#1127=EDGE_CURVE('',#883,#938,#836,.T.);
#1128=EDGE_CURVE('',#938,#939,#837,.T.);
#1129=EDGE_CURVE('',#939,#879,#838,.T.);
#1130=EDGE_CURVE('',#934,#939,#145,.T.);
#1131=EDGE_CURVE('',#938,#936,#146,.T.);
#1132=EDGE_CURVE('',#940,#941,#839,.T.);
#1133=EDGE_CURVE('',#942,#940,#840,.F.);
#1134=EDGE_CURVE('',#943,#942,#841,.T.);
#1135=EDGE_CURVE('',#943,#941,#842,.T.);
#1136=EDGE_CURVE('',#944,#945,#843,.T.);
#1137=EDGE_CURVE('',#945,#942,#147,.T.);
#1138=EDGE_CURVE('',#940,#944,#148,.T.);
#1139=EDGE_CURVE('',#874,#945,#844,.T.);
#1140=EDGE_CURVE('',#944,#896,#845,.T.);
#1141=EDGE_CURVE('',#929,#943,#149,.T.);
#1142=EDGE_CURVE('',#942,#928,#150,.T.);
#1143=EDGE_CURVE('',#946,#947,#846,.F.);
#1144=EDGE_CURVE('',#948,#946,#847,.F.);
#1145=EDGE_CURVE('',#947,#948,#848,.F.);
#1146=EDGE_CURVE('',#949,#948,#151,.T.);
#1147=EDGE_CURVE('',#946,#950,#152,.T.);
#1148=EDGE_CURVE('',#950,#949,#788,.T.);
#1149=EDGE_CURVE('',#951,#952,#849,.F.);
#1150=EDGE_CURVE('',#953,#951,#850,.F.);
#1151=EDGE_CURVE('',#952,#953,#851,.F.);
#1152=EDGE_CURVE('',#954,#955,#852,.F.);
#1153=EDGE_CURVE('',#956,#954,#853,.F.);
#1154=EDGE_CURVE('',#955,#956,#854,.F.);
#1155=EDGE_CURVE('',#957,#958,#855,.F.);
#1156=EDGE_CURVE('',#959,#957,#856,.F.);
#1157=EDGE_CURVE('',#958,#959,#857,.F.);
#1158=EDGE_CURVE('',#957,#953,#153,.T.);
#1159=EDGE_CURVE('',#951,#959,#154,.T.);
#1160=EDGE_CURVE('',#960,#956,#155,.T.);
#1161=EDGE_CURVE('',#954,#961,#156,.T.);
#1162=EDGE_CURVE('',#961,#960,#789,.T.);
#1163=EDGE_CURVE('',#962,#963,#858,.F.);
#1164=EDGE_CURVE('',#964,#962,#859,.F.);
#1165=EDGE_CURVE('',#963,#964,#860,.F.);
#1166=EDGE_CURVE('',#965,#966,#861,.F.);
#1167=EDGE_CURVE('',#967,#965,#862,.F.);
#1168=EDGE_CURVE('',#966,#967,#863,.F.);
#1169=EDGE_CURVE('',#962,#967,#157,.T.);
#1170=EDGE_CURVE('',#965,#964,#158,.T.);
#1171=EDGE_CURVE('',#898,#966,#159,.T.);
#1172=EDGE_CURVE('',#967,#899,#160,.T.);
#1173=EDGE_CURVE('',#961,#965,#161,.T.);
#1174=EDGE_CURVE('',#966,#960,#162,.T.);
#1175=EDGE_CURVE('',#955,#963,#163,.T.);
#1176=EDGE_CURVE('',#964,#954,#164,.T.);
#1177=EDGE_CURVE('',#963,#958,#165,.T.);
#1178=EDGE_CURVE('',#959,#962,#166,.T.);
#1179=EDGE_CURVE('',#958,#947,#167,.T.);
#1180=EDGE_CURVE('',#948,#957,#168,.T.);
#1181=EDGE_CURVE('',#941,#955,#169,.T.);
#1182=EDGE_CURVE('',#956,#940,#170,.T.);
#1183=EDGE_CURVE('',#950,#952,#171,.T.);
#1184=EDGE_CURVE('',#953,#949,#172,.T.);
#1185=EDGE_CURVE('',#887,#951,#173,.T.);
#1186=EDGE_CURVE('',#952,#888,#174,.T.);
#1187=EDGE_CURVE('',#947,#937,#175,.T.);
#1188=EDGE_CURVE('',#936,#946,#176,.T.);
#1189=EDGE_CURVE('',#935,#925,#177,.T.);
#1190=EDGE_CURVE('',#924,#934,#178,.T.);
#1191=EDGE_CURVE('',#923,#913,#179,.T.);
#1192=EDGE_CURVE('',#914,#922,#180,.T.);
#1193=EDGE_CURVE('',#913,#907,#181,.T.);
#1194=EDGE_CURVE('',#908,#912,#182,.T.);
#1195=EDGE_CURVE('',#921,#904,#183,.T.);
#1196=EDGE_CURVE('',#905,#920,#184,.T.);
#1197=EDGE_CURVE('',#916,#900,#185,.T.);
#1198=EDGE_CURVE('',#901,#915,#186,.T.);
#1199=EDGE_CURVE('',#893,#903,#187,.T.);
#1200=EDGE_CURVE('',#904,#894,#188,.T.);
#1201=EDGE_CURVE('',#968,#969,#790,.T.);
#1202=EDGE_CURVE('',#969,#901,#189,.T.);
#1203=EDGE_CURVE('',#902,#968,#190,.T.);
#1204=EDGE_CURVE('',#950,#970,#191,.T.);
#1205=EDGE_CURVE('',#970,#888,#192,.F.);
#1206=EDGE_CURVE('',#885,#970,#193,.F.);
#1207=EDGE_CURVE('',#939,#927,#194,.T.);
#1208=EDGE_CURVE('',#971,#915,#195,.T.);
#1209=EDGE_CURVE('',#869,#971,#196,.T.);
#1210=EDGE_CURVE('',#969,#971,#197,.F.);
#1211=EDGE_CURVE('',#866,#969,#198,.T.);
#1212=EDGE_CURVE('',#968,#867,#199,.T.);
#1213=EDGE_CURVE('',#921,#972,#200,.T.);
#1214=EDGE_CURVE('',#972,#894,#201,.F.);
#1215=EDGE_CURVE('',#933,#945,#202,.T.);
#1216=EDGE_CURVE('',#973,#973,#864,.T.);
#1217=EDGE_CURVE('',#973,#881,#203,.T.);
#1218=EDGE_CURVE('',#974,#975,#204,.T.);
#1219=EDGE_CURVE('',#975,#976,#205,.T.);
#1220=EDGE_CURVE('',#976,#977,#206,.T.);
#1221=EDGE_CURVE('',#974,#977,#207,.T.);
#1222=EDGE_CURVE('',#975,#978,#208,.T.);
#1223=EDGE_CURVE('',#978,#979,#209,.T.);
#1224=EDGE_CURVE('',#979,#976,#210,.T.);
#1225=EDGE_CURVE('',#978,#980,#211,.T.);
#1226=EDGE_CURVE('',#980,#981,#212,.T.);
#1227=EDGE_CURVE('',#981,#979,#213,.T.);
#1228=EDGE_CURVE('',#977,#981,#214,.T.);
#1229=EDGE_CURVE('',#980,#974,#215,.T.);
#1230=EDGE_CURVE('',#982,#977,#216,.T.);
#1231=EDGE_CURVE('',#983,#982,#217,.F.);
#1232=EDGE_CURVE('',#983,#981,#218,.T.);
#1233=EDGE_CURVE('',#984,#976,#219,.T.);
#1234=EDGE_CURVE('',#982,#984,#220,.F.);
#1235=EDGE_CURVE('',#985,#986,#221,.T.);
#1236=EDGE_CURVE('',#986,#987,#222,.T.);
#1237=EDGE_CURVE('',#987,#988,#223,.T.);
#1238=EDGE_CURVE('',#985,#988,#224,.T.);
#1239=EDGE_CURVE('',#986,#989,#225,.T.);
#1240=EDGE_CURVE('',#989,#990,#226,.T.);
#1241=EDGE_CURVE('',#990,#987,#227,.T.);
#1242=EDGE_CURVE('',#989,#991,#228,.T.);
#1243=EDGE_CURVE('',#991,#992,#229,.T.);
#1244=EDGE_CURVE('',#992,#990,#230,.T.);
#1245=EDGE_CURVE('',#988,#992,#231,.T.);
#1246=EDGE_CURVE('',#991,#985,#232,.T.);
#1247=EDGE_CURVE('',#993,#988,#233,.T.);
#1248=EDGE_CURVE('',#994,#993,#234,.F.);
#1249=EDGE_CURVE('',#994,#992,#235,.T.);
#1250=EDGE_CURVE('',#995,#987,#236,.T.);
#1251=EDGE_CURVE('',#993,#995,#237,.F.);
#1252=EDGE_CURVE('',#996,#983,#238,.F.);
#1253=EDGE_CURVE('',#996,#979,#239,.T.);
#1254=EDGE_CURVE('',#984,#996,#240,.F.);
#1255=EDGE_CURVE('',#997,#994,#241,.F.);
#1256=EDGE_CURVE('',#997,#990,#242,.T.);
#1257=EDGE_CURVE('',#995,#997,#243,.F.);
#1258=EDGE_CURVE('',#998,#999,#244,.T.);
#1259=EDGE_CURVE('',#999,#1000,#245,.T.);
#1260=EDGE_CURVE('',#1000,#1001,#246,.T.);
#1261=EDGE_CURVE('',#998,#1001,#247,.T.);
#1262=EDGE_CURVE('',#999,#1002,#248,.T.);
#1263=EDGE_CURVE('',#1002,#1003,#249,.T.);
#1264=EDGE_CURVE('',#1003,#1000,#250,.T.);
#1265=EDGE_CURVE('',#1002,#1004,#251,.T.);
#1266=EDGE_CURVE('',#1004,#1005,#252,.T.);
#1267=EDGE_CURVE('',#1005,#1003,#253,.T.);
#1268=EDGE_CURVE('',#1001,#1005,#254,.T.);
#1269=EDGE_CURVE('',#1004,#998,#255,.T.);
#1270=EDGE_CURVE('',#1006,#1001,#256,.T.);
#1271=EDGE_CURVE('',#1007,#1006,#257,.F.);
#1272=EDGE_CURVE('',#1007,#1005,#258,.T.);
#1273=EDGE_CURVE('',#1008,#1000,#259,.T.);
#1274=EDGE_CURVE('',#1006,#1008,#260,.F.);
#1275=EDGE_CURVE('',#1009,#1010,#261,.T.);
#1276=EDGE_CURVE('',#1010,#1011,#262,.T.);
#1277=EDGE_CURVE('',#1011,#1012,#263,.T.);
#1278=EDGE_CURVE('',#1009,#1012,#264,.T.);
#1279=EDGE_CURVE('',#1010,#1013,#265,.T.);
#1280=EDGE_CURVE('',#1013,#1014,#266,.T.);
#1281=EDGE_CURVE('',#1014,#1011,#267,.T.);
#1282=EDGE_CURVE('',#1013,#1015,#268,.T.);
#1283=EDGE_CURVE('',#1015,#1016,#269,.T.);
#1284=EDGE_CURVE('',#1016,#1014,#270,.T.);
#1285=EDGE_CURVE('',#1012,#1016,#271,.T.);
#1286=EDGE_CURVE('',#1015,#1009,#272,.T.);
#1287=EDGE_CURVE('',#1017,#1012,#273,.T.);
#1288=EDGE_CURVE('',#1018,#1017,#274,.F.);
#1289=EDGE_CURVE('',#1018,#1016,#275,.T.);
#1290=EDGE_CURVE('',#1019,#1011,#276,.T.);
#1291=EDGE_CURVE('',#1017,#1019,#277,.F.);
#1292=EDGE_CURVE('',#1020,#1003,#278,.T.);
#1293=EDGE_CURVE('',#1008,#1020,#279,.F.);
#1294=EDGE_CURVE('',#1020,#1007,#280,.F.);
#1295=EDGE_CURVE('',#1021,#1014,#281,.T.);
#1296=EDGE_CURVE('',#1019,#1021,#282,.F.);
#1297=EDGE_CURVE('',#1021,#1018,#283,.F.);
#1298=EDGE_CURVE('',#892,#972,#284,.F.);
#1299=EDGE_CURVE('',#897,#1022,#285,.T.);
#1300=EDGE_CURVE('',#898,#1022,#286,.F.);
#1301=EDGE_CURVE('',#1022,#960,#287,.T.);
#1302=ORIENTED_EDGE('',*,*,#1023,.T.);
#1303=ORIENTED_EDGE('',*,*,#1024,.T.);
#1304=ORIENTED_EDGE('',*,*,#1025,.T.);
#1305=ORIENTED_EDGE('',*,*,#1026,.T.);
#1306=ORIENTED_EDGE('',*,*,#1027,.T.);
#1307=ORIENTED_EDGE('',*,*,#1023,.F.);
#1308=ORIENTED_EDGE('',*,*,#1028,.T.);
#1309=ORIENTED_EDGE('',*,*,#1029,.T.);
#1310=ORIENTED_EDGE('',*,*,#1028,.F.);
#1311=ORIENTED_EDGE('',*,*,#1030,.F.);
#1312=ORIENTED_EDGE('',*,*,#1031,.F.);
#1313=ORIENTED_EDGE('',*,*,#1032,.F.);
#1314=ORIENTED_EDGE('',*,*,#1033,.F.);
#1315=ORIENTED_EDGE('',*,*,#1034,.T.);
#1316=ORIENTED_EDGE('',*,*,#1035,.F.);
#1317=ORIENTED_EDGE('',*,*,#1036,.F.);
#1318=ORIENTED_EDGE('',*,*,#1037,.F.);
#1319=ORIENTED_EDGE('',*,*,#1038,.F.);
#1320=ORIENTED_EDGE('',*,*,#1039,.F.);
#1321=ORIENTED_EDGE('',*,*,#1040,.T.);
#1322=ORIENTED_EDGE('',*,*,#1041,.T.);
#1323=ORIENTED_EDGE('',*,*,#1025,.F.);
#1324=ORIENTED_EDGE('',*,*,#1042,.T.);
#1325=ORIENTED_EDGE('',*,*,#1043,.F.);
#1326=ORIENTED_EDGE('',*,*,#1030,.T.);
#1327=ORIENTED_EDGE('',*,*,#1044,.F.);
#1328=ORIENTED_EDGE('',*,*,#1037,.T.);
#1329=ORIENTED_EDGE('',*,*,#1045,.T.);
#1330=ORIENTED_EDGE('',*,*,#1046,.T.);
#1331=ORIENTED_EDGE('',*,*,#1047,.F.);
#1332=ORIENTED_EDGE('',*,*,#1045,.F.);
#1333=ORIENTED_EDGE('',*,*,#1048,.T.);
#1334=ORIENTED_EDGE('',*,*,#1049,.T.);
#1335=ORIENTED_EDGE('',*,*,#1049,.F.);
#1336=ORIENTED_EDGE('',*,*,#1050,.T.);
#1337=ORIENTED_EDGE('',*,*,#1051,.F.);
#1338=ORIENTED_EDGE('',*,*,#1052,.T.);
#1339=ORIENTED_EDGE('',*,*,#1048,.F.);
#1340=ORIENTED_EDGE('',*,*,#1036,.T.);
#1341=ORIENTED_EDGE('',*,*,#1053,.F.);
#1342=ORIENTED_EDGE('',*,*,#1054,.T.);
#1343=ORIENTED_EDGE('',*,*,#1055,.F.);
#1344=ORIENTED_EDGE('',*,*,#1031,.T.);
#1345=ORIENTED_EDGE('',*,*,#1056,.T.);
#1346=ORIENTED_EDGE('',*,*,#1057,.T.);
#1347=ORIENTED_EDGE('',*,*,#1058,.F.);
#1348=ORIENTED_EDGE('',*,*,#1056,.F.);
#1349=ORIENTED_EDGE('',*,*,#1043,.T.);
#1350=ORIENTED_EDGE('',*,*,#1059,.T.);
#1351=ORIENTED_EDGE('',*,*,#1059,.F.);
#1352=ORIENTED_EDGE('',*,*,#1060,.T.);
#1353=ORIENTED_EDGE('',*,*,#1061,.F.);
#1354=ORIENTED_EDGE('',*,*,#1062,.T.);
#1355=ORIENTED_EDGE('',*,*,#1063,.T.);
#1356=ORIENTED_EDGE('',*,*,#1064,.T.);
#1357=ORIENTED_EDGE('',*,*,#1053,.T.);
#1358=ORIENTED_EDGE('',*,*,#1065,.T.);
#1359=ORIENTED_EDGE('',*,*,#1066,.T.);
#1360=ORIENTED_EDGE('',*,*,#1063,.F.);
#1361=ORIENTED_EDGE('',*,*,#1035,.T.);
#1362=ORIENTED_EDGE('',*,*,#1067,.T.);
#1363=ORIENTED_EDGE('',*,*,#1064,.F.);
#1364=ORIENTED_EDGE('',*,*,#1068,.T.);
#1365=ORIENTED_EDGE('',*,*,#1069,.F.);
#1366=ORIENTED_EDGE('',*,*,#1070,.T.);
#1367=ORIENTED_EDGE('',*,*,#1071,.F.);
#1368=ORIENTED_EDGE('',*,*,#1072,.F.);
#1369=ORIENTED_EDGE('',*,*,#1073,.F.);
#1370=ORIENTED_EDGE('',*,*,#1074,.F.);
#1371=ORIENTED_EDGE('',*,*,#1075,.F.);
#1372=ORIENTED_EDGE('',*,*,#1076,.F.);
#1373=ORIENTED_EDGE('',*,*,#1077,.F.);
#1374=ORIENTED_EDGE('',*,*,#1078,.F.);
#1375=ORIENTED_EDGE('',*,*,#1079,.F.);
#1376=ORIENTED_EDGE('',*,*,#1072,.T.);
#1377=ORIENTED_EDGE('',*,*,#1080,.T.);
#1378=ORIENTED_EDGE('',*,*,#1078,.T.);
#1379=ORIENTED_EDGE('',*,*,#1081,.T.);
#1380=ORIENTED_EDGE('',*,*,#1082,.F.);
#1381=ORIENTED_EDGE('',*,*,#1083,.F.);
#1382=ORIENTED_EDGE('',*,*,#1084,.F.);
#1383=ORIENTED_EDGE('',*,*,#1083,.T.);
#1384=ORIENTED_EDGE('',*,*,#1085,.T.);
#1385=ORIENTED_EDGE('',*,*,#1075,.T.);
#1386=ORIENTED_EDGE('',*,*,#1086,.T.);
#1387=ORIENTED_EDGE('',*,*,#1077,.T.);
#1388=ORIENTED_EDGE('',*,*,#1087,.T.);
#1389=ORIENTED_EDGE('',*,*,#1084,.T.);
#1390=ORIENTED_EDGE('',*,*,#1088,.T.);
#1391=ORIENTED_EDGE('',*,*,#1089,.F.);
#1392=ORIENTED_EDGE('',*,*,#1090,.F.);
#1393=ORIENTED_EDGE('',*,*,#1091,.F.);
#1394=ORIENTED_EDGE('',*,*,#1092,.T.);
#1395=ORIENTED_EDGE('',*,*,#1090,.T.);
#1396=ORIENTED_EDGE('',*,*,#1093,.T.);
#1397=ORIENTED_EDGE('',*,*,#1094,.T.);
#1398=ORIENTED_EDGE('',*,*,#1095,.F.);
#1399=ORIENTED_EDGE('',*,*,#1096,.F.);
#1400=ORIENTED_EDGE('',*,*,#1097,.F.);
#1401=ORIENTED_EDGE('',*,*,#1098,.T.);
#1402=ORIENTED_EDGE('',*,*,#1096,.T.);
#1403=ORIENTED_EDGE('',*,*,#1099,.T.);
#1404=ORIENTED_EDGE('',*,*,#1100,.T.);
#1405=ORIENTED_EDGE('',*,*,#1082,.T.);
#1406=ORIENTED_EDGE('',*,*,#1101,.T.);
#1407=ORIENTED_EDGE('',*,*,#1097,.T.);
#1408=ORIENTED_EDGE('',*,*,#1102,.T.);
#1409=ORIENTED_EDGE('',*,*,#1103,.F.);
#1410=ORIENTED_EDGE('',*,*,#1104,.F.);
#1411=ORIENTED_EDGE('',*,*,#1105,.F.);
#1412=ORIENTED_EDGE('',*,*,#1106,.T.);
#1413=ORIENTED_EDGE('',*,*,#1107,.T.);
#1414=ORIENTED_EDGE('',*,*,#1108,.T.);
#1415=ORIENTED_EDGE('',*,*,#1104,.T.);
#1416=ORIENTED_EDGE('',*,*,#1109,.T.);
#1417=ORIENTED_EDGE('',*,*,#1040,.F.);
#1418=ORIENTED_EDGE('',*,*,#1110,.T.);
#1419=ORIENTED_EDGE('',*,*,#1107,.F.);
#1420=ORIENTED_EDGE('',*,*,#1111,.T.);
#1421=ORIENTED_EDGE('',*,*,#1029,.F.);
#1422=ORIENTED_EDGE('',*,*,#1112,.F.);
#1423=ORIENTED_EDGE('',*,*,#1113,.F.);
#1424=ORIENTED_EDGE('',*,*,#1114,.F.);
#1425=ORIENTED_EDGE('',*,*,#1115,.T.);
#1426=ORIENTED_EDGE('',*,*,#1116,.T.);
#1427=ORIENTED_EDGE('',*,*,#1117,.T.);
#1428=ORIENTED_EDGE('',*,*,#1118,.T.);
#1429=ORIENTED_EDGE('',*,*,#1032,.T.);
#1430=ORIENTED_EDGE('',*,*,#1055,.T.);
#1431=ORIENTED_EDGE('',*,*,#1113,.T.);
#1432=ORIENTED_EDGE('',*,*,#1119,.T.);
#1433=ORIENTED_EDGE('',*,*,#1117,.F.);
#1434=ORIENTED_EDGE('',*,*,#1120,.T.);
#1435=ORIENTED_EDGE('',*,*,#1095,.T.);
#1436=ORIENTED_EDGE('',*,*,#1121,.T.);
#1437=ORIENTED_EDGE('',*,*,#1114,.T.);
#1438=ORIENTED_EDGE('',*,*,#1122,.T.);
#1439=ORIENTED_EDGE('',*,*,#1123,.F.);
#1440=ORIENTED_EDGE('',*,*,#1124,.F.);
#1441=ORIENTED_EDGE('',*,*,#1125,.F.);
#1442=ORIENTED_EDGE('',*,*,#1126,.T.);
#1443=ORIENTED_EDGE('',*,*,#1127,.T.);
#1444=ORIENTED_EDGE('',*,*,#1128,.T.);
#1445=ORIENTED_EDGE('',*,*,#1129,.T.);
#1446=ORIENTED_EDGE('',*,*,#1038,.T.);
#1447=ORIENTED_EDGE('',*,*,#1044,.T.);
#1448=ORIENTED_EDGE('',*,*,#1124,.T.);
#1449=ORIENTED_EDGE('',*,*,#1130,.T.);
#1450=ORIENTED_EDGE('',*,*,#1128,.F.);
#1451=ORIENTED_EDGE('',*,*,#1131,.T.);
#1452=ORIENTED_EDGE('',*,*,#1132,.F.);
#1453=ORIENTED_EDGE('',*,*,#1133,.F.);
#1454=ORIENTED_EDGE('',*,*,#1134,.F.);
#1455=ORIENTED_EDGE('',*,*,#1135,.T.);
#1456=ORIENTED_EDGE('',*,*,#1136,.T.);
#1457=ORIENTED_EDGE('',*,*,#1137,.T.);
#1458=ORIENTED_EDGE('',*,*,#1133,.T.);
#1459=ORIENTED_EDGE('',*,*,#1138,.T.);
#1460=ORIENTED_EDGE('',*,*,#1034,.F.);
#1461=ORIENTED_EDGE('',*,*,#1139,.T.);
#1462=ORIENTED_EDGE('',*,*,#1136,.F.);
#1463=ORIENTED_EDGE('',*,*,#1140,.T.);
#1464=ORIENTED_EDGE('',*,*,#1067,.F.);
#1465=ORIENTED_EDGE('',*,*,#1112,.T.);
#1466=ORIENTED_EDGE('',*,*,#1141,.T.);
#1467=ORIENTED_EDGE('',*,*,#1134,.T.);
#1468=ORIENTED_EDGE('',*,*,#1142,.T.);
#1469=ORIENTED_EDGE('',*,*,#1143,.F.);
#1470=ORIENTED_EDGE('',*,*,#1144,.F.);
#1471=ORIENTED_EDGE('',*,*,#1145,.F.);
#1472=ORIENTED_EDGE('',*,*,#1146,.T.);
#1473=ORIENTED_EDGE('',*,*,#1144,.T.);
#1474=ORIENTED_EDGE('',*,*,#1147,.T.);
#1475=ORIENTED_EDGE('',*,*,#1148,.T.);
#1476=ORIENTED_EDGE('',*,*,#1149,.F.);
#1477=ORIENTED_EDGE('',*,*,#1150,.F.);
#1478=ORIENTED_EDGE('',*,*,#1151,.F.);
#1479=ORIENTED_EDGE('',*,*,#1152,.F.);
#1480=ORIENTED_EDGE('',*,*,#1153,.F.);
#1481=ORIENTED_EDGE('',*,*,#1154,.F.);
#1482=ORIENTED_EDGE('',*,*,#1155,.F.);
#1483=ORIENTED_EDGE('',*,*,#1156,.F.);
#1484=ORIENTED_EDGE('',*,*,#1157,.F.);
#1485=ORIENTED_EDGE('',*,*,#1156,.T.);
#1486=ORIENTED_EDGE('',*,*,#1158,.T.);
#1487=ORIENTED_EDGE('',*,*,#1150,.T.);
#1488=ORIENTED_EDGE('',*,*,#1159,.T.);
#1489=ORIENTED_EDGE('',*,*,#1160,.T.);
#1490=ORIENTED_EDGE('',*,*,#1153,.T.);
#1491=ORIENTED_EDGE('',*,*,#1161,.T.);
#1492=ORIENTED_EDGE('',*,*,#1162,.T.);
#1493=ORIENTED_EDGE('',*,*,#1163,.F.);
#1494=ORIENTED_EDGE('',*,*,#1164,.F.);
#1495=ORIENTED_EDGE('',*,*,#1165,.F.);
#1496=ORIENTED_EDGE('',*,*,#1166,.F.);
#1497=ORIENTED_EDGE('',*,*,#1167,.F.);
#1498=ORIENTED_EDGE('',*,*,#1168,.F.);
#1499=ORIENTED_EDGE('',*,*,#1164,.T.);
#1500=ORIENTED_EDGE('',*,*,#1169,.T.);
#1501=ORIENTED_EDGE('',*,*,#1167,.T.);
#1502=ORIENTED_EDGE('',*,*,#1170,.T.);
#1503=ORIENTED_EDGE('',*,*,#1069,.T.);
#1504=ORIENTED_EDGE('',*,*,#1171,.T.);
#1505=ORIENTED_EDGE('',*,*,#1168,.T.);
#1506=ORIENTED_EDGE('',*,*,#1172,.T.);
#1507=ORIENTED_EDGE('',*,*,#1173,.T.);
#1508=ORIENTED_EDGE('',*,*,#1166,.T.);
#1509=ORIENTED_EDGE('',*,*,#1174,.T.);
#1510=ORIENTED_EDGE('',*,*,#1162,.F.);
#1511=ORIENTED_EDGE('',*,*,#1152,.T.);
#1512=ORIENTED_EDGE('',*,*,#1175,.T.);
#1513=ORIENTED_EDGE('',*,*,#1165,.T.);
#1514=ORIENTED_EDGE('',*,*,#1176,.T.);
#1515=ORIENTED_EDGE('',*,*,#1163,.T.);
#1516=ORIENTED_EDGE('',*,*,#1177,.T.);
#1517=ORIENTED_EDGE('',*,*,#1157,.T.);
#1518=ORIENTED_EDGE('',*,*,#1178,.T.);
#1519=ORIENTED_EDGE('',*,*,#1155,.T.);
#1520=ORIENTED_EDGE('',*,*,#1179,.T.);
#1521=ORIENTED_EDGE('',*,*,#1145,.T.);
#1522=ORIENTED_EDGE('',*,*,#1180,.T.);
#1523=ORIENTED_EDGE('',*,*,#1132,.T.);
#1524=ORIENTED_EDGE('',*,*,#1181,.T.);
#1525=ORIENTED_EDGE('',*,*,#1154,.T.);
#1526=ORIENTED_EDGE('',*,*,#1182,.T.);
#1527=ORIENTED_EDGE('',*,*,#1183,.T.);
#1528=ORIENTED_EDGE('',*,*,#1151,.T.);
#1529=ORIENTED_EDGE('',*,*,#1184,.T.);
#1530=ORIENTED_EDGE('',*,*,#1148,.F.);
#1531=ORIENTED_EDGE('',*,*,#1051,.T.);
#1532=ORIENTED_EDGE('',*,*,#1185,.T.);
#1533=ORIENTED_EDGE('',*,*,#1149,.T.);
#1534=ORIENTED_EDGE('',*,*,#1186,.T.);
#1535=ORIENTED_EDGE('',*,*,#1143,.T.);
#1536=ORIENTED_EDGE('',*,*,#1187,.T.);
#1537=ORIENTED_EDGE('',*,*,#1125,.T.);
#1538=ORIENTED_EDGE('',*,*,#1188,.T.);
#1539=ORIENTED_EDGE('',*,*,#1123,.T.);
#1540=ORIENTED_EDGE('',*,*,#1189,.T.);
#1541=ORIENTED_EDGE('',*,*,#1105,.T.);
#1542=ORIENTED_EDGE('',*,*,#1190,.T.);
#1543=ORIENTED_EDGE('',*,*,#1103,.T.);
#1544=ORIENTED_EDGE('',*,*,#1191,.T.);
#1545=ORIENTED_EDGE('',*,*,#1091,.T.);
#1546=ORIENTED_EDGE('',*,*,#1192,.T.);
#1547=ORIENTED_EDGE('',*,*,#1089,.T.);
#1548=ORIENTED_EDGE('',*,*,#1193,.T.);
#1549=ORIENTED_EDGE('',*,*,#1079,.T.);
#1550=ORIENTED_EDGE('',*,*,#1194,.T.);
#1551=ORIENTED_EDGE('',*,*,#1195,.T.);
#1552=ORIENTED_EDGE('',*,*,#1076,.T.);
#1553=ORIENTED_EDGE('',*,*,#1196,.T.);
#1554=ORIENTED_EDGE('',*,*,#1100,.F.);
#1555=ORIENTED_EDGE('',*,*,#1197,.T.);
#1556=ORIENTED_EDGE('',*,*,#1071,.T.);
#1557=ORIENTED_EDGE('',*,*,#1198,.T.);
#1558=ORIENTED_EDGE('',*,*,#1094,.F.);
#1559=ORIENTED_EDGE('',*,*,#1061,.T.);
#1560=ORIENTED_EDGE('',*,*,#1199,.T.);
#1561=ORIENTED_EDGE('',*,*,#1074,.T.);
#1562=ORIENTED_EDGE('',*,*,#1200,.T.);
#1563=ORIENTED_EDGE('',*,*,#1201,.T.);
#1564=ORIENTED_EDGE('',*,*,#1202,.T.);
#1565=ORIENTED_EDGE('',*,*,#1073,.T.);
#1566=ORIENTED_EDGE('',*,*,#1203,.T.);
#1567=ORIENTED_EDGE('',*,*,#1172,.F.);
#1568=ORIENTED_EDGE('',*,*,#1169,.F.);
#1569=ORIENTED_EDGE('',*,*,#1178,.F.);
#1570=ORIENTED_EDGE('',*,*,#1159,.F.);
#1571=ORIENTED_EDGE('',*,*,#1185,.F.);
#1572=ORIENTED_EDGE('',*,*,#1050,.F.);
#1573=ORIENTED_EDGE('',*,*,#1054,.F.);
#1574=ORIENTED_EDGE('',*,*,#1070,.F.);
#1575=ORIENTED_EDGE('',*,*,#1186,.F.);
#1576=ORIENTED_EDGE('',*,*,#1183,.F.);
#1577=ORIENTED_EDGE('',*,*,#1204,.T.);
#1578=ORIENTED_EDGE('',*,*,#1205,.T.);
#1579=ORIENTED_EDGE('',*,*,#1147,.F.);
#1580=ORIENTED_EDGE('',*,*,#1188,.F.);
#1581=ORIENTED_EDGE('',*,*,#1131,.F.);
#1582=ORIENTED_EDGE('',*,*,#1127,.F.);
#1583=ORIENTED_EDGE('',*,*,#1047,.T.);
#1584=ORIENTED_EDGE('',*,*,#1206,.T.);
#1585=ORIENTED_EDGE('',*,*,#1204,.F.);
#1586=ORIENTED_EDGE('',*,*,#1130,.F.);
#1587=ORIENTED_EDGE('',*,*,#1190,.F.);
#1588=ORIENTED_EDGE('',*,*,#1108,.F.);
#1589=ORIENTED_EDGE('',*,*,#1207,.F.);
#1590=ORIENTED_EDGE('',*,*,#1129,.F.);
#1591=ORIENTED_EDGE('',*,*,#1207,.T.);
#1592=ORIENTED_EDGE('',*,*,#1110,.F.);
#1593=ORIENTED_EDGE('',*,*,#1039,.T.);
#1594=ORIENTED_EDGE('',*,*,#1111,.F.);
#1595=ORIENTED_EDGE('',*,*,#1109,.F.);
#1596=ORIENTED_EDGE('',*,*,#1192,.F.);
#1597=ORIENTED_EDGE('',*,*,#1092,.F.);
#1598=ORIENTED_EDGE('',*,*,#1208,.F.);
#1599=ORIENTED_EDGE('',*,*,#1209,.F.);
#1600=ORIENTED_EDGE('',*,*,#1026,.F.);
#1601=ORIENTED_EDGE('',*,*,#1198,.F.);
#1602=ORIENTED_EDGE('',*,*,#1202,.F.);
#1603=ORIENTED_EDGE('',*,*,#1210,.T.);
#1604=ORIENTED_EDGE('',*,*,#1208,.T.);
#1605=ORIENTED_EDGE('',*,*,#1024,.F.);
#1606=ORIENTED_EDGE('',*,*,#1211,.T.);
#1607=ORIENTED_EDGE('',*,*,#1201,.F.);
#1608=ORIENTED_EDGE('',*,*,#1212,.T.);
#1609=ORIENTED_EDGE('',*,*,#1093,.F.);
#1610=ORIENTED_EDGE('',*,*,#1194,.F.);
#1611=ORIENTED_EDGE('',*,*,#1080,.F.);
#1612=ORIENTED_EDGE('',*,*,#1197,.F.);
#1613=ORIENTED_EDGE('',*,*,#1098,.F.);
#1614=ORIENTED_EDGE('',*,*,#1196,.F.);
#1615=ORIENTED_EDGE('',*,*,#1085,.F.);
#1616=ORIENTED_EDGE('',*,*,#1102,.F.);
#1617=ORIENTED_EDGE('',*,*,#1158,.F.);
#1618=ORIENTED_EDGE('',*,*,#1180,.F.);
#1619=ORIENTED_EDGE('',*,*,#1146,.F.);
#1620=ORIENTED_EDGE('',*,*,#1184,.F.);
#1621=ORIENTED_EDGE('',*,*,#1170,.F.);
#1622=ORIENTED_EDGE('',*,*,#1173,.F.);
#1623=ORIENTED_EDGE('',*,*,#1161,.F.);
#1624=ORIENTED_EDGE('',*,*,#1176,.F.);
#1625=ORIENTED_EDGE('',*,*,#1175,.F.);
#1626=ORIENTED_EDGE('',*,*,#1181,.F.);
#1627=ORIENTED_EDGE('',*,*,#1135,.F.);
#1628=ORIENTED_EDGE('',*,*,#1141,.F.);
#1629=ORIENTED_EDGE('',*,*,#1115,.F.);
#1630=ORIENTED_EDGE('',*,*,#1121,.F.);
#1631=ORIENTED_EDGE('',*,*,#1101,.F.);
#1632=ORIENTED_EDGE('',*,*,#1087,.F.);
#1633=ORIENTED_EDGE('',*,*,#1193,.F.);
#1634=ORIENTED_EDGE('',*,*,#1191,.F.);
#1635=ORIENTED_EDGE('',*,*,#1106,.F.);
#1636=ORIENTED_EDGE('',*,*,#1189,.F.);
#1637=ORIENTED_EDGE('',*,*,#1126,.F.);
#1638=ORIENTED_EDGE('',*,*,#1187,.F.);
#1639=ORIENTED_EDGE('',*,*,#1179,.F.);
#1640=ORIENTED_EDGE('',*,*,#1177,.F.);
#1641=ORIENTED_EDGE('',*,*,#1195,.F.);
#1642=ORIENTED_EDGE('',*,*,#1213,.T.);
#1643=ORIENTED_EDGE('',*,*,#1214,.T.);
#1644=ORIENTED_EDGE('',*,*,#1200,.F.);
#1645=ORIENTED_EDGE('',*,*,#1199,.F.);
#1646=ORIENTED_EDGE('',*,*,#1060,.F.);
#1647=ORIENTED_EDGE('',*,*,#1042,.F.);
#1648=ORIENTED_EDGE('',*,*,#1212,.F.);
#1649=ORIENTED_EDGE('',*,*,#1203,.F.);
#1650=ORIENTED_EDGE('',*,*,#1081,.F.);
#1651=ORIENTED_EDGE('',*,*,#1088,.F.);
#1652=ORIENTED_EDGE('',*,*,#1086,.F.);
#1653=ORIENTED_EDGE('',*,*,#1139,.F.);
#1654=ORIENTED_EDGE('',*,*,#1033,.T.);
#1655=ORIENTED_EDGE('',*,*,#1118,.F.);
#1656=ORIENTED_EDGE('',*,*,#1215,.T.);
#1657=ORIENTED_EDGE('',*,*,#1216,.F.);
#1658=ORIENTED_EDGE('',*,*,#1217,.T.);
#1659=ORIENTED_EDGE('',*,*,#1041,.F.);
#1660=ORIENTED_EDGE('',*,*,#1217,.F.);
#1661=ORIENTED_EDGE('',*,*,#1216,.T.);
#1662=ORIENTED_EDGE('',*,*,#1218,.T.);
#1663=ORIENTED_EDGE('',*,*,#1219,.T.);
#1664=ORIENTED_EDGE('',*,*,#1220,.T.);
#1665=ORIENTED_EDGE('',*,*,#1221,.F.);
#1666=ORIENTED_EDGE('',*,*,#1222,.T.);
#1667=ORIENTED_EDGE('',*,*,#1223,.T.);
#1668=ORIENTED_EDGE('',*,*,#1224,.T.);
#1669=ORIENTED_EDGE('',*,*,#1219,.F.);
#1670=ORIENTED_EDGE('',*,*,#1225,.T.);
#1671=ORIENTED_EDGE('',*,*,#1226,.T.);
#1672=ORIENTED_EDGE('',*,*,#1227,.T.);
#1673=ORIENTED_EDGE('',*,*,#1223,.F.);
#1674=ORIENTED_EDGE('',*,*,#1228,.T.);
#1675=ORIENTED_EDGE('',*,*,#1226,.F.);
#1676=ORIENTED_EDGE('',*,*,#1229,.T.);
#1677=ORIENTED_EDGE('',*,*,#1221,.T.);
#1678=ORIENTED_EDGE('',*,*,#1228,.F.);
#1679=ORIENTED_EDGE('',*,*,#1230,.F.);
#1680=ORIENTED_EDGE('',*,*,#1231,.F.);
#1681=ORIENTED_EDGE('',*,*,#1232,.T.);
#1682=ORIENTED_EDGE('',*,*,#1220,.F.);
#1683=ORIENTED_EDGE('',*,*,#1233,.F.);
#1684=ORIENTED_EDGE('',*,*,#1234,.F.);
#1685=ORIENTED_EDGE('',*,*,#1230,.T.);
#1686=ORIENTED_EDGE('',*,*,#1218,.F.);
#1687=ORIENTED_EDGE('',*,*,#1229,.F.);
#1688=ORIENTED_EDGE('',*,*,#1225,.F.);
#1689=ORIENTED_EDGE('',*,*,#1222,.F.);
#1690=ORIENTED_EDGE('',*,*,#1235,.T.);
#1691=ORIENTED_EDGE('',*,*,#1236,.T.);
#1692=ORIENTED_EDGE('',*,*,#1237,.T.);
#1693=ORIENTED_EDGE('',*,*,#1238,.F.);
#1694=ORIENTED_EDGE('',*,*,#1239,.T.);
#1695=ORIENTED_EDGE('',*,*,#1240,.T.);
#1696=ORIENTED_EDGE('',*,*,#1241,.T.);
#1697=ORIENTED_EDGE('',*,*,#1236,.F.);
#1698=ORIENTED_EDGE('',*,*,#1242,.T.);
#1699=ORIENTED_EDGE('',*,*,#1243,.T.);
#1700=ORIENTED_EDGE('',*,*,#1244,.T.);
#1701=ORIENTED_EDGE('',*,*,#1240,.F.);
#1702=ORIENTED_EDGE('',*,*,#1245,.T.);
#1703=ORIENTED_EDGE('',*,*,#1243,.F.);
#1704=ORIENTED_EDGE('',*,*,#1246,.T.);
#1705=ORIENTED_EDGE('',*,*,#1238,.T.);
#1706=ORIENTED_EDGE('',*,*,#1245,.F.);
#1707=ORIENTED_EDGE('',*,*,#1247,.F.);
#1708=ORIENTED_EDGE('',*,*,#1248,.F.);
#1709=ORIENTED_EDGE('',*,*,#1249,.T.);
#1710=ORIENTED_EDGE('',*,*,#1237,.F.);
#1711=ORIENTED_EDGE('',*,*,#1250,.F.);
#1712=ORIENTED_EDGE('',*,*,#1251,.F.);
#1713=ORIENTED_EDGE('',*,*,#1247,.T.);
#1714=ORIENTED_EDGE('',*,*,#1235,.F.);
#1715=ORIENTED_EDGE('',*,*,#1246,.F.);
#1716=ORIENTED_EDGE('',*,*,#1242,.F.);
#1717=ORIENTED_EDGE('',*,*,#1239,.F.);
#1718=ORIENTED_EDGE('',*,*,#1227,.F.);
#1719=ORIENTED_EDGE('',*,*,#1232,.F.);
#1720=ORIENTED_EDGE('',*,*,#1252,.F.);
#1721=ORIENTED_EDGE('',*,*,#1253,.T.);
#1722=ORIENTED_EDGE('',*,*,#1224,.F.);
#1723=ORIENTED_EDGE('',*,*,#1253,.F.);
#1724=ORIENTED_EDGE('',*,*,#1254,.F.);
#1725=ORIENTED_EDGE('',*,*,#1233,.T.);
#1726=ORIENTED_EDGE('',*,*,#1244,.F.);
#1727=ORIENTED_EDGE('',*,*,#1249,.F.);
#1728=ORIENTED_EDGE('',*,*,#1255,.F.);
#1729=ORIENTED_EDGE('',*,*,#1256,.T.);
#1730=ORIENTED_EDGE('',*,*,#1241,.F.);
#1731=ORIENTED_EDGE('',*,*,#1256,.F.);
#1732=ORIENTED_EDGE('',*,*,#1257,.F.);
#1733=ORIENTED_EDGE('',*,*,#1250,.T.);
#1734=ORIENTED_EDGE('',*,*,#1258,.T.);
#1735=ORIENTED_EDGE('',*,*,#1259,.T.);
#1736=ORIENTED_EDGE('',*,*,#1260,.T.);
#1737=ORIENTED_EDGE('',*,*,#1261,.F.);
#1738=ORIENTED_EDGE('',*,*,#1262,.T.);
#1739=ORIENTED_EDGE('',*,*,#1263,.T.);
#1740=ORIENTED_EDGE('',*,*,#1264,.T.);
#1741=ORIENTED_EDGE('',*,*,#1259,.F.);
#1742=ORIENTED_EDGE('',*,*,#1265,.T.);
#1743=ORIENTED_EDGE('',*,*,#1266,.T.);
#1744=ORIENTED_EDGE('',*,*,#1267,.T.);
#1745=ORIENTED_EDGE('',*,*,#1263,.F.);
#1746=ORIENTED_EDGE('',*,*,#1268,.T.);
#1747=ORIENTED_EDGE('',*,*,#1266,.F.);
#1748=ORIENTED_EDGE('',*,*,#1269,.T.);
#1749=ORIENTED_EDGE('',*,*,#1261,.T.);
#1750=ORIENTED_EDGE('',*,*,#1268,.F.);
#1751=ORIENTED_EDGE('',*,*,#1270,.F.);
#1752=ORIENTED_EDGE('',*,*,#1271,.F.);
#1753=ORIENTED_EDGE('',*,*,#1272,.T.);
#1754=ORIENTED_EDGE('',*,*,#1260,.F.);
#1755=ORIENTED_EDGE('',*,*,#1273,.F.);
#1756=ORIENTED_EDGE('',*,*,#1274,.F.);
#1757=ORIENTED_EDGE('',*,*,#1270,.T.);
#1758=ORIENTED_EDGE('',*,*,#1258,.F.);
#1759=ORIENTED_EDGE('',*,*,#1269,.F.);
#1760=ORIENTED_EDGE('',*,*,#1265,.F.);
#1761=ORIENTED_EDGE('',*,*,#1262,.F.);
#1762=ORIENTED_EDGE('',*,*,#1275,.T.);
#1763=ORIENTED_EDGE('',*,*,#1276,.T.);
#1764=ORIENTED_EDGE('',*,*,#1277,.T.);
#1765=ORIENTED_EDGE('',*,*,#1278,.F.);
#1766=ORIENTED_EDGE('',*,*,#1279,.T.);
#1767=ORIENTED_EDGE('',*,*,#1280,.T.);
#1768=ORIENTED_EDGE('',*,*,#1281,.T.);
#1769=ORIENTED_EDGE('',*,*,#1276,.F.);
#1770=ORIENTED_EDGE('',*,*,#1282,.T.);
#1771=ORIENTED_EDGE('',*,*,#1283,.T.);
#1772=ORIENTED_EDGE('',*,*,#1284,.T.);
#1773=ORIENTED_EDGE('',*,*,#1280,.F.);
#1774=ORIENTED_EDGE('',*,*,#1285,.T.);
#1775=ORIENTED_EDGE('',*,*,#1283,.F.);
#1776=ORIENTED_EDGE('',*,*,#1286,.T.);
#1777=ORIENTED_EDGE('',*,*,#1278,.T.);
#1778=ORIENTED_EDGE('',*,*,#1285,.F.);
#1779=ORIENTED_EDGE('',*,*,#1287,.F.);
#1780=ORIENTED_EDGE('',*,*,#1288,.F.);
#1781=ORIENTED_EDGE('',*,*,#1289,.T.);
#1782=ORIENTED_EDGE('',*,*,#1277,.F.);
#1783=ORIENTED_EDGE('',*,*,#1290,.F.);
#1784=ORIENTED_EDGE('',*,*,#1291,.F.);
#1785=ORIENTED_EDGE('',*,*,#1287,.T.);
#1786=ORIENTED_EDGE('',*,*,#1275,.F.);
#1787=ORIENTED_EDGE('',*,*,#1286,.F.);
#1788=ORIENTED_EDGE('',*,*,#1282,.F.);
#1789=ORIENTED_EDGE('',*,*,#1279,.F.);
#1790=ORIENTED_EDGE('',*,*,#1264,.F.);
#1791=ORIENTED_EDGE('',*,*,#1292,.F.);
#1792=ORIENTED_EDGE('',*,*,#1293,.F.);
#1793=ORIENTED_EDGE('',*,*,#1273,.T.);
#1794=ORIENTED_EDGE('',*,*,#1267,.F.);
#1795=ORIENTED_EDGE('',*,*,#1272,.F.);
#1796=ORIENTED_EDGE('',*,*,#1294,.F.);
#1797=ORIENTED_EDGE('',*,*,#1292,.T.);
#1798=ORIENTED_EDGE('',*,*,#1281,.F.);
#1799=ORIENTED_EDGE('',*,*,#1295,.F.);
#1800=ORIENTED_EDGE('',*,*,#1296,.F.);
#1801=ORIENTED_EDGE('',*,*,#1290,.T.);
#1802=ORIENTED_EDGE('',*,*,#1284,.F.);
#1803=ORIENTED_EDGE('',*,*,#1289,.F.);
#1804=ORIENTED_EDGE('',*,*,#1297,.F.);
#1805=ORIENTED_EDGE('',*,*,#1295,.T.);
#1806=ORIENTED_EDGE('',*,*,#1137,.F.);
#1807=ORIENTED_EDGE('',*,*,#1215,.F.);
#1808=ORIENTED_EDGE('',*,*,#1119,.F.);
#1809=ORIENTED_EDGE('',*,*,#1142,.F.);
#1810=ORIENTED_EDGE('',*,*,#1057,.F.);
#1811=ORIENTED_EDGE('',*,*,#1062,.F.);
#1812=ORIENTED_EDGE('',*,*,#1214,.F.);
#1813=ORIENTED_EDGE('',*,*,#1298,.F.);
#1814=ORIENTED_EDGE('',*,*,#1293,.T.);
#1815=ORIENTED_EDGE('',*,*,#1294,.T.);
#1816=ORIENTED_EDGE('',*,*,#1271,.T.);
#1817=ORIENTED_EDGE('',*,*,#1274,.T.);
#1818=ORIENTED_EDGE('',*,*,#1116,.F.);
#1819=ORIENTED_EDGE('',*,*,#1058,.T.);
#1820=ORIENTED_EDGE('',*,*,#1298,.T.);
#1821=ORIENTED_EDGE('',*,*,#1213,.F.);
#1822=ORIENTED_EDGE('',*,*,#1099,.F.);
#1823=ORIENTED_EDGE('',*,*,#1122,.F.);
#1824=ORIENTED_EDGE('',*,*,#1120,.F.);
#1825=ORIENTED_EDGE('',*,*,#1046,.F.);
#1826=ORIENTED_EDGE('',*,*,#1052,.F.);
#1827=ORIENTED_EDGE('',*,*,#1205,.F.);
#1828=ORIENTED_EDGE('',*,*,#1206,.F.);
#1829=ORIENTED_EDGE('',*,*,#1252,.T.);
#1830=ORIENTED_EDGE('',*,*,#1231,.T.);
#1831=ORIENTED_EDGE('',*,*,#1234,.T.);
#1832=ORIENTED_EDGE('',*,*,#1254,.T.);
#1833=ORIENTED_EDGE('',*,*,#1066,.F.);
#1834=ORIENTED_EDGE('',*,*,#1299,.T.);
#1835=ORIENTED_EDGE('',*,*,#1300,.F.);
#1836=ORIENTED_EDGE('',*,*,#1068,.F.);
#1837=ORIENTED_EDGE('',*,*,#1291,.T.);
#1838=ORIENTED_EDGE('',*,*,#1296,.T.);
#1839=ORIENTED_EDGE('',*,*,#1297,.T.);
#1840=ORIENTED_EDGE('',*,*,#1288,.T.);
#1841=ORIENTED_EDGE('',*,*,#1160,.F.);
#1842=ORIENTED_EDGE('',*,*,#1301,.F.);
#1843=ORIENTED_EDGE('',*,*,#1299,.F.);
#1844=ORIENTED_EDGE('',*,*,#1065,.F.);
#1845=ORIENTED_EDGE('',*,*,#1140,.F.);
#1846=ORIENTED_EDGE('',*,*,#1138,.F.);
#1847=ORIENTED_EDGE('',*,*,#1182,.F.);
#1848=ORIENTED_EDGE('',*,*,#1171,.F.);
#1849=ORIENTED_EDGE('',*,*,#1300,.T.);
#1850=ORIENTED_EDGE('',*,*,#1301,.T.);
#1851=ORIENTED_EDGE('',*,*,#1174,.F.);
#1852=ORIENTED_EDGE('',*,*,#1027,.F.);
#1853=ORIENTED_EDGE('',*,*,#1209,.T.);
#1854=ORIENTED_EDGE('',*,*,#1210,.F.);
#1855=ORIENTED_EDGE('',*,*,#1211,.F.);
#1856=ORIENTED_EDGE('',*,*,#1255,.T.);
#1857=ORIENTED_EDGE('',*,*,#1248,.T.);
#1858=ORIENTED_EDGE('',*,*,#1251,.T.);
#1859=ORIENTED_EDGE('',*,*,#1257,.T.);
#1860=B_SPLINE_SURFACE_WITH_KNOTS('',3,3,((#2832,#2833,#2834,#2835,#2836,
#2837),(#2838,#2839,#2840,#2841,#2842,#2843),(#2844,#2845,#2846,#2847,#2848,
#2849),(#2850,#2851,#2852,#2853,#2854,#2855),(#2856,#2857,#2858,#2859,#2860,
#2861)),.UNSPECIFIED.,.F.,.F.,.F.,(4,1,4),(4,1,1,4),(0.,0.5,1.),(-1.5707963267949,
-0.897597901025645,-0.448798950512812,2.20955306661052E-14),
 .UNSPECIFIED.);
#1861=B_SPLINE_SURFACE_WITH_KNOTS('',3,3,((#2946,#2947,#2948,#2949,#2950,
#2951),(#2952,#2953,#2954,#2955,#2956,#2957),(#2958,#2959,#2960,#2961,#2962,
#2963),(#2964,#2965,#2966,#2967,#2968,#2969),(#2970,#2971,#2972,#2973,#2974,
#2975)),.UNSPECIFIED.,.F.,.F.,.F.,(4,1,4),(4,1,1,4),(0.,0.5,1.),(-1.5707963267949,
-0.897597901025653,-0.448798950512825,2.86694412750351E-15),
 .UNSPECIFIED.);
#1862=B_SPLINE_SURFACE_WITH_KNOTS('',3,3,((#3008,#3009,#3010,#3011,#3012,
#3013),(#3014,#3015,#3016,#3017,#3018,#3019),(#3020,#3021,#3022,#3023,#3024,
#3025),(#3026,#3027,#3028,#3029,#3030,#3031),(#3032,#3033,#3034,#3035,#3036,
#3037)),.UNSPECIFIED.,.F.,.F.,.F.,(4,1,4),(4,1,1,4),(0.,0.5,1.),(-1.5707963267949,
-0.897597901025651,-0.44879895051282,1.16087388754349E-14),
 .UNSPECIFIED.);
#1863=B_SPLINE_SURFACE_WITH_KNOTS('',3,3,((#3045,#3046,#3047,#3048,#3049,
#3050),(#3051,#3052,#3053,#3054,#3055,#3056),(#3057,#3058,#3059,#3060,#3061,
#3062),(#3063,#3064,#3065,#3066,#3067,#3068),(#3069,#3070,#3071,#3072,#3073,
#3074)),.UNSPECIFIED.,.F.,.F.,.F.,(4,1,4),(4,1,1,4),(0.,0.5,1.),(-1.5707963267949,
-0.897597901025638,-0.4487989505128,3.82150708436955E-14),.UNSPECIFIED.);
#1864=ADVANCED_FACE('',(#514),#1860,.T.);
#1865=ADVANCED_FACE('',(#515),#469,.F.);
#1866=ADVANCED_FACE('',(#516,#35),#40,.F.);
#1867=ADVANCED_FACE('',(#517),#470,.T.);
#1868=ADVANCED_FACE('',(#518),#471,.F.);
#1869=ADVANCED_FACE('',(#519),#1861,.T.);
#1870=ADVANCED_FACE('',(#520),#472,.T.);
#1871=ADVANCED_FACE('',(#521),#473,.T.);
#1872=ADVANCED_FACE('',(#522),#474,.F.);
#1873=ADVANCED_FACE('',(#523),#1862,.T.);
#1874=ADVANCED_FACE('',(#524),#475,.T.);
#1875=ADVANCED_FACE('',(#525),#1863,.T.);
#1876=ADVANCED_FACE('',(#526),#476,.F.);
#1877=ADVANCED_FACE('',(#527),#477,.T.);
#1878=ADVANCED_FACE('',(#528),#23,.T.);
#1879=ADVANCED_FACE('',(#529),#24,.T.);
#1880=ADVANCED_FACE('',(#530),#25,.T.);
#1881=ADVANCED_FACE('',(#531),#478,.T.);
#1882=ADVANCED_FACE('',(#532),#26,.T.);
#1883=ADVANCED_FACE('',(#533),#479,.T.);
#1884=ADVANCED_FACE('',(#534),#480,.T.);
#1885=ADVANCED_FACE('',(#535),#27,.T.);
#1886=ADVANCED_FACE('',(#536),#481,.T.);
#1887=ADVANCED_FACE('',(#537),#28,.T.);
#1888=ADVANCED_FACE('',(#538),#482,.T.);
#1889=ADVANCED_FACE('',(#539),#483,.T.);
#1890=ADVANCED_FACE('',(#540),#15,.T.);
#1891=ADVANCED_FACE('',(#541),#484,.F.);
#1892=ADVANCED_FACE('',(#542),#16,.F.);
#1893=ADVANCED_FACE('',(#543),#17,.T.);
#1894=ADVANCED_FACE('',(#544),#18,.F.);
#1895=ADVANCED_FACE('',(#545),#485,.F.);
#1896=ADVANCED_FACE('',(#546),#486,.T.);
#1897=ADVANCED_FACE('',(#547),#19,.T.);
#1898=ADVANCED_FACE('',(#548),#20,.F.);
#1899=ADVANCED_FACE('',(#549),#487,.F.);
#1900=ADVANCED_FACE('',(#550),#21,.T.);
#1901=ADVANCED_FACE('',(#551),#488,.F.);
#1902=ADVANCED_FACE('',(#552),#22,.F.);
#1903=ADVANCED_FACE('',(#553),#489,.T.);
#1904=ADVANCED_FACE('',(#554),#29,.T.);
#1905=ADVANCED_FACE('',(#555),#490,.T.);
#1906=ADVANCED_FACE('',(#556),#30,.T.);
#1907=ADVANCED_FACE('',(#557),#31,.T.);
#1908=ADVANCED_FACE('',(#558),#32,.T.);
#1909=ADVANCED_FACE('',(#559),#491,.T.);
#1910=ADVANCED_FACE('',(#560),#492,.T.);
#1911=ADVANCED_FACE('',(#561),#33,.T.);
#1912=ADVANCED_FACE('',(#562),#34,.T.);
#1913=ADVANCED_FACE('',(#563),#493,.T.);
#1914=ADVANCED_FACE('',(#564),#494,.T.);
#1915=ADVANCED_FACE('',(#565),#495,.T.);
#1916=ADVANCED_FACE('',(#566),#496,.T.);
#1917=ADVANCED_FACE('',(#567),#497,.T.);
#1918=ADVANCED_FACE('',(#568),#498,.T.);
#1919=ADVANCED_FACE('',(#569),#499,.T.);
#1920=ADVANCED_FACE('',(#570),#500,.T.);
#1921=ADVANCED_FACE('',(#571),#501,.T.);
#1922=ADVANCED_FACE('',(#572),#502,.T.);
#1923=ADVANCED_FACE('',(#573),#503,.T.);
#1924=ADVANCED_FACE('',(#574),#504,.T.);
#1925=ADVANCED_FACE('',(#575),#505,.T.);
#1926=ADVANCED_FACE('',(#576),#506,.T.);
#1927=ADVANCED_FACE('',(#577),#507,.T.);
#1928=ADVANCED_FACE('',(#578),#508,.T.);
#1929=ADVANCED_FACE('',(#579),#509,.T.);
#1930=ADVANCED_FACE('',(#580),#41,.T.);
#1931=ADVANCED_FACE('',(#581),#42,.T.);
#1932=ADVANCED_FACE('',(#582),#43,.T.);
#1933=ADVANCED_FACE('',(#583),#44,.T.);
#1934=ADVANCED_FACE('',(#584),#510,.T.);
#1935=ADVANCED_FACE('',(#585),#45,.T.);
#1936=ADVANCED_FACE('',(#586),#46,.T.);
#1937=ADVANCED_FACE('',(#587),#511,.T.);
#1938=ADVANCED_FACE('',(#588),#47,.T.);
#1939=ADVANCED_FACE('',(#589),#48,.T.);
#1940=ADVANCED_FACE('',(#590),#49,.T.);
#1941=ADVANCED_FACE('',(#591),#50,.T.);
#1942=ADVANCED_FACE('',(#592),#51,.T.);
#1943=ADVANCED_FACE('',(#593),#52,.T.);
#1944=ADVANCED_FACE('',(#594),#53,.T.);
#1945=ADVANCED_FACE('',(#595),#512,.T.);
#1946=ADVANCED_FACE('',(#596),#513,.T.);
#1947=ADVANCED_FACE('',(#597),#54,.F.);
#1948=ADVANCED_FACE('',(#598),#55,.T.);
#1949=ADVANCED_FACE('',(#599),#56,.T.);
#1950=ADVANCED_FACE('',(#600),#57,.T.);
#1951=ADVANCED_FACE('',(#601),#58,.T.);
#1952=ADVANCED_FACE('',(#602),#59,.T.);
#1953=ADVANCED_FACE('',(#603),#60,.T.);
#1954=ADVANCED_FACE('',(#604),#61,.T.);
#1955=ADVANCED_FACE('',(#605),#62,.T.);
#1956=ADVANCED_FACE('',(#606),#63,.T.);
#1957=ADVANCED_FACE('',(#607),#64,.T.);
#1958=ADVANCED_FACE('',(#608),#65,.T.);
#1959=ADVANCED_FACE('',(#609),#66,.T.);
#1960=ADVANCED_FACE('',(#610),#67,.T.);
#1961=ADVANCED_FACE('',(#611),#68,.T.);
#1962=ADVANCED_FACE('',(#612),#69,.T.);
#1963=ADVANCED_FACE('',(#613),#70,.T.);
#1964=ADVANCED_FACE('',(#614),#71,.T.);
#1965=ADVANCED_FACE('',(#615),#72,.T.);
#1966=ADVANCED_FACE('',(#616),#73,.T.);
#1967=ADVANCED_FACE('',(#617),#74,.T.);
#1968=ADVANCED_FACE('',(#618),#75,.T.);
#1969=ADVANCED_FACE('',(#619),#76,.T.);
#1970=ADVANCED_FACE('',(#620),#77,.T.);
#1971=ADVANCED_FACE('',(#621),#78,.T.);
#1972=ADVANCED_FACE('',(#622),#79,.T.);
#1973=ADVANCED_FACE('',(#623),#80,.T.);
#1974=ADVANCED_FACE('',(#624),#81,.T.);
#1975=ADVANCED_FACE('',(#625),#82,.T.);
#1976=ADVANCED_FACE('',(#626),#83,.T.);
#1977=ADVANCED_FACE('',(#627),#84,.T.);
#1978=ADVANCED_FACE('',(#628),#85,.T.);
#1979=ADVANCED_FACE('',(#629),#86,.T.);
#1980=ADVANCED_FACE('',(#630),#87,.T.);
#1981=ADVANCED_FACE('',(#631),#88,.T.);
#1982=ADVANCED_FACE('',(#632),#89,.T.);
#1983=ADVANCED_FACE('',(#633),#90,.T.);
#1984=ADVANCED_FACE('',(#634),#91,.T.);
#1985=ADVANCED_FACE('',(#635,#36),#92,.T.);
#1986=ADVANCED_FACE('',(#636),#93,.T.);
#1987=ADVANCED_FACE('',(#637,#37),#94,.T.);
#1988=ADVANCED_FACE('',(#638,#38),#95,.T.);
#1989=ADVANCED_FACE('',(#639),#96,.T.);
#1990=ADVANCED_FACE('',(#640),#97,.T.);
#1991=ADVANCED_FACE('',(#641,#39),#98,.T.);
#1992=CLOSED_SHELL('',(#1864,#1865,#1866,#1867,#1868,#1869,#1870,#1871,
#1872,#1873,#1874,#1875,#1876,#1877,#1878,#1879,#1880,#1881,#1882,#1883,
#1884,#1885,#1886,#1887,#1888,#1889,#1890,#1891,#1892,#1893,#1894,#1895,
#1896,#1897,#1898,#1899,#1900,#1901,#1902,#1903,#1904,#1905,#1906,#1907,
#1908,#1909,#1910,#1911,#1912,#1913,#1914,#1915,#1916,#1917,#1918,#1919,
#1920,#1921,#1922,#1923,#1924,#1925,#1926,#1927,#1928,#1929,#1930,#1931,
#1932,#1933,#1934,#1935,#1936,#1937,#1938,#1939,#1940,#1941,#1942,#1943,
#1944,#1945,#1946,#1947,#1948,#1949,#1950,#1951,#1952,#1953,#1954,#1955,
#1956,#1957,#1958,#1959,#1960,#1961,#1962,#1963,#1964,#1965,#1966,#1967,
#1968,#1969,#1970,#1971,#1972,#1973,#1974,#1975,#1976,#1977,#1978,#1979,
#1980,#1981,#1982,#1983,#1984,#1985,#1986,#1987,#1988,#1989,#1990,#1991));
#1993=DERIVED_UNIT_ELEMENT(#1995,1.);
#1994=DERIVED_UNIT_ELEMENT(#3574,-3.);
#1995=(
MASS_UNIT()
NAMED_UNIT(*)
SI_UNIT(.KILO.,.GRAM.)
);
#1996=DERIVED_UNIT((#1993,#1994));
#1997=MEASURE_REPRESENTATION_ITEM('density measure',
POSITIVE_RATIO_MEASURE(7850.),#1996);
#1998=PROPERTY_DEFINITION_REPRESENTATION(#2003,#2000);
#1999=PROPERTY_DEFINITION_REPRESENTATION(#2004,#2001);
#2000=REPRESENTATION('material name',(#2002),#3571);
#2001=REPRESENTATION('density',(#1997),#3571);
#2002=DESCRIPTIVE_REPRESENTATION_ITEM('Steel','Steel');
#2003=PROPERTY_DEFINITION('material property','material name',#3581);
#2004=PROPERTY_DEFINITION('material property','density of part',#3581);
#2005=AXIS2_PLACEMENT_3D('',#2831,#2220,#2221);
#2006=AXIS2_PLACEMENT_3D('',#2864,#2222,#2223);
#2007=AXIS2_PLACEMENT_3D('',#2866,#2224,#2225);
#2008=AXIS2_PLACEMENT_3D('',#2867,#2226,#2227);
#2009=AXIS2_PLACEMENT_3D('',#2868,#2228,#2229);
#2010=AXIS2_PLACEMENT_3D('',#2871,#2230,#2231);
#2011=AXIS2_PLACEMENT_3D('',#2887,#2234,#2235);
#2012=AXIS2_PLACEMENT_3D('',#2922,#2243,#2244);
#2013=AXIS2_PLACEMENT_3D('',#2923,#2245,#2246);
#2014=AXIS2_PLACEMENT_3D('',#2926,#2248,#2249);
#2015=AXIS2_PLACEMENT_3D('',#2927,#2250,#2251);
#2016=AXIS2_PLACEMENT_3D('',#2942,#2252,#2253);
#2017=AXIS2_PLACEMENT_3D('',#2945,#2255,#2256);
#2018=AXIS2_PLACEMENT_3D('',#2977,#2257,#2258);
#2019=AXIS2_PLACEMENT_3D('',#2978,#2259,#2260);
#2020=AXIS2_PLACEMENT_3D('',#2979,#2261,#2262);
#2021=AXIS2_PLACEMENT_3D('',#2983,#2264,#2265);
#2022=AXIS2_PLACEMENT_3D('',#2985,#2267,#2268);
#2023=AXIS2_PLACEMENT_3D('',#2987,#2269,#2270);
#2024=AXIS2_PLACEMENT_3D('',#2989,#2272,#2273);
#2025=AXIS2_PLACEMENT_3D('',#3004,#2274,#2275);
#2026=AXIS2_PLACEMENT_3D('',#3007,#2277,#2278);
#2027=AXIS2_PLACEMENT_3D('',#3038,#2279,#2280);
#2028=AXIS2_PLACEMENT_3D('',#3039,#2281,#2282);
#2029=AXIS2_PLACEMENT_3D('',#3043,#2284,#2285);
#2030=AXIS2_PLACEMENT_3D('',#3076,#2287,#2288);
#2031=AXIS2_PLACEMENT_3D('',#3077,#2289,#2290);
#2032=AXIS2_PLACEMENT_3D('',#3078,#2291,#2292);
#2033=AXIS2_PLACEMENT_3D('',#3081,#2293,#2294);
#2034=AXIS2_PLACEMENT_3D('',#3095,#2296,#2297);
#2035=AXIS2_PLACEMENT_3D('',#3099,#2299,#2300);
#2036=AXIS2_PLACEMENT_3D('',#3101,#2302,#2303);
#2037=AXIS2_PLACEMENT_3D('',#3104,#2304,#2305);
#2038=AXIS2_PLACEMENT_3D('',#3106,#2306,#2307);
#2039=AXIS2_PLACEMENT_3D('',#3107,#2308,#2309);
#2040=AXIS2_PLACEMENT_3D('',#3108,#2310,#2311);
#2041=AXIS2_PLACEMENT_3D('',#3111,#2312,#2313);
#2042=AXIS2_PLACEMENT_3D('',#3113,#2314,#2315);
#2043=AXIS2_PLACEMENT_3D('',#3114,#2316,#2317);
#2044=AXIS2_PLACEMENT_3D('',#3115,#2318,#2319);
#2045=AXIS2_PLACEMENT_3D('',#3118,#2320,#2321);
#2046=AXIS2_PLACEMENT_3D('',#3120,#2322,#2323);
#2047=AXIS2_PLACEMENT_3D('',#3121,#2324,#2325);
#2048=AXIS2_PLACEMENT_3D('',#3122,#2326,#2327);
#2049=AXIS2_PLACEMENT_3D('',#3125,#2330,#2331);
#2050=AXIS2_PLACEMENT_3D('',#3128,#2332,#2333);
#2051=AXIS2_PLACEMENT_3D('',#3130,#2334,#2335);
#2052=AXIS2_PLACEMENT_3D('',#3131,#2336,#2337);
#2053=AXIS2_PLACEMENT_3D('',#3132,#2338,#2339);
#2054=AXIS2_PLACEMENT_3D('',#3135,#2342,#2343);
#2055=AXIS2_PLACEMENT_3D('',#3138,#2346,#2347);
#2056=AXIS2_PLACEMENT_3D('',#3141,#2348,#2349);
#2057=AXIS2_PLACEMENT_3D('',#3143,#2350,#2351);
#2058=AXIS2_PLACEMENT_3D('',#3144,#2352,#2353);
#2059=AXIS2_PLACEMENT_3D('',#3145,#2354,#2355);
#2060=AXIS2_PLACEMENT_3D('',#3150,#2358,#2359);
#2061=AXIS2_PLACEMENT_3D('',#3151,#2360,#2361);
#2062=AXIS2_PLACEMENT_3D('',#3154,#2362,#2363);
#2063=AXIS2_PLACEMENT_3D('',#3156,#2364,#2365);
#2064=AXIS2_PLACEMENT_3D('',#3157,#2366,#2367);
#2065=AXIS2_PLACEMENT_3D('',#3158,#2368,#2369);
#2066=AXIS2_PLACEMENT_3D('',#3163,#2372,#2373);
#2067=AXIS2_PLACEMENT_3D('',#3164,#2374,#2375);
#2068=AXIS2_PLACEMENT_3D('',#3167,#2378,#2379);
#2069=AXIS2_PLACEMENT_3D('',#3170,#2380,#2381);
#2070=AXIS2_PLACEMENT_3D('',#3172,#2382,#2383);
#2071=AXIS2_PLACEMENT_3D('',#3174,#2384,#2385);
#2072=AXIS2_PLACEMENT_3D('',#3175,#2386,#2387);
#2073=AXIS2_PLACEMENT_3D('',#3176,#2388,#2389);
#2074=AXIS2_PLACEMENT_3D('',#3179,#2390,#2391);
#2075=AXIS2_PLACEMENT_3D('',#3182,#2394,#2395);
#2076=AXIS2_PLACEMENT_3D('',#3183,#2396,#2397);
#2077=AXIS2_PLACEMENT_3D('',#3184,#2398,#2399);
#2078=AXIS2_PLACEMENT_3D('',#3185,#2400,#2401);
#2079=AXIS2_PLACEMENT_3D('',#3188,#2402,#2403);
#2080=AXIS2_PLACEMENT_3D('',#3190,#2404,#2405);
#2081=AXIS2_PLACEMENT_3D('',#3192,#2406,#2407);
#2082=AXIS2_PLACEMENT_3D('',#3193,#2408,#2409);
#2083=AXIS2_PLACEMENT_3D('',#3194,#2410,#2411);
#2084=AXIS2_PLACEMENT_3D('',#3196,#2412,#2413);
#2085=AXIS2_PLACEMENT_3D('',#3198,#2414,#2415);
#2086=AXIS2_PLACEMENT_3D('',#3199,#2416,#2417);
#2087=AXIS2_PLACEMENT_3D('',#3200,#2418,#2419);
#2088=AXIS2_PLACEMENT_3D('',#3203,#2422,#2423);
#2089=AXIS2_PLACEMENT_3D('',#3206,#2426,#2427);
#2090=AXIS2_PLACEMENT_3D('',#3209,#2428,#2429);
#2091=AXIS2_PLACEMENT_3D('',#3211,#2430,#2431);
#2092=AXIS2_PLACEMENT_3D('',#3213,#2432,#2433);
#2093=AXIS2_PLACEMENT_3D('',#3214,#2434,#2435);
#2094=AXIS2_PLACEMENT_3D('',#3215,#2436,#2437);
#2095=AXIS2_PLACEMENT_3D('',#3217,#2438,#2439);
#2096=AXIS2_PLACEMENT_3D('',#3219,#2440,#2441);
#2097=AXIS2_PLACEMENT_3D('',#3220,#2442,#2443);
#2098=AXIS2_PLACEMENT_3D('',#3221,#2444,#2445);
#2099=AXIS2_PLACEMENT_3D('',#3224,#2448,#2449);
#2100=AXIS2_PLACEMENT_3D('',#3227,#2450,#2451);
#2101=AXIS2_PLACEMENT_3D('',#3229,#2452,#2453);
#2102=AXIS2_PLACEMENT_3D('',#3231,#2454,#2455);
#2103=AXIS2_PLACEMENT_3D('',#3232,#2456,#2457);
#2104=AXIS2_PLACEMENT_3D('',#3233,#2458,#2459);
#2105=AXIS2_PLACEMENT_3D('',#3236,#2460,#2461);
#2106=AXIS2_PLACEMENT_3D('',#3239,#2464,#2465);
#2107=AXIS2_PLACEMENT_3D('',#3240,#2466,#2467);
#2108=AXIS2_PLACEMENT_3D('',#3241,#2468,#2469);
#2109=AXIS2_PLACEMENT_3D('',#3242,#2470,#2471);
#2110=AXIS2_PLACEMENT_3D('',#3245,#2474,#2475);
#2111=AXIS2_PLACEMENT_3D('',#3248,#2476,#2477);
#2112=AXIS2_PLACEMENT_3D('',#3250,#2478,#2479);
#2113=AXIS2_PLACEMENT_3D('',#3251,#2480,#2481);
#2114=AXIS2_PLACEMENT_3D('',#3252,#2482,#2483);
#2115=AXIS2_PLACEMENT_3D('',#3257,#2486,#2487);
#2116=AXIS2_PLACEMENT_3D('',#3258,#2488,#2489);
#2117=AXIS2_PLACEMENT_3D('',#3261,#2490,#2491);
#2118=AXIS2_PLACEMENT_3D('',#3263,#2492,#2493);
#2119=AXIS2_PLACEMENT_3D('',#3264,#2494,#2495);
#2120=AXIS2_PLACEMENT_3D('',#3265,#2496,#2497);
#2121=AXIS2_PLACEMENT_3D('',#3268,#2498,#2499);
#2122=AXIS2_PLACEMENT_3D('',#3270,#2500,#2501);
#2123=AXIS2_PLACEMENT_3D('',#3271,#2502,#2503);
#2124=AXIS2_PLACEMENT_3D('',#3272,#2504,#2505);
#2125=AXIS2_PLACEMENT_3D('',#3275,#2506,#2507);
#2126=AXIS2_PLACEMENT_3D('',#3277,#2508,#2509);
#2127=AXIS2_PLACEMENT_3D('',#3278,#2510,#2511);
#2128=AXIS2_PLACEMENT_3D('',#3279,#2512,#2513);
#2129=AXIS2_PLACEMENT_3D('',#3282,#2516,#2517);
#2130=AXIS2_PLACEMENT_3D('',#3287,#2520,#2521);
#2131=AXIS2_PLACEMENT_3D('',#3288,#2522,#2523);
#2132=AXIS2_PLACEMENT_3D('',#3291,#2524,#2525);
#2133=AXIS2_PLACEMENT_3D('',#3293,#2526,#2527);
#2134=AXIS2_PLACEMENT_3D('',#3294,#2528,#2529);
#2135=AXIS2_PLACEMENT_3D('',#3295,#2530,#2531);
#2136=AXIS2_PLACEMENT_3D('',#3298,#2532,#2533);
#2137=AXIS2_PLACEMENT_3D('',#3300,#2534,#2535);
#2138=AXIS2_PLACEMENT_3D('',#3301,#2536,#2537);
#2139=AXIS2_PLACEMENT_3D('',#3302,#2538,#2539);
#2140=AXIS2_PLACEMENT_3D('',#3305,#2542,#2543);
#2141=AXIS2_PLACEMENT_3D('',#3308,#2546,#2547);
#2142=AXIS2_PLACEMENT_3D('',#3311,#2550,#2551);
#2143=AXIS2_PLACEMENT_3D('',#3314,#2554,#2555);
#2144=AXIS2_PLACEMENT_3D('',#3317,#2558,#2559);
#2145=AXIS2_PLACEMENT_3D('',#3320,#2562,#2563);
#2146=AXIS2_PLACEMENT_3D('',#3323,#2566,#2567);
#2147=AXIS2_PLACEMENT_3D('',#3326,#2570,#2571);
#2148=AXIS2_PLACEMENT_3D('',#3329,#2574,#2575);
#2149=AXIS2_PLACEMENT_3D('',#3332,#2578,#2579);
#2150=AXIS2_PLACEMENT_3D('',#3335,#2582,#2583);
#2151=AXIS2_PLACEMENT_3D('',#3338,#2586,#2587);
#2152=AXIS2_PLACEMENT_3D('',#3341,#2590,#2591);
#2153=AXIS2_PLACEMENT_3D('',#3344,#2594,#2595);
#2154=AXIS2_PLACEMENT_3D('',#3347,#2598,#2599);
#2155=AXIS2_PLACEMENT_3D('',#3350,#2602,#2603);
#2156=AXIS2_PLACEMENT_3D('',#3353,#2604,#2605);
#2157=AXIS2_PLACEMENT_3D('',#3356,#2608,#2609);
#2158=AXIS2_PLACEMENT_3D('',#3357,#2610,#2611);
#2159=AXIS2_PLACEMENT_3D('',#3361,#2614,#2615);
#2160=AXIS2_PLACEMENT_3D('',#3363,#2617,#2618);
#2161=AXIS2_PLACEMENT_3D('',#3365,#2620,#2621);
#2162=AXIS2_PLACEMENT_3D('',#3366,#2622,#2623);
#2163=AXIS2_PLACEMENT_3D('',#3370,#2626,#2627);
#2164=AXIS2_PLACEMENT_3D('',#3372,#2629,#2630);
#2165=AXIS2_PLACEMENT_3D('',#3375,#2633,#2634);
#2166=AXIS2_PLACEMENT_3D('',#3376,#2635,#2636);
#2167=AXIS2_PLACEMENT_3D('',#3377,#2637,#2638);
#2168=AXIS2_PLACEMENT_3D('',#3378,#2639,#2640);
#2169=AXIS2_PLACEMENT_3D('',#3379,#2641,#2642);
#2170=AXIS2_PLACEMENT_3D('',#3380,#2643,#2644);
#2171=AXIS2_PLACEMENT_3D('',#3384,#2647,#2648);
#2172=AXIS2_PLACEMENT_3D('',#3385,#2649,#2650);
#2173=AXIS2_PLACEMENT_3D('',#3387,#2652,#2653);
#2174=AXIS2_PLACEMENT_3D('',#3389,#2654,#2655);
#2175=AXIS2_PLACEMENT_3D('',#3391,#2657,#2658);
#2176=AXIS2_PLACEMENT_3D('',#3392,#2659,#2660);
#2177=AXIS2_PLACEMENT_3D('',#3401,#2665,#2666);
#2178=AXIS2_PLACEMENT_3D('',#3407,#2670,#2671);
#2179=AXIS2_PLACEMENT_3D('',#3413,#2675,#2676);
#2180=AXIS2_PLACEMENT_3D('',#3416,#2679,#2680);
#2181=AXIS2_PLACEMENT_3D('',#3422,#2684,#2685);
#2182=AXIS2_PLACEMENT_3D('',#3426,#2688,#2689);
#2183=AXIS2_PLACEMENT_3D('',#3427,#2690,#2691);
#2184=AXIS2_PLACEMENT_3D('',#3436,#2696,#2697);
#2185=AXIS2_PLACEMENT_3D('',#3442,#2701,#2702);
#2186=AXIS2_PLACEMENT_3D('',#3448,#2706,#2707);
#2187=AXIS2_PLACEMENT_3D('',#3451,#2710,#2711);
#2188=AXIS2_PLACEMENT_3D('',#3457,#2715,#2716);
#2189=AXIS2_PLACEMENT_3D('',#3461,#2719,#2720);
#2190=AXIS2_PLACEMENT_3D('',#3462,#2721,#2722);
#2191=AXIS2_PLACEMENT_3D('',#3466,#2725,#2726);
#2192=AXIS2_PLACEMENT_3D('',#3468,#2728,#2729);
#2193=AXIS2_PLACEMENT_3D('',#3472,#2732,#2733);
#2194=AXIS2_PLACEMENT_3D('',#3474,#2735,#2736);
#2195=AXIS2_PLACEMENT_3D('',#3483,#2741,#2742);
#2196=AXIS2_PLACEMENT_3D('',#3489,#2746,#2747);
#2197=AXIS2_PLACEMENT_3D('',#3495,#2751,#2752);
#2198=AXIS2_PLACEMENT_3D('',#3498,#2755,#2756);
#2199=AXIS2_PLACEMENT_3D('',#3504,#2760,#2761);
#2200=AXIS2_PLACEMENT_3D('',#3508,#2764,#2765);
#2201=AXIS2_PLACEMENT_3D('',#3509,#2766,#2767);
#2202=AXIS2_PLACEMENT_3D('',#3518,#2772,#2773);
#2203=AXIS2_PLACEMENT_3D('',#3524,#2777,#2778);
#2204=AXIS2_PLACEMENT_3D('',#3530,#2782,#2783);
#2205=AXIS2_PLACEMENT_3D('',#3533,#2786,#2787);
#2206=AXIS2_PLACEMENT_3D('',#3539,#2791,#2792);
#2207=AXIS2_PLACEMENT_3D('',#3543,#2795,#2796);
#2208=AXIS2_PLACEMENT_3D('',#3544,#2797,#2798);
#2209=AXIS2_PLACEMENT_3D('',#3548,#2801,#2802);
#2210=AXIS2_PLACEMENT_3D('',#3550,#2804,#2805);
#2211=AXIS2_PLACEMENT_3D('',#3554,#2808,#2809);
#2212=AXIS2_PLACEMENT_3D('',#3556,#2811,#2812);
#2213=AXIS2_PLACEMENT_3D('',#3557,#2813,#2814);
#2214=AXIS2_PLACEMENT_3D('',#3559,#2816,#2817);
#2215=AXIS2_PLACEMENT_3D('',#3560,#2818,#2819);
#2216=AXIS2_PLACEMENT_3D('',#3561,#2820,#2821);
#2217=AXIS2_PLACEMENT_3D('',#3565,#2824,#2825);
#2218=AXIS2_PLACEMENT_3D('',#3567,#2827,#2828);
#2219=AXIS2_PLACEMENT_3D('',#3568,#2829,#2830);
#2220=DIRECTION('axis',(0.,0.,1.));
#2221=DIRECTION('refdir',(1.,0.,0.));
#2222=DIRECTION('center_axis',(3.14018418797095E-14,-2.09345770567284E-14,
1.));
#2223=DIRECTION('ref_axis',(0.707107027554706,0.707106534818303,-7.40148683083434E-15));
#2224=DIRECTION('center_axis',(0.936329055231523,-0.351123767821608,-2.2869756276356E-14));
#2225=DIRECTION('ref_axis',(-0.351123767821608,-0.936329055231523,-7.35061690273367E-15));
#2226=DIRECTION('center_axis',(-0.936329299906451,-0.351123115355135,9.3558124314844E-15));
#2227=DIRECTION('ref_axis',(0.351123115355135,-0.936329299906451,-1.83765422568342E-14));
#2228=DIRECTION('center_axis',(0.,0.,1.));
#2229=DIRECTION('ref_axis',(3.48417249657301E-7,0.999999999999939,0.));
#2230=DIRECTION('center_axis',(-4.71027573490913E-15,4.7102790171929E-15,
1.));
#2231=DIRECTION('ref_axis',(3.48417249657301E-7,0.999999999999939,0.));
#2232=DIRECTION('',(0.,0.,-1.));
#2233=DIRECTION('',(0.,0.,1.));
#2234=DIRECTION('center_axis',(0.707107027554704,0.707106534818305,0.));
#2235=DIRECTION('ref_axis',(-0.707106534818305,0.707107027554704,0.));
#2236=DIRECTION('',(-0.707106534818305,0.707107027554704,2.1094237467879E-14));
#2237=DIRECTION('',(0.,0.,-1.));
#2238=DIRECTION('',(0.,0.,-1.));
#2239=DIRECTION('',(0.,0.,-1.));
#2240=DIRECTION('',(0.707106534818305,-0.707107027554704,-2.12052597703415E-14));
#2241=DIRECTION('',(0.,0.,1.));
#2242=DIRECTION('',(0.,0.,1.));
#2243=DIRECTION('center_axis',(0.707107027554704,0.707106534818305,0.));
#2244=DIRECTION('ref_axis',(-0.707106534818303,0.707107027554706,0.));
#2245=DIRECTION('center_axis',(0.707106534818305,-0.707107027554704,-2.1094237467879E-14));
#2246=DIRECTION('ref_axis',(-0.500000174208614,-0.499999825791331,-0.707106781186543));
#2247=DIRECTION('',(0.707106534818305,-0.707107027554704,-2.1094237467879E-14));
#2248=DIRECTION('center_axis',(-0.351123767821604,-0.936329055231525,-1.35139396796675E-14));
#2249=DIRECTION('ref_axis',(-0.936329055231525,0.351123767821604,1.83765422568344E-14));
#2250=DIRECTION('center_axis',(0.,0.,1.));
#2251=DIRECTION('ref_axis',(3.48417249657301E-7,0.999999999999939,0.));
#2252=DIRECTION('center_axis',(2.87850183800002E-14,-2.87850384384012E-14,
1.));
#2253=DIRECTION('ref_axis',(0.707107027554706,0.707106534818303,0.));
#2254=DIRECTION('',(0.,0.,-1.));
#2255=DIRECTION('center_axis',(5.49532169072733E-14,-5.4953255200584E-14,
-1.));
#2256=DIRECTION('ref_axis',(3.48417249657301E-7,0.999999999999939,0.));
#2257=DIRECTION('center_axis',(-0.936329299906451,-0.351123115355134,9.35581243148451E-15));
#2258=DIRECTION('ref_axis',(0.351123115355134,-0.936329299906451,-1.83765422568343E-14));
#2259=DIRECTION('center_axis',(0.936329055231524,-0.351123767821607,-2.39092870471006E-14));
#2260=DIRECTION('ref_axis',(-0.351123767821607,-0.936329055231524,-9.1882711284171E-15));
#2261=DIRECTION('center_axis',(-0.707107027554704,-0.707106534818305,7.88860905221012E-30));
#2262=DIRECTION('ref_axis',(0.499999825791348,-0.500000174208606,0.707106781186538));
#2263=DIRECTION('',(-0.707107027554704,-0.707106534818305,7.88860905221012E-30));
#2264=DIRECTION('center_axis',(-0.999999999999939,3.48417254890942E-7,1.5543128533885E-14));
#2265=DIRECTION('ref_axis',(-3.4841725483903E-7,-0.999999999999939,-1.44252244641573E-14));
#2266=DIRECTION('',(0.707107027554704,0.707106534818305,-7.88860905221012E-30));
#2267=DIRECTION('center_axis',(-0.707106534818305,0.707107027554704,2.12052597703415E-14));
#2268=DIRECTION('ref_axis',(-0.50000017420858,-0.499999825791359,0.707106781186548));
#2269=DIRECTION('center_axis',(-0.351123767821607,-0.936329055231524,-6.23719784446375E-15));
#2270=DIRECTION('ref_axis',(-0.936329055231524,0.351123767821607,2.02141964825176E-14));
#2271=DIRECTION('',(-0.707106534818305,0.707107027554704,2.12052597703415E-14));
#2272=DIRECTION('center_axis',(0.,0.,-1.));
#2273=DIRECTION('ref_axis',(0.999999999999939,-3.48417249657301E-7,0.));
#2274=DIRECTION('center_axis',(-2.61681985272732E-14,2.61682167621831E-14,
-1.));
#2275=DIRECTION('ref_axis',(0.707107027554705,0.707106534818305,0.));
#2276=DIRECTION('',(0.,0.,1.));
#2277=DIRECTION('center_axis',(5.96634926421826E-14,-5.9663534217777E-14,
1.));
#2278=DIRECTION('ref_axis',(0.999999999999939,-3.48417249657301E-7,0.));
#2279=DIRECTION('center_axis',(-0.351123115355135,0.936329299906451,1.55930119058107E-14));
#2280=DIRECTION('ref_axis',(-0.936329299906451,-0.351123115355135,7.3506169027337E-15));
#2281=DIRECTION('center_axis',(-0.707107027554704,-0.707106534818305,-9.46633086265214E-30));
#2282=DIRECTION('ref_axis',(-0.499999825791351,0.500000174208603,-0.707106781186537));
#2283=DIRECTION('',(-0.707107027554704,-0.707106534818305,-9.46633086265214E-30));
#2284=DIRECTION('center_axis',(-3.48417254890942E-7,-0.999999999999939,
-1.55431161556176E-14));
#2285=DIRECTION('ref_axis',(-0.999999999999939,3.4841725494311E-7,1.41308321281539E-14));
#2286=DIRECTION('',(0.707107027554704,0.707106534818305,9.46633086265214E-30));
#2287=DIRECTION('center_axis',(-2.87850183800005E-14,2.87850384384011E-14,
-1.));
#2288=DIRECTION('ref_axis',(0.707107027554701,0.707106534818308,0.));
#2289=DIRECTION('center_axis',(-0.351123115355134,0.936329299906451,1.87116116429738E-14));
#2290=DIRECTION('ref_axis',(-0.936329299906451,-0.351123115355134,9.18827112841713E-15));
#2291=DIRECTION('center_axis',(0.,0.,-1.));
#2292=DIRECTION('ref_axis',(0.999999999999939,-3.48417249657301E-7,0.));
#2293=DIRECTION('center_axis',(-6.12335845538189E-14,6.12336272235079E-14,
-1.));
#2294=DIRECTION('ref_axis',(0.999999999999939,-3.48417249657301E-7,0.));
#2295=DIRECTION('',(0.,0.,1.));
#2296=DIRECTION('center_axis',(-0.707107027554704,-0.707106534818305,0.));
#2297=DIRECTION('ref_axis',(-0.499999825791339,0.500000174208591,0.707106781186554));
#2298=DIRECTION('',(-0.707107027554704,-0.707106534818305,0.));
#2299=DIRECTION('center_axis',(-3.48417248610575E-7,-0.999999999999939,
-1.33226701063674E-14));
#2300=DIRECTION('ref_axis',(-0.999999999999939,3.4841724855933E-7,1.66822323735151E-14));
#2301=DIRECTION('',(0.707107027554704,0.707106534818305,0.));
#2302=DIRECTION('center_axis',(0.577350269189583,-2.01158798063261E-7,-0.816496580927732));
#2303=DIRECTION('ref_axis',(-0.816496580927678,2.84481508572299E-7,-0.577350269189624));
#2304=DIRECTION('center_axis',(0.,0.,-1.));
#2305=DIRECTION('ref_axis',(-0.707106534818305,0.707107027554704,0.));
#2306=DIRECTION('center_axis',(-0.707107027554704,-0.707106534818305,-3.14017725870525E-15));
#2307=DIRECTION('ref_axis',(-1.33226762955019E-14,1.77635683940026E-14,
-1.));
#2308=DIRECTION('center_axis',(-0.707106534818305,0.707107027554704,2.19812955156662E-14));
#2309=DIRECTION('ref_axis',(-0.707107027554704,-0.707106534818305,0.));
#2310=DIRECTION('center_axis',(-0.99999999999996,2.32278171807821E-7,1.64245463452062E-7));
#2311=DIRECTION('ref_axis',(-2.84481501466872E-7,-0.816496580927668,-0.577350269189638));
#2312=DIRECTION('center_axis',(0.707106534818299,-0.70710702755471,-2.5121479338939E-14));
#2313=DIRECTION('ref_axis',(-1.77635683940026E-14,1.77635683940026E-14,
-1.));
#2314=DIRECTION('center_axis',(-0.707107027554702,-0.707106534818308,-9.42054709344006E-15));
#2315=DIRECTION('ref_axis',(0.707106534818308,-0.707107027554702,0.));
#2316=DIRECTION('center_axis',(0.,0.,-1.));
#2317=DIRECTION('ref_axis',(-0.707107027554704,-0.707106534818305,0.));
#2318=DIRECTION('center_axis',(-0.99999999999996,2.32278154044251E-7,-1.64245463452061E-7));
#2319=DIRECTION('ref_axis',(2.84481487256014E-7,0.816496580927683,-0.577350269189617));
#2320=DIRECTION('center_axis',(-0.707106534818305,0.707107027554704,2.5121479338939E-14));
#2321=DIRECTION('ref_axis',(-1.77635683940026E-14,1.77635683940026E-14,
-1.));
#2322=DIRECTION('center_axis',(0.707107027554704,0.707106534818305,1.25607309167128E-14));
#2323=DIRECTION('ref_axis',(-0.707106534818305,0.707107027554704,0.));
#2324=DIRECTION('center_axis',(-6.28036764654551E-15,6.28037202292386E-15,
-1.));
#2325=DIRECTION('ref_axis',(0.707107027554704,0.707106534818305,0.));
#2326=DIRECTION('center_axis',(-0.707107027554704,-0.707106534818305,-1.57772181044202E-30));
#2327=DIRECTION('ref_axis',(-0.49999982579135,0.500000174208608,-0.707106781186534));
#2328=DIRECTION('',(0.707107027554704,0.707106534818305,1.57772181044202E-30));
#2329=DIRECTION('',(-0.707107027554704,-0.707106534818305,-1.57772181044202E-30));
#2330=DIRECTION('center_axis',(-0.577350269189596,2.01158783852407E-7,-0.816496580927722));
#2331=DIRECTION('ref_axis',(0.816496580927678,-2.84481487256017E-7,-0.577350269189624));
#2332=DIRECTION('center_axis',(0.,0.,-1.));
#2333=DIRECTION('ref_axis',(0.707106534818305,-0.707107027554704,0.));
#2334=DIRECTION('center_axis',(0.707107027554704,0.707106534818305,-3.14019257602949E-15));
#2335=DIRECTION('ref_axis',(-1.77635683940026E-14,1.33226762955019E-14,
-1.));
#2336=DIRECTION('center_axis',(0.707106534818303,-0.707107027554706,-1.25607396694695E-14));
#2337=DIRECTION('ref_axis',(0.707107027554706,0.707106534818303,0.));
#2338=DIRECTION('center_axis',(0.707107027554704,0.707106534818305,9.46633086265214E-30));
#2339=DIRECTION('ref_axis',(0.499999825791339,-0.500000174208591,-0.707106781186554));
#2340=DIRECTION('',(-0.707107027554704,-0.707106534818305,-9.46633086265214E-30));
#2341=DIRECTION('',(0.707107027554704,0.707106534818305,9.46633086265214E-30));
#2342=DIRECTION('center_axis',(-0.707106534818305,0.707107027554704,2.1094237467879E-14));
#2343=DIRECTION('ref_axis',(0.50000017420858,0.499999825791359,-0.707106781186548));
#2344=DIRECTION('',(0.707106534818305,-0.707107027554704,-2.1094237467879E-14));
#2345=DIRECTION('',(-0.707106534818305,0.707107027554704,2.1094237467879E-14));
#2346=DIRECTION('center_axis',(-0.99999999999996,2.32278168255107E-7,1.64245463452062E-7));
#2347=DIRECTION('ref_axis',(2.84481494361444E-7,0.816496580927678,0.577350269189624));
#2348=DIRECTION('center_axis',(0.,0.,1.));
#2349=DIRECTION('ref_axis',(-0.707106534818305,0.707107027554704,0.));
#2350=DIRECTION('center_axis',(0.707107027554706,0.707106534818303,-3.14018163508357E-15));
#2351=DIRECTION('ref_axis',(-4.44089209850064E-15,8.88178419700128E-15,
1.));
#2352=DIRECTION('center_axis',(-0.707106534818308,0.707107027554702,-1.25607396694695E-14));
#2353=DIRECTION('ref_axis',(0.707107027554702,0.707106534818308,0.));
#2354=DIRECTION('center_axis',(0.707107027554704,0.707106534818305,0.));
#2355=DIRECTION('ref_axis',(-0.499999825791348,0.5000001742086,0.707106781186541));
#2356=DIRECTION('',(0.707107027554704,0.707106534818305,0.));
#2357=DIRECTION('',(-0.707107027554704,-0.707106534818305,0.));
#2358=DIRECTION('center_axis',(0.500000174208593,0.499999825791342,0.707106781186551));
#2359=DIRECTION('ref_axis',(-0.500000174208595,-0.499999825791348,0.707106781186545));
#2360=DIRECTION('center_axis',(0.577350269189564,-2.01158819379543E-7,-0.816496580927745));
#2361=DIRECTION('ref_axis',(0.816496580927694,-2.84481529888577E-7,0.577350269189601));
#2362=DIRECTION('center_axis',(0.707106534818299,-0.70710702755471,-8.79251776862864E-14));
#2363=DIRECTION('ref_axis',(6.2172489379009E-14,-6.2172489379009E-14,1.));
#2364=DIRECTION('center_axis',(0.707107027554702,0.707106534818308,-3.14021445792104E-15));
#2365=DIRECTION('ref_axis',(0.707106534818308,-0.707107027554702,0.));
#2366=DIRECTION('center_axis',(-6.28036764654557E-15,6.28037202292388E-15,
1.));
#2367=DIRECTION('ref_axis',(0.707107027554702,0.707106534818308,0.));
#2368=DIRECTION('center_axis',(-0.707107027554704,-0.707106534818305,0.));
#2369=DIRECTION('ref_axis',(0.49999982579137,-0.500000174208622,0.70710678118651));
#2370=DIRECTION('',(0.707107027554704,0.707106534818305,0.));
#2371=DIRECTION('',(-0.707107027554704,-0.707106534818305,0.));
#2372=DIRECTION('center_axis',(0.500000174208587,0.499999825791345,0.707106781186553));
#2373=DIRECTION('ref_axis',(0.500000174208601,0.499999825791345,-0.707106781186542));
#2374=DIRECTION('center_axis',(-1.8471669548663E-16,1.8471682420364E-16,
-1.));
#2375=DIRECTION('ref_axis',(0.999999999999939,-3.4841724547039E-7,0.));
#2376=DIRECTION('',(1.8471669548663E-16,-1.8471682420364E-16,1.));
#2377=DIRECTION('',(-1.8471669548663E-16,1.8471682420364E-16,-1.));
#2378=DIRECTION('center_axis',(-0.707107027554699,-0.70710653481831,0.));
#2379=DIRECTION('ref_axis',(0.,0.,1.));
#2380=DIRECTION('center_axis',(-0.70710653481831,0.707107027554699,-1.25607396694695E-14));
#2381=DIRECTION('ref_axis',(-8.88178419700128E-15,8.88178419700128E-15,
1.));
#2382=DIRECTION('center_axis',(-0.707107027554706,-0.707106534818303,1.57009213045529E-14));
#2383=DIRECTION('ref_axis',(0.707106534818303,-0.707107027554706,0.));
#2384=DIRECTION('center_axis',(0.,0.,1.));
#2385=DIRECTION('ref_axis',(0.707107027554706,0.707106534818303,0.));
#2386=DIRECTION('center_axis',(0.707107027554704,0.707106534818305,0.));
#2387=DIRECTION('ref_axis',(0.499999825791348,-0.500000174208593,-0.707106781186546));
#2388=DIRECTION('center_axis',(0.707107027554704,0.707106534818305,-5.52202633654708E-30));
#2389=DIRECTION('ref_axis',(0.499999825791348,-0.5000001742086,-0.707106781186541));
#2390=DIRECTION('center_axis',(-0.707107027554706,-0.707106534818303,3.14018163508355E-15));
#2391=DIRECTION('ref_axis',(4.4408920985006E-15,-8.8817841970012E-15,-1.));
#2392=DIRECTION('',(0.707107027554704,0.707106534818305,-5.52202633654708E-30));
#2393=DIRECTION('',(-0.707107027554704,-0.707106534818305,5.52202633654708E-30));
#2394=DIRECTION('center_axis',(-4.71027573490913E-15,4.7102790171929E-15,
1.));
#2395=DIRECTION('ref_axis',(-0.999999999999939,3.4841725238266E-7,-4.73695157173401E-15));
#2396=DIRECTION('center_axis',(4.71027573490913E-15,-4.7102790171929E-15,
-1.));
#2397=DIRECTION('ref_axis',(-0.999999999999939,3.48417255316581E-7,-4.7184478546569E-15));
#2398=DIRECTION('center_axis',(-4.71027573490913E-15,4.7102790171929E-15,
1.));
#2399=DIRECTION('ref_axis',(-0.999999999999939,3.48417255316581E-7,-4.71027737605133E-15));
#2400=DIRECTION('center_axis',(-0.707107027554702,-0.707106534818308,0.));
#2401=DIRECTION('ref_axis',(0.,0.,1.));
#2402=DIRECTION('center_axis',(0.,0.,1.));
#2403=DIRECTION('ref_axis',(0.707106534818305,-0.707107027554704,0.));
#2404=DIRECTION('center_axis',(-0.707107027554702,-0.707106534818308,3.14021445792101E-15));
#2405=DIRECTION('ref_axis',(-6.2172489379009E-14,5.77315972805083E-14,-1.));
#2406=DIRECTION('center_axis',(0.707106534818308,-0.707107027554702,-8.79251776862864E-14));
#2407=DIRECTION('ref_axis',(0.707107027554702,0.707106534818308,0.));
#2408=DIRECTION('center_axis',(0.707107027554704,0.707106534818305,0.));
#2409=DIRECTION('ref_axis',(-0.499999825791365,0.500000174208614,-0.70710678118652));
#2410=DIRECTION('center_axis',(5.96634926421826E-14,-5.9663534217777E-14,
1.));
#2411=DIRECTION('ref_axis',(1.,0.,-5.9211894646675E-14));
#2412=DIRECTION('center_axis',(5.96634926421826E-14,-5.9663534217777E-14,
1.));
#2413=DIRECTION('ref_axis',(1.,0.,-5.96634926421826E-14));
#2414=DIRECTION('center_axis',(0.707107027554706,0.707106534818303,-3.14021445792285E-15));
#2415=DIRECTION('ref_axis',(-6.21724893790349E-14,5.77315972805324E-14,
-1.));
#2416=DIRECTION('center_axis',(-5.96634926421826E-14,5.9663534217777E-14,
-1.));
#2417=DIRECTION('ref_axis',(-3.4841719094279E-7,-0.999999999999939,-5.96744875735986E-14));
#2418=DIRECTION('center_axis',(0.707107027554704,0.707106534818305,3.15544362088405E-29));
#2419=DIRECTION('ref_axis',(-0.499999825791373,0.500000174208613,-0.707106781186514));
#2420=DIRECTION('',(-0.707107027554704,-0.707106534818305,-3.15544362088405E-29));
#2421=DIRECTION('',(0.707107027554704,0.707106534818305,3.15544362088405E-29));
#2422=DIRECTION('center_axis',(0.707106534818305,-0.707107027554704,-8.43769498715119E-14));
#2423=DIRECTION('ref_axis',(0.50000017420863,0.499999825791309,0.707106781186548));
#2424=DIRECTION('',(-0.707106534818305,0.707107027554704,8.43769498715119E-14));
#2425=DIRECTION('',(0.707106534818305,-0.707107027554704,-8.43769498715119E-14));
#2426=DIRECTION('center_axis',(-0.707107027554706,-0.707106534818303,0.));
#2427=DIRECTION('ref_axis',(0.,0.,1.));
#2428=DIRECTION('center_axis',(0.,0.,-1.));
#2429=DIRECTION('ref_axis',(-0.707106534818303,0.707107027554706,0.));
#2430=DIRECTION('center_axis',(-0.707107027554702,-0.707106534818308,-2.62582699002445E-20));
#2431=DIRECTION('ref_axis',(-5.32907051820077E-14,5.32907051820077E-14,
1.));
#2432=DIRECTION('center_axis',(-0.707106534818303,0.707107027554706,-7.53644380168169E-14));
#2433=DIRECTION('ref_axis',(0.707107027554706,0.707106534818303,0.));
#2434=DIRECTION('center_axis',(0.707107027554704,0.707106534818305,0.));
#2435=DIRECTION('ref_axis',(0.499999825791326,-0.500000174208578,0.707106781186572));
#2436=DIRECTION('center_axis',(5.49532169072733E-14,-5.4953255200584E-14,
-1.));
#2437=DIRECTION('ref_axis',(-1.,0.,-5.4474943074941E-14));
#2438=DIRECTION('center_axis',(5.49532169072733E-14,-5.4953255200584E-14,
-1.));
#2439=DIRECTION('ref_axis',(-1.,0.,-5.49532169072733E-14));
#2440=DIRECTION('center_axis',(0.707107027554704,0.707106534818305,2.6258270136893E-20));
#2441=DIRECTION('ref_axis',(-5.32907051819869E-14,5.32907051819869E-14,
1.));
#2442=DIRECTION('center_axis',(-5.49532169072733E-14,5.4953255200584E-14,
1.));
#2443=DIRECTION('ref_axis',(-0.999999999999939,3.48417195653067E-7,-5.49560397189483E-14));
#2444=DIRECTION('center_axis',(0.707107027554704,0.707106534818305,-5.67979851759128E-29));
#2445=DIRECTION('ref_axis',(0.499999825791325,-0.500000174208583,0.70710678118657));
#2446=DIRECTION('',(-0.707107027554704,-0.707106534818305,5.67979851759128E-29));
#2447=DIRECTION('',(0.707107027554704,0.707106534818305,-5.67979851759128E-29));
#2448=DIRECTION('center_axis',(-0.707107027554706,-0.707106534818303,0.));
#2449=DIRECTION('ref_axis',(0.,0.,1.));
#2450=DIRECTION('center_axis',(0.707106534818303,-0.707107027554706,-8.79251776862864E-14));
#2451=DIRECTION('ref_axis',(-6.2172489379009E-14,6.2172489379009E-14,-1.));
#2452=DIRECTION('center_axis',(-0.707107027554702,-0.707106534818308,-9.42052521154847E-15));
#2453=DIRECTION('ref_axis',(-0.707106534818308,0.707107027554702,0.));
#2454=DIRECTION('center_axis',(0.,0.,-1.));
#2455=DIRECTION('ref_axis',(0.707107027554702,0.707106534818308,0.));
#2456=DIRECTION('center_axis',(0.707107027554704,0.707106534818305,0.));
#2457=DIRECTION('ref_axis',(-0.499999825791325,0.50000017420857,0.707106781186579));
#2458=DIRECTION('center_axis',(0.707107027554704,0.707106534818305,3.15544362088405E-29));
#2459=DIRECTION('ref_axis',(-0.49999982579132,0.500000174208572,0.707106781186581));
#2460=DIRECTION('center_axis',(-0.707107027554702,-0.707106534818308,3.06346482169523E-20));
#2461=DIRECTION('ref_axis',(6.2172489379009E-14,-6.2172489379009E-14,1.));
#2462=DIRECTION('',(0.707107027554704,0.707106534818305,3.15544362088405E-29));
#2463=DIRECTION('',(-0.707107027554704,-0.707106534818305,-3.15544362088405E-29));
#2464=DIRECTION('center_axis',(-6.12335845538189E-14,6.12336272235079E-14,
-1.));
#2465=DIRECTION('ref_axis',(-1.,0.,6.1580370432542E-14));
#2466=DIRECTION('center_axis',(6.12335845538189E-14,-6.12336272235079E-14,
1.));
#2467=DIRECTION('ref_axis',(-3.48417311839909E-7,-0.999999999999939,-6.12010442324655E-14));
#2468=DIRECTION('center_axis',(-6.12335845538189E-14,6.12336272235079E-14,
-1.));
#2469=DIRECTION('ref_axis',(-3.48417311839909E-7,-0.999999999999939,-6.12336058886633E-14));
#2470=DIRECTION('center_axis',(0.,0.,-1.));
#2471=DIRECTION('ref_axis',(0.999999999999939,-3.4841724547039E-7,0.));
#2472=DIRECTION('',(0.,0.,1.));
#2473=DIRECTION('',(0.,0.,-1.));
#2474=DIRECTION('center_axis',(-0.99999999999996,2.32278196676815E-7,-1.6424549187377E-7));
#2475=DIRECTION('ref_axis',(2.8448152988858E-7,0.816496580927675,-0.577350269189628));
#2476=DIRECTION('center_axis',(-0.707106534818303,0.707107027554706,-7.53644380168169E-14));
#2477=DIRECTION('ref_axis',(5.32907051820077E-14,-5.32907051820077E-14,
-1.));
#2478=DIRECTION('center_axis',(0.707107027554706,0.707106534818303,3.14021226973237E-15));
#2479=DIRECTION('ref_axis',(-0.707106534818303,0.707107027554706,0.));
#2480=DIRECTION('center_axis',(6.28036764654549E-15,-6.28037202292388E-15,
-1.));
#2481=DIRECTION('ref_axis',(0.707107027554706,0.707106534818303,0.));
#2482=DIRECTION('center_axis',(0.707107027554704,0.707106534818305,0.));
#2483=DIRECTION('ref_axis',(-0.499999825791329,0.500000174208587,-0.707106781186564));
#2484=DIRECTION('',(0.707107027554704,0.707106534818305,0.));
#2485=DIRECTION('',(-0.707107027554704,-0.707106534818305,0.));
#2486=DIRECTION('center_axis',(0.500000174208586,0.499999825791334,-0.707106781186562));
#2487=DIRECTION('ref_axis',(-0.500000174208603,-0.499999825791356,-0.707106781186533));
#2488=DIRECTION('center_axis',(-0.577350269189595,2.01158783852406E-7,-0.816496580927723));
#2489=DIRECTION('ref_axis',(-0.81649658092767,2.84481487256015E-7,0.577350269189635));
#2490=DIRECTION('center_axis',(-0.707106534818306,0.707107027554704,2.51214793389389E-14));
#2491=DIRECTION('ref_axis',(1.77635683940025E-14,-1.77635683940025E-14,
1.));
#2492=DIRECTION('center_axis',(-0.707107027554706,-0.707106534818303,8.75275679118704E-21));
#2493=DIRECTION('ref_axis',(-0.707106534818303,0.707107027554706,0.));
#2494=DIRECTION('center_axis',(0.,0.,1.));
#2495=DIRECTION('ref_axis',(-0.707107027554704,-0.707106534818305,0.));
#2496=DIRECTION('center_axis',(-0.577350269189604,2.01158762536125E-7,-0.816496580927716));
#2497=DIRECTION('ref_axis',(0.816496580927667,-2.84481451728881E-7,-0.57735026918964));
#2498=DIRECTION('center_axis',(0.,0.,-1.));
#2499=DIRECTION('ref_axis',(0.707106534818305,-0.707107027554704,0.));
#2500=DIRECTION('center_axis',(0.707107027554704,0.707106534818305,-3.06346484930536E-20));
#2501=DIRECTION('ref_axis',(-6.2172489379009E-14,6.2172489379009E-14,-1.));
#2502=DIRECTION('center_axis',(0.707106534818303,-0.707107027554706,-8.47849916748244E-14));
#2503=DIRECTION('ref_axis',(0.707107027554706,0.707106534818303,0.));
#2504=DIRECTION('center_axis',(-0.99999999999996,2.32278168255107E-7,1.6424547055749E-7));
#2505=DIRECTION('ref_axis',(2.8448150146687E-7,0.816496580927675,0.577350269189628));
#2506=DIRECTION('center_axis',(0.,0.,1.));
#2507=DIRECTION('ref_axis',(-0.707106534818305,0.707107027554704,0.));
#2508=DIRECTION('center_axis',(0.707107027554704,0.707106534818305,3.14017725870523E-15));
#2509=DIRECTION('ref_axis',(1.33226762955019E-14,-1.77635683940025E-14,
1.));
#2510=DIRECTION('center_axis',(-0.707106534818303,0.707107027554706,2.51214793389389E-14));
#2511=DIRECTION('ref_axis',(0.707107027554706,0.707106534818303,0.));
#2512=DIRECTION('center_axis',(0.707107027554704,0.707106534818305,-7.88860905221012E-30));
#2513=DIRECTION('ref_axis',(-0.499999825791342,0.500000174208594,0.70710678118655));
#2514=DIRECTION('',(-0.707107027554704,-0.707106534818305,7.88860905221012E-30));
#2515=DIRECTION('',(0.707107027554704,0.707106534818305,-7.88860905221012E-30));
#2516=DIRECTION('center_axis',(-0.707107027554704,-0.707106534818305,6.31088724176809E-30));
#2517=DIRECTION('ref_axis',(0.49999982579133,-0.500000174208569,-0.707106781186577));
#2518=DIRECTION('',(0.707107027554704,0.707106534818305,-6.31088724176809E-30));
#2519=DIRECTION('',(-0.707107027554704,-0.707106534818305,6.31088724176809E-30));
#2520=DIRECTION('center_axis',(0.500000174208593,0.499999825791338,-0.707106781186553));
#2521=DIRECTION('ref_axis',(0.500000174208595,0.499999825791352,0.707106781186542));
#2522=DIRECTION('center_axis',(0.577350269189584,-2.01158798063262E-7,-0.816496580927731));
#2523=DIRECTION('ref_axis',(0.816496580927678,-2.84481494361444E-7,0.577350269189624));
#2524=DIRECTION('center_axis',(0.707106534818305,-0.707107027554704,-2.51214793389389E-14));
#2525=DIRECTION('ref_axis',(1.77635683940025E-14,-1.77635683940025E-14,
1.));
#2526=DIRECTION('center_axis',(0.707107027554704,0.707106534818306,-8.75275671230098E-21));
#2527=DIRECTION('ref_axis',(0.707106534818305,-0.707107027554704,0.));
#2528=DIRECTION('center_axis',(0.,0.,1.));
#2529=DIRECTION('ref_axis',(0.707107027554706,0.707106534818303,0.));
#2530=DIRECTION('center_axis',(-0.99999999999996,2.3227816114968E-7,-1.64245463452062E-7));
#2531=DIRECTION('ref_axis',(-2.84481487256016E-7,-0.816496580927679,0.577350269189622));
#2532=DIRECTION('center_axis',(0.,0.,1.));
#2533=DIRECTION('ref_axis',(0.707106534818305,-0.707107027554704,0.));
#2534=DIRECTION('center_axis',(-0.707107027554704,-0.707106534818306,3.14019257602948E-15));
#2535=DIRECTION('ref_axis',(1.77635683940025E-14,-1.33226762955019E-14,
1.));
#2536=DIRECTION('center_axis',(0.707106534818305,-0.707107027554704,-2.19812933274769E-14));
#2537=DIRECTION('ref_axis',(-0.707107027554704,-0.707106534818305,0.));
#2538=DIRECTION('center_axis',(0.707107027554704,0.707106534818305,0.));
#2539=DIRECTION('ref_axis',(0.499999825791349,-0.500000174208601,0.70710678118654));
#2540=DIRECTION('',(-0.707107027554704,-0.707106534818305,0.));
#2541=DIRECTION('',(0.707107027554704,0.707106534818305,0.));
#2542=DIRECTION('center_axis',(-0.707106534818305,0.707107027554704,2.12052597703415E-14));
#2543=DIRECTION('ref_axis',(-0.500000174208587,-0.499999825791354,0.707106781186546));
#2544=DIRECTION('',(0.707106534818305,-0.707107027554704,-2.12052597703415E-14));
#2545=DIRECTION('',(-0.707106534818305,0.707107027554704,2.12052597703415E-14));
#2546=DIRECTION('center_axis',(1.8471669548663E-16,-1.84716824203641E-16,
1.));
#2547=DIRECTION('ref_axis',(-3.48417258031127E-7,-0.999999999999939,0.));
#2548=DIRECTION('',(1.8471669548663E-16,-1.8471682420364E-16,1.));
#2549=DIRECTION('',(-1.8471669548663E-16,1.84716824203641E-16,-1.));
#2550=DIRECTION('center_axis',(-1.8471669548663E-16,1.8471682420364E-16,
-1.));
#2551=DIRECTION('ref_axis',(0.999999999999939,-3.4841725175076E-7,0.));
#2552=DIRECTION('',(1.8471669548663E-16,-1.8471682420364E-16,1.));
#2553=DIRECTION('',(-1.8471669548663E-16,1.8471682420364E-16,-1.));
#2554=DIRECTION('center_axis',(0.707106534818305,-0.707107027554704,-2.12052597703415E-14));
#2555=DIRECTION('ref_axis',(0.500000174208605,0.499999825791334,0.707106781186548));
#2556=DIRECTION('',(-0.707106534818305,0.707107027554704,2.12052597703415E-14));
#2557=DIRECTION('',(0.707106534818305,-0.707107027554704,-2.12052597703415E-14));
#2558=DIRECTION('center_axis',(3.6943339097326E-16,-3.69433648407281E-16,
1.));
#2559=DIRECTION('ref_axis',(3.48417245470385E-7,0.999999999999939,0.));
#2560=DIRECTION('',(-3.6943339097326E-16,3.69433648407281E-16,-1.));
#2561=DIRECTION('',(3.6943339097326E-16,-3.69433648407281E-16,1.));
#2562=DIRECTION('center_axis',(-0.707106534818305,0.707107027554704,8.65973959207621E-14));
#2563=DIRECTION('ref_axis',(0.500000174208555,0.499999825791384,-0.707106781186548));
#2564=DIRECTION('',(0.707106534818305,-0.707107027554704,-8.65973959207621E-14));
#2565=DIRECTION('',(-0.707106534818305,0.707107027554704,8.65973959207621E-14));
#2566=DIRECTION('center_axis',(-3.6943339097326E-16,3.69433648407281E-16,
-1.));
#2567=DIRECTION('ref_axis',(-0.999999999999939,3.4841725803113E-7,0.));
#2568=DIRECTION('',(3.6943339097326E-16,-3.69433648407281E-16,1.));
#2569=DIRECTION('',(-3.6943339097326E-16,3.69433648407281E-16,-1.));
#2570=DIRECTION('center_axis',(-0.707106534818305,0.707107027554704,2.12052597703415E-14));
#2571=DIRECTION('ref_axis',(-0.500000174208577,-0.499999825791357,0.707106781186551));
#2572=DIRECTION('',(-0.707106534818305,0.707107027554704,2.12052597703415E-14));
#2573=DIRECTION('',(0.707106534818305,-0.707107027554704,-2.12052597703415E-14));
#2574=DIRECTION('center_axis',(-0.707106534818305,0.707107027554704,-7.77156117237608E-14));
#2575=DIRECTION('ref_axis',(0.50000017420863,0.499999825791309,-0.707106781186548));
#2576=DIRECTION('',(0.707106534818305,-0.707107027554704,7.77156117237608E-14));
#2577=DIRECTION('',(-0.707106534818305,0.707107027554704,-7.77156117237608E-14));
#2578=DIRECTION('center_axis',(0.,0.,1.));
#2579=DIRECTION('ref_axis',(3.48417245470385E-7,0.999999999999939,0.));
#2580=DIRECTION('',(0.,0.,-1.));
#2581=DIRECTION('',(0.,0.,1.));
#2582=DIRECTION('center_axis',(0.707106534818305,-0.707107027554704,6.6613381477509E-15));
#2583=DIRECTION('ref_axis',(0.500000174208589,0.499999825791356,0.707106781186543));
#2584=DIRECTION('',(-0.707106534818305,0.707107027554704,-6.6613381477509E-15));
#2585=DIRECTION('',(0.707106534818305,-0.707107027554704,6.6613381477509E-15));
#2586=DIRECTION('center_axis',(3.6943339097326E-16,-3.69433648407281E-16,
1.));
#2587=DIRECTION('ref_axis',(3.48417251750755E-7,0.999999999999939,0.));
#2588=DIRECTION('',(-3.6943339097326E-16,3.69433648407281E-16,-1.));
#2589=DIRECTION('',(3.6943339097326E-16,-3.69433648407281E-16,1.));
#2590=DIRECTION('center_axis',(1.8471669548663E-16,-1.84716824203641E-16,
1.));
#2591=DIRECTION('ref_axis',(-3.48417245470388E-7,-0.999999999999939,0.));
#2592=DIRECTION('',(-1.8471669548663E-16,1.84716824203641E-16,-1.));
#2593=DIRECTION('',(1.8471669548663E-16,-1.8471682420364E-16,1.));
#2594=DIRECTION('center_axis',(-3.6943339097326E-16,3.69433648407281E-16,
-1.));
#2595=DIRECTION('ref_axis',(-0.999999999999939,3.48417245470388E-7,0.));
#2596=DIRECTION('',(-3.6943339097326E-16,3.69433648407281E-16,-1.));
#2597=DIRECTION('',(3.6943339097326E-16,-3.69433648407281E-16,1.));
#2598=DIRECTION('center_axis',(0.707106534818305,-0.707107027554704,-2.1094237467879E-14));
#2599=DIRECTION('ref_axis',(-0.500000174208602,-0.499999825791344,-0.707106781186543));
#2600=DIRECTION('',(0.707106534818305,-0.707107027554704,-2.1094237467879E-14));
#2601=DIRECTION('',(-0.707106534818305,0.707107027554704,2.1094237467879E-14));
#2602=DIRECTION('center_axis',(0.707106534818305,-0.707107027554704,-2.1094237467879E-14));
#2603=DIRECTION('ref_axis',(-0.500000174208605,-0.499999825791334,-0.707106781186548));
#2604=DIRECTION('center_axis',(-0.999999999999939,3.48417248610573E-7,1.33226824846347E-14));
#2605=DIRECTION('ref_axis',(-3.48417248628718E-7,-0.999999999999939,-1.64369054268458E-14));
#2606=DIRECTION('',(-0.707106534818305,0.707107027554704,2.1094237467879E-14));
#2607=DIRECTION('',(0.707106534818305,-0.707107027554704,-2.1094237467879E-14));
#2608=DIRECTION('center_axis',(1.49943777561282E-14,-1.49943882047315E-14,
1.));
#2609=DIRECTION('ref_axis',(-0.707106534818305,0.707107027554704,2.12052597703415E-14));
#2610=DIRECTION('center_axis',(-0.707107027554704,-0.707106534818305,0.));
#2611=DIRECTION('ref_axis',(0.,0.,1.));
#2612=DIRECTION('',(0.707106534818305,-0.707107027554704,7.77156117237608E-14));
#2613=DIRECTION('',(0.,0.,-1.));
#2614=DIRECTION('center_axis',(5.49532169072733E-14,-5.4953255200584E-14,
-1.));
#2615=DIRECTION('ref_axis',(0.707106534818305,-0.707107027554704,7.77156117237608E-14));
#2616=DIRECTION('',(0.707107027554704,0.707106534818305,0.));
#2617=DIRECTION('center_axis',(-0.707106534818305,0.707107027554704,0.));
#2618=DIRECTION('ref_axis',(0.,0.,1.));
#2619=DIRECTION('',(0.,0.,-1.));
#2620=DIRECTION('center_axis',(0.,0.,1.));
#2621=DIRECTION('ref_axis',(-0.999999999999939,3.48417245470385E-7,0.));
#2622=DIRECTION('center_axis',(-4.71027573490913E-15,4.7102790171929E-15,
1.));
#2623=DIRECTION('ref_axis',(-0.707106534818305,0.707107027554704,-6.6613381477509E-15));
#2624=DIRECTION('',(-0.707106534818305,0.707107027554704,-6.6613381477509E-15));
#2625=DIRECTION('',(-0.707107027554704,-0.707106534818305,0.));
#2626=DIRECTION('center_axis',(-0.707107027554704,-0.707106534818305,0.));
#2627=DIRECTION('ref_axis',(0.,0.,1.));
#2628=DIRECTION('',(0.,0.,-1.));
#2629=DIRECTION('center_axis',(-0.707107027554704,-0.707106534818305,-1.57772181044202E-30));
#2630=DIRECTION('ref_axis',(0.499999825791342,-0.500000174208594,-0.70710678118655));
#2631=DIRECTION('',(-0.707107027554704,-0.707106534818305,-1.57772181044202E-30));
#2632=DIRECTION('',(0.707107027554704,0.707106534818305,1.57772181044202E-30));
#2633=DIRECTION('center_axis',(-0.707106534818305,0.707107027554704,5.2245789394124E-16));
#2634=DIRECTION('ref_axis',(-3.6943339097326E-16,3.69433648407281E-16,-1.));
#2635=DIRECTION('center_axis',(0.707106534818305,-0.707107027554704,-2.6122894697062E-16));
#2636=DIRECTION('ref_axis',(1.8471669548663E-16,-1.84716824203641E-16,1.));
#2637=DIRECTION('center_axis',(-0.707106534818305,0.707107027554704,5.2245789394124E-16));
#2638=DIRECTION('ref_axis',(-3.6943339097326E-16,3.69433648407281E-16,-1.));
#2639=DIRECTION('center_axis',(0.707106534818305,-0.707107027554704,-2.6122894697062E-16));
#2640=DIRECTION('ref_axis',(1.8471669548663E-16,-1.84716824203641E-16,1.));
#2641=DIRECTION('center_axis',(0.707107027554704,0.707106534818305,0.));
#2642=DIRECTION('ref_axis',(0.,0.,-1.));
#2643=DIRECTION('center_axis',(-0.707107027554704,-0.707106534818305,0.));
#2644=DIRECTION('ref_axis',(0.,0.,1.));
#2645=DIRECTION('',(-0.707106534818305,0.707107027554704,8.43769498715119E-14));
#2646=DIRECTION('',(0.,0.,1.));
#2647=DIRECTION('center_axis',(-1.49158731605464E-14,1.4915883554445E-14,
-1.));
#2648=DIRECTION('ref_axis',(0.707106534818305,-0.707107027554704,-2.1094237467879E-14));
#2649=DIRECTION('center_axis',(0.,0.,-1.));
#2650=DIRECTION('ref_axis',(-3.48417245470388E-7,-0.999999999999939,0.));
#2651=DIRECTION('',(0.,0.,1.));
#2652=DIRECTION('center_axis',(-0.707107027554706,-0.707106534818303,0.));
#2653=DIRECTION('ref_axis',(-0.707106534818303,0.707107027554706,0.));
#2654=DIRECTION('center_axis',(-0.707107027554704,-0.707106534818305,0.));
#2655=DIRECTION('ref_axis',(-0.707106534818305,0.707107027554704,0.));
#2656=DIRECTION('',(0.707107027554706,0.707106534818303,0.));
#2657=DIRECTION('center_axis',(0.707107027554704,0.707106534818305,0.));
#2658=DIRECTION('ref_axis',(-0.707106534818305,0.707107027554704,0.));
#2659=DIRECTION('center_axis',(-3.48108345054719E-7,-0.999999999691042,
2.48554647020818E-5));
#2660=DIRECTION('ref_axis',(0.,-2.48554647020833E-5,-0.999999999691103));
#2661=DIRECTION('',(2.48554733621529E-5,2.48554560420078E-5,0.999999999382206));
#2662=DIRECTION('',(-0.816491797402191,1.46347049789188E-5,0.577357033871386));
#2663=DIRECTION('',(-2.48554733621529E-5,-2.48554560420078E-5,-0.999999999382206));
#2664=DIRECTION('',(-0.816501364285017,-1.40659101571271E-5,-0.577343504270081));
#2665=DIRECTION('center_axis',(0.499999825791354,-0.500000174208599,0.707106781186538));
#2666=DIRECTION('ref_axis',(0.816496675754898,0.,-0.577350135083729));
#2667=DIRECTION('',(0.707107027554701,0.707106534818308,0.));
#2668=DIRECTION('',(2.84481503764561E-7,0.816496580927671,0.577350269189633));
#2669=DIRECTION('',(-0.707107027554701,-0.707106534818308,0.));
#2670=DIRECTION('center_axis',(0.999999999999939,-3.4841726274141E-7,1.57009245868376E-15));
#2671=DIRECTION('ref_axis',(1.57009245868385E-15,0.,-1.));
#2672=DIRECTION('',(1.57009300573098E-15,1.5700919116364E-15,-1.));
#2673=DIRECTION('',(2.84481510174433E-7,0.816496580927673,-0.577350269189631));
#2674=DIRECTION('',(-1.57009300573098E-15,-1.5700919116364E-15,1.));
#2675=DIRECTION('center_axis',(0.499999825791349,-0.500000174208594,-0.707106781186545));
#2676=DIRECTION('ref_axis',(-0.816496675754904,0.,-0.577350135083722));
#2677=DIRECTION('',(0.707107027554701,0.707106534818308,0.));
#2678=DIRECTION('',(-0.707107027554701,-0.707106534818308,0.));
#2679=DIRECTION('center_axis',(0.,0.,-1.));
#2680=DIRECTION('ref_axis',(0.707107027554701,0.707106534818308,0.));
#2681=DIRECTION('',(0.707106534818308,-0.707107027554701,0.));
#2682=DIRECTION('',(0.707107027554704,0.707106534818305,0.));
#2683=DIRECTION('',(0.707106534818308,-0.707107027554701,0.));
#2684=DIRECTION('center_axis',(-0.707107027117854,-0.707106534381462,3.51509352807699E-5));
#2685=DIRECTION('ref_axis',(-2.4855473362153E-5,-2.48554560420077E-5,-0.999999999382206));
#2686=DIRECTION('',(0.707106534818308,-0.707107027554701,0.));
#2687=DIRECTION('',(-2.4855473362153E-5,-2.48554560420077E-5,-0.999999999382206));
#2688=DIRECTION('center_axis',(0.707106534818308,-0.707107027554701,0.));
#2689=DIRECTION('ref_axis',(0.,0.,-1.));
#2690=DIRECTION('center_axis',(0.49999982579133,-0.500000174208628,0.707106781186535));
#2691=DIRECTION('ref_axis',(0.81649667575491,0.,-0.577350135083713));
#2692=DIRECTION('',(0.707107027554701,0.707106534818308,5.32907051820075E-14));
#2693=DIRECTION('',(2.844814909448E-7,0.816496580927655,0.577350269189657));
#2694=DIRECTION('',(-0.707107027554701,-0.707106534818308,-5.32907051820075E-14));
#2695=DIRECTION('',(-0.816496580927685,2.84481484534935E-7,0.577350269189614));
#2696=DIRECTION('center_axis',(0.999999999999939,-3.48417239190018E-7,3.14018491736756E-15));
#2697=DIRECTION('ref_axis',(3.14018491736775E-15,0.,-1.));
#2698=DIRECTION('',(3.14018601146193E-15,3.14018382327278E-15,-1.));
#2699=DIRECTION('',(2.84481490944803E-7,0.816496580927677,-0.577350269189625));
#2700=DIRECTION('',(-3.14018601146193E-15,-3.14018382327278E-15,1.));
#2701=DIRECTION('center_axis',(0.499999825791349,-0.500000174208594,-0.707106781186545));
#2702=DIRECTION('ref_axis',(-0.816496675754904,0.,-0.577350135083722));
#2703=DIRECTION('',(-0.707107027554701,-0.707106534818308,0.));
#2704=DIRECTION('',(-0.816496580927673,2.8448148453493E-7,-0.577350269189631));
#2705=DIRECTION('',(0.707107027554701,0.707106534818308,0.));
#2706=DIRECTION('center_axis',(-3.4841725489094E-7,-0.999999999999939,1.57009245868385E-15));
#2707=DIRECTION('ref_axis',(0.,-1.57009245868395E-15,-1.));
#2708=DIRECTION('',(-1.57009300573103E-15,-1.57009191163645E-15,-1.));
#2709=DIRECTION('',(1.57009300573103E-15,1.57009191163645E-15,1.));
#2710=DIRECTION('center_axis',(-0.707107027554701,-0.707106534818308,2.2204460492504E-15));
#2711=DIRECTION('ref_axis',(-1.57009300573104E-15,-1.57009191163645E-15,
-1.));
#2712=DIRECTION('',(0.707106534818308,-0.707107027554701,0.));
#2713=DIRECTION('',(-1.57009300573104E-15,-1.57009191163645E-15,-1.));
#2714=DIRECTION('',(0.707106534818308,-0.707107027554701,0.));
#2715=DIRECTION('center_axis',(-3.76822321375432E-14,-3.76822058792734E-14,
1.));
#2716=DIRECTION('ref_axis',(-0.707107027554704,-0.707106534818305,-5.32907051820075E-14));
#2717=DIRECTION('',(0.707106534818308,-0.707107027554701,0.));
#2718=DIRECTION('',(-0.707107027554704,-0.707106534818305,-5.32907051820075E-14));
#2719=DIRECTION('center_axis',(0.707106534818308,-0.707107027554701,0.));
#2720=DIRECTION('ref_axis',(0.,0.,-1.));
#2721=DIRECTION('center_axis',(0.707107027554701,0.707106534818308,2.22044604925033E-15));
#2722=DIRECTION('ref_axis',(8.34110233962238E-16,-3.97429682666194E-15,
1.));
#2723=DIRECTION('',(-1.57009300573099E-15,-1.5700919116364E-15,1.));
#2724=DIRECTION('',(0.707106534818308,-0.707107027554701,0.));
#2725=DIRECTION('center_axis',(0.,0.,1.));
#2726=DIRECTION('ref_axis',(-0.707107027554704,-0.707106534818305,0.));
#2727=DIRECTION('',(-0.707107027554704,-0.707106534818305,0.));
#2728=DIRECTION('center_axis',(0.,0.,-1.));
#2729=DIRECTION('ref_axis',(0.707107027554704,0.707106534818305,0.));
#2730=DIRECTION('',(0.707107027554704,0.707106534818305,0.));
#2731=DIRECTION('',(0.707106534818308,-0.707107027554701,0.));
#2732=DIRECTION('center_axis',(0.707107027554701,0.707106534818308,4.44089209850062E-15));
#2733=DIRECTION('ref_axis',(-3.18925138370059E-15,-3.09111841684367E-15,
1.));
#2734=DIRECTION('',(-3.14018601146195E-15,-3.14018382327277E-15,1.));
#2735=DIRECTION('center_axis',(-0.499999825791346,0.500000174208601,-0.707106781186542));
#2736=DIRECTION('ref_axis',(-0.816496675754904,0.,0.577350135083721));
#2737=DIRECTION('',(0.707107027554708,0.707106534818301,0.));
#2738=DIRECTION('',(0.816496580927673,-2.84481490944806E-7,-0.577350269189631));
#2739=DIRECTION('',(-0.707107027554708,-0.707106534818301,0.));
#2740=DIRECTION('',(-2.84481510174436E-7,-0.816496580927668,-0.577350269189637));
#2741=DIRECTION('center_axis',(3.48417239190023E-7,0.999999999999939,-7.53042008917881E-30));
#2742=DIRECTION('ref_axis',(0.,7.53042008917927E-30,1.));
#2743=DIRECTION('',(7.53042271290677E-30,7.53041746545018E-30,1.));
#2744=DIRECTION('',(0.816496580927673,-2.84481490944806E-7,0.577350269189631));
#2745=DIRECTION('',(-7.53042271290677E-30,-7.53041746545018E-30,-1.));
#2746=DIRECTION('center_axis',(-0.499999825791332,0.500000174208587,0.707106781186562));
#2747=DIRECTION('ref_axis',(0.816496675754919,0.,0.577350135083699));
#2748=DIRECTION('',(-0.707107027554708,-0.707106534818301,0.));
#2749=DIRECTION('',(-2.84481510174436E-7,-0.816496580927668,0.577350269189637));
#2750=DIRECTION('',(0.707107027554708,0.707106534818301,0.));
#2751=DIRECTION('center_axis',(-0.999999999999939,3.48417270591875E-7,0.));
#2752=DIRECTION('ref_axis',(0.,0.,1.));
#2753=DIRECTION('',(0.,0.,1.));
#2754=DIRECTION('',(0.,0.,-1.));
#2755=DIRECTION('center_axis',(-0.707107027554708,-0.707106534818301,0.));
#2756=DIRECTION('ref_axis',(0.,0.,1.));
#2757=DIRECTION('',(-0.707106534818301,0.707107027554708,0.));
#2758=DIRECTION('',(0.,0.,1.));
#2759=DIRECTION('',(-0.707106534818301,0.707107027554708,0.));
#2760=DIRECTION('center_axis',(0.,0.,-1.));
#2761=DIRECTION('ref_axis',(-0.707107027554704,-0.707106534818305,0.));
#2762=DIRECTION('',(-0.707106534818301,0.707107027554708,0.));
#2763=DIRECTION('',(-0.707107027554704,-0.707106534818305,0.));
#2764=DIRECTION('center_axis',(-0.707106534818301,0.707107027554708,0.));
#2765=DIRECTION('ref_axis',(0.,0.,1.));
#2766=DIRECTION('center_axis',(-0.499999825791352,0.500000174208607,-0.707106781186534));
#2767=DIRECTION('ref_axis',(-0.816496675754898,0.,0.57735013508373));
#2768=DIRECTION('',(0.707107027554708,0.707106534818301,0.));
#2769=DIRECTION('',(0.816496580927664,-2.84481471715185E-7,-0.577350269189643));
#2770=DIRECTION('',(-0.707107027554708,-0.707106534818301,0.));
#2771=DIRECTION('',(-2.84481497354685E-7,-0.816496580927668,-0.577350269189637));
#2772=DIRECTION('center_axis',(3.4841722348911E-7,0.999999999999939,0.));
#2773=DIRECTION('ref_axis',(0.,0.,1.));
#2774=DIRECTION('',(0.,0.,1.));
#2775=DIRECTION('',(0.816496580927667,-2.84481471715186E-7,0.577350269189639));
#2776=DIRECTION('',(0.,0.,-1.));
#2777=DIRECTION('center_axis',(-0.499999825791337,0.500000174208592,0.707106781186555));
#2778=DIRECTION('ref_axis',(0.816496675754914,0.,0.577350135083707));
#2779=DIRECTION('',(-0.707107027554708,-0.707106534818301,0.));
#2780=DIRECTION('',(-2.8448148453493E-7,-0.816496580927678,0.577350269189624));
#2781=DIRECTION('',(0.707107027554708,0.707106534818301,0.));
#2782=DIRECTION('center_axis',(-0.999999999999939,3.48417239190021E-7,0.));
#2783=DIRECTION('ref_axis',(0.,0.,1.));
#2784=DIRECTION('',(0.,0.,1.));
#2785=DIRECTION('',(0.,0.,-1.));
#2786=DIRECTION('center_axis',(-0.707107027554708,-0.707106534818301,0.));
#2787=DIRECTION('ref_axis',(0.,0.,1.));
#2788=DIRECTION('',(-0.707106534818301,0.707107027554708,0.));
#2789=DIRECTION('',(0.,0.,1.));
#2790=DIRECTION('',(-0.707106534818301,0.707107027554708,0.));
#2791=DIRECTION('center_axis',(0.,0.,-1.));
#2792=DIRECTION('ref_axis',(-0.707107027554704,-0.707106534818305,0.));
#2793=DIRECTION('',(-0.707106534818301,0.707107027554708,0.));
#2794=DIRECTION('',(-0.707107027554704,-0.707106534818305,0.));
#2795=DIRECTION('center_axis',(-0.707106534818301,0.707107027554708,0.));
#2796=DIRECTION('ref_axis',(0.,0.,1.));
#2797=DIRECTION('center_axis',(0.707107027554708,0.707106534818301,-1.06496222204837E-29));
#2798=DIRECTION('ref_axis',(-1.27281432926627E-15,1.27281521620752E-15,
-1.));
#2799=DIRECTION('',(-0.707106534818301,0.707107027554708,0.));
#2800=DIRECTION('',(-7.53042271290673E-30,-7.53041746545023E-30,-1.));
#2801=DIRECTION('center_axis',(0.,0.,1.));
#2802=DIRECTION('ref_axis',(0.707107027554706,0.707106534818304,0.));
#2803=DIRECTION('',(0.707107027554704,0.707106534818305,0.));
#2804=DIRECTION('center_axis',(0.707107027554708,0.707106534818301,0.));
#2805=DIRECTION('ref_axis',(0.,0.,-1.));
#2806=DIRECTION('',(-0.707106534818301,0.707107027554708,0.));
#2807=DIRECTION('',(0.,0.,-1.));
#2808=DIRECTION('center_axis',(0.,0.,1.));
#2809=DIRECTION('ref_axis',(0.707107027554704,0.707106534818305,0.));
#2810=DIRECTION('',(0.707107027554704,0.707106534818305,0.));
#2811=DIRECTION('center_axis',(0.707106534818305,-0.707107027554704,0.));
#2812=DIRECTION('ref_axis',(0.,0.,-1.));
#2813=DIRECTION('center_axis',(-0.707106534818305,0.707107027554704,0.));
#2814=DIRECTION('ref_axis',(0.,0.,-1.));
#2815=DIRECTION('',(0.707107027554704,0.707106534818305,0.));
#2816=DIRECTION('center_axis',(5.96634926421826E-14,-5.9663534217777E-14,
1.));
#2817=DIRECTION('ref_axis',(-0.707106534818305,0.707107027554704,8.43769498715119E-14));
#2818=DIRECTION('center_axis',(0.707106534818305,-0.707107027554704,0.));
#2819=DIRECTION('ref_axis',(0.,0.,1.));
#2820=DIRECTION('center_axis',(-0.707106534818305,0.707107027554704,0.));
#2821=DIRECTION('ref_axis',(0.,0.,-1.));
#2822=DIRECTION('',(-0.707107027554704,-0.707106534818305,6.31088724176809E-30));
#2823=DIRECTION('',(0.,0.,1.));
#2824=DIRECTION('center_axis',(-6.12335845538189E-14,6.12336272235079E-14,
-1.));
#2825=DIRECTION('ref_axis',(0.707106534818305,-0.707107027554704,-8.65973959207621E-14));
#2826=DIRECTION('',(0.707106534818305,-0.707107027554704,-8.65973959207621E-14));
#2827=DIRECTION('center_axis',(-0.707107027554704,-0.707106534818305,0.));
#2828=DIRECTION('ref_axis',(0.,0.,1.));
#2829=DIRECTION('center_axis',(0.707106534818305,-0.707107027554704,0.));
#2830=DIRECTION('ref_axis',(0.,0.,1.));
#2831=CARTESIAN_POINT('',(0.,0.,0.));
#2832=CARTESIAN_POINT('Ctrl Pts',(18.7695655282269,31.1521775377917,-36.));
#2833=CARTESIAN_POINT('Ctrl Pts',(18.6743608053819,30.8982985459251,-36.));
#2834=CARTESIAN_POINT('Ctrl Pts',(18.5162637686584,30.4767068947855,-35.9344403485554));
#2835=CARTESIAN_POINT('Ctrl Pts',(18.3743314117794,30.0982210108824,-35.7241353604643));
#2836=CARTESIAN_POINT('Ctrl Pts',(18.3453010653259,30.0208068357142,-35.5747998250855));
#2837=CARTESIAN_POINT('Ctrl Pts',(18.3453010653259,30.0208068357142,-35.5));
#2838=CARTESIAN_POINT('Ctrl Pts',(18.7695655282269,31.1521775377917,-36.));
#2839=CARTESIAN_POINT('Ctrl Pts',(18.7060956835116,30.8982985348681,-36.));
#2840=CARTESIAN_POINT('Ctrl Pts',(18.6000790631014,30.4770958245316,-35.9029789542384));
#2841=CARTESIAN_POINT('Ctrl Pts',(18.4845172090213,30.1709707638908,-35.6593754453165));
#2842=CARTESIAN_POINT('Ctrl Pts',(18.4563731774792,30.1318788704688,-35.5510686326732));
#2843=CARTESIAN_POINT('Ctrl Pts',(18.4563731774792,30.1318788704688,-35.5));
#2844=CARTESIAN_POINT('Ctrl Pts',(18.7695655282269,31.1521775377917,-36.));
#2845=CARTESIAN_POINT('Ctrl Pts',(18.769565439771,30.8982985127541,-36.));
#2846=CARTESIAN_POINT('Ctrl Pts',(18.7695652930674,30.4772412653696,-35.8721512783738));
#2847=CARTESIAN_POINT('Ctrl Pts',(18.7695652143927,30.2514352606564,-35.5874941678335));
#2848=CARTESIAN_POINT('Ctrl Pts',(18.7695652177257,30.2610012574529,-35.5241310227636));
#2849=CARTESIAN_POINT('Ctrl Pts',(18.7695652177257,30.2610012574529,-35.5));
#2850=CARTESIAN_POINT('Ctrl Pts',(18.7695655282269,31.1521775377917,-36.));
#2851=CARTESIAN_POINT('Ctrl Pts',(18.8330351960304,30.8982984906402,-36.));
#2852=CARTESIAN_POINT('Ctrl Pts',(18.9390515229321,30.4770957064277,-35.9029789542384));
#2853=CARTESIAN_POINT('Ctrl Pts',(19.0546131636937,30.1709705652595,-35.6593754453165));
#2854=CARTESIAN_POINT('Ctrl Pts',(19.0827571679951,30.1318786522258,-35.5510686326732));
#2855=CARTESIAN_POINT('Ctrl Pts',(19.0827571679951,30.1318786522258,-35.5));
#2856=CARTESIAN_POINT('Ctrl Pts',(18.7695655282269,31.1521775377917,-36.));
#2857=CARTESIAN_POINT('Ctrl Pts',(18.8647700741601,30.8982984795832,-36.));
#2858=CARTESIAN_POINT('Ctrl Pts',(19.022866817104,30.4767067182762,-35.9344403485554));
#2859=CARTESIAN_POINT('Ctrl Pts',(19.164798910241,30.0982207354699,-35.7241353604643));
#2860=CARTESIAN_POINT('Ctrl Pts',(19.1938292027497,30.0208065400724,-35.5747998250855));
#2861=CARTESIAN_POINT('Ctrl Pts',(19.1938292027497,30.0208065400724,-35.5));
#2862=CARTESIAN_POINT('',(19.1938292027497,30.0208065400724,-35.5));
#2863=CARTESIAN_POINT('',(18.3453010653259,30.0208068357142,-35.5));
#2864=CARTESIAN_POINT('Origin',(18.7695649862168,29.5965426191814,-35.5));
#2865=CARTESIAN_POINT('',(18.7695655282269,31.1521775377917,-36.));
#2866=CARTESIAN_POINT('Origin',(18.7695655282269,31.1521775377917,-35.5));
#2867=CARTESIAN_POINT('Origin',(18.7695655282269,31.1521775377917,-35.5));
#2868=CARTESIAN_POINT('Origin',(18.7695649862168,29.5965426191814,-31.75));
#2869=CARTESIAN_POINT('',(18.6258818582742,30.1790845994237,-32.));
#2870=CARTESIAN_POINT('',(18.3453010653259,30.0208068357142,-32.));
#2871=CARTESIAN_POINT('Origin',(18.7695649862168,29.5965426191814,-32.));
#2872=CARTESIAN_POINT('',(18.3453010653259,30.0208068357142,-31.75));
#2873=CARTESIAN_POINT('',(19.1938291858035,30.0208065570186,-31.5990147056373));
#2874=CARTESIAN_POINT('',(19.1938292027497,30.0208065400724,-31.75));
#2875=CARTESIAN_POINT('Ctrl Pts',(19.1938291776022,30.0208065652199,-31.5990146936323));
#2876=CARTESIAN_POINT('Ctrl Pts',(19.172469532443,30.0421662227311,-31.6283375369232));
#2877=CARTESIAN_POINT('Ctrl Pts',(19.1435632001623,30.068036235896,-31.6756740332505));
#2878=CARTESIAN_POINT('Ctrl Pts',(19.0612824510816,30.1234759914214,-31.7842031736047));
#2879=CARTESIAN_POINT('Ctrl Pts',(19.0107139918842,30.1495127320816,-31.8392838586169));
#2880=CARTESIAN_POINT('Ctrl Pts',(18.9070793928036,30.1823836508603,-31.9181603573491));
#2881=CARTESIAN_POINT('Ctrl Pts',(18.8586459714653,30.1922396696627,-31.9461378509456));
#2882=CARTESIAN_POINT('Ctrl Pts',(18.7587390393768,30.1983041425125,-31.9841994468821));
#2883=CARTESIAN_POINT('Ctrl Pts',(18.7098514011619,30.1956688341654,-31.9952106659908));
#2884=CARTESIAN_POINT('Ctrl Pts',(18.6488639061513,30.1843958935098,-31.9995897677441));
#2885=CARTESIAN_POINT('Ctrl Pts',(18.637315271164,30.1819046340011,-32.));
#2886=CARTESIAN_POINT('Ctrl Pts',(18.6258818582742,30.1790845994237,-32.));
#2887=CARTESIAN_POINT('Origin',(24.5678388673684,24.646793130657,-27.5));
#2888=CARTESIAN_POINT('',(29.9418485319872,19.2727797212416,-35.5000000000003));
#2889=CARTESIAN_POINT('',(21.032306193277,28.1823282684304,-35.5000000000001));
#2890=CARTESIAN_POINT('',(29.9418485489334,19.2727797042954,-31.5990147056374));
#2891=CARTESIAN_POINT('',(29.9418485319872,19.2727797212416,-29.7499999999999));
#2892=CARTESIAN_POINT('',(29.8711378785054,19.3434904239971,-31.5000000000001));
#2893=CARTESIAN_POINT('Ctrl Pts',(29.8711378785054,19.3434904239971,-31.5000000000001));
#2894=CARTESIAN_POINT('Ctrl Pts',(29.8937262589147,19.3209020278474,-31.5319448050571));
#2895=CARTESIAN_POINT('Ctrl Pts',(29.9173480454286,19.297280224873,-31.5653800293106));
#2896=CARTESIAN_POINT('Ctrl Pts',(29.9418485571548,19.272779696074,-31.59901469366));
#2897=CARTESIAN_POINT('',(29.8711378785054,19.3434904239971,-23.4999999999999));
#2898=CARTESIAN_POINT('',(29.8711378785054,19.3434904239971,-25.2499999999999));
#2899=CARTESIAN_POINT('',(29.9418485489334,19.2727797042954,-23.4009852943625));
#2900=CARTESIAN_POINT('Ctrl Pts',(29.9418485571548,19.272779696074,-23.40098530634));
#2901=CARTESIAN_POINT('Ctrl Pts',(29.9173480454286,19.297280224873,-23.4346199706894));
#2902=CARTESIAN_POINT('Ctrl Pts',(29.8937262589147,19.3209020278474,-23.4680551949429));
#2903=CARTESIAN_POINT('Ctrl Pts',(29.8711378785054,19.3434904239971,-23.4999999999999));
#2904=CARTESIAN_POINT('',(29.9418485319872,19.2727797212416,-19.5));
#2905=CARTESIAN_POINT('',(29.9418485319872,19.2727797212416,-23.25));
#2906=CARTESIAN_POINT('',(19.1938292027497,30.0208065400724,-19.4999999999997));
#2907=CARTESIAN_POINT('',(28.1033715414598,21.1112579928836,-19.4999999999999));
#2908=CARTESIAN_POINT('',(19.1938291858035,30.0208065570186,-23.4009852943627));
#2909=CARTESIAN_POINT('',(19.1938292027497,30.0208065400724,-25.25));
#2910=CARTESIAN_POINT('',(19.2645398562315,29.9500958373169,-23.5));
#2911=CARTESIAN_POINT('Ctrl Pts',(19.2645398562315,29.9500958373169,-23.5));
#2912=CARTESIAN_POINT('Ctrl Pts',(19.2419514758222,29.9726842334666,-23.4680551949431));
#2913=CARTESIAN_POINT('Ctrl Pts',(19.2183296893083,29.996306036441,-23.4346199706895));
#2914=CARTESIAN_POINT('Ctrl Pts',(19.1938291775821,30.02080656524,-23.4009853063402));
#2915=CARTESIAN_POINT('',(19.2645398562315,29.9500958373169,-31.5));
#2916=CARTESIAN_POINT('',(19.2645398562315,29.9500958373169,-29.75));
#2917=CARTESIAN_POINT('Ctrl Pts',(19.1938291775821,30.02080656524,-31.5990146936598));
#2918=CARTESIAN_POINT('Ctrl Pts',(19.2183296893083,29.996306036441,-31.5653800293105));
#2919=CARTESIAN_POINT('Ctrl Pts',(19.2419514758222,29.9726842334666,-31.5319448050569));
#2920=CARTESIAN_POINT('Ctrl Pts',(19.2645398562315,29.9500958373169,-31.5));
#2921=CARTESIAN_POINT('',(25.6284986695959,23.5861325893249,-27.5));
#2922=CARTESIAN_POINT('Origin',(24.5678388673684,24.646793130657,-27.5));
#2923=CARTESIAN_POINT('Origin',(21.3858597070544,28.5358815358396,-35.5000000000001));
#2924=CARTESIAN_POINT('',(31.0732192340647,18.8485152583406,-36.0000000000004));
#2925=CARTESIAN_POINT('',(21.3858597070544,28.5358815358396,-36.0000000000001));
#2926=CARTESIAN_POINT('Origin',(31.0732192340647,18.8485152583406,-35.5000000000004));
#2927=CARTESIAN_POINT('Origin',(18.7695649862168,29.5965426191814,-25.25));
#2928=CARTESIAN_POINT('',(18.6258818582742,30.1790845994237,-23.0000000000001));
#2929=CARTESIAN_POINT('Ctrl Pts',(18.6258818582742,30.1790845994237,-23.0000000000001));
#2930=CARTESIAN_POINT('Ctrl Pts',(18.6311453444106,30.1803828305858,-23.0000000000001));
#2931=CARTESIAN_POINT('Ctrl Pts',(18.6364334415129,30.1816114505637,-23.000086963053));
#2932=CARTESIAN_POINT('Ctrl Pts',(18.6930981258876,30.1939666026804,-23.0019587416545));
#2933=CARTESIAN_POINT('Ctrl Pts',(18.7442460472323,30.1980480836068,-23.0118148908465));
#2934=CARTESIAN_POINT('Ctrl Pts',(18.8456721117779,30.1939645460834,-23.0476528153939));
#2935=CARTESIAN_POINT('Ctrl Pts',(18.9006937508922,30.1849606560074,-23.076101276475));
#2936=CARTESIAN_POINT('Ctrl Pts',(19.0712038972197,30.1291025202683,-23.2087037955654));
#2937=CARTESIAN_POINT('Ctrl Pts',(19.1431643825972,30.0691395060541,-23.3272905764926));
#2938=CARTESIAN_POINT('Ctrl Pts',(19.1866002346047,30.0279531222628,-23.3908478793792));
#2939=CARTESIAN_POINT('Ctrl Pts',(19.1903777640696,30.0242579807481,-23.3962471537717));
#2940=CARTESIAN_POINT('Ctrl Pts',(19.1938291775857,30.0208065652364,-23.4009853063452));
#2941=CARTESIAN_POINT('',(18.3453010653259,30.0208068357142,-19.4999999999996));
#2942=CARTESIAN_POINT('Origin',(18.7695649862168,29.5965426191814,-19.4999999999997));
#2943=CARTESIAN_POINT('',(18.3453010653259,30.0208068357142,-22.9999999999999));
#2944=CARTESIAN_POINT('',(18.3453010653259,30.0208068357142,-25.25));
#2945=CARTESIAN_POINT('Origin',(18.7695649862168,29.5965426191814,-23.));
#2946=CARTESIAN_POINT('Ctrl Pts',(18.7695655282269,31.1521775377918,-18.9999999999996));
#2947=CARTESIAN_POINT('Ctrl Pts',(18.8647700741602,30.8982984795832,-18.9999999999996));
#2948=CARTESIAN_POINT('Ctrl Pts',(19.0228711229657,30.4766952359663,-19.0655471073962));
#2949=CARTESIAN_POINT('Ctrl Pts',(19.1648020491789,30.0982123649601,-19.2758591355796));
#2950=CARTESIAN_POINT('Ctrl Pts',(19.1938292027497,30.0208065400724,-19.4252001749142));
#2951=CARTESIAN_POINT('Ctrl Pts',(19.1938292027497,30.0208065400724,-19.4999999999997));
#2952=CARTESIAN_POINT('Ctrl Pts',(18.7695655282269,31.1521775377918,-18.9999999999996));
#2953=CARTESIAN_POINT('Ctrl Pts',(18.8330351960305,30.8982984906402,-18.9999999999996));
#2954=CARTESIAN_POINT('Ctrl Pts',(18.9390720271135,30.4771343878508,-19.0969930882841));
#2955=CARTESIAN_POINT('Ctrl Pts',(19.0546279718442,30.1710041193301,-19.340620916924));
#2956=CARTESIAN_POINT('Ctrl Pts',(19.0827571679951,30.1318786522258,-19.4489313673266));
#2957=CARTESIAN_POINT('Ctrl Pts',(19.0827571679951,30.1318786522258,-19.4999999999997));
#2958=CARTESIAN_POINT('Ctrl Pts',(18.7695655282269,31.1521775377918,-18.9999999999996));
#2959=CARTESIAN_POINT('Ctrl Pts',(18.7695654397711,30.8982985127541,-18.9999999999996));
#2960=CARTESIAN_POINT('Ctrl Pts',(18.769565293083,30.4772859807591,-19.1278415723316));
#2961=CARTESIAN_POINT('Ctrl Pts',(18.7695652144154,30.2515004809475,-19.4125661092625));
#2962=CARTESIAN_POINT('Ctrl Pts',(18.7695652177364,30.2610319130279,-19.4758689772361));
#2963=CARTESIAN_POINT('Ctrl Pts',(18.7695652177364,30.2610319130279,-19.4999999999997));
#2964=CARTESIAN_POINT('Ctrl Pts',(18.7695655282269,31.1521775377918,-18.9999999999996));
#2965=CARTESIAN_POINT('Ctrl Pts',(18.7060956835117,30.8982985348681,-18.9999999999996));
#2966=CARTESIAN_POINT('Ctrl Pts',(18.600058558947,30.4771345059689,-19.0969930882841));
#2967=CARTESIAN_POINT('Ctrl Pts',(18.4845024008942,30.1710043179717,-19.340620916924));
#2968=CARTESIAN_POINT('Ctrl Pts',(18.4563731774792,30.1318788704688,-19.4489313673265));
#2969=CARTESIAN_POINT('Ctrl Pts',(18.4563731774792,30.1318788704688,-19.4999999999997));
#2970=CARTESIAN_POINT('Ctrl Pts',(18.7695655282269,31.1521775377918,-18.9999999999996));
#2971=CARTESIAN_POINT('Ctrl Pts',(18.674360805382,30.8982985459251,-18.9999999999996));
#2972=CARTESIAN_POINT('Ctrl Pts',(18.5162594627887,30.4766954124786,-19.0655471073961));
#2973=CARTESIAN_POINT('Ctrl Pts',(18.3743282728357,30.0982126403748,-19.2758591355796));
#2974=CARTESIAN_POINT('Ctrl Pts',(18.3453010653258,30.0208068357142,-19.4252001749142));
#2975=CARTESIAN_POINT('Ctrl Pts',(18.3453010653258,30.0208068357142,-19.4999999999997));
#2976=CARTESIAN_POINT('',(18.7695655282269,31.1521775377917,-18.9999999999996));
#2977=CARTESIAN_POINT('Origin',(18.7695655282269,31.1521775377917,-19.4999999999997));
#2978=CARTESIAN_POINT('Origin',(18.7695655282269,31.1521775377917,-19.4999999999996));
#2979=CARTESIAN_POINT('Origin',(18.2745906089386,30.6572029634189,-19.4999999999996));
#2980=CARTESIAN_POINT('',(15.7997160124971,28.1823300915548,-18.9999999999996));
#2981=CARTESIAN_POINT('',(18.2745906089386,30.6572029634189,-18.9999999999996));
#2982=CARTESIAN_POINT('',(15.7997157661289,27.4752233103684,-19.4999999999996));
#2983=CARTESIAN_POINT('Origin',(15.7997160124971,28.1823300915549,-19.4999999999996));
#2984=CARTESIAN_POINT('',(18.6281438763477,30.3036494496416,-19.4999999999996));
#2985=CARTESIAN_POINT('Origin',(28.4569250552372,21.4648112602927,-19.4999999999999));
#2986=CARTESIAN_POINT('',(31.0732192340647,18.8485152583406,-19.));
#2987=CARTESIAN_POINT('Origin',(31.0732192340647,18.8485152583406,-19.5));
#2988=CARTESIAN_POINT('',(28.4569250552372,21.4648112602927,-18.9999999999999));
#2989=CARTESIAN_POINT('Origin',(29.5175843154544,18.8485158003506,-29.7499999999999));
#2990=CARTESIAN_POINT('',(30.1001261955732,18.7048322664727,-32.0000000000001));
#2991=CARTESIAN_POINT('Ctrl Pts',(30.1001261955732,18.7048322664727,-32.0000000000001));
#2992=CARTESIAN_POINT('Ctrl Pts',(30.1014244304031,18.7100957517045,-32.0000000000001));
#2993=CARTESIAN_POINT('Ctrl Pts',(30.102653054066,18.7153838479507,-31.9999130369473));
#2994=CARTESIAN_POINT('Ctrl Pts',(30.1150082456685,18.7720485237156,-31.9980412583457));
#2995=CARTESIAN_POINT('Ctrl Pts',(30.1190897622365,18.8231964422161,-31.9881851091538));
#2996=CARTESIAN_POINT('Ctrl Pts',(30.1150062953903,18.924622509608,-31.9523471846061));
#2997=CARTESIAN_POINT('Ctrl Pts',(30.1060024436551,18.9796441549965,-31.9238987235249));
#2998=CARTESIAN_POINT('Ctrl Pts',(30.0501444267337,19.1501543402467,-31.7912962044351));
#2999=CARTESIAN_POINT('Ctrl Pts',(29.9901814626641,19.2221148674089,-31.6727094235078));
#3000=CARTESIAN_POINT('Ctrl Pts',(29.9489951091402,19.2655507481166,-31.6091521206209));
#3001=CARTESIAN_POINT('Ctrl Pts',(29.9452999702579,19.2693282801564,-31.6037528462285));
#3002=CARTESIAN_POINT('Ctrl Pts',(29.9418485571512,19.2727796960776,-31.599014693655));
#3003=CARTESIAN_POINT('',(29.9418482363454,18.4242515838178,-35.5000000000004));
#3004=CARTESIAN_POINT('Origin',(29.5175843154544,18.8485158003506,-35.5000000000003));
#3005=CARTESIAN_POINT('',(29.9418482363454,18.4242515838178,-31.9999999999999));
#3006=CARTESIAN_POINT('',(29.9418482363454,18.4242515838178,-29.7499999999999));
#3007=CARTESIAN_POINT('Origin',(29.5175843154544,18.8485158003506,-32.0000000000001));
#3008=CARTESIAN_POINT('Ctrl Pts',(31.0732192340648,18.8485152583406,-36.0000000000004));
#3009=CARTESIAN_POINT('Ctrl Pts',(30.8193402421981,18.9437199811856,-36.0000000000004));
#3010=CARTESIAN_POINT('Ctrl Pts',(30.3977485910535,19.1018170179109,-35.9344403485611));
#3011=CARTESIAN_POINT('Ctrl Pts',(30.0192627071518,19.2437493747894,-35.724135360467));
#3012=CARTESIAN_POINT('Ctrl Pts',(29.9418485319872,19.2727797212416,-35.5747998250857));
#3013=CARTESIAN_POINT('Ctrl Pts',(29.9418485319872,19.2727797212416,-35.5000000000002));
#3014=CARTESIAN_POINT('Ctrl Pts',(31.0732192340648,18.8485152583406,-36.0000000000004));
#3015=CARTESIAN_POINT('Ctrl Pts',(30.8193402311411,18.9119851030559,-36.0000000000004));
#3016=CARTESIAN_POINT('Ctrl Pts',(30.3981375208213,19.0180017234749,-35.9029789542506));
#3017=CARTESIAN_POINT('Ctrl Pts',(30.0920124601781,19.1335635775525,-35.6593754453186));
#3018=CARTESIAN_POINT('Ctrl Pts',(30.0529205667417,19.1617076090882,-35.5510686326734));
#3019=CARTESIAN_POINT('Ctrl Pts',(30.0529205667417,19.1617076090882,-35.5000000000002));
#3020=CARTESIAN_POINT('Ctrl Pts',(31.0732192340648,18.8485152583406,-36.0000000000004));
#3021=CARTESIAN_POINT('Ctrl Pts',(30.8193402090271,18.8485153467964,-36.0000000000004));
#3022=CARTESIAN_POINT('Ctrl Pts',(30.3982829616624,18.8485154935,-35.8721512783766));
#3023=CARTESIAN_POINT('Ctrl Pts',(30.1724769569571,18.8485155721747,-35.5874941678089));
#3024=CARTESIAN_POINT('Ctrl Pts',(30.1820429537388,18.8485155688417,-35.5241310227638));
#3025=CARTESIAN_POINT('Ctrl Pts',(30.1820429537388,18.8485155688418,-35.5000000000003));
#3026=CARTESIAN_POINT('Ctrl Pts',(31.0732192340648,18.8485152583406,-36.0000000000004));
#3027=CARTESIAN_POINT('Ctrl Pts',(30.8193401869132,18.785045590537,-36.0000000000004));
#3028=CARTESIAN_POINT('Ctrl Pts',(30.3981374027174,18.6790292636265,-35.9029789542506));
#3029=CARTESIAN_POINT('Ctrl Pts',(30.0920122615469,18.5634676228674,-35.6593754453186));
#3030=CARTESIAN_POINT('Ctrl Pts',(30.0529203484987,18.5353236185723,-35.5510686326735));
#3031=CARTESIAN_POINT('Ctrl Pts',(30.0529203484987,18.5353236185723,-35.5000000000003));
#3032=CARTESIAN_POINT('Ctrl Pts',(31.0732192340648,18.8485152583406,-36.0000000000004));
#3033=CARTESIAN_POINT('Ctrl Pts',(30.8193401758562,18.7533107124073,-36.0000000000004));
#3034=CARTESIAN_POINT('Ctrl Pts',(30.3977484145443,18.5952139694616,-35.9344403485611));
#3035=CARTESIAN_POINT('Ctrl Pts',(30.0192624317393,18.4532818763251,-35.7241353604671));
#3036=CARTESIAN_POINT('Ctrl Pts',(29.9418482363454,18.4242515838178,-35.5747998250858));
#3037=CARTESIAN_POINT('Ctrl Pts',(29.9418482363454,18.4242515838178,-35.5000000000003));
#3038=CARTESIAN_POINT('Origin',(31.0732192340647,18.8485152583406,-35.5000000000004));
#3039=CARTESIAN_POINT('Origin',(30.5782443147764,18.3535406839678,-35.5000000000004));
#3040=CARTESIAN_POINT('',(28.1033697183349,15.8786678121037,-36.0000000000004));
#3041=CARTESIAN_POINT('',(30.5782443147764,18.3535406839678,-36.0000000000004));
#3042=CARTESIAN_POINT('',(27.3962629371484,15.8786680584719,-35.5000000000004));
#3043=CARTESIAN_POINT('Origin',(28.1033697183349,15.8786678121037,-35.5000000000004));
#3044=CARTESIAN_POINT('',(30.2246910473673,18.7070941977451,-35.5000000000004));
#3045=CARTESIAN_POINT('Ctrl Pts',(31.0732192340647,18.8485152583406,-19.));
#3046=CARTESIAN_POINT('Ctrl Pts',(30.8193401758562,18.7533107124073,-19.));
#3047=CARTESIAN_POINT('Ctrl Pts',(30.3977369322325,18.5952096635992,-19.065547107389));
#3048=CARTESIAN_POINT('Ctrl Pts',(30.0192540612281,18.4532787373867,-19.2758591355768));
#3049=CARTESIAN_POINT('Ctrl Pts',(29.9418482363454,18.4242515838178,-19.4252001749146));
#3050=CARTESIAN_POINT('Ctrl Pts',(29.9418482363454,18.4242515838178,-19.5));
#3051=CARTESIAN_POINT('Ctrl Pts',(31.0732192340647,18.8485152583406,-19.));
#3052=CARTESIAN_POINT('Ctrl Pts',(30.8193401869131,18.785045590537,-19.));
#3053=CARTESIAN_POINT('Ctrl Pts',(30.3981760841465,18.6790087594418,-19.0969930882677));
#3054=CARTESIAN_POINT('Ctrl Pts',(30.092045815623,18.5634528147145,-19.3406209169224));
#3055=CARTESIAN_POINT('Ctrl Pts',(30.0529203484987,18.5353236185723,-19.4489313673269));
#3056=CARTESIAN_POINT('Ctrl Pts',(30.0529203484987,18.5353236185723,-19.5));
#3057=CARTESIAN_POINT('Ctrl Pts',(31.0732192340647,18.8485152583406,-19.));
#3058=CARTESIAN_POINT('Ctrl Pts',(30.8193402090271,18.8485153467964,-19.));
#3059=CARTESIAN_POINT('Ctrl Pts',(30.3983276770578,18.8485154934844,-19.1278415723268));
#3060=CARTESIAN_POINT('Ctrl Pts',(30.1725421772594,18.848515572152,-19.4125661092998));
#3061=CARTESIAN_POINT('Ctrl Pts',(30.1820736093194,18.8485155688311,-19.4758689772364));
#3062=CARTESIAN_POINT('Ctrl Pts',(30.1820736093194,18.8485155688311,-19.5));
#3063=CARTESIAN_POINT('Ctrl Pts',(31.0732192340647,18.8485152583406,-19.));
#3064=CARTESIAN_POINT('Ctrl Pts',(30.8193402311411,18.9119851030558,-19.));
#3065=CARTESIAN_POINT('Ctrl Pts',(30.3981762022646,19.0180222276326,-19.0969930882677));
#3066=CARTESIAN_POINT('Ctrl Pts',(30.0920460142646,19.133578385682,-19.3406209169224));
#3067=CARTESIAN_POINT('Ctrl Pts',(30.0529205667417,19.1617076090882,-19.4489313673268));
#3068=CARTESIAN_POINT('Ctrl Pts',(30.0529205667417,19.1617076090882,-19.5));
#3069=CARTESIAN_POINT('Ctrl Pts',(31.0732192340647,18.8485152583406,-19.));
#3070=CARTESIAN_POINT('Ctrl Pts',(30.819340242198,18.9437199811855,-19.));
#3071=CARTESIAN_POINT('Ctrl Pts',(30.3977371087447,19.1018213237812,-19.065547107389));
#3072=CARTESIAN_POINT('Ctrl Pts',(30.0192543366428,19.2437525137336,-19.2758591355767));
#3073=CARTESIAN_POINT('Ctrl Pts',(29.9418485319872,19.2727797212416,-19.4252001749145));
#3074=CARTESIAN_POINT('Ctrl Pts',(29.9418485319872,19.2727797212416,-19.5));
#3075=CARTESIAN_POINT('',(29.9418482363454,18.4242515838178,-19.5));
#3076=CARTESIAN_POINT('Origin',(29.5175843154544,18.8485158003506,-19.5));
#3077=CARTESIAN_POINT('Origin',(31.0732192340647,18.8485152583406,-19.5));
#3078=CARTESIAN_POINT('Origin',(29.5175843154544,18.8485158003506,-23.25));
#3079=CARTESIAN_POINT('',(30.1001261955732,18.7048322664726,-22.9999999999999));
#3080=CARTESIAN_POINT('',(29.9418482363454,18.4242515838178,-22.9999999999999));
#3081=CARTESIAN_POINT('Origin',(29.5175843154544,18.8485158003506,-22.9999999999999));
#3082=CARTESIAN_POINT('',(29.9418482363454,18.4242515838178,-23.25));
#3083=CARTESIAN_POINT('Ctrl Pts',(29.9418485571347,19.2727796960941,-23.4009853063676));
#3084=CARTESIAN_POINT('Ctrl Pts',(29.9632081997619,19.2514200360506,-23.3716624630764));
#3085=CARTESIAN_POINT('Ctrl Pts',(29.989078192784,19.2225136857425,-23.3243259667488));
#3086=CARTESIAN_POINT('Ctrl Pts',(30.0445178909734,19.1402328980293,-23.2157968263944));
#3087=CARTESIAN_POINT('Ctrl Pts',(30.0705545963957,19.0896644206884,-23.1607161413824));
#3088=CARTESIAN_POINT('Ctrl Pts',(30.1034254429581,18.9860297987025,-23.0818396426503));
#3089=CARTESIAN_POINT('Ctrl Pts',(30.1132814280103,18.937596370496,-23.053862149054));
#3090=CARTESIAN_POINT('Ctrl Pts',(30.1193458312415,18.8376894341817,-23.0158005531176));
#3091=CARTESIAN_POINT('Ctrl Pts',(30.1167104888276,18.7888017978031,-23.0047893340091));
#3092=CARTESIAN_POINT('Ctrl Pts',(30.1054375056739,18.7278143106485,-23.0004102322558));
#3093=CARTESIAN_POINT('Ctrl Pts',(30.1029462381178,18.7162656773973,-22.9999999999999));
#3094=CARTESIAN_POINT('Ctrl Pts',(30.1001261955732,18.7048322664726,-22.9999999999999));
#3095=CARTESIAN_POINT('Origin',(30.5782443147764,18.3535406839678,-19.5));
#3096=CARTESIAN_POINT('',(27.3962629371484,15.8786680584719,-19.5));
#3097=CARTESIAN_POINT('',(30.2246910473673,18.7070941977451,-19.5));
#3098=CARTESIAN_POINT('',(28.1033697183349,15.8786678121037,-19.));
#3099=CARTESIAN_POINT('Origin',(28.1033697183349,15.8786678121037,-19.5));
#3100=CARTESIAN_POINT('',(30.5782443147764,18.3535406839678,-19.));
#3101=CARTESIAN_POINT('Origin',(15.2340307846425,28.7480157135986,-35.5));
#3102=CARTESIAN_POINT('',(14.8804775172333,29.101569227376,-35.5));
#3103=CARTESIAN_POINT('',(14.8804772708651,28.3944624461895,-35.5));
#3104=CARTESIAN_POINT('Origin',(15.2340307846425,28.7480157135986,-35.5));
#3105=CARTESIAN_POINT('',(15.2340307846425,28.7480157135986,-36.));
#3106=CARTESIAN_POINT('Origin',(15.2340307846425,28.7480157135986,-35.5));
#3107=CARTESIAN_POINT('Origin',(15.2340307846425,28.7480157135986,-35.5));
#3108=CARTESIAN_POINT('Origin',(28.6690549461896,15.3129821900599,-35.5000000000004));
#3109=CARTESIAN_POINT('',(28.6690549461896,15.3129821900599,-36.0000000000004));
#3110=CARTESIAN_POINT('',(28.3155014324122,14.9594289226508,-35.5000000000004));
#3111=CARTESIAN_POINT('Origin',(28.6690549461896,15.3129821900599,-35.5000000000004));
#3112=CARTESIAN_POINT('',(29.0226082135987,14.9594286762826,-35.5000000000004));
#3113=CARTESIAN_POINT('Origin',(28.6690549461896,15.3129821900599,-35.5000000000004));
#3114=CARTESIAN_POINT('Origin',(28.6690549461896,15.3129821900599,-35.5000000000004));
#3115=CARTESIAN_POINT('Origin',(18.769565922416,32.2835483876901,-35.5));
#3116=CARTESIAN_POINT('',(18.769565922416,32.2835483876901,-36.));
#3117=CARTESIAN_POINT('',(19.1231194361933,32.6371016550993,-35.5));
#3118=CARTESIAN_POINT('Origin',(18.769565922416,32.2835483876901,-35.5));
#3119=CARTESIAN_POINT('',(18.4160126550068,32.6371019014675,-35.5));
#3120=CARTESIAN_POINT('Origin',(18.769565922416,32.2835483876901,-35.5));
#3121=CARTESIAN_POINT('Origin',(18.769565922416,32.2835483876901,-35.5));
#3122=CARTESIAN_POINT('Origin',(17.7089053810839,31.2228885854627,-35.5));
#3123=CARTESIAN_POINT('',(17.3553521136748,31.57644209924,-35.5));
#3124=CARTESIAN_POINT('',(17.7089053810839,31.2228885854627,-36.));
#3125=CARTESIAN_POINT('Origin',(32.2045900839631,18.8485148641514,-35.5000000000004));
#3126=CARTESIAN_POINT('',(32.5581433513723,18.4949613503741,-35.5000000000004));
#3127=CARTESIAN_POINT('',(32.5581435977405,19.2020681315606,-35.5000000000004));
#3128=CARTESIAN_POINT('Origin',(32.2045900839631,18.8485148641514,-35.5000000000004));
#3129=CARTESIAN_POINT('',(32.2045900839631,18.8485148641515,-36.0000000000004));
#3130=CARTESIAN_POINT('Origin',(32.2045900839631,18.8485148641514,-35.5000000000004));
#3131=CARTESIAN_POINT('Origin',(32.2045900839631,18.8485148641514,-35.5000000000004));
#3132=CARTESIAN_POINT('Origin',(31.1439295426311,17.787855061924,-35.5000000000004));
#3133=CARTESIAN_POINT('',(31.4974828100402,17.4343015481466,-35.5000000000004));
#3134=CARTESIAN_POINT('',(31.143929542631,17.787855061924,-36.0000000000004));
#3135=CARTESIAN_POINT('Origin',(21.9515453290981,29.1015667636942,-35.5000000000001));
#3136=CARTESIAN_POINT('',(22.3050988428755,29.4551200311033,-35.5000000000001));
#3137=CARTESIAN_POINT('',(21.9515453290981,29.1015667636942,-36.0000000000001));
#3138=CARTESIAN_POINT('Origin',(18.769565922416,32.2835483876901,-32.5));
#3139=CARTESIAN_POINT('',(18.4160126550068,32.6371019014675,-32.5));
#3140=CARTESIAN_POINT('',(19.1231194361933,32.6371016550993,-32.5));
#3141=CARTESIAN_POINT('Origin',(18.769565922416,32.2835483876901,-32.5));
#3142=CARTESIAN_POINT('',(18.769565922416,32.2835483876901,-32.));
#3143=CARTESIAN_POINT('Origin',(18.769565922416,32.2835483876901,-32.5));
#3144=CARTESIAN_POINT('Origin',(18.769565922416,32.2835483876901,-32.5));
#3145=CARTESIAN_POINT('Origin',(17.7089053810839,31.2228885854627,-32.5));
#3146=CARTESIAN_POINT('',(14.8804772708651,28.3944624461895,-32.));
#3147=CARTESIAN_POINT('',(17.7089053810839,31.2228885854627,-32.));
#3148=CARTESIAN_POINT('',(14.8804775172333,29.101569227376,-32.5));
#3149=CARTESIAN_POINT('',(17.3553521136748,31.57644209924,-32.5));
#3150=CARTESIAN_POINT('Origin',(15.2340307846425,28.7480157135986,-32.5));
#3151=CARTESIAN_POINT('Origin',(32.2045900839631,18.8485148641514,-32.5));
#3152=CARTESIAN_POINT('',(32.2045900839631,18.8485148641514,-32.));
#3153=CARTESIAN_POINT('',(32.5581435977405,19.2020681315606,-32.5));
#3154=CARTESIAN_POINT('Origin',(32.2045900839631,18.8485148641514,-32.5));
#3155=CARTESIAN_POINT('',(32.5581433513723,18.4949613503741,-32.5));
#3156=CARTESIAN_POINT('Origin',(32.2045900839631,18.8485148641514,-32.5));
#3157=CARTESIAN_POINT('Origin',(32.2045900839631,18.8485148641514,-32.5));
#3158=CARTESIAN_POINT('Origin',(31.143929542631,17.787855061924,-32.5));
#3159=CARTESIAN_POINT('',(29.0226082135987,14.9594286762826,-32.5));
#3160=CARTESIAN_POINT('',(31.4974828100402,17.4343015481466,-32.5));
#3161=CARTESIAN_POINT('',(28.3155014324122,14.9594289226508,-32.));
#3162=CARTESIAN_POINT('',(31.1439295426311,17.787855061924,-32.));
#3163=CARTESIAN_POINT('Origin',(28.6690549461896,15.3129821900599,-32.5));
#3164=CARTESIAN_POINT('Origin',(32.2045900839631,18.8485148641514,-31.7500000000002));
#3165=CARTESIAN_POINT('',(32.5581435977405,19.2020681315606,-31.7500000000002));
#3166=CARTESIAN_POINT('',(32.5581433513723,18.4949613503741,-31.7500000000002));
#3167=CARTESIAN_POINT('Origin',(19.4766724572343,31.5764413601354,-31.5));
#3168=CARTESIAN_POINT('',(19.4766724572343,31.5764413601354,-32.));
#3169=CARTESIAN_POINT('',(19.8302259710117,31.9299946275446,-32.5));
#3170=CARTESIAN_POINT('Origin',(19.4766724572343,31.5764413601354,-32.5));
#3171=CARTESIAN_POINT('',(19.8302257246434,31.2228878463581,-31.5));
#3172=CARTESIAN_POINT('Origin',(19.4766724572343,31.5764413601354,-31.5));
#3173=CARTESIAN_POINT('',(20.53733250583,31.2228875999899,-31.5));
#3174=CARTESIAN_POINT('Origin',(20.1837789920526,30.8693343325807,-31.5));
#3175=CARTESIAN_POINT('Origin',(19.8302259710116,31.9299946275446,-31.5));
#3176=CARTESIAN_POINT('Origin',(18.4160119159022,30.515781557908,-31.5));
#3177=CARTESIAN_POINT('',(18.9109868351905,31.0107561322808,-32.));
#3178=CARTESIAN_POINT('',(19.2645401025997,30.6572026185034,-31.5));
#3179=CARTESIAN_POINT('Origin',(18.9109868351905,31.0107561322808,-31.5));
#3180=CARTESIAN_POINT('',(18.7695651833114,30.1622280441306,-31.5));
#3181=CARTESIAN_POINT('',(18.4160119159023,30.515781557908,-32.));
#3182=CARTESIAN_POINT('Origin',(19.6180933700088,30.3036491047261,-31.5));
#3183=CARTESIAN_POINT('Origin',(19.6180933700088,30.3036491047261,-31.5));
#3184=CARTESIAN_POINT('Origin',(19.6180933700089,30.3036491047261,-32.));
#3185=CARTESIAN_POINT('Origin',(31.4974835491448,19.5556218917062,-31.4999999999999));
#3186=CARTESIAN_POINT('',(31.1439302817356,19.9091754054835,-31.4999999999999));
#3187=CARTESIAN_POINT('',(31.1439305281038,20.61628218667,-31.4999999999999));
#3188=CARTESIAN_POINT('Origin',(30.7903770143265,20.2627289192609,-31.4999999999999));
#3189=CARTESIAN_POINT('',(31.4974835491448,19.5556218917062,-31.9999999999999));
#3190=CARTESIAN_POINT('Origin',(31.4974835491448,19.5556218917062,-31.4999999999999));
#3191=CARTESIAN_POINT('',(31.8510370629221,19.9091751591154,-32.4999999999999));
#3192=CARTESIAN_POINT('Origin',(31.4974835491447,19.5556218917062,-32.4999999999999));
#3193=CARTESIAN_POINT('Origin',(31.8510370629221,19.9091751591153,-31.4999999999999));
#3194=CARTESIAN_POINT('Origin',(30.2246913922827,19.6970436914062,-31.5000000000001));
#3195=CARTESIAN_POINT('',(30.931797927101,18.9899366638515,-31.9999999999999));
#3196=CARTESIAN_POINT('Origin',(30.2246913922827,19.6970436914062,-31.9999999999999));
#3197=CARTESIAN_POINT('',(30.5782446596919,19.3434901776289,-31.5000000000001));
#3198=CARTESIAN_POINT('Origin',(30.931797927101,18.9899366638515,-31.5000000000001));
#3199=CARTESIAN_POINT('Origin',(30.2246913922827,19.6970436914062,-31.5000000000001));
#3200=CARTESIAN_POINT('Origin',(30.4368230078127,18.4949620894787,-31.4999999999999));
#3201=CARTESIAN_POINT('',(30.0832697404036,18.848515603256,-31.4999999999999));
#3202=CARTESIAN_POINT('',(30.4368230078127,18.4949620894787,-31.9999999999999));
#3203=CARTESIAN_POINT('Origin',(29.0226106772807,22.0304964881476,-32.4999999999996));
#3204=CARTESIAN_POINT('',(29.3761641910581,22.3840497555568,-32.4999999999996));
#3205=CARTESIAN_POINT('',(29.0226106772808,22.0304964881476,-31.9999999999996));
#3206=CARTESIAN_POINT('Origin',(19.4766724572343,31.5764413601354,-23.4999999999999));
#3207=CARTESIAN_POINT('',(19.8302257246434,31.2228878463581,-23.4999999999999));
#3208=CARTESIAN_POINT('',(20.53733250583,31.2228875999899,-23.4999999999999));
#3209=CARTESIAN_POINT('Origin',(20.1837789920526,30.8693343325807,-23.4999999999999));
#3210=CARTESIAN_POINT('',(19.4766724572343,31.5764413601355,-22.9999999999999));
#3211=CARTESIAN_POINT('Origin',(19.4766724572343,31.5764413601354,-23.4999999999999));
#3212=CARTESIAN_POINT('',(19.8302259710116,31.9299946275446,-22.4999999999999));
#3213=CARTESIAN_POINT('Origin',(19.4766724572342,31.5764413601355,-22.4999999999999));
#3214=CARTESIAN_POINT('Origin',(19.8302259710116,31.9299946275446,-23.4999999999999));
#3215=CARTESIAN_POINT('Origin',(19.6180933700088,30.3036491047261,-23.5));
#3216=CARTESIAN_POINT('',(18.9109868351905,31.0107561322808,-22.9999999999999));
#3217=CARTESIAN_POINT('Origin',(19.6180933700088,30.3036491047261,-22.9999999999999));
#3218=CARTESIAN_POINT('',(19.2645401025997,30.6572026185034,-23.5000000000001));
#3219=CARTESIAN_POINT('Origin',(18.9109868351905,31.0107561322808,-23.5000000000001));
#3220=CARTESIAN_POINT('Origin',(19.6180933700088,30.3036491047261,-23.5));
#3221=CARTESIAN_POINT('Origin',(18.4160119159022,30.515781557908,-23.4999999999999));
#3222=CARTESIAN_POINT('',(18.7695651833114,30.1622280441306,-23.4999999999999));
#3223=CARTESIAN_POINT('',(18.4160119159022,30.515781557908,-22.9999999999999));
#3224=CARTESIAN_POINT('Origin',(31.4974835491448,19.5556218917062,-23.4999999999999));
#3225=CARTESIAN_POINT('',(31.4974835491448,19.5556218917061,-22.9999999999999));
#3226=CARTESIAN_POINT('',(31.8510370629222,19.9091751591152,-22.4999999999999));
#3227=CARTESIAN_POINT('Origin',(31.4974835491449,19.5556218917061,-22.4999999999999));
#3228=CARTESIAN_POINT('',(31.1439302817356,19.9091754054835,-23.4999999999999));
#3229=CARTESIAN_POINT('Origin',(31.4974835491448,19.5556218917062,-23.4999999999999));
#3230=CARTESIAN_POINT('',(31.1439305281038,20.61628218667,-23.4999999999999));
#3231=CARTESIAN_POINT('Origin',(30.7903770143265,20.2627289192609,-23.4999999999999));
#3232=CARTESIAN_POINT('Origin',(31.8510370629221,19.9091751591153,-23.4999999999999));
#3233=CARTESIAN_POINT('Origin',(30.4368230078127,18.4949620894787,-23.4999999999999));
#3234=CARTESIAN_POINT('',(30.9317979271011,18.9899366638515,-22.9999999999999));
#3235=CARTESIAN_POINT('',(30.5782446596919,19.3434901776289,-23.4999999999999));
#3236=CARTESIAN_POINT('Origin',(30.931797927101,18.9899366638515,-23.4999999999999));
#3237=CARTESIAN_POINT('',(30.0832697404036,18.848515603256,-23.4999999999999));
#3238=CARTESIAN_POINT('',(30.4368230078128,18.4949620894787,-22.9999999999999));
#3239=CARTESIAN_POINT('Origin',(30.2246913922827,19.6970436914062,-23.4999999999999));
#3240=CARTESIAN_POINT('Origin',(30.2246913922827,19.6970436914062,-23.4999999999999));
#3241=CARTESIAN_POINT('Origin',(30.2246913922828,19.6970436914062,-22.9999999999998));
#3242=CARTESIAN_POINT('Origin',(30.7903770143265,20.2627289192609,-25.2499999999999));
#3243=CARTESIAN_POINT('',(31.1439305281038,20.61628218667,-25.2499999999999));
#3244=CARTESIAN_POINT('',(31.1439302817356,19.9091754054835,-25.2499999999999));
#3245=CARTESIAN_POINT('Origin',(18.769565922416,32.2835483876901,-22.5));
#3246=CARTESIAN_POINT('',(18.769565922416,32.2835483876901,-23.));
#3247=CARTESIAN_POINT('',(19.1231194361933,32.6371016550993,-22.5));
#3248=CARTESIAN_POINT('Origin',(18.769565922416,32.2835483876901,-22.5));
#3249=CARTESIAN_POINT('',(18.4160126550068,32.6371019014675,-22.5));
#3250=CARTESIAN_POINT('Origin',(18.769565922416,32.2835483876901,-22.5));
#3251=CARTESIAN_POINT('Origin',(18.769565922416,32.2835483876901,-22.5));
#3252=CARTESIAN_POINT('Origin',(17.7089053810839,31.2228885854627,-22.5));
#3253=CARTESIAN_POINT('',(14.8804775172333,29.101569227376,-22.5));
#3254=CARTESIAN_POINT('',(17.3553521136748,31.57644209924,-22.5));
#3255=CARTESIAN_POINT('',(14.8804772708651,28.3944624461895,-23.));
#3256=CARTESIAN_POINT('',(17.708905381084,31.2228885854627,-23.));
#3257=CARTESIAN_POINT('Origin',(15.2340307846425,28.7480157135986,-22.5));
#3258=CARTESIAN_POINT('Origin',(15.2340307846425,28.7480157135986,-19.4999999999996));
#3259=CARTESIAN_POINT('',(15.2340307846425,28.7480157135986,-18.9999999999996));
#3260=CARTESIAN_POINT('',(14.8804772708651,28.3944624461895,-19.4999999999996));
#3261=CARTESIAN_POINT('Origin',(15.2340307846425,28.7480157135986,-19.4999999999996));
#3262=CARTESIAN_POINT('',(14.8804775172333,29.101569227376,-19.4999999999996));
#3263=CARTESIAN_POINT('Origin',(15.2340307846425,28.7480157135986,-19.4999999999996));
#3264=CARTESIAN_POINT('Origin',(15.2340307846425,28.7480157135986,-19.4999999999996));
#3265=CARTESIAN_POINT('Origin',(32.2045900839631,18.8485148641514,-22.5));
#3266=CARTESIAN_POINT('',(32.5581433513723,18.4949613503741,-22.5));
#3267=CARTESIAN_POINT('',(32.5581435977405,19.2020681315606,-22.5));
#3268=CARTESIAN_POINT('Origin',(32.2045900839631,18.8485148641514,-22.5));
#3269=CARTESIAN_POINT('',(32.2045900839631,18.8485148641515,-23.));
#3270=CARTESIAN_POINT('Origin',(32.2045900839631,18.8485148641514,-22.5));
#3271=CARTESIAN_POINT('Origin',(32.2045900839631,18.8485148641514,-22.5));
#3272=CARTESIAN_POINT('Origin',(18.769565922416,32.2835483876901,-19.4999999999996));
#3273=CARTESIAN_POINT('',(18.4160126550068,32.6371019014675,-19.4999999999996));
#3274=CARTESIAN_POINT('',(19.1231194361933,32.6371016550993,-19.4999999999996));
#3275=CARTESIAN_POINT('Origin',(18.769565922416,32.2835483876901,-19.4999999999996));
#3276=CARTESIAN_POINT('',(18.769565922416,32.2835483876901,-18.9999999999996));
#3277=CARTESIAN_POINT('Origin',(18.769565922416,32.2835483876901,-19.4999999999996));
#3278=CARTESIAN_POINT('Origin',(18.769565922416,32.2835483876901,-19.4999999999996));
#3279=CARTESIAN_POINT('Origin',(17.7089053810839,31.2228885854627,-19.4999999999996));
#3280=CARTESIAN_POINT('',(17.3553521136748,31.57644209924,-19.4999999999996));
#3281=CARTESIAN_POINT('',(17.7089053810839,31.2228885854627,-18.9999999999996));
#3282=CARTESIAN_POINT('Origin',(31.1439295426311,17.787855061924,-22.5));
#3283=CARTESIAN_POINT('',(28.3155014324122,14.9594289226508,-23.));
#3284=CARTESIAN_POINT('',(31.143929542631,17.787855061924,-23.));
#3285=CARTESIAN_POINT('',(29.0226082135987,14.9594286762826,-22.5));
#3286=CARTESIAN_POINT('',(31.4974828100402,17.4343015481466,-22.5));
#3287=CARTESIAN_POINT('Origin',(28.6690549461896,15.3129821900599,-22.5));
#3288=CARTESIAN_POINT('Origin',(32.2045900839631,18.8485148641514,-19.5));
#3289=CARTESIAN_POINT('',(32.2045900839631,18.8485148641514,-19.));
#3290=CARTESIAN_POINT('',(32.5581435977405,19.2020681315606,-19.5));
#3291=CARTESIAN_POINT('Origin',(32.2045900839631,18.8485148641514,-19.5));
#3292=CARTESIAN_POINT('',(32.5581433513723,18.4949613503741,-19.5));
#3293=CARTESIAN_POINT('Origin',(32.2045900839631,18.8485148641514,-19.5));
#3294=CARTESIAN_POINT('Origin',(32.2045900839631,18.8485148641514,-19.5));
#3295=CARTESIAN_POINT('Origin',(28.6690549461896,15.3129821900599,-19.5));
#3296=CARTESIAN_POINT('',(29.0226082135987,14.9594286762826,-19.5));
#3297=CARTESIAN_POINT('',(28.3155014324122,14.9594289226508,-19.5));
#3298=CARTESIAN_POINT('Origin',(28.6690549461896,15.3129821900599,-19.5));
#3299=CARTESIAN_POINT('',(28.6690549461896,15.3129821900599,-19.));
#3300=CARTESIAN_POINT('Origin',(28.6690549461896,15.3129821900599,-19.5));
#3301=CARTESIAN_POINT('Origin',(28.6690549461896,15.3129821900599,-19.5));
#3302=CARTESIAN_POINT('Origin',(31.1439295426311,17.787855061924,-19.5));
#3303=CARTESIAN_POINT('',(31.1439295426311,17.787855061924,-19.));
#3304=CARTESIAN_POINT('',(31.4974828100402,17.4343015481466,-19.5));
#3305=CARTESIAN_POINT('Origin',(28.6690549461896,15.3129821900599,-19.5));
#3306=CARTESIAN_POINT('',(28.3155014324122,14.9594289226508,-19.5));
#3307=CARTESIAN_POINT('',(28.6690549461896,15.3129821900599,-19.));
#3308=CARTESIAN_POINT('Origin',(28.6690549461896,15.3129821900599,-22.));
#3309=CARTESIAN_POINT('',(29.0226082135987,14.9594286762826,-22.));
#3310=CARTESIAN_POINT('',(28.3155014324122,14.9594289226508,-22.));
#3311=CARTESIAN_POINT('Origin',(32.2045900839631,18.8485148641514,-25.25));
#3312=CARTESIAN_POINT('',(32.5581435977405,19.2020681315606,-25.25));
#3313=CARTESIAN_POINT('',(32.5581433513723,18.4949613503741,-25.25));
#3314=CARTESIAN_POINT('Origin',(29.022610677281,22.0304964881474,-19.4999999999999));
#3315=CARTESIAN_POINT('',(29.3761641910583,22.3840497555565,-19.4999999999999));
#3316=CARTESIAN_POINT('',(29.022610677281,22.0304964881474,-18.9999999999999));
#3317=CARTESIAN_POINT('Origin',(18.769565922416,32.2835483876901,-23.2499999999998));
#3318=CARTESIAN_POINT('',(19.1231194361933,32.6371016550993,-23.2499999999998));
#3319=CARTESIAN_POINT('',(18.4160126550068,32.6371019014675,-23.2499999999998));
#3320=CARTESIAN_POINT('Origin',(28.3155041424628,22.737603515702,-22.4999999999995));
#3321=CARTESIAN_POINT('',(28.6690576562401,23.0911567831111,-22.4999999999995));
#3322=CARTESIAN_POINT('',(28.3155041424627,22.737603515702,-22.9999999999995));
#3323=CARTESIAN_POINT('Origin',(15.2340307846425,28.7480157135986,-19.9999999999997));
#3324=CARTESIAN_POINT('',(14.8804772708651,28.3944624461895,-19.9999999999997));
#3325=CARTESIAN_POINT('',(14.8804775172333,29.101569227376,-19.9999999999997));
#3326=CARTESIAN_POINT('Origin',(22.3050961328252,21.6769454380519,-19.4999999999998));
#3327=CARTESIAN_POINT('',(22.3050961328252,21.6769454380519,-18.9999999999998));
#3328=CARTESIAN_POINT('',(21.9515426190478,21.3233921706428,-19.4999999999998));
#3329=CARTESIAN_POINT('Origin',(21.951545329098,29.1015667636943,-22.4999999999997));
#3330=CARTESIAN_POINT('',(22.3050988428754,29.4551200311034,-22.4999999999997));
#3331=CARTESIAN_POINT('',(21.9515453290981,29.1015667636943,-22.9999999999997));
#3332=CARTESIAN_POINT('Origin',(20.1837789920526,30.8693343325807,-29.75));
#3333=CARTESIAN_POINT('',(20.53733250583,31.2228875999899,-29.75));
#3334=CARTESIAN_POINT('',(19.8302257246434,31.2228878463581,-29.75));
#3335=CARTESIAN_POINT('Origin',(22.6586518639165,28.3944597361394,-32.4999999999999));
#3336=CARTESIAN_POINT('',(23.0122053776939,28.7480130035486,-32.4999999999999));
#3337=CARTESIAN_POINT('',(22.6586518639165,28.3944597361394,-31.9999999999999));
#3338=CARTESIAN_POINT('Origin',(18.769565922416,32.2835483876901,-29.75));
#3339=CARTESIAN_POINT('',(19.1231194361933,32.6371016550993,-29.75));
#3340=CARTESIAN_POINT('',(18.4160126550068,32.6371019014675,-29.75));
#3341=CARTESIAN_POINT('Origin',(28.6690549461896,15.3129821900599,-35.0000000000003));
#3342=CARTESIAN_POINT('',(28.3155014324122,14.9594289226508,-35.0000000000003));
#3343=CARTESIAN_POINT('',(29.0226082135987,14.9594286762826,-35.0000000000003));
#3344=CARTESIAN_POINT('Origin',(15.2340307846425,28.7480157135986,-33.));
#3345=CARTESIAN_POINT('',(14.8804775172333,29.101569227376,-33.));
#3346=CARTESIAN_POINT('',(14.8804772708651,28.3944624461895,-33.));
#3347=CARTESIAN_POINT('Origin',(21.5979895980069,22.3840524656066,-35.5000000000002));
#3348=CARTESIAN_POINT('',(21.5979895980069,22.3840524656066,-36.0000000000002));
#3349=CARTESIAN_POINT('',(21.2444360842295,22.0304991981975,-35.5000000000002));
#3350=CARTESIAN_POINT('Origin',(15.2340307846425,28.7480157135986,-35.5));
#3351=CARTESIAN_POINT('',(15.7997160124971,28.1823300915549,-36.));
#3352=CARTESIAN_POINT('',(15.7997157661289,27.4752233103683,-35.5));
#3353=CARTESIAN_POINT('Origin',(15.7997160124971,28.1823300915548,-35.5));
#3354=CARTESIAN_POINT('',(14.8804772708651,28.3944624461895,-35.5));
#3355=CARTESIAN_POINT('',(15.2340307846425,28.7480157135986,-36.));
#3356=CARTESIAN_POINT('Origin',(31.4974828100402,17.4343015481466,-19.));
#3357=CARTESIAN_POINT('Origin',(15.2340305382743,28.0409089324121,-20.9999999999998));
#3358=CARTESIAN_POINT('',(15.7997157661289,27.4752233103683,-22.9999999999999));
#3359=CARTESIAN_POINT('',(15.9411370730926,27.3338019048574,-22.9999999999999));
#3360=CARTESIAN_POINT('',(15.7997157661289,27.4752233103684,-21.9999999999999));
#3361=CARTESIAN_POINT('Origin',(17.3553521136748,31.57644209924,-23.));
#3362=CARTESIAN_POINT('',(18.6281438763477,30.3036494496416,-22.9999999999999));
#3363=CARTESIAN_POINT('Origin',(18.7695651833114,30.1622280441306,-32.));
#3364=CARTESIAN_POINT('',(19.2645401025997,30.6572026185034,-29.75));
#3365=CARTESIAN_POINT('Origin',(19.6180933700088,30.3036491047261,-29.75));
#3366=CARTESIAN_POINT('Origin',(18.7695651833114,30.1622280441306,-32.));
#3367=CARTESIAN_POINT('',(15.7997157661289,27.4752233103683,-32.));
#3368=CARTESIAN_POINT('',(15.9411370730926,27.3338019048574,-32.));
#3369=CARTESIAN_POINT('',(18.6281438763477,30.3036494496416,-32.));
#3370=CARTESIAN_POINT('Origin',(15.2340305382743,28.0409089324121,-34.));
#3371=CARTESIAN_POINT('',(15.7997157661289,27.4752233103683,-35.));
#3372=CARTESIAN_POINT('Origin',(18.2745906089386,30.6572029634189,-35.5));
#3373=CARTESIAN_POINT('',(18.6281438763477,30.3036494496416,-35.5));
#3374=CARTESIAN_POINT('',(18.2745906089386,30.6572029634189,-36.));
#3375=CARTESIAN_POINT('Origin',(17.3553521136748,31.57644209924,-32.));
#3376=CARTESIAN_POINT('Origin',(31.4974828100402,17.4343015481466,-36.0000000000004));
#3377=CARTESIAN_POINT('Origin',(17.3553521136748,31.57644209924,-18.9999999999996));
#3378=CARTESIAN_POINT('Origin',(31.4974828100402,17.4343015481466,-23.));
#3379=CARTESIAN_POINT('Origin',(25.8406315169669,25.9195848933299,-27.5));
#3380=CARTESIAN_POINT('Origin',(27.9619481650031,15.3129824364281,-34.0000000000001));
#3381=CARTESIAN_POINT('',(27.3962629371484,15.8786680584719,-31.9999999999999));
#3382=CARTESIAN_POINT('',(28.6690546998214,14.6058754088734,-32.0000000000001));
#3383=CARTESIAN_POINT('',(27.3962629371484,15.8786680584719,-33.));
#3384=CARTESIAN_POINT('Origin',(17.3553521136748,31.57644209924,-36.));
#3385=CARTESIAN_POINT('Origin',(30.2246913922827,19.6970436914062,-25.2499999999999));
#3386=CARTESIAN_POINT('',(30.5782446596919,19.3434901776289,-25.2499999999999));
#3387=CARTESIAN_POINT('Origin',(24.4264174618575,24.5053718236933,-27.5));
#3388=CARTESIAN_POINT('',(25.1335237503076,23.0911580149521,-27.5));
#3389=CARTESIAN_POINT('Origin',(24.0728639480801,24.1518185562842,-27.5));
#3390=CARTESIAN_POINT('',(25.487077264085,23.4447112823613,-27.5));
#3391=CARTESIAN_POINT('Origin',(24.0728639480801,24.1518185562842,-27.5));
#3392=CARTESIAN_POINT('Origin',(17.0371404398024,28.1469618939071,-20.4999903334878));
#3393=CARTESIAN_POINT('',(17.1785294837277,28.146929532344,-21.799999999995));
#3394=CARTESIAN_POINT('',(17.1785692524851,28.1469693010737,-20.199999999995));
#3395=CARTESIAN_POINT('',(17.178561795996,28.1469618445898,-20.4999938485814));
#3396=CARTESIAN_POINT('',(16.8957315110178,28.1469743706248,-19.999999999995));
#3397=CARTESIAN_POINT('',(17.1785692524851,28.1469693010737,-20.199999999995));
#3398=CARTESIAN_POINT('',(16.895681800071,28.1469246597127,-21.999999999995));
#3399=CARTESIAN_POINT('',(16.8957190836087,28.1469619432244,-20.4999868183943));
#3400=CARTESIAN_POINT('',(17.1785294837277,28.146929532344,-21.799999999995));
#3401=CARTESIAN_POINT('Origin',(17.761925142762,28.8717460918119,-20.099999999995));
#3402=CARTESIAN_POINT('',(17.9563919538026,28.9247914603777,-20.199999999995));
#3403=CARTESIAN_POINT('',(17.8326357962438,28.8010353890564,-20.199999999995));
#3404=CARTESIAN_POINT('',(17.9563920523498,29.2076341728523,-19.999999999995));
#3405=CARTESIAN_POINT('',(17.9563919538026,28.9247914603777,-20.199999999995));
#3406=CARTESIAN_POINT('',(17.6912144892801,28.9424567945674,-19.999999999995));
#3407=CARTESIAN_POINT('Origin',(17.9563920030762,29.066212816615,-21.499999999995));
#3408=CARTESIAN_POINT('',(17.9563919538026,28.9247914603777,-21.799999999995));
#3409=CARTESIAN_POINT('',(17.9563919538026,28.9247914603777,-21.499999999995));
#3410=CARTESIAN_POINT('',(17.9563920523498,29.2076341728523,-21.999999999995));
#3411=CARTESIAN_POINT('',(17.9563919538026,28.9247914603777,-21.799999999995));
#3412=CARTESIAN_POINT('',(17.9563920523498,29.2076341728523,-21.499999999995));
#3413=CARTESIAN_POINT('Origin',(17.2315700166226,28.3413913352421,-21.899999999995));
#3414=CARTESIAN_POINT('',(17.1608593631407,28.4121020379976,-21.999999999995));
#3415=CARTESIAN_POINT('',(17.3022806701044,28.2706806324866,-21.799999999995));
#3416=CARTESIAN_POINT('Origin',(16.8249711465892,28.2176353624682,-21.999999999995));
#3417=CARTESIAN_POINT('',(16.6835498396255,28.3590567679791,-21.999999999995));
#3418=CARTESIAN_POINT('',(16.8249711465892,28.2176353624682,-21.999999999995));
#3419=CARTESIAN_POINT('',(17.7442600919044,29.4197662811187,-21.999999999995));
#3420=CARTESIAN_POINT('',(17.6558468579866,29.3313531088103,-21.999999999995));
#3421=CARTESIAN_POINT('',(17.885681398868,29.2783448756077,-21.999999999995));
#3422=CARTESIAN_POINT('Origin',(16.825020857536,28.2176850733803,-19.999999999995));
#3423=CARTESIAN_POINT('',(16.6835995505723,28.3591064788912,-19.999999999995));
#3424=CARTESIAN_POINT('',(16.825020857536,28.2176850733803,-19.999999999995));
#3425=CARTESIAN_POINT('',(16.6835622685636,28.3590691969085,-21.4999516656081));
#3426=CARTESIAN_POINT('Origin',(17.5674582331741,28.5358580107715,-20.999999999995));
#3427=CARTESIAN_POINT('Origin',(17.7619375704987,28.8717585195399,-33.0999999999995));
#3428=CARTESIAN_POINT('',(17.1785742234924,28.1469742720775,-33.1999999999996));
#3429=CARTESIAN_POINT('',(17.9563919538026,28.9247914603777,-33.1999999999995));
#3430=CARTESIAN_POINT('',(17.8326482239805,28.8010478167845,-33.1999999999995));
#3431=CARTESIAN_POINT('',(17.9563920523499,29.2076341728523,-32.9999999999995));
#3432=CARTESIAN_POINT('',(17.9563919538026,28.9247914603777,-33.1999999999995));
#3433=CARTESIAN_POINT('',(16.8957315110178,28.1469743706248,-32.9999999999996));
#3434=CARTESIAN_POINT('',(17.6912269170168,28.9424692222954,-32.9999999999995));
#3435=CARTESIAN_POINT('',(17.1785742234924,28.1469742720775,-33.1999999999996));
#3436=CARTESIAN_POINT('Origin',(17.9563920030762,29.066212816615,-34.4999999999995));
#3437=CARTESIAN_POINT('',(17.9563919538026,28.9247914603777,-34.7999999999995));
#3438=CARTESIAN_POINT('',(17.9563919538026,28.9247914603777,-34.4999999999995));
#3439=CARTESIAN_POINT('',(17.9563920523499,29.2076341728523,-34.9999999999995));
#3440=CARTESIAN_POINT('',(17.9563919538026,28.9247914603777,-34.7999999999995));
#3441=CARTESIAN_POINT('',(17.9563920523499,29.2076341728523,-34.4999999999995));
#3442=CARTESIAN_POINT('Origin',(17.2316072998327,28.3414286184262,-34.8999999999995));
#3443=CARTESIAN_POINT('',(17.1785742234924,28.1469742720775,-34.7999999999995));
#3444=CARTESIAN_POINT('',(17.3023179533145,28.2707179156708,-34.7999999999995));
#3445=CARTESIAN_POINT('',(16.8957315110178,28.1469743706248,-34.9999999999995));
#3446=CARTESIAN_POINT('',(17.1785742234924,28.1469742720775,-34.7999999999995));
#3447=CARTESIAN_POINT('',(17.1608966463508,28.4121393211817,-34.9999999999995));
#3448=CARTESIAN_POINT('Origin',(17.0371528672551,28.1469743213512,-33.4999999999995));
#3449=CARTESIAN_POINT('',(16.8957315110178,28.1469743706248,-33.4999999999995));
#3450=CARTESIAN_POINT('',(17.1785742234924,28.1469742720775,-33.4999999999995));
#3451=CARTESIAN_POINT('Origin',(16.825020857536,28.2176850733803,-32.9999999999996));
#3452=CARTESIAN_POINT('',(16.6835995505723,28.3591064788912,-32.9999999999996));
#3453=CARTESIAN_POINT('',(16.825020857536,28.2176850733803,-32.9999999999996));
#3454=CARTESIAN_POINT('',(16.6835995505723,28.3591064788912,-34.9999999999995));
#3455=CARTESIAN_POINT('',(16.6835995505723,28.3591064788912,-34.4999999999998));
#3456=CARTESIAN_POINT('',(16.825020857536,28.2176850733803,-34.9999999999995));
#3457=CARTESIAN_POINT('Origin',(17.885681398868,29.2783448756078,-32.9999999999995));
#3458=CARTESIAN_POINT('',(17.7442600919044,29.4197662811187,-32.9999999999995));
#3459=CARTESIAN_POINT('',(17.885681398868,29.2783448756078,-32.9999999999995));
#3460=CARTESIAN_POINT('',(18.186201984126,29.8617078653801,-32.9999999999995));
#3461=CARTESIAN_POINT('Origin',(17.5674830886475,28.5358828662276,-33.9999999999995));
#3462=CARTESIAN_POINT('Origin',(17.885681398868,29.2783448756077,-21.999999999995));
#3463=CARTESIAN_POINT('',(17.7442600919044,29.4197662811187,-19.999999999995));
#3464=CARTESIAN_POINT('',(17.7442600919044,29.4197662811187,-22.4999999999975));
#3465=CARTESIAN_POINT('',(17.885681398868,29.2783448756077,-19.999999999995));
#3466=CARTESIAN_POINT('Origin',(17.885681398868,29.2783448756077,-19.999999999995));
#3467=CARTESIAN_POINT('',(18.1862019841261,29.8617078653801,-19.999999999995));
#3468=CARTESIAN_POINT('Origin',(16.825020857536,28.2176850733803,-34.9999999999995));
#3469=CARTESIAN_POINT('',(17.7442600919044,29.4197662811187,-34.9999999999995));
#3470=CARTESIAN_POINT('',(17.65587171346,29.3313779642664,-34.9999999999995));
#3471=CARTESIAN_POINT('',(17.885681398868,29.2783448756078,-34.9999999999995));
#3472=CARTESIAN_POINT('Origin',(17.885681398868,29.2783448756078,-34.9999999999995));
#3473=CARTESIAN_POINT('',(17.7442600919044,29.4197662811187,-35.4999999999998));
#3474=CARTESIAN_POINT('Origin',(28.7927995136635,17.8408888896873,-34.8999999999996));
#3475=CARTESIAN_POINT('',(28.0680148596936,17.2575260477358,-34.7999999999996));
#3476=CARTESIAN_POINT('',(28.8458325900038,18.0353432360359,-34.7999999999996));
#3477=CARTESIAN_POINT('',(28.7220888601817,17.9115995924427,-34.7999999999996));
#3478=CARTESIAN_POINT('',(29.1286753024784,18.0353431374887,-34.9999999999996));
#3479=CARTESIAN_POINT('',(28.8458325900038,18.0353432360359,-34.7999999999996));
#3480=CARTESIAN_POINT('',(28.0680147611463,16.9746833352612,-34.9999999999996));
#3481=CARTESIAN_POINT('',(28.8635101671454,17.7701781869318,-34.9999999999996));
#3482=CARTESIAN_POINT('',(28.0680148596936,17.2575260477358,-34.7999999999996));
#3483=CARTESIAN_POINT('Origin',(28.9872539462411,18.0353431867623,-33.4999999999996));
#3484=CARTESIAN_POINT('',(28.8458325900038,18.0353432360359,-33.1999999999996));
#3485=CARTESIAN_POINT('',(28.8458325900038,18.0353432360359,-33.4999999999996));
#3486=CARTESIAN_POINT('',(29.1286753024784,18.0353431374887,-32.9999999999996));
#3487=CARTESIAN_POINT('',(28.8458325900038,18.0353432360359,-33.1999999999996));
#3488=CARTESIAN_POINT('',(29.1286753024784,18.0353431374887,-33.4999999999996));
#3489=CARTESIAN_POINT('Origin',(28.2624692429975,17.3105589885735,-33.0999999999996));
#3490=CARTESIAN_POINT('',(28.0680148596936,17.2575260477358,-33.1999999999996));
#3491=CARTESIAN_POINT('',(28.1917585895157,17.381269691329,-33.1999999999996));
#3492=CARTESIAN_POINT('',(28.0680147611463,16.9746833352612,-32.9999999999996));
#3493=CARTESIAN_POINT('',(28.0680148596936,17.2575260477358,-33.1999999999996));
#3494=CARTESIAN_POINT('',(28.3331798964794,17.2398482858181,-32.9999999999996));
#3495=CARTESIAN_POINT('Origin',(28.06801481042,17.1161046914985,-34.4999999999996));
#3496=CARTESIAN_POINT('',(28.0680147611463,16.9746833352612,-34.4999999999996));
#3497=CARTESIAN_POINT('',(28.0680148596936,17.2575260477358,-34.4999999999996));
#3498=CARTESIAN_POINT('Origin',(28.1387254146282,16.9039726325057,-34.9999999999996));
#3499=CARTESIAN_POINT('',(28.2801467215918,16.7625512269948,-34.9999999999996));
#3500=CARTESIAN_POINT('',(28.1387254146282,16.9039726325057,-34.9999999999996));
#3501=CARTESIAN_POINT('',(28.2801467215918,16.7625512269948,-32.9999999999996));
#3502=CARTESIAN_POINT('',(28.2801467215918,16.7625512269948,-33.4999999999998));
#3503=CARTESIAN_POINT('',(28.1387254146282,16.9039726325057,-32.9999999999996));
#3504=CARTESIAN_POINT('Origin',(29.1993859559602,17.9646324347332,-34.9999999999996));
#3505=CARTESIAN_POINT('',(29.3408072629239,17.8232110292222,-34.9999999999996));
#3506=CARTESIAN_POINT('',(29.1993859559602,17.9646324347332,-34.9999999999996));
#3507=CARTESIAN_POINT('',(29.7827491551456,18.2651526134837,-34.9999999999996));
#3508=CARTESIAN_POINT('Origin',(28.4569237248487,17.6464346418859,-33.9999999999996));
#3509=CARTESIAN_POINT('Origin',(28.7927995136636,17.8408888896872,-21.8999999999996));
#3510=CARTESIAN_POINT('',(28.0680148596936,17.2575260477358,-21.7999999999996));
#3511=CARTESIAN_POINT('',(28.8458325900038,18.0353432360359,-21.7999999999996));
#3512=CARTESIAN_POINT('',(28.7220888601817,17.9115995924427,-21.7999999999996));
#3513=CARTESIAN_POINT('',(29.1286753024784,18.0353431374886,-21.9999999999996));
#3514=CARTESIAN_POINT('',(28.8458325900038,18.0353432360359,-21.7999999999996));
#3515=CARTESIAN_POINT('',(28.0680147611463,16.9746833352612,-21.9999999999996));
#3516=CARTESIAN_POINT('',(28.8635101671454,17.7701781869318,-21.9999999999996));
#3517=CARTESIAN_POINT('',(28.0680148596936,17.2575260477358,-21.7999999999996));
#3518=CARTESIAN_POINT('Origin',(28.9872539462411,18.0353431867623,-20.4999999999996));
#3519=CARTESIAN_POINT('',(28.8458325900038,18.0353432360359,-20.1999999999996));
#3520=CARTESIAN_POINT('',(28.8458325900038,18.0353432360359,-20.4999999999996));
#3521=CARTESIAN_POINT('',(29.1286753024784,18.0353431374887,-19.9999999999996));
#3522=CARTESIAN_POINT('',(28.8458325900038,18.0353432360359,-20.1999999999996));
#3523=CARTESIAN_POINT('',(29.1286753024784,18.0353431374887,-20.4999999999996));
#3524=CARTESIAN_POINT('Origin',(28.2624692429975,17.3105589885735,-20.0999999999996));
#3525=CARTESIAN_POINT('',(28.0680148596936,17.2575260477358,-20.1999999999996));
#3526=CARTESIAN_POINT('',(28.1917585895157,17.381269691329,-20.1999999999996));
#3527=CARTESIAN_POINT('',(28.0680147611463,16.9746833352612,-19.9999999999996));
#3528=CARTESIAN_POINT('',(28.0680148596936,17.2575260477358,-20.1999999999996));
#3529=CARTESIAN_POINT('',(28.3331798964794,17.2398482858181,-19.9999999999996));
#3530=CARTESIAN_POINT('Origin',(28.06801481042,17.1161046914985,-21.4999999999996));
#3531=CARTESIAN_POINT('',(28.0680147611463,16.9746833352612,-21.4999999999996));
#3532=CARTESIAN_POINT('',(28.0680148596936,17.2575260477358,-21.4999999999996));
#3533=CARTESIAN_POINT('Origin',(28.1387254146282,16.9039726325057,-21.9999999999996));
#3534=CARTESIAN_POINT('',(28.2801467215918,16.7625512269948,-21.9999999999996));
#3535=CARTESIAN_POINT('',(28.1387254146282,16.9039726325057,-21.9999999999996));
#3536=CARTESIAN_POINT('',(28.2801467215918,16.7625512269948,-19.9999999999996));
#3537=CARTESIAN_POINT('',(28.2801467215918,16.7625512269948,-20.4999999999998));
#3538=CARTESIAN_POINT('',(28.1387254146282,16.9039726325057,-19.9999999999996));
#3539=CARTESIAN_POINT('Origin',(29.1993859559602,17.9646324347332,-21.9999999999996));
#3540=CARTESIAN_POINT('',(29.3408072629239,17.8232110292222,-21.9999999999996));
#3541=CARTESIAN_POINT('',(29.1993859559602,17.9646324347332,-21.9999999999996));
#3542=CARTESIAN_POINT('',(29.7827491551456,18.2651526134837,-21.9999999999996));
#3543=CARTESIAN_POINT('Origin',(28.4569237248487,17.6464346418859,-20.9999999999996));
#3544=CARTESIAN_POINT('Origin',(29.1993859559602,17.9646324347332,-32.9999999999996));
#3545=CARTESIAN_POINT('',(29.3408072629239,17.8232110292222,-32.9999999999996));
#3546=CARTESIAN_POINT('',(29.1993859559602,17.9646324347332,-32.9999999999996));
#3547=CARTESIAN_POINT('',(29.3408072629239,17.8232110292222,-32.4999999999998));
#3548=CARTESIAN_POINT('Origin',(28.1387254146282,16.9039726325057,-32.9999999999996));
#3549=CARTESIAN_POINT('',(29.2524188844795,17.7348227123699,-32.9999999999996));
#3550=CARTESIAN_POINT('Origin',(29.1993859559602,17.9646324347332,-19.9999999999996));
#3551=CARTESIAN_POINT('',(29.3408072629239,17.8232110292222,-19.9999999999996));
#3552=CARTESIAN_POINT('',(29.1993859559602,17.9646324347332,-19.9999999999996));
#3553=CARTESIAN_POINT('',(29.3408072629239,17.8232110292222,-19.4999999999998));
#3554=CARTESIAN_POINT('Origin',(28.1387254146282,16.9039726325057,-19.9999999999996));
#3555=CARTESIAN_POINT('',(29.2524188844795,17.7348227123699,-19.9999999999996));
#3556=CARTESIAN_POINT('Origin',(30.0832697404036,18.8485156032561,-22.9999999999999));
#3557=CARTESIAN_POINT('Origin',(30.2246910473673,18.7070941977451,-31.9999999999999));
#3558=CARTESIAN_POINT('',(30.2246910473673,18.7070941977451,-31.9999999999999));
#3559=CARTESIAN_POINT('Origin',(31.4974828100402,17.4343015481466,-32.0000000000001));
#3560=CARTESIAN_POINT('Origin',(18.6281438763477,30.3036494496416,-22.9999999999999));
#3561=CARTESIAN_POINT('Origin',(30.2246910473673,18.7070941977451,-19.));
#3562=CARTESIAN_POINT('',(27.3962629371484,15.8786680584719,-22.9999999999999));
#3563=CARTESIAN_POINT('',(30.2246910473673,18.7070941977451,-22.9999999999999));
#3564=CARTESIAN_POINT('',(27.3962629371484,15.8786680584719,-20.));
#3565=CARTESIAN_POINT('Origin',(30.0832697404036,18.848515603256,-22.9999999999999));
#3566=CARTESIAN_POINT('',(28.6690546998214,14.6058754088734,-23.));
#3567=CARTESIAN_POINT('Origin',(27.9619481650031,15.3129824364281,-21.));
#3568=CARTESIAN_POINT('Origin',(18.6281438763477,30.3036494496416,-36.));
#3569=UNCERTAINTY_MEASURE_WITH_UNIT(LENGTH_MEASURE(0.01),#3573,
'DISTANCE_ACCURACY_VALUE',
'Maximum model space distance between geometric entities at asserted c
onnectivities');
#3570=UNCERTAINTY_MEASURE_WITH_UNIT(LENGTH_MEASURE(0.01),#3573,
'DISTANCE_ACCURACY_VALUE',
'Maximum model space distance between geometric entities at asserted c
onnectivities');
#3571=(
GEOMETRIC_REPRESENTATION_CONTEXT(3)
GLOBAL_UNCERTAINTY_ASSIGNED_CONTEXT((#3569))
GLOBAL_UNIT_ASSIGNED_CONTEXT((#3573,#3575,#3576))
REPRESENTATION_CONTEXT('','3D')
);
#3572=(
GEOMETRIC_REPRESENTATION_CONTEXT(3)
GLOBAL_UNCERTAINTY_ASSIGNED_CONTEXT((#3570))
GLOBAL_UNIT_ASSIGNED_CONTEXT((#3573,#3575,#3576))
REPRESENTATION_CONTEXT('','3D')
);
#3573=(
LENGTH_UNIT()
NAMED_UNIT(*)
SI_UNIT(.MILLI.,.METRE.)
);
#3574=(
LENGTH_UNIT()
NAMED_UNIT(*)
SI_UNIT($,.METRE.)
);
#3575=(
NAMED_UNIT(*)
PLANE_ANGLE_UNIT()
SI_UNIT($,.RADIAN.)
);
#3576=(
NAMED_UNIT(*)
SI_UNIT($,.STERADIAN.)
SOLID_ANGLE_UNIT()
);
#3577=SHAPE_DEFINITION_REPRESENTATION(#3578,#3579);
#3578=PRODUCT_DEFINITION_SHAPE('',$,#3581);
#3579=SHAPE_REPRESENTATION('',(#2005),#3571);
#3580=PRODUCT_DEFINITION_CONTEXT('part definition',#3585,'design');
#3581=PRODUCT_DEFINITION('SHIELD','SHIELD',#3582,#3580);
#3582=PRODUCT_DEFINITION_FORMATION('',$,#3587);
#3583=PRODUCT_RELATED_PRODUCT_CATEGORY('SHIELD','SHIELD',(#3587));
#3584=APPLICATION_PROTOCOL_DEFINITION('international standard',
'automotive_design',2009,#3585);
#3585=APPLICATION_CONTEXT(
'Core Data for Automotive Mechanical Design Process');
#3586=PRODUCT_CONTEXT('part definition',#3585,'mechanical');
#3587=PRODUCT('SHIELD','SHIELD',$,(#3586));
#3588=PRESENTATION_STYLE_ASSIGNMENT((#3590));
#3589=PRESENTATION_STYLE_ASSIGNMENT((#3591));
#3590=SURFACE_STYLE_USAGE(.BOTH.,#3592);
#3591=SURFACE_STYLE_USAGE(.BOTH.,#3593);
#3592=SURFACE_SIDE_STYLE('',(#3594));
#3593=SURFACE_SIDE_STYLE('',(#3595));
#3594=SURFACE_STYLE_FILL_AREA(#3596);
#3595=SURFACE_STYLE_FILL_AREA(#3597);
#3596=FILL_AREA_STYLE('Steel - Satin',(#3598));
#3597=FILL_AREA_STYLE('Plastic - Glossy (White)',(#3599));
#3598=FILL_AREA_STYLE_COLOUR('Steel - Satin',#3600);
#3599=FILL_AREA_STYLE_COLOUR('Plastic - Glossy (White)',#3601);
#3600=COLOUR_RGB('Steel - Satin',0.627450980392157,0.627450980392157,0.627450980392157);
#3601=COLOUR_RGB('Plastic - Glossy (White)',0.964705882352941,0.964705882352941,
0.952941176470588);
ENDSEC;
END-ISO-10303-21;
