ISO-10303-21;
HEADER;
/* Generated by software containing ST-Developer
 * from STEP Tools, Inc. (www.steptools.com) 
 */

FILE_DESCRIPTION(
/* description */ (''),
/* implementation_level */ '2;1');

FILE_NAME(
/* name */ 'WIRE FASTENER.step',
/* time_stamp */ '2026-03-25T10:21:53-05:00',
/* author */ (''),
/* organization */ (''),
/* preprocessor_version */ 'ST-DEVELOPER v20.1',
/* originating_system */ 'Autodesk Translation Framework v14.24.0.0',
/* authorisation */ '');

FILE_SCHEMA (('AUTOMOTIVE_DESIGN { 1 0 10303 214 3 1 1 }'));
ENDSEC;

DATA;
#10=MECHANICAL_DESIGN_GEOMETRIC_PRESENTATION_REPRESENTATION('',(#13),#3635);
#11=SHAPE_REPRESENTATION_RELATIONSHIP('SRR','None',#3642,#12);
#12=ADVANCED_BREP_SHAPE_REPRESENTATION('',(#14),#3634);
#13=STYLED_ITEM('',(#3651),#14);
#14=MANIFOLD_SOLID_BREP('Fastener',#607);
#15=FACE_BOUND('',#94,.T.);
#16=B_SPLINE_SURFACE_WITH_KNOTS('',3,3,((#2331,#2332,#2333,#2334,#2335,
#2336,#2337,#2338,#2339,#2340,#2341,#2342,#2343,#2344,#2345,#2346,#2347,
#2348,#2349,#2350,#2351,#2352,#2353,#2354,#2355,#2356,#2357,#2358,#2359,
#2360,#2361,#2362,#2363,#2364,#2365,#2366,#2367,#2368,#2369,#2370,#2371,
#2372,#2373,#2374,#2375,#2376,#2377,#2378,#2379,#2380,#2381,#2382,#2383,
#2384,#2385,#2386,#2387,#2388,#2389,#2390,#2391,#2392,#2393,#2394,#2395,
#2396,#2397,#2398,#2399,#2400,#2401,#2402,#2403,#2404,#2405,#2406,#2407,
#2408,#2409,#2410,#2411,#2412,#2413,#2414,#2415,#2416,#2417,#2418,#2419,
#2420,#2421,#2422,#2423,#2424,#2425,#2426,#2427,#2428,#2429,#2430,#2431,
#2432,#2433,#2434,#2435,#2436,#2437,#2438,#2439,#2440,#2441,#2442,#2443,
#2444,#2445,#2446,#2447,#2448,#2449,#2450,#2451,#2452,#2453,#2454,#2455,
#2456,#2457,#2458,#2459,#2460,#2461,#2462,#2463),(#2464,#2465,#2466,#2467,
#2468,#2469,#2470,#2471,#2472,#2473,#2474,#2475,#2476,#2477,#2478,#2479,
#2480,#2481,#2482,#2483,#2484,#2485,#2486,#2487,#2488,#2489,#2490,#2491,
#2492,#2493,#2494,#2495,#2496,#2497,#2498,#2499,#2500,#2501,#2502,#2503,
#2504,#2505,#2506,#2507,#2508,#2509,#2510,#2511,#2512,#2513,#2514,#2515,
#2516,#2517,#2518,#2519,#2520,#2521,#2522,#2523,#2524,#2525,#2526,#2527,
#2528,#2529,#2530,#2531,#2532,#2533,#2534,#2535,#2536,#2537,#2538,#2539,
#2540,#2541,#2542,#2543,#2544,#2545,#2546,#2547,#2548,#2549,#2550,#2551,
#2552,#2553,#2554,#2555,#2556,#2557,#2558,#2559,#2560,#2561,#2562,#2563,
#2564,#2565,#2566,#2567,#2568,#2569,#2570,#2571,#2572,#2573,#2574,#2575,
#2576,#2577,#2578,#2579,#2580,#2581,#2582,#2583,#2584,#2585,#2586,#2587,
#2588,#2589,#2590,#2591,#2592,#2593,#2594,#2595,#2596),(#2597,#2598,#2599,
#2600,#2601,#2602,#2603,#2604,#2605,#2606,#2607,#2608,#2609,#2610,#2611,
#2612,#2613,#2614,#2615,#2616,#2617,#2618,#2619,#2620,#2621,#2622,#2623,
#2624,#2625,#2626,#2627,#2628,#2629,#2630,#2631,#2632,#2633,#2634,#2635,
#2636,#2637,#2638,#2639,#2640,#2641,#2642,#2643,#2644,#2645,#2646,#2647,
#2648,#2649,#2650,#2651,#2652,#2653,#2654,#2655,#2656,#2657,#2658,#2659,
#2660,#2661,#2662,#2663,#2664,#2665,#2666,#2667,#2668,#2669,#2670,#2671,
#2672,#2673,#2674,#2675,#2676,#2677,#2678,#2679,#2680,#2681,#2682,#2683,
#2684,#2685,#2686,#2687,#2688,#2689,#2690,#2691,#2692,#2693,#2694,#2695,
#2696,#2697,#2698,#2699,#2700,#2701,#2702,#2703,#2704,#2705,#2706,#2707,
#2708,#2709,#2710,#2711,#2712,#2713,#2714,#2715,#2716,#2717,#2718,#2719,
#2720,#2721,#2722,#2723,#2724,#2725,#2726,#2727,#2728,#2729),(#2730,#2731,
#2732,#2733,#2734,#2735,#2736,#2737,#2738,#2739,#2740,#2741,#2742,#2743,
#2744,#2745,#2746,#2747,#2748,#2749,#2750,#2751,#2752,#2753,#2754,#2755,
#2756,#2757,#2758,#2759,#2760,#2761,#2762,#2763,#2764,#2765,#2766,#2767,
#2768,#2769,#2770,#2771,#2772,#2773,#2774,#2775,#2776,#2777,#2778,#2779,
#2780,#2781,#2782,#2783,#2784,#2785,#2786,#2787,#2788,#2789,#2790,#2791,
#2792,#2793,#2794,#2795,#2796,#2797,#2798,#2799,#2800,#2801,#2802,#2803,
#2804,#2805,#2806,#2807,#2808,#2809,#2810,#2811,#2812,#2813,#2814,#2815,
#2816,#2817,#2818,#2819,#2820,#2821,#2822,#2823,#2824,#2825,#2826,#2827,
#2828,#2829,#2830,#2831,#2832,#2833,#2834,#2835,#2836,#2837,#2838,#2839,
#2840,#2841,#2842,#2843,#2844,#2845,#2846,#2847,#2848,#2849,#2850,#2851,
#2852,#2853,#2854,#2855,#2856,#2857,#2858,#2859,#2860,#2861,#2862)),
 .UNSPECIFIED.,.F.,.F.,.F.,(4,4),(4,1,1,1,1,1,1,1,1,1,1,1,1,1,1,1,1,1,1,
1,1,1,1,1,1,1,1,1,1,1,1,1,1,1,1,1,1,1,1,1,1,1,1,1,1,1,1,1,1,1,1,1,1,1,1,
1,1,1,1,1,1,1,1,1,1,1,1,1,1,1,1,1,1,1,1,1,1,1,1,1,1,1,1,1,1,1,1,1,1,1,1,
1,1,1,1,1,1,1,1,1,1,1,1,1,1,1,1,1,1,1,1,1,1,1,1,1,1,1,1,1,1,1,1,1,1,1,1,
1,1,1,4),(0.,0.0986749345071994),(8.30953319168052,8.80875239219901,9.30797159271751,
9.80719079323601,10.3064099937545,10.805629194273,11.3048483947915,11.80406759531,
12.3032867958285,12.802505996347,13.3017251968655,13.800944397384,14.3001635979025,
14.799382798421,15.2986019989394,15.7978211994579,16.2970403999764,16.7962596004949,
17.2954788010134,17.7946980015319,18.2939172020504,18.7931364025689,19.2923556030874,
19.7915748036059,20.2907940041244,20.7900132046429,21.2892324051614,21.7884516056799,
22.2876708061984,22.7868900067169,23.2861092072354,23.7853284077539,24.2845476082724,
24.7837668087908,25.2829860093093,25.7822052098278,26.2814244103463,26.7806436108648,
27.2798628113833,27.7790820119018,28.2783012124203,28.7775204129388,29.2767396134573,
29.7759588139758,30.2751780144943,30.7743972150128,31.2736164155313,31.7728356160498,
32.2720548165683,32.7712740170868,33.2704932176053,33.7697124181238,34.2689316186422,
34.7681508191607,35.2673700196792,35.7665892201977,36.2658084207162,36.7650276212347,
37.2642468217532,37.7634660222717,38.2626852227902,38.7619044233087,39.2611236238272,
39.7603428243457,40.2595620248642,40.7587812253827,41.2580004259012,41.7572196264197,
42.2564388269382,42.7556580274567,43.2548772279752,43.7540964284937,44.2533156290121,
44.7525348295306,45.2517540300491,45.7509732305676,46.2501924310861,46.7494116316046,
47.2486308321231,47.7478500326416,48.2470692331601,48.7462884336786,49.2455076341971,
49.7447268347156,50.2439460352341,50.7431652357526,51.2423844362711,51.7416036367896,
52.2408228373081,52.7400420378266,53.2392612383451,53.7384804388635,54.237699639382,
54.7369188399005,55.236138040419,55.7353572409375,56.234576441456,56.7337956419745,
57.233014842493,57.7322340430115,58.23145324353,58.7306724440485,59.229891644567,
59.7291108450855,60.228330045604,60.7275492461225,61.226768446641,61.7259876471595,
62.225206847678,62.7244260481964,63.2236452487149,63.7228644492334,64.2220836497519,
64.7213028502704,65.2205220507889,65.7197412513074,66.2189604518259,66.7181796523444,
67.2173988528629,67.7166180533814,68.2158372538999,68.7150564544184,69.2142756549369,
69.7134948554554,70.2127140559739,70.7119332564924,71.2111524570109,71.7103716575294,
72.2095908580478,72.7088100585663,73.2080292590848),.UNSPECIFIED.);
#17=B_SPLINE_SURFACE_WITH_KNOTS('',3,3,((#2990,#2991,#2992,#2993,#2994,
#2995,#2996,#2997,#2998,#2999,#3000,#3001,#3002,#3003,#3004,#3005,#3006,
#3007,#3008,#3009,#3010,#3011,#3012,#3013,#3014,#3015,#3016,#3017,#3018,
#3019,#3020,#3021,#3022,#3023,#3024,#3025,#3026,#3027,#3028,#3029,#3030,
#3031,#3032,#3033,#3034,#3035,#3036,#3037,#3038,#3039,#3040,#3041,#3042,
#3043,#3044,#3045,#3046,#3047,#3048,#3049,#3050,#3051,#3052,#3053,#3054,
#3055,#3056,#3057,#3058,#3059,#3060,#3061,#3062,#3063,#3064,#3065,#3066,
#3067,#3068,#3069,#3070,#3071,#3072,#3073,#3074,#3075,#3076,#3077,#3078,
#3079,#3080,#3081,#3082,#3083,#3084,#3085,#3086,#3087,#3088,#3089,#3090,
#3091,#3092,#3093,#3094,#3095,#3096,#3097,#3098,#3099,#3100,#3101,#3102,
#3103,#3104,#3105,#3106,#3107,#3108,#3109,#3110,#3111,#3112,#3113,#3114,
#3115,#3116,#3117,#3118,#3119,#3120,#3121,#3122),(#3123,#3124,#3125,#3126,
#3127,#3128,#3129,#3130,#3131,#3132,#3133,#3134,#3135,#3136,#3137,#3138,
#3139,#3140,#3141,#3142,#3143,#3144,#3145,#3146,#3147,#3148,#3149,#3150,
#3151,#3152,#3153,#3154,#3155,#3156,#3157,#3158,#3159,#3160,#3161,#3162,
#3163,#3164,#3165,#3166,#3167,#3168,#3169,#3170,#3171,#3172,#3173,#3174,
#3175,#3176,#3177,#3178,#3179,#3180,#3181,#3182,#3183,#3184,#3185,#3186,
#3187,#3188,#3189,#3190,#3191,#3192,#3193,#3194,#3195,#3196,#3197,#3198,
#3199,#3200,#3201,#3202,#3203,#3204,#3205,#3206,#3207,#3208,#3209,#3210,
#3211,#3212,#3213,#3214,#3215,#3216,#3217,#3218,#3219,#3220,#3221,#3222,
#3223,#3224,#3225,#3226,#3227,#3228,#3229,#3230,#3231,#3232,#3233,#3234,
#3235,#3236,#3237,#3238,#3239,#3240,#3241,#3242,#3243,#3244,#3245,#3246,
#3247,#3248,#3249,#3250,#3251,#3252,#3253,#3254,#3255),(#3256,#3257,#3258,
#3259,#3260,#3261,#3262,#3263,#3264,#3265,#3266,#3267,#3268,#3269,#3270,
#3271,#3272,#3273,#3274,#3275,#3276,#3277,#3278,#3279,#3280,#3281,#3282,
#3283,#3284,#3285,#3286,#3287,#3288,#3289,#3290,#3291,#3292,#3293,#3294,
#3295,#3296,#3297,#3298,#3299,#3300,#3301,#3302,#3303,#3304,#3305,#3306,
#3307,#3308,#3309,#3310,#3311,#3312,#3313,#3314,#3315,#3316,#3317,#3318,
#3319,#3320,#3321,#3322,#3323,#3324,#3325,#3326,#3327,#3328,#3329,#3330,
#3331,#3332,#3333,#3334,#3335,#3336,#3337,#3338,#3339,#3340,#3341,#3342,
#3343,#3344,#3345,#3346,#3347,#3348,#3349,#3350,#3351,#3352,#3353,#3354,
#3355,#3356,#3357,#3358,#3359,#3360,#3361,#3362,#3363,#3364,#3365,#3366,
#3367,#3368,#3369,#3370,#3371,#3372,#3373,#3374,#3375,#3376,#3377,#3378,
#3379,#3380,#3381,#3382,#3383,#3384,#3385,#3386,#3387,#3388),(#3389,#3390,
#3391,#3392,#3393,#3394,#3395,#3396,#3397,#3398,#3399,#3400,#3401,#3402,
#3403,#3404,#3405,#3406,#3407,#3408,#3409,#3410,#3411,#3412,#3413,#3414,
#3415,#3416,#3417,#3418,#3419,#3420,#3421,#3422,#3423,#3424,#3425,#3426,
#3427,#3428,#3429,#3430,#3431,#3432,#3433,#3434,#3435,#3436,#3437,#3438,
#3439,#3440,#3441,#3442,#3443,#3444,#3445,#3446,#3447,#3448,#3449,#3450,
#3451,#3452,#3453,#3454,#3455,#3456,#3457,#3458,#3459,#3460,#3461,#3462,
#3463,#3464,#3465,#3466,#3467,#3468,#3469,#3470,#3471,#3472,#3473,#3474,
#3475,#3476,#3477,#3478,#3479,#3480,#3481,#3482,#3483,#3484,#3485,#3486,
#3487,#3488,#3489,#3490,#3491,#3492,#3493,#3494,#3495,#3496,#3497,#3498,
#3499,#3500,#3501,#3502,#3503,#3504,#3505,#3506,#3507,#3508,#3509,#3510,
#3511,#3512,#3513,#3514,#3515,#3516,#3517,#3518,#3519,#3520,#3521)),
 .UNSPECIFIED.,.F.,.F.,.F.,(4,4),(4,1,1,1,1,1,1,1,1,1,1,1,1,1,1,1,1,1,1,
1,1,1,1,1,1,1,1,1,1,1,1,1,1,1,1,1,1,1,1,1,1,1,1,1,1,1,1,1,1,1,1,1,1,1,1,
1,1,1,1,1,1,1,1,1,1,1,1,1,1,1,1,1,1,1,1,1,1,1,1,1,1,1,1,1,1,1,1,1,1,1,1,
1,1,1,1,1,1,1,1,1,1,1,1,1,1,1,1,1,1,1,1,1,1,1,1,1,1,1,1,1,1,1,1,1,1,1,1,
1,1,1,4),(0.,0.0986749345071994),(11.6149723878395,12.114191588358,12.6134107888765,
13.1126299893949,13.6118491899134,14.1110683904319,14.6102875909504,15.1095067914689,
15.6087259919874,16.1079451925059,16.6071643930244,17.1063835935429,17.6056027940614,
18.1048219945799,18.6040411950984,19.1032603956169,19.6024795961354,20.1016987966539,
20.6009179971724,21.1001371976909,21.5993563982094,22.0985755987279,22.5977947992463,
23.0970139997648,23.5962332002833,24.0954524008018,24.5946716013203,25.0938908018388,
25.5931100023573,26.0923292028758,26.5915484033943,27.0907676039128,27.5899868044313,
28.0892060049498,28.5884252054683,29.0876444059868,29.5868636065053,30.0860828070238,
30.5853020075423,31.0845212080608,31.5837404085793,32.0829596090977,32.5821788096162,
33.0813980101347,33.5806172106532,34.0798364111717,34.5790556116902,35.0782748122087,
35.5774940127272,36.0767132132457,36.5759324137642,37.0751516142827,37.5743708148012,
38.0735900153197,38.5728092158382,39.0720284163567,39.5712476168752,40.0704668173937,
40.5696860179122,41.0689052184307,41.5681244189492,42.0673436194676,42.5665628199861,
43.0657820205046,43.5650012210231,44.0642204215416,44.5634396220601,45.0626588225786,
45.5618780230971,46.0610972236156,46.5603164241341,47.0595356246526,47.5587548251711,
48.0579740256896,48.5571932262081,49.0564124267266,49.5556316272451,50.0548508277636,
50.5540700282821,51.0532892288006,51.552508429319,52.0517276298375,52.550946830356,
53.0501660308745,53.549385231393,54.0486044319115,54.54782363243,55.0470428329485,
55.546262033467,56.0454812339855,56.544700434504,57.0439196350225,57.543138835541,
58.0423580360595,58.541577236578,59.0407964370965,59.540015637615,60.0392348381335,
60.5384540386519,61.0376732391704,61.5368924396889,62.0361116402074,62.5353308407259,
63.0345500412444,63.5337692417629,64.0329884422814,64.5322076427999,65.0314268433184,
65.5306460438369,66.0298652443554,66.5290844448739,67.0283036453924,67.5275228459109,
68.0267420464294,68.5259612469479,69.0251804474664,69.5243996479849,70.0236188485033,
70.5228380490218,71.0220572495403,71.5212764500588,72.0204956505773,72.5197148510958,
73.0189340516143,73.5181532521328,74.0173724526513,74.5165916531698,75.0158108536883,
75.5150300542068,76.0142492547253,76.5134684552438),.UNSPECIFIED.);
#18=CONICAL_SURFACE('',#649,4.675,0.785398163397448);
#19=PLANE('',#642);
#20=PLANE('',#643);
#21=PLANE('',#644);
#22=PLANE('',#645);
#23=PLANE('',#646);
#24=PLANE('',#647);
#25=PLANE('',#648);
#26=PLANE('',#654);
#27=PLANE('',#656);
#28=FACE_OUTER_BOUND('',#61,.T.);
#29=FACE_OUTER_BOUND('',#62,.T.);
#30=FACE_OUTER_BOUND('',#63,.T.);
#31=FACE_OUTER_BOUND('',#64,.T.);
#32=FACE_OUTER_BOUND('',#65,.T.);
#33=FACE_OUTER_BOUND('',#66,.T.);
#34=FACE_OUTER_BOUND('',#67,.T.);
#35=FACE_OUTER_BOUND('',#68,.T.);
#36=FACE_OUTER_BOUND('',#69,.T.);
#37=FACE_OUTER_BOUND('',#70,.T.);
#38=FACE_OUTER_BOUND('',#71,.T.);
#39=FACE_OUTER_BOUND('',#72,.T.);
#40=FACE_OUTER_BOUND('',#73,.T.);
#41=FACE_OUTER_BOUND('',#74,.T.);
#42=FACE_OUTER_BOUND('',#75,.T.);
#43=FACE_OUTER_BOUND('',#76,.T.);
#44=FACE_OUTER_BOUND('',#77,.T.);
#45=FACE_OUTER_BOUND('',#78,.T.);
#46=FACE_OUTER_BOUND('',#79,.T.);
#47=FACE_OUTER_BOUND('',#80,.T.);
#48=FACE_OUTER_BOUND('',#81,.T.);
#49=FACE_OUTER_BOUND('',#82,.T.);
#50=FACE_OUTER_BOUND('',#83,.T.);
#51=FACE_OUTER_BOUND('',#84,.T.);
#52=FACE_OUTER_BOUND('',#85,.T.);
#53=FACE_OUTER_BOUND('',#86,.T.);
#54=FACE_OUTER_BOUND('',#87,.T.);
#55=FACE_OUTER_BOUND('',#88,.T.);
#56=FACE_OUTER_BOUND('',#89,.T.);
#57=FACE_OUTER_BOUND('',#90,.T.);
#58=FACE_OUTER_BOUND('',#91,.T.);
#59=FACE_OUTER_BOUND('',#92,.T.);
#60=FACE_OUTER_BOUND('',#93,.T.);
#61=EDGE_LOOP('',(#373,#374,#375,#376));
#62=EDGE_LOOP('',(#377,#378,#379,#380));
#63=EDGE_LOOP('',(#381,#382,#383,#384));
#64=EDGE_LOOP('',(#385,#386,#387,#388));
#65=EDGE_LOOP('',(#389,#390,#391,#392));
#66=EDGE_LOOP('',(#393,#394,#395,#396));
#67=EDGE_LOOP('',(#397,#398,#399,#400));
#68=EDGE_LOOP('',(#401,#402,#403,#404));
#69=EDGE_LOOP('',(#405,#406,#407,#408));
#70=EDGE_LOOP('',(#409,#410,#411,#412));
#71=EDGE_LOOP('',(#413,#414,#415,#416));
#72=EDGE_LOOP('',(#417,#418,#419,#420));
#73=EDGE_LOOP('',(#421,#422,#423,#424));
#74=EDGE_LOOP('',(#425,#426,#427,#428));
#75=EDGE_LOOP('',(#429,#430,#431,#432));
#76=EDGE_LOOP('',(#433,#434,#435,#436));
#77=EDGE_LOOP('',(#437,#438,#439,#440));
#78=EDGE_LOOP('',(#441,#442,#443,#444));
#79=EDGE_LOOP('',(#445,#446,#447,#448));
#80=EDGE_LOOP('',(#449,#450,#451,#452));
#81=EDGE_LOOP('',(#453,#454,#455,#456));
#82=EDGE_LOOP('',(#457,#458,#459,#460));
#83=EDGE_LOOP('',(#461,#462,#463,#464));
#84=EDGE_LOOP('',(#465,#466,#467,#468));
#85=EDGE_LOOP('',(#469,#470,#471,#472));
#86=EDGE_LOOP('',(#473,#474,#475,#476,#477,#478));
#87=EDGE_LOOP('',(#479,#480,#481,#482,#483,#484,#485,#486));
#88=EDGE_LOOP('',(#487,#488,#489,#490));
#89=EDGE_LOOP('',(#491,#492,#493,#494,#495,#496,#497,#498,#499,#500,#501,
#502,#503,#504,#505,#506,#507,#508,#509,#510,#511,#512,#513));
#90=EDGE_LOOP('',(#514));
#91=EDGE_LOOP('',(#515,#516,#517,#518));
#92=EDGE_LOOP('',(#519,#520,#521,#522,#523,#524,#525,#526,#527,#528,#529,
#530,#531,#532,#533,#534,#535,#536,#537,#538,#539,#540,#541,#542));
#93=EDGE_LOOP('',(#543,#544,#545,#546));
#94=EDGE_LOOP('',(#547,#548,#549,#550,#551,#552));
#95=CIRCLE('',#622,4.57045);
#96=CIRCLE('',#633,5.425);
#97=CIRCLE('',#650,3.925);
#98=CIRCLE('',#651,4.57045);
#99=CIRCLE('',#653,5.425);
#100=B_SPLINE_CURVE_WITH_KNOTS('',3,(#775,#776,#777,#778,#779,#780,#781,
#782),.UNSPECIFIED.,.F.,.F.,(4,1,1,1,1,4),(72.2566310325653,72.5197148510958,
73.0189340516143,73.5181532521328,74.0173724526513,74.4468254596353),
 .UNSPECIFIED.);
#101=B_SPLINE_CURVE_WITH_KNOTS('',3,(#785,#786,#787,#788,#789),
 .UNSPECIFIED.,.F.,.F.,(4,1,4),(72.2566310325652,72.7088100585663,73.2080292590848),
 .UNSPECIFIED.);
#102=B_SPLINE_CURVE_WITH_KNOTS('',3,(#794,#795,#796,#797,#798,#799,#800,
#801,#802,#803,#804,#805,#806,#807,#808,#809,#810),.UNSPECIFIED.,.F.,.F.,
(4,1,1,1,1,1,1,1,1,1,1,1,1,1,4),(65.9734457253856,66.0298652443554,66.5290844448739,
67.0283036453924,67.5275228459109,68.0267420464294,68.5259612469479,69.0251804474664,
69.5243996479849,70.0236188485033,70.5228380490218,71.0220572495403,71.5212764500588,
72.0204956505773,72.2566310325653),.UNSPECIFIED.);
#103=B_SPLINE_CURVE_WITH_KNOTS('',3,(#811,#812,#813,#814,#815,#816,#817,
#818,#819,#820,#821,#822,#823,#824,#825,#826,#827),.UNSPECIFIED.,.F.,.F.,
(4,1,1,1,1,1,1,1,1,1,1,1,1,1,4),(65.9734457253856,66.2189604518259,66.7181796523444,
67.2173988528629,67.7166180533814,68.2158372538999,68.7150564544184,69.2142756549369,
69.7134948554554,70.2127140559739,70.7119332564924,71.2111524570109,71.7103716575294,
72.2095908580478,72.2566310325652),.UNSPECIFIED.);
#104=B_SPLINE_CURVE_WITH_KNOTS('',3,(#832,#833,#834,#835,#836,#837,#838,
#839,#840,#841,#842,#843,#844,#845,#846,#847),.UNSPECIFIED.,.F.,.F.,(4,
1,1,1,1,1,1,1,1,1,1,1,1,4),(59.6902604182061,60.0392348381335,60.5384540386519,
61.0376732391704,61.5368924396889,62.0361116402074,62.5353308407259,63.0345500412444,
63.5337692417629,64.0329884422814,64.5322076427999,65.0314268433184,65.5306460438369,
65.9734457253856),.UNSPECIFIED.);
#105=B_SPLINE_CURVE_WITH_KNOTS('',3,(#848,#849,#850,#851,#852,#853,#854,
#855,#856,#857,#858,#859,#860,#861,#862,#863,#864),.UNSPECIFIED.,.F.,.F.,
(4,1,1,1,1,1,1,1,1,1,1,1,1,1,4),(59.6902604182061,59.7291108450855,60.228330045604,
60.7275492461225,61.226768446641,61.7259876471595,62.225206847678,62.7244260481964,
63.2236452487149,63.7228644492334,64.2220836497519,64.7213028502704,65.2205220507889,
65.7197412513074,65.9734457253856),.UNSPECIFIED.);
#106=B_SPLINE_CURVE_WITH_KNOTS('',3,(#869,#870,#871,#872,#873,#874,#875,
#876,#877,#878,#879,#880,#881,#882,#883,#884,#885),.UNSPECIFIED.,.F.,.F.,
(4,1,1,1,1,1,1,1,1,1,1,1,1,1,4),(53.4070751110265,53.549385231393,54.0486044319115,
54.54782363243,55.0470428329485,55.546262033467,56.0454812339855,56.544700434504,
57.0439196350225,57.543138835541,58.0423580360595,58.541577236578,59.0407964370965,
59.540015637615,59.6902604182061),.UNSPECIFIED.);
#107=B_SPLINE_CURVE_WITH_KNOTS('',3,(#886,#887,#888,#889,#890,#891,#892,
#893,#894,#895,#896,#897,#898,#899,#900,#901),.UNSPECIFIED.,.F.,.F.,(4,
1,1,1,1,1,1,1,1,1,1,1,1,4),(53.4070751110265,53.7384804388635,54.237699639382,
54.7369188399005,55.236138040419,55.7353572409375,56.234576441456,56.7337956419745,
57.233014842493,57.7322340430115,58.23145324353,58.7306724440485,59.229891644567,
59.6902604182061),.UNSPECIFIED.);
#108=B_SPLINE_CURVE_WITH_KNOTS('',3,(#906,#907,#908,#909,#910,#911,#912,
#913,#914,#915,#916,#917,#918,#919,#920,#921),.UNSPECIFIED.,.F.,.F.,(4,
1,1,1,1,1,1,1,1,1,1,1,1,4),(47.1238898038469,47.5587548251711,48.0579740256896,
48.5571932262081,49.0564124267266,49.5556316272451,50.0548508277636,50.5540700282821,
51.0532892288006,51.552508429319,52.0517276298375,52.550946830356,53.0501660308745,
53.4070751110265),.UNSPECIFIED.);
#109=B_SPLINE_CURVE_WITH_KNOTS('',3,(#922,#923,#924,#925,#926,#927,#928,
#929,#930,#931,#932,#933,#934,#935,#936,#937,#938),.UNSPECIFIED.,.F.,.F.,
(4,1,1,1,1,1,1,1,1,1,1,1,1,1,4),(47.1238898038469,47.2486308321231,47.7478500326416,
48.2470692331601,48.7462884336786,49.2455076341971,49.7447268347156,50.2439460352341,
50.7431652357526,51.2423844362711,51.7416036367896,52.2408228373081,52.7400420378266,
53.2392612383451,53.4070751110265),.UNSPECIFIED.);
#110=B_SPLINE_CURVE_WITH_KNOTS('',3,(#943,#944,#945,#946,#947,#948,#949,
#950,#951,#952,#953,#954,#955,#956,#957,#958,#959),.UNSPECIFIED.,.F.,.F.,
(4,1,1,1,1,1,1,1,1,1,1,1,1,1,4),(40.8407044966673,41.0689052184307,41.5681244189492,
42.0673436194676,42.5665628199861,43.0657820205046,43.5650012210231,44.0642204215416,
44.5634396220601,45.0626588225786,45.5618780230971,46.0610972236156,46.5603164241341,
47.0595356246526,47.1238898038469),.UNSPECIFIED.);
#111=B_SPLINE_CURVE_WITH_KNOTS('',3,(#960,#961,#962,#963,#964,#965,#966,
#967,#968,#969,#970,#971,#972,#973,#974,#975),.UNSPECIFIED.,.F.,.F.,(4,
1,1,1,1,1,1,1,1,1,1,1,1,4),(40.8407044966673,41.2580004259012,41.7572196264197,
42.2564388269382,42.7556580274567,43.2548772279752,43.7540964284937,44.2533156290121,
44.7525348295306,45.2517540300491,45.7509732305676,46.2501924310861,46.7494116316046,
47.1238898038469),.UNSPECIFIED.);
#112=B_SPLINE_CURVE_WITH_KNOTS('',3,(#980,#981,#982,#983,#984,#985,#986,
#987,#988,#989,#990,#991,#992,#993,#994,#995,#996),.UNSPECIFIED.,.F.,.F.,
(4,1,1,1,1,1,1,1,1,1,1,1,1,1,4),(34.5575191894877,34.5790556116902,35.0782748122087,
35.5774940127272,36.0767132132457,36.5759324137642,37.0751516142827,37.5743708148012,
38.0735900153197,38.5728092158382,39.0720284163567,39.5712476168752,40.0704668173937,
40.5696860179122,40.8407044966673),.UNSPECIFIED.);
#113=B_SPLINE_CURVE_WITH_KNOTS('',3,(#997,#998,#999,#1000,#1001,#1002,#1003,
#1004,#1005,#1006,#1007,#1008,#1009,#1010,#1011,#1012,#1013),
 .UNSPECIFIED.,.F.,.F.,(4,1,1,1,1,1,1,1,1,1,1,1,1,1,4),(34.5575191894877,
34.7681508191607,35.2673700196792,35.7665892201977,36.2658084207162,36.7650276212347,
37.2642468217532,37.7634660222717,38.2626852227902,38.7619044233087,39.2611236238272,
39.7603428243457,40.2595620248642,40.7587812253827,40.8407044966673),
 .UNSPECIFIED.);
#114=B_SPLINE_CURVE_WITH_KNOTS('',3,(#1018,#1019,#1020,#1021,#1022,#1023,
#1024,#1025,#1026,#1027,#1028,#1029,#1030,#1031,#1032,#1033),
 .UNSPECIFIED.,.F.,.F.,(4,1,1,1,1,1,1,1,1,1,1,1,1,4),(28.2743338823081,
28.5884252054683,29.0876444059868,29.5868636065053,30.0860828070238,30.5853020075423,
31.0845212080608,31.5837404085793,32.0829596090977,32.5821788096162,33.0813980101347,
33.5806172106532,34.0798364111717,34.5575191894877),.UNSPECIFIED.);
#115=B_SPLINE_CURVE_WITH_KNOTS('',3,(#1034,#1035,#1036,#1037,#1038,#1039,
#1040,#1041,#1042,#1043,#1044,#1045,#1046,#1047,#1048,#1049,#1050),
 .UNSPECIFIED.,.F.,.F.,(4,1,1,1,1,1,1,1,1,1,1,1,1,1,4),(28.2743338823081,
28.2783012124203,28.7775204129388,29.2767396134573,29.7759588139758,30.2751780144943,
30.7743972150128,31.2736164155313,31.7728356160498,32.2720548165683,32.7712740170868,
33.2704932176053,33.7697124181238,34.2689316186422,34.5575191894877),
 .UNSPECIFIED.);
#116=B_SPLINE_CURVE_WITH_KNOTS('',3,(#1055,#1056,#1057,#1058,#1059,#1060,
#1061,#1062,#1063,#1064,#1065,#1066,#1067,#1068,#1069,#1070,#1071),
 .UNSPECIFIED.,.F.,.F.,(4,1,1,1,1,1,1,1,1,1,1,1,1,1,4),(21.9911485751285,
22.0985755987279,22.5977947992463,23.0970139997648,23.5962332002833,24.0954524008018,
24.5946716013203,25.0938908018388,25.5931100023573,26.0923292028758,26.5915484033943,
27.0907676039128,27.5899868044313,28.0892060049498,28.2743338823081),
 .UNSPECIFIED.);
#117=B_SPLINE_CURVE_WITH_KNOTS('',3,(#1072,#1073,#1074,#1075,#1076,#1077,
#1078,#1079,#1080,#1081,#1082,#1083,#1084,#1085,#1086,#1087),
 .UNSPECIFIED.,.F.,.F.,(4,1,1,1,1,1,1,1,1,1,1,1,1,4),(21.9911485751285,
22.2876708061984,22.7868900067169,23.2861092072354,23.7853284077539,24.2845476082724,
24.7837668087908,25.2829860093093,25.7822052098278,26.2814244103463,26.7806436108648,
27.2798628113833,27.7790820119018,28.2743338823081),.UNSPECIFIED.);
#118=B_SPLINE_CURVE_WITH_KNOTS('',3,(#1092,#1093,#1094,#1095,#1096,#1097,
#1098,#1099,#1100,#1101,#1102,#1103,#1104,#1105,#1106,#1107),
 .UNSPECIFIED.,.F.,.F.,(4,1,1,1,1,1,1,1,1,1,1,1,1,4),(15.7079632679489,
16.1079451925059,16.6071643930244,17.1063835935429,17.6056027940614,18.1048219945799,
18.6040411950984,19.1032603956169,19.6024795961354,20.1016987966539,20.6009179971724,
21.1001371976909,21.5993563982094,21.9911485751285),.UNSPECIFIED.);
#119=B_SPLINE_CURVE_WITH_KNOTS('',3,(#1108,#1109,#1110,#1111,#1112,#1113,
#1114,#1115,#1116,#1117,#1118,#1119,#1120,#1121,#1122,#1123,#1124),
 .UNSPECIFIED.,.F.,.F.,(4,1,1,1,1,1,1,1,1,1,1,1,1,1,4),(15.7079632679489,
15.7978211994579,16.2970403999764,16.7962596004949,17.2954788010134,17.7946980015319,
18.2939172020504,18.7931364025689,19.2923556030874,19.7915748036059,20.2907940041244,
20.7900132046429,21.2892324051614,21.7884516056799,21.9911485751285),
 .UNSPECIFIED.);
#120=B_SPLINE_CURVE_WITH_KNOTS('',3,(#1130,#1131,#1132,#1133,#1134,#1135,
#1136,#1137,#1138,#1139,#1140,#1141,#1142,#1143,#1144,#1145),
 .UNSPECIFIED.,.F.,.F.,(4,3,3,3,3,4),(-10.376176187289,-9.9843840103699,
-9.4851648098514,-8.9859456093329,-8.48672640881441,-8.34982830278805),
 .UNSPECIFIED.);
#121=B_SPLINE_CURVE_WITH_KNOTS('',3,(#1148,#1149,#1150,#1151,#1152,#1153,
#1154,#1155,#1156,#1157),.UNSPECIFIED.,.F.,.F.,(4,3,3,4),(6.2831853071796,
6.48984960674043,6.98906880725893,7.39843007626835),.UNSPECIFIED.);
#122=B_SPLINE_CURVE_WITH_KNOTS('',3,(#1162,#1163,#1164,#1165,#1166,#1167,
#1168,#1169,#1170,#1171,#1172,#1173,#1174,#1175,#1176,#1177,#1178,#1179,
#1180,#1181,#1182,#1183,#1184,#1185,#1186,#1187,#1188,#1189,#1190,#1191,
#1192,#1193,#1194,#1195,#1196,#1197,#1198,#1199,#1200,#1201,#1202,#1203,
#1204),.UNSPECIFIED.,.F.,.F.,(4,3,3,3,3,3,3,3,3,3,3,3,3,3,4),(-16.6593614944686,
-16.4742336171103,-15.9750144165918,-15.4757952160733,-14.9765760155548,
-14.4773568150363,-13.9781376145179,-13.4789184139994,-12.9796992134809,
-12.4804800129624,-11.9812608124439,-11.4820416119254,-10.9828224114069,
-10.4836032108884,-10.376176187289),.UNSPECIFIED.);
#123=B_SPLINE_CURVE_WITH_KNOTS('',3,(#1205,#1206,#1207,#1208,#1209,#1210,
#1211,#1212,#1213,#1214,#1215,#1216,#1217,#1218,#1219,#1220,#1221,#1222,
#1223,#1224,#1225,#1226,#1227,#1228,#1229,#1230,#1231,#1232,#1233,#1234,
#1235,#1236,#1237,#1238,#1239,#1240,#1241,#1242,#1243,#1244,#1245,#1246,
#1247),.UNSPECIFIED.,.F.,.F.,(4,3,3,3,3,3,3,3,3,3,3,3,3,3,4),(7.39843007626835,
7.48828800777742,7.98750720829592,8.48672640881441,8.9859456093329,9.4851648098514,
9.9843840103699,10.4836032108884,10.9828224114069,11.4820416119254,11.9812608124439,
12.4804800129624,12.9796992134809,13.4789184139994,13.6816153834479),
 .UNSPECIFIED.);
#124=B_SPLINE_CURVE_WITH_KNOTS('',3,(#1252,#1253,#1254,#1255,#1256,#1257,
#1258,#1259,#1260,#1261,#1262,#1263,#1264,#1265,#1266,#1267,#1268,#1269,
#1270,#1271,#1272,#1273,#1274,#1275,#1276,#1277,#1278,#1279,#1280,#1281,
#1282,#1283,#1284,#1285,#1286,#1287,#1288,#1289,#1290,#1291),
 .UNSPECIFIED.,.F.,.F.,(4,3,3,3,3,3,3,3,3,3,3,3,3,4),(-22.9425468016482,
-22.4648640233323,-21.9656448228138,-21.4664256222953,-20.9672064217768,
-20.4679872212583,-19.9687680207398,-19.4695488202213,-18.9703296197028,
-18.4711104191843,-17.9718912186658,-17.4726720181473,-16.9734528176288,
-16.6593614944686),.UNSPECIFIED.);
#125=B_SPLINE_CURVE_WITH_KNOTS('',3,(#1292,#1293,#1294,#1295,#1296,#1297,
#1298,#1299,#1300,#1301,#1302,#1303,#1304,#1305,#1306,#1307,#1308,#1309,
#1310,#1311,#1312,#1313,#1314,#1315,#1316,#1317,#1318,#1319,#1320,#1321,
#1322,#1323,#1324,#1325,#1326,#1327,#1328,#1329,#1330,#1331),
 .UNSPECIFIED.,.F.,.F.,(4,3,3,3,3,3,3,3,3,3,3,3,3,4),(13.6816153834479,
13.9781376145179,14.4773568150363,14.9765760155548,15.4757952160733,15.9750144165918,
16.4742336171103,16.9734528176288,17.4726720181473,17.9718912186658,18.4711104191843,
18.9703296197028,19.4695488202213,19.9648006906275),.UNSPECIFIED.);
#126=B_SPLINE_CURVE_WITH_KNOTS('',3,(#1336,#1337,#1338,#1339,#1340,#1341,
#1342,#1343,#1344,#1345,#1346,#1347,#1348,#1349,#1350,#1351,#1352,#1353,
#1354,#1355,#1356,#1357,#1358,#1359,#1360,#1361,#1362,#1363,#1364,#1365,
#1366,#1367,#1368,#1369,#1370,#1371,#1372,#1373,#1374,#1375,#1376,#1377,
#1378),.UNSPECIFIED.,.F.,.F.,(4,3,3,3,3,3,3,3,3,3,3,3,3,3,4),(-29.2257321088278,
-28.9547136300727,-28.4554944295542,-27.9562752290357,-27.4570560285172,
-26.9578368279987,-26.4586176274802,-25.9593984269617,-25.4601792264432,
-24.9609600259247,-24.4617408254062,-23.9625216248877,-23.4633024243693,
-22.9640832238508,-22.9425468016482),.UNSPECIFIED.);
#127=B_SPLINE_CURVE_WITH_KNOTS('',3,(#1379,#1380,#1381,#1382,#1383,#1384,
#1385,#1386,#1387,#1388,#1389,#1390,#1391,#1392,#1393,#1394,#1395,#1396,
#1397,#1398,#1399,#1400,#1401,#1402,#1403,#1404,#1405,#1406,#1407,#1408,
#1409,#1410,#1411,#1412,#1413,#1414,#1415,#1416,#1417,#1418,#1419,#1420,
#1421),.UNSPECIFIED.,.F.,.F.,(4,3,3,3,3,3,3,3,3,3,3,3,3,3,4),(19.9648006906275,
19.9687680207398,20.4679872212583,20.9672064217768,21.4664256222953,21.9656448228138,
22.4648640233323,22.9640832238508,23.4633024243693,23.9625216248878,24.4617408254062,
24.9609600259247,25.4601792264432,25.9593984269617,26.2479859978071),
 .UNSPECIFIED.);
#128=B_SPLINE_CURVE_WITH_KNOTS('',3,(#1426,#1427,#1428,#1429,#1430,#1431,
#1432,#1433,#1434,#1435,#1436,#1437,#1438,#1439,#1440,#1441,#1442,#1443,
#1444,#1445,#1446,#1447,#1448,#1449,#1450,#1451,#1452,#1453,#1454,#1455,
#1456,#1457,#1458,#1459,#1460,#1461,#1462,#1463,#1464,#1465,#1466,#1467,
#1468),.UNSPECIFIED.,.F.,.F.,(4,3,3,3,3,3,3,3,3,3,3,3,3,3,4),(-35.5089174160074,
-35.4445632368131,-34.9453440362946,-34.4461248357761,-33.9469056352577,
-33.4476864347392,-32.9484672342207,-32.4492480337022,-31.9500288331837,
-31.4508096326652,-30.9515904321467,-30.4523712316282,-29.9531520311097,
-29.4539328305912,-29.2257321088278),.UNSPECIFIED.);
#129=B_SPLINE_CURVE_WITH_KNOTS('',3,(#1469,#1470,#1471,#1472,#1473,#1474,
#1475,#1476,#1477,#1478,#1479,#1480,#1481,#1482,#1483,#1484,#1485,#1486,
#1487,#1488,#1489,#1490,#1491,#1492,#1493,#1494,#1495,#1496,#1497,#1498,
#1499,#1500,#1501,#1502,#1503,#1504,#1505,#1506,#1507,#1508,#1509,#1510,
#1511),.UNSPECIFIED.,.F.,.F.,(4,3,3,3,3,3,3,3,3,3,3,3,3,3,4),(26.2479859978071,
26.4586176274802,26.9578368279987,27.4570560285172,27.9562752290357,28.4554944295542,
28.9547136300727,29.4539328305912,29.9531520311097,30.4523712316282,30.9515904321467,
31.4508096326652,31.9500288331837,32.4492480337022,32.5311713049867),
 .UNSPECIFIED.);
#130=B_SPLINE_CURVE_WITH_KNOTS('',3,(#1516,#1517,#1518,#1519,#1520,#1521,
#1522,#1523,#1524,#1525,#1526,#1527,#1528,#1529,#1530,#1531,#1532,#1533,
#1534,#1535,#1536,#1537,#1538,#1539,#1540,#1541,#1542,#1543,#1544,#1545,
#1546,#1547,#1548,#1549,#1550,#1551,#1552,#1553,#1554,#1555),
 .UNSPECIFIED.,.F.,.F.,(4,3,3,3,3,3,3,3,3,3,3,3,3,4),(-41.792102723187,
-41.4351936430351,-40.9359744425166,-40.4367552419981,-39.9375360414796,
-39.4383168409611,-38.9390976404426,-38.4398784399241,-37.9406592394056,
-37.4414400388871,-36.9422208383686,-36.4430016378501,-35.9437824373316,
-35.5089174160074),.UNSPECIFIED.);
#131=B_SPLINE_CURVE_WITH_KNOTS('',3,(#1556,#1557,#1558,#1559,#1560,#1561,
#1562,#1563,#1564,#1565,#1566,#1567,#1568,#1569,#1570,#1571,#1572,#1573,
#1574,#1575,#1576,#1577,#1578,#1579,#1580,#1581,#1582,#1583,#1584,#1585,
#1586,#1587,#1588,#1589,#1590,#1591,#1592,#1593,#1594,#1595),
 .UNSPECIFIED.,.F.,.F.,(4,3,3,3,3,3,3,3,3,3,3,3,3,4),(32.5311713049867,
32.9484672342207,33.4476864347391,33.9469056352576,34.4461248357761,34.9453440362946,
35.4445632368131,35.9437824373316,36.4430016378501,36.9422208383686,37.4414400388871,
37.9406592394056,38.4398784399241,38.8143566121663),.UNSPECIFIED.);
#132=B_SPLINE_CURVE_WITH_KNOTS('',3,(#1600,#1601,#1602,#1603,#1604,#1605,
#1606,#1607,#1608,#1609,#1610,#1611,#1612,#1613,#1614,#1615,#1616,#1617,
#1618,#1619,#1620,#1621,#1622,#1623,#1624,#1625,#1626,#1627,#1628,#1629,
#1630,#1631,#1632,#1633,#1634,#1635,#1636,#1637,#1638,#1639,#1640,#1641,
#1642),.UNSPECIFIED.,.F.,.F.,(4,3,3,3,3,3,3,3,3,3,3,3,3,3,4),(-48.0752880303666,
-47.9250432497755,-47.425824049257,-46.9266048487385,-46.42738564822,-45.9281664477015,
-45.428947247183,-44.9297280466645,-44.430508846146,-43.9312896456275,-43.432070445109,
-42.9328512445906,-42.4336320440721,-41.9344128435536,-41.792102723187),
 .UNSPECIFIED.);
#133=B_SPLINE_CURVE_WITH_KNOTS('',3,(#1643,#1644,#1645,#1646,#1647,#1648,
#1649,#1650,#1651,#1652,#1653,#1654,#1655,#1656,#1657,#1658,#1659,#1660,
#1661,#1662,#1663,#1664,#1665,#1666,#1667,#1668,#1669,#1670,#1671,#1672,
#1673,#1674,#1675,#1676,#1677,#1678,#1679,#1680,#1681,#1682,#1683,#1684,
#1685),.UNSPECIFIED.,.F.,.F.,(4,3,3,3,3,3,3,3,3,3,3,3,3,3,4),(38.8143566121663,
38.9390976404426,39.4383168409611,39.9375360414796,40.4367552419981,40.9359744425166,
41.4351936430351,41.9344128435536,42.4336320440721,42.9328512445906,43.4320704451091,
43.9312896456275,44.430508846146,44.9297280466645,45.0975419193459),
 .UNSPECIFIED.);
#134=B_SPLINE_CURVE_WITH_KNOTS('',3,(#1690,#1691,#1692,#1693,#1694,#1695,
#1696,#1697,#1698,#1699,#1700,#1701,#1702,#1703,#1704,#1705,#1706,#1707,
#1708,#1709,#1710,#1711,#1712,#1713,#1714,#1715,#1716,#1717,#1718,#1719,
#1720,#1721,#1722,#1723,#1724,#1725,#1726,#1727,#1728,#1729),
 .UNSPECIFIED.,.F.,.F.,(4,3,3,3,3,3,3,3,3,3,3,3,3,4),(-54.3584733375462,
-53.9156736559974,-53.4164544554789,-52.9172352549604,-52.4180160544419,
-51.9187968539235,-51.419577653405,-50.9203584528865,-50.421139252368,-49.9219200518495,
-49.422700851331,-48.9234816508125,-48.424262450294,-48.0752880303666),
 .UNSPECIFIED.);
#135=B_SPLINE_CURVE_WITH_KNOTS('',3,(#1730,#1731,#1732,#1733,#1734,#1735,
#1736,#1737,#1738,#1739,#1740,#1741,#1742,#1743,#1744,#1745,#1746,#1747,
#1748,#1749,#1750,#1751,#1752,#1753,#1754,#1755,#1756,#1757,#1758,#1759,
#1760,#1761,#1762,#1763,#1764,#1765,#1766,#1767,#1768,#1769),
 .UNSPECIFIED.,.F.,.F.,(4,3,3,3,3,3,3,3,3,3,3,3,3,4),(45.0975419193459,
45.428947247183,45.9281664477015,46.42738564822,46.9266048487385,47.425824049257,
47.9250432497755,48.424262450294,48.9234816508125,49.422700851331,49.9219200518495,
50.421139252368,50.9203584528865,51.3807272265255),.UNSPECIFIED.);
#136=B_SPLINE_CURVE_WITH_KNOTS('',3,(#1774,#1775,#1776,#1777,#1778,#1779,
#1780,#1781,#1782,#1783,#1784,#1785,#1786,#1787,#1788,#1789,#1790,#1791,
#1792,#1793,#1794,#1795,#1796,#1797,#1798,#1799,#1800,#1801,#1802,#1803,
#1804,#1805,#1806,#1807,#1808,#1809,#1810,#1811,#1812,#1813,#1814,#1815,
#1816),.UNSPECIFIED.,.F.,.F.,(4,3,3,3,3,3,3,3,3,3,3,3,3,3,4),(-60.6416586447258,
-60.4055232627379,-59.9063040622194,-59.4070848617009,-58.9078656611824,
-58.4086464606639,-57.9094272601454,-57.4102080596269,-56.9109888591084,
-56.4117696585899,-55.9125504580714,-55.4133312575529,-54.9141120570344,
-54.4148928565159,-54.3584733375462),.UNSPECIFIED.);
#137=B_SPLINE_CURVE_WITH_KNOTS('',3,(#1817,#1818,#1819,#1820,#1821,#1822,
#1823,#1824,#1825,#1826,#1827,#1828,#1829,#1830,#1831,#1832,#1833,#1834,
#1835,#1836,#1837,#1838,#1839,#1840,#1841,#1842,#1843,#1844,#1845,#1846,
#1847,#1848,#1849,#1850,#1851,#1852,#1853,#1854,#1855,#1856,#1857,#1858,
#1859),.UNSPECIFIED.,.F.,.F.,(4,3,3,3,3,3,3,3,3,3,3,3,3,3,4),(51.3807272265255,
51.419577653405,51.9187968539234,52.4180160544419,52.9172352549605,53.4164544554789,
53.9156736559974,54.4148928565159,54.9141120570344,55.4133312575529,55.9125504580714,
56.4117696585899,56.9109888591084,57.4102080596269,57.6639125337051),
 .UNSPECIFIED.);
#138=B_SPLINE_CURVE_WITH_KNOTS('',3,(#1899,#1900,#1901,#1902,#1903,#1904,
#1905,#1906,#1907,#1908,#1909,#1910,#1911,#1912,#1913,#1914,#1915,#1916,
#1917,#1918,#1919,#1920,#1921,#1922,#1923,#1924,#1925,#1926,#1927,#1928,
#1929,#1930,#1931,#1932,#1933,#1934,#1935,#1936,#1937,#1938,#1939,#1940,
#1941,#1942,#1943,#1944,#1945,#1946,#1947,#1948,#1949,#1950,#1951,#1952,
#1953,#1954,#1955,#1956,#1957,#1958,#1959,#1960,#1961,#1962,#1963,#1964,
#1965,#1966,#1967,#1968,#1969,#1970,#1971,#1972,#1973,#1974),
 .UNSPECIFIED.,.F.,.F.,(4,3,3,3,3,3,3,3,3,3,3,3,3,3,3,3,3,3,3,3,3,3,3,3,
3,4),(-0.769425512780895,-0.727717122547749,-0.685437037263808,-0.664456607378303,
-0.622405329612049,-0.609401898168318,-0.602326382385013,-0.596324127683693,
-0.551833951213503,-0.508344338312468,-0.463353880057701,-0.418363421802933,
-0.410732566950348,-0.405623119068828,-0.361948356172129,-0.317503067748416,
-0.272410758461268,-0.227377563388404,-0.213993803144421,-0.208205374806665,
-0.162068808683868,-0.15866155200592,-0.112931753411374,-0.0666985441017043,
-0.0202107023327388,0.),.UNSPECIFIED.);
#139=B_SPLINE_CURVE_WITH_KNOTS('',3,(#1976,#1977,#1978,#1979,#1980,#1981,
#1982,#1983,#1984,#1985,#1986,#1987,#1988,#1989,#1990,#1991,#1992,#1993,
#1994,#1995,#1996,#1997,#1998,#1999,#2000,#2001,#2002,#2003,#2004,#2005,
#2006,#2007,#2008,#2009,#2010,#2011,#2012,#2013,#2014,#2015,#2016,#2017,
#2018,#2019,#2020,#2021,#2022,#2023,#2024,#2025,#2026,#2027,#2028,#2029,
#2030,#2031,#2032,#2033,#2034,#2035,#2036,#2037,#2038,#2039,#2040,#2041,
#2042,#2043,#2044,#2045,#2046,#2047,#2048,#2049,#2050,#2051,#2052,#2053,
#2054,#2055,#2056,#2057,#2058,#2059,#2060,#2061,#2062,#2063,#2064,#2065,
#2066,#2067,#2068,#2069,#2070,#2071,#2072,#2073,#2074,#2075,#2076,#2077,
#2078,#2079,#2080,#2081,#2082,#2083,#2084,#2085,#2086,#2087,#2088,#2089,
#2090,#2091,#2092,#2093,#2094,#2095,#2096,#2097,#2098,#2099,#2100,#2101,
#2102,#2103,#2104,#2105,#2106,#2107,#2108,#2109,#2110,#2111,#2112,#2113,
#2114,#2115,#2116,#2117,#2118,#2119,#2120,#2121,#2122,#2123,#2124,#2125,
#2126,#2127,#2128,#2129,#2130,#2131,#2132,#2133,#2134,#2135,#2136,#2137,
#2138,#2139,#2140,#2141,#2142,#2143,#2144,#2145,#2146,#2147,#2148,#2149,
#2150,#2151,#2152,#2153,#2154,#2155,#2156,#2157,#2158,#2159,#2160,#2161,
#2162,#2163,#2164,#2165,#2166,#2167,#2168,#2169,#2170,#2171,#2172,#2173,
#2174,#2175,#2176,#2177,#2178,#2179,#2180,#2181,#2182,#2183,#2184,#2185,
#2186,#2187,#2188,#2189),.UNSPECIFIED.,.F.,.F.,(4,3,3,3,3,3,3,3,3,3,3,3,
3,3,3,3,3,3,3,3,3,3,3,3,3,3,3,3,3,3,3,3,3,3,3,3,3,3,3,3,3,3,3,3,3,3,3,3,
3,3,3,3,3,3,3,3,3,3,3,3,3,3,3,3,3,3,3,3,3,3,3,4),(-2.82751429884116,-2.778671441816,
-2.73164304385223,-2.68501094434769,-2.6727160062477,-2.66445250880612,
-2.63214287074051,-2.58545947894782,-2.5386527718294,-2.51576485045139,
-2.50797518191171,-2.46151119422682,-2.41367182999901,-2.36583246577121,
-2.3330014140041,-2.31658708604451,-2.30617711833525,-2.29988141213887,
-2.254080461312,-2.20792613163711,-2.16203035850048,-2.11699809672253,-2.10318405163432,
-2.09726491157431,-2.05208114908126,-2.00638179888065,-1.96077155362283,
-1.91565733193979,-1.89983478284654,-1.89430586611804,-1.84897731085189,
-1.84423702883055,-1.79899482946308,-1.75359209538919,-1.7124046348045,
-1.70352787432174,-1.69475671591682,-1.64980485855582,-1.60498320030512,
-1.58884225305044,-1.54383441062482,-1.51800203577809,-1.50507737198668,
-1.49715471073271,-1.45259785319955,-1.40798662992831,-1.36393479049693,
-1.33717541185101,-1.3197613573282,-1.31018839121348,-1.30153707034587,
-1.25772886783309,-1.21347318443708,-1.16944248845977,-1.12939435270628,
-1.11662175356412,-1.10838005061675,-1.08934621695279,-1.04585923745542,
-1.00200148517373,-0.958465471275163,-0.930119804250428,-0.92308370949346,
-0.917472193560079,-0.874051294914744,-0.845082803176223,-0.801671717849231,
-0.764267319152328,-0.736214020129652,-0.728507337675368,-0.685449235138764,
-0.652054123061621),.UNSPECIFIED.);
#140=B_SPLINE_CURVE_WITH_KNOTS('',3,(#2194,#2195,#2196,#2197,#2198,#2199,
#2200,#2201,#2202,#2203,#2204,#2205,#2206,#2207,#2208,#2209,#2210,#2211,
#2212,#2213,#2214,#2215,#2216,#2217,#2218,#2219,#2220,#2221,#2222,#2223,
#2224,#2225,#2226,#2227,#2228,#2229,#2230,#2231,#2232,#2233,#2234,#2235,
#2236,#2237,#2238,#2239,#2240,#2241,#2242,#2243,#2244,#2245,#2246,#2247,
#2248,#2249,#2250,#2251,#2252,#2253,#2254,#2255,#2256,#2257,#2258,#2259,
#2260,#2261,#2262,#2263),.UNSPECIFIED.,.F.,.F.,(4,3,3,3,3,3,3,3,3,3,3,3,
3,3,3,3,3,3,3,3,3,3,3,4),(-0.652054123061621,-0.609408712851761,-0.604462423629013,
-0.574859804771058,-0.547961943981555,-0.542235531912178,-0.498587017125476,
-0.455898352558486,-0.411769912661927,-0.370175987213239,-0.367641472765368,
-0.362228789085475,-0.35652764697791,-0.314704365630989,-0.272435721454611,
-0.230332247665778,-0.188739903260459,-0.18079410671131,-0.1752947137075,
-0.13455784174719,-0.0927493986834011,-0.0508240325087934,-0.00930820571751374,
0.),.UNSPECIFIED.);
#141=B_SPLINE_CURVE_WITH_KNOTS('',3,(#2267,#2268,#2269,#2270,#2271,#2272,
#2273,#2274,#2275,#2276,#2277,#2278,#2279,#2280,#2281,#2282,#2283,#2284,
#2285,#2286,#2287,#2288,#2289,#2290,#2291,#2292,#2293,#2294,#2295,#2296,
#2297,#2298,#2299,#2300),.UNSPECIFIED.,.F.,.F.,(4,3,3,3,3,3,3,3,3,3,3,4),
(57.6639125337051,57.9094272601454,58.4086464606639,58.9078656611824,59.4070848617009,
59.9063040622194,60.4055232627379,60.9047424632564,61.4039616637749,61.9031808642933,
62.4024000648118,62.8318530717959),.UNSPECIFIED.);
#142=B_SPLINE_CURVE_WITH_KNOTS('',3,(#2303,#2304,#2305,#2306,#2307,#2308,
#2309,#2310,#2311,#2312,#2313,#2314,#2315,#2316,#2317,#2318,#2319,#2320,
#2321,#2322,#2323,#2324,#2325,#2326,#2327,#2328,#2329,#2330),
 .UNSPECIFIED.,.F.,.F.,(4,3,3,3,3,3,3,3,3,4),(-64.8984960674043,-64.3992768668858,
-63.9000576663673,-63.4008384658488,-62.9016192653303,-62.4024000648118,
-61.9031808642934,-61.4039616637749,-60.9047424632564,-60.6416586447258),
 .UNSPECIFIED.);
#143=B_SPLINE_CURVE_WITH_KNOTS('',3,(#2863,#2864,#2865,#2866,#2867,#2868,
#2869,#2870,#2871),.UNSPECIFIED.,.F.,.F.,(4,1,1,1,1,1,4),(13.0798308249684,
13.3017251968655,13.800944397384,14.3001635979025,14.799382798421,15.2986019989394,
15.7079632679489),.UNSPECIFIED.);
#144=B_SPLINE_CURVE_WITH_KNOTS('',3,(#2872,#2873,#2874,#2875,#2876,#2877,
#2878,#2879,#2880,#2881,#2882,#2883,#2884,#2885,#2886,#2887,#2888,#2889,
#2890,#2891,#2892,#2893,#2894,#2895,#2896,#2897,#2898,#2899,#2900,#2901,
#2902,#2903,#2904,#2905,#2906,#2907,#2908,#2909,#2910,#2911,#2912,#2913,
#2914,#2915,#2916,#2917,#2918,#2919,#2920,#2921,#2922,#2923,#2924,#2925,
#2926,#2927,#2928,#2929,#2930,#2931,#2932,#2933,#2934,#2935,#2936,#2937,
#2938,#2939,#2940,#2941,#2942,#2943,#2944,#2945,#2946,#2947,#2948,#2949,
#2950,#2951,#2952,#2953,#2954,#2955,#2956,#2957,#2958,#2959,#2960,#2961,
#2962,#2963,#2964,#2965,#2966,#2967,#2968,#2969,#2970,#2971,#2972,#2973,
#2974,#2975,#2976,#2977,#2978,#2979,#2980),.UNSPECIFIED.,.F.,.F.,(4,3,3,
3,3,3,3,3,3,3,3,3,3,3,3,3,3,3,3,3,3,3,3,3,3,3,3,3,3,3,3,3,3,3,3,3,4),(0.,
0.0379188111716422,0.0844654551439674,0.131118321634403,0.174339643604952,
0.191950852971138,0.20287446326212,0.209004573397821,0.256504091457211,
0.304003609516601,0.349612639108232,0.394855635467281,0.407127180979411,
0.41447203093516,0.459011384241343,0.503416737460698,0.547141349010017,
0.560006722342758,0.590725374320075,0.601230840538605,0.607071722653228,
0.650381931470334,0.693815553950567,0.736874038484549,0.771314988322918,
0.788535463242103,0.795287546060939,0.801000788629823,0.805755938161288,
0.848354402930787,0.890947169464578,0.909705982196592,0.919335306782675,
0.926717995757372,0.968526987961908,1.00964655840211,1.04101767132069),
 .UNSPECIFIED.);
#145=B_SPLINE_CURVE_WITH_KNOTS('',3,(#2983,#2984,#2985,#2986,#2987,#2988,
#2989),.UNSPECIFIED.,.F.,.F.,(4,1,1,1,4),(14.3186270255188,14.6102875909504,
15.1095067914689,15.6087259919874,15.7079632679489),.UNSPECIFIED.);
#146=B_SPLINE_CURVE_WITH_KNOTS('',3,(#3522,#3523,#3524,#3525,#3526,#3527,
#3528,#3529,#3530,#3531,#3532,#3533,#3534,#3535,#3536,#3537,#3538,#3539,
#3540,#3541,#3542,#3543,#3544,#3545,#3546,#3547,#3548,#3549,#3550,#3551,
#3552,#3553,#3554,#3555,#3556,#3557,#3558,#3559,#3560,#3561,#3562,#3563,
#3564,#3565,#3566,#3567,#3568,#3569,#3570,#3571,#3572,#3573,#3574,#3575,
#3576,#3577,#3578,#3579,#3580,#3581,#3582,#3583,#3584,#3585,#3586,#3587,
#3588,#3589,#3590,#3591,#3592,#3593,#3594,#3595,#3596,#3597,#3598,#3599,
#3600,#3601,#3602,#3603,#3604,#3605,#3606,#3607,#3608,#3609,#3610,#3611,
#3612,#3613,#3614,#3615,#3616,#3617,#3618,#3619,#3620,#3621,#3622,#3623,
#3624,#3625,#3626,#3627,#3628,#3629,#3630),.UNSPECIFIED.,.F.,.F.,(4,3,3,
3,3,3,3,3,3,3,3,3,3,3,3,3,3,3,3,3,3,3,3,3,3,3,3,3,3,3,3,3,3,3,3,3,4),(0.,
0.0321619110349585,0.0731909435384857,0.114823759844531,0.153237598296348,
0.169554945522128,0.177920898980217,0.184809448990445,0.227640504240517,
0.2684791136518,0.311126855651766,0.354050564331655,0.366953839219244,0.37245583420542,
0.416003476577348,0.459962232838845,0.503949934097214,0.514888722475528,
0.546927718073743,0.559234700628968,0.564949228217776,0.608932652736893,
0.653876105744358,0.69897922366849,0.73508995546487,0.75314532136306,0.759466113894848,
0.766229584859375,0.77120068726125,0.81632416554372,0.862041785036877,0.883944663617712,
0.895486233190006,0.902517001062332,0.949001158809763,0.995635577497306,
1.03726481368356),.UNSPECIFIED.);
#147=LINE('',#773,#185);
#148=LINE('',#793,#186);
#149=LINE('',#831,#187);
#150=LINE('',#868,#188);
#151=LINE('',#905,#189);
#152=LINE('',#942,#190);
#153=LINE('',#979,#191);
#154=LINE('',#1017,#192);
#155=LINE('',#1054,#193);
#156=LINE('',#1091,#194);
#157=LINE('',#1128,#195);
#158=LINE('',#1161,#196);
#159=LINE('',#1251,#197);
#160=LINE('',#1335,#198);
#161=LINE('',#1425,#199);
#162=LINE('',#1515,#200);
#163=LINE('',#1599,#201);
#164=LINE('',#1689,#202);
#165=LINE('',#1773,#203);
#166=LINE('',#1863,#204);
#167=LINE('',#1865,#205);
#168=LINE('',#1867,#206);
#169=LINE('',#1868,#207);
#170=LINE('',#1871,#208);
#171=LINE('',#1873,#209);
#172=LINE('',#1874,#210);
#173=LINE('',#1877,#211);
#174=LINE('',#1879,#212);
#175=LINE('',#1880,#213);
#176=LINE('',#1883,#214);
#177=LINE('',#1885,#215);
#178=LINE('',#1886,#216);
#179=LINE('',#1889,#217);
#180=LINE('',#1891,#218);
#181=LINE('',#1892,#219);
#182=LINE('',#1894,#220);
#183=LINE('',#1895,#221);
#184=LINE('',#2191,#222);
#185=VECTOR('',#661,4.57045);
#186=VECTOR('',#666,4.57045);
#187=VECTOR('',#669,4.57045);
#188=VECTOR('',#672,4.57045);
#189=VECTOR('',#675,4.57045);
#190=VECTOR('',#678,4.57045);
#191=VECTOR('',#681,4.57045);
#192=VECTOR('',#684,4.57045);
#193=VECTOR('',#687,4.57045);
#194=VECTOR('',#690,4.57045);
#195=VECTOR('',#693,5.5);
#196=VECTOR('',#698,5.5);
#197=VECTOR('',#701,5.5);
#198=VECTOR('',#704,5.5);
#199=VECTOR('',#707,5.5);
#200=VECTOR('',#710,5.5);
#201=VECTOR('',#713,5.5);
#202=VECTOR('',#716,5.5);
#203=VECTOR('',#719,5.5);
#204=VECTOR('',#722,10.);
#205=VECTOR('',#723,10.);
#206=VECTOR('',#724,10.);
#207=VECTOR('',#725,10.);
#208=VECTOR('',#728,10.);
#209=VECTOR('',#729,10.);
#210=VECTOR('',#730,10.);
#211=VECTOR('',#733,10.);
#212=VECTOR('',#734,10.);
#213=VECTOR('',#735,10.);
#214=VECTOR('',#738,10.);
#215=VECTOR('',#739,10.);
#216=VECTOR('',#740,10.);
#217=VECTOR('',#743,10.);
#218=VECTOR('',#744,10.);
#219=VECTOR('',#745,10.);
#220=VECTOR('',#748,10.);
#221=VECTOR('',#749,10.);
#222=VECTOR('',#754,4.675);
#223=VERTEX_POINT('',#771);
#224=VERTEX_POINT('',#772);
#225=VERTEX_POINT('',#774);
#226=VERTEX_POINT('',#783);
#227=VERTEX_POINT('',#791);
#228=VERTEX_POINT('',#792);
#229=VERTEX_POINT('',#829);
#230=VERTEX_POINT('',#830);
#231=VERTEX_POINT('',#866);
#232=VERTEX_POINT('',#867);
#233=VERTEX_POINT('',#903);
#234=VERTEX_POINT('',#904);
#235=VERTEX_POINT('',#940);
#236=VERTEX_POINT('',#941);
#237=VERTEX_POINT('',#977);
#238=VERTEX_POINT('',#978);
#239=VERTEX_POINT('',#1015);
#240=VERTEX_POINT('',#1016);
#241=VERTEX_POINT('',#1052);
#242=VERTEX_POINT('',#1053);
#243=VERTEX_POINT('',#1089);
#244=VERTEX_POINT('',#1090);
#245=VERTEX_POINT('',#1126);
#246=VERTEX_POINT('',#1127);
#247=VERTEX_POINT('',#1129);
#248=VERTEX_POINT('',#1146);
#249=VERTEX_POINT('',#1159);
#250=VERTEX_POINT('',#1160);
#251=VERTEX_POINT('',#1249);
#252=VERTEX_POINT('',#1250);
#253=VERTEX_POINT('',#1333);
#254=VERTEX_POINT('',#1334);
#255=VERTEX_POINT('',#1423);
#256=VERTEX_POINT('',#1424);
#257=VERTEX_POINT('',#1513);
#258=VERTEX_POINT('',#1514);
#259=VERTEX_POINT('',#1597);
#260=VERTEX_POINT('',#1598);
#261=VERTEX_POINT('',#1687);
#262=VERTEX_POINT('',#1688);
#263=VERTEX_POINT('',#1771);
#264=VERTEX_POINT('',#1772);
#265=VERTEX_POINT('',#1861);
#266=VERTEX_POINT('',#1862);
#267=VERTEX_POINT('',#1864);
#268=VERTEX_POINT('',#1866);
#269=VERTEX_POINT('',#1870);
#270=VERTEX_POINT('',#1872);
#271=VERTEX_POINT('',#1876);
#272=VERTEX_POINT('',#1878);
#273=VERTEX_POINT('',#1882);
#274=VERTEX_POINT('',#1884);
#275=VERTEX_POINT('',#1888);
#276=VERTEX_POINT('',#1890);
#277=VERTEX_POINT('',#1898);
#278=VERTEX_POINT('',#1975);
#279=VERTEX_POINT('',#2190);
#280=VERTEX_POINT('',#2193);
#281=VERTEX_POINT('',#2266);
#282=VERTEX_POINT('',#2301);
#283=EDGE_CURVE('',#223,#224,#147,.T.);
#284=EDGE_CURVE('',#223,#225,#100,.T.);
#285=EDGE_CURVE('',#226,#225,#95,.T.);
#286=EDGE_CURVE('',#224,#226,#101,.T.);
#287=EDGE_CURVE('',#227,#228,#148,.T.);
#288=EDGE_CURVE('',#227,#223,#102,.T.);
#289=EDGE_CURVE('',#228,#224,#103,.T.);
#290=EDGE_CURVE('',#229,#230,#149,.T.);
#291=EDGE_CURVE('',#229,#227,#104,.T.);
#292=EDGE_CURVE('',#230,#228,#105,.T.);
#293=EDGE_CURVE('',#231,#232,#150,.T.);
#294=EDGE_CURVE('',#231,#229,#106,.T.);
#295=EDGE_CURVE('',#232,#230,#107,.T.);
#296=EDGE_CURVE('',#233,#234,#151,.T.);
#297=EDGE_CURVE('',#233,#231,#108,.T.);
#298=EDGE_CURVE('',#234,#232,#109,.T.);
#299=EDGE_CURVE('',#235,#236,#152,.T.);
#300=EDGE_CURVE('',#235,#233,#110,.T.);
#301=EDGE_CURVE('',#236,#234,#111,.T.);
#302=EDGE_CURVE('',#237,#238,#153,.T.);
#303=EDGE_CURVE('',#237,#235,#112,.T.);
#304=EDGE_CURVE('',#238,#236,#113,.T.);
#305=EDGE_CURVE('',#239,#240,#154,.T.);
#306=EDGE_CURVE('',#239,#237,#114,.T.);
#307=EDGE_CURVE('',#240,#238,#115,.T.);
#308=EDGE_CURVE('',#241,#242,#155,.T.);
#309=EDGE_CURVE('',#241,#239,#116,.T.);
#310=EDGE_CURVE('',#242,#240,#117,.T.);
#311=EDGE_CURVE('',#243,#244,#156,.T.);
#312=EDGE_CURVE('',#243,#241,#118,.T.);
#313=EDGE_CURVE('',#244,#242,#119,.T.);
#314=EDGE_CURVE('',#245,#246,#157,.T.);
#315=EDGE_CURVE('',#245,#247,#120,.T.);
#316=EDGE_CURVE('',#248,#247,#96,.T.);
#317=EDGE_CURVE('',#248,#246,#121,.T.);
#318=EDGE_CURVE('',#249,#250,#158,.T.);
#319=EDGE_CURVE('',#249,#245,#122,.T.);
#320=EDGE_CURVE('',#246,#250,#123,.T.);
#321=EDGE_CURVE('',#251,#252,#159,.T.);
#322=EDGE_CURVE('',#251,#249,#124,.T.);
#323=EDGE_CURVE('',#250,#252,#125,.T.);
#324=EDGE_CURVE('',#253,#254,#160,.T.);
#325=EDGE_CURVE('',#253,#251,#126,.T.);
#326=EDGE_CURVE('',#252,#254,#127,.T.);
#327=EDGE_CURVE('',#255,#256,#161,.T.);
#328=EDGE_CURVE('',#255,#253,#128,.T.);
#329=EDGE_CURVE('',#254,#256,#129,.T.);
#330=EDGE_CURVE('',#257,#258,#162,.T.);
#331=EDGE_CURVE('',#257,#255,#130,.T.);
#332=EDGE_CURVE('',#256,#258,#131,.T.);
#333=EDGE_CURVE('',#259,#260,#163,.T.);
#334=EDGE_CURVE('',#259,#257,#132,.T.);
#335=EDGE_CURVE('',#258,#260,#133,.T.);
#336=EDGE_CURVE('',#261,#262,#164,.T.);
#337=EDGE_CURVE('',#261,#259,#134,.T.);
#338=EDGE_CURVE('',#260,#262,#135,.T.);
#339=EDGE_CURVE('',#263,#264,#165,.T.);
#340=EDGE_CURVE('',#263,#261,#136,.T.);
#341=EDGE_CURVE('',#262,#264,#137,.T.);
#342=EDGE_CURVE('',#265,#266,#166,.T.);
#343=EDGE_CURVE('',#265,#267,#167,.T.);
#344=EDGE_CURVE('',#267,#268,#168,.T.);
#345=EDGE_CURVE('',#266,#268,#169,.T.);
#346=EDGE_CURVE('',#269,#265,#170,.T.);
#347=EDGE_CURVE('',#269,#270,#171,.T.);
#348=EDGE_CURVE('',#270,#267,#172,.T.);
#349=EDGE_CURVE('',#271,#269,#173,.T.);
#350=EDGE_CURVE('',#271,#272,#174,.T.);
#351=EDGE_CURVE('',#272,#270,#175,.T.);
#352=EDGE_CURVE('',#273,#271,#176,.T.);
#353=EDGE_CURVE('',#273,#274,#177,.T.);
#354=EDGE_CURVE('',#274,#272,#178,.T.);
#355=EDGE_CURVE('',#275,#273,#179,.T.);
#356=EDGE_CURVE('',#275,#276,#180,.T.);
#357=EDGE_CURVE('',#276,#274,#181,.T.);
#358=EDGE_CURVE('',#266,#275,#182,.T.);
#359=EDGE_CURVE('',#268,#276,#183,.T.);
#360=EDGE_CURVE('',#277,#248,#138,.T.);
#361=EDGE_CURVE('',#247,#278,#139,.T.);
#362=EDGE_CURVE('',#278,#279,#184,.T.);
#363=EDGE_CURVE('',#279,#279,#97,.T.);
#364=EDGE_CURVE('',#278,#280,#140,.T.);
#365=EDGE_CURVE('',#280,#277,#98,.T.);
#366=EDGE_CURVE('',#264,#281,#141,.T.);
#367=EDGE_CURVE('',#282,#281,#99,.F.);
#368=EDGE_CURVE('',#282,#263,#142,.T.);
#369=EDGE_CURVE('',#277,#244,#143,.T.);
#370=EDGE_CURVE('',#281,#226,#144,.T.);
#371=EDGE_CURVE('',#280,#243,#145,.T.);
#372=EDGE_CURVE('',#225,#282,#146,.T.);
#373=ORIENTED_EDGE('',*,*,#283,.F.);
#374=ORIENTED_EDGE('',*,*,#284,.T.);
#375=ORIENTED_EDGE('',*,*,#285,.F.);
#376=ORIENTED_EDGE('',*,*,#286,.F.);
#377=ORIENTED_EDGE('',*,*,#287,.F.);
#378=ORIENTED_EDGE('',*,*,#288,.T.);
#379=ORIENTED_EDGE('',*,*,#283,.T.);
#380=ORIENTED_EDGE('',*,*,#289,.F.);
#381=ORIENTED_EDGE('',*,*,#290,.F.);
#382=ORIENTED_EDGE('',*,*,#291,.T.);
#383=ORIENTED_EDGE('',*,*,#287,.T.);
#384=ORIENTED_EDGE('',*,*,#292,.F.);
#385=ORIENTED_EDGE('',*,*,#293,.F.);
#386=ORIENTED_EDGE('',*,*,#294,.T.);
#387=ORIENTED_EDGE('',*,*,#290,.T.);
#388=ORIENTED_EDGE('',*,*,#295,.F.);
#389=ORIENTED_EDGE('',*,*,#296,.F.);
#390=ORIENTED_EDGE('',*,*,#297,.T.);
#391=ORIENTED_EDGE('',*,*,#293,.T.);
#392=ORIENTED_EDGE('',*,*,#298,.F.);
#393=ORIENTED_EDGE('',*,*,#299,.F.);
#394=ORIENTED_EDGE('',*,*,#300,.T.);
#395=ORIENTED_EDGE('',*,*,#296,.T.);
#396=ORIENTED_EDGE('',*,*,#301,.F.);
#397=ORIENTED_EDGE('',*,*,#302,.F.);
#398=ORIENTED_EDGE('',*,*,#303,.T.);
#399=ORIENTED_EDGE('',*,*,#299,.T.);
#400=ORIENTED_EDGE('',*,*,#304,.F.);
#401=ORIENTED_EDGE('',*,*,#305,.F.);
#402=ORIENTED_EDGE('',*,*,#306,.T.);
#403=ORIENTED_EDGE('',*,*,#302,.T.);
#404=ORIENTED_EDGE('',*,*,#307,.F.);
#405=ORIENTED_EDGE('',*,*,#308,.F.);
#406=ORIENTED_EDGE('',*,*,#309,.T.);
#407=ORIENTED_EDGE('',*,*,#305,.T.);
#408=ORIENTED_EDGE('',*,*,#310,.F.);
#409=ORIENTED_EDGE('',*,*,#311,.F.);
#410=ORIENTED_EDGE('',*,*,#312,.T.);
#411=ORIENTED_EDGE('',*,*,#308,.T.);
#412=ORIENTED_EDGE('',*,*,#313,.F.);
#413=ORIENTED_EDGE('',*,*,#314,.F.);
#414=ORIENTED_EDGE('',*,*,#315,.T.);
#415=ORIENTED_EDGE('',*,*,#316,.F.);
#416=ORIENTED_EDGE('',*,*,#317,.T.);
#417=ORIENTED_EDGE('',*,*,#318,.F.);
#418=ORIENTED_EDGE('',*,*,#319,.T.);
#419=ORIENTED_EDGE('',*,*,#314,.T.);
#420=ORIENTED_EDGE('',*,*,#320,.T.);
#421=ORIENTED_EDGE('',*,*,#321,.F.);
#422=ORIENTED_EDGE('',*,*,#322,.T.);
#423=ORIENTED_EDGE('',*,*,#318,.T.);
#424=ORIENTED_EDGE('',*,*,#323,.T.);
#425=ORIENTED_EDGE('',*,*,#324,.F.);
#426=ORIENTED_EDGE('',*,*,#325,.T.);
#427=ORIENTED_EDGE('',*,*,#321,.T.);
#428=ORIENTED_EDGE('',*,*,#326,.T.);
#429=ORIENTED_EDGE('',*,*,#327,.F.);
#430=ORIENTED_EDGE('',*,*,#328,.T.);
#431=ORIENTED_EDGE('',*,*,#324,.T.);
#432=ORIENTED_EDGE('',*,*,#329,.T.);
#433=ORIENTED_EDGE('',*,*,#330,.F.);
#434=ORIENTED_EDGE('',*,*,#331,.T.);
#435=ORIENTED_EDGE('',*,*,#327,.T.);
#436=ORIENTED_EDGE('',*,*,#332,.T.);
#437=ORIENTED_EDGE('',*,*,#333,.F.);
#438=ORIENTED_EDGE('',*,*,#334,.T.);
#439=ORIENTED_EDGE('',*,*,#330,.T.);
#440=ORIENTED_EDGE('',*,*,#335,.T.);
#441=ORIENTED_EDGE('',*,*,#336,.F.);
#442=ORIENTED_EDGE('',*,*,#337,.T.);
#443=ORIENTED_EDGE('',*,*,#333,.T.);
#444=ORIENTED_EDGE('',*,*,#338,.T.);
#445=ORIENTED_EDGE('',*,*,#339,.F.);
#446=ORIENTED_EDGE('',*,*,#340,.T.);
#447=ORIENTED_EDGE('',*,*,#336,.T.);
#448=ORIENTED_EDGE('',*,*,#341,.T.);
#449=ORIENTED_EDGE('',*,*,#342,.F.);
#450=ORIENTED_EDGE('',*,*,#343,.T.);
#451=ORIENTED_EDGE('',*,*,#344,.T.);
#452=ORIENTED_EDGE('',*,*,#345,.F.);
#453=ORIENTED_EDGE('',*,*,#346,.F.);
#454=ORIENTED_EDGE('',*,*,#347,.T.);
#455=ORIENTED_EDGE('',*,*,#348,.T.);
#456=ORIENTED_EDGE('',*,*,#343,.F.);
#457=ORIENTED_EDGE('',*,*,#349,.F.);
#458=ORIENTED_EDGE('',*,*,#350,.T.);
#459=ORIENTED_EDGE('',*,*,#351,.T.);
#460=ORIENTED_EDGE('',*,*,#347,.F.);
#461=ORIENTED_EDGE('',*,*,#352,.F.);
#462=ORIENTED_EDGE('',*,*,#353,.T.);
#463=ORIENTED_EDGE('',*,*,#354,.T.);
#464=ORIENTED_EDGE('',*,*,#350,.F.);
#465=ORIENTED_EDGE('',*,*,#355,.F.);
#466=ORIENTED_EDGE('',*,*,#356,.T.);
#467=ORIENTED_EDGE('',*,*,#357,.T.);
#468=ORIENTED_EDGE('',*,*,#353,.F.);
#469=ORIENTED_EDGE('',*,*,#358,.F.);
#470=ORIENTED_EDGE('',*,*,#345,.T.);
#471=ORIENTED_EDGE('',*,*,#359,.T.);
#472=ORIENTED_EDGE('',*,*,#356,.F.);
#473=ORIENTED_EDGE('',*,*,#359,.F.);
#474=ORIENTED_EDGE('',*,*,#344,.F.);
#475=ORIENTED_EDGE('',*,*,#348,.F.);
#476=ORIENTED_EDGE('',*,*,#351,.F.);
#477=ORIENTED_EDGE('',*,*,#354,.F.);
#478=ORIENTED_EDGE('',*,*,#357,.F.);
#479=ORIENTED_EDGE('',*,*,#360,.T.);
#480=ORIENTED_EDGE('',*,*,#316,.T.);
#481=ORIENTED_EDGE('',*,*,#361,.T.);
#482=ORIENTED_EDGE('',*,*,#362,.T.);
#483=ORIENTED_EDGE('',*,*,#363,.T.);
#484=ORIENTED_EDGE('',*,*,#362,.F.);
#485=ORIENTED_EDGE('',*,*,#364,.T.);
#486=ORIENTED_EDGE('',*,*,#365,.T.);
#487=ORIENTED_EDGE('',*,*,#339,.T.);
#488=ORIENTED_EDGE('',*,*,#366,.T.);
#489=ORIENTED_EDGE('',*,*,#367,.F.);
#490=ORIENTED_EDGE('',*,*,#368,.T.);
#491=ORIENTED_EDGE('',*,*,#360,.F.);
#492=ORIENTED_EDGE('',*,*,#369,.T.);
#493=ORIENTED_EDGE('',*,*,#313,.T.);
#494=ORIENTED_EDGE('',*,*,#310,.T.);
#495=ORIENTED_EDGE('',*,*,#307,.T.);
#496=ORIENTED_EDGE('',*,*,#304,.T.);
#497=ORIENTED_EDGE('',*,*,#301,.T.);
#498=ORIENTED_EDGE('',*,*,#298,.T.);
#499=ORIENTED_EDGE('',*,*,#295,.T.);
#500=ORIENTED_EDGE('',*,*,#292,.T.);
#501=ORIENTED_EDGE('',*,*,#289,.T.);
#502=ORIENTED_EDGE('',*,*,#286,.T.);
#503=ORIENTED_EDGE('',*,*,#370,.F.);
#504=ORIENTED_EDGE('',*,*,#366,.F.);
#505=ORIENTED_EDGE('',*,*,#341,.F.);
#506=ORIENTED_EDGE('',*,*,#338,.F.);
#507=ORIENTED_EDGE('',*,*,#335,.F.);
#508=ORIENTED_EDGE('',*,*,#332,.F.);
#509=ORIENTED_EDGE('',*,*,#329,.F.);
#510=ORIENTED_EDGE('',*,*,#326,.F.);
#511=ORIENTED_EDGE('',*,*,#323,.F.);
#512=ORIENTED_EDGE('',*,*,#320,.F.);
#513=ORIENTED_EDGE('',*,*,#317,.F.);
#514=ORIENTED_EDGE('',*,*,#363,.F.);
#515=ORIENTED_EDGE('',*,*,#311,.T.);
#516=ORIENTED_EDGE('',*,*,#369,.F.);
#517=ORIENTED_EDGE('',*,*,#365,.F.);
#518=ORIENTED_EDGE('',*,*,#371,.T.);
#519=ORIENTED_EDGE('',*,*,#361,.F.);
#520=ORIENTED_EDGE('',*,*,#315,.F.);
#521=ORIENTED_EDGE('',*,*,#319,.F.);
#522=ORIENTED_EDGE('',*,*,#322,.F.);
#523=ORIENTED_EDGE('',*,*,#325,.F.);
#524=ORIENTED_EDGE('',*,*,#328,.F.);
#525=ORIENTED_EDGE('',*,*,#331,.F.);
#526=ORIENTED_EDGE('',*,*,#334,.F.);
#527=ORIENTED_EDGE('',*,*,#337,.F.);
#528=ORIENTED_EDGE('',*,*,#340,.F.);
#529=ORIENTED_EDGE('',*,*,#368,.F.);
#530=ORIENTED_EDGE('',*,*,#372,.F.);
#531=ORIENTED_EDGE('',*,*,#284,.F.);
#532=ORIENTED_EDGE('',*,*,#288,.F.);
#533=ORIENTED_EDGE('',*,*,#291,.F.);
#534=ORIENTED_EDGE('',*,*,#294,.F.);
#535=ORIENTED_EDGE('',*,*,#297,.F.);
#536=ORIENTED_EDGE('',*,*,#300,.F.);
#537=ORIENTED_EDGE('',*,*,#303,.F.);
#538=ORIENTED_EDGE('',*,*,#306,.F.);
#539=ORIENTED_EDGE('',*,*,#309,.F.);
#540=ORIENTED_EDGE('',*,*,#312,.F.);
#541=ORIENTED_EDGE('',*,*,#371,.F.);
#542=ORIENTED_EDGE('',*,*,#364,.F.);
#543=ORIENTED_EDGE('',*,*,#370,.T.);
#544=ORIENTED_EDGE('',*,*,#285,.T.);
#545=ORIENTED_EDGE('',*,*,#372,.T.);
#546=ORIENTED_EDGE('',*,*,#367,.T.);
#547=ORIENTED_EDGE('',*,*,#342,.T.);
#548=ORIENTED_EDGE('',*,*,#358,.T.);
#549=ORIENTED_EDGE('',*,*,#355,.T.);
#550=ORIENTED_EDGE('',*,*,#352,.T.);
#551=ORIENTED_EDGE('',*,*,#349,.T.);
#552=ORIENTED_EDGE('',*,*,#346,.T.);
#553=CYLINDRICAL_SURFACE('',#621,4.57045);
#554=CYLINDRICAL_SURFACE('',#623,4.57045);
#555=CYLINDRICAL_SURFACE('',#624,4.57045);
#556=CYLINDRICAL_SURFACE('',#625,4.57045);
#557=CYLINDRICAL_SURFACE('',#626,4.57045);
#558=CYLINDRICAL_SURFACE('',#627,4.57045);
#559=CYLINDRICAL_SURFACE('',#628,4.57045);
#560=CYLINDRICAL_SURFACE('',#629,4.57045);
#561=CYLINDRICAL_SURFACE('',#630,4.57045);
#562=CYLINDRICAL_SURFACE('',#631,4.57045);
#563=CYLINDRICAL_SURFACE('',#632,5.425);
#564=CYLINDRICAL_SURFACE('',#634,5.425);
#565=CYLINDRICAL_SURFACE('',#635,5.425);
#566=CYLINDRICAL_SURFACE('',#636,5.425);
#567=CYLINDRICAL_SURFACE('',#637,5.425);
#568=CYLINDRICAL_SURFACE('',#638,5.425);
#569=CYLINDRICAL_SURFACE('',#639,5.425);
#570=CYLINDRICAL_SURFACE('',#640,5.425);
#571=CYLINDRICAL_SURFACE('',#641,5.425);
#572=CYLINDRICAL_SURFACE('',#652,5.425);
#573=CYLINDRICAL_SURFACE('',#655,4.57045);
#574=ADVANCED_FACE('',(#28),#553,.T.);
#575=ADVANCED_FACE('',(#29),#554,.T.);
#576=ADVANCED_FACE('',(#30),#555,.T.);
#577=ADVANCED_FACE('',(#31),#556,.T.);
#578=ADVANCED_FACE('',(#32),#557,.T.);
#579=ADVANCED_FACE('',(#33),#558,.T.);
#580=ADVANCED_FACE('',(#34),#559,.T.);
#581=ADVANCED_FACE('',(#35),#560,.T.);
#582=ADVANCED_FACE('',(#36),#561,.T.);
#583=ADVANCED_FACE('',(#37),#562,.T.);
#584=ADVANCED_FACE('',(#38),#563,.T.);
#585=ADVANCED_FACE('',(#39),#564,.T.);
#586=ADVANCED_FACE('',(#40),#565,.T.);
#587=ADVANCED_FACE('',(#41),#566,.T.);
#588=ADVANCED_FACE('',(#42),#567,.T.);
#589=ADVANCED_FACE('',(#43),#568,.T.);
#590=ADVANCED_FACE('',(#44),#569,.T.);
#591=ADVANCED_FACE('',(#45),#570,.T.);
#592=ADVANCED_FACE('',(#46),#571,.T.);
#593=ADVANCED_FACE('',(#47),#19,.F.);
#594=ADVANCED_FACE('',(#48),#20,.F.);
#595=ADVANCED_FACE('',(#49),#21,.F.);
#596=ADVANCED_FACE('',(#50),#22,.F.);
#597=ADVANCED_FACE('',(#51),#23,.F.);
#598=ADVANCED_FACE('',(#52),#24,.F.);
#599=ADVANCED_FACE('',(#53),#25,.F.);
#600=ADVANCED_FACE('',(#54),#18,.T.);
#601=ADVANCED_FACE('',(#55),#572,.T.);
#602=ADVANCED_FACE('',(#56),#16,.F.);
#603=ADVANCED_FACE('',(#57),#26,.F.);
#604=ADVANCED_FACE('',(#58),#573,.T.);
#605=ADVANCED_FACE('',(#59),#17,.F.);
#606=ADVANCED_FACE('',(#60,#15),#27,.T.);
#607=CLOSED_SHELL('',(#574,#575,#576,#577,#578,#579,#580,#581,#582,#583,
#584,#585,#586,#587,#588,#589,#590,#591,#592,#593,#594,#595,#596,#597,#598,
#599,#600,#601,#602,#603,#604,#605,#606));
#608=DERIVED_UNIT_ELEMENT(#610,1.);
#609=DERIVED_UNIT_ELEMENT(#3637,-3.);
#610=(
MASS_UNIT()
NAMED_UNIT(*)
SI_UNIT(.KILO.,.GRAM.)
);
#611=DERIVED_UNIT((#608,#609));
#612=MEASURE_REPRESENTATION_ITEM('density measure',
POSITIVE_RATIO_MEASURE(7850.),#611);
#613=PROPERTY_DEFINITION_REPRESENTATION(#618,#615);
#614=PROPERTY_DEFINITION_REPRESENTATION(#619,#616);
#615=REPRESENTATION('material name',(#617),#3634);
#616=REPRESENTATION('density',(#612),#3634);
#617=DESCRIPTIVE_REPRESENTATION_ITEM('Steel','Steel');
#618=PROPERTY_DEFINITION('material property','material name',#3644);
#619=PROPERTY_DEFINITION('material property','density of part',#3644);
#620=AXIS2_PLACEMENT_3D('',#769,#657,#658);
#621=AXIS2_PLACEMENT_3D('',#770,#659,#660);
#622=AXIS2_PLACEMENT_3D('',#784,#662,#663);
#623=AXIS2_PLACEMENT_3D('',#790,#664,#665);
#624=AXIS2_PLACEMENT_3D('',#828,#667,#668);
#625=AXIS2_PLACEMENT_3D('',#865,#670,#671);
#626=AXIS2_PLACEMENT_3D('',#902,#673,#674);
#627=AXIS2_PLACEMENT_3D('',#939,#676,#677);
#628=AXIS2_PLACEMENT_3D('',#976,#679,#680);
#629=AXIS2_PLACEMENT_3D('',#1014,#682,#683);
#630=AXIS2_PLACEMENT_3D('',#1051,#685,#686);
#631=AXIS2_PLACEMENT_3D('',#1088,#688,#689);
#632=AXIS2_PLACEMENT_3D('',#1125,#691,#692);
#633=AXIS2_PLACEMENT_3D('',#1147,#694,#695);
#634=AXIS2_PLACEMENT_3D('',#1158,#696,#697);
#635=AXIS2_PLACEMENT_3D('',#1248,#699,#700);
#636=AXIS2_PLACEMENT_3D('',#1332,#702,#703);
#637=AXIS2_PLACEMENT_3D('',#1422,#705,#706);
#638=AXIS2_PLACEMENT_3D('',#1512,#708,#709);
#639=AXIS2_PLACEMENT_3D('',#1596,#711,#712);
#640=AXIS2_PLACEMENT_3D('',#1686,#714,#715);
#641=AXIS2_PLACEMENT_3D('',#1770,#717,#718);
#642=AXIS2_PLACEMENT_3D('',#1860,#720,#721);
#643=AXIS2_PLACEMENT_3D('',#1869,#726,#727);
#644=AXIS2_PLACEMENT_3D('',#1875,#731,#732);
#645=AXIS2_PLACEMENT_3D('',#1881,#736,#737);
#646=AXIS2_PLACEMENT_3D('',#1887,#741,#742);
#647=AXIS2_PLACEMENT_3D('',#1893,#746,#747);
#648=AXIS2_PLACEMENT_3D('',#1896,#750,#751);
#649=AXIS2_PLACEMENT_3D('',#1897,#752,#753);
#650=AXIS2_PLACEMENT_3D('',#2192,#755,#756);
#651=AXIS2_PLACEMENT_3D('',#2264,#757,#758);
#652=AXIS2_PLACEMENT_3D('',#2265,#759,#760);
#653=AXIS2_PLACEMENT_3D('',#2302,#761,#762);
#654=AXIS2_PLACEMENT_3D('',#2981,#763,#764);
#655=AXIS2_PLACEMENT_3D('',#2982,#765,#766);
#656=AXIS2_PLACEMENT_3D('',#3631,#767,#768);
#657=DIRECTION('axis',(0.,0.,1.));
#658=DIRECTION('refdir',(1.,0.,0.));
#659=DIRECTION('center_axis',(0.,0.,-1.));
#660=DIRECTION('ref_axis',(-0.457959575467831,0.888973018284202,0.));
#661=DIRECTION('',(0.,0.,-1.));
#662=DIRECTION('center_axis',(0.,0.,-1.));
#663=DIRECTION('ref_axis',(1.,-5.53842290397085E-14,0.));
#664=DIRECTION('center_axis',(0.,0.,-1.));
#665=DIRECTION('ref_axis',(1.,-5.53842290397085E-14,0.));
#666=DIRECTION('',(0.,0.,-1.));
#667=DIRECTION('center_axis',(0.,0.,-1.));
#668=DIRECTION('ref_axis',(1.,-5.53842290397085E-14,0.));
#669=DIRECTION('',(0.,0.,-1.));
#670=DIRECTION('center_axis',(0.,0.,-1.));
#671=DIRECTION('ref_axis',(1.,-5.53842290397085E-14,0.));
#672=DIRECTION('',(0.,0.,-1.));
#673=DIRECTION('center_axis',(0.,0.,-1.));
#674=DIRECTION('ref_axis',(1.,-5.53842290397085E-14,0.));
#675=DIRECTION('',(0.,0.,-1.));
#676=DIRECTION('center_axis',(0.,0.,-1.));
#677=DIRECTION('ref_axis',(1.,-5.53842290397085E-14,0.));
#678=DIRECTION('',(0.,0.,-1.));
#679=DIRECTION('center_axis',(0.,0.,-1.));
#680=DIRECTION('ref_axis',(1.,-5.53842290397085E-14,0.));
#681=DIRECTION('',(0.,0.,-1.));
#682=DIRECTION('center_axis',(0.,0.,-1.));
#683=DIRECTION('ref_axis',(1.,-5.53842290397085E-14,0.));
#684=DIRECTION('',(0.,0.,-1.));
#685=DIRECTION('center_axis',(0.,0.,-1.));
#686=DIRECTION('ref_axis',(1.,-5.53842290397085E-14,0.));
#687=DIRECTION('',(0.,0.,-1.));
#688=DIRECTION('center_axis',(0.,0.,-1.));
#689=DIRECTION('ref_axis',(1.,-5.53842290397085E-14,0.));
#690=DIRECTION('',(0.,0.,-1.));
#691=DIRECTION('center_axis',(0.,0.,-1.));
#692=DIRECTION('ref_axis',(-0.529181181910801,-0.848508854822086,0.));
#693=DIRECTION('',(0.,0.,1.));
#694=DIRECTION('center_axis',(0.,0.,1.));
#695=DIRECTION('ref_axis',(1.,0.,0.));
#696=DIRECTION('center_axis',(0.,0.,-1.));
#697=DIRECTION('ref_axis',(1.,0.,0.));
#698=DIRECTION('',(0.,0.,1.));
#699=DIRECTION('center_axis',(0.,0.,-1.));
#700=DIRECTION('ref_axis',(1.,0.,0.));
#701=DIRECTION('',(0.,0.,1.));
#702=DIRECTION('center_axis',(0.,0.,-1.));
#703=DIRECTION('ref_axis',(1.,0.,0.));
#704=DIRECTION('',(0.,0.,1.));
#705=DIRECTION('center_axis',(0.,0.,-1.));
#706=DIRECTION('ref_axis',(1.,0.,0.));
#707=DIRECTION('',(0.,0.,1.));
#708=DIRECTION('center_axis',(0.,0.,-1.));
#709=DIRECTION('ref_axis',(1.,0.,0.));
#710=DIRECTION('',(0.,0.,1.));
#711=DIRECTION('center_axis',(0.,0.,-1.));
#712=DIRECTION('ref_axis',(1.,0.,0.));
#713=DIRECTION('',(0.,0.,1.));
#714=DIRECTION('center_axis',(0.,0.,-1.));
#715=DIRECTION('ref_axis',(1.,0.,0.));
#716=DIRECTION('',(0.,0.,1.));
#717=DIRECTION('center_axis',(0.,0.,-1.));
#718=DIRECTION('ref_axis',(1.,0.,0.));
#719=DIRECTION('',(0.,0.,1.));
#720=DIRECTION('center_axis',(0.866025403784439,0.5,0.));
#721=DIRECTION('ref_axis',(-0.5,0.866025403784439,0.));
#722=DIRECTION('',(-0.5,0.866025403784439,0.));
#723=DIRECTION('',(0.,0.,1.));
#724=DIRECTION('',(-0.5,0.866025403784439,0.));
#725=DIRECTION('',(0.,0.,1.));
#726=DIRECTION('center_axis',(0.866025403784434,-0.500000000000009,0.));
#727=DIRECTION('ref_axis',(0.500000000000009,0.866025403784434,0.));
#728=DIRECTION('',(0.500000000000009,0.866025403784434,0.));
#729=DIRECTION('',(0.,0.,1.));
#730=DIRECTION('',(0.500000000000009,0.866025403784434,0.));
#731=DIRECTION('center_axis',(-3.0767402982137E-15,-1.,0.));
#732=DIRECTION('ref_axis',(1.,-3.0767402982137E-15,0.));
#733=DIRECTION('',(1.,-3.0767402982137E-15,0.));
#734=DIRECTION('',(0.,0.,1.));
#735=DIRECTION('',(1.,-3.0767402982137E-15,0.));
#736=DIRECTION('center_axis',(-0.866025403784441,-0.499999999999996,0.));
#737=DIRECTION('ref_axis',(0.499999999999996,-0.866025403784441,0.));
#738=DIRECTION('',(0.499999999999996,-0.866025403784441,0.));
#739=DIRECTION('',(0.,0.,1.));
#740=DIRECTION('',(0.499999999999996,-0.866025403784441,0.));
#741=DIRECTION('center_axis',(-0.866025403784436,0.500000000000005,0.));
#742=DIRECTION('ref_axis',(-0.500000000000005,-0.866025403784436,0.));
#743=DIRECTION('',(-0.500000000000005,-0.866025403784436,0.));
#744=DIRECTION('',(0.,0.,1.));
#745=DIRECTION('',(-0.500000000000005,-0.866025403784436,0.));
#746=DIRECTION('center_axis',(0.,1.,0.));
#747=DIRECTION('ref_axis',(-1.,0.,0.));
#748=DIRECTION('',(-1.,0.,0.));
#749=DIRECTION('',(-1.,0.,0.));
#750=DIRECTION('center_axis',(0.,0.,1.));
#751=DIRECTION('ref_axis',(1.,0.,0.));
#752=DIRECTION('center_axis',(0.,0.,-1.));
#753=DIRECTION('ref_axis',(1.,0.,0.));
#754=DIRECTION('',(0.707106781186547,-8.65956056235493E-17,0.707106781186548));
#755=DIRECTION('center_axis',(0.,0.,-1.));
#756=DIRECTION('ref_axis',(1.,0.,0.));
#757=DIRECTION('center_axis',(0.,0.,1.));
#758=DIRECTION('ref_axis',(1.,-5.53842290397085E-14,0.));
#759=DIRECTION('center_axis',(0.,0.,-1.));
#760=DIRECTION('ref_axis',(0.848520011556504,0.529163292366496,0.));
#761=DIRECTION('center_axis',(0.,0.,1.));
#762=DIRECTION('ref_axis',(1.,0.,0.));
#763=DIRECTION('center_axis',(0.,0.,-1.));
#764=DIRECTION('ref_axis',(1.,0.,0.));
#765=DIRECTION('center_axis',(0.,0.,-1.));
#766=DIRECTION('ref_axis',(-0.253930901713128,-0.96722236179441,0.));
#767=DIRECTION('center_axis',(0.,0.,-1.));
#768=DIRECTION('ref_axis',(1.,0.,0.));
#769=CARTESIAN_POINT('',(0.,0.,0.));
#770=CARTESIAN_POINT('Origin',(58.9999506004051,34.9982677990172,2.77287040410079));
#771=CARTESIAN_POINT('',(54.4298850452281,34.9982488807654,-14.4771295958992));
#772=CARTESIAN_POINT('',(54.4291938673685,34.9981787968099,-14.7728704041008));
#773=CARTESIAN_POINT('',(54.4295006004051,34.9982677990175,2.77287040410079));
#774=CARTESIAN_POINT('',(61.6535099690686,38.7197843959825,-15.));
#775=CARTESIAN_POINT('Ctrl Pts',(54.4298850452281,34.9982488807654,-14.4771295958992));
#776=CARTESIAN_POINT('Ctrl Pts',(54.4299434879978,35.3991426130288,-14.4980651409825));
#777=CARTESIAN_POINT('Ctrl Pts',(54.581272033625,36.5608022038921,-14.5587272877903));
#778=CARTESIAN_POINT('Ctrl Pts',(55.5539069266415,38.2887006328239,-14.6591160363225));
#779=CARTESIAN_POINT('Ctrl Pts',(57.5497398970039,39.5368911813097,-14.7782958414959));
#780=CARTESIAN_POINT('Ctrl Pts',(59.7900798567275,39.670704776737,-14.8919238293884));
#781=CARTESIAN_POINT('Ctrl Pts',(61.1205194047459,39.0990623616551,-14.9658252155564));
#782=CARTESIAN_POINT('Ctrl Pts',(61.6535099690685,38.7197843959825,-15.));
#783=CARTESIAN_POINT('',(56.3465978728845,38.7196563175488,-15.));
#784=CARTESIAN_POINT('Origin',(58.9999506004051,34.9982677990172,-15.));
#785=CARTESIAN_POINT('Ctrl Pts',(54.4291938673684,34.9981787968099,-14.7728704041008));
#786=CARTESIAN_POINT('Ctrl Pts',(54.4297133031327,35.6869522038299,-14.8088536676761));
#787=CARTESIAN_POINT('Ctrl Pts',(54.7619197579931,37.136707095165,-14.8845635329758));
#788=CARTESIAN_POINT('Ctrl Pts',(55.7273350058711,38.2781214417734,-14.9602733982755));
#789=CARTESIAN_POINT('Ctrl Pts',(56.3465978728845,38.7196563175488,-15.));
#790=CARTESIAN_POINT('Origin',(58.9999506004051,34.9982677990172,2.77287040410079));
#791=CARTESIAN_POINT('',(54.4292281521268,34.9983497058036,-12.9771295958992));
#792=CARTESIAN_POINT('',(54.4298891625501,34.9982736332831,-13.2728704041008));
#793=CARTESIAN_POINT('',(54.4295006004051,34.9982677990175,2.77287040410079));
#794=CARTESIAN_POINT('Ctrl Pts',(54.4292281521267,34.9983497058036,-12.9771295958992));
#795=CARTESIAN_POINT('Ctrl Pts',(54.4291567354287,35.084287639572,-12.9816193185647));
#796=CARTESIAN_POINT('Ctrl Pts',(54.45253504623,35.9305949676037,-13.0258356429546));
#797=CARTESIAN_POINT('Ctrl Pts',(54.952051535389,37.5115699281459,-13.1097785690689));
#798=CARTESIAN_POINT('Ctrl Pts',(56.649289485188,39.1427299778384,-13.2289583742423));
#799=CARTESIAN_POINT('Ctrl Pts',(58.9202926461091,39.7622817630704,-13.3481381794156));
#800=CARTESIAN_POINT('Ctrl Pts',(61.2107392562764,39.2190009031455,-13.467317984589));
#801=CARTESIAN_POINT('Ctrl Pts',(62.9615616711501,37.6454950621981,-13.5864977897623));
#802=CARTESIAN_POINT('Ctrl Pts',(63.7454073458693,35.4258361325971,-13.7056775949357));
#803=CARTESIAN_POINT('Ctrl Pts',(63.3709499604719,33.1018134702881,-13.824857400109));
#804=CARTESIAN_POINT('Ctrl Pts',(61.9295895641146,31.240690105233,-13.9440372052824));
#805=CARTESIAN_POINT('Ctrl Pts',(59.773143188534,30.2967417562725,-14.0632170104557));
#806=CARTESIAN_POINT('Ctrl Pts',(57.4279706552064,30.5003733194647,-14.1823968156291));
#807=CARTESIAN_POINT('Ctrl Pts',(55.4664977894883,31.8018818224446,-14.3015766208025));
#808=CARTESIAN_POINT('Ctrl Pts',(54.5605484504622,33.5179053820982,-14.3998208808925));
#809=CARTESIAN_POINT('Ctrl Pts',(54.4298325889204,34.6384198531447,-14.4583385392581));
#810=CARTESIAN_POINT('Ctrl Pts',(54.4298850452281,34.9982488807654,-14.4771295958992));
#811=CARTESIAN_POINT('Ctrl Pts',(54.4298891625501,34.9982736332831,-13.2728704041008));
#812=CARTESIAN_POINT('Ctrl Pts',(54.4298725569236,35.372395999212,-13.2924078452582));
#813=CARTESIAN_POINT('Ctrl Pts',(54.5676238208821,36.5072308555819,-13.3516718881401));
#814=CARTESIAN_POINT('Ctrl Pts',(55.4966326910625,38.2276544495993,-13.4506625327464));
#815=CARTESIAN_POINT('Ctrl Pts',(57.4702265189938,39.5107081668304,-13.5698423379197));
#816=CARTESIAN_POINT('Ctrl Pts',(59.8172057679928,39.6923352910557,-13.6890221430931));
#817=CARTESIAN_POINT('Ctrl Pts',(61.9647037507999,38.7282022171555,-13.8082019482665));
#818=CARTESIAN_POINT('Ctrl Pts',(63.3885450411216,36.8536427799934,-13.9273817534398));
#819=CARTESIAN_POINT('Ctrl Pts',(63.7411881138251,34.5262084661723,-14.0465615586132));
#820=CARTESIAN_POINT('Ctrl Pts',(62.9365590237426,32.3140026721649,-14.1657413637865));
#821=CARTESIAN_POINT('Ctrl Pts',(61.1710538254119,30.7569797816727,-14.2849211689599));
#822=CARTESIAN_POINT('Ctrl Pts',(58.8756156789157,30.2352212042577,-14.4041009741332));
#823=CARTESIAN_POINT('Ctrl Pts',(56.6105165373596,30.8760129684321,-14.5232807793066));
#824=CARTESIAN_POINT('Ctrl Pts',(54.9286664728383,32.5230885943668,-14.6424605844799));
#825=CARTESIAN_POINT('Ctrl Pts',(54.4482898497067,34.0944792908744,-14.725657126078));
#826=CARTESIAN_POINT('Ctrl Pts',(54.4291398304769,34.926525713836,-14.7691270659516));
#827=CARTESIAN_POINT('Ctrl Pts',(54.4291938673684,34.9981787968099,-14.7728704041008));
#828=CARTESIAN_POINT('Origin',(58.9999506004051,34.9982677990172,2.77287040410079));
#829=CARTESIAN_POINT('',(54.4296583383448,34.9981567348047,-11.4771295958992));
#830=CARTESIAN_POINT('',(54.4291671240061,34.9983275505605,-11.7728704041008));
#831=CARTESIAN_POINT('',(54.4295006004051,34.9982677990175,2.77287040410079));
#832=CARTESIAN_POINT('Ctrl Pts',(54.4296583383448,34.9981567348047,-11.4771295958992));
#833=CARTESIAN_POINT('Ctrl Pts',(54.4301390496391,35.5298570145673,-11.5049000978712));
#834=CARTESIAN_POINT('Ctrl Pts',(54.6555327490029,36.8225686680419,-11.5723972015677));
#835=CARTESIAN_POINT('Ctrl Pts',(55.848881177457,38.5721922420189,-11.6796209069887));
#836=CARTESIAN_POINT('Ctrl Pts',(57.9444295290627,39.6445619890653,-11.798800712162));
#837=CARTESIAN_POINT('Ctrl Pts',(60.2976165789107,39.5828329300578,-11.9179805173354));
#838=CARTESIAN_POINT('Ctrl Pts',(62.3340605693043,38.4020723098268,-12.0371603225087));
#839=CARTESIAN_POINT('Ctrl Pts',(63.5566925236285,36.3904881399345,-12.1563401276821));
#840=CARTESIAN_POINT('Ctrl Pts',(63.6670841928461,34.0390814444282,-12.2755199328554));
#841=CARTESIAN_POINT('Ctrl Pts',(62.638290434199,31.9217994201217,-12.3946997380288));
#842=CARTESIAN_POINT('Ctrl Pts',(60.721426163276,30.555442535855,-12.5138795432022));
#843=CARTESIAN_POINT('Ctrl Pts',(58.384372532701,30.2735203904252,-12.6330593483755));
#844=CARTESIAN_POINT('Ctrl Pts',(56.1975733464193,31.1448464414382,-12.7522391535489));
#845=CARTESIAN_POINT('Ctrl Pts',(54.7514096313871,32.8884841285016,-12.8669292360568));
#846=CARTESIAN_POINT('Ctrl Pts',(54.429788654799,34.3238794089899,-12.9418927168402));
#847=CARTESIAN_POINT('Ctrl Pts',(54.4292281521267,34.9983497058036,-12.9771295958992));
#848=CARTESIAN_POINT('Ctrl Pts',(54.4291671240061,34.9983275505605,-11.7728704041008));
#849=CARTESIAN_POINT('Ctrl Pts',(54.429128795586,35.0575020389284,-11.7759620228404));
#850=CARTESIAN_POINT('Ctrl Pts',(54.4447133347543,35.8770351102681,-11.8187802433044));
#851=CARTESIAN_POINT('Ctrl Pts',(54.9085220991822,37.4400677871384,-11.9013250654928));
#852=CARTESIAN_POINT('Ctrl Pts',(56.5768415807537,39.1007934895559,-12.0205048706661));
#853=CARTESIAN_POINT('Ctrl Pts',(58.8366098457432,39.7601470667426,-12.1396846758395));
#854=CARTESIAN_POINT('Ctrl Pts',(61.1362474232008,39.2571890530097,-12.2588644810128));
#855=CARTESIAN_POINT('Ctrl Pts',(62.9144432715961,37.714684830609,-12.3780442861862));
#856=CARTESIAN_POINT('Ctrl Pts',(63.7371633616877,35.5091392282494,-12.4972240913596));
#857=CARTESIAN_POINT('Ctrl Pts',(63.4035926279114,33.178896683353,-12.6164038965329));
#858=CARTESIAN_POINT('Ctrl Pts',(61.9951512637611,31.2927385053007,-12.7355837017063));
#859=CARTESIAN_POINT('Ctrl Pts',(59.8556211310626,30.3110508942385,-12.8547635068796));
#860=CARTESIAN_POINT('Ctrl Pts',(57.5072331679396,30.473450784585,-12.973943312053));
#861=CARTESIAN_POINT('Ctrl Pts',(55.5231977365615,31.7402985062438,-13.0931231172263));
#862=CARTESIAN_POINT('Ctrl Pts',(54.57392153124,33.4643323036539,-13.1927654812423));
#863=CARTESIAN_POINT('Ctrl Pts',(54.4299063220981,34.6116714955414,-13.2526812435338));
#864=CARTESIAN_POINT('Ctrl Pts',(54.4298891625501,34.9982736332831,-13.2728704041008));
#865=CARTESIAN_POINT('Origin',(58.9999506004051,34.9982677990172,2.77287040410079));
#866=CARTESIAN_POINT('',(54.4296238838826,34.9983825614643,-9.97712959589921));
#867=CARTESIAN_POINT('',(54.4297284266553,34.9981685211003,-10.2728704041008));
#868=CARTESIAN_POINT('',(54.4295006004051,34.9982677990175,2.77287040410079));
#869=CARTESIAN_POINT('Ctrl Pts',(54.4296238838826,34.9983825614643,-9.97712959589921));
#870=CARTESIAN_POINT('Ctrl Pts',(54.4294189176591,35.215202732888,-9.98845427545338));
#871=CARTESIAN_POINT('Ctrl Pts',(54.4977123865267,36.1924928584863,-10.039505556732));
#872=CARTESIAN_POINT('Ctrl Pts',(55.1825771408895,37.8495542285274,-10.1302834397351));
#873=CARTESIAN_POINT('Ctrl Pts',(57.0134876327163,39.3291036664363,-10.2494632449084));
#874=CARTESIAN_POINT('Ctrl Pts',(59.3292673962203,39.7515534921474,-10.3686430500818));
#875=CARTESIAN_POINT('Ctrl Pts',(61.5646652963142,39.0137893045144,-10.4878228552551));
#876=CARTESIAN_POINT('Ctrl Pts',(63.1740503449769,37.2958895596402,-10.6070026604285));
#877=CARTESIAN_POINT('Ctrl Pts',(63.764592990847,35.0171708074229,-10.7261824656018));
#878=CARTESIAN_POINT('Ctrl Pts',(63.1921496041389,32.7338380814909,-10.8453622707752));
#879=CARTESIAN_POINT('Ctrl Pts',(61.5964460254567,31.0032226252791,-10.9645420759485));
#880=CARTESIAN_POINT('Ctrl Pts',(59.3669723407441,30.2477447252241,-11.0837218811219));
#881=CARTESIAN_POINT('Ctrl Pts',(57.0479135155971,30.6518065197629,-11.2029016862953));
#882=CARTESIAN_POINT('Ctrl Pts',(55.2053210605728,32.1167818823495,-11.3220814914686));
#883=CARTESIAN_POINT('Ctrl Pts',(54.5024747934273,33.7798447740345,-11.4134907946699));
#884=CARTESIAN_POINT('Ctrl Pts',(54.4294513765768,34.7692425585457,-11.4651734961468));
#885=CARTESIAN_POINT('Ctrl Pts',(54.4296583383448,34.9981567348047,-11.4771295958992));
#886=CARTESIAN_POINT('Ctrl Pts',(54.4297284266553,34.9981685211003,-10.2728704041008));
#887=CARTESIAN_POINT('Ctrl Pts',(54.4301274048554,35.503122593815,-10.2992428021469));
#888=CARTESIAN_POINT('Ctrl Pts',(54.6393106113723,36.7690469805239,-10.3653418019175));
#889=CARTESIAN_POINT('Ctrl Pts',(55.7865801174976,38.5162820829838,-10.4711674034126));
#890=CARTESIAN_POINT('Ctrl Pts',(57.862965461037,39.6253013147236,-10.5903472085859));
#891=CARTESIAN_POINT('Ctrl Pts',(60.2168738016826,39.6049230156366,-10.7095270137593));
#892=CARTESIAN_POINT('Ctrl Pts',(62.2737473242177,38.4601212583318,-10.8287068189326));
#893=CARTESIAN_POINT('Ctrl Pts',(63.5315304741086,36.4703269727121,-10.947886624106));
#894=CARTESIAN_POINT('Ctrl Pts',(63.6832150615551,34.1212225609915,-11.0670664292793));
#895=CARTESIAN_POINT('Ctrl Pts',(62.6917768899643,31.9861932630315,-11.1862462344527));
#896=CARTESIAN_POINT('Ctrl Pts',(60.7992128714316,30.5863714218713,-11.305426039626));
#897=CARTESIAN_POINT('Ctrl Pts',(58.4674727891619,30.2634349885424,-11.4246058447994));
#898=CARTESIAN_POINT('Ctrl Pts',(56.2657034804336,31.096208464571,-11.5437856499727));
#899=CARTESIAN_POINT('Ctrl Pts',(54.7711305671398,32.8351130072645,-11.6598738364066));
#900=CARTESIAN_POINT('Ctrl Pts',(54.4296213071167,34.2971232439726,-11.7362354211159));
#901=CARTESIAN_POINT('Ctrl Pts',(54.4291671240061,34.9983275505605,-11.7728704041008));
#902=CARTESIAN_POINT('Origin',(58.9999506004051,34.9982677990172,2.77287040410079));
#903=CARTESIAN_POINT('',(54.4292601370506,34.9981773569938,-8.47712959589921));
#904=CARTESIAN_POINT('',(54.4295430452097,34.9983868499237,-8.77287040410081));
#905=CARTESIAN_POINT('',(54.4295006004051,34.9982677990175,2.77287040410079));
#906=CARTESIAN_POINT('Ctrl Pts',(54.4292601370506,34.9981773569938,-8.47712959589921));
#907=CARTESIAN_POINT('Ctrl Pts',(54.429851958923,35.6605750338499,-8.51173505475996));
#908=CARTESIAN_POINT('Ctrl Pts',(54.7426884907378,37.0839370562976,-8.58606711534516));
#909=CARTESIAN_POINT('Ctrl Pts',(56.167086294823,38.8293321757514,-8.70012577765483));
#910=CARTESIAN_POINT('Ctrl Pts',(58.3469030386794,39.7179821245508,-8.81930558282818));
#911=CARTESIAN_POINT('Ctrl Pts',(60.6861200335221,39.4546123857098,-8.93848538800153));
#912=CARTESIAN_POINT('Ctrl Pts',(62.6137654268508,38.1035080204306,-9.05766519317489));
#913=CARTESIAN_POINT('Ctrl Pts',(63.6593265370208,35.9944556898333,-9.17684499834824));
#914=CARTESIAN_POINT('Ctrl Pts',(63.5675957602519,33.6422471036549,-9.2960248035216));
#915=CARTESIAN_POINT('Ctrl Pts',(62.3609633628845,31.6210251895837,-9.41520460869495));
#916=CARTESIAN_POINT('Ctrl Pts',(60.3339523142416,30.4241434172362,-9.53438441386831));
#917=CARTESIAN_POINT('Ctrl Pts',(57.9813291349299,30.3437447576525,-9.65356421904166));
#918=CARTESIAN_POINT('Ctrl Pts',(55.8773379493241,31.3994534576221,-9.77274402421502));
#919=CARTESIAN_POINT('Ctrl Pts',(54.6630356292872,33.1498003595565,-9.88059914983419));
#920=CARTESIAN_POINT('Ctrl Pts',(54.4301379323993,34.4546047349689,-9.94872767372892));
#921=CARTESIAN_POINT('Ctrl Pts',(54.4296238838826,34.9983825614643,-9.97712959589921));
#922=CARTESIAN_POINT('Ctrl Pts',(54.4295430452097,34.9983868499237,-8.77287040410081));
#923=CARTESIAN_POINT('Ctrl Pts',(54.4293509872925,35.1884295296448,-8.78279697972907));
#924=CARTESIAN_POINT('Ctrl Pts',(54.4875247353938,36.1389147666914,-8.83245015708179));
#925=CARTESIAN_POINT('Ctrl Pts',(55.1330743549832,37.7820498424261,-8.92182993615896));
#926=CARTESIAN_POINT('Ctrl Pts',(56.9377092719301,39.2935367155979,-9.04100974133231));
#927=CARTESIAN_POINT('Ctrl Pts',(59.2457099536683,39.7566053976852,-9.16018954650567));
#928=CARTESIAN_POINT('Ctrl Pts',(61.4937240358258,39.0582269632705,-9.27936935167902));
#929=CARTESIAN_POINT('Ctrl Pts',(63.1330410876193,37.368866328316,-9.39854915685238));
#930=CARTESIAN_POINT('Ctrl Pts',(63.7635255525947,35.100874024392,-9.51772896202572));
#931=CARTESIAN_POINT('Ctrl Pts',(63.231284532516,32.8078369013214,-9.63690876719909));
#932=CARTESIAN_POINT('Ctrl Pts',(61.6662310033409,31.0494549172091,-9.75608857237243));
#933=CARTESIAN_POINT('Ctrl Pts',(59.4503737803206,30.2549257997925,-9.87526837754579));
#934=CARTESIAN_POINT('Ctrl Pts',(57.1245742312944,30.6181835718825,-9.99444818271914));
#935=CARTESIAN_POINT('Ctrl Pts',(55.2565291881421,32.0505618277872,-10.1136279878925));
#936=CARTESIAN_POINT('Ctrl Pts',(54.5133791545454,33.726264054609,-10.2064353950197));
#937=CARTESIAN_POINT('Ctrl Pts',(54.4295263958753,34.7424746883501,-10.2595162004225));
#938=CARTESIAN_POINT('Ctrl Pts',(54.4297284266553,34.9981685211003,-10.2728704041008));
#939=CARTESIAN_POINT('Origin',(58.9999506004051,34.9982677990172,2.77287040410079));
#940=CARTESIAN_POINT('',(54.4298779423755,34.9982980085635,-6.9771295958992));
#941=CARTESIAN_POINT('',(54.4293378458232,34.9981621751158,-7.27287040410081));
#942=CARTESIAN_POINT('',(54.4295006004051,34.9982677990175,2.77287040410079));
#943=CARTESIAN_POINT('Ctrl Pts',(54.4298779423756,34.9982980085635,-6.9771295958992));
#944=CARTESIAN_POINT('Ctrl Pts',(54.4297978310168,35.3460343600892,-6.9952892323421));
#945=CARTESIAN_POINT('Ctrl Pts',(54.5546771878862,36.4544332556988,-7.05317547050944));
#946=CARTESIAN_POINT('Ctrl Pts',(55.4412469479214,38.1665169600401,-7.15078831040123));
#947=CARTESIAN_POINT('Ctrl Pts',(57.3923312987019,39.4835475688102,-7.26996811557459));
#948=CARTESIAN_POINT('Ctrl Pts',(59.7358142054233,39.7057808566021,-7.38914792074793));
#949=CARTESIAN_POINT('Ctrl Pts',(61.8996825630578,38.778972624482,-7.50832772592129));
#950=CARTESIAN_POINT('Ctrl Pts',(63.3557647964808,36.9293444732558,-7.62750753109464));
#951=CARTESIAN_POINT('Ctrl Pts',(63.7486505388712,34.6083661102106,-7.74668733626799));
#952=CARTESIAN_POINT('Ctrl Pts',(62.982441589828,32.3825575796527,-7.86586714144135));
#953=CARTESIAN_POINT('Ctrl Pts',(61.244159394562,30.7952092316461,-7.98504694661471));
#954=CARTESIAN_POINT('Ctrl Pts',(58.9580955888587,30.2337717511092,-8.10422675178805));
#955=CARTESIAN_POINT('Ctrl Pts',(56.6822480365137,30.8352845828784,-8.22340655696142));
#956=CARTESIAN_POINT('Ctrl Pts',(54.9721209493359,32.452926420245,-8.34258636213477));
#957=CARTESIAN_POINT('Ctrl Pts',(54.4562242044625,34.0417500952187,-8.42716070844737));
#958=CARTESIAN_POINT('Ctrl Pts',(54.4291725553668,34.900151402493,-8.47200845303551));
#959=CARTESIAN_POINT('Ctrl Pts',(54.4292601370506,34.9981773569938,-8.47712959589921));
#960=CARTESIAN_POINT('Ctrl Pts',(54.4293378458232,34.9981621751158,-7.27287040410081));
#961=CARTESIAN_POINT('Ctrl Pts',(54.4299669506428,35.6338293815397,-7.30607775903566));
#962=CARTESIAN_POINT('Ctrl Pts',(54.7237854706835,37.0305208596107,-7.37901171569495));
#963=CARTESIAN_POINT('Ctrl Pts',(56.100218642217,38.7789726186609,-7.49167227407871));
#964=CARTESIAN_POINT('Ctrl Pts',(58.2640869965199,39.705780849354,-7.61085207925207));
#965=CARTESIAN_POINT('Ctrl Pts',(60.607569899633,39.4835475619042,-7.73003188442542));
#966=CARTESIAN_POINT('Ctrl Pts',(62.5586542474095,38.166516955162,-7.84921168959878));
#967=CARTESIAN_POINT('Ctrl Pts',(63.6411062202035,36.0761587375761,-7.96839149477212));
#968=CARTESIAN_POINT('Ctrl Pts',(63.5907136438084,33.7227016337651,-8.08757129994547));
#969=CARTESIAN_POINT('Ctrl Pts',(62.4197766779615,31.6805933180171,-8.20675110511884));
#970=CARTESIAN_POINT('Ctrl Pts',(60.414105510441,30.4482853536626,-8.32593091029218));
#971=CARTESIAN_POINT('Ctrl Pts',(58.0632578798197,30.3265677754909,-8.44511071546554));
#972=CARTESIAN_POINT('Ctrl Pts',(55.9410445225791,31.3451502304666,-8.5642905206389));
#973=CARTESIAN_POINT('Ctrl Pts',(54.6800422522814,33.0963032530354,-8.67354375018398));
#974=CARTESIAN_POINT('Ctrl Pts',(54.4301196117074,34.427870185652,-8.74307037800462));
#975=CARTESIAN_POINT('Ctrl Pts',(54.4295430452097,34.9983868499237,-8.77287040410081));
#976=CARTESIAN_POINT('Origin',(58.9999506004051,34.9982677990172,2.77287040410079));
#977=CARTESIAN_POINT('',(54.4291243234535,34.9983021836809,-5.4771295958992));
#978=CARTESIAN_POINT('',(54.4298513423542,34.9983214561343,-5.7728704041008));
#979=CARTESIAN_POINT('',(54.4295006004051,34.9982677990175,2.77287040410079));
#980=CARTESIAN_POINT('Ctrl Pts',(54.4291243234535,34.9983021836809,-5.4771295958992));
#981=CARTESIAN_POINT('Ctrl Pts',(54.4291111281205,35.0311041938763,-5.47884340992423));
#982=CARTESIAN_POINT('Ctrl Pts',(54.437470718331,35.8242575706159,-5.5202838256737));
#983=CARTESIAN_POINT('Ctrl Pts',(54.8668601068273,37.368866331966,-5.60145084314763));
#984=CARTESIAN_POINT('Ctrl Pts',(56.5061771611447,39.0582269695216,-5.72063064832098));
#985=CARTESIAN_POINT('Ctrl Pts',(58.7541912467635,39.7566054050116,-5.83981045349434));
#986=CARTESIAN_POINT('Ctrl Pts',(61.0621919320553,39.2935367222112,-5.95899025866769));
#987=CARTESIAN_POINT('Ctrl Pts',(62.8668268517807,37.7820498467123,-6.07817006384104));
#988=CARTESIAN_POINT('Ctrl Pts',(63.727608549892,35.5910786838499,-6.1973498690144));
#989=CARTESIAN_POINT('Ctrl Pts',(63.4344316270812,33.2554102441459,-6.31652967418775));
#990=CARTESIAN_POINT('Ctrl Pts',(62.0588566829408,31.3451502248419,-6.4357094793611));
#991=CARTESIAN_POINT('Ctrl Pts',(59.9366433224328,30.3265677682979,-6.55488928453446));
#992=CARTESIAN_POINT('Ctrl Pts',(57.5857956881919,30.4482853466571,-6.67406908970781));
#993=CARTESIAN_POINT('Ctrl Pts',(55.5801245175833,31.6805933129089,-6.79324889488117));
#994=CARTESIAN_POINT('Ctrl Pts',(54.5876052743048,33.4115419970447,-6.89426906361162));
#995=CARTESIAN_POINT('Ctrl Pts',(54.4299730851884,34.5853151911995,-6.95556263061764));
#996=CARTESIAN_POINT('Ctrl Pts',(54.4298779423756,34.9982980085635,-6.9771295958992));
#997=CARTESIAN_POINT('Ctrl Pts',(54.4298513423542,34.9983214561343,-5.7728704041008));
#998=CARTESIAN_POINT('Ctrl Pts',(54.4297190679225,35.3192803635404,-5.78963193661779));
#999=CARTESIAN_POINT('Ctrl Pts',(54.5420465829521,36.4008545122387,-5.84612007085922));
#1000=CARTESIAN_POINT('Ctrl Pts',(55.3861357795235,38.1035080156495,-5.94233480682512));
#1001=CARTESIAN_POINT('Ctrl Pts',(57.3137811698843,39.4546123788484,-6.06151461199846));
#1002=CARTESIAN_POINT('Ctrl Pts',(59.6529981611252,39.7179821172839,-6.18069441717182));
#1003=CARTESIAN_POINT('Ctrl Pts',(61.8328149016255,38.8293321698528,-6.29987422234517));
#1004=CARTESIAN_POINT('Ctrl Pts',(63.3211670274637,37.0055702060135,-6.41905402751853));
#1005=CARTESIAN_POINT('Ctrl Pts',(63.7547675189509,34.6918523396745,-6.53823383269188));
#1006=CARTESIAN_POINT('Ctrl Pts',(63.0277802452727,32.452926424164,-6.65741363786523));
#1007=CARTESIAN_POINT('Ctrl Pts',(61.317653160728,30.8352845892881,-6.77659344303859));
#1008=CARTESIAN_POINT('Ctrl Pts',(59.041805611887,30.2337717584451,-6.89577324821194));
#1009=CARTESIAN_POINT('Ctrl Pts',(56.7557418097037,30.7952092381175,-7.0149530533853));
#1010=CARTESIAN_POINT('Ctrl Pts',(55.017459617114,32.3825575836801,-7.13413285855865));
#1011=CARTESIAN_POINT('Ctrl Pts',(54.4647413059314,33.9881837429178,-7.22010530879716));
#1012=CARTESIAN_POINT('Ctrl Pts',(54.4292143403654,34.8733683936519,-7.26635115731121));
#1013=CARTESIAN_POINT('Ctrl Pts',(54.4293378458232,34.9981621751158,-7.27287040410081));
#1014=CARTESIAN_POINT('Origin',(58.9999506004051,34.9982677990172,2.77287040410079));
#1015=CARTESIAN_POINT('',(54.429787215423,34.9981844611413,-3.9771295958992));
#1016=CARTESIAN_POINT('',(54.4291036602062,34.9982742464831,-4.2728704041008));
#1017=CARTESIAN_POINT('',(54.4295006004051,34.9982677990175,2.77287040410079));
#1018=CARTESIAN_POINT('Ctrl Pts',(54.429787215423,34.9981844611413,-3.9771295958992));
#1019=CARTESIAN_POINT('Ctrl Pts',(54.4300991154722,35.476775256367,-4.00212418923081));
#1020=CARTESIAN_POINT('Ctrl Pts',(54.6238473285521,36.7162886638593,-4.06684538428687));
#1021=CARTESIAN_POINT('Ctrl Pts',(55.7261538715519,38.460121263662,-4.17129318106738));
#1022=CARTESIAN_POINT('Ctrl Pts',(57.7830273972539,39.6049230227294,-4.29047298624073));
#1023=CARTESIAN_POINT('Ctrl Pts',(60.1369357415237,39.6253013218478,-4.40965279141409));
#1024=CARTESIAN_POINT('Ctrl Pts',(62.2133210882602,38.5162820884004,-4.52883259658744));
#1025=CARTESIAN_POINT('Ctrl Pts',(63.5053653053515,36.5485622126613,-4.6480124017608));
#1026=CARTESIAN_POINT('Ctrl Pts',(63.6976975307649,34.2024360260793,-4.76719220693415));
#1027=CARTESIAN_POINT('Ctrl Pts',(62.7433720184318,32.0505618232487,-4.8863720121075));
#1028=CARTESIAN_POINT('Ctrl Pts',(60.8753269724034,30.6181835651385,-5.00555181728086));
#1029=CARTESIAN_POINT('Ctrl Pts',(58.5495274197962,30.2549257924893,-5.12473162245421));
#1030=CARTESIAN_POINT('Ctrl Pts',(56.333670193364,31.0494549111291,-5.24391142762757));
#1031=CARTESIAN_POINT('Ctrl Pts',(54.7911222422208,32.7825512406516,-5.36137741877589));
#1032=CARTESIAN_POINT('Ctrl Pts',(54.4294169989625,34.2707460828069,-5.43911680819978));
#1033=CARTESIAN_POINT('Ctrl Pts',(54.4291243234535,34.9983021836809,-5.4771295958992));
#1034=CARTESIAN_POINT('Ctrl Pts',(54.4291040174301,34.9982742406807,-4.2728704041008));
#1035=CARTESIAN_POINT('Ctrl Pts',(54.4291035186455,35.0043167818649,-4.27318611419992));
#1036=CARTESIAN_POINT('Ctrl Pts',(54.4305914043026,35.7707073442202,-4.31322842602349));
#1037=CARTESIAN_POINT('Ctrl Pts',(54.82585086226,37.2958895561026,-4.39299733957151));
#1038=CARTESIAN_POINT('Ctrl Pts',(56.4352359084449,39.0137892983318,-4.51217714474487));
#1039=CARTESIAN_POINT('Ctrl Pts',(58.6706338050969,39.7515534848289,-4.63135694991822));
#1040=CARTESIAN_POINT('Ctrl Pts',(60.9864135650353,39.3291036597682,-4.75053675509157));
#1041=CARTESIAN_POINT('Ctrl Pts',(62.8173240540431,37.8495542241373,-4.86971656026493));
#1042=CARTESIAN_POINT('Ctrl Pts',(63.7164642980012,35.6740435776616,-4.98889636543828));
#1043=CARTESIAN_POINT('Ctrl Pts',(63.464366085161,33.3335850238057,-5.10807617061164));
#1044=CARTESIAN_POINT('Ctrl Pts',(62.1225632466782,31.3994534631631,-5.22725597578499));
#1045=CARTESIAN_POINT('Ctrl Pts',(60.018572064312,30.343744764819,-5.34643578095835));
#1046=CARTESIAN_POINT('Ctrl Pts',(57.6659488886225,30.4241434242789,-5.46561558613169));
#1047=CARTESIAN_POINT('Ctrl Pts',(55.6389378431006,31.6210251947836,-5.58479539130505));
#1048=CARTESIAN_POINT('Ctrl Pts',(54.6020070854144,33.3579810194263,-5.68721366396142));
#1049=CARTESIAN_POINT('Ctrl Pts',(54.4300325722909,34.5585738665947,-5.74990533489334));
#1050=CARTESIAN_POINT('Ctrl Pts',(54.4298513423542,34.9983214561343,-5.7728704041008));
#1051=CARTESIAN_POINT('Origin',(58.9999506004051,34.9982677990172,2.77287040410079));
#1052=CARTESIAN_POINT('',(54.4294597496974,34.9983855511562,-2.4771295958992));
#1053=CARTESIAN_POINT('',(54.4298345008004,34.9982042489968,-2.7728704041008));
#1054=CARTESIAN_POINT('',(54.4295006004051,34.9982677990175,2.77287040410079));
#1055=CARTESIAN_POINT('Ctrl Pts',(54.4294597496974,34.9983855511562,-2.4771295958992));
#1056=CARTESIAN_POINT('Ctrl Pts',(54.429290288039,35.1620418026496,-2.48567836681294));
#1057=CARTESIAN_POINT('Ctrl Pts',(54.4779641260455,36.086117246759,-2.53395373945114));
#1058=CARTESIAN_POINT('Ctrl Pts',(55.085457923187,37.7146848347915,-2.62195571381378));
#1059=CARTESIAN_POINT('Ctrl Pts',(56.8636537743202,39.2571890595671,-2.74113551898713));
#1060=CARTESIAN_POINT('Ctrl Pts',(59.1632913553184,39.7601470740744,-2.86031532416049));
#1061=CARTESIAN_POINT('Ctrl Pts',(61.4230596237874,39.1007934958725,-2.97949512933384));
#1062=CARTESIAN_POINT('Ctrl Pts',(63.0913791079275,37.440067790898,-3.0986749345072));
#1063=CARTESIAN_POINT('Ctrl Pts',(63.7610351420895,35.183331084015,-3.21785473968055));
#1064=CARTESIAN_POINT('Ctrl Pts',(63.2685735673821,32.8814228830345,-3.33703454485391));
#1065=CARTESIAN_POINT('Ctrl Pts',(61.7341977245865,31.096208458563,-3.45621435002726));
#1066=CARTESIAN_POINT('Ctrl Pts',(59.5324284124682,30.2634349812523,-3.57539415520061));
#1067=CARTESIAN_POINT('Ctrl Pts',(57.2006883266082,30.5863714150783,-3.69457396037396));
#1068=CARTESIAN_POINT('Ctrl Pts',(55.3081243051616,31.9861932583939,-3.81375376554732));
#1069=CARTESIAN_POINT('Ctrl Pts',(54.5246122476682,33.673460549474,-3.90793897738906));
#1070=CARTESIAN_POINT('Ctrl Pts',(54.4296033790996,34.7160993110266,-3.96239758750636));
#1071=CARTESIAN_POINT('Ctrl Pts',(54.429787215423,34.9981844611413,-3.9771295958992));
#1072=CARTESIAN_POINT('Ctrl Pts',(54.4298345008004,34.9982042489968,-2.7728704041008));
#1073=CARTESIAN_POINT('Ctrl Pts',(54.4300560634122,35.4500378495309,-2.79646689350651));
#1074=CARTESIAN_POINT('Ctrl Pts',(54.6086829496463,36.6627412976431,-2.85978998463666));
#1075=CARTESIAN_POINT('Ctrl Pts',(55.6658406366394,38.402072304586,-2.96283967749127));
#1076=CARTESIAN_POINT('Ctrl Pts',(57.7022846238975,39.582832922999,-3.08201948266462));
#1077=CARTESIAN_POINT('Ctrl Pts',(60.0554716701222,39.6445619819114,-3.20119928783797));
#1078=CARTESIAN_POINT('Ctrl Pts',(62.1510200185015,38.5721922365161,-3.32037909301133));
#1079=CARTESIAN_POINT('Ctrl Pts',(63.4774341023067,36.6274749229928,-3.43955889818468));
#1080=CARTESIAN_POINT('Ctrl Pts',(63.7109538307545,34.2850897523473,-3.55873870335803));
#1081=CARTESIAN_POINT('Ctrl Pts',(62.7945801343949,32.1167818867861,-3.67791850853139));
#1082=CARTESIAN_POINT('Ctrl Pts',(60.9519876822077,30.6518065264552,-3.79709831370474));
#1083=CARTESIAN_POINT('Ctrl Pts',(58.6329288606312,30.2477447325384,-3.9162781188781));
#1084=CARTESIAN_POINT('Ctrl Pts',(56.4034551793513,31.0032226314302,-4.03545792405145));
#1085=CARTESIAN_POINT('Ctrl Pts',(54.8119786593247,32.7292536440515,-4.15432201912569));
#1086=CARTESIAN_POINT('Ctrl Pts',(54.4291662819759,34.2439685139481,-4.23345951247547));
#1087=CARTESIAN_POINT('Ctrl Pts',(54.4291040174301,34.9982742406807,-4.2728704041008));
#1088=CARTESIAN_POINT('Origin',(58.9999506004051,34.9982677990172,2.77287040410079));
#1089=CARTESIAN_POINT('',(54.4294201474997,34.9981522456235,-0.977129595899202));
#1090=CARTESIAN_POINT('',(54.4293750876059,34.9983784884334,-1.2728704041008));
#1091=CARTESIAN_POINT('',(54.4295006004051,34.9982677990175,2.77287040410079));
#1092=CARTESIAN_POINT('Ctrl Pts',(54.4294201474997,34.9981522456235,-0.977129595899202));
#1093=CARTESIAN_POINT('Ctrl Pts',(54.4300490164958,35.607476625311,-1.00895914611953));
#1094=CARTESIAN_POINT('Ctrl Pts',(54.7057022377661,36.9778541990645,-1.08051529806431));
#1095=CARTESIAN_POINT('Ctrl Pts',(56.0351974454913,38.7282022231908,-1.19179805173354));
#1096=CARTESIAN_POINT('Ctrl Pts',(58.182695431539,39.6923352981332,-1.31097785690689));
#1097=CARTESIAN_POINT('Ctrl Pts',(60.5296746841803,39.5107081738546,-1.43015766208024));
#1098=CARTESIAN_POINT('Ctrl Pts',(62.503268515138,38.2276544545327,-1.5493374672536));
#1099=CARTESIAN_POINT('Ctrl Pts',(63.6217489206727,36.1563501421305,-1.66851727242695));
#1100=CARTESIAN_POINT('Ctrl Pts',(63.6121096243769,33.8023733469238,-1.7876970776003));
#1101=CARTESIAN_POINT('Ctrl Pts',(62.476703469602,31.7402985012325,-1.90687688277366));
#1102=CARTESIAN_POINT('Ctrl Pts',(60.4926680351689,30.4734507776156,-2.02605668794701));
#1103=CARTESIAN_POINT('Ctrl Pts',(58.1442800684302,30.3110508870229,-2.14523649312037));
#1104=CARTESIAN_POINT('Ctrl Pts',(56.0047499324375,31.2927384995947,-2.26441629829372));
#1105=CARTESIAN_POINT('Ctrl Pts',(54.6973361065528,33.0436024990199,-2.37504733255333));
#1106=CARTESIAN_POINT('Ctrl Pts',(54.4300777855491,34.4015223328458,-2.44595176508849));
#1107=CARTESIAN_POINT('Ctrl Pts',(54.4294597496974,34.9983855511562,-2.4771295958992));
#1108=CARTESIAN_POINT('Ctrl Pts',(54.4293750876059,34.9983784884334,-1.2728704041008));
#1109=CARTESIAN_POINT('Ctrl Pts',(54.4292361156708,35.1352623617587,-1.28002107108864));
#1110=CARTESIAN_POINT('Ctrl Pts',(54.4687458109466,36.0325451646563,-1.32689833980093));
#1111=CARTESIAN_POINT('Ctrl Pts',(55.0383395357592,37.6454950581271,-1.41350221023767));
#1112=CARTESIAN_POINT('Ctrl Pts',(56.789161947938,39.2190008966444,-1.53268201541102));
#1113=CARTESIAN_POINT('Ctrl Pts',(59.0796085545783,39.7622817557365,-1.65186182058437));
#1114=CARTESIAN_POINT('Ctrl Pts',(61.350611712003,39.1427299714566,-1.77104162575773));
#1115=CARTESIAN_POINT('Ctrl Pts',(63.0478496591886,37.5115699242765,-1.89022143093108));
#1116=CARTESIAN_POINT('Ctrl Pts',(63.7570491179506,35.266946151755,-2.00940123610444));
#1117=CARTESIAN_POINT('Ctrl Pts',(63.3051039033504,32.9567415561123,-2.12858104127779));
#1118=CARTESIAN_POINT('Ctrl Pts',(61.8023278500762,31.1448464473712,-2.24776084645114));
#1119=CARTESIAN_POINT('Ctrl Pts',(59.6155286671614,30.2735203976999,-2.3669406516245));
#1120=CARTESIAN_POINT('Ctrl Pts',(57.2784750401849,30.5554425426955,-2.48612045679785));
#1121=CARTESIAN_POINT('Ctrl Pts',(55.3616107722131,31.9217994248584,-2.60530026197121));
#1122=CARTESIAN_POINT('Ctrl Pts',(54.5365085797896,33.6198793612411,-2.70088357773886));
#1123=CARTESIAN_POINT('Ctrl Pts',(54.429683044804,34.6893393750449,-2.75674029178206));
#1124=CARTESIAN_POINT('Ctrl Pts',(54.4298345008004,34.9982042489968,-2.7728704041008));
#1125=CARTESIAN_POINT('Origin',(58.9999506004051,34.9982677990172,0.));
#1126=CARTESIAN_POINT('',(53.5749021117247,34.9984075676075,-1.9837549233632));
#1127=CARTESIAN_POINT('',(53.5748016201218,34.9983991843473,-1.76624507663678));
#1128=CARTESIAN_POINT('',(53.5749506004051,34.9982677990172,0.));
#1129=CARTESIAN_POINT('',(61.3865450255505,30.1265619878623,-1.5));
#1130=CARTESIAN_POINT('Ctrl Pts',(53.5749021117247,34.9984075676075,-1.9837549233632));
#1131=CARTESIAN_POINT('Ctrl Pts',(53.5756357034927,34.2899471404431,-1.9525770925525));
#1132=CARTESIAN_POINT('Ctrl Pts',(53.7151261699024,33.5812063601521,-1.92139926174179));
#1133=CARTESIAN_POINT('Ctrl Pts',(53.9855874984032,32.9265763823364,-1.89022143093108));
#1134=CARTESIAN_POINT('Ctrl Pts',(54.3302076724124,32.0924508601515,-1.85049482920663));
#1135=CARTESIAN_POINT('Ctrl Pts',(54.8874682202272,31.3461780181854,-1.81076822748218));
#1136=CARTESIAN_POINT('Ctrl Pts',(55.589359186472,30.7788355088812,-1.77104162575773));
#1137=CARTESIAN_POINT('Ctrl Pts',(56.2912501527167,30.211492999577,-1.73131502403328));
#1138=CARTESIAN_POINT('Ctrl Pts',(57.1377715373915,29.8230808229349,-1.69158842230883));
#1139=CARTESIAN_POINT('Ctrl Pts',(58.0256110173595,29.6610021110744,-1.65186182058437));
#1140=CARTESIAN_POINT('Ctrl Pts',(58.9134504973275,29.498923399214,-1.61213521885992));
#1141=CARTESIAN_POINT('Ctrl Pts',(59.8426080725886,29.5631781521352,-1.57240861713547));
#1142=CARTESIAN_POINT('Ctrl Pts',(60.6996862213981,29.8459245012214,-1.53268201541102));
#1143=CARTESIAN_POINT('Ctrl Pts',(60.9347179973529,29.9234604606468,-1.52178801027401));
#1144=CARTESIAN_POINT('Ctrl Pts',(61.1643294693571,30.0174267791936,-1.51089400513701));
#1145=CARTESIAN_POINT('Ctrl Pts',(61.3865450255505,30.1265619878623,-1.5));
#1146=CARTESIAN_POINT('',(56.6132965504025,30.1269133468092,-1.5));
#1147=CARTESIAN_POINT('Origin',(58.9999506004051,34.9982677990172,-1.5));
#1148=CARTESIAN_POINT('Ctrl Pts',(56.6132965504025,30.1269133468092,-1.5));
#1149=CARTESIAN_POINT('Ctrl Pts',(56.2775502367654,30.2912143740552,-1.51644582241787));
#1150=CARTESIAN_POINT('Ctrl Pts',(55.9586600154849,30.4898440987906,-1.53289164483573));
#1151=CARTESIAN_POINT('Ctrl Pts',(55.6640133407415,30.7195687908951,-1.5493374672536));
#1152=CARTESIAN_POINT('Ctrl Pts',(54.9522635237031,31.2744927781318,-1.58906406897805));
#1153=CARTESIAN_POINT('Ctrl Pts',(54.3819783119462,32.0108604035076,-1.6287906707025));
#1154=CARTESIAN_POINT('Ctrl Pts',(54.0227572487081,32.8388028440277,-1.66851727242695));
#1155=CARTESIAN_POINT('Ctrl Pts',(53.7281948798141,33.5177181737387,-1.70109320716356));
#1156=CARTESIAN_POINT('Ctrl Pts',(53.5755531014918,34.2582088678021,-1.73366914190017));
#1157=CARTESIAN_POINT('Ctrl Pts',(53.5748016201218,34.9983991843473,-1.76624507663678));
#1158=CARTESIAN_POINT('Origin',(58.9999506004051,34.9982677990172,0.));
#1159=CARTESIAN_POINT('',(53.5752908046459,34.9981688792222,-3.4837549233632));
#1160=CARTESIAN_POINT('',(53.5753469311044,34.998192366869,-3.26624507663678));
#1161=CARTESIAN_POINT('',(53.5749506004051,34.9982677990172,0.));
#1162=CARTESIAN_POINT('Ctrl Pts',(53.5752908046459,34.9981688792222,-3.4837549233632));
#1163=CARTESIAN_POINT('Ctrl Pts',(53.5750725959237,34.6633414684919,-3.46902291497036));
#1164=CARTESIAN_POINT('Ctrl Pts',(53.6055796541539,34.328553338805,-3.45429090657752));
#1165=CARTESIAN_POINT('Ctrl Pts',(53.667185501862,33.9995891478357,-3.43955889818468));
#1166=CARTESIAN_POINT('Ctrl Pts',(53.8333129510555,33.1124983284608,-3.39983229646023));
#1167=CARTESIAN_POINT('Ctrl Pts',(54.2255830111999,32.267757733314,-3.36010569473578));
#1168=CARTESIAN_POINT('Ctrl Pts',(54.7961217220311,31.5684623517778,-3.32037909301133));
#1169=CARTESIAN_POINT('Ctrl Pts',(55.3666604328622,30.8691669702416,-3.28065249128687));
#1170=CARTESIAN_POINT('Ctrl Pts',(56.11546779438,30.315316802316,-3.24092588956242));
#1171=CARTESIAN_POINT('Ctrl Pts',(56.9511568323719,29.9745055892154,-3.20119928783797));
#1172=CARTESIAN_POINT('Ctrl Pts',(57.7868458703637,29.6336943761149,-3.16147268611352));
#1173=CARTESIAN_POINT('Ctrl Pts',(58.7094165848295,29.5059221178393,-3.12174608438907));
#1174=CARTESIAN_POINT('Ctrl Pts',(59.606275336303,29.6067825714382,-3.08201948266462));
#1175=CARTESIAN_POINT('Ctrl Pts',(60.5031340877765,29.707643025037,-3.04229288094017));
#1176=CARTESIAN_POINT('Ctrl Pts',(61.3742808762576,30.0371361905102,-3.00256627921571));
#1177=CARTESIAN_POINT('Ctrl Pts',(62.1133980115291,30.5550496114049,-2.96283967749126));
#1178=CARTESIAN_POINT('Ctrl Pts',(62.8525151468005,31.0729630322996,-2.92311307576681));
#1179=CARTESIAN_POINT('Ctrl Pts',(63.4596026288622,31.7792967086158,-2.88338647404236));
#1180=CARTESIAN_POINT('Ctrl Pts',(63.8605694552489,32.5878472978385,-2.84365987231791));
#1181=CARTESIAN_POINT('Ctrl Pts',(64.2615362816356,33.3963978870612,-2.80393327059346));
#1182=CARTESIAN_POINT('Ctrl Pts',(64.4563824523472,34.3071653891904,-2.76420666886901));
#1183=CARTESIAN_POINT('Ctrl Pts',(64.4213282839925,35.2089966685742,-2.72448006714456));
#1184=CARTESIAN_POINT('Ctrl Pts',(64.3862741156377,36.1108279479581,-2.6847534654201));
#1185=CARTESIAN_POINT('Ctrl Pts',(64.1213196082166,37.0037230045966,-2.64502686369565));
#1186=CARTESIAN_POINT('Ctrl Pts',(63.6588007028283,37.7787099163276,-2.6053002619712));
#1187=CARTESIAN_POINT('Ctrl Pts',(63.1962817974401,38.5536968280586,-2.56557366024675));
#1188=CARTESIAN_POINT('Ctrl Pts',(62.5361984940849,39.2107755948822,-2.5258470585223));
#1189=CARTESIAN_POINT('Ctrl Pts',(61.759109583879,39.6697541094425,-2.48612045679785));
#1190=CARTESIAN_POINT('Ctrl Pts',(60.982020673673,40.1287326240028,-2.4463938550734));
#1191=CARTESIAN_POINT('Ctrl Pts',(60.0879261566164,40.3896108862997,-2.40666725334895));
#1192=CARTESIAN_POINT('Ctrl Pts',(59.1859443410636,40.4205504339388,-2.36694065162449));
#1193=CARTESIAN_POINT('Ctrl Pts',(58.2839625255108,40.4514899815779,-2.32721404990004));
#1194=CARTESIAN_POINT('Ctrl Pts',(57.3740934114618,40.2524908145592,-2.28748744817559));
#1195=CARTESIAN_POINT('Ctrl Pts',(56.567380492263,39.8478394619166,-2.24776084645114));
#1196=CARTESIAN_POINT('Ctrl Pts',(55.7606675730642,39.4431881092741,-2.20803424472669));
#1197=CARTESIAN_POINT('Ctrl Pts',(55.0571108487156,38.8328845710078,-2.16830764300224));
#1198=CARTESIAN_POINT('Ctrl Pts',(54.5425747531446,38.0914123479725,-2.12858104127779));
#1199=CARTESIAN_POINT('Ctrl Pts',(54.0280386575735,37.3499401249371,-2.08885443955334));
#1200=CARTESIAN_POINT('Ctrl Pts',(53.7025231907801,36.4772992171326,-2.04912783782889));
#1201=CARTESIAN_POINT('Ctrl Pts',(53.6057553574852,35.5799896620287,-2.00940123610443));
#1202=CARTESIAN_POINT('Ctrl Pts',(53.5849318789406,35.3868975400671,-2.00085246519069));
#1203=CARTESIAN_POINT('Ctrl Pts',(53.5747009653394,35.1926630926327,-1.99230369427695));
#1204=CARTESIAN_POINT('Ctrl Pts',(53.5749021117247,34.9984075676075,-1.9837549233632));
#1205=CARTESIAN_POINT('Ctrl Pts',(53.5748016201218,34.9983991843473,-1.76624507663678));
#1206=CARTESIAN_POINT('Ctrl Pts',(53.5746366642098,35.1608766237219,-1.77339574362462));
#1207=CARTESIAN_POINT('Ctrl Pts',(53.5817903311068,35.3233395898234,-1.78054641061246));
#1208=CARTESIAN_POINT('Ctrl Pts',(53.5963680671182,35.4851336432792,-1.7876970776003));
#1209=CARTESIAN_POINT('Ctrl Pts',(53.6773568634861,36.3840047463464,-1.82742367932475));
#1210=CARTESIAN_POINT('Ctrl Pts',(53.9874913709413,37.2622296968163,-1.8671502810492));
#1211=CARTESIAN_POINT('Ctrl Pts',(54.4889217320971,38.0126269534169,-1.90687688277366));
#1212=CARTESIAN_POINT('Ctrl Pts',(54.9903520932528,38.7630242100175,-1.94660348449811));
#1213=CARTESIAN_POINT('Ctrl Pts',(55.6830783081092,39.3855937727489,-1.98633008622256));
#1214=CARTESIAN_POINT('Ctrl Pts',(56.482557733078,39.8043551578251,-2.02605668794701));
#1215=CARTESIAN_POINT('Ctrl Pts',(57.2820371580469,40.2231165429014,-2.06578328967146));
#1216=CARTESIAN_POINT('Ctrl Pts',(58.1882697931282,40.4380697503227,-2.10550989139591));
#1217=CARTESIAN_POINT('Ctrl Pts',(59.0906559538656,40.4229811642555,-2.14523649312036));
#1218=CARTESIAN_POINT('Ctrl Pts',(59.993042114603,40.4078925781884,-2.18496309484481));
#1219=CARTESIAN_POINT('Ctrl Pts',(60.8915818009963,40.1627621986328,-2.22468969656927));
#1220=CARTESIAN_POINT('Ctrl Pts',(61.676614200888,39.7175065642252,-2.26441629829372));
#1221=CARTESIAN_POINT('Ctrl Pts',(62.4616466007798,39.2722509298175,-2.30414290001817));
#1222=CARTESIAN_POINT('Ctrl Pts',(63.1331717141699,38.6268700405578,-2.34386950174262));
#1223=CARTESIAN_POINT('Ctrl Pts',(63.6092343530518,37.8601283549513,-2.38359610346707));
#1224=CARTESIAN_POINT('Ctrl Pts',(64.0852969919336,37.0933866693448,-2.42332270519152));
#1225=CARTESIAN_POINT('Ctrl Pts',(64.3658971563073,36.2052841873916,-2.46304930691597));
#1226=CARTESIAN_POINT('Ctrl Pts',(64.4167894562842,35.3042079294997,-2.50277590864042));
#1227=CARTESIAN_POINT('Ctrl Pts',(64.4676817562612,34.4031316716079,-2.54250251036488));
#1228=CARTESIAN_POINT('Ctrl Pts',(64.2888661918415,33.4890816377775,-2.58222911208933));
#1229=CARTESIAN_POINT('Ctrl Pts',(63.9021660172336,32.6736115747902,-2.62195571381378));
#1230=CARTESIAN_POINT('Ctrl Pts',(63.5154658426258,31.8581415118029,-2.66168231553823));
#1231=CARTESIAN_POINT('Ctrl Pts',(62.9208810578298,31.1412514196587,-2.70140891726268));
#1232=CARTESIAN_POINT('Ctrl Pts',(62.1909767939781,30.6104329814893,-2.74113551898713));
#1233=CARTESIAN_POINT('Ctrl Pts',(61.4610725301264,30.0796145433199,-2.78086212071158));
#1234=CARTESIAN_POINT('Ctrl Pts',(60.5958487872191,29.7348677591253,-2.82058872243603));
#1235=CARTESIAN_POINT('Ctrl Pts',(59.7009003870375,29.6182666883749,-2.86031532416049));
#1236=CARTESIAN_POINT('Ctrl Pts',(58.8059519868559,29.5016656176246,-2.90004192588494));
#1237=CARTESIAN_POINT('Ctrl Pts',(57.8812789294,29.6132102603185,-2.93976852760939));
#1238=CARTESIAN_POINT('Ctrl Pts',(57.039731431156,29.9392873323185,-2.97949512933384));
#1239=CARTESIAN_POINT('Ctrl Pts',(56.1981839329121,30.2653644043185,-3.01922173105829));
#1240=CARTESIAN_POINT('Ctrl Pts',(55.4397619938801,30.8059739056246,-3.05894833278274));
#1241=CARTESIAN_POINT('Ctrl Pts',(54.8570259837201,31.4951380305981,-3.09867493450719));
#1242=CARTESIAN_POINT('Ctrl Pts',(54.2742899735601,32.1843021555717,-3.13840153623164));
#1243=CARTESIAN_POINT('Ctrl Pts',(53.8672398922722,33.0220209042126,-3.1781281379561));
#1244=CARTESIAN_POINT('Ctrl Pts',(53.6855535037151,33.9060562569553,-3.21785473968055));
#1245=CARTESIAN_POINT('Ctrl Pts',(53.611783744234,34.2649993558991,-3.23398485199929));
#1246=CARTESIAN_POINT('Ctrl Pts',(53.5751671569507,34.6315781513785,-3.25011496431804));
#1247=CARTESIAN_POINT('Ctrl Pts',(53.5753469311044,34.998192366869,-3.26624507663678));
#1248=CARTESIAN_POINT('Origin',(58.9999506004051,34.9982677990172,0.));
#1249=CARTESIAN_POINT('',(53.5745039698846,34.9983086126789,-4.9837549233632));
#1250=CARTESIAN_POINT('',(53.5744794431714,34.9982754519838,-4.76624507663678));
#1251=CARTESIAN_POINT('',(53.5749506004051,34.9982677990172,0.));
#1252=CARTESIAN_POINT('Ctrl Pts',(53.5745039698846,34.9983086126789,-4.9837549233632));
#1253=CARTESIAN_POINT('Ctrl Pts',(53.5748513677637,34.1347192840041,-4.94574213566378));
#1254=CARTESIAN_POINT('Ctrl Pts',(53.7847860439005,33.270967076815,-4.90772934796435));
#1255=CARTESIAN_POINT('Ctrl Pts',(54.1817922195091,32.5040560074553,-4.86971656026492));
#1256=CARTESIAN_POINT('Ctrl Pts',(54.5966974967874,31.70256860139,-4.82998995854047));
#1257=CARTESIAN_POINT('Ctrl Pts',(55.2159228399409,31.0068513832826,-4.79026335681602));
#1258=CARTESIAN_POINT('Ctrl Pts',(55.9638959010269,30.5018120273068,-4.75053675509157));
#1259=CARTESIAN_POINT('Ctrl Pts',(56.7118689621128,29.996772671331,-4.71081015336712));
#1260=CARTESIAN_POINT('Ctrl Pts',(57.5885897411312,29.6824111774868,-4.67108355164267));
#1261=CARTESIAN_POINT('Ctrl Pts',(58.4870602792726,29.5970932820207,-4.63135694991822));
#1262=CARTESIAN_POINT('Ctrl Pts',(59.3855308174139,29.5117753865545,-4.59163034819377));
#1263=CARTESIAN_POINT('Ctrl Pts',(60.3057511146782,29.6555010894665,-4.55190374646931));
#1264=CARTESIAN_POINT('Ctrl Pts',(61.1354143844364,30.0107296215538,-4.51217714474486));
#1265=CARTESIAN_POINT('Ctrl Pts',(61.9650776541946,30.3659581536411,-4.47245054302041));
#1266=CARTESIAN_POINT('Ctrl Pts',(62.7041838964468,30.9326895149037,-4.43272394129596));
#1267=CARTESIAN_POINT('Ctrl Pts',(63.2625300942723,31.6417578998768,-4.39299733957151));
#1268=CARTESIAN_POINT('Ctrl Pts',(63.8208762920979,32.35082628485,-4.35327073784706));
#1269=CARTESIAN_POINT('Ctrl Pts',(64.1984624454969,33.2022316935338,-4.31354413612261));
#1270=CARTESIAN_POINT('Ctrl Pts',(64.3492066676755,34.0920657402383,-4.27381753439816));
#1271=CARTESIAN_POINT('Ctrl Pts',(64.4999508898542,34.9818997869428,-4.23409093267371));
#1272=CARTESIAN_POINT('Ctrl Pts',(64.4238531808126,35.910162471668,-4.19436433094925));
#1273=CARTESIAN_POINT('Ctrl Pts',(64.1302007614451,36.7635654877128,-4.1546377292248));
#1274=CARTESIAN_POINT('Ctrl Pts',(63.8365483420776,37.6169685037576,-4.11491112750035));
#1275=CARTESIAN_POINT('Ctrl Pts',(63.3253412123843,38.395511851122,-4.0751845257759));
#1276=CARTESIAN_POINT('Ctrl Pts',(62.6589688134679,39.0041794756571,-4.03545792405145));
#1277=CARTESIAN_POINT('Ctrl Pts',(61.9925964145515,39.6128471001921,-3.995731322327));
#1278=CARTESIAN_POINT('Ctrl Pts',(61.1710587464119,40.0516390018978,-3.95600472060255));
#1279=CARTESIAN_POINT('Ctrl Pts',(60.2946190350156,40.2670035381664,-3.9162781188781));
#1280=CARTESIAN_POINT('Ctrl Pts',(59.4181793236192,40.4823680744351,-3.87655151715364));
#1281=CARTESIAN_POINT('Ctrl Pts',(58.486837568966,40.4743052452667,-3.83682491542919));
#1282=CARTESIAN_POINT('Ctrl Pts',(57.614257857829,40.2437990655084,-3.79709831370474));
#1283=CARTESIAN_POINT('Ctrl Pts',(56.741678146692,40.0132928857501,-3.75737171198029));
#1284=CARTESIAN_POINT('Ctrl Pts',(55.9278604790711,39.5603433554018,-3.71764511025584));
#1285=CARTESIAN_POINT('Ctrl Pts',(55.2721259060496,38.9402299617882,-3.67791850853139));
#1286=CARTESIAN_POINT('Ctrl Pts',(54.616391333028,38.3201165681745,-3.63819190680694));
#1287=CARTESIAN_POINT('Ctrl Pts',(54.1187398546058,37.5328393112956,-3.59846530508248));
#1288=CARTESIAN_POINT('Ctrl Pts',(53.8399065345159,36.6744801610546,-3.55873870335803));
#1289=CARTESIAN_POINT('Ctrl Pts',(53.6644743268661,36.1344304975684,-3.53374411002642));
#1290=CARTESIAN_POINT('Ctrl Pts',(53.5756610215319,35.5662431528932,-3.50874951669481));
#1291=CARTESIAN_POINT('Ctrl Pts',(53.5752908046459,34.9981688792222,-3.4837549233632));
#1292=CARTESIAN_POINT('Ctrl Pts',(53.5753469311044,34.998192366869,-3.26624507663678));
#1293=CARTESIAN_POINT('Ctrl Pts',(53.5756099199062,35.5345065772635,-3.28984156604249));
#1294=CARTESIAN_POINT('Ctrl Pts',(53.6546182524852,36.0708965875701,-3.31343805544819));
#1295=CARTESIAN_POINT('Ctrl Pts',(53.8112548908237,36.5835688389755,-3.3370345448539));
#1296=CARTESIAN_POINT('Ctrl Pts',(54.0749653623155,37.4466941114084,-3.37676114657835));
#1297=CARTESIAN_POINT('Ctrl Pts',(54.5587090011254,38.2425926994295,-3.4164877483028));
#1298=CARTESIAN_POINT('Ctrl Pts',(55.203448103142,38.8741304568259,-3.45621435002725));
#1299=CARTESIAN_POINT('Ctrl Pts',(55.8481872051586,39.5056682142223,-3.49594095175171));
#1300=CARTESIAN_POINT('Ctrl Pts',(56.653921770382,39.9728451409939,-3.53566755347616));
#1301=CARTESIAN_POINT('Ctrl Pts',(57.5223172367892,40.2186453904037,-3.57539415520061));
#1302=CARTESIAN_POINT('Ctrl Pts',(58.3907127031964,40.4644456398136,-3.61512075692506));
#1303=CARTESIAN_POINT('Ctrl Pts',(59.3217690707874,40.4888692118616,-3.65484735864951));
#1304=CARTESIAN_POINT('Ctrl Pts',(60.2018570823883,40.2889353714969,-3.69457396037396));
#1305=CARTESIAN_POINT('Ctrl Pts',(61.0819450939891,40.0890015311322,-3.73430056209842));
#1306=CARTESIAN_POINT('Ctrl Pts',(61.9110647495998,39.6647102783547,-3.77402716382287));
#1307=CARTESIAN_POINT('Ctrl Pts',(62.5880274919483,39.0678435477034,-3.81375376554732));
#1308=CARTESIAN_POINT('Ctrl Pts',(63.2649902342968,38.470976817052,-3.85348036727177));
#1309=CARTESIAN_POINT('Ctrl Pts',(63.7897960633832,37.7015346085266,-3.89320696899622));
#1310=CARTESIAN_POINT('Ctrl Pts',(64.0983959069972,36.8534222426175,-3.93293357072067));
#1311=CARTESIAN_POINT('Ctrl Pts',(64.4069957506111,36.0053098767084,-3.97266017244512));
#1312=CARTESIAN_POINT('Ctrl Pts',(64.4993896087527,35.0785273534155,-4.01238677416957));
#1313=CARTESIAN_POINT('Ctrl Pts',(64.3643014235659,34.18618233555,-4.05211337589402));
#1314=CARTESIAN_POINT('Ctrl Pts',(64.2292132383791,33.2938373176845,-4.09183997761847));
#1315=CARTESIAN_POINT('Ctrl Pts',(63.866643009864,32.4359298052463,-4.13156657934293));
#1316=CARTESIAN_POINT('Ctrl Pts',(63.3208400307312,31.7171617225825,-4.17129318106738));
#1317=CARTESIAN_POINT('Ctrl Pts',(62.7750370515983,30.9983936399186,-4.21101978279183));
#1318=CARTESIAN_POINT('Ctrl Pts',(62.0460013218477,30.4187649870292,-4.25074638451628));
#1319=CARTESIAN_POINT('Ctrl Pts',(61.2227068191121,30.0490155983186,-4.29047298624073));
#1320=CARTESIAN_POINT('Ctrl Pts',(60.3994123163765,29.679266209608,-4.33019958796519));
#1321=CARTESIAN_POINT('Ctrl Pts',(59.4818590406559,29.5193960850763,-4.36992618968964));
#1322=CARTESIAN_POINT('Ctrl Pts',(58.5820282862811,29.5889163135545,-4.40965279141409));
#1323=CARTESIAN_POINT('Ctrl Pts',(57.6821975319062,29.6584365420327,-4.44937939313854));
#1324=CARTESIAN_POINT('Ctrl Pts',(56.8000892988771,29.9573471235209,-4.48910599486299));
#1325=CARTESIAN_POINT('Ctrl Pts',(56.0433590490488,30.4491680031929,-4.52883259658744));
#1326=CARTESIAN_POINT('Ctrl Pts',(55.2866287992205,30.9409888828649,-4.56855919831189));
#1327=CARTESIAN_POINT('Ctrl Pts',(54.6552765325931,31.6257200607207,-4.60828580003634));
#1328=CARTESIAN_POINT('Ctrl Pts',(54.2263546077231,32.4197946359668,-4.64801240176079));
#1329=CARTESIAN_POINT('Ctrl Pts',(53.8008413555696,33.2075586446913,-4.68742329338612));
#1330=CARTESIAN_POINT('Ctrl Pts',(53.574553773511,34.1029350371446,-4.72683418501145));
#1331=CARTESIAN_POINT('Ctrl Pts',(53.5744798671864,34.9982754450965,-4.76624507663678));
#1332=CARTESIAN_POINT('Origin',(58.9999506004051,34.9982677990172,0.));
#1333=CARTESIAN_POINT('',(53.5753984950741,34.9983036569279,-6.48375492336321));
#1334=CARTESIAN_POINT('',(53.5753669215712,34.9983314885574,-6.26624507663678));
#1335=CARTESIAN_POINT('',(53.5749506004051,34.9982677990172,0.));
#1336=CARTESIAN_POINT('Ctrl Pts',(53.5753984950741,34.9983036569279,-6.48375492336321));
#1337=CARTESIAN_POINT('Ctrl Pts',(53.5755114270085,34.5081042708281,-6.46218795808165));
#1338=CARTESIAN_POINT('Ctrl Pts',(53.6413468803344,34.0178751445816,-6.44062099280009));
#1339=CARTESIAN_POINT('Ctrl Pts',(53.7725155203175,33.5457991666418,-6.41905402751853));
#1340=CARTESIAN_POINT('Ctrl Pts',(54.0141296858397,32.6762297063836,-6.37932742579407));
#1341=CARTESIAN_POINT('Ctrl Pts',(54.4774198104081,31.8682540052316,-6.33960082406962));
#1342=CARTESIAN_POINT('Ctrl Pts',(55.105844405727,31.2204801409911,-6.29987422234517));
#1343=CARTESIAN_POINT('Ctrl Pts',(55.7342690010459,30.5727062767507,-6.26014762062072));
#1344=CARTESIAN_POINT('Ctrl Pts',(56.5278280671154,30.0851342494218,-6.22042101889627));
#1345=CARTESIAN_POINT('Ctrl Pts',(57.389672980866,29.8172689925537,-6.18069441717182));
#1346=CARTESIAN_POINT('Ctrl Pts',(58.2515178946166,29.5494037356857,-6.14096781544737));
#1347=CARTESIAN_POINT('Ctrl Pts',(59.1816486560484,29.5012452492786,-6.10124121372291));
#1348=CARTESIAN_POINT('Ctrl Pts',(60.0665489720826,29.678670957329,-6.06151461199846));
#1349=CARTESIAN_POINT('Ctrl Pts',(60.9514492881169,29.8560966653794,-6.02178801027401));
#1350=CARTESIAN_POINT('Ctrl Pts',(61.7911191587538,30.2591065678873,-5.98206140854956));
#1351=CARTESIAN_POINT('Ctrl Pts',(62.4830824429204,30.8385159780283,-5.94233480682511));
#1352=CARTESIAN_POINT('Ctrl Pts',(63.1750457270871,31.4179253881694,-5.90260820510066));
#1353=CARTESIAN_POINT('Ctrl Pts',(63.7193024247836,32.1737343059436,-5.86288160337621));
#1354=CARTESIAN_POINT('Ctrl Pts',(64.0494296142365,33.0137012636144,-5.82315500165176));
#1355=CARTESIAN_POINT('Ctrl Pts',(64.3795568036894,33.8536682212852,-5.7834283999273));
#1356=CARTESIAN_POINT('Ctrl Pts',(64.4955544848986,34.7777932188525,-5.74370179820285));
#1357=CARTESIAN_POINT('Ctrl Pts',(64.3832659098858,35.6732929269018,-5.7039751964784));
#1358=CARTESIAN_POINT('Ctrl Pts',(64.2709773348729,36.5687926349511,-5.66424859475395));
#1359=CARTESIAN_POINT('Ctrl Pts',(63.930402503638,37.4356670534823,-5.6245219930295));
#1360=CARTESIAN_POINT('Ctrl Pts',(63.4031063164732,38.1681199067065,-5.58479539130505));
#1361=CARTESIAN_POINT('Ctrl Pts',(62.8758101293084,38.9005727599306,-5.5450687895806));
#1362=CARTESIAN_POINT('Ctrl Pts',(62.1617925862137,39.4986040478477,-5.50534218785615));
#1363=CARTESIAN_POINT('Ctrl Pts',(61.3481947947046,39.8892280164494,-5.46561558613169));
#1364=CARTESIAN_POINT('Ctrl Pts',(60.5345970031954,40.2798519850511,-5.42588898440724));
#1365=CARTESIAN_POINT('Ctrl Pts',(59.6214189632717,40.4630686343373,-5.38616238268279));
#1366=CARTESIAN_POINT('Ctrl Pts',(58.720108000741,40.4165175869079,-5.34643578095834));
#1367=CARTESIAN_POINT('Ctrl Pts',(57.8187970382103,40.3699665394786,-5.30670917923389));
#1368=CARTESIAN_POINT('Ctrl Pts',(56.9293531530727,40.0936477953335,-5.26698257750944));
#1369=CARTESIAN_POINT('Ctrl Pts',(56.160327074891,39.621284225325,-5.22725597578499));
#1370=CARTESIAN_POINT('Ctrl Pts',(55.3913009967092,39.1489206553165,-5.18752937406054));
#1371=CARTESIAN_POINT('Ctrl Pts',(54.7426927254834,38.4805122594445,-5.14780277233609));
#1372=CARTESIAN_POINT('Ctrl Pts',(54.2936606007316,37.6976338511743,-5.10807617061163));
#1373=CARTESIAN_POINT('Ctrl Pts',(53.8446284759799,36.9147554429041,-5.06834956888718));
#1374=CARTESIAN_POINT('Ctrl Pts',(53.5951724977022,36.0174070222357,-5.02862296716273));
#1375=CARTESIAN_POINT('Ctrl Pts',(53.5757371142649,35.1151040148898,-4.98889636543828));
#1376=CARTESIAN_POINT('Ctrl Pts',(53.5748986677009,35.0761784717604,-4.98718255141325));
#1377=CARTESIAN_POINT('Ctrl Pts',(53.5744883073828,35.0372437077592,-4.98546873738823));
#1378=CARTESIAN_POINT('Ctrl Pts',(53.5745039698846,34.9983086126789,-4.9837549233632));
#1379=CARTESIAN_POINT('Ctrl Pts',(53.5744798671864,34.9982754450965,-4.76624507663678));
#1380=CARTESIAN_POINT('Ctrl Pts',(53.5744792751426,35.0054477773449,-4.7665607867359));
#1381=CARTESIAN_POINT('Ctrl Pts',(53.5744931996445,35.0126201072841,-4.76687649683502));
#1382=CARTESIAN_POINT('Ctrl Pts',(53.5745216545656,35.0197923795761,-4.76719220693415));
#1383=CARTESIAN_POINT('Ctrl Pts',(53.5781022093907,35.9222975753028,-4.8069188086586));
#1384=CARTESIAN_POINT('Ctrl Pts',(53.8117549021535,36.8238899941197,-4.84664541038305));
#1385=CARTESIAN_POINT('Ctrl Pts',(54.2469639707158,37.6145362584678,-4.8863720121075));
#1386=CARTESIAN_POINT('Ctrl Pts',(54.6821730392782,38.4051825228159,-4.92609861383195));
#1387=CARTESIAN_POINT('Ctrl Pts',(55.3189384836401,39.0848826326952,-4.9658252155564));
#1388=CARTESIAN_POINT('Ctrl Pts',(56.0795473027895,39.570683695805,-5.00555181728086));
#1389=CARTESIAN_POINT('Ctrl Pts',(56.840156121939,40.0564847589147,-5.04527841900531));
#1390=CARTESIAN_POINT('Ctrl Pts',(57.724608315876,40.348386775255,-5.08500502072976));
#1391=CARTESIAN_POINT('Ctrl Pts',(58.6249623578559,40.4107650389122,-5.12473162245421));
#1392=CARTESIAN_POINT('Ctrl Pts',(59.5253163998359,40.4731433025694,-5.16445822417866));
#1393=CARTESIAN_POINT('Ctrl Pts',(60.4415722898588,40.3059978135436,-5.20418482590311));
#1394=CARTESIAN_POINT('Ctrl Pts',(61.2619070709173,39.9297275706699,-5.24391142762756));
#1395=CARTESIAN_POINT('Ctrl Pts',(62.0822418519758,39.5534573277963,-5.28363802935201));
#1396=CARTESIAN_POINT('Ctrl Pts',(62.8066555240698,38.9680623310748,-5.32336463107647));
#1397=CARTESIAN_POINT('Ctrl Pts',(63.3467382010615,38.2449861589463,-5.36309123280092));
#1398=CARTESIAN_POINT('Ctrl Pts',(63.8868208780532,37.5219099868178,-5.40281783452537));
#1399=CARTESIAN_POINT('Ctrl Pts',(64.2425725599425,36.6611526392823,-5.44254443624982));
#1400=CARTESIAN_POINT('Ctrl Pts',(64.3705761124306,35.7677638441673,-5.48227103797427));
#1401=CARTESIAN_POINT('Ctrl Pts',(64.4985796649187,34.8743750490524,-5.52199763969872));
#1402=CARTESIAN_POINT('Ctrl Pts',(64.3988350880055,33.948354806358,-5.56172424142317));
#1403=CARTESIAN_POINT('Ctrl Pts',(64.0835155460412,33.1027177476018,-5.60145084314762));
#1404=CARTESIAN_POINT('Ctrl Pts',(63.7681960040768,32.2570806888455,-5.64117744487208));
#1405=CARTESIAN_POINT('Ctrl Pts',(63.2373014970611,31.4918268140275,-5.68090404659653));
#1406=CARTESIAN_POINT('Ctrl Pts',(62.5556241799806,30.9003502852756,-5.72063064832098));
#1407=CARTESIAN_POINT('Ctrl Pts',(61.8739468629,30.3088737565238,-5.76035725004543));
#1408=CARTESIAN_POINT('Ctrl Pts',(61.0414867357545,29.8911745738381,-5.80008385176988));
#1409=CARTESIAN_POINT('Ctrl Pts',(60.1598400382209,29.6982301533053,-5.83981045349433));
#1410=CARTESIAN_POINT('Ctrl Pts',(59.2781933406874,29.5052857327724,-5.87953705521878));
#1411=CARTESIAN_POINT('Ctrl Pts',(58.3473600727659,29.5370960743923,-5.91926365694323));
#1412=CARTESIAN_POINT('Ctrl Pts',(57.4809422637948,29.7897789368587,-5.95899025866768));
#1413=CARTESIAN_POINT('Ctrl Pts',(56.6145244548237,30.0424617993251,-5.99871686039213));
#1414=CARTESIAN_POINT('Ctrl Pts',(55.8125221048031,30.5160171826381,-6.03844346211659));
#1415=CARTESIAN_POINT('Ctrl Pts',(55.1728142836332,31.1526507917262,-6.07817006384104));
#1416=CARTESIAN_POINT('Ctrl Pts',(54.5331064624633,31.7892844008143,-6.11789666556549));
#1417=CARTESIAN_POINT('Ctrl Pts',(54.0556931701441,32.5889962356777,-6.15762326728994));
#1418=CARTESIAN_POINT('Ctrl Pts',(53.7988395339652,33.4541867686056,-6.19734986901439));
#1419=CARTESIAN_POINT('Ctrl Pts',(53.650358131706,33.9543342668524,-6.22031493822186));
#1420=CARTESIAN_POINT('Ctrl Pts',(53.5755820365833,34.4763630449135,-6.24328000742932));
#1421=CARTESIAN_POINT('Ctrl Pts',(53.5753669215712,34.9983314885574,-6.26624507663678));
#1422=CARTESIAN_POINT('Origin',(58.9999506004051,34.9982677990172,0.));
#1423=CARTESIAN_POINT('',(53.5746651769352,34.9981604467919,-7.98375492336321));
#1424=CARTESIAN_POINT('',(53.5747574151374,34.998142426315,-7.76624507663678));
#1425=CARTESIAN_POINT('',(53.5749506004051,34.9982677990172,0.));
#1426=CARTESIAN_POINT('Ctrl Pts',(53.5746651769352,34.9981604467919,-7.98375492336321));
#1427=CARTESIAN_POINT('Ctrl Pts',(53.5745612198555,34.8818063015401,-7.97863378049951));
#1428=CARTESIAN_POINT('Ctrl Pts',(53.5782277968567,34.7654586999612,-7.97351263763582));
#1429=CARTESIAN_POINT('Ctrl Pts',(53.5857097597422,34.6493569739309,-7.96839149477213));
#1430=CARTESIAN_POINT('Ctrl Pts',(53.6437501166668,33.7487128887547,-7.92866489304768));
#1431=CARTESIAN_POINT('Ctrl Pts',(53.931388165858,32.8628648059368,-7.88893829132323));
#1432=CARTESIAN_POINT('Ctrl Pts',(54.4135195903244,32.0999246112055,-7.84921168959877));
#1433=CARTESIAN_POINT('Ctrl Pts',(54.8956510147909,31.3369844164741,-7.80948508787432));
#1434=CARTESIAN_POINT('Ctrl Pts',(55.5722758145326,30.6969521098294,-7.76975848614987));
#1435=CARTESIAN_POINT('Ctrl Pts',(56.3608164184634,30.2579393911671,-7.73003188442542));
#1436=CARTESIAN_POINT('Ctrl Pts',(57.1493570223941,29.8189266725047,-7.69030528270097));
#1437=CARTESIAN_POINT('Ctrl Pts',(58.0498134305138,29.5809335418248,-7.65057868097651));
#1438=CARTESIAN_POINT('Ctrl Pts',(58.9522909078378,29.573005482938,-7.61085207925206));
#1439=CARTESIAN_POINT('Ctrl Pts',(59.8547683851618,29.5650774240512,-7.57112547752761));
#1440=CARTESIAN_POINT('Ctrl Pts',(60.75926693169,29.7872144369575,-7.53139887580316));
#1441=CARTESIAN_POINT('Ctrl Pts',(61.5553984962427,30.2123061719015,-7.49167227407871));
#1442=CARTESIAN_POINT('Ctrl Pts',(62.3515300607953,30.6373979068455,-7.45194567235426));
#1443=CARTESIAN_POINT('Ctrl Pts',(63.0392946433724,31.2654443638272,-7.41221907062981));
#1444=CARTESIAN_POINT('Ctrl Pts',(63.5347551362443,32.0197966364412,-7.37249246890536));
#1445=CARTESIAN_POINT('Ctrl Pts',(64.0302156291162,32.7741489090552,-7.33276586718091));
#1446=CARTESIAN_POINT('Ctrl Pts',(64.3333720322829,33.6548069973015,-7.29303926545645));
#1447=CARTESIAN_POINT('Ctrl Pts',(64.4072261165302,34.554292419882,-7.253312663732));
#1448=CARTESIAN_POINT('Ctrl Pts',(64.4810802007776,35.4537778424625,-7.21358606200755));
#1449=CARTESIAN_POINT('Ctrl Pts',(64.3256319661057,36.372090599377,-7.1738594602831));
#1450=CARTESIAN_POINT('Ctrl Pts',(63.9598528390034,37.1971567066503,-7.13413285855865));
#1451=CARTESIAN_POINT('Ctrl Pts',(63.5940737119012,38.0222228139235,-7.0944062568342));
#1452=CARTESIAN_POINT('Ctrl Pts',(63.0179636923685,38.7540422715555,-7.05467965510975));
#1453=CARTESIAN_POINT('Ctrl Pts',(62.3018331889357,39.3033013663803,-7.0149530533853));
#1454=CARTESIAN_POINT('Ctrl Pts',(61.5857026855029,39.8525604612052,-6.97522645166085));
#1455=CARTESIAN_POINT('Ctrl Pts',(60.72955169817,40.2192591932229,-6.9354998499364));
#1456=CARTESIAN_POINT('Ctrl Pts',(59.8378677790398,40.3586444132407,-6.89577324821195));
#1457=CARTESIAN_POINT('Ctrl Pts',(58.9461838599097,40.4980296332584,-6.85604664648749));
#1458=CARTESIAN_POINT('Ctrl Pts',(58.0189670089822,40.4101013412761,-6.81632004476304));
#1459=CARTESIAN_POINT('Ctrl Pts',(57.1693778958771,40.1055906024047,-6.77659344303859));
#1460=CARTESIAN_POINT('Ctrl Pts',(56.319788782772,39.8010798635333,-6.73686684131414));
#1461=CARTESIAN_POINT('Ctrl Pts',(55.5478274074892,39.2799866777727,-6.69714023958969));
#1462=CARTESIAN_POINT('Ctrl Pts',(54.9477065381206,38.6059070138286,-6.65741363786523));
#1463=CARTESIAN_POINT('Ctrl Pts',(54.347585668752,37.9318273498844,-6.61768703614078));
#1464=CARTESIAN_POINT('Ctrl Pts',(53.9193053052977,37.1047612077567,-6.57796043441633));
#1465=CARTESIAN_POINT('Ctrl Pts',(53.7151342268086,36.2256465270106,-6.53823383269188));
#1466=CARTESIAN_POINT('Ctrl Pts',(53.621804508268,35.8237897786109,-6.52007419624899));
#1467=CARTESIAN_POINT('Ctrl Pts',(53.5753034050674,35.4110572604083,-6.5019145598061));
#1468=CARTESIAN_POINT('Ctrl Pts',(53.5753984950741,34.9983036569279,-6.48375492336321));
#1469=CARTESIAN_POINT('Ctrl Pts',(53.5753669215712,34.9983314885574,-6.26624507663678));
#1470=CARTESIAN_POINT('Ctrl Pts',(53.5752099154139,35.3793009932404,-6.28300660915377));
#1471=CARTESIAN_POINT('Ctrl Pts',(53.6147723878669,35.760238357096,-6.29976814167076));
#1472=CARTESIAN_POINT('Ctrl Pts',(53.6943870334994,36.1326124518647,-6.31652967418775));
#1473=CARTESIAN_POINT('Ctrl Pts',(53.8830821492514,37.0151783712032,-6.3562562759122));
#1474=CARTESIAN_POINT('Ctrl Pts',(54.2967663607943,37.8496409788876,-6.39598287763665));
#1475=CARTESIAN_POINT('Ctrl Pts',(54.884952252652,38.5341596457668,-6.4357094793611));
#1476=CARTESIAN_POINT('Ctrl Pts',(55.4731381445097,39.218678312646,-6.47543608108555));
#1477=CARTESIAN_POINT('Ctrl Pts',(56.2358257166822,39.75325303872,-6.51516268281));
#1478=CARTESIAN_POINT('Ctrl Pts',(57.0799340072658,40.0726425226645,-6.55488928453445));
#1479=CARTESIAN_POINT('Ctrl Pts',(57.9240422978495,40.3920320066091,-6.5946158862589));
#1480=CARTESIAN_POINT('Ctrl Pts',(58.8495713068444,40.4962362484243,-6.63434248798336));
#1481=CARTESIAN_POINT('Ctrl Pts',(59.7435663545493,40.3725378112244,-6.67406908970781));
#1482=CARTESIAN_POINT('Ctrl Pts',(60.6375614022542,40.2488393740245,-6.71379569143226));
#1483=CARTESIAN_POINT('Ctrl Pts',(61.500022488669,39.8972382578096,-6.75352229315671));
#1484=CARTESIAN_POINT('Ctrl Pts',(62.225691955931,39.3606450478542,-6.79324889488116));
#1485=CARTESIAN_POINT('Ctrl Pts',(62.951361423193,38.8240518378989,-6.83297549660561));
#1486=CARTESIAN_POINT('Ctrl Pts',(63.5402392713022,38.1024665342032,-6.87270209833006));
#1487=CARTESIAN_POINT('Ctrl Pts',(63.9204568628957,37.2839538392929,-6.91242870005452));
#1488=CARTESIAN_POINT('Ctrl Pts',(64.3006744544892,36.4654411443826,-6.95215530177897));
#1489=CARTESIAN_POINT('Ctrl Pts',(64.472231789567,35.5500010582576,-6.99188190350342));
#1490=CARTESIAN_POINT('Ctrl Pts',(64.4141914327318,34.6493569744682,-7.03160850522787));
#1491=CARTESIAN_POINT('Ctrl Pts',(64.3561510758965,33.7487128906787,-7.07133510695232));
#1492=CARTESIAN_POINT('Ctrl Pts',(64.0685130271483,32.8628648092248,-7.11106170867677));
#1493=CARTESIAN_POINT('Ctrl Pts',(63.5863816034242,32.0999246156681,-7.15078831040123));
#1494=CARTESIAN_POINT('Ctrl Pts',(63.1042501797,31.3369844221114,-7.19051491212568));
#1495=CARTESIAN_POINT('Ctrl Pts',(62.4276253810001,30.6969521164521,-7.23024151385013));
#1496=CARTESIAN_POINT('Ctrl Pts',(61.6390847782834,30.2579393984657,-7.26996811557458));
#1497=CARTESIAN_POINT('Ctrl Pts',(60.8505441755668,29.8189266804793,-7.30969471729903));
#1498=CARTESIAN_POINT('Ctrl Pts',(59.9500877688335,29.5809335501659,-7.34942131902348));
#1499=CARTESIAN_POINT('Ctrl Pts',(59.0476102928991,29.5730054912913,-7.38914792074793));
#1500=CARTESIAN_POINT('Ctrl Pts',(58.1451328169646,29.5650774324167,-7.42887452247238));
#1501=CARTESIAN_POINT('Ctrl Pts',(57.2406342718291,29.7872144449809,-7.46860112419683));
#1502=CARTESIAN_POINT('Ctrl Pts',(56.4445027085022,30.2123061792704,-7.50832772592128));
#1503=CARTESIAN_POINT('Ctrl Pts',(55.6483711451754,30.6373979135599,-7.54805432764574));
#1504=CARTESIAN_POINT('Ctrl Pts',(54.9606065636572,31.2654443695745,-7.58778092937019));
#1505=CARTESIAN_POINT('Ctrl Pts',(54.4651460715482,32.019796641027,-7.62750753109464));
#1506=CARTESIAN_POINT('Ctrl Pts',(53.9696855794391,32.7741489124796,-7.66723413281909));
#1507=CARTESIAN_POINT('Ctrl Pts',(53.6665291767392,33.65480699937,-7.70696073454354));
#1508=CARTESIAN_POINT('Ctrl Pts',(53.5926750926055,34.5542924205655,-7.74668733626799));
#1509=CARTESIAN_POINT('Ctrl Pts',(53.5805554302134,34.7019005015459,-7.75320658305759));
#1510=CARTESIAN_POINT('Ctrl Pts',(53.5746108175138,34.8500155975692,-7.75972582984719));
#1511=CARTESIAN_POINT('Ctrl Pts',(53.5747574151374,34.998142426315,-7.76624507663678));
#1512=CARTESIAN_POINT('Origin',(58.9999506004051,34.9982677990172,0.));
#1513=CARTESIAN_POINT('',(53.5750969345441,34.9984040189244,-9.48375492336321));
#1514=CARTESIAN_POINT('',(53.5750009812352,34.998409109209,-9.26624507663678));
#1515=CARTESIAN_POINT('',(53.5749506004051,34.9982677990172,0.));
#1516=CARTESIAN_POINT('Ctrl Pts',(53.5750969345441,34.9984040189244,-9.48375492336321));
#1517=CARTESIAN_POINT('Ctrl Pts',(53.5757070961699,34.3529545098525,-9.45535300119293));
#1518=CARTESIAN_POINT('Ctrl Pts',(53.6909527955356,33.7072929391754,-9.42695107902265));
#1519=CARTESIAN_POINT('Ctrl Pts',(53.916385646942,33.1027177446831,-9.39854915685237));
#1520=CARTESIAN_POINT('Ctrl Pts',(54.2317051893919,32.2570806846249,-9.35882255512792));
#1521=CARTESIAN_POINT('Ctrl Pts',(54.7625996972249,31.4918268086286,-9.31909595340347));
#1522=CARTESIAN_POINT('Ctrl Pts',(55.444277015355,30.9003502789661,-9.27936935167902));
#1523=CARTESIAN_POINT('Ctrl Pts',(56.1259543334852,30.3088737493036,-9.23964274995457));
#1524=CARTESIAN_POINT('Ctrl Pts',(56.9584144619125,29.8911745659748,-9.19991614823012));
#1525=CARTESIAN_POINT('Ctrl Pts',(57.8400611608035,29.6982301451448,-9.16018954650567));
#1526=CARTESIAN_POINT('Ctrl Pts',(58.7217078596944,29.5052857243149,-9.12046294478122));
#1527=CARTESIAN_POINT('Ctrl Pts',(59.6525411290491,29.5370960659838,-9.08073634305676));
#1528=CARTESIAN_POINT('Ctrl Pts',(60.5189589393542,29.7897789288393,-9.04100974133231));
#1529=CARTESIAN_POINT('Ctrl Pts',(61.3853767496593,30.0424617916947,-9.00128313960786));
#1530=CARTESIAN_POINT('Ctrl Pts',(62.1873791009149,30.5160171757368,-8.96155653788341));
#1531=CARTESIAN_POINT('Ctrl Pts',(62.8270869230697,31.1526507858052,-8.92182993615896));
#1532=CARTESIAN_POINT('Ctrl Pts',(63.4667947452246,31.7892843958736,-8.88210333443451));
#1533=CARTESIAN_POINT('Ctrl Pts',(63.9442080382787,32.5889962319682,-8.84237673271005));
#1534=CARTESIAN_POINT('Ctrl Pts',(64.2010616748531,33.4541867662283,-8.8026501309856));
#1535=CARTESIAN_POINT('Ctrl Pts',(64.4579153114276,34.3193773004884,-8.76292352926115));
#1536=CARTESIAN_POINT('Ctrl Pts',(64.4942092915223,35.2500465329139,-8.7231969275367));
#1537=CARTESIAN_POINT('Ctrl Pts',(64.3055141754797,36.1326124536113,-8.68347032581225));
#1538=CARTESIAN_POINT('Ctrl Pts',(64.1168190594371,37.0151783743087,-8.6437437240878));
#1539=CARTESIAN_POINT('Ctrl Pts',(63.7031348472573,37.8496409832779,-8.60401712236335));
#1540=CARTESIAN_POINT('Ctrl Pts',(63.1149489544939,38.5341596512111,-8.5642905206389));
#1541=CARTESIAN_POINT('Ctrl Pts',(62.5267630617306,39.2186783191442,-8.52456391891444));
#1542=CARTESIAN_POINT('Ctrl Pts',(61.7640754883838,39.7532530460412,-8.48483731718999));
#1543=CARTESIAN_POINT('Ctrl Pts',(60.9199671965004,40.0726425304775,-8.44511071546554));
#1544=CARTESIAN_POINT('Ctrl Pts',(60.0758589046171,40.3920320149139,-8.40538411374109));
#1545=CARTESIAN_POINT('Ctrl Pts',(59.1503298941971,40.4962362568895,-8.36565751201664));
#1546=CARTESIAN_POINT('Ctrl Pts',(58.2563348451158,40.3725378194991,-8.32593091029219));
#1547=CARTESIAN_POINT('Ctrl Pts',(57.3623397960345,40.2488393821088,-8.28620430856773));
#1548=CARTESIAN_POINT('Ctrl Pts',(56.4998787082918,39.8972382653524,-8.24647770684328));
#1549=CARTESIAN_POINT('Ctrl Pts',(55.7742092399124,39.3606450545709,-8.20675110511883));
#1550=CARTESIAN_POINT('Ctrl Pts',(55.0485397715331,38.8240518437893,-8.16702450339438));
#1551=CARTESIAN_POINT('Ctrl Pts',(54.4596619225172,38.1024665389826,-8.12729790166993));
#1552=CARTESIAN_POINT('Ctrl Pts',(54.0794443303383,37.283953842812,-8.08757129994548));
#1553=CARTESIAN_POINT('Ctrl Pts',(53.7482404600565,36.5709553429452,-8.05296584108472));
#1554=CARTESIAN_POINT('Ctrl Pts',(53.5753676534217,35.7844084960966,-8.01836038222396));
#1555=CARTESIAN_POINT('Ctrl Pts',(53.5746651769352,34.9981604467919,-7.98375492336321));
#1556=CARTESIAN_POINT('Ctrl Pts',(53.5747574151374,34.998142426315,-7.76624507663678));
#1557=CARTESIAN_POINT('Ctrl Pts',(53.5755041454694,35.7526621333132,-7.79945243157163));
#1558=CARTESIAN_POINT('Ctrl Pts',(53.7342946237041,36.5074862598474,-7.83265978650649));
#1559=CARTESIAN_POINT('Ctrl Pts',(54.0400483694434,37.1971567032646,-7.86586714144135));
#1560=CARTESIAN_POINT('Ctrl Pts',(54.4058274959825,38.0222228092675,-7.9055937431658));
#1561=CARTESIAN_POINT('Ctrl Pts',(54.9819375146281,38.7540422657727,-7.94532034489025));
#1562=CARTESIAN_POINT('Ctrl Pts',(55.6980680169583,39.3033013597518,-7.9850469466147));
#1563=CARTESIAN_POINT('Ctrl Pts',(56.4141985192885,39.852560453731,-8.02477354833915));
#1564=CARTESIAN_POINT('Ctrl Pts',(57.2703495053032,40.2192591851842,-8.06450015006361));
#1565=CARTESIAN_POINT('Ctrl Pts',(58.1620334230605,40.3586444049874,-8.10422675178806));
#1566=CARTESIAN_POINT('Ctrl Pts',(59.0537173408177,40.4980296247905,-8.14395335351251));
#1567=CARTESIAN_POINT('Ctrl Pts',(59.9809341903175,40.4101013329436,-8.18367995523696));
#1568=CARTESIAN_POINT('Ctrl Pts',(60.8305233021145,40.105590594541,-8.22340655696141));
#1569=CARTESIAN_POINT('Ctrl Pts',(61.6801124139115,39.8010798561385,-8.26313315868586));
#1570=CARTESIAN_POINT('Ctrl Pts',(62.4520737880058,39.2799866711803,-8.30285976041031));
#1571=CARTESIAN_POINT('Ctrl Pts',(63.0521946564504,38.605907008274,-8.34258636213476));
#1572=CARTESIAN_POINT('Ctrl Pts',(63.6523155248949,37.9318273453677,-8.38231296385922));
#1573=CARTESIAN_POINT('Ctrl Pts',(64.0805958876898,37.1047612045134,-8.42203956558367));
#1574=CARTESIAN_POINT('Ctrl Pts',(64.2847669658647,36.2256465251208,-8.46176616730811));
#1575=CARTESIAN_POINT('Ctrl Pts',(64.4889380440395,35.3465318457283,-8.50149276903257));
#1576=CARTESIAN_POINT('Ctrl Pts',(64.4689998375942,34.4153686277976,-8.54121937075702));
#1577=CARTESIAN_POINT('Ctrl Pts',(64.2273856724441,33.5457991688782,-8.58094597248147));
#1578=CARTESIAN_POINT('Ctrl Pts',(63.9857715072939,32.6762297099589,-8.62067257420592));
#1579=CARTESIAN_POINT('Ctrl Pts',(63.5224813834388,31.8682540100509,-8.66039917593037));
#1580=CARTESIAN_POINT('Ctrl Pts',(62.8940567890875,31.2204801468078,-8.70012577765483));
#1581=CARTESIAN_POINT('Ctrl Pts',(62.2656321947362,30.5727062835647,-8.73985237937928));
#1582=CARTESIAN_POINT('Ctrl Pts',(61.4720731298886,30.0851342569865,-8.77957898110373));
#1583=CARTESIAN_POINT('Ctrl Pts',(60.610228217465,29.8172690005309,-8.81930558282818));
#1584=CARTESIAN_POINT('Ctrl Pts',(59.7483833050414,29.5494037440753,-8.85903218455263));
#1585=CARTESIAN_POINT('Ctrl Pts',(58.8182525450417,29.5012452577423,-8.89875878627708));
#1586=CARTESIAN_POINT('Ctrl Pts',(57.9333522303699,29.6786709655195,-8.93848538800153));
#1587=CARTESIAN_POINT('Ctrl Pts',(57.0484519156981,29.8560966732967,-8.97821198972598));
#1588=CARTESIAN_POINT('Ctrl Pts',(56.2087820463541,30.259106575184,-9.01793859145044));
#1589=CARTESIAN_POINT('Ctrl Pts',(55.5168187632528,30.838515984433,-9.05766519317489));
#1590=CARTESIAN_POINT('Ctrl Pts',(54.8248554801515,31.4179253936819,-9.09739179489934));
#1591=CARTESIAN_POINT('Ctrl Pts',(54.280598783293,32.1737343102925,-9.13711839662379));
#1592=CARTESIAN_POINT('Ctrl Pts',(53.9504715943484,33.0137012666699,-9.17684499834824));
#1593=CARTESIAN_POINT('Ctrl Pts',(53.7028340311396,33.6437837840118,-9.20664502444442));
#1594=CARTESIAN_POINT('Ctrl Pts',(53.5756853500064,34.3212213260206,-9.2364450505406));
#1595=CARTESIAN_POINT('Ctrl Pts',(53.5750009812352,34.998409109209,-9.26624507663678));
#1596=CARTESIAN_POINT('Origin',(58.9999506004051,34.9982677990172,0.));
#1597=CARTESIAN_POINT('',(53.5751378310548,34.9981359688137,-10.9837549233632));
#1598=CARTESIAN_POINT('',(53.5752210239755,34.9981499588262,-10.7662450766368));
#1599=CARTESIAN_POINT('',(53.5749506004051,34.9982677990172,0.));
#1600=CARTESIAN_POINT('Ctrl Pts',(53.5751378310548,34.9981359688137,-10.9837549233632));
#1601=CARTESIAN_POINT('Ctrl Pts',(53.574892173058,34.7264210597336,-10.9717988236108));
#1602=CARTESIAN_POINT('Ctrl Pts',(53.5949436909454,34.4547420801745,-10.9598427238584));
#1603=CARTESIAN_POINT('Ctrl Pts',(53.6355997689849,34.1861823342995,-10.947886624106));
#1604=CARTESIAN_POINT('Ctrl Pts',(53.7706879543797,33.29383731506,-10.9081600223815));
#1605=CARTESIAN_POINT('Ctrl Pts',(54.1332581834531,32.4359298013009,-10.8684334206571));
#1606=CARTESIAN_POINT('Ctrl Pts',(54.6790611634263,31.7171617175304,-10.8287068189326));
#1607=CARTESIAN_POINT('Ctrl Pts',(55.2248641433996,30.99839363376,-10.7889802172082));
#1608=CARTESIAN_POINT('Ctrl Pts',(55.9538998742726,30.4187649799781,-10.7492536154837));
#1609=CARTESIAN_POINT('Ctrl Pts',(56.7771943782758,30.0490155906983,-10.7095270137593));
#1610=CARTESIAN_POINT('Ctrl Pts',(57.6004888822791,29.6792662014184,-10.6698004120348));
#1611=CARTESIAN_POINT('Ctrl Pts',(58.5180421594124,29.5193960766405,-10.6300738103104));
#1612=CARTESIAN_POINT('Ctrl Pts',(59.4178729151728,29.5889163052258,-10.5903472085859));
#1613=CARTESIAN_POINT('Ctrl Pts',(60.317703670933,29.6584365338111,-10.5506206068615));
#1614=CARTESIAN_POINT('Ctrl Pts',(61.1998119053203,29.9573471157595,-10.510894005137));
#1615=CARTESIAN_POINT('Ctrl Pts',(61.9565421563137,30.4491679961887,-10.4711674034126));
#1616=CARTESIAN_POINT('Ctrl Pts',(62.7132724073071,30.940988876618,-10.4314408016881));
#1617=CARTESIAN_POINT('Ctrl Pts',(63.3446246749066,31.6257200555281,-10.3917141999637));
#1618=CARTESIAN_POINT('Ctrl Pts',(63.773546600437,32.4197946319969,-10.3519875982392));
#1619=CARTESIAN_POINT('Ctrl Pts',(64.2024685259674,33.2138692084656,-10.3122609965148));
#1620=CARTESIAN_POINT('Ctrl Pts',(64.4289601094287,34.1172871824931,-10.2725343947903));
#1621=CARTESIAN_POINT('Ctrl Pts',(64.425379554598,35.0197923796093,-10.2328077930658));
#1622=CARTESIAN_POINT('Ctrl Pts',(64.4217989997674,35.9222975767256,-10.1930811913414));
#1623=CARTESIAN_POINT('Ctrl Pts',(64.1881463066449,36.8238899969307,-10.1533545896169));
#1624=CARTESIAN_POINT('Ctrl Pts',(63.7529372374125,37.6145362624961,-10.1136279878925));
#1625=CARTESIAN_POINT('Ctrl Pts',(63.31772816818,38.4051825280616,-10.073901386168));
#1626=CARTESIAN_POINT('Ctrl Pts',(62.6809627228376,39.0848826389874,-10.0341747844436));
#1627=CARTESIAN_POINT('Ctrl Pts',(61.9203539025171,39.5706837028451,-9.99444818271914));
#1628=CARTESIAN_POINT('Ctrl Pts',(61.1597450821965,40.0564847667029,-9.95472158099468));
#1629=CARTESIAN_POINT('Ctrl Pts',(60.2752928868978,40.3483867834925,-9.91499497927023));
#1630=CARTESIAN_POINT('Ctrl Pts',(59.3749388435316,40.4107650472458,-9.87526837754579));
#1631=CARTESIAN_POINT('Ctrl Pts',(58.4745848001653,40.473143310999,-9.83554177582134));
#1632=CARTESIAN_POINT('Ctrl Pts',(57.5583289087317,40.3059978217158,-9.79581517409688));
#1633=CARTESIAN_POINT('Ctrl Pts',(56.7379941264101,39.9297275782628,-9.75608857237243));
#1634=CARTESIAN_POINT('Ctrl Pts',(55.9176593440886,39.5534573348098,-9.71636197064798));
#1635=CARTESIAN_POINT('Ctrl Pts',(55.1932456708791,38.968062337187,-9.67663536892353));
#1636=CARTESIAN_POINT('Ctrl Pts',(54.6531629930559,38.2449861639451,-9.63690876719908));
#1637=CARTESIAN_POINT('Ctrl Pts',(54.1130803152326,37.5219099907033,-9.59718216547463));
#1638=CARTESIAN_POINT('Ctrl Pts',(53.7573286327956,36.6611526418425,-9.55745556375017));
#1639=CARTESIAN_POINT('Ctrl Pts',(53.6293250801105,35.7677638453519,-9.51772896202572));
#1640=CARTESIAN_POINT('Ctrl Pts',(53.5928356963467,35.5130896120078,-9.50640428247155));
#1641=CARTESIAN_POINT('Ctrl Pts',(53.5748536452044,35.2557636727821,-9.49507960291738));
#1642=CARTESIAN_POINT('Ctrl Pts',(53.5750969345441,34.9984040189244,-9.48375492336321));
#1643=CARTESIAN_POINT('Ctrl Pts',(53.5750009812352,34.998409109209,-9.26624507663678));
#1644=CARTESIAN_POINT('Ctrl Pts',(53.5747730137045,35.2239846077896,-9.27617165226505));
#1645=CARTESIAN_POINT('Ctrl Pts',(53.5885774996039,35.4495323931841,-9.28609822789332));
#1646=CARTESIAN_POINT('Ctrl Pts',(53.6166352992131,35.6732929258623,-9.29602480352159));
#1647=CARTESIAN_POINT('Ctrl Pts',(53.728923874053,36.5687926325328,-9.33575140524604));
#1648=CARTESIAN_POINT('Ctrl Pts',(54.0694987047635,37.4356670497293,-9.3754780069705));
#1649=CARTESIAN_POINT('Ctrl Pts',(54.5967948911164,38.1681199018257,-9.41520460869495));
#1650=CARTESIAN_POINT('Ctrl Pts',(55.1240910774693,38.9005727539222,-9.4549312104194));
#1651=CARTESIAN_POINT('Ctrl Pts',(55.8381086194646,39.4986040409185,-9.49465781214385));
#1652=CARTESIAN_POINT('Ctrl Pts',(56.6517064097211,39.8892280089187,-9.5343844138683));
#1653=CARTESIAN_POINT('Ctrl Pts',(57.4653041999776,40.279851976919,-9.57411101559275));
#1654=CARTESIAN_POINT('Ctrl Pts',(58.3784822384953,40.4630686259232,-9.61383761731721));
#1655=CARTESIAN_POINT('Ctrl Pts',(59.2797931996382,40.4165175785655,-9.65356421904166));
#1656=CARTESIAN_POINT('Ctrl Pts',(60.1811041607812,40.3699665312078,-9.69329082076611));
#1657=CARTESIAN_POINT('Ctrl Pts',(61.0705480445493,40.0936477874882,-9.73301742249055));
#1658=CARTESIAN_POINT('Ctrl Pts',(61.839574121547,39.621284218207,-9.77274402421501));
#1659=CARTESIAN_POINT('Ctrl Pts',(62.6086001985447,39.1489206489258,-9.81247062593946));
#1660=CARTESIAN_POINT('Ctrl Pts',(63.2572084687719,38.480512254083,-9.85219722766391));
#1661=CARTESIAN_POINT('Ctrl Pts',(63.7062405928323,37.6976338470182,-9.89192382938837));
#1662=CARTESIAN_POINT('Ctrl Pts',(64.1552727168927,36.9147554399534,-9.93165043111282));
#1663=CARTESIAN_POINT('Ctrl Pts',(64.4047286947863,36.0174070206666,-9.97137703283727));
#1664=CARTESIAN_POINT('Ctrl Pts',(64.4241640781937,35.11510401471,-10.0111036345617));
#1665=CARTESIAN_POINT('Ctrl Pts',(64.4435994616011,34.2128010087534,-10.0508302362862));
#1666=CARTESIAN_POINT('Ctrl Pts',(64.2330142505221,33.3055434161271,-10.0905568380106));
#1667=CARTESIAN_POINT('Ctrl Pts',(63.8181089738827,32.5040560112958,-10.1302834397351));
#1668=CARTESIAN_POINT('Ctrl Pts',(63.4032036972432,31.7025686064644,-10.1700100414595));
#1669=CARTESIAN_POINT('Ctrl Pts',(62.7839783550431,31.0068513894282,-10.209736643184));
#1670=CARTESIAN_POINT('Ctrl Pts',(62.0360052951088,30.50181203423,-10.2494632449084));
#1671=CARTESIAN_POINT('Ctrl Pts',(61.2880322351745,29.9967726790318,-10.2891898466329));
#1672=CARTESIAN_POINT('Ctrl Pts',(60.411311457506,29.6824111856716,-10.3289164483573));
#1673=CARTESIAN_POINT('Ctrl Pts',(59.512840920748,29.5970932903368,-10.3686430500818));
#1674=CARTESIAN_POINT('Ctrl Pts',(58.61437038399,29.511775395002,-10.4083696518062));
#1675=CARTESIAN_POINT('Ctrl Pts',(57.6941500881427,29.6555010976927,-10.4480962535307));
#1676=CARTESIAN_POINT('Ctrl Pts',(56.8644868196619,30.010729629233,-10.4878228552551));
#1677=CARTESIAN_POINT('Ctrl Pts',(56.0348235511811,30.3659581607733,-10.5275494569796));
#1678=CARTESIAN_POINT('Ctrl Pts',(55.2957173100669,30.9326895211633,-10.567276058704));
#1679=CARTESIAN_POINT('Ctrl Pts',(54.737371113101,31.6417579050447,-10.6070026604285));
#1680=CARTESIAN_POINT('Ctrl Pts',(54.1790249161351,32.3508262889262,-10.6467292621529));
#1681=CARTESIAN_POINT('Ctrl Pts',(53.8014387633175,33.202231696299,-10.6864558638774));
#1682=CARTESIAN_POINT('Ctrl Pts',(53.6506945413709,34.0920657416335,-10.7261824656018));
#1683=CARTESIAN_POINT('Ctrl Pts',(53.6000214670121,34.391185841654,-10.7395366692802));
#1684=CARTESIAN_POINT('Ctrl Pts',(53.5749812189276,34.6946483249238,-10.7528908729585));
#1685=CARTESIAN_POINT('Ctrl Pts',(53.5752210239755,34.9981499588262,-10.7662450766368));
#1686=CARTESIAN_POINT('Origin',(58.9999506004051,34.9982677990172,0.));
#1687=CARTESIAN_POINT('',(53.5746272116994,34.9983650201477,-12.4837549233632));
#1688=CARTESIAN_POINT('',(53.5745547729779,34.9983387224757,-12.2662450766368));
#1689=CARTESIAN_POINT('',(53.5749506004051,34.9982677990172,0.));
#1690=CARTESIAN_POINT('Ctrl Pts',(53.5746272116994,34.9983650201477,-12.4837549233632));
#1691=CARTESIAN_POINT('Ctrl Pts',(53.5752925131461,34.1977870988895,-12.4485180443042));
#1692=CARTESIAN_POINT('Ctrl Pts',(53.7547381233172,33.3969208597643,-12.4132811652452));
#1693=CARTESIAN_POINT('Ctrl Pts',(54.0977351760287,32.6736115712108,-12.3780442861862));
#1694=CARTESIAN_POINT('Ctrl Pts',(54.484435351232,31.8581415069679,-12.3383176844618));
#1695=CARTESIAN_POINT('Ctrl Pts',(55.0790201369435,31.14125141372,-12.2985910827373));
#1696=CARTESIAN_POINT('Ctrl Pts',(55.808924401919,30.6104329747333,-12.2588644810129));
#1697=CARTESIAN_POINT('Ctrl Pts',(56.5388286668945,30.0796145357467,-12.2191378792884));
#1698=CARTESIAN_POINT('Ctrl Pts',(57.404052411134,29.7348677510212,-12.179411277564));
#1699=CARTESIAN_POINT('Ctrl Pts',(58.2990008126936,29.6182666800914,-12.1396846758395));
#1700=CARTESIAN_POINT('Ctrl Pts',(59.1939492142532,29.5016656091615,-12.0999580741151));
#1701=CARTESIAN_POINT('Ctrl Pts',(60.1186222731328,29.6132102520272,-12.0602314723906));
#1702=CARTESIAN_POINT('Ctrl Pts',(60.9601697726725,29.9392873245293,-12.0205048706661));
#1703=CARTESIAN_POINT('Ctrl Pts',(61.8017172722121,30.2653643970314,-11.9807782689417));
#1704=CARTESIAN_POINT('Ctrl Pts',(62.5601392124118,30.8059738991699,-11.9410516672172));
#1705=CARTESIAN_POINT('Ctrl Pts',(63.142875223469,31.4951380252045,-11.9013250654928));
#1706=CARTESIAN_POINT('Ctrl Pts',(63.7256112345262,32.1843021512392,-11.8615984637683));
#1707=CARTESIAN_POINT('Ctrl Pts',(64.1326613164409,33.0220209011699,-11.8218718620439));
#1708=CARTESIAN_POINT('Ctrl Pts',(64.3143477052777,33.9060562552738,-11.7821452603194));
#1709=CARTESIAN_POINT('Ctrl Pts',(64.4960340941145,34.7900916093777,-11.742418658595));
#1710=CARTESIAN_POINT('Ctrl Pts',(64.4523567898734,35.7204435676547,-11.7026920568705));
#1711=CARTESIAN_POINT('Ctrl Pts',(64.1886463179755,36.5835688414165,-11.6629654551461));
#1712=CARTESIAN_POINT('Ctrl Pts',(63.9249358460776,37.4466941151783,-11.6232388534216));
#1713=CARTESIAN_POINT('Ctrl Pts',(63.4411922065229,38.2425927044248,-11.5835122516972));
#1714=CARTESIAN_POINT('Ctrl Pts',(62.7964531035136,38.8741304627936,-11.5437856499727));
#1715=CARTESIAN_POINT('Ctrl Pts',(62.1517140005042,39.5056682211623,-11.5040590482483));
#1716=CARTESIAN_POINT('Ctrl Pts',(61.3459794340403,39.9728451486532,-11.4643324465238));
#1717=CARTESIAN_POINT('Ctrl Pts',(60.477583966296,40.2186453984415,-11.4246058447994));
#1718=CARTESIAN_POINT('Ctrl Pts',(59.6091884985517,40.4644456482298,-11.3848792430749));
#1719=CARTESIAN_POINT('Ctrl Pts',(58.6781321295272,40.4888692203154,-11.3451526413505));
#1720=CARTESIAN_POINT('Ctrl Pts',(57.7980441165712,40.2889353796428,-11.305426039626));
#1721=CARTESIAN_POINT('Ctrl Pts',(56.9179561036153,40.0890015389703,-11.2656994379016));
#1722=CARTESIAN_POINT('Ctrl Pts',(56.0888364467281,39.6647102855396,-11.2259728361771));
#1723=CARTESIAN_POINT('Ctrl Pts',(55.4118737033372,39.0678435539692,-11.1862462344527));
#1724=CARTESIAN_POINT('Ctrl Pts',(54.7349109599464,38.4709768223988,-11.1465196327282));
#1725=CARTESIAN_POINT('Ctrl Pts',(54.210105130052,37.7015346126887,-11.1067930310038));
#1726=CARTESIAN_POINT('Ctrl Pts',(53.9015052859629,36.8534222454738,-11.0670664292793));
#1727=CARTESIAN_POINT('Ctrl Pts',(53.6857815087748,36.2605573855591,-11.0392959273073));
#1728=CARTESIAN_POINT('Ctrl Pts',(53.5757084223032,35.6292497579838,-11.0115254253353));
#1729=CARTESIAN_POINT('Ctrl Pts',(53.5751378310548,34.9981359688137,-10.9837549233632));
#1730=CARTESIAN_POINT('Ctrl Pts',(53.5752210239755,34.9981499588262,-10.7662450766368));
#1731=CARTESIAN_POINT('Ctrl Pts',(53.5756946002613,35.5975167267544,-10.7926174746829));
#1732=CARTESIAN_POINT('Ctrl Pts',(53.6747600762613,36.197036181674,-10.8189898727291));
#1733=CARTESIAN_POINT('Ctrl Pts',(53.8697004472641,36.7635654849947,-10.8453622707752));
#1734=CARTESIAN_POINT('Ctrl Pts',(54.1633528661794,37.6169684997255,-10.8850888724996));
#1735=CARTESIAN_POINT('Ctrl Pts',(54.6745599950856,38.3955118458912,-10.9248154742241));
#1736=CARTESIAN_POINT('Ctrl Pts',(55.340932392976,39.0041794694891,-10.9645420759485));
#1737=CARTESIAN_POINT('Ctrl Pts',(56.0073047908664,39.612847093087,-11.004268677673));
#1738=CARTESIAN_POINT('Ctrl Pts',(56.828842457741,40.0516389941171,-11.0439952793974));
#1739=CARTESIAN_POINT('Ctrl Pts',(57.7052821677879,40.2670035300542,-11.0837218811219));
#1740=CARTESIAN_POINT('Ctrl Pts',(58.5817218778348,40.4823680659913,-11.1234484828463));
#1741=CARTESIAN_POINT('Ctrl Pts',(59.513063631054,40.4743052368353,-11.1631750845708));
#1742=CARTESIAN_POINT('Ctrl Pts',(60.3856433408475,40.243799057432,-11.2029016862952));
#1743=CARTESIAN_POINT('Ctrl Pts',(61.258223050641,40.0132928780286,-11.2426282880197));
#1744=CARTESIAN_POINT('Ctrl Pts',(62.072040717009,39.5603433483777,-11.2823548897442));
#1745=CARTESIAN_POINT('Ctrl Pts',(62.7277752890209,38.9402299557188,-11.3220814914686));
#1746=CARTESIAN_POINT('Ctrl Pts',(63.3835098610328,38.32011656306,-11.3618080931931));
#1747=CARTESIAN_POINT('Ctrl Pts',(63.8811613386888,37.5328393073932,-11.4015346949175));
#1748=CARTESIAN_POINT('Ctrl Pts',(64.1599946583493,36.6744801584739,-11.441261296642));
#1749=CARTESIAN_POINT('Ctrl Pts',(64.4388279780099,35.8161210095545,-11.4809878983664));
#1750=CARTESIAN_POINT('Ctrl Pts',(64.498843139675,34.8866799673825,-11.5207145000909));
#1751=CARTESIAN_POINT('Ctrl Pts',(64.3327156907374,33.9995891493735,-11.5604411018153));
#1752=CARTESIAN_POINT('Ctrl Pts',(64.1665882417997,33.1124983313644,-11.6001677035398));
#1753=CARTESIAN_POINT('Ctrl Pts',(63.7743181822593,32.2677577375182,-11.6398943052642));
#1754=CARTESIAN_POINT('Ctrl Pts',(63.2037794723066,31.5684623570587,-11.6796209069887));
#1755=CARTESIAN_POINT('Ctrl Pts',(62.6332407623539,30.8691669765992,-11.7193475087131));
#1756=CARTESIAN_POINT('Ctrl Pts',(61.884433401989,30.3153168095263,-11.7590741104376));
#1757=CARTESIAN_POINT('Ctrl Pts',(61.0487443652839,29.9745055969505,-11.798800712162));
#1758=CARTESIAN_POINT('Ctrl Pts',(60.2130553285788,29.6336943843746,-11.8385273138865));
#1759=CARTESIAN_POINT('Ctrl Pts',(59.2904846155335,29.5059221262958,-11.8782539156109));
#1760=CARTESIAN_POINT('Ctrl Pts',(58.3936258654409,29.6067825797394,-11.9179805173354));
#1761=CARTESIAN_POINT('Ctrl Pts',(57.4967671153483,29.7076430331829,-11.9577071190598));
#1762=CARTESIAN_POINT('Ctrl Pts',(56.6256203282084,30.0371361981487,-11.9974337207843));
#1763=CARTESIAN_POINT('Ctrl Pts',(55.8865031940749,30.555049618246,-12.0371603225087));
#1764=CARTESIAN_POINT('Ctrl Pts',(55.1473860599415,31.0729630383432,-12.0768869242332));
#1765=CARTESIAN_POINT('Ctrl Pts',(54.5402985788146,31.7792967135719,-12.1166135259576));
#1766=CARTESIAN_POINT('Ctrl Pts',(54.1393317530452,32.5878473015497,-12.1563401276821));
#1767=CARTESIAN_POINT('Ctrl Pts',(53.7695691204029,33.3334745575242,-12.192975110667));
#1768=CARTESIAN_POINT('Ctrl Pts',(53.575093875993,34.1660282578083,-12.2296100936519));
#1769=CARTESIAN_POINT('Ctrl Pts',(53.5745547729779,34.9983387224757,-12.2662450766368));
#1770=CARTESIAN_POINT('Origin',(58.9999506004051,34.9982677990172,0.));
#1771=CARTESIAN_POINT('',(53.5754069259671,34.9982453435659,-13.9837549233632));
#1772=CARTESIAN_POINT('',(53.5754118131165,34.9982747241319,-13.7662450766368));
#1773=CARTESIAN_POINT('',(53.5749506004051,34.9982677990172,0.));
#1774=CARTESIAN_POINT('Ctrl Pts',(53.5754069259671,34.9982453435659,-13.9837549233632));
#1775=CARTESIAN_POINT('Ctrl Pts',(53.5753446617547,34.5711380620417,-13.9649638667221));
#1776=CARTESIAN_POINT('Ctrl Pts',(53.6251680584935,34.1440450039844,-13.946172810081));
#1777=CARTESIAN_POINT('Ctrl Pts',(53.7250392609865,33.7289947727551,-13.9273817534398));
#1778=CARTESIAN_POINT('Ctrl Pts',(53.9361792495967,32.8515276059757,-13.8876551517154));
#1779=CARTESIAN_POINT('Ctrl Pts',(54.3710086724193,32.0278860381191,-13.8479285499909));
#1780=CARTESIAN_POINT('Ctrl Pts',(54.9764592189788,31.3585893809666,-13.8082019482665));
#1781=CARTESIAN_POINT('Ctrl Pts',(55.5819097655384,30.6892927238141,-13.768475346542));
#1782=CARTESIAN_POINT('Ctrl Pts',(56.357981435835,30.1743409773657,-13.7287487448176));
#1783=CARTESIAN_POINT('Ctrl Pts',(57.2099599532611,29.8765809151186,-13.6890221430931));
#1784=CARTESIAN_POINT('Ctrl Pts',(58.0619384706873,29.5788208528715,-13.6492955413687));
#1785=CARTESIAN_POINT('Ctrl Pts',(58.9898238352431,29.4982524748257,-13.6095689396442));
#1786=CARTESIAN_POINT('Ctrl Pts',(59.8803737293392,29.644708460662,-13.5698423379198));
#1787=CARTESIAN_POINT('Ctrl Pts',(60.7709236234352,29.7911644464983,-13.5301157361953));
#1788=CARTESIAN_POINT('Ctrl Pts',(61.6241380470714,30.1646447962167,-13.4903891344708));
#1789=CARTESIAN_POINT('Ctrl Pts',(62.3358878652061,30.7195687843191,-13.4506625327464));
#1790=CARTESIAN_POINT('Ctrl Pts',(63.0476376833408,31.2744927724215,-13.4109359310219));
#1791=CARTESIAN_POINT('Ctrl Pts',(63.617922895974,32.0108603989079,-13.3712093292975));
#1792=CARTESIAN_POINT('Ctrl Pts',(63.9771439597649,32.838802840697,-13.331482727573));
#1793=CARTESIAN_POINT('Ctrl Pts',(64.3363650235558,33.6667452824861,-13.2917561258486));
#1794=CARTESIAN_POINT('Ctrl Pts',(64.4845219385045,34.5862625395779,-13.2520295241241));
#1795=CARTESIAN_POINT('Ctrl Pts',(64.4035331420122,35.4851336440319,-13.2123029223997));
#1796=CARTESIAN_POINT('Ctrl Pts',(64.3225443455198,36.3840047484859,-13.1725763206752));
#1797=CARTESIAN_POINT('Ctrl Pts',(64.0124098375864,37.2622297003022,-13.1328497189508));
#1798=CARTESIAN_POINT('Ctrl Pts',(63.5109794756585,38.0126269580567,-13.0931231172263));
#1799=CARTESIAN_POINT('Ctrl Pts',(63.0095491137305,38.7630242158112,-13.0533965155019));
#1800=CARTESIAN_POINT('Ctrl Pts',(62.316822897808,39.385593779504,-13.0136699137774));
#1801=CARTESIAN_POINT('Ctrl Pts',(61.5173434716083,39.8043551652258,-12.973943312053));
#1802=CARTESIAN_POINT('Ctrl Pts',(60.7178640454085,40.2231165509476,-12.9342167103285));
#1803=CARTESIAN_POINT('Ctrl Pts',(59.8116314089316,40.4380697586983,-12.8944901086041));
#1804=CARTESIAN_POINT('Ctrl Pts',(58.9092452468048,40.4229811726075,-12.8547635068796));
#1805=CARTESIAN_POINT('Ctrl Pts',(58.006859084678,40.4078925865167,-12.8150369051552));
#1806=CARTESIAN_POINT('Ctrl Pts',(57.1083193969013,40.1627622065845,-12.7753103034307));
#1807=CARTESIAN_POINT('Ctrl Pts',(56.3232869958009,39.7175065714915,-12.7355837017063));
#1808=CARTESIAN_POINT('Ctrl Pts',(55.5382545947005,39.2722509363984,-12.6958570999818));
#1809=CARTESIAN_POINT('Ctrl Pts',(54.8667294802763,38.6268700461446,-12.6561304982574));
#1810=CARTESIAN_POINT('Ctrl Pts',(54.3906668406615,37.8601283593575,-12.6164038965329));
#1811=CARTESIAN_POINT('Ctrl Pts',(53.9146042010466,37.0933866725704,-12.5766772948085));
#1812=CARTESIAN_POINT('Ctrl Pts',(53.634004036241,36.2052841892499,-12.536950693084));
#1813=CARTESIAN_POINT('Ctrl Pts',(53.5831117361857,35.3042079299707,-12.4972240913596));
#1814=CARTESIAN_POINT('Ctrl Pts',(53.5773601162853,35.202372325389,-12.4927343686941));
#1815=CARTESIAN_POINT('Ctrl Pts',(53.5745424420187,35.1003710131448,-12.4882446460287));
#1816=CARTESIAN_POINT('Ctrl Pts',(53.5746272116994,34.9983650201477,-12.4837549233632));
#1817=CARTESIAN_POINT('Ctrl Pts',(53.5745547729779,34.9983387224757,-12.2662450766368));
#1818=CARTESIAN_POINT('Ctrl Pts',(53.5745092781844,35.0685772327747,-12.2693366953763));
#1819=CARTESIAN_POINT('Ctrl Pts',(53.57584492632,35.1388140108378,-12.2724283141159));
#1820=CARTESIAN_POINT('Ctrl Pts',(53.5785729251649,35.2089966682497,-12.2755199328554));
#1821=CARTESIAN_POINT('Ctrl Pts',(53.6136270934657,36.110827946245,-12.3152465345799));
#1822=CARTESIAN_POINT('Ctrl Pts',(53.8785816004789,37.0037230015086,-12.3549731363043));
#1823=CARTESIAN_POINT('Ctrl Pts',(54.341100505155,37.7787099120464,-12.3946997380288));
#1824=CARTESIAN_POINT('Ctrl Pts',(54.803619409831,38.5536968225843,-12.4344263397532));
#1825=CARTESIAN_POINT('Ctrl Pts',(55.4637027121699,39.2107755883962,-12.4741529414777));
#1826=CARTESIAN_POINT('Ctrl Pts',(56.2407916211794,39.6697541022498,-12.5138795432021));
#1827=CARTESIAN_POINT('Ctrl Pts',(57.0178805301888,40.1287326161034,-12.5536061449266));
#1828=CARTESIAN_POINT('Ctrl Pts',(57.9119750458688,40.3896108779987,-12.593332746651));
#1829=CARTESIAN_POINT('Ctrl Pts',(58.8139568600329,40.4205504255902,-12.6330593483755));
#1830=CARTESIAN_POINT('Ctrl Pts',(59.7159386741969,40.4514899731817,-12.6727859501));
#1831=CARTESIAN_POINT('Ctrl Pts',(60.625807786845,40.2524908064694,-12.7125125518244));
#1832=CARTESIAN_POINT('Ctrl Pts',(61.4325207048017,39.8478394544499,-12.7522391535489));
#1833=CARTESIAN_POINT('Ctrl Pts',(62.2392336227584,39.4431881024304,-12.7919657552733));
#1834=CARTESIAN_POINT('Ctrl Pts',(62.9427903460238,38.8328845651037,-12.8316923569978));
#1835=CARTESIAN_POINT('Ctrl Pts',(63.4573264408026,38.09141234321,-12.8714189587222));
#1836=CARTESIAN_POINT('Ctrl Pts',(63.9718625355814,37.3499401213163,-12.9111455604467));
#1837=CARTESIAN_POINT('Ctrl Pts',(64.2973780018737,36.4772992148556,-12.9508721621711));
#1838=CARTESIAN_POINT('Ctrl Pts',(64.3941458350196,35.5799896611331,-12.9905987638956));
#1839=CARTESIAN_POINT('Ctrl Pts',(64.4909136681655,34.6826801074107,-13.03032536562));
#1840=CARTESIAN_POINT('Ctrl Pts',(64.3589338681651,33.7607019064266,-13.0700519673445));
#1841=CARTESIAN_POINT('Ctrl Pts',(64.0143136946865,32.9265763855262,-13.1097785690689));
#1842=CARTESIAN_POINT('Ctrl Pts',(63.6696935212079,32.0924508646257,-13.1495051707934));
#1843=CARTESIAN_POINT('Ctrl Pts',(63.1124329742512,31.3461780238089,-13.1892317725178));
#1844=CARTESIAN_POINT('Ctrl Pts',(62.4105420090871,30.7788355153781,-13.2289583742423));
#1845=CARTESIAN_POINT('Ctrl Pts',(61.708651043923,30.2114930069472,-13.2686849759667));
#1846=CARTESIAN_POINT('Ctrl Pts',(60.8621296605516,29.8230808309024,-13.3084115776912));
#1847=CARTESIAN_POINT('Ctrl Pts',(59.9742901819506,29.6610021192918,-13.3481381794156));
#1848=CARTESIAN_POINT('Ctrl Pts',(59.0864507033496,29.4989234076812,-13.3878647811401));
#1849=CARTESIAN_POINT('Ctrl Pts',(58.157293129519,29.563178160505,-13.4275913828645));
#1850=CARTESIAN_POINT('Ctrl Pts',(57.3002149820292,29.8459245091551,-13.467317984589));
#1851=CARTESIAN_POINT('Ctrl Pts',(56.4431368345395,30.1286708578053,-13.5070445863134));
#1852=CARTESIAN_POINT('Ctrl Pts',(55.6581381133905,30.6299088022819,-13.5467711880379));
#1853=CARTESIAN_POINT('Ctrl Pts',(55.041022709167,31.2884655786289,-13.5864977897623));
#1854=CARTESIAN_POINT('Ctrl Pts',(54.4239073049434,31.9470223549759,-13.6262243914868));
#1855=CARTESIAN_POINT('Ctrl Pts',(53.9746752176453,32.7628979631934,-13.6659509932112));
#1856=CARTESIAN_POINT('Ctrl Pts',(53.7481522435222,33.6365201854729,-13.7056775949357));
#1857=CARTESIAN_POINT('Ctrl Pts',(53.633032688912,34.0804972324619,-13.7258667555027));
#1858=CARTESIAN_POINT('Ctrl Pts',(53.5754321810338,34.539388488149,-13.7460559160697));
#1859=CARTESIAN_POINT('Ctrl Pts',(53.5754118131165,34.9982747241319,-13.7662450766368));
#1860=CARTESIAN_POINT('Origin',(61.8867019463532,34.9982677990172,-15.));
#1861=CARTESIAN_POINT('',(61.8867019463532,34.9982677990172,-15.));
#1862=CARTESIAN_POINT('',(60.4433262733792,37.4982677990172,-15.));
#1863=CARTESIAN_POINT('',(61.5258580281097,35.6232677990172,-15.));
#1864=CARTESIAN_POINT('',(61.8867019463532,34.9982677990172,-10.));
#1865=CARTESIAN_POINT('',(61.8867019463532,34.9982677990172,-15.));
#1866=CARTESIAN_POINT('',(60.4433262733792,37.4982677990172,-10.));
#1867=CARTESIAN_POINT('',(60.4433262733792,37.4982677990172,-10.));
#1868=CARTESIAN_POINT('',(60.4433262733792,37.4982677990172,-15.));
#1869=CARTESIAN_POINT('Origin',(60.4433262733792,32.4982677990172,-15.));
#1870=CARTESIAN_POINT('',(60.4433262733792,32.4982677990172,-15.));
#1871=CARTESIAN_POINT('',(60.8041701916227,33.1232677990172,-15.));
#1872=CARTESIAN_POINT('',(60.4433262733792,32.4982677990172,-10.));
#1873=CARTESIAN_POINT('',(60.4433262733792,32.4982677990172,-15.));
#1874=CARTESIAN_POINT('',(61.8867019463532,34.9982677990172,-10.));
#1875=CARTESIAN_POINT('Origin',(57.556574927431,32.4982677990172,-15.));
#1876=CARTESIAN_POINT('',(57.556574927431,32.4982677990172,-15.));
#1877=CARTESIAN_POINT('',(58.2782627639181,32.4982677990172,-15.));
#1878=CARTESIAN_POINT('',(57.556574927431,32.4982677990172,-10.));
#1879=CARTESIAN_POINT('',(57.556574927431,32.4982677990172,-15.));
#1880=CARTESIAN_POINT('',(60.4433262733792,32.4982677990172,-10.));
#1881=CARTESIAN_POINT('Origin',(56.113199254457,34.9982677990172,-15.));
#1882=CARTESIAN_POINT('',(56.113199254457,34.9982677990172,-15.));
#1883=CARTESIAN_POINT('',(56.4740431727005,34.3732677990172,-15.));
#1884=CARTESIAN_POINT('',(56.113199254457,34.9982677990172,-10.));
#1885=CARTESIAN_POINT('',(56.113199254457,34.9982677990172,-15.));
#1886=CARTESIAN_POINT('',(57.556574927431,32.4982677990172,-10.));
#1887=CARTESIAN_POINT('Origin',(57.556574927431,37.4982677990172,-15.));
#1888=CARTESIAN_POINT('',(57.556574927431,37.4982677990172,-15.));
#1889=CARTESIAN_POINT('',(57.1957310091875,36.8732677990172,-15.));
#1890=CARTESIAN_POINT('',(57.556574927431,37.4982677990172,-10.));
#1891=CARTESIAN_POINT('',(57.556574927431,37.4982677990172,-15.));
#1892=CARTESIAN_POINT('',(56.113199254457,34.9982677990172,-10.));
#1893=CARTESIAN_POINT('Origin',(60.4433262733792,37.4982677990172,-15.));
#1894=CARTESIAN_POINT('',(59.7216384368921,37.4982677990172,-15.));
#1895=CARTESIAN_POINT('',(57.556574927431,37.4982677990172,-10.));
#1896=CARTESIAN_POINT('Origin',(58.9999506004051,34.9982677990172,-10.));
#1897=CARTESIAN_POINT('Origin',(58.9999506004051,34.9982677990172,-0.75));
#1898=CARTESIAN_POINT('',(62.9807007794934,32.7534367812648,-0.645449999999995));
#1899=CARTESIAN_POINT('Ctrl Pts',(62.9807005692436,32.7534368722904,-0.645449999999996));
#1900=CARTESIAN_POINT('Ctrl Pts',(62.9283775482732,32.6262344314702,-0.662316007862865));
#1901=CARTESIAN_POINT('Ctrl Pts',(62.870425488412,32.5016064047438,-0.679060637190872));
#1902=CARTESIAN_POINT('Ctrl Pts',(62.8071023565234,32.3799219138914,-0.695702772337882));
#1903=CARTESIAN_POINT('Ctrl Pts',(62.7429112572811,32.2565694991322,-0.712573020491532));
#1904=CARTESIAN_POINT('Ctrl Pts',(62.6732007768355,32.1362410681087,-0.72933794544115));
#1905=CARTESIAN_POINT('Ctrl Pts',(62.5981863304819,32.0193192728805,-0.74601721877424));
#1906=CARTESIAN_POINT('Ctrl Pts',(62.5609622964822,31.9612997700721,-0.754293889040064));
#1907=CARTESIAN_POINT('Ctrl Pts',(62.5224314053069,31.9041191612799,-0.762549468526944));
#1908=CARTESIAN_POINT('Ctrl Pts',(62.4826152866759,31.8478249885423,-0.770786360905712));
#1909=CARTESIAN_POINT('Ctrl Pts',(62.4028114564748,31.7349940357291,-0.78729564366305));
#1910=CARTESIAN_POINT('Ctrl Pts',(62.3178475260129,31.6257225722895,-0.803729855502399));
#1911=CARTESIAN_POINT('Ctrl Pts',(62.2280564203877,31.5202309412928,-0.820108350365767));
#1912=CARTESIAN_POINT('Ctrl Pts',(62.2002904986779,31.4876099779257,-0.825173039155752));
#1913=CARTESIAN_POINT('Ctrl Pts',(62.1720626540534,31.4553506178725,-0.830232400180395));
#1914=CARTESIAN_POINT('Ctrl Pts',(62.143381854149,31.4234598717311,-0.835287005715999));
#1915=CARTESIAN_POINT('Ctrl Pts',(62.12777586174,31.4061072614881,-0.838037352145732));
#1916=CARTESIAN_POINT('Ctrl Pts',(62.1120357542125,31.3888637927466,-0.840786290598827));
#1917=CARTESIAN_POINT('Ctrl Pts',(62.0961629286209,31.3717306288895,-0.843533913270028));
#1918=CARTESIAN_POINT('Ctrl Pts',(62.0826977983113,31.3571963367672,-0.845864758342071));
#1919=CARTESIAN_POINT('Ctrl Pts',(62.0691431237953,31.3427478886481,-0.848193621622874));
#1920=CARTESIAN_POINT('Ctrl Pts',(62.0555029291503,31.3283888118084,-0.850520067991896));
#1921=CARTESIAN_POINT('Ctrl Pts',(61.954398478066,31.2219558304811,-0.867764256160625));
#1922=CARTESIAN_POINT('Ctrl Pts',(61.8485509437624,31.1203783044846,-0.884884225579764));
#1923=CARTESIAN_POINT('Ctrl Pts',(61.7384250444834,31.0238704711886,-0.90189999158568));
#1924=CARTESIAN_POINT('Ctrl Pts',(61.6307758259367,30.9295330545956,-0.918533080854448));
#1925=CARTESIAN_POINT('Ctrl Pts',(61.519037781279,30.8400393290879,-0.935066600979555));
#1926=CARTESIAN_POINT('Ctrl Pts',(61.4035933340139,30.7556090636902,-0.951519247032661));
#1927=CARTESIAN_POINT('Ctrl Pts',(61.2841648489354,30.6682650733113,-0.968539681018062));
#1928=CARTESIAN_POINT('Ctrl Pts',(61.1607693997202,30.5863392015815,-0.985473562614453));
#1929=CARTESIAN_POINT('Ctrl Pts',(61.0337818939377,30.510106892221,-1.00234158998271));
#1930=CARTESIAN_POINT('Ctrl Pts',(60.9067943881551,30.4338745828604,-1.01920961735096));
#1931=CARTESIAN_POINT('Ctrl Pts',(60.7762141777944,30.3633350999958,-1.03601179049109));
#1932=CARTESIAN_POINT('Ctrl Pts',(60.6423763322905,30.2988073061593,-1.05276880756395));
#1933=CARTESIAN_POINT('Ctrl Pts',(60.6196760262158,30.2878627137318,-1.05561097388111));
#1934=CARTESIAN_POINT('Ctrl Pts',(60.5968819259255,30.2770911804046,-1.05845184116084));
#1935=CARTESIAN_POINT('Ctrl Pts',(60.5739960441054,30.266493063976,-1.06129151039588));
#1936=CARTESIAN_POINT('Ctrl Pts',(60.558672175071,30.2593968048307,-1.06319288871291));
#1937=CARTESIAN_POINT('Ctrl Pts',(60.5433092082464,30.2523792787895,-1.06509347345132));
#1938=CARTESIAN_POINT('Ctrl Pts',(60.5279158437192,30.2454440764375,-1.06699230576279));
#1939=CARTESIAN_POINT('Ctrl Pts',(60.3963357666739,30.186163049331,-1.08322322794982));
#1940=CARTESIAN_POINT('Ctrl Pts',(60.2623719881642,30.1328170264599,-1.09934673781883));
#1941=CARTESIAN_POINT('Ctrl Pts',(60.1264788293048,30.0853635161306,-1.11537935102257));
#1942=CARTESIAN_POINT('Ctrl Pts',(59.9881881955445,30.0370728142831,-1.13169481722698));
#1943=CARTESIAN_POINT('Ctrl Pts',(59.8478989584662,29.9948840284056,-1.14791615121243));
#1944=CARTESIAN_POINT('Ctrl Pts',(59.7060514448099,29.9587902819032,-1.16406075826888));
#1945=CARTESIAN_POINT('Ctrl Pts',(59.5621389585993,29.9221710937206,-1.1804403935582));
#1946=CARTESIAN_POINT('Ctrl Pts',(59.4166218463388,29.8918253315517,-1.19674105172391));
#1947=CARTESIAN_POINT('Ctrl Pts',(59.2699298375219,29.8677898862669,-1.21298090931817));
#1948=CARTESIAN_POINT('Ctrl Pts',(59.1234301360625,29.8437859504898,-1.22919947710854));
#1949=CARTESIAN_POINT('Ctrl Pts',(58.9757578587638,29.826075535703,-1.24535740363721));
#1950=CARTESIAN_POINT('Ctrl Pts',(58.8273219556645,29.8147435691121,-1.26147279406383));
#1951=CARTESIAN_POINT('Ctrl Pts',(58.7832071524518,29.8113757351466,-1.26626225040507));
#1952=CARTESIAN_POINT('Ctrl Pts',(58.7390248147212,29.8085716251124,-1.27104794968343));
#1953=CARTESIAN_POINT('Ctrl Pts',(58.6947855061987,29.8063343438142,-1.27583036716685));
#1954=CARTESIAN_POINT('Ctrl Pts',(58.6756521638176,29.8053667276712,-1.27789874558811));
#1955=CARTESIAN_POINT('Ctrl Pts',(58.6565059495183,29.8045050585394,-1.2799667491381));
#1956=CARTESIAN_POINT('Ctrl Pts',(58.6373549022793,29.8037498890624,-1.28203364074866));
#1957=CARTESIAN_POINT('Ctrl Pts',(58.484711817541,29.7977308240455,-1.29850776392947));
#1958=CARTESIAN_POINT('Ctrl Pts',(58.3321164418107,29.7984861596684,-1.31487324889089));
#1959=CARTESIAN_POINT('Ctrl Pts',(58.1800321585288,29.8060046157127,-1.33114718040683));
#1960=CARTESIAN_POINT('Ctrl Pts',(58.1688004992752,29.8065598653057,-1.33234903538855));
#1961=CARTESIAN_POINT('Ctrl Pts',(58.1575716154011,29.8071520213984,-1.33355039103314));
#1962=CARTESIAN_POINT('Ctrl Pts',(58.1463456880484,29.8077810891574,-1.33475125422218));
#1963=CARTESIAN_POINT('Ctrl Pts',(57.9956792001963,29.8162239934182,-1.35086839389343));
#1964=CARTESIAN_POINT('Ctrl Pts',(57.8455465429422,29.8313115424505,-1.36689682696884));
#1965=CARTESIAN_POINT('Ctrl Pts',(57.6963321394612,29.8528130118203,-1.382853190306));
#1966=CARTESIAN_POINT('Ctrl Pts',(57.5454751280555,29.8745511774015,-1.3989852072547));
#1967=CARTESIAN_POINT('Ctrl Pts',(57.3955560047237,29.9028452720079,-1.4150435589902));
#1968=CARTESIAN_POINT('Ctrl Pts',(57.2469624936742,29.9375096766794,-1.4310454378749));
#1969=CARTESIAN_POINT('Ctrl Pts',(57.0975505940309,29.9723649978532,-1.44713544816632));
#1970=CARTESIAN_POINT('Ctrl Pts',(56.9494781911367,30.0136610627758,-1.46316836183801));
#1971=CARTESIAN_POINT('Ctrl Pts',(56.803140851536,30.0612615288978,-1.47916165688398));
#1972=CARTESIAN_POINT('Ctrl Pts',(56.7395203370468,30.0819559473755,-1.48611478082335));
#1973=CARTESIAN_POINT('Ctrl Pts',(56.6762278521655,30.1038426187368,-1.49306041645902));
#1974=CARTESIAN_POINT('Ctrl Pts',(56.6132965504025,30.1269133468092,-1.50000000000001));
#1975=CARTESIAN_POINT('',(54.2191400070414,34.9981469655839,-0.85572643903305));
#1976=CARTESIAN_POINT('Ctrl Pts',(61.3865450255503,30.1265619878623,-1.50000000000001));
#1977=CARTESIAN_POINT('Ctrl Pts',(61.5310835056146,30.202622285993,-1.49544542838457));
#1978=CARTESIAN_POINT('Ctrl Pts',(61.671976150973,30.2850605156877,-1.49089282671375));
#1979=CARTESIAN_POINT('Ctrl Pts',(61.8088282120902,30.3735560016599,-1.48633744923587));
#1980=CARTESIAN_POINT('Ctrl Pts',(61.9405963678528,30.4587639764954,-1.481951299081));
#1981=CARTESIAN_POINT('Ctrl Pts',(62.0686190434582,30.5495882990149,-1.47756257552477));
#1982=CARTESIAN_POINT('Ctrl Pts',(62.1925153985703,30.6457872914901,-1.47316704230934));
#1983=CARTESIAN_POINT('Ctrl Pts',(62.3153677050488,30.7411756352053,-1.46880854933165));
#1984=CARTESIAN_POINT('Ctrl Pts',(62.4341634970322,30.841848929542,-1.46444336097834));
#1985=CARTESIAN_POINT('Ctrl Pts',(62.5484952221388,30.9476073770358,-1.46006734718584));
#1986=CARTESIAN_POINT('Ctrl Pts',(62.57863972556,30.9754914650203,-1.45891357501441));
#1987=CARTESIAN_POINT('Ctrl Pts',(62.6084736842821,31.003729223817,-1.45775905030525));
#1988=CARTESIAN_POINT('Ctrl Pts',(62.6379891285356,31.032317347287,-1.45660369736097));
#1989=CARTESIAN_POINT('Ctrl Pts',(62.6578266255683,31.0515315867758,-1.45582717811203));
#1990=CARTESIAN_POINT('Ctrl Pts',(62.6775217070926,31.0709056856346,-1.45505022383228));
#1991=CARTESIAN_POINT('Ctrl Pts',(62.697056019589,31.0904224568104,-1.45427345012253));
#1992=CARTESIAN_POINT('Ctrl Pts',(62.7734336757912,31.1667315278011,-1.45123632478931));
#1993=CARTESIAN_POINT('Ctrl Pts',(62.8474087109706,31.2452729374243,-1.44819984361556));
#1994=CARTESIAN_POINT('Ctrl Pts',(62.9188605589417,31.3259652804867,-1.44516259866188));
#1995=CARTESIAN_POINT('Ctrl Pts',(63.0220995555027,31.4425556383917,-1.44077415903111));
#1996=CARTESIAN_POINT('Ctrl Pts',(63.1200730045155,31.5636351952092,-1.4363841248844));
#1997=CARTESIAN_POINT('Ctrl Pts',(63.2125988279338,31.6887872593468,-1.4319882492938));
#1998=CARTESIAN_POINT('Ctrl Pts',(63.3053690605866,31.814269915735,-1.42758076188989));
#1999=CARTESIAN_POINT('Ctrl Pts',(63.3926632083814,31.9438473131194,-1.42316740214069));
#2000=CARTESIAN_POINT('Ctrl Pts',(63.4742529924927,32.0771263084129,-1.41874388937418));
#2001=CARTESIAN_POINT('Ctrl Pts',(63.514149423559,32.1422981470962,-1.41658084440376));
#2002=CARTESIAN_POINT('Ctrl Pts',(63.5526811768232,32.208355414144,-1.41441537175214));
#2003=CARTESIAN_POINT('Ctrl Pts',(63.5898172790094,32.2752537095262,-1.41224697091626));
#2004=CARTESIAN_POINT('Ctrl Pts',(63.602456169283,32.298021856021,-1.41150897800315));
#2005=CARTESIAN_POINT('Ctrl Pts',(63.6149346211304,32.3208899120599,-1.41077056704872));
#2006=CARTESIAN_POINT('Ctrl Pts',(63.6272401306936,32.343834770296,-1.41003240270448));
#2007=CARTESIAN_POINT('Ctrl Pts',(63.7006403070798,32.4806967696331,-1.40562938365105));
#2008=CARTESIAN_POINT('Ctrl Pts',(63.7679782356522,32.6204430131089,-1.40123012000776));
#2009=CARTESIAN_POINT('Ctrl Pts',(63.8290898865387,32.7626592387306,-1.39683031426647));
#2010=CARTESIAN_POINT('Ctrl Pts',(63.8920104981992,32.9090851947367,-1.3923002702501));
#2011=CARTESIAN_POINT('Ctrl Pts',(63.9483313658632,33.0581301799874,-1.38776965156753));
#2012=CARTESIAN_POINT('Ctrl Pts',(63.9978221703199,33.2093680443025,-1.38323376767204));
#2013=CARTESIAN_POINT('Ctrl Pts',(64.0473129747765,33.3606059086177,-1.37869788377655));
#2014=CARTESIAN_POINT('Ctrl Pts',(64.0899740952196,33.514037450409,-1.37415673466813));
#2015=CARTESIAN_POINT('Ctrl Pts',(64.1255176399884,33.6692509156707,-1.36960562980005));
#2016=CARTESIAN_POINT('Ctrl Pts',(64.1499103545892,33.7757703352995,-1.3664823115467));
#2017=CARTESIAN_POINT('Ctrl Pts',(64.1709495440973,33.8831293289297,-1.36335430436931));
#2018=CARTESIAN_POINT('Ctrl Pts',(64.1886269166697,33.991169370385,-1.36022009218949));
#2019=CARTESIAN_POINT('Ctrl Pts',(64.1974649579522,34.0451854489985,-1.35865310045924));
#2020=CARTESIAN_POINT('Ctrl Pts',(64.2054624657397,34.0993717559056,-1.35708455770477));
#2021=CARTESIAN_POINT('Ctrl Pts',(64.2126171942785,34.1537083395158,-1.35551427445779));
#2022=CARTESIAN_POINT('Ctrl Pts',(64.2171547235176,34.1881686038778,-1.3545184007348));
#2023=CARTESIAN_POINT('Ctrl Pts',(64.2213532626182,34.2226893085224,-1.35352182696881));
#2024=CARTESIAN_POINT('Ctrl Pts',(64.2252120709592,34.2572653286236,-1.35252450482999));
#2025=CARTESIAN_POINT('Ctrl Pts',(64.2275457884366,34.2781761008831,-1.35192134761139));
#2026=CARTESIAN_POINT('Ctrl Pts',(64.2297542885263,34.2990987330672,-1.35131815816851));
#2027=CARTESIAN_POINT('Ctrl Pts',(64.2318371952203,34.3200264623817,-1.35071508706953));
#2028=CARTESIAN_POINT('Ctrl Pts',(64.2469902382777,34.4722746568421,-1.34632777468743));
#2029=CARTESIAN_POINT('Ctrl Pts',(64.2555110513681,34.6248860831593,-1.34194400445214));
#2030=CARTESIAN_POINT('Ctrl Pts',(64.2574674634631,34.777421160147,-1.33755952189708));
#2031=CARTESIAN_POINT('Ctrl Pts',(64.2594389703244,34.9311331268896,-1.33314121071255));
#2032=CARTESIAN_POINT('Ctrl Pts',(64.254744397085,35.0847683317773,-1.32872217617399));
#2033=CARTESIAN_POINT('Ctrl Pts',(64.2434008716814,35.2378809315287,-1.3242980645766));
#2034=CARTESIAN_POINT('Ctrl Pts',(64.2321208927032,35.3901357945513,-1.31989873685079));
#2035=CARTESIAN_POINT('Ctrl Pts',(64.2142661575674,35.54187464481,-1.31549438879018));
#2036=CARTESIAN_POINT('Ctrl Pts',(64.1898028022473,35.6926516029945,-1.31108073944922));
#2037=CARTESIAN_POINT('Ctrl Pts',(64.1657997155696,35.8405917505727,-1.30675013122683));
#2038=CARTESIAN_POINT('Ctrl Pts',(64.1354341716704,35.9876065120485,-1.30241056843156));
#2039=CARTESIAN_POINT('Ctrl Pts',(64.0986273524445,36.1332571729731,-1.29805800723318));
#2040=CARTESIAN_POINT('Ctrl Pts',(64.0873365347004,36.1779368030361,-1.29672282054103));
#2041=CARTESIAN_POINT('Ctrl Pts',(64.075439258341,36.2224879060754,-1.2953864106862));
#2042=CARTESIAN_POINT('Ctrl Pts',(64.062932377834,36.2668973347531,-1.29404866093823));
#2043=CARTESIAN_POINT('Ctrl Pts',(64.057573340929,36.2859262018699,-1.29347545243392));
#2044=CARTESIAN_POINT('Ctrl Pts',(64.0521022665198,36.3049292273777,-1.29290199217379));
#2045=CARTESIAN_POINT('Ctrl Pts',(64.0465238363035,36.3238913712748,-1.29232870018154));
#2046=CARTESIAN_POINT('Ctrl Pts',(64.0039408827965,36.4686389186416,-1.28795247509576));
#2047=CARTESIAN_POINT('Ctrl Pts',(63.955049717133,36.6112101418765,-1.28357988580923));
#2048=CARTESIAN_POINT('Ctrl Pts',(63.9001354751399,36.7512587493179,-1.27920670867984));
#2049=CARTESIAN_POINT('Ctrl Pts',(63.8445946118434,36.8929054383813,-1.27478362963335));
#2050=CARTESIAN_POINT('Ctrl Pts',(63.7828921025004,37.0319722939547,-1.27035994925182));
#2051=CARTESIAN_POINT('Ctrl Pts',(63.71527224296,37.1680850212166,-1.26593129765027));
#2052=CARTESIAN_POINT('Ctrl Pts',(63.6477842291392,37.3039323548411,-1.2615112810675));
#2053=CARTESIAN_POINT('Ctrl Pts',(63.574401495631,37.4368377168564,-1.25708631263166));
#2054=CARTESIAN_POINT('Ctrl Pts',(63.495322494673,37.5664031935584,-1.25265204796923));
#2055=CARTESIAN_POINT('Ctrl Pts',(63.4171034989293,37.6945596111651,-1.24826600711698));
#2056=CARTESIAN_POINT('Ctrl Pts',(63.3333110131038,37.8194489665788,-1.24387087113655));
#2057=CARTESIAN_POINT('Ctrl Pts',(63.2441001272119,37.9406519107999,-1.23946243585725));
#2058=CARTESIAN_POINT('Ctrl Pts',(63.2128119087961,37.9831604472134,-1.23791630071342));
#2059=CARTESIAN_POINT('Ctrl Pts',(63.1808568910995,38.0252151821819,-1.23636852967727));
#2060=CARTESIAN_POINT('Ctrl Pts',(63.1482408241779,38.0667968085107,-1.2348189413772));
#2061=CARTESIAN_POINT('Ctrl Pts',(63.1368437024526,38.0813267902509,-1.23427746448723));
#2062=CARTESIAN_POINT('Ctrl Pts',(63.1253683040837,38.0957958352736,-1.23373588284579));
#2063=CARTESIAN_POINT('Ctrl Pts',(63.1138200886986,38.1101969264404,-1.23319442610205));
#2064=CARTESIAN_POINT('Ctrl Pts',(63.0191426057459,38.228263572928,-1.22875531928635));
#2065=CARTESIAN_POINT('Ctrl Pts',(62.9194737288757,38.3418936493572,-1.22431981988542));
#2066=CARTESIAN_POINT('Ctrl Pts',(62.8150441769131,38.4507225027584,-1.21988351685316));
#2067=CARTESIAN_POINT('Ctrl Pts',(62.8041233451161,38.4621033961964,-1.21941958573112));
#2068=CARTESIAN_POINT('Ctrl Pts',(62.7931504115074,38.4734317555389,-1.21895564582045));
#2069=CARTESIAN_POINT('Ctrl Pts',(62.7821256136365,38.48470714387,-1.2184916920764));
#2070=CARTESIAN_POINT('Ctrl Pts',(62.6769027384961,38.5923217044651,-1.21406362478189));
#2071=CARTESIAN_POINT('Ctrl Pts',(62.5669584489304,38.6951142135259,-1.20963429738125));
#2072=CARTESIAN_POINT('Ctrl Pts',(62.452691297589,38.792880210034,-1.20519932399098));
#2073=CARTESIAN_POINT('Ctrl Pts',(62.338018687542,38.8909931135397,-1.20074861380716));
#2074=CARTESIAN_POINT('Ctrl Pts',(62.2189918170768,38.9840441848323,-1.19629221749485));
#2075=CARTESIAN_POINT('Ctrl Pts',(62.0959829071609,39.0717843746526,-1.19182570231688));
#2076=CARTESIAN_POINT('Ctrl Pts',(61.9843943710943,39.1513786035824,-1.18777386663791));
#2077=CARTESIAN_POINT('Ctrl Pts',(61.8695281361419,39.2266020199676,-1.18371370378089));
#2078=CARTESIAN_POINT('Ctrl Pts',(61.7516473427687,39.2972343316,-1.17964190456109));
#2079=CARTESIAN_POINT('Ctrl Pts',(61.7262415626251,39.3124570742455,-1.17876434653991));
#2080=CARTESIAN_POINT('Ctrl Pts',(61.7006957206752,39.3274664342903,-1.17788624801808));
#2081=CARTESIAN_POINT('Ctrl Pts',(61.6750123960987,39.3422599892314,-1.17700757586803));
#2082=CARTESIAN_POINT('Ctrl Pts',(61.6496346123156,39.3568775531516,-1.1761393568112));
#2083=CARTESIAN_POINT('Ctrl Pts',(61.6241166362534,39.3712876082541,-1.17527037705342));
#2084=CARTESIAN_POINT('Ctrl Pts',(61.5984932517671,39.385470178945,-1.17440169559802));
#2085=CARTESIAN_POINT('Ctrl Pts',(61.467174368746,39.4581553210066,-1.1699497357687));
#2086=CARTESIAN_POINT('Ctrl Pts',(61.3329671305875,39.5249428858974,-1.16550138173325));
#2087=CARTESIAN_POINT('Ctrl Pts',(61.1962602248589,39.5856354465505,-1.16105218178461));
#2088=CARTESIAN_POINT('Ctrl Pts',(61.0599492786867,39.6461522165274,-1.1566158685532));
#2089=CARTESIAN_POINT('Ctrl Pts',(60.9211524347801,39.7006095799082,-1.15217871430173));
#2090=CARTESIAN_POINT('Ctrl Pts',(60.7802314099115,39.7487661088923,-1.14773630589316));
#2091=CARTESIAN_POINT('Ctrl Pts',(60.7294836482656,39.7661079928082,-1.146136528406));
#2092=CARTESIAN_POINT('Ctrl Pts',(60.678460244641,39.7826323112906,-1.14453606954532));
#2093=CARTESIAN_POINT('Ctrl Pts',(60.6271776007704,39.7983261990418,-1.14293472321457));
#2094=CARTESIAN_POINT('Ctrl Pts',(60.4841797259815,39.8420874489737,-1.13846948693161));
#2095=CARTESIAN_POINT('Ctrl Pts',(60.3391664365858,39.8793955946925,-1.13399735028362));
#2096=CARTESIAN_POINT('Ctrl Pts',(60.1925822757946,39.9102130291369,-1.12951384490977));
#2097=CARTESIAN_POINT('Ctrl Pts',(60.1084498938789,39.9279007803261,-1.12694052467927));
#2098=CARTESIAN_POINT('Ctrl Pts',(60.0237999235045,39.9434493943712,-1.12436345934313));
#2099=CARTESIAN_POINT('Ctrl Pts',(59.9387165634841,39.9568439939828,-1.12178180405707));
#2100=CARTESIAN_POINT('Ctrl Pts',(59.8961469651009,39.9635456889538,-1.1204901292964));
#2101=CARTESIAN_POINT('Ctrl Pts',(59.8534688859582,39.9697080844027,-1.11919730554167));
#2102=CARTESIAN_POINT('Ctrl Pts',(59.8106929566998,39.9753287813059,-1.11790322697928));
#2103=CARTESIAN_POINT('Ctrl Pts',(59.7844718338291,39.9787741999484,-1.11710997260521));
#2104=CARTESIAN_POINT('Ctrl Pts',(59.7582089727421,39.982016559699,-1.11631609675094));
#2105=CARTESIAN_POINT('Ctrl Pts',(59.7319370935375,39.985051988419,-1.11552248836743));
#2106=CARTESIAN_POINT('Ctrl Pts',(59.5841846728139,40.0021231669908,-1.11105925378653));
#2107=CARTESIAN_POINT('Ctrl Pts',(59.4359865931105,40.01267718544,-1.10659959010579));
#2108=CARTESIAN_POINT('Ctrl Pts',(59.2877841835687,40.016742557773,-1.10213900924361));
#2109=CARTESIAN_POINT('Ctrl Pts',(59.1394009458936,40.0208128904415,-1.09767298583489));
#2110=CARTESIAN_POINT('Ctrl Pts',(58.9910125798188,40.018378738418,-1.0932060430052));
#2111=CARTESIAN_POINT('Ctrl Pts',(58.8430574410117,40.0094167053181,-1.08873367622458));
#2112=CARTESIAN_POINT('Ctrl Pts',(58.6969575239986,40.0005670478967,-1.08431738882308));
#2113=CARTESIAN_POINT('Ctrl Pts',(58.5512793048949,39.9853520952248,-1.07989581264061));
#2114=CARTESIAN_POINT('Ctrl Pts',(58.4064516806584,39.9636994816004,-1.0754646104794));
#2115=CARTESIAN_POINT('Ctrl Pts',(58.3184758484263,39.950546557815,-1.07277286779581));
#2116=CARTESIAN_POINT('Ctrl Pts',(58.2308140640276,39.935017189621,-1.07007757314578));
#2117=CARTESIAN_POINT('Ctrl Pts',(58.1435654410186,39.9170861950792,-1.06737775435275));
#2118=CARTESIAN_POINT('Ctrl Pts',(58.0867871316929,39.9054173398068,-1.06562080803924));
#2119=CARTESIAN_POINT('Ctrl Pts',(58.0301838479113,39.8927312566208,-1.06386194577616));
#2120=CARTESIAN_POINT('Ctrl Pts',(57.9737806188259,39.8790368252148,-1.06210089963632));
#2121=CARTESIAN_POINT('Ctrl Pts',(57.9427742727686,39.8715086342563,-1.06113280601969));
#2122=CARTESIAN_POINT('Ctrl Pts',(57.9118283936982,39.8636757028116,-1.06016405243735));
#2123=CARTESIAN_POINT('Ctrl Pts',(57.8809472242433,39.8555393736862,-1.05919459437941));
#2124=CARTESIAN_POINT('Ctrl Pts',(57.853039164973,39.8481863763911,-1.05831847169951));
#2125=CARTESIAN_POINT('Ctrl Pts',(57.8251775241586,39.8405836723542,-1.05744156978702));
#2126=CARTESIAN_POINT('Ctrl Pts',(57.79740061054,39.8327424052056,-1.05656496718132));
#2127=CARTESIAN_POINT('Ctrl Pts',(57.6567450186822,39.7930361193728,-1.05212606298832));
#2128=CARTESIAN_POINT('Ctrl Pts',(57.5181258542166,39.7471843359836,-1.04769061066383));
#2129=CARTESIAN_POINT('Ctrl Pts',(57.3819070698603,39.6954344186382,-1.04325419250234));
#2130=CARTESIAN_POINT('Ctrl Pts',(57.2442968725165,39.643155899401,-1.03877245834512));
#2131=CARTESIAN_POINT('Ctrl Pts',(57.1091356252287,39.5848578392201,-1.03428973851896));
#2132=CARTESIAN_POINT('Ctrl Pts',(56.9768142382769,39.5207447956408,-1.02980147855625));
#2133=CARTESIAN_POINT('Ctrl Pts',(56.8451655479147,39.4569576904965,-1.02533603604763));
#2134=CARTESIAN_POINT('Ctrl Pts',(56.7163272508711,39.3874141757442,-1.02086510958926));
#2135=CARTESIAN_POINT('Ctrl Pts',(56.5907100927158,39.3122714370524,-1.01638421382318));
#2136=CARTESIAN_POINT('Ctrl Pts',(56.47645496022,39.2439253313818,-1.01230861342772));
#2137=CARTESIAN_POINT('Ctrl Pts',(56.3648645465379,39.170946375566,-1.0082247656047));
#2138=CARTESIAN_POINT('Ctrl Pts',(56.2562735794872,39.0934248279475,-1.00412929532616));
#2139=CARTESIAN_POINT('Ctrl Pts',(56.2216405343654,39.0687007893879,-1.00282312216274));
#2140=CARTESIAN_POINT('Ctrl Pts',(56.1873127983845,39.0435145023209,-1.00151576679689));
#2141=CARTESIAN_POINT('Ctrl Pts',(56.1533018677291,39.0178683803385,-1.00020711974015));
#2142=CARTESIAN_POINT('Ctrl Pts',(56.1313558264961,39.0013198519788,-0.999362696441137));
#2143=CARTESIAN_POINT('Ctrl Pts',(56.1095370620105,38.984576124522,-0.998517552249012));
#2144=CARTESIAN_POINT('Ctrl Pts',(56.0878750867687,38.9676587123316,-0.997672692082405));
#2145=CARTESIAN_POINT('Ctrl Pts',(56.0378477518578,38.9285887274374,-0.995721526409098));
#2146=CARTESIAN_POINT('Ctrl Pts',(55.9886339215714,38.8885760654639,-0.993771016015597));
#2147=CARTESIAN_POINT('Ctrl Pts',(55.9402639413966,38.8476375310979,-0.991820785490922));
#2148=CARTESIAN_POINT('Ctrl Pts',(55.8297520827094,38.7541044449074,-0.987365054904063));
#2149=CARTESIAN_POINT('Ctrl Pts',(55.7236427675708,38.6557411587033,-0.982910785217147));
#2150=CARTESIAN_POINT('Ctrl Pts',(55.6221442912734,38.5529376917425,-0.978453499236364));
#2151=CARTESIAN_POINT('Ctrl Pts',(55.5197804324386,38.44925771581,-0.973958210148613));
#2152=CARTESIAN_POINT('Ctrl Pts',(55.4221058876074,38.3410609075446,-0.969459853113497));
#2153=CARTESIAN_POINT('Ctrl Pts',(55.3293718457346,38.2287101351613,-0.964953835439511));
#2154=CARTESIAN_POINT('Ctrl Pts',(55.2373180963789,38.1171835626963,-0.960480873696696));
#2155=CARTESIAN_POINT('Ctrl Pts',(55.1501322473845,38.0015630736443,-0.956000363298908));
#2156=CARTESIAN_POINT('Ctrl Pts',(55.068103144102,37.8821768885704,-0.951507811890271));
#2157=CARTESIAN_POINT('Ctrl Pts',(55.0146951850408,37.8044462755349,-0.94858277684647));
#2158=CARTESIAN_POINT('Ctrl Pts',(54.9634741226752,37.7251188188927,-0.945652637469851));
#2159=CARTESIAN_POINT('Ctrl Pts',(54.9145308105712,37.6442809816522,-0.942716153855997));
#2160=CARTESIAN_POINT('Ctrl Pts',(54.9023818714976,37.6242150335736,-0.94198724608532));
#2161=CARTESIAN_POINT('Ctrl Pts',(54.8903733221919,37.6040560108239,-0.941257947411276));
#2162=CARTESIAN_POINT('Ctrl Pts',(54.8785066430162,37.5838052145946,-0.940528238870159));
#2163=CARTESIAN_POINT('Ctrl Pts',(54.8690425778535,37.5676545415822,-0.939946272417653));
#2164=CARTESIAN_POINT('Ctrl Pts',(54.8596690706679,37.551445938354,-0.939364062103628));
#2165=CARTESIAN_POINT('Ctrl Pts',(54.8503934198841,37.5351918557798,-0.938782017735031));
#2166=CARTESIAN_POINT('Ctrl Pts',(54.7786201063389,37.4094206951155,-0.934278263342104));
#2167=CARTESIAN_POINT('Ctrl Pts',(54.7125959002933,37.2807486997831,-0.929777936769918));
#2168=CARTESIAN_POINT('Ctrl Pts',(54.6525488735234,37.1495368503353,-0.925276418346398));
#2169=CARTESIAN_POINT('Ctrl Pts',(54.6124881688125,37.0619981421254,-0.922273205531119));
#2170=CARTESIAN_POINT('Ctrl Pts',(54.5750887182196,36.9733282640103,-0.919269462227015));
#2171=CARTESIAN_POINT('Ctrl Pts',(54.5404295522312,36.8836281716857,-0.916263816629096));
#2172=CARTESIAN_POINT('Ctrl Pts',(54.4884906378525,36.7492070082752,-0.911759669892989));
#2173=CARTESIAN_POINT('Ctrl Pts',(54.4427031253986,36.6124726204571,-0.90725125119749));
#2174=CARTESIAN_POINT('Ctrl Pts',(54.4031107077594,36.4738628626555,-0.902733944002016));
#2175=CARTESIAN_POINT('Ctrl Pts',(54.3689965969604,36.3544322009929,-0.89884168565134));
#2176=CARTESIAN_POINT('Ctrl Pts',(54.3394825613317,36.2336086722141,-0.894942828385533));
#2177=CARTESIAN_POINT('Ctrl Pts',(54.3146271770075,36.1116687095174,-0.891034419073279));
#2178=CARTESIAN_POINT('Ctrl Pts',(54.2959856387644,36.020213737495,-0.888103112089089));
#2179=CARTESIAN_POINT('Ctrl Pts',(54.2799651688591,35.9281306726861,-0.885166432078772));
#2180=CARTESIAN_POINT('Ctrl Pts',(54.2666011640384,35.835536915873,-0.882223133190056));
#2181=CARTESIAN_POINT('Ctrl Pts',(54.2629298617296,35.8100999545934,-0.881414562694121));
#2182=CARTESIAN_POINT('Ctrl Pts',(54.259458539393,35.7846195028121,-0.880605335577263));
#2183=CARTESIAN_POINT('Ctrl Pts',(54.2561916559422,35.7591280340597,-0.879796377784507));
#2184=CARTESIAN_POINT('Ctrl Pts',(54.2379392102976,35.6167043281577,-0.875276639519063));
#2185=CARTESIAN_POINT('Ctrl Pts',(54.2260389583201,35.4737789485338,-0.870760254659438));
#2186=CARTESIAN_POINT('Ctrl Pts',(54.2205034883852,35.3307846578774,-0.866242551671628));
#2187=CARTESIAN_POINT('Ctrl Pts',(54.2162102746117,35.2198807842383,-0.862738700161198));
#2188=CARTESIAN_POINT('Ctrl Pts',(54.2157466711782,35.1089350143747,-0.859234055759414));
#2189=CARTESIAN_POINT('Ctrl Pts',(54.2191400070414,34.9981469655839,-0.85572643903305));
#2190=CARTESIAN_POINT('',(55.0749506004051,34.9982677990172,0.));
#2191=CARTESIAN_POINT('',(54.3249506004051,34.9982677990172,-0.75));
#2192=CARTESIAN_POINT('Origin',(58.9999506004051,34.9982677990172,0.));
#2193=CARTESIAN_POINT('',(58.1752585467624,30.5031901774526,-0.645449999999999));
#2194=CARTESIAN_POINT('Ctrl Pts',(54.2191400070414,34.9981469655839,-0.85572643903305));
#2195=CARTESIAN_POINT('Ctrl Pts',(54.2234729805919,34.8566809555899,-0.851247539474095));
#2196=CARTESIAN_POINT('Ctrl Pts',(54.2340929858178,34.7154713955361,-0.846763792892874));
#2197=CARTESIAN_POINT('Ctrl Pts',(54.2511020191191,34.5749383369787,-0.842270660795652));
#2198=CARTESIAN_POINT('Ctrl Pts',(54.2530748363037,34.5586384081103,-0.84174951840871));
#2199=CARTESIAN_POINT('Ctrl Pts',(54.2551336606479,34.5423475922253,-0.841228249759795));
#2200=CARTESIAN_POINT('Ctrl Pts',(54.2572786959085,34.5260665556536,-0.840706847767272));
#2201=CARTESIAN_POINT('Ctrl Pts',(54.270116332043,34.4286275870573,-0.837586354047365));
#2202=CARTESIAN_POINT('Ctrl Pts',(54.2860410040912,34.3315385286805,-0.834461084227026));
#2203=CARTESIAN_POINT('Ctrl Pts',(54.3050094223153,34.2349353891229,-0.831329520259137));
#2204=CARTESIAN_POINT('Ctrl Pts',(54.3222447174504,34.1471587700299,-0.828484083777119));
#2205=CARTESIAN_POINT('Ctrl Pts',(54.3419931184911,34.0597833135877,-0.825633450780693));
#2206=CARTESIAN_POINT('Ctrl Pts',(54.3642295451963,33.9729149700944,-0.822776482468241));
#2207=CARTESIAN_POINT('Ctrl Pts',(54.3689635626433,33.9544211599539,-0.822168249049447));
#2208=CARTESIAN_POINT('Ctrl Pts',(54.3738105630329,33.935949855383,-0.821559711630181));
#2209=CARTESIAN_POINT('Ctrl Pts',(54.3787661563099,33.9175170351395,-0.820951353549963));
#2210=CARTESIAN_POINT('Ctrl Pts',(54.4165392476988,33.7770162787826,-0.81631425682372));
#2211=CARTESIAN_POINT('Ctrl Pts',(54.4606698787725,33.6385392184951,-0.811680635192443));
#2212=CARTESIAN_POINT('Ctrl Pts',(54.510930649871,33.5024985094872,-0.807045439929756));
#2213=CARTESIAN_POINT('Ctrl Pts',(54.5600861642976,33.3694493960712,-0.80251217466888));
#2214=CARTESIAN_POINT('Ctrl Pts',(54.6151057159535,33.2387299621164,-0.797977404225326));
#2215=CARTESIAN_POINT('Ctrl Pts',(54.6758272588973,33.1107419797713,-0.793436405673229));
#2216=CARTESIAN_POINT('Ctrl Pts',(54.7385967782862,32.9784373025534,-0.788742251295031));
#2217=CARTESIAN_POINT('Ctrl Pts',(54.8074594859854,32.8490504514376,-0.784041441608471));
#2218=CARTESIAN_POINT('Ctrl Pts',(54.8822870191742,32.7230552220574,-0.779328759513767));
#2219=CARTESIAN_POINT('Ctrl Pts',(54.9528168372295,32.6042965215455,-0.774886750048444));
#2220=CARTESIAN_POINT('Ctrl Pts',(55.028646653266,32.4885506838992,-0.77043419279278));
#2221=CARTESIAN_POINT('Ctrl Pts',(55.1097064608091,32.3762495165242,-0.765966718936863));
#2222=CARTESIAN_POINT('Ctrl Pts',(55.1146458179663,32.3694064756678,-0.765694494641821));
#2223=CARTESIAN_POINT('Ctrl Pts',(55.1196046047493,32.3625762373507,-0.765422214960834));
#2224=CARTESIAN_POINT('Ctrl Pts',(55.1245828093325,32.3557589042158,-0.765149878905443));
#2225=CARTESIAN_POINT('Ctrl Pts',(55.1352142131997,32.3411998758265,-0.764568280752118));
#2226=CARTESIAN_POINT('Ctrl Pts',(55.1459341762631,32.3266997039427,-0.76398642548954));
#2227=CARTESIAN_POINT('Ctrl Pts',(55.156742095127,32.3122590603522,-0.763404303490258));
#2228=CARTESIAN_POINT('Ctrl Pts',(55.1681260009627,32.2970488308055,-0.762791158433551));
#2229=CARTESIAN_POINT('Ctrl Pts',(55.1796026966364,32.281911076678,-0.76217797627105));
#2230=CARTESIAN_POINT('Ctrl Pts',(55.1911683039201,32.2668501552293,-0.761564899768008));
#2231=CARTESIAN_POINT('Ctrl Pts',(55.2760129961326,32.1563640204846,-0.757067402496386));
#2232=CARTESIAN_POINT('Ctrl Pts',(55.3656881740998,32.0499444803494,-0.752572935823713));
#2233=CARTESIAN_POINT('Ctrl Pts',(55.4598202914327,31.9478142595683,-0.748076889655605));
#2234=CARTESIAN_POINT('Ctrl Pts',(55.5549547917629,31.8445964865284,-0.743532966520929));
#2235=CARTESIAN_POINT('Ctrl Pts',(55.6546422306695,31.7457593347534,-0.738987430072623));
#2236=CARTESIAN_POINT('Ctrl Pts',(55.7585376914767,31.651566637982,-0.73443552136817));
#2237=CARTESIAN_POINT('Ctrl Pts',(55.8620271668576,31.5577420117872,-0.72990139985655));
#2238=CARTESIAN_POINT('Ctrl Pts',(55.9696924879708,31.4685251575094,-0.72536095579237));
#2239=CARTESIAN_POINT('Ctrl Pts',(56.0812236268679,31.3842176250451,-0.720809485804011));
#2240=CARTESIAN_POINT('Ctrl Pts',(56.1914007957208,31.3009335724321,-0.716313269927485));
#2241=CARTESIAN_POINT('Ctrl Pts',(56.3053511202816,31.2224399906885,-0.711806294207709));
#2242=CARTESIAN_POINT('Ctrl Pts',(56.4227963956036,31.149073560674,-0.707284024496514));
#2243=CARTESIAN_POINT('Ctrl Pts',(56.4452331270914,31.1350576465733,-0.706420090626488));
#2244=CARTESIAN_POINT('Ctrl Pts',(56.4677974565211,31.1212290001358,-0.705555598583338));
#2245=CARTESIAN_POINT('Ctrl Pts',(56.4904875022332,31.1075901807312,-0.704690516753907));
#2246=CARTESIAN_POINT('Ctrl Pts',(56.506191589026,31.0981505697936,-0.704091781947262));
#2247=CARTESIAN_POINT('Ctrl Pts',(56.5219526395544,31.0888038941323,-0.703492889494731));
#2248=CARTESIAN_POINT('Ctrl Pts',(56.5377615967731,31.0795556667379,-0.702894143941076));
#2249=CARTESIAN_POINT('Ctrl Pts',(56.6548667874002,31.0110492233968,-0.698458923374165));
#2250=CARTESIAN_POINT('Ctrl Pts',(56.7747323741374,30.9478608797747,-0.694026653388953));
#2251=CARTESIAN_POINT('Ctrl Pts',(56.897053345548,30.8902265605242,-0.689592910043616));
#2252=CARTESIAN_POINT('Ctrl Pts',(57.022591933138,30.8310761879268,-0.685042538419757));
#2253=CARTESIAN_POINT('Ctrl Pts',(57.1507172908589,30.7777752494115,-0.680490614903716));
#2254=CARTESIAN_POINT('Ctrl Pts',(57.2809956858566,30.730373815806,-0.675932357178526));
#2255=CARTESIAN_POINT('Ctrl Pts',(57.4116384224585,30.6828398175157,-0.671361351653273));
#2256=CARTESIAN_POINT('Ctrl Pts',(57.5444470511278,30.6412382175012,-0.666783976440339));
#2257=CARTESIAN_POINT('Ctrl Pts',(57.6789979167075,30.6056699984964,-0.662195408987205));
#2258=CARTESIAN_POINT('Ctrl Pts',(57.812234449616,30.5704492203801,-0.657651664018799));
#2259=CARTESIAN_POINT('Ctrl Pts',(57.9471801238596,30.5411444723276,-0.653096944400462));
#2260=CARTESIAN_POINT('Ctrl Pts',(58.0834252845189,30.5179046137998,-0.648526567528028));
#2261=CARTESIAN_POINT('Ctrl Pts',(58.1139726222802,30.5126940374789,-0.647501849693332));
#2262=CARTESIAN_POINT('Ctrl Pts',(58.1445852650978,30.5077885460728,-0.646476344776305));
#2263=CARTESIAN_POINT('Ctrl Pts',(58.1752585467624,30.5031901774526,-0.645449999999998));
#2264=CARTESIAN_POINT('Origin',(58.9999506004051,34.9982677990172,-0.645449999999999));
#2265=CARTESIAN_POINT('Origin',(58.9999506004051,34.9982677990172,0.));
#2266=CARTESIAN_POINT('',(56.6129629443412,30.1263274262293,-15.));
#2267=CARTESIAN_POINT('Ctrl Pts',(53.5754118131165,34.9982747241319,-13.7662450766368));
#2268=CARTESIAN_POINT('Ctrl Pts',(53.5753921026889,35.4423478099691,-13.7857825177942));
#2269=CARTESIAN_POINT('Ctrl Pts',(53.6292950833488,35.8864161949501,-13.8053199589516));
#2270=CARTESIAN_POINT('Ctrl Pts',(53.7371761208658,36.3169593207594,-13.824857400109));
#2271=CARTESIAN_POINT('Ctrl Pts',(53.9565368332808,37.1924073974248,-13.8645840018335));
#2272=CARTESIAN_POINT('Ctrl Pts',(54.3990721190589,38.0119347144139,-13.9043106035579));
#2273=CARTESIAN_POINT('Ctrl Pts',(55.0107734725793,38.6755233579019,-13.9440372052824));
#2274=CARTESIAN_POINT('Ctrl Pts',(55.6224748260996,39.3391120013898,-13.9837638070068));
#2275=CARTESIAN_POINT('Ctrl Pts',(56.403342247362,39.8467619713766,-14.0234904087313));
#2276=CARTESIAN_POINT('Ctrl Pts',(57.2580760606753,40.136518033504,-14.0632170104557));
#2277=CARTESIAN_POINT('Ctrl Pts',(58.1128098739886,40.4262740956314,-14.1029436121802));
#2278=CARTESIAN_POINT('Ctrl Pts',(59.0414100793528,40.4981362498994,-14.1426702139046));
#2279=CARTESIAN_POINT('Ctrl Pts',(59.9305471439944,40.3433340321388,-14.1823968156291));
#2280=CARTESIAN_POINT('Ctrl Pts',(60.8196842086361,40.1885318143781,-14.2221234173535));
#2281=CARTESIAN_POINT('Ctrl Pts',(61.6693581325552,39.8070652245887,-14.261850019078));
#2282=CARTESIAN_POINT('Ctrl Pts',(62.3758719170011,39.2454900743477,-14.3015766208025));
#2283=CARTESIAN_POINT('Ctrl Pts',(63.0823857014469,38.6839149241068,-14.3413032225269));
#2284=CARTESIAN_POINT('Ctrl Pts',(63.6457393464196,37.9422312134142,-14.3810298242513));
#2285=CARTESIAN_POINT('Ctrl Pts',(63.9971791269449,37.1109558065766,-14.4207564259758));
#2286=CARTESIAN_POINT('Ctrl Pts',(64.3486189074703,36.2796803997391,-14.4604830277003));
#2287=CARTESIAN_POINT('Ctrl Pts',(64.4881448235483,35.3588132967566,-14.5002096294247));
#2288=CARTESIAN_POINT('Ctrl Pts',(64.3987289693734,34.4607417142731,-14.5399362311492));
#2289=CARTESIAN_POINT('Ctrl Pts',(64.3093131151985,33.5626701317897,-14.5796628328736));
#2290=CARTESIAN_POINT('Ctrl Pts',(63.9909554907708,32.6873940698053,-14.6193894345981));
#2291=CARTESIAN_POINT('Ctrl Pts',(63.4825088930746,31.9417320593755,-14.6591160363225));
#2292=CARTESIAN_POINT('Ctrl Pts',(62.9740622953785,31.1960700489458,-14.698842638047));
#2293=CARTESIAN_POINT('Ctrl Pts',(62.2755267244141,30.5800220900709,-14.7385692397714));
#2294=CARTESIAN_POINT('Ctrl Pts',(61.472155151021,30.1687792342107,-14.7782958414959));
#2295=CARTESIAN_POINT('Ctrl Pts',(60.668783577628,29.7575363783505,-14.8180224432203));
#2296=CARTESIAN_POINT('Ctrl Pts',(59.7605760018063,29.5510986255051,-14.8577490449448));
#2297=CARTESIAN_POINT('Ctrl Pts',(58.8583703551091,29.5746468187235,-14.8974756466692));
#2298=CARTESIAN_POINT('Ctrl Pts',(58.0822485082537,29.5949041373046,-14.9316504311128));
#2299=CARTESIAN_POINT('Ctrl Pts',(57.3105682629655,29.7853577240057,-14.9658252155564));
#2300=CARTESIAN_POINT('Ctrl Pts',(56.6129629443412,30.1263274262293,-15.));
#2301=CARTESIAN_POINT('',(61.3867210671752,30.1265174216935,-15.));
#2302=CARTESIAN_POINT('Origin',(58.9999506004051,34.9982677990172,-15.));
#2303=CARTESIAN_POINT('Ctrl Pts',(61.3867210671752,30.1265174216935,-15.));
#2304=CARTESIAN_POINT('Ctrl Pts',(62.1974115100063,30.5236913031075,-14.9602733982755));
#2305=CARTESIAN_POINT('Ctrl Pts',(62.9066076020027,31.1269987055303,-14.9205467965511));
#2306=CARTESIAN_POINT('Ctrl Pts',(63.4280716718066,31.8634809607979,-14.8808201948266));
#2307=CARTESIAN_POINT('Ctrl Pts',(63.9495357416105,32.5999632160656,-14.8410935931022));
#2308=CARTESIAN_POINT('Ctrl Pts',(64.2832677892219,33.4696203241781,-14.8013669913777));
#2309=CARTESIAN_POINT('Ctrl Pts',(64.3884602878745,34.366009215814,-14.7616403896533));
#2310=CARTESIAN_POINT('Ctrl Pts',(64.4936527865271,35.2623981074499,-14.7219137879288));
#2311=CARTESIAN_POINT('Ctrl Pts',(64.3703057362208,36.1855187826092,-14.6821871862044));
#2312=CARTESIAN_POINT('Ctrl Pts',(64.0335189115732,37.022825376801,-14.6424605844799));
#2313=CARTESIAN_POINT('Ctrl Pts',(63.6967320869255,37.8601319709929,-14.6027339827555));
#2314=CARTESIAN_POINT('Ctrl Pts',(63.1465054879365,38.6116244842174,-14.563007381031));
#2315=CARTESIAN_POINT('Ctrl Pts',(62.4499692241946,39.1855319232647,-14.5232807793066));
#2316=CARTESIAN_POINT('Ctrl Pts',(61.7534329604527,39.7594393623119,-14.4835541775821));
#2317=CARTESIAN_POINT('Ctrl Pts',(60.910587031958,40.155761727182,-14.4438275758577));
#2318=CARTESIAN_POINT('Ctrl Pts',(60.0243055318752,40.3261573056625,-14.4041009741332));
#2319=CARTESIAN_POINT('Ctrl Pts',(59.1380240317925,40.4965528841429,-14.3643743724088));
#2320=CARTESIAN_POINT('Ctrl Pts',(58.2083069601217,40.4410216762338,-14.3246477706843));
#2321=CARTESIAN_POINT('Ctrl Pts',(57.34861517066,40.1663280263343,-14.2849211689599));
#2322=CARTESIAN_POINT('Ctrl Pts',(56.4889233811984,39.8916343764348,-14.2451945672354));
#2323=CARTESIAN_POINT('Ctrl Pts',(55.6992568739459,39.3977782845448,-14.205467965511));
#2324=CARTESIAN_POINT('Ctrl Pts',(55.0759915864675,38.7450377849805,-14.1657413637865));
#2325=CARTESIAN_POINT('Ctrl Pts',(54.4527262989892,38.0922972854163,-14.1260147620621));
#2326=CARTESIAN_POINT('Ctrl Pts',(53.995862231285,37.2806723781777,-14.0862881603376));
#2327=CARTESIAN_POINT('Ctrl Pts',(53.7611554746318,36.4092135417073,-14.0465615586132));
#2328=CARTESIAN_POINT('Ctrl Pts',(53.6374672236368,35.9499629396616,-14.0256260135298));
#2329=CARTESIAN_POINT('Ctrl Pts',(53.5754762959471,35.4740953140348,-14.0046904684465));
#2330=CARTESIAN_POINT('Ctrl Pts',(53.5754069259671,34.9982453435659,-13.9837549233632));
#2331=CARTESIAN_POINT('Ctrl Pts',(56.9891459773914,30.8939191332035,0.493374672535994));
#2332=CARTESIAN_POINT('Ctrl Pts',(56.3061560908592,31.2285298919701,0.453648070811543));
#2333=CARTESIAN_POINT('Ctrl Pts',(55.1111900170312,32.2450776726417,0.374194867362641));
#2334=CARTESIAN_POINT('Ctrl Pts',(54.2677031245084,34.4430821228347,0.255015062189287));
#2335=CARTESIAN_POINT('Ctrl Pts',(54.5794550951462,36.7762121261819,0.135835257015933));
#2336=CARTESIAN_POINT('Ctrl Pts',(55.9701186035631,38.6755627424283,0.0166554518425793));
#2337=CARTESIAN_POINT('Ctrl Pts',(58.1003592447274,39.6772428394873,-0.102524353330774));
#2338=CARTESIAN_POINT('Ctrl Pts',(60.4501613020811,39.5368911784628,-0.221704158504128));
#2339=CARTESIAN_POINT('Ctrl Pts',(62.4459942686855,38.2887006255966,-0.340883963677482));
#2340=CARTESIAN_POINT('Ctrl Pts',(63.6006897758414,36.237369171784,-0.460063768850835));
#2341=CARTESIAN_POINT('Ctrl Pts',(63.6324077187633,33.8835846459674,-0.57924357402419));
#2342=CARTESIAN_POINT('Ctrl Pts',(62.5334034058789,31.8018818276619,-0.698423379197543));
#2343=CARTESIAN_POINT('Ctrl Pts',(60.5719305431882,30.500373326239,-0.817603184370897));
#2344=CARTESIAN_POINT('Ctrl Pts',(58.2267580134627,30.2967417635882,-0.936782989544251));
#2345=CARTESIAN_POINT('Ctrl Pts',(56.070311641209,31.2406901109795,-1.0559627947176));
#2346=CARTESIAN_POINT('Ctrl Pts',(54.6289512470667,33.1018134732278,-1.17514259989096));
#2347=CARTESIAN_POINT('Ctrl Pts',(54.2544938622484,35.4258361319288,-1.29432240506431));
#2348=CARTESIAN_POINT('Ctrl Pts',(55.0383395357592,37.6454950581271,-1.41350221023767));
#2349=CARTESIAN_POINT('Ctrl Pts',(56.789161947938,39.2190008966444,-1.53268201541102));
#2350=CARTESIAN_POINT('Ctrl Pts',(59.0796085545783,39.7622817557365,-1.65186182058437));
#2351=CARTESIAN_POINT('Ctrl Pts',(61.350611712003,39.1427299714566,-1.77104162575773));
#2352=CARTESIAN_POINT('Ctrl Pts',(63.0478496591886,37.5115699242765,-1.89022143093108));
#2353=CARTESIAN_POINT('Ctrl Pts',(63.7570491179506,35.266946151755,-2.00940123610444));
#2354=CARTESIAN_POINT('Ctrl Pts',(63.3051039033504,32.9567415561123,-2.12858104127779));
#2355=CARTESIAN_POINT('Ctrl Pts',(61.8023278500762,31.1448464473712,-2.24776084645114));
#2356=CARTESIAN_POINT('Ctrl Pts',(59.6155286671614,30.2735203976999,-2.3669406516245));
#2357=CARTESIAN_POINT('Ctrl Pts',(57.2784750401849,30.5554425426955,-2.48612045679785));
#2358=CARTESIAN_POINT('Ctrl Pts',(55.3616107722131,31.9217994248584,-2.60530026197121));
#2359=CARTESIAN_POINT('Ctrl Pts',(54.3328170151501,34.039081445905,-2.72448006714456));
#2360=CARTESIAN_POINT('Ctrl Pts',(54.4432086841976,36.3904881377909,-2.84365987231791));
#2361=CARTESIAN_POINT('Ctrl Pts',(55.6658406366394,38.402072304586,-2.96283967749127));
#2362=CARTESIAN_POINT('Ctrl Pts',(57.7022846238975,39.582832922999,-3.08201948266462));
#2363=CARTESIAN_POINT('Ctrl Pts',(60.0554716701222,39.6445619819114,-3.20119928783797));
#2364=CARTESIAN_POINT('Ctrl Pts',(62.1510200185015,38.5721922365161,-3.32037909301133));
#2365=CARTESIAN_POINT('Ctrl Pts',(63.4774341023067,36.6274749229928,-3.43955889818468));
#2366=CARTESIAN_POINT('Ctrl Pts',(63.7109538307545,34.2850897523473,-3.55873870335803));
#2367=CARTESIAN_POINT('Ctrl Pts',(62.7945801343949,32.1167818867861,-3.67791850853139));
#2368=CARTESIAN_POINT('Ctrl Pts',(60.9519876822077,30.6518065264552,-3.79709831370474));
#2369=CARTESIAN_POINT('Ctrl Pts',(58.6329288606312,30.2477447325384,-3.9162781188781));
#2370=CARTESIAN_POINT('Ctrl Pts',(56.4034551793513,31.0032226314302,-4.03545792405145));
#2371=CARTESIAN_POINT('Ctrl Pts',(54.807751603126,32.7338380849774,-4.15463772922481));
#2372=CARTESIAN_POINT('Ctrl Pts',(54.2353082172993,35.0171708073938,-4.27381753439816));
#2373=CARTESIAN_POINT('Ctrl Pts',(54.82585086226,37.2958895561026,-4.39299733957151));
#2374=CARTESIAN_POINT('Ctrl Pts',(56.4352359084449,39.0137892983318,-4.51217714474487));
#2375=CARTESIAN_POINT('Ctrl Pts',(58.6706338050969,39.7515534848289,-4.63135694991822));
#2376=CARTESIAN_POINT('Ctrl Pts',(60.9864135650353,39.3291036597682,-4.75053675509157));
#2377=CARTESIAN_POINT('Ctrl Pts',(62.8173240540431,37.8495542241373,-4.86971656026493));
#2378=CARTESIAN_POINT('Ctrl Pts',(63.7164642980012,35.6740435776616,-4.98889636543828));
#2379=CARTESIAN_POINT('Ctrl Pts',(63.464366085161,33.3335850238057,-5.10807617061164));
#2380=CARTESIAN_POINT('Ctrl Pts',(62.1225632466782,31.3994534631631,-5.22725597578499));
#2381=CARTESIAN_POINT('Ctrl Pts',(60.018572064312,30.343744764819,-5.34643578095835));
#2382=CARTESIAN_POINT('Ctrl Pts',(57.6659488886225,30.4241434242789,-5.46561558613169));
#2383=CARTESIAN_POINT('Ctrl Pts',(55.6389378431006,31.6210251947836,-5.58479539130505));
#2384=CARTESIAN_POINT('Ctrl Pts',(54.4323054475911,33.6422471057427,-5.7039751964784));
#2385=CARTESIAN_POINT('Ctrl Pts',(54.3405746709633,35.9944556882995,-5.82315500165176));
#2386=CARTESIAN_POINT('Ctrl Pts',(55.3861357795235,38.1035080156495,-5.94233480682512));
#2387=CARTESIAN_POINT('Ctrl Pts',(57.3137811698843,39.4546123788484,-6.06151461199846));
#2388=CARTESIAN_POINT('Ctrl Pts',(59.6529981611252,39.7179821172839,-6.18069441717182));
#2389=CARTESIAN_POINT('Ctrl Pts',(61.8328149016255,38.8293321698528,-6.29987422234517));
#2390=CARTESIAN_POINT('Ctrl Pts',(63.3211670274637,37.0055702060135,-6.41905402751853));
#2391=CARTESIAN_POINT('Ctrl Pts',(63.7547675189509,34.6918523396745,-6.53823383269188));
#2392=CARTESIAN_POINT('Ctrl Pts',(63.0277802452727,32.452926424164,-6.65741363786523));
#2393=CARTESIAN_POINT('Ctrl Pts',(61.317653160728,30.8352845892881,-6.77659344303859));
#2394=CARTESIAN_POINT('Ctrl Pts',(59.041805611887,30.2337717584451,-6.89577324821194));
#2395=CARTESIAN_POINT('Ctrl Pts',(56.7557418097037,30.7952092381175,-7.0149530533853));
#2396=CARTESIAN_POINT('Ctrl Pts',(55.017459617114,32.3825575836801,-7.13413285855865));
#2397=CARTESIAN_POINT('Ctrl Pts',(54.2512506692505,34.6083661108109,-7.25331266373201));
#2398=CARTESIAN_POINT('Ctrl Pts',(54.6441364110361,36.9293444702825,-7.37249246890535));
#2399=CARTESIAN_POINT('Ctrl Pts',(56.100218642217,38.7789726186609,-7.49167227407871));
#2400=CARTESIAN_POINT('Ctrl Pts',(58.2640869965199,39.705780849354,-7.61085207925207));
#2401=CARTESIAN_POINT('Ctrl Pts',(60.607569899633,39.4835475619042,-7.73003188442542));
#2402=CARTESIAN_POINT('Ctrl Pts',(62.5586542474095,38.166516955162,-7.84921168959878));
#2403=CARTESIAN_POINT('Ctrl Pts',(63.6411062202035,36.0761587375761,-7.96839149477212));
#2404=CARTESIAN_POINT('Ctrl Pts',(63.5907136438084,33.7227016337651,-8.08757129994547));
#2405=CARTESIAN_POINT('Ctrl Pts',(62.4197766779615,31.6805933180171,-8.20675110511884));
#2406=CARTESIAN_POINT('Ctrl Pts',(60.414105510441,30.4482853536626,-8.32593091029218));
#2407=CARTESIAN_POINT('Ctrl Pts',(58.0632578798197,30.3265677754909,-8.44511071546554));
#2408=CARTESIAN_POINT('Ctrl Pts',(55.9410445225791,31.3451502304666,-8.5642905206389));
#2409=CARTESIAN_POINT('Ctrl Pts',(54.5654695805568,33.2554102468293,-8.68347032581225));
#2410=CARTESIAN_POINT('Ctrl Pts',(54.2722926581973,35.5910786829371,-8.80265013098561));
#2411=CARTESIAN_POINT('Ctrl Pts',(55.1330743549832,37.7820498424261,-8.92182993615896));
#2412=CARTESIAN_POINT('Ctrl Pts',(56.9377092719301,39.2935367155979,-9.04100974133231));
#2413=CARTESIAN_POINT('Ctrl Pts',(59.2457099536683,39.7566053976852,-9.16018954650567));
#2414=CARTESIAN_POINT('Ctrl Pts',(61.4937240358258,39.0582269632705,-9.27936935167902));
#2415=CARTESIAN_POINT('Ctrl Pts',(63.1330410876193,37.368866328316,-9.39854915685238));
#2416=CARTESIAN_POINT('Ctrl Pts',(63.7635255525947,35.100874024392,-9.51772896202572));
#2417=CARTESIAN_POINT('Ctrl Pts',(63.231284532516,32.8078369013214,-9.63690876719909));
#2418=CARTESIAN_POINT('Ctrl Pts',(61.6662310033409,31.0494549172091,-9.75608857237243));
#2419=CARTESIAN_POINT('Ctrl Pts',(59.4503737803206,30.2549257997925,-9.87526837754579));
#2420=CARTESIAN_POINT('Ctrl Pts',(57.1245742312944,30.6181835718825,-9.99444818271914));
#2421=CARTESIAN_POINT('Ctrl Pts',(55.2565291881421,32.0505618277872,-10.1136279878925));
#2422=CARTESIAN_POINT('Ctrl Pts',(54.3022036772784,34.2024360273047,-10.2328077930659));
#2423=CARTESIAN_POINT('Ctrl Pts',(54.4945359023957,36.5485622102742,-10.3519875982392));
#2424=CARTESIAN_POINT('Ctrl Pts',(55.7865801174976,38.5162820829838,-10.4711674034126));
#2425=CARTESIAN_POINT('Ctrl Pts',(57.862965461037,39.6253013147236,-10.5903472085859));
#2426=CARTESIAN_POINT('Ctrl Pts',(60.2168738016826,39.6049230156366,-10.7095270137593));
#2427=CARTESIAN_POINT('Ctrl Pts',(62.2737473242177,38.4601212583318,-10.8287068189326));
#2428=CARTESIAN_POINT('Ctrl Pts',(63.5315304741086,36.4703269727121,-10.947886624106));
#2429=CARTESIAN_POINT('Ctrl Pts',(63.6832150615551,34.1212225609915,-11.0670664292793));
#2430=CARTESIAN_POINT('Ctrl Pts',(62.6917768899643,31.9861932630315,-11.1862462344527));
#2431=CARTESIAN_POINT('Ctrl Pts',(60.7992128714316,30.5863714218713,-11.305426039626));
#2432=CARTESIAN_POINT('Ctrl Pts',(58.4674727891619,30.2634349885424,-11.4246058447994));
#2433=CARTESIAN_POINT('Ctrl Pts',(56.2657034804336,31.096208464571,-11.5437856499727));
#2434=CARTESIAN_POINT('Ctrl Pts',(54.7313276400005,32.8814228862938,-11.6629654551461));
#2435=CARTESIAN_POINT('Ctrl Pts',(54.2388660660512,35.1833310837301,-11.7821452603194));
#2436=CARTESIAN_POINT('Ctrl Pts',(54.9085220991822,37.4400677871384,-11.9013250654928));
#2437=CARTESIAN_POINT('Ctrl Pts',(56.5768415807537,39.1007934895559,-12.0205048706661));
#2438=CARTESIAN_POINT('Ctrl Pts',(58.8366098457432,39.7601470667426,-12.1396846758395));
#2439=CARTESIAN_POINT('Ctrl Pts',(61.1362474232008,39.2571890530097,-12.2588644810128));
#2440=CARTESIAN_POINT('Ctrl Pts',(62.9144432715961,37.714684830609,-12.3780442861862));
#2441=CARTESIAN_POINT('Ctrl Pts',(63.7371633616877,35.5091392282494,-12.4972240913596));
#2442=CARTESIAN_POINT('Ctrl Pts',(63.4035926279114,33.178896683353,-12.6164038965329));
#2443=CARTESIAN_POINT('Ctrl Pts',(61.9951512637611,31.2927385053007,-12.7355837017063));
#2444=CARTESIAN_POINT('Ctrl Pts',(59.8556211310626,30.3110508942385,-12.8547635068796));
#2445=CARTESIAN_POINT('Ctrl Pts',(57.5072331679396,30.473450784585,-12.973943312053));
#2446=CARTESIAN_POINT('Ctrl Pts',(55.5231977365615,31.7402985062438,-13.0931231172263));
#2447=CARTESIAN_POINT('Ctrl Pts',(54.3877915835339,33.8023733487751,-13.2123029223997));
#2448=CARTESIAN_POINT('Ctrl Pts',(54.3781522872552,36.1563501403276,-13.331482727573));
#2449=CARTESIAN_POINT('Ctrl Pts',(55.4966326910625,38.2276544495993,-13.4506625327464));
#2450=CARTESIAN_POINT('Ctrl Pts',(57.4702265189938,39.5107081668304,-13.5698423379197));
#2451=CARTESIAN_POINT('Ctrl Pts',(59.8172057679928,39.6923352910557,-13.6890221430931));
#2452=CARTESIAN_POINT('Ctrl Pts',(61.9647037507999,38.7282022171555,-13.8082019482665));
#2453=CARTESIAN_POINT('Ctrl Pts',(63.3885450411216,36.8536427799934,-13.9273817534398));
#2454=CARTESIAN_POINT('Ctrl Pts',(63.7411881138251,34.5262084661723,-14.0465615586132));
#2455=CARTESIAN_POINT('Ctrl Pts',(62.9365590237426,32.3140026721649,-14.1657413637865));
#2456=CARTESIAN_POINT('Ctrl Pts',(61.1710538254119,30.7569797816727,-14.2849211689599));
#2457=CARTESIAN_POINT('Ctrl Pts',(58.8756156789157,30.2352212042577,-14.4041009741332));
#2458=CARTESIAN_POINT('Ctrl Pts',(56.6105165373596,30.8760129684321,-14.5232807793066));
#2459=CARTESIAN_POINT('Ctrl Pts',(54.9286664728383,32.5230885943668,-14.6424605844799));
#2460=CARTESIAN_POINT('Ctrl Pts',(54.240522575809,34.7741201091831,-14.7616403896533));
#2461=CARTESIAN_POINT('Ctrl Pts',(54.7141865370599,37.0802719152745,-14.8808201948266));
#2462=CARTESIAN_POINT('Ctrl Pts',(55.7273350058711,38.2781214417734,-14.9602733982755));
#2463=CARTESIAN_POINT('Ctrl Pts',(56.3465978728845,38.7196563175488,-15.));
#2464=CARTESIAN_POINT('Ctrl Pts',(56.8638240294727,30.6381185627002,0.32891644835733));
#2465=CARTESIAN_POINT('Ctrl Pts',(56.1382672908408,30.9935836956826,0.289189846632879));
#2466=CARTESIAN_POINT('Ctrl Pts',(54.8688258182819,32.073487083641,0.209736643183976));
#2467=CARTESIAN_POINT('Ctrl Pts',(53.9727692135129,34.4084805759716,0.0905568380106221));
#2468=CARTESIAN_POINT('Ctrl Pts',(54.3039509008824,36.8870212241028,-0.0286229671627318));
#2469=CARTESIAN_POINT('Ctrl Pts',(55.7812865095022,38.9047474976779,-0.147802772336085));
#2470=CARTESIAN_POINT('Ctrl Pts',(58.0442928622782,39.9688565843654,-0.266982577509439));
#2471=CARTESIAN_POINT('Ctrl Pts',(60.5405446381579,39.8197576072904,-0.386162382682793));
#2472=CARTESIAN_POINT('Ctrl Pts',(62.6607664549932,38.4937744784232,-0.505342187856147));
#2473=CARTESIAN_POINT('Ctrl Pts',(63.8874275268557,36.3145952711906,-0.6245219930295));
#2474=CARTESIAN_POINT('Ctrl Pts',(63.9211222676948,33.8141128223732,-0.743701798202855));
#2475=CARTESIAN_POINT('Ctrl Pts',(62.7536233036219,31.6026693772597,-0.862881603376208));
#2476=CARTESIAN_POINT('Ctrl Pts',(60.6699030593959,30.2200452971454,-0.982061408549562));
#2477=CARTESIAN_POINT('Ctrl Pts',(58.1785693431151,30.0037225442133,-1.10124121372292));
#2478=CARTESIAN_POINT('Ctrl Pts',(55.8877240059594,31.0065017915717,-1.22042101889627));
#2479=CARTESIAN_POINT('Ctrl Pts',(54.3565318647742,32.983618325113,-1.33960082406962));
#2480=CARTESIAN_POINT('Ctrl Pts',(53.9587366935093,35.4524840199114,-1.45878062924298));
#2481=CARTESIAN_POINT('Ctrl Pts',(54.791434983305,37.8104815878468,-1.57796043441633));
#2482=CARTESIAN_POINT('Ctrl Pts',(56.6513761396139,39.482055042923,-1.69714023958969));
#2483=CARTESIAN_POINT('Ctrl Pts',(59.084573179122,40.059195489739,-1.81632004476304));
#2484=CARTESIAN_POINT('Ctrl Pts',(61.4971149704652,39.4010305873302,-1.93549984993639));
#2485=CARTESIAN_POINT('Ctrl Pts',(63.3001320486458,37.668209666617,-2.05467965510975));
#2486=CARTESIAN_POINT('Ctrl Pts',(64.0535318521941,35.2836913363161,-2.1738594602831));
#2487=CARTESIAN_POINT('Ctrl Pts',(63.5734194780408,32.8295049053906,-2.29303926545646));
#2488=CARTESIAN_POINT('Ctrl Pts',(61.9769839910621,30.9046847407523,-2.41221907062981));
#2489=CARTESIAN_POINT('Ctrl Pts',(59.6538941262115,29.9790539234435,-2.53139887580316));
#2490=CARTESIAN_POINT('Ctrl Pts',(57.171185317438,30.2785466628011,-2.65057868097652));
#2491=CARTESIAN_POINT('Ctrl Pts',(55.1348538664247,31.7300607522158,-2.76975848614987));
#2492=CARTESIAN_POINT('Ctrl Pts',(54.0419412804281,33.9793008482212,-2.88893829132322));
#2493=CARTESIAN_POINT('Ctrl Pts',(54.1592130306336,36.477257266323,-3.00811809649658));
#2494=CARTESIAN_POINT('Ctrl Pts',(55.458044637738,38.6142119655408,-3.12729790166993));
#2495=CARTESIAN_POINT('Ctrl Pts',(57.6214085278001,39.8685626379212,-3.24647770684329));
#2496=CARTESIAN_POINT('Ctrl Pts',(60.121256259541,39.9341389159108,-3.36565751201664));
#2497=CARTESIAN_POINT('Ctrl Pts',(62.3474081474045,38.7949344995365,-3.48483731718999));
#2498=CARTESIAN_POINT('Ctrl Pts',(63.7564900323611,36.7290140819956,-3.60401712236334));
#2499=CARTESIAN_POINT('Ctrl Pts',(64.0045637094677,34.2406414449391,-3.7231969275367));
#2500=CARTESIAN_POINT('Ctrl Pts',(63.0310776833795,31.9371953554601,-3.84237673271005));
#2501=CARTESIAN_POINT('Ctrl Pts',(61.0736469855042,30.38091646235,-3.96155653788341));
#2502=CARTESIAN_POINT('Ctrl Pts',(58.6100544953992,29.9516718085404,-4.08073634305676));
#2503=CARTESIAN_POINT('Ctrl Pts',(56.2416304748502,30.7542343226232,-4.19991614823012));
#2504=CARTESIAN_POINT('Ctrl Pts',(54.5464758240725,32.5927091361771,-4.31909595340346));
#2505=CARTESIAN_POINT('Ctrl Pts',(53.9383553170755,35.0183489237578,-4.43827575857682));
#2506=CARTESIAN_POINT('Ctrl Pts',(54.5657031064788,37.4390871750472,-4.55745556375018));
#2507=CARTESIAN_POINT('Ctrl Pts',(56.275391914964,39.264053779746,-4.67663536892353));
#2508=CARTESIAN_POINT('Ctrl Pts',(58.6501093733356,40.0477985870843,-4.79581517409689));
#2509=CARTESIAN_POINT('Ctrl Pts',(61.1102184366508,39.5990198813514,-4.91499497927024));
#2510=CARTESIAN_POINT('Ctrl Pts',(63.0552391014167,38.0272585942093,-5.03417478444359));
#2511=CARTESIAN_POINT('Ctrl Pts',(64.0104176126114,35.71616081569,-5.15335458961694));
#2512=CARTESIAN_POINT('Ctrl Pts',(63.7426075604715,33.229834870425,-5.2725343947903));
#2513=CARTESIAN_POINT('Ctrl Pts',(62.3171778278006,31.1751599551786,-5.39171419996365));
#2514=CARTESIAN_POINT('Ctrl Pts',(60.082056912411,30.0536549735968,-5.51089400513701));
#2515=CARTESIAN_POINT('Ctrl Pts',(57.5828081940298,30.1390644215233,-5.63007381031036));
#2516=CARTESIAN_POINT('Ctrl Pts',(55.4294651469945,31.4105409851728,-5.74925361548372));
#2517=CARTESIAN_POINT('Ctrl Pts',(54.1476302576691,33.5577340940088,-5.86843342065707));
#2518=CARTESIAN_POINT('Ctrl Pts',(54.050182426545,36.0565423800392,-5.98761322583043));
#2519=CARTESIAN_POINT('Ctrl Pts',(55.1609073771281,38.2970398726237,-6.10679303100378));
#2520=CARTESIAN_POINT('Ctrl Pts',(57.2086918762077,39.7323508408303,-6.22597283617713));
#2521=CARTESIAN_POINT('Ctrl Pts',(59.6936988793633,40.0121349082691,-6.34515264135049));
#2522=CARTESIAN_POINT('Ctrl Pts',(62.0093711261116,39.0681004937667,-6.46433244652384));
#2523=CARTESIAN_POINT('Ctrl Pts',(63.5904837247796,37.1306738808448,-6.58351225169719));
#2524=CARTESIAN_POINT('Ctrl Pts',(64.0511080541823,34.6727552171605,-6.70269205687055));
#2525=CARTESIAN_POINT('Ctrl Pts',(63.2788118229818,32.2942898586996,-6.8218718620439));
#2526=CARTESIAN_POINT('Ctrl Pts',(61.4621023012521,30.575829663123,-6.94105166721726));
#2527=CARTESIAN_POINT('Ctrl Pts',(59.0444141952914,29.9368279789142,-7.0602314723906));
#2528=CARTESIAN_POINT('Ctrl Pts',(56.6158731153669,30.5332566445934,-7.17941127756397));
#2529=CARTESIAN_POINT('Ctrl Pts',(54.769253738789,32.2195353309831,-7.29859108273731));
#2530=CARTESIAN_POINT('Ctrl Pts',(53.9552913708468,34.584065769294,-7.41777088791067));
#2531=CARTESIAN_POINT('Ctrl Pts',(54.3726634331363,37.0496974311091,-7.53695069308402));
#2532=CARTESIAN_POINT('Ctrl Pts',(55.9194949392359,39.0146023198665,-7.65613049825738));
#2533=CARTESIAN_POINT('Ctrl Pts',(58.2182248281193,39.9991732051151,-7.77531030343073));
#2534=CARTESIAN_POINT('Ctrl Pts',(60.7077636130278,39.7630893883017,-7.89449010860409));
#2535=CARTESIAN_POINT('Ctrl Pts',(62.7804478856397,38.3639757988487,-8.01366991377744));
#2536=CARTESIAN_POINT('Ctrl Pts',(63.9303628969639,36.1433375129371,-8.13284971895079));
#2537=CARTESIAN_POINT('Ctrl Pts',(63.8768296395887,33.6432028924657,-8.25202952412414));
#2538=CARTESIAN_POINT('Ctrl Pts',(62.6329148718356,31.4738216487257,-8.3712093292975));
#2539=CARTESIAN_POINT('Ctrl Pts',(60.5022416953077,30.1647109792445,-8.49038913447085));
#2540=CARTESIAN_POINT('Ctrl Pts',(58.0048791815604,30.035407440797,-8.60956893964421));
#2541=CARTESIAN_POINT('Ctrl Pts',(55.7504004073895,31.1174723126682,-8.72874874481756));
#2542=CARTESIAN_POINT('Ctrl Pts',(54.2890937491826,33.1467879068539,-8.84792854999091));
#2543=CARTESIAN_POINT('Ctrl Pts',(53.977644786579,35.6280251937368,-8.96710835516427));
#2544=CARTESIAN_POINT('Ctrl Pts',(54.8920740818135,37.9555470505927,-9.08628816033762));
#2545=CARTESIAN_POINT('Ctrl Pts',(56.80918156844,39.5612362530368,-9.20546796551097));
#2546=CARTESIAN_POINT('Ctrl Pts',(59.2610267281165,40.053165356766,-9.32464777068433));
#2547=CARTESIAN_POINT('Ctrl Pts',(61.6491466666564,39.3112609901032,-9.44382757585768));
#2548=CARTESIAN_POINT('Ctrl Pts',(63.3906329714126,37.5166121719575,-9.56300738103104));
#2549=CARTESIAN_POINT('Ctrl Pts',(64.0604119259565,35.1072688833879,-9.68218718620439));
#2550=CARTESIAN_POINT('Ctrl Pts',(63.4949993681585,32.6713198753812,-9.80136699137774));
#2551=CARTESIAN_POINT('Ctrl Pts',(61.8324050065083,30.80334800227,-9.9205467965511));
#2552=CARTESIAN_POINT('Ctrl Pts',(59.4784460801595,29.9593004306321,-10.0397266017244));
#2553=CARTESIAN_POINT('Ctrl Pts',(57.007692751628,30.3451979813827,-10.1589064068978));
#2554=CARTESIAN_POINT('Ctrl Pts',(55.0232231484123,31.8668481790426,-10.2780862120712));
#2555=CARTESIAN_POINT('Ctrl Pts',(54.0094199883522,34.1528363860937,-10.3972660172445));
#2556=CARTESIAN_POINT('Ctrl Pts',(54.2137391806882,36.6451831913694,-10.5164458224179));
#2557=CARTESIAN_POINT('Ctrl Pts',(55.5863091196623,38.7355397860082,-10.6356256275912));
#2558=CARTESIAN_POINT('Ctrl Pts',(57.7921036822299,39.9136778415315,-10.7548054327646));
#2559=CARTESIAN_POINT('Ctrl Pts',(60.2927176625461,39.8920294796509,-10.8739852379379));
#2560=CARTESIAN_POINT('Ctrl Pts',(62.4777843439374,38.6758787784635,-10.9931650431113));
#2561=CARTESIAN_POINT('Ctrl Pts',(63.8139579215207,36.5620719990502,-11.1123448482846));
#2562=CARTESIAN_POINT('Ctrl Pts',(63.9750961414834,34.0665613490645,-11.231524653458));
#2563=CARTESIAN_POINT('Ctrl Pts',(62.9218673008825,31.7984678899117,-11.3507044586314));
#2564=CARTESIAN_POINT('Ctrl Pts',(60.9113505948291,30.3114031620653,-11.4698842638047));
#2565=CARTESIAN_POINT('Ctrl Pts',(58.434286493604,29.968339948434,-11.5890640689781));
#2566=CARTESIAN_POINT('Ctrl Pts',(56.0952935006452,30.8530154307521,-11.7082438741514));
#2567=CARTESIAN_POINT('Ctrl Pts',(54.4652887925628,32.749492053796,-11.8274236793248));
#2568=CARTESIAN_POINT('Ctrl Pts',(53.942134906185,35.1948650194805,-11.9466034844981));
#2569=CARTESIAN_POINT('Ctrl Pts',(54.6535267686189,37.5922512103497,-12.0657832896715));
#2570=CARTESIAN_POINT('Ctrl Pts',(56.425823058672,39.35648044444,-12.1849630948448));
#2571=CARTESIAN_POINT('Ctrl Pts',(58.8264297510118,40.0569277577931,-12.3041429000182));
#2572=CARTESIAN_POINT('Ctrl Pts',(61.2693905819648,39.5226232485921,-12.4233227051915));
#2573=CARTESIAN_POINT('Ctrl Pts',(63.1584112041605,37.8839835629984,-12.5425025103649));
#2574=CARTESIAN_POINT('Ctrl Pts',(64.0324067305137,35.5409789216312,-12.6616823155382));
#2575=CARTESIAN_POINT('Ctrl Pts',(63.6780464413292,33.0655056907162,-12.7808621207116));
#2576=CARTESIAN_POINT('Ctrl Pts',(62.1818249849388,31.0617940645312,-12.9000419258849));
#2577=CARTESIAN_POINT('Ctrl Pts',(59.9089501797685,30.0189234811115,-13.0192217310583));
#2578=CARTESIAN_POINT('Ctrl Pts',(57.4142006305225,30.1914448274995,-13.1384015362317));
#2579=CARTESIAN_POINT('Ctrl Pts',(55.3065116217882,31.5372479197487,-13.257581341405));
#2580=CARTESIAN_POINT('Ctrl Pts',(54.1003420991384,33.7278400896536,-13.3767611465784));
#2581=CARTESIAN_POINT('Ctrl Pts',(54.090102040671,36.2285267870303,-13.4959409517517));
#2582=CARTESIAN_POINT('Ctrl Pts',(55.2782909289874,38.4289236435339,-13.6151207569251));
#2583=CARTESIAN_POINT('Ctrl Pts',(57.3748875688707,39.7919427583414,-13.7343005620984));
#2584=CARTESIAN_POINT('Ctrl Pts',(59.8681406069009,39.984889662093,-13.8534803672718));
#2585=CARTESIAN_POINT('Ctrl Pts',(62.1494798526913,38.9606676897035,-13.9726601724451));
#2586=CARTESIAN_POINT('Ctrl Pts',(63.6620610245452,36.9692776875694,-14.0918399776185));
#2587=CARTESIAN_POINT('Ctrl Pts',(64.0366823224255,34.4967877087062,-14.2110197827918));
#2588=CARTESIAN_POINT('Ctrl Pts',(63.1819053046094,32.1467077840502,-14.3301995879652));
#2589=CARTESIAN_POINT('Ctrl Pts',(61.3063662680911,30.4926445648471,-14.4493793931385));
#2590=CARTESIAN_POINT('Ctrl Pts',(58.8678665946054,29.9383677603917,-14.5685591983119));
#2591=CARTESIAN_POINT('Ctrl Pts',(56.4615967826618,30.6190964091235,-14.6877390034853));
#2592=CARTESIAN_POINT('Ctrl Pts',(54.6749266258348,32.3688248355586,-14.8069188086586));
#2593=CARTESIAN_POINT('Ctrl Pts',(53.9438946567187,34.7601502660716,-14.926098613832));
#2594=CARTESIAN_POINT('Ctrl Pts',(54.4470793827438,37.21003132026,-15.0452784190053));
#2595=CARTESIAN_POINT('Ctrl Pts',(55.5233715991818,38.4825359545979,-15.1247316224542));
#2596=CARTESIAN_POINT('Ctrl Pts',(56.1812295777638,38.9515891730672,-15.1644582241787));
#2597=CARTESIAN_POINT('Ctrl Pts',(56.7385020815539,30.3823179921968,0.164458224178665));
#2598=CARTESIAN_POINT('Ctrl Pts',(55.9703784908224,30.758637499395,0.124731622454213));
#2599=CARTESIAN_POINT('Ctrl Pts',(54.6264616195325,31.9018964946403,0.045278419005311));
#2600=CARTESIAN_POINT('Ctrl Pts',(53.6778353025175,34.3738790291085,-0.0739013861680426));
#2601=CARTESIAN_POINT('Ctrl Pts',(54.0284467066186,36.9978303220238,-0.193081191341397));
#2602=CARTESIAN_POINT('Ctrl Pts',(55.5924544154414,39.1339322529276,-0.31226099651475));
#2603=CARTESIAN_POINT('Ctrl Pts',(57.988226479829,40.2604703292434,-0.431440801688104));
#2604=CARTESIAN_POINT('Ctrl Pts',(60.6309279742347,40.102624036118,-0.550620606861458));
#2605=CARTESIAN_POINT('Ctrl Pts',(62.8755386413008,38.6988483312498,-0.669800412034812));
#2606=CARTESIAN_POINT('Ctrl Pts',(64.1741652778699,36.3918213705971,-0.788980217208165));
#2607=CARTESIAN_POINT('Ctrl Pts',(64.2098368166264,33.7446409987789,-0.90816002238152));
#2608=CARTESIAN_POINT('Ctrl Pts',(62.9738432013648,31.4034569268576,-1.02733982755487));
#2609=CARTESIAN_POINT('Ctrl Pts',(60.7678755756037,29.9397172680518,-1.14651963272823));
#2610=CARTESIAN_POINT('Ctrl Pts',(58.1303806727674,29.7107033248385,-1.26569943790158));
#2611=CARTESIAN_POINT('Ctrl Pts',(55.7051363707097,30.7723134721638,-1.38487924307493));
#2612=CARTESIAN_POINT('Ctrl Pts',(54.0841124824818,32.8654231769982,-1.50405904824829));
#2613=CARTESIAN_POINT('Ctrl Pts',(53.66297952477,35.4791319078939,-1.62323885342164));
#2614=CARTESIAN_POINT('Ctrl Pts',(54.5445304308507,37.9754681175665,-1.742418658595));
#2615=CARTESIAN_POINT('Ctrl Pts',(56.5135903312897,39.7451091892016,-1.86159846376835));
#2616=CARTESIAN_POINT('Ctrl Pts',(59.0895378036658,40.3561092237414,-1.9807782689417));
#2617=CARTESIAN_POINT('Ctrl Pts',(61.6436182289275,39.6593312032037,-2.09995807411506));
#2618=CARTESIAN_POINT('Ctrl Pts',(63.5524144381029,37.8248494089576,-2.21913787928841));
#2619=CARTESIAN_POINT('Ctrl Pts',(64.3500145864375,35.3004365208772,-2.33831768446177));
#2620=CARTESIAN_POINT('Ctrl Pts',(63.8417350527313,32.7022682546688,-2.45749748963512));
#2621=CARTESIAN_POINT('Ctrl Pts',(62.151640132048,30.6645230341334,-2.57667729480847));
#2622=CARTESIAN_POINT('Ctrl Pts',(59.6922595852616,29.6845874491871,-2.69585709998183));
#2623=CARTESIAN_POINT('Ctrl Pts',(57.063895594691,30.0016507829067,-2.81503690515518));
#2624=CARTESIAN_POINT('Ctrl Pts',(54.9080969606364,31.5383220795733,-2.93421671032853));
#2625=CARTESIAN_POINT('Ctrl Pts',(53.7510655457062,33.9195202505374,-3.05339651550189));
#2626=CARTESIAN_POINT('Ctrl Pts',(53.8752173770696,36.5640263948551,-3.17257632067524));
#2627=CARTESIAN_POINT('Ctrl Pts',(55.2502486388366,38.8263516264957,-3.29175612584859));
#2628=CARTESIAN_POINT('Ctrl Pts',(57.5405324317027,40.1542923528434,-3.41093593102195));
#2629=CARTESIAN_POINT('Ctrl Pts',(60.1870408489597,40.2237158499102,-3.5301157361953));
#2630=CARTESIAN_POINT('Ctrl Pts',(62.5437962763075,39.017676762557,-3.64929554136866));
#2631=CARTESIAN_POINT('Ctrl Pts',(64.0355459624153,36.8305532409985,-3.76847534654201));
#2632=CARTESIAN_POINT('Ctrl Pts',(64.298173588181,34.1961931375309,-3.88765515171537));
#2633=CARTESIAN_POINT('Ctrl Pts',(63.2675752323642,31.7576088241341,-4.00683495688872));
#2634=CARTESIAN_POINT('Ctrl Pts',(61.1953062888007,30.1100263982449,-4.12601476206208));
#2635=CARTESIAN_POINT('Ctrl Pts',(58.5871801301673,29.6555988845425,-4.24519456723543));
#2636=CARTESIAN_POINT('Ctrl Pts',(56.079805770349,30.5052460138161,-4.36437437240878));
#2637=CARTESIAN_POINT('Ctrl Pts',(54.2852000450191,32.4515801873768,-4.48355417758213));
#2638=CARTESIAN_POINT('Ctrl Pts',(53.6414024168517,35.0195270401218,-4.60273398275549));
#2639=CARTESIAN_POINT('Ctrl Pts',(54.3055553506975,37.5822847939919,-4.72191378792884));
#2640=CARTESIAN_POINT('Ctrl Pts',(56.115547921483,39.5143182611602,-4.8410935931022));
#2641=CARTESIAN_POINT('Ctrl Pts',(58.6295849415742,40.3440436893398,-4.96027339827555));
#2642=CARTESIAN_POINT('Ctrl Pts',(61.2340233082663,39.8689361029346,-5.0794532034489));
#2643=CARTESIAN_POINT('Ctrl Pts',(63.2931541487903,38.2049629642813,-5.19863300862226));
#2644=CARTESIAN_POINT('Ctrl Pts',(64.3043709272216,35.7582780537184,-5.31781281379561));
#2645=CARTESIAN_POINT('Ctrl Pts',(64.0208490357819,33.1260847170443,-5.43699261896896));
#2646=CARTESIAN_POINT('Ctrl Pts',(62.5117924089231,30.950866447194,-5.55617242414232));
#2647=CARTESIAN_POINT('Ctrl Pts',(60.14554176051,29.7635651823746,-5.67535222931567));
#2648=CARTESIAN_POINT('Ctrl Pts',(57.4996674994371,29.8539854187678,-5.79453203448903));
#2649=CARTESIAN_POINT('Ctrl Pts',(55.2199924508885,31.2000567755619,-5.91371183966238));
#2650=CARTESIAN_POINT('Ctrl Pts',(53.862955067747,33.4732210822749,-6.03289164483573));
#2651=CARTESIAN_POINT('Ctrl Pts',(53.7597901821268,36.1186290717789,-6.15207145000909));
#2652=CARTESIAN_POINT('Ctrl Pts',(54.9356789747326,38.4905717295979,-6.27125125518244));
#2653=CARTESIAN_POINT('Ctrl Pts',(57.1036025825312,40.0100893028121,-6.3904310603558));
#2654=CARTESIAN_POINT('Ctrl Pts',(59.7343995976013,40.3062876992543,-6.50961086552915));
#2655=CARTESIAN_POINT('Ctrl Pts',(62.1859273505977,39.3068688176807,-6.6287906707025));
#2656=CARTESIAN_POINT('Ctrl Pts',(63.8598004220955,37.2557775556762,-6.74797047587585));
#2657=CARTESIAN_POINT('Ctrl Pts',(64.3474485894135,34.6536580946466,-6.86715028104921));
#2658=CARTESIAN_POINT('Ctrl Pts',(63.5298434006909,32.1356532932352,-6.98633008622256));
#2659=CARTESIAN_POINT('Ctrl Pts',(61.6065514417761,30.3163747369579,-7.10550989139592));
#2660=CARTESIAN_POINT('Ctrl Pts',(59.0470227786958,29.6398841993833,-7.22468969656927));
#2661=CARTESIAN_POINT('Ctrl Pts',(56.4760044210302,30.2713040510693,-7.34386950174263));
#2662=CARTESIAN_POINT('Ctrl Pts',(54.5210478604641,32.0565130782861,-7.46304930691598));
#2663=CARTESIAN_POINT('Ctrl Pts',(53.659332072443,34.5597654277772,-7.58222911208933));
#2664=CARTESIAN_POINT('Ctrl Pts',(54.1011904552366,37.1700503919357,-7.70140891726269));
#2665=CARTESIAN_POINT('Ctrl Pts',(55.7387712362548,39.2502320210722,-7.82058872243604));
#2666=CARTESIAN_POINT('Ctrl Pts',(58.1723626597186,40.2925655608763,-7.93976852760939));
#2667=CARTESIAN_POINT('Ctrl Pts',(60.8079573264225,40.0426312146992,-8.05894833278276));
#2668=CARTESIAN_POINT('Ctrl Pts',(63.0022415238699,38.5614346425354,-8.1781281379561));
#2669=CARTESIAN_POINT('Ctrl Pts',(64.2196195737243,36.2105162882981,-8.29730794312946));
#2670=CARTESIAN_POINT('Ctrl Pts',(64.1629456353688,33.5637041511662,-8.4164877483028));
#2671=CARTESIAN_POINT('Ctrl Pts',(62.8460530657097,31.2670499794343,-8.53566755347617));
#2672=CARTESIAN_POINT('Ctrl Pts',(60.5903778801743,29.8811366048264,-8.65484735864951));
#2673=CARTESIAN_POINT('Ctrl Pts',(57.9465004833013,29.7442471061032,-8.77402716382288));
#2674=CARTESIAN_POINT('Ctrl Pts',(55.5597562921998,30.8897943948698,-8.89320696899623));
#2675=CARTESIAN_POINT('Ctrl Pts',(54.0127179178085,33.0381655668784,-9.01238677416958));
#2676=CARTESIAN_POINT('Ctrl Pts',(53.6829969149607,35.6649717045365,-9.13156657934294));
#2677=CARTESIAN_POINT('Ctrl Pts',(54.6510738086438,38.1290442587593,-9.25074638451628));
#2678=CARTESIAN_POINT('Ctrl Pts',(56.68065386495,39.8289357904758,-9.36992618968964));
#2679=CARTESIAN_POINT('Ctrl Pts',(59.2763435025648,40.3497253158468,-9.489105994863));
#2680=CARTESIAN_POINT('Ctrl Pts',(61.804569297487,39.5642950169359,-9.60828580003634));
#2681=CARTESIAN_POINT('Ctrl Pts',(63.6482248552058,37.6643580155989,-9.72746560520971));
#2682=CARTESIAN_POINT('Ctrl Pts',(64.3572982993182,35.1136637423839,-9.84664541038305));
#2683=CARTESIAN_POINT('Ctrl Pts',(63.7587142038009,32.5348028494409,-9.96582521555642));
#2684=CARTESIAN_POINT('Ctrl Pts',(61.9985790096757,30.557241087331,-10.0850050207298));
#2685=CARTESIAN_POINT('Ctrl Pts',(59.5065183799985,29.6636750614717,-10.2041848259031));
#2686=CARTESIAN_POINT('Ctrl Pts',(56.8908112719616,30.0722123908831,-10.3233646310765));
#2687=CARTESIAN_POINT('Ctrl Pts',(54.7899171086826,31.6831345302979,-10.4425444362498));
#2688=CARTESIAN_POINT('Ctrl Pts',(53.716636299426,34.1032367448828,-10.5617242414232));
#2689=CARTESIAN_POINT('Ctrl Pts',(53.9329424589807,36.7418041724646,-10.6809040465965));
#2690=CARTESIAN_POINT('Ctrl Pts',(55.386038121827,38.9547974890326,-10.8000838517699));
#2691=CARTESIAN_POINT('Ctrl Pts',(57.7212419034228,40.2020543683393,-10.9192636569433));
#2692=CARTESIAN_POINT('Ctrl Pts',(60.3685615234097,40.1791359436652,-11.0384434621166));
#2693=CARTESIAN_POINT('Ctrl Pts',(62.6818213636571,38.8916362985952,-11.15762326729));
#2694=CARTESIAN_POINT('Ctrl Pts',(64.0963853689328,36.6538170253883,-11.2768030724633));
#2695=CARTESIAN_POINT('Ctrl Pts',(64.2669772214118,34.0119001371375,-11.3959828776367));
#2696=CARTESIAN_POINT('Ctrl Pts',(63.1519577118007,31.6107425167919,-11.51516268281));
#2697=CARTESIAN_POINT('Ctrl Pts',(61.0234883182266,30.0364349022594,-11.6343424879834));
#2698=CARTESIAN_POINT('Ctrl Pts',(58.4011001980462,29.6732449083255,-11.7535222931567));
#2699=CARTESIAN_POINT('Ctrl Pts',(55.9248835208568,30.6098223969333,-11.8727020983301));
#2700=CARTESIAN_POINT('Ctrl Pts',(54.1992499451252,32.6175612212983,-11.9918819035034));
#2701=CARTESIAN_POINT('Ctrl Pts',(53.6454037463187,35.2063989552308,-12.1110617086768));
#2702=CARTESIAN_POINT('Ctrl Pts',(54.3985314380555,37.7444346335611,-12.2302415138501));
#2703=CARTESIAN_POINT('Ctrl Pts',(56.2748045365904,39.612167399324,-12.3494213190235));
#2704=CARTESIAN_POINT('Ctrl Pts',(58.8162496562804,40.3537084488435,-12.4686011241968));
#2705=CARTESIAN_POINT('Ctrl Pts',(61.4025337407289,39.7880574441746,-12.5877809293702));
#2706=CARTESIAN_POINT('Ctrl Pts',(63.4023791367249,38.0532822953877,-12.7069607345436));
#2707=CARTESIAN_POINT('Ctrl Pts',(64.3276500993398,35.572818615013,-12.8261405397169));
#2708=CARTESIAN_POINT('Ctrl Pts',(63.952500254747,32.9521146980793,-12.9453203448903));
#2709=CARTESIAN_POINT('Ctrl Pts',(62.3684987061166,30.8308496237616,-13.0645001500636));
#2710=CARTESIAN_POINT('Ctrl Pts',(59.9622792284744,29.7267960679845,-13.183679955237));
#2711=CARTESIAN_POINT('Ctrl Pts',(57.3211680931055,29.9094388704141,-13.3028597604103));
#2712=CARTESIAN_POINT('Ctrl Pts',(55.0898255070149,31.3341973332535,-13.4220395655837));
#2713=CARTESIAN_POINT('Ctrl Pts',(53.8128926147428,33.6533068305322,-13.541219370757));
#2714=CARTESIAN_POINT('Ctrl Pts',(53.8020517940867,36.300703433733,-13.6603991759304));
#2715=CARTESIAN_POINT('Ctrl Pts',(55.0599491669123,38.6301928374685,-13.7795789811037));
#2716=CARTESIAN_POINT('Ctrl Pts',(57.2795486187476,40.0731773498524,-13.8987587862771));
#2717=CARTESIAN_POINT('Ctrl Pts',(59.9190754458089,40.2774440331303,-14.0179385914504));
#2718=CARTESIAN_POINT('Ctrl Pts',(62.3342559545828,39.1931331622514,-14.1371183966238));
#2719=CARTESIAN_POINT('Ctrl Pts',(63.9355770079687,37.0849125951455,-14.2562982017971));
#2720=CARTESIAN_POINT('Ctrl Pts',(64.3321765310259,34.4673669512401,-14.3754780069705));
#2721=CARTESIAN_POINT('Ctrl Pts',(63.4272515854762,31.9794128959355,-14.4946578121439));
#2722=CARTESIAN_POINT('Ctrl Pts',(61.4416787107702,30.2283093480215,-14.6138376173172));
#2723=CARTESIAN_POINT('Ctrl Pts',(58.860117510295,29.6415143165258,-14.7330174224906));
#2724=CARTESIAN_POINT('Ctrl Pts',(56.3126770279641,30.3621798498148,-14.8521972276639));
#2725=CARTESIAN_POINT('Ctrl Pts',(54.4211867788312,32.2145610767505,-14.9713770328373));
#2726=CARTESIAN_POINT('Ctrl Pts',(53.6472667376284,34.74618042296,-15.0905568380106));
#2727=CARTESIAN_POINT('Ctrl Pts',(54.1799722284277,37.3397907252455,-15.209736643184));
#2728=CARTESIAN_POINT('Ctrl Pts',(55.3194081924926,38.6869504674225,-15.2891898466329));
#2729=CARTESIAN_POINT('Ctrl Pts',(56.0158612826431,39.1835220285855,-15.3289164483573));
#2730=CARTESIAN_POINT('Ctrl Pts',(56.6131801336351,30.1265174216934,0.));
#2731=CARTESIAN_POINT('Ctrl Pts',(55.802489690804,30.5236913031075,-0.0397266017244512));
#2732=CARTESIAN_POINT('Ctrl Pts',(54.3840974207832,31.7303059056397,-0.119179805173354));
#2733=CARTESIAN_POINT('Ctrl Pts',(53.382901391522,34.3392774822453,-0.238359610346708));
#2734=CARTESIAN_POINT('Ctrl Pts',(53.7529425123547,37.1086394199447,-0.357539415520061));
#2735=CARTESIAN_POINT('Ctrl Pts',(55.4036223213805,39.3631170081772,-0.476719220693415));
#2736=CARTESIAN_POINT('Ctrl Pts',(57.9321600973798,40.5520840741215,-0.595899025866768));
#2737=CARTESIAN_POINT('Ctrl Pts',(60.7213113103115,40.3854904649456,-0.715078831040123));
#2738=CARTESIAN_POINT('Ctrl Pts',(63.0903108276084,38.9039221840763,-0.834258636213476));
#2739=CARTESIAN_POINT('Ctrl Pts',(64.4609030288841,36.4690474700037,-0.95343844138683));
#2740=CARTESIAN_POINT('Ctrl Pts',(64.498551365558,33.6751691751847,-1.07261824656018));
#2741=CARTESIAN_POINT('Ctrl Pts',(63.1940630991078,31.2042444764554,-1.19179805173354));
#2742=CARTESIAN_POINT('Ctrl Pts',(60.8658480918115,29.6593892389582,-1.31097785690689));
#2743=CARTESIAN_POINT('Ctrl Pts',(58.0821920024198,29.4176841054636,-1.43015766208025));
#2744=CARTESIAN_POINT('Ctrl Pts',(55.52254873546,30.538125152756,-1.5493374672536));
#2745=CARTESIAN_POINT('Ctrl Pts',(53.8116931001894,32.7472280288834,-1.66851727242695));
#2746=CARTESIAN_POINT('Ctrl Pts',(53.3672223560309,35.5057797958764,-1.78769707760031));
#2747=CARTESIAN_POINT('Ctrl Pts',(54.2976258783965,38.1404546472862,-1.90687688277366));
#2748=CARTESIAN_POINT('Ctrl Pts',(56.3758045229655,40.0081633354802,-2.02605668794701));
#2749=CARTESIAN_POINT('Ctrl Pts',(59.0945024282096,40.6530229577439,-2.14523649312037));
#2750=CARTESIAN_POINT('Ctrl Pts',(61.7901214873897,39.9176318190773,-2.26441629829372));
#2751=CARTESIAN_POINT('Ctrl Pts',(63.80469682756,37.9814891512981,-2.38359610346707));
#2752=CARTESIAN_POINT('Ctrl Pts',(64.6464973206809,35.3171817054383,-2.50277590864043));
#2753=CARTESIAN_POINT('Ctrl Pts',(64.1100506274218,32.575031603947,-2.62195571381378));
#2754=CARTESIAN_POINT('Ctrl Pts',(62.3262962730338,30.4243613275145,-2.74113551898714));
#2755=CARTESIAN_POINT('Ctrl Pts',(59.7306250443118,29.3901209749307,-2.86031532416049));
#2756=CARTESIAN_POINT('Ctrl Pts',(56.9566058719441,29.7247549030124,-2.97949512933385));
#2757=CARTESIAN_POINT('Ctrl Pts',(54.681340054848,31.3465834069307,-3.0986749345072));
#2758=CARTESIAN_POINT('Ctrl Pts',(53.4601898109842,33.8597396528535,-3.21785473968056));
#2759=CARTESIAN_POINT('Ctrl Pts',(53.5912217235056,36.6507955233872,-3.3370345448539));
#2760=CARTESIAN_POINT('Ctrl Pts',(55.0424526399353,39.0384912874506,-3.45621435002726));
#2761=CARTESIAN_POINT('Ctrl Pts',(57.4596563356053,40.4400220677656,-3.57539415520061));
#2762=CARTESIAN_POINT('Ctrl Pts',(60.2528254383785,40.5132927839096,-3.69457396037397));
#2763=CARTESIAN_POINT('Ctrl Pts',(62.7401844052105,39.2404190255773,-3.81375376554732));
#2764=CARTESIAN_POINT('Ctrl Pts',(64.3146018924696,36.9320924000013,-3.93293357072067));
#2765=CARTESIAN_POINT('Ctrl Pts',(64.5917834668942,34.1517448301227,-4.05211337589403));
#2766=CARTESIAN_POINT('Ctrl Pts',(63.504072781349,31.5780222928081,-4.17129318106738));
#2767=CARTESIAN_POINT('Ctrl Pts',(61.3169655920971,29.8391363341398,-4.29047298624074));
#2768=CARTESIAN_POINT('Ctrl Pts',(58.5643057649353,29.3595259605445,-4.40965279141409));
#2769=CARTESIAN_POINT('Ctrl Pts',(55.9179810658479,30.256257705009,-4.52883259658745));
#2770=CARTESIAN_POINT('Ctrl Pts',(54.0239242659657,32.3104512385765,-4.6480124017608));
#2771=CARTESIAN_POINT('Ctrl Pts',(53.344449516628,35.0207051564859,-4.76719220693415));
#2772=CARTESIAN_POINT('Ctrl Pts',(54.0454075949162,37.7254824129366,-4.8863720121075));
#2773=CARTESIAN_POINT('Ctrl Pts',(55.955703928002,39.7645827425745,-5.00555181728086));
#2774=CARTESIAN_POINT('Ctrl Pts',(58.6090605098129,40.6402887915953,-5.12473162245421));
#2775=CARTESIAN_POINT('Ctrl Pts',(61.3578281798817,40.1388523245178,-5.24391142762757));
#2776=CARTESIAN_POINT('Ctrl Pts',(63.5310691961639,38.3826673343533,-5.36309123280092));
#2777=CARTESIAN_POINT('Ctrl Pts',(64.5983242418319,35.8003952917468,-5.48227103797427));
#2778=CARTESIAN_POINT('Ctrl Pts',(64.2990905110924,33.0223345636636,-5.60145084314763));
#2779=CARTESIAN_POINT('Ctrl Pts',(62.7064069900455,30.7265729392094,-5.72063064832098));
#2780=CARTESIAN_POINT('Ctrl Pts',(60.2090266086089,29.4734753911525,-5.83981045349434));
#2781=CARTESIAN_POINT('Ctrl Pts',(57.4165268048444,29.5689064160122,-5.95899025866768));
#2782=CARTESIAN_POINT('Ctrl Pts',(55.0105197547824,30.989572565951,-6.07817006384105));
#2783=CARTESIAN_POINT('Ctrl Pts',(53.578279877825,33.388708070541,-6.1973498690144));
#2784=CARTESIAN_POINT('Ctrl Pts',(53.4693979377085,36.1807157635187,-6.31652967418775));
#2785=CARTESIAN_POINT('Ctrl Pts',(54.7104505723372,38.684103586572,-6.43570947936111));
#2786=CARTESIAN_POINT('Ctrl Pts',(56.9985132888547,40.287827764794,-6.55488928453446));
#2787=CARTESIAN_POINT('Ctrl Pts',(59.7751003158393,40.6004404902395,-6.67406908970781));
#2788=CARTESIAN_POINT('Ctrl Pts',(62.3624835750838,39.5456371415946,-6.79324889488117));
#2789=CARTESIAN_POINT('Ctrl Pts',(64.1291171194115,37.3808812305075,-6.91242870005452));
#2790=CARTESIAN_POINT('Ctrl Pts',(64.6437891246448,34.6345609721327,-7.03160850522788));
#2791=CARTESIAN_POINT('Ctrl Pts',(63.7808749784,31.9770167277708,-7.15078831040123));
#2792=CARTESIAN_POINT('Ctrl Pts',(61.7510005823001,30.0569198107928,-7.26996811557458));
#2793=CARTESIAN_POINT('Ctrl Pts',(59.0496313621002,29.3429404198524,-7.38914792074794));
#2794=CARTESIAN_POINT('Ctrl Pts',(56.3361357266935,30.0093514575452,-7.50832772592129));
#2795=CARTESIAN_POINT('Ctrl Pts',(54.272841982139,31.8934908255892,-7.62750753109465));
#2796=CARTESIAN_POINT('Ctrl Pts',(53.3633727740393,34.5354650862604,-7.746687336268));
#2797=CARTESIAN_POINT('Ctrl Pts',(53.8297174773369,37.2904033527623,-7.86586714144135));
#2798=CARTESIAN_POINT('Ctrl Pts',(55.5580475332737,39.4858617222779,-7.9850469466147));
#2799=CARTESIAN_POINT('Ctrl Pts',(58.126500491318,40.5859579166374,-8.10422675178807));
#2800=CARTESIAN_POINT('Ctrl Pts',(60.9081510398173,40.3221730410967,-8.22340655696141));
#2801=CARTESIAN_POINT('Ctrl Pts',(63.2240351621001,38.7588934862221,-8.34258636213477));
#2802=CARTESIAN_POINT('Ctrl Pts',(64.5088762504847,36.277695063659,-8.46176616730812));
#2803=CARTESIAN_POINT('Ctrl Pts',(64.449061631149,33.4842054098668,-8.58094597248147));
#2804=CARTESIAN_POINT('Ctrl Pts',(63.0591912595838,31.0602783101429,-8.70012577765483));
#2805=CARTESIAN_POINT('Ctrl Pts',(60.678514065041,29.5975622304083,-8.81930558282818));
#2806=CARTESIAN_POINT('Ctrl Pts',(57.888121785042,29.4530867714093,-8.93848538800154));
#2807=CARTESIAN_POINT('Ctrl Pts',(55.3691121770101,30.6621164770714,-9.05766519317489));
#2808=CARTESIAN_POINT('Ctrl Pts',(53.7363420864344,32.929543226903,-9.17684499834824));
#2809=CARTESIAN_POINT('Ctrl Pts',(53.3883490433425,35.7019182153362,-9.29602480352159));
#2810=CARTESIAN_POINT('Ctrl Pts',(54.4100735354741,38.3025414669259,-9.41520460869496));
#2811=CARTESIAN_POINT('Ctrl Pts',(56.5521261614599,40.0966353279148,-9.5343844138683));
#2812=CARTESIAN_POINT('Ctrl Pts',(59.291660277013,40.6462852749274,-9.65356421904166));
#2813=CARTESIAN_POINT('Ctrl Pts',(61.9599919283175,39.8173290437686,-9.77274402421501));
#2814=CARTESIAN_POINT('Ctrl Pts',(63.9058167389991,37.8121038592402,-9.89192382938838));
#2815=CARTESIAN_POINT('Ctrl Pts',(64.65418467268,35.1200586013798,-10.0111036345617));
#2816=CARTESIAN_POINT('Ctrl Pts',(64.0224290394432,32.3982858235007,-10.1302834397351));
#2817=CARTESIAN_POINT('Ctrl Pts',(62.1647530128431,30.311134172392,-10.2494632449084));
#2818=CARTESIAN_POINT('Ctrl Pts',(59.5345906798374,29.3680496923114,-10.3686430500818));
#2819=CARTESIAN_POINT('Ctrl Pts',(56.7739297922953,29.7992268003833,-10.4878228552551));
#2820=CARTESIAN_POINT('Ctrl Pts',(54.5566110689527,31.4994208815533,-10.6070026604285));
#2821=CARTESIAN_POINT('Ctrl Pts',(53.4238526104999,34.0536371036719,-10.7261824656019));
#2822=CARTESIAN_POINT('Ctrl Pts',(53.6521457372732,36.8384251535598,-10.8453622707752));
#2823=CARTESIAN_POINT('Ctrl Pts',(55.1857671239918,39.174055192057,-10.9645420759486));
#2824=CARTESIAN_POINT('Ctrl Pts',(57.6503801246157,40.4904308951472,-11.0837218811219));
#2825=CARTESIAN_POINT('Ctrl Pts',(60.4444053842732,40.4662424076794,-11.2029016862953));
#2826=CARTESIAN_POINT('Ctrl Pts',(62.8858583833768,39.1073938187268,-11.3220814914686));
#2827=CARTESIAN_POINT('Ctrl Pts',(64.3788128163448,36.7455620517265,-11.441261296642));
#2828=CARTESIAN_POINT('Ctrl Pts',(64.5588583013402,33.9572389252106,-11.5604411018153));
#2829=CARTESIAN_POINT('Ctrl Pts',(63.3820481227189,31.4230171436721,-11.6796209069887));
#2830=CARTESIAN_POINT('Ctrl Pts',(61.1356260416241,29.7614666424534,-11.798800712162));
#2831=CARTESIAN_POINT('Ctrl Pts',(58.3679139024882,29.378149868217,-11.9179805173354));
#2832=CARTESIAN_POINT('Ctrl Pts',(55.7544735410684,30.3666293631146,-12.0371603225087));
#2833=CARTESIAN_POINT('Ctrl Pts',(53.9332110976876,32.4856303888005,-12.1563401276821));
#2834=CARTESIAN_POINT('Ctrl Pts',(53.3486725864525,35.2179328909812,-12.2755199328554));
#2835=CARTESIAN_POINT('Ctrl Pts',(54.1435361074921,37.8966180567724,-12.3946997380288));
#2836=CARTESIAN_POINT('Ctrl Pts',(56.1237860145088,39.8678543542081,-12.5138795432022));
#2837=CARTESIAN_POINT('Ctrl Pts',(58.8060695615488,40.650489139894,-12.6330593483755));
#2838=CARTESIAN_POINT('Ctrl Pts',(61.535676899493,40.053491639757,-12.7522391535489));
#2839=CARTESIAN_POINT('Ctrl Pts',(63.6463470692891,38.2225810277771,-12.8714189587222));
#2840=CARTESIAN_POINT('Ctrl Pts',(64.622893468166,35.6046583083948,-12.9905987638956));
#2841=CARTESIAN_POINT('Ctrl Pts',(64.2269540681647,32.8387237054425,-13.1097785690689));
#2842=CARTESIAN_POINT('Ctrl Pts',(62.5551724272944,30.5999051829921,-13.2289583742423));
#2843=CARTESIAN_POINT('Ctrl Pts',(60.0156082771802,29.4346686548575,-13.3481381794156));
#2844=CARTESIAN_POINT('Ctrl Pts',(57.2281355556884,29.6274329133287,-13.467317984589));
#2845=CARTESIAN_POINT('Ctrl Pts',(54.8731393922415,31.1311467467584,-13.5864977897623));
#2846=CARTESIAN_POINT('Ctrl Pts',(53.5254431303472,33.5787735714108,-13.7056775949357));
#2847=CARTESIAN_POINT('Ctrl Pts',(53.5140015475026,36.3728800804356,-13.824857400109));
#2848=CARTESIAN_POINT('Ctrl Pts',(54.8416074048371,38.8314620314031,-13.9440372052824));
#2849=CARTESIAN_POINT('Ctrl Pts',(57.1842096686245,40.3544119413634,-14.0632170104557));
#2850=CARTESIAN_POINT('Ctrl Pts',(59.970010284717,40.5699984041675,-14.1823968156291));
#2851=CARTESIAN_POINT('Ctrl Pts',(62.5190320564743,39.4255986347994,-14.3015766208025));
#2852=CARTESIAN_POINT('Ctrl Pts',(64.2090929913922,37.2005475027216,-14.4207564259758));
#2853=CARTESIAN_POINT('Ctrl Pts',(64.6276707396263,34.4379461937741,-14.5399362311492));
#2854=CARTESIAN_POINT('Ctrl Pts',(63.672597866343,31.8121180078208,-14.6591160363225));
#2855=CARTESIAN_POINT('Ctrl Pts',(61.5769911534496,29.9639741311959,-14.7782958414959));
#2856=CARTESIAN_POINT('Ctrl Pts',(58.8523684259846,29.3446608726598,-14.8974756466692));
#2857=CARTESIAN_POINT('Ctrl Pts',(56.1637572732663,30.1052632905062,-15.0166554518426));
#2858=CARTESIAN_POINT('Ctrl Pts',(54.1674469318277,32.0602973179423,-15.1358352570159));
#2859=CARTESIAN_POINT('Ctrl Pts',(53.3506388185381,34.7322105798484,-15.2550150621893));
#2860=CARTESIAN_POINT('Ctrl Pts',(53.9128650741116,37.4695501302309,-15.3741948673626));
#2861=CARTESIAN_POINT('Ctrl Pts',(55.1154447858033,38.8913649802471,-15.4536480708115));
#2862=CARTESIAN_POINT('Ctrl Pts',(55.8504929875225,39.4154548841038,-15.493374672536));
#2863=CARTESIAN_POINT('Ctrl Pts',(62.9807005692436,32.7534368722904,-0.645449999999998));
#2864=CARTESIAN_POINT('Ctrl Pts',(62.8147029176144,32.4588638630732,-0.663107793065847));
#2865=CARTESIAN_POINT('Ctrl Pts',(62.1701927995786,31.560878395548,-0.720492187856146));
#2866=CARTESIAN_POINT('Ctrl Pts',(60.5719305431882,30.500373326239,-0.817603184370897));
#2867=CARTESIAN_POINT('Ctrl Pts',(58.2267580134627,30.2967417635882,-0.936782989544251));
#2868=CARTESIAN_POINT('Ctrl Pts',(56.070311641209,31.2406901109795,-1.0559627947176));
#2869=CARTESIAN_POINT('Ctrl Pts',(54.7154314034403,32.9901479660778,-1.16799193290312));
#2870=CARTESIAN_POINT('Ctrl Pts',(54.4300081950764,34.3747834963128,-1.24029446936419));
#2871=CARTESIAN_POINT('Ctrl Pts',(54.4293750876059,34.9983784884334,-1.2728704041008));
#2872=CARTESIAN_POINT('Ctrl Pts',(56.6129629443414,30.1263274262292,-15.));
#2873=CARTESIAN_POINT('Ctrl Pts',(56.5039779371552,30.1902888909373,-15.));
#2874=CARTESIAN_POINT('Ctrl Pts',(56.3974567482005,30.2579702196906,-15.));
#2875=CARTESIAN_POINT('Ctrl Pts',(56.2936089748908,30.3292957754418,-15.));
#2876=CARTESIAN_POINT('Ctrl Pts',(56.1661322639336,30.416850346566,-15.));
#2877=CARTESIAN_POINT('Ctrl Pts',(56.042682614067,30.5098953294594,-15.));
#2878=CARTESIAN_POINT('Ctrl Pts',(55.9235346563502,30.6080835512473,-15.));
#2879=CARTESIAN_POINT('Ctrl Pts',(55.8041147951187,30.7064958450472,-15.));
#2880=CARTESIAN_POINT('Ctrl Pts',(55.6890157959491,30.8100755129181,-15.));
#2881=CARTESIAN_POINT('Ctrl Pts',(55.5785536823662,30.9185070380422,-15.));
#2882=CARTESIAN_POINT('Ctrl Pts',(55.4762165927965,31.0189628987792,-15.));
#2883=CARTESIAN_POINT('Ctrl Pts',(55.3778594534911,31.1235838474799,-15.));
#2884=CARTESIAN_POINT('Ctrl Pts',(55.2837691542597,31.2321379021788,-15.));
#2885=CARTESIAN_POINT('Ctrl Pts',(55.245430577753,31.2763699639874,-15.));
#2886=CARTESIAN_POINT('Ctrl Pts',(55.2078008413313,31.32125520455,-15.));
#2887=CARTESIAN_POINT('Ctrl Pts',(55.170901178775,31.3667785362338,-15.));
#2888=CARTESIAN_POINT('Ctrl Pts',(55.1480136231703,31.3950150487936,-15.));
#2889=CARTESIAN_POINT('Ctrl Pts',(55.1254069691081,31.4234970590373,-15.));
#2890=CARTESIAN_POINT('Ctrl Pts',(55.1030865020256,31.4522210160358,-15.));
#2891=CARTESIAN_POINT('Ctrl Pts',(55.0905607053474,31.4683403223131,-15.));
#2892=CARTESIAN_POINT('Ctrl Pts',(55.0781236900052,31.4845376042243,-15.));
#2893=CARTESIAN_POINT('Ctrl Pts',(55.0657807423589,31.5008065242724,-15.));
#2894=CARTESIAN_POINT('Ctrl Pts',(54.9701406883212,31.6268672058134,-15.));
#2895=CARTESIAN_POINT('Ctrl Pts',(54.880388272931,31.7569018590819,-15.));
#2896=CARTESIAN_POINT('Ctrl Pts',(54.7968281777943,31.8905506614771,-15.));
#2897=CARTESIAN_POINT('Ctrl Pts',(54.7132680826577,32.0241994638723,-15.));
#2898=CARTESIAN_POINT('Ctrl Pts',(54.6358997777988,32.1614631936896,-15.));
#2899=CARTESIAN_POINT('Ctrl Pts',(54.5650830649847,32.3020106167059,-15.));
#2900=CARTESIAN_POINT('Ctrl Pts',(54.4970848687445,32.4369642296534,-15.));
#2901=CARTESIAN_POINT('Ctrl Pts',(54.4351274487022,32.5749463526001,-15.));
#2902=CARTESIAN_POINT('Ctrl Pts',(54.3793381976933,32.7155301345171,-15.));
#2903=CARTESIAN_POINT('Ctrl Pts',(54.3239966808299,32.8549856675631,-15.));
#2904=CARTESIAN_POINT('Ctrl Pts',(54.2747246811197,32.9970020450405,-15.));
#2905=CARTESIAN_POINT('Ctrl Pts',(54.2316975512395,33.1411633871604,-15.));
#2906=CARTESIAN_POINT('Ctrl Pts',(54.2200270292787,33.180265184417,-15.));
#2907=CARTESIAN_POINT('Ctrl Pts',(54.2088162310829,33.2195247526748,-15.));
#2908=CARTESIAN_POINT('Ctrl Pts',(54.19806931707,33.2589336890079,-15.));
#2909=CARTESIAN_POINT('Ctrl Pts',(54.191637000062,33.2825209970611,-15.));
#2910=CARTESIAN_POINT('Ctrl Pts',(54.185370096891,33.3061651037481,-15.));
#2911=CARTESIAN_POINT('Ctrl Pts',(54.1792757307595,33.3298392909774,-15.));
#2912=CARTESIAN_POINT('Ctrl Pts',(54.1423193425495,33.4734001527509,-15.));
#2913=CARTESIAN_POINT('Ctrl Pts',(54.1116528249395,33.6182446274825,-15.));
#2914=CARTESIAN_POINT('Ctrl Pts',(54.087348936078,33.7639603575467,-15.));
#2915=CARTESIAN_POINT('Ctrl Pts',(54.0631181673446,33.9092376905749,-15.));
#2916=CARTESIAN_POINT('Ctrl Pts',(54.0452117488632,34.0553818217602,-15.));
#2917=CARTESIAN_POINT('Ctrl Pts',(54.0337532430044,34.201987815613,-15.));
#2918=CARTESIAN_POINT('Ctrl Pts',(54.0224703980028,34.3463463144712,-15.));
#2919=CARTESIAN_POINT('Ctrl Pts',(54.0174393355553,34.4911533190859,-15.));
#2920=CARTESIAN_POINT('Ctrl Pts',(54.0188278371986,34.6360149497945,-15.));
#2921=CARTESIAN_POINT('Ctrl Pts',(54.0192363849565,34.6786385179549,-15.));
#2922=CARTESIAN_POINT('Ctrl Pts',(54.0202010370152,34.7212667295298,-15.));
#2923=CARTESIAN_POINT('Ctrl Pts',(54.0217268978562,34.7638892957523,-15.));
#2924=CARTESIAN_POINT('Ctrl Pts',(54.0253701957948,34.865659197356,-15.));
#2925=CARTESIAN_POINT('Ctrl Pts',(54.032212323516,34.9673973340039,-15.));
#2926=CARTESIAN_POINT('Ctrl Pts',(54.0422359708425,35.0689545734442,-15.));
#2927=CARTESIAN_POINT('Ctrl Pts',(54.0456639561738,35.1036861153418,-15.));
#2928=CARTESIAN_POINT('Ctrl Pts',(54.0494641312164,35.1383964474942,-15.));
#2929=CARTESIAN_POINT('Ctrl Pts',(54.0536360750736,35.1730794277081,-15.));
#2930=CARTESIAN_POINT('Ctrl Pts',(54.0559556134693,35.1923626460441,-15.));
#2931=CARTESIAN_POINT('Ctrl Pts',(54.058390335052,35.2116393602879,-15.));
#2932=CARTESIAN_POINT('Ctrl Pts',(54.060939358497,35.2309022848963,-15.));
#2933=CARTESIAN_POINT('Ctrl Pts',(54.0798403969902,35.3737370949207,-15.));
#2934=CARTESIAN_POINT('Ctrl Pts',(54.1049700911555,35.5154342945389,-15.));
#2935=CARTESIAN_POINT('Ctrl Pts',(54.1361766740321,35.6556012523463,-15.));
#2936=CARTESIAN_POINT('Ctrl Pts',(54.1674721809478,35.7961676198583,-15.));
#2937=CARTESIAN_POINT('Ctrl Pts',(54.2048795509679,35.9351957641147,-15.));
#2938=CARTESIAN_POINT('Ctrl Pts',(54.248295182094,36.0722739901578,-15.));
#2939=CARTESIAN_POINT('Ctrl Pts',(54.2913358306659,36.2081682660431,-15.));
#2940=CARTESIAN_POINT('Ctrl Pts',(54.3402817568099,36.3421468339944,-15.));
#2941=CARTESIAN_POINT('Ctrl Pts',(54.3950755957043,36.4737826023134,-15.));
#2942=CARTESIAN_POINT('Ctrl Pts',(54.4389032379736,36.5790733700372,-15.));
#2943=CARTESIAN_POINT('Ctrl Pts',(54.4864731620557,36.682864892021,-15.));
#2944=CARTESIAN_POINT('Ctrl Pts',(54.5377741492959,36.7849221571303,-15.));
#2945=CARTESIAN_POINT('Ctrl Pts',(54.563424642916,36.835950789685,-15.));
#2946=CARTESIAN_POINT('Ctrl Pts',(54.5900081440654,36.8865456042429,-15.));
#2947=CARTESIAN_POINT('Ctrl Pts',(54.6175246442769,36.9366755580286,-15.));
#2948=CARTESIAN_POINT('Ctrl Pts',(54.6283137595124,36.9563313225331,-15.));
#2949=CARTESIAN_POINT('Ctrl Pts',(54.6392463232063,36.9759156066397,-15.));
#2950=CARTESIAN_POINT('Ctrl Pts',(54.6503223718789,36.9954264874629,-15.));
#2951=CARTESIAN_POINT('Ctrl Pts',(54.659694317465,37.0119355259132,-15.));
#2952=CARTESIAN_POINT('Ctrl Pts',(54.6691673842514,37.0283891090671,-15.));
#2953=CARTESIAN_POINT('Ctrl Pts',(54.6787373385162,37.0447791828576,-15.));
#2954=CARTESIAN_POINT('Ctrl Pts',(54.6867024411684,37.0584206921697,-15.));
#2955=CARTESIAN_POINT('Ctrl Pts',(54.6947354824118,37.0720196591024,-15.));
#2956=CARTESIAN_POINT('Ctrl Pts',(54.7028363412673,37.0855755214138,-15.));
#2957=CARTESIAN_POINT('Ctrl Pts',(54.7754069614496,37.2070141679318,-15.));
#2958=CARTESIAN_POINT('Ctrl Pts',(54.8534168768796,37.3249964160474,-15.));
#2959=CARTESIAN_POINT('Ctrl Pts',(54.9365547113355,37.439225255865,-15.));
#2960=CARTESIAN_POINT('Ctrl Pts',(55.0196814247574,37.5534388157222,-15.));
#2961=CARTESIAN_POINT('Ctrl Pts',(55.1079353277762,37.6639004883967,-15.));
#2962=CARTESIAN_POINT('Ctrl Pts',(55.2010388750226,37.7702739845462,-15.));
#2963=CARTESIAN_POINT('Ctrl Pts',(55.2420437720887,37.8171232656873,-15.));
#2964=CARTESIAN_POINT('Ctrl Pts',(55.2839897456249,37.8631789952041,-15.));
#2965=CARTESIAN_POINT('Ctrl Pts',(55.326854671062,37.9084096235173,-15.));
#2966=CARTESIAN_POINT('Ctrl Pts',(55.348858210747,37.9316275322135,-15.));
#2967=CARTESIAN_POINT('Ctrl Pts',(55.3711039082021,37.9546279970969,-15.));
#2968=CARTESIAN_POINT('Ctrl Pts',(55.3935888504493,37.9774065580409,-15.));
#2969=CARTESIAN_POINT('Ctrl Pts',(55.4108277890416,37.9948706106063,-15.));
#2970=CARTESIAN_POINT('Ctrl Pts',(55.4282016967175,38.0121984374301,-15.));
#2971=CARTESIAN_POINT('Ctrl Pts',(55.4457042432132,38.0293837060927,-15.));
#2972=CARTESIAN_POINT('Ctrl Pts',(55.5448231188024,38.1267058018776,-15.));
#2973=CARTESIAN_POINT('Ctrl Pts',(55.6481127499782,38.2195076483755,-15.));
#2974=CARTESIAN_POINT('Ctrl Pts',(55.7552948717397,38.3074806998415,-15.));
#2975=CARTESIAN_POINT('Ctrl Pts',(55.8607095821481,38.3940030936104,-15.));
#2976=CARTESIAN_POINT('Ctrl Pts',(55.9698901157993,38.4758549604653,-15.));
#2977=CARTESIAN_POINT('Ctrl Pts',(56.082593764058,38.5526981477131,-15.));
#2978=CARTESIAN_POINT('Ctrl Pts',(56.1685780979897,38.6113236702652,-15.));
#2979=CARTESIAN_POINT('Ctrl Pts',(56.2566135773613,38.667033027855,-15.));
#2980=CARTESIAN_POINT('Ctrl Pts',(56.3465978728845,38.7196563175488,-15.));
#2981=CARTESIAN_POINT('Origin',(58.9999506004051,34.9982677990172,0.));
#2982=CARTESIAN_POINT('Origin',(58.9999506004051,34.9982677990172,2.77287040410079));
#2983=CARTESIAN_POINT('Ctrl Pts',(58.1752585467624,30.5031901774526,-0.645449999999999));
#2984=CARTESIAN_POINT('Ctrl Pts',(57.7381627620966,30.5835868348355,-0.668659610346706));
#2985=CARTESIAN_POINT('Ctrl Pts',(56.5841680488378,30.9727657804611,-0.731595822417864));
#2986=CARTESIAN_POINT('Ctrl Pts',(55.0633421704791,32.3140026659288,-0.834258636213475));
#2987=CARTESIAN_POINT('Ctrl Pts',(54.4736067190683,33.9353909574352,-0.921608891166502));
#2988=CARTESIAN_POINT('Ctrl Pts',(54.4292641223338,34.8469761851451,-0.969232544395078));
#2989=CARTESIAN_POINT('Ctrl Pts',(54.4294201474997,34.9981522456235,-0.977129595899202));
#2990=CARTESIAN_POINT('Ctrl Pts',(62.1494082132877,39.4154548841039,0.493374672535997));
#2991=CARTESIAN_POINT('Ctrl Pts',(62.8844564150068,38.8913649802472,0.453648070811545));
#2992=CARTESIAN_POINT('Ctrl Pts',(64.0870360088225,37.4695499446598,0.374194867362643));
#2993=CARTESIAN_POINT('Ctrl Pts',(64.6492624175967,34.7322106246413,0.255015062189289));
#2994=CARTESIAN_POINT('Ctrl Pts',(63.8324542603062,32.0602972810399,0.135835257015935));
#2995=CARTESIAN_POINT('Ctrl Pts',(61.8361439386856,30.1052632995454,0.0166554518425815));
#2996=CARTESIAN_POINT('Ctrl Pts',(59.1475327719336,29.344660854964,-0.102524353330773));
#2997=CARTESIAN_POINT('Ctrl Pts',(56.4229100447892,29.9639741281959,-0.221704158504126));
#2998=CARTESIAN_POINT('Ctrl Pts',(54.3273033266468,31.8121180004187,-0.34088396367748));
#2999=CARTESIAN_POINT('Ctrl Pts',(53.3722304527978,34.4379461942122,-0.460063768850834));
#3000=CARTESIAN_POINT('Ctrl Pts',(53.790808201274,37.2005475054386,-0.579243574024188));
#3001=CARTESIAN_POINT('Ctrl Pts',(55.4808691389718,39.425598641963,-0.698423379197541));
#3002=CARTESIAN_POINT('Ctrl Pts',(58.0298909145758,40.5699984125683,-0.817603184370895));
#3003=CARTESIAN_POINT('Ctrl Pts',(60.8156915349915,40.3544119497011,-0.936782989544249));
#3004=CARTESIAN_POINT('Ctrl Pts',(63.1582938023712,38.8314620372589,-1.0559627947176));
#3005=CARTESIAN_POINT('Ctrl Pts',(64.4858996617561,36.3728800825756,-1.17514259989096));
#3006=CARTESIAN_POINT('Ctrl Pts',(64.4744580788913,33.5787735692135,-1.29432240506431));
#3007=CARTESIAN_POINT('Ctrl Pts',(63.126761814923,31.1311467408103,-1.41350221023766));
#3008=CARTESIAN_POINT('Ctrl Pts',(60.7717656478498,29.6274329050563,-1.53268201541102));
#3009=CARTESIAN_POINT('Ctrl Pts',(57.9842929220663,29.4346686462928,-1.65186182058437));
#3010=CARTESIAN_POINT('Ctrl Pts',(55.444728768042,30.5999051762192,-1.77104162575773));
#3011=CARTESIAN_POINT('Ctrl Pts',(53.7729471245976,32.8387237021178,-1.89022143093108));
#3012=CARTESIAN_POINT('Ctrl Pts',(53.3770077239866,35.6046583093281,-2.00940123610443));
#3013=CARTESIAN_POINT('Ctrl Pts',(54.353554124367,38.2225810327416,-2.12858104127779));
#3014=CARTESIAN_POINT('Ctrl Pts',(56.4642242974129,40.0534916475404,-2.24776084645114));
#3015=CARTESIAN_POINT('Ctrl Pts',(59.1938316395598,40.6504891485967,-2.36694065162449));
#3016=CARTESIAN_POINT('Ctrl Pts',(61.8761151907296,39.8678543617058,-2.48612045679785));
#3017=CARTESIAN_POINT('Ctrl Pts',(63.8563651007954,37.8966180612351,-2.6053002619712));
#3018=CARTESIAN_POINT('Ctrl Pts',(64.6512286230589,35.2179328913195,-2.72448006714456));
#3019=CARTESIAN_POINT('Ctrl Pts',(64.0666901109239,32.485630384932,-2.84365987231791));
#3020=CARTESIAN_POINT('Ctrl Pts',(62.2454276647388,30.3666293559834,-2.96283967749126));
#3021=CARTESIAN_POINT('Ctrl Pts',(59.6319872992953,29.3781498595638,-3.08201948266462));
#3022=CARTESIAN_POINT('Ctrl Pts',(56.8642751558979,29.7614666343904,-3.20119928783797));
#3023=CARTESIAN_POINT('Ctrl Pts',(54.6178530713444,31.4230171381672,-3.32037909301132));
#3024=CARTESIAN_POINT('Ctrl Pts',(53.441042890911,33.9572389236076,-3.43955889818468));
#3025=CARTESIAN_POINT('Ctrl Pts',(53.6210883761836,36.7455620544167,-3.55873870335803));
#3026=CARTESIAN_POINT('Ctrl Pts',(55.1140428114502,39.1073938250535,-3.67791850853139));
#3027=CARTESIAN_POINT('Ctrl Pts',(57.5554958143128,40.4662424160984,-3.79709831370474));
#3028=CARTESIAN_POINT('Ctrl Pts',(60.3495210782724,40.4904309036034,-3.9162781188781));
#3029=CARTESIAN_POINT('Ctrl Pts',(62.814134082691,39.1740551984864,-4.03545792405145));
#3030=CARTESIAN_POINT('Ctrl Pts',(64.3477554717709,36.8384251563932,-4.1546377292248));
#3031=CARTESIAN_POINT('Ctrl Pts',(64.5760485988959,34.0536371022176,-4.27381753439816));
#3032=CARTESIAN_POINT('Ctrl Pts',(63.4432901386989,31.4994208761662,-4.39299733957151));
#3033=CARTESIAN_POINT('Ctrl Pts',(61.2259714119425,29.7992267923785,-4.51217714474486));
#3034=CARTESIAN_POINT('Ctrl Pts',(58.4653105201497,29.3680496836426,-4.63135694991822));
#3035=CARTESIAN_POINT('Ctrl Pts',(55.8351481830944,30.3111341651752,-4.75053675509157));
#3036=CARTESIAN_POINT('Ctrl Pts',(53.977472153634,32.3982858194974,-4.86971656026492));
#3037=CARTESIAN_POINT('Ctrl Pts',(53.3457165194245,35.1200586015673,-4.98889636543828));
#3038=CARTESIAN_POINT('Ctrl Pts',(54.0940844542576,37.8121038635726,-5.10807617061163));
#3039=CARTESIAN_POINT('Ctrl Pts',(56.0399092679351,39.8173290511885,-5.22725597578499));
#3040=CARTESIAN_POINT('Ctrl Pts',(58.7082409233479,40.6462852836236,-5.34643578095833));
#3041=CARTESIAN_POINT('Ctrl Pts',(61.4477750431191,40.0966353357648,-5.4656155861317));
#3042=CARTESIAN_POINT('Ctrl Pts',(63.589827672403,38.3025414720135,-5.58479539130505));
#3043=CARTESIAN_POINT('Ctrl Pts',(64.6115521661079,35.7019182164198,-5.7039751964784));
#3044=CARTESIAN_POINT('Ctrl Pts',(64.2635591224801,32.9295432237179,-5.82315500165176));
#3045=CARTESIAN_POINT('Ctrl Pts',(62.6307890293906,30.6621164703952,-5.94233480682511));
#3046=CARTESIAN_POINT('Ctrl Pts',(60.1117794174801,29.4530867628715,-6.06151461199846));
#3047=CARTESIAN_POINT('Ctrl Pts',(57.3213871331848,29.5975622220929,-6.18069441717182));
#3048=CARTESIAN_POINT('Ctrl Pts',(54.9407099349765,31.0602783040796,-6.29987422234517));
#3049=CARTESIAN_POINT('Ctrl Pts',(53.5508395612713,33.4842054075356,-6.41905402751853));
#3050=CARTESIAN_POINT('Ctrl Pts',(53.4910249418434,36.2776950656289,-6.53823383269188));
#3051=CARTESIAN_POINT('Ctrl Pts',(54.7758660322064,38.7588934920122,-6.65741363786523));
#3052=CARTESIAN_POINT('Ctrl Pts',(57.0917501580548,40.3221730492938,-6.77659344303859));
#3053=CARTESIAN_POINT('Ctrl Pts',(59.873400710837,40.5859579252407,-6.89577324821194));
#3054=CARTESIAN_POINT('Ctrl Pts',(62.4418536728358,39.4858617291874,-7.0149530533853));
#3055=CARTESIAN_POINT('Ctrl Pts',(64.1701837314338,37.2904033562916,-7.13413285855865));
#3056=CARTESIAN_POINT('Ctrl Pts',(64.6365284354495,34.5354650855479,-7.253312663732));
#3057=CARTESIAN_POINT('Ctrl Pts',(63.7270592259495,31.8934908208089,-7.37249246890536));
#3058=CARTESIAN_POINT('Ctrl Pts',(61.6637654782183,30.0093514498638,-7.49167227407871));
#3059=CARTESIAN_POINT('Ctrl Pts',(58.9502698386335,29.3429404111449,-7.61085207925206));
#3060=CARTESIAN_POINT('Ctrl Pts',(56.2489006142745,30.0569198031846,-7.73003188442542));
#3061=CARTESIAN_POINT('Ctrl Pts',(54.2190262150491,31.9770167231189,-7.84921168959877));
#3062=CARTESIAN_POINT('Ctrl Pts',(53.3561120674757,34.6345609715726,-7.96839149477213));
#3063=CARTESIAN_POINT('Ctrl Pts',(53.8707840735013,37.3808812341759,-8.08757129994548));
#3064=CARTESIAN_POINT('Ctrl Pts',(55.6374176205491,39.5456371485961,-8.20675110511883));
#3065=CARTESIAN_POINT('Ctrl Pts',(58.2248008837772,40.6004404988651,-8.32593091029219));
#3066=CARTESIAN_POINT('Ctrl Pts',(61.001387915037,40.2878277729382,-8.44511071546554));
#3067=CARTESIAN_POINT('Ctrl Pts',(63.2894506350774,38.6841035922472,-8.5642905206389));
#3068=CARTESIAN_POINT('Ctrl Pts',(64.530503271617,36.1807157653394,-8.68347032581225));
#3069=CARTESIAN_POINT('Ctrl Pts',(64.4216213313328,33.3887080680628,-8.8026501309856));
#3070=CARTESIAN_POINT('Ctrl Pts',(62.9893814521704,30.9895725597789,-8.92182993615896));
#3071=CARTESIAN_POINT('Ctrl Pts',(60.5833743984038,29.5689064076527,-9.0410097413323));
#3072=CARTESIAN_POINT('Ctrl Pts',(57.7908745903398,29.473475382646,-9.16018954650567));
#3073=CARTESIAN_POINT('Ctrl Pts',(55.293494205058,30.7265729326323,-9.27936935167901));
#3074=CARTESIAN_POINT('Ctrl Pts',(53.7008106815589,33.0223345606211,-9.39854915685238));
#3075=CARTESIAN_POINT('Ctrl Pts',(53.4015769503586,35.8003952929817,-9.51772896202572));
#3076=CARTESIAN_POINT('Ctrl Pts',(54.4688319976697,38.3826673395641,-9.63690876719908));
#3077=CARTESIAN_POINT('Ctrl Pts',(56.642073017298,40.1388523324327,-9.75608857237243));
#3078=CARTESIAN_POINT('Ctrl Pts',(59.390840691599,40.6402888002822,-9.87526837754579));
#3079=CARTESIAN_POINT('Ctrl Pts',(62.0441972774953,39.7645827499132,-9.99444818271913));
#3080=CARTESIAN_POINT('Ctrl Pts',(63.9544936135224,37.7254824171357,-10.1136279878925));
#3081=CARTESIAN_POINT('Ctrl Pts',(64.6554516928899,35.0207051565205,-10.2328077930658));
#3082=CARTESIAN_POINT('Ctrl Pts',(63.9759769425062,32.3104512344382,-10.3519875982392));
#3083=CARTESIAN_POINT('Ctrl Pts',(62.0819201397076,30.2562576977079,-10.4711674034125));
#3084=CARTESIAN_POINT('Ctrl Pts',(59.4355954365458,29.3595259518626,-10.5903472085859));
#3085=CARTESIAN_POINT('Ctrl Pts',(56.6829356051457,29.8391363261963,-10.7095270137593));
#3086=CARTESIAN_POINT('Ctrl Pts',(54.4958284125264,31.5780222875418,-10.8287068189326));
#3087=CARTESIAN_POINT('Ctrl Pts',(53.4081177253063,34.1517448288192,-10.947886624106));
#3088=CARTESIAN_POINT('Ctrl Pts',(53.6852993001576,36.9320924029787,-11.0670664292793));
#3089=CARTESIAN_POINT('Ctrl Pts',(55.2597167898408,39.2404190321089,-11.1862462344527));
#3090=CARTESIAN_POINT('Ctrl Pts',(57.7470757605026,40.5132927924009,-11.305426039626));
#3091=CARTESIAN_POINT('Ctrl Pts',(60.5402448675763,40.4400220761442,-11.4246058447994));
#3092=CARTESIAN_POINT('Ctrl Pts',(62.9574485669682,39.0384912936714,-11.5437856499727));
#3093=CARTESIAN_POINT('Ctrl Pts',(64.4086794856323,36.6507955259317,-11.6629654551461));
#3094=CARTESIAN_POINT('Ctrl Pts',(64.5397113983555,33.8597396511007,-11.7821452603195));
#3095=CARTESIAN_POINT('Ctrl Pts',(63.3185611526115,31.3465834013084,-11.9013250654928));
#3096=CARTESIAN_POINT('Ctrl Pts',(61.0432953320124,29.7247548948928,-12.0205048706661));
#3097=CARTESIAN_POINT('Ctrl Pts',(58.2692761553735,29.3901209662958,-12.1396846758395));
#3098=CARTESIAN_POINT('Ctrl Pts',(55.6736049226549,30.4243613204721,-12.2588644810129));
#3099=CARTESIAN_POINT('Ctrl Pts',(53.8898505655205,32.5750316002158,-12.3780442861862));
#3100=CARTESIAN_POINT('Ctrl Pts',(53.3534038714354,35.3171817059294,-12.4972240913596));
#3101=CARTESIAN_POINT('Ctrl Pts',(54.1952043658522,37.9814891558908,-12.6164038965329));
#3102=CARTESIAN_POINT('Ctrl Pts',(56.2097797091246,39.9176318266523,-12.7355837017063));
#3103=CARTESIAN_POINT('Ctrl Pts',(58.9053987724547,40.653022966449,-12.8547635068796));
#3104=CARTESIAN_POINT('Ctrl Pts',(61.6240966818854,40.0081633431969,-12.973943312053));
#3105=CARTESIAN_POINT('Ctrl Pts',(63.702275329653,38.1404546521184,-13.0931231172263));
#3106=CARTESIAN_POINT('Ctrl Pts',(64.6326788534532,35.5057797966697,-13.2123029223997));
#3107=CARTESIAN_POINT('Ctrl Pts',(64.1882081086072,32.7472280253942,-13.331482727573));
#3108=CARTESIAN_POINT('Ctrl Pts',(62.4773524707076,30.5381251459351,-13.4506625327464));
#3109=CARTESIAN_POINT('Ctrl Pts',(59.917709199799,29.41768409678,-13.5698423379198));
#3110=CARTESIAN_POINT('Ctrl Pts',(57.1340531061315,29.6593892309173,-13.6890221430931));
#3111=CARTESIAN_POINT('Ctrl Pts',(54.8058380952419,31.2042444702625,-13.8082019482665));
#3112=CARTESIAN_POINT('Ctrl Pts',(53.5013498267741,33.6751691738323,-13.9273817534398));
#3113=CARTESIAN_POINT('Ctrl Pts',(53.5389981635808,36.4690474709392,-14.0465615586132));
#3114=CARTESIAN_POINT('Ctrl Pts',(54.9095903666934,38.9039221926548,-14.1657413637865));
#3115=CARTESIAN_POINT('Ctrl Pts',(57.2785898884508,40.3854904683247,-14.2849211689599));
#3116=CARTESIAN_POINT('Ctrl Pts',(60.0677411034633,40.5520840920521,-14.4041009741332));
#3117=CARTESIAN_POINT('Ctrl Pts',(62.5962788889475,39.3631169974419,-14.5232807793066));
#3118=CARTESIAN_POINT('Ctrl Pts',(64.2469586859146,37.1086394577684,-14.6424605844799));
#3119=CARTESIAN_POINT('Ctrl Pts',(64.6169998368333,34.3392774322907,-14.7616403896533));
#3120=CARTESIAN_POINT('Ctrl Pts',(63.6158036939991,31.730306107953,-14.8808201948266));
#3121=CARTESIAN_POINT('Ctrl Pts',(62.1974115100063,30.5236913031075,-14.9602733982755));
#3122=CARTESIAN_POINT('Ctrl Pts',(61.3867210671752,30.1265174216935,-15.));
#3123=CARTESIAN_POINT('Ctrl Pts',(61.984039918167,39.1835220285855,0.328916448357332));
#3124=CARTESIAN_POINT('Ctrl Pts',(62.6804930083176,38.6869504674226,0.289189846632881));
#3125=CARTESIAN_POINT('Ctrl Pts',(63.8199288606957,37.339790549418,0.209736643183978));
#3126=CARTESIAN_POINT('Ctrl Pts',(64.3526344966516,34.7461804654009,0.0905568380106246));
#3127=CARTESIAN_POINT('Ctrl Pts',(63.5787144137583,32.2145610417857,-0.0286229671627297));
#3128=CARTESIAN_POINT('Ctrl Pts',(61.6872241834028,30.3621798583794,-0.147802772336083));
#3129=CARTESIAN_POINT('Ctrl Pts',(59.139783687775,29.6415142997591,-0.266982577509437));
#3130=CARTESIAN_POINT('Ctrl Pts',(56.5582224876034,30.228309345179,-0.386162382682791));
#3131=CARTESIAN_POINT('Ctrl Pts',(54.5726496079242,31.9794128889221,-0.505342187856145));
#3132=CARTESIAN_POINT('Ctrl Pts',(53.6677246618385,34.4673669516553,-0.624521993029499));
#3133=CARTESIAN_POINT('Ctrl Pts',(54.0643241851251,37.0849125977198,-0.743701798202853));
#3134=CARTESIAN_POINT('Ctrl Pts',(55.665645241145,39.1931331690389,-0.862881603376205));
#3135=CARTESIAN_POINT('Ctrl Pts',(58.0808257535636,40.2774440410899,-0.98206140854956));
#3136=CARTESIAN_POINT('Ctrl Pts',(60.7203525847211,40.0731773577523,-1.10124121372291));
#3137=CARTESIAN_POINT('Ctrl Pts',(62.9399520399601,38.6301928430168,-1.22042101889627));
#3138=CARTESIAN_POINT('Ctrl Pts',(64.1978494147283,36.3007034357606,-1.33960082406962));
#3139=CARTESIAN_POINT('Ctrl Pts',(64.1870085940532,33.6533068284503,-1.45878062924298));
#3140=CARTESIAN_POINT('Ctrl Pts',(62.910075699816,31.3341973276177,-1.57796043441633));
#3141=CARTESIAN_POINT('Ctrl Pts',(60.6787331102895,29.9094388625761,-1.69714023958968));
#3142=CARTESIAN_POINT('Ctrl Pts',(58.0376219708543,29.7267960598695,-1.81632004476304));
#3143=CARTESIAN_POINT('Ctrl Pts',(55.6314024895072,30.8308496173443,-1.93549984993639));
#3144=CARTESIAN_POINT('Ctrl Pts',(54.0474009384379,32.9521146949292,-2.05467965510975));
#3145=CARTESIAN_POINT('Ctrl Pts',(53.6722510932674,35.5728186158974,-2.1738594602831));
#3146=CARTESIAN_POINT('Ctrl Pts',(54.5975220573069,38.0532823000915,-2.29303926545645));
#3147=CARTESIAN_POINT('Ctrl Pts',(56.597367456382,39.7880574515493,-2.41221907062981));
#3148=CARTESIAN_POINT('Ctrl Pts',(59.1836515448126,40.3537084570892,-2.53139887580316));
#3149=CARTESIAN_POINT('Ctrl Pts',(61.7250966684156,39.612167406428,-2.65057868097651));
#3150=CARTESIAN_POINT('Ctrl Pts',(63.6013697698393,37.7444346377894,-2.76975848614987));
#3151=CARTESIAN_POINT('Ctrl Pts',(64.3544974627359,35.2063989555514,-2.88893829132322));
#3152=CARTESIAN_POINT('Ctrl Pts',(63.8006512630765,32.6175612176328,-3.00811809649657));
#3153=CARTESIAN_POINT('Ctrl Pts',(62.0750176846881,30.6098223901766,-3.12729790166993));
#3154=CARTESIAN_POINT('Ctrl Pts',(59.5988010036862,29.6732449001266,-3.24647770684328));
#3155=CARTESIAN_POINT('Ctrl Pts',(56.9764128794681,30.0364348946197,-3.36565751201664));
#3156=CARTESIAN_POINT('Ctrl Pts',(54.8479434826167,31.6107425115761,-3.48483731718999));
#3157=CARTESIAN_POINT('Ctrl Pts',(53.7329239712888,34.0119001356188,-3.60401712236334));
#3158=CARTESIAN_POINT('Ctrl Pts',(53.9035158240305,36.6538170279373,-3.7231969275367));
#3159=CARTESIAN_POINT('Ctrl Pts',(55.3180798314841,38.8916363045897,-3.84237673271005));
#3160=CARTESIAN_POINT('Ctrl Pts',(57.6313396752932,40.1791359516421,-3.9615565378834));
#3161=CARTESIAN_POINT('Ctrl Pts',(60.2786592993562,40.2020543763515,-4.08073634305676));
#3162=CARTESIAN_POINT('Ctrl Pts',(62.6138630845474,38.9547974951244,-4.19991614823011));
#3163=CARTESIAN_POINT('Ctrl Pts',(64.0669587496311,36.7418041751492,-4.31909595340347));
#3164=CARTESIAN_POINT('Ctrl Pts',(64.2832649095189,34.1032367435048,-4.43827575857682));
#3165=CARTESIAN_POINT('Ctrl Pts',(63.2099840986098,31.6831345251937,-4.55745556375017));
#3166=CARTESIAN_POINT('Ctrl Pts',(61.1090899320961,30.0722123832985,-4.67663536892353));
#3167=CARTESIAN_POINT('Ctrl Pts',(58.4933828200318,29.6636750532581,-4.79581517409688));
#3168=CARTESIAN_POINT('Ctrl Pts',(56.0013221865177,30.5572410804932,-4.91499497927024));
#3169=CARTESIAN_POINT('Ctrl Pts',(54.2411869896823,32.5348028456478,-5.03417478444359));
#3170=CARTESIAN_POINT('Ctrl Pts',(53.6426028932433,35.1136637425615,-5.15335458961694));
#3171=CARTESIAN_POINT('Ctrl Pts',(54.3516763384475,37.6643580197037,-5.27253439479029));
#3172=CARTESIAN_POINT('Ctrl Pts',(56.1953318990049,39.5642950239662,-5.39171419996365));
#3173=CARTESIAN_POINT('Ctrl Pts',(58.7235576978198,40.3497253240863,-5.510894005137));
#3174=CARTESIAN_POINT('Ctrl Pts',(61.3192473394312,39.8289357979136,-5.63007381031036));
#3175=CARTESIAN_POINT('Ctrl Pts',(63.3488273988623,38.1290442635798,-5.74925361548371));
#3176=CARTESIAN_POINT('Ctrl Pts',(64.3169042940359,35.6649717055632,-5.86843342065707));
#3177=CARTESIAN_POINT('Ctrl Pts',(63.9871832906805,33.0381655638605,-5.98761322583042));
#3178=CARTESIAN_POINT('Ctrl Pts',(62.4401449139073,30.8897943885441,-6.10679303100378));
#3179=CARTESIAN_POINT('Ctrl Pts',(60.053400719131,29.7442470980136,-6.22597283617713));
#3180=CARTESIAN_POINT('Ctrl Pts',(57.4095233181872,29.8811365969476,-6.34515264135048));
#3181=CARTESIAN_POINT('Ctrl Pts',(55.1538481291787,31.2670499736894,-6.46433244652384));
#3182=CARTESIAN_POINT('Ctrl Pts',(53.8369555574921,33.5637041489574,-6.58351225169719));
#3183=CARTESIAN_POINT('Ctrl Pts',(53.7802816190491,36.2105162901645,-6.70269205687054));
#3184=CARTESIAN_POINT('Ctrl Pts',(54.997659670778,38.5614346480215,-6.8218718620439));
#3185=CARTESIAN_POINT('Ctrl Pts',(57.1919438716039,40.042631222466,-6.94105166721725));
#3186=CARTESIAN_POINT('Ctrl Pts',(59.8275385423658,40.2925655690278,-7.06023147239061));
#3187=CARTESIAN_POINT('Ctrl Pts',(62.2611299695765,39.2502320276189,-7.17941127756396));
#3188=CARTESIAN_POINT('Ctrl Pts',(63.8987107531161,37.1700503952797,-7.29859108273732));
#3189=CARTESIAN_POINT('Ctrl Pts',(64.3405691365901,34.5597654271021,-7.41777088791066));
#3190=CARTESIAN_POINT('Ctrl Pts',(63.4788533472423,32.0565130737568,-7.53695069308402));
#3191=CARTESIAN_POINT('Ctrl Pts',(61.5238967836662,30.2713040437913,-7.65613049825737));
#3192=CARTESIAN_POINT('Ctrl Pts',(58.9528784220419,29.639884191133,-7.77531030343073));
#3193=CARTESIAN_POINT('Ctrl Pts',(56.3933497550208,30.3163747297492,-7.89449010860408));
#3194=CARTESIAN_POINT('Ctrl Pts',(54.4700577931447,32.1356532888276,-8.01366991377744));
#3195=CARTESIAN_POINT('Ctrl Pts',(53.6524526031632,34.653658094116,-8.13284971895079));
#3196=CARTESIAN_POINT('Ctrl Pts',(54.1401007712319,37.2557775591519,-8.25202952412414));
#3197=CARTESIAN_POINT('Ctrl Pts',(55.813973845307,39.3068688243145,-8.3712093292975));
#3198=CARTESIAN_POINT('Ctrl Pts',(58.2655016020779,40.306287707427,-8.49038913447085));
#3199=CARTESIAN_POINT('Ctrl Pts',(60.8962986211988,40.0100893105288,-8.6095689396442));
#3200=CARTESIAN_POINT('Ctrl Pts',(63.0642222323352,38.490571734975,-8.72874874481756));
#3201=CARTESIAN_POINT('Ctrl Pts',(64.2401110267516,36.118629073504,-8.84792854999091));
#3202=CARTESIAN_POINT('Ctrl Pts',(64.1369461409725,33.4732210799269,-8.96710835516426));
#3203=CARTESIAN_POINT('Ctrl Pts',(62.7799087557418,31.2000567697139,-9.08628816033762));
#3204=CARTESIAN_POINT('Ctrl Pts',(60.5002337036831,29.8539854108472,-9.20546796551097));
#3205=CARTESIAN_POINT('Ctrl Pts',(57.8543594385364,29.7635651743148,-9.32464777068433));
#3206=CARTESIAN_POINT('Ctrl Pts',(55.48810878648,30.9508664409622,-9.44382757585768));
#3207=CARTESIAN_POINT('Ctrl Pts',(53.9790521572977,33.1260847141617,-9.56300738103104));
#3208=CARTESIAN_POINT('Ctrl Pts',(53.6955302654214,35.7582780548885,-9.68218718620439));
#3209=CARTESIAN_POINT('Ctrl Pts',(54.7067470454096,38.2049629692185,-9.80136699137774));
#3210=CARTESIAN_POINT('Ctrl Pts',(56.7658778891041,39.8689361104339,-9.9205467965511));
#3211=CARTESIAN_POINT('Ctrl Pts',(59.3703162598061,40.3440436975706,-10.0397266017244));
#3212=CARTESIAN_POINT('Ctrl Pts',(61.8843532837682,39.5143182681136,-10.1589064068978));
#3213=CARTESIAN_POINT('Ctrl Pts',(63.6943458573406,37.5822847979705,-10.2780862120712));
#3214=CARTESIAN_POINT('Ctrl Pts',(64.3584987922089,35.0195270401546,-10.3972660172445));
#3215=CARTESIAN_POINT('Ctrl Pts',(63.7147011630503,32.4515801834558,-10.5164458224179));
#3216=CARTESIAN_POINT('Ctrl Pts',(61.9200954349574,30.5052460068983,-10.6356256275912));
#3217=CARTESIAN_POINT('Ctrl Pts',(59.4127210712785,29.6555988763165,-10.7548054327646));
#3218=CARTESIAN_POINT('Ctrl Pts',(56.8045949086295,30.1100263907185,-10.8739852379379));
#3219=CARTESIAN_POINT('Ctrl Pts',(54.7323259618752,31.7576088191444,-10.9931650431113));
#3220=CARTESIAN_POINT('Ctrl Pts',(53.7017276044716,34.1961931362958,-11.1123448482846));
#3221=CARTESIAN_POINT('Ctrl Pts',(53.9643552306416,36.8305532438195,-11.231524653458));
#3222=CARTESIAN_POINT('Ctrl Pts',(55.4561049190462,39.0176767687455,-11.3507044586313));
#3223=CARTESIAN_POINT('Ctrl Pts',(57.8128603500226,40.2237158579558,-11.4698842638047));
#3224=CARTESIAN_POINT('Ctrl Pts',(60.4593687713545,40.154292360782,-11.589064068978));
#3225=CARTESIAN_POINT('Ctrl Pts',(62.7496525677468,38.8263516323898,-11.7082438741514));
#3226=CARTESIAN_POINT('Ctrl Pts',(64.1246838316311,36.564026397266,-11.8274236793248));
#3227=CARTESIAN_POINT('Ctrl Pts',(64.2488356631857,33.9195202488765,-11.9466034844981));
#3228=CARTESIAN_POINT('Ctrl Pts',(63.091804246474,31.5383220742461,-12.0657832896715));
#3229=CARTESIAN_POINT('Ctrl Pts',(60.9360056091002,30.0016507752136,-12.1849630948448));
#3230=CARTESIAN_POINT('Ctrl Pts',(58.3076416144827,29.6845874410056,-12.3041429000182));
#3231=CARTESIAN_POINT('Ctrl Pts',(55.8482610639097,30.6645230274608,-12.4233227051915));
#3232=CARTESIAN_POINT('Ctrl Pts',(54.1581661406241,32.7022682511335,-12.5425025103649));
#3233=CARTESIAN_POINT('Ctrl Pts',(53.6498866061353,35.3004365213425,-12.6616823155382));
#3234=CARTESIAN_POINT('Ctrl Pts',(54.4474867556978,37.8248494133092,-12.7808621207116));
#3235=CARTESIAN_POINT('Ctrl Pts',(56.3562829678124,39.659331210381,-12.9000419258849));
#3236=CARTESIAN_POINT('Ctrl Pts',(58.9103633970062,40.3561092319894,-13.0192217310583));
#3237=CARTESIAN_POINT('Ctrl Pts',(61.4863108733491,39.7451091965131,-13.1384015362316));
#3238=CARTESIAN_POINT('Ctrl Pts',(63.4553707768187,37.9754681221449,-13.257581341405));
#3239=CARTESIAN_POINT('Ctrl Pts',(64.3369216842585,35.4791319086455,-13.3767611465784));
#3240=CARTESIAN_POINT('Ctrl Pts',(63.9157887258954,32.8654231736922,-13.4959409517517));
#3241=CARTESIAN_POINT('Ctrl Pts',(62.2947648351766,30.7723134657011,-13.6151207569251));
#3242=CARTESIAN_POINT('Ctrl Pts',(59.8695205293773,29.7107033166108,-13.7343005620984));
#3243=CARTESIAN_POINT('Ctrl Pts',(57.2320256224898,29.9397172604331,-13.8534803672718));
#3244=CARTESIAN_POINT('Ctrl Pts',(55.026057993324,31.4034569209898,-13.9726601724451));
#3245=CARTESIAN_POINT('Ctrl Pts',(53.7900643761508,33.7446409974976,-14.0918399776185));
#3246=CARTESIAN_POINT('Ctrl Pts',(53.8257359150332,36.3918213714835,-14.2110197827918));
#3247=CARTESIAN_POINT('Ctrl Pts',(55.1243625533428,38.6988483393779,-14.3301995879652));
#3248=CARTESIAN_POINT('Ctrl Pts',(57.3689732246352,40.1026240393197,-14.4493793931385));
#3249=CARTESIAN_POINT('Ctrl Pts',(60.0116747210124,40.2604703462325,-14.5685591983119));
#3250=CARTESIAN_POINT('Ctrl Pts',(62.4074467943869,39.1339322427559,-14.6877390034852));
#3251=CARTESIAN_POINT('Ctrl Pts',(63.9714544917842,36.9978303578614,-14.8069188086586));
#3252=CARTESIAN_POINT('Ctrl Pts',(64.3220659243916,34.3738789817768,-14.926098613832));
#3253=CARTESIAN_POINT('Ctrl Pts',(63.3734394997668,31.9018966863308,-15.0452784190053));
#3254=CARTESIAN_POINT('Ctrl Pts',(62.0295227099879,30.7586374993951,-15.1247316224542));
#3255=CARTESIAN_POINT('Ctrl Pts',(61.2613991192564,30.3823179921968,-15.1644582241787));
#3256=CARTESIAN_POINT('Ctrl Pts',(61.8186716230463,38.9515891730672,0.164458224178667));
#3257=CARTESIAN_POINT('Ctrl Pts',(62.4765296016283,38.482535954598,0.124731622454216));
#3258=CARTESIAN_POINT('Ctrl Pts',(63.552821712569,37.2100311541763,0.0452784190053131));
#3259=CARTESIAN_POINT('Ctrl Pts',(64.0560065757065,34.7601503061605,-0.0739013861680403));
#3260=CARTESIAN_POINT('Ctrl Pts',(63.3249745672103,32.3688248025315,-0.193081191341395));
#3261=CARTESIAN_POINT('Ctrl Pts',(61.5383044281199,30.6190964172134,-0.312260996514748));
#3262=CARTESIAN_POINT('Ctrl Pts',(59.1320346036166,29.9383677445542,-0.431440801688103));
#3263=CARTESIAN_POINT('Ctrl Pts',(56.6935349304176,30.4926445621622,-0.550620606861456));
#3264=CARTESIAN_POINT('Ctrl Pts',(54.8179958892017,32.1467077774254,-0.66980041203481));
#3265=CARTESIAN_POINT('Ctrl Pts',(53.9632188708793,34.4967877090984,-0.788980217208164));
#3266=CARTESIAN_POINT('Ctrl Pts',(54.3378401689763,36.9692776900011,-0.908160022381518));
#3267=CARTESIAN_POINT('Ctrl Pts',(55.8504213433182,38.9606676961148,-1.02733982755487));
#3268=CARTESIAN_POINT('Ctrl Pts',(58.1317605925513,39.9848896696116,-1.14651963272822));
#3269=CARTESIAN_POINT('Ctrl Pts',(60.6250136344507,39.7919427658035,-1.26569943790158));
#3270=CARTESIAN_POINT('Ctrl Pts',(62.721610277549,38.4289236487747,-1.38487924307493));
#3271=CARTESIAN_POINT('Ctrl Pts',(63.9097991677005,36.2285267889456,-1.50405904824829));
#3272=CARTESIAN_POINT('Ctrl Pts',(63.8995591092151,33.727840087687,-1.62323885342164));
#3273=CARTESIAN_POINT('Ctrl Pts',(62.693389584709,31.5372479144251,-1.74241865859499));
#3274=CARTESIAN_POINT('Ctrl Pts',(60.5857005727292,30.1914448200959,-1.86159846376835));
#3275=CARTESIAN_POINT('Ctrl Pts',(58.0909510196422,30.0189234734462,-1.9807782689417));
#3276=CARTESIAN_POINT('Ctrl Pts',(55.8180762109724,31.0617940584695,-2.09995807411506));
#3277=CARTESIAN_POINT('Ctrl Pts',(54.3218547522782,33.0655056877406,-2.21913787928841));
#3278=CARTESIAN_POINT('Ctrl Pts',(53.967494462548,35.5409789224666,-2.33831768446176));
#3279=CARTESIAN_POINT('Ctrl Pts',(54.841489990247,37.8839835674415,-2.45749748963512));
#3280=CARTESIAN_POINT('Ctrl Pts',(56.7305106153511,39.5226232555582,-2.57667729480847));
#3281=CARTESIAN_POINT('Ctrl Pts',(59.1734714500655,40.0569277655818,-2.69585709998182));
#3282=CARTESIAN_POINT('Ctrl Pts',(61.5740781461015,39.3564804511503,-2.81503690515518));
#3283=CARTESIAN_POINT('Ctrl Pts',(63.3463744388835,37.5922512143437,-2.93421671032853));
#3284=CARTESIAN_POINT('Ctrl Pts',(64.0577663024126,35.1948650197832,-3.05339651550188));
#3285=CARTESIAN_POINT('Ctrl Pts',(63.5346124152294,32.7494920503337,-3.17257632067524));
#3286=CARTESIAN_POINT('Ctrl Pts',(61.9046077046373,30.8530154243698,-3.29175612584859));
#3287=CARTESIAN_POINT('Ctrl Pts',(59.5656147080772,29.9683399406895,-3.41093593102195));
#3288=CARTESIAN_POINT('Ctrl Pts',(57.0885506030382,30.311403154849,-3.5301157361953));
#3289=CARTESIAN_POINT('Ctrl Pts',(55.0780338938892,31.798467884985,-3.64929554136865));
#3290=CARTESIAN_POINT('Ctrl Pts',(54.0248050516666,34.0665613476299,-3.76847534654201));
#3291=CARTESIAN_POINT('Ctrl Pts',(54.1859432718774,36.5620720014579,-3.88765515171536));
#3292=CARTESIAN_POINT('Ctrl Pts',(55.522116851518,38.6758787841258,-4.00683495688872));
#3293=CARTESIAN_POINT('Ctrl Pts',(57.7071835362735,39.8920294871857,-4.12601476206207));
#3294=CARTESIAN_POINT('Ctrl Pts',(60.20779752044,39.9136778490997,-4.24519456723543));
#3295=CARTESIAN_POINT('Ctrl Pts',(62.4135920864038,38.7355397917624,-4.36437437240878));
#3296=CARTESIAN_POINT('Ctrl Pts',(63.7861620274913,36.6451831939052,-4.48355417758213));
#3297=CARTESIAN_POINT('Ctrl Pts',(63.9904812201419,34.1528363847921,-4.60273398275549));
#3298=CARTESIAN_POINT('Ctrl Pts',(62.9766780585208,31.8668481742212,-4.72191378792884));
#3299=CARTESIAN_POINT('Ctrl Pts',(60.9922084522497,30.3451979742185,-4.8410935931022));
#3300=CARTESIAN_POINT('Ctrl Pts',(58.521455119914,29.9593004228737,-4.96027339827554));
#3301=CARTESIAN_POINT('Ctrl Pts',(56.1674961899408,30.8033479958112,-5.0794532034489));
#3302=CARTESIAN_POINT('Ctrl Pts',(54.5049018257308,32.6713198717983,-5.19863300862226));
#3303=CARTESIAN_POINT('Ctrl Pts',(53.9394892670622,35.1072688835557,-5.31781281379561));
#3304=CARTESIAN_POINT('Ctrl Pts',(54.6092682226374,37.5166121758349,-5.43699261896897));
#3305=CARTESIAN_POINT('Ctrl Pts',(56.3507545300748,39.3112609967438,-5.55617242414231));
#3306=CARTESIAN_POINT('Ctrl Pts',(58.7388744722916,40.0531653645489,-5.67535222931567));
#3307=CARTESIAN_POINT('Ctrl Pts',(61.1907196357432,39.5612362600624,-5.79453203448902));
#3308=CARTESIAN_POINT('Ctrl Pts',(63.1078271253215,37.955547055146,-5.91371183966238));
#3309=CARTESIAN_POINT('Ctrl Pts',(64.0222564219639,35.6280251947065,-6.03289164483573));
#3310=CARTESIAN_POINT('Ctrl Pts',(63.7108074588809,33.1467879040032,-6.15207145000908));
#3311=CARTESIAN_POINT('Ctrl Pts',(62.2495007984241,31.117472306693,-6.27125125518243));
#3312=CARTESIAN_POINT('Ctrl Pts',(59.9950220207819,30.0354074331558,-6.39043106035579));
#3313=CARTESIAN_POINT('Ctrl Pts',(57.4976595031895,30.1647109718023,-6.50961086552915));
#3314=CARTESIAN_POINT('Ctrl Pts',(55.366986323381,31.4738216432991,-6.6287906707025));
#3315=CARTESIAN_POINT('Ctrl Pts',(54.1230715537127,33.6432028903793,-6.74797047587585));
#3316=CARTESIAN_POINT('Ctrl Pts',(54.0695382962549,36.1433375147001,-6.86715028104921));
#3317=CARTESIAN_POINT('Ctrl Pts',(55.2194533093498,38.3639758040308,-6.98633008622256));
#3318=CARTESIAN_POINT('Ctrl Pts',(57.2921375851529,39.7630893956381,-7.10550989139592));
#3319=CARTESIAN_POINT('Ctrl Pts',(59.7816763738945,39.999173212815,-7.22468969656927));
#3320=CARTESIAN_POINT('Ctrl Pts',(62.0804062663172,39.0146023260505,-7.34386950174263));
#3321=CARTESIAN_POINT('Ctrl Pts',(63.6272377747985,37.0496974342677,-7.46304930691597));
#3322=CARTESIAN_POINT('Ctrl Pts',(64.0446098377306,34.5840657686563,-7.58222911208933));
#3323=CARTESIAN_POINT('Ctrl Pts',(63.2306474685352,32.2195353267048,-7.70140891726268));
#3324=CARTESIAN_POINT('Ctrl Pts',(61.384028089114,30.5332566377187,-7.82058872243604));
#3325=CARTESIAN_POINT('Ctrl Pts',(58.9554870054504,29.9368279711211,-7.93976852760939));
#3326=CARTESIAN_POINT('Ctrl Pts',(56.5377988957673,30.5758296563138,-8.05894833278275));
#3327=CARTESIAN_POINT('Ctrl Pts',(54.7210893712403,32.2942898545363,-8.1781281379561));
#3328=CARTESIAN_POINT('Ctrl Pts',(53.9487931388508,34.6727552166593,-8.29730794312946));
#3329=CARTESIAN_POINT('Ctrl Pts',(54.4094174689625,37.130673884128,-8.4164877483028));
#3330=CARTESIAN_POINT('Ctrl Pts',(55.990530070065,39.068100500033,-8.53566755347617));
#3331=CARTESIAN_POINT('Ctrl Pts',(58.3062023203787,40.0121349159889,-8.65484735864951));
#3332=CARTESIAN_POINT('Ctrl Pts',(60.7912093273604,39.7323508481193,-8.77402716382287));
#3333=CARTESIAN_POINT('Ctrl Pts',(62.8389938295931,38.2970398777028,-8.89320696899622));
#3334=CARTESIAN_POINT('Ctrl Pts',(63.9497187818862,36.0565423816687,-9.01238677416957));
#3335=CARTESIAN_POINT('Ctrl Pts',(63.8522709506122,33.5577340917909,-9.13156657934293));
#3336=CARTESIAN_POINT('Ctrl Pts',(62.5704360593131,31.4105409796488,-9.25074638451628));
#3337=CARTESIAN_POINT('Ctrl Pts',(60.4170930089624,30.1390644140417,-9.36992618968964));
#3338=CARTESIAN_POINT('Ctrl Pts',(57.9178442867331,30.0536549659837,-9.48910599486299));
#3339=CARTESIAN_POINT('Ctrl Pts',(55.6827233679021,31.1751599492921,-9.60828580003635));
#3340=CARTESIAN_POINT('Ctrl Pts',(54.2572936330366,33.2298348677022,-9.7274656052097));
#3341=CARTESIAN_POINT('Ctrl Pts',(53.9894835804842,35.7161608167953,-9.84664541038305));
#3342=CARTESIAN_POINT('Ctrl Pts',(54.9446620931496,38.0272585988729,-9.96582521555641));
#3343=CARTESIAN_POINT('Ctrl Pts',(56.8896827609102,39.5990198884351,-10.0850050207298));
#3344=CARTESIAN_POINT('Ctrl Pts',(59.3497918280132,40.047798594859,-10.2041848259031));
#3345=CARTESIAN_POINT('Ctrl Pts',(61.7245092900412,39.264053786314,-10.3233646310765));
#3346=CARTESIAN_POINT('Ctrl Pts',(63.4341981011588,37.4390871788054,-10.4425444362498));
#3347=CARTESIAN_POINT('Ctrl Pts',(64.0615458915279,35.0183489237888,-10.5617242414232));
#3348=CARTESIAN_POINT('Ctrl Pts',(63.4534253835946,32.5927091324733,-10.6809040465965));
#3349=CARTESIAN_POINT('Ctrl Pts',(61.758270730207,30.7542343160887,-10.8000838517699));
#3350=CARTESIAN_POINT('Ctrl Pts',(59.3898467060113,29.9516718007703,-10.9192636569433));
#3351=CARTESIAN_POINT('Ctrl Pts',(56.9262542121133,30.3809164552407,-11.0384434621166));
#3352=CARTESIAN_POINT('Ctrl Pts',(54.968823511224,31.9371953507469,-11.15762326729));
#3353=CARTESIAN_POINT('Ctrl Pts',(53.9953374836369,34.2406414437725,-11.2768030724633));
#3354=CARTESIAN_POINT('Ctrl Pts',(54.2434111611256,36.7290140846604,-11.3959828776367));
#3355=CARTESIAN_POINT('Ctrl Pts',(55.6524930482516,38.7949345053822,-11.51516268281));
#3356=CARTESIAN_POINT('Ctrl Pts',(57.8786449395427,39.9341389235105,-11.6343424879834));
#3357=CARTESIAN_POINT('Ctrl Pts',(60.3784926751326,39.8685626454199,-11.7535222931567));
#3358=CARTESIAN_POINT('Ctrl Pts',(62.5418565685256,38.6142119711083,-11.8727020983301));
#3359=CARTESIAN_POINT('Ctrl Pts',(63.8406881776298,36.4772572686002,-11.9918819035034));
#3360=CARTESIAN_POINT('Ctrl Pts',(63.9579599280159,33.9793008466524,-12.1110617086768));
#3361=CARTESIAN_POINT('Ctrl Pts',(62.8650473403365,31.7300607471839,-12.2302415138501));
#3362=CARTESIAN_POINT('Ctrl Pts',(60.8287158861881,30.2785466555343,-12.3494213190235));
#3363=CARTESIAN_POINT('Ctrl Pts',(58.3460070735919,29.9790539157154,-12.4686011241968));
#3364=CARTESIAN_POINT('Ctrl Pts',(56.0229172051645,30.9046847344495,-12.5877809293702));
#3365=CARTESIAN_POINT('Ctrl Pts',(54.4264817157276,32.8295049020512,-12.7069607345435));
#3366=CARTESIAN_POINT('Ctrl Pts',(53.9463693408352,35.2836913367556,-12.8261405397169));
#3367=CARTESIAN_POINT('Ctrl Pts',(54.6997691455434,37.6682096707276,-12.9453203448903));
#3368=CARTESIAN_POINT('Ctrl Pts',(56.5027862265002,39.4010305941096,-13.0645001500636));
#3369=CARTESIAN_POINT('Ctrl Pts',(58.9153280215576,40.0591954975299,-13.183679955237));
#3370=CARTESIAN_POINT('Ctrl Pts',(61.3485250648127,39.4820550498293,-13.3028597604103));
#3371=CARTESIAN_POINT('Ctrl Pts',(63.2084662239844,37.8104815921715,-13.4220395655837));
#3372=CARTESIAN_POINT('Ctrl Pts',(64.041164515064,35.4524840206213,-13.541219370757));
#3373=CARTESIAN_POINT('Ctrl Pts',(63.6433693431836,32.9836183219901,-13.6603991759304));
#3374=CARTESIAN_POINT('Ctrl Pts',(62.1121771996456,31.006501785467,-13.7795789811037));
#3375=CARTESIAN_POINT('Ctrl Pts',(59.8213318589556,30.0037225364416,-13.8987587862771));
#3376=CARTESIAN_POINT('Ctrl Pts',(57.3299981388482,30.2200452899489,-14.0179385914504));
#3377=CARTESIAN_POINT('Ctrl Pts',(55.2462778914061,31.6026693717172,-14.1371183966238));
#3378=CARTESIAN_POINT('Ctrl Pts',(54.0787789255276,33.8141128211628,-14.2562982017971));
#3379=CARTESIAN_POINT('Ctrl Pts',(54.1124736664856,36.3145952720278,-14.3754780069705));
#3380=CARTESIAN_POINT('Ctrl Pts',(55.3391347399921,38.4937744861009,-14.4946578121439));
#3381=CARTESIAN_POINT('Ctrl Pts',(57.4593565608196,39.8197576103147,-14.6138376173172));
#3382=CARTESIAN_POINT('Ctrl Pts',(59.9556083385615,39.968856600413,-14.7330174224905));
#3383=CARTESIAN_POINT('Ctrl Pts',(62.2186146998263,38.9047474880699,-14.8521972276639));
#3384=CARTESIAN_POINT('Ctrl Pts',(63.6959502976538,36.8870212579545,-14.9713770328373));
#3385=CARTESIAN_POINT('Ctrl Pts',(64.0271320119498,34.4084805312628,-15.0905568380106));
#3386=CARTESIAN_POINT('Ctrl Pts',(63.1310753055345,32.0734872647086,-15.209736643184));
#3387=CARTESIAN_POINT('Ctrl Pts',(61.8616339099694,30.9935836956826,-15.2891898466329));
#3388=CARTESIAN_POINT('Ctrl Pts',(61.1360771713376,30.6381185627002,-15.3289164483573));
#3389=CARTESIAN_POINT('Ctrl Pts',(61.6533033279257,38.7196563175489,2.22044604925031E-15));
#3390=CARTESIAN_POINT('Ctrl Pts',(62.272566194939,38.2781214417734,-0.039726601724449));
#3391=CARTESIAN_POINT('Ctrl Pts',(63.2857145644422,37.0802717589346,-0.119179805173352));
#3392=CARTESIAN_POINT('Ctrl Pts',(63.7593786547615,34.7741201469201,-0.238359610346705));
#3393=CARTESIAN_POINT('Ctrl Pts',(63.0712347206623,32.5230885632772,-0.357539415520059));
#3394=CARTESIAN_POINT('Ctrl Pts',(61.3893846728371,30.8760129760474,-0.476719220693413));
#3395=CARTESIAN_POINT('Ctrl Pts',(59.124285519458,30.2352211893493,-0.595899025866767));
#3396=CARTESIAN_POINT('Ctrl Pts',(56.8288473732319,30.7569797791453,-0.71507883104012));
#3397=CARTESIAN_POINT('Ctrl Pts',(55.0633421704791,32.3140026659288,-0.834258636213475));
#3398=CARTESIAN_POINT('Ctrl Pts',(54.25871307992,34.5262084665415,-0.953438441386828));
#3399=CARTESIAN_POINT('Ctrl Pts',(54.6113561528274,36.8536427822824,-1.07261824656018));
#3400=CARTESIAN_POINT('Ctrl Pts',(56.0351974454913,38.7282022231908,-1.19179805173354));
#3401=CARTESIAN_POINT('Ctrl Pts',(58.182695431539,39.6923352981332,-1.31097785690689));
#3402=CARTESIAN_POINT('Ctrl Pts',(60.5296746841803,39.5107081738546,-1.43015766208024));
#3403=CARTESIAN_POINT('Ctrl Pts',(62.503268515138,38.2276544545327,-1.5493374672536));
#3404=CARTESIAN_POINT('Ctrl Pts',(63.6217489206727,36.1563501421305,-1.66851727242695));
#3405=CARTESIAN_POINT('Ctrl Pts',(63.6121096243769,33.8023733469238,-1.7876970776003));
#3406=CARTESIAN_POINT('Ctrl Pts',(62.476703469602,31.7402985012325,-1.90687688277366));
#3407=CARTESIAN_POINT('Ctrl Pts',(60.4926680351689,30.4734507776156,-2.02605668794701));
#3408=CARTESIAN_POINT('Ctrl Pts',(58.1442800684302,30.3110508870229,-2.14523649312037));
#3409=CARTESIAN_POINT('Ctrl Pts',(56.0047499324375,31.2927384995947,-2.26441629829372));
#3410=CARTESIAN_POINT('Ctrl Pts',(54.5963085661185,33.178896680552,-2.38359610346707));
#3411=CARTESIAN_POINT('Ctrl Pts',(54.2627378318288,35.5091392290358,-2.50277590864043));
#3412=CARTESIAN_POINT('Ctrl Pts',(55.085457923187,37.7146848347915,-2.62195571381378));
#3413=CARTESIAN_POINT('Ctrl Pts',(56.8636537743202,39.2571890595671,-2.74113551898713));
#3414=CARTESIAN_POINT('Ctrl Pts',(59.1632913553184,39.7601470740744,-2.86031532416049));
#3415=CARTESIAN_POINT('Ctrl Pts',(61.4230596237874,39.1007934958725,-2.97949512933384));
#3416=CARTESIAN_POINT('Ctrl Pts',(63.0913791079275,37.440067790898,-3.0986749345072));
#3417=CARTESIAN_POINT('Ctrl Pts',(63.7610351420895,35.183331084015,-3.21785473968055));
#3418=CARTESIAN_POINT('Ctrl Pts',(63.2685735673821,32.8814228830345,-3.33703454485391));
#3419=CARTESIAN_POINT('Ctrl Pts',(61.7341977245865,31.096208458563,-3.45621435002726));
#3420=CARTESIAN_POINT('Ctrl Pts',(59.5324284124682,30.2634349812523,-3.57539415520061));
#3421=CARTESIAN_POINT('Ctrl Pts',(57.2006883266082,30.5863714150783,-3.69457396037396));
#3422=CARTESIAN_POINT('Ctrl Pts',(55.3081243051616,31.9861932583939,-3.81375376554732));
#3423=CARTESIAN_POINT('Ctrl Pts',(54.3166861320444,34.1212225596411,-3.93293357072067));
#3424=CARTESIAN_POINT('Ctrl Pts',(54.4683707197244,36.4703269749786,-4.05211337589403));
#3425=CARTESIAN_POINT('Ctrl Pts',(55.7261538715519,38.460121263662,-4.17129318106738));
#3426=CARTESIAN_POINT('Ctrl Pts',(57.7830273972539,39.6049230227294,-4.29047298624073));
#3427=CARTESIAN_POINT('Ctrl Pts',(60.1369357415237,39.6253013218478,-4.40965279141409));
#3428=CARTESIAN_POINT('Ctrl Pts',(62.2133210882602,38.5162820884004,-4.52883259658744));
#3429=CARTESIAN_POINT('Ctrl Pts',(63.5053653053515,36.5485622126613,-4.6480124017608));
#3430=CARTESIAN_POINT('Ctrl Pts',(63.6976975307649,34.2024360260793,-4.76719220693415));
#3431=CARTESIAN_POINT('Ctrl Pts',(62.7433720184318,32.0505618232487,-4.8863720121075));
#3432=CARTESIAN_POINT('Ctrl Pts',(60.8753269724034,30.6181835651385,-5.00555181728086));
#3433=CARTESIAN_POINT('Ctrl Pts',(58.5495274197962,30.2549257924893,-5.12473162245421));
#3434=CARTESIAN_POINT('Ctrl Pts',(56.333670193364,31.0494549111291,-5.24391142762757));
#3435=CARTESIAN_POINT('Ctrl Pts',(54.7686166617792,32.8078368979488,-5.36309123280092));
#3436=CARTESIAN_POINT('Ctrl Pts',(54.2363756408811,35.10087402455,-5.48227103797427));
#3437=CARTESIAN_POINT('Ctrl Pts',(54.8668601068273,37.368866331966,-5.60145084314763));
#3438=CARTESIAN_POINT('Ctrl Pts',(56.5061771611447,39.0582269695216,-5.72063064832098));
#3439=CARTESIAN_POINT('Ctrl Pts',(58.7541912467635,39.7566054050116,-5.83981045349434));
#3440=CARTESIAN_POINT('Ctrl Pts',(61.0621919320553,39.2935367222112,-5.95899025866769));
#3441=CARTESIAN_POINT('Ctrl Pts',(62.8668268517807,37.7820498467123,-6.07817006384104));
#3442=CARTESIAN_POINT('Ctrl Pts',(63.727608549892,35.5910786838499,-6.1973498690144));
#3443=CARTESIAN_POINT('Ctrl Pts',(63.4344316270812,33.2554102441459,-6.31652967418775));
#3444=CARTESIAN_POINT('Ctrl Pts',(62.0588566829408,31.3451502248419,-6.4357094793611));
#3445=CARTESIAN_POINT('Ctrl Pts',(59.9366433224328,30.3265677682979,-6.55488928453446));
#3446=CARTESIAN_POINT('Ctrl Pts',(57.5857956881919,30.4482853466571,-6.67406908970781));
#3447=CARTESIAN_POINT('Ctrl Pts',(55.5801245175833,31.6805933129089,-6.79324889488117));
#3448=CARTESIAN_POINT('Ctrl Pts',(54.4091875499334,33.7227016318012,-6.91242870005451));
#3449=CARTESIAN_POINT('Ctrl Pts',(54.3587949734607,36.0761587392358,-7.03160850522788));
#3450=CARTESIAN_POINT('Ctrl Pts',(55.4412469479214,38.1665169600401,-7.15078831040123));
#3451=CARTESIAN_POINT('Ctrl Pts',(57.3923312987019,39.4835475688102,-7.26996811557459));
#3452=CARTESIAN_POINT('Ctrl Pts',(59.7358142054233,39.7057808566021,-7.38914792074793));
#3453=CARTESIAN_POINT('Ctrl Pts',(61.8996825630578,38.778972624482,-7.50832772592129));
#3454=CARTESIAN_POINT('Ctrl Pts',(63.3557647964808,36.9293444732558,-7.62750753109464));
#3455=CARTESIAN_POINT('Ctrl Pts',(63.7486505388712,34.6083661102106,-7.74668733626799));
#3456=CARTESIAN_POINT('Ctrl Pts',(62.982441589828,32.3825575796527,-7.86586714144135));
#3457=CARTESIAN_POINT('Ctrl Pts',(61.244159394562,30.7952092316461,-7.98504694661471));
#3458=CARTESIAN_POINT('Ctrl Pts',(58.9580955888587,30.2337717511092,-8.10422675178805));
#3459=CARTESIAN_POINT('Ctrl Pts',(56.6822480365137,30.8352845828784,-8.22340655696142));
#3460=CARTESIAN_POINT('Ctrl Pts',(54.9721209493359,32.452926420245,-8.34258636213477));
#3461=CARTESIAN_POINT('Ctrl Pts',(54.2451336745384,34.6918523392026,-8.46176616730813));
#3462=CARTESIAN_POINT('Ctrl Pts',(54.6787341666931,37.0055702091041,-8.58094597248147));
#3463=CARTESIAN_POINT('Ctrl Pts',(56.167086294823,38.8293321757514,-8.70012577765483));
#3464=CARTESIAN_POINT('Ctrl Pts',(58.3469030386794,39.7179821245508,-8.81930558282818));
#3465=CARTESIAN_POINT('Ctrl Pts',(60.6861200335221,39.4546123857098,-8.93848538800153));
#3466=CARTESIAN_POINT('Ctrl Pts',(62.6137654268508,38.1035080204306,-9.05766519317489));
#3467=CARTESIAN_POINT('Ctrl Pts',(63.6593265370208,35.9944556898333,-9.17684499834824));
#3468=CARTESIAN_POINT('Ctrl Pts',(63.5675957602519,33.6422471036549,-9.2960248035216));
#3469=CARTESIAN_POINT('Ctrl Pts',(62.3609633628845,31.6210251895837,-9.41520460869495));
#3470=CARTESIAN_POINT('Ctrl Pts',(60.3339523142416,30.4241434172362,-9.53438441386831));
#3471=CARTESIAN_POINT('Ctrl Pts',(57.9813291349299,30.3437447576525,-9.65356421904166));
#3472=CARTESIAN_POINT('Ctrl Pts',(55.8773379493241,31.3994534576221,-9.77274402421502));
#3473=CARTESIAN_POINT('Ctrl Pts',(54.5355351087754,33.3335850212427,-9.89192382938836));
#3474=CARTESIAN_POINT('Ctrl Pts',(54.283436895547,35.674043578702,-10.0111036345617));
#3475=CARTESIAN_POINT('Ctrl Pts',(55.1825771408895,37.8495542285274,-10.1302834397351));
#3476=CARTESIAN_POINT('Ctrl Pts',(57.0134876327163,39.3291036664363,-10.2494632449084));
#3477=CARTESIAN_POINT('Ctrl Pts',(59.3292673962203,39.7515534921474,-10.3686430500818));
#3478=CARTESIAN_POINT('Ctrl Pts',(61.5646652963142,39.0137893045144,-10.4878228552551));
#3479=CARTESIAN_POINT('Ctrl Pts',(63.1740503449769,37.2958895596402,-10.6070026604285));
#3480=CARTESIAN_POINT('Ctrl Pts',(63.764592990847,35.0171708074229,-10.7261824656018));
#3481=CARTESIAN_POINT('Ctrl Pts',(63.1921496041389,32.7338380814909,-10.8453622707752));
#3482=CARTESIAN_POINT('Ctrl Pts',(61.5964460254567,31.0032226252791,-10.9645420759485));
#3483=CARTESIAN_POINT('Ctrl Pts',(59.3669723407441,30.2477447252241,-11.0837218811219));
#3484=CARTESIAN_POINT('Ctrl Pts',(57.0479135155971,30.6518065197629,-11.2029016862953));
#3485=CARTESIAN_POINT('Ctrl Pts',(55.2053210605728,32.1167818823495,-11.3220814914686));
#3486=CARTESIAN_POINT('Ctrl Pts',(54.2889473628022,34.2850897512492,-11.441261296642));
#3487=CARTESIAN_POINT('Ctrl Pts',(54.5224670916095,36.6274749255012,-11.5604411018153));
#3488=CARTESIAN_POINT('Ctrl Pts',(55.848881177457,38.5721922420189,-11.6796209069887));
#3489=CARTESIAN_POINT('Ctrl Pts',(57.9444295290627,39.6445619890653,-11.798800712162));
#3490=CARTESIAN_POINT('Ctrl Pts',(60.2976165789107,39.5828329300578,-11.9179805173354));
#3491=CARTESIAN_POINT('Ctrl Pts',(62.3340605693043,38.4020723098268,-12.0371603225087));
#3492=CARTESIAN_POINT('Ctrl Pts',(63.5566925236285,36.3904881399345,-12.1563401276821));
#3493=CARTESIAN_POINT('Ctrl Pts',(63.6670841928461,34.0390814444282,-12.2755199328554));
#3494=CARTESIAN_POINT('Ctrl Pts',(62.638290434199,31.9217994201217,-12.3946997380288));
#3495=CARTESIAN_POINT('Ctrl Pts',(60.721426163276,30.555442535855,-12.5138795432022));
#3496=CARTESIAN_POINT('Ctrl Pts',(58.384372532701,30.2735203904252,-12.6330593483755));
#3497=CARTESIAN_POINT('Ctrl Pts',(56.1975733464193,31.1448464414382,-12.7522391535489));
#3498=CARTESIAN_POINT('Ctrl Pts',(54.6947972908312,32.956741552969,-12.8714189587222));
#3499=CARTESIAN_POINT('Ctrl Pts',(54.2428520755352,35.2669461521688,-12.9905987638956));
#3500=CARTESIAN_POINT('Ctrl Pts',(54.952051535389,37.5115699281459,-13.1097785690689));
#3501=CARTESIAN_POINT('Ctrl Pts',(56.649289485188,39.1427299778384,-13.2289583742423));
#3502=CARTESIAN_POINT('Ctrl Pts',(58.9202926461091,39.7622817630704,-13.3481381794156));
#3503=CARTESIAN_POINT('Ctrl Pts',(61.2107392562764,39.2190009031455,-13.467317984589));
#3504=CARTESIAN_POINT('Ctrl Pts',(62.9615616711501,37.6454950621981,-13.5864977897623));
#3505=CARTESIAN_POINT('Ctrl Pts',(63.7454073458693,35.4258361325971,-13.7056775949357));
#3506=CARTESIAN_POINT('Ctrl Pts',(63.3709499604719,33.1018134702881,-13.824857400109));
#3507=CARTESIAN_POINT('Ctrl Pts',(61.9295895641146,31.240690105233,-13.9440372052824));
#3508=CARTESIAN_POINT('Ctrl Pts',(59.773143188534,30.2967417562725,-14.0632170104557));
#3509=CARTESIAN_POINT('Ctrl Pts',(57.4279706552064,30.5003733194647,-14.1823968156291));
#3510=CARTESIAN_POINT('Ctrl Pts',(55.4664977894883,31.8018818224446,-14.3015766208025));
#3511=CARTESIAN_POINT('Ctrl Pts',(54.3674934749043,33.883584644828,-14.4207564259758));
#3512=CARTESIAN_POINT('Ctrl Pts',(54.3992114179381,36.2373691725722,-14.5399362311492));
#3513=CARTESIAN_POINT('Ctrl Pts',(55.5539069266415,38.2887006328239,-14.6591160363225));
#3514=CARTESIAN_POINT('Ctrl Pts',(57.5497398970039,39.5368911813097,-14.7782958414959));
#3515=CARTESIAN_POINT('Ctrl Pts',(59.8995419561107,39.6772428545934,-14.8974756466692));
#3516=CARTESIAN_POINT('Ctrl Pts',(62.0297826052656,38.675562733384,-15.0166554518426));
#3517=CARTESIAN_POINT('Ctrl Pts',(63.4204461035235,36.7762121580475,-15.1358352570159));
#3518=CARTESIAN_POINT('Ctrl Pts',(63.732198099508,34.4430820807489,-15.2550150621893));
#3519=CARTESIAN_POINT('Ctrl Pts',(62.8887111113022,32.2450778430864,-15.3741948673627));
#3520=CARTESIAN_POINT('Ctrl Pts',(61.693745109951,31.2285298919701,-15.4536480708115));
#3521=CARTESIAN_POINT('Ctrl Pts',(61.0107552234188,30.8939191332035,-15.493374672536));
#3522=CARTESIAN_POINT('Ctrl Pts',(61.6535099690686,38.7197843959825,-15.));
#3523=CARTESIAN_POINT('Ctrl Pts',(61.7460977370479,38.6657549858998,-15.));
#3524=CARTESIAN_POINT('Ctrl Pts',(61.8366079333059,38.6085298701609,-15.));
#3525=CARTESIAN_POINT('Ctrl Pts',(61.9248656350168,38.5482172707245,-15.));
#3526=CARTESIAN_POINT('Ctrl Pts',(62.0374562117474,38.4712763327325,-15.));
#3527=CARTESIAN_POINT('Ctrl Pts',(62.1463821082613,38.3893125630424,-15.));
#3528=CARTESIAN_POINT('Ctrl Pts',(62.251441517862,38.3027113139582,-15.));
#3529=CARTESIAN_POINT('Ctrl Pts',(62.3580469831688,38.21483563971,-15.));
#3530=CARTESIAN_POINT('Ctrl Pts',(62.4606719213357,38.1221846109866,-15.));
#3531=CARTESIAN_POINT('Ctrl Pts',(62.559085406646,38.0251110650809,-15.));
#3532=CARTESIAN_POINT('Ctrl Pts',(62.6498897302931,37.935543079025,-15.));
#3533=CARTESIAN_POINT('Ctrl Pts',(62.7371088028566,37.8422091803042,-15.));
#3534=CARTESIAN_POINT('Ctrl Pts',(62.8205397204677,37.745354319662,-15.));
#3535=CARTESIAN_POINT('Ctrl Pts',(62.8559793252271,37.7042125214117,-15.));
#3536=CARTESIAN_POINT('Ctrl Pts',(62.8907351197709,37.6624350650482,-15.));
#3537=CARTESIAN_POINT('Ctrl Pts',(62.9247901538255,37.6200392792074,-15.));
#3538=CARTESIAN_POINT('Ctrl Pts',(62.9422502731679,37.5983028311037,-15.));
#3539=CARTESIAN_POINT('Ctrl Pts',(62.9595261730084,37.5764038331979,-15.));
#3540=CARTESIAN_POINT('Ctrl Pts',(62.976615473292,37.5543445423832,-15.));
#3541=CARTESIAN_POINT('Ctrl Pts',(62.9906868520336,37.5361808592205,-15.));
#3542=CARTESIAN_POINT('Ctrl Pts',(63.0046332391578,37.5179063407142,-15.));
#3543=CARTESIAN_POINT('Ctrl Pts',(63.0184388719055,37.4995417703815,-15.));
#3544=CARTESIAN_POINT('Ctrl Pts',(63.104278390832,37.3853560672367,-15.));
#3545=CARTESIAN_POINT('Ctrl Pts',(63.1847995717652,37.2675390701936,-15.));
#3546=CARTESIAN_POINT('Ctrl Pts',(63.2597795278218,37.1464885666348,-15.));
#3547=CARTESIAN_POINT('Ctrl Pts',(63.3312715123455,37.0310691774786,-15.));
#3548=CARTESIAN_POINT('Ctrl Pts',(63.3977261121732,36.9127093437395,-15.));
#3549=CARTESIAN_POINT('Ctrl Pts',(63.4589253206127,36.7917173959785,-15.));
#3550=CARTESIAN_POINT('Ctrl Pts',(63.5228356272992,36.665365557692,-15.));
#3551=CARTESIAN_POINT('Ctrl Pts',(63.5810155706878,36.5361430146218,-15.));
#3552=CARTESIAN_POINT('Ctrl Pts',(63.6334324034717,36.4044681247911,-15.));
#3553=CARTESIAN_POINT('Ctrl Pts',(63.6861884171509,36.2719411879242,-15.));
#3554=CARTESIAN_POINT('Ctrl Pts',(63.733106801012,36.1369293702237,-15.));
#3555=CARTESIAN_POINT('Ctrl Pts',(63.7741083062884,35.9998332954817,-15.));
#3556=CARTESIAN_POINT('Ctrl Pts',(63.7864337485593,35.9586209120971,-15.));
#3557=CARTESIAN_POINT('Ctrl Pts',(63.7982241758452,35.9172200455969,-15.));
#3558=CARTESIAN_POINT('Ctrl Pts',(63.8094765671573,35.8756412732508,-15.));
#3559=CARTESIAN_POINT('Ctrl Pts',(63.8142746204516,35.8579119604234,-15.));
#3560=CARTESIAN_POINT('Ctrl Pts',(63.8189736504407,35.8401545889191,-15.));
#3561=CARTESIAN_POINT('Ctrl Pts',(63.8235715635902,35.8223780388944,-15.));
#3562=CARTESIAN_POINT('Ctrl Pts',(63.8599635046945,35.6816787389081,-15.));
#3563=CARTESIAN_POINT('Ctrl Pts',(63.8900650364261,35.5396311507878,-15.));
#3564=CARTESIAN_POINT('Ctrl Pts',(63.9138821805462,35.3966914776016,-15.));
#3565=CARTESIAN_POINT('Ctrl Pts',(63.9379241717125,35.2524023746458,-15.));
#3566=CARTESIAN_POINT('Ctrl Pts',(63.9555628580931,35.1072035570282,-15.));
#3567=CARTESIAN_POINT('Ctrl Pts',(63.9667594847577,34.9615357228533,-15.));
#3568=CARTESIAN_POINT('Ctrl Pts',(63.9779634839313,34.8157719725205,-15.));
#3569=CARTESIAN_POINT('Ctrl Pts',(63.9827171856077,34.6695378195569,-15.));
#3570=CARTESIAN_POINT('Ctrl Pts',(63.9809329362851,34.5232575487379,-15.));
#3571=CARTESIAN_POINT('Ctrl Pts',(63.9804892321315,34.4868808143181,-15.));
#3572=CARTESIAN_POINT('Ctrl Pts',(63.9796409688741,34.4505011761164,-15.));
#3573=CARTESIAN_POINT('Ctrl Pts',(63.9783863019403,34.4141250794559,-15.));
#3574=CARTESIAN_POINT('Ctrl Pts',(63.9747114645653,34.3075818718831,-15.));
#3575=CARTESIAN_POINT('Ctrl Pts',(63.9675513245856,34.201069021756,-15.));
#3576=CARTESIAN_POINT('Ctrl Pts',(63.956956357718,34.0947366066633,-15.));
#3577=CARTESIAN_POINT('Ctrl Pts',(63.9528865649552,34.0538916565278,-15.));
#3578=CARTESIAN_POINT('Ctrl Pts',(63.9483098006074,34.013073334199,-15.));
#3579=CARTESIAN_POINT('Ctrl Pts',(63.9432283472723,33.972290190383,-15.));
#3580=CARTESIAN_POINT('Ctrl Pts',(63.9408688651536,33.9533532657999,-15.));
#3581=CARTESIAN_POINT('Ctrl Pts',(63.9384006103511,33.9344246995414,-15.));
#3582=CARTESIAN_POINT('Ctrl Pts',(63.9358257793861,33.9155186428498,-15.));
#3583=CARTESIAN_POINT('Ctrl Pts',(63.9160078886435,33.7700030066884,-15.));
#3584=CARTESIAN_POINT('Ctrl Pts',(63.8898555015616,33.6256156207898,-15.));
#3585=CARTESIAN_POINT('Ctrl Pts',(63.8576017974545,33.4827461922486,-15.));
#3586=CARTESIAN_POINT('Ctrl Pts',(63.8246440900748,33.3367583452802,-15.));
#3587=CARTESIAN_POINT('Ctrl Pts',(63.785315848704,33.1923547422245,-15.));
#3588=CARTESIAN_POINT('Ctrl Pts',(63.7398122336526,33.0499423612038,-15.));
#3589=CARTESIAN_POINT('Ctrl Pts',(63.6941469636677,32.9070240497433,-15.));
#3590=CARTESIAN_POINT('Ctrl Pts',(63.6422622421276,32.7661103564757,-15.));
#3591=CARTESIAN_POINT('Ctrl Pts',(63.584302783436,32.6276150921312,-15.));
#3592=CARTESIAN_POINT('Ctrl Pts',(63.5378989301282,32.5167321736991,-15.));
#3593=CARTESIAN_POINT('Ctrl Pts',(63.4876001197262,32.4073993610253,-15.));
#3594=CARTESIAN_POINT('Ctrl Pts',(63.4334572933196,32.2998352949449,-15.));
#3595=CARTESIAN_POINT('Ctrl Pts',(63.4063858801163,32.2460532619047,-15.));
#3596=CARTESIAN_POINT('Ctrl Pts',(63.3783531442472,32.1927135317465,-15.));
#3597=CARTESIAN_POINT('Ctrl Pts',(63.3493635715386,32.13984430183,-15.));
#3598=CARTESIAN_POINT('Ctrl Pts',(63.3392149500314,32.1213359295543,-15.));
#3599=CARTESIAN_POINT('Ctrl Pts',(63.3289490524564,32.102885225477,-15.));
#3600=CARTESIAN_POINT('Ctrl Pts',(63.3185660356497,32.0844934201735,-15.));
#3601=CARTESIAN_POINT('Ctrl Pts',(63.3074558414228,32.0648135397583,-15.));
#3602=CARTESIAN_POINT('Ctrl Pts',(63.2962152590906,32.0452077323066,-15.));
#3603=CARTESIAN_POINT('Ctrl Pts',(63.2848483230538,32.0256833721382,-15.));
#3604=CARTESIAN_POINT('Ctrl Pts',(63.2764937070096,32.0113331081632,-15.));
#3605=CARTESIAN_POINT('Ctrl Pts',(63.2680702560393,31.9970258203921,-15.));
#3606=CARTESIAN_POINT('Ctrl Pts',(63.2595782141284,31.9827620429858,-15.));
#3607=CARTESIAN_POINT('Ctrl Pts',(63.1824946142017,31.8532874922749,-15.));
#3608=CARTESIAN_POINT('Ctrl Pts',(63.0997637491104,31.7273968569424,-15.));
#3609=CARTESIAN_POINT('Ctrl Pts',(63.0117656235503,31.6053293437902,-15.));
#3610=CARTESIAN_POINT('Ctrl Pts',(62.9226088259453,31.4816545666855,-15.));
#3611=CARTESIAN_POINT('Ctrl Pts',(62.8280447905134,31.3619036558344,-15.));
#3612=CARTESIAN_POINT('Ctrl Pts',(62.7284186777358,31.2463444374993,-15.));
#3613=CARTESIAN_POINT('Ctrl Pts',(62.6806887505035,31.1909811102712,-15.));
#3614=CARTESIAN_POINT('Ctrl Pts',(62.6317962375732,31.136580227714,-15.));
#3615=CARTESIAN_POINT('Ctrl Pts',(62.5817754823983,31.0831733860889,-15.));
#3616=CARTESIAN_POINT('Ctrl Pts',(62.555417393265,31.0550310222449,-15.));
#3617=CARTESIAN_POINT('Ctrl Pts',(62.5287459892284,31.0271646984822,-15.));
#3618=CARTESIAN_POINT('Ctrl Pts',(62.50176605767,30.9995792222583,-15.));
#3619=CARTESIAN_POINT('Ctrl Pts',(62.4853307162886,30.9827750017609,-15.));
#3620=CARTESIAN_POINT('Ctrl Pts',(62.4687819436566,30.9660761641164,-15.));
#3621=CARTESIAN_POINT('Ctrl Pts',(62.4521294435435,30.9494921253341,-15.));
#3622=CARTESIAN_POINT('Ctrl Pts',(62.3420308801716,30.8398461963478,-15.));
#3623=CARTESIAN_POINT('Ctrl Pts',(62.2273025771821,30.7351142471745,-15.));
#3624=CARTESIAN_POINT('Ctrl Pts',(62.1083176164476,30.6355613322305,-15.));
#3625=CARTESIAN_POINT('Ctrl Pts',(61.9889480345234,30.5356866105611,-15.));
#3626=CARTESIAN_POINT('Ctrl Pts',(61.8652937448368,30.4410238544068,-15.));
#3627=CARTESIAN_POINT('Ctrl Pts',(61.7376879088501,30.351869490215,-15.));
#3628=CARTESIAN_POINT('Ctrl Pts',(61.6237777619127,30.2722838925293,-15.));
#3629=CARTESIAN_POINT('Ctrl Pts',(61.5067179383083,30.1970878245664,-15.));
#3630=CARTESIAN_POINT('Ctrl Pts',(61.3867210671752,30.1265174216935,-15.));
#3631=CARTESIAN_POINT('Origin',(58.9999506004051,34.9982677990172,-15.));
#3632=UNCERTAINTY_MEASURE_WITH_UNIT(LENGTH_MEASURE(0.01),#3636,
'DISTANCE_ACCURACY_VALUE',
'Maximum model space distance between geometric entities at asserted c
onnectivities');
#3633=UNCERTAINTY_MEASURE_WITH_UNIT(LENGTH_MEASURE(0.01),#3636,
'DISTANCE_ACCURACY_VALUE',
'Maximum model space distance between geometric entities at asserted c
onnectivities');
#3634=(
GEOMETRIC_REPRESENTATION_CONTEXT(3)
GLOBAL_UNCERTAINTY_ASSIGNED_CONTEXT((#3632))
GLOBAL_UNIT_ASSIGNED_CONTEXT((#3636,#3638,#3639))
REPRESENTATION_CONTEXT('','3D')
);
#3635=(
GEOMETRIC_REPRESENTATION_CONTEXT(3)
GLOBAL_UNCERTAINTY_ASSIGNED_CONTEXT((#3633))
GLOBAL_UNIT_ASSIGNED_CONTEXT((#3636,#3638,#3639))
REPRESENTATION_CONTEXT('','3D')
);
#3636=(
LENGTH_UNIT()
NAMED_UNIT(*)
SI_UNIT(.MILLI.,.METRE.)
);
#3637=(
LENGTH_UNIT()
NAMED_UNIT(*)
SI_UNIT($,.METRE.)
);
#3638=(
NAMED_UNIT(*)
PLANE_ANGLE_UNIT()
SI_UNIT($,.RADIAN.)
);
#3639=(
NAMED_UNIT(*)
SI_UNIT($,.STERADIAN.)
SOLID_ANGLE_UNIT()
);
#3640=SHAPE_DEFINITION_REPRESENTATION(#3641,#3642);
#3641=PRODUCT_DEFINITION_SHAPE('',$,#3644);
#3642=SHAPE_REPRESENTATION('',(#620),#3634);
#3643=PRODUCT_DEFINITION_CONTEXT('part definition',#3648,'design');
#3644=PRODUCT_DEFINITION('SHIELD','SHIELD',#3645,#3643);
#3645=PRODUCT_DEFINITION_FORMATION('',$,#3650);
#3646=PRODUCT_RELATED_PRODUCT_CATEGORY('SHIELD','SHIELD',(#3650));
#3647=APPLICATION_PROTOCOL_DEFINITION('international standard',
'automotive_design',2009,#3648);
#3648=APPLICATION_CONTEXT(
'Core Data for Automotive Mechanical Design Process');
#3649=PRODUCT_CONTEXT('part definition',#3648,'mechanical');
#3650=PRODUCT('SHIELD','SHIELD',$,(#3649));
#3651=PRESENTATION_STYLE_ASSIGNMENT((#3653));
#3652=PRESENTATION_STYLE_ASSIGNMENT((#3654));
#3653=SURFACE_STYLE_USAGE(.BOTH.,#3655);
#3654=SURFACE_STYLE_USAGE(.BOTH.,#3656);
#3655=SURFACE_SIDE_STYLE('',(#3657));
#3656=SURFACE_SIDE_STYLE('',(#3658));
#3657=SURFACE_STYLE_FILL_AREA(#3659);
#3658=SURFACE_STYLE_FILL_AREA(#3660);
#3659=FILL_AREA_STYLE('Steel - Satin',(#3661));
#3660=FILL_AREA_STYLE('Plastic - Glossy (White)',(#3662));
#3661=FILL_AREA_STYLE_COLOUR('Steel - Satin',#3663);
#3662=FILL_AREA_STYLE_COLOUR('Plastic - Glossy (White)',#3664);
#3663=COLOUR_RGB('Steel - Satin',0.627450980392157,0.627450980392157,0.627450980392157);
#3664=COLOUR_RGB('Plastic - Glossy (White)',0.964705882352941,0.964705882352941,
0.952941176470588);
ENDSEC;
END-ISO-10303-21;
