ISO-10303-21;
HEADER;
/* Generated by software containing ST-Developer
 * from STEP Tools, Inc. (www.steptools.com) 
 */

FILE_DESCRIPTION(
/* description */ (''),
/* implementation_level */ '2;1');

FILE_NAME(
/* name */ 'SUPPORT.step',
/* time_stamp */ '2026-03-23T18:10:30-05:00',
/* author */ (''),
/* organization */ (''),
/* preprocessor_version */ 'ST-DEVELOPER v20.1',
/* originating_system */ 'Autodesk Translation Framework v14.24.0.0',
/* authorisation */ '');

FILE_SCHEMA (('AUTOMOTIVE_DESIGN { 1 0 10303 214 3 1 1 }'));
ENDSEC;

DATA;
#10=MECHANICAL_DESIGN_GEOMETRIC_PRESENTATION_REPRESENTATION('',(#13),#2218);
#11=SHAPE_REPRESENTATION_RELATIONSHIP('SRR','None',#2225,#12);
#12=ADVANCED_BREP_SHAPE_REPRESENTATION('',(#14),#2217);
#13=STYLED_ITEM('',(#2235),#14);
#14=MANIFOLD_SOLID_BREP('Display support',#1107);
#15=TOROIDAL_SURFACE('',#1173,9.47208170850156,0.5);
#16=SPHERICAL_SURFACE('',#1149,0.5);
#17=SPHERICAL_SURFACE('',#1153,0.500000000000025);
#18=SPHERICAL_SURFACE('',#1157,0.5);
#19=SPHERICAL_SURFACE('',#1162,0.499999999999996);
#20=SPHERICAL_SURFACE('',#1166,0.500000000000009);
#21=SPHERICAL_SURFACE('',#1178,0.5);
#22=FACE_BOUND('',#224,.T.);
#23=FACE_BOUND('',#225,.T.);
#24=FACE_BOUND('',#226,.T.);
#25=FACE_BOUND('',#227,.T.);
#26=FACE_BOUND('',#228,.T.);
#27=FACE_BOUND('',#251,.T.);
#28=FACE_BOUND('',#252,.T.);
#29=FACE_BOUND('',#253,.T.);
#30=FACE_BOUND('',#254,.T.);
#31=FACE_BOUND('',#255,.T.);
#32=PLANE('',#1140);
#33=PLANE('',#1141);
#34=PLANE('',#1143);
#35=PLANE('',#1144);
#36=PLANE('',#1194);
#37=PLANE('',#1195);
#38=PLANE('',#1204);
#39=PLANE('',#1205);
#40=PLANE('',#1208);
#41=PLANE('',#1220);
#42=PLANE('',#1222);
#43=PLANE('',#1225);
#44=PLANE('',#1227);
#45=PLANE('',#1229);
#46=PLANE('',#1232);
#47=PLANE('',#1236);
#48=PLANE('',#1239);
#49=PLANE('',#1240);
#50=PLANE('',#1241);
#51=PLANE('',#1245);
#52=PLANE('',#1248);
#53=PLANE('',#1251);
#54=PLANE('',#1254);
#55=B_SPLINE_SURFACE_WITH_KNOTS('',3,3,((#1637,#1638,#1639,#1640),(#1641,
#1642,#1643,#1644),(#1645,#1646,#1647,#1648),(#1649,#1650,#1651,#1652),
(#1653,#1654,#1655,#1656)),.UNSPECIFIED.,.F.,.F.,.F.,(4,1,4),(4,4),(0.,
0.5,1.),(2.15067859408225E-18,0.365900667033413),.UNSPECIFIED.);
#56=B_SPLINE_SURFACE_WITH_KNOTS('',3,3,((#1674,#1675,#1676,#1677),(#1678,
#1679,#1680,#1681),(#1682,#1683,#1684,#1685),(#1686,#1687,#1688,#1689),
(#1690,#1691,#1692,#1693)),.UNSPECIFIED.,.F.,.F.,.F.,(4,1,4),(4,4),(0.,
0.5,1.),(0.,0.245451059921102),.UNSPECIFIED.);
#57=B_SPLINE_SURFACE_WITH_KNOTS('',3,3,((#1705,#1706,#1707,#1708),(#1709,
#1710,#1711,#1712),(#1713,#1714,#1715,#1716),(#1717,#1718,#1719,#1720),
(#1721,#1722,#1723,#1724)),.UNSPECIFIED.,.F.,.F.,.F.,(4,1,4),(4,4),(0.,
0.5,1.),(6.01686352706415E-16,0.0545503525064803),.UNSPECIFIED.);
#58=B_SPLINE_SURFACE_WITH_KNOTS('',3,3,((#1764,#1765,#1766,#1767,#1768,
#1769,#1770),(#1771,#1772,#1773,#1774,#1775,#1776,#1777),(#1778,#1779,#1780,
#1781,#1782,#1783,#1784),(#1785,#1786,#1787,#1788,#1789,#1790,#1791),(#1792,
#1793,#1794,#1795,#1796,#1797,#1798),(#1799,#1800,#1801,#1802,#1803,#1804,
#1805)),.UNSPECIFIED.,.F.,.F.,.F.,(4,1,1,4),(4,1,1,1,4),(0.,0.285714285714286,
0.571428571428571,1.),(-1.58847277998597E-14,0.336599212884608,0.673198425769233,
1.12199737628207,1.5707963267949),.UNSPECIFIED.);
#59=B_SPLINE_SURFACE_WITH_KNOTS('',3,3,((#1920,#1921,#1922,#1923,#1924,
#1925),(#1926,#1927,#1928,#1929,#1930,#1931),(#1932,#1933,#1934,#1935,#1936,
#1937),(#1938,#1939,#1940,#1941,#1942,#1943),(#1944,#1945,#1946,#1947,#1948,
#1949)),.UNSPECIFIED.,.F.,.F.,.F.,(4,1,4),(4,1,1,4),(0.,0.5,1.),(0.,0.59839860068377,
0.997331001139617,1.39626340159546),.UNSPECIFIED.);
#60=B_SPLINE_SURFACE_WITH_KNOTS('',3,3,((#2014,#2015,#2016,#2017,#2018,
#2019),(#2020,#2021,#2022,#2023,#2024,#2025),(#2026,#2027,#2028,#2029,#2030,
#2031),(#2032,#2033,#2034,#2035,#2036,#2037),(#2038,#2039,#2040,#2041,#2042,
#2043),(#2044,#2045,#2046,#2047,#2048,#2049)),.UNSPECIFIED.,.F.,.F.,.F.,
(4,1,1,4),(4,1,1,4),(0.0149907199478103,0.437137554255892,0.718568777127946,
1.),(-7.85398163397481,-7.25504591299727,-6.85575543234558,-6.45646495169389),
 .UNSPECIFIED.);
#61=B_SPLINE_SURFACE_WITH_KNOTS('',3,3,((#2067,#2068,#2069,#2070),(#2071,
#2072,#2073,#2074),(#2075,#2076,#2077,#2078),(#2079,#2080,#2081,#2082)),
 .UNSPECIFIED.,.F.,.F.,.F.,(4,4),(4,4),(0.654258785887988,1.),(-0.173279644514306,
1.01370740890418E-17),.UNSPECIFIED.);
#62=B_SPLINE_SURFACE_WITH_KNOTS('',3,3,((#2097,#2098,#2099,#2100),(#2101,
#2102,#2103,#2104),(#2105,#2106,#2107,#2108),(#2109,#2110,#2111,#2112),
(#2113,#2114,#2115,#2116)),.UNSPECIFIED.,.F.,.F.,.F.,(4,1,4),(4,4),(0.0154903194339663,
0.253114116428279,0.569945845754029),(-0.173279644514306,1.01370740890418E-17),
 .UNSPECIFIED.);
#63=CIRCLE('',#1128,0.500000000000005);
#64=CIRCLE('',#1129,0.499999999999998);
#65=CIRCLE('',#1131,0.500000000000009);
#66=CIRCLE('',#1132,0.500000000000003);
#67=CIRCLE('',#1134,12.5);
#68=CIRCLE('',#1135,12.5);
#69=CIRCLE('',#1136,12.5);
#70=CIRCLE('',#1138,12.5);
#71=CIRCLE('',#1142,12.5);
#72=CIRCLE('',#1145,2.25);
#73=CIRCLE('',#1146,2.25);
#74=CIRCLE('',#1147,2.25);
#75=CIRCLE('',#1148,2.25);
#76=CIRCLE('',#1150,0.500000000000007);
#77=CIRCLE('',#1151,0.5);
#78=CIRCLE('',#1152,0.500000000000002);
#79=CIRCLE('',#1154,0.499999999999998);
#80=CIRCLE('',#1155,0.500000000000025);
#81=CIRCLE('',#1156,0.5);
#82=CIRCLE('',#1158,0.500000000000002);
#83=CIRCLE('',#1159,0.5);
#84=CIRCLE('',#1160,0.499999999999989);
#85=CIRCLE('',#1163,0.500000000000001);
#86=CIRCLE('',#1164,0.499999999999996);
#87=CIRCLE('',#1165,0.500000000000007);
#88=CIRCLE('',#1167,0.500000000000002);
#89=CIRCLE('',#1168,0.500000000000009);
#90=CIRCLE('',#1169,0.499999999999989);
#91=CIRCLE('',#1172,0.5);
#92=CIRCLE('',#1174,0.499998901378896);
#93=CIRCLE('',#1175,9.47208170850156);
#94=CIRCLE('',#1176,9.97208170850156);
#95=CIRCLE('',#1179,0.499999999999989);
#96=CIRCLE('',#1180,0.5);
#97=CIRCLE('',#1181,0.5);
#98=CIRCLE('',#1188,0.500000000000001);
#99=CIRCLE('',#1189,0.5);
#100=CIRCLE('',#1190,9.47208170850156);
#101=CIRCLE('',#1191,9.97208170850156);
#102=CIRCLE('',#1196,2.25000000000001);
#103=CIRCLE('',#1197,2.25);
#104=CIRCLE('',#1198,2.25);
#105=CIRCLE('',#1199,2.25000000000001);
#106=CIRCLE('',#1200,1.99999999999998);
#107=CIRCLE('',#1201,2.);
#108=CIRCLE('',#1202,2.00000000000002);
#109=CIRCLE('',#1203,2.);
#110=CIRCLE('',#1207,12.5);
#111=CIRCLE('',#1209,12.5);
#112=CIRCLE('',#1210,12.5);
#113=CIRCLE('',#1212,12.5);
#114=CIRCLE('',#1215,12.5);
#115=CIRCLE('',#1217,12.5);
#116=CIRCLE('',#1223,2.25);
#117=CIRCLE('',#1224,2.25);
#118=CIRCLE('',#1231,2.25);
#119=CIRCLE('',#1235,2.25);
#120=CIRCLE('',#1238,2.25);
#121=CIRCLE('',#1244,2.25000000000001);
#122=CIRCLE('',#1247,2.25);
#123=CIRCLE('',#1250,2.25);
#124=CIRCLE('',#1253,2.25000000000001);
#125=B_SPLINE_CURVE_WITH_KNOTS('',3,(#1610,#1611,#1612,#1613,#1614,#1615,
#1616,#1617,#1618,#1619,#1620,#1621,#1622,#1623),.UNSPECIFIED.,.F.,.F.,
(4,2,2,2,2,2,4),(-0.00043495896643321,0.,0.0232115926445072,0.0454014249878298,
0.0663517144347185,0.0822662957715708,0.0953954064389384),.UNSPECIFIED.);
#126=B_SPLINE_CURVE_WITH_KNOTS('',3,(#1660,#1661,#1662,#1663),
 .UNSPECIFIED.,.F.,.F.,(4,4),(-0.365900667033413,-2.15067859408225E-18),
 .UNSPECIFIED.);
#127=B_SPLINE_CURVE_WITH_KNOTS('',3,(#1664,#1665,#1666,#1667),
 .UNSPECIFIED.,.F.,.F.,(4,4),(2.15067859408225E-18,0.365900667033413),
 .UNSPECIFIED.);
#128=B_SPLINE_CURVE_WITH_KNOTS('',3,(#1697,#1698,#1699,#1700),
 .UNSPECIFIED.,.F.,.F.,(4,4),(-0.245451059921102,0.),.UNSPECIFIED.);
#129=B_SPLINE_CURVE_WITH_KNOTS('',3,(#1701,#1702,#1703,#1704),
 .UNSPECIFIED.,.F.,.F.,(4,4),(0.,0.245451059921102),.UNSPECIFIED.);
#130=B_SPLINE_CURVE_WITH_KNOTS('',3,(#1725,#1726,#1727,#1728),
 .UNSPECIFIED.,.F.,.F.,(4,4),(-0.0545503525064803,-6.01686352706415E-16),
 .UNSPECIFIED.);
#131=B_SPLINE_CURVE_WITH_KNOTS('',3,(#1730,#1731,#1732,#1733),
 .UNSPECIFIED.,.F.,.F.,(4,4),(6.01686352706415E-16,0.0047369854753071),
 .UNSPECIFIED.);
#132=B_SPLINE_CURVE_WITH_KNOTS('',3,(#1734,#1735,#1736,#1737),
 .UNSPECIFIED.,.F.,.F.,(4,4),(-0.0797755431326832,-0.0787434732224497),
 .UNSPECIFIED.);
#133=B_SPLINE_CURVE_WITH_KNOTS('',3,(#1748,#1749,#1750,#1751,#1752,#1753,
#1754,#1755,#1756,#1757,#1758,#1759,#1760,#1761,#1762),.UNSPECIFIED.,.F.,
 .F.,(4,2,2,2,2,3,4),(-0.327915193678242,-0.272904680188157,-0.188669151115897,
-0.104433622043636,-0.052216811021818,0.,0.0486362556914922),
 .UNSPECIFIED.);
#134=B_SPLINE_CURVE_WITH_KNOTS('',3,(#1995,#1996,#1997,#1998,#1999,#2000,
#2001,#2002,#2003,#2004,#2005,#2006,#2007,#2008,#2009,#2010),
 .UNSPECIFIED.,.F.,.F.,(4,2,2,2,2,2,2,4),(0.0266523116707956,0.508253066230311,
0.975797101405827,1.35324507314685,1.51607161153261,1.6096574814368,1.67839377005579,
1.73118191700398),.UNSPECIFIED.);
#135=B_SPLINE_CURVE_WITH_KNOTS('',3,(#2053,#2054,#2055,#2056),
 .UNSPECIFIED.,.F.,.F.,(4,4),(0.,0.135857713297855),.UNSPECIFIED.);
#136=B_SPLINE_CURVE_WITH_KNOTS('',3,(#2058,#2059,#2060,#2061),
 .UNSPECIFIED.,.F.,.F.,(4,4),(0.0787340643569252,0.174409705888524),
 .UNSPECIFIED.);
#137=B_SPLINE_CURVE_WITH_KNOTS('',3,(#2083,#2084,#2085,#2086,#2087,#2088,
#2089,#2090,#2091,#2092,#2093,#2094,#2095),.UNSPECIFIED.,.F.,.F.,(4,3,3,
3,4),(0.,0.0272197480476169,0.0392725770393504,0.0711284414412813,0.0774074852869196),
 .UNSPECIFIED.);
#138=B_SPLINE_CURVE_WITH_KNOTS('',3,(#2117,#2118,#2119,#2120,#2121,#2122,
#2123,#2124,#2125,#2126,#2127,#2128,#2129,#2130,#2131,#2132,#2133,#2134,
#2135,#2136,#2137,#2138),.UNSPECIFIED.,.F.,.F.,(4,3,3,3,3,3,3,4),(0.,0.0182418028381317,
0.0374912079811002,0.0567406131240687,0.0767198123811786,0.096887154322168,
0.117338895359267,0.119610960035122),.UNSPECIFIED.);
#139=FACE_OUTER_BOUND('',#210,.T.);
#140=FACE_OUTER_BOUND('',#211,.T.);
#141=FACE_OUTER_BOUND('',#212,.T.);
#142=FACE_OUTER_BOUND('',#213,.T.);
#143=FACE_OUTER_BOUND('',#214,.T.);
#144=FACE_OUTER_BOUND('',#215,.T.);
#145=FACE_OUTER_BOUND('',#216,.T.);
#146=FACE_OUTER_BOUND('',#217,.T.);
#147=FACE_OUTER_BOUND('',#218,.T.);
#148=FACE_OUTER_BOUND('',#219,.T.);
#149=FACE_OUTER_BOUND('',#220,.T.);
#150=FACE_OUTER_BOUND('',#221,.T.);
#151=FACE_OUTER_BOUND('',#222,.T.);
#152=FACE_OUTER_BOUND('',#223,.T.);
#153=FACE_OUTER_BOUND('',#229,.T.);
#154=FACE_OUTER_BOUND('',#230,.T.);
#155=FACE_OUTER_BOUND('',#231,.T.);
#156=FACE_OUTER_BOUND('',#232,.T.);
#157=FACE_OUTER_BOUND('',#233,.T.);
#158=FACE_OUTER_BOUND('',#234,.T.);
#159=FACE_OUTER_BOUND('',#235,.T.);
#160=FACE_OUTER_BOUND('',#236,.T.);
#161=FACE_OUTER_BOUND('',#237,.T.);
#162=FACE_OUTER_BOUND('',#238,.T.);
#163=FACE_OUTER_BOUND('',#239,.T.);
#164=FACE_OUTER_BOUND('',#240,.T.);
#165=FACE_OUTER_BOUND('',#241,.T.);
#166=FACE_OUTER_BOUND('',#242,.T.);
#167=FACE_OUTER_BOUND('',#243,.T.);
#168=FACE_OUTER_BOUND('',#244,.T.);
#169=FACE_OUTER_BOUND('',#245,.T.);
#170=FACE_OUTER_BOUND('',#246,.T.);
#171=FACE_OUTER_BOUND('',#247,.T.);
#172=FACE_OUTER_BOUND('',#248,.T.);
#173=FACE_OUTER_BOUND('',#249,.T.);
#174=FACE_OUTER_BOUND('',#250,.T.);
#175=FACE_OUTER_BOUND('',#256,.T.);
#176=FACE_OUTER_BOUND('',#257,.T.);
#177=FACE_OUTER_BOUND('',#258,.T.);
#178=FACE_OUTER_BOUND('',#259,.T.);
#179=FACE_OUTER_BOUND('',#260,.T.);
#180=FACE_OUTER_BOUND('',#261,.T.);
#181=FACE_OUTER_BOUND('',#262,.T.);
#182=FACE_OUTER_BOUND('',#263,.T.);
#183=FACE_OUTER_BOUND('',#264,.T.);
#184=FACE_OUTER_BOUND('',#265,.T.);
#185=FACE_OUTER_BOUND('',#266,.T.);
#186=FACE_OUTER_BOUND('',#267,.T.);
#187=FACE_OUTER_BOUND('',#268,.T.);
#188=FACE_OUTER_BOUND('',#269,.T.);
#189=FACE_OUTER_BOUND('',#270,.T.);
#190=FACE_OUTER_BOUND('',#271,.T.);
#191=FACE_OUTER_BOUND('',#272,.T.);
#192=FACE_OUTER_BOUND('',#273,.T.);
#193=FACE_OUTER_BOUND('',#274,.T.);
#194=FACE_OUTER_BOUND('',#275,.T.);
#195=FACE_OUTER_BOUND('',#276,.T.);
#196=FACE_OUTER_BOUND('',#277,.T.);
#197=FACE_OUTER_BOUND('',#278,.T.);
#198=FACE_OUTER_BOUND('',#279,.T.);
#199=FACE_OUTER_BOUND('',#280,.T.);
#200=FACE_OUTER_BOUND('',#281,.T.);
#201=FACE_OUTER_BOUND('',#282,.T.);
#202=FACE_OUTER_BOUND('',#283,.T.);
#203=FACE_OUTER_BOUND('',#284,.T.);
#204=FACE_OUTER_BOUND('',#285,.T.);
#205=FACE_OUTER_BOUND('',#286,.T.);
#206=FACE_OUTER_BOUND('',#287,.T.);
#207=FACE_OUTER_BOUND('',#288,.T.);
#208=FACE_OUTER_BOUND('',#289,.T.);
#209=FACE_OUTER_BOUND('',#290,.T.);
#210=EDGE_LOOP('',(#691,#692,#693,#694));
#211=EDGE_LOOP('',(#695,#696,#697,#698));
#212=EDGE_LOOP('',(#699,#700,#701,#702));
#213=EDGE_LOOP('',(#703,#704,#705,#706));
#214=EDGE_LOOP('',(#707,#708,#709,#710));
#215=EDGE_LOOP('',(#711,#712,#713,#714));
#216=EDGE_LOOP('',(#715,#716,#717,#718));
#217=EDGE_LOOP('',(#719,#720,#721,#722,#723));
#218=EDGE_LOOP('',(#724,#725,#726,#727,#728,#729,#730));
#219=EDGE_LOOP('',(#731,#732,#733,#734,#735));
#220=EDGE_LOOP('',(#736,#737,#738,#739,#740));
#221=EDGE_LOOP('',(#741,#742,#743,#744,#745));
#222=EDGE_LOOP('',(#746,#747,#748,#749));
#223=EDGE_LOOP('',(#750,#751,#752,#753));
#224=EDGE_LOOP('',(#754));
#225=EDGE_LOOP('',(#755));
#226=EDGE_LOOP('',(#756));
#227=EDGE_LOOP('',(#757));
#228=EDGE_LOOP('',(#758,#759,#760,#761,#762,#763,#764,#765));
#229=EDGE_LOOP('',(#766,#767,#768));
#230=EDGE_LOOP('',(#769,#770,#771));
#231=EDGE_LOOP('',(#772,#773,#774));
#232=EDGE_LOOP('',(#775,#776,#777,#778));
#233=EDGE_LOOP('',(#779,#780,#781));
#234=EDGE_LOOP('',(#782,#783,#784));
#235=EDGE_LOOP('',(#785,#786,#787,#788));
#236=EDGE_LOOP('',(#789,#790,#791,#792));
#237=EDGE_LOOP('',(#793,#794,#795,#796));
#238=EDGE_LOOP('',(#797,#798,#799,#800));
#239=EDGE_LOOP('',(#801,#802,#803));
#240=EDGE_LOOP('',(#804,#805,#806,#807));
#241=EDGE_LOOP('',(#808,#809,#810,#811));
#242=EDGE_LOOP('',(#812,#813,#814,#815));
#243=EDGE_LOOP('',(#816,#817,#818,#819));
#244=EDGE_LOOP('',(#820,#821,#822,#823));
#245=EDGE_LOOP('',(#824,#825,#826,#827));
#246=EDGE_LOOP('',(#828,#829,#830,#831));
#247=EDGE_LOOP('',(#832,#833,#834,#835));
#248=EDGE_LOOP('',(#836,#837,#838,#839));
#249=EDGE_LOOP('',(#840,#841,#842,#843));
#250=EDGE_LOOP('',(#844,#845,#846,#847));
#251=EDGE_LOOP('',(#848));
#252=EDGE_LOOP('',(#849));
#253=EDGE_LOOP('',(#850));
#254=EDGE_LOOP('',(#851));
#255=EDGE_LOOP('',(#852,#853,#854,#855,#856,#857,#858,#859));
#256=EDGE_LOOP('',(#860,#861,#862,#863,#864));
#257=EDGE_LOOP('',(#865,#866,#867,#868,#869));
#258=EDGE_LOOP('',(#870,#871,#872,#873));
#259=EDGE_LOOP('',(#874,#875,#876,#877,#878,#879,#880));
#260=EDGE_LOOP('',(#881,#882,#883,#884,#885,#886,#887,#888));
#261=EDGE_LOOP('',(#889,#890,#891,#892));
#262=EDGE_LOOP('',(#893,#894,#895,#896));
#263=EDGE_LOOP('',(#897,#898,#899,#900));
#264=EDGE_LOOP('',(#901,#902,#903,#904));
#265=EDGE_LOOP('',(#905,#906,#907,#908));
#266=EDGE_LOOP('',(#909,#910,#911,#912,#913));
#267=EDGE_LOOP('',(#914,#915,#916,#917,#918));
#268=EDGE_LOOP('',(#919,#920,#921,#922,#923));
#269=EDGE_LOOP('',(#924,#925,#926,#927,#928,#929,#930,#931,#932,#933,#934));
#270=EDGE_LOOP('',(#935,#936,#937,#938));
#271=EDGE_LOOP('',(#939,#940,#941,#942));
#272=EDGE_LOOP('',(#943,#944,#945,#946,#947));
#273=EDGE_LOOP('',(#948,#949,#950,#951));
#274=EDGE_LOOP('',(#952));
#275=EDGE_LOOP('',(#953,#954,#955,#956,#957,#958,#959,#960));
#276=EDGE_LOOP('',(#961,#962,#963,#964));
#277=EDGE_LOOP('',(#965));
#278=EDGE_LOOP('',(#966,#967,#968,#969));
#279=EDGE_LOOP('',(#970));
#280=EDGE_LOOP('',(#971,#972,#973,#974));
#281=EDGE_LOOP('',(#975,#976,#977,#978));
#282=EDGE_LOOP('',(#979,#980,#981,#982));
#283=EDGE_LOOP('',(#983,#984,#985,#986));
#284=EDGE_LOOP('',(#987));
#285=EDGE_LOOP('',(#988,#989,#990,#991));
#286=EDGE_LOOP('',(#992));
#287=EDGE_LOOP('',(#993,#994,#995,#996));
#288=EDGE_LOOP('',(#997));
#289=EDGE_LOOP('',(#998,#999,#1000,#1001));
#290=EDGE_LOOP('',(#1002));
#291=ELLIPSE('',#1122,0.707106781186547,0.5);
#292=ELLIPSE('',#1123,0.707106781186543,0.5);
#293=ELLIPSE('',#1126,0.707106781186552,0.5);
#294=ELLIPSE('',#1137,14.7236858723433,14.5);
#295=ELLIPSE('',#1139,3.24606310281265,1.99999999999998);
#296=ELLIPSE('',#1211,3.24606310281266,2.);
#297=ELLIPSE('',#1213,3.24606310281266,2.);
#298=ELLIPSE('',#1219,11.5175409662874,2.00000000000002);
#299=ELLIPSE('',#1226,11.5175409662873,2.);
#300=LINE('',#1600,#371);
#301=LINE('',#1604,#372);
#302=LINE('',#1608,#373);
#303=LINE('',#1624,#374);
#304=LINE('',#1627,#375);
#305=LINE('',#1630,#376);
#306=LINE('',#1633,#377);
#307=LINE('',#1636,#378);
#308=LINE('',#1672,#379);
#309=LINE('',#1673,#380);
#310=LINE('',#1742,#381);
#311=LINE('',#1746,#382);
#312=LINE('',#1813,#383);
#313=LINE('',#1815,#384);
#314=LINE('',#1816,#385);
#315=LINE('',#1819,#386);
#316=LINE('',#1822,#387);
#317=LINE('',#1825,#388);
#318=LINE('',#1826,#389);
#319=LINE('',#1830,#390);
#320=LINE('',#1832,#391);
#321=LINE('',#1834,#392);
#322=LINE('',#1835,#393);
#323=LINE('',#1865,#394);
#324=LINE('',#1866,#395);
#325=LINE('',#1880,#396);
#326=LINE('',#1885,#397);
#327=LINE('',#1886,#398);
#328=LINE('',#1894,#399);
#329=LINE('',#1895,#400);
#330=LINE('',#1903,#401);
#331=LINE('',#1904,#402);
#332=LINE('',#1906,#403);
#333=LINE('',#1908,#404);
#334=LINE('',#1910,#405);
#335=LINE('',#1911,#406);
#336=LINE('',#1913,#407);
#337=LINE('',#1918,#408);
#338=LINE('',#1919,#409);
#339=LINE('',#1956,#410);
#340=LINE('',#1957,#411);
#341=LINE('',#1959,#412);
#342=LINE('',#1960,#413);
#343=LINE('',#1973,#414);
#344=LINE('',#1977,#415);
#345=LINE('',#1981,#416);
#346=LINE('',#1985,#417);
#347=LINE('',#1992,#418);
#348=LINE('',#2012,#419);
#349=LINE('',#2013,#420);
#350=LINE('',#2142,#421);
#351=LINE('',#2145,#422);
#352=LINE('',#2151,#423);
#353=LINE('',#2152,#424);
#354=LINE('',#2154,#425);
#355=LINE('',#2155,#426);
#356=LINE('',#2157,#427);
#357=LINE('',#2164,#428);
#358=LINE('',#2167,#429);
#359=LINE('',#2169,#430);
#360=LINE('',#2171,#431);
#361=LINE('',#2173,#432);
#362=LINE('',#2176,#433);
#363=LINE('',#2180,#434);
#364=LINE('',#2183,#435);
#365=LINE('',#2188,#436);
#366=LINE('',#2193,#437);
#367=LINE('',#2197,#438);
#368=LINE('',#2202,#439);
#369=LINE('',#2207,#440);
#370=LINE('',#2212,#441);
#371=VECTOR('',#1259,10.);
#372=VECTOR('',#1262,10.);
#373=VECTOR('',#1267,10.);
#374=VECTOR('',#1268,10.);
#375=VECTOR('',#1271,10.);
#376=VECTOR('',#1274,10.);
#377=VECTOR('',#1277,10.);
#378=VECTOR('',#1280,10.);
#379=VECTOR('',#1287,10.);
#380=VECTOR('',#1288,10.);
#381=VECTOR('',#1295,10.);
#382=VECTOR('',#1298,10.);
#383=VECTOR('',#1309,10.);
#384=VECTOR('',#1310,10.);
#385=VECTOR('',#1311,10.);
#386=VECTOR('',#1314,10.);
#387=VECTOR('',#1317,10.);
#388=VECTOR('',#1320,10.);
#389=VECTOR('',#1321,10.);
#390=VECTOR('',#1324,10.);
#391=VECTOR('',#1325,10.);
#392=VECTOR('',#1326,10.);
#393=VECTOR('',#1327,10.);
#394=VECTOR('',#1362,10.);
#395=VECTOR('',#1363,10.);
#396=VECTOR('',#1382,10.);
#397=VECTOR('',#1387,10.);
#398=VECTOR('',#1388,10.);
#399=VECTOR('',#1399,10.);
#400=VECTOR('',#1400,10.);
#401=VECTOR('',#1411,10.);
#402=VECTOR('',#1412,10.);
#403=VECTOR('',#1415,10.);
#404=VECTOR('',#1418,10.);
#405=VECTOR('',#1421,10.);
#406=VECTOR('',#1422,10.);
#407=VECTOR('',#1425,10.);
#408=VECTOR('',#1430,10.);
#409=VECTOR('',#1431,10.);
#410=VECTOR('',#1440,10.);
#411=VECTOR('',#1441,10.);
#412=VECTOR('',#1444,10.);
#413=VECTOR('',#1445,10.);
#414=VECTOR('',#1458,10.);
#415=VECTOR('',#1461,10.);
#416=VECTOR('',#1464,10.);
#417=VECTOR('',#1467,10.);
#418=VECTOR('',#1478,10.);
#419=VECTOR('',#1481,10.);
#420=VECTOR('',#1482,10.);
#421=VECTOR('',#1497,10.);
#422=VECTOR('',#1500,10.);
#423=VECTOR('',#1507,10.);
#424=VECTOR('',#1508,10.);
#425=VECTOR('',#1511,10.);
#426=VECTOR('',#1512,10.);
#427=VECTOR('',#1515,10.);
#428=VECTOR('',#1524,10.);
#429=VECTOR('',#1527,10.);
#430=VECTOR('',#1530,10.);
#431=VECTOR('',#1533,10.);
#432=VECTOR('',#1536,10.);
#433=VECTOR('',#1539,2.25);
#434=VECTOR('',#1546,2.25);
#435=VECTOR('',#1549,2.25);
#436=VECTOR('',#1556,2.25);
#437=VECTOR('',#1565,10.);
#438=VECTOR('',#1570,2.25000000000001);
#439=VECTOR('',#1577,2.25);
#440=VECTOR('',#1584,2.25);
#441=VECTOR('',#1591,2.25000000000001);
#442=VERTEX_POINT('',#1598);
#443=VERTEX_POINT('',#1599);
#444=VERTEX_POINT('',#1601);
#445=VERTEX_POINT('',#1603);
#446=VERTEX_POINT('',#1607);
#447=VERTEX_POINT('',#1609);
#448=VERTEX_POINT('',#1626);
#449=VERTEX_POINT('',#1628);
#450=VERTEX_POINT('',#1632);
#451=VERTEX_POINT('',#1634);
#452=VERTEX_POINT('',#1657);
#453=VERTEX_POINT('',#1658);
#454=VERTEX_POINT('',#1669);
#455=VERTEX_POINT('',#1670);
#456=VERTEX_POINT('',#1694);
#457=VERTEX_POINT('',#1695);
#458=VERTEX_POINT('',#1729);
#459=VERTEX_POINT('',#1739);
#460=VERTEX_POINT('',#1741);
#461=VERTEX_POINT('',#1743);
#462=VERTEX_POINT('',#1745);
#463=VERTEX_POINT('',#1747);
#464=VERTEX_POINT('',#1806);
#465=VERTEX_POINT('',#1808);
#466=VERTEX_POINT('',#1812);
#467=VERTEX_POINT('',#1814);
#468=VERTEX_POINT('',#1818);
#469=VERTEX_POINT('',#1820);
#470=VERTEX_POINT('',#1824);
#471=VERTEX_POINT('',#1828);
#472=VERTEX_POINT('',#1829);
#473=VERTEX_POINT('',#1831);
#474=VERTEX_POINT('',#1833);
#475=VERTEX_POINT('',#1836);
#476=VERTEX_POINT('',#1838);
#477=VERTEX_POINT('',#1840);
#478=VERTEX_POINT('',#1842);
#479=VERTEX_POINT('',#1845);
#480=VERTEX_POINT('',#1846);
#481=VERTEX_POINT('',#1848);
#482=VERTEX_POINT('',#1852);
#483=VERTEX_POINT('',#1854);
#484=VERTEX_POINT('',#1858);
#485=VERTEX_POINT('',#1859);
#486=VERTEX_POINT('',#1861);
#487=VERTEX_POINT('',#1868);
#488=VERTEX_POINT('',#1870);
#489=VERTEX_POINT('',#1874);
#490=VERTEX_POINT('',#1876);
#491=VERTEX_POINT('',#1882);
#492=VERTEX_POINT('',#1883);
#493=VERTEX_POINT('',#1888);
#494=VERTEX_POINT('',#1889);
#495=VERTEX_POINT('',#1897);
#496=VERTEX_POINT('',#1899);
#497=VERTEX_POINT('',#1915);
#498=VERTEX_POINT('',#1916);
#499=VERTEX_POINT('',#1950);
#500=VERTEX_POINT('',#1951);
#501=VERTEX_POINT('',#1963);
#502=VERTEX_POINT('',#1965);
#503=VERTEX_POINT('',#1967);
#504=VERTEX_POINT('',#1969);
#505=VERTEX_POINT('',#1971);
#506=VERTEX_POINT('',#1972);
#507=VERTEX_POINT('',#1974);
#508=VERTEX_POINT('',#1976);
#509=VERTEX_POINT('',#1978);
#510=VERTEX_POINT('',#1980);
#511=VERTEX_POINT('',#1982);
#512=VERTEX_POINT('',#1984);
#513=VERTEX_POINT('',#1990);
#514=VERTEX_POINT('',#1994);
#515=VERTEX_POINT('',#2011);
#516=VERTEX_POINT('',#2050);
#517=VERTEX_POINT('',#2052);
#518=VERTEX_POINT('',#2057);
#519=VERTEX_POINT('',#2062);
#520=VERTEX_POINT('',#2064);
#521=VERTEX_POINT('',#2140);
#522=VERTEX_POINT('',#2144);
#523=VERTEX_POINT('',#2148);
#524=VERTEX_POINT('',#2149);
#525=VERTEX_POINT('',#2159);
#526=VERTEX_POINT('',#2163);
#527=VERTEX_POINT('',#2165);
#528=VERTEX_POINT('',#2175);
#529=VERTEX_POINT('',#2182);
#530=VERTEX_POINT('',#2187);
#531=VERTEX_POINT('',#2196);
#532=VERTEX_POINT('',#2201);
#533=VERTEX_POINT('',#2206);
#534=VERTEX_POINT('',#2211);
#535=EDGE_CURVE('',#442,#443,#300,.T.);
#536=EDGE_CURVE('',#443,#444,#291,.T.);
#537=EDGE_CURVE('',#444,#445,#301,.T.);
#538=EDGE_CURVE('',#442,#445,#292,.T.);
#539=EDGE_CURVE('',#443,#446,#302,.T.);
#540=EDGE_CURVE('',#446,#447,#125,.T.);
#541=EDGE_CURVE('',#447,#444,#303,.T.);
#542=EDGE_CURVE('',#445,#448,#304,.T.);
#543=EDGE_CURVE('',#448,#449,#293,.T.);
#544=EDGE_CURVE('',#449,#442,#305,.T.);
#545=EDGE_CURVE('',#448,#450,#306,.T.);
#546=EDGE_CURVE('',#450,#451,#63,.T.);
#547=EDGE_CURVE('',#451,#449,#307,.T.);
#548=EDGE_CURVE('',#452,#453,#64,.T.);
#549=EDGE_CURVE('',#453,#451,#126,.T.);
#550=EDGE_CURVE('',#450,#452,#127,.T.);
#551=EDGE_CURVE('',#454,#455,#65,.T.);
#552=EDGE_CURVE('',#455,#453,#308,.T.);
#553=EDGE_CURVE('',#452,#454,#309,.T.);
#554=EDGE_CURVE('',#456,#457,#66,.T.);
#555=EDGE_CURVE('',#457,#455,#128,.T.);
#556=EDGE_CURVE('',#454,#456,#129,.T.);
#557=EDGE_CURVE('',#446,#457,#130,.T.);
#558=EDGE_CURVE('',#456,#458,#131,.T.);
#559=EDGE_CURVE('',#458,#447,#132,.T.);
#560=EDGE_CURVE('',#452,#459,#67,.T.);
#561=EDGE_CURVE('',#459,#460,#310,.T.);
#562=EDGE_CURVE('',#461,#460,#68,.T.);
#563=EDGE_CURVE('',#461,#462,#311,.T.);
#564=EDGE_CURVE('',#462,#463,#133,.T.);
#565=EDGE_CURVE('',#454,#463,#69,.T.);
#566=EDGE_CURVE('',#450,#464,#294,.T.);
#567=EDGE_CURVE('',#464,#465,#70,.T.);
#568=EDGE_CURVE('',#465,#459,#295,.T.);
#569=EDGE_CURVE('',#448,#466,#312,.T.);
#570=EDGE_CURVE('',#466,#467,#313,.T.);
#571=EDGE_CURVE('',#464,#467,#314,.T.);
#572=EDGE_CURVE('',#445,#468,#315,.T.);
#573=EDGE_CURVE('',#468,#469,#71,.T.);
#574=EDGE_CURVE('',#469,#466,#316,.T.);
#575=EDGE_CURVE('',#444,#470,#317,.T.);
#576=EDGE_CURVE('',#468,#470,#318,.T.);
#577=EDGE_CURVE('',#471,#472,#319,.T.);
#578=EDGE_CURVE('',#473,#471,#320,.T.);
#579=EDGE_CURVE('',#474,#473,#321,.T.);
#580=EDGE_CURVE('',#472,#474,#322,.T.);
#581=EDGE_CURVE('',#475,#475,#72,.T.);
#582=EDGE_CURVE('',#476,#476,#73,.T.);
#583=EDGE_CURVE('',#477,#477,#74,.T.);
#584=EDGE_CURVE('',#478,#478,#75,.T.);
#585=EDGE_CURVE('',#479,#480,#76,.F.);
#586=EDGE_CURVE('',#481,#479,#77,.F.);
#587=EDGE_CURVE('',#480,#481,#78,.F.);
#588=EDGE_CURVE('',#473,#482,#79,.F.);
#589=EDGE_CURVE('',#483,#473,#80,.F.);
#590=EDGE_CURVE('',#482,#483,#81,.F.);
#591=EDGE_CURVE('',#484,#485,#82,.F.);
#592=EDGE_CURVE('',#486,#484,#83,.F.);
#593=EDGE_CURVE('',#485,#486,#84,.F.);
#594=EDGE_CURVE('',#481,#486,#323,.T.);
#595=EDGE_CURVE('',#484,#480,#324,.T.);
#596=EDGE_CURVE('',#471,#487,#85,.F.);
#597=EDGE_CURVE('',#488,#471,#86,.F.);
#598=EDGE_CURVE('',#487,#488,#87,.F.);
#599=EDGE_CURVE('',#474,#489,#88,.F.);
#600=EDGE_CURVE('',#490,#474,#89,.F.);
#601=EDGE_CURVE('',#489,#490,#90,.F.);
#602=EDGE_CURVE('',#482,#490,#325,.T.);
#603=EDGE_CURVE('',#491,#492,#91,.T.);
#604=EDGE_CURVE('',#492,#489,#326,.T.);
#605=EDGE_CURVE('',#490,#491,#327,.T.);
#606=EDGE_CURVE('',#493,#494,#92,.T.);
#607=EDGE_CURVE('',#494,#492,#93,.T.);
#608=EDGE_CURVE('',#491,#493,#94,.T.);
#609=EDGE_CURVE('',#493,#484,#328,.T.);
#610=EDGE_CURVE('',#485,#494,#329,.T.);
#611=EDGE_CURVE('',#495,#472,#95,.F.);
#612=EDGE_CURVE('',#496,#495,#96,.F.);
#613=EDGE_CURVE('',#472,#496,#97,.F.);
#614=EDGE_CURVE('',#486,#496,#330,.T.);
#615=EDGE_CURVE('',#495,#485,#331,.T.);
#616=EDGE_CURVE('',#496,#488,#332,.T.);
#617=EDGE_CURVE('',#489,#495,#333,.T.);
#618=EDGE_CURVE('',#479,#487,#334,.T.);
#619=EDGE_CURVE('',#488,#481,#335,.T.);
#620=EDGE_CURVE('',#487,#483,#336,.T.);
#621=EDGE_CURVE('',#497,#498,#98,.T.);
#622=EDGE_CURVE('',#498,#479,#337,.T.);
#623=EDGE_CURVE('',#480,#497,#338,.T.);
#624=EDGE_CURVE('',#499,#500,#99,.T.);
#625=EDGE_CURVE('',#500,#498,#100,.T.);
#626=EDGE_CURVE('',#497,#499,#101,.T.);
#627=EDGE_CURVE('',#483,#500,#339,.T.);
#628=EDGE_CURVE('',#499,#482,#340,.T.);
#629=EDGE_CURVE('',#499,#491,#341,.T.);
#630=EDGE_CURVE('',#497,#493,#342,.T.);
#631=EDGE_CURVE('',#501,#501,#102,.T.);
#632=EDGE_CURVE('',#502,#502,#103,.T.);
#633=EDGE_CURVE('',#503,#503,#104,.T.);
#634=EDGE_CURVE('',#504,#504,#105,.T.);
#635=EDGE_CURVE('',#505,#506,#343,.T.);
#636=EDGE_CURVE('',#506,#507,#106,.T.);
#637=EDGE_CURVE('',#507,#508,#344,.T.);
#638=EDGE_CURVE('',#508,#509,#107,.T.);
#639=EDGE_CURVE('',#509,#510,#345,.T.);
#640=EDGE_CURVE('',#510,#511,#108,.T.);
#641=EDGE_CURVE('',#511,#512,#346,.T.);
#642=EDGE_CURVE('',#512,#505,#109,.T.);
#643=EDGE_CURVE('',#513,#470,#110,.T.);
#644=EDGE_CURVE('',#513,#469,#347,.T.);
#645=EDGE_CURVE('',#458,#514,#134,.T.);
#646=EDGE_CURVE('',#514,#515,#348,.T.);
#647=EDGE_CURVE('',#515,#513,#349,.T.);
#648=EDGE_CURVE('',#516,#456,#111,.T.);
#649=EDGE_CURVE('',#516,#517,#135,.T.);
#650=EDGE_CURVE('',#517,#518,#136,.T.);
#651=EDGE_CURVE('',#519,#518,#112,.T.);
#652=EDGE_CURVE('',#519,#520,#296,.T.);
#653=EDGE_CURVE('',#520,#514,#113,.T.);
#654=EDGE_CURVE('',#518,#461,#137,.T.);
#655=EDGE_CURVE('',#460,#519,#297,.T.);
#656=EDGE_CURVE('',#463,#516,#138,.T.);
#657=EDGE_CURVE('',#467,#521,#114,.T.);
#658=EDGE_CURVE('',#521,#465,#350,.T.);
#659=EDGE_CURVE('',#520,#522,#351,.T.);
#660=EDGE_CURVE('',#522,#515,#115,.F.);
#661=EDGE_CURVE('',#523,#524,#298,.T.);
#662=EDGE_CURVE('',#511,#523,#352,.T.);
#663=EDGE_CURVE('',#510,#524,#353,.T.);
#664=EDGE_CURVE('',#522,#523,#354,.T.);
#665=EDGE_CURVE('',#512,#520,#355,.T.);
#666=EDGE_CURVE('',#505,#460,#356,.T.);
#667=EDGE_CURVE('',#525,#517,#116,.T.);
#668=EDGE_CURVE('',#462,#525,#117,.T.);
#669=EDGE_CURVE('',#526,#524,#357,.T.);
#670=EDGE_CURVE('',#526,#527,#299,.T.);
#671=EDGE_CURVE('',#527,#521,#358,.T.);
#672=EDGE_CURVE('',#506,#459,#359,.T.);
#673=EDGE_CURVE('',#507,#465,#360,.T.);
#674=EDGE_CURVE('',#508,#527,#361,.T.);
#675=EDGE_CURVE('',#475,#528,#362,.T.);
#676=EDGE_CURVE('',#528,#528,#118,.T.);
#677=EDGE_CURVE('',#476,#525,#363,.T.);
#678=EDGE_CURVE('',#477,#529,#364,.T.);
#679=EDGE_CURVE('',#529,#529,#119,.T.);
#680=EDGE_CURVE('',#478,#530,#365,.T.);
#681=EDGE_CURVE('',#530,#530,#120,.T.);
#682=EDGE_CURVE('',#509,#526,#366,.T.);
#683=EDGE_CURVE('',#504,#531,#367,.T.);
#684=EDGE_CURVE('',#531,#531,#121,.T.);
#685=EDGE_CURVE('',#503,#532,#368,.T.);
#686=EDGE_CURVE('',#532,#532,#122,.T.);
#687=EDGE_CURVE('',#502,#533,#369,.T.);
#688=EDGE_CURVE('',#533,#533,#123,.T.);
#689=EDGE_CURVE('',#501,#534,#370,.T.);
#690=EDGE_CURVE('',#534,#534,#124,.T.);
#691=ORIENTED_EDGE('',*,*,#535,.T.);
#692=ORIENTED_EDGE('',*,*,#536,.T.);
#693=ORIENTED_EDGE('',*,*,#537,.T.);
#694=ORIENTED_EDGE('',*,*,#538,.F.);
#695=ORIENTED_EDGE('',*,*,#539,.T.);
#696=ORIENTED_EDGE('',*,*,#540,.T.);
#697=ORIENTED_EDGE('',*,*,#541,.T.);
#698=ORIENTED_EDGE('',*,*,#536,.F.);
#699=ORIENTED_EDGE('',*,*,#542,.T.);
#700=ORIENTED_EDGE('',*,*,#543,.T.);
#701=ORIENTED_EDGE('',*,*,#544,.T.);
#702=ORIENTED_EDGE('',*,*,#538,.T.);
#703=ORIENTED_EDGE('',*,*,#545,.T.);
#704=ORIENTED_EDGE('',*,*,#546,.T.);
#705=ORIENTED_EDGE('',*,*,#547,.T.);
#706=ORIENTED_EDGE('',*,*,#543,.F.);
#707=ORIENTED_EDGE('',*,*,#548,.T.);
#708=ORIENTED_EDGE('',*,*,#549,.T.);
#709=ORIENTED_EDGE('',*,*,#546,.F.);
#710=ORIENTED_EDGE('',*,*,#550,.T.);
#711=ORIENTED_EDGE('',*,*,#551,.T.);
#712=ORIENTED_EDGE('',*,*,#552,.T.);
#713=ORIENTED_EDGE('',*,*,#548,.F.);
#714=ORIENTED_EDGE('',*,*,#553,.T.);
#715=ORIENTED_EDGE('',*,*,#554,.T.);
#716=ORIENTED_EDGE('',*,*,#555,.T.);
#717=ORIENTED_EDGE('',*,*,#551,.F.);
#718=ORIENTED_EDGE('',*,*,#556,.T.);
#719=ORIENTED_EDGE('',*,*,#557,.T.);
#720=ORIENTED_EDGE('',*,*,#554,.F.);
#721=ORIENTED_EDGE('',*,*,#558,.T.);
#722=ORIENTED_EDGE('',*,*,#559,.T.);
#723=ORIENTED_EDGE('',*,*,#540,.F.);
#724=ORIENTED_EDGE('',*,*,#553,.F.);
#725=ORIENTED_EDGE('',*,*,#560,.T.);
#726=ORIENTED_EDGE('',*,*,#561,.T.);
#727=ORIENTED_EDGE('',*,*,#562,.F.);
#728=ORIENTED_EDGE('',*,*,#563,.T.);
#729=ORIENTED_EDGE('',*,*,#564,.T.);
#730=ORIENTED_EDGE('',*,*,#565,.F.);
#731=ORIENTED_EDGE('',*,*,#550,.F.);
#732=ORIENTED_EDGE('',*,*,#566,.T.);
#733=ORIENTED_EDGE('',*,*,#567,.T.);
#734=ORIENTED_EDGE('',*,*,#568,.T.);
#735=ORIENTED_EDGE('',*,*,#560,.F.);
#736=ORIENTED_EDGE('',*,*,#545,.F.);
#737=ORIENTED_EDGE('',*,*,#569,.T.);
#738=ORIENTED_EDGE('',*,*,#570,.T.);
#739=ORIENTED_EDGE('',*,*,#571,.F.);
#740=ORIENTED_EDGE('',*,*,#566,.F.);
#741=ORIENTED_EDGE('',*,*,#542,.F.);
#742=ORIENTED_EDGE('',*,*,#572,.T.);
#743=ORIENTED_EDGE('',*,*,#573,.T.);
#744=ORIENTED_EDGE('',*,*,#574,.T.);
#745=ORIENTED_EDGE('',*,*,#569,.F.);
#746=ORIENTED_EDGE('',*,*,#537,.F.);
#747=ORIENTED_EDGE('',*,*,#575,.T.);
#748=ORIENTED_EDGE('',*,*,#576,.F.);
#749=ORIENTED_EDGE('',*,*,#572,.F.);
#750=ORIENTED_EDGE('',*,*,#577,.F.);
#751=ORIENTED_EDGE('',*,*,#578,.F.);
#752=ORIENTED_EDGE('',*,*,#579,.F.);
#753=ORIENTED_EDGE('',*,*,#580,.F.);
#754=ORIENTED_EDGE('',*,*,#581,.T.);
#755=ORIENTED_EDGE('',*,*,#582,.T.);
#756=ORIENTED_EDGE('',*,*,#583,.T.);
#757=ORIENTED_EDGE('',*,*,#584,.T.);
#758=ORIENTED_EDGE('',*,*,#535,.F.);
#759=ORIENTED_EDGE('',*,*,#544,.F.);
#760=ORIENTED_EDGE('',*,*,#547,.F.);
#761=ORIENTED_EDGE('',*,*,#549,.F.);
#762=ORIENTED_EDGE('',*,*,#552,.F.);
#763=ORIENTED_EDGE('',*,*,#555,.F.);
#764=ORIENTED_EDGE('',*,*,#557,.F.);
#765=ORIENTED_EDGE('',*,*,#539,.F.);
#766=ORIENTED_EDGE('',*,*,#585,.F.);
#767=ORIENTED_EDGE('',*,*,#586,.F.);
#768=ORIENTED_EDGE('',*,*,#587,.F.);
#769=ORIENTED_EDGE('',*,*,#588,.F.);
#770=ORIENTED_EDGE('',*,*,#589,.F.);
#771=ORIENTED_EDGE('',*,*,#590,.F.);
#772=ORIENTED_EDGE('',*,*,#591,.F.);
#773=ORIENTED_EDGE('',*,*,#592,.F.);
#774=ORIENTED_EDGE('',*,*,#593,.F.);
#775=ORIENTED_EDGE('',*,*,#587,.T.);
#776=ORIENTED_EDGE('',*,*,#594,.T.);
#777=ORIENTED_EDGE('',*,*,#592,.T.);
#778=ORIENTED_EDGE('',*,*,#595,.T.);
#779=ORIENTED_EDGE('',*,*,#596,.F.);
#780=ORIENTED_EDGE('',*,*,#597,.F.);
#781=ORIENTED_EDGE('',*,*,#598,.F.);
#782=ORIENTED_EDGE('',*,*,#599,.F.);
#783=ORIENTED_EDGE('',*,*,#600,.F.);
#784=ORIENTED_EDGE('',*,*,#601,.F.);
#785=ORIENTED_EDGE('',*,*,#588,.T.);
#786=ORIENTED_EDGE('',*,*,#602,.T.);
#787=ORIENTED_EDGE('',*,*,#600,.T.);
#788=ORIENTED_EDGE('',*,*,#579,.T.);
#789=ORIENTED_EDGE('',*,*,#603,.T.);
#790=ORIENTED_EDGE('',*,*,#604,.T.);
#791=ORIENTED_EDGE('',*,*,#601,.T.);
#792=ORIENTED_EDGE('',*,*,#605,.T.);
#793=ORIENTED_EDGE('',*,*,#606,.T.);
#794=ORIENTED_EDGE('',*,*,#607,.T.);
#795=ORIENTED_EDGE('',*,*,#603,.F.);
#796=ORIENTED_EDGE('',*,*,#608,.T.);
#797=ORIENTED_EDGE('',*,*,#606,.F.);
#798=ORIENTED_EDGE('',*,*,#609,.T.);
#799=ORIENTED_EDGE('',*,*,#591,.T.);
#800=ORIENTED_EDGE('',*,*,#610,.T.);
#801=ORIENTED_EDGE('',*,*,#611,.F.);
#802=ORIENTED_EDGE('',*,*,#612,.F.);
#803=ORIENTED_EDGE('',*,*,#613,.F.);
#804=ORIENTED_EDGE('',*,*,#593,.T.);
#805=ORIENTED_EDGE('',*,*,#614,.T.);
#806=ORIENTED_EDGE('',*,*,#612,.T.);
#807=ORIENTED_EDGE('',*,*,#615,.T.);
#808=ORIENTED_EDGE('',*,*,#613,.T.);
#809=ORIENTED_EDGE('',*,*,#616,.T.);
#810=ORIENTED_EDGE('',*,*,#597,.T.);
#811=ORIENTED_EDGE('',*,*,#577,.T.);
#812=ORIENTED_EDGE('',*,*,#599,.T.);
#813=ORIENTED_EDGE('',*,*,#617,.T.);
#814=ORIENTED_EDGE('',*,*,#611,.T.);
#815=ORIENTED_EDGE('',*,*,#580,.T.);
#816=ORIENTED_EDGE('',*,*,#586,.T.);
#817=ORIENTED_EDGE('',*,*,#618,.T.);
#818=ORIENTED_EDGE('',*,*,#598,.T.);
#819=ORIENTED_EDGE('',*,*,#619,.T.);
#820=ORIENTED_EDGE('',*,*,#596,.T.);
#821=ORIENTED_EDGE('',*,*,#620,.T.);
#822=ORIENTED_EDGE('',*,*,#589,.T.);
#823=ORIENTED_EDGE('',*,*,#578,.T.);
#824=ORIENTED_EDGE('',*,*,#621,.T.);
#825=ORIENTED_EDGE('',*,*,#622,.T.);
#826=ORIENTED_EDGE('',*,*,#585,.T.);
#827=ORIENTED_EDGE('',*,*,#623,.T.);
#828=ORIENTED_EDGE('',*,*,#624,.T.);
#829=ORIENTED_EDGE('',*,*,#625,.T.);
#830=ORIENTED_EDGE('',*,*,#621,.F.);
#831=ORIENTED_EDGE('',*,*,#626,.T.);
#832=ORIENTED_EDGE('',*,*,#590,.T.);
#833=ORIENTED_EDGE('',*,*,#627,.T.);
#834=ORIENTED_EDGE('',*,*,#624,.F.);
#835=ORIENTED_EDGE('',*,*,#628,.T.);
#836=ORIENTED_EDGE('',*,*,#608,.F.);
#837=ORIENTED_EDGE('',*,*,#629,.F.);
#838=ORIENTED_EDGE('',*,*,#626,.F.);
#839=ORIENTED_EDGE('',*,*,#630,.T.);
#840=ORIENTED_EDGE('',*,*,#605,.F.);
#841=ORIENTED_EDGE('',*,*,#602,.F.);
#842=ORIENTED_EDGE('',*,*,#628,.F.);
#843=ORIENTED_EDGE('',*,*,#629,.T.);
#844=ORIENTED_EDGE('',*,*,#594,.F.);
#845=ORIENTED_EDGE('',*,*,#619,.F.);
#846=ORIENTED_EDGE('',*,*,#616,.F.);
#847=ORIENTED_EDGE('',*,*,#614,.F.);
#848=ORIENTED_EDGE('',*,*,#631,.T.);
#849=ORIENTED_EDGE('',*,*,#632,.T.);
#850=ORIENTED_EDGE('',*,*,#633,.T.);
#851=ORIENTED_EDGE('',*,*,#634,.T.);
#852=ORIENTED_EDGE('',*,*,#635,.T.);
#853=ORIENTED_EDGE('',*,*,#636,.T.);
#854=ORIENTED_EDGE('',*,*,#637,.T.);
#855=ORIENTED_EDGE('',*,*,#638,.T.);
#856=ORIENTED_EDGE('',*,*,#639,.T.);
#857=ORIENTED_EDGE('',*,*,#640,.T.);
#858=ORIENTED_EDGE('',*,*,#641,.T.);
#859=ORIENTED_EDGE('',*,*,#642,.T.);
#860=ORIENTED_EDGE('',*,*,#604,.F.);
#861=ORIENTED_EDGE('',*,*,#607,.F.);
#862=ORIENTED_EDGE('',*,*,#610,.F.);
#863=ORIENTED_EDGE('',*,*,#615,.F.);
#864=ORIENTED_EDGE('',*,*,#617,.F.);
#865=ORIENTED_EDGE('',*,*,#618,.F.);
#866=ORIENTED_EDGE('',*,*,#622,.F.);
#867=ORIENTED_EDGE('',*,*,#625,.F.);
#868=ORIENTED_EDGE('',*,*,#627,.F.);
#869=ORIENTED_EDGE('',*,*,#620,.F.);
#870=ORIENTED_EDGE('',*,*,#573,.F.);
#871=ORIENTED_EDGE('',*,*,#576,.T.);
#872=ORIENTED_EDGE('',*,*,#643,.F.);
#873=ORIENTED_EDGE('',*,*,#644,.T.);
#874=ORIENTED_EDGE('',*,*,#541,.F.);
#875=ORIENTED_EDGE('',*,*,#559,.F.);
#876=ORIENTED_EDGE('',*,*,#645,.T.);
#877=ORIENTED_EDGE('',*,*,#646,.T.);
#878=ORIENTED_EDGE('',*,*,#647,.T.);
#879=ORIENTED_EDGE('',*,*,#643,.T.);
#880=ORIENTED_EDGE('',*,*,#575,.F.);
#881=ORIENTED_EDGE('',*,*,#558,.F.);
#882=ORIENTED_EDGE('',*,*,#648,.F.);
#883=ORIENTED_EDGE('',*,*,#649,.T.);
#884=ORIENTED_EDGE('',*,*,#650,.T.);
#885=ORIENTED_EDGE('',*,*,#651,.F.);
#886=ORIENTED_EDGE('',*,*,#652,.T.);
#887=ORIENTED_EDGE('',*,*,#653,.T.);
#888=ORIENTED_EDGE('',*,*,#645,.F.);
#889=ORIENTED_EDGE('',*,*,#654,.T.);
#890=ORIENTED_EDGE('',*,*,#562,.T.);
#891=ORIENTED_EDGE('',*,*,#655,.T.);
#892=ORIENTED_EDGE('',*,*,#651,.T.);
#893=ORIENTED_EDGE('',*,*,#556,.F.);
#894=ORIENTED_EDGE('',*,*,#565,.T.);
#895=ORIENTED_EDGE('',*,*,#656,.T.);
#896=ORIENTED_EDGE('',*,*,#648,.T.);
#897=ORIENTED_EDGE('',*,*,#657,.T.);
#898=ORIENTED_EDGE('',*,*,#658,.T.);
#899=ORIENTED_EDGE('',*,*,#567,.F.);
#900=ORIENTED_EDGE('',*,*,#571,.T.);
#901=ORIENTED_EDGE('',*,*,#646,.F.);
#902=ORIENTED_EDGE('',*,*,#653,.F.);
#903=ORIENTED_EDGE('',*,*,#659,.T.);
#904=ORIENTED_EDGE('',*,*,#660,.T.);
#905=ORIENTED_EDGE('',*,*,#661,.F.);
#906=ORIENTED_EDGE('',*,*,#662,.F.);
#907=ORIENTED_EDGE('',*,*,#640,.F.);
#908=ORIENTED_EDGE('',*,*,#663,.T.);
#909=ORIENTED_EDGE('',*,*,#664,.F.);
#910=ORIENTED_EDGE('',*,*,#659,.F.);
#911=ORIENTED_EDGE('',*,*,#665,.F.);
#912=ORIENTED_EDGE('',*,*,#641,.F.);
#913=ORIENTED_EDGE('',*,*,#662,.T.);
#914=ORIENTED_EDGE('',*,*,#652,.F.);
#915=ORIENTED_EDGE('',*,*,#655,.F.);
#916=ORIENTED_EDGE('',*,*,#666,.F.);
#917=ORIENTED_EDGE('',*,*,#642,.F.);
#918=ORIENTED_EDGE('',*,*,#665,.T.);
#919=ORIENTED_EDGE('',*,*,#563,.F.);
#920=ORIENTED_EDGE('',*,*,#654,.F.);
#921=ORIENTED_EDGE('',*,*,#650,.F.);
#922=ORIENTED_EDGE('',*,*,#667,.F.);
#923=ORIENTED_EDGE('',*,*,#668,.F.);
#924=ORIENTED_EDGE('',*,*,#644,.F.);
#925=ORIENTED_EDGE('',*,*,#647,.F.);
#926=ORIENTED_EDGE('',*,*,#660,.F.);
#927=ORIENTED_EDGE('',*,*,#664,.T.);
#928=ORIENTED_EDGE('',*,*,#661,.T.);
#929=ORIENTED_EDGE('',*,*,#669,.F.);
#930=ORIENTED_EDGE('',*,*,#670,.T.);
#931=ORIENTED_EDGE('',*,*,#671,.T.);
#932=ORIENTED_EDGE('',*,*,#657,.F.);
#933=ORIENTED_EDGE('',*,*,#570,.F.);
#934=ORIENTED_EDGE('',*,*,#574,.F.);
#935=ORIENTED_EDGE('',*,*,#561,.F.);
#936=ORIENTED_EDGE('',*,*,#672,.F.);
#937=ORIENTED_EDGE('',*,*,#635,.F.);
#938=ORIENTED_EDGE('',*,*,#666,.T.);
#939=ORIENTED_EDGE('',*,*,#568,.F.);
#940=ORIENTED_EDGE('',*,*,#673,.F.);
#941=ORIENTED_EDGE('',*,*,#636,.F.);
#942=ORIENTED_EDGE('',*,*,#672,.T.);
#943=ORIENTED_EDGE('',*,*,#671,.F.);
#944=ORIENTED_EDGE('',*,*,#674,.F.);
#945=ORIENTED_EDGE('',*,*,#637,.F.);
#946=ORIENTED_EDGE('',*,*,#673,.T.);
#947=ORIENTED_EDGE('',*,*,#658,.F.);
#948=ORIENTED_EDGE('',*,*,#581,.F.);
#949=ORIENTED_EDGE('',*,*,#675,.T.);
#950=ORIENTED_EDGE('',*,*,#676,.T.);
#951=ORIENTED_EDGE('',*,*,#675,.F.);
#952=ORIENTED_EDGE('',*,*,#676,.F.);
#953=ORIENTED_EDGE('',*,*,#582,.F.);
#954=ORIENTED_EDGE('',*,*,#677,.T.);
#955=ORIENTED_EDGE('',*,*,#667,.T.);
#956=ORIENTED_EDGE('',*,*,#649,.F.);
#957=ORIENTED_EDGE('',*,*,#656,.F.);
#958=ORIENTED_EDGE('',*,*,#564,.F.);
#959=ORIENTED_EDGE('',*,*,#668,.T.);
#960=ORIENTED_EDGE('',*,*,#677,.F.);
#961=ORIENTED_EDGE('',*,*,#583,.F.);
#962=ORIENTED_EDGE('',*,*,#678,.T.);
#963=ORIENTED_EDGE('',*,*,#679,.T.);
#964=ORIENTED_EDGE('',*,*,#678,.F.);
#965=ORIENTED_EDGE('',*,*,#679,.F.);
#966=ORIENTED_EDGE('',*,*,#584,.F.);
#967=ORIENTED_EDGE('',*,*,#680,.T.);
#968=ORIENTED_EDGE('',*,*,#681,.T.);
#969=ORIENTED_EDGE('',*,*,#680,.F.);
#970=ORIENTED_EDGE('',*,*,#681,.F.);
#971=ORIENTED_EDGE('',*,*,#609,.F.);
#972=ORIENTED_EDGE('',*,*,#630,.F.);
#973=ORIENTED_EDGE('',*,*,#623,.F.);
#974=ORIENTED_EDGE('',*,*,#595,.F.);
#975=ORIENTED_EDGE('',*,*,#669,.T.);
#976=ORIENTED_EDGE('',*,*,#663,.F.);
#977=ORIENTED_EDGE('',*,*,#639,.F.);
#978=ORIENTED_EDGE('',*,*,#682,.T.);
#979=ORIENTED_EDGE('',*,*,#670,.F.);
#980=ORIENTED_EDGE('',*,*,#682,.F.);
#981=ORIENTED_EDGE('',*,*,#638,.F.);
#982=ORIENTED_EDGE('',*,*,#674,.T.);
#983=ORIENTED_EDGE('',*,*,#634,.F.);
#984=ORIENTED_EDGE('',*,*,#683,.T.);
#985=ORIENTED_EDGE('',*,*,#684,.T.);
#986=ORIENTED_EDGE('',*,*,#683,.F.);
#987=ORIENTED_EDGE('',*,*,#684,.F.);
#988=ORIENTED_EDGE('',*,*,#633,.F.);
#989=ORIENTED_EDGE('',*,*,#685,.T.);
#990=ORIENTED_EDGE('',*,*,#686,.T.);
#991=ORIENTED_EDGE('',*,*,#685,.F.);
#992=ORIENTED_EDGE('',*,*,#686,.F.);
#993=ORIENTED_EDGE('',*,*,#632,.F.);
#994=ORIENTED_EDGE('',*,*,#687,.T.);
#995=ORIENTED_EDGE('',*,*,#688,.T.);
#996=ORIENTED_EDGE('',*,*,#687,.F.);
#997=ORIENTED_EDGE('',*,*,#688,.F.);
#998=ORIENTED_EDGE('',*,*,#631,.F.);
#999=ORIENTED_EDGE('',*,*,#689,.T.);
#1000=ORIENTED_EDGE('',*,*,#690,.T.);
#1001=ORIENTED_EDGE('',*,*,#689,.F.);
#1002=ORIENTED_EDGE('',*,*,#690,.F.);
#1003=CYLINDRICAL_SURFACE('',#1121,0.5);
#1004=CYLINDRICAL_SURFACE('',#1124,0.5);
#1005=CYLINDRICAL_SURFACE('',#1125,0.5);
#1006=CYLINDRICAL_SURFACE('',#1127,0.5);
#1007=CYLINDRICAL_SURFACE('',#1130,0.5);
#1008=CYLINDRICAL_SURFACE('',#1133,12.5);
#1009=CYLINDRICAL_SURFACE('',#1161,0.5);
#1010=CYLINDRICAL_SURFACE('',#1170,0.5);
#1011=CYLINDRICAL_SURFACE('',#1171,0.5);
#1012=CYLINDRICAL_SURFACE('',#1177,0.5);
#1013=CYLINDRICAL_SURFACE('',#1182,0.5);
#1014=CYLINDRICAL_SURFACE('',#1183,0.5);
#1015=CYLINDRICAL_SURFACE('',#1184,0.5);
#1016=CYLINDRICAL_SURFACE('',#1185,0.5);
#1017=CYLINDRICAL_SURFACE('',#1186,0.5);
#1018=CYLINDRICAL_SURFACE('',#1187,0.5);
#1019=CYLINDRICAL_SURFACE('',#1192,0.5);
#1020=CYLINDRICAL_SURFACE('',#1193,9.97208170850156);
#1021=CYLINDRICAL_SURFACE('',#1206,12.5);
#1022=CYLINDRICAL_SURFACE('',#1214,12.5);
#1023=CYLINDRICAL_SURFACE('',#1216,12.5);
#1024=CYLINDRICAL_SURFACE('',#1218,2.00000000000002);
#1025=CYLINDRICAL_SURFACE('',#1221,2.);
#1026=CYLINDRICAL_SURFACE('',#1228,1.99999999999998);
#1027=CYLINDRICAL_SURFACE('',#1230,2.25);
#1028=CYLINDRICAL_SURFACE('',#1233,2.25);
#1029=CYLINDRICAL_SURFACE('',#1234,2.25);
#1030=CYLINDRICAL_SURFACE('',#1237,2.25);
#1031=CYLINDRICAL_SURFACE('',#1242,2.);
#1032=CYLINDRICAL_SURFACE('',#1243,2.25000000000001);
#1033=CYLINDRICAL_SURFACE('',#1246,2.25);
#1034=CYLINDRICAL_SURFACE('',#1249,2.25);
#1035=CYLINDRICAL_SURFACE('',#1252,2.25000000000001);
#1036=ADVANCED_FACE('',(#139),#1003,.T.);
#1037=ADVANCED_FACE('',(#140),#1004,.T.);
#1038=ADVANCED_FACE('',(#141),#1005,.T.);
#1039=ADVANCED_FACE('',(#142),#1006,.T.);
#1040=ADVANCED_FACE('',(#143),#55,.F.);
#1041=ADVANCED_FACE('',(#144),#1007,.T.);
#1042=ADVANCED_FACE('',(#145),#56,.F.);
#1043=ADVANCED_FACE('',(#146),#57,.F.);
#1044=ADVANCED_FACE('',(#147),#1008,.T.);
#1045=ADVANCED_FACE('',(#148),#58,.F.);
#1046=ADVANCED_FACE('',(#149),#32,.F.);
#1047=ADVANCED_FACE('',(#150),#33,.F.);
#1048=ADVANCED_FACE('',(#151),#34,.F.);
#1049=ADVANCED_FACE('',(#152,#22,#23,#24,#25,#26),#35,.F.);
#1050=ADVANCED_FACE('',(#153),#16,.T.);
#1051=ADVANCED_FACE('',(#154),#17,.T.);
#1052=ADVANCED_FACE('',(#155),#18,.T.);
#1053=ADVANCED_FACE('',(#156),#1009,.T.);
#1054=ADVANCED_FACE('',(#157),#19,.T.);
#1055=ADVANCED_FACE('',(#158),#20,.T.);
#1056=ADVANCED_FACE('',(#159),#1010,.T.);
#1057=ADVANCED_FACE('',(#160),#1011,.T.);
#1058=ADVANCED_FACE('',(#161),#15,.T.);
#1059=ADVANCED_FACE('',(#162),#1012,.T.);
#1060=ADVANCED_FACE('',(#163),#21,.T.);
#1061=ADVANCED_FACE('',(#164),#1013,.T.);
#1062=ADVANCED_FACE('',(#165),#1014,.T.);
#1063=ADVANCED_FACE('',(#166),#1015,.T.);
#1064=ADVANCED_FACE('',(#167),#1016,.T.);
#1065=ADVANCED_FACE('',(#168),#1017,.T.);
#1066=ADVANCED_FACE('',(#169),#1018,.T.);
#1067=ADVANCED_FACE('',(#170),#59,.F.);
#1068=ADVANCED_FACE('',(#171),#1019,.T.);
#1069=ADVANCED_FACE('',(#172),#1020,.T.);
#1070=ADVANCED_FACE('',(#173),#36,.F.);
#1071=ADVANCED_FACE('',(#174,#27,#28,#29,#30,#31),#37,.F.);
#1072=ADVANCED_FACE('',(#175),#38,.T.);
#1073=ADVANCED_FACE('',(#176),#39,.T.);
#1074=ADVANCED_FACE('',(#177),#1021,.F.);
#1075=ADVANCED_FACE('',(#178),#40,.F.);
#1076=ADVANCED_FACE('',(#179),#60,.F.);
#1077=ADVANCED_FACE('',(#180),#61,.F.);
#1078=ADVANCED_FACE('',(#181),#62,.F.);
#1079=ADVANCED_FACE('',(#182),#1022,.T.);
#1080=ADVANCED_FACE('',(#183),#1023,.T.);
#1081=ADVANCED_FACE('',(#184),#1024,.F.);
#1082=ADVANCED_FACE('',(#185),#41,.F.);
#1083=ADVANCED_FACE('',(#186),#1025,.F.);
#1084=ADVANCED_FACE('',(#187),#42,.T.);
#1085=ADVANCED_FACE('',(#188),#43,.F.);
#1086=ADVANCED_FACE('',(#189),#44,.F.);
#1087=ADVANCED_FACE('',(#190),#1026,.F.);
#1088=ADVANCED_FACE('',(#191),#45,.F.);
#1089=ADVANCED_FACE('',(#192),#1027,.F.);
#1090=ADVANCED_FACE('',(#193),#46,.T.);
#1091=ADVANCED_FACE('',(#194),#1028,.F.);
#1092=ADVANCED_FACE('',(#195),#1029,.F.);
#1093=ADVANCED_FACE('',(#196),#47,.T.);
#1094=ADVANCED_FACE('',(#197),#1030,.F.);
#1095=ADVANCED_FACE('',(#198),#48,.T.);
#1096=ADVANCED_FACE('',(#199),#49,.T.);
#1097=ADVANCED_FACE('',(#200),#50,.F.);
#1098=ADVANCED_FACE('',(#201),#1031,.F.);
#1099=ADVANCED_FACE('',(#202),#1032,.F.);
#1100=ADVANCED_FACE('',(#203),#51,.T.);
#1101=ADVANCED_FACE('',(#204),#1033,.F.);
#1102=ADVANCED_FACE('',(#205),#52,.T.);
#1103=ADVANCED_FACE('',(#206),#1034,.F.);
#1104=ADVANCED_FACE('',(#207),#53,.T.);
#1105=ADVANCED_FACE('',(#208),#1035,.F.);
#1106=ADVANCED_FACE('',(#209),#54,.T.);
#1107=CLOSED_SHELL('',(#1036,#1037,#1038,#1039,#1040,#1041,#1042,#1043,
#1044,#1045,#1046,#1047,#1048,#1049,#1050,#1051,#1052,#1053,#1054,#1055,
#1056,#1057,#1058,#1059,#1060,#1061,#1062,#1063,#1064,#1065,#1066,#1067,
#1068,#1069,#1070,#1071,#1072,#1073,#1074,#1075,#1076,#1077,#1078,#1079,
#1080,#1081,#1082,#1083,#1084,#1085,#1086,#1087,#1088,#1089,#1090,#1091,
#1092,#1093,#1094,#1095,#1096,#1097,#1098,#1099,#1100,#1101,#1102,#1103,
#1104,#1105,#1106));
#1108=DERIVED_UNIT_ELEMENT(#1110,1.);
#1109=DERIVED_UNIT_ELEMENT(#2220,-3.);
#1110=(
MASS_UNIT()
NAMED_UNIT(*)
SI_UNIT(.KILO.,.GRAM.)
);
#1111=DERIVED_UNIT((#1108,#1109));
#1112=MEASURE_REPRESENTATION_ITEM('density measure',
POSITIVE_RATIO_MEASURE(7850.),#1111);
#1113=PROPERTY_DEFINITION_REPRESENTATION(#1118,#1115);
#1114=PROPERTY_DEFINITION_REPRESENTATION(#1119,#1116);
#1115=REPRESENTATION('material name',(#1117),#2217);
#1116=REPRESENTATION('density',(#1112),#2217);
#1117=DESCRIPTIVE_REPRESENTATION_ITEM('Steel','Steel');
#1118=PROPERTY_DEFINITION('material property','material name',#2227);
#1119=PROPERTY_DEFINITION('material property','density of part',#2227);
#1120=AXIS2_PLACEMENT_3D('',#1596,#1255,#1256);
#1121=AXIS2_PLACEMENT_3D('',#1597,#1257,#1258);
#1122=AXIS2_PLACEMENT_3D('',#1602,#1260,#1261);
#1123=AXIS2_PLACEMENT_3D('',#1605,#1263,#1264);
#1124=AXIS2_PLACEMENT_3D('',#1606,#1265,#1266);
#1125=AXIS2_PLACEMENT_3D('',#1625,#1269,#1270);
#1126=AXIS2_PLACEMENT_3D('',#1629,#1272,#1273);
#1127=AXIS2_PLACEMENT_3D('',#1631,#1275,#1276);
#1128=AXIS2_PLACEMENT_3D('',#1635,#1278,#1279);
#1129=AXIS2_PLACEMENT_3D('',#1659,#1281,#1282);
#1130=AXIS2_PLACEMENT_3D('',#1668,#1283,#1284);
#1131=AXIS2_PLACEMENT_3D('',#1671,#1285,#1286);
#1132=AXIS2_PLACEMENT_3D('',#1696,#1289,#1290);
#1133=AXIS2_PLACEMENT_3D('',#1738,#1291,#1292);
#1134=AXIS2_PLACEMENT_3D('',#1740,#1293,#1294);
#1135=AXIS2_PLACEMENT_3D('',#1744,#1296,#1297);
#1136=AXIS2_PLACEMENT_3D('',#1763,#1299,#1300);
#1137=AXIS2_PLACEMENT_3D('',#1807,#1301,#1302);
#1138=AXIS2_PLACEMENT_3D('',#1809,#1303,#1304);
#1139=AXIS2_PLACEMENT_3D('',#1810,#1305,#1306);
#1140=AXIS2_PLACEMENT_3D('',#1811,#1307,#1308);
#1141=AXIS2_PLACEMENT_3D('',#1817,#1312,#1313);
#1142=AXIS2_PLACEMENT_3D('',#1821,#1315,#1316);
#1143=AXIS2_PLACEMENT_3D('',#1823,#1318,#1319);
#1144=AXIS2_PLACEMENT_3D('',#1827,#1322,#1323);
#1145=AXIS2_PLACEMENT_3D('',#1837,#1328,#1329);
#1146=AXIS2_PLACEMENT_3D('',#1839,#1330,#1331);
#1147=AXIS2_PLACEMENT_3D('',#1841,#1332,#1333);
#1148=AXIS2_PLACEMENT_3D('',#1843,#1334,#1335);
#1149=AXIS2_PLACEMENT_3D('',#1844,#1336,#1337);
#1150=AXIS2_PLACEMENT_3D('',#1847,#1338,#1339);
#1151=AXIS2_PLACEMENT_3D('',#1849,#1340,#1341);
#1152=AXIS2_PLACEMENT_3D('',#1850,#1342,#1343);
#1153=AXIS2_PLACEMENT_3D('',#1851,#1344,#1345);
#1154=AXIS2_PLACEMENT_3D('',#1853,#1346,#1347);
#1155=AXIS2_PLACEMENT_3D('',#1855,#1348,#1349);
#1156=AXIS2_PLACEMENT_3D('',#1856,#1350,#1351);
#1157=AXIS2_PLACEMENT_3D('',#1857,#1352,#1353);
#1158=AXIS2_PLACEMENT_3D('',#1860,#1354,#1355);
#1159=AXIS2_PLACEMENT_3D('',#1862,#1356,#1357);
#1160=AXIS2_PLACEMENT_3D('',#1863,#1358,#1359);
#1161=AXIS2_PLACEMENT_3D('',#1864,#1360,#1361);
#1162=AXIS2_PLACEMENT_3D('',#1867,#1364,#1365);
#1163=AXIS2_PLACEMENT_3D('',#1869,#1366,#1367);
#1164=AXIS2_PLACEMENT_3D('',#1871,#1368,#1369);
#1165=AXIS2_PLACEMENT_3D('',#1872,#1370,#1371);
#1166=AXIS2_PLACEMENT_3D('',#1873,#1372,#1373);
#1167=AXIS2_PLACEMENT_3D('',#1875,#1374,#1375);
#1168=AXIS2_PLACEMENT_3D('',#1877,#1376,#1377);
#1169=AXIS2_PLACEMENT_3D('',#1878,#1378,#1379);
#1170=AXIS2_PLACEMENT_3D('',#1879,#1380,#1381);
#1171=AXIS2_PLACEMENT_3D('',#1881,#1383,#1384);
#1172=AXIS2_PLACEMENT_3D('',#1884,#1385,#1386);
#1173=AXIS2_PLACEMENT_3D('',#1887,#1389,#1390);
#1174=AXIS2_PLACEMENT_3D('',#1890,#1391,#1392);
#1175=AXIS2_PLACEMENT_3D('',#1891,#1393,#1394);
#1176=AXIS2_PLACEMENT_3D('',#1892,#1395,#1396);
#1177=AXIS2_PLACEMENT_3D('',#1893,#1397,#1398);
#1178=AXIS2_PLACEMENT_3D('',#1896,#1401,#1402);
#1179=AXIS2_PLACEMENT_3D('',#1898,#1403,#1404);
#1180=AXIS2_PLACEMENT_3D('',#1900,#1405,#1406);
#1181=AXIS2_PLACEMENT_3D('',#1901,#1407,#1408);
#1182=AXIS2_PLACEMENT_3D('',#1902,#1409,#1410);
#1183=AXIS2_PLACEMENT_3D('',#1905,#1413,#1414);
#1184=AXIS2_PLACEMENT_3D('',#1907,#1416,#1417);
#1185=AXIS2_PLACEMENT_3D('',#1909,#1419,#1420);
#1186=AXIS2_PLACEMENT_3D('',#1912,#1423,#1424);
#1187=AXIS2_PLACEMENT_3D('',#1914,#1426,#1427);
#1188=AXIS2_PLACEMENT_3D('',#1917,#1428,#1429);
#1189=AXIS2_PLACEMENT_3D('',#1952,#1432,#1433);
#1190=AXIS2_PLACEMENT_3D('',#1953,#1434,#1435);
#1191=AXIS2_PLACEMENT_3D('',#1954,#1436,#1437);
#1192=AXIS2_PLACEMENT_3D('',#1955,#1438,#1439);
#1193=AXIS2_PLACEMENT_3D('',#1958,#1442,#1443);
#1194=AXIS2_PLACEMENT_3D('',#1961,#1446,#1447);
#1195=AXIS2_PLACEMENT_3D('',#1962,#1448,#1449);
#1196=AXIS2_PLACEMENT_3D('',#1964,#1450,#1451);
#1197=AXIS2_PLACEMENT_3D('',#1966,#1452,#1453);
#1198=AXIS2_PLACEMENT_3D('',#1968,#1454,#1455);
#1199=AXIS2_PLACEMENT_3D('',#1970,#1456,#1457);
#1200=AXIS2_PLACEMENT_3D('',#1975,#1459,#1460);
#1201=AXIS2_PLACEMENT_3D('',#1979,#1462,#1463);
#1202=AXIS2_PLACEMENT_3D('',#1983,#1465,#1466);
#1203=AXIS2_PLACEMENT_3D('',#1986,#1468,#1469);
#1204=AXIS2_PLACEMENT_3D('',#1987,#1470,#1471);
#1205=AXIS2_PLACEMENT_3D('',#1988,#1472,#1473);
#1206=AXIS2_PLACEMENT_3D('',#1989,#1474,#1475);
#1207=AXIS2_PLACEMENT_3D('',#1991,#1476,#1477);
#1208=AXIS2_PLACEMENT_3D('',#1993,#1479,#1480);
#1209=AXIS2_PLACEMENT_3D('',#2051,#1483,#1484);
#1210=AXIS2_PLACEMENT_3D('',#2063,#1485,#1486);
#1211=AXIS2_PLACEMENT_3D('',#2065,#1487,#1488);
#1212=AXIS2_PLACEMENT_3D('',#2066,#1489,#1490);
#1213=AXIS2_PLACEMENT_3D('',#2096,#1491,#1492);
#1214=AXIS2_PLACEMENT_3D('',#2139,#1493,#1494);
#1215=AXIS2_PLACEMENT_3D('',#2141,#1495,#1496);
#1216=AXIS2_PLACEMENT_3D('',#2143,#1498,#1499);
#1217=AXIS2_PLACEMENT_3D('',#2146,#1501,#1502);
#1218=AXIS2_PLACEMENT_3D('',#2147,#1503,#1504);
#1219=AXIS2_PLACEMENT_3D('',#2150,#1505,#1506);
#1220=AXIS2_PLACEMENT_3D('',#2153,#1509,#1510);
#1221=AXIS2_PLACEMENT_3D('',#2156,#1513,#1514);
#1222=AXIS2_PLACEMENT_3D('',#2158,#1516,#1517);
#1223=AXIS2_PLACEMENT_3D('',#2160,#1518,#1519);
#1224=AXIS2_PLACEMENT_3D('',#2161,#1520,#1521);
#1225=AXIS2_PLACEMENT_3D('',#2162,#1522,#1523);
#1226=AXIS2_PLACEMENT_3D('',#2166,#1525,#1526);
#1227=AXIS2_PLACEMENT_3D('',#2168,#1528,#1529);
#1228=AXIS2_PLACEMENT_3D('',#2170,#1531,#1532);
#1229=AXIS2_PLACEMENT_3D('',#2172,#1534,#1535);
#1230=AXIS2_PLACEMENT_3D('',#2174,#1537,#1538);
#1231=AXIS2_PLACEMENT_3D('',#2177,#1540,#1541);
#1232=AXIS2_PLACEMENT_3D('',#2178,#1542,#1543);
#1233=AXIS2_PLACEMENT_3D('',#2179,#1544,#1545);
#1234=AXIS2_PLACEMENT_3D('',#2181,#1547,#1548);
#1235=AXIS2_PLACEMENT_3D('',#2184,#1550,#1551);
#1236=AXIS2_PLACEMENT_3D('',#2185,#1552,#1553);
#1237=AXIS2_PLACEMENT_3D('',#2186,#1554,#1555);
#1238=AXIS2_PLACEMENT_3D('',#2189,#1557,#1558);
#1239=AXIS2_PLACEMENT_3D('',#2190,#1559,#1560);
#1240=AXIS2_PLACEMENT_3D('',#2191,#1561,#1562);
#1241=AXIS2_PLACEMENT_3D('',#2192,#1563,#1564);
#1242=AXIS2_PLACEMENT_3D('',#2194,#1566,#1567);
#1243=AXIS2_PLACEMENT_3D('',#2195,#1568,#1569);
#1244=AXIS2_PLACEMENT_3D('',#2198,#1571,#1572);
#1245=AXIS2_PLACEMENT_3D('',#2199,#1573,#1574);
#1246=AXIS2_PLACEMENT_3D('',#2200,#1575,#1576);
#1247=AXIS2_PLACEMENT_3D('',#2203,#1578,#1579);
#1248=AXIS2_PLACEMENT_3D('',#2204,#1580,#1581);
#1249=AXIS2_PLACEMENT_3D('',#2205,#1582,#1583);
#1250=AXIS2_PLACEMENT_3D('',#2208,#1585,#1586);
#1251=AXIS2_PLACEMENT_3D('',#2209,#1587,#1588);
#1252=AXIS2_PLACEMENT_3D('',#2210,#1589,#1590);
#1253=AXIS2_PLACEMENT_3D('',#2213,#1592,#1593);
#1254=AXIS2_PLACEMENT_3D('',#2214,#1594,#1595);
#1255=DIRECTION('axis',(0.,0.,1.));
#1256=DIRECTION('refdir',(1.,0.,0.));
#1257=DIRECTION('center_axis',(1.,-2.10314405487301E-16,-1.19275226424384E-15));
#1258=DIRECTION('ref_axis',(0.,-0.819152044288978,-0.573576436351066));
#1259=DIRECTION('',(-1.,2.10314405487301E-16,1.19275226424384E-15));
#1260=DIRECTION('center_axis',(0.707106781186549,0.122787803968967,0.696364240320018));
#1261=DIRECTION('ref_axis',(-0.707106781186546,0.122787803968967,0.696364240320022));
#1262=DIRECTION('',(1.,-2.10314405487301E-16,-1.19275226424384E-15));
#1263=DIRECTION('center_axis',(0.707106781186543,-0.122787803968968,-0.696364240320024));
#1264=DIRECTION('ref_axis',(0.707106781186552,0.122787803968977,0.696364240320014));
#1265=DIRECTION('center_axis',(0.,0.17364817766693,0.984807753012208));
#1266=DIRECTION('ref_axis',(0.707106781186552,-0.696364240320014,0.122787803968979));
#1267=DIRECTION('',(0.,-0.17364817766693,-0.984807753012208));
#1268=DIRECTION('',(0.,0.17364817766693,0.984807753012208));
#1269=DIRECTION('center_axis',(0.,-0.17364817766693,-0.984807753012208));
#1270=DIRECTION('ref_axis',(-0.707106781186548,-0.696364240320017,0.122787803968979));
#1271=DIRECTION('',(0.,-0.17364817766693,-0.984807753012208));
#1272=DIRECTION('center_axis',(0.707106781186552,0.122787803968991,0.696364240320011));
#1273=DIRECTION('ref_axis',(-0.707106781186543,0.122787803968955,0.696364240320027));
#1274=DIRECTION('',(0.,0.17364817766693,0.984807753012208));
#1275=DIRECTION('center_axis',(-1.,0.,0.));
#1276=DIRECTION('ref_axis',(0.,-0.573576436351046,0.819152044288992));
#1277=DIRECTION('',(-1.,0.,0.));
#1278=DIRECTION('center_axis',(1.,0.,0.));
#1279=DIRECTION('ref_axis',(0.,0.17364817766693,0.984807753012208));
#1280=DIRECTION('',(1.,0.,0.));
#1281=DIRECTION('center_axis',(1.,-3.08704593218751E-15,-1.75075074715396E-14));
#1282=DIRECTION('ref_axis',(1.77635683940026E-14,0.21261581251793,0.977135874004911));
#1283=DIRECTION('center_axis',(-1.,2.33382953680975E-17,1.32358050221959E-16));
#1284=DIRECTION('ref_axis',(0.,-0.557196749616064,0.830380504478094));
#1285=DIRECTION('center_axis',(1.,0.,0.));
#1286=DIRECTION('ref_axis',(0.,0.212615812518072,0.97713587400488));
#1287=DIRECTION('',(1.,-2.33382953680975E-17,-1.32358050221959E-16));
#1288=DIRECTION('',(-1.,3.33066907387561E-15,-5.87286821535545E-16));
#1289=DIRECTION('center_axis',(0.999992808203507,-0.000658571817441145,
-0.00373494637506424));
#1290=DIRECTION('ref_axis',(0.00379170081862054,0.194616731533895,0.980872035900691));
#1291=DIRECTION('center_axis',(1.,-3.33066907387561E-15,5.87286821535545E-16));
#1292=DIRECTION('ref_axis',(1.85509533328667E-15,0.766044443118978,0.642787609686539));
#1293=DIRECTION('center_axis',(-1.,3.5527136788005E-15,-6.26439276304555E-16));
#1294=DIRECTION('ref_axis',(0.,0.17364817766693,0.984807753012208));
#1295=DIRECTION('',(-1.,3.33066907387561E-15,-5.87286821535545E-16));
#1296=DIRECTION('center_axis',(-1.,4.2632564145606E-15,-7.51727131565468E-16));
#1297=DIRECTION('ref_axis',(0.,0.173648177666931,0.984807753012208));
#1298=DIRECTION('',(1.,-3.33066907387561E-15,5.87286821535545E-16));
#1299=DIRECTION('center_axis',(-1.,4.2632564145606E-15,-7.51727131565468E-16));
#1300=DIRECTION('ref_axis',(0.,0.173648177666931,0.984807753012208));
#1301=DIRECTION('center_axis',(0.,0.17364817766693,0.984807753012208));
#1302=DIRECTION('ref_axis',(1.64003436333529E-15,-0.984807753012208,0.17364817766693));
#1303=DIRECTION('center_axis',(2.86068420570181E-15,-0.984807753012208,
0.17364817766693));
#1304=DIRECTION('ref_axis',(0.,0.17364817766693,0.984807753012208));
#1305=DIRECTION('center_axis',(-4.93625378495321E-16,-0.787643720806714,
-0.61613096746857));
#1306=DIRECTION('ref_axis',(0.,-0.61613096746857,0.787643720806714));
#1307=DIRECTION('center_axis',(0.,-0.17364817766693,-0.984807753012208));
#1308=DIRECTION('ref_axis',(-1.,0.,0.));
#1309=DIRECTION('',(0.,0.984807753012208,-0.17364817766693));
#1310=DIRECTION('',(-1.,0.,0.));
#1311=DIRECTION('',(2.91561664592938E-15,0.984807753012208,-0.17364817766693));
#1312=DIRECTION('center_axis',(1.,0.,0.));
#1313=DIRECTION('ref_axis',(0.,-0.17364817766693,-0.984807753012208));
#1314=DIRECTION('',(0.,0.984807753012208,-0.17364817766693));
#1315=DIRECTION('center_axis',(-1.,0.,0.));
#1316=DIRECTION('ref_axis',(1.00485917355762E-15,0.819152044288992,0.573576436351046));
#1317=DIRECTION('',(0.,-0.17364817766693,-0.984807753012208));
#1318=DIRECTION('center_axis',(1.21115239050017E-15,0.17364817766693,0.984807753012208));
#1319=DIRECTION('ref_axis',(1.,-2.10314405487301E-16,-1.19275226424384E-15));
#1320=DIRECTION('',(0.,0.984807753012208,-0.17364817766693));
#1321=DIRECTION('',(-1.,2.10314405487301E-16,1.19275226424384E-15));
#1322=DIRECTION('center_axis',(0.,0.984807753012208,-0.17364817766693));
#1323=DIRECTION('ref_axis',(0.,-0.17364817766693,-0.984807753012208));
#1324=DIRECTION('',(-1.,0.,0.));
#1325=DIRECTION('',(4.01628529347504E-9,-0.17364817766693,-0.984807753012208));
#1326=DIRECTION('',(1.,0.,0.));
#1327=DIRECTION('',(6.70570608671956E-10,0.17364817766693,0.984807753012208));
#1328=DIRECTION('center_axis',(0.,0.984807753012208,-0.17364817766693));
#1329=DIRECTION('ref_axis',(1.,0.,0.));
#1330=DIRECTION('center_axis',(0.,0.984807753012208,-0.17364817766693));
#1331=DIRECTION('ref_axis',(1.,0.,0.));
#1332=DIRECTION('center_axis',(0.,0.984807753012208,-0.17364817766693));
#1333=DIRECTION('ref_axis',(1.,0.,0.));
#1334=DIRECTION('center_axis',(0.,0.984807753012208,-0.17364817766693));
#1335=DIRECTION('ref_axis',(1.,0.,0.));
#1336=DIRECTION('center_axis',(-0.81649659037004,0.408248285742703,-0.408248276300396));
#1337=DIRECTION('ref_axis',(0.57735025583617,0.577350282543073,-0.577350269189635));
#1338=DIRECTION('center_axis',(-2.56781989998971E-23,1.11022302462515E-15,
-1.));
#1339=DIRECTION('ref_axis',(1.,2.31288654894964E-8,0.));
#1340=DIRECTION('center_axis',(-2.31288632690504E-8,1.,0.));
#1341=DIRECTION('ref_axis',(0.,0.,-1.));
#1342=DIRECTION('center_axis',(1.,2.31288765917269E-8,0.));
#1343=DIRECTION('ref_axis',(-2.31288765917269E-8,1.,0.));
#1344=DIRECTION('center_axis',(-0.306020379321395,-0.883557236896855,-0.354511123333506));
#1345=DIRECTION('ref_axis',(0.577350272800257,-0.468323188756645,0.668834847604606));
#1346=DIRECTION('center_axis',(1.,-6.16922256096048E-15,-3.4987399751152E-14));
#1347=DIRECTION('ref_axis',(0.,-0.984807753012209,0.173648177666924));
#1348=DIRECTION('center_axis',(-4.0162857293303E-9,0.173648177666905,0.984807753012213));
#1349=DIRECTION('ref_axis',(1.,2.31288677099417E-8,0.));
#1350=DIRECTION('center_axis',(2.27774926125701E-8,-0.984807753012208,0.173648177666927));
#1351=DIRECTION('ref_axis',(0.,0.173648177666927,0.984807753012209));
#1352=DIRECTION('center_axis',(0.408248290723818,-0.408248282858025,-0.816496584600668));
#1353=DIRECTION('ref_axis',(-0.577350277348742,0.577350266224833,-0.577350263995302));
#1354=DIRECTION('center_axis',(0.,0.,-1.));
#1355=DIRECTION('ref_axis',(-2.31288588281586E-8,1.,0.));
#1356=DIRECTION('center_axis',(-1.,-2.31288588281585E-8,0.));
#1357=DIRECTION('ref_axis',(0.,0.,-1.));
#1358=DIRECTION('center_axis',(3.86166210120117E-9,1.,0.));
#1359=DIRECTION('ref_axis',(-1.,3.86166210120117E-9,0.));
#1360=DIRECTION('center_axis',(1.,2.31288653044596E-8,0.));
#1361=DIRECTION('ref_axis',(-1.63545603577576E-8,0.707106781186547,-0.707106781186547));
#1362=DIRECTION('',(-1.,-2.31288653044596E-8,0.));
#1363=DIRECTION('',(1.,2.31288653044596E-8,0.));
#1364=DIRECTION('center_axis',(-0.361496801639051,0.356004844582239,-0.861731172140542));
#1365=DIRECTION('ref_axis',(0.613981996454362,-0.604654216117472,-0.50736514164976));
#1366=DIRECTION('center_axis',(4.01628727163655E-9,-0.173648177666932,-0.984807753012208));
#1367=DIRECTION('ref_axis',(0.,-0.984807753012208,0.173648177666932));
#1368=DIRECTION('center_axis',(1.,-3.60752001386453E-14,0.));
#1369=DIRECTION('ref_axis',(0.,0.,-1.));
#1370=DIRECTION('center_axis',(2.31288588281583E-8,-1.,1.77635683940025E-14));
#1371=DIRECTION('ref_axis',(1.,2.31288588281583E-8,0.));
#1372=DIRECTION('center_axis',(0.306020384995925,-0.883557232293882,-0.354511129907258));
#1373=DIRECTION('ref_axis',(-0.577350269792453,-0.468323197440797,0.668834844120288));
#1374=DIRECTION('center_axis',(6.70588851491697E-10,0.173648177666922,0.984807753012209));
#1375=DIRECTION('ref_axis',(0.,-0.98480775301221,0.173648177666922));
#1376=DIRECTION('center_axis',(-1.,0.,0.));
#1377=DIRECTION('ref_axis',(0.,0.173648177666929,0.984807753012208));
#1378=DIRECTION('center_axis',(-3.80299477677633E-9,-0.984807753012207,
0.173648177666935));
#1379=DIRECTION('ref_axis',(-1.,3.86166210120117E-9,0.));
#1380=DIRECTION('center_axis',(1.,0.,0.));
#1381=DIRECTION('ref_axis',(0.,-0.573576436351048,0.81915204428899));
#1382=DIRECTION('',(-1.,0.,0.));
#1383=DIRECTION('center_axis',(3.80299490173125E-9,0.984807753012208,-0.17364817766693));
#1384=DIRECTION('ref_axis',(-0.707106780949451,0.122787806658409,0.696364240086553));
#1385=DIRECTION('center_axis',(-3.80299477677633E-9,-0.984807753012208,
0.173648177666928));
#1386=DIRECTION('ref_axis',(0.,0.173648177666928,0.984807753012208));
#1387=DIRECTION('',(-3.80299490173125E-9,-0.984807753012208,0.17364817766693));
#1388=DIRECTION('',(3.80299490173125E-9,0.984807753012208,-0.17364817766693));
#1389=DIRECTION('center_axis',(-1.,3.86166222808372E-9,0.));
#1390=DIRECTION('ref_axis',(0.,0.,1.));
#1391=DIRECTION('center_axis',(3.42985247867729E-23,8.88180371247525E-15,
1.));
#1392=DIRECTION('ref_axis',(3.86166614532484E-9,1.,-8.88180371247525E-15));
#1393=DIRECTION('center_axis',(1.,-3.86166222808372E-9,0.));
#1394=DIRECTION('ref_axis',(2.95820489071705E-9,0.766044443038978,0.64278760978188));
#1395=DIRECTION('center_axis',(-1.,3.86166222808372E-9,0.));
#1396=DIRECTION('ref_axis',(2.95820488909531E-9,0.766044443038978,0.64278760978188));
#1397=DIRECTION('center_axis',(0.,0.,1.));
#1398=DIRECTION('ref_axis',(-0.707106787998516,0.707106774374579,0.));
#1399=DIRECTION('',(0.,0.,-1.));
#1400=DIRECTION('',(0.,0.,1.));
#1401=DIRECTION('center_axis',(0.361496795571199,0.356004845571611,-0.861731174277273));
#1402=DIRECTION('ref_axis',(-0.613981992062606,-0.604654223622163,-0.50736513802065));
#1403=DIRECTION('center_axis',(-6.70569815486179E-10,-0.173648177666922,
-0.98480775301221));
#1404=DIRECTION('ref_axis',(-1.,3.86165766030908E-9,0.));
#1405=DIRECTION('center_axis',(-3.86166654209327E-9,-1.,0.));
#1406=DIRECTION('ref_axis',(0.,0.,-1.));
#1407=DIRECTION('center_axis',(-1.,0.,0.));
#1408=DIRECTION('ref_axis',(0.,-0.984807753012208,0.17364817766693));
#1409=DIRECTION('center_axis',(3.86166222808372E-9,1.,0.));
#1410=DIRECTION('ref_axis',(-0.70710678118654,2.73060745841041E-9,-0.707106781186555));
#1411=DIRECTION('',(-3.86166222808372E-9,-1.,0.));
#1412=DIRECTION('',(3.86166222808372E-9,1.,0.));
#1413=DIRECTION('center_axis',(-1.,0.,0.));
#1414=DIRECTION('ref_axis',(0.,-0.766044443118981,-0.642787609686536));
#1415=DIRECTION('',(1.,0.,0.));
#1416=DIRECTION('center_axis',(6.70570608671956E-10,0.17364817766693,0.984807753012208));
#1417=DIRECTION('ref_axis',(-0.707106782531099,-0.696364238913555,0.122787804202462));
#1418=DIRECTION('',(-6.70570608671956E-10,-0.17364817766693,-0.984807753012208));
#1419=DIRECTION('center_axis',(-2.31288651999479E-8,1.,0.));
#1420=DIRECTION('ref_axis',(0.707106781186553,1.6354579198867E-8,-0.707106781186542));
#1421=DIRECTION('',(2.31288651999479E-8,-1.,0.));
#1422=DIRECTION('',(-2.31288651999479E-8,1.,0.));
#1423=DIRECTION('center_axis',(4.01628529347504E-9,-0.17364817766693,-0.984807753012208));
#1424=DIRECTION('ref_axis',(0.707106789239608,-0.696364231896153,0.122787805367365));
#1425=DIRECTION('',(-4.01628529347504E-9,0.17364817766693,0.984807753012208));
#1426=DIRECTION('center_axis',(0.,0.,1.));
#1427=DIRECTION('ref_axis',(0.707106764831971,0.707106797541123,0.));
#1428=DIRECTION('center_axis',(0.,0.,-1.));
#1429=DIRECTION('ref_axis',(-2.3128876591727E-8,1.,0.));
#1430=DIRECTION('',(0.,0.,-1.));
#1431=DIRECTION('',(0.,0.,1.));
#1432=DIRECTION('center_axis',(-2.27774855057545E-8,0.984807753012208,-0.173648177666931));
#1433=DIRECTION('ref_axis',(-4.01627175961039E-9,0.173648177666931,0.984807753012208));
#1434=DIRECTION('center_axis',(-1.,-2.31288651999479E-8,0.));
#1435=DIRECTION('ref_axis',(-2.31288651999479E-8,1.,0.));
#1436=DIRECTION('center_axis',(1.,2.31288651999479E-8,0.));
#1437=DIRECTION('ref_axis',(-2.31288651999479E-8,1.,0.));
#1438=DIRECTION('center_axis',(2.2777485767283E-8,-0.984807753012208,0.17364817766693));
#1439=DIRECTION('ref_axis',(0.707106779766587,0.122787820076975,0.696364238921609));
#1440=DIRECTION('',(-2.2777485767283E-8,0.984807753012208,-0.17364817766693));
#1441=DIRECTION('',(2.2777485767283E-8,-0.984807753012208,0.17364817766693));
#1442=DIRECTION('center_axis',(-1.,0.,0.));
#1443=DIRECTION('ref_axis',(0.,1.,0.));
#1444=DIRECTION('',(-1.,0.,0.));
#1445=DIRECTION('',(-1.,-2.31288653044596E-8,0.));
#1446=DIRECTION('center_axis',(0.,-0.17364817766693,-0.984807753012208));
#1447=DIRECTION('ref_axis',(0.,-0.984807753012208,0.17364817766693));
#1448=DIRECTION('center_axis',(0.,0.,1.));
#1449=DIRECTION('ref_axis',(-1.,0.,0.));
#1450=DIRECTION('center_axis',(0.,0.,1.));
#1451=DIRECTION('ref_axis',(1.,0.,0.));
#1452=DIRECTION('center_axis',(0.,0.,1.));
#1453=DIRECTION('ref_axis',(1.,0.,0.));
#1454=DIRECTION('center_axis',(0.,0.,1.));
#1455=DIRECTION('ref_axis',(1.,0.,0.));
#1456=DIRECTION('center_axis',(0.,0.,1.));
#1457=DIRECTION('ref_axis',(1.,0.,0.));
#1458=DIRECTION('',(1.,-3.33066907387561E-15,0.));
#1459=DIRECTION('center_axis',(0.,0.,1.));
#1460=DIRECTION('ref_axis',(1.,1.66533453693775E-15,0.));
#1461=DIRECTION('',(2.96059473233375E-15,1.,0.));
#1462=DIRECTION('center_axis',(0.,0.,1.));
#1463=DIRECTION('ref_axis',(4.44089209850063E-15,1.,0.));
#1464=DIRECTION('',(-1.,3.45209971719441E-15,0.));
#1465=DIRECTION('center_axis',(0.,0.,1.));
#1466=DIRECTION('ref_axis',(-1.,3.37507799486044E-13,0.));
#1467=DIRECTION('',(-3.30106312655213E-13,-1.,0.));
#1468=DIRECTION('center_axis',(0.,0.,1.));
#1469=DIRECTION('ref_axis',(-4.44089209850062E-15,-1.,0.));
#1470=DIRECTION('center_axis',(-1.,3.86166222808372E-9,0.));
#1471=DIRECTION('ref_axis',(-3.86166222808372E-9,-1.,0.));
#1472=DIRECTION('center_axis',(1.,2.31288651999479E-8,0.));
#1473=DIRECTION('ref_axis',(-2.31288651999479E-8,1.,0.));
#1474=DIRECTION('center_axis',(1.,-2.10314405487301E-16,-1.19275226424384E-15));
#1475=DIRECTION('ref_axis',(1.00485917355762E-15,0.819152044288992,0.573576436351046));
#1476=DIRECTION('center_axis',(1.,0.,0.));
#1477=DIRECTION('ref_axis',(1.00485917355762E-15,0.819152044288992,0.573576436351046));
#1478=DIRECTION('',(1.,-2.10314405487301E-16,-1.19275226424384E-15));
#1479=DIRECTION('center_axis',(-1.,0.,0.));
#1480=DIRECTION('ref_axis',(0.,0.17364817766693,0.984807753012208));
#1481=DIRECTION('',(3.25091256021126E-13,0.984807753012208,-0.17364817766693));
#1482=DIRECTION('',(0.,0.17364817766693,0.984807753012208));
#1483=DIRECTION('center_axis',(0.98456972847035,-0.172334180980305,0.0303871658051235));
#1484=DIRECTION('ref_axis',(0.172413801078964,0.985024609437502,0.));
#1485=DIRECTION('center_axis',(0.98456972847035,-0.172334180980305,0.0303871658051235));
#1486=DIRECTION('ref_axis',(0.172413801078964,0.985024609437502,0.));
#1487=DIRECTION('center_axis',(-7.76268448232398E-17,-0.787643720806711,
-0.616130967468573));
#1488=DIRECTION('ref_axis',(-2.73617114507273E-15,-0.616130967468573,0.787643720806711));
#1489=DIRECTION('center_axis',(-3.27224726011691E-13,-0.984807753012208,
0.17364817766693));
#1490=DIRECTION('ref_axis',(1.,-3.32178728967847E-13,5.32907051820075E-16));
#1491=DIRECTION('center_axis',(-7.76268448232398E-17,-0.787643720806711,
-0.616130967468573));
#1492=DIRECTION('ref_axis',(-2.73617114507273E-15,-0.616130967468573,0.787643720806711));
#1493=DIRECTION('center_axis',(2.91561664592938E-15,0.984807753012208,-0.17364817766693));
#1494=DIRECTION('ref_axis',(-0.707106781186547,0.122787803968975,0.696364240320019));
#1495=DIRECTION('center_axis',(-2.97392897884797E-15,-0.984807753012208,
0.17364817766693));
#1496=DIRECTION('ref_axis',(0.,0.17364817766693,0.984807753012208));
#1497=DIRECTION('',(-2.91561664592938E-15,-0.984807753012208,0.17364817766693));
#1498=DIRECTION('center_axis',(-3.25091256021126E-13,-0.984807753012208,
0.17364817766693));
#1499=DIRECTION('ref_axis',(0.707106781186568,0.122787803968743,0.696364240320039));
#1500=DIRECTION('',(3.25091256021126E-13,0.984807753012208,-0.17364817766693));
#1501=DIRECTION('center_axis',(0.,0.984807753012208,-0.17364817766693));
#1502=DIRECTION('ref_axis',(0.707106781186568,0.122787803968743,0.696364240320039));
#1503=DIRECTION('center_axis',(0.,0.,1.));
#1504=DIRECTION('ref_axis',(-1.,3.37507799486044E-13,0.));
#1505=DIRECTION('center_axis',(0.,0.984807753012208,-0.17364817766693));
#1506=DIRECTION('ref_axis',(-5.86076143291273E-14,-0.17364817766693,-0.984807753012208));
#1507=DIRECTION('',(0.,0.,1.));
#1508=DIRECTION('',(0.,0.,1.));
#1509=DIRECTION('center_axis',(-1.,3.30106312655213E-13,0.));
#1510=DIRECTION('ref_axis',(-3.30106312655213E-13,-1.,0.));
#1511=DIRECTION('',(5.73223596289278E-14,0.17364817766693,0.984807753012208));
#1512=DIRECTION('',(0.,0.,1.));
#1513=DIRECTION('center_axis',(0.,0.,1.));
#1514=DIRECTION('ref_axis',(-4.44089209850062E-15,-1.,0.));
#1515=DIRECTION('',(0.,0.,1.));
#1516=DIRECTION('center_axis',(0.,-0.984807753012208,0.17364817766693));
#1517=DIRECTION('ref_axis',(1.,0.,0.));
#1518=DIRECTION('center_axis',(0.,0.984807753012208,-0.17364817766693));
#1519=DIRECTION('ref_axis',(1.,0.,0.));
#1520=DIRECTION('center_axis',(0.,0.984807753012208,-0.17364817766693));
#1521=DIRECTION('ref_axis',(1.,0.,0.));
#1522=DIRECTION('center_axis',(0.,0.984807753012208,-0.17364817766693));
#1523=DIRECTION('ref_axis',(0.,0.17364817766693,0.984807753012208));
#1524=DIRECTION('',(-1.,3.45209971719441E-15,1.95778303656321E-14));
#1525=DIRECTION('center_axis',(0.,0.984807753012208,-0.17364817766693));
#1526=DIRECTION('ref_axis',(7.71152820120105E-16,0.17364817766693,0.984807753012208));
#1527=DIRECTION('',(-5.14101880080069E-16,-0.17364817766693,-0.984807753012208));
#1528=DIRECTION('center_axis',(-3.33066907387561E-15,-1.,0.));
#1529=DIRECTION('ref_axis',(1.,-3.33066907387561E-15,0.));
#1530=DIRECTION('',(0.,0.,1.));
#1531=DIRECTION('center_axis',(0.,0.,1.));
#1532=DIRECTION('ref_axis',(1.,1.66533453693775E-15,0.));
#1533=DIRECTION('',(0.,0.,1.));
#1534=DIRECTION('center_axis',(1.,-2.96059473233375E-15,0.));
#1535=DIRECTION('ref_axis',(2.96059473233375E-15,1.,0.));
#1536=DIRECTION('',(0.,0.,1.));
#1537=DIRECTION('center_axis',(0.,0.984807753012208,-0.173648177666931));
#1538=DIRECTION('ref_axis',(1.,0.,0.));
#1539=DIRECTION('',(0.,0.984807753012208,-0.17364817766693));
#1540=DIRECTION('center_axis',(0.,0.984807753012208,-0.17364817766693));
#1541=DIRECTION('ref_axis',(1.,0.,0.));
#1542=DIRECTION('center_axis',(0.,-0.984807753012208,0.17364817766693));
#1543=DIRECTION('ref_axis',(1.,0.,0.));
#1544=DIRECTION('center_axis',(0.,0.984807753012208,-0.173648177666931));
#1545=DIRECTION('ref_axis',(1.,0.,0.));
#1546=DIRECTION('',(0.,0.984807753012208,-0.17364817766693));
#1547=DIRECTION('center_axis',(0.,0.984807753012208,-0.17364817766693));
#1548=DIRECTION('ref_axis',(1.,0.,0.));
#1549=DIRECTION('',(0.,0.984807753012208,-0.17364817766693));
#1550=DIRECTION('center_axis',(0.,0.984807753012208,-0.17364817766693));
#1551=DIRECTION('ref_axis',(1.,0.,0.));
#1552=DIRECTION('center_axis',(0.,-0.984807753012208,0.17364817766693));
#1553=DIRECTION('ref_axis',(1.,0.,0.));
#1554=DIRECTION('center_axis',(0.,0.984807753012208,-0.17364817766693));
#1555=DIRECTION('ref_axis',(1.,0.,0.));
#1556=DIRECTION('',(0.,0.984807753012208,-0.17364817766693));
#1557=DIRECTION('center_axis',(0.,0.984807753012208,-0.17364817766693));
#1558=DIRECTION('ref_axis',(1.,0.,0.));
#1559=DIRECTION('center_axis',(0.,-0.984807753012208,0.17364817766693));
#1560=DIRECTION('ref_axis',(1.,0.,0.));
#1561=DIRECTION('center_axis',(-2.31288653044596E-8,1.,0.));
#1562=DIRECTION('ref_axis',(-1.,-2.31288653044596E-8,0.));
#1563=DIRECTION('center_axis',(3.45209971719441E-15,1.,0.));
#1564=DIRECTION('ref_axis',(-1.,3.45209971719441E-15,0.));
#1565=DIRECTION('',(0.,0.,1.));
#1566=DIRECTION('center_axis',(0.,0.,1.));
#1567=DIRECTION('ref_axis',(4.44089209850063E-15,1.,0.));
#1568=DIRECTION('center_axis',(0.,0.,1.));
#1569=DIRECTION('ref_axis',(1.,0.,0.));
#1570=DIRECTION('',(0.,0.,1.));
#1571=DIRECTION('center_axis',(0.,0.,1.));
#1572=DIRECTION('ref_axis',(1.,0.,0.));
#1573=DIRECTION('center_axis',(0.,0.,-1.));
#1574=DIRECTION('ref_axis',(1.,0.,0.));
#1575=DIRECTION('center_axis',(0.,0.,1.));
#1576=DIRECTION('ref_axis',(1.,0.,0.));
#1577=DIRECTION('',(0.,0.,1.));
#1578=DIRECTION('center_axis',(0.,0.,1.));
#1579=DIRECTION('ref_axis',(1.,0.,0.));
#1580=DIRECTION('center_axis',(0.,0.,-1.));
#1581=DIRECTION('ref_axis',(1.,0.,0.));
#1582=DIRECTION('center_axis',(0.,0.,1.));
#1583=DIRECTION('ref_axis',(1.,0.,0.));
#1584=DIRECTION('',(0.,0.,1.));
#1585=DIRECTION('center_axis',(0.,0.,1.));
#1586=DIRECTION('ref_axis',(1.,0.,0.));
#1587=DIRECTION('center_axis',(0.,0.,-1.));
#1588=DIRECTION('ref_axis',(1.,0.,0.));
#1589=DIRECTION('center_axis',(0.,0.,1.));
#1590=DIRECTION('ref_axis',(1.,0.,0.));
#1591=DIRECTION('',(0.,0.,1.));
#1592=DIRECTION('center_axis',(0.,0.,1.));
#1593=DIRECTION('ref_axis',(1.,0.,0.));
#1594=DIRECTION('center_axis',(0.,0.,-1.));
#1595=DIRECTION('ref_axis',(1.,0.,0.));
#1596=CARTESIAN_POINT('',(0.,0.,0.));
#1597=CARTESIAN_POINT('Origin',(66.9999983169686,-16.9949486299777,45.519521640081));
#1598=CARTESIAN_POINT('',(88.4999983169686,-17.4873525064838,45.6063457289145));
#1599=CARTESIAN_POINT('',(43.4999983169686,-17.4873525064838,45.6063457289145));
#1600=CARTESIAN_POINT('',(66.9999983169686,-17.4873525064838,45.6063457289145));
#1601=CARTESIAN_POINT('',(43.9999983169686,-17.0817727188111,45.027117763575));
#1602=CARTESIAN_POINT('Origin',(43.4999983169686,-16.9949486299777,45.5195216400811));
#1603=CARTESIAN_POINT('',(87.9999983169686,-17.0817727188111,45.0271177635749));
#1604=CARTESIAN_POINT('',(66.9999983169686,-17.0817727188111,45.0271177635749));
#1605=CARTESIAN_POINT('Origin',(88.4999983169686,-16.9949486299777,45.519521640081));
#1606=CARTESIAN_POINT('Origin',(43.4999983169686,-17.8197774738956,40.8416848132731));
#1607=CARTESIAN_POINT('',(43.4999983169699,-20.439543923051,28.8636362201056));
#1608=CARTESIAN_POINT('',(43.4999983169686,-18.3121813504017,40.9285089021065));
#1609=CARTESIAN_POINT('',(43.9999983169686,-19.8606024031668,29.2675914948747));
#1610=CARTESIAN_POINT('Ctrl Pts',(43.4999983169699,-20.439543923051,28.8636362201056));
#1611=CARTESIAN_POINT('Ctrl Pts',(43.5010249236675,-20.4393661407229,28.8646444737906));
#1612=CARTESIAN_POINT('Ctrl Pts',(43.5020515350497,-20.4391852446418,28.8656521785736));
#1613=CARTESIAN_POINT('Ctrl Pts',(43.5578627410489,-20.4291816795978,28.9204054453973));
#1614=CARTESIAN_POINT('Ctrl Pts',(43.6129995577035,-20.4104335090392,28.9729205048789));
#1615=CARTESIAN_POINT('Ctrl Pts',(43.7169042996037,-20.3564025120485,29.068568207978));
#1616=CARTESIAN_POINT('Ctrl Pts',(43.7665756873877,-20.321494219008,29.1126822948621));
#1617=CARTESIAN_POINT('Ctrl Pts',(43.8549458059434,-20.2366950454679,29.1871535463103));
#1618=CARTESIAN_POINT('Ctrl Pts',(43.8946344230984,-20.1872053373152,29.2185838031591));
#1619=CARTESIAN_POINT('Ctrl Pts',(43.95108540675,-20.0864075646601,29.2579238370644));
#1620=CARTESIAN_POINT('Ctrl Pts',(43.9708804193764,-20.0386694485219,29.2695323559778));
#1621=CARTESIAN_POINT('Ctrl Pts',(43.9943982937826,-19.9459330669442,29.2769724542634));
#1622=CARTESIAN_POINT('Ctrl Pts',(43.9999983169686,-19.9031624591949,29.2750959810529));
#1623=CARTESIAN_POINT('Ctrl Pts',(43.9999983169686,-19.8606024031668,29.2675914948747));
#1624=CARTESIAN_POINT('',(43.9999983169686,-17.8197774738956,40.8416848132731));
#1625=CARTESIAN_POINT('Origin',(88.4999983169686,-16.4305920525601,48.7201468373707));
#1626=CARTESIAN_POINT('',(87.9999983169686,-19.860143561482,29.2701937153796));
#1627=CARTESIAN_POINT('',(87.9999983169686,-16.4305920525601,48.7201468373707));
#1628=CARTESIAN_POINT('',(88.4999983169686,-20.4393715268216,28.8646139277069));
#1629=CARTESIAN_POINT('Origin',(88.4999983169686,-19.9469676503155,28.7777898388735));
#1630=CARTESIAN_POINT('',(88.4999983169686,-16.9229959290663,48.8069709262042));
#1631=CARTESIAN_POINT('Origin',(88.9999983169686,-19.9469676503155,28.7777898388735));
#1632=CARTESIAN_POINT('',(66.1589867439341,-19.860143561482,29.2701937153796));
#1633=CARTESIAN_POINT('',(88.9999983169686,-19.860143561482,29.2701937153796));
#1634=CARTESIAN_POINT('',(66.1589867439341,-20.4393715268216,28.8646139277069));
#1635=CARTESIAN_POINT('Origin',(66.1589867439341,-19.9469676503155,28.7777898388735));
#1636=CARTESIAN_POINT('',(88.9999983169686,-20.4393715268216,28.8646139277069));
#1637=CARTESIAN_POINT('Ctrl Pts',(66.1589867439341,-19.860143561482,29.2701937153796));
#1638=CARTESIAN_POINT('Ctrl Pts',(64.935987772373,-19.8477590898515,29.2680099988893));
#1639=CARTESIAN_POINT('Ctrl Pts',(63.7179130067443,-19.8423031514102,29.2570375496286));
#1640=CARTESIAN_POINT('Ctrl Pts',(62.4999984326128,-19.8423031514102,29.2570375496286));
#1641=CARTESIAN_POINT('Ctrl Pts',(66.1589867439341,-19.9890545949013,29.2929242086824));
#1642=CARTESIAN_POINT('Ctrl Pts',(64.9359807677533,-19.9781438051483,29.2944189457846));
#1643=CARTESIAN_POINT('Ctrl Pts',(63.71789017183,-19.9734441178029,29.2855726222483));
#1644=CARTESIAN_POINT('Ctrl Pts',(62.4999984326128,-19.9734441178029,29.2855726222483));
#1645=CARTESIAN_POINT('Ctrl Pts',(66.1589867439341,-20.2645492814508,29.2313434123573));
#1646=CARTESIAN_POINT('Ctrl Pts',(64.9367129087237,-20.2598575855428,29.2367702572691));
#1647=CARTESIAN_POINT('Ctrl Pts',(63.7182598167167,-20.2587199096171,29.2306193740903));
#1648=CARTESIAN_POINT('Ctrl Pts',(62.4999984326128,-20.2587199096171,29.2306193740903));
#1649=CARTESIAN_POINT('Ctrl Pts',(66.1589867439341,-20.4166410335188,28.9935249611262));
#1650=CARTESIAN_POINT('Ctrl Pts',(64.9384444329921,-20.4163408015113,28.9956211745087));
#1651=CARTESIAN_POINT('Ctrl Pts',(63.7191950909218,-20.4177096903117,28.9874643072851));
#1652=CARTESIAN_POINT('Ctrl Pts',(62.4999984326128,-20.4177096903117,28.9874643072851));
#1653=CARTESIAN_POINT('Ctrl Pts',(66.1589867439341,-20.4393715268216,28.8646139277069));
#1654=CARTESIAN_POINT('Ctrl Pts',(64.9393178538228,-20.4393715268216,28.8646139277069));
#1655=CARTESIAN_POINT('Ctrl Pts',(63.7196673227242,-20.4410149341753,28.8552937014596));
#1656=CARTESIAN_POINT('Ctrl Pts',(62.4999984326128,-20.4410149341753,28.8552937014596));
#1657=CARTESIAN_POINT('',(62.4999984326128,-19.8423031514102,29.2570375496286));
#1658=CARTESIAN_POINT('',(62.4999984326128,-20.4410149341753,28.8552937014597));
#1659=CARTESIAN_POINT('Origin',(62.4999984326128,-19.9486110576692,28.7684696126262));
#1660=CARTESIAN_POINT('Ctrl Pts',(62.4999984326128,-20.4410149341753,28.8552937014596));
#1661=CARTESIAN_POINT('Ctrl Pts',(63.7196673227242,-20.4410149341753,28.8552937014596));
#1662=CARTESIAN_POINT('Ctrl Pts',(64.9393178538228,-20.4393715268216,28.8646139277069));
#1663=CARTESIAN_POINT('Ctrl Pts',(66.1589867439341,-20.4393715268216,28.8646139277069));
#1664=CARTESIAN_POINT('Ctrl Pts',(66.1589867439341,-19.860143561482,29.2701937153796));
#1665=CARTESIAN_POINT('Ctrl Pts',(64.935987772373,-19.8477590898515,29.2680099988893));
#1666=CARTESIAN_POINT('Ctrl Pts',(63.7179130067443,-19.8423031514102,29.2570375496286));
#1667=CARTESIAN_POINT('Ctrl Pts',(62.4999984326128,-19.8423031514102,29.2570375496286));
#1668=CARTESIAN_POINT('Origin',(67.2499983747911,-19.9486110576692,28.7684696126262));
#1669=CARTESIAN_POINT('',(46.4999984326135,-19.8423031514102,29.2570375496286));
#1670=CARTESIAN_POINT('',(46.4999984326135,-20.4410149341753,28.8552937014596));
#1671=CARTESIAN_POINT('Origin',(46.4999984326135,-19.9486110576692,28.7684696126262));
#1672=CARTESIAN_POINT('',(67.2499983747911,-20.4410149341753,28.8552937014596));
#1673=CARTESIAN_POINT('',(67.2499983747911,-19.8423031514102,29.2570375496286));
#1674=CARTESIAN_POINT('Ctrl Pts',(46.4999984326135,-19.8423031514102,29.2570375496286));
#1675=CARTESIAN_POINT('Ctrl Pts',(45.6830050514929,-19.8423031514102,29.2570375496286));
#1676=CARTESIAN_POINT('Ctrl Pts',(44.8659907971915,-19.8448183985048,29.261229418557));
#1677=CARTESIAN_POINT('Ctrl Pts',(44.0473945772014,-19.8501485005542,29.265451374985));
#1678=CARTESIAN_POINT('Ctrl Pts',(46.4999984326135,-19.9734441178029,29.2855726222483));
#1679=CARTESIAN_POINT('Ctrl Pts',(45.6830203694587,-19.9734441178029,29.2855726222483));
#1680=CARTESIAN_POINT('Ctrl Pts',(44.8660111867748,-19.9756182532881,29.2888380514174));
#1681=CARTESIAN_POINT('Ctrl Pts',(44.0474053119318,-19.9802892050824,29.2912728042081));
#1682=CARTESIAN_POINT('Ctrl Pts',(46.4999984326135,-20.2587305819289,29.2306352788486));
#1683=CARTESIAN_POINT('Ctrl Pts',(45.6827724067261,-20.2587305819289,29.2306352788486));
#1684=CARTESIAN_POINT('Ctrl Pts',(44.8655217674288,-20.2593355691132,29.232721417783));
#1685=CARTESIAN_POINT('Ctrl Pts',(44.0470035227113,-20.2610565624377,29.2332048052745));
#1686=CARTESIAN_POINT('Ctrl Pts',(46.4999984326135,-20.4177096903117,28.9874643072851));
#1687=CARTESIAN_POINT('Ctrl Pts',(45.6821450122838,-20.4177096903117,28.9874643072851));
#1688=CARTESIAN_POINT('Ctrl Pts',(44.8642850393818,-20.4172189733783,28.9904424295942));
#1689=CARTESIAN_POINT('Ctrl Pts',(44.0460019151276,-20.4168216826057,28.9925004492436));
#1690=CARTESIAN_POINT('Ctrl Pts',(46.4999984326135,-20.4410149341753,28.8552937014597));
#1691=CARTESIAN_POINT('Ctrl Pts',(45.6818282328765,-20.4410149341753,28.8552937014597));
#1692=CARTESIAN_POINT('Ctrl Pts',(44.8636630424156,-20.4403995666627,28.8587836240464));
#1693=CARTESIAN_POINT('Ctrl Pts',(44.0454987267921,-20.4398607428273,28.8618394458681));
#1694=CARTESIAN_POINT('',(44.0473945772014,-19.8501485005542,29.265451374985));
#1695=CARTESIAN_POINT('',(44.0454987267921,-20.4398607428273,28.8618394458681));
#1696=CARTESIAN_POINT('Origin',(44.0454987267921,-19.9474568663212,28.7750153570347));
#1697=CARTESIAN_POINT('Ctrl Pts',(44.0454987267921,-20.4398607428273,28.8618394458681));
#1698=CARTESIAN_POINT('Ctrl Pts',(44.8636630424156,-20.4403995666627,28.8587836240464));
#1699=CARTESIAN_POINT('Ctrl Pts',(45.6818282328765,-20.4410149341753,28.8552937014597));
#1700=CARTESIAN_POINT('Ctrl Pts',(46.4999984326135,-20.4410149341753,28.8552937014597));
#1701=CARTESIAN_POINT('Ctrl Pts',(46.4999984326135,-19.8423031514102,29.2570375496286));
#1702=CARTESIAN_POINT('Ctrl Pts',(45.6830050514929,-19.8423031514102,29.2570375496286));
#1703=CARTESIAN_POINT('Ctrl Pts',(44.8659907971915,-19.8448183985048,29.261229418557));
#1704=CARTESIAN_POINT('Ctrl Pts',(44.0473945772014,-19.8501485005542,29.265451374985));
#1705=CARTESIAN_POINT('Ctrl Pts',(44.0473945772014,-19.8501485005542,29.265451374985));
#1706=CARTESIAN_POINT('Ctrl Pts',(43.8654653878336,-19.8513330908582,29.2663896850966));
#1707=CARTESIAN_POINT('Ctrl Pts',(43.6834595332904,-19.8526590470112,29.2672987670431));
#1708=CARTESIAN_POINT('Ctrl Pts',(43.5013633327428,-19.854133619539,29.2680838903501));
#1709=CARTESIAN_POINT('Ctrl Pts',(44.0474053119318,-19.9802892050824,29.2912728042081));
#1710=CARTESIAN_POINT('Ctrl Pts',(43.8654739768179,-19.9813273023186,29.2918139166524));
#1711=CARTESIAN_POINT('Ctrl Pts',(43.6834666839505,-19.9824830501241,29.2923132217138));
#1712=CARTESIAN_POINT('Ctrl Pts',(43.5013678610704,-19.9837779928663,29.2926278490462));
#1713=CARTESIAN_POINT('Ctrl Pts',(44.0470035301416,-20.2610581109046,29.2332070676849));
#1714=CARTESIAN_POINT('Ctrl Pts',(43.8650916704141,-20.2614405936388,29.2333144982988));
#1715=CARTESIAN_POINT('Ctrl Pts',(43.6831185965193,-20.2618764254875,29.2333018329515));
#1716=CARTESIAN_POINT('Ctrl Pts',(43.501075733069,-20.2623871305433,29.2331070589281));
#1717=CARTESIAN_POINT('Ctrl Pts',(44.0460019151276,-20.4168216826057,28.9925004492436));
#1718=CARTESIAN_POINT('Ctrl Pts',(43.8641423098258,-20.4167333865858,28.9929578345055));
#1719=CARTESIAN_POINT('Ctrl Pts',(43.6822625092398,-20.4166801212241,28.9933542222464));
#1720=CARTESIAN_POINT('Ctrl Pts',(43.5003585655108,-20.4166316137533,28.9935783832708));
#1721=CARTESIAN_POINT('Ctrl Pts',(44.0454987267921,-20.4398607428273,28.8618394458681));
#1722=CARTESIAN_POINT('Ctrl Pts',(43.863665526154,-20.4397409917446,28.862518588006));
#1723=CARTESIAN_POINT('Ctrl Pts',(43.6818321378715,-20.439630131234,28.8631473092044));
#1724=CARTESIAN_POINT('Ctrl Pts',(43.4999983169699,-20.439543923051,28.8636362201056));
#1725=CARTESIAN_POINT('Ctrl Pts',(43.4999983169699,-20.439543923051,28.8636362201056));
#1726=CARTESIAN_POINT('Ctrl Pts',(43.6818321378715,-20.439630131234,28.8631473092044));
#1727=CARTESIAN_POINT('Ctrl Pts',(43.863665526154,-20.4397409917446,28.862518588006));
#1728=CARTESIAN_POINT('Ctrl Pts',(44.0454987267921,-20.4398607428273,28.8618394458681));
#1729=CARTESIAN_POINT('',(43.9999983169686,-19.8504603040716,29.2656950675012));
#1730=CARTESIAN_POINT('Ctrl Pts',(44.0473945772014,-19.8501485005542,29.265451374985));
#1731=CARTESIAN_POINT('Ctrl Pts',(44.031596403808,-19.8502513667468,29.2655328549602));
#1732=CARTESIAN_POINT('Ctrl Pts',(44.0157976523091,-19.8503552989302,29.265614114536));
#1733=CARTESIAN_POINT('Ctrl Pts',(43.9999983137463,-19.8504603018522,29.2656950916821));
#1734=CARTESIAN_POINT('Ctrl Pts',(43.9999983137463,-19.8504603018522,29.265695091682));
#1735=CARTESIAN_POINT('Ctrl Pts',(43.999998578027,-19.8538343694809,29.2663620533209));
#1736=CARTESIAN_POINT('Ctrl Pts',(43.9999987021599,-19.8572152948765,29.2669921526678));
#1737=CARTESIAN_POINT('Ctrl Pts',(43.9999986872038,-19.8606023553019,29.2675855501839));
#1738=CARTESIAN_POINT('Origin',(67.2499983747911,-22.5000008078843,17.0428391245672));
#1739=CARTESIAN_POINT('',(62.4999984326129,-10.0000008078843,17.0428391245672));
#1740=CARTESIAN_POINT('Origin',(62.4999984326129,-22.5000008078843,17.0428391245672));
#1741=CARTESIAN_POINT('',(46.4999984326136,-10.0000008078842,17.0428391245672));
#1742=CARTESIAN_POINT('',(67.2499983747911,-10.0000008078843,17.0428391245672));
#1743=CARTESIAN_POINT('',(46.4999984326136,-11.3672861341397,22.7272620498071));
#1744=CARTESIAN_POINT('Origin',(46.4999984326135,-22.5000008078842,17.0428391245672));
#1745=CARTESIAN_POINT('',(49.1863845701398,-11.3672861341397,22.7272620498068));
#1746=CARTESIAN_POINT('',(67.2499983747911,-11.3672861341397,22.727262049807));
#1747=CARTESIAN_POINT('',(46.4999984326136,-12.563155384313,24.6262338544518));
#1748=CARTESIAN_POINT('Ctrl Pts',(49.1863845701398,-11.3672861341396,22.7272620498068));
#1749=CARTESIAN_POINT('Ctrl Pts',(49.1490170106015,-11.4549135304875,22.8988767966289));
#1750=CARTESIAN_POINT('Ctrl Pts',(49.096048592173,-11.5437474047155,23.0628204315798));
#1751=CARTESIAN_POINT('Ctrl Pts',(48.9367521078259,-11.758930369593,23.441976560699));
#1752=CARTESIAN_POINT('Ctrl Pts',(48.799844517461,-11.9026129220704,23.6766151292258));
#1753=CARTESIAN_POINT('Ctrl Pts',(48.4540381172534,-12.1743272767726,24.0921000979908));
#1754=CARTESIAN_POINT('Ctrl Pts',(48.2449994602295,-12.3019288841485,24.2731112987022));
#1755=CARTESIAN_POINT('Ctrl Pts',(47.8779821669635,-12.4602086085333,24.4901972083085));
#1756=CARTESIAN_POINT('Ctrl Pts',(47.712237562108,-12.5168643239665,24.565540647469));
#1757=CARTESIAN_POINT('Ctrl Pts',(47.3603984827018,-12.5940011034984,24.6668290451166));
#1758=CARTESIAN_POINT('Ctrl Pts',(47.174054349989,-12.6138995510571,24.6923490395723));
#1759=CARTESIAN_POINT('Ctrl Pts',(46.9999983132496,-12.6138995510571,24.6923490395723));
#1760=CARTESIAN_POINT('Ctrl Pts',(46.8378774609446,-12.6138995510571,24.6923490395723));
#1761=CARTESIAN_POINT('Ctrl Pts',(46.6650129721226,-12.5967973112229,24.670397187535));
#1762=CARTESIAN_POINT('Ctrl Pts',(46.4999984326136,-12.563120052386,24.626268484099));
#1763=CARTESIAN_POINT('Origin',(46.4999984326135,-22.5000008078842,17.0428391245672));
#1764=CARTESIAN_POINT('Ctrl Pts',(62.4999984326128,-20.3293985870477,29.3529360372198));
#1765=CARTESIAN_POINT('Ctrl Pts',(64.1268946282218,-20.3293985870477,29.3529360372198));
#1766=CARTESIAN_POINT('Ctrl Pts',(67.3794848735416,-19.7758020413186,29.2553220297808));
#1767=CARTESIAN_POINT('Ctrl Pts',(72.1958324905086,-17.1176758656224,28.7866226668782));
#1768=CARTESIAN_POINT('Ctrl Pts',(76.0104343068407,-12.3362666243029,27.9435312118247));
#1769=CARTESIAN_POINT('Ctrl Pts',(76.999998432613,-7.99859351452633,27.1786824090775));
#1770=CARTESIAN_POINT('Ctrl Pts',(76.9999984326129,-5.82939858704764,26.7961948169471));
#1771=CARTESIAN_POINT('Ctrl Pts',(62.4999984326128,-18.6924330833115,29.0642948524221));
#1772=CARTESIAN_POINT('Ctrl Pts',(63.9374317756555,-18.6924330833115,29.0642948524221));
#1773=CARTESIAN_POINT('Ctrl Pts',(66.8114179462344,-18.1950302129989,28.9765195032929));
#1774=CARTESIAN_POINT('Ctrl Pts',(71.0476408274492,-15.8128062323472,28.5564557509316));
#1775=CARTESIAN_POINT('Ctrl Pts',(74.3560819927629,-11.5508828388991,27.8050413256993));
#1776=CARTESIAN_POINT('Ctrl Pts',(75.1610101753684,-7.72711799594139,27.1307141189704));
#1777=CARTESIAN_POINT('Ctrl Pts',(75.1300028054762,-5.82939858704765,26.7961948169471));
#1778=CARTESIAN_POINT('Ctrl Pts',(62.4999984326128,-15.5403042170241,27.823995626334));
#1779=CARTESIAN_POINT('Ctrl Pts',(63.5589867808739,-15.5403042170241,27.823995626334));
#1780=CARTESIAN_POINT('Ctrl Pts',(65.6770114524312,-15.1562744052334,27.7495607666519));
#1781=CARTESIAN_POINT('Ctrl Pts',(68.7549109978179,-13.3308624373212,27.3953144056496));
#1782=CARTESIAN_POINT('Ctrl Pts',(71.0533175825431,-10.1170070303303,26.7689911392308));
#1783=CARTESIAN_POINT('Ctrl Pts',(71.490770527255,-7.32878497088416,26.2205804970712));
#1784=CARTESIAN_POINT('Ctrl Pts',(71.3982433755567,-5.97802491284691,25.9532930375252));
#1785=CARTESIAN_POINT('Ctrl Pts',(62.4999984326129,-11.2836774907554,23.6828232408579));
#1786=CARTESIAN_POINT('Ctrl Pts',(62.9998605772548,-11.2836774907554,23.6828232408579));
#1787=CARTESIAN_POINT('Ctrl Pts',(63.9982722588303,-11.0803647033755,23.6090398307741));
#1788=CARTESIAN_POINT('Ctrl Pts',(65.3902529060006,-10.130844495292,23.2577506369203));
#1789=CARTESIAN_POINT('Ctrl Pts',(66.282851829262,-8.52845920794248,22.637993213586));
#1790=CARTESIAN_POINT('Ctrl Pts',(66.2753682737153,-7.26950683601885,22.0987218488256));
#1791=CARTESIAN_POINT('Ctrl Pts',(66.137783969139,-6.7038883546078,21.8367168967416));
#1792=CARTESIAN_POINT('Ctrl Pts',(62.4999984326129,-10.0000008078843,19.5361666274163));
#1793=CARTESIAN_POINT('Ctrl Pts',(62.7728542425247,-10.0000008078843,19.5361666274163));
#1794=CARTESIAN_POINT('Ctrl Pts',(63.3213848767584,-9.88861883612064,19.4473947358067));
#1795=CARTESIAN_POINT('Ctrl Pts',(64.0831906365347,-9.37157226066267,19.0230392052345));
#1796=CARTESIAN_POINT('Ctrl Pts',(64.5723416213679,-8.50237204154099,18.264647601774));
#1797=CARTESIAN_POINT('Ctrl Pts',(64.5738006358658,-7.81829075625104,17.5849972374465));
#1798=CARTESIAN_POINT('Ctrl Pts',(64.4999984326129,-7.51291880853816,17.2484771918493));
#1799=CARTESIAN_POINT('Ctrl Pts',(62.4999984326129,-10.0000008078843,17.0428391245672));
#1800=CARTESIAN_POINT('Ctrl Pts',(62.7243979078693,-10.0000008078843,17.0428391245672));
#1801=CARTESIAN_POINT('Ctrl Pts',(63.1730310451548,-9.92364266364581,16.9452251171282));
#1802=CARTESIAN_POINT('Ctrl Pts',(63.8373548543917,-9.55700457044633,16.4765257542256));
#1803=CARTESIAN_POINT('Ctrl Pts',(64.3635068290581,-8.89749984750571,15.6334342991721));
#1804=CARTESIAN_POINT('Ctrl Pts',(64.4999984326129,-8.29920010822619,14.8685854964249));
#1805=CARTESIAN_POINT('Ctrl Pts',(64.4999984326129,-8.00000080788431,14.4860979042945));
#1806=CARTESIAN_POINT('',(76.9999984326129,-5.82939858704764,26.7961948169471));
#1807=CARTESIAN_POINT('Origin',(62.499998432613,-5.82939858704768,26.7961948169471));
#1808=CARTESIAN_POINT('',(64.4999984326129,-8.00000080788431,14.4860979042945));
#1809=CARTESIAN_POINT('Origin',(76.9999984326129,-8.00000080788427,14.4860979042945));
#1810=CARTESIAN_POINT('Origin',(62.499998432613,-8.00000080788431,14.4860979042945));
#1811=CARTESIAN_POINT('Origin',(87.9999983169686,-20.3525474379881,29.357017804213));
#1812=CARTESIAN_POINT('',(87.9999983169686,-0.163988501237871,25.797230162041));
#1813=CARTESIAN_POINT('',(87.9999983169686,-20.3525474379881,29.357017804213));
#1814=CARTESIAN_POINT('',(76.999998432613,-0.163988501237871,25.797230162041));
#1815=CARTESIAN_POINT('',(87.9999983169686,-0.163988501237871,25.797230162041));
#1816=CARTESIAN_POINT('',(76.9999984326129,-12.108853799648,27.903432195079));
#1817=CARTESIAN_POINT('Origin',(87.9999983169686,-17.5741765953172,45.1139418524084));
#1818=CARTESIAN_POINT('',(87.9999983169686,-9.69571457121958,43.7247564310729));
#1819=CARTESIAN_POINT('',(87.9999983169686,-17.5741765953172,45.1139418524084));
#1820=CARTESIAN_POINT('',(87.9999983169686,0.443780120596387,29.2440572975837));
#1821=CARTESIAN_POINT('Origin',(87.9999983169686,-11.8663167920562,31.4146595184203));
#1822=CARTESIAN_POINT('',(87.9999983169686,2.61438234143302,41.5541542102363));
#1823=CARTESIAN_POINT('Origin',(43.9999983169686,-17.5741765953172,45.1139418524084));
#1824=CARTESIAN_POINT('',(43.9999983169686,-9.69571457121958,43.724756431073));
#1825=CARTESIAN_POINT('',(43.9999983169686,-17.5741765953172,45.1139418524084));
#1826=CARTESIAN_POINT('',(54.9999983169686,-9.69571457121958,43.724756431073));
#1827=CARTESIAN_POINT('Origin',(89.9999983169686,-16.2718152628153,52.5));
#1828=CARTESIAN_POINT('',(89.4999988814083,-24.8965278880933,3.58682408883346));
#1829=CARTESIAN_POINT('',(42.4999979528229,-24.8965278880933,3.58682408883346));
#1830=CARTESIAN_POINT('',(77.9999983699123,-24.8965278880933,3.58682408883346));
#1831=CARTESIAN_POINT('',(89.4999986839366,-16.3586393516487,52.0075961234939));
#1832=CARTESIAN_POINT('',(89.499998782865,-20.6359080356985,27.7499999980224));
#1833=CARTESIAN_POINT('',(42.4999979857933,-16.3586393516487,52.0075961234939));
#1834=CARTESIAN_POINT('',(89.9999983169686,-16.3586393516487,52.0075961234939));
#1835=CARTESIAN_POINT('',(42.4999979713137,-20.10821846449,30.7426762696186));
#1836=CARTESIAN_POINT('',(82.7499981309872,-21.3076124392099,23.9405750262309));
#1837=CARTESIAN_POINT('Origin',(84.9999981309872,-21.3076124392099,23.9405750262309));
#1838=CARTESIAN_POINT('',(44.7499983132496,-21.3076123911026,23.940575299061));
#1839=CARTESIAN_POINT('Origin',(46.9999983132496,-21.3076123911026,23.940575299061));
#1840=CARTESIAN_POINT('',(82.7499983132496,-16.9664079975366,48.5607688515361));
#1841=CARTESIAN_POINT('Origin',(84.9999983132496,-16.9664079975366,48.5607688515361));
#1842=CARTESIAN_POINT('',(44.7499983132496,-16.9664079494293,48.5607691243662));
#1843=CARTESIAN_POINT('Origin',(46.9999983132496,-16.9664079494293,48.5607691243662));
#1844=CARTESIAN_POINT('Origin',(89.4999980972444,9.50000029073682,3.5));
#1845=CARTESIAN_POINT('',(89.9999980972444,9.50000030230125,3.5));
#1846=CARTESIAN_POINT('',(89.49999808568,10.0000002907368,3.5));
#1847=CARTESIAN_POINT('Origin',(89.4999980972444,9.50000029073681,3.5));
#1848=CARTESIAN_POINT('',(89.4999980972444,9.50000029073681,3.));
#1849=CARTESIAN_POINT('Origin',(89.4999980972444,9.50000029073682,3.5));
#1850=CARTESIAN_POINT('Origin',(89.4999980972444,9.50000029073681,3.5));
#1851=CARTESIAN_POINT('Origin',(89.4999986839366,-15.8662354751426,51.9207720346604));
#1852=CARTESIAN_POINT('',(89.4999986839366,-15.7794113863092,52.4131759111665));
#1853=CARTESIAN_POINT('Origin',(89.4999986839366,-15.8662354751426,51.9207720346604));
#1854=CARTESIAN_POINT('',(89.9999986839367,-15.8662354635782,51.9207720346604));
#1855=CARTESIAN_POINT('Origin',(89.4999986839366,-15.8662354751426,51.9207720346604));
#1856=CARTESIAN_POINT('Origin',(89.4999986839366,-15.8662354751426,51.9207720346604));
#1857=CARTESIAN_POINT('Origin',(42.4999980837491,9.49999920368014,3.5));
#1858=CARTESIAN_POINT('',(42.4999980721847,9.99999920368014,3.5));
#1859=CARTESIAN_POINT('',(41.9999980837492,9.49999920561097,3.5));
#1860=CARTESIAN_POINT('Origin',(42.4999980837491,9.49999920368014,3.5));
#1861=CARTESIAN_POINT('',(42.4999980837491,9.49999920368014,3.));
#1862=CARTESIAN_POINT('Origin',(42.4999980837491,9.49999920368014,3.5));
#1863=CARTESIAN_POINT('Origin',(42.4999980837491,9.49999920368014,3.5));
#1864=CARTESIAN_POINT('Origin',(77.9999980634549,9.50000002475486,3.5));
#1865=CARTESIAN_POINT('',(77.9999980634549,9.50000002475486,3.));
#1866=CARTESIAN_POINT('',(77.9999980518904,10.0000000247549,3.5));
#1867=CARTESIAN_POINT('Origin',(89.4999988814083,-24.4041240115872,3.5));
#1868=CARTESIAN_POINT('',(89.9999988814083,-24.4041240000227,3.5));
#1869=CARTESIAN_POINT('Origin',(89.4999988814083,-24.4041240115872,3.5));
#1870=CARTESIAN_POINT('',(89.4999988814083,-24.4041240115872,3.));
#1871=CARTESIAN_POINT('Origin',(89.4999988814083,-24.4041240115872,3.5));
#1872=CARTESIAN_POINT('Origin',(89.4999988814083,-24.4041240115872,3.5));
#1873=CARTESIAN_POINT('Origin',(42.4999979857933,-15.8662354751426,51.9207720346604));
#1874=CARTESIAN_POINT('',(41.9999979857933,-15.8662354732118,51.9207720346604));
#1875=CARTESIAN_POINT('Origin',(42.4999979857933,-15.8662354751426,51.9207720346604));
#1876=CARTESIAN_POINT('',(42.4999979857933,-15.7794113863092,52.4131759111665));
#1877=CARTESIAN_POINT('Origin',(42.4999979857933,-15.8662354751426,51.9207720346604));
#1878=CARTESIAN_POINT('Origin',(42.4999979857933,-15.8662354751426,51.9207720346604));
#1879=CARTESIAN_POINT('Origin',(89.9999983169686,-15.8662354751426,51.9207720346604));
#1880=CARTESIAN_POINT('',(89.9999983169686,-15.7794113863092,52.4131759111665));
#1881=CARTESIAN_POINT('Origin',(42.4999980842487,9.62935500466159,47.4252115439771));
#1882=CARTESIAN_POINT('',(42.4999980535229,1.75955241002671,49.3205833802036));
#1883=CARTESIAN_POINT('',(41.9999980535229,1.67272832312408,48.8281795036975));
#1884=CARTESIAN_POINT('Origin',(42.4999980535229,1.67272832119325,48.8281795036975));
#1885=CARTESIAN_POINT('',(41.9999980842487,9.62935500659242,47.4252115439771));
#1886=CARTESIAN_POINT('',(42.4999980842487,9.71617909349506,47.9176154204832));
#1887=CARTESIAN_POINT('Origin',(42.4999980471712,0.0279185937996891,39.5));
#1888=CARTESIAN_POINT('',(42.49999808568,9.99999920368014,39.5));
#1889=CARTESIAN_POINT('',(41.9999980837492,9.50000030423208,39.5));
#1890=CARTESIAN_POINT('Origin',(42.4999980837492,9.50000030230125,39.5));
#1891=CARTESIAN_POINT('Origin',(41.9999980471712,0.0279185957305202,39.5));
#1892=CARTESIAN_POINT('Origin',(42.4999980471712,0.0279185937996891,39.5));
#1893=CARTESIAN_POINT('Origin',(42.4999980837491,9.49999920368014,3.));
#1894=CARTESIAN_POINT('',(42.4999980721847,9.99999920368014,3.));
#1895=CARTESIAN_POINT('',(41.9999980837492,9.49999920561097,3.));
#1896=CARTESIAN_POINT('Origin',(42.4999979528229,-24.4041240115872,3.5));
#1897=CARTESIAN_POINT('',(41.9999979528229,-24.4041240096563,3.5));
#1898=CARTESIAN_POINT('Origin',(42.4999979528229,-24.4041240115872,3.5));
#1899=CARTESIAN_POINT('',(42.4999979528229,-24.4041240115872,3.));
#1900=CARTESIAN_POINT('Origin',(42.4999979528229,-24.4041240115872,3.5));
#1901=CARTESIAN_POINT('Origin',(42.4999979528229,-24.4041240115872,3.5));
#1902=CARTESIAN_POINT('Origin',(42.4999980518904,1.24999951407121,3.5));
#1903=CARTESIAN_POINT('',(42.4999980518904,1.24999951407121,3.));
#1904=CARTESIAN_POINT('',(41.9999980518904,1.24999951600204,3.5));
#1905=CARTESIAN_POINT('Origin',(77.9999983699123,-24.4041240115872,3.5));
#1906=CARTESIAN_POINT('',(77.9999983699123,-24.4041240115872,3.));
#1907=CARTESIAN_POINT('Origin',(42.4999979713137,-19.6158145879839,30.6558521807851));
#1908=CARTESIAN_POINT('',(41.9999979713137,-19.6158145860531,30.6558521807851));
#1909=CARTESIAN_POINT('Origin',(89.4999986928127,-16.2500002643559,3.5));
#1910=CARTESIAN_POINT('',(89.9999986928127,-16.2500002527915,3.5));
#1911=CARTESIAN_POINT('',(89.4999986928127,-16.2500002643559,3.));
#1912=CARTESIAN_POINT('Origin',(89.499998782865,-20.1435041591924,27.6631759091889));
#1913=CARTESIAN_POINT('',(89.999998782865,-20.1435041476279,27.6631759091889));
#1914=CARTESIAN_POINT('Origin',(89.4999980972444,9.50000029073681,3.));
#1915=CARTESIAN_POINT('',(89.49999808568,10.0000002907368,39.5));
#1916=CARTESIAN_POINT('',(89.9999980972444,9.50000030230125,39.5));
#1917=CARTESIAN_POINT('Origin',(89.4999980972444,9.50000029073681,39.5));
#1918=CARTESIAN_POINT('',(89.9999980972444,9.50000030230125,3.));
#1919=CARTESIAN_POINT('',(89.49999808568,10.0000002907368,3.));
#1920=CARTESIAN_POINT('Ctrl Pts',(89.4999980972444,10.0000003023012,39.5));
#1921=CARTESIAN_POINT('Ctrl Pts',(89.4999980972444,10.0000003023012,41.4890932467572));
#1922=CARTESIAN_POINT('Ctrl Pts',(89.4999981197621,8.97502932264799,44.7965873932159));
#1923=CARTESIAN_POINT('Ctrl Pts',(89.49999819433,5.5808300882392,48.1010356826766));
#1924=CARTESIAN_POINT('Ctrl Pts',(89.4999982495904,3.06546871060718,49.0903151018642));
#1925=CARTESIAN_POINT('Ctrl Pts',(89.4999982782803,1.75955241002671,49.3205833802036));
#1926=CARTESIAN_POINT('Ctrl Pts',(89.6308977892166,10.0000003023012,39.5));
#1927=CARTESIAN_POINT('Ctrl Pts',(89.6308977892166,10.0000003023012,41.4893030285289));
#1928=CARTESIAN_POINT('Ctrl Pts',(89.6308978119263,8.97537219739591,44.7965106658141));
#1929=CARTESIAN_POINT('Ctrl Pts',(89.6308978871554,5.58087696563996,48.1012641497349));
#1930=CARTESIAN_POINT('Ctrl Pts',(89.6308979429004,3.06560644361824,49.0902908154066));
#1931=CARTESIAN_POINT('Ctrl Pts',(89.6308979718452,1.75955241296298,49.3205833796858));
#1932=CARTESIAN_POINT('Ctrl Pts',(89.891501477885,9.89150369199693,39.5));
#1933=CARTESIAN_POINT('Ctrl Pts',(89.891501477885,9.89150369199693,41.4673760301937));
#1934=CARTESIAN_POINT('Ctrl Pts',(89.891501500996,8.87756053241491,44.7389880518056));
#1935=CARTESIAN_POINT('Ctrl Pts',(89.8915015774932,5.52039727654259,48.0073735363109));
#1936=CARTESIAN_POINT('Ctrl Pts',(89.891501634191,3.03237029189764,48.9859808971221));
#1937=CARTESIAN_POINT('Ctrl Pts',(89.8915016636226,1.74071217966341,49.2137350729131));
#1938=CARTESIAN_POINT('Ctrl Pts',(89.9999980942168,9.63090000583785,39.5));
#1939=CARTESIAN_POINT('Ctrl Pts',(89.9999980942168,9.63090000583785,41.415518355435));
#1940=CARTESIAN_POINT('Ctrl Pts',(89.9999981170235,8.64394534111056,44.6005252581591));
#1941=CARTESIAN_POINT('Ctrl Pts',(89.999998192641,5.37530891373888,47.7827348364843));
#1942=CARTESIAN_POINT('Ctrl Pts',(89.9999982486592,2.95307037781511,48.735339688693));
#1943=CARTESIAN_POINT('Ctrl Pts',(89.9999982777546,1.69545882600238,48.9570905367871));
#1944=CARTESIAN_POINT('Ctrl Pts',(89.9999980972444,9.50000031386568,39.5));
#1945=CARTESIAN_POINT('Ctrl Pts',(89.9999980972444,9.50000031386568,41.3893601466432));
#1946=CARTESIAN_POINT('Ctrl Pts',(89.9999981197622,8.52642136095341,44.53101659526));
#1947=CARTESIAN_POINT('Ctrl Pts',(89.9999981943299,5.30240721595856,47.6697799060947));
#1948=CARTESIAN_POINT('Ctrl Pts',(89.9999982495904,2.9131660131887,48.60945687275));
#1949=CARTESIAN_POINT('Ctrl Pts',(89.9999982782803,1.67272833275768,48.8281795036975));
#1950=CARTESIAN_POINT('',(89.4999982762722,1.75955241002671,49.3205833802036));
#1951=CARTESIAN_POINT('',(89.9999982782803,1.67272833275768,48.8281795036975));
#1952=CARTESIAN_POINT('Origin',(89.4999982782803,1.67272832119325,48.8281795036975));
#1953=CARTESIAN_POINT('Origin',(89.9999983163229,0.0279186053641217,39.5));
#1954=CARTESIAN_POINT('Origin',(89.4999983163229,0.0279185937996891,39.5));
#1955=CARTESIAN_POINT('Origin',(89.4999984868029,-7.34295552644347,50.4178878155733));
#1956=CARTESIAN_POINT('',(89.9999984868029,-7.34295551487904,50.4178878155733));
#1957=CARTESIAN_POINT('',(89.4999984868029,-7.25613143761001,50.9102916920794));
#1958=CARTESIAN_POINT('Origin',(89.9999983169686,0.0279185937996891,39.5));
#1959=CARTESIAN_POINT('',(89.9999983169686,1.75955241002671,49.3205833802036));
#1960=CARTESIAN_POINT('',(89.9999980863257,10.0000003023012,39.5));
#1961=CARTESIAN_POINT('Origin',(89.9999983169686,1.75955241002671,49.3205833802036));
#1962=CARTESIAN_POINT('Origin',(65.999998422856,-7.50000025279152,3.));
#1963=CARTESIAN_POINT('',(45.2499984326129,-15.0000008078843,3.));
#1964=CARTESIAN_POINT('Origin',(47.4999984326129,-15.0000008078843,3.));
#1965=CARTESIAN_POINT('',(45.249998432613,4.9999991921157,3.));
#1966=CARTESIAN_POINT('Origin',(47.499998432613,4.9999991921157,3.));
#1967=CARTESIAN_POINT('',(62.2499984326129,-15.0000008078844,3.));
#1968=CARTESIAN_POINT('Origin',(64.4999984326129,-15.0000008078844,3.));
#1969=CARTESIAN_POINT('',(62.249998432613,4.9999991921157,3.));
#1970=CARTESIAN_POINT('Origin',(64.499998432613,4.9999991921157,3.));
#1971=CARTESIAN_POINT('',(46.4999984326136,-10.0000008078842,3.));
#1972=CARTESIAN_POINT('',(62.4999984326129,-10.0000008078843,3.));
#1973=CARTESIAN_POINT('',(56.2499984277348,-10.0000008078843,3.));
#1974=CARTESIAN_POINT('',(64.4999984326129,-8.00000080788431,3.));
#1975=CARTESIAN_POINT('Origin',(62.499998432613,-8.00000080788431,3.));
#1976=CARTESIAN_POINT('',(64.499998432613,-2.0000008078843,3.));
#1977=CARTESIAN_POINT('',(64.4999984326129,-7.75000053033791,3.));
#1978=CARTESIAN_POINT('',(62.499998432613,-8.07884296682992E-7,3.));
#1979=CARTESIAN_POINT('Origin',(62.499998432613,-2.00000080788429,3.));
#1980=CARTESIAN_POINT('',(46.4999984326156,-8.07884241449397E-7,3.));
#1981=CARTESIAN_POINT('',(64.2499984277345,-8.07884303344331E-7,3.));
#1982=CARTESIAN_POINT('',(44.4999984326156,-2.00000080788359,3.));
#1983=CARTESIAN_POINT('Origin',(46.4999984326156,-2.00000080788426,3.));
#1984=CARTESIAN_POINT('',(44.4999984326136,-8.00000080788358,3.));
#1985=CARTESIAN_POINT('',(44.4999984326147,-4.75000053033401,3.));
#1986=CARTESIAN_POINT('Origin',(46.4999984326136,-8.00000080788424,3.));
#1987=CARTESIAN_POINT('Origin',(41.99999808568,9.99999919211571,3.));
#1988=CARTESIAN_POINT('Origin',(89.9999988951903,-25.0000008078843,3.));
#1989=CARTESIAN_POINT('Origin',(54.9999983169686,-11.8663167920562,31.4146595184204));
#1990=CARTESIAN_POINT('',(43.9999983169686,0.443780120596395,29.2440572975837));
#1991=CARTESIAN_POINT('Origin',(43.9999983169686,-11.8663167920562,31.4146595184204));
#1992=CARTESIAN_POINT('',(54.9999983169686,0.443780120596398,29.2440572975837));
#1993=CARTESIAN_POINT('Origin',(43.9999983169686,-20.3525474379881,29.357017804213));
#1994=CARTESIAN_POINT('',(43.9999983169686,-7.39223211719805,17.9329254303104));
#1995=CARTESIAN_POINT('Ctrl Pts',(43.9999983169686,-19.8504602990152,29.2656950665016));
#1996=CARTESIAN_POINT('Ctrl Pts',(43.9999983169686,-18.2777478316661,28.9547924516156));
#1997=CARTESIAN_POINT('Ctrl Pts',(43.9999983169686,-16.78083959922,28.3553091843458));
#1998=CARTESIAN_POINT('Ctrl Pts',(43.9999983169686,-14.0912068600476,26.6764811325549));
#1999=CARTESIAN_POINT('Ctrl Pts',(43.9999983169686,-12.7339416096042,25.5286168569624));
#2000=CARTESIAN_POINT('Ctrl Pts',(43.9999983169686,-10.3916891105407,22.4306339061546));
#2001=CARTESIAN_POINT('Ctrl Pts',(43.9999983169686,-9.69318168049559,21.0789498958192));
#2002=CARTESIAN_POINT('Ctrl Pts',(43.9999983169686,-8.86455280060724,19.5465337206296));
#2003=CARTESIAN_POINT('Ctrl Pts',(43.9999983169687,-8.63770574254477,19.1383630736514));
#2004=CARTESIAN_POINT('Ctrl Pts',(43.9999983169687,-8.28970860135058,18.6197325692091));
#2005=CARTESIAN_POINT('Ctrl Pts',(43.9999983169686,-8.16090027658898,18.4506951831416));
#2006=CARTESIAN_POINT('Ctrl Pts',(43.9999983169686,-7.92831771961645,18.2103818864633));
#2007=CARTESIAN_POINT('Ctrl Pts',(43.9999983169686,-7.81710322183091,18.1149616817215));
#2008=CARTESIAN_POINT('Ctrl Pts',(43.9999983169686,-7.5987003670457,17.9901131866504));
#2009=CARTESIAN_POINT('Ctrl Pts',(43.9999983169686,-7.49890851282122,17.9517353570634));
#2010=CARTESIAN_POINT('Ctrl Pts',(43.9999983169686,-7.39223211719805,17.9329254303104));
#2011=CARTESIAN_POINT('',(43.9999983169716,-1.72682203138991,16.9339607754007));
#2012=CARTESIAN_POINT('',(43.9999983169686,-10.7621483986137,18.5271325934489));
#2013=CARTESIAN_POINT('',(43.9999983169686,-0.163988501237871,25.797230162041));
#2014=CARTESIAN_POINT('Ctrl Pts',(32.2943133301807,-5.83000033540358,26.7927821324082));
#2015=CARTESIAN_POINT('Ctrl Pts',(32.2878188965917,-8.66784297893482,27.2933256721343));
#2016=CARTESIAN_POINT('Ctrl Pts',(33.7403779472385,-13.393776887788,28.1268841799667));
#2017=CARTESIAN_POINT('Ctrl Pts',(38.585181985934,-18.1187566293842,28.9602635834299));
#2018=CARTESIAN_POINT('Ctrl Pts',(42.1798415876554,-19.5312101364527,29.2093869130431));
#2019=CARTESIAN_POINT('Ctrl Pts',(44.0458661633868,-19.8585849026952,29.2671280539309));
#2020=CARTESIAN_POINT('Ctrl Pts',(35.0564919384303,-5.84129685434524,26.7287163899146));
#2021=CARTESIAN_POINT('Ctrl Pts',(34.9886787772149,-8.14331280800778,27.1366346522828));
#2022=CARTESIAN_POINT('Ctrl Pts',(36.0698367118169,-12.0437125584124,27.8306537889423));
#2023=CARTESIAN_POINT('Ctrl Pts',(39.9835135691321,-16.0102598778829,28.5335403117347));
#2024=CARTESIAN_POINT('Ctrl Pts',(42.9388876762536,-17.2052785946762,28.7466554978906));
#2025=CARTESIAN_POINT('Ctrl Pts',(44.4763575554584,-17.4822476001081,28.7957234379686));
#2026=CARTESIAN_POINT('Ctrl Pts',(39.6075847411765,-6.13548704925767,25.0602808860066));
#2027=CARTESIAN_POINT('Ctrl Pts',(39.4428386042008,-7.54338399332624,25.3902180574263));
#2028=CARTESIAN_POINT('Ctrl Pts',(39.9136387870184,-10.0593136098398,25.9637144725729));
#2029=CARTESIAN_POINT('Ctrl Pts',(42.2948252121288,-12.7516752108596,26.5623322515097));
#2030=CARTESIAN_POINT('Ctrl Pts',(44.1924904197585,-13.5799823709471,26.7443654749041));
#2031=CARTESIAN_POINT('Ctrl Pts',(45.1877670355426,-13.772122567146,26.7866226176017));
#2032=CARTESIAN_POINT('Ctrl Pts',(43.6698725476478,-7.04191609804659,19.9196663008443));
#2033=CARTESIAN_POINT('Ctrl Pts',(43.5155125376992,-7.6276450011783,20.3103507909954));
#2034=CARTESIAN_POINT('Ctrl Pts',(43.5820136354423,-8.76743525004158,20.9789875396411));
#2035=CARTESIAN_POINT('Ctrl Pts',(44.5741230682943,-10.0790393284401,21.6631817807639));
#2036=CARTESIAN_POINT('Ctrl Pts',(45.437291234912,-10.4944672157249,21.8705163651075));
#2037=CARTESIAN_POINT('Ctrl Pts',(45.8948473827313,-10.5908625551866,21.9184467653202));
#2038=CARTESIAN_POINT('Ctrl Pts',(44.4999984326137,-7.68014728154868,16.3000773931374));
#2039=CARTESIAN_POINT('Ctrl Pts',(44.4359619155611,-8.08611895439378,16.7703552995382));
#2040=CARTESIAN_POINT('Ctrl Pts',(44.5480639572048,-8.83097162177694,17.5586818568538));
#2041=CARTESIAN_POINT('Ctrl Pts',(45.2403238214223,-9.64801650247279,18.3513626851108));
#2042=CARTESIAN_POINT('Ctrl Pts',(45.8077305766785,-9.90248377561278,18.5891176500605));
#2043=CARTESIAN_POINT('Ctrl Pts',(46.1060703180452,-9.96145571764403,18.6441895721498));
#2044=CARTESIAN_POINT('Ctrl Pts',(44.4999984326136,-8.00000080788358,14.4860979042936));
#2045=CARTESIAN_POINT('Ctrl Pts',(44.4999984326135,-8.39929128853527,14.996539119666));
#2046=CARTESIAN_POINT('Ctrl Pts',(44.7058240482696,-9.06327661728033,15.8453584494954));
#2047=CARTESIAN_POINT('Ctrl Pts',(45.3877440806443,-9.72613540405864,16.6927376411834));
#2048=CARTESIAN_POINT('Ctrl Pts',(45.8929635306183,-9.92415456709005,16.9458795194466));
#2049=CARTESIAN_POINT('Ctrl Pts',(46.1551708304557,-9.97005002675925,17.0045509262264));
#2050=CARTESIAN_POINT('',(45.5650276713584,-12.0947601383063,24.0758557789068));
#2051=CARTESIAN_POINT('Origin',(43.9999983169686,-22.282857644728,17.0045509262264));
#2052=CARTESIAN_POINT('',(44.9309272346352,-11.3060309649241,23.0746573773368));
#2053=CARTESIAN_POINT('Ctrl Pts',(45.5650276713584,-12.0947601383063,24.0758557789068));
#2054=CARTESIAN_POINT('Ctrl Pts',(45.2885807695675,-11.8625484833023,23.8024766066962));
#2055=CARTESIAN_POINT('Ctrl Pts',(45.0714837951638,-11.5791654311248,23.4568794476862));
#2056=CARTESIAN_POINT('Ctrl Pts',(44.9309272346352,-11.3060309649241,23.0746573773368));
#2057=CARTESIAN_POINT('',(45.7339832802221,-11.3518805488179,22.8146314657628));
#2058=CARTESIAN_POINT('Ctrl Pts',(44.9309272346352,-11.3060309649241,23.0746573773368));
#2059=CARTESIAN_POINT('Ctrl Pts',(45.2016305661109,-11.3257389507324,22.9628878357211));
#2060=CARTESIAN_POINT('Ctrl Pts',(45.4675332563607,-11.3413517501311,22.8743432503379));
#2061=CARTESIAN_POINT('Ctrl Pts',(45.7339832802221,-11.3518805488179,22.8146314657628));
#2062=CARTESIAN_POINT('',(46.1551708304557,-9.97005002675925,17.0045509262264));
#2063=CARTESIAN_POINT('Origin',(43.9999983169686,-22.282857644728,17.0045509262264));
#2064=CARTESIAN_POINT('',(44.4999984326136,-8.00000080788358,14.4860979042936));
#2065=CARTESIAN_POINT('Origin',(46.4999984326136,-8.00000080788424,14.4860979042945));
#2066=CARTESIAN_POINT('Origin',(31.9999984326136,-8.00000080787943,14.4860979042936));
#2067=CARTESIAN_POINT('Ctrl Pts',(45.7339832802221,-11.3518805488179,22.8146314657628));
#2068=CARTESIAN_POINT('Ctrl Pts',(45.9857580846226,-11.4027263984643,22.835151162889));
#2069=CARTESIAN_POINT('Ctrl Pts',(46.2428733590045,-11.4284554867598,22.8455009449982));
#2070=CARTESIAN_POINT('Ctrl Pts',(46.4999984326136,-11.4284554867598,22.8455009449982));
#2071=CARTESIAN_POINT('Ctrl Pts',(45.9489593278676,-10.4381304925236,21.0313608036244));
#2072=CARTESIAN_POINT('Ctrl Pts',(46.1298036276186,-10.4756855420117,21.0530027950315));
#2073=CARTESIAN_POINT('Ctrl Pts',(46.3150569036019,-10.4947186054157,21.0639202636276));
#2074=CARTESIAN_POINT('Ctrl Pts',(46.4999984326136,-10.4947186054157,21.0639202636276));
#2075=CARTESIAN_POINT('Ctrl Pts',(46.0948503350925,-9.95949182771642,19.0188642293535));
#2076=CARTESIAN_POINT('Ctrl Pts',(46.2278818984869,-9.98637860357584,19.0424098339498));
#2077=CARTESIAN_POINT('Ctrl Pts',(46.3641028195069,-10.0000008078842,19.0542799732663));
#2078=CARTESIAN_POINT('Ctrl Pts',(46.4999984326136,-10.0000008078842,19.0542799732663));
#2079=CARTESIAN_POINT('Ctrl Pts',(46.1551708304557,-9.97005002675925,17.0045509262264));
#2080=CARTESIAN_POINT('Ctrl Pts',(46.2689606398964,-9.98996722819946,17.0300124911837));
#2081=CARTESIAN_POINT('Ctrl Pts',(46.3844786696041,-10.0000008078842,17.0428391245672));
#2082=CARTESIAN_POINT('Ctrl Pts',(46.4999984326136,-10.0000008078842,17.0428391245672));
#2083=CARTESIAN_POINT('Ctrl Pts',(45.7339832802221,-11.3518805488179,22.8146314657628));
#2084=CARTESIAN_POINT('Ctrl Pts',(45.822454050985,-11.3553764799555,22.7948050550595));
#2085=CARTESIAN_POINT('Ctrl Pts',(45.9113700880085,-11.3583187827344,22.7780710526287));
#2086=CARTESIAN_POINT('Ctrl Pts',(46.0009132736893,-11.3606683763409,22.7647256654376));
#2087=CARTESIAN_POINT('Ctrl Pts',(46.040562748126,-11.3617087698776,22.7588163649781));
#2088=CARTESIAN_POINT('Ctrl Pts',(46.0803358448294,-11.3626329099849,22.7535714470005));
#2089=CARTESIAN_POINT('Ctrl Pts',(46.1202516433985,-11.3634370077256,22.7490165139854));
#2090=CARTESIAN_POINT('Ctrl Pts',(46.2257498851461,-11.3655622538909,22.7369777363185));
#2091=CARTESIAN_POINT('Ctrl Pts',(46.3312646311209,-11.3668304284063,22.7298689279919));
#2092=CARTESIAN_POINT('Ctrl Pts',(46.4372604002742,-11.3671916398583,22.7278545308323));
#2093=CARTESIAN_POINT('Ctrl Pts',(46.458153008102,-11.3672628375039,22.7274574771555));
#2094=CARTESIAN_POINT('Ctrl Pts',(46.4790644323572,-11.3672987017822,22.7272583328415));
#2095=CARTESIAN_POINT('Ctrl Pts',(46.4999984326136,-11.3672987017822,22.7272583328415));
#2096=CARTESIAN_POINT('Origin',(46.4999984326136,-8.00000080788424,14.4860979042945));
#2097=CARTESIAN_POINT('Ctrl Pts',(44.0473945772014,-19.8501485005542,29.265451374985));
#2098=CARTESIAN_POINT('Ctrl Pts',(44.8566853679447,-19.9921413026998,29.2904960144507));
#2099=CARTESIAN_POINT('Ctrl Pts',(45.6783356060082,-20.0636772786119,29.3031134959145));
#2100=CARTESIAN_POINT('Ctrl Pts',(46.4999984326135,-20.0636772786119,29.3031134959145));
#2101=CARTESIAN_POINT('Ctrl Pts',(44.2897118620666,-18.5127112468884,28.9991511319083));
#2102=CARTESIAN_POINT('Ctrl Pts',(45.018822657665,-18.6423927185228,29.0220993365748));
#2103=CARTESIAN_POINT('Ctrl Pts',(45.7593856687442,-18.707750554482,29.0336679613441));
#2104=CARTESIAN_POINT('Ctrl Pts',(46.4999984326135,-18.707750554482,29.0336679613441));
#2105=CARTESIAN_POINT('Ctrl Pts',(44.8531461367254,-15.496934087745,27.8467289449827));
#2106=CARTESIAN_POINT('Ctrl Pts',(45.3958077365064,-15.5977217103409,27.8661555537816));
#2107=CARTESIAN_POINT('Ctrl Pts',(45.9478649744749,-15.6485837463976,27.8759519726834));
#2108=CARTESIAN_POINT('Ctrl Pts',(46.4999984326136,-15.6485837463976,27.8759519726834));
#2109=CARTESIAN_POINT('Ctrl Pts',(45.3392507401997,-13.1163214596813,25.5976560830878));
#2110=CARTESIAN_POINT('Ctrl Pts',(45.7211321775807,-13.1905741060785,25.6168299060528));
#2111=CARTESIAN_POINT('Ctrl Pts',(46.1106865792502,-13.2281078152064,25.6265201131766));
#2112=CARTESIAN_POINT('Ctrl Pts',(46.4999984326136,-13.2281078152064,25.6265201131766));
#2113=CARTESIAN_POINT('Ctrl Pts',(45.5650276713584,-12.0947601383063,24.0758557789068));
#2114=CARTESIAN_POINT('Ctrl Pts',(45.8725072083741,-12.1557644342841,24.0956969846464));
#2115=CARTESIAN_POINT('Ctrl Pts',(46.1862473700521,-12.1866160986935,24.1057065196292));
#2116=CARTESIAN_POINT('Ctrl Pts',(46.4999984326136,-12.1866160986935,24.1057065196292));
#2117=CARTESIAN_POINT('Ctrl Pts',(46.4999984326136,-12.5632866919967,24.6261051567231));
#2118=CARTESIAN_POINT('Ctrl Pts',(46.4423687617007,-12.5515159376842,24.6107015991151));
#2119=CARTESIAN_POINT('Ctrl Pts',(46.3861412875195,-12.5371172932956,24.5927441480215));
#2120=CARTESIAN_POINT('Ctrl Pts',(46.3314367651466,-12.520475252196,24.5725422474445));
#2121=CARTESIAN_POINT('Ctrl Pts',(46.2737105895239,-12.5029139730627,24.5512244768099));
#2122=CARTESIAN_POINT('Ctrl Pts',(46.2176804146112,-12.4828551878791,24.5274072399609));
#2123=CARTESIAN_POINT('Ctrl Pts',(46.163426797971,-12.4607443410378,24.5014512718511));
#2124=CARTESIAN_POINT('Ctrl Pts',(46.1091731813308,-12.4386334941964,24.4754953037412));
#2125=CARTESIAN_POINT('Ctrl Pts',(46.0566956968906,-12.4144710399413,24.4474003856612));
#2126=CARTESIAN_POINT('Ctrl Pts',(46.0060180881672,-12.3886884715899,24.4175278803959));
#2127=CARTESIAN_POINT('Ctrl Pts',(45.9534191618607,-12.3619284202207,24.3865228321583));
#2128=CARTESIAN_POINT('Ctrl Pts',(45.9026353652841,-12.3333637249177,24.3535355970731));
#2129=CARTESIAN_POINT('Ctrl Pts',(45.8537373748448,-12.3033942160084,24.3188816622279));
#2130=CARTESIAN_POINT('Ctrl Pts',(45.8043789155429,-12.273142486387,24.2839013937682));
#2131=CARTESIAN_POINT('Ctrl Pts',(45.7569417142849,-12.2414597793837,24.2472227534712));
#2132=CARTESIAN_POINT('Ctrl Pts',(45.7114474852064,-12.2087436602877,24.209177525347));
#2133=CARTESIAN_POINT('Ctrl Pts',(45.6653116982237,-12.1755661797131,24.1705957848494));
#2134=CARTESIAN_POINT('Ctrl Pts',(45.6211738101158,-12.1413263239056,24.1306085274637));
#2135=CARTESIAN_POINT('Ctrl Pts',(45.5790079714366,-12.106418545533,24.0895711477601));
#2136=CARTESIAN_POINT('Ctrl Pts',(45.5743236019046,-12.1025405025825,24.085012143192));
#2137=CARTESIAN_POINT('Ctrl Pts',(45.5696635250112,-12.098654192615,24.0804401885198));
#2138=CARTESIAN_POINT('Ctrl Pts',(45.5650276713584,-12.0947601383063,24.0758557789068));
#2139=CARTESIAN_POINT('Origin',(76.9999984326129,-14.2794560204847,15.5933352824264));
#2140=CARTESIAN_POINT('',(64.499998432613,-2.33459072207446,13.4871332493884));
#2141=CARTESIAN_POINT('Origin',(76.999998432613,-2.3345907220745,13.4871332493884));
#2142=CARTESIAN_POINT('',(64.4999984326129,-14.2794560204846,15.5933352824264));
#2143=CARTESIAN_POINT('Origin',(31.9999984326125,-11.3699170892945,15.0803050674359));
#2144=CARTESIAN_POINT('',(44.4999984326155,-2.33459072207462,13.4871332493877));
#2145=CARTESIAN_POINT('',(44.4999984326125,-11.3699170892986,15.0803050674359));
#2146=CARTESIAN_POINT('Origin',(31.9999984326155,-2.33459072206361,13.4871332493865));
#2147=CARTESIAN_POINT('Origin',(46.4999984326156,-2.00000080788426,3.));
#2148=CARTESIAN_POINT('',(44.4999984326156,-2.00000080788359,15.3846869467667));
#2149=CARTESIAN_POINT('',(46.4999984326156,-8.07884241449397E-7,26.7272505859984));
#2150=CARTESIAN_POINT('Origin',(46.4999984326156,-2.00000080788426,15.3846869467629));
#2151=CARTESIAN_POINT('',(44.4999984326156,-2.00000080788359,3.));
#2152=CARTESIAN_POINT('',(46.4999984326156,-8.07884241449397E-7,3.));
#2153=CARTESIAN_POINT('Origin',(44.4999984326156,-2.00000080788359,3.));
#2154=CARTESIAN_POINT('',(44.4999984326158,-1.44635504503707,18.5245680961066));
#2155=CARTESIAN_POINT('',(44.4999984326136,-8.00000080788358,3.));
#2156=CARTESIAN_POINT('Origin',(46.4999984326136,-8.00000080788424,3.));
#2157=CARTESIAN_POINT('',(46.4999984326136,-10.0000008078842,3.));
#2158=CARTESIAN_POINT('Origin',(46.9999983132496,-11.4595348609805,22.2040935223917));
#2159=CARTESIAN_POINT('',(44.7499983132496,-11.4595348609804,22.2040935223917));
#2160=CARTESIAN_POINT('Origin',(46.9999983132496,-11.4595348609805,22.2040935223917));
#2161=CARTESIAN_POINT('Origin',(46.9999983132496,-11.4595348609805,22.2040935223917));
#2162=CARTESIAN_POINT('Origin',(65.9999983169686,1.22519692009758,33.6756921861387));
#2163=CARTESIAN_POINT('',(62.499998432613,-8.07884296682992E-7,26.7272505859981));
#2164=CARTESIAN_POINT('',(64.2499983747909,-8.07884302511663E-7,26.7272505859981));
#2165=CARTESIAN_POINT('',(64.499998432613,-2.0000008078843,15.3846869467627));
#2166=CARTESIAN_POINT('Origin',(62.499998432613,-2.00000080788429,15.3846869467627));
#2167=CARTESIAN_POINT('',(64.499998432613,-1.53681611385832,18.0115378811174));
#2168=CARTESIAN_POINT('Origin',(46.4999984326136,-10.0000008078842,3.));
#2169=CARTESIAN_POINT('',(62.4999984326129,-10.0000008078843,3.));
#2170=CARTESIAN_POINT('Origin',(62.499998432613,-8.00000080788431,3.));
#2171=CARTESIAN_POINT('',(64.4999984326129,-8.00000080788431,3.));
#2172=CARTESIAN_POINT('Origin',(64.4999984326129,-8.00000080788431,3.));
#2173=CARTESIAN_POINT('',(64.499998432613,-2.0000008078843,3.));
#2174=CARTESIAN_POINT('Origin',(84.9999981309872,-21.3076124392099,23.9405750262309));
#2175=CARTESIAN_POINT('',(82.7499981309872,-11.4595349090878,22.2040932495616));
#2176=CARTESIAN_POINT('',(82.7499981309872,-21.3076124392099,23.9405750262309));
#2177=CARTESIAN_POINT('Origin',(84.9999981309872,-11.4595349090878,22.2040932495616));
#2178=CARTESIAN_POINT('Origin',(84.9999981309872,-11.4595349090878,22.2040932495616));
#2179=CARTESIAN_POINT('Origin',(46.9999983132496,-21.3076123911026,23.940575299061));
#2180=CARTESIAN_POINT('',(44.7499983132496,-21.3076123911026,23.940575299061));
#2181=CARTESIAN_POINT('Origin',(84.9999983132496,-16.9664079975366,48.5607688515361));
#2182=CARTESIAN_POINT('',(82.7499983132496,-7.11833046741455,46.8242870748668));
#2183=CARTESIAN_POINT('',(82.7499983132496,-16.9664079975366,48.5607688515361));
#2184=CARTESIAN_POINT('Origin',(84.9999983132496,-7.11833046741455,46.8242870748668));
#2185=CARTESIAN_POINT('Origin',(84.9999983132496,-7.11833046741455,46.8242870748668));
#2186=CARTESIAN_POINT('Origin',(46.9999983132496,-16.9664079494293,48.5607691243662));
#2187=CARTESIAN_POINT('',(44.7499983132496,-7.11833041930725,46.8242873476969));
#2188=CARTESIAN_POINT('',(44.7499983132496,-16.9664079494293,48.5607691243662));
#2189=CARTESIAN_POINT('Origin',(46.9999983132496,-7.11833041930724,46.8242873476969));
#2190=CARTESIAN_POINT('Origin',(46.9999983132496,-7.11833041930724,46.8242873476969));
#2191=CARTESIAN_POINT('Origin',(89.99999808568,10.0000003023012,3.));
#2192=CARTESIAN_POINT('Origin',(62.499998432613,-8.07884296682992E-7,3.));
#2193=CARTESIAN_POINT('',(62.499998432613,-8.07884296682992E-7,3.));
#2194=CARTESIAN_POINT('Origin',(62.499998432613,-2.00000080788429,3.));
#2195=CARTESIAN_POINT('Origin',(64.499998432613,4.9999991921157,3.));
#2196=CARTESIAN_POINT('',(62.249998432613,4.9999991921157,13.));
#2197=CARTESIAN_POINT('',(62.249998432613,4.9999991921157,3.));
#2198=CARTESIAN_POINT('Origin',(64.499998432613,4.9999991921157,13.));
#2199=CARTESIAN_POINT('Origin',(64.499998432613,4.9999991921157,13.));
#2200=CARTESIAN_POINT('Origin',(64.4999984326129,-15.0000008078844,3.));
#2201=CARTESIAN_POINT('',(62.2499984326129,-15.0000008078844,13.));
#2202=CARTESIAN_POINT('',(62.2499984326129,-15.0000008078844,3.));
#2203=CARTESIAN_POINT('Origin',(64.4999984326129,-15.0000008078844,13.));
#2204=CARTESIAN_POINT('Origin',(64.4999984326129,-15.0000008078844,13.));
#2205=CARTESIAN_POINT('Origin',(47.499998432613,4.9999991921157,3.));
#2206=CARTESIAN_POINT('',(45.249998432613,4.9999991921157,13.));
#2207=CARTESIAN_POINT('',(45.249998432613,4.9999991921157,3.));
#2208=CARTESIAN_POINT('Origin',(47.499998432613,4.9999991921157,13.));
#2209=CARTESIAN_POINT('Origin',(47.499998432613,4.9999991921157,13.));
#2210=CARTESIAN_POINT('Origin',(47.4999984326129,-15.0000008078843,3.));
#2211=CARTESIAN_POINT('',(45.2499984326129,-15.0000008078843,13.));
#2212=CARTESIAN_POINT('',(45.2499984326129,-15.0000008078843,3.));
#2213=CARTESIAN_POINT('Origin',(47.4999984326129,-15.0000008078843,13.));
#2214=CARTESIAN_POINT('Origin',(47.4999984326129,-15.0000008078843,13.));
#2215=UNCERTAINTY_MEASURE_WITH_UNIT(LENGTH_MEASURE(0.01),#2219,
'DISTANCE_ACCURACY_VALUE',
'Maximum model space distance between geometric entities at asserted c
onnectivities');
#2216=UNCERTAINTY_MEASURE_WITH_UNIT(LENGTH_MEASURE(0.01),#2219,
'DISTANCE_ACCURACY_VALUE',
'Maximum model space distance between geometric entities at asserted c
onnectivities');
#2217=(
GEOMETRIC_REPRESENTATION_CONTEXT(3)
GLOBAL_UNCERTAINTY_ASSIGNED_CONTEXT((#2215))
GLOBAL_UNIT_ASSIGNED_CONTEXT((#2219,#2221,#2222))
REPRESENTATION_CONTEXT('','3D')
);
#2218=(
GEOMETRIC_REPRESENTATION_CONTEXT(3)
GLOBAL_UNCERTAINTY_ASSIGNED_CONTEXT((#2216))
GLOBAL_UNIT_ASSIGNED_CONTEXT((#2219,#2221,#2222))
REPRESENTATION_CONTEXT('','3D')
);
#2219=(
LENGTH_UNIT()
NAMED_UNIT(*)
SI_UNIT(.MILLI.,.METRE.)
);
#2220=(
LENGTH_UNIT()
NAMED_UNIT(*)
SI_UNIT($,.METRE.)
);
#2221=(
NAMED_UNIT(*)
PLANE_ANGLE_UNIT()
SI_UNIT($,.RADIAN.)
);
#2222=(
NAMED_UNIT(*)
SI_UNIT($,.STERADIAN.)
SOLID_ANGLE_UNIT()
);
#2223=SHAPE_DEFINITION_REPRESENTATION(#2224,#2225);
#2224=PRODUCT_DEFINITION_SHAPE('',$,#2227);
#2225=SHAPE_REPRESENTATION('',(#1120),#2217);
#2226=PRODUCT_DEFINITION_CONTEXT('part definition',#2231,'design');
#2227=PRODUCT_DEFINITION('SUPPORT','SUPPORT',#2228,#2226);
#2228=PRODUCT_DEFINITION_FORMATION('',$,#2233);
#2229=PRODUCT_RELATED_PRODUCT_CATEGORY('SUPPORT','SUPPORT',(#2233));
#2230=APPLICATION_PROTOCOL_DEFINITION('international standard',
'automotive_design',2009,#2231);
#2231=APPLICATION_CONTEXT(
'Core Data for Automotive Mechanical Design Process');
#2232=PRODUCT_CONTEXT('part definition',#2231,'mechanical');
#2233=PRODUCT('SUPPORT','SUPPORT',$,(#2232));
#2234=PRESENTATION_STYLE_ASSIGNMENT((#2236));
#2235=PRESENTATION_STYLE_ASSIGNMENT((#2237));
#2236=SURFACE_STYLE_USAGE(.BOTH.,#2238);
#2237=SURFACE_STYLE_USAGE(.BOTH.,#2239);
#2238=SURFACE_SIDE_STYLE('',(#2240));
#2239=SURFACE_SIDE_STYLE('',(#2241));
#2240=SURFACE_STYLE_FILL_AREA(#2242);
#2241=SURFACE_STYLE_FILL_AREA(#2243);
#2242=FILL_AREA_STYLE('Steel - Satin',(#2244));
#2243=FILL_AREA_STYLE('Plastic - Matte (Gray)',(#2245));
#2244=FILL_AREA_STYLE_COLOUR('Steel - Satin',#2246);
#2245=FILL_AREA_STYLE_COLOUR('Plastic - Matte (Gray)',#2247);
#2246=COLOUR_RGB('Steel - Satin',0.627450980392157,0.627450980392157,0.627450980392157);
#2247=COLOUR_RGB('Plastic - Matte (Gray)',0.701960784313725,0.701960784313725,
0.701960784313725);
ENDSEC;
END-ISO-10303-21;
