ISO-10303-21;
HEADER;
/* Generated by software containing ST-Developer
 * from STEP Tools, Inc. (www.steptools.com) 
 */

FILE_DESCRIPTION(
/* description */ (''),
/* implementation_level */ '2;1');

FILE_NAME(
/* name */ 'COURSE TRICKLER.step',
/* time_stamp */ '2026-04-02T15:38:04-05:00',
/* author */ (''),
/* organization */ (''),
/* preprocessor_version */ 'ST-DEVELOPER v20.1',
/* originating_system */ 'Autodesk Translation Framework v14.24.0.0',
/* authorisation */ '');

FILE_SCHEMA (('AUTOMOTIVE_DESIGN { 1 0 10303 214 3 1 1 }'));
ENDSEC;

DATA;
#10=MECHANICAL_DESIGN_GEOMETRIC_PRESENTATION_REPRESENTATION('',(#13),#7806);
#11=SHAPE_REPRESENTATION_RELATIONSHIP('SRR','None',#7813,#12);
#12=ADVANCED_BREP_SHAPE_REPRESENTATION('',(#14),#7805);
#13=STYLED_ITEM('',(#7822),#14);
#14=MANIFOLD_SOLID_BREP('COURSE TRICKLER ',#3206);
#15=CONICAL_SURFACE('',#3268,6.8,0.785398163397449);
#16=CONICAL_SURFACE('',#3274,7.2,0.785398163397448);
#17=CONICAL_SURFACE('',#3409,7.2,0.785398163397447);
#18=TOROIDAL_SURFACE('',#3246,5.55,0.5);
#19=TOROIDAL_SURFACE('',#3251,5.55,0.5);
#20=TOROIDAL_SURFACE('',#3257,6.55,0.5);
#21=TOROIDAL_SURFACE('',#3262,7.,0.5);
#22=FACE_BOUND('',#530,.T.);
#23=FACE_BOUND('',#533,.T.);
#24=FACE_BOUND('',#536,.T.);
#25=FACE_BOUND('',#541,.T.);
#26=FACE_BOUND('',#547,.T.);
#27=FACE_BOUND('',#550,.T.);
#28=FACE_BOUND('',#553,.T.);
#29=B_SPLINE_SURFACE_WITH_KNOTS('',3,3,((#5130,#5131,#5132,#5133,#5134,
#5135,#5136,#5137,#5138,#5139,#5140,#5141,#5142,#5143,#5144,#5145,#5146,
#5147,#5148,#5149,#5150,#5151,#5152,#5153,#5154,#5155,#5156,#5157,#5158,
#5159,#5160,#5161,#5162,#5163,#5164,#5165,#5166,#5167,#5168,#5169,#5170,
#5171,#5172,#5173,#5174,#5175,#5176,#5177,#5178,#5179,#5180,#5181,#5182,
#5183,#5184,#5185,#5186,#5187,#5188,#5189,#5190,#5191,#5192,#5193,#5194,
#5195,#5196,#5197,#5198,#5199,#5200,#5201,#5202,#5203,#5204,#5205,#5206,
#5207,#5208,#5209),(#5210,#5211,#5212,#5213,#5214,#5215,#5216,#5217,#5218,
#5219,#5220,#5221,#5222,#5223,#5224,#5225,#5226,#5227,#5228,#5229,#5230,
#5231,#5232,#5233,#5234,#5235,#5236,#5237,#5238,#5239,#5240,#5241,#5242,
#5243,#5244,#5245,#5246,#5247,#5248,#5249,#5250,#5251,#5252,#5253,#5254,
#5255,#5256,#5257,#5258,#5259,#5260,#5261,#5262,#5263,#5264,#5265,#5266,
#5267,#5268,#5269,#5270,#5271,#5272,#5273,#5274,#5275,#5276,#5277,#5278,
#5279,#5280,#5281,#5282,#5283,#5284,#5285,#5286,#5287,#5288,#5289),(#5290,
#5291,#5292,#5293,#5294,#5295,#5296,#5297,#5298,#5299,#5300,#5301,#5302,
#5303,#5304,#5305,#5306,#5307,#5308,#5309,#5310,#5311,#5312,#5313,#5314,
#5315,#5316,#5317,#5318,#5319,#5320,#5321,#5322,#5323,#5324,#5325,#5326,
#5327,#5328,#5329,#5330,#5331,#5332,#5333,#5334,#5335,#5336,#5337,#5338,
#5339,#5340,#5341,#5342,#5343,#5344,#5345,#5346,#5347,#5348,#5349,#5350,
#5351,#5352,#5353,#5354,#5355,#5356,#5357,#5358,#5359,#5360,#5361,#5362,
#5363,#5364,#5365,#5366,#5367,#5368,#5369),(#5370,#5371,#5372,#5373,#5374,
#5375,#5376,#5377,#5378,#5379,#5380,#5381,#5382,#5383,#5384,#5385,#5386,
#5387,#5388,#5389,#5390,#5391,#5392,#5393,#5394,#5395,#5396,#5397,#5398,
#5399,#5400,#5401,#5402,#5403,#5404,#5405,#5406,#5407,#5408,#5409,#5410,
#5411,#5412,#5413,#5414,#5415,#5416,#5417,#5418,#5419,#5420,#5421,#5422,
#5423,#5424,#5425,#5426,#5427,#5428,#5429,#5430,#5431,#5432,#5433,#5434,
#5435,#5436,#5437,#5438,#5439,#5440,#5441,#5442,#5443,#5444,#5445,#5446,
#5447,#5448,#5449)),.UNSPECIFIED.,.F.,.F.,.F.,(4,4),(4,1,1,1,1,1,1,1,1,
1,1,1,1,1,1,1,1,1,1,1,1,1,1,1,1,1,1,1,1,1,1,1,1,1,1,1,1,1,1,1,1,1,1,1,1,
1,1,1,1,1,1,1,1,1,1,1,1,1,1,1,1,1,1,1,1,1,1,1,1,1,1,1,1,1,1,1,1,4),(0.,
1.),(4.60756428613008,4.85500142793794,5.10243856974581,5.59731285336153,
6.09218713697726,6.58706142059299,7.08193570420872,7.57680998782444,8.07168427144017,
8.31912141324803,8.5665585550559,8.89647474413305,9.2263909332102,9.55630712228735,
9.88622331136451,10.3261115634674,10.7659998155702,11.2058880676731,11.5358042567503,
11.8657204458274,12.1956366349046,12.5255528239817,12.8554690130589,13.185385202136,
13.6252734542389,13.8452175802903,14.0651617063418,14.2851058323932,14.5050499584446,
14.9449382105475,15.1648823365989,15.4947985256761,15.8247147147532,16.1546309038304,
16.4845470929075,16.8144632819847,17.1443794710618,17.474295660139,17.8042118492161,
18.0241559752676,18.4640442273705,18.7939604164476,19.1238766055248,19.4537927946019,
19.7837089836791,20.1136251727562,20.4435413618334,20.8834296139362,21.3233178660391,
21.763206118142,22.2030943702448,22.6429826223477,23.0828708744506,23.4127870635277,
23.7427032526049,24.072619441682,24.4025356307592,24.7324518198363,25.0623680089135,
25.3922841979906,25.7222003870678,26.1620886391707,26.6019768912735,27.0418651433764,
27.3717813324535,27.7016975215307,28.0316137106079,28.361529899685,28.6089670414929,
28.8564041833007,29.3512784669165,29.8461527505322,30.3410270341479,30.8359013177636,
31.3307756013794,31.8256498849951,32.073087026803,32.3205241686108),
 .UNSPECIFIED.);
#30=B_SPLINE_SURFACE_WITH_KNOTS('',3,3,((#5610,#5611,#5612,#5613,#5614,
#5615,#5616,#5617,#5618,#5619),(#5620,#5621,#5622,#5623,#5624,#5625,#5626,
#5627,#5628,#5629),(#5630,#5631,#5632,#5633,#5634,#5635,#5636,#5637,#5638,
#5639),(#5640,#5641,#5642,#5643,#5644,#5645,#5646,#5647,#5648,#5649),(#5650,
#5651,#5652,#5653,#5654,#5655,#5656,#5657,#5658,#5659)),.UNSPECIFIED.,.F.,
 .F.,.F.,(4,1,4),(4,1,1,1,1,1,1,4),(2.44357557287138,3.04187592777288,3.83960973430821),
(1.4852961737203,2.2162408317189,2.94718548971751,3.67813014771611,4.40907480571472,
5.14001946371332,5.87096412171193,6.60190877971053),.UNSPECIFIED.);
#31=B_SPLINE_SURFACE_WITH_KNOTS('',3,3,((#5763,#5764,#5765,#5766,#5767,
#5768),(#5769,#5770,#5771,#5772,#5773,#5774),(#5775,#5776,#5777,#5778,#5779,
#5780),(#5781,#5782,#5783,#5784,#5785,#5786)),.UNSPECIFIED.,.F.,.F.,.F.,
(4,4),(4,1,1,4),(0.,1.),(29.9134361813193,30.3122194040691,30.5780748859023,
30.8439303677355),.UNSPECIFIED.);
#32=B_SPLINE_SURFACE_WITH_KNOTS('',3,3,((#5815,#5816,#5817,#5818,#5819,
#5820),(#5821,#5822,#5823,#5824,#5825,#5826),(#5827,#5828,#5829,#5830,#5831,
#5832),(#5833,#5834,#5835,#5836,#5837,#5838)),.UNSPECIFIED.,.F.,.F.,.F.,
(4,4),(4,1,1,4),(0.,1.),(31.2737842899965,31.7223870951169,32.0214556318638,
32.3205241686108),.UNSPECIFIED.);
#33=B_SPLINE_SURFACE_WITH_KNOTS('',3,3,((#5942,#5943,#5944,#5945,#5946,
#5947,#5948,#5949,#5950,#5951,#5952,#5953,#5954,#5955,#5956,#5957,#5958,
#5959,#5960,#5961,#5962,#5963,#5964,#5965,#5966,#5967,#5968,#5969,#5970,
#5971,#5972,#5973,#5974,#5975,#5976,#5977,#5978,#5979,#5980,#5981,#5982,
#5983,#5984,#5985,#5986,#5987,#5988,#5989,#5990,#5991,#5992,#5993,#5994,
#5995,#5996,#5997,#5998,#5999,#6000,#6001,#6002,#6003,#6004,#6005,#6006,
#6007,#6008,#6009,#6010,#6011,#6012,#6013,#6014,#6015,#6016,#6017,#6018,
#6019,#6020,#6021,#6022,#6023,#6024,#6025,#6026,#6027,#6028,#6029,#6030,
#6031,#6032,#6033,#6034,#6035,#6036,#6037,#6038,#6039,#6040,#6041,#6042,
#6043,#6044,#6045,#6046,#6047),(#6048,#6049,#6050,#6051,#6052,#6053,#6054,
#6055,#6056,#6057,#6058,#6059,#6060,#6061,#6062,#6063,#6064,#6065,#6066,
#6067,#6068,#6069,#6070,#6071,#6072,#6073,#6074,#6075,#6076,#6077,#6078,
#6079,#6080,#6081,#6082,#6083,#6084,#6085,#6086,#6087,#6088,#6089,#6090,
#6091,#6092,#6093,#6094,#6095,#6096,#6097,#6098,#6099,#6100,#6101,#6102,
#6103,#6104,#6105,#6106,#6107,#6108,#6109,#6110,#6111,#6112,#6113,#6114,
#6115,#6116,#6117,#6118,#6119,#6120,#6121,#6122,#6123,#6124,#6125,#6126,
#6127,#6128,#6129,#6130,#6131,#6132,#6133,#6134,#6135,#6136,#6137,#6138,
#6139,#6140,#6141,#6142,#6143,#6144,#6145,#6146,#6147,#6148,#6149,#6150,
#6151,#6152,#6153),(#6154,#6155,#6156,#6157,#6158,#6159,#6160,#6161,#6162,
#6163,#6164,#6165,#6166,#6167,#6168,#6169,#6170,#6171,#6172,#6173,#6174,
#6175,#6176,#6177,#6178,#6179,#6180,#6181,#6182,#6183,#6184,#6185,#6186,
#6187,#6188,#6189,#6190,#6191,#6192,#6193,#6194,#6195,#6196,#6197,#6198,
#6199,#6200,#6201,#6202,#6203,#6204,#6205,#6206,#6207,#6208,#6209,#6210,
#6211,#6212,#6213,#6214,#6215,#6216,#6217,#6218,#6219,#6220,#6221,#6222,
#6223,#6224,#6225,#6226,#6227,#6228,#6229,#6230,#6231,#6232,#6233,#6234,
#6235,#6236,#6237,#6238,#6239,#6240,#6241,#6242,#6243,#6244,#6245,#6246,
#6247,#6248,#6249,#6250,#6251,#6252,#6253,#6254,#6255,#6256,#6257,#6258,
#6259),(#6260,#6261,#6262,#6263,#6264,#6265,#6266,#6267,#6268,#6269,#6270,
#6271,#6272,#6273,#6274,#6275,#6276,#6277,#6278,#6279,#6280,#6281,#6282,
#6283,#6284,#6285,#6286,#6287,#6288,#6289,#6290,#6291,#6292,#6293,#6294,
#6295,#6296,#6297,#6298,#6299,#6300,#6301,#6302,#6303,#6304,#6305,#6306,
#6307,#6308,#6309,#6310,#6311,#6312,#6313,#6314,#6315,#6316,#6317,#6318,
#6319,#6320,#6321,#6322,#6323,#6324,#6325,#6326,#6327,#6328,#6329,#6330,
#6331,#6332,#6333,#6334,#6335,#6336,#6337,#6338,#6339,#6340,#6341,#6342,
#6343,#6344,#6345,#6346,#6347,#6348,#6349,#6350,#6351,#6352,#6353,#6354,
#6355,#6356,#6357,#6358,#6359,#6360,#6361,#6362,#6363,#6364,#6365),(#6366,
#6367,#6368,#6369,#6370,#6371,#6372,#6373,#6374,#6375,#6376,#6377,#6378,
#6379,#6380,#6381,#6382,#6383,#6384,#6385,#6386,#6387,#6388,#6389,#6390,
#6391,#6392,#6393,#6394,#6395,#6396,#6397,#6398,#6399,#6400,#6401,#6402,
#6403,#6404,#6405,#6406,#6407,#6408,#6409,#6410,#6411,#6412,#6413,#6414,
#6415,#6416,#6417,#6418,#6419,#6420,#6421,#6422,#6423,#6424,#6425,#6426,
#6427,#6428,#6429,#6430,#6431,#6432,#6433,#6434,#6435,#6436,#6437,#6438,
#6439,#6440,#6441,#6442,#6443,#6444,#6445,#6446,#6447,#6448,#6449,#6450,
#6451,#6452,#6453,#6454,#6455,#6456,#6457,#6458,#6459,#6460,#6461,#6462,
#6463,#6464,#6465,#6466,#6467,#6468,#6469,#6470,#6471)),.UNSPECIFIED.,.F.,
 .F.,.F.,(4,1,4),(4,1,1,1,1,1,1,1,1,1,1,1,1,1,1,1,1,1,1,1,1,1,1,1,1,1,1,
1,1,1,1,1,1,1,1,1,1,1,1,1,1,1,1,1,1,1,1,1,1,1,1,1,1,1,1,1,1,1,1,1,1,1,1,
1,1,1,1,1,1,1,1,1,1,1,1,1,1,1,1,1,1,1,1,1,1,1,1,1,1,1,1,1,1,1,1,1,1,1,1,
1,1,1,1,4),(2.44357557287138,3.04187592777288,3.83960973430821),(6.84362068927401,
7.34068482049966,7.8377489517253,8.33481308295094,8.83187721417659,9.32894134540223,
9.82600547662788,10.3230696078535,10.8201337390792,11.3171978703048,11.8142620015304,
12.3113261327561,12.8083902639817,13.3054543952074,13.802518526433,14.2995826576587,
14.7966467888843,15.4593989638518,16.1221511388194,16.7849033137869,17.4476554887544,
17.8894902720661,18.3313250553778,18.7731598386895,19.2702239699151,19.7672881011407,
20.2643522323664,20.761416363592,21.2584804948177,21.7555446260433,22.252608757269,
22.7496728884946,23.4124250634621,24.0751772384297,24.5170120217413,24.958846805053,
25.4006815883647,25.8425163716764,26.2843511549881,26.7261859382998,27.1680207216114,
27.6098555049231,28.0516902882348,28.7144424632023,29.3771946381699,30.0399468131374,
30.7026989881049,31.3654511630724,32.02820333804,32.6909555130075,33.353707687975,
33.7955424712867,34.2373772545984,34.67921203791,35.1210468212217,35.5628816045334,
36.0047163878451,36.6674685628126,37.3302207377802,37.9929729127477,38.6557250877152,
39.3184772626827,39.9812294376502,40.6439816126178,41.3067337875853,41.748568570897,
42.1904033542087,43.074072920832,43.5159077041437,43.9577424874554,44.6204946624229,
45.2832468373904,45.945999012358,46.6087511873255,47.271503362293,47.9342555372605,
48.2656316247443,48.5970077122281,49.2597598871956,50.143429453819,50.5852642371306,
51.0270990204423,51.468933803754,51.9107685870657,52.5735207620332,53.2362729370007,
53.8990251119683,54.5617772869358,55.0588414181614,55.5559055493871,56.0529696806127,
56.5500338118384,57.047097943064,57.5441620742896,58.0412262055153,58.5382903367409,
59.0353544679666,59.5324185991922,60.0294827304179,60.5265468616435,61.0236109928692,
61.5206751240948,62.0177392553204,62.5148033865461),.UNSPECIFIED.);
#34=B_SPLINE_SURFACE_WITH_KNOTS('',3,3,((#6580,#6581,#6582,#6583,#6584,
#6585,#6586,#6587,#6588,#6589,#6590,#6591,#6592,#6593,#6594,#6595,#6596,
#6597,#6598,#6599,#6600,#6601,#6602,#6603,#6604,#6605,#6606,#6607,#6608,
#6609,#6610,#6611,#6612,#6613,#6614,#6615,#6616,#6617,#6618,#6619,#6620,
#6621,#6622,#6623,#6624,#6625,#6626,#6627,#6628,#6629,#6630,#6631,#6632,
#6633,#6634,#6635,#6636,#6637,#6638,#6639,#6640,#6641,#6642,#6643,#6644,
#6645,#6646,#6647,#6648,#6649,#6650,#6651,#6652,#6653),(#6654,#6655,#6656,
#6657,#6658,#6659,#6660,#6661,#6662,#6663,#6664,#6665,#6666,#6667,#6668,
#6669,#6670,#6671,#6672,#6673,#6674,#6675,#6676,#6677,#6678,#6679,#6680,
#6681,#6682,#6683,#6684,#6685,#6686,#6687,#6688,#6689,#6690,#6691,#6692,
#6693,#6694,#6695,#6696,#6697,#6698,#6699,#6700,#6701,#6702,#6703,#6704,
#6705,#6706,#6707,#6708,#6709,#6710,#6711,#6712,#6713,#6714,#6715,#6716,
#6717,#6718,#6719,#6720,#6721,#6722,#6723,#6724,#6725,#6726,#6727),(#6728,
#6729,#6730,#6731,#6732,#6733,#6734,#6735,#6736,#6737,#6738,#6739,#6740,
#6741,#6742,#6743,#6744,#6745,#6746,#6747,#6748,#6749,#6750,#6751,#6752,
#6753,#6754,#6755,#6756,#6757,#6758,#6759,#6760,#6761,#6762,#6763,#6764,
#6765,#6766,#6767,#6768,#6769,#6770,#6771,#6772,#6773,#6774,#6775,#6776,
#6777,#6778,#6779,#6780,#6781,#6782,#6783,#6784,#6785,#6786,#6787,#6788,
#6789,#6790,#6791,#6792,#6793,#6794,#6795,#6796,#6797,#6798,#6799,#6800,
#6801),(#6802,#6803,#6804,#6805,#6806,#6807,#6808,#6809,#6810,#6811,#6812,
#6813,#6814,#6815,#6816,#6817,#6818,#6819,#6820,#6821,#6822,#6823,#6824,
#6825,#6826,#6827,#6828,#6829,#6830,#6831,#6832,#6833,#6834,#6835,#6836,
#6837,#6838,#6839,#6840,#6841,#6842,#6843,#6844,#6845,#6846,#6847,#6848,
#6849,#6850,#6851,#6852,#6853,#6854,#6855,#6856,#6857,#6858,#6859,#6860,
#6861,#6862,#6863,#6864,#6865,#6866,#6867,#6868,#6869,#6870,#6871,#6872,
#6873,#6874,#6875)),.UNSPECIFIED.,.F.,.F.,.F.,(4,4),(4,1,1,1,1,1,1,1,1,
1,1,1,1,1,1,1,1,1,1,1,1,1,1,1,1,1,1,1,1,1,1,1,1,1,1,1,1,1,1,1,1,1,1,1,1,
1,1,1,1,1,1,1,1,1,1,1,1,1,1,1,1,1,1,1,1,1,1,1,1,1,1,4),(0.,1.),(2.00530726690146,
2.49175621319294,2.97820515948442,3.4646541057759,3.95110305206738,4.43755199835886,
4.92400094465034,5.41044989094182,5.8968988372333,6.22119813476095,6.5454974322886,
6.86979672981626,7.19409602734391,7.62649509071411,8.05889415408432,8.49129321745452,
8.81559251498217,9.13989181250983,9.46419111003748,9.78849040756513,10.1127897050928,
10.4370890026204,10.7613883001481,11.0856875976757,11.518086661046,11.9504857244162,
12.3828847877864,12.707184085314,13.0314833828417,13.3557826803693,13.680081977897,
14.0043812754246,14.3286805729523,14.6529798704799,14.9772791680076,15.3015784655352,
15.6258777630629,15.9501770605905,16.2744763581182,16.5987756556459,16.9230749531735,
17.2473742507012,17.5716735482288,18.004072611599,18.4364716749692,18.8688707383394,
19.3012698017096,19.7336688650798,20.16606792845,20.4903672259777,20.8146665235053,
21.138965821033,21.4632651185606,21.7875644160883,22.111863713616,22.4361630111436,
22.7604623086713,23.1928613720415,23.6252604354117,24.0576594987819,24.3819587963095,
24.7062580938372,25.0305573913648,25.3548566888925,25.841305635184,26.3277545814754,
26.8142035277669,27.3006524740584,27.7871014203499,28.2735503666414,28.7599993129328,
29.2464482592243),.UNSPECIFIED.);
#35=B_SPLINE_SURFACE_WITH_KNOTS('',3,3,((#6896,#6897,#6898,#6899,#6900,
#6901,#6902,#6903,#6904,#6905),(#6906,#6907,#6908,#6909,#6910,#6911,#6912,
#6913,#6914,#6915),(#6916,#6917,#6918,#6919,#6920,#6921,#6922,#6923,#6924,
#6925),(#6926,#6927,#6928,#6929,#6930,#6931,#6932,#6933,#6934,#6935)),
 .UNSPECIFIED.,.F.,.F.,.F.,(4,4),(4,1,1,1,1,1,1,4),(0.,1.),(2.00530726690149,
2.27284015726351,2.54037304762553,2.80790593798755,3.07543882834957,3.34297171871159,
3.61050460907361,3.87803749943563),.UNSPECIFIED.);
#36=PLANE('',#3230);
#37=PLANE('',#3237);
#38=PLANE('',#3240);
#39=PLANE('',#3245);
#40=PLANE('',#3260);
#41=PLANE('',#3273);
#42=PLANE('',#3276);
#43=PLANE('',#3411);
#44=CIRCLE('',#3228,4.4);
#45=CIRCLE('',#3231,6.05);
#46=CIRCLE('',#3232,6.05);
#47=CIRCLE('',#3235,4.4);
#48=CIRCLE('',#3238,6.05);
#49=CIRCLE('',#3241,5.55);
#50=CIRCLE('',#3243,5.55);
#51=CIRCLE('',#3244,5.55);
#52=CIRCLE('',#3247,6.05);
#53=CIRCLE('',#3248,0.5);
#54=CIRCLE('',#3250,6.05);
#55=CIRCLE('',#3252,0.5);
#56=CIRCLE('',#3253,6.05);
#57=CIRCLE('',#3254,6.05);
#58=CIRCLE('',#3256,6.05);
#59=CIRCLE('',#3258,0.5);
#60=CIRCLE('',#3259,6.55);
#61=CIRCLE('',#3261,7.);
#62=CIRCLE('',#3263,0.5);
#63=CIRCLE('',#3264,7.5);
#64=CIRCLE('',#3265,7.5);
#65=CIRCLE('',#3267,7.5);
#66=CIRCLE('',#3269,7.5);
#67=CIRCLE('',#3270,6.1);
#68=CIRCLE('',#3272,7.5);
#69=CIRCLE('',#3275,6.9);
#70=CIRCLE('',#3277,0.55500007925455);
#71=CIRCLE('',#3278,1.00000009017284);
#72=CIRCLE('',#3279,0.150000009294494);
#73=CIRCLE('',#3280,6.75);
#74=CIRCLE('',#3281,0.150000012097222);
#75=CIRCLE('',#3282,1.00000006469194);
#76=CIRCLE('',#3283,0.55500007925455);
#77=CIRCLE('',#3284,1.00000009017279);
#78=CIRCLE('',#3285,0.150000009294493);
#79=CIRCLE('',#3286,6.75);
#80=CIRCLE('',#3287,0.15000001209723);
#81=CIRCLE('',#3288,1.0000000646919);
#82=CIRCLE('',#3289,0.55500007925455);
#83=CIRCLE('',#3290,1.00000009017279);
#84=CIRCLE('',#3291,0.150000009294495);
#85=CIRCLE('',#3292,6.75);
#86=CIRCLE('',#3293,0.150000009754722);
#87=CIRCLE('',#3294,1.00000006469192);
#88=CIRCLE('',#3295,0.554999948235207);
#89=CIRCLE('',#3296,1.00000009017279);
#90=CIRCLE('',#3297,0.150000009294494);
#91=CIRCLE('',#3298,6.75);
#92=CIRCLE('',#3299,0.150000012097227);
#93=CIRCLE('',#3300,1.00000006469192);
#94=CIRCLE('',#3301,0.554999948235204);
#95=CIRCLE('',#3302,1.00000009017276);
#96=CIRCLE('',#3303,0.150000009294498);
#97=CIRCLE('',#3304,6.75);
#98=CIRCLE('',#3305,0.150000009754723);
#99=CIRCLE('',#3306,1.0000000646919);
#100=CIRCLE('',#3307,0.55500007925455);
#101=CIRCLE('',#3308,1.00000009017279);
#102=CIRCLE('',#3309,0.150000009294488);
#103=CIRCLE('',#3310,6.75);
#104=CIRCLE('',#3311,0.150000012097223);
#105=CIRCLE('',#3312,1.00000006469193);
#106=CIRCLE('',#3313,0.554999948235209);
#107=CIRCLE('',#3314,1.00000009017277);
#108=CIRCLE('',#3315,0.150000009294489);
#109=CIRCLE('',#3316,6.75);
#110=CIRCLE('',#3317,0.150000012097229);
#111=CIRCLE('',#3318,1.00000006469188);
#112=CIRCLE('',#3319,0.554999948235212);
#113=CIRCLE('',#3320,1.00000009017279);
#114=CIRCLE('',#3321,0.150000009294491);
#115=CIRCLE('',#3322,6.75);
#116=CIRCLE('',#3323,0.150000012097229);
#117=CIRCLE('',#3324,1.00000006469187);
#118=CIRCLE('',#3325,0.554999948235202);
#119=CIRCLE('',#3326,1.00000009017279);
#120=CIRCLE('',#3327,0.150000009294494);
#121=CIRCLE('',#3328,6.75);
#122=CIRCLE('',#3329,0.150000009754724);
#123=CIRCLE('',#3330,1.0000000646919);
#124=CIRCLE('',#3331,0.55500007925455);
#125=CIRCLE('',#3332,1.00000009017279);
#126=CIRCLE('',#3333,0.150000009294491);
#127=CIRCLE('',#3334,6.75);
#128=CIRCLE('',#3335,0.150000009754725);
#129=CIRCLE('',#3336,1.0000000646919);
#130=CIRCLE('',#3337,0.55500007925455);
#131=CIRCLE('',#3338,1.00000009017285);
#132=CIRCLE('',#3339,0.150000009294495);
#133=CIRCLE('',#3340,6.75);
#134=CIRCLE('',#3341,0.150000009754723);
#135=CIRCLE('',#3342,1.00000006469197);
#136=CIRCLE('',#3343,0.55500007925455);
#137=CIRCLE('',#3344,1.00000009017283);
#138=CIRCLE('',#3345,0.150000009294494);
#139=CIRCLE('',#3346,6.75);
#140=CIRCLE('',#3347,0.150000012097222);
#141=CIRCLE('',#3348,1.00000006469194);
#142=CIRCLE('',#3349,0.554999948235212);
#143=CIRCLE('',#3350,1.00000009017279);
#144=CIRCLE('',#3351,0.150000009294487);
#145=CIRCLE('',#3352,6.75);
#146=CIRCLE('',#3353,0.150000009754722);
#147=CIRCLE('',#3354,1.0000000646919);
#148=CIRCLE('',#3355,0.55500007925455);
#149=CIRCLE('',#3356,1.00000009017279);
#150=CIRCLE('',#3357,0.150000009294495);
#151=CIRCLE('',#3358,6.75);
#152=CIRCLE('',#3359,0.150000012097222);
#153=CIRCLE('',#3360,1.0000000646919);
#154=CIRCLE('',#3361,0.55500007925455);
#155=CIRCLE('',#3362,1.00000009017279);
#156=CIRCLE('',#3363,0.150000009294494);
#157=CIRCLE('',#3364,6.75);
#158=CIRCLE('',#3365,0.150000012097228);
#159=CIRCLE('',#3366,1.0000000646919);
#160=CIRCLE('',#3367,0.554999948235203);
#161=CIRCLE('',#3368,1.00000009017279);
#162=CIRCLE('',#3369,0.150000009294499);
#163=CIRCLE('',#3370,6.75);
#164=CIRCLE('',#3371,0.150000009754725);
#165=CIRCLE('',#3372,1.00000006469189);
#166=CIRCLE('',#3373,0.55500007925455);
#167=CIRCLE('',#3374,1.00000009017274);
#168=CIRCLE('',#3375,0.150000009294492);
#169=CIRCLE('',#3376,6.75);
#170=CIRCLE('',#3377,0.150000012097223);
#171=CIRCLE('',#3378,1.00000006469193);
#172=CIRCLE('',#3379,0.55500007925455);
#173=CIRCLE('',#3380,1.00000009017277);
#174=CIRCLE('',#3381,0.15000000929449);
#175=CIRCLE('',#3382,6.75);
#176=CIRCLE('',#3383,0.150000009754723);
#177=CIRCLE('',#3384,1.0000000646919);
#178=CIRCLE('',#3385,0.554999948235203);
#179=CIRCLE('',#3386,1.00000009017279);
#180=CIRCLE('',#3387,0.150000009294495);
#181=CIRCLE('',#3388,6.75);
#182=CIRCLE('',#3389,0.150000009754722);
#183=CIRCLE('',#3390,1.0000000646919);
#184=CIRCLE('',#3391,0.55500007925455);
#185=CIRCLE('',#3392,1.00000009017279);
#186=CIRCLE('',#3393,0.150000009294494);
#187=CIRCLE('',#3394,6.75);
#188=CIRCLE('',#3395,0.150000012097221);
#189=CIRCLE('',#3396,1.0000000646919);
#190=CIRCLE('',#3397,0.554999948235207);
#191=CIRCLE('',#3398,1.00000009017278);
#192=CIRCLE('',#3399,0.150000009294495);
#193=CIRCLE('',#3400,6.75);
#194=CIRCLE('',#3401,0.150000012097227);
#195=CIRCLE('',#3402,1.00000006469192);
#196=CIRCLE('',#3403,0.554999948235203);
#197=CIRCLE('',#3404,1.00000009017286);
#198=CIRCLE('',#3405,0.150000009294493);
#199=CIRCLE('',#3406,6.74999999999999);
#200=CIRCLE('',#3407,0.150000012097229);
#201=CIRCLE('',#3408,1.00000006469189);
#202=CIRCLE('',#3410,6.9);
#203=CIRCLE('',#3412,0.55500007925455);
#204=CIRCLE('',#3413,1.00000006469189);
#205=CIRCLE('',#3414,0.150000012097229);
#206=CIRCLE('',#3415,6.74999999999999);
#207=CIRCLE('',#3416,0.150000009294493);
#208=CIRCLE('',#3417,1.00000009017286);
#209=CIRCLE('',#3418,0.554999948235203);
#210=CIRCLE('',#3419,1.00000006469192);
#211=CIRCLE('',#3420,0.150000012097227);
#212=CIRCLE('',#3421,6.75);
#213=CIRCLE('',#3422,0.150000009294495);
#214=CIRCLE('',#3423,1.00000009017278);
#215=CIRCLE('',#3424,0.554999948235207);
#216=CIRCLE('',#3425,1.0000000646919);
#217=CIRCLE('',#3426,0.150000012097221);
#218=CIRCLE('',#3427,6.75);
#219=CIRCLE('',#3428,0.150000009294494);
#220=CIRCLE('',#3429,1.00000009017279);
#221=CIRCLE('',#3430,0.55500007925455);
#222=CIRCLE('',#3431,1.0000000646919);
#223=CIRCLE('',#3432,0.150000009754722);
#224=CIRCLE('',#3433,6.75);
#225=CIRCLE('',#3434,0.150000009294495);
#226=CIRCLE('',#3435,1.00000009017279);
#227=CIRCLE('',#3436,0.554999948235203);
#228=CIRCLE('',#3437,1.0000000646919);
#229=CIRCLE('',#3438,0.150000009754723);
#230=CIRCLE('',#3439,6.75);
#231=CIRCLE('',#3440,0.15000000929449);
#232=CIRCLE('',#3441,1.00000009017277);
#233=CIRCLE('',#3442,0.55500007925455);
#234=CIRCLE('',#3443,1.00000006469193);
#235=CIRCLE('',#3444,0.150000012097223);
#236=CIRCLE('',#3445,6.75);
#237=CIRCLE('',#3446,0.150000009294492);
#238=CIRCLE('',#3447,1.00000009017274);
#239=CIRCLE('',#3448,0.55500007925455);
#240=CIRCLE('',#3449,1.00000006469189);
#241=CIRCLE('',#3450,0.150000009754725);
#242=CIRCLE('',#3451,6.75);
#243=CIRCLE('',#3452,0.150000009294499);
#244=CIRCLE('',#3453,1.00000009017279);
#245=CIRCLE('',#3454,0.554999948235203);
#246=CIRCLE('',#3455,1.0000000646919);
#247=CIRCLE('',#3456,0.150000012097228);
#248=CIRCLE('',#3457,6.75);
#249=CIRCLE('',#3458,0.150000009294494);
#250=CIRCLE('',#3459,1.00000009017279);
#251=CIRCLE('',#3460,0.55500007925455);
#252=CIRCLE('',#3461,1.0000000646919);
#253=CIRCLE('',#3462,0.150000012097222);
#254=CIRCLE('',#3463,6.75);
#255=CIRCLE('',#3464,0.150000009294495);
#256=CIRCLE('',#3465,1.00000009017279);
#257=CIRCLE('',#3466,0.55500007925455);
#258=CIRCLE('',#3467,1.0000000646919);
#259=CIRCLE('',#3468,0.150000009754722);
#260=CIRCLE('',#3469,6.75);
#261=CIRCLE('',#3470,0.150000009294487);
#262=CIRCLE('',#3471,1.00000009017279);
#263=CIRCLE('',#3472,0.554999948235212);
#264=CIRCLE('',#3473,1.00000006469194);
#265=CIRCLE('',#3474,0.150000012097222);
#266=CIRCLE('',#3475,6.75);
#267=CIRCLE('',#3476,0.150000009294494);
#268=CIRCLE('',#3477,1.00000009017283);
#269=CIRCLE('',#3478,0.55500007925455);
#270=CIRCLE('',#3479,1.00000006469197);
#271=CIRCLE('',#3480,0.150000009754723);
#272=CIRCLE('',#3481,6.75);
#273=CIRCLE('',#3482,0.150000009294495);
#274=CIRCLE('',#3483,1.00000009017285);
#275=CIRCLE('',#3484,0.55500007925455);
#276=CIRCLE('',#3485,1.0000000646919);
#277=CIRCLE('',#3486,0.150000009754725);
#278=CIRCLE('',#3487,6.75);
#279=CIRCLE('',#3488,0.150000009294491);
#280=CIRCLE('',#3489,1.00000009017279);
#281=CIRCLE('',#3490,0.55500007925455);
#282=CIRCLE('',#3491,1.0000000646919);
#283=CIRCLE('',#3492,0.150000009754724);
#284=CIRCLE('',#3493,6.75);
#285=CIRCLE('',#3494,0.150000009294494);
#286=CIRCLE('',#3495,1.00000009017279);
#287=CIRCLE('',#3496,0.554999948235202);
#288=CIRCLE('',#3497,1.00000006469187);
#289=CIRCLE('',#3498,0.150000012097229);
#290=CIRCLE('',#3499,6.75);
#291=CIRCLE('',#3500,0.150000009294491);
#292=CIRCLE('',#3501,1.00000009017279);
#293=CIRCLE('',#3502,0.554999948235212);
#294=CIRCLE('',#3503,1.00000006469188);
#295=CIRCLE('',#3504,0.150000012097229);
#296=CIRCLE('',#3505,6.75);
#297=CIRCLE('',#3506,0.150000009294489);
#298=CIRCLE('',#3507,1.00000009017277);
#299=CIRCLE('',#3508,0.554999948235209);
#300=CIRCLE('',#3509,1.00000006469193);
#301=CIRCLE('',#3510,0.150000012097223);
#302=CIRCLE('',#3511,6.75);
#303=CIRCLE('',#3512,0.150000009294488);
#304=CIRCLE('',#3513,1.00000009017279);
#305=CIRCLE('',#3514,0.55500007925455);
#306=CIRCLE('',#3515,1.0000000646919);
#307=CIRCLE('',#3516,0.150000009754723);
#308=CIRCLE('',#3517,6.75);
#309=CIRCLE('',#3518,0.150000009294498);
#310=CIRCLE('',#3519,1.00000009017276);
#311=CIRCLE('',#3520,0.554999948235204);
#312=CIRCLE('',#3521,1.00000006469192);
#313=CIRCLE('',#3522,0.150000012097227);
#314=CIRCLE('',#3523,6.75);
#315=CIRCLE('',#3524,0.150000009294494);
#316=CIRCLE('',#3525,1.00000009017279);
#317=CIRCLE('',#3526,0.554999948235207);
#318=CIRCLE('',#3527,1.00000006469192);
#319=CIRCLE('',#3528,0.150000009754722);
#320=CIRCLE('',#3529,6.75);
#321=CIRCLE('',#3530,0.150000009294495);
#322=CIRCLE('',#3531,1.00000009017279);
#323=CIRCLE('',#3532,0.55500007925455);
#324=CIRCLE('',#3533,1.0000000646919);
#325=CIRCLE('',#3534,0.15000001209723);
#326=CIRCLE('',#3535,6.75);
#327=CIRCLE('',#3536,0.150000009294493);
#328=CIRCLE('',#3537,1.00000009017279);
#329=CIRCLE('',#3538,0.55500007925455);
#330=CIRCLE('',#3539,1.00000006469194);
#331=CIRCLE('',#3540,0.150000012097222);
#332=CIRCLE('',#3541,6.75);
#333=CIRCLE('',#3542,0.150000009294494);
#334=CIRCLE('',#3543,1.00000009017284);
#335=FACE_OUTER_BOUND('',#507,.T.);
#336=FACE_OUTER_BOUND('',#508,.T.);
#337=FACE_OUTER_BOUND('',#509,.T.);
#338=FACE_OUTER_BOUND('',#510,.T.);
#339=FACE_OUTER_BOUND('',#511,.T.);
#340=FACE_OUTER_BOUND('',#512,.T.);
#341=FACE_OUTER_BOUND('',#513,.T.);
#342=FACE_OUTER_BOUND('',#514,.T.);
#343=FACE_OUTER_BOUND('',#515,.T.);
#344=FACE_OUTER_BOUND('',#516,.T.);
#345=FACE_OUTER_BOUND('',#517,.T.);
#346=FACE_OUTER_BOUND('',#518,.T.);
#347=FACE_OUTER_BOUND('',#519,.T.);
#348=FACE_OUTER_BOUND('',#520,.T.);
#349=FACE_OUTER_BOUND('',#521,.T.);
#350=FACE_OUTER_BOUND('',#522,.T.);
#351=FACE_OUTER_BOUND('',#523,.T.);
#352=FACE_OUTER_BOUND('',#524,.T.);
#353=FACE_OUTER_BOUND('',#525,.T.);
#354=FACE_OUTER_BOUND('',#526,.T.);
#355=FACE_OUTER_BOUND('',#527,.T.);
#356=FACE_OUTER_BOUND('',#528,.T.);
#357=FACE_OUTER_BOUND('',#529,.T.);
#358=FACE_OUTER_BOUND('',#531,.T.);
#359=FACE_OUTER_BOUND('',#532,.T.);
#360=FACE_OUTER_BOUND('',#534,.T.);
#361=FACE_OUTER_BOUND('',#535,.T.);
#362=FACE_OUTER_BOUND('',#537,.T.);
#363=FACE_OUTER_BOUND('',#538,.T.);
#364=FACE_OUTER_BOUND('',#539,.T.);
#365=FACE_OUTER_BOUND('',#540,.T.);
#366=FACE_OUTER_BOUND('',#542,.T.);
#367=FACE_OUTER_BOUND('',#543,.T.);
#368=FACE_OUTER_BOUND('',#544,.T.);
#369=FACE_OUTER_BOUND('',#545,.T.);
#370=FACE_OUTER_BOUND('',#546,.T.);
#371=FACE_OUTER_BOUND('',#548,.T.);
#372=FACE_OUTER_BOUND('',#549,.T.);
#373=FACE_OUTER_BOUND('',#551,.T.);
#374=FACE_OUTER_BOUND('',#552,.T.);
#375=FACE_OUTER_BOUND('',#554,.T.);
#376=FACE_OUTER_BOUND('',#555,.T.);
#377=FACE_OUTER_BOUND('',#556,.T.);
#378=FACE_OUTER_BOUND('',#557,.T.);
#379=FACE_OUTER_BOUND('',#558,.T.);
#380=FACE_OUTER_BOUND('',#559,.T.);
#381=FACE_OUTER_BOUND('',#560,.T.);
#382=FACE_OUTER_BOUND('',#561,.T.);
#383=FACE_OUTER_BOUND('',#562,.T.);
#384=FACE_OUTER_BOUND('',#563,.T.);
#385=FACE_OUTER_BOUND('',#564,.T.);
#386=FACE_OUTER_BOUND('',#565,.T.);
#387=FACE_OUTER_BOUND('',#566,.T.);
#388=FACE_OUTER_BOUND('',#567,.T.);
#389=FACE_OUTER_BOUND('',#568,.T.);
#390=FACE_OUTER_BOUND('',#569,.T.);
#391=FACE_OUTER_BOUND('',#570,.T.);
#392=FACE_OUTER_BOUND('',#571,.T.);
#393=FACE_OUTER_BOUND('',#572,.T.);
#394=FACE_OUTER_BOUND('',#573,.T.);
#395=FACE_OUTER_BOUND('',#574,.T.);
#396=FACE_OUTER_BOUND('',#575,.T.);
#397=FACE_OUTER_BOUND('',#576,.T.);
#398=FACE_OUTER_BOUND('',#577,.T.);
#399=FACE_OUTER_BOUND('',#578,.T.);
#400=FACE_OUTER_BOUND('',#579,.T.);
#401=FACE_OUTER_BOUND('',#580,.T.);
#402=FACE_OUTER_BOUND('',#581,.T.);
#403=FACE_OUTER_BOUND('',#582,.T.);
#404=FACE_OUTER_BOUND('',#583,.T.);
#405=FACE_OUTER_BOUND('',#584,.T.);
#406=FACE_OUTER_BOUND('',#585,.T.);
#407=FACE_OUTER_BOUND('',#586,.T.);
#408=FACE_OUTER_BOUND('',#587,.T.);
#409=FACE_OUTER_BOUND('',#588,.T.);
#410=FACE_OUTER_BOUND('',#589,.T.);
#411=FACE_OUTER_BOUND('',#590,.T.);
#412=FACE_OUTER_BOUND('',#591,.T.);
#413=FACE_OUTER_BOUND('',#592,.T.);
#414=FACE_OUTER_BOUND('',#593,.T.);
#415=FACE_OUTER_BOUND('',#594,.T.);
#416=FACE_OUTER_BOUND('',#595,.T.);
#417=FACE_OUTER_BOUND('',#596,.T.);
#418=FACE_OUTER_BOUND('',#597,.T.);
#419=FACE_OUTER_BOUND('',#598,.T.);
#420=FACE_OUTER_BOUND('',#599,.T.);
#421=FACE_OUTER_BOUND('',#600,.T.);
#422=FACE_OUTER_BOUND('',#601,.T.);
#423=FACE_OUTER_BOUND('',#602,.T.);
#424=FACE_OUTER_BOUND('',#603,.T.);
#425=FACE_OUTER_BOUND('',#604,.T.);
#426=FACE_OUTER_BOUND('',#605,.T.);
#427=FACE_OUTER_BOUND('',#606,.T.);
#428=FACE_OUTER_BOUND('',#607,.T.);
#429=FACE_OUTER_BOUND('',#608,.T.);
#430=FACE_OUTER_BOUND('',#609,.T.);
#431=FACE_OUTER_BOUND('',#610,.T.);
#432=FACE_OUTER_BOUND('',#611,.T.);
#433=FACE_OUTER_BOUND('',#612,.T.);
#434=FACE_OUTER_BOUND('',#613,.T.);
#435=FACE_OUTER_BOUND('',#614,.T.);
#436=FACE_OUTER_BOUND('',#615,.T.);
#437=FACE_OUTER_BOUND('',#616,.T.);
#438=FACE_OUTER_BOUND('',#617,.T.);
#439=FACE_OUTER_BOUND('',#618,.T.);
#440=FACE_OUTER_BOUND('',#619,.T.);
#441=FACE_OUTER_BOUND('',#620,.T.);
#442=FACE_OUTER_BOUND('',#621,.T.);
#443=FACE_OUTER_BOUND('',#622,.T.);
#444=FACE_OUTER_BOUND('',#623,.T.);
#445=FACE_OUTER_BOUND('',#624,.T.);
#446=FACE_OUTER_BOUND('',#625,.T.);
#447=FACE_OUTER_BOUND('',#626,.T.);
#448=FACE_OUTER_BOUND('',#627,.T.);
#449=FACE_OUTER_BOUND('',#628,.T.);
#450=FACE_OUTER_BOUND('',#629,.T.);
#451=FACE_OUTER_BOUND('',#630,.T.);
#452=FACE_OUTER_BOUND('',#631,.T.);
#453=FACE_OUTER_BOUND('',#632,.T.);
#454=FACE_OUTER_BOUND('',#633,.T.);
#455=FACE_OUTER_BOUND('',#634,.T.);
#456=FACE_OUTER_BOUND('',#635,.T.);
#457=FACE_OUTER_BOUND('',#636,.T.);
#458=FACE_OUTER_BOUND('',#637,.T.);
#459=FACE_OUTER_BOUND('',#638,.T.);
#460=FACE_OUTER_BOUND('',#639,.T.);
#461=FACE_OUTER_BOUND('',#640,.T.);
#462=FACE_OUTER_BOUND('',#641,.T.);
#463=FACE_OUTER_BOUND('',#642,.T.);
#464=FACE_OUTER_BOUND('',#643,.T.);
#465=FACE_OUTER_BOUND('',#644,.T.);
#466=FACE_OUTER_BOUND('',#645,.T.);
#467=FACE_OUTER_BOUND('',#646,.T.);
#468=FACE_OUTER_BOUND('',#647,.T.);
#469=FACE_OUTER_BOUND('',#648,.T.);
#470=FACE_OUTER_BOUND('',#649,.T.);
#471=FACE_OUTER_BOUND('',#650,.T.);
#472=FACE_OUTER_BOUND('',#651,.T.);
#473=FACE_OUTER_BOUND('',#652,.T.);
#474=FACE_OUTER_BOUND('',#653,.T.);
#475=FACE_OUTER_BOUND('',#654,.T.);
#476=FACE_OUTER_BOUND('',#655,.T.);
#477=FACE_OUTER_BOUND('',#656,.T.);
#478=FACE_OUTER_BOUND('',#657,.T.);
#479=FACE_OUTER_BOUND('',#658,.T.);
#480=FACE_OUTER_BOUND('',#659,.T.);
#481=FACE_OUTER_BOUND('',#660,.T.);
#482=FACE_OUTER_BOUND('',#661,.T.);
#483=FACE_OUTER_BOUND('',#662,.T.);
#484=FACE_OUTER_BOUND('',#663,.T.);
#485=FACE_OUTER_BOUND('',#664,.T.);
#486=FACE_OUTER_BOUND('',#665,.T.);
#487=FACE_OUTER_BOUND('',#666,.T.);
#488=FACE_OUTER_BOUND('',#667,.T.);
#489=FACE_OUTER_BOUND('',#668,.T.);
#490=FACE_OUTER_BOUND('',#669,.T.);
#491=FACE_OUTER_BOUND('',#670,.T.);
#492=FACE_OUTER_BOUND('',#671,.T.);
#493=FACE_OUTER_BOUND('',#672,.T.);
#494=FACE_OUTER_BOUND('',#673,.T.);
#495=FACE_OUTER_BOUND('',#674,.T.);
#496=FACE_OUTER_BOUND('',#675,.T.);
#497=FACE_OUTER_BOUND('',#676,.T.);
#498=FACE_OUTER_BOUND('',#677,.T.);
#499=FACE_OUTER_BOUND('',#678,.T.);
#500=FACE_OUTER_BOUND('',#679,.T.);
#501=FACE_OUTER_BOUND('',#680,.T.);
#502=FACE_OUTER_BOUND('',#681,.T.);
#503=FACE_OUTER_BOUND('',#682,.T.);
#504=FACE_OUTER_BOUND('',#683,.T.);
#505=FACE_OUTER_BOUND('',#684,.T.);
#506=FACE_OUTER_BOUND('',#685,.T.);
#507=EDGE_LOOP('',(#1882,#1883,#1884,#1885));
#508=EDGE_LOOP('',(#1886,#1887,#1888,#1889));
#509=EDGE_LOOP('',(#1890,#1891,#1892,#1893));
#510=EDGE_LOOP('',(#1894,#1895,#1896,#1897));
#511=EDGE_LOOP('',(#1898,#1899,#1900,#1901));
#512=EDGE_LOOP('',(#1902,#1903,#1904,#1905));
#513=EDGE_LOOP('',(#1906,#1907,#1908,#1909));
#514=EDGE_LOOP('',(#1910,#1911,#1912,#1913));
#515=EDGE_LOOP('',(#1914,#1915,#1916,#1917,#1918,#1919,#1920,#1921,#1922,
#1923,#1924,#1925));
#516=EDGE_LOOP('',(#1926,#1927,#1928,#1929,#1930,#1931));
#517=EDGE_LOOP('',(#1932,#1933,#1934,#1935,#1936,#1937,#1938,#1939,#1940,
#1941,#1942,#1943,#1944,#1945));
#518=EDGE_LOOP('',(#1946,#1947,#1948,#1949,#1950,#1951,#1952,#1953));
#519=EDGE_LOOP('',(#1954,#1955,#1956,#1957));
#520=EDGE_LOOP('',(#1958,#1959,#1960,#1961));
#521=EDGE_LOOP('',(#1962,#1963,#1964,#1965));
#522=EDGE_LOOP('',(#1966,#1967,#1968,#1969,#1970));
#523=EDGE_LOOP('',(#1971,#1972,#1973,#1974,#1975,#1976,#1977,#1978,#1979,
#1980,#1981));
#524=EDGE_LOOP('',(#1982,#1983,#1984,#1985,#1986));
#525=EDGE_LOOP('',(#1987,#1988,#1989,#1990,#1991,#1992));
#526=EDGE_LOOP('',(#1993,#1994,#1995,#1996,#1997,#1998,#1999,#2000,#2001,
#2002,#2003,#2004));
#527=EDGE_LOOP('',(#2005,#2006,#2007,#2008));
#528=EDGE_LOOP('',(#2009,#2010,#2011,#2012,#2013,#2014,#2015));
#529=EDGE_LOOP('',(#2016));
#530=EDGE_LOOP('',(#2017,#2018,#2019,#2020));
#531=EDGE_LOOP('',(#2021,#2022,#2023,#2024));
#532=EDGE_LOOP('',(#2025));
#533=EDGE_LOOP('',(#2026,#2027,#2028,#2029));
#534=EDGE_LOOP('',(#2030,#2031,#2032,#2033));
#535=EDGE_LOOP('',(#2034,#2035,#2036,#2037,#2038,#2039,#2040,#2041,#2042,
#2043));
#536=EDGE_LOOP('',(#2044,#2045));
#537=EDGE_LOOP('',(#2046,#2047,#2048,#2049,#2050));
#538=EDGE_LOOP('',(#2051,#2052,#2053,#2054,#2055));
#539=EDGE_LOOP('',(#2056,#2057,#2058,#2059));
#540=EDGE_LOOP('',(#2060));
#541=EDGE_LOOP('',(#2061));
#542=EDGE_LOOP('',(#2062,#2063,#2064,#2065,#2066));
#543=EDGE_LOOP('',(#2067,#2068,#2069,#2070,#2071));
#544=EDGE_LOOP('',(#2072,#2073,#2074,#2075));
#545=EDGE_LOOP('',(#2076,#2077,#2078,#2079));
#546=EDGE_LOOP('',(#2080));
#547=EDGE_LOOP('',(#2081));
#548=EDGE_LOOP('',(#2082,#2083,#2084,#2085));
#549=EDGE_LOOP('',(#2086));
#550=EDGE_LOOP('',(#2087,#2088,#2089,#2090,#2091,#2092,#2093,#2094,#2095,
#2096,#2097,#2098,#2099,#2100,#2101,#2102,#2103,#2104,#2105,#2106,#2107,
#2108,#2109,#2110,#2111,#2112,#2113,#2114,#2115,#2116,#2117,#2118,#2119,
#2120,#2121,#2122,#2123,#2124,#2125,#2126,#2127,#2128,#2129,#2130,#2131,
#2132,#2133,#2134,#2135,#2136,#2137,#2138,#2139,#2140,#2141,#2142,#2143,
#2144,#2145,#2146,#2147,#2148,#2149,#2150,#2151,#2152,#2153,#2154,#2155,
#2156,#2157,#2158,#2159,#2160,#2161,#2162,#2163,#2164,#2165,#2166,#2167,
#2168,#2169,#2170,#2171,#2172,#2173,#2174,#2175,#2176,#2177,#2178,#2179,
#2180,#2181,#2182,#2183,#2184,#2185,#2186,#2187,#2188,#2189,#2190,#2191,
#2192,#2193,#2194,#2195,#2196,#2197,#2198,#2199,#2200,#2201,#2202,#2203,
#2204,#2205,#2206,#2207,#2208,#2209,#2210,#2211,#2212,#2213,#2214,#2215,
#2216,#2217,#2218));
#551=EDGE_LOOP('',(#2219,#2220,#2221,#2222));
#552=EDGE_LOOP('',(#2223));
#553=EDGE_LOOP('',(#2224,#2225,#2226,#2227,#2228,#2229,#2230,#2231,#2232,
#2233,#2234,#2235,#2236,#2237,#2238,#2239,#2240,#2241,#2242,#2243,#2244,
#2245,#2246,#2247,#2248,#2249,#2250,#2251,#2252,#2253,#2254,#2255,#2256,
#2257,#2258,#2259,#2260,#2261,#2262,#2263,#2264,#2265,#2266,#2267,#2268,
#2269,#2270,#2271,#2272,#2273,#2274,#2275,#2276,#2277,#2278,#2279,#2280,
#2281,#2282,#2283,#2284,#2285,#2286,#2287,#2288,#2289,#2290,#2291,#2292,
#2293,#2294,#2295,#2296,#2297,#2298,#2299,#2300,#2301,#2302,#2303,#2304,
#2305,#2306,#2307,#2308,#2309,#2310,#2311,#2312,#2313,#2314,#2315,#2316,
#2317,#2318,#2319,#2320,#2321,#2322,#2323,#2324,#2325,#2326,#2327,#2328,
#2329,#2330,#2331,#2332,#2333,#2334,#2335,#2336,#2337,#2338,#2339,#2340,
#2341,#2342,#2343,#2344,#2345,#2346,#2347,#2348,#2349,#2350,#2351,#2352,
#2353,#2354,#2355));
#554=EDGE_LOOP('',(#2356,#2357,#2358,#2359));
#555=EDGE_LOOP('',(#2360,#2361,#2362,#2363));
#556=EDGE_LOOP('',(#2364,#2365,#2366,#2367));
#557=EDGE_LOOP('',(#2368,#2369,#2370,#2371));
#558=EDGE_LOOP('',(#2372,#2373,#2374,#2375));
#559=EDGE_LOOP('',(#2376,#2377,#2378,#2379));
#560=EDGE_LOOP('',(#2380,#2381,#2382,#2383));
#561=EDGE_LOOP('',(#2384,#2385,#2386,#2387));
#562=EDGE_LOOP('',(#2388,#2389,#2390,#2391));
#563=EDGE_LOOP('',(#2392,#2393,#2394,#2395));
#564=EDGE_LOOP('',(#2396,#2397,#2398,#2399));
#565=EDGE_LOOP('',(#2400,#2401,#2402,#2403));
#566=EDGE_LOOP('',(#2404,#2405,#2406,#2407));
#567=EDGE_LOOP('',(#2408,#2409,#2410,#2411));
#568=EDGE_LOOP('',(#2412,#2413,#2414,#2415));
#569=EDGE_LOOP('',(#2416,#2417,#2418,#2419));
#570=EDGE_LOOP('',(#2420,#2421,#2422,#2423));
#571=EDGE_LOOP('',(#2424,#2425,#2426,#2427));
#572=EDGE_LOOP('',(#2428,#2429,#2430,#2431));
#573=EDGE_LOOP('',(#2432,#2433,#2434,#2435));
#574=EDGE_LOOP('',(#2436,#2437,#2438,#2439));
#575=EDGE_LOOP('',(#2440,#2441,#2442,#2443));
#576=EDGE_LOOP('',(#2444,#2445,#2446,#2447));
#577=EDGE_LOOP('',(#2448,#2449,#2450,#2451));
#578=EDGE_LOOP('',(#2452,#2453,#2454,#2455));
#579=EDGE_LOOP('',(#2456,#2457,#2458,#2459));
#580=EDGE_LOOP('',(#2460,#2461,#2462,#2463));
#581=EDGE_LOOP('',(#2464,#2465,#2466,#2467));
#582=EDGE_LOOP('',(#2468,#2469,#2470,#2471));
#583=EDGE_LOOP('',(#2472,#2473,#2474,#2475));
#584=EDGE_LOOP('',(#2476,#2477,#2478,#2479));
#585=EDGE_LOOP('',(#2480,#2481,#2482,#2483));
#586=EDGE_LOOP('',(#2484,#2485,#2486,#2487));
#587=EDGE_LOOP('',(#2488,#2489,#2490,#2491));
#588=EDGE_LOOP('',(#2492,#2493,#2494,#2495));
#589=EDGE_LOOP('',(#2496,#2497,#2498,#2499));
#590=EDGE_LOOP('',(#2500,#2501,#2502,#2503));
#591=EDGE_LOOP('',(#2504,#2505,#2506,#2507));
#592=EDGE_LOOP('',(#2508,#2509,#2510,#2511));
#593=EDGE_LOOP('',(#2512,#2513,#2514,#2515));
#594=EDGE_LOOP('',(#2516,#2517,#2518,#2519));
#595=EDGE_LOOP('',(#2520,#2521,#2522,#2523));
#596=EDGE_LOOP('',(#2524,#2525,#2526,#2527));
#597=EDGE_LOOP('',(#2528,#2529,#2530,#2531));
#598=EDGE_LOOP('',(#2532,#2533,#2534,#2535));
#599=EDGE_LOOP('',(#2536,#2537,#2538,#2539));
#600=EDGE_LOOP('',(#2540,#2541,#2542,#2543));
#601=EDGE_LOOP('',(#2544,#2545,#2546,#2547));
#602=EDGE_LOOP('',(#2548,#2549,#2550,#2551));
#603=EDGE_LOOP('',(#2552,#2553,#2554,#2555));
#604=EDGE_LOOP('',(#2556,#2557,#2558,#2559));
#605=EDGE_LOOP('',(#2560,#2561,#2562,#2563));
#606=EDGE_LOOP('',(#2564,#2565,#2566,#2567));
#607=EDGE_LOOP('',(#2568,#2569,#2570,#2571));
#608=EDGE_LOOP('',(#2572,#2573,#2574,#2575));
#609=EDGE_LOOP('',(#2576,#2577,#2578,#2579));
#610=EDGE_LOOP('',(#2580,#2581,#2582,#2583));
#611=EDGE_LOOP('',(#2584,#2585,#2586,#2587));
#612=EDGE_LOOP('',(#2588,#2589,#2590,#2591));
#613=EDGE_LOOP('',(#2592,#2593,#2594,#2595));
#614=EDGE_LOOP('',(#2596,#2597,#2598,#2599));
#615=EDGE_LOOP('',(#2600,#2601,#2602,#2603));
#616=EDGE_LOOP('',(#2604,#2605,#2606,#2607));
#617=EDGE_LOOP('',(#2608,#2609,#2610,#2611));
#618=EDGE_LOOP('',(#2612,#2613,#2614,#2615));
#619=EDGE_LOOP('',(#2616,#2617,#2618,#2619));
#620=EDGE_LOOP('',(#2620,#2621,#2622,#2623));
#621=EDGE_LOOP('',(#2624,#2625,#2626,#2627));
#622=EDGE_LOOP('',(#2628,#2629,#2630,#2631));
#623=EDGE_LOOP('',(#2632,#2633,#2634,#2635));
#624=EDGE_LOOP('',(#2636,#2637,#2638,#2639));
#625=EDGE_LOOP('',(#2640,#2641,#2642,#2643));
#626=EDGE_LOOP('',(#2644,#2645,#2646,#2647));
#627=EDGE_LOOP('',(#2648,#2649,#2650,#2651));
#628=EDGE_LOOP('',(#2652,#2653,#2654,#2655));
#629=EDGE_LOOP('',(#2656,#2657,#2658,#2659));
#630=EDGE_LOOP('',(#2660,#2661,#2662,#2663));
#631=EDGE_LOOP('',(#2664,#2665,#2666,#2667));
#632=EDGE_LOOP('',(#2668,#2669,#2670,#2671));
#633=EDGE_LOOP('',(#2672,#2673,#2674,#2675));
#634=EDGE_LOOP('',(#2676,#2677,#2678,#2679));
#635=EDGE_LOOP('',(#2680,#2681,#2682,#2683));
#636=EDGE_LOOP('',(#2684,#2685,#2686,#2687));
#637=EDGE_LOOP('',(#2688,#2689,#2690,#2691));
#638=EDGE_LOOP('',(#2692,#2693,#2694,#2695));
#639=EDGE_LOOP('',(#2696,#2697,#2698,#2699));
#640=EDGE_LOOP('',(#2700,#2701,#2702,#2703));
#641=EDGE_LOOP('',(#2704,#2705,#2706,#2707));
#642=EDGE_LOOP('',(#2708,#2709,#2710,#2711));
#643=EDGE_LOOP('',(#2712,#2713,#2714,#2715));
#644=EDGE_LOOP('',(#2716,#2717,#2718,#2719));
#645=EDGE_LOOP('',(#2720,#2721,#2722,#2723));
#646=EDGE_LOOP('',(#2724,#2725,#2726,#2727));
#647=EDGE_LOOP('',(#2728,#2729,#2730,#2731));
#648=EDGE_LOOP('',(#2732,#2733,#2734,#2735));
#649=EDGE_LOOP('',(#2736,#2737,#2738,#2739));
#650=EDGE_LOOP('',(#2740,#2741,#2742,#2743));
#651=EDGE_LOOP('',(#2744,#2745,#2746,#2747));
#652=EDGE_LOOP('',(#2748,#2749,#2750,#2751));
#653=EDGE_LOOP('',(#2752,#2753,#2754,#2755));
#654=EDGE_LOOP('',(#2756,#2757,#2758,#2759));
#655=EDGE_LOOP('',(#2760,#2761,#2762,#2763));
#656=EDGE_LOOP('',(#2764,#2765,#2766,#2767));
#657=EDGE_LOOP('',(#2768,#2769,#2770,#2771));
#658=EDGE_LOOP('',(#2772,#2773,#2774,#2775));
#659=EDGE_LOOP('',(#2776,#2777,#2778,#2779));
#660=EDGE_LOOP('',(#2780,#2781,#2782,#2783));
#661=EDGE_LOOP('',(#2784,#2785,#2786,#2787));
#662=EDGE_LOOP('',(#2788,#2789,#2790,#2791));
#663=EDGE_LOOP('',(#2792,#2793,#2794,#2795));
#664=EDGE_LOOP('',(#2796,#2797,#2798,#2799));
#665=EDGE_LOOP('',(#2800,#2801,#2802,#2803));
#666=EDGE_LOOP('',(#2804,#2805,#2806,#2807));
#667=EDGE_LOOP('',(#2808,#2809,#2810,#2811));
#668=EDGE_LOOP('',(#2812,#2813,#2814,#2815));
#669=EDGE_LOOP('',(#2816,#2817,#2818,#2819));
#670=EDGE_LOOP('',(#2820,#2821,#2822,#2823));
#671=EDGE_LOOP('',(#2824,#2825,#2826,#2827));
#672=EDGE_LOOP('',(#2828,#2829,#2830,#2831));
#673=EDGE_LOOP('',(#2832,#2833,#2834,#2835));
#674=EDGE_LOOP('',(#2836,#2837,#2838,#2839));
#675=EDGE_LOOP('',(#2840,#2841,#2842,#2843));
#676=EDGE_LOOP('',(#2844,#2845,#2846,#2847));
#677=EDGE_LOOP('',(#2848,#2849,#2850,#2851));
#678=EDGE_LOOP('',(#2852,#2853,#2854,#2855));
#679=EDGE_LOOP('',(#2856,#2857,#2858,#2859));
#680=EDGE_LOOP('',(#2860,#2861,#2862,#2863));
#681=EDGE_LOOP('',(#2864,#2865,#2866,#2867));
#682=EDGE_LOOP('',(#2868,#2869,#2870,#2871));
#683=EDGE_LOOP('',(#2872,#2873,#2874,#2875));
#684=EDGE_LOOP('',(#2876,#2877,#2878,#2879));
#685=EDGE_LOOP('',(#2880,#2881,#2882,#2883));
#686=B_SPLINE_CURVE_WITH_KNOTS('',3,(#4749,#4750,#4751,#4752,#4753,#4754,
#4755,#4756,#4757,#4758),.UNSPECIFIED.,.F.,.F.,(4,1,1,1,1,1,1,4),(-29.2464482592243,
-28.7599993129328,-28.2735503666414,-27.7871014203499,-27.3006524740584,
-26.8142035277669,-26.3277545814754,-26.2411154805795),.UNSPECIFIED.);
#687=B_SPLINE_CURVE_WITH_KNOTS('',3,(#4760,#4761,#4762,#4763,#4764,#4765,
#4766,#4767),.UNSPECIFIED.,.F.,.F.,(4,2,2,4),(-0.73925705446136,-0.722704866240651,
-0.602814075688933,-0.492677584014616),.UNSPECIFIED.);
#688=B_SPLINE_CURVE_WITH_KNOTS('',3,(#4768,#4769,#4770,#4771,#4772,#4773,
#4774,#4775,#4776,#4777,#4778,#4779),.UNSPECIFIED.,.F.,.F.,(4,1,1,1,1,1,
1,1,1,4),(-9.18462646519991,-8.89647474413305,-8.5665585550559,-8.31912141324803,
-8.07168427144017,-7.57680998782444,-7.08193570420872,-6.58706142059299,
-6.09218713697726,-5.90713317919143),.UNSPECIFIED.);
#689=B_SPLINE_CURVE_WITH_KNOTS('',3,(#4784,#4785,#4786,#4787,#4788,#4789,
#4790,#4791,#4792,#4793,#4794,#4795),.UNSPECIFIED.,.F.,.F.,(4,1,1,1,1,1,
1,1,1,4),(-26.2411154805795,-25.841305635184,-25.3548566888925,-25.0305573913648,
-24.7062580938372,-24.3819587963095,-24.0576594987819,-23.6252604354117,
-23.1928613720415,-22.9523057727321),.UNSPECIFIED.);
#690=B_SPLINE_CURVE_WITH_KNOTS('',3,(#4796,#4797,#4798,#4799,#4800,#4801,
#4802,#4803,#4804,#4805,#4806,#4807,#4808),.UNSPECIFIED.,.F.,.F.,(4,1,1,
1,1,1,1,1,1,1,4),(-12.4736190202314,-12.1956366349046,-11.8657204458274,
-11.5358042567503,-11.2058880676731,-10.7659998155702,-10.3261115634674,
-9.88622331136451,-9.55630712228735,-9.2263909332102,-9.18462646519991),
 .UNSPECIFIED.);
#691=B_SPLINE_CURVE_WITH_KNOTS('',3,(#4813,#4814,#4815,#4816,#4817,#4818,
#4819,#4820,#4821,#4822,#4823,#4824,#4825,#4826),.UNSPECIFIED.,.F.,.F.,
(4,1,1,1,1,1,1,1,1,1,1,4),(-22.9523057727321,-22.7604623086713,-22.4361630111436,
-22.111863713616,-21.7875644160883,-21.4632651185606,-21.138965821033,-20.8146665235053,
-20.4903672259777,-20.16606792845,-19.7336688650798,-19.6631723309587),
 .UNSPECIFIED.);
#692=B_SPLINE_CURVE_WITH_KNOTS('',3,(#4827,#4828,#4829,#4830,#4831,#4832,
#4833,#4834,#4835,#4836,#4837,#4838,#4839,#4840,#4841),.UNSPECIFIED.,.F.,
 .F.,(4,1,1,1,1,1,1,1,1,1,1,1,4),(-15.7627344072866,-15.4947985256761,-15.1648823365989,
-14.9449382105475,-14.5050499584446,-14.2851058323932,-14.0651617063418,
-13.8452175802903,-13.6252734542389,-13.185385202136,-12.8554690130589,
-12.5255528239817,-12.4736190202314),.UNSPECIFIED.);
#693=B_SPLINE_CURVE_WITH_KNOTS('',3,(#4846,#4847,#4848,#4849,#4850,#4851,
#4852,#4853,#4854,#4855,#4856,#4857),.UNSPECIFIED.,.F.,.F.,(4,1,1,1,1,1,
1,1,1,4),(-19.6631723309587,-19.3012698017096,-18.8688707383394,-18.4364716749692,
-18.004072611599,-17.5716735482288,-17.2473742507012,-16.9230749531735,
-16.5987756556459,-16.3743737319897),.UNSPECIFIED.);
#694=B_SPLINE_CURVE_WITH_KNOTS('',3,(#4858,#4859,#4860,#4861,#4862,#4863,
#4864,#4865,#4866,#4867,#4868,#4869,#4870,#4871),.UNSPECIFIED.,.F.,.F.,
(4,1,1,1,1,1,1,1,1,1,1,4),(-19.0517569168712,-18.7939604164476,-18.4640442273705,
-18.0241559752676,-17.8042118492161,-17.474295660139,-17.1443794710618,
-16.8144632819847,-16.4845470929075,-16.1546309038304,-15.8247147147532,
-15.7627344072866),.UNSPECIFIED.);
#695=B_SPLINE_CURVE_WITH_KNOTS('',3,(#4876,#4877,#4878,#4879,#4880,#4881,
#4882,#4883,#4884,#4885,#4886,#4887,#4888,#4889),.UNSPECIFIED.,.F.,.F.,
(4,1,1,1,1,1,1,1,1,1,1,4),(-16.3743737319897,-16.2744763581182,-15.9501770605905,
-15.6258777630629,-15.3015784655352,-14.9772791680076,-14.6529798704799,
-14.3286805729523,-14.0043812754246,-13.680081977897,-13.3557826803693,
-13.0853656640182),.UNSPECIFIED.);
#696=B_SPLINE_CURVE_WITH_KNOTS('',3,(#4890,#4891,#4892,#4893,#4894,#4895,
#4896,#4897,#4898,#4899,#4900,#4901,#4902),.UNSPECIFIED.,.F.,.F.,(4,1,1,
1,1,1,1,1,1,1,4),(-22.3410045104932,-22.2030943702448,-21.763206118142,
-21.3233178660391,-20.8834296139362,-20.4435413618334,-20.1136251727562,
-19.7837089836791,-19.4537927946019,-19.1238766055248,-19.0517569168712),
 .UNSPECIFIED.);
#697=B_SPLINE_CURVE_WITH_KNOTS('',3,(#4907,#4908,#4909,#4910,#4911,#4912,
#4913,#4914,#4915,#4916,#4917,#4918,#4919),.UNSPECIFIED.,.F.,.F.,(4,1,1,
1,1,1,1,1,1,1,4),(-13.0853656640182,-13.0314833828417,-12.707184085314,
-12.3828847877864,-11.9504857244162,-11.518086661046,-11.0856875976757,
-10.7613883001481,-10.4370890026204,-10.1127897050928,-9.79626785122824),
 .UNSPECIFIED.);
#698=B_SPLINE_CURVE_WITH_KNOTS('',3,(#4920,#4921,#4922,#4923,#4924,#4925,
#4926,#4927,#4928,#4929,#4930,#4931,#4932),.UNSPECIFIED.,.F.,.F.,(4,1,1,
1,1,1,1,1,1,1,4),(-25.6297565548078,-25.3922841979906,-25.0623680089135,
-24.7324518198363,-24.4025356307592,-24.072619441682,-23.7427032526049,
-23.4127870635277,-23.0828708744506,-22.6429826223477,-22.3410045104932),
 .UNSPECIFIED.);
#699=B_SPLINE_CURVE_WITH_KNOTS('',3,(#4937,#4938,#4939,#4940,#4941,#4942,
#4943,#4944,#4945,#4946,#4947,#4948,#4949,#4950),.UNSPECIFIED.,.F.,.F.,
(4,1,1,1,1,1,1,1,1,1,1,4),(-9.79626785122824,-9.78849040756513,-9.46419111003748,
-9.13989181250983,-8.81559251498217,-8.49129321745452,-8.05889415408432,
-7.62649509071411,-7.19409602734391,-6.86979672981626,-6.5454974322886,
-6.5071934161066),.UNSPECIFIED.);
#700=B_SPLINE_CURVE_WITH_KNOTS('',3,(#4951,#4952,#4953,#4954,#4955,#4956,
#4957,#4958,#4959,#4960,#4961,#4962,#4963,#4964),.UNSPECIFIED.,.F.,.F.,
(4,1,1,1,1,1,1,1,1,1,1,4),(-28.9190333102995,-28.8564041833007,-28.6089670414929,
-28.361529899685,-28.0316137106079,-27.7016975215307,-27.3717813324535,
-27.0418651433764,-26.6019768912735,-26.1620886391707,-25.7222003870678,
-25.6297565548078),.UNSPECIFIED.);
#701=B_SPLINE_CURVE_WITH_KNOTS('',3,(#4970,#4971,#4972,#4973),
 .UNSPECIFIED.,.F.,.F.,(4,4),(-32.3205241686108,-32.2078481573074),
 .UNSPECIFIED.);
#702=B_SPLINE_CURVE_WITH_KNOTS('',3,(#4976,#4977,#4978,#4979,#4980,#4981),
 .UNSPECIFIED.,.F.,.F.,(4,1,1,4),(-3.21822137327551,-2.97820515948442,-2.49175621319294,
-2.27118411957475),.UNSPECIFIED.);
#703=B_SPLINE_CURVE_WITH_KNOTS('',3,(#4985,#4986,#4987,#4988,#4989,#4990,
#4991,#4992,#4993,#4994,#4995,#4996,#4997,#4998),.UNSPECIFIED.,.F.,.F.,
(4,2,2,2,2,2,4),(-1.16324969406619,-1.05998805346388,-0.942060601883587,
-0.824133150303294,-0.706205698723001,-0.588617999832397,-0.471030300941794),
 .UNSPECIFIED.);
#704=B_SPLINE_CURVE_WITH_KNOTS('',3,(#5002,#5003,#5004,#5005,#5006,#5007,
#5008),.UNSPECIFIED.,.F.,.F.,(4,3,4),(-0.068390452696037,-0.0581751378227015,
-0.0504493738059029),.UNSPECIFIED.);
#705=B_SPLINE_CURVE_WITH_KNOTS('',3,(#5010,#5011,#5012,#5013,#5014,#5015),
 .UNSPECIFIED.,.F.,.F.,(4,2,4),(0.061454617559922,0.121570852016889,0.211019252368541),
 .UNSPECIFIED.);
#706=B_SPLINE_CURVE_WITH_KNOTS('',3,(#5017,#5018,#5019,#5020,#5021,#5022,
#5023,#5024),.UNSPECIFIED.,.F.,.F.,(4,2,2,4),(-0.0573049724417533,-0.0367258850052441,
-0.0178790866006871,0.),.UNSPECIFIED.);
#707=B_SPLINE_CURVE_WITH_KNOTS('',3,(#5026,#5027,#5028,#5029,#5030,#5031,
#5032,#5033,#5034,#5035,#5036,#5037,#5038,#5039,#5040,#5041,#5042,#5043,
#5044,#5045,#5046,#5047,#5048,#5049,#5050,#5051,#5052,#5053,#5054,#5055,
#5056,#5057,#5058,#5059,#5060,#5061),.UNSPECIFIED.,.F.,.F.,(4,2,2,2,2,2,
2,2,2,2,2,2,2,2,2,2,2,4),(-0.988501354500748,-0.891529097134134,-0.79442098105441,
-0.70282883580525,-0.616268229752763,-0.545973214553594,-0.506089776509727,
-0.501137792893435,-0.498928748572652,-0.497288435744874,-0.495764137901722,
-0.493279167162691,-0.487144417995558,-0.395036955091563,-0.274852625542759,
-0.146813758547339,-0.0112398453820304,0.),.UNSPECIFIED.);
#708=B_SPLINE_CURVE_WITH_KNOTS('',3,(#5063,#5064,#5065,#5066,#5067,#5068,
#5069,#5070,#5071,#5072),.UNSPECIFIED.,.F.,.F.,(4,2,2,2,4),(-0.0587680802155484,
-0.0457881740944178,-0.0321978435971317,-0.00154601072839331,0.),
 .UNSPECIFIED.);
#709=B_SPLINE_CURVE_WITH_KNOTS('',3,(#5074,#5075,#5076,#5077,#5078,#5079),
 .UNSPECIFIED.,.F.,.F.,(4,2,4),(0.894914145052519,0.965846570274429,1.04430454449829),
 .UNSPECIFIED.);
#710=B_SPLINE_CURVE_WITH_KNOTS('',3,(#5081,#5082,#5083,#5084,#5085,#5086),
 .UNSPECIFIED.,.F.,.F.,(4,2,4),(-0.0717197618058315,-0.0262791525680475,
-4.7705011885224E-9),.UNSPECIFIED.);
#711=B_SPLINE_CURVE_WITH_KNOTS('',3,(#5088,#5089,#5090,#5091,#5092,#5093),
 .UNSPECIFIED.,.F.,.F.,(4,2,4),(-0.121782386876676,-0.0640047730188026,
0.),.UNSPECIFIED.);
#712=B_SPLINE_CURVE_WITH_KNOTS('',3,(#5096,#5097,#5098,#5099,#5100,#5101,
#5102,#5103,#5104,#5105,#5106,#5107,#5108,#5109,#5110),.UNSPECIFIED.,.F.,
 .F.,(4,2,2,2,3,2,4),(-0.471030300941794,-0.35344260205119,-0.235854903160587,
-0.117927451580293,0.,0.117927451580293,0.221189092182603),
 .UNSPECIFIED.);
#713=B_SPLINE_CURVE_WITH_KNOTS('',3,(#5115,#5116,#5117,#5118,#5119,#5120,
#5121,#5122),.UNSPECIFIED.,.F.,.F.,(4,2,2,4),(-0.367247392882612,-0.273862416795942,
-0.173997934632847,-0.0556379876624288),.UNSPECIFIED.);
#714=B_SPLINE_CURVE_WITH_KNOTS('',3,(#5123,#5124,#5125,#5126,#5127,#5128),
 .UNSPECIFIED.,.F.,.F.,(4,2,4),(-0.170468578186504,-0.113683240967992,0.),
 .UNSPECIFIED.);
#715=B_SPLINE_CURVE_WITH_KNOTS('',3,(#5451,#5452,#5453,#5454,#5455,#5456,
#5457,#5458,#5459,#5460,#5461,#5462,#5463,#5464,#5465,#5466,#5467,#5468,
#5469,#5470,#5471,#5472,#5473,#5474,#5475,#5476,#5477,#5478,#5479,#5480,
#5481,#5482,#5483,#5484,#5485,#5486,#5487,#5488,#5489,#5490,#5491,#5492,
#5493,#5494,#5495,#5496,#5497,#5498,#5499,#5500,#5501,#5502,#5503,#5504,
#5505,#5506,#5507,#5508,#5509,#5510,#5511,#5512,#5513,#5514,#5515,#5516,
#5517,#5518,#5519,#5520,#5521,#5522,#5523,#5524,#5525,#5526,#5527,#5528,
#5529),.UNSPECIFIED.,.F.,.F.,(4,1,1,1,1,1,1,1,1,1,1,1,1,1,1,1,1,1,1,1,1,
1,1,1,1,1,1,1,1,1,1,1,1,1,1,1,1,1,1,1,1,1,1,1,1,1,1,1,1,1,1,1,1,1,1,1,1,
1,1,1,1,1,1,1,1,1,1,1,1,1,1,1,1,1,1,1,4),(4.60756428613008,4.85500142793794,
5.10243856974581,5.59731285336153,6.09218713697726,6.58706142059299,7.08193570420872,
7.57680998782444,8.07168427144017,8.31912141324803,8.5665585550559,8.89647474413305,
9.2263909332102,9.55630712228735,9.88622331136451,10.3261115634674,10.7659998155702,
11.2058880676731,11.5358042567503,11.8657204458274,12.1956366349046,12.5255528239817,
12.8554690130589,13.185385202136,13.6252734542389,13.8452175802903,14.0651617063418,
14.2851058323932,14.5050499584446,14.9449382105475,15.1648823365989,15.4947985256761,
15.8247147147532,16.1546309038304,16.4845470929075,16.8144632819847,17.1443794710618,
17.474295660139,17.8042118492161,18.0241559752676,18.4640442273705,18.7939604164476,
19.1238766055248,19.4537927946019,19.7837089836791,20.1136251727562,20.4435413618334,
20.8834296139362,21.3233178660391,21.763206118142,22.2030943702448,22.6429826223477,
23.0828708744506,23.4127870635277,23.7427032526049,24.072619441682,24.4025356307592,
24.7324518198363,25.0623680089135,25.3922841979906,25.7222003870678,26.1620886391707,
26.6019768912735,27.0418651433764,27.3717813324535,27.7016975215307,28.0316137106079,
28.361529899685,28.6089670414929,28.8564041833007,29.3512784669165,29.8461527505322,
30.3410270341479,30.8359013177636,31.3307756013794,31.8256498849951,32.0541597687508),
 .UNSPECIFIED.);
#716=B_SPLINE_CURVE_WITH_KNOTS('',3,(#5530,#5531,#5532,#5533,#5534,#5535),
 .UNSPECIFIED.,.F.,.F.,(4,2,4),(0.,0.114893878546937,0.242578825272908),
 .UNSPECIFIED.);
#717=B_SPLINE_CURVE_WITH_KNOTS('',3,(#5536,#5537,#5538,#5539,#5540,#5541,
#5542,#5543,#5544,#5545,#5546),.UNSPECIFIED.,.F.,.F.,(4,1,1,1,1,1,1,1,4),
(-32.2078481573074,-32.073087026803,-31.8256498849951,-31.3307756013794,
-30.8359013177636,-30.3410270341479,-29.8461527505322,-29.3512784669165,
-28.9190333102995),.UNSPECIFIED.);
#718=B_SPLINE_CURVE_WITH_KNOTS('',3,(#5548,#5549,#5550,#5551,#5552,#5553,
#5554,#5555,#5556,#5557,#5558,#5559,#5560,#5561,#5562,#5563,#5564,#5565,
#5566,#5567,#5568,#5569,#5570,#5571,#5572,#5573,#5574,#5575,#5576,#5577,
#5578,#5579,#5580,#5581,#5582,#5583,#5584,#5585,#5586,#5587,#5588,#5589,
#5590,#5591,#5592,#5593,#5594,#5595,#5596,#5597,#5598,#5599,#5600,#5601,
#5602),.UNSPECIFIED.,.F.,.F.,(4,3,3,3,3,3,3,3,3,3,3,3,3,3,3,3,3,3,4),(-0.151842450822526,
-0.135958885945,-0.127292341627648,-0.110304781684717,-0.0927661612697849,
-0.0898143518198283,-0.0786510251754032,-0.0778930424405712,-0.0775449465037177,
-0.0772823243080322,-0.0770352346997731,-0.0766928936979243,-0.0760022192185034,
-0.0699350442657999,-0.0527909026718537,-0.0356829887291882,-0.0185207333096017,
-0.00135847789001512,0.),.UNSPECIFIED.);
#719=B_SPLINE_CURVE_WITH_KNOTS('',3,(#5603,#5604,#5605,#5606,#5607,#5608,
#5609),.UNSPECIFIED.,.F.,.F.,(4,1,1,1,4),(-5.73220057872412,-5.59731285336153,
-5.10243856974581,-4.85500142793794,-4.63747117535864),.UNSPECIFIED.);
#720=B_SPLINE_CURVE_WITH_KNOTS('',3,(#5661,#5662,#5663,#5664,#5665,#5666),
 .UNSPECIFIED.,.F.,.F.,(4,1,1,4),(29.9203982350741,30.3122194040691,30.5780748859023,
30.8439303677355),.UNSPECIFIED.);
#721=B_SPLINE_CURVE_WITH_KNOTS('',3,(#5668,#5669,#5670,#5671,#5672,#5673,
#5674,#5675,#5676,#5677),.UNSPECIFIED.,.F.,.F.,(4,2,2,2,4),(-0.3960565651291,
-0.340173280823244,-0.285038573019876,-0.192385483732672,-0.101307894196151),
 .UNSPECIFIED.);
#722=B_SPLINE_CURVE_WITH_KNOTS('',3,(#5679,#5680,#5681,#5682,#5683,#5684,
#5685,#5686),.UNSPECIFIED.,.F.,.F.,(4,2,2,4),(-0.384299305158438,-0.296726142628108,
-0.163660093421095,0.),.UNSPECIFIED.);
#723=B_SPLINE_CURVE_WITH_KNOTS('',3,(#5688,#5689,#5690,#5691,#5692,#5693),
 .UNSPECIFIED.,.F.,.F.,(4,1,1,4),(2.00530726690149,2.27284015726351,2.54037304762553,
2.78574761872204),.UNSPECIFIED.);
#724=B_SPLINE_CURVE_WITH_KNOTS('',3,(#5695,#5696,#5697,#5698,#5699,#5700,
#5701,#5702,#5703,#5704,#5705,#5706,#5707,#5708,#5709,#5710,#5711,#5712,
#5713,#5714,#5715,#5716,#5717,#5718,#5719,#5720),.UNSPECIFIED.,.F.,.F.,
(4,2,2,2,2,2,2,2,2,2,2,2,4),(0.116741314744871,0.150536927228242,0.316770343686207,
0.495653565985282,0.681055218121176,0.869797946164925,1.05929393664145,
1.2472118175412,1.43123960242199,1.60890705139946,1.777398024436,1.92322157640414,
1.93241343509708),.UNSPECIFIED.);
#725=B_SPLINE_CURVE_WITH_KNOTS('',3,(#5721,#5722,#5723,#5724,#5725,#5726),
 .UNSPECIFIED.,.F.,.F.,(4,1,1,4),(31.2737842899965,31.7223870951169,32.0214556318638,
32.0541082456817),.UNSPECIFIED.);
#726=B_SPLINE_CURVE_WITH_KNOTS('',3,(#5729,#5730,#5731,#5732,#5733,#5734,
#5735,#5736),.UNSPECIFIED.,.F.,.F.,(4,2,2,4),(-0.345320193508824,-0.243141704033778,
-0.121570852016889,-0.0860666434805543),.UNSPECIFIED.);
#727=B_SPLINE_CURVE_WITH_KNOTS('',3,(#5737,#5738,#5739,#5740,#5741,#5742),
 .UNSPECIFIED.,.F.,.F.,(4,1,1,4),(-30.7856807298034,-30.5780748859023,-30.3122194040691,
-29.9134361813193),.UNSPECIFIED.);
#728=B_SPLINE_CURVE_WITH_KNOTS('',3,(#5745,#5746,#5747,#5748,#5749,#5750),
 .UNSPECIFIED.,.F.,.F.,(4,1,1,4),(-32.3205241686108,-32.0214556318638,-31.7223870951169,
-31.4724659429092),.UNSPECIFIED.);
#729=B_SPLINE_CURVE_WITH_KNOTS('',3,(#5753,#5754,#5755,#5756,#5757,#5758,
#5759,#5760,#5761,#5762),.UNSPECIFIED.,.F.,.F.,(4,1,1,1,1,1,1,4),(-3.85855384388459,
-3.61050460907361,-3.34297171871159,-3.07543882834957,-2.80790593798755,
-2.54037304762553,-2.27284015726351,-2.27159174596029),.UNSPECIFIED.);
#730=B_SPLINE_CURVE_WITH_KNOTS('',3,(#5787,#5788,#5789,#5790,#5791,#5792,
#5793,#5794,#5795,#5796,#5797,#5798,#5799,#5800,#5801,#5802,#5803,#5804,
#5805,#5806,#5807,#5808,#5809,#5810,#5811,#5812,#5813,#5814),
 .UNSPECIFIED.,.F.,.F.,(4,3,3,3,3,3,3,3,3,4),(-0.0557262309175422,-0.0553879357210108,
-0.0544821711152326,-0.0458762083681992,-0.0382267369374277,-0.0294053372772122,
-0.0205839376169968,-0.00958406916974723,-0.00127046087741699,0.),
 .UNSPECIFIED.);
#731=B_SPLINE_CURVE_WITH_KNOTS('',3,(#5839,#5840,#5841,#5842,#5843,#5844),
 .UNSPECIFIED.,.F.,.F.,(4,2,4),(0.,0.114893878546825,0.242578825272606),
 .UNSPECIFIED.);
#732=B_SPLINE_CURVE_WITH_KNOTS('',3,(#5848,#5849,#5850,#5851,#5852,#5853,
#5854,#5855,#5856,#5857,#5858,#5859,#5860,#5861,#5862,#5863,#5864,#5865,
#5866,#5867,#5868,#5869,#5870,#5871,#5872,#5873,#5874),.UNSPECIFIED.,.F.,
 .F.,(4,2,2,2,2,2,2,2,2,2,3,2,4),(-1.16324969406619,-1.05998805346388,-0.942060601883587,
-0.824133150303294,-0.706205698723001,-0.588617999832397,-0.471030300941794,
-0.35344260205119,-0.235854903160587,-0.117927451580293,0.,0.117927451580293,
0.221189092182603),.UNSPECIFIED.);
#733=B_SPLINE_CURVE_WITH_KNOTS('',3,(#5877,#5878,#5879,#5880,#5881,#5882,
#5883,#5884,#5885,#5886,#5887,#5888,#5889,#5890,#5891,#5892,#5893,#5894,
#5895,#5896,#5897,#5898,#5899,#5900,#5901,#5902),.UNSPECIFIED.,.F.,.F.,
(4,2,2,2,2,2,2,2,2,2,2,2,4),(-0.0569216464372313,-0.0556249912973802,-0.050777809929598,
-0.0483504873019264,-0.0469260800770157,-0.0459165198785405,-0.0440530032057995,
-0.0205533794911011,-0.0110785871535201,-0.00612431701013536,-0.00349613600247592,
-0.00191846078236693,0.),.UNSPECIFIED.);
#734=B_SPLINE_CURVE_WITH_KNOTS('',3,(#5904,#5905,#5906,#5907,#5908,#5909,
#5910,#5911,#5912,#5913,#5914,#5915),.UNSPECIFIED.,.F.,.F.,(4,2,2,2,2,4),
(-0.378347067671119,-0.290650459429978,-0.206533729882198,-0.10834448371439,
-0.00798418979696042,0.),.UNSPECIFIED.);
#735=B_SPLINE_CURVE_WITH_KNOTS('',3,(#5917,#5918,#5919,#5920,#5921,#5922,
#5923,#5924,#5925,#5926,#5927,#5928,#5929,#5930,#5931,#5932),
 .UNSPECIFIED.,.F.,.F.,(4,3,3,3,3,4),(-0.0295478993097328,-0.0213707860280527,
-0.0133928551365441,-0.00578622115140491,-0.000916790078698354,0.),
 .UNSPECIFIED.);
#736=B_SPLINE_CURVE_WITH_KNOTS('',3,(#5936,#5937,#5938,#5939,#5940,#5941),
 .UNSPECIFIED.,.F.,.F.,(4,2,4),(-0.1594520827208,-0.0805425073840183,-0.063992077155744),
 .UNSPECIFIED.);
#737=B_SPLINE_CURVE_WITH_KNOTS('',3,(#6472,#6473,#6474,#6475,#6476,#6477,
#6478),.UNSPECIFIED.,.F.,.F.,(4,1,1,1,4),(2.91230593025771,3.07543882834957,
3.34297171871159,3.61050460907361,3.87803749943563),.UNSPECIFIED.);
#738=B_SPLINE_CURVE_WITH_KNOTS('',3,(#6480,#6481,#6482,#6483,#6484,#6485,
#6486,#6487,#6488,#6489,#6490,#6491,#6492,#6493,#6494,#6495,#6496,#6497,
#6498,#6499,#6500,#6501,#6502,#6503,#6504,#6505,#6506,#6507,#6508,#6509,
#6510,#6511,#6512,#6513,#6514,#6515,#6516,#6517,#6518,#6519,#6520,#6521,
#6522,#6523,#6524,#6525,#6526,#6527,#6528,#6529,#6530,#6531,#6532,#6533,
#6534,#6535,#6536,#6537,#6538,#6539,#6540,#6541,#6542,#6543,#6544,#6545,
#6546,#6547,#6548,#6549,#6550,#6551,#6552,#6553),.UNSPECIFIED.,.F.,.F.,
(4,1,1,1,1,1,1,1,1,1,1,1,1,1,1,1,1,1,1,1,1,1,1,1,1,1,1,1,1,1,1,1,1,1,1,
1,1,1,1,1,1,1,1,1,1,1,1,1,1,1,1,1,1,1,1,1,1,1,1,1,1,1,1,1,1,1,1,1,1,1,1,
4),(2.00530726690146,2.49175621319294,2.97820515948442,3.4646541057759,
3.95110305206738,4.43755199835886,4.92400094465034,5.41044989094182,5.8968988372333,
6.22119813476095,6.5454974322886,6.86979672981626,7.19409602734391,7.62649509071411,
8.05889415408432,8.49129321745452,8.81559251498217,9.13989181250983,9.46419111003748,
9.78849040756513,10.1127897050928,10.4370890026204,10.7613883001481,11.0856875976757,
11.518086661046,11.9504857244162,12.3828847877864,12.707184085314,13.0314833828417,
13.3557826803693,13.680081977897,14.0043812754246,14.3286805729523,14.6529798704799,
14.9772791680076,15.3015784655352,15.6258777630629,15.9501770605905,16.2744763581182,
16.5987756556459,16.9230749531735,17.2473742507012,17.5716735482288,18.004072611599,
18.4364716749692,18.8688707383394,19.3012698017096,19.7336688650798,20.16606792845,
20.4903672259777,20.8146665235053,21.138965821033,21.4632651185606,21.7875644160883,
22.111863713616,22.4361630111436,22.7604623086713,23.1928613720415,23.6252604354117,
24.0576594987819,24.3819587963095,24.7062580938372,25.0305573913648,25.3548566888925,
25.841305635184,26.3277545814754,26.8142035277669,27.3006524740584,27.7871014203499,
28.2735503666414,28.7599993129328,29.2241609117828),.UNSPECIFIED.);
#739=B_SPLINE_CURVE_WITH_KNOTS('',3,(#6554,#6555,#6556,#6557,#6558,#6559,
#6560,#6561,#6562,#6563,#6564,#6565,#6566,#6567,#6568,#6569,#6570,#6571,
#6572,#6573,#6574,#6575,#6576,#6577,#6578,#6579),.UNSPECIFIED.,.F.,.F.,
(4,2,2,2,2,2,2,2,2,2,2,2,4),(0.116741314744873,0.150536927228239,0.316770343686191,
0.495653565985261,0.681055218121153,0.869797946164899,1.05929393664142,
1.24721181754116,1.43123960242195,1.60890705139942,1.77739802443596,1.92322157640409,
1.93241343509703),.UNSPECIFIED.);
#740=B_SPLINE_CURVE_WITH_KNOTS('',3,(#6876,#6877,#6878,#6879,#6880,#6881,
#6882,#6883,#6884,#6885,#6886),.UNSPECIFIED.,.F.,.F.,(4,1,1,1,1,1,1,1,4),
(-6.5071934161066,-6.22119813476095,-5.8968988372333,-5.41044989094182,
-4.92400094465034,-4.43755199835886,-3.95110305206738,-3.4646541057759,
-3.21822137327551),.UNSPECIFIED.);
#741=B_SPLINE_CURVE_WITH_KNOTS('',3,(#6887,#6888,#6889,#6890,#6891,#6892,
#6893,#6894),.UNSPECIFIED.,.F.,.F.,(4,2,2,4),(0.,0.0838202845083693,0.163907123163941,
0.236582302746338),.UNSPECIFIED.);
#742=B_SPLINE_CURVE_WITH_KNOTS('',3,(#6936,#6937,#6938,#6939,#6940,#6941,
#6942,#6943),.UNSPECIFIED.,.F.,.F.,(4,2,2,4),(0.,0.0838202845083787,0.163907123163963,
0.236582302746371),.UNSPECIFIED.);
#743=LINE('',#4747,#896);
#744=LINE('',#4783,#897);
#745=LINE('',#4812,#898);
#746=LINE('',#4845,#899);
#747=LINE('',#4875,#900);
#748=LINE('',#4906,#901);
#749=LINE('',#4936,#902);
#750=LINE('',#4968,#903);
#751=LINE('',#5000,#904);
#752=LINE('',#5095,#905);
#753=LINE('',#5875,#906);
#754=LINE('',#5933,#907);
#755=LINE('',#6951,#908);
#756=LINE('',#6961,#909);
#757=LINE('',#6962,#910);
#758=LINE('',#6971,#911);
#759=LINE('',#6988,#912);
#760=LINE('',#6994,#913);
#761=LINE('',#6999,#914);
#762=LINE('',#7003,#915);
#763=LINE('',#7273,#916);
#764=LINE('',#7540,#917);
#765=LINE('',#7541,#918);
#766=LINE('',#7543,#919);
#767=LINE('',#7545,#920);
#768=LINE('',#7547,#921);
#769=LINE('',#7549,#922);
#770=LINE('',#7551,#923);
#771=LINE('',#7553,#924);
#772=LINE('',#7555,#925);
#773=LINE('',#7557,#926);
#774=LINE('',#7559,#927);
#775=LINE('',#7561,#928);
#776=LINE('',#7563,#929);
#777=LINE('',#7565,#930);
#778=LINE('',#7567,#931);
#779=LINE('',#7569,#932);
#780=LINE('',#7571,#933);
#781=LINE('',#7573,#934);
#782=LINE('',#7575,#935);
#783=LINE('',#7577,#936);
#784=LINE('',#7579,#937);
#785=LINE('',#7581,#938);
#786=LINE('',#7583,#939);
#787=LINE('',#7585,#940);
#788=LINE('',#7587,#941);
#789=LINE('',#7589,#942);
#790=LINE('',#7591,#943);
#791=LINE('',#7593,#944);
#792=LINE('',#7595,#945);
#793=LINE('',#7597,#946);
#794=LINE('',#7599,#947);
#795=LINE('',#7601,#948);
#796=LINE('',#7603,#949);
#797=LINE('',#7605,#950);
#798=LINE('',#7607,#951);
#799=LINE('',#7609,#952);
#800=LINE('',#7611,#953);
#801=LINE('',#7613,#954);
#802=LINE('',#7615,#955);
#803=LINE('',#7617,#956);
#804=LINE('',#7619,#957);
#805=LINE('',#7621,#958);
#806=LINE('',#7623,#959);
#807=LINE('',#7625,#960);
#808=LINE('',#7627,#961);
#809=LINE('',#7629,#962);
#810=LINE('',#7631,#963);
#811=LINE('',#7633,#964);
#812=LINE('',#7635,#965);
#813=LINE('',#7637,#966);
#814=LINE('',#7639,#967);
#815=LINE('',#7641,#968);
#816=LINE('',#7643,#969);
#817=LINE('',#7645,#970);
#818=LINE('',#7647,#971);
#819=LINE('',#7649,#972);
#820=LINE('',#7651,#973);
#821=LINE('',#7653,#974);
#822=LINE('',#7655,#975);
#823=LINE('',#7657,#976);
#824=LINE('',#7659,#977);
#825=LINE('',#7661,#978);
#826=LINE('',#7663,#979);
#827=LINE('',#7665,#980);
#828=LINE('',#7667,#981);
#829=LINE('',#7669,#982);
#830=LINE('',#7671,#983);
#831=LINE('',#7673,#984);
#832=LINE('',#7675,#985);
#833=LINE('',#7677,#986);
#834=LINE('',#7679,#987);
#835=LINE('',#7681,#988);
#836=LINE('',#7683,#989);
#837=LINE('',#7685,#990);
#838=LINE('',#7687,#991);
#839=LINE('',#7689,#992);
#840=LINE('',#7691,#993);
#841=LINE('',#7693,#994);
#842=LINE('',#7695,#995);
#843=LINE('',#7697,#996);
#844=LINE('',#7699,#997);
#845=LINE('',#7701,#998);
#846=LINE('',#7703,#999);
#847=LINE('',#7705,#1000);
#848=LINE('',#7707,#1001);
#849=LINE('',#7709,#1002);
#850=LINE('',#7711,#1003);
#851=LINE('',#7713,#1004);
#852=LINE('',#7715,#1005);
#853=LINE('',#7717,#1006);
#854=LINE('',#7719,#1007);
#855=LINE('',#7721,#1008);
#856=LINE('',#7723,#1009);
#857=LINE('',#7725,#1010);
#858=LINE('',#7727,#1011);
#859=LINE('',#7729,#1012);
#860=LINE('',#7731,#1013);
#861=LINE('',#7733,#1014);
#862=LINE('',#7735,#1015);
#863=LINE('',#7737,#1016);
#864=LINE('',#7739,#1017);
#865=LINE('',#7741,#1018);
#866=LINE('',#7743,#1019);
#867=LINE('',#7745,#1020);
#868=LINE('',#7747,#1021);
#869=LINE('',#7749,#1022);
#870=LINE('',#7751,#1023);
#871=LINE('',#7753,#1024);
#872=LINE('',#7755,#1025);
#873=LINE('',#7757,#1026);
#874=LINE('',#7759,#1027);
#875=LINE('',#7761,#1028);
#876=LINE('',#7763,#1029);
#877=LINE('',#7765,#1030);
#878=LINE('',#7767,#1031);
#879=LINE('',#7769,#1032);
#880=LINE('',#7771,#1033);
#881=LINE('',#7773,#1034);
#882=LINE('',#7775,#1035);
#883=LINE('',#7777,#1036);
#884=LINE('',#7779,#1037);
#885=LINE('',#7781,#1038);
#886=LINE('',#7783,#1039);
#887=LINE('',#7785,#1040);
#888=LINE('',#7787,#1041);
#889=LINE('',#7789,#1042);
#890=LINE('',#7791,#1043);
#891=LINE('',#7793,#1044);
#892=LINE('',#7795,#1045);
#893=LINE('',#7797,#1046);
#894=LINE('',#7799,#1047);
#895=LINE('',#7801,#1048);
#896=VECTOR('',#3680,4.);
#897=VECTOR('',#3683,4.);
#898=VECTOR('',#3686,4.);
#899=VECTOR('',#3689,4.);
#900=VECTOR('',#3692,4.);
#901=VECTOR('',#3695,4.);
#902=VECTOR('',#3698,4.);
#903=VECTOR('',#3701,4.);
#904=VECTOR('',#3706,10.);
#905=VECTOR('',#3707,10.);
#906=VECTOR('',#3722,10.);
#907=VECTOR('',#3723,10.);
#908=VECTOR('',#3738,5.55);
#909=VECTOR('',#3753,6.05);
#910=VECTOR('',#3754,6.05);
#911=VECTOR('',#3765,6.05);
#912=VECTOR('',#3788,7.5);
#913=VECTOR('',#3795,6.8);
#914=VECTOR('',#3802,7.5);
#915=VECTOR('',#3807,7.2);
#916=VECTOR('',#4080,7.2);
#917=VECTOR('',#4349,10.);
#918=VECTOR('',#4350,10.);
#919=VECTOR('',#4353,10.);
#920=VECTOR('',#4356,10.);
#921=VECTOR('',#4359,10.);
#922=VECTOR('',#4362,10.);
#923=VECTOR('',#4365,10.);
#924=VECTOR('',#4368,10.);
#925=VECTOR('',#4371,10.);
#926=VECTOR('',#4374,10.);
#927=VECTOR('',#4377,10.);
#928=VECTOR('',#4380,10.);
#929=VECTOR('',#4383,10.);
#930=VECTOR('',#4386,10.);
#931=VECTOR('',#4389,10.);
#932=VECTOR('',#4392,10.);
#933=VECTOR('',#4395,10.);
#934=VECTOR('',#4398,10.);
#935=VECTOR('',#4401,10.);
#936=VECTOR('',#4404,10.);
#937=VECTOR('',#4407,10.);
#938=VECTOR('',#4410,10.);
#939=VECTOR('',#4413,10.);
#940=VECTOR('',#4416,10.);
#941=VECTOR('',#4419,10.);
#942=VECTOR('',#4422,10.);
#943=VECTOR('',#4425,10.);
#944=VECTOR('',#4428,10.);
#945=VECTOR('',#4431,10.);
#946=VECTOR('',#4434,10.);
#947=VECTOR('',#4437,10.);
#948=VECTOR('',#4440,10.);
#949=VECTOR('',#4443,10.);
#950=VECTOR('',#4446,10.);
#951=VECTOR('',#4449,10.);
#952=VECTOR('',#4452,10.);
#953=VECTOR('',#4455,10.);
#954=VECTOR('',#4458,10.);
#955=VECTOR('',#4461,10.);
#956=VECTOR('',#4464,10.);
#957=VECTOR('',#4467,10.);
#958=VECTOR('',#4470,10.);
#959=VECTOR('',#4473,10.);
#960=VECTOR('',#4476,10.);
#961=VECTOR('',#4479,10.);
#962=VECTOR('',#4482,10.);
#963=VECTOR('',#4485,10.);
#964=VECTOR('',#4488,10.);
#965=VECTOR('',#4491,10.);
#966=VECTOR('',#4494,10.);
#967=VECTOR('',#4497,10.);
#968=VECTOR('',#4500,10.);
#969=VECTOR('',#4503,10.);
#970=VECTOR('',#4506,10.);
#971=VECTOR('',#4509,10.);
#972=VECTOR('',#4512,10.);
#973=VECTOR('',#4515,10.);
#974=VECTOR('',#4518,10.);
#975=VECTOR('',#4521,10.);
#976=VECTOR('',#4524,10.);
#977=VECTOR('',#4527,10.);
#978=VECTOR('',#4530,10.);
#979=VECTOR('',#4533,10.);
#980=VECTOR('',#4536,10.);
#981=VECTOR('',#4539,10.);
#982=VECTOR('',#4542,10.);
#983=VECTOR('',#4545,10.);
#984=VECTOR('',#4548,10.);
#985=VECTOR('',#4551,10.);
#986=VECTOR('',#4554,10.);
#987=VECTOR('',#4557,10.);
#988=VECTOR('',#4560,10.);
#989=VECTOR('',#4563,10.);
#990=VECTOR('',#4566,10.);
#991=VECTOR('',#4569,10.);
#992=VECTOR('',#4572,10.);
#993=VECTOR('',#4575,10.);
#994=VECTOR('',#4578,10.);
#995=VECTOR('',#4581,10.);
#996=VECTOR('',#4584,10.);
#997=VECTOR('',#4587,10.);
#998=VECTOR('',#4590,10.);
#999=VECTOR('',#4593,10.);
#1000=VECTOR('',#4596,10.);
#1001=VECTOR('',#4599,10.);
#1002=VECTOR('',#4602,10.);
#1003=VECTOR('',#4605,10.);
#1004=VECTOR('',#4608,10.);
#1005=VECTOR('',#4611,10.);
#1006=VECTOR('',#4614,10.);
#1007=VECTOR('',#4617,10.);
#1008=VECTOR('',#4620,10.);
#1009=VECTOR('',#4623,10.);
#1010=VECTOR('',#4626,10.);
#1011=VECTOR('',#4629,10.);
#1012=VECTOR('',#4632,10.);
#1013=VECTOR('',#4635,10.);
#1014=VECTOR('',#4638,10.);
#1015=VECTOR('',#4641,10.);
#1016=VECTOR('',#4644,10.);
#1017=VECTOR('',#4647,10.);
#1018=VECTOR('',#4650,10.);
#1019=VECTOR('',#4653,10.);
#1020=VECTOR('',#4656,10.);
#1021=VECTOR('',#4659,10.);
#1022=VECTOR('',#4662,10.);
#1023=VECTOR('',#4665,10.);
#1024=VECTOR('',#4668,10.);
#1025=VECTOR('',#4671,10.);
#1026=VECTOR('',#4674,10.);
#1027=VECTOR('',#4677,10.);
#1028=VECTOR('',#4680,10.);
#1029=VECTOR('',#4683,10.);
#1030=VECTOR('',#4686,10.);
#1031=VECTOR('',#4689,10.);
#1032=VECTOR('',#4692,10.);
#1033=VECTOR('',#4695,10.);
#1034=VECTOR('',#4698,10.);
#1035=VECTOR('',#4701,10.);
#1036=VECTOR('',#4704,10.);
#1037=VECTOR('',#4707,10.);
#1038=VECTOR('',#4710,10.);
#1039=VECTOR('',#4713,10.);
#1040=VECTOR('',#4716,10.);
#1041=VECTOR('',#4719,10.);
#1042=VECTOR('',#4722,10.);
#1043=VECTOR('',#4725,10.);
#1044=VECTOR('',#4728,10.);
#1045=VECTOR('',#4731,10.);
#1046=VECTOR('',#4734,10.);
#1047=VECTOR('',#4737,10.);
#1048=VECTOR('',#4740,10.);
#1049=VERTEX_POINT('',#4745);
#1050=VERTEX_POINT('',#4746);
#1051=VERTEX_POINT('',#4748);
#1052=VERTEX_POINT('',#4759);
#1053=VERTEX_POINT('',#4781);
#1054=VERTEX_POINT('',#4782);
#1055=VERTEX_POINT('',#4810);
#1056=VERTEX_POINT('',#4811);
#1057=VERTEX_POINT('',#4843);
#1058=VERTEX_POINT('',#4844);
#1059=VERTEX_POINT('',#4873);
#1060=VERTEX_POINT('',#4874);
#1061=VERTEX_POINT('',#4904);
#1062=VERTEX_POINT('',#4905);
#1063=VERTEX_POINT('',#4934);
#1064=VERTEX_POINT('',#4935);
#1065=VERTEX_POINT('',#4966);
#1066=VERTEX_POINT('',#4967);
#1067=VERTEX_POINT('',#4969);
#1068=VERTEX_POINT('',#4974);
#1069=VERTEX_POINT('',#4983);
#1070=VERTEX_POINT('',#4984);
#1071=VERTEX_POINT('',#4999);
#1072=VERTEX_POINT('',#5001);
#1073=VERTEX_POINT('',#5009);
#1074=VERTEX_POINT('',#5016);
#1075=VERTEX_POINT('',#5025);
#1076=VERTEX_POINT('',#5062);
#1077=VERTEX_POINT('',#5073);
#1078=VERTEX_POINT('',#5080);
#1079=VERTEX_POINT('',#5087);
#1080=VERTEX_POINT('',#5094);
#1081=VERTEX_POINT('',#5112);
#1082=VERTEX_POINT('',#5114);
#1083=VERTEX_POINT('',#5450);
#1084=VERTEX_POINT('',#5547);
#1085=VERTEX_POINT('',#5660);
#1086=VERTEX_POINT('',#5667);
#1087=VERTEX_POINT('',#5678);
#1088=VERTEX_POINT('',#5687);
#1089=VERTEX_POINT('',#5694);
#1090=VERTEX_POINT('',#5728);
#1091=VERTEX_POINT('',#5744);
#1092=VERTEX_POINT('',#5751);
#1093=VERTEX_POINT('',#5846);
#1094=VERTEX_POINT('',#5847);
#1095=VERTEX_POINT('',#5876);
#1096=VERTEX_POINT('',#5903);
#1097=VERTEX_POINT('',#5916);
#1098=VERTEX_POINT('',#6479);
#1099=VERTEX_POINT('',#6945);
#1100=VERTEX_POINT('',#6948);
#1101=VERTEX_POINT('',#6950);
#1102=VERTEX_POINT('',#6955);
#1103=VERTEX_POINT('',#6959);
#1104=VERTEX_POINT('',#6964);
#1105=VERTEX_POINT('',#6966);
#1106=VERTEX_POINT('',#6970);
#1107=VERTEX_POINT('',#6974);
#1108=VERTEX_POINT('',#6978);
#1109=VERTEX_POINT('',#6981);
#1110=VERTEX_POINT('',#6983);
#1111=VERTEX_POINT('',#6987);
#1112=VERTEX_POINT('',#6991);
#1113=VERTEX_POINT('',#6993);
#1114=VERTEX_POINT('',#6997);
#1115=VERTEX_POINT('',#7002);
#1116=VERTEX_POINT('',#7006);
#1117=VERTEX_POINT('',#7007);
#1118=VERTEX_POINT('',#7009);
#1119=VERTEX_POINT('',#7011);
#1120=VERTEX_POINT('',#7013);
#1121=VERTEX_POINT('',#7015);
#1122=VERTEX_POINT('',#7017);
#1123=VERTEX_POINT('',#7019);
#1124=VERTEX_POINT('',#7021);
#1125=VERTEX_POINT('',#7023);
#1126=VERTEX_POINT('',#7025);
#1127=VERTEX_POINT('',#7027);
#1128=VERTEX_POINT('',#7029);
#1129=VERTEX_POINT('',#7031);
#1130=VERTEX_POINT('',#7033);
#1131=VERTEX_POINT('',#7035);
#1132=VERTEX_POINT('',#7037);
#1133=VERTEX_POINT('',#7039);
#1134=VERTEX_POINT('',#7041);
#1135=VERTEX_POINT('',#7043);
#1136=VERTEX_POINT('',#7045);
#1137=VERTEX_POINT('',#7047);
#1138=VERTEX_POINT('',#7049);
#1139=VERTEX_POINT('',#7051);
#1140=VERTEX_POINT('',#7053);
#1141=VERTEX_POINT('',#7055);
#1142=VERTEX_POINT('',#7057);
#1143=VERTEX_POINT('',#7059);
#1144=VERTEX_POINT('',#7061);
#1145=VERTEX_POINT('',#7063);
#1146=VERTEX_POINT('',#7065);
#1147=VERTEX_POINT('',#7067);
#1148=VERTEX_POINT('',#7069);
#1149=VERTEX_POINT('',#7071);
#1150=VERTEX_POINT('',#7073);
#1151=VERTEX_POINT('',#7075);
#1152=VERTEX_POINT('',#7077);
#1153=VERTEX_POINT('',#7079);
#1154=VERTEX_POINT('',#7081);
#1155=VERTEX_POINT('',#7083);
#1156=VERTEX_POINT('',#7085);
#1157=VERTEX_POINT('',#7087);
#1158=VERTEX_POINT('',#7089);
#1159=VERTEX_POINT('',#7091);
#1160=VERTEX_POINT('',#7093);
#1161=VERTEX_POINT('',#7095);
#1162=VERTEX_POINT('',#7097);
#1163=VERTEX_POINT('',#7099);
#1164=VERTEX_POINT('',#7101);
#1165=VERTEX_POINT('',#7103);
#1166=VERTEX_POINT('',#7105);
#1167=VERTEX_POINT('',#7107);
#1168=VERTEX_POINT('',#7109);
#1169=VERTEX_POINT('',#7111);
#1170=VERTEX_POINT('',#7113);
#1171=VERTEX_POINT('',#7115);
#1172=VERTEX_POINT('',#7117);
#1173=VERTEX_POINT('',#7119);
#1174=VERTEX_POINT('',#7121);
#1175=VERTEX_POINT('',#7123);
#1176=VERTEX_POINT('',#7125);
#1177=VERTEX_POINT('',#7127);
#1178=VERTEX_POINT('',#7129);
#1179=VERTEX_POINT('',#7131);
#1180=VERTEX_POINT('',#7133);
#1181=VERTEX_POINT('',#7135);
#1182=VERTEX_POINT('',#7137);
#1183=VERTEX_POINT('',#7139);
#1184=VERTEX_POINT('',#7141);
#1185=VERTEX_POINT('',#7143);
#1186=VERTEX_POINT('',#7145);
#1187=VERTEX_POINT('',#7147);
#1188=VERTEX_POINT('',#7149);
#1189=VERTEX_POINT('',#7151);
#1190=VERTEX_POINT('',#7153);
#1191=VERTEX_POINT('',#7155);
#1192=VERTEX_POINT('',#7157);
#1193=VERTEX_POINT('',#7159);
#1194=VERTEX_POINT('',#7161);
#1195=VERTEX_POINT('',#7163);
#1196=VERTEX_POINT('',#7165);
#1197=VERTEX_POINT('',#7167);
#1198=VERTEX_POINT('',#7169);
#1199=VERTEX_POINT('',#7171);
#1200=VERTEX_POINT('',#7173);
#1201=VERTEX_POINT('',#7175);
#1202=VERTEX_POINT('',#7177);
#1203=VERTEX_POINT('',#7179);
#1204=VERTEX_POINT('',#7181);
#1205=VERTEX_POINT('',#7183);
#1206=VERTEX_POINT('',#7185);
#1207=VERTEX_POINT('',#7187);
#1208=VERTEX_POINT('',#7189);
#1209=VERTEX_POINT('',#7191);
#1210=VERTEX_POINT('',#7193);
#1211=VERTEX_POINT('',#7195);
#1212=VERTEX_POINT('',#7197);
#1213=VERTEX_POINT('',#7199);
#1214=VERTEX_POINT('',#7201);
#1215=VERTEX_POINT('',#7203);
#1216=VERTEX_POINT('',#7205);
#1217=VERTEX_POINT('',#7207);
#1218=VERTEX_POINT('',#7209);
#1219=VERTEX_POINT('',#7211);
#1220=VERTEX_POINT('',#7213);
#1221=VERTEX_POINT('',#7215);
#1222=VERTEX_POINT('',#7217);
#1223=VERTEX_POINT('',#7219);
#1224=VERTEX_POINT('',#7221);
#1225=VERTEX_POINT('',#7223);
#1226=VERTEX_POINT('',#7225);
#1227=VERTEX_POINT('',#7227);
#1228=VERTEX_POINT('',#7229);
#1229=VERTEX_POINT('',#7231);
#1230=VERTEX_POINT('',#7233);
#1231=VERTEX_POINT('',#7235);
#1232=VERTEX_POINT('',#7237);
#1233=VERTEX_POINT('',#7239);
#1234=VERTEX_POINT('',#7241);
#1235=VERTEX_POINT('',#7243);
#1236=VERTEX_POINT('',#7245);
#1237=VERTEX_POINT('',#7247);
#1238=VERTEX_POINT('',#7249);
#1239=VERTEX_POINT('',#7251);
#1240=VERTEX_POINT('',#7253);
#1241=VERTEX_POINT('',#7255);
#1242=VERTEX_POINT('',#7257);
#1243=VERTEX_POINT('',#7259);
#1244=VERTEX_POINT('',#7261);
#1245=VERTEX_POINT('',#7263);
#1246=VERTEX_POINT('',#7265);
#1247=VERTEX_POINT('',#7267);
#1248=VERTEX_POINT('',#7271);
#1249=VERTEX_POINT('',#7275);
#1250=VERTEX_POINT('',#7276);
#1251=VERTEX_POINT('',#7278);
#1252=VERTEX_POINT('',#7280);
#1253=VERTEX_POINT('',#7282);
#1254=VERTEX_POINT('',#7284);
#1255=VERTEX_POINT('',#7286);
#1256=VERTEX_POINT('',#7288);
#1257=VERTEX_POINT('',#7290);
#1258=VERTEX_POINT('',#7292);
#1259=VERTEX_POINT('',#7294);
#1260=VERTEX_POINT('',#7296);
#1261=VERTEX_POINT('',#7298);
#1262=VERTEX_POINT('',#7300);
#1263=VERTEX_POINT('',#7302);
#1264=VERTEX_POINT('',#7304);
#1265=VERTEX_POINT('',#7306);
#1266=VERTEX_POINT('',#7308);
#1267=VERTEX_POINT('',#7310);
#1268=VERTEX_POINT('',#7312);
#1269=VERTEX_POINT('',#7314);
#1270=VERTEX_POINT('',#7316);
#1271=VERTEX_POINT('',#7318);
#1272=VERTEX_POINT('',#7320);
#1273=VERTEX_POINT('',#7322);
#1274=VERTEX_POINT('',#7324);
#1275=VERTEX_POINT('',#7326);
#1276=VERTEX_POINT('',#7328);
#1277=VERTEX_POINT('',#7330);
#1278=VERTEX_POINT('',#7332);
#1279=VERTEX_POINT('',#7334);
#1280=VERTEX_POINT('',#7336);
#1281=VERTEX_POINT('',#7338);
#1282=VERTEX_POINT('',#7340);
#1283=VERTEX_POINT('',#7342);
#1284=VERTEX_POINT('',#7344);
#1285=VERTEX_POINT('',#7346);
#1286=VERTEX_POINT('',#7348);
#1287=VERTEX_POINT('',#7350);
#1288=VERTEX_POINT('',#7352);
#1289=VERTEX_POINT('',#7354);
#1290=VERTEX_POINT('',#7356);
#1291=VERTEX_POINT('',#7358);
#1292=VERTEX_POINT('',#7360);
#1293=VERTEX_POINT('',#7362);
#1294=VERTEX_POINT('',#7364);
#1295=VERTEX_POINT('',#7366);
#1296=VERTEX_POINT('',#7368);
#1297=VERTEX_POINT('',#7370);
#1298=VERTEX_POINT('',#7372);
#1299=VERTEX_POINT('',#7374);
#1300=VERTEX_POINT('',#7376);
#1301=VERTEX_POINT('',#7378);
#1302=VERTEX_POINT('',#7380);
#1303=VERTEX_POINT('',#7382);
#1304=VERTEX_POINT('',#7384);
#1305=VERTEX_POINT('',#7386);
#1306=VERTEX_POINT('',#7388);
#1307=VERTEX_POINT('',#7390);
#1308=VERTEX_POINT('',#7392);
#1309=VERTEX_POINT('',#7394);
#1310=VERTEX_POINT('',#7396);
#1311=VERTEX_POINT('',#7398);
#1312=VERTEX_POINT('',#7400);
#1313=VERTEX_POINT('',#7402);
#1314=VERTEX_POINT('',#7404);
#1315=VERTEX_POINT('',#7406);
#1316=VERTEX_POINT('',#7408);
#1317=VERTEX_POINT('',#7410);
#1318=VERTEX_POINT('',#7412);
#1319=VERTEX_POINT('',#7414);
#1320=VERTEX_POINT('',#7416);
#1321=VERTEX_POINT('',#7418);
#1322=VERTEX_POINT('',#7420);
#1323=VERTEX_POINT('',#7422);
#1324=VERTEX_POINT('',#7424);
#1325=VERTEX_POINT('',#7426);
#1326=VERTEX_POINT('',#7428);
#1327=VERTEX_POINT('',#7430);
#1328=VERTEX_POINT('',#7432);
#1329=VERTEX_POINT('',#7434);
#1330=VERTEX_POINT('',#7436);
#1331=VERTEX_POINT('',#7438);
#1332=VERTEX_POINT('',#7440);
#1333=VERTEX_POINT('',#7442);
#1334=VERTEX_POINT('',#7444);
#1335=VERTEX_POINT('',#7446);
#1336=VERTEX_POINT('',#7448);
#1337=VERTEX_POINT('',#7450);
#1338=VERTEX_POINT('',#7452);
#1339=VERTEX_POINT('',#7454);
#1340=VERTEX_POINT('',#7456);
#1341=VERTEX_POINT('',#7458);
#1342=VERTEX_POINT('',#7460);
#1343=VERTEX_POINT('',#7462);
#1344=VERTEX_POINT('',#7464);
#1345=VERTEX_POINT('',#7466);
#1346=VERTEX_POINT('',#7468);
#1347=VERTEX_POINT('',#7470);
#1348=VERTEX_POINT('',#7472);
#1349=VERTEX_POINT('',#7474);
#1350=VERTEX_POINT('',#7476);
#1351=VERTEX_POINT('',#7478);
#1352=VERTEX_POINT('',#7480);
#1353=VERTEX_POINT('',#7482);
#1354=VERTEX_POINT('',#7484);
#1355=VERTEX_POINT('',#7486);
#1356=VERTEX_POINT('',#7488);
#1357=VERTEX_POINT('',#7490);
#1358=VERTEX_POINT('',#7492);
#1359=VERTEX_POINT('',#7494);
#1360=VERTEX_POINT('',#7496);
#1361=VERTEX_POINT('',#7498);
#1362=VERTEX_POINT('',#7500);
#1363=VERTEX_POINT('',#7502);
#1364=VERTEX_POINT('',#7504);
#1365=VERTEX_POINT('',#7506);
#1366=VERTEX_POINT('',#7508);
#1367=VERTEX_POINT('',#7510);
#1368=VERTEX_POINT('',#7512);
#1369=VERTEX_POINT('',#7514);
#1370=VERTEX_POINT('',#7516);
#1371=VERTEX_POINT('',#7518);
#1372=VERTEX_POINT('',#7520);
#1373=VERTEX_POINT('',#7522);
#1374=VERTEX_POINT('',#7524);
#1375=VERTEX_POINT('',#7526);
#1376=VERTEX_POINT('',#7528);
#1377=VERTEX_POINT('',#7530);
#1378=VERTEX_POINT('',#7532);
#1379=VERTEX_POINT('',#7534);
#1380=VERTEX_POINT('',#7536);
#1381=EDGE_CURVE('',#1049,#1050,#743,.T.);
#1382=EDGE_CURVE('',#1051,#1050,#686,.T.);
#1383=EDGE_CURVE('',#1051,#1052,#687,.T.);
#1384=EDGE_CURVE('',#1049,#1052,#688,.T.);
#1385=EDGE_CURVE('',#1053,#1054,#744,.T.);
#1386=EDGE_CURVE('',#1050,#1054,#689,.T.);
#1387=EDGE_CURVE('',#1053,#1049,#690,.T.);
#1388=EDGE_CURVE('',#1055,#1056,#745,.T.);
#1389=EDGE_CURVE('',#1054,#1056,#691,.T.);
#1390=EDGE_CURVE('',#1055,#1053,#692,.T.);
#1391=EDGE_CURVE('',#1057,#1058,#746,.T.);
#1392=EDGE_CURVE('',#1056,#1058,#693,.T.);
#1393=EDGE_CURVE('',#1057,#1055,#694,.T.);
#1394=EDGE_CURVE('',#1059,#1060,#747,.T.);
#1395=EDGE_CURVE('',#1058,#1060,#695,.T.);
#1396=EDGE_CURVE('',#1059,#1057,#696,.T.);
#1397=EDGE_CURVE('',#1061,#1062,#748,.T.);
#1398=EDGE_CURVE('',#1060,#1062,#697,.T.);
#1399=EDGE_CURVE('',#1061,#1059,#698,.T.);
#1400=EDGE_CURVE('',#1063,#1064,#749,.T.);
#1401=EDGE_CURVE('',#1062,#1064,#699,.T.);
#1402=EDGE_CURVE('',#1063,#1061,#700,.T.);
#1403=EDGE_CURVE('',#1065,#1066,#750,.T.);
#1404=EDGE_CURVE('',#1067,#1065,#701,.T.);
#1405=EDGE_CURVE('',#1068,#1067,#44,.T.);
#1406=EDGE_CURVE('',#1066,#1068,#702,.T.);
#1407=EDGE_CURVE('',#1069,#1070,#703,.T.);
#1408=EDGE_CURVE('',#1071,#1069,#751,.T.);
#1409=EDGE_CURVE('',#1072,#1071,#704,.T.);
#1410=EDGE_CURVE('',#1073,#1072,#705,.T.);
#1411=EDGE_CURVE('',#1074,#1073,#706,.T.);
#1412=EDGE_CURVE('',#1075,#1074,#707,.T.);
#1413=EDGE_CURVE('',#1076,#1075,#708,.T.);
#1414=EDGE_CURVE('',#1077,#1076,#709,.T.);
#1415=EDGE_CURVE('',#1078,#1077,#710,.T.);
#1416=EDGE_CURVE('',#1079,#1078,#711,.T.);
#1417=EDGE_CURVE('',#1079,#1080,#752,.T.);
#1418=EDGE_CURVE('',#1070,#1080,#712,.T.);
#1419=EDGE_CURVE('',#1080,#1081,#45,.T.);
#1420=EDGE_CURVE('',#1082,#1079,#713,.T.);
#1421=EDGE_CURVE('',#1071,#1082,#714,.T.);
#1422=EDGE_CURVE('',#1081,#1069,#46,.T.);
#1423=EDGE_CURVE('',#1075,#1083,#715,.T.);
#1424=EDGE_CURVE('',#1083,#1067,#716,.T.);
#1425=EDGE_CURVE('',#1065,#1063,#717,.T.);
#1426=EDGE_CURVE('',#1052,#1084,#718,.T.);
#1427=EDGE_CURVE('',#1084,#1076,#719,.T.);
#1428=EDGE_CURVE('',#1085,#1078,#720,.T.);
#1429=EDGE_CURVE('',#1085,#1086,#721,.T.);
#1430=EDGE_CURVE('',#1086,#1087,#722,.T.);
#1431=EDGE_CURVE('',#1088,#1087,#723,.T.);
#1432=EDGE_CURVE('',#1088,#1089,#724,.F.);
#1433=EDGE_CURVE('',#1082,#1089,#725,.T.);
#1434=EDGE_CURVE('',#1084,#1090,#726,.T.);
#1435=EDGE_CURVE('',#1077,#1090,#727,.T.);
#1436=EDGE_CURVE('',#1091,#1072,#728,.T.);
#1437=EDGE_CURVE('',#1091,#1092,#47,.F.);
#1438=EDGE_CURVE('',#1073,#1092,#729,.T.);
#1439=EDGE_CURVE('',#1090,#1085,#730,.T.);
#1440=EDGE_CURVE('',#1089,#1091,#731,.T.);
#1441=EDGE_CURVE('',#1093,#1094,#732,.T.);
#1442=EDGE_CURVE('',#1086,#1093,#753,.T.);
#1443=EDGE_CURVE('',#1095,#1051,#733,.T.);
#1444=EDGE_CURVE('',#1096,#1095,#734,.T.);
#1445=EDGE_CURVE('',#1097,#1096,#735,.T.);
#1446=EDGE_CURVE('',#1097,#1094,#754,.T.);
#1447=EDGE_CURVE('',#1094,#1093,#48,.T.);
#1448=EDGE_CURVE('',#1087,#1097,#736,.T.);
#1449=EDGE_CURVE('',#1096,#1074,#737,.T.);
#1450=EDGE_CURVE('',#1098,#1095,#738,.T.);
#1451=EDGE_CURVE('',#1083,#1098,#739,.T.);
#1452=EDGE_CURVE('',#1064,#1066,#740,.T.);
#1453=EDGE_CURVE('',#1068,#1098,#741,.T.);
#1454=EDGE_CURVE('',#1092,#1088,#742,.T.);
#1455=EDGE_CURVE('',#1099,#1099,#49,.T.);
#1456=EDGE_CURVE('',#1100,#1100,#50,.T.);
#1457=EDGE_CURVE('',#1100,#1101,#755,.T.);
#1458=EDGE_CURVE('',#1101,#1101,#51,.T.);
#1459=EDGE_CURVE('',#1102,#1102,#52,.T.);
#1460=EDGE_CURVE('',#1102,#1100,#53,.T.);
#1461=EDGE_CURVE('',#1103,#1103,#54,.T.);
#1462=EDGE_CURVE('',#1103,#1070,#756,.T.);
#1463=EDGE_CURVE('',#1081,#1102,#757,.T.);
#1464=EDGE_CURVE('',#1099,#1104,#55,.T.);
#1465=EDGE_CURVE('',#1104,#1105,#56,.T.);
#1466=EDGE_CURVE('',#1105,#1104,#57,.T.);
#1467=EDGE_CURVE('',#1105,#1106,#758,.T.);
#1468=EDGE_CURVE('',#1106,#1106,#58,.T.);
#1469=EDGE_CURVE('',#1106,#1107,#59,.T.);
#1470=EDGE_CURVE('',#1107,#1107,#60,.T.);
#1471=EDGE_CURVE('',#1108,#1108,#61,.T.);
#1472=EDGE_CURVE('',#1108,#1109,#62,.T.);
#1473=EDGE_CURVE('',#1109,#1110,#63,.T.);
#1474=EDGE_CURVE('',#1110,#1109,#64,.T.);
#1475=EDGE_CURVE('',#1110,#1111,#759,.T.);
#1476=EDGE_CURVE('',#1111,#1111,#65,.T.);
#1477=EDGE_CURVE('',#1112,#1112,#66,.T.);
#1478=EDGE_CURVE('',#1112,#1113,#760,.T.);
#1479=EDGE_CURVE('',#1113,#1113,#67,.T.);
#1480=EDGE_CURVE('',#1114,#1114,#68,.T.);
#1481=EDGE_CURVE('',#1114,#1112,#761,.T.);
#1482=EDGE_CURVE('',#1111,#1115,#762,.T.);
#1483=EDGE_CURVE('',#1115,#1115,#69,.T.);
#1484=EDGE_CURVE('',#1116,#1117,#70,.T.);
#1485=EDGE_CURVE('',#1117,#1118,#71,.T.);
#1486=EDGE_CURVE('',#1118,#1119,#72,.T.);
#1487=EDGE_CURVE('',#1119,#1120,#73,.T.);
#1488=EDGE_CURVE('',#1120,#1121,#74,.T.);
#1489=EDGE_CURVE('',#1121,#1122,#75,.T.);
#1490=EDGE_CURVE('',#1122,#1123,#76,.T.);
#1491=EDGE_CURVE('',#1123,#1124,#77,.T.);
#1492=EDGE_CURVE('',#1124,#1125,#78,.T.);
#1493=EDGE_CURVE('',#1125,#1126,#79,.T.);
#1494=EDGE_CURVE('',#1126,#1127,#80,.T.);
#1495=EDGE_CURVE('',#1127,#1128,#81,.T.);
#1496=EDGE_CURVE('',#1128,#1129,#82,.T.);
#1497=EDGE_CURVE('',#1129,#1130,#83,.T.);
#1498=EDGE_CURVE('',#1130,#1131,#84,.T.);
#1499=EDGE_CURVE('',#1131,#1132,#85,.T.);
#1500=EDGE_CURVE('',#1132,#1133,#86,.T.);
#1501=EDGE_CURVE('',#1133,#1134,#87,.T.);
#1502=EDGE_CURVE('',#1134,#1135,#88,.T.);
#1503=EDGE_CURVE('',#1135,#1136,#89,.T.);
#1504=EDGE_CURVE('',#1136,#1137,#90,.T.);
#1505=EDGE_CURVE('',#1137,#1138,#91,.T.);
#1506=EDGE_CURVE('',#1138,#1139,#92,.T.);
#1507=EDGE_CURVE('',#1139,#1140,#93,.T.);
#1508=EDGE_CURVE('',#1140,#1141,#94,.T.);
#1509=EDGE_CURVE('',#1141,#1142,#95,.T.);
#1510=EDGE_CURVE('',#1142,#1143,#96,.T.);
#1511=EDGE_CURVE('',#1143,#1144,#97,.T.);
#1512=EDGE_CURVE('',#1144,#1145,#98,.T.);
#1513=EDGE_CURVE('',#1145,#1146,#99,.T.);
#1514=EDGE_CURVE('',#1146,#1147,#100,.T.);
#1515=EDGE_CURVE('',#1147,#1148,#101,.T.);
#1516=EDGE_CURVE('',#1148,#1149,#102,.T.);
#1517=EDGE_CURVE('',#1149,#1150,#103,.T.);
#1518=EDGE_CURVE('',#1150,#1151,#104,.T.);
#1519=EDGE_CURVE('',#1151,#1152,#105,.T.);
#1520=EDGE_CURVE('',#1152,#1153,#106,.T.);
#1521=EDGE_CURVE('',#1153,#1154,#107,.T.);
#1522=EDGE_CURVE('',#1154,#1155,#108,.T.);
#1523=EDGE_CURVE('',#1155,#1156,#109,.T.);
#1524=EDGE_CURVE('',#1156,#1157,#110,.T.);
#1525=EDGE_CURVE('',#1157,#1158,#111,.T.);
#1526=EDGE_CURVE('',#1158,#1159,#112,.T.);
#1527=EDGE_CURVE('',#1159,#1160,#113,.T.);
#1528=EDGE_CURVE('',#1160,#1161,#114,.T.);
#1529=EDGE_CURVE('',#1161,#1162,#115,.T.);
#1530=EDGE_CURVE('',#1162,#1163,#116,.T.);
#1531=EDGE_CURVE('',#1163,#1164,#117,.T.);
#1532=EDGE_CURVE('',#1164,#1165,#118,.T.);
#1533=EDGE_CURVE('',#1165,#1166,#119,.T.);
#1534=EDGE_CURVE('',#1166,#1167,#120,.T.);
#1535=EDGE_CURVE('',#1167,#1168,#121,.T.);
#1536=EDGE_CURVE('',#1168,#1169,#122,.T.);
#1537=EDGE_CURVE('',#1169,#1170,#123,.T.);
#1538=EDGE_CURVE('',#1170,#1171,#124,.T.);
#1539=EDGE_CURVE('',#1171,#1172,#125,.T.);
#1540=EDGE_CURVE('',#1172,#1173,#126,.T.);
#1541=EDGE_CURVE('',#1173,#1174,#127,.T.);
#1542=EDGE_CURVE('',#1174,#1175,#128,.T.);
#1543=EDGE_CURVE('',#1175,#1176,#129,.T.);
#1544=EDGE_CURVE('',#1176,#1177,#130,.T.);
#1545=EDGE_CURVE('',#1177,#1178,#131,.T.);
#1546=EDGE_CURVE('',#1178,#1179,#132,.T.);
#1547=EDGE_CURVE('',#1179,#1180,#133,.T.);
#1548=EDGE_CURVE('',#1180,#1181,#134,.T.);
#1549=EDGE_CURVE('',#1181,#1182,#135,.T.);
#1550=EDGE_CURVE('',#1182,#1183,#136,.T.);
#1551=EDGE_CURVE('',#1183,#1184,#137,.T.);
#1552=EDGE_CURVE('',#1184,#1185,#138,.T.);
#1553=EDGE_CURVE('',#1185,#1186,#139,.T.);
#1554=EDGE_CURVE('',#1186,#1187,#140,.T.);
#1555=EDGE_CURVE('',#1187,#1188,#141,.T.);
#1556=EDGE_CURVE('',#1188,#1189,#142,.T.);
#1557=EDGE_CURVE('',#1189,#1190,#143,.T.);
#1558=EDGE_CURVE('',#1190,#1191,#144,.T.);
#1559=EDGE_CURVE('',#1191,#1192,#145,.T.);
#1560=EDGE_CURVE('',#1192,#1193,#146,.T.);
#1561=EDGE_CURVE('',#1193,#1194,#147,.T.);
#1562=EDGE_CURVE('',#1194,#1195,#148,.T.);
#1563=EDGE_CURVE('',#1195,#1196,#149,.T.);
#1564=EDGE_CURVE('',#1196,#1197,#150,.T.);
#1565=EDGE_CURVE('',#1197,#1198,#151,.T.);
#1566=EDGE_CURVE('',#1198,#1199,#152,.T.);
#1567=EDGE_CURVE('',#1199,#1200,#153,.T.);
#1568=EDGE_CURVE('',#1200,#1201,#154,.T.);
#1569=EDGE_CURVE('',#1201,#1202,#155,.T.);
#1570=EDGE_CURVE('',#1202,#1203,#156,.T.);
#1571=EDGE_CURVE('',#1203,#1204,#157,.T.);
#1572=EDGE_CURVE('',#1204,#1205,#158,.T.);
#1573=EDGE_CURVE('',#1205,#1206,#159,.T.);
#1574=EDGE_CURVE('',#1206,#1207,#160,.T.);
#1575=EDGE_CURVE('',#1207,#1208,#161,.T.);
#1576=EDGE_CURVE('',#1208,#1209,#162,.T.);
#1577=EDGE_CURVE('',#1209,#1210,#163,.T.);
#1578=EDGE_CURVE('',#1210,#1211,#164,.T.);
#1579=EDGE_CURVE('',#1211,#1212,#165,.T.);
#1580=EDGE_CURVE('',#1212,#1213,#166,.T.);
#1581=EDGE_CURVE('',#1213,#1214,#167,.T.);
#1582=EDGE_CURVE('',#1214,#1215,#168,.T.);
#1583=EDGE_CURVE('',#1215,#1216,#169,.T.);
#1584=EDGE_CURVE('',#1216,#1217,#170,.T.);
#1585=EDGE_CURVE('',#1217,#1218,#171,.T.);
#1586=EDGE_CURVE('',#1218,#1219,#172,.T.);
#1587=EDGE_CURVE('',#1219,#1220,#173,.T.);
#1588=EDGE_CURVE('',#1220,#1221,#174,.T.);
#1589=EDGE_CURVE('',#1221,#1222,#175,.T.);
#1590=EDGE_CURVE('',#1222,#1223,#176,.T.);
#1591=EDGE_CURVE('',#1223,#1224,#177,.T.);
#1592=EDGE_CURVE('',#1224,#1225,#178,.T.);
#1593=EDGE_CURVE('',#1225,#1226,#179,.T.);
#1594=EDGE_CURVE('',#1226,#1227,#180,.T.);
#1595=EDGE_CURVE('',#1227,#1228,#181,.T.);
#1596=EDGE_CURVE('',#1228,#1229,#182,.T.);
#1597=EDGE_CURVE('',#1229,#1230,#183,.T.);
#1598=EDGE_CURVE('',#1230,#1231,#184,.T.);
#1599=EDGE_CURVE('',#1231,#1232,#185,.T.);
#1600=EDGE_CURVE('',#1232,#1233,#186,.T.);
#1601=EDGE_CURVE('',#1233,#1234,#187,.T.);
#1602=EDGE_CURVE('',#1234,#1235,#188,.T.);
#1603=EDGE_CURVE('',#1235,#1236,#189,.T.);
#1604=EDGE_CURVE('',#1236,#1237,#190,.T.);
#1605=EDGE_CURVE('',#1237,#1238,#191,.T.);
#1606=EDGE_CURVE('',#1238,#1239,#192,.T.);
#1607=EDGE_CURVE('',#1239,#1240,#193,.T.);
#1608=EDGE_CURVE('',#1240,#1241,#194,.T.);
#1609=EDGE_CURVE('',#1241,#1242,#195,.T.);
#1610=EDGE_CURVE('',#1242,#1243,#196,.T.);
#1611=EDGE_CURVE('',#1243,#1244,#197,.T.);
#1612=EDGE_CURVE('',#1244,#1245,#198,.T.);
#1613=EDGE_CURVE('',#1245,#1246,#199,.T.);
#1614=EDGE_CURVE('',#1246,#1247,#200,.T.);
#1615=EDGE_CURVE('',#1247,#1116,#201,.T.);
#1616=EDGE_CURVE('',#1248,#1248,#202,.T.);
#1617=EDGE_CURVE('',#1248,#1114,#763,.T.);
#1618=EDGE_CURVE('',#1249,#1250,#203,.T.);
#1619=EDGE_CURVE('',#1250,#1251,#204,.T.);
#1620=EDGE_CURVE('',#1251,#1252,#205,.T.);
#1621=EDGE_CURVE('',#1252,#1253,#206,.T.);
#1622=EDGE_CURVE('',#1253,#1254,#207,.T.);
#1623=EDGE_CURVE('',#1254,#1255,#208,.T.);
#1624=EDGE_CURVE('',#1255,#1256,#209,.T.);
#1625=EDGE_CURVE('',#1256,#1257,#210,.T.);
#1626=EDGE_CURVE('',#1257,#1258,#211,.T.);
#1627=EDGE_CURVE('',#1258,#1259,#212,.T.);
#1628=EDGE_CURVE('',#1259,#1260,#213,.T.);
#1629=EDGE_CURVE('',#1260,#1261,#214,.T.);
#1630=EDGE_CURVE('',#1261,#1262,#215,.T.);
#1631=EDGE_CURVE('',#1262,#1263,#216,.T.);
#1632=EDGE_CURVE('',#1263,#1264,#217,.T.);
#1633=EDGE_CURVE('',#1264,#1265,#218,.T.);
#1634=EDGE_CURVE('',#1265,#1266,#219,.T.);
#1635=EDGE_CURVE('',#1266,#1267,#220,.T.);
#1636=EDGE_CURVE('',#1267,#1268,#221,.T.);
#1637=EDGE_CURVE('',#1268,#1269,#222,.T.);
#1638=EDGE_CURVE('',#1269,#1270,#223,.T.);
#1639=EDGE_CURVE('',#1270,#1271,#224,.T.);
#1640=EDGE_CURVE('',#1271,#1272,#225,.T.);
#1641=EDGE_CURVE('',#1272,#1273,#226,.T.);
#1642=EDGE_CURVE('',#1273,#1274,#227,.T.);
#1643=EDGE_CURVE('',#1274,#1275,#228,.T.);
#1644=EDGE_CURVE('',#1275,#1276,#229,.T.);
#1645=EDGE_CURVE('',#1276,#1277,#230,.T.);
#1646=EDGE_CURVE('',#1277,#1278,#231,.T.);
#1647=EDGE_CURVE('',#1278,#1279,#232,.T.);
#1648=EDGE_CURVE('',#1279,#1280,#233,.T.);
#1649=EDGE_CURVE('',#1280,#1281,#234,.T.);
#1650=EDGE_CURVE('',#1281,#1282,#235,.T.);
#1651=EDGE_CURVE('',#1282,#1283,#236,.T.);
#1652=EDGE_CURVE('',#1283,#1284,#237,.T.);
#1653=EDGE_CURVE('',#1284,#1285,#238,.T.);
#1654=EDGE_CURVE('',#1285,#1286,#239,.T.);
#1655=EDGE_CURVE('',#1286,#1287,#240,.T.);
#1656=EDGE_CURVE('',#1287,#1288,#241,.T.);
#1657=EDGE_CURVE('',#1288,#1289,#242,.T.);
#1658=EDGE_CURVE('',#1289,#1290,#243,.T.);
#1659=EDGE_CURVE('',#1290,#1291,#244,.T.);
#1660=EDGE_CURVE('',#1291,#1292,#245,.T.);
#1661=EDGE_CURVE('',#1292,#1293,#246,.T.);
#1662=EDGE_CURVE('',#1293,#1294,#247,.T.);
#1663=EDGE_CURVE('',#1294,#1295,#248,.T.);
#1664=EDGE_CURVE('',#1295,#1296,#249,.T.);
#1665=EDGE_CURVE('',#1296,#1297,#250,.T.);
#1666=EDGE_CURVE('',#1297,#1298,#251,.T.);
#1667=EDGE_CURVE('',#1298,#1299,#252,.T.);
#1668=EDGE_CURVE('',#1299,#1300,#253,.T.);
#1669=EDGE_CURVE('',#1300,#1301,#254,.T.);
#1670=EDGE_CURVE('',#1301,#1302,#255,.T.);
#1671=EDGE_CURVE('',#1302,#1303,#256,.T.);
#1672=EDGE_CURVE('',#1303,#1304,#257,.T.);
#1673=EDGE_CURVE('',#1304,#1305,#258,.T.);
#1674=EDGE_CURVE('',#1305,#1306,#259,.T.);
#1675=EDGE_CURVE('',#1306,#1307,#260,.T.);
#1676=EDGE_CURVE('',#1307,#1308,#261,.T.);
#1677=EDGE_CURVE('',#1308,#1309,#262,.T.);
#1678=EDGE_CURVE('',#1309,#1310,#263,.T.);
#1679=EDGE_CURVE('',#1310,#1311,#264,.T.);
#1680=EDGE_CURVE('',#1311,#1312,#265,.T.);
#1681=EDGE_CURVE('',#1312,#1313,#266,.T.);
#1682=EDGE_CURVE('',#1313,#1314,#267,.T.);
#1683=EDGE_CURVE('',#1314,#1315,#268,.T.);
#1684=EDGE_CURVE('',#1315,#1316,#269,.T.);
#1685=EDGE_CURVE('',#1316,#1317,#270,.T.);
#1686=EDGE_CURVE('',#1317,#1318,#271,.T.);
#1687=EDGE_CURVE('',#1318,#1319,#272,.T.);
#1688=EDGE_CURVE('',#1319,#1320,#273,.T.);
#1689=EDGE_CURVE('',#1320,#1321,#274,.T.);
#1690=EDGE_CURVE('',#1321,#1322,#275,.T.);
#1691=EDGE_CURVE('',#1322,#1323,#276,.T.);
#1692=EDGE_CURVE('',#1323,#1324,#277,.T.);
#1693=EDGE_CURVE('',#1324,#1325,#278,.T.);
#1694=EDGE_CURVE('',#1325,#1326,#279,.T.);
#1695=EDGE_CURVE('',#1326,#1327,#280,.T.);
#1696=EDGE_CURVE('',#1327,#1328,#281,.T.);
#1697=EDGE_CURVE('',#1328,#1329,#282,.T.);
#1698=EDGE_CURVE('',#1329,#1330,#283,.T.);
#1699=EDGE_CURVE('',#1330,#1331,#284,.T.);
#1700=EDGE_CURVE('',#1331,#1332,#285,.T.);
#1701=EDGE_CURVE('',#1332,#1333,#286,.T.);
#1702=EDGE_CURVE('',#1333,#1334,#287,.T.);
#1703=EDGE_CURVE('',#1334,#1335,#288,.T.);
#1704=EDGE_CURVE('',#1335,#1336,#289,.T.);
#1705=EDGE_CURVE('',#1336,#1337,#290,.T.);
#1706=EDGE_CURVE('',#1337,#1338,#291,.T.);
#1707=EDGE_CURVE('',#1338,#1339,#292,.T.);
#1708=EDGE_CURVE('',#1339,#1340,#293,.T.);
#1709=EDGE_CURVE('',#1340,#1341,#294,.T.);
#1710=EDGE_CURVE('',#1341,#1342,#295,.T.);
#1711=EDGE_CURVE('',#1342,#1343,#296,.T.);
#1712=EDGE_CURVE('',#1343,#1344,#297,.T.);
#1713=EDGE_CURVE('',#1344,#1345,#298,.T.);
#1714=EDGE_CURVE('',#1345,#1346,#299,.T.);
#1715=EDGE_CURVE('',#1346,#1347,#300,.T.);
#1716=EDGE_CURVE('',#1347,#1348,#301,.T.);
#1717=EDGE_CURVE('',#1348,#1349,#302,.T.);
#1718=EDGE_CURVE('',#1349,#1350,#303,.T.);
#1719=EDGE_CURVE('',#1350,#1351,#304,.T.);
#1720=EDGE_CURVE('',#1351,#1352,#305,.T.);
#1721=EDGE_CURVE('',#1352,#1353,#306,.T.);
#1722=EDGE_CURVE('',#1353,#1354,#307,.T.);
#1723=EDGE_CURVE('',#1354,#1355,#308,.T.);
#1724=EDGE_CURVE('',#1355,#1356,#309,.T.);
#1725=EDGE_CURVE('',#1356,#1357,#310,.T.);
#1726=EDGE_CURVE('',#1357,#1358,#311,.T.);
#1727=EDGE_CURVE('',#1358,#1359,#312,.T.);
#1728=EDGE_CURVE('',#1359,#1360,#313,.T.);
#1729=EDGE_CURVE('',#1360,#1361,#314,.T.);
#1730=EDGE_CURVE('',#1361,#1362,#315,.T.);
#1731=EDGE_CURVE('',#1362,#1363,#316,.T.);
#1732=EDGE_CURVE('',#1363,#1364,#317,.T.);
#1733=EDGE_CURVE('',#1364,#1365,#318,.T.);
#1734=EDGE_CURVE('',#1365,#1366,#319,.T.);
#1735=EDGE_CURVE('',#1366,#1367,#320,.T.);
#1736=EDGE_CURVE('',#1367,#1368,#321,.T.);
#1737=EDGE_CURVE('',#1368,#1369,#322,.T.);
#1738=EDGE_CURVE('',#1369,#1370,#323,.T.);
#1739=EDGE_CURVE('',#1370,#1371,#324,.T.);
#1740=EDGE_CURVE('',#1371,#1372,#325,.T.);
#1741=EDGE_CURVE('',#1372,#1373,#326,.T.);
#1742=EDGE_CURVE('',#1373,#1374,#327,.T.);
#1743=EDGE_CURVE('',#1374,#1375,#328,.T.);
#1744=EDGE_CURVE('',#1375,#1376,#329,.T.);
#1745=EDGE_CURVE('',#1376,#1377,#330,.T.);
#1746=EDGE_CURVE('',#1377,#1378,#331,.T.);
#1747=EDGE_CURVE('',#1378,#1379,#332,.T.);
#1748=EDGE_CURVE('',#1379,#1380,#333,.T.);
#1749=EDGE_CURVE('',#1380,#1249,#334,.T.);
#1750=EDGE_CURVE('',#1249,#1117,#764,.T.);
#1751=EDGE_CURVE('',#1250,#1116,#765,.T.);
#1752=EDGE_CURVE('',#1251,#1247,#766,.T.);
#1753=EDGE_CURVE('',#1252,#1246,#767,.T.);
#1754=EDGE_CURVE('',#1253,#1245,#768,.T.);
#1755=EDGE_CURVE('',#1254,#1244,#769,.T.);
#1756=EDGE_CURVE('',#1255,#1243,#770,.T.);
#1757=EDGE_CURVE('',#1256,#1242,#771,.T.);
#1758=EDGE_CURVE('',#1257,#1241,#772,.T.);
#1759=EDGE_CURVE('',#1258,#1240,#773,.T.);
#1760=EDGE_CURVE('',#1259,#1239,#774,.T.);
#1761=EDGE_CURVE('',#1260,#1238,#775,.T.);
#1762=EDGE_CURVE('',#1261,#1237,#776,.T.);
#1763=EDGE_CURVE('',#1262,#1236,#777,.T.);
#1764=EDGE_CURVE('',#1263,#1235,#778,.T.);
#1765=EDGE_CURVE('',#1264,#1234,#779,.T.);
#1766=EDGE_CURVE('',#1265,#1233,#780,.T.);
#1767=EDGE_CURVE('',#1266,#1232,#781,.T.);
#1768=EDGE_CURVE('',#1267,#1231,#782,.T.);
#1769=EDGE_CURVE('',#1268,#1230,#783,.T.);
#1770=EDGE_CURVE('',#1269,#1229,#784,.T.);
#1771=EDGE_CURVE('',#1270,#1228,#785,.T.);
#1772=EDGE_CURVE('',#1271,#1227,#786,.T.);
#1773=EDGE_CURVE('',#1272,#1226,#787,.T.);
#1774=EDGE_CURVE('',#1273,#1225,#788,.T.);
#1775=EDGE_CURVE('',#1274,#1224,#789,.T.);
#1776=EDGE_CURVE('',#1275,#1223,#790,.T.);
#1777=EDGE_CURVE('',#1276,#1222,#791,.T.);
#1778=EDGE_CURVE('',#1277,#1221,#792,.T.);
#1779=EDGE_CURVE('',#1278,#1220,#793,.T.);
#1780=EDGE_CURVE('',#1279,#1219,#794,.T.);
#1781=EDGE_CURVE('',#1280,#1218,#795,.T.);
#1782=EDGE_CURVE('',#1281,#1217,#796,.T.);
#1783=EDGE_CURVE('',#1282,#1216,#797,.T.);
#1784=EDGE_CURVE('',#1283,#1215,#798,.T.);
#1785=EDGE_CURVE('',#1284,#1214,#799,.T.);
#1786=EDGE_CURVE('',#1285,#1213,#800,.T.);
#1787=EDGE_CURVE('',#1286,#1212,#801,.T.);
#1788=EDGE_CURVE('',#1287,#1211,#802,.T.);
#1789=EDGE_CURVE('',#1288,#1210,#803,.T.);
#1790=EDGE_CURVE('',#1289,#1209,#804,.T.);
#1791=EDGE_CURVE('',#1290,#1208,#805,.T.);
#1792=EDGE_CURVE('',#1291,#1207,#806,.T.);
#1793=EDGE_CURVE('',#1292,#1206,#807,.T.);
#1794=EDGE_CURVE('',#1293,#1205,#808,.T.);
#1795=EDGE_CURVE('',#1294,#1204,#809,.T.);
#1796=EDGE_CURVE('',#1295,#1203,#810,.T.);
#1797=EDGE_CURVE('',#1296,#1202,#811,.T.);
#1798=EDGE_CURVE('',#1297,#1201,#812,.T.);
#1799=EDGE_CURVE('',#1298,#1200,#813,.T.);
#1800=EDGE_CURVE('',#1299,#1199,#814,.T.);
#1801=EDGE_CURVE('',#1300,#1198,#815,.T.);
#1802=EDGE_CURVE('',#1301,#1197,#816,.T.);
#1803=EDGE_CURVE('',#1302,#1196,#817,.T.);
#1804=EDGE_CURVE('',#1303,#1195,#818,.T.);
#1805=EDGE_CURVE('',#1304,#1194,#819,.T.);
#1806=EDGE_CURVE('',#1305,#1193,#820,.T.);
#1807=EDGE_CURVE('',#1306,#1192,#821,.T.);
#1808=EDGE_CURVE('',#1307,#1191,#822,.T.);
#1809=EDGE_CURVE('',#1308,#1190,#823,.T.);
#1810=EDGE_CURVE('',#1309,#1189,#824,.T.);
#1811=EDGE_CURVE('',#1310,#1188,#825,.T.);
#1812=EDGE_CURVE('',#1311,#1187,#826,.T.);
#1813=EDGE_CURVE('',#1312,#1186,#827,.T.);
#1814=EDGE_CURVE('',#1313,#1185,#828,.T.);
#1815=EDGE_CURVE('',#1314,#1184,#829,.T.);
#1816=EDGE_CURVE('',#1315,#1183,#830,.T.);
#1817=EDGE_CURVE('',#1316,#1182,#831,.T.);
#1818=EDGE_CURVE('',#1317,#1181,#832,.T.);
#1819=EDGE_CURVE('',#1318,#1180,#833,.T.);
#1820=EDGE_CURVE('',#1319,#1179,#834,.T.);
#1821=EDGE_CURVE('',#1320,#1178,#835,.T.);
#1822=EDGE_CURVE('',#1321,#1177,#836,.T.);
#1823=EDGE_CURVE('',#1322,#1176,#837,.T.);
#1824=EDGE_CURVE('',#1323,#1175,#838,.T.);
#1825=EDGE_CURVE('',#1324,#1174,#839,.T.);
#1826=EDGE_CURVE('',#1325,#1173,#840,.T.);
#1827=EDGE_CURVE('',#1326,#1172,#841,.T.);
#1828=EDGE_CURVE('',#1327,#1171,#842,.T.);
#1829=EDGE_CURVE('',#1328,#1170,#843,.T.);
#1830=EDGE_CURVE('',#1329,#1169,#844,.T.);
#1831=EDGE_CURVE('',#1330,#1168,#845,.T.);
#1832=EDGE_CURVE('',#1331,#1167,#846,.T.);
#1833=EDGE_CURVE('',#1332,#1166,#847,.T.);
#1834=EDGE_CURVE('',#1333,#1165,#848,.T.);
#1835=EDGE_CURVE('',#1334,#1164,#849,.T.);
#1836=EDGE_CURVE('',#1335,#1163,#850,.T.);
#1837=EDGE_CURVE('',#1336,#1162,#851,.T.);
#1838=EDGE_CURVE('',#1337,#1161,#852,.T.);
#1839=EDGE_CURVE('',#1338,#1160,#853,.T.);
#1840=EDGE_CURVE('',#1339,#1159,#854,.T.);
#1841=EDGE_CURVE('',#1340,#1158,#855,.T.);
#1842=EDGE_CURVE('',#1341,#1157,#856,.T.);
#1843=EDGE_CURVE('',#1342,#1156,#857,.T.);
#1844=EDGE_CURVE('',#1343,#1155,#858,.T.);
#1845=EDGE_CURVE('',#1344,#1154,#859,.T.);
#1846=EDGE_CURVE('',#1345,#1153,#860,.T.);
#1847=EDGE_CURVE('',#1346,#1152,#861,.T.);
#1848=EDGE_CURVE('',#1347,#1151,#862,.T.);
#1849=EDGE_CURVE('',#1348,#1150,#863,.T.);
#1850=EDGE_CURVE('',#1349,#1149,#864,.T.);
#1851=EDGE_CURVE('',#1350,#1148,#865,.T.);
#1852=EDGE_CURVE('',#1351,#1147,#866,.T.);
#1853=EDGE_CURVE('',#1352,#1146,#867,.T.);
#1854=EDGE_CURVE('',#1353,#1145,#868,.T.);
#1855=EDGE_CURVE('',#1354,#1144,#869,.T.);
#1856=EDGE_CURVE('',#1355,#1143,#870,.T.);
#1857=EDGE_CURVE('',#1356,#1142,#871,.T.);
#1858=EDGE_CURVE('',#1357,#1141,#872,.T.);
#1859=EDGE_CURVE('',#1358,#1140,#873,.T.);
#1860=EDGE_CURVE('',#1359,#1139,#874,.T.);
#1861=EDGE_CURVE('',#1360,#1138,#875,.T.);
#1862=EDGE_CURVE('',#1361,#1137,#876,.T.);
#1863=EDGE_CURVE('',#1362,#1136,#877,.T.);
#1864=EDGE_CURVE('',#1363,#1135,#878,.T.);
#1865=EDGE_CURVE('',#1364,#1134,#879,.T.);
#1866=EDGE_CURVE('',#1365,#1133,#880,.T.);
#1867=EDGE_CURVE('',#1366,#1132,#881,.T.);
#1868=EDGE_CURVE('',#1367,#1131,#882,.T.);
#1869=EDGE_CURVE('',#1368,#1130,#883,.T.);
#1870=EDGE_CURVE('',#1369,#1129,#884,.T.);
#1871=EDGE_CURVE('',#1370,#1128,#885,.T.);
#1872=EDGE_CURVE('',#1371,#1127,#886,.T.);
#1873=EDGE_CURVE('',#1372,#1126,#887,.T.);
#1874=EDGE_CURVE('',#1373,#1125,#888,.T.);
#1875=EDGE_CURVE('',#1374,#1124,#889,.T.);
#1876=EDGE_CURVE('',#1375,#1123,#890,.T.);
#1877=EDGE_CURVE('',#1376,#1122,#891,.T.);
#1878=EDGE_CURVE('',#1377,#1121,#892,.T.);
#1879=EDGE_CURVE('',#1378,#1120,#893,.T.);
#1880=EDGE_CURVE('',#1379,#1119,#894,.T.);
#1881=EDGE_CURVE('',#1380,#1118,#895,.T.);
#1882=ORIENTED_EDGE('',*,*,#1381,.T.);
#1883=ORIENTED_EDGE('',*,*,#1382,.F.);
#1884=ORIENTED_EDGE('',*,*,#1383,.T.);
#1885=ORIENTED_EDGE('',*,*,#1384,.F.);
#1886=ORIENTED_EDGE('',*,*,#1385,.T.);
#1887=ORIENTED_EDGE('',*,*,#1386,.F.);
#1888=ORIENTED_EDGE('',*,*,#1381,.F.);
#1889=ORIENTED_EDGE('',*,*,#1387,.F.);
#1890=ORIENTED_EDGE('',*,*,#1388,.T.);
#1891=ORIENTED_EDGE('',*,*,#1389,.F.);
#1892=ORIENTED_EDGE('',*,*,#1385,.F.);
#1893=ORIENTED_EDGE('',*,*,#1390,.F.);
#1894=ORIENTED_EDGE('',*,*,#1391,.T.);
#1895=ORIENTED_EDGE('',*,*,#1392,.F.);
#1896=ORIENTED_EDGE('',*,*,#1388,.F.);
#1897=ORIENTED_EDGE('',*,*,#1393,.F.);
#1898=ORIENTED_EDGE('',*,*,#1394,.T.);
#1899=ORIENTED_EDGE('',*,*,#1395,.F.);
#1900=ORIENTED_EDGE('',*,*,#1391,.F.);
#1901=ORIENTED_EDGE('',*,*,#1396,.F.);
#1902=ORIENTED_EDGE('',*,*,#1397,.T.);
#1903=ORIENTED_EDGE('',*,*,#1398,.F.);
#1904=ORIENTED_EDGE('',*,*,#1394,.F.);
#1905=ORIENTED_EDGE('',*,*,#1399,.F.);
#1906=ORIENTED_EDGE('',*,*,#1400,.T.);
#1907=ORIENTED_EDGE('',*,*,#1401,.F.);
#1908=ORIENTED_EDGE('',*,*,#1397,.F.);
#1909=ORIENTED_EDGE('',*,*,#1402,.F.);
#1910=ORIENTED_EDGE('',*,*,#1403,.F.);
#1911=ORIENTED_EDGE('',*,*,#1404,.F.);
#1912=ORIENTED_EDGE('',*,*,#1405,.F.);
#1913=ORIENTED_EDGE('',*,*,#1406,.F.);
#1914=ORIENTED_EDGE('',*,*,#1407,.F.);
#1915=ORIENTED_EDGE('',*,*,#1408,.F.);
#1916=ORIENTED_EDGE('',*,*,#1409,.F.);
#1917=ORIENTED_EDGE('',*,*,#1410,.F.);
#1918=ORIENTED_EDGE('',*,*,#1411,.F.);
#1919=ORIENTED_EDGE('',*,*,#1412,.F.);
#1920=ORIENTED_EDGE('',*,*,#1413,.F.);
#1921=ORIENTED_EDGE('',*,*,#1414,.F.);
#1922=ORIENTED_EDGE('',*,*,#1415,.F.);
#1923=ORIENTED_EDGE('',*,*,#1416,.F.);
#1924=ORIENTED_EDGE('',*,*,#1417,.T.);
#1925=ORIENTED_EDGE('',*,*,#1418,.F.);
#1926=ORIENTED_EDGE('',*,*,#1419,.F.);
#1927=ORIENTED_EDGE('',*,*,#1417,.F.);
#1928=ORIENTED_EDGE('',*,*,#1420,.F.);
#1929=ORIENTED_EDGE('',*,*,#1421,.F.);
#1930=ORIENTED_EDGE('',*,*,#1408,.T.);
#1931=ORIENTED_EDGE('',*,*,#1422,.F.);
#1932=ORIENTED_EDGE('',*,*,#1413,.T.);
#1933=ORIENTED_EDGE('',*,*,#1423,.T.);
#1934=ORIENTED_EDGE('',*,*,#1424,.T.);
#1935=ORIENTED_EDGE('',*,*,#1404,.T.);
#1936=ORIENTED_EDGE('',*,*,#1425,.T.);
#1937=ORIENTED_EDGE('',*,*,#1402,.T.);
#1938=ORIENTED_EDGE('',*,*,#1399,.T.);
#1939=ORIENTED_EDGE('',*,*,#1396,.T.);
#1940=ORIENTED_EDGE('',*,*,#1393,.T.);
#1941=ORIENTED_EDGE('',*,*,#1390,.T.);
#1942=ORIENTED_EDGE('',*,*,#1387,.T.);
#1943=ORIENTED_EDGE('',*,*,#1384,.T.);
#1944=ORIENTED_EDGE('',*,*,#1426,.T.);
#1945=ORIENTED_EDGE('',*,*,#1427,.T.);
#1946=ORIENTED_EDGE('',*,*,#1420,.T.);
#1947=ORIENTED_EDGE('',*,*,#1416,.T.);
#1948=ORIENTED_EDGE('',*,*,#1428,.F.);
#1949=ORIENTED_EDGE('',*,*,#1429,.T.);
#1950=ORIENTED_EDGE('',*,*,#1430,.T.);
#1951=ORIENTED_EDGE('',*,*,#1431,.F.);
#1952=ORIENTED_EDGE('',*,*,#1432,.T.);
#1953=ORIENTED_EDGE('',*,*,#1433,.F.);
#1954=ORIENTED_EDGE('',*,*,#1414,.T.);
#1955=ORIENTED_EDGE('',*,*,#1427,.F.);
#1956=ORIENTED_EDGE('',*,*,#1434,.T.);
#1957=ORIENTED_EDGE('',*,*,#1435,.F.);
#1958=ORIENTED_EDGE('',*,*,#1410,.T.);
#1959=ORIENTED_EDGE('',*,*,#1436,.F.);
#1960=ORIENTED_EDGE('',*,*,#1437,.T.);
#1961=ORIENTED_EDGE('',*,*,#1438,.F.);
#1962=ORIENTED_EDGE('',*,*,#1415,.T.);
#1963=ORIENTED_EDGE('',*,*,#1435,.T.);
#1964=ORIENTED_EDGE('',*,*,#1439,.T.);
#1965=ORIENTED_EDGE('',*,*,#1428,.T.);
#1966=ORIENTED_EDGE('',*,*,#1409,.T.);
#1967=ORIENTED_EDGE('',*,*,#1421,.T.);
#1968=ORIENTED_EDGE('',*,*,#1433,.T.);
#1969=ORIENTED_EDGE('',*,*,#1440,.T.);
#1970=ORIENTED_EDGE('',*,*,#1436,.T.);
#1971=ORIENTED_EDGE('',*,*,#1441,.F.);
#1972=ORIENTED_EDGE('',*,*,#1442,.F.);
#1973=ORIENTED_EDGE('',*,*,#1429,.F.);
#1974=ORIENTED_EDGE('',*,*,#1439,.F.);
#1975=ORIENTED_EDGE('',*,*,#1434,.F.);
#1976=ORIENTED_EDGE('',*,*,#1426,.F.);
#1977=ORIENTED_EDGE('',*,*,#1383,.F.);
#1978=ORIENTED_EDGE('',*,*,#1443,.F.);
#1979=ORIENTED_EDGE('',*,*,#1444,.F.);
#1980=ORIENTED_EDGE('',*,*,#1445,.F.);
#1981=ORIENTED_EDGE('',*,*,#1446,.T.);
#1982=ORIENTED_EDGE('',*,*,#1447,.F.);
#1983=ORIENTED_EDGE('',*,*,#1446,.F.);
#1984=ORIENTED_EDGE('',*,*,#1448,.F.);
#1985=ORIENTED_EDGE('',*,*,#1430,.F.);
#1986=ORIENTED_EDGE('',*,*,#1442,.T.);
#1987=ORIENTED_EDGE('',*,*,#1412,.T.);
#1988=ORIENTED_EDGE('',*,*,#1449,.F.);
#1989=ORIENTED_EDGE('',*,*,#1444,.T.);
#1990=ORIENTED_EDGE('',*,*,#1450,.F.);
#1991=ORIENTED_EDGE('',*,*,#1451,.F.);
#1992=ORIENTED_EDGE('',*,*,#1423,.F.);
#1993=ORIENTED_EDGE('',*,*,#1443,.T.);
#1994=ORIENTED_EDGE('',*,*,#1382,.T.);
#1995=ORIENTED_EDGE('',*,*,#1386,.T.);
#1996=ORIENTED_EDGE('',*,*,#1389,.T.);
#1997=ORIENTED_EDGE('',*,*,#1392,.T.);
#1998=ORIENTED_EDGE('',*,*,#1395,.T.);
#1999=ORIENTED_EDGE('',*,*,#1398,.T.);
#2000=ORIENTED_EDGE('',*,*,#1401,.T.);
#2001=ORIENTED_EDGE('',*,*,#1452,.T.);
#2002=ORIENTED_EDGE('',*,*,#1406,.T.);
#2003=ORIENTED_EDGE('',*,*,#1453,.T.);
#2004=ORIENTED_EDGE('',*,*,#1450,.T.);
#2005=ORIENTED_EDGE('',*,*,#1403,.T.);
#2006=ORIENTED_EDGE('',*,*,#1452,.F.);
#2007=ORIENTED_EDGE('',*,*,#1400,.F.);
#2008=ORIENTED_EDGE('',*,*,#1425,.F.);
#2009=ORIENTED_EDGE('',*,*,#1411,.T.);
#2010=ORIENTED_EDGE('',*,*,#1438,.T.);
#2011=ORIENTED_EDGE('',*,*,#1454,.T.);
#2012=ORIENTED_EDGE('',*,*,#1431,.T.);
#2013=ORIENTED_EDGE('',*,*,#1448,.T.);
#2014=ORIENTED_EDGE('',*,*,#1445,.T.);
#2015=ORIENTED_EDGE('',*,*,#1449,.T.);
#2016=ORIENTED_EDGE('',*,*,#1455,.F.);
#2017=ORIENTED_EDGE('',*,*,#1453,.F.);
#2018=ORIENTED_EDGE('',*,*,#1405,.T.);
#2019=ORIENTED_EDGE('',*,*,#1424,.F.);
#2020=ORIENTED_EDGE('',*,*,#1451,.T.);
#2021=ORIENTED_EDGE('',*,*,#1456,.F.);
#2022=ORIENTED_EDGE('',*,*,#1457,.T.);
#2023=ORIENTED_EDGE('',*,*,#1458,.T.);
#2024=ORIENTED_EDGE('',*,*,#1457,.F.);
#2025=ORIENTED_EDGE('',*,*,#1458,.F.);
#2026=ORIENTED_EDGE('',*,*,#1440,.F.);
#2027=ORIENTED_EDGE('',*,*,#1432,.F.);
#2028=ORIENTED_EDGE('',*,*,#1454,.F.);
#2029=ORIENTED_EDGE('',*,*,#1437,.F.);
#2030=ORIENTED_EDGE('',*,*,#1459,.T.);
#2031=ORIENTED_EDGE('',*,*,#1460,.T.);
#2032=ORIENTED_EDGE('',*,*,#1456,.T.);
#2033=ORIENTED_EDGE('',*,*,#1460,.F.);
#2034=ORIENTED_EDGE('',*,*,#1461,.F.);
#2035=ORIENTED_EDGE('',*,*,#1462,.T.);
#2036=ORIENTED_EDGE('',*,*,#1418,.T.);
#2037=ORIENTED_EDGE('',*,*,#1419,.T.);
#2038=ORIENTED_EDGE('',*,*,#1463,.T.);
#2039=ORIENTED_EDGE('',*,*,#1459,.F.);
#2040=ORIENTED_EDGE('',*,*,#1463,.F.);
#2041=ORIENTED_EDGE('',*,*,#1422,.T.);
#2042=ORIENTED_EDGE('',*,*,#1407,.T.);
#2043=ORIENTED_EDGE('',*,*,#1462,.F.);
#2044=ORIENTED_EDGE('',*,*,#1447,.T.);
#2045=ORIENTED_EDGE('',*,*,#1441,.T.);
#2046=ORIENTED_EDGE('',*,*,#1455,.T.);
#2047=ORIENTED_EDGE('',*,*,#1464,.T.);
#2048=ORIENTED_EDGE('',*,*,#1465,.T.);
#2049=ORIENTED_EDGE('',*,*,#1466,.T.);
#2050=ORIENTED_EDGE('',*,*,#1464,.F.);
#2051=ORIENTED_EDGE('',*,*,#1466,.F.);
#2052=ORIENTED_EDGE('',*,*,#1467,.T.);
#2053=ORIENTED_EDGE('',*,*,#1468,.F.);
#2054=ORIENTED_EDGE('',*,*,#1467,.F.);
#2055=ORIENTED_EDGE('',*,*,#1465,.F.);
#2056=ORIENTED_EDGE('',*,*,#1468,.T.);
#2057=ORIENTED_EDGE('',*,*,#1469,.T.);
#2058=ORIENTED_EDGE('',*,*,#1470,.T.);
#2059=ORIENTED_EDGE('',*,*,#1469,.F.);
#2060=ORIENTED_EDGE('',*,*,#1471,.F.);
#2061=ORIENTED_EDGE('',*,*,#1470,.F.);
#2062=ORIENTED_EDGE('',*,*,#1471,.T.);
#2063=ORIENTED_EDGE('',*,*,#1472,.T.);
#2064=ORIENTED_EDGE('',*,*,#1473,.T.);
#2065=ORIENTED_EDGE('',*,*,#1474,.T.);
#2066=ORIENTED_EDGE('',*,*,#1472,.F.);
#2067=ORIENTED_EDGE('',*,*,#1474,.F.);
#2068=ORIENTED_EDGE('',*,*,#1475,.T.);
#2069=ORIENTED_EDGE('',*,*,#1476,.F.);
#2070=ORIENTED_EDGE('',*,*,#1475,.F.);
#2071=ORIENTED_EDGE('',*,*,#1473,.F.);
#2072=ORIENTED_EDGE('',*,*,#1477,.T.);
#2073=ORIENTED_EDGE('',*,*,#1478,.T.);
#2074=ORIENTED_EDGE('',*,*,#1479,.T.);
#2075=ORIENTED_EDGE('',*,*,#1478,.F.);
#2076=ORIENTED_EDGE('',*,*,#1480,.F.);
#2077=ORIENTED_EDGE('',*,*,#1481,.T.);
#2078=ORIENTED_EDGE('',*,*,#1477,.F.);
#2079=ORIENTED_EDGE('',*,*,#1481,.F.);
#2080=ORIENTED_EDGE('',*,*,#1479,.F.);
#2081=ORIENTED_EDGE('',*,*,#1461,.T.);
#2082=ORIENTED_EDGE('',*,*,#1476,.T.);
#2083=ORIENTED_EDGE('',*,*,#1482,.T.);
#2084=ORIENTED_EDGE('',*,*,#1483,.T.);
#2085=ORIENTED_EDGE('',*,*,#1482,.F.);
#2086=ORIENTED_EDGE('',*,*,#1483,.F.);
#2087=ORIENTED_EDGE('',*,*,#1484,.T.);
#2088=ORIENTED_EDGE('',*,*,#1485,.T.);
#2089=ORIENTED_EDGE('',*,*,#1486,.T.);
#2090=ORIENTED_EDGE('',*,*,#1487,.T.);
#2091=ORIENTED_EDGE('',*,*,#1488,.T.);
#2092=ORIENTED_EDGE('',*,*,#1489,.T.);
#2093=ORIENTED_EDGE('',*,*,#1490,.T.);
#2094=ORIENTED_EDGE('',*,*,#1491,.T.);
#2095=ORIENTED_EDGE('',*,*,#1492,.T.);
#2096=ORIENTED_EDGE('',*,*,#1493,.T.);
#2097=ORIENTED_EDGE('',*,*,#1494,.T.);
#2098=ORIENTED_EDGE('',*,*,#1495,.T.);
#2099=ORIENTED_EDGE('',*,*,#1496,.T.);
#2100=ORIENTED_EDGE('',*,*,#1497,.T.);
#2101=ORIENTED_EDGE('',*,*,#1498,.T.);
#2102=ORIENTED_EDGE('',*,*,#1499,.T.);
#2103=ORIENTED_EDGE('',*,*,#1500,.T.);
#2104=ORIENTED_EDGE('',*,*,#1501,.T.);
#2105=ORIENTED_EDGE('',*,*,#1502,.T.);
#2106=ORIENTED_EDGE('',*,*,#1503,.T.);
#2107=ORIENTED_EDGE('',*,*,#1504,.T.);
#2108=ORIENTED_EDGE('',*,*,#1505,.T.);
#2109=ORIENTED_EDGE('',*,*,#1506,.T.);
#2110=ORIENTED_EDGE('',*,*,#1507,.T.);
#2111=ORIENTED_EDGE('',*,*,#1508,.T.);
#2112=ORIENTED_EDGE('',*,*,#1509,.T.);
#2113=ORIENTED_EDGE('',*,*,#1510,.T.);
#2114=ORIENTED_EDGE('',*,*,#1511,.T.);
#2115=ORIENTED_EDGE('',*,*,#1512,.T.);
#2116=ORIENTED_EDGE('',*,*,#1513,.T.);
#2117=ORIENTED_EDGE('',*,*,#1514,.T.);
#2118=ORIENTED_EDGE('',*,*,#1515,.T.);
#2119=ORIENTED_EDGE('',*,*,#1516,.T.);
#2120=ORIENTED_EDGE('',*,*,#1517,.T.);
#2121=ORIENTED_EDGE('',*,*,#1518,.T.);
#2122=ORIENTED_EDGE('',*,*,#1519,.T.);
#2123=ORIENTED_EDGE('',*,*,#1520,.T.);
#2124=ORIENTED_EDGE('',*,*,#1521,.T.);
#2125=ORIENTED_EDGE('',*,*,#1522,.T.);
#2126=ORIENTED_EDGE('',*,*,#1523,.T.);
#2127=ORIENTED_EDGE('',*,*,#1524,.T.);
#2128=ORIENTED_EDGE('',*,*,#1525,.T.);
#2129=ORIENTED_EDGE('',*,*,#1526,.T.);
#2130=ORIENTED_EDGE('',*,*,#1527,.T.);
#2131=ORIENTED_EDGE('',*,*,#1528,.T.);
#2132=ORIENTED_EDGE('',*,*,#1529,.T.);
#2133=ORIENTED_EDGE('',*,*,#1530,.T.);
#2134=ORIENTED_EDGE('',*,*,#1531,.T.);
#2135=ORIENTED_EDGE('',*,*,#1532,.T.);
#2136=ORIENTED_EDGE('',*,*,#1533,.T.);
#2137=ORIENTED_EDGE('',*,*,#1534,.T.);
#2138=ORIENTED_EDGE('',*,*,#1535,.T.);
#2139=ORIENTED_EDGE('',*,*,#1536,.T.);
#2140=ORIENTED_EDGE('',*,*,#1537,.T.);
#2141=ORIENTED_EDGE('',*,*,#1538,.T.);
#2142=ORIENTED_EDGE('',*,*,#1539,.T.);
#2143=ORIENTED_EDGE('',*,*,#1540,.T.);
#2144=ORIENTED_EDGE('',*,*,#1541,.T.);
#2145=ORIENTED_EDGE('',*,*,#1542,.T.);
#2146=ORIENTED_EDGE('',*,*,#1543,.T.);
#2147=ORIENTED_EDGE('',*,*,#1544,.T.);
#2148=ORIENTED_EDGE('',*,*,#1545,.T.);
#2149=ORIENTED_EDGE('',*,*,#1546,.T.);
#2150=ORIENTED_EDGE('',*,*,#1547,.T.);
#2151=ORIENTED_EDGE('',*,*,#1548,.T.);
#2152=ORIENTED_EDGE('',*,*,#1549,.T.);
#2153=ORIENTED_EDGE('',*,*,#1550,.T.);
#2154=ORIENTED_EDGE('',*,*,#1551,.T.);
#2155=ORIENTED_EDGE('',*,*,#1552,.T.);
#2156=ORIENTED_EDGE('',*,*,#1553,.T.);
#2157=ORIENTED_EDGE('',*,*,#1554,.T.);
#2158=ORIENTED_EDGE('',*,*,#1555,.T.);
#2159=ORIENTED_EDGE('',*,*,#1556,.T.);
#2160=ORIENTED_EDGE('',*,*,#1557,.T.);
#2161=ORIENTED_EDGE('',*,*,#1558,.T.);
#2162=ORIENTED_EDGE('',*,*,#1559,.T.);
#2163=ORIENTED_EDGE('',*,*,#1560,.T.);
#2164=ORIENTED_EDGE('',*,*,#1561,.T.);
#2165=ORIENTED_EDGE('',*,*,#1562,.T.);
#2166=ORIENTED_EDGE('',*,*,#1563,.T.);
#2167=ORIENTED_EDGE('',*,*,#1564,.T.);
#2168=ORIENTED_EDGE('',*,*,#1565,.T.);
#2169=ORIENTED_EDGE('',*,*,#1566,.T.);
#2170=ORIENTED_EDGE('',*,*,#1567,.T.);
#2171=ORIENTED_EDGE('',*,*,#1568,.T.);
#2172=ORIENTED_EDGE('',*,*,#1569,.T.);
#2173=ORIENTED_EDGE('',*,*,#1570,.T.);
#2174=ORIENTED_EDGE('',*,*,#1571,.T.);
#2175=ORIENTED_EDGE('',*,*,#1572,.T.);
#2176=ORIENTED_EDGE('',*,*,#1573,.T.);
#2177=ORIENTED_EDGE('',*,*,#1574,.T.);
#2178=ORIENTED_EDGE('',*,*,#1575,.T.);
#2179=ORIENTED_EDGE('',*,*,#1576,.T.);
#2180=ORIENTED_EDGE('',*,*,#1577,.T.);
#2181=ORIENTED_EDGE('',*,*,#1578,.T.);
#2182=ORIENTED_EDGE('',*,*,#1579,.T.);
#2183=ORIENTED_EDGE('',*,*,#1580,.T.);
#2184=ORIENTED_EDGE('',*,*,#1581,.T.);
#2185=ORIENTED_EDGE('',*,*,#1582,.T.);
#2186=ORIENTED_EDGE('',*,*,#1583,.T.);
#2187=ORIENTED_EDGE('',*,*,#1584,.T.);
#2188=ORIENTED_EDGE('',*,*,#1585,.T.);
#2189=ORIENTED_EDGE('',*,*,#1586,.T.);
#2190=ORIENTED_EDGE('',*,*,#1587,.T.);
#2191=ORIENTED_EDGE('',*,*,#1588,.T.);
#2192=ORIENTED_EDGE('',*,*,#1589,.T.);
#2193=ORIENTED_EDGE('',*,*,#1590,.T.);
#2194=ORIENTED_EDGE('',*,*,#1591,.T.);
#2195=ORIENTED_EDGE('',*,*,#1592,.T.);
#2196=ORIENTED_EDGE('',*,*,#1593,.T.);
#2197=ORIENTED_EDGE('',*,*,#1594,.T.);
#2198=ORIENTED_EDGE('',*,*,#1595,.T.);
#2199=ORIENTED_EDGE('',*,*,#1596,.T.);
#2200=ORIENTED_EDGE('',*,*,#1597,.T.);
#2201=ORIENTED_EDGE('',*,*,#1598,.T.);
#2202=ORIENTED_EDGE('',*,*,#1599,.T.);
#2203=ORIENTED_EDGE('',*,*,#1600,.T.);
#2204=ORIENTED_EDGE('',*,*,#1601,.T.);
#2205=ORIENTED_EDGE('',*,*,#1602,.T.);
#2206=ORIENTED_EDGE('',*,*,#1603,.T.);
#2207=ORIENTED_EDGE('',*,*,#1604,.T.);
#2208=ORIENTED_EDGE('',*,*,#1605,.T.);
#2209=ORIENTED_EDGE('',*,*,#1606,.T.);
#2210=ORIENTED_EDGE('',*,*,#1607,.T.);
#2211=ORIENTED_EDGE('',*,*,#1608,.T.);
#2212=ORIENTED_EDGE('',*,*,#1609,.T.);
#2213=ORIENTED_EDGE('',*,*,#1610,.T.);
#2214=ORIENTED_EDGE('',*,*,#1611,.T.);
#2215=ORIENTED_EDGE('',*,*,#1612,.T.);
#2216=ORIENTED_EDGE('',*,*,#1613,.T.);
#2217=ORIENTED_EDGE('',*,*,#1614,.T.);
#2218=ORIENTED_EDGE('',*,*,#1615,.T.);
#2219=ORIENTED_EDGE('',*,*,#1616,.T.);
#2220=ORIENTED_EDGE('',*,*,#1617,.T.);
#2221=ORIENTED_EDGE('',*,*,#1480,.T.);
#2222=ORIENTED_EDGE('',*,*,#1617,.F.);
#2223=ORIENTED_EDGE('',*,*,#1616,.F.);
#2224=ORIENTED_EDGE('',*,*,#1618,.T.);
#2225=ORIENTED_EDGE('',*,*,#1619,.T.);
#2226=ORIENTED_EDGE('',*,*,#1620,.T.);
#2227=ORIENTED_EDGE('',*,*,#1621,.T.);
#2228=ORIENTED_EDGE('',*,*,#1622,.T.);
#2229=ORIENTED_EDGE('',*,*,#1623,.T.);
#2230=ORIENTED_EDGE('',*,*,#1624,.T.);
#2231=ORIENTED_EDGE('',*,*,#1625,.T.);
#2232=ORIENTED_EDGE('',*,*,#1626,.T.);
#2233=ORIENTED_EDGE('',*,*,#1627,.T.);
#2234=ORIENTED_EDGE('',*,*,#1628,.T.);
#2235=ORIENTED_EDGE('',*,*,#1629,.T.);
#2236=ORIENTED_EDGE('',*,*,#1630,.T.);
#2237=ORIENTED_EDGE('',*,*,#1631,.T.);
#2238=ORIENTED_EDGE('',*,*,#1632,.T.);
#2239=ORIENTED_EDGE('',*,*,#1633,.T.);
#2240=ORIENTED_EDGE('',*,*,#1634,.T.);
#2241=ORIENTED_EDGE('',*,*,#1635,.T.);
#2242=ORIENTED_EDGE('',*,*,#1636,.T.);
#2243=ORIENTED_EDGE('',*,*,#1637,.T.);
#2244=ORIENTED_EDGE('',*,*,#1638,.T.);
#2245=ORIENTED_EDGE('',*,*,#1639,.T.);
#2246=ORIENTED_EDGE('',*,*,#1640,.T.);
#2247=ORIENTED_EDGE('',*,*,#1641,.T.);
#2248=ORIENTED_EDGE('',*,*,#1642,.T.);
#2249=ORIENTED_EDGE('',*,*,#1643,.T.);
#2250=ORIENTED_EDGE('',*,*,#1644,.T.);
#2251=ORIENTED_EDGE('',*,*,#1645,.T.);
#2252=ORIENTED_EDGE('',*,*,#1646,.T.);
#2253=ORIENTED_EDGE('',*,*,#1647,.T.);
#2254=ORIENTED_EDGE('',*,*,#1648,.T.);
#2255=ORIENTED_EDGE('',*,*,#1649,.T.);
#2256=ORIENTED_EDGE('',*,*,#1650,.T.);
#2257=ORIENTED_EDGE('',*,*,#1651,.T.);
#2258=ORIENTED_EDGE('',*,*,#1652,.T.);
#2259=ORIENTED_EDGE('',*,*,#1653,.T.);
#2260=ORIENTED_EDGE('',*,*,#1654,.T.);
#2261=ORIENTED_EDGE('',*,*,#1655,.T.);
#2262=ORIENTED_EDGE('',*,*,#1656,.T.);
#2263=ORIENTED_EDGE('',*,*,#1657,.T.);
#2264=ORIENTED_EDGE('',*,*,#1658,.T.);
#2265=ORIENTED_EDGE('',*,*,#1659,.T.);
#2266=ORIENTED_EDGE('',*,*,#1660,.T.);
#2267=ORIENTED_EDGE('',*,*,#1661,.T.);
#2268=ORIENTED_EDGE('',*,*,#1662,.T.);
#2269=ORIENTED_EDGE('',*,*,#1663,.T.);
#2270=ORIENTED_EDGE('',*,*,#1664,.T.);
#2271=ORIENTED_EDGE('',*,*,#1665,.T.);
#2272=ORIENTED_EDGE('',*,*,#1666,.T.);
#2273=ORIENTED_EDGE('',*,*,#1667,.T.);
#2274=ORIENTED_EDGE('',*,*,#1668,.T.);
#2275=ORIENTED_EDGE('',*,*,#1669,.T.);
#2276=ORIENTED_EDGE('',*,*,#1670,.T.);
#2277=ORIENTED_EDGE('',*,*,#1671,.T.);
#2278=ORIENTED_EDGE('',*,*,#1672,.T.);
#2279=ORIENTED_EDGE('',*,*,#1673,.T.);
#2280=ORIENTED_EDGE('',*,*,#1674,.T.);
#2281=ORIENTED_EDGE('',*,*,#1675,.T.);
#2282=ORIENTED_EDGE('',*,*,#1676,.T.);
#2283=ORIENTED_EDGE('',*,*,#1677,.T.);
#2284=ORIENTED_EDGE('',*,*,#1678,.T.);
#2285=ORIENTED_EDGE('',*,*,#1679,.T.);
#2286=ORIENTED_EDGE('',*,*,#1680,.T.);
#2287=ORIENTED_EDGE('',*,*,#1681,.T.);
#2288=ORIENTED_EDGE('',*,*,#1682,.T.);
#2289=ORIENTED_EDGE('',*,*,#1683,.T.);
#2290=ORIENTED_EDGE('',*,*,#1684,.T.);
#2291=ORIENTED_EDGE('',*,*,#1685,.T.);
#2292=ORIENTED_EDGE('',*,*,#1686,.T.);
#2293=ORIENTED_EDGE('',*,*,#1687,.T.);
#2294=ORIENTED_EDGE('',*,*,#1688,.T.);
#2295=ORIENTED_EDGE('',*,*,#1689,.T.);
#2296=ORIENTED_EDGE('',*,*,#1690,.T.);
#2297=ORIENTED_EDGE('',*,*,#1691,.T.);
#2298=ORIENTED_EDGE('',*,*,#1692,.T.);
#2299=ORIENTED_EDGE('',*,*,#1693,.T.);
#2300=ORIENTED_EDGE('',*,*,#1694,.T.);
#2301=ORIENTED_EDGE('',*,*,#1695,.T.);
#2302=ORIENTED_EDGE('',*,*,#1696,.T.);
#2303=ORIENTED_EDGE('',*,*,#1697,.T.);
#2304=ORIENTED_EDGE('',*,*,#1698,.T.);
#2305=ORIENTED_EDGE('',*,*,#1699,.T.);
#2306=ORIENTED_EDGE('',*,*,#1700,.T.);
#2307=ORIENTED_EDGE('',*,*,#1701,.T.);
#2308=ORIENTED_EDGE('',*,*,#1702,.T.);
#2309=ORIENTED_EDGE('',*,*,#1703,.T.);
#2310=ORIENTED_EDGE('',*,*,#1704,.T.);
#2311=ORIENTED_EDGE('',*,*,#1705,.T.);
#2312=ORIENTED_EDGE('',*,*,#1706,.T.);
#2313=ORIENTED_EDGE('',*,*,#1707,.T.);
#2314=ORIENTED_EDGE('',*,*,#1708,.T.);
#2315=ORIENTED_EDGE('',*,*,#1709,.T.);
#2316=ORIENTED_EDGE('',*,*,#1710,.T.);
#2317=ORIENTED_EDGE('',*,*,#1711,.T.);
#2318=ORIENTED_EDGE('',*,*,#1712,.T.);
#2319=ORIENTED_EDGE('',*,*,#1713,.T.);
#2320=ORIENTED_EDGE('',*,*,#1714,.T.);
#2321=ORIENTED_EDGE('',*,*,#1715,.T.);
#2322=ORIENTED_EDGE('',*,*,#1716,.T.);
#2323=ORIENTED_EDGE('',*,*,#1717,.T.);
#2324=ORIENTED_EDGE('',*,*,#1718,.T.);
#2325=ORIENTED_EDGE('',*,*,#1719,.T.);
#2326=ORIENTED_EDGE('',*,*,#1720,.T.);
#2327=ORIENTED_EDGE('',*,*,#1721,.T.);
#2328=ORIENTED_EDGE('',*,*,#1722,.T.);
#2329=ORIENTED_EDGE('',*,*,#1723,.T.);
#2330=ORIENTED_EDGE('',*,*,#1724,.T.);
#2331=ORIENTED_EDGE('',*,*,#1725,.T.);
#2332=ORIENTED_EDGE('',*,*,#1726,.T.);
#2333=ORIENTED_EDGE('',*,*,#1727,.T.);
#2334=ORIENTED_EDGE('',*,*,#1728,.T.);
#2335=ORIENTED_EDGE('',*,*,#1729,.T.);
#2336=ORIENTED_EDGE('',*,*,#1730,.T.);
#2337=ORIENTED_EDGE('',*,*,#1731,.T.);
#2338=ORIENTED_EDGE('',*,*,#1732,.T.);
#2339=ORIENTED_EDGE('',*,*,#1733,.T.);
#2340=ORIENTED_EDGE('',*,*,#1734,.T.);
#2341=ORIENTED_EDGE('',*,*,#1735,.T.);
#2342=ORIENTED_EDGE('',*,*,#1736,.T.);
#2343=ORIENTED_EDGE('',*,*,#1737,.T.);
#2344=ORIENTED_EDGE('',*,*,#1738,.T.);
#2345=ORIENTED_EDGE('',*,*,#1739,.T.);
#2346=ORIENTED_EDGE('',*,*,#1740,.T.);
#2347=ORIENTED_EDGE('',*,*,#1741,.T.);
#2348=ORIENTED_EDGE('',*,*,#1742,.T.);
#2349=ORIENTED_EDGE('',*,*,#1743,.T.);
#2350=ORIENTED_EDGE('',*,*,#1744,.T.);
#2351=ORIENTED_EDGE('',*,*,#1745,.T.);
#2352=ORIENTED_EDGE('',*,*,#1746,.T.);
#2353=ORIENTED_EDGE('',*,*,#1747,.T.);
#2354=ORIENTED_EDGE('',*,*,#1748,.T.);
#2355=ORIENTED_EDGE('',*,*,#1749,.T.);
#2356=ORIENTED_EDGE('',*,*,#1618,.F.);
#2357=ORIENTED_EDGE('',*,*,#1750,.T.);
#2358=ORIENTED_EDGE('',*,*,#1484,.F.);
#2359=ORIENTED_EDGE('',*,*,#1751,.F.);
#2360=ORIENTED_EDGE('',*,*,#1619,.F.);
#2361=ORIENTED_EDGE('',*,*,#1751,.T.);
#2362=ORIENTED_EDGE('',*,*,#1615,.F.);
#2363=ORIENTED_EDGE('',*,*,#1752,.F.);
#2364=ORIENTED_EDGE('',*,*,#1620,.F.);
#2365=ORIENTED_EDGE('',*,*,#1752,.T.);
#2366=ORIENTED_EDGE('',*,*,#1614,.F.);
#2367=ORIENTED_EDGE('',*,*,#1753,.F.);
#2368=ORIENTED_EDGE('',*,*,#1621,.F.);
#2369=ORIENTED_EDGE('',*,*,#1753,.T.);
#2370=ORIENTED_EDGE('',*,*,#1613,.F.);
#2371=ORIENTED_EDGE('',*,*,#1754,.F.);
#2372=ORIENTED_EDGE('',*,*,#1622,.F.);
#2373=ORIENTED_EDGE('',*,*,#1754,.T.);
#2374=ORIENTED_EDGE('',*,*,#1612,.F.);
#2375=ORIENTED_EDGE('',*,*,#1755,.F.);
#2376=ORIENTED_EDGE('',*,*,#1623,.F.);
#2377=ORIENTED_EDGE('',*,*,#1755,.T.);
#2378=ORIENTED_EDGE('',*,*,#1611,.F.);
#2379=ORIENTED_EDGE('',*,*,#1756,.F.);
#2380=ORIENTED_EDGE('',*,*,#1624,.F.);
#2381=ORIENTED_EDGE('',*,*,#1756,.T.);
#2382=ORIENTED_EDGE('',*,*,#1610,.F.);
#2383=ORIENTED_EDGE('',*,*,#1757,.F.);
#2384=ORIENTED_EDGE('',*,*,#1625,.F.);
#2385=ORIENTED_EDGE('',*,*,#1757,.T.);
#2386=ORIENTED_EDGE('',*,*,#1609,.F.);
#2387=ORIENTED_EDGE('',*,*,#1758,.F.);
#2388=ORIENTED_EDGE('',*,*,#1626,.F.);
#2389=ORIENTED_EDGE('',*,*,#1758,.T.);
#2390=ORIENTED_EDGE('',*,*,#1608,.F.);
#2391=ORIENTED_EDGE('',*,*,#1759,.F.);
#2392=ORIENTED_EDGE('',*,*,#1627,.F.);
#2393=ORIENTED_EDGE('',*,*,#1759,.T.);
#2394=ORIENTED_EDGE('',*,*,#1607,.F.);
#2395=ORIENTED_EDGE('',*,*,#1760,.F.);
#2396=ORIENTED_EDGE('',*,*,#1628,.F.);
#2397=ORIENTED_EDGE('',*,*,#1760,.T.);
#2398=ORIENTED_EDGE('',*,*,#1606,.F.);
#2399=ORIENTED_EDGE('',*,*,#1761,.F.);
#2400=ORIENTED_EDGE('',*,*,#1629,.F.);
#2401=ORIENTED_EDGE('',*,*,#1761,.T.);
#2402=ORIENTED_EDGE('',*,*,#1605,.F.);
#2403=ORIENTED_EDGE('',*,*,#1762,.F.);
#2404=ORIENTED_EDGE('',*,*,#1630,.F.);
#2405=ORIENTED_EDGE('',*,*,#1762,.T.);
#2406=ORIENTED_EDGE('',*,*,#1604,.F.);
#2407=ORIENTED_EDGE('',*,*,#1763,.F.);
#2408=ORIENTED_EDGE('',*,*,#1631,.F.);
#2409=ORIENTED_EDGE('',*,*,#1763,.T.);
#2410=ORIENTED_EDGE('',*,*,#1603,.F.);
#2411=ORIENTED_EDGE('',*,*,#1764,.F.);
#2412=ORIENTED_EDGE('',*,*,#1632,.F.);
#2413=ORIENTED_EDGE('',*,*,#1764,.T.);
#2414=ORIENTED_EDGE('',*,*,#1602,.F.);
#2415=ORIENTED_EDGE('',*,*,#1765,.F.);
#2416=ORIENTED_EDGE('',*,*,#1633,.F.);
#2417=ORIENTED_EDGE('',*,*,#1765,.T.);
#2418=ORIENTED_EDGE('',*,*,#1601,.F.);
#2419=ORIENTED_EDGE('',*,*,#1766,.F.);
#2420=ORIENTED_EDGE('',*,*,#1634,.F.);
#2421=ORIENTED_EDGE('',*,*,#1766,.T.);
#2422=ORIENTED_EDGE('',*,*,#1600,.F.);
#2423=ORIENTED_EDGE('',*,*,#1767,.F.);
#2424=ORIENTED_EDGE('',*,*,#1635,.F.);
#2425=ORIENTED_EDGE('',*,*,#1767,.T.);
#2426=ORIENTED_EDGE('',*,*,#1599,.F.);
#2427=ORIENTED_EDGE('',*,*,#1768,.F.);
#2428=ORIENTED_EDGE('',*,*,#1636,.F.);
#2429=ORIENTED_EDGE('',*,*,#1768,.T.);
#2430=ORIENTED_EDGE('',*,*,#1598,.F.);
#2431=ORIENTED_EDGE('',*,*,#1769,.F.);
#2432=ORIENTED_EDGE('',*,*,#1637,.F.);
#2433=ORIENTED_EDGE('',*,*,#1769,.T.);
#2434=ORIENTED_EDGE('',*,*,#1597,.F.);
#2435=ORIENTED_EDGE('',*,*,#1770,.F.);
#2436=ORIENTED_EDGE('',*,*,#1638,.F.);
#2437=ORIENTED_EDGE('',*,*,#1770,.T.);
#2438=ORIENTED_EDGE('',*,*,#1596,.F.);
#2439=ORIENTED_EDGE('',*,*,#1771,.F.);
#2440=ORIENTED_EDGE('',*,*,#1639,.F.);
#2441=ORIENTED_EDGE('',*,*,#1771,.T.);
#2442=ORIENTED_EDGE('',*,*,#1595,.F.);
#2443=ORIENTED_EDGE('',*,*,#1772,.F.);
#2444=ORIENTED_EDGE('',*,*,#1640,.F.);
#2445=ORIENTED_EDGE('',*,*,#1772,.T.);
#2446=ORIENTED_EDGE('',*,*,#1594,.F.);
#2447=ORIENTED_EDGE('',*,*,#1773,.F.);
#2448=ORIENTED_EDGE('',*,*,#1641,.F.);
#2449=ORIENTED_EDGE('',*,*,#1773,.T.);
#2450=ORIENTED_EDGE('',*,*,#1593,.F.);
#2451=ORIENTED_EDGE('',*,*,#1774,.F.);
#2452=ORIENTED_EDGE('',*,*,#1642,.F.);
#2453=ORIENTED_EDGE('',*,*,#1774,.T.);
#2454=ORIENTED_EDGE('',*,*,#1592,.F.);
#2455=ORIENTED_EDGE('',*,*,#1775,.F.);
#2456=ORIENTED_EDGE('',*,*,#1643,.F.);
#2457=ORIENTED_EDGE('',*,*,#1775,.T.);
#2458=ORIENTED_EDGE('',*,*,#1591,.F.);
#2459=ORIENTED_EDGE('',*,*,#1776,.F.);
#2460=ORIENTED_EDGE('',*,*,#1644,.F.);
#2461=ORIENTED_EDGE('',*,*,#1776,.T.);
#2462=ORIENTED_EDGE('',*,*,#1590,.F.);
#2463=ORIENTED_EDGE('',*,*,#1777,.F.);
#2464=ORIENTED_EDGE('',*,*,#1645,.F.);
#2465=ORIENTED_EDGE('',*,*,#1777,.T.);
#2466=ORIENTED_EDGE('',*,*,#1589,.F.);
#2467=ORIENTED_EDGE('',*,*,#1778,.F.);
#2468=ORIENTED_EDGE('',*,*,#1646,.F.);
#2469=ORIENTED_EDGE('',*,*,#1778,.T.);
#2470=ORIENTED_EDGE('',*,*,#1588,.F.);
#2471=ORIENTED_EDGE('',*,*,#1779,.F.);
#2472=ORIENTED_EDGE('',*,*,#1647,.F.);
#2473=ORIENTED_EDGE('',*,*,#1779,.T.);
#2474=ORIENTED_EDGE('',*,*,#1587,.F.);
#2475=ORIENTED_EDGE('',*,*,#1780,.F.);
#2476=ORIENTED_EDGE('',*,*,#1648,.F.);
#2477=ORIENTED_EDGE('',*,*,#1780,.T.);
#2478=ORIENTED_EDGE('',*,*,#1586,.F.);
#2479=ORIENTED_EDGE('',*,*,#1781,.F.);
#2480=ORIENTED_EDGE('',*,*,#1649,.F.);
#2481=ORIENTED_EDGE('',*,*,#1781,.T.);
#2482=ORIENTED_EDGE('',*,*,#1585,.F.);
#2483=ORIENTED_EDGE('',*,*,#1782,.F.);
#2484=ORIENTED_EDGE('',*,*,#1650,.F.);
#2485=ORIENTED_EDGE('',*,*,#1782,.T.);
#2486=ORIENTED_EDGE('',*,*,#1584,.F.);
#2487=ORIENTED_EDGE('',*,*,#1783,.F.);
#2488=ORIENTED_EDGE('',*,*,#1651,.F.);
#2489=ORIENTED_EDGE('',*,*,#1783,.T.);
#2490=ORIENTED_EDGE('',*,*,#1583,.F.);
#2491=ORIENTED_EDGE('',*,*,#1784,.F.);
#2492=ORIENTED_EDGE('',*,*,#1652,.F.);
#2493=ORIENTED_EDGE('',*,*,#1784,.T.);
#2494=ORIENTED_EDGE('',*,*,#1582,.F.);
#2495=ORIENTED_EDGE('',*,*,#1785,.F.);
#2496=ORIENTED_EDGE('',*,*,#1653,.F.);
#2497=ORIENTED_EDGE('',*,*,#1785,.T.);
#2498=ORIENTED_EDGE('',*,*,#1581,.F.);
#2499=ORIENTED_EDGE('',*,*,#1786,.F.);
#2500=ORIENTED_EDGE('',*,*,#1654,.F.);
#2501=ORIENTED_EDGE('',*,*,#1786,.T.);
#2502=ORIENTED_EDGE('',*,*,#1580,.F.);
#2503=ORIENTED_EDGE('',*,*,#1787,.F.);
#2504=ORIENTED_EDGE('',*,*,#1655,.F.);
#2505=ORIENTED_EDGE('',*,*,#1787,.T.);
#2506=ORIENTED_EDGE('',*,*,#1579,.F.);
#2507=ORIENTED_EDGE('',*,*,#1788,.F.);
#2508=ORIENTED_EDGE('',*,*,#1656,.F.);
#2509=ORIENTED_EDGE('',*,*,#1788,.T.);
#2510=ORIENTED_EDGE('',*,*,#1578,.F.);
#2511=ORIENTED_EDGE('',*,*,#1789,.F.);
#2512=ORIENTED_EDGE('',*,*,#1657,.F.);
#2513=ORIENTED_EDGE('',*,*,#1789,.T.);
#2514=ORIENTED_EDGE('',*,*,#1577,.F.);
#2515=ORIENTED_EDGE('',*,*,#1790,.F.);
#2516=ORIENTED_EDGE('',*,*,#1658,.F.);
#2517=ORIENTED_EDGE('',*,*,#1790,.T.);
#2518=ORIENTED_EDGE('',*,*,#1576,.F.);
#2519=ORIENTED_EDGE('',*,*,#1791,.F.);
#2520=ORIENTED_EDGE('',*,*,#1659,.F.);
#2521=ORIENTED_EDGE('',*,*,#1791,.T.);
#2522=ORIENTED_EDGE('',*,*,#1575,.F.);
#2523=ORIENTED_EDGE('',*,*,#1792,.F.);
#2524=ORIENTED_EDGE('',*,*,#1660,.F.);
#2525=ORIENTED_EDGE('',*,*,#1792,.T.);
#2526=ORIENTED_EDGE('',*,*,#1574,.F.);
#2527=ORIENTED_EDGE('',*,*,#1793,.F.);
#2528=ORIENTED_EDGE('',*,*,#1661,.F.);
#2529=ORIENTED_EDGE('',*,*,#1793,.T.);
#2530=ORIENTED_EDGE('',*,*,#1573,.F.);
#2531=ORIENTED_EDGE('',*,*,#1794,.F.);
#2532=ORIENTED_EDGE('',*,*,#1662,.F.);
#2533=ORIENTED_EDGE('',*,*,#1794,.T.);
#2534=ORIENTED_EDGE('',*,*,#1572,.F.);
#2535=ORIENTED_EDGE('',*,*,#1795,.F.);
#2536=ORIENTED_EDGE('',*,*,#1663,.F.);
#2537=ORIENTED_EDGE('',*,*,#1795,.T.);
#2538=ORIENTED_EDGE('',*,*,#1571,.F.);
#2539=ORIENTED_EDGE('',*,*,#1796,.F.);
#2540=ORIENTED_EDGE('',*,*,#1664,.F.);
#2541=ORIENTED_EDGE('',*,*,#1796,.T.);
#2542=ORIENTED_EDGE('',*,*,#1570,.F.);
#2543=ORIENTED_EDGE('',*,*,#1797,.F.);
#2544=ORIENTED_EDGE('',*,*,#1665,.F.);
#2545=ORIENTED_EDGE('',*,*,#1797,.T.);
#2546=ORIENTED_EDGE('',*,*,#1569,.F.);
#2547=ORIENTED_EDGE('',*,*,#1798,.F.);
#2548=ORIENTED_EDGE('',*,*,#1666,.F.);
#2549=ORIENTED_EDGE('',*,*,#1798,.T.);
#2550=ORIENTED_EDGE('',*,*,#1568,.F.);
#2551=ORIENTED_EDGE('',*,*,#1799,.F.);
#2552=ORIENTED_EDGE('',*,*,#1667,.F.);
#2553=ORIENTED_EDGE('',*,*,#1799,.T.);
#2554=ORIENTED_EDGE('',*,*,#1567,.F.);
#2555=ORIENTED_EDGE('',*,*,#1800,.F.);
#2556=ORIENTED_EDGE('',*,*,#1668,.F.);
#2557=ORIENTED_EDGE('',*,*,#1800,.T.);
#2558=ORIENTED_EDGE('',*,*,#1566,.F.);
#2559=ORIENTED_EDGE('',*,*,#1801,.F.);
#2560=ORIENTED_EDGE('',*,*,#1669,.F.);
#2561=ORIENTED_EDGE('',*,*,#1801,.T.);
#2562=ORIENTED_EDGE('',*,*,#1565,.F.);
#2563=ORIENTED_EDGE('',*,*,#1802,.F.);
#2564=ORIENTED_EDGE('',*,*,#1670,.F.);
#2565=ORIENTED_EDGE('',*,*,#1802,.T.);
#2566=ORIENTED_EDGE('',*,*,#1564,.F.);
#2567=ORIENTED_EDGE('',*,*,#1803,.F.);
#2568=ORIENTED_EDGE('',*,*,#1671,.F.);
#2569=ORIENTED_EDGE('',*,*,#1803,.T.);
#2570=ORIENTED_EDGE('',*,*,#1563,.F.);
#2571=ORIENTED_EDGE('',*,*,#1804,.F.);
#2572=ORIENTED_EDGE('',*,*,#1672,.F.);
#2573=ORIENTED_EDGE('',*,*,#1804,.T.);
#2574=ORIENTED_EDGE('',*,*,#1562,.F.);
#2575=ORIENTED_EDGE('',*,*,#1805,.F.);
#2576=ORIENTED_EDGE('',*,*,#1673,.F.);
#2577=ORIENTED_EDGE('',*,*,#1805,.T.);
#2578=ORIENTED_EDGE('',*,*,#1561,.F.);
#2579=ORIENTED_EDGE('',*,*,#1806,.F.);
#2580=ORIENTED_EDGE('',*,*,#1674,.F.);
#2581=ORIENTED_EDGE('',*,*,#1806,.T.);
#2582=ORIENTED_EDGE('',*,*,#1560,.F.);
#2583=ORIENTED_EDGE('',*,*,#1807,.F.);
#2584=ORIENTED_EDGE('',*,*,#1675,.F.);
#2585=ORIENTED_EDGE('',*,*,#1807,.T.);
#2586=ORIENTED_EDGE('',*,*,#1559,.F.);
#2587=ORIENTED_EDGE('',*,*,#1808,.F.);
#2588=ORIENTED_EDGE('',*,*,#1676,.F.);
#2589=ORIENTED_EDGE('',*,*,#1808,.T.);
#2590=ORIENTED_EDGE('',*,*,#1558,.F.);
#2591=ORIENTED_EDGE('',*,*,#1809,.F.);
#2592=ORIENTED_EDGE('',*,*,#1677,.F.);
#2593=ORIENTED_EDGE('',*,*,#1809,.T.);
#2594=ORIENTED_EDGE('',*,*,#1557,.F.);
#2595=ORIENTED_EDGE('',*,*,#1810,.F.);
#2596=ORIENTED_EDGE('',*,*,#1678,.F.);
#2597=ORIENTED_EDGE('',*,*,#1810,.T.);
#2598=ORIENTED_EDGE('',*,*,#1556,.F.);
#2599=ORIENTED_EDGE('',*,*,#1811,.F.);
#2600=ORIENTED_EDGE('',*,*,#1679,.F.);
#2601=ORIENTED_EDGE('',*,*,#1811,.T.);
#2602=ORIENTED_EDGE('',*,*,#1555,.F.);
#2603=ORIENTED_EDGE('',*,*,#1812,.F.);
#2604=ORIENTED_EDGE('',*,*,#1680,.F.);
#2605=ORIENTED_EDGE('',*,*,#1812,.T.);
#2606=ORIENTED_EDGE('',*,*,#1554,.F.);
#2607=ORIENTED_EDGE('',*,*,#1813,.F.);
#2608=ORIENTED_EDGE('',*,*,#1681,.F.);
#2609=ORIENTED_EDGE('',*,*,#1813,.T.);
#2610=ORIENTED_EDGE('',*,*,#1553,.F.);
#2611=ORIENTED_EDGE('',*,*,#1814,.F.);
#2612=ORIENTED_EDGE('',*,*,#1682,.F.);
#2613=ORIENTED_EDGE('',*,*,#1814,.T.);
#2614=ORIENTED_EDGE('',*,*,#1552,.F.);
#2615=ORIENTED_EDGE('',*,*,#1815,.F.);
#2616=ORIENTED_EDGE('',*,*,#1683,.F.);
#2617=ORIENTED_EDGE('',*,*,#1815,.T.);
#2618=ORIENTED_EDGE('',*,*,#1551,.F.);
#2619=ORIENTED_EDGE('',*,*,#1816,.F.);
#2620=ORIENTED_EDGE('',*,*,#1684,.F.);
#2621=ORIENTED_EDGE('',*,*,#1816,.T.);
#2622=ORIENTED_EDGE('',*,*,#1550,.F.);
#2623=ORIENTED_EDGE('',*,*,#1817,.F.);
#2624=ORIENTED_EDGE('',*,*,#1685,.F.);
#2625=ORIENTED_EDGE('',*,*,#1817,.T.);
#2626=ORIENTED_EDGE('',*,*,#1549,.F.);
#2627=ORIENTED_EDGE('',*,*,#1818,.F.);
#2628=ORIENTED_EDGE('',*,*,#1686,.F.);
#2629=ORIENTED_EDGE('',*,*,#1818,.T.);
#2630=ORIENTED_EDGE('',*,*,#1548,.F.);
#2631=ORIENTED_EDGE('',*,*,#1819,.F.);
#2632=ORIENTED_EDGE('',*,*,#1687,.F.);
#2633=ORIENTED_EDGE('',*,*,#1819,.T.);
#2634=ORIENTED_EDGE('',*,*,#1547,.F.);
#2635=ORIENTED_EDGE('',*,*,#1820,.F.);
#2636=ORIENTED_EDGE('',*,*,#1688,.F.);
#2637=ORIENTED_EDGE('',*,*,#1820,.T.);
#2638=ORIENTED_EDGE('',*,*,#1546,.F.);
#2639=ORIENTED_EDGE('',*,*,#1821,.F.);
#2640=ORIENTED_EDGE('',*,*,#1689,.F.);
#2641=ORIENTED_EDGE('',*,*,#1821,.T.);
#2642=ORIENTED_EDGE('',*,*,#1545,.F.);
#2643=ORIENTED_EDGE('',*,*,#1822,.F.);
#2644=ORIENTED_EDGE('',*,*,#1690,.F.);
#2645=ORIENTED_EDGE('',*,*,#1822,.T.);
#2646=ORIENTED_EDGE('',*,*,#1544,.F.);
#2647=ORIENTED_EDGE('',*,*,#1823,.F.);
#2648=ORIENTED_EDGE('',*,*,#1691,.F.);
#2649=ORIENTED_EDGE('',*,*,#1823,.T.);
#2650=ORIENTED_EDGE('',*,*,#1543,.F.);
#2651=ORIENTED_EDGE('',*,*,#1824,.F.);
#2652=ORIENTED_EDGE('',*,*,#1692,.F.);
#2653=ORIENTED_EDGE('',*,*,#1824,.T.);
#2654=ORIENTED_EDGE('',*,*,#1542,.F.);
#2655=ORIENTED_EDGE('',*,*,#1825,.F.);
#2656=ORIENTED_EDGE('',*,*,#1693,.F.);
#2657=ORIENTED_EDGE('',*,*,#1825,.T.);
#2658=ORIENTED_EDGE('',*,*,#1541,.F.);
#2659=ORIENTED_EDGE('',*,*,#1826,.F.);
#2660=ORIENTED_EDGE('',*,*,#1694,.F.);
#2661=ORIENTED_EDGE('',*,*,#1826,.T.);
#2662=ORIENTED_EDGE('',*,*,#1540,.F.);
#2663=ORIENTED_EDGE('',*,*,#1827,.F.);
#2664=ORIENTED_EDGE('',*,*,#1695,.F.);
#2665=ORIENTED_EDGE('',*,*,#1827,.T.);
#2666=ORIENTED_EDGE('',*,*,#1539,.F.);
#2667=ORIENTED_EDGE('',*,*,#1828,.F.);
#2668=ORIENTED_EDGE('',*,*,#1696,.F.);
#2669=ORIENTED_EDGE('',*,*,#1828,.T.);
#2670=ORIENTED_EDGE('',*,*,#1538,.F.);
#2671=ORIENTED_EDGE('',*,*,#1829,.F.);
#2672=ORIENTED_EDGE('',*,*,#1697,.F.);
#2673=ORIENTED_EDGE('',*,*,#1829,.T.);
#2674=ORIENTED_EDGE('',*,*,#1537,.F.);
#2675=ORIENTED_EDGE('',*,*,#1830,.F.);
#2676=ORIENTED_EDGE('',*,*,#1698,.F.);
#2677=ORIENTED_EDGE('',*,*,#1830,.T.);
#2678=ORIENTED_EDGE('',*,*,#1536,.F.);
#2679=ORIENTED_EDGE('',*,*,#1831,.F.);
#2680=ORIENTED_EDGE('',*,*,#1699,.F.);
#2681=ORIENTED_EDGE('',*,*,#1831,.T.);
#2682=ORIENTED_EDGE('',*,*,#1535,.F.);
#2683=ORIENTED_EDGE('',*,*,#1832,.F.);
#2684=ORIENTED_EDGE('',*,*,#1700,.F.);
#2685=ORIENTED_EDGE('',*,*,#1832,.T.);
#2686=ORIENTED_EDGE('',*,*,#1534,.F.);
#2687=ORIENTED_EDGE('',*,*,#1833,.F.);
#2688=ORIENTED_EDGE('',*,*,#1701,.F.);
#2689=ORIENTED_EDGE('',*,*,#1833,.T.);
#2690=ORIENTED_EDGE('',*,*,#1533,.F.);
#2691=ORIENTED_EDGE('',*,*,#1834,.F.);
#2692=ORIENTED_EDGE('',*,*,#1702,.F.);
#2693=ORIENTED_EDGE('',*,*,#1834,.T.);
#2694=ORIENTED_EDGE('',*,*,#1532,.F.);
#2695=ORIENTED_EDGE('',*,*,#1835,.F.);
#2696=ORIENTED_EDGE('',*,*,#1703,.F.);
#2697=ORIENTED_EDGE('',*,*,#1835,.T.);
#2698=ORIENTED_EDGE('',*,*,#1531,.F.);
#2699=ORIENTED_EDGE('',*,*,#1836,.F.);
#2700=ORIENTED_EDGE('',*,*,#1704,.F.);
#2701=ORIENTED_EDGE('',*,*,#1836,.T.);
#2702=ORIENTED_EDGE('',*,*,#1530,.F.);
#2703=ORIENTED_EDGE('',*,*,#1837,.F.);
#2704=ORIENTED_EDGE('',*,*,#1705,.F.);
#2705=ORIENTED_EDGE('',*,*,#1837,.T.);
#2706=ORIENTED_EDGE('',*,*,#1529,.F.);
#2707=ORIENTED_EDGE('',*,*,#1838,.F.);
#2708=ORIENTED_EDGE('',*,*,#1706,.F.);
#2709=ORIENTED_EDGE('',*,*,#1838,.T.);
#2710=ORIENTED_EDGE('',*,*,#1528,.F.);
#2711=ORIENTED_EDGE('',*,*,#1839,.F.);
#2712=ORIENTED_EDGE('',*,*,#1707,.F.);
#2713=ORIENTED_EDGE('',*,*,#1839,.T.);
#2714=ORIENTED_EDGE('',*,*,#1527,.F.);
#2715=ORIENTED_EDGE('',*,*,#1840,.F.);
#2716=ORIENTED_EDGE('',*,*,#1708,.F.);
#2717=ORIENTED_EDGE('',*,*,#1840,.T.);
#2718=ORIENTED_EDGE('',*,*,#1526,.F.);
#2719=ORIENTED_EDGE('',*,*,#1841,.F.);
#2720=ORIENTED_EDGE('',*,*,#1709,.F.);
#2721=ORIENTED_EDGE('',*,*,#1841,.T.);
#2722=ORIENTED_EDGE('',*,*,#1525,.F.);
#2723=ORIENTED_EDGE('',*,*,#1842,.F.);
#2724=ORIENTED_EDGE('',*,*,#1710,.F.);
#2725=ORIENTED_EDGE('',*,*,#1842,.T.);
#2726=ORIENTED_EDGE('',*,*,#1524,.F.);
#2727=ORIENTED_EDGE('',*,*,#1843,.F.);
#2728=ORIENTED_EDGE('',*,*,#1711,.F.);
#2729=ORIENTED_EDGE('',*,*,#1843,.T.);
#2730=ORIENTED_EDGE('',*,*,#1523,.F.);
#2731=ORIENTED_EDGE('',*,*,#1844,.F.);
#2732=ORIENTED_EDGE('',*,*,#1712,.F.);
#2733=ORIENTED_EDGE('',*,*,#1844,.T.);
#2734=ORIENTED_EDGE('',*,*,#1522,.F.);
#2735=ORIENTED_EDGE('',*,*,#1845,.F.);
#2736=ORIENTED_EDGE('',*,*,#1713,.F.);
#2737=ORIENTED_EDGE('',*,*,#1845,.T.);
#2738=ORIENTED_EDGE('',*,*,#1521,.F.);
#2739=ORIENTED_EDGE('',*,*,#1846,.F.);
#2740=ORIENTED_EDGE('',*,*,#1714,.F.);
#2741=ORIENTED_EDGE('',*,*,#1846,.T.);
#2742=ORIENTED_EDGE('',*,*,#1520,.F.);
#2743=ORIENTED_EDGE('',*,*,#1847,.F.);
#2744=ORIENTED_EDGE('',*,*,#1715,.F.);
#2745=ORIENTED_EDGE('',*,*,#1847,.T.);
#2746=ORIENTED_EDGE('',*,*,#1519,.F.);
#2747=ORIENTED_EDGE('',*,*,#1848,.F.);
#2748=ORIENTED_EDGE('',*,*,#1716,.F.);
#2749=ORIENTED_EDGE('',*,*,#1848,.T.);
#2750=ORIENTED_EDGE('',*,*,#1518,.F.);
#2751=ORIENTED_EDGE('',*,*,#1849,.F.);
#2752=ORIENTED_EDGE('',*,*,#1717,.F.);
#2753=ORIENTED_EDGE('',*,*,#1849,.T.);
#2754=ORIENTED_EDGE('',*,*,#1517,.F.);
#2755=ORIENTED_EDGE('',*,*,#1850,.F.);
#2756=ORIENTED_EDGE('',*,*,#1718,.F.);
#2757=ORIENTED_EDGE('',*,*,#1850,.T.);
#2758=ORIENTED_EDGE('',*,*,#1516,.F.);
#2759=ORIENTED_EDGE('',*,*,#1851,.F.);
#2760=ORIENTED_EDGE('',*,*,#1719,.F.);
#2761=ORIENTED_EDGE('',*,*,#1851,.T.);
#2762=ORIENTED_EDGE('',*,*,#1515,.F.);
#2763=ORIENTED_EDGE('',*,*,#1852,.F.);
#2764=ORIENTED_EDGE('',*,*,#1720,.F.);
#2765=ORIENTED_EDGE('',*,*,#1852,.T.);
#2766=ORIENTED_EDGE('',*,*,#1514,.F.);
#2767=ORIENTED_EDGE('',*,*,#1853,.F.);
#2768=ORIENTED_EDGE('',*,*,#1721,.F.);
#2769=ORIENTED_EDGE('',*,*,#1853,.T.);
#2770=ORIENTED_EDGE('',*,*,#1513,.F.);
#2771=ORIENTED_EDGE('',*,*,#1854,.F.);
#2772=ORIENTED_EDGE('',*,*,#1722,.F.);
#2773=ORIENTED_EDGE('',*,*,#1854,.T.);
#2774=ORIENTED_EDGE('',*,*,#1512,.F.);
#2775=ORIENTED_EDGE('',*,*,#1855,.F.);
#2776=ORIENTED_EDGE('',*,*,#1723,.F.);
#2777=ORIENTED_EDGE('',*,*,#1855,.T.);
#2778=ORIENTED_EDGE('',*,*,#1511,.F.);
#2779=ORIENTED_EDGE('',*,*,#1856,.F.);
#2780=ORIENTED_EDGE('',*,*,#1724,.F.);
#2781=ORIENTED_EDGE('',*,*,#1856,.T.);
#2782=ORIENTED_EDGE('',*,*,#1510,.F.);
#2783=ORIENTED_EDGE('',*,*,#1857,.F.);
#2784=ORIENTED_EDGE('',*,*,#1725,.F.);
#2785=ORIENTED_EDGE('',*,*,#1857,.T.);
#2786=ORIENTED_EDGE('',*,*,#1509,.F.);
#2787=ORIENTED_EDGE('',*,*,#1858,.F.);
#2788=ORIENTED_EDGE('',*,*,#1726,.F.);
#2789=ORIENTED_EDGE('',*,*,#1858,.T.);
#2790=ORIENTED_EDGE('',*,*,#1508,.F.);
#2791=ORIENTED_EDGE('',*,*,#1859,.F.);
#2792=ORIENTED_EDGE('',*,*,#1727,.F.);
#2793=ORIENTED_EDGE('',*,*,#1859,.T.);
#2794=ORIENTED_EDGE('',*,*,#1507,.F.);
#2795=ORIENTED_EDGE('',*,*,#1860,.F.);
#2796=ORIENTED_EDGE('',*,*,#1728,.F.);
#2797=ORIENTED_EDGE('',*,*,#1860,.T.);
#2798=ORIENTED_EDGE('',*,*,#1506,.F.);
#2799=ORIENTED_EDGE('',*,*,#1861,.F.);
#2800=ORIENTED_EDGE('',*,*,#1729,.F.);
#2801=ORIENTED_EDGE('',*,*,#1861,.T.);
#2802=ORIENTED_EDGE('',*,*,#1505,.F.);
#2803=ORIENTED_EDGE('',*,*,#1862,.F.);
#2804=ORIENTED_EDGE('',*,*,#1730,.F.);
#2805=ORIENTED_EDGE('',*,*,#1862,.T.);
#2806=ORIENTED_EDGE('',*,*,#1504,.F.);
#2807=ORIENTED_EDGE('',*,*,#1863,.F.);
#2808=ORIENTED_EDGE('',*,*,#1731,.F.);
#2809=ORIENTED_EDGE('',*,*,#1863,.T.);
#2810=ORIENTED_EDGE('',*,*,#1503,.F.);
#2811=ORIENTED_EDGE('',*,*,#1864,.F.);
#2812=ORIENTED_EDGE('',*,*,#1732,.F.);
#2813=ORIENTED_EDGE('',*,*,#1864,.T.);
#2814=ORIENTED_EDGE('',*,*,#1502,.F.);
#2815=ORIENTED_EDGE('',*,*,#1865,.F.);
#2816=ORIENTED_EDGE('',*,*,#1733,.F.);
#2817=ORIENTED_EDGE('',*,*,#1865,.T.);
#2818=ORIENTED_EDGE('',*,*,#1501,.F.);
#2819=ORIENTED_EDGE('',*,*,#1866,.F.);
#2820=ORIENTED_EDGE('',*,*,#1734,.F.);
#2821=ORIENTED_EDGE('',*,*,#1866,.T.);
#2822=ORIENTED_EDGE('',*,*,#1500,.F.);
#2823=ORIENTED_EDGE('',*,*,#1867,.F.);
#2824=ORIENTED_EDGE('',*,*,#1735,.F.);
#2825=ORIENTED_EDGE('',*,*,#1867,.T.);
#2826=ORIENTED_EDGE('',*,*,#1499,.F.);
#2827=ORIENTED_EDGE('',*,*,#1868,.F.);
#2828=ORIENTED_EDGE('',*,*,#1736,.F.);
#2829=ORIENTED_EDGE('',*,*,#1868,.T.);
#2830=ORIENTED_EDGE('',*,*,#1498,.F.);
#2831=ORIENTED_EDGE('',*,*,#1869,.F.);
#2832=ORIENTED_EDGE('',*,*,#1737,.F.);
#2833=ORIENTED_EDGE('',*,*,#1869,.T.);
#2834=ORIENTED_EDGE('',*,*,#1497,.F.);
#2835=ORIENTED_EDGE('',*,*,#1870,.F.);
#2836=ORIENTED_EDGE('',*,*,#1738,.F.);
#2837=ORIENTED_EDGE('',*,*,#1870,.T.);
#2838=ORIENTED_EDGE('',*,*,#1496,.F.);
#2839=ORIENTED_EDGE('',*,*,#1871,.F.);
#2840=ORIENTED_EDGE('',*,*,#1739,.F.);
#2841=ORIENTED_EDGE('',*,*,#1871,.T.);
#2842=ORIENTED_EDGE('',*,*,#1495,.F.);
#2843=ORIENTED_EDGE('',*,*,#1872,.F.);
#2844=ORIENTED_EDGE('',*,*,#1740,.F.);
#2845=ORIENTED_EDGE('',*,*,#1872,.T.);
#2846=ORIENTED_EDGE('',*,*,#1494,.F.);
#2847=ORIENTED_EDGE('',*,*,#1873,.F.);
#2848=ORIENTED_EDGE('',*,*,#1741,.F.);
#2849=ORIENTED_EDGE('',*,*,#1873,.T.);
#2850=ORIENTED_EDGE('',*,*,#1493,.F.);
#2851=ORIENTED_EDGE('',*,*,#1874,.F.);
#2852=ORIENTED_EDGE('',*,*,#1742,.F.);
#2853=ORIENTED_EDGE('',*,*,#1874,.T.);
#2854=ORIENTED_EDGE('',*,*,#1492,.F.);
#2855=ORIENTED_EDGE('',*,*,#1875,.F.);
#2856=ORIENTED_EDGE('',*,*,#1743,.F.);
#2857=ORIENTED_EDGE('',*,*,#1875,.T.);
#2858=ORIENTED_EDGE('',*,*,#1491,.F.);
#2859=ORIENTED_EDGE('',*,*,#1876,.F.);
#2860=ORIENTED_EDGE('',*,*,#1744,.F.);
#2861=ORIENTED_EDGE('',*,*,#1876,.T.);
#2862=ORIENTED_EDGE('',*,*,#1490,.F.);
#2863=ORIENTED_EDGE('',*,*,#1877,.F.);
#2864=ORIENTED_EDGE('',*,*,#1745,.F.);
#2865=ORIENTED_EDGE('',*,*,#1877,.T.);
#2866=ORIENTED_EDGE('',*,*,#1489,.F.);
#2867=ORIENTED_EDGE('',*,*,#1878,.F.);
#2868=ORIENTED_EDGE('',*,*,#1746,.F.);
#2869=ORIENTED_EDGE('',*,*,#1878,.T.);
#2870=ORIENTED_EDGE('',*,*,#1488,.F.);
#2871=ORIENTED_EDGE('',*,*,#1879,.F.);
#2872=ORIENTED_EDGE('',*,*,#1747,.F.);
#2873=ORIENTED_EDGE('',*,*,#1879,.T.);
#2874=ORIENTED_EDGE('',*,*,#1487,.F.);
#2875=ORIENTED_EDGE('',*,*,#1880,.F.);
#2876=ORIENTED_EDGE('',*,*,#1748,.F.);
#2877=ORIENTED_EDGE('',*,*,#1880,.T.);
#2878=ORIENTED_EDGE('',*,*,#1486,.F.);
#2879=ORIENTED_EDGE('',*,*,#1881,.F.);
#2880=ORIENTED_EDGE('',*,*,#1749,.F.);
#2881=ORIENTED_EDGE('',*,*,#1881,.T.);
#2882=ORIENTED_EDGE('',*,*,#1485,.F.);
#2883=ORIENTED_EDGE('',*,*,#1750,.F.);
#2884=CYLINDRICAL_SURFACE('',#3220,4.4);
#2885=CYLINDRICAL_SURFACE('',#3221,4.4);
#2886=CYLINDRICAL_SURFACE('',#3222,4.4);
#2887=CYLINDRICAL_SURFACE('',#3223,4.4);
#2888=CYLINDRICAL_SURFACE('',#3224,4.4);
#2889=CYLINDRICAL_SURFACE('',#3225,4.4);
#2890=CYLINDRICAL_SURFACE('',#3226,4.4);
#2891=CYLINDRICAL_SURFACE('',#3227,4.4);
#2892=CYLINDRICAL_SURFACE('',#3229,3.06175090769758);
#2893=CYLINDRICAL_SURFACE('',#3233,4.4);
#2894=CYLINDRICAL_SURFACE('',#3234,4.4);
#2895=CYLINDRICAL_SURFACE('',#3236,3.06175090769758);
#2896=CYLINDRICAL_SURFACE('',#3239,4.4);
#2897=CYLINDRICAL_SURFACE('',#3242,5.55);
#2898=CYLINDRICAL_SURFACE('',#3249,6.05);
#2899=CYLINDRICAL_SURFACE('',#3255,6.05);
#2900=CYLINDRICAL_SURFACE('',#3266,7.5);
#2901=CYLINDRICAL_SURFACE('',#3271,7.5);
#2902=CYLINDRICAL_SURFACE('',#3544,0.55500007925455);
#2903=CYLINDRICAL_SURFACE('',#3545,1.00000006469189);
#2904=CYLINDRICAL_SURFACE('',#3546,0.150000012097229);
#2905=CYLINDRICAL_SURFACE('',#3547,6.74999999999999);
#2906=CYLINDRICAL_SURFACE('',#3548,0.150000009294493);
#2907=CYLINDRICAL_SURFACE('',#3549,1.00000009017286);
#2908=CYLINDRICAL_SURFACE('',#3550,0.554999948235203);
#2909=CYLINDRICAL_SURFACE('',#3551,1.00000006469192);
#2910=CYLINDRICAL_SURFACE('',#3552,0.150000012097227);
#2911=CYLINDRICAL_SURFACE('',#3553,6.75);
#2912=CYLINDRICAL_SURFACE('',#3554,0.150000009294495);
#2913=CYLINDRICAL_SURFACE('',#3555,1.00000009017278);
#2914=CYLINDRICAL_SURFACE('',#3556,0.554999948235207);
#2915=CYLINDRICAL_SURFACE('',#3557,1.0000000646919);
#2916=CYLINDRICAL_SURFACE('',#3558,0.150000012097221);
#2917=CYLINDRICAL_SURFACE('',#3559,6.75);
#2918=CYLINDRICAL_SURFACE('',#3560,0.150000009294494);
#2919=CYLINDRICAL_SURFACE('',#3561,1.00000009017279);
#2920=CYLINDRICAL_SURFACE('',#3562,0.55500007925455);
#2921=CYLINDRICAL_SURFACE('',#3563,1.0000000646919);
#2922=CYLINDRICAL_SURFACE('',#3564,0.150000009754722);
#2923=CYLINDRICAL_SURFACE('',#3565,6.75);
#2924=CYLINDRICAL_SURFACE('',#3566,0.150000009294495);
#2925=CYLINDRICAL_SURFACE('',#3567,1.00000009017279);
#2926=CYLINDRICAL_SURFACE('',#3568,0.554999948235203);
#2927=CYLINDRICAL_SURFACE('',#3569,1.0000000646919);
#2928=CYLINDRICAL_SURFACE('',#3570,0.150000009754723);
#2929=CYLINDRICAL_SURFACE('',#3571,6.75);
#2930=CYLINDRICAL_SURFACE('',#3572,0.15000000929449);
#2931=CYLINDRICAL_SURFACE('',#3573,1.00000009017277);
#2932=CYLINDRICAL_SURFACE('',#3574,0.55500007925455);
#2933=CYLINDRICAL_SURFACE('',#3575,1.00000006469193);
#2934=CYLINDRICAL_SURFACE('',#3576,0.150000012097223);
#2935=CYLINDRICAL_SURFACE('',#3577,6.75);
#2936=CYLINDRICAL_SURFACE('',#3578,0.150000009294492);
#2937=CYLINDRICAL_SURFACE('',#3579,1.00000009017274);
#2938=CYLINDRICAL_SURFACE('',#3580,0.55500007925455);
#2939=CYLINDRICAL_SURFACE('',#3581,1.00000006469189);
#2940=CYLINDRICAL_SURFACE('',#3582,0.150000009754725);
#2941=CYLINDRICAL_SURFACE('',#3583,6.75);
#2942=CYLINDRICAL_SURFACE('',#3584,0.150000009294499);
#2943=CYLINDRICAL_SURFACE('',#3585,1.00000009017279);
#2944=CYLINDRICAL_SURFACE('',#3586,0.554999948235203);
#2945=CYLINDRICAL_SURFACE('',#3587,1.0000000646919);
#2946=CYLINDRICAL_SURFACE('',#3588,0.150000012097228);
#2947=CYLINDRICAL_SURFACE('',#3589,6.75);
#2948=CYLINDRICAL_SURFACE('',#3590,0.150000009294494);
#2949=CYLINDRICAL_SURFACE('',#3591,1.00000009017279);
#2950=CYLINDRICAL_SURFACE('',#3592,0.55500007925455);
#2951=CYLINDRICAL_SURFACE('',#3593,1.0000000646919);
#2952=CYLINDRICAL_SURFACE('',#3594,0.150000012097222);
#2953=CYLINDRICAL_SURFACE('',#3595,6.75);
#2954=CYLINDRICAL_SURFACE('',#3596,0.150000009294495);
#2955=CYLINDRICAL_SURFACE('',#3597,1.00000009017279);
#2956=CYLINDRICAL_SURFACE('',#3598,0.55500007925455);
#2957=CYLINDRICAL_SURFACE('',#3599,1.0000000646919);
#2958=CYLINDRICAL_SURFACE('',#3600,0.150000009754722);
#2959=CYLINDRICAL_SURFACE('',#3601,6.75);
#2960=CYLINDRICAL_SURFACE('',#3602,0.150000009294487);
#2961=CYLINDRICAL_SURFACE('',#3603,1.00000009017279);
#2962=CYLINDRICAL_SURFACE('',#3604,0.554999948235212);
#2963=CYLINDRICAL_SURFACE('',#3605,1.00000006469194);
#2964=CYLINDRICAL_SURFACE('',#3606,0.150000012097222);
#2965=CYLINDRICAL_SURFACE('',#3607,6.75);
#2966=CYLINDRICAL_SURFACE('',#3608,0.150000009294494);
#2967=CYLINDRICAL_SURFACE('',#3609,1.00000009017283);
#2968=CYLINDRICAL_SURFACE('',#3610,0.55500007925455);
#2969=CYLINDRICAL_SURFACE('',#3611,1.00000006469197);
#2970=CYLINDRICAL_SURFACE('',#3612,0.150000009754723);
#2971=CYLINDRICAL_SURFACE('',#3613,6.75);
#2972=CYLINDRICAL_SURFACE('',#3614,0.150000009294495);
#2973=CYLINDRICAL_SURFACE('',#3615,1.00000009017285);
#2974=CYLINDRICAL_SURFACE('',#3616,0.55500007925455);
#2975=CYLINDRICAL_SURFACE('',#3617,1.0000000646919);
#2976=CYLINDRICAL_SURFACE('',#3618,0.150000009754725);
#2977=CYLINDRICAL_SURFACE('',#3619,6.75);
#2978=CYLINDRICAL_SURFACE('',#3620,0.150000009294491);
#2979=CYLINDRICAL_SURFACE('',#3621,1.00000009017279);
#2980=CYLINDRICAL_SURFACE('',#3622,0.55500007925455);
#2981=CYLINDRICAL_SURFACE('',#3623,1.0000000646919);
#2982=CYLINDRICAL_SURFACE('',#3624,0.150000009754724);
#2983=CYLINDRICAL_SURFACE('',#3625,6.75);
#2984=CYLINDRICAL_SURFACE('',#3626,0.150000009294494);
#2985=CYLINDRICAL_SURFACE('',#3627,1.00000009017279);
#2986=CYLINDRICAL_SURFACE('',#3628,0.554999948235202);
#2987=CYLINDRICAL_SURFACE('',#3629,1.00000006469187);
#2988=CYLINDRICAL_SURFACE('',#3630,0.150000012097229);
#2989=CYLINDRICAL_SURFACE('',#3631,6.75);
#2990=CYLINDRICAL_SURFACE('',#3632,0.150000009294491);
#2991=CYLINDRICAL_SURFACE('',#3633,1.00000009017279);
#2992=CYLINDRICAL_SURFACE('',#3634,0.554999948235212);
#2993=CYLINDRICAL_SURFACE('',#3635,1.00000006469188);
#2994=CYLINDRICAL_SURFACE('',#3636,0.150000012097229);
#2995=CYLINDRICAL_SURFACE('',#3637,6.75);
#2996=CYLINDRICAL_SURFACE('',#3638,0.150000009294489);
#2997=CYLINDRICAL_SURFACE('',#3639,1.00000009017277);
#2998=CYLINDRICAL_SURFACE('',#3640,0.554999948235209);
#2999=CYLINDRICAL_SURFACE('',#3641,1.00000006469193);
#3000=CYLINDRICAL_SURFACE('',#3642,0.150000012097223);
#3001=CYLINDRICAL_SURFACE('',#3643,6.75);
#3002=CYLINDRICAL_SURFACE('',#3644,0.150000009294488);
#3003=CYLINDRICAL_SURFACE('',#3645,1.00000009017279);
#3004=CYLINDRICAL_SURFACE('',#3646,0.55500007925455);
#3005=CYLINDRICAL_SURFACE('',#3647,1.0000000646919);
#3006=CYLINDRICAL_SURFACE('',#3648,0.150000009754723);
#3007=CYLINDRICAL_SURFACE('',#3649,6.75);
#3008=CYLINDRICAL_SURFACE('',#3650,0.150000009294498);
#3009=CYLINDRICAL_SURFACE('',#3651,1.00000009017276);
#3010=CYLINDRICAL_SURFACE('',#3652,0.554999948235204);
#3011=CYLINDRICAL_SURFACE('',#3653,1.00000006469192);
#3012=CYLINDRICAL_SURFACE('',#3654,0.150000012097227);
#3013=CYLINDRICAL_SURFACE('',#3655,6.75);
#3014=CYLINDRICAL_SURFACE('',#3656,0.150000009294494);
#3015=CYLINDRICAL_SURFACE('',#3657,1.00000009017279);
#3016=CYLINDRICAL_SURFACE('',#3658,0.554999948235207);
#3017=CYLINDRICAL_SURFACE('',#3659,1.00000006469192);
#3018=CYLINDRICAL_SURFACE('',#3660,0.150000009754722);
#3019=CYLINDRICAL_SURFACE('',#3661,6.75);
#3020=CYLINDRICAL_SURFACE('',#3662,0.150000009294495);
#3021=CYLINDRICAL_SURFACE('',#3663,1.00000009017279);
#3022=CYLINDRICAL_SURFACE('',#3664,0.55500007925455);
#3023=CYLINDRICAL_SURFACE('',#3665,1.0000000646919);
#3024=CYLINDRICAL_SURFACE('',#3666,0.15000001209723);
#3025=CYLINDRICAL_SURFACE('',#3667,6.75);
#3026=CYLINDRICAL_SURFACE('',#3668,0.150000009294493);
#3027=CYLINDRICAL_SURFACE('',#3669,1.00000009017279);
#3028=CYLINDRICAL_SURFACE('',#3670,0.55500007925455);
#3029=CYLINDRICAL_SURFACE('',#3671,1.00000006469194);
#3030=CYLINDRICAL_SURFACE('',#3672,0.150000012097222);
#3031=CYLINDRICAL_SURFACE('',#3673,6.75);
#3032=CYLINDRICAL_SURFACE('',#3674,0.150000009294494);
#3033=CYLINDRICAL_SURFACE('',#3675,1.00000009017284);
#3034=ADVANCED_FACE('',(#335),#2884,.F.);
#3035=ADVANCED_FACE('',(#336),#2885,.F.);
#3036=ADVANCED_FACE('',(#337),#2886,.F.);
#3037=ADVANCED_FACE('',(#338),#2887,.F.);
#3038=ADVANCED_FACE('',(#339),#2888,.F.);
#3039=ADVANCED_FACE('',(#340),#2889,.F.);
#3040=ADVANCED_FACE('',(#341),#2890,.F.);
#3041=ADVANCED_FACE('',(#342),#2891,.F.);
#3042=ADVANCED_FACE('',(#343),#2892,.F.);
#3043=ADVANCED_FACE('',(#344),#36,.F.);
#3044=ADVANCED_FACE('',(#345),#29,.F.);
#3045=ADVANCED_FACE('',(#346),#30,.F.);
#3046=ADVANCED_FACE('',(#347),#2893,.F.);
#3047=ADVANCED_FACE('',(#348),#2894,.F.);
#3048=ADVANCED_FACE('',(#349),#31,.F.);
#3049=ADVANCED_FACE('',(#350),#32,.F.);
#3050=ADVANCED_FACE('',(#351),#2895,.F.);
#3051=ADVANCED_FACE('',(#352),#37,.F.);
#3052=ADVANCED_FACE('',(#353),#33,.F.);
#3053=ADVANCED_FACE('',(#354),#34,.F.);
#3054=ADVANCED_FACE('',(#355),#2896,.F.);
#3055=ADVANCED_FACE('',(#356),#35,.F.);
#3056=ADVANCED_FACE('',(#357,#22),#38,.T.);
#3057=ADVANCED_FACE('',(#358),#2897,.F.);
#3058=ADVANCED_FACE('',(#359,#23),#39,.T.);
#3059=ADVANCED_FACE('',(#360),#18,.T.);
#3060=ADVANCED_FACE('',(#361,#24),#2898,.T.);
#3061=ADVANCED_FACE('',(#362),#19,.T.);
#3062=ADVANCED_FACE('',(#363),#2899,.T.);
#3063=ADVANCED_FACE('',(#364),#20,.F.);
#3064=ADVANCED_FACE('',(#365,#25),#40,.T.);
#3065=ADVANCED_FACE('',(#366),#21,.T.);
#3066=ADVANCED_FACE('',(#367),#2900,.T.);
#3067=ADVANCED_FACE('',(#368),#15,.T.);
#3068=ADVANCED_FACE('',(#369),#2901,.T.);
#3069=ADVANCED_FACE('',(#370,#26),#41,.F.);
#3070=ADVANCED_FACE('',(#371),#16,.T.);
#3071=ADVANCED_FACE('',(#372,#27),#42,.F.);
#3072=ADVANCED_FACE('',(#373),#17,.T.);
#3073=ADVANCED_FACE('',(#374,#28),#43,.T.);
#3074=ADVANCED_FACE('',(#375),#2902,.F.);
#3075=ADVANCED_FACE('',(#376),#2903,.F.);
#3076=ADVANCED_FACE('',(#377),#2904,.T.);
#3077=ADVANCED_FACE('',(#378),#2905,.T.);
#3078=ADVANCED_FACE('',(#379),#2906,.T.);
#3079=ADVANCED_FACE('',(#380),#2907,.F.);
#3080=ADVANCED_FACE('',(#381),#2908,.F.);
#3081=ADVANCED_FACE('',(#382),#2909,.F.);
#3082=ADVANCED_FACE('',(#383),#2910,.T.);
#3083=ADVANCED_FACE('',(#384),#2911,.T.);
#3084=ADVANCED_FACE('',(#385),#2912,.T.);
#3085=ADVANCED_FACE('',(#386),#2913,.F.);
#3086=ADVANCED_FACE('',(#387),#2914,.F.);
#3087=ADVANCED_FACE('',(#388),#2915,.F.);
#3088=ADVANCED_FACE('',(#389),#2916,.T.);
#3089=ADVANCED_FACE('',(#390),#2917,.T.);
#3090=ADVANCED_FACE('',(#391),#2918,.T.);
#3091=ADVANCED_FACE('',(#392),#2919,.F.);
#3092=ADVANCED_FACE('',(#393),#2920,.F.);
#3093=ADVANCED_FACE('',(#394),#2921,.F.);
#3094=ADVANCED_FACE('',(#395),#2922,.T.);
#3095=ADVANCED_FACE('',(#396),#2923,.T.);
#3096=ADVANCED_FACE('',(#397),#2924,.T.);
#3097=ADVANCED_FACE('',(#398),#2925,.F.);
#3098=ADVANCED_FACE('',(#399),#2926,.F.);
#3099=ADVANCED_FACE('',(#400),#2927,.F.);
#3100=ADVANCED_FACE('',(#401),#2928,.T.);
#3101=ADVANCED_FACE('',(#402),#2929,.T.);
#3102=ADVANCED_FACE('',(#403),#2930,.T.);
#3103=ADVANCED_FACE('',(#404),#2931,.F.);
#3104=ADVANCED_FACE('',(#405),#2932,.F.);
#3105=ADVANCED_FACE('',(#406),#2933,.F.);
#3106=ADVANCED_FACE('',(#407),#2934,.T.);
#3107=ADVANCED_FACE('',(#408),#2935,.T.);
#3108=ADVANCED_FACE('',(#409),#2936,.T.);
#3109=ADVANCED_FACE('',(#410),#2937,.F.);
#3110=ADVANCED_FACE('',(#411),#2938,.F.);
#3111=ADVANCED_FACE('',(#412),#2939,.F.);
#3112=ADVANCED_FACE('',(#413),#2940,.T.);
#3113=ADVANCED_FACE('',(#414),#2941,.T.);
#3114=ADVANCED_FACE('',(#415),#2942,.T.);
#3115=ADVANCED_FACE('',(#416),#2943,.F.);
#3116=ADVANCED_FACE('',(#417),#2944,.F.);
#3117=ADVANCED_FACE('',(#418),#2945,.F.);
#3118=ADVANCED_FACE('',(#419),#2946,.T.);
#3119=ADVANCED_FACE('',(#420),#2947,.T.);
#3120=ADVANCED_FACE('',(#421),#2948,.T.);
#3121=ADVANCED_FACE('',(#422),#2949,.F.);
#3122=ADVANCED_FACE('',(#423),#2950,.F.);
#3123=ADVANCED_FACE('',(#424),#2951,.F.);
#3124=ADVANCED_FACE('',(#425),#2952,.T.);
#3125=ADVANCED_FACE('',(#426),#2953,.T.);
#3126=ADVANCED_FACE('',(#427),#2954,.T.);
#3127=ADVANCED_FACE('',(#428),#2955,.F.);
#3128=ADVANCED_FACE('',(#429),#2956,.F.);
#3129=ADVANCED_FACE('',(#430),#2957,.F.);
#3130=ADVANCED_FACE('',(#431),#2958,.T.);
#3131=ADVANCED_FACE('',(#432),#2959,.T.);
#3132=ADVANCED_FACE('',(#433),#2960,.T.);
#3133=ADVANCED_FACE('',(#434),#2961,.F.);
#3134=ADVANCED_FACE('',(#435),#2962,.F.);
#3135=ADVANCED_FACE('',(#436),#2963,.F.);
#3136=ADVANCED_FACE('',(#437),#2964,.T.);
#3137=ADVANCED_FACE('',(#438),#2965,.T.);
#3138=ADVANCED_FACE('',(#439),#2966,.T.);
#3139=ADVANCED_FACE('',(#440),#2967,.F.);
#3140=ADVANCED_FACE('',(#441),#2968,.F.);
#3141=ADVANCED_FACE('',(#442),#2969,.F.);
#3142=ADVANCED_FACE('',(#443),#2970,.T.);
#3143=ADVANCED_FACE('',(#444),#2971,.T.);
#3144=ADVANCED_FACE('',(#445),#2972,.T.);
#3145=ADVANCED_FACE('',(#446),#2973,.F.);
#3146=ADVANCED_FACE('',(#447),#2974,.F.);
#3147=ADVANCED_FACE('',(#448),#2975,.F.);
#3148=ADVANCED_FACE('',(#449),#2976,.T.);
#3149=ADVANCED_FACE('',(#450),#2977,.T.);
#3150=ADVANCED_FACE('',(#451),#2978,.T.);
#3151=ADVANCED_FACE('',(#452),#2979,.F.);
#3152=ADVANCED_FACE('',(#453),#2980,.F.);
#3153=ADVANCED_FACE('',(#454),#2981,.F.);
#3154=ADVANCED_FACE('',(#455),#2982,.T.);
#3155=ADVANCED_FACE('',(#456),#2983,.T.);
#3156=ADVANCED_FACE('',(#457),#2984,.T.);
#3157=ADVANCED_FACE('',(#458),#2985,.F.);
#3158=ADVANCED_FACE('',(#459),#2986,.F.);
#3159=ADVANCED_FACE('',(#460),#2987,.F.);
#3160=ADVANCED_FACE('',(#461),#2988,.T.);
#3161=ADVANCED_FACE('',(#462),#2989,.T.);
#3162=ADVANCED_FACE('',(#463),#2990,.T.);
#3163=ADVANCED_FACE('',(#464),#2991,.F.);
#3164=ADVANCED_FACE('',(#465),#2992,.F.);
#3165=ADVANCED_FACE('',(#466),#2993,.F.);
#3166=ADVANCED_FACE('',(#467),#2994,.T.);
#3167=ADVANCED_FACE('',(#468),#2995,.T.);
#3168=ADVANCED_FACE('',(#469),#2996,.T.);
#3169=ADVANCED_FACE('',(#470),#2997,.F.);
#3170=ADVANCED_FACE('',(#471),#2998,.F.);
#3171=ADVANCED_FACE('',(#472),#2999,.F.);
#3172=ADVANCED_FACE('',(#473),#3000,.T.);
#3173=ADVANCED_FACE('',(#474),#3001,.T.);
#3174=ADVANCED_FACE('',(#475),#3002,.T.);
#3175=ADVANCED_FACE('',(#476),#3003,.F.);
#3176=ADVANCED_FACE('',(#477),#3004,.F.);
#3177=ADVANCED_FACE('',(#478),#3005,.F.);
#3178=ADVANCED_FACE('',(#479),#3006,.T.);
#3179=ADVANCED_FACE('',(#480),#3007,.T.);
#3180=ADVANCED_FACE('',(#481),#3008,.T.);
#3181=ADVANCED_FACE('',(#482),#3009,.F.);
#3182=ADVANCED_FACE('',(#483),#3010,.F.);
#3183=ADVANCED_FACE('',(#484),#3011,.F.);
#3184=ADVANCED_FACE('',(#485),#3012,.T.);
#3185=ADVANCED_FACE('',(#486),#3013,.T.);
#3186=ADVANCED_FACE('',(#487),#3014,.T.);
#3187=ADVANCED_FACE('',(#488),#3015,.F.);
#3188=ADVANCED_FACE('',(#489),#3016,.F.);
#3189=ADVANCED_FACE('',(#490),#3017,.F.);
#3190=ADVANCED_FACE('',(#491),#3018,.T.);
#3191=ADVANCED_FACE('',(#492),#3019,.T.);
#3192=ADVANCED_FACE('',(#493),#3020,.T.);
#3193=ADVANCED_FACE('',(#494),#3021,.F.);
#3194=ADVANCED_FACE('',(#495),#3022,.F.);
#3195=ADVANCED_FACE('',(#496),#3023,.F.);
#3196=ADVANCED_FACE('',(#497),#3024,.T.);
#3197=ADVANCED_FACE('',(#498),#3025,.T.);
#3198=ADVANCED_FACE('',(#499),#3026,.T.);
#3199=ADVANCED_FACE('',(#500),#3027,.F.);
#3200=ADVANCED_FACE('',(#501),#3028,.F.);
#3201=ADVANCED_FACE('',(#502),#3029,.F.);
#3202=ADVANCED_FACE('',(#503),#3030,.T.);
#3203=ADVANCED_FACE('',(#504),#3031,.T.);
#3204=ADVANCED_FACE('',(#505),#3032,.T.);
#3205=ADVANCED_FACE('',(#506),#3033,.F.);
#3206=CLOSED_SHELL('',(#3034,#3035,#3036,#3037,#3038,#3039,#3040,#3041,
#3042,#3043,#3044,#3045,#3046,#3047,#3048,#3049,#3050,#3051,#3052,#3053,
#3054,#3055,#3056,#3057,#3058,#3059,#3060,#3061,#3062,#3063,#3064,#3065,
#3066,#3067,#3068,#3069,#3070,#3071,#3072,#3073,#3074,#3075,#3076,#3077,
#3078,#3079,#3080,#3081,#3082,#3083,#3084,#3085,#3086,#3087,#3088,#3089,
#3090,#3091,#3092,#3093,#3094,#3095,#3096,#3097,#3098,#3099,#3100,#3101,
#3102,#3103,#3104,#3105,#3106,#3107,#3108,#3109,#3110,#3111,#3112,#3113,
#3114,#3115,#3116,#3117,#3118,#3119,#3120,#3121,#3122,#3123,#3124,#3125,
#3126,#3127,#3128,#3129,#3130,#3131,#3132,#3133,#3134,#3135,#3136,#3137,
#3138,#3139,#3140,#3141,#3142,#3143,#3144,#3145,#3146,#3147,#3148,#3149,
#3150,#3151,#3152,#3153,#3154,#3155,#3156,#3157,#3158,#3159,#3160,#3161,
#3162,#3163,#3164,#3165,#3166,#3167,#3168,#3169,#3170,#3171,#3172,#3173,
#3174,#3175,#3176,#3177,#3178,#3179,#3180,#3181,#3182,#3183,#3184,#3185,
#3186,#3187,#3188,#3189,#3190,#3191,#3192,#3193,#3194,#3195,#3196,#3197,
#3198,#3199,#3200,#3201,#3202,#3203,#3204,#3205));
#3207=DERIVED_UNIT_ELEMENT(#3209,1.);
#3208=DERIVED_UNIT_ELEMENT(#7808,-3.);
#3209=(
MASS_UNIT()
NAMED_UNIT(*)
SI_UNIT(.KILO.,.GRAM.)
);
#3210=DERIVED_UNIT((#3207,#3208));
#3211=MEASURE_REPRESENTATION_ITEM('density measure',
POSITIVE_RATIO_MEASURE(7850.),#3210);
#3212=PROPERTY_DEFINITION_REPRESENTATION(#3217,#3214);
#3213=PROPERTY_DEFINITION_REPRESENTATION(#3218,#3215);
#3214=REPRESENTATION('material name',(#3216),#7805);
#3215=REPRESENTATION('density',(#3211),#7805);
#3216=DESCRIPTIVE_REPRESENTATION_ITEM('Steel','Steel');
#3217=PROPERTY_DEFINITION('material property','material name',#7815);
#3218=PROPERTY_DEFINITION('material property','density of part',#7815);
#3219=AXIS2_PLACEMENT_3D('',#4743,#3676,#3677);
#3220=AXIS2_PLACEMENT_3D('',#4744,#3678,#3679);
#3221=AXIS2_PLACEMENT_3D('',#4780,#3681,#3682);
#3222=AXIS2_PLACEMENT_3D('',#4809,#3684,#3685);
#3223=AXIS2_PLACEMENT_3D('',#4842,#3687,#3688);
#3224=AXIS2_PLACEMENT_3D('',#4872,#3690,#3691);
#3225=AXIS2_PLACEMENT_3D('',#4903,#3693,#3694);
#3226=AXIS2_PLACEMENT_3D('',#4933,#3696,#3697);
#3227=AXIS2_PLACEMENT_3D('',#4965,#3699,#3700);
#3228=AXIS2_PLACEMENT_3D('',#4975,#3702,#3703);
#3229=AXIS2_PLACEMENT_3D('',#4982,#3704,#3705);
#3230=AXIS2_PLACEMENT_3D('',#5111,#3708,#3709);
#3231=AXIS2_PLACEMENT_3D('',#5113,#3710,#3711);
#3232=AXIS2_PLACEMENT_3D('',#5129,#3712,#3713);
#3233=AXIS2_PLACEMENT_3D('',#5727,#3714,#3715);
#3234=AXIS2_PLACEMENT_3D('',#5743,#3716,#3717);
#3235=AXIS2_PLACEMENT_3D('',#5752,#3718,#3719);
#3236=AXIS2_PLACEMENT_3D('',#5845,#3720,#3721);
#3237=AXIS2_PLACEMENT_3D('',#5934,#3724,#3725);
#3238=AXIS2_PLACEMENT_3D('',#5935,#3726,#3727);
#3239=AXIS2_PLACEMENT_3D('',#6895,#3728,#3729);
#3240=AXIS2_PLACEMENT_3D('',#6944,#3730,#3731);
#3241=AXIS2_PLACEMENT_3D('',#6946,#3732,#3733);
#3242=AXIS2_PLACEMENT_3D('',#6947,#3734,#3735);
#3243=AXIS2_PLACEMENT_3D('',#6949,#3736,#3737);
#3244=AXIS2_PLACEMENT_3D('',#6952,#3739,#3740);
#3245=AXIS2_PLACEMENT_3D('',#6953,#3741,#3742);
#3246=AXIS2_PLACEMENT_3D('',#6954,#3743,#3744);
#3247=AXIS2_PLACEMENT_3D('',#6956,#3745,#3746);
#3248=AXIS2_PLACEMENT_3D('',#6957,#3747,#3748);
#3249=AXIS2_PLACEMENT_3D('',#6958,#3749,#3750);
#3250=AXIS2_PLACEMENT_3D('',#6960,#3751,#3752);
#3251=AXIS2_PLACEMENT_3D('',#6963,#3755,#3756);
#3252=AXIS2_PLACEMENT_3D('',#6965,#3757,#3758);
#3253=AXIS2_PLACEMENT_3D('',#6967,#3759,#3760);
#3254=AXIS2_PLACEMENT_3D('',#6968,#3761,#3762);
#3255=AXIS2_PLACEMENT_3D('',#6969,#3763,#3764);
#3256=AXIS2_PLACEMENT_3D('',#6972,#3766,#3767);
#3257=AXIS2_PLACEMENT_3D('',#6973,#3768,#3769);
#3258=AXIS2_PLACEMENT_3D('',#6975,#3770,#3771);
#3259=AXIS2_PLACEMENT_3D('',#6976,#3772,#3773);
#3260=AXIS2_PLACEMENT_3D('',#6977,#3774,#3775);
#3261=AXIS2_PLACEMENT_3D('',#6979,#3776,#3777);
#3262=AXIS2_PLACEMENT_3D('',#6980,#3778,#3779);
#3263=AXIS2_PLACEMENT_3D('',#6982,#3780,#3781);
#3264=AXIS2_PLACEMENT_3D('',#6984,#3782,#3783);
#3265=AXIS2_PLACEMENT_3D('',#6985,#3784,#3785);
#3266=AXIS2_PLACEMENT_3D('',#6986,#3786,#3787);
#3267=AXIS2_PLACEMENT_3D('',#6989,#3789,#3790);
#3268=AXIS2_PLACEMENT_3D('',#6990,#3791,#3792);
#3269=AXIS2_PLACEMENT_3D('',#6992,#3793,#3794);
#3270=AXIS2_PLACEMENT_3D('',#6995,#3796,#3797);
#3271=AXIS2_PLACEMENT_3D('',#6996,#3798,#3799);
#3272=AXIS2_PLACEMENT_3D('',#6998,#3800,#3801);
#3273=AXIS2_PLACEMENT_3D('',#7000,#3803,#3804);
#3274=AXIS2_PLACEMENT_3D('',#7001,#3805,#3806);
#3275=AXIS2_PLACEMENT_3D('',#7004,#3808,#3809);
#3276=AXIS2_PLACEMENT_3D('',#7005,#3810,#3811);
#3277=AXIS2_PLACEMENT_3D('',#7008,#3812,#3813);
#3278=AXIS2_PLACEMENT_3D('',#7010,#3814,#3815);
#3279=AXIS2_PLACEMENT_3D('',#7012,#3816,#3817);
#3280=AXIS2_PLACEMENT_3D('',#7014,#3818,#3819);
#3281=AXIS2_PLACEMENT_3D('',#7016,#3820,#3821);
#3282=AXIS2_PLACEMENT_3D('',#7018,#3822,#3823);
#3283=AXIS2_PLACEMENT_3D('',#7020,#3824,#3825);
#3284=AXIS2_PLACEMENT_3D('',#7022,#3826,#3827);
#3285=AXIS2_PLACEMENT_3D('',#7024,#3828,#3829);
#3286=AXIS2_PLACEMENT_3D('',#7026,#3830,#3831);
#3287=AXIS2_PLACEMENT_3D('',#7028,#3832,#3833);
#3288=AXIS2_PLACEMENT_3D('',#7030,#3834,#3835);
#3289=AXIS2_PLACEMENT_3D('',#7032,#3836,#3837);
#3290=AXIS2_PLACEMENT_3D('',#7034,#3838,#3839);
#3291=AXIS2_PLACEMENT_3D('',#7036,#3840,#3841);
#3292=AXIS2_PLACEMENT_3D('',#7038,#3842,#3843);
#3293=AXIS2_PLACEMENT_3D('',#7040,#3844,#3845);
#3294=AXIS2_PLACEMENT_3D('',#7042,#3846,#3847);
#3295=AXIS2_PLACEMENT_3D('',#7044,#3848,#3849);
#3296=AXIS2_PLACEMENT_3D('',#7046,#3850,#3851);
#3297=AXIS2_PLACEMENT_3D('',#7048,#3852,#3853);
#3298=AXIS2_PLACEMENT_3D('',#7050,#3854,#3855);
#3299=AXIS2_PLACEMENT_3D('',#7052,#3856,#3857);
#3300=AXIS2_PLACEMENT_3D('',#7054,#3858,#3859);
#3301=AXIS2_PLACEMENT_3D('',#7056,#3860,#3861);
#3302=AXIS2_PLACEMENT_3D('',#7058,#3862,#3863);
#3303=AXIS2_PLACEMENT_3D('',#7060,#3864,#3865);
#3304=AXIS2_PLACEMENT_3D('',#7062,#3866,#3867);
#3305=AXIS2_PLACEMENT_3D('',#7064,#3868,#3869);
#3306=AXIS2_PLACEMENT_3D('',#7066,#3870,#3871);
#3307=AXIS2_PLACEMENT_3D('',#7068,#3872,#3873);
#3308=AXIS2_PLACEMENT_3D('',#7070,#3874,#3875);
#3309=AXIS2_PLACEMENT_3D('',#7072,#3876,#3877);
#3310=AXIS2_PLACEMENT_3D('',#7074,#3878,#3879);
#3311=AXIS2_PLACEMENT_3D('',#7076,#3880,#3881);
#3312=AXIS2_PLACEMENT_3D('',#7078,#3882,#3883);
#3313=AXIS2_PLACEMENT_3D('',#7080,#3884,#3885);
#3314=AXIS2_PLACEMENT_3D('',#7082,#3886,#3887);
#3315=AXIS2_PLACEMENT_3D('',#7084,#3888,#3889);
#3316=AXIS2_PLACEMENT_3D('',#7086,#3890,#3891);
#3317=AXIS2_PLACEMENT_3D('',#7088,#3892,#3893);
#3318=AXIS2_PLACEMENT_3D('',#7090,#3894,#3895);
#3319=AXIS2_PLACEMENT_3D('',#7092,#3896,#3897);
#3320=AXIS2_PLACEMENT_3D('',#7094,#3898,#3899);
#3321=AXIS2_PLACEMENT_3D('',#7096,#3900,#3901);
#3322=AXIS2_PLACEMENT_3D('',#7098,#3902,#3903);
#3323=AXIS2_PLACEMENT_3D('',#7100,#3904,#3905);
#3324=AXIS2_PLACEMENT_3D('',#7102,#3906,#3907);
#3325=AXIS2_PLACEMENT_3D('',#7104,#3908,#3909);
#3326=AXIS2_PLACEMENT_3D('',#7106,#3910,#3911);
#3327=AXIS2_PLACEMENT_3D('',#7108,#3912,#3913);
#3328=AXIS2_PLACEMENT_3D('',#7110,#3914,#3915);
#3329=AXIS2_PLACEMENT_3D('',#7112,#3916,#3917);
#3330=AXIS2_PLACEMENT_3D('',#7114,#3918,#3919);
#3331=AXIS2_PLACEMENT_3D('',#7116,#3920,#3921);
#3332=AXIS2_PLACEMENT_3D('',#7118,#3922,#3923);
#3333=AXIS2_PLACEMENT_3D('',#7120,#3924,#3925);
#3334=AXIS2_PLACEMENT_3D('',#7122,#3926,#3927);
#3335=AXIS2_PLACEMENT_3D('',#7124,#3928,#3929);
#3336=AXIS2_PLACEMENT_3D('',#7126,#3930,#3931);
#3337=AXIS2_PLACEMENT_3D('',#7128,#3932,#3933);
#3338=AXIS2_PLACEMENT_3D('',#7130,#3934,#3935);
#3339=AXIS2_PLACEMENT_3D('',#7132,#3936,#3937);
#3340=AXIS2_PLACEMENT_3D('',#7134,#3938,#3939);
#3341=AXIS2_PLACEMENT_3D('',#7136,#3940,#3941);
#3342=AXIS2_PLACEMENT_3D('',#7138,#3942,#3943);
#3343=AXIS2_PLACEMENT_3D('',#7140,#3944,#3945);
#3344=AXIS2_PLACEMENT_3D('',#7142,#3946,#3947);
#3345=AXIS2_PLACEMENT_3D('',#7144,#3948,#3949);
#3346=AXIS2_PLACEMENT_3D('',#7146,#3950,#3951);
#3347=AXIS2_PLACEMENT_3D('',#7148,#3952,#3953);
#3348=AXIS2_PLACEMENT_3D('',#7150,#3954,#3955);
#3349=AXIS2_PLACEMENT_3D('',#7152,#3956,#3957);
#3350=AXIS2_PLACEMENT_3D('',#7154,#3958,#3959);
#3351=AXIS2_PLACEMENT_3D('',#7156,#3960,#3961);
#3352=AXIS2_PLACEMENT_3D('',#7158,#3962,#3963);
#3353=AXIS2_PLACEMENT_3D('',#7160,#3964,#3965);
#3354=AXIS2_PLACEMENT_3D('',#7162,#3966,#3967);
#3355=AXIS2_PLACEMENT_3D('',#7164,#3968,#3969);
#3356=AXIS2_PLACEMENT_3D('',#7166,#3970,#3971);
#3357=AXIS2_PLACEMENT_3D('',#7168,#3972,#3973);
#3358=AXIS2_PLACEMENT_3D('',#7170,#3974,#3975);
#3359=AXIS2_PLACEMENT_3D('',#7172,#3976,#3977);
#3360=AXIS2_PLACEMENT_3D('',#7174,#3978,#3979);
#3361=AXIS2_PLACEMENT_3D('',#7176,#3980,#3981);
#3362=AXIS2_PLACEMENT_3D('',#7178,#3982,#3983);
#3363=AXIS2_PLACEMENT_3D('',#7180,#3984,#3985);
#3364=AXIS2_PLACEMENT_3D('',#7182,#3986,#3987);
#3365=AXIS2_PLACEMENT_3D('',#7184,#3988,#3989);
#3366=AXIS2_PLACEMENT_3D('',#7186,#3990,#3991);
#3367=AXIS2_PLACEMENT_3D('',#7188,#3992,#3993);
#3368=AXIS2_PLACEMENT_3D('',#7190,#3994,#3995);
#3369=AXIS2_PLACEMENT_3D('',#7192,#3996,#3997);
#3370=AXIS2_PLACEMENT_3D('',#7194,#3998,#3999);
#3371=AXIS2_PLACEMENT_3D('',#7196,#4000,#4001);
#3372=AXIS2_PLACEMENT_3D('',#7198,#4002,#4003);
#3373=AXIS2_PLACEMENT_3D('',#7200,#4004,#4005);
#3374=AXIS2_PLACEMENT_3D('',#7202,#4006,#4007);
#3375=AXIS2_PLACEMENT_3D('',#7204,#4008,#4009);
#3376=AXIS2_PLACEMENT_3D('',#7206,#4010,#4011);
#3377=AXIS2_PLACEMENT_3D('',#7208,#4012,#4013);
#3378=AXIS2_PLACEMENT_3D('',#7210,#4014,#4015);
#3379=AXIS2_PLACEMENT_3D('',#7212,#4016,#4017);
#3380=AXIS2_PLACEMENT_3D('',#7214,#4018,#4019);
#3381=AXIS2_PLACEMENT_3D('',#7216,#4020,#4021);
#3382=AXIS2_PLACEMENT_3D('',#7218,#4022,#4023);
#3383=AXIS2_PLACEMENT_3D('',#7220,#4024,#4025);
#3384=AXIS2_PLACEMENT_3D('',#7222,#4026,#4027);
#3385=AXIS2_PLACEMENT_3D('',#7224,#4028,#4029);
#3386=AXIS2_PLACEMENT_3D('',#7226,#4030,#4031);
#3387=AXIS2_PLACEMENT_3D('',#7228,#4032,#4033);
#3388=AXIS2_PLACEMENT_3D('',#7230,#4034,#4035);
#3389=AXIS2_PLACEMENT_3D('',#7232,#4036,#4037);
#3390=AXIS2_PLACEMENT_3D('',#7234,#4038,#4039);
#3391=AXIS2_PLACEMENT_3D('',#7236,#4040,#4041);
#3392=AXIS2_PLACEMENT_3D('',#7238,#4042,#4043);
#3393=AXIS2_PLACEMENT_3D('',#7240,#4044,#4045);
#3394=AXIS2_PLACEMENT_3D('',#7242,#4046,#4047);
#3395=AXIS2_PLACEMENT_3D('',#7244,#4048,#4049);
#3396=AXIS2_PLACEMENT_3D('',#7246,#4050,#4051);
#3397=AXIS2_PLACEMENT_3D('',#7248,#4052,#4053);
#3398=AXIS2_PLACEMENT_3D('',#7250,#4054,#4055);
#3399=AXIS2_PLACEMENT_3D('',#7252,#4056,#4057);
#3400=AXIS2_PLACEMENT_3D('',#7254,#4058,#4059);
#3401=AXIS2_PLACEMENT_3D('',#7256,#4060,#4061);
#3402=AXIS2_PLACEMENT_3D('',#7258,#4062,#4063);
#3403=AXIS2_PLACEMENT_3D('',#7260,#4064,#4065);
#3404=AXIS2_PLACEMENT_3D('',#7262,#4066,#4067);
#3405=AXIS2_PLACEMENT_3D('',#7264,#4068,#4069);
#3406=AXIS2_PLACEMENT_3D('',#7266,#4070,#4071);
#3407=AXIS2_PLACEMENT_3D('',#7268,#4072,#4073);
#3408=AXIS2_PLACEMENT_3D('',#7269,#4074,#4075);
#3409=AXIS2_PLACEMENT_3D('',#7270,#4076,#4077);
#3410=AXIS2_PLACEMENT_3D('',#7272,#4078,#4079);
#3411=AXIS2_PLACEMENT_3D('',#7274,#4081,#4082);
#3412=AXIS2_PLACEMENT_3D('',#7277,#4083,#4084);
#3413=AXIS2_PLACEMENT_3D('',#7279,#4085,#4086);
#3414=AXIS2_PLACEMENT_3D('',#7281,#4087,#4088);
#3415=AXIS2_PLACEMENT_3D('',#7283,#4089,#4090);
#3416=AXIS2_PLACEMENT_3D('',#7285,#4091,#4092);
#3417=AXIS2_PLACEMENT_3D('',#7287,#4093,#4094);
#3418=AXIS2_PLACEMENT_3D('',#7289,#4095,#4096);
#3419=AXIS2_PLACEMENT_3D('',#7291,#4097,#4098);
#3420=AXIS2_PLACEMENT_3D('',#7293,#4099,#4100);
#3421=AXIS2_PLACEMENT_3D('',#7295,#4101,#4102);
#3422=AXIS2_PLACEMENT_3D('',#7297,#4103,#4104);
#3423=AXIS2_PLACEMENT_3D('',#7299,#4105,#4106);
#3424=AXIS2_PLACEMENT_3D('',#7301,#4107,#4108);
#3425=AXIS2_PLACEMENT_3D('',#7303,#4109,#4110);
#3426=AXIS2_PLACEMENT_3D('',#7305,#4111,#4112);
#3427=AXIS2_PLACEMENT_3D('',#7307,#4113,#4114);
#3428=AXIS2_PLACEMENT_3D('',#7309,#4115,#4116);
#3429=AXIS2_PLACEMENT_3D('',#7311,#4117,#4118);
#3430=AXIS2_PLACEMENT_3D('',#7313,#4119,#4120);
#3431=AXIS2_PLACEMENT_3D('',#7315,#4121,#4122);
#3432=AXIS2_PLACEMENT_3D('',#7317,#4123,#4124);
#3433=AXIS2_PLACEMENT_3D('',#7319,#4125,#4126);
#3434=AXIS2_PLACEMENT_3D('',#7321,#4127,#4128);
#3435=AXIS2_PLACEMENT_3D('',#7323,#4129,#4130);
#3436=AXIS2_PLACEMENT_3D('',#7325,#4131,#4132);
#3437=AXIS2_PLACEMENT_3D('',#7327,#4133,#4134);
#3438=AXIS2_PLACEMENT_3D('',#7329,#4135,#4136);
#3439=AXIS2_PLACEMENT_3D('',#7331,#4137,#4138);
#3440=AXIS2_PLACEMENT_3D('',#7333,#4139,#4140);
#3441=AXIS2_PLACEMENT_3D('',#7335,#4141,#4142);
#3442=AXIS2_PLACEMENT_3D('',#7337,#4143,#4144);
#3443=AXIS2_PLACEMENT_3D('',#7339,#4145,#4146);
#3444=AXIS2_PLACEMENT_3D('',#7341,#4147,#4148);
#3445=AXIS2_PLACEMENT_3D('',#7343,#4149,#4150);
#3446=AXIS2_PLACEMENT_3D('',#7345,#4151,#4152);
#3447=AXIS2_PLACEMENT_3D('',#7347,#4153,#4154);
#3448=AXIS2_PLACEMENT_3D('',#7349,#4155,#4156);
#3449=AXIS2_PLACEMENT_3D('',#7351,#4157,#4158);
#3450=AXIS2_PLACEMENT_3D('',#7353,#4159,#4160);
#3451=AXIS2_PLACEMENT_3D('',#7355,#4161,#4162);
#3452=AXIS2_PLACEMENT_3D('',#7357,#4163,#4164);
#3453=AXIS2_PLACEMENT_3D('',#7359,#4165,#4166);
#3454=AXIS2_PLACEMENT_3D('',#7361,#4167,#4168);
#3455=AXIS2_PLACEMENT_3D('',#7363,#4169,#4170);
#3456=AXIS2_PLACEMENT_3D('',#7365,#4171,#4172);
#3457=AXIS2_PLACEMENT_3D('',#7367,#4173,#4174);
#3458=AXIS2_PLACEMENT_3D('',#7369,#4175,#4176);
#3459=AXIS2_PLACEMENT_3D('',#7371,#4177,#4178);
#3460=AXIS2_PLACEMENT_3D('',#7373,#4179,#4180);
#3461=AXIS2_PLACEMENT_3D('',#7375,#4181,#4182);
#3462=AXIS2_PLACEMENT_3D('',#7377,#4183,#4184);
#3463=AXIS2_PLACEMENT_3D('',#7379,#4185,#4186);
#3464=AXIS2_PLACEMENT_3D('',#7381,#4187,#4188);
#3465=AXIS2_PLACEMENT_3D('',#7383,#4189,#4190);
#3466=AXIS2_PLACEMENT_3D('',#7385,#4191,#4192);
#3467=AXIS2_PLACEMENT_3D('',#7387,#4193,#4194);
#3468=AXIS2_PLACEMENT_3D('',#7389,#4195,#4196);
#3469=AXIS2_PLACEMENT_3D('',#7391,#4197,#4198);
#3470=AXIS2_PLACEMENT_3D('',#7393,#4199,#4200);
#3471=AXIS2_PLACEMENT_3D('',#7395,#4201,#4202);
#3472=AXIS2_PLACEMENT_3D('',#7397,#4203,#4204);
#3473=AXIS2_PLACEMENT_3D('',#7399,#4205,#4206);
#3474=AXIS2_PLACEMENT_3D('',#7401,#4207,#4208);
#3475=AXIS2_PLACEMENT_3D('',#7403,#4209,#4210);
#3476=AXIS2_PLACEMENT_3D('',#7405,#4211,#4212);
#3477=AXIS2_PLACEMENT_3D('',#7407,#4213,#4214);
#3478=AXIS2_PLACEMENT_3D('',#7409,#4215,#4216);
#3479=AXIS2_PLACEMENT_3D('',#7411,#4217,#4218);
#3480=AXIS2_PLACEMENT_3D('',#7413,#4219,#4220);
#3481=AXIS2_PLACEMENT_3D('',#7415,#4221,#4222);
#3482=AXIS2_PLACEMENT_3D('',#7417,#4223,#4224);
#3483=AXIS2_PLACEMENT_3D('',#7419,#4225,#4226);
#3484=AXIS2_PLACEMENT_3D('',#7421,#4227,#4228);
#3485=AXIS2_PLACEMENT_3D('',#7423,#4229,#4230);
#3486=AXIS2_PLACEMENT_3D('',#7425,#4231,#4232);
#3487=AXIS2_PLACEMENT_3D('',#7427,#4233,#4234);
#3488=AXIS2_PLACEMENT_3D('',#7429,#4235,#4236);
#3489=AXIS2_PLACEMENT_3D('',#7431,#4237,#4238);
#3490=AXIS2_PLACEMENT_3D('',#7433,#4239,#4240);
#3491=AXIS2_PLACEMENT_3D('',#7435,#4241,#4242);
#3492=AXIS2_PLACEMENT_3D('',#7437,#4243,#4244);
#3493=AXIS2_PLACEMENT_3D('',#7439,#4245,#4246);
#3494=AXIS2_PLACEMENT_3D('',#7441,#4247,#4248);
#3495=AXIS2_PLACEMENT_3D('',#7443,#4249,#4250);
#3496=AXIS2_PLACEMENT_3D('',#7445,#4251,#4252);
#3497=AXIS2_PLACEMENT_3D('',#7447,#4253,#4254);
#3498=AXIS2_PLACEMENT_3D('',#7449,#4255,#4256);
#3499=AXIS2_PLACEMENT_3D('',#7451,#4257,#4258);
#3500=AXIS2_PLACEMENT_3D('',#7453,#4259,#4260);
#3501=AXIS2_PLACEMENT_3D('',#7455,#4261,#4262);
#3502=AXIS2_PLACEMENT_3D('',#7457,#4263,#4264);
#3503=AXIS2_PLACEMENT_3D('',#7459,#4265,#4266);
#3504=AXIS2_PLACEMENT_3D('',#7461,#4267,#4268);
#3505=AXIS2_PLACEMENT_3D('',#7463,#4269,#4270);
#3506=AXIS2_PLACEMENT_3D('',#7465,#4271,#4272);
#3507=AXIS2_PLACEMENT_3D('',#7467,#4273,#4274);
#3508=AXIS2_PLACEMENT_3D('',#7469,#4275,#4276);
#3509=AXIS2_PLACEMENT_3D('',#7471,#4277,#4278);
#3510=AXIS2_PLACEMENT_3D('',#7473,#4279,#4280);
#3511=AXIS2_PLACEMENT_3D('',#7475,#4281,#4282);
#3512=AXIS2_PLACEMENT_3D('',#7477,#4283,#4284);
#3513=AXIS2_PLACEMENT_3D('',#7479,#4285,#4286);
#3514=AXIS2_PLACEMENT_3D('',#7481,#4287,#4288);
#3515=AXIS2_PLACEMENT_3D('',#7483,#4289,#4290);
#3516=AXIS2_PLACEMENT_3D('',#7485,#4291,#4292);
#3517=AXIS2_PLACEMENT_3D('',#7487,#4293,#4294);
#3518=AXIS2_PLACEMENT_3D('',#7489,#4295,#4296);
#3519=AXIS2_PLACEMENT_3D('',#7491,#4297,#4298);
#3520=AXIS2_PLACEMENT_3D('',#7493,#4299,#4300);
#3521=AXIS2_PLACEMENT_3D('',#7495,#4301,#4302);
#3522=AXIS2_PLACEMENT_3D('',#7497,#4303,#4304);
#3523=AXIS2_PLACEMENT_3D('',#7499,#4305,#4306);
#3524=AXIS2_PLACEMENT_3D('',#7501,#4307,#4308);
#3525=AXIS2_PLACEMENT_3D('',#7503,#4309,#4310);
#3526=AXIS2_PLACEMENT_3D('',#7505,#4311,#4312);
#3527=AXIS2_PLACEMENT_3D('',#7507,#4313,#4314);
#3528=AXIS2_PLACEMENT_3D('',#7509,#4315,#4316);
#3529=AXIS2_PLACEMENT_3D('',#7511,#4317,#4318);
#3530=AXIS2_PLACEMENT_3D('',#7513,#4319,#4320);
#3531=AXIS2_PLACEMENT_3D('',#7515,#4321,#4322);
#3532=AXIS2_PLACEMENT_3D('',#7517,#4323,#4324);
#3533=AXIS2_PLACEMENT_3D('',#7519,#4325,#4326);
#3534=AXIS2_PLACEMENT_3D('',#7521,#4327,#4328);
#3535=AXIS2_PLACEMENT_3D('',#7523,#4329,#4330);
#3536=AXIS2_PLACEMENT_3D('',#7525,#4331,#4332);
#3537=AXIS2_PLACEMENT_3D('',#7527,#4333,#4334);
#3538=AXIS2_PLACEMENT_3D('',#7529,#4335,#4336);
#3539=AXIS2_PLACEMENT_3D('',#7531,#4337,#4338);
#3540=AXIS2_PLACEMENT_3D('',#7533,#4339,#4340);
#3541=AXIS2_PLACEMENT_3D('',#7535,#4341,#4342);
#3542=AXIS2_PLACEMENT_3D('',#7537,#4343,#4344);
#3543=AXIS2_PLACEMENT_3D('',#7538,#4345,#4346);
#3544=AXIS2_PLACEMENT_3D('',#7539,#4347,#4348);
#3545=AXIS2_PLACEMENT_3D('',#7542,#4351,#4352);
#3546=AXIS2_PLACEMENT_3D('',#7544,#4354,#4355);
#3547=AXIS2_PLACEMENT_3D('',#7546,#4357,#4358);
#3548=AXIS2_PLACEMENT_3D('',#7548,#4360,#4361);
#3549=AXIS2_PLACEMENT_3D('',#7550,#4363,#4364);
#3550=AXIS2_PLACEMENT_3D('',#7552,#4366,#4367);
#3551=AXIS2_PLACEMENT_3D('',#7554,#4369,#4370);
#3552=AXIS2_PLACEMENT_3D('',#7556,#4372,#4373);
#3553=AXIS2_PLACEMENT_3D('',#7558,#4375,#4376);
#3554=AXIS2_PLACEMENT_3D('',#7560,#4378,#4379);
#3555=AXIS2_PLACEMENT_3D('',#7562,#4381,#4382);
#3556=AXIS2_PLACEMENT_3D('',#7564,#4384,#4385);
#3557=AXIS2_PLACEMENT_3D('',#7566,#4387,#4388);
#3558=AXIS2_PLACEMENT_3D('',#7568,#4390,#4391);
#3559=AXIS2_PLACEMENT_3D('',#7570,#4393,#4394);
#3560=AXIS2_PLACEMENT_3D('',#7572,#4396,#4397);
#3561=AXIS2_PLACEMENT_3D('',#7574,#4399,#4400);
#3562=AXIS2_PLACEMENT_3D('',#7576,#4402,#4403);
#3563=AXIS2_PLACEMENT_3D('',#7578,#4405,#4406);
#3564=AXIS2_PLACEMENT_3D('',#7580,#4408,#4409);
#3565=AXIS2_PLACEMENT_3D('',#7582,#4411,#4412);
#3566=AXIS2_PLACEMENT_3D('',#7584,#4414,#4415);
#3567=AXIS2_PLACEMENT_3D('',#7586,#4417,#4418);
#3568=AXIS2_PLACEMENT_3D('',#7588,#4420,#4421);
#3569=AXIS2_PLACEMENT_3D('',#7590,#4423,#4424);
#3570=AXIS2_PLACEMENT_3D('',#7592,#4426,#4427);
#3571=AXIS2_PLACEMENT_3D('',#7594,#4429,#4430);
#3572=AXIS2_PLACEMENT_3D('',#7596,#4432,#4433);
#3573=AXIS2_PLACEMENT_3D('',#7598,#4435,#4436);
#3574=AXIS2_PLACEMENT_3D('',#7600,#4438,#4439);
#3575=AXIS2_PLACEMENT_3D('',#7602,#4441,#4442);
#3576=AXIS2_PLACEMENT_3D('',#7604,#4444,#4445);
#3577=AXIS2_PLACEMENT_3D('',#7606,#4447,#4448);
#3578=AXIS2_PLACEMENT_3D('',#7608,#4450,#4451);
#3579=AXIS2_PLACEMENT_3D('',#7610,#4453,#4454);
#3580=AXIS2_PLACEMENT_3D('',#7612,#4456,#4457);
#3581=AXIS2_PLACEMENT_3D('',#7614,#4459,#4460);
#3582=AXIS2_PLACEMENT_3D('',#7616,#4462,#4463);
#3583=AXIS2_PLACEMENT_3D('',#7618,#4465,#4466);
#3584=AXIS2_PLACEMENT_3D('',#7620,#4468,#4469);
#3585=AXIS2_PLACEMENT_3D('',#7622,#4471,#4472);
#3586=AXIS2_PLACEMENT_3D('',#7624,#4474,#4475);
#3587=AXIS2_PLACEMENT_3D('',#7626,#4477,#4478);
#3588=AXIS2_PLACEMENT_3D('',#7628,#4480,#4481);
#3589=AXIS2_PLACEMENT_3D('',#7630,#4483,#4484);
#3590=AXIS2_PLACEMENT_3D('',#7632,#4486,#4487);
#3591=AXIS2_PLACEMENT_3D('',#7634,#4489,#4490);
#3592=AXIS2_PLACEMENT_3D('',#7636,#4492,#4493);
#3593=AXIS2_PLACEMENT_3D('',#7638,#4495,#4496);
#3594=AXIS2_PLACEMENT_3D('',#7640,#4498,#4499);
#3595=AXIS2_PLACEMENT_3D('',#7642,#4501,#4502);
#3596=AXIS2_PLACEMENT_3D('',#7644,#4504,#4505);
#3597=AXIS2_PLACEMENT_3D('',#7646,#4507,#4508);
#3598=AXIS2_PLACEMENT_3D('',#7648,#4510,#4511);
#3599=AXIS2_PLACEMENT_3D('',#7650,#4513,#4514);
#3600=AXIS2_PLACEMENT_3D('',#7652,#4516,#4517);
#3601=AXIS2_PLACEMENT_3D('',#7654,#4519,#4520);
#3602=AXIS2_PLACEMENT_3D('',#7656,#4522,#4523);
#3603=AXIS2_PLACEMENT_3D('',#7658,#4525,#4526);
#3604=AXIS2_PLACEMENT_3D('',#7660,#4528,#4529);
#3605=AXIS2_PLACEMENT_3D('',#7662,#4531,#4532);
#3606=AXIS2_PLACEMENT_3D('',#7664,#4534,#4535);
#3607=AXIS2_PLACEMENT_3D('',#7666,#4537,#4538);
#3608=AXIS2_PLACEMENT_3D('',#7668,#4540,#4541);
#3609=AXIS2_PLACEMENT_3D('',#7670,#4543,#4544);
#3610=AXIS2_PLACEMENT_3D('',#7672,#4546,#4547);
#3611=AXIS2_PLACEMENT_3D('',#7674,#4549,#4550);
#3612=AXIS2_PLACEMENT_3D('',#7676,#4552,#4553);
#3613=AXIS2_PLACEMENT_3D('',#7678,#4555,#4556);
#3614=AXIS2_PLACEMENT_3D('',#7680,#4558,#4559);
#3615=AXIS2_PLACEMENT_3D('',#7682,#4561,#4562);
#3616=AXIS2_PLACEMENT_3D('',#7684,#4564,#4565);
#3617=AXIS2_PLACEMENT_3D('',#7686,#4567,#4568);
#3618=AXIS2_PLACEMENT_3D('',#7688,#4570,#4571);
#3619=AXIS2_PLACEMENT_3D('',#7690,#4573,#4574);
#3620=AXIS2_PLACEMENT_3D('',#7692,#4576,#4577);
#3621=AXIS2_PLACEMENT_3D('',#7694,#4579,#4580);
#3622=AXIS2_PLACEMENT_3D('',#7696,#4582,#4583);
#3623=AXIS2_PLACEMENT_3D('',#7698,#4585,#4586);
#3624=AXIS2_PLACEMENT_3D('',#7700,#4588,#4589);
#3625=AXIS2_PLACEMENT_3D('',#7702,#4591,#4592);
#3626=AXIS2_PLACEMENT_3D('',#7704,#4594,#4595);
#3627=AXIS2_PLACEMENT_3D('',#7706,#4597,#4598);
#3628=AXIS2_PLACEMENT_3D('',#7708,#4600,#4601);
#3629=AXIS2_PLACEMENT_3D('',#7710,#4603,#4604);
#3630=AXIS2_PLACEMENT_3D('',#7712,#4606,#4607);
#3631=AXIS2_PLACEMENT_3D('',#7714,#4609,#4610);
#3632=AXIS2_PLACEMENT_3D('',#7716,#4612,#4613);
#3633=AXIS2_PLACEMENT_3D('',#7718,#4615,#4616);
#3634=AXIS2_PLACEMENT_3D('',#7720,#4618,#4619);
#3635=AXIS2_PLACEMENT_3D('',#7722,#4621,#4622);
#3636=AXIS2_PLACEMENT_3D('',#7724,#4624,#4625);
#3637=AXIS2_PLACEMENT_3D('',#7726,#4627,#4628);
#3638=AXIS2_PLACEMENT_3D('',#7728,#4630,#4631);
#3639=AXIS2_PLACEMENT_3D('',#7730,#4633,#4634);
#3640=AXIS2_PLACEMENT_3D('',#7732,#4636,#4637);
#3641=AXIS2_PLACEMENT_3D('',#7734,#4639,#4640);
#3642=AXIS2_PLACEMENT_3D('',#7736,#4642,#4643);
#3643=AXIS2_PLACEMENT_3D('',#7738,#4645,#4646);
#3644=AXIS2_PLACEMENT_3D('',#7740,#4648,#4649);
#3645=AXIS2_PLACEMENT_3D('',#7742,#4651,#4652);
#3646=AXIS2_PLACEMENT_3D('',#7744,#4654,#4655);
#3647=AXIS2_PLACEMENT_3D('',#7746,#4657,#4658);
#3648=AXIS2_PLACEMENT_3D('',#7748,#4660,#4661);
#3649=AXIS2_PLACEMENT_3D('',#7750,#4663,#4664);
#3650=AXIS2_PLACEMENT_3D('',#7752,#4666,#4667);
#3651=AXIS2_PLACEMENT_3D('',#7754,#4669,#4670);
#3652=AXIS2_PLACEMENT_3D('',#7756,#4672,#4673);
#3653=AXIS2_PLACEMENT_3D('',#7758,#4675,#4676);
#3654=AXIS2_PLACEMENT_3D('',#7760,#4678,#4679);
#3655=AXIS2_PLACEMENT_3D('',#7762,#4681,#4682);
#3656=AXIS2_PLACEMENT_3D('',#7764,#4684,#4685);
#3657=AXIS2_PLACEMENT_3D('',#7766,#4687,#4688);
#3658=AXIS2_PLACEMENT_3D('',#7768,#4690,#4691);
#3659=AXIS2_PLACEMENT_3D('',#7770,#4693,#4694);
#3660=AXIS2_PLACEMENT_3D('',#7772,#4696,#4697);
#3661=AXIS2_PLACEMENT_3D('',#7774,#4699,#4700);
#3662=AXIS2_PLACEMENT_3D('',#7776,#4702,#4703);
#3663=AXIS2_PLACEMENT_3D('',#7778,#4705,#4706);
#3664=AXIS2_PLACEMENT_3D('',#7780,#4708,#4709);
#3665=AXIS2_PLACEMENT_3D('',#7782,#4711,#4712);
#3666=AXIS2_PLACEMENT_3D('',#7784,#4714,#4715);
#3667=AXIS2_PLACEMENT_3D('',#7786,#4717,#4718);
#3668=AXIS2_PLACEMENT_3D('',#7788,#4720,#4721);
#3669=AXIS2_PLACEMENT_3D('',#7790,#4723,#4724);
#3670=AXIS2_PLACEMENT_3D('',#7792,#4726,#4727);
#3671=AXIS2_PLACEMENT_3D('',#7794,#4729,#4730);
#3672=AXIS2_PLACEMENT_3D('',#7796,#4732,#4733);
#3673=AXIS2_PLACEMENT_3D('',#7798,#4735,#4736);
#3674=AXIS2_PLACEMENT_3D('',#7800,#4738,#4739);
#3675=AXIS2_PLACEMENT_3D('',#7802,#4741,#4742);
#3676=DIRECTION('axis',(0.,0.,1.));
#3677=DIRECTION('refdir',(1.,0.,0.));
#3678=DIRECTION('center_axis',(0.,0.,-1.));
#3679=DIRECTION('ref_axis',(-0.999938119106091,-0.011124655436166,0.));
#3680=DIRECTION('',(0.,0.,-1.));
#3681=DIRECTION('center_axis',(0.,0.,-1.));
#3682=DIRECTION('ref_axis',(-1.,0.,0.));
#3683=DIRECTION('',(0.,0.,-1.));
#3684=DIRECTION('center_axis',(0.,0.,-1.));
#3685=DIRECTION('ref_axis',(-1.,0.,0.));
#3686=DIRECTION('',(0.,0.,-1.));
#3687=DIRECTION('center_axis',(0.,0.,-1.));
#3688=DIRECTION('ref_axis',(-1.,0.,0.));
#3689=DIRECTION('',(0.,0.,-1.));
#3690=DIRECTION('center_axis',(0.,0.,-1.));
#3691=DIRECTION('ref_axis',(-1.,0.,0.));
#3692=DIRECTION('',(0.,0.,-1.));
#3693=DIRECTION('center_axis',(0.,0.,-1.));
#3694=DIRECTION('ref_axis',(-1.,0.,0.));
#3695=DIRECTION('',(0.,0.,-1.));
#3696=DIRECTION('center_axis',(0.,0.,-1.));
#3697=DIRECTION('ref_axis',(-1.,0.,0.));
#3698=DIRECTION('',(0.,0.,-1.));
#3699=DIRECTION('center_axis',(0.,0.,-1.));
#3700=DIRECTION('ref_axis',(-1.,0.,0.));
#3701=DIRECTION('',(0.,0.,-1.));
#3702=DIRECTION('center_axis',(0.,0.,-1.));
#3703=DIRECTION('ref_axis',(-1.,0.,0.));
#3704=DIRECTION('center_axis',(-1.,0.,0.));
#3705=DIRECTION('ref_axis',(0.,-3.62610499055927E-16,1.));
#3706=DIRECTION('',(-1.,0.,0.));
#3707=DIRECTION('',(-1.,0.,0.));
#3708=DIRECTION('center_axis',(0.,0.,-1.));
#3709=DIRECTION('ref_axis',(0.,-1.,0.));
#3710=DIRECTION('center_axis',(0.,0.,-1.));
#3711=DIRECTION('ref_axis',(1.,0.,0.));
#3712=DIRECTION('center_axis',(0.,0.,-1.));
#3713=DIRECTION('ref_axis',(1.,0.,0.));
#3714=DIRECTION('center_axis',(0.,0.,-1.));
#3715=DIRECTION('ref_axis',(-1.,0.,0.));
#3716=DIRECTION('center_axis',(0.,0.,-1.));
#3717=DIRECTION('ref_axis',(0.56812195456698,0.822944375239903,0.));
#3718=DIRECTION('center_axis',(0.,0.,1.));
#3719=DIRECTION('ref_axis',(-1.,0.,0.));
#3720=DIRECTION('center_axis',(1.,0.,0.));
#3721=DIRECTION('ref_axis',(0.,-9.06526247639818E-17,1.));
#3722=DIRECTION('',(1.,0.,0.));
#3723=DIRECTION('',(1.,0.,0.));
#3724=DIRECTION('center_axis',(0.,0.,-1.));
#3725=DIRECTION('ref_axis',(0.,1.,0.));
#3726=DIRECTION('center_axis',(0.,0.,-1.));
#3727=DIRECTION('ref_axis',(1.,0.,0.));
#3728=DIRECTION('center_axis',(0.,0.,-1.));
#3729=DIRECTION('ref_axis',(-1.,0.,0.));
#3730=DIRECTION('center_axis',(0.,0.,1.));
#3731=DIRECTION('ref_axis',(-1.,0.,0.));
#3732=DIRECTION('center_axis',(0.,0.,-1.));
#3733=DIRECTION('ref_axis',(-1.,0.,0.));
#3734=DIRECTION('center_axis',(0.,0.,1.));
#3735=DIRECTION('ref_axis',(1.,0.,0.));
#3736=DIRECTION('center_axis',(0.,0.,1.));
#3737=DIRECTION('ref_axis',(1.,0.,0.));
#3738=DIRECTION('',(0.,0.,1.));
#3739=DIRECTION('center_axis',(0.,0.,1.));
#3740=DIRECTION('ref_axis',(1.,0.,0.));
#3741=DIRECTION('center_axis',(0.,0.,-1.));
#3742=DIRECTION('ref_axis',(1.,0.,0.));
#3743=DIRECTION('center_axis',(0.,0.,1.));
#3744=DIRECTION('ref_axis',(1.,0.,0.));
#3745=DIRECTION('center_axis',(0.,0.,-1.));
#3746=DIRECTION('ref_axis',(1.,0.,0.));
#3747=DIRECTION('center_axis',(1.22464679914735E-16,-1.,0.));
#3748=DIRECTION('ref_axis',(-1.,-1.22464679914735E-16,0.));
#3749=DIRECTION('center_axis',(0.,0.,1.));
#3750=DIRECTION('ref_axis',(1.,0.,0.));
#3751=DIRECTION('center_axis',(0.,0.,1.));
#3752=DIRECTION('ref_axis',(1.,0.,0.));
#3753=DIRECTION('',(0.,0.,-1.));
#3754=DIRECTION('',(0.,0.,-1.));
#3755=DIRECTION('center_axis',(0.,0.,1.));
#3756=DIRECTION('ref_axis',(1.,0.,0.));
#3757=DIRECTION('center_axis',(1.22464679914735E-16,-1.,0.));
#3758=DIRECTION('ref_axis',(-1.,-1.22464679914735E-16,0.));
#3759=DIRECTION('center_axis',(0.,0.,1.));
#3760=DIRECTION('ref_axis',(-1.,0.,0.));
#3761=DIRECTION('center_axis',(0.,0.,1.));
#3762=DIRECTION('ref_axis',(-1.,0.,0.));
#3763=DIRECTION('center_axis',(0.,0.,1.));
#3764=DIRECTION('ref_axis',(-1.,0.,0.));
#3765=DIRECTION('',(0.,0.,-1.));
#3766=DIRECTION('center_axis',(0.,0.,-1.));
#3767=DIRECTION('ref_axis',(-1.,0.,0.));
#3768=DIRECTION('center_axis',(0.,0.,-1.));
#3769=DIRECTION('ref_axis',(-1.,0.,0.));
#3770=DIRECTION('center_axis',(-1.22464679914735E-16,-1.,0.));
#3771=DIRECTION('ref_axis',(1.,-1.22464679914735E-16,0.));
#3772=DIRECTION('center_axis',(0.,0.,1.));
#3773=DIRECTION('ref_axis',(-1.,0.,0.));
#3774=DIRECTION('center_axis',(0.,0.,1.));
#3775=DIRECTION('ref_axis',(-1.,0.,0.));
#3776=DIRECTION('center_axis',(0.,0.,-1.));
#3777=DIRECTION('ref_axis',(-1.,0.,0.));
#3778=DIRECTION('center_axis',(0.,0.,1.));
#3779=DIRECTION('ref_axis',(1.,0.,0.));
#3780=DIRECTION('center_axis',(1.22464679914735E-16,-1.,0.));
#3781=DIRECTION('ref_axis',(-1.,-1.22464679914735E-16,0.));
#3782=DIRECTION('center_axis',(0.,0.,1.));
#3783=DIRECTION('ref_axis',(-1.,0.,0.));
#3784=DIRECTION('center_axis',(0.,0.,1.));
#3785=DIRECTION('ref_axis',(-1.,0.,0.));
#3786=DIRECTION('center_axis',(0.,0.,1.));
#3787=DIRECTION('ref_axis',(-1.,0.,0.));
#3788=DIRECTION('',(0.,0.,-1.));
#3789=DIRECTION('center_axis',(0.,0.,-1.));
#3790=DIRECTION('ref_axis',(-1.,0.,0.));
#3791=DIRECTION('center_axis',(0.,0.,1.));
#3792=DIRECTION('ref_axis',(-1.,0.,0.));
#3793=DIRECTION('center_axis',(0.,0.,-1.));
#3794=DIRECTION('ref_axis',(-1.,0.,0.));
#3795=DIRECTION('',(-0.707106781186548,-8.65956056235494E-17,-0.707106781186547));
#3796=DIRECTION('center_axis',(0.,0.,1.));
#3797=DIRECTION('ref_axis',(-1.,0.,0.));
#3798=DIRECTION('center_axis',(0.,0.,1.));
#3799=DIRECTION('ref_axis',(-1.,0.,0.));
#3800=DIRECTION('center_axis',(0.,0.,1.));
#3801=DIRECTION('ref_axis',(-1.,0.,0.));
#3802=DIRECTION('',(0.,0.,-1.));
#3803=DIRECTION('center_axis',(0.,0.,1.));
#3804=DIRECTION('ref_axis',(-1.,0.,0.));
#3805=DIRECTION('center_axis',(0.,0.,1.));
#3806=DIRECTION('ref_axis',(-1.,0.,0.));
#3807=DIRECTION('',(-0.707106781186547,-8.65956056235493E-17,-0.707106781186547));
#3808=DIRECTION('center_axis',(0.,0.,1.));
#3809=DIRECTION('ref_axis',(-1.,0.,0.));
#3810=DIRECTION('center_axis',(0.,0.,1.));
#3811=DIRECTION('ref_axis',(-1.,0.,0.));
#3812=DIRECTION('center_axis',(0.,0.,-1.));
#3813=DIRECTION('ref_axis',(0.835487828386472,-0.549508952263798,0.));
#3814=DIRECTION('center_axis',(0.,0.,-1.));
#3815=DIRECTION('ref_axis',(0.660446920077551,-0.75087273606123,0.));
#3816=DIRECTION('center_axis',(0.,0.,1.));
#3817=DIRECTION('ref_axis',(-0.66044692007753,0.750872736061248,0.));
#3818=DIRECTION('center_axis',(0.,0.,1.));
#3819=DIRECTION('ref_axis',(-0.779704214507213,-0.626148015951252,0.));
#3820=DIRECTION('center_axis',(0.,0.,1.));
#3821=DIRECTION('ref_axis',(-0.738182015185129,-0.674601595356268,0.));
#3822=DIRECTION('center_axis',(0.,0.,-1.));
#3823=DIRECTION('ref_axis',(-0.415059476548946,0.909794279453831,0.));
#3824=DIRECTION('center_axis',(0.,0.,-1.));
#3825=DIRECTION('ref_axis',(0.956459263005785,-0.29186585653418,0.));
#3826=DIRECTION('center_axis',(0.,0.,-1.));
#3827=DIRECTION('ref_axis',(0.845239475052793,-0.534387714877951,0.));
#3828=DIRECTION('center_axis',(0.,0.,1.));
#3829=DIRECTION('ref_axis',(-0.845239475052773,0.534387714877983,0.));
#3830=DIRECTION('center_axis',(0.,0.,1.));
#3831=DIRECTION('ref_axis',(-0.571714433822148,-0.82045268368104,0.));
#3832=DIRECTION('center_axis',(0.,0.,1.));
#3833=DIRECTION('ref_axis',(-0.518223224509664,-0.855245397285952,0.));
#3834=DIRECTION('center_axis',(0.,0.,-1.));
#3835=DIRECTION('ref_axis',(-0.654565319931054,0.75600545100122,0.));
#3836=DIRECTION('center_axis',(0.,0.,-1.));
#3837=DIRECTION('ref_axis',(0.99994405641864,-0.0105775249012191,0.));
#3838=DIRECTION('center_axis',(0.,0.,-1.));
#3839=DIRECTION('ref_axis',(0.961555754591976,-0.27460977916137,0.));
#3840=DIRECTION('center_axis',(0.,0.,1.));
#3841=DIRECTION('ref_axis',(-0.961555754591984,0.274609779161341,0.));
#3842=DIRECTION('center_axis',(0.,0.,1.));
#3843=DIRECTION('ref_axis',(-0.317407749825469,-0.94828915439898,0.));
#3844=DIRECTION('center_axis',(0.,0.,1.));
#3845=DIRECTION('ref_axis',(-0.256281070176609,-0.966602303467735,0.));
#3846=DIRECTION('center_axis',(0.,0.,-1.));
#3847=DIRECTION('ref_axis',(-0.841042173942203,0.540969557046026,0.));
#3848=DIRECTION('center_axis',(0.,0.,-1.));
#3849=DIRECTION('ref_axis',(0.962419329276732,0.271567734892284,0.));
#3850=DIRECTION('center_axis',(0.,0.,-1.));
#3851=DIRECTION('ref_axis',(0.99997250548638,0.00741540769562278,0.));
#3852=DIRECTION('center_axis',(0.,0.,1.));
#3853=DIRECTION('ref_axis',(-0.99997250548638,-0.00741540769558543,0.));
#3854=DIRECTION('center_axis',(0.,0.,1.));
#3855=DIRECTION('ref_axis',(-0.0373865776345042,-0.999300877520269,0.));
#3856=DIRECTION('center_axis',(0.,0.,1.));
#3857=DIRECTION('ref_axis',(0.0264234522998983,-0.999650839627795,0.));
#3858=DIRECTION('center_axis',(0.,0.,-1.));
#3859=DIRECTION('ref_axis',(-0.959382792890959,0.282107526848794,0.));
#3860=DIRECTION('center_axis',(0.,0.,-1.));
#3861=DIRECTION('ref_axis',(0.846925111804972,0.531712191880285,0.));
#3862=DIRECTION('center_axis',(0.,0.,-1.));
#3863=DIRECTION('ref_axis',(0.957377431051758,0.288839842322241,0.));
#3864=DIRECTION('center_axis',(0.,0.,1.));
#3865=DIRECTION('ref_axis',(-0.957377431051746,-0.28883984232228,0.));
#3866=DIRECTION('center_axis',(0.,0.,1.));
#3867=DIRECTION('ref_axis',(0.24566343272987,-0.969355186616019,0.));
#3868=DIRECTION('center_axis',(0.,0.,1.));
#3869=DIRECTION('ref_axis',(0.306987303817418,-0.951713609913671,0.));
#3870=DIRECTION('center_axis',(0.,0.,-1.));
#3871=DIRECTION('ref_axis',(-0.999999923628851,0.000390822584347469,0.));
#3872=DIRECTION('center_axis',(0.,0.,-1.));
#3873=DIRECTION('ref_axis',(0.662818058632352,0.748780489296322,0.));
#3874=DIRECTION('center_axis',(0.,0.,-1.));
#3875=DIRECTION('ref_axis',(0.837221330896134,0.546864190720608,0.));
#3876=DIRECTION('center_axis',(0.,0.,1.));
#3877=DIRECTION('ref_axis',(-0.837221330896132,-0.546864190720611,0.));
#3878=DIRECTION('center_axis',(0.,0.,1.));
#3879=DIRECTION('ref_axis',(0.50881125279116,-0.860878103469412,0.));
#3880=DIRECTION('center_axis',(0.,0.,1.));
#3881=DIRECTION('ref_axis',(0.562680869703502,-0.826674203583075,0.));
#3882=DIRECTION('center_axis',(0.,0.,-1.));
#3883=DIRECTION('ref_axis',(-0.959603007782874,-0.281357543801587,0.));
#3884=DIRECTION('center_axis',(0.,0.,-1.));
#3885=DIRECTION('ref_axis',(0.425013428280112,0.905187044638613,0.));
#3886=DIRECTION('center_axis',(0.,0.,-1.));
#3887=DIRECTION('ref_axis',(0.649238537658285,0.760584854713352,0.));
#3888=DIRECTION('center_axis',(0.,0.,1.));
#3889=DIRECTION('ref_axis',(-0.649238537658314,-0.760584854713328,0.));
#3890=DIRECTION('center_axis',(0.,0.,1.));
#3891=DIRECTION('ref_axis',(0.730738211168345,-0.682657796218931,0.));
#3892=DIRECTION('center_axis',(0.,0.,1.));
#3893=DIRECTION('ref_axis',(0.772789377918129,-0.634662569698979,0.));
#3894=DIRECTION('center_axis',(0.,0.,-1.));
#3895=DIRECTION('ref_axis',(-0.841464763225161,-0.54031199528645,0.));
#3896=DIRECTION('center_axis',(0.,0.,-1.));
#3897=DIRECTION('ref_axis',(0.152776737620784,0.988260728978922,0.));
#3898=DIRECTION('center_axis',(0.,0.,-1.));
#3899=DIRECTION('ref_axis',(0.408658299269615,0.912687457149525,0.));
#3900=DIRECTION('center_axis',(0.,0.,1.));
#3901=DIRECTION('ref_axis',(-0.408658299269637,-0.912687457149515,0.));
#3902=DIRECTION('center_axis',(0.,0.,1.));
#3903=DIRECTION('ref_axis',(0.89346510554415,-0.44913261424103,0.));
#3904=DIRECTION('center_axis',(0.,0.,1.));
#3905=DIRECTION('ref_axis',(0.920291086689169,-0.391234348901612,0.));
#3906=DIRECTION('center_axis',(0.,0.,-1.));
#3907=DIRECTION('ref_axis',(-0.655156047934583,-0.75549358227237,0.));
#3908=DIRECTION('center_axis',(0.,0.,-1.));
#3909=DIRECTION('ref_axis',(-0.131837015722297,0.991271406470215,0.));
#3910=DIRECTION('center_axis',(0.,0.,-1.));
#3911=DIRECTION('ref_axis',(0.134970995858609,0.990849549768751,0.));
#3912=DIRECTION('center_axis',(0.,0.,1.));
#3913=DIRECTION('ref_axis',(-0.134970995858622,-0.990849549768749,0.));
#3914=DIRECTION('center_axis',(0.,0.,1.));
#3915=DIRECTION('ref_axis',(0.983808770710348,-0.179221378951828,0.));
#3916=DIRECTION('center_axis',(0.,0.,1.));
#3917=DIRECTION('ref_axis',(0.993236284798555,-0.11611064791639,0.));
#3918=DIRECTION('center_axis',(0.,0.,-1.));
#3919=DIRECTION('ref_axis',(-0.415770486003386,-0.909469572315923,0.));
#3920=DIRECTION('center_axis',(0.,0.,-1.));
#3921=DIRECTION('ref_axis',(-0.405770118116508,0.913975169927343,0.));
#3922=DIRECTION('center_axis',(0.,0.,-1.));
#3923=DIRECTION('ref_axis',(-0.149650854933446,0.988738904674884,0.));
#3924=DIRECTION('center_axis',(0.,0.,1.));
#3925=DIRECTION('ref_axis',(0.149650854933406,-0.98873890467489,0.));
#3926=DIRECTION('center_axis',(0.,0.,1.));
#3927=DIRECTION('ref_axis',(0.99445010020964,0.105209306589471,0.));
#3928=DIRECTION('center_axis',(0.,0.,1.));
#3929=DIRECTION('ref_axis',(0.985715386117182,0.168419647226368,0.));
#3930=DIRECTION('center_axis',(0.,0.,-1.));
#3931=DIRECTION('ref_axis',(-0.142701671978489,-0.989765746434248,0.));
#3932=DIRECTION('center_axis',(0.,0.,-1.));
#3933=DIRECTION('ref_axis',(-0.646830138748728,0.762634100736586,0.));
#3934=DIRECTION('center_axis',(0.,0.,-1.));
#3935=DIRECTION('ref_axis',(-0.422148883466697,0.906526513780938,0.));
#3936=DIRECTION('center_axis',(0.,0.,1.));
#3937=DIRECTION('ref_axis',(0.422148883466688,-0.906526513780942,0.));
#3938=DIRECTION('center_axis',(0.,0.,1.));
#3939=DIRECTION('ref_axis',(0.924526996812417,0.381116559814727,0.));
#3940=DIRECTION('center_axis',(0.,0.,1.));
#3941=DIRECTION('ref_axis',(0.898337689127727,0.439305584181052,0.));
#3942=DIRECTION('center_axis',(0.,0.,-1.));
#3943=DIRECTION('ref_axis',(0.141927982830588,-0.989876986140015,0.));
#3944=DIRECTION('center_axis',(0.,0.,-1.));
#3945=DIRECTION('ref_axis',(-0.835487828386472,0.549508952263798,0.));
#3946=DIRECTION('center_axis',(0.,0.,-1.));
#3947=DIRECTION('ref_axis',(-0.660446920077549,0.750872736061231,0.));
#3948=DIRECTION('center_axis',(0.,0.,1.));
#3949=DIRECTION('ref_axis',(0.66044692007753,-0.750872736061248,0.));
#3950=DIRECTION('center_axis',(0.,0.,1.));
#3951=DIRECTION('ref_axis',(0.779704214507213,0.626148015951252,0.));
#3952=DIRECTION('center_axis',(0.,0.,1.));
#3953=DIRECTION('ref_axis',(0.738182015185129,0.674601595356268,0.));
#3954=DIRECTION('center_axis',(0.,0.,-1.));
#3955=DIRECTION('ref_axis',(0.415059476548946,-0.909794279453831,0.));
#3956=DIRECTION('center_axis',(0.,0.,-1.));
#3957=DIRECTION('ref_axis',(-0.956459263005788,0.291865856534171,0.));
#3958=DIRECTION('center_axis',(0.,0.,-1.));
#3959=DIRECTION('ref_axis',(-0.845239475052793,0.534387714877951,0.));
#3960=DIRECTION('center_axis',(0.,0.,1.));
#3961=DIRECTION('ref_axis',(0.845239475052774,-0.534387714877982,0.));
#3962=DIRECTION('center_axis',(0.,0.,1.));
#3963=DIRECTION('ref_axis',(0.571714433822148,0.82045268368104,0.));
#3964=DIRECTION('center_axis',(0.,0.,1.));
#3965=DIRECTION('ref_axis',(0.518223224509633,0.855245397285971,0.));
#3966=DIRECTION('center_axis',(0.,0.,-1.));
#3967=DIRECTION('ref_axis',(0.654565319931054,-0.75600545100122,0.));
#3968=DIRECTION('center_axis',(0.,0.,-1.));
#3969=DIRECTION('ref_axis',(-0.99994405641864,0.0105775249012251,0.));
#3970=DIRECTION('center_axis',(0.,0.,-1.));
#3971=DIRECTION('ref_axis',(-0.961555754591976,0.27460977916137,0.));
#3972=DIRECTION('center_axis',(0.,0.,1.));
#3973=DIRECTION('ref_axis',(0.961555754591984,-0.274609779161341,0.));
#3974=DIRECTION('center_axis',(0.,0.,1.));
#3975=DIRECTION('ref_axis',(0.317407749825469,0.94828915439898,0.));
#3976=DIRECTION('center_axis',(0.,0.,1.));
#3977=DIRECTION('ref_axis',(0.256281070176618,0.966602303467733,0.));
#3978=DIRECTION('center_axis',(0.,0.,-1.));
#3979=DIRECTION('ref_axis',(0.841042173942201,-0.540969557046028,0.));
#3980=DIRECTION('center_axis',(0.,0.,-1.));
#3981=DIRECTION('ref_axis',(-0.962419329276735,-0.271567734892274,0.));
#3982=DIRECTION('center_axis',(0.,0.,-1.));
#3983=DIRECTION('ref_axis',(-0.99997250548638,-0.00741540769562277,0.));
#3984=DIRECTION('center_axis',(0.,0.,1.));
#3985=DIRECTION('ref_axis',(0.99997250548638,0.00741540769558544,0.));
#3986=DIRECTION('center_axis',(0.,0.,1.));
#3987=DIRECTION('ref_axis',(0.0373865776345043,0.999300877520269,0.));
#3988=DIRECTION('center_axis',(0.,0.,1.));
#3989=DIRECTION('ref_axis',(-0.0264234522999,0.999650839627795,0.));
#3990=DIRECTION('center_axis',(0.,0.,-1.));
#3991=DIRECTION('ref_axis',(0.959382792890958,-0.282107526848798,0.));
#3992=DIRECTION('center_axis',(0.,0.,-1.));
#3993=DIRECTION('ref_axis',(-0.846925111804979,-0.531712191880273,0.));
#3994=DIRECTION('center_axis',(0.,0.,-1.));
#3995=DIRECTION('ref_axis',(-0.957377431051757,-0.288839842322244,0.));
#3996=DIRECTION('center_axis',(0.,0.,1.));
#3997=DIRECTION('ref_axis',(0.957377431051746,0.288839842322278,0.));
#3998=DIRECTION('center_axis',(0.,0.,1.));
#3999=DIRECTION('ref_axis',(-0.245663432729869,0.969355186616019,0.));
#4000=DIRECTION('center_axis',(0.,0.,1.));
#4001=DIRECTION('ref_axis',(-0.306987303817444,0.951713609913663,0.));
#4002=DIRECTION('center_axis',(0.,0.,-1.));
#4003=DIRECTION('ref_axis',(0.999999923628851,-0.000390822584339704,0.));
#4004=DIRECTION('center_axis',(0.,0.,-1.));
#4005=DIRECTION('ref_axis',(-0.662818058632352,-0.748780489296322,0.));
#4006=DIRECTION('center_axis',(0.,0.,-1.));
#4007=DIRECTION('ref_axis',(-0.837221330896136,-0.546864190720605,0.));
#4008=DIRECTION('center_axis',(0.,0.,1.));
#4009=DIRECTION('ref_axis',(0.837221330896166,0.54686419072056,0.));
#4010=DIRECTION('center_axis',(0.,0.,1.));
#4011=DIRECTION('ref_axis',(-0.50881125279116,0.860878103469412,0.));
#4012=DIRECTION('center_axis',(0.,0.,1.));
#4013=DIRECTION('ref_axis',(-0.562680869703502,0.826674203583075,0.));
#4014=DIRECTION('center_axis',(0.,0.,-1.));
#4015=DIRECTION('ref_axis',(0.959603007782874,0.281357543801587,0.));
#4016=DIRECTION('center_axis',(0.,0.,-1.));
#4017=DIRECTION('ref_axis',(-0.425013428280117,-0.90518704463861,0.));
#4018=DIRECTION('center_axis',(0.,0.,-1.));
#4019=DIRECTION('ref_axis',(-0.649238537658285,-0.760584854713352,0.));
#4020=DIRECTION('center_axis',(0.,0.,1.));
#4021=DIRECTION('ref_axis',(0.649238537658311,0.760584854713331,0.));
#4022=DIRECTION('center_axis',(0.,0.,1.));
#4023=DIRECTION('ref_axis',(-0.730738211168346,0.682657796218929,0.));
#4024=DIRECTION('center_axis',(0.,0.,1.));
#4025=DIRECTION('ref_axis',(-0.772789377918093,0.634662569699022,0.));
#4026=DIRECTION('center_axis',(0.,0.,-1.));
#4027=DIRECTION('ref_axis',(0.841464763225158,0.540311995286453,0.));
#4028=DIRECTION('center_axis',(0.,0.,-1.));
#4029=DIRECTION('ref_axis',(-0.152776737620782,-0.988260728978922,0.));
#4030=DIRECTION('center_axis',(0.,0.,-1.));
#4031=DIRECTION('ref_axis',(-0.408658299269612,-0.912687457149526,0.));
#4032=DIRECTION('center_axis',(0.,0.,1.));
#4033=DIRECTION('ref_axis',(0.408658299269639,0.912687457149514,0.));
#4034=DIRECTION('center_axis',(0.,0.,1.));
#4035=DIRECTION('ref_axis',(-0.89346510554415,0.44913261424103,0.));
#4036=DIRECTION('center_axis',(0.,0.,1.));
#4037=DIRECTION('ref_axis',(-0.920291086689153,0.391234348901651,0.));
#4038=DIRECTION('center_axis',(0.,0.,-1.));
#4039=DIRECTION('ref_axis',(0.655156047934579,0.755493582272373,0.));
#4040=DIRECTION('center_axis',(0.,0.,-1.));
#4041=DIRECTION('ref_axis',(0.131837015722291,-0.991271406470216,0.));
#4042=DIRECTION('center_axis',(0.,0.,-1.));
#4043=DIRECTION('ref_axis',(-0.134970995858608,-0.990849549768751,0.));
#4044=DIRECTION('center_axis',(0.,0.,1.));
#4045=DIRECTION('ref_axis',(0.134970995858629,0.990849549768748,0.));
#4046=DIRECTION('center_axis',(0.,0.,1.));
#4047=DIRECTION('ref_axis',(-0.983808770710348,0.179221378951828,0.));
#4048=DIRECTION('center_axis',(0.,0.,1.));
#4049=DIRECTION('ref_axis',(-0.993236284798556,0.116110647916382,0.));
#4050=DIRECTION('center_axis',(0.,0.,-1.));
#4051=DIRECTION('ref_axis',(0.415770486003386,0.909469572315923,0.));
#4052=DIRECTION('center_axis',(0.,0.,-1.));
#4053=DIRECTION('ref_axis',(0.405770118116506,-0.913975169927344,0.));
#4054=DIRECTION('center_axis',(0.,0.,-1.));
#4055=DIRECTION('ref_axis',(0.149650854933444,-0.988738904674884,0.));
#4056=DIRECTION('center_axis',(0.,0.,1.));
#4057=DIRECTION('ref_axis',(-0.149650854933403,0.98873890467489,0.));
#4058=DIRECTION('center_axis',(0.,0.,1.));
#4059=DIRECTION('ref_axis',(-0.99445010020964,-0.105209306589471,0.));
#4060=DIRECTION('center_axis',(0.,0.,1.));
#4061=DIRECTION('ref_axis',(-0.985715386117195,-0.168419647226297,0.));
#4062=DIRECTION('center_axis',(0.,0.,-1.));
#4063=DIRECTION('ref_axis',(0.142701671978486,0.989765746434248,0.));
#4064=DIRECTION('center_axis',(0.,0.,-1.));
#4065=DIRECTION('ref_axis',(0.646830138748731,-0.762634100736583,0.));
#4066=DIRECTION('center_axis',(0.,0.,-1.));
#4067=DIRECTION('ref_axis',(0.422148883466697,-0.906526513780938,0.));
#4068=DIRECTION('center_axis',(0.,0.,1.));
#4069=DIRECTION('ref_axis',(-0.422148883466747,0.906526513780914,0.));
#4070=DIRECTION('center_axis',(0.,0.,1.));
#4071=DIRECTION('ref_axis',(-0.924526996812417,-0.381116559814728,0.));
#4072=DIRECTION('center_axis',(0.,0.,1.));
#4073=DIRECTION('ref_axis',(-0.898337689127765,-0.439305584180974,0.));
#4074=DIRECTION('center_axis',(0.,0.,-1.));
#4075=DIRECTION('ref_axis',(-0.141927982830586,0.989876986140016,0.));
#4076=DIRECTION('center_axis',(0.,0.,-1.));
#4077=DIRECTION('ref_axis',(-1.,0.,0.));
#4078=DIRECTION('center_axis',(0.,0.,-1.));
#4079=DIRECTION('ref_axis',(-1.,0.,0.));
#4080=DIRECTION('',(0.707106781186547,8.65956056235493E-17,-0.707106781186548));
#4081=DIRECTION('center_axis',(0.,0.,1.));
#4082=DIRECTION('ref_axis',(-1.,0.,0.));
#4083=DIRECTION('center_axis',(0.,0.,1.));
#4084=DIRECTION('ref_axis',(0.835487828386472,-0.549508952263798,0.));
#4085=DIRECTION('center_axis',(0.,0.,1.));
#4086=DIRECTION('ref_axis',(-0.141927982830586,0.989876986140016,0.));
#4087=DIRECTION('center_axis',(0.,0.,-1.));
#4088=DIRECTION('ref_axis',(-0.898337689127765,-0.439305584180974,0.));
#4089=DIRECTION('center_axis',(0.,0.,-1.));
#4090=DIRECTION('ref_axis',(-0.924526996812417,-0.381116559814728,0.));
#4091=DIRECTION('center_axis',(0.,0.,-1.));
#4092=DIRECTION('ref_axis',(-0.422148883466747,0.906526513780914,0.));
#4093=DIRECTION('center_axis',(0.,0.,1.));
#4094=DIRECTION('ref_axis',(0.422148883466697,-0.906526513780938,0.));
#4095=DIRECTION('center_axis',(0.,0.,1.));
#4096=DIRECTION('ref_axis',(0.646830138748731,-0.762634100736583,0.));
#4097=DIRECTION('center_axis',(0.,0.,1.));
#4098=DIRECTION('ref_axis',(0.142701671978486,0.989765746434248,0.));
#4099=DIRECTION('center_axis',(0.,0.,-1.));
#4100=DIRECTION('ref_axis',(-0.985715386117195,-0.168419647226297,0.));
#4101=DIRECTION('center_axis',(0.,0.,-1.));
#4102=DIRECTION('ref_axis',(-0.99445010020964,-0.105209306589471,0.));
#4103=DIRECTION('center_axis',(0.,0.,-1.));
#4104=DIRECTION('ref_axis',(-0.149650854933403,0.98873890467489,0.));
#4105=DIRECTION('center_axis',(0.,0.,1.));
#4106=DIRECTION('ref_axis',(0.149650854933444,-0.988738904674884,0.));
#4107=DIRECTION('center_axis',(0.,0.,1.));
#4108=DIRECTION('ref_axis',(0.405770118116506,-0.913975169927344,0.));
#4109=DIRECTION('center_axis',(0.,0.,1.));
#4110=DIRECTION('ref_axis',(0.415770486003386,0.909469572315923,0.));
#4111=DIRECTION('center_axis',(0.,0.,-1.));
#4112=DIRECTION('ref_axis',(-0.993236284798556,0.116110647916382,0.));
#4113=DIRECTION('center_axis',(0.,0.,-1.));
#4114=DIRECTION('ref_axis',(-0.983808770710348,0.179221378951828,0.));
#4115=DIRECTION('center_axis',(0.,0.,-1.));
#4116=DIRECTION('ref_axis',(0.134970995858629,0.990849549768748,0.));
#4117=DIRECTION('center_axis',(0.,0.,1.));
#4118=DIRECTION('ref_axis',(-0.134970995858608,-0.990849549768751,0.));
#4119=DIRECTION('center_axis',(0.,0.,1.));
#4120=DIRECTION('ref_axis',(0.131837015722291,-0.991271406470216,0.));
#4121=DIRECTION('center_axis',(0.,0.,1.));
#4122=DIRECTION('ref_axis',(0.655156047934579,0.755493582272373,0.));
#4123=DIRECTION('center_axis',(0.,0.,-1.));
#4124=DIRECTION('ref_axis',(-0.920291086689153,0.391234348901651,0.));
#4125=DIRECTION('center_axis',(0.,0.,-1.));
#4126=DIRECTION('ref_axis',(-0.89346510554415,0.44913261424103,0.));
#4127=DIRECTION('center_axis',(0.,0.,-1.));
#4128=DIRECTION('ref_axis',(0.408658299269639,0.912687457149514,0.));
#4129=DIRECTION('center_axis',(0.,0.,1.));
#4130=DIRECTION('ref_axis',(-0.408658299269612,-0.912687457149526,0.));
#4131=DIRECTION('center_axis',(0.,0.,1.));
#4132=DIRECTION('ref_axis',(-0.152776737620782,-0.988260728978922,0.));
#4133=DIRECTION('center_axis',(0.,0.,1.));
#4134=DIRECTION('ref_axis',(0.841464763225158,0.540311995286453,0.));
#4135=DIRECTION('center_axis',(0.,0.,-1.));
#4136=DIRECTION('ref_axis',(-0.772789377918093,0.634662569699022,0.));
#4137=DIRECTION('center_axis',(0.,0.,-1.));
#4138=DIRECTION('ref_axis',(-0.730738211168346,0.682657796218929,0.));
#4139=DIRECTION('center_axis',(0.,0.,-1.));
#4140=DIRECTION('ref_axis',(0.649238537658311,0.760584854713331,0.));
#4141=DIRECTION('center_axis',(0.,0.,1.));
#4142=DIRECTION('ref_axis',(-0.649238537658285,-0.760584854713352,0.));
#4143=DIRECTION('center_axis',(0.,0.,1.));
#4144=DIRECTION('ref_axis',(-0.425013428280117,-0.90518704463861,0.));
#4145=DIRECTION('center_axis',(0.,0.,1.));
#4146=DIRECTION('ref_axis',(0.959603007782874,0.281357543801587,0.));
#4147=DIRECTION('center_axis',(0.,0.,-1.));
#4148=DIRECTION('ref_axis',(-0.562680869703502,0.826674203583075,0.));
#4149=DIRECTION('center_axis',(0.,0.,-1.));
#4150=DIRECTION('ref_axis',(-0.50881125279116,0.860878103469412,0.));
#4151=DIRECTION('center_axis',(0.,0.,-1.));
#4152=DIRECTION('ref_axis',(0.837221330896166,0.54686419072056,0.));
#4153=DIRECTION('center_axis',(0.,0.,1.));
#4154=DIRECTION('ref_axis',(-0.837221330896136,-0.546864190720605,0.));
#4155=DIRECTION('center_axis',(0.,0.,1.));
#4156=DIRECTION('ref_axis',(-0.662818058632352,-0.748780489296322,0.));
#4157=DIRECTION('center_axis',(0.,0.,1.));
#4158=DIRECTION('ref_axis',(0.999999923628851,-0.000390822584339704,0.));
#4159=DIRECTION('center_axis',(0.,0.,-1.));
#4160=DIRECTION('ref_axis',(-0.306987303817444,0.951713609913663,0.));
#4161=DIRECTION('center_axis',(0.,0.,-1.));
#4162=DIRECTION('ref_axis',(-0.245663432729869,0.969355186616019,0.));
#4163=DIRECTION('center_axis',(0.,0.,-1.));
#4164=DIRECTION('ref_axis',(0.957377431051746,0.288839842322278,0.));
#4165=DIRECTION('center_axis',(0.,0.,1.));
#4166=DIRECTION('ref_axis',(-0.957377431051757,-0.288839842322244,0.));
#4167=DIRECTION('center_axis',(0.,0.,1.));
#4168=DIRECTION('ref_axis',(-0.846925111804979,-0.531712191880273,0.));
#4169=DIRECTION('center_axis',(0.,0.,1.));
#4170=DIRECTION('ref_axis',(0.959382792890958,-0.282107526848798,0.));
#4171=DIRECTION('center_axis',(0.,0.,-1.));
#4172=DIRECTION('ref_axis',(-0.0264234522999,0.999650839627795,0.));
#4173=DIRECTION('center_axis',(0.,0.,-1.));
#4174=DIRECTION('ref_axis',(0.0373865776345043,0.999300877520269,0.));
#4175=DIRECTION('center_axis',(0.,0.,-1.));
#4176=DIRECTION('ref_axis',(0.99997250548638,0.00741540769558544,0.));
#4177=DIRECTION('center_axis',(0.,0.,1.));
#4178=DIRECTION('ref_axis',(-0.99997250548638,-0.00741540769562277,0.));
#4179=DIRECTION('center_axis',(0.,0.,1.));
#4180=DIRECTION('ref_axis',(-0.962419329276735,-0.271567734892274,0.));
#4181=DIRECTION('center_axis',(0.,0.,1.));
#4182=DIRECTION('ref_axis',(0.841042173942201,-0.540969557046028,0.));
#4183=DIRECTION('center_axis',(0.,0.,-1.));
#4184=DIRECTION('ref_axis',(0.256281070176618,0.966602303467733,0.));
#4185=DIRECTION('center_axis',(0.,0.,-1.));
#4186=DIRECTION('ref_axis',(0.317407749825469,0.94828915439898,0.));
#4187=DIRECTION('center_axis',(0.,0.,-1.));
#4188=DIRECTION('ref_axis',(0.961555754591984,-0.274609779161341,0.));
#4189=DIRECTION('center_axis',(0.,0.,1.));
#4190=DIRECTION('ref_axis',(-0.961555754591976,0.27460977916137,0.));
#4191=DIRECTION('center_axis',(0.,0.,1.));
#4192=DIRECTION('ref_axis',(-0.99994405641864,0.0105775249012251,0.));
#4193=DIRECTION('center_axis',(0.,0.,1.));
#4194=DIRECTION('ref_axis',(0.654565319931054,-0.75600545100122,0.));
#4195=DIRECTION('center_axis',(0.,0.,-1.));
#4196=DIRECTION('ref_axis',(0.518223224509633,0.855245397285971,0.));
#4197=DIRECTION('center_axis',(0.,0.,-1.));
#4198=DIRECTION('ref_axis',(0.571714433822148,0.82045268368104,0.));
#4199=DIRECTION('center_axis',(0.,0.,-1.));
#4200=DIRECTION('ref_axis',(0.845239475052774,-0.534387714877982,0.));
#4201=DIRECTION('center_axis',(0.,0.,1.));
#4202=DIRECTION('ref_axis',(-0.845239475052793,0.534387714877951,0.));
#4203=DIRECTION('center_axis',(0.,0.,1.));
#4204=DIRECTION('ref_axis',(-0.956459263005788,0.291865856534171,0.));
#4205=DIRECTION('center_axis',(0.,0.,1.));
#4206=DIRECTION('ref_axis',(0.415059476548946,-0.909794279453831,0.));
#4207=DIRECTION('center_axis',(0.,0.,-1.));
#4208=DIRECTION('ref_axis',(0.738182015185129,0.674601595356268,0.));
#4209=DIRECTION('center_axis',(0.,0.,-1.));
#4210=DIRECTION('ref_axis',(0.779704214507213,0.626148015951252,0.));
#4211=DIRECTION('center_axis',(0.,0.,-1.));
#4212=DIRECTION('ref_axis',(0.66044692007753,-0.750872736061248,0.));
#4213=DIRECTION('center_axis',(0.,0.,1.));
#4214=DIRECTION('ref_axis',(-0.660446920077549,0.750872736061231,0.));
#4215=DIRECTION('center_axis',(0.,0.,1.));
#4216=DIRECTION('ref_axis',(-0.835487828386472,0.549508952263798,0.));
#4217=DIRECTION('center_axis',(0.,0.,1.));
#4218=DIRECTION('ref_axis',(0.141927982830588,-0.989876986140015,0.));
#4219=DIRECTION('center_axis',(0.,0.,-1.));
#4220=DIRECTION('ref_axis',(0.898337689127727,0.439305584181052,0.));
#4221=DIRECTION('center_axis',(0.,0.,-1.));
#4222=DIRECTION('ref_axis',(0.924526996812417,0.381116559814727,0.));
#4223=DIRECTION('center_axis',(0.,0.,-1.));
#4224=DIRECTION('ref_axis',(0.422148883466688,-0.906526513780942,0.));
#4225=DIRECTION('center_axis',(0.,0.,1.));
#4226=DIRECTION('ref_axis',(-0.422148883466697,0.906526513780938,0.));
#4227=DIRECTION('center_axis',(0.,0.,1.));
#4228=DIRECTION('ref_axis',(-0.646830138748728,0.762634100736586,0.));
#4229=DIRECTION('center_axis',(0.,0.,1.));
#4230=DIRECTION('ref_axis',(-0.142701671978489,-0.989765746434248,0.));
#4231=DIRECTION('center_axis',(0.,0.,-1.));
#4232=DIRECTION('ref_axis',(0.985715386117182,0.168419647226368,0.));
#4233=DIRECTION('center_axis',(0.,0.,-1.));
#4234=DIRECTION('ref_axis',(0.99445010020964,0.105209306589471,0.));
#4235=DIRECTION('center_axis',(0.,0.,-1.));
#4236=DIRECTION('ref_axis',(0.149650854933406,-0.98873890467489,0.));
#4237=DIRECTION('center_axis',(0.,0.,1.));
#4238=DIRECTION('ref_axis',(-0.149650854933446,0.988738904674884,0.));
#4239=DIRECTION('center_axis',(0.,0.,1.));
#4240=DIRECTION('ref_axis',(-0.405770118116508,0.913975169927343,0.));
#4241=DIRECTION('center_axis',(0.,0.,1.));
#4242=DIRECTION('ref_axis',(-0.415770486003386,-0.909469572315923,0.));
#4243=DIRECTION('center_axis',(0.,0.,-1.));
#4244=DIRECTION('ref_axis',(0.993236284798555,-0.11611064791639,0.));
#4245=DIRECTION('center_axis',(0.,0.,-1.));
#4246=DIRECTION('ref_axis',(0.983808770710348,-0.179221378951828,0.));
#4247=DIRECTION('center_axis',(0.,0.,-1.));
#4248=DIRECTION('ref_axis',(-0.134970995858622,-0.990849549768749,0.));
#4249=DIRECTION('center_axis',(0.,0.,1.));
#4250=DIRECTION('ref_axis',(0.134970995858609,0.990849549768751,0.));
#4251=DIRECTION('center_axis',(0.,0.,1.));
#4252=DIRECTION('ref_axis',(-0.131837015722297,0.991271406470215,0.));
#4253=DIRECTION('center_axis',(0.,0.,1.));
#4254=DIRECTION('ref_axis',(-0.655156047934583,-0.75549358227237,0.));
#4255=DIRECTION('center_axis',(0.,0.,-1.));
#4256=DIRECTION('ref_axis',(0.920291086689169,-0.391234348901612,0.));
#4257=DIRECTION('center_axis',(0.,0.,-1.));
#4258=DIRECTION('ref_axis',(0.89346510554415,-0.44913261424103,0.));
#4259=DIRECTION('center_axis',(0.,0.,-1.));
#4260=DIRECTION('ref_axis',(-0.408658299269637,-0.912687457149515,0.));
#4261=DIRECTION('center_axis',(0.,0.,1.));
#4262=DIRECTION('ref_axis',(0.408658299269615,0.912687457149525,0.));
#4263=DIRECTION('center_axis',(0.,0.,1.));
#4264=DIRECTION('ref_axis',(0.152776737620784,0.988260728978922,0.));
#4265=DIRECTION('center_axis',(0.,0.,1.));
#4266=DIRECTION('ref_axis',(-0.841464763225161,-0.54031199528645,0.));
#4267=DIRECTION('center_axis',(0.,0.,-1.));
#4268=DIRECTION('ref_axis',(0.772789377918129,-0.634662569698979,0.));
#4269=DIRECTION('center_axis',(0.,0.,-1.));
#4270=DIRECTION('ref_axis',(0.730738211168345,-0.682657796218931,0.));
#4271=DIRECTION('center_axis',(0.,0.,-1.));
#4272=DIRECTION('ref_axis',(-0.649238537658314,-0.760584854713328,0.));
#4273=DIRECTION('center_axis',(0.,0.,1.));
#4274=DIRECTION('ref_axis',(0.649238537658285,0.760584854713352,0.));
#4275=DIRECTION('center_axis',(0.,0.,1.));
#4276=DIRECTION('ref_axis',(0.425013428280112,0.905187044638613,0.));
#4277=DIRECTION('center_axis',(0.,0.,1.));
#4278=DIRECTION('ref_axis',(-0.959603007782874,-0.281357543801587,0.));
#4279=DIRECTION('center_axis',(0.,0.,-1.));
#4280=DIRECTION('ref_axis',(0.562680869703502,-0.826674203583075,0.));
#4281=DIRECTION('center_axis',(0.,0.,-1.));
#4282=DIRECTION('ref_axis',(0.50881125279116,-0.860878103469412,0.));
#4283=DIRECTION('center_axis',(0.,0.,-1.));
#4284=DIRECTION('ref_axis',(-0.837221330896132,-0.546864190720611,0.));
#4285=DIRECTION('center_axis',(0.,0.,1.));
#4286=DIRECTION('ref_axis',(0.837221330896134,0.546864190720608,0.));
#4287=DIRECTION('center_axis',(0.,0.,1.));
#4288=DIRECTION('ref_axis',(0.662818058632352,0.748780489296322,0.));
#4289=DIRECTION('center_axis',(0.,0.,1.));
#4290=DIRECTION('ref_axis',(-0.999999923628851,0.000390822584347469,0.));
#4291=DIRECTION('center_axis',(0.,0.,-1.));
#4292=DIRECTION('ref_axis',(0.306987303817418,-0.951713609913671,0.));
#4293=DIRECTION('center_axis',(0.,0.,-1.));
#4294=DIRECTION('ref_axis',(0.24566343272987,-0.969355186616019,0.));
#4295=DIRECTION('center_axis',(0.,0.,-1.));
#4296=DIRECTION('ref_axis',(-0.957377431051746,-0.28883984232228,0.));
#4297=DIRECTION('center_axis',(0.,0.,1.));
#4298=DIRECTION('ref_axis',(0.957377431051758,0.288839842322241,0.));
#4299=DIRECTION('center_axis',(0.,0.,1.));
#4300=DIRECTION('ref_axis',(0.846925111804972,0.531712191880285,0.));
#4301=DIRECTION('center_axis',(0.,0.,1.));
#4302=DIRECTION('ref_axis',(-0.959382792890959,0.282107526848794,0.));
#4303=DIRECTION('center_axis',(0.,0.,-1.));
#4304=DIRECTION('ref_axis',(0.0264234522998983,-0.999650839627795,0.));
#4305=DIRECTION('center_axis',(0.,0.,-1.));
#4306=DIRECTION('ref_axis',(-0.0373865776345042,-0.999300877520269,0.));
#4307=DIRECTION('center_axis',(0.,0.,-1.));
#4308=DIRECTION('ref_axis',(-0.99997250548638,-0.00741540769558543,0.));
#4309=DIRECTION('center_axis',(0.,0.,1.));
#4310=DIRECTION('ref_axis',(0.99997250548638,0.00741540769562278,0.));
#4311=DIRECTION('center_axis',(0.,0.,1.));
#4312=DIRECTION('ref_axis',(0.962419329276732,0.271567734892284,0.));
#4313=DIRECTION('center_axis',(0.,0.,1.));
#4314=DIRECTION('ref_axis',(-0.841042173942203,0.540969557046026,0.));
#4315=DIRECTION('center_axis',(0.,0.,-1.));
#4316=DIRECTION('ref_axis',(-0.256281070176609,-0.966602303467735,0.));
#4317=DIRECTION('center_axis',(0.,0.,-1.));
#4318=DIRECTION('ref_axis',(-0.317407749825469,-0.94828915439898,0.));
#4319=DIRECTION('center_axis',(0.,0.,-1.));
#4320=DIRECTION('ref_axis',(-0.961555754591984,0.274609779161341,0.));
#4321=DIRECTION('center_axis',(0.,0.,1.));
#4322=DIRECTION('ref_axis',(0.961555754591976,-0.27460977916137,0.));
#4323=DIRECTION('center_axis',(0.,0.,1.));
#4324=DIRECTION('ref_axis',(0.99994405641864,-0.0105775249012191,0.));
#4325=DIRECTION('center_axis',(0.,0.,1.));
#4326=DIRECTION('ref_axis',(-0.654565319931054,0.75600545100122,0.));
#4327=DIRECTION('center_axis',(0.,0.,-1.));
#4328=DIRECTION('ref_axis',(-0.518223224509664,-0.855245397285952,0.));
#4329=DIRECTION('center_axis',(0.,0.,-1.));
#4330=DIRECTION('ref_axis',(-0.571714433822148,-0.82045268368104,0.));
#4331=DIRECTION('center_axis',(0.,0.,-1.));
#4332=DIRECTION('ref_axis',(-0.845239475052773,0.534387714877983,0.));
#4333=DIRECTION('center_axis',(0.,0.,1.));
#4334=DIRECTION('ref_axis',(0.845239475052793,-0.534387714877951,0.));
#4335=DIRECTION('center_axis',(0.,0.,1.));
#4336=DIRECTION('ref_axis',(0.956459263005785,-0.29186585653418,0.));
#4337=DIRECTION('center_axis',(0.,0.,1.));
#4338=DIRECTION('ref_axis',(-0.415059476548946,0.909794279453831,0.));
#4339=DIRECTION('center_axis',(0.,0.,-1.));
#4340=DIRECTION('ref_axis',(-0.738182015185129,-0.674601595356268,0.));
#4341=DIRECTION('center_axis',(0.,0.,-1.));
#4342=DIRECTION('ref_axis',(-0.779704214507213,-0.626148015951252,0.));
#4343=DIRECTION('center_axis',(0.,0.,-1.));
#4344=DIRECTION('ref_axis',(-0.66044692007753,0.750872736061248,0.));
#4345=DIRECTION('center_axis',(0.,0.,1.));
#4346=DIRECTION('ref_axis',(0.660446920077551,-0.75087273606123,0.));
#4347=DIRECTION('center_axis',(0.,0.,1.));
#4348=DIRECTION('ref_axis',(0.835487828386472,-0.549508952263798,0.));
#4349=DIRECTION('',(0.,0.,1.));
#4350=DIRECTION('',(0.,0.,1.));
#4351=DIRECTION('center_axis',(0.,0.,1.));
#4352=DIRECTION('ref_axis',(-0.141927982830586,0.989876986140016,0.));
#4353=DIRECTION('',(0.,0.,1.));
#4354=DIRECTION('center_axis',(0.,0.,1.));
#4355=DIRECTION('ref_axis',(-0.898337689127765,-0.439305584180974,0.));
#4356=DIRECTION('',(0.,0.,1.));
#4357=DIRECTION('center_axis',(0.,0.,1.));
#4358=DIRECTION('ref_axis',(-0.924526996812417,-0.381116559814728,0.));
#4359=DIRECTION('',(0.,0.,1.));
#4360=DIRECTION('center_axis',(0.,0.,1.));
#4361=DIRECTION('ref_axis',(-0.422148883466747,0.906526513780914,0.));
#4362=DIRECTION('',(0.,0.,1.));
#4363=DIRECTION('center_axis',(0.,0.,1.));
#4364=DIRECTION('ref_axis',(0.422148883466697,-0.906526513780938,0.));
#4365=DIRECTION('',(0.,0.,1.));
#4366=DIRECTION('center_axis',(0.,0.,1.));
#4367=DIRECTION('ref_axis',(0.646830138748731,-0.762634100736583,0.));
#4368=DIRECTION('',(0.,0.,1.));
#4369=DIRECTION('center_axis',(0.,0.,1.));
#4370=DIRECTION('ref_axis',(0.142701671978486,0.989765746434248,0.));
#4371=DIRECTION('',(0.,0.,1.));
#4372=DIRECTION('center_axis',(0.,0.,1.));
#4373=DIRECTION('ref_axis',(-0.985715386117195,-0.168419647226297,0.));
#4374=DIRECTION('',(0.,0.,1.));
#4375=DIRECTION('center_axis',(0.,0.,1.));
#4376=DIRECTION('ref_axis',(-0.99445010020964,-0.105209306589471,0.));
#4377=DIRECTION('',(0.,0.,1.));
#4378=DIRECTION('center_axis',(0.,0.,1.));
#4379=DIRECTION('ref_axis',(-0.149650854933403,0.98873890467489,0.));
#4380=DIRECTION('',(0.,0.,1.));
#4381=DIRECTION('center_axis',(0.,0.,1.));
#4382=DIRECTION('ref_axis',(0.149650854933444,-0.988738904674884,0.));
#4383=DIRECTION('',(0.,0.,1.));
#4384=DIRECTION('center_axis',(0.,0.,1.));
#4385=DIRECTION('ref_axis',(0.405770118116506,-0.913975169927344,0.));
#4386=DIRECTION('',(0.,0.,1.));
#4387=DIRECTION('center_axis',(0.,0.,1.));
#4388=DIRECTION('ref_axis',(0.415770486003386,0.909469572315923,0.));
#4389=DIRECTION('',(0.,0.,1.));
#4390=DIRECTION('center_axis',(0.,0.,1.));
#4391=DIRECTION('ref_axis',(-0.993236284798556,0.116110647916382,0.));
#4392=DIRECTION('',(0.,0.,1.));
#4393=DIRECTION('center_axis',(0.,0.,1.));
#4394=DIRECTION('ref_axis',(-0.983808770710348,0.179221378951828,0.));
#4395=DIRECTION('',(0.,0.,1.));
#4396=DIRECTION('center_axis',(0.,0.,1.));
#4397=DIRECTION('ref_axis',(0.134970995858629,0.990849549768748,0.));
#4398=DIRECTION('',(0.,0.,1.));
#4399=DIRECTION('center_axis',(0.,0.,1.));
#4400=DIRECTION('ref_axis',(-0.134970995858608,-0.990849549768751,0.));
#4401=DIRECTION('',(0.,0.,1.));
#4402=DIRECTION('center_axis',(0.,0.,1.));
#4403=DIRECTION('ref_axis',(0.131837015722291,-0.991271406470216,0.));
#4404=DIRECTION('',(0.,0.,1.));
#4405=DIRECTION('center_axis',(0.,0.,1.));
#4406=DIRECTION('ref_axis',(0.655156047934579,0.755493582272373,0.));
#4407=DIRECTION('',(0.,0.,1.));
#4408=DIRECTION('center_axis',(0.,0.,1.));
#4409=DIRECTION('ref_axis',(-0.920291086689153,0.391234348901651,0.));
#4410=DIRECTION('',(0.,0.,1.));
#4411=DIRECTION('center_axis',(0.,0.,1.));
#4412=DIRECTION('ref_axis',(-0.89346510554415,0.44913261424103,0.));
#4413=DIRECTION('',(0.,0.,1.));
#4414=DIRECTION('center_axis',(0.,0.,1.));
#4415=DIRECTION('ref_axis',(0.408658299269639,0.912687457149514,0.));
#4416=DIRECTION('',(0.,0.,1.));
#4417=DIRECTION('center_axis',(0.,0.,1.));
#4418=DIRECTION('ref_axis',(-0.408658299269612,-0.912687457149526,0.));
#4419=DIRECTION('',(0.,0.,1.));
#4420=DIRECTION('center_axis',(0.,0.,1.));
#4421=DIRECTION('ref_axis',(-0.152776737620782,-0.988260728978922,0.));
#4422=DIRECTION('',(0.,0.,1.));
#4423=DIRECTION('center_axis',(0.,0.,1.));
#4424=DIRECTION('ref_axis',(0.841464763225158,0.540311995286453,0.));
#4425=DIRECTION('',(0.,0.,1.));
#4426=DIRECTION('center_axis',(0.,0.,1.));
#4427=DIRECTION('ref_axis',(-0.772789377918093,0.634662569699022,0.));
#4428=DIRECTION('',(0.,0.,1.));
#4429=DIRECTION('center_axis',(0.,0.,1.));
#4430=DIRECTION('ref_axis',(-0.730738211168346,0.682657796218929,0.));
#4431=DIRECTION('',(0.,0.,1.));
#4432=DIRECTION('center_axis',(0.,0.,1.));
#4433=DIRECTION('ref_axis',(0.649238537658311,0.760584854713331,0.));
#4434=DIRECTION('',(0.,0.,1.));
#4435=DIRECTION('center_axis',(0.,0.,1.));
#4436=DIRECTION('ref_axis',(-0.649238537658285,-0.760584854713352,0.));
#4437=DIRECTION('',(0.,0.,1.));
#4438=DIRECTION('center_axis',(0.,0.,1.));
#4439=DIRECTION('ref_axis',(-0.425013428280117,-0.90518704463861,0.));
#4440=DIRECTION('',(0.,0.,1.));
#4441=DIRECTION('center_axis',(0.,0.,1.));
#4442=DIRECTION('ref_axis',(0.959603007782874,0.281357543801587,0.));
#4443=DIRECTION('',(0.,0.,1.));
#4444=DIRECTION('center_axis',(0.,0.,1.));
#4445=DIRECTION('ref_axis',(-0.562680869703502,0.826674203583075,0.));
#4446=DIRECTION('',(0.,0.,1.));
#4447=DIRECTION('center_axis',(0.,0.,1.));
#4448=DIRECTION('ref_axis',(-0.50881125279116,0.860878103469412,0.));
#4449=DIRECTION('',(0.,0.,1.));
#4450=DIRECTION('center_axis',(0.,0.,1.));
#4451=DIRECTION('ref_axis',(0.837221330896166,0.54686419072056,0.));
#4452=DIRECTION('',(0.,0.,1.));
#4453=DIRECTION('center_axis',(0.,0.,1.));
#4454=DIRECTION('ref_axis',(-0.837221330896136,-0.546864190720605,0.));
#4455=DIRECTION('',(0.,0.,1.));
#4456=DIRECTION('center_axis',(0.,0.,1.));
#4457=DIRECTION('ref_axis',(-0.662818058632352,-0.748780489296322,0.));
#4458=DIRECTION('',(0.,0.,1.));
#4459=DIRECTION('center_axis',(0.,0.,1.));
#4460=DIRECTION('ref_axis',(0.999999923628851,-0.000390822584339704,0.));
#4461=DIRECTION('',(0.,0.,1.));
#4462=DIRECTION('center_axis',(0.,0.,1.));
#4463=DIRECTION('ref_axis',(-0.306987303817444,0.951713609913663,0.));
#4464=DIRECTION('',(0.,0.,1.));
#4465=DIRECTION('center_axis',(0.,0.,1.));
#4466=DIRECTION('ref_axis',(-0.245663432729869,0.969355186616019,0.));
#4467=DIRECTION('',(0.,0.,1.));
#4468=DIRECTION('center_axis',(0.,0.,1.));
#4469=DIRECTION('ref_axis',(0.957377431051746,0.288839842322278,0.));
#4470=DIRECTION('',(0.,0.,1.));
#4471=DIRECTION('center_axis',(0.,0.,1.));
#4472=DIRECTION('ref_axis',(-0.957377431051757,-0.288839842322244,0.));
#4473=DIRECTION('',(0.,0.,1.));
#4474=DIRECTION('center_axis',(0.,0.,1.));
#4475=DIRECTION('ref_axis',(-0.846925111804979,-0.531712191880273,0.));
#4476=DIRECTION('',(0.,0.,1.));
#4477=DIRECTION('center_axis',(0.,0.,1.));
#4478=DIRECTION('ref_axis',(0.959382792890958,-0.282107526848798,0.));
#4479=DIRECTION('',(0.,0.,1.));
#4480=DIRECTION('center_axis',(0.,0.,1.));
#4481=DIRECTION('ref_axis',(-0.0264234522999,0.999650839627795,0.));
#4482=DIRECTION('',(0.,0.,1.));
#4483=DIRECTION('center_axis',(0.,0.,1.));
#4484=DIRECTION('ref_axis',(0.0373865776345043,0.999300877520269,0.));
#4485=DIRECTION('',(0.,0.,1.));
#4486=DIRECTION('center_axis',(0.,0.,1.));
#4487=DIRECTION('ref_axis',(0.99997250548638,0.00741540769558544,0.));
#4488=DIRECTION('',(0.,0.,1.));
#4489=DIRECTION('center_axis',(0.,0.,1.));
#4490=DIRECTION('ref_axis',(-0.99997250548638,-0.00741540769562277,0.));
#4491=DIRECTION('',(0.,0.,1.));
#4492=DIRECTION('center_axis',(0.,0.,1.));
#4493=DIRECTION('ref_axis',(-0.962419329276735,-0.271567734892274,0.));
#4494=DIRECTION('',(0.,0.,1.));
#4495=DIRECTION('center_axis',(0.,0.,1.));
#4496=DIRECTION('ref_axis',(0.841042173942201,-0.540969557046028,0.));
#4497=DIRECTION('',(0.,0.,1.));
#4498=DIRECTION('center_axis',(0.,0.,1.));
#4499=DIRECTION('ref_axis',(0.256281070176618,0.966602303467733,0.));
#4500=DIRECTION('',(0.,0.,1.));
#4501=DIRECTION('center_axis',(0.,0.,1.));
#4502=DIRECTION('ref_axis',(0.317407749825469,0.94828915439898,0.));
#4503=DIRECTION('',(0.,0.,1.));
#4504=DIRECTION('center_axis',(0.,0.,1.));
#4505=DIRECTION('ref_axis',(0.961555754591984,-0.274609779161341,0.));
#4506=DIRECTION('',(0.,0.,1.));
#4507=DIRECTION('center_axis',(0.,0.,1.));
#4508=DIRECTION('ref_axis',(-0.961555754591976,0.27460977916137,0.));
#4509=DIRECTION('',(0.,0.,1.));
#4510=DIRECTION('center_axis',(0.,0.,1.));
#4511=DIRECTION('ref_axis',(-0.99994405641864,0.0105775249012251,0.));
#4512=DIRECTION('',(0.,0.,1.));
#4513=DIRECTION('center_axis',(0.,0.,1.));
#4514=DIRECTION('ref_axis',(0.654565319931054,-0.75600545100122,0.));
#4515=DIRECTION('',(0.,0.,1.));
#4516=DIRECTION('center_axis',(0.,0.,1.));
#4517=DIRECTION('ref_axis',(0.518223224509633,0.855245397285971,0.));
#4518=DIRECTION('',(0.,0.,1.));
#4519=DIRECTION('center_axis',(0.,0.,1.));
#4520=DIRECTION('ref_axis',(0.571714433822148,0.82045268368104,0.));
#4521=DIRECTION('',(0.,0.,1.));
#4522=DIRECTION('center_axis',(0.,0.,1.));
#4523=DIRECTION('ref_axis',(0.845239475052774,-0.534387714877982,0.));
#4524=DIRECTION('',(0.,0.,1.));
#4525=DIRECTION('center_axis',(0.,0.,1.));
#4526=DIRECTION('ref_axis',(-0.845239475052793,0.534387714877951,0.));
#4527=DIRECTION('',(0.,0.,1.));
#4528=DIRECTION('center_axis',(0.,0.,1.));
#4529=DIRECTION('ref_axis',(-0.956459263005788,0.291865856534171,0.));
#4530=DIRECTION('',(0.,0.,1.));
#4531=DIRECTION('center_axis',(0.,0.,1.));
#4532=DIRECTION('ref_axis',(0.415059476548946,-0.909794279453831,0.));
#4533=DIRECTION('',(0.,0.,1.));
#4534=DIRECTION('center_axis',(0.,0.,1.));
#4535=DIRECTION('ref_axis',(0.738182015185129,0.674601595356268,0.));
#4536=DIRECTION('',(0.,0.,1.));
#4537=DIRECTION('center_axis',(0.,0.,1.));
#4538=DIRECTION('ref_axis',(0.779704214507213,0.626148015951252,0.));
#4539=DIRECTION('',(0.,0.,1.));
#4540=DIRECTION('center_axis',(0.,0.,1.));
#4541=DIRECTION('ref_axis',(0.66044692007753,-0.750872736061248,0.));
#4542=DIRECTION('',(0.,0.,1.));
#4543=DIRECTION('center_axis',(0.,0.,1.));
#4544=DIRECTION('ref_axis',(-0.660446920077549,0.750872736061231,0.));
#4545=DIRECTION('',(0.,0.,1.));
#4546=DIRECTION('center_axis',(0.,0.,1.));
#4547=DIRECTION('ref_axis',(-0.835487828386472,0.549508952263798,0.));
#4548=DIRECTION('',(0.,0.,1.));
#4549=DIRECTION('center_axis',(0.,0.,1.));
#4550=DIRECTION('ref_axis',(0.141927982830588,-0.989876986140015,0.));
#4551=DIRECTION('',(0.,0.,1.));
#4552=DIRECTION('center_axis',(0.,0.,1.));
#4553=DIRECTION('ref_axis',(0.898337689127727,0.439305584181052,0.));
#4554=DIRECTION('',(0.,0.,1.));
#4555=DIRECTION('center_axis',(0.,0.,1.));
#4556=DIRECTION('ref_axis',(0.924526996812417,0.381116559814727,0.));
#4557=DIRECTION('',(0.,0.,1.));
#4558=DIRECTION('center_axis',(0.,0.,1.));
#4559=DIRECTION('ref_axis',(0.422148883466688,-0.906526513780942,0.));
#4560=DIRECTION('',(0.,0.,1.));
#4561=DIRECTION('center_axis',(0.,0.,1.));
#4562=DIRECTION('ref_axis',(-0.422148883466697,0.906526513780938,0.));
#4563=DIRECTION('',(0.,0.,1.));
#4564=DIRECTION('center_axis',(0.,0.,1.));
#4565=DIRECTION('ref_axis',(-0.646830138748728,0.762634100736586,0.));
#4566=DIRECTION('',(0.,0.,1.));
#4567=DIRECTION('center_axis',(0.,0.,1.));
#4568=DIRECTION('ref_axis',(-0.142701671978489,-0.989765746434248,0.));
#4569=DIRECTION('',(0.,0.,1.));
#4570=DIRECTION('center_axis',(0.,0.,1.));
#4571=DIRECTION('ref_axis',(0.985715386117182,0.168419647226368,0.));
#4572=DIRECTION('',(0.,0.,1.));
#4573=DIRECTION('center_axis',(0.,0.,1.));
#4574=DIRECTION('ref_axis',(0.99445010020964,0.105209306589471,0.));
#4575=DIRECTION('',(0.,0.,1.));
#4576=DIRECTION('center_axis',(0.,0.,1.));
#4577=DIRECTION('ref_axis',(0.149650854933406,-0.98873890467489,0.));
#4578=DIRECTION('',(0.,0.,1.));
#4579=DIRECTION('center_axis',(0.,0.,1.));
#4580=DIRECTION('ref_axis',(-0.149650854933446,0.988738904674884,0.));
#4581=DIRECTION('',(0.,0.,1.));
#4582=DIRECTION('center_axis',(0.,0.,1.));
#4583=DIRECTION('ref_axis',(-0.405770118116508,0.913975169927343,0.));
#4584=DIRECTION('',(0.,0.,1.));
#4585=DIRECTION('center_axis',(0.,0.,1.));
#4586=DIRECTION('ref_axis',(-0.415770486003386,-0.909469572315923,0.));
#4587=DIRECTION('',(0.,0.,1.));
#4588=DIRECTION('center_axis',(0.,0.,1.));
#4589=DIRECTION('ref_axis',(0.993236284798555,-0.11611064791639,0.));
#4590=DIRECTION('',(0.,0.,1.));
#4591=DIRECTION('center_axis',(0.,0.,1.));
#4592=DIRECTION('ref_axis',(0.983808770710348,-0.179221378951828,0.));
#4593=DIRECTION('',(0.,0.,1.));
#4594=DIRECTION('center_axis',(0.,0.,1.));
#4595=DIRECTION('ref_axis',(-0.134970995858622,-0.990849549768749,0.));
#4596=DIRECTION('',(0.,0.,1.));
#4597=DIRECTION('center_axis',(0.,0.,1.));
#4598=DIRECTION('ref_axis',(0.134970995858609,0.990849549768751,0.));
#4599=DIRECTION('',(0.,0.,1.));
#4600=DIRECTION('center_axis',(0.,0.,1.));
#4601=DIRECTION('ref_axis',(-0.131837015722297,0.991271406470215,0.));
#4602=DIRECTION('',(0.,0.,1.));
#4603=DIRECTION('center_axis',(0.,0.,1.));
#4604=DIRECTION('ref_axis',(-0.655156047934583,-0.75549358227237,0.));
#4605=DIRECTION('',(0.,0.,1.));
#4606=DIRECTION('center_axis',(0.,0.,1.));
#4607=DIRECTION('ref_axis',(0.920291086689169,-0.391234348901612,0.));
#4608=DIRECTION('',(0.,0.,1.));
#4609=DIRECTION('center_axis',(0.,0.,1.));
#4610=DIRECTION('ref_axis',(0.89346510554415,-0.44913261424103,0.));
#4611=DIRECTION('',(0.,0.,1.));
#4612=DIRECTION('center_axis',(0.,0.,1.));
#4613=DIRECTION('ref_axis',(-0.408658299269637,-0.912687457149515,0.));
#4614=DIRECTION('',(0.,0.,1.));
#4615=DIRECTION('center_axis',(0.,0.,1.));
#4616=DIRECTION('ref_axis',(0.408658299269615,0.912687457149525,0.));
#4617=DIRECTION('',(0.,0.,1.));
#4618=DIRECTION('center_axis',(0.,0.,1.));
#4619=DIRECTION('ref_axis',(0.152776737620784,0.988260728978922,0.));
#4620=DIRECTION('',(0.,0.,1.));
#4621=DIRECTION('center_axis',(0.,0.,1.));
#4622=DIRECTION('ref_axis',(-0.841464763225161,-0.54031199528645,0.));
#4623=DIRECTION('',(0.,0.,1.));
#4624=DIRECTION('center_axis',(0.,0.,1.));
#4625=DIRECTION('ref_axis',(0.772789377918129,-0.634662569698979,0.));
#4626=DIRECTION('',(0.,0.,1.));
#4627=DIRECTION('center_axis',(0.,0.,1.));
#4628=DIRECTION('ref_axis',(0.730738211168345,-0.682657796218931,0.));
#4629=DIRECTION('',(0.,0.,1.));
#4630=DIRECTION('center_axis',(0.,0.,1.));
#4631=DIRECTION('ref_axis',(-0.649238537658314,-0.760584854713328,0.));
#4632=DIRECTION('',(0.,0.,1.));
#4633=DIRECTION('center_axis',(0.,0.,1.));
#4634=DIRECTION('ref_axis',(0.649238537658285,0.760584854713352,0.));
#4635=DIRECTION('',(0.,0.,1.));
#4636=DIRECTION('center_axis',(0.,0.,1.));
#4637=DIRECTION('ref_axis',(0.425013428280112,0.905187044638613,0.));
#4638=DIRECTION('',(0.,0.,1.));
#4639=DIRECTION('center_axis',(0.,0.,1.));
#4640=DIRECTION('ref_axis',(-0.959603007782874,-0.281357543801587,0.));
#4641=DIRECTION('',(0.,0.,1.));
#4642=DIRECTION('center_axis',(0.,0.,1.));
#4643=DIRECTION('ref_axis',(0.562680869703502,-0.826674203583075,0.));
#4644=DIRECTION('',(0.,0.,1.));
#4645=DIRECTION('center_axis',(0.,0.,1.));
#4646=DIRECTION('ref_axis',(0.50881125279116,-0.860878103469412,0.));
#4647=DIRECTION('',(0.,0.,1.));
#4648=DIRECTION('center_axis',(0.,0.,1.));
#4649=DIRECTION('ref_axis',(-0.837221330896132,-0.546864190720611,0.));
#4650=DIRECTION('',(0.,0.,1.));
#4651=DIRECTION('center_axis',(0.,0.,1.));
#4652=DIRECTION('ref_axis',(0.837221330896134,0.546864190720608,0.));
#4653=DIRECTION('',(0.,0.,1.));
#4654=DIRECTION('center_axis',(0.,0.,1.));
#4655=DIRECTION('ref_axis',(0.662818058632352,0.748780489296322,0.));
#4656=DIRECTION('',(0.,0.,1.));
#4657=DIRECTION('center_axis',(0.,0.,1.));
#4658=DIRECTION('ref_axis',(-0.999999923628851,0.000390822584347469,0.));
#4659=DIRECTION('',(0.,0.,1.));
#4660=DIRECTION('center_axis',(0.,0.,1.));
#4661=DIRECTION('ref_axis',(0.306987303817418,-0.951713609913671,0.));
#4662=DIRECTION('',(0.,0.,1.));
#4663=DIRECTION('center_axis',(0.,0.,1.));
#4664=DIRECTION('ref_axis',(0.24566343272987,-0.969355186616019,0.));
#4665=DIRECTION('',(0.,0.,1.));
#4666=DIRECTION('center_axis',(0.,0.,1.));
#4667=DIRECTION('ref_axis',(-0.957377431051746,-0.28883984232228,0.));
#4668=DIRECTION('',(0.,0.,1.));
#4669=DIRECTION('center_axis',(0.,0.,1.));
#4670=DIRECTION('ref_axis',(0.957377431051758,0.288839842322241,0.));
#4671=DIRECTION('',(0.,0.,1.));
#4672=DIRECTION('center_axis',(0.,0.,1.));
#4673=DIRECTION('ref_axis',(0.846925111804972,0.531712191880285,0.));
#4674=DIRECTION('',(0.,0.,1.));
#4675=DIRECTION('center_axis',(0.,0.,1.));
#4676=DIRECTION('ref_axis',(-0.959382792890959,0.282107526848794,0.));
#4677=DIRECTION('',(0.,0.,1.));
#4678=DIRECTION('center_axis',(0.,0.,1.));
#4679=DIRECTION('ref_axis',(0.0264234522998983,-0.999650839627795,0.));
#4680=DIRECTION('',(0.,0.,1.));
#4681=DIRECTION('center_axis',(0.,0.,1.));
#4682=DIRECTION('ref_axis',(-0.0373865776345042,-0.999300877520269,0.));
#4683=DIRECTION('',(0.,0.,1.));
#4684=DIRECTION('center_axis',(0.,0.,1.));
#4685=DIRECTION('ref_axis',(-0.99997250548638,-0.00741540769558543,0.));
#4686=DIRECTION('',(0.,0.,1.));
#4687=DIRECTION('center_axis',(0.,0.,1.));
#4688=DIRECTION('ref_axis',(0.99997250548638,0.00741540769562278,0.));
#4689=DIRECTION('',(0.,0.,1.));
#4690=DIRECTION('center_axis',(0.,0.,1.));
#4691=DIRECTION('ref_axis',(0.962419329276732,0.271567734892284,0.));
#4692=DIRECTION('',(0.,0.,1.));
#4693=DIRECTION('center_axis',(0.,0.,1.));
#4694=DIRECTION('ref_axis',(-0.841042173942203,0.540969557046026,0.));
#4695=DIRECTION('',(0.,0.,1.));
#4696=DIRECTION('center_axis',(0.,0.,1.));
#4697=DIRECTION('ref_axis',(-0.256281070176609,-0.966602303467735,0.));
#4698=DIRECTION('',(0.,0.,1.));
#4699=DIRECTION('center_axis',(0.,0.,1.));
#4700=DIRECTION('ref_axis',(-0.317407749825469,-0.94828915439898,0.));
#4701=DIRECTION('',(0.,0.,1.));
#4702=DIRECTION('center_axis',(0.,0.,1.));
#4703=DIRECTION('ref_axis',(-0.961555754591984,0.274609779161341,0.));
#4704=DIRECTION('',(0.,0.,1.));
#4705=DIRECTION('center_axis',(0.,0.,1.));
#4706=DIRECTION('ref_axis',(0.961555754591976,-0.27460977916137,0.));
#4707=DIRECTION('',(0.,0.,1.));
#4708=DIRECTION('center_axis',(0.,0.,1.));
#4709=DIRECTION('ref_axis',(0.99994405641864,-0.0105775249012191,0.));
#4710=DIRECTION('',(0.,0.,1.));
#4711=DIRECTION('center_axis',(0.,0.,1.));
#4712=DIRECTION('ref_axis',(-0.654565319931054,0.75600545100122,0.));
#4713=DIRECTION('',(0.,0.,1.));
#4714=DIRECTION('center_axis',(0.,0.,1.));
#4715=DIRECTION('ref_axis',(-0.518223224509664,-0.855245397285952,0.));
#4716=DIRECTION('',(0.,0.,1.));
#4717=DIRECTION('center_axis',(0.,0.,1.));
#4718=DIRECTION('ref_axis',(-0.571714433822148,-0.82045268368104,0.));
#4719=DIRECTION('',(0.,0.,1.));
#4720=DIRECTION('center_axis',(0.,0.,1.));
#4721=DIRECTION('ref_axis',(-0.845239475052773,0.534387714877983,0.));
#4722=DIRECTION('',(0.,0.,1.));
#4723=DIRECTION('center_axis',(0.,0.,1.));
#4724=DIRECTION('ref_axis',(0.845239475052793,-0.534387714877951,0.));
#4725=DIRECTION('',(0.,0.,1.));
#4726=DIRECTION('center_axis',(0.,0.,1.));
#4727=DIRECTION('ref_axis',(0.956459263005785,-0.29186585653418,0.));
#4728=DIRECTION('',(0.,0.,1.));
#4729=DIRECTION('center_axis',(0.,0.,1.));
#4730=DIRECTION('ref_axis',(-0.415059476548946,0.909794279453831,0.));
#4731=DIRECTION('',(0.,0.,1.));
#4732=DIRECTION('center_axis',(0.,0.,1.));
#4733=DIRECTION('ref_axis',(-0.738182015185129,-0.674601595356268,0.));
#4734=DIRECTION('',(0.,0.,1.));
#4735=DIRECTION('center_axis',(0.,0.,1.));
#4736=DIRECTION('ref_axis',(-0.779704214507213,-0.626148015951252,0.));
#4737=DIRECTION('',(0.,0.,1.));
#4738=DIRECTION('center_axis',(0.,0.,1.));
#4739=DIRECTION('ref_axis',(-0.66044692007753,0.750872736061248,0.));
#4740=DIRECTION('',(0.,0.,1.));
#4741=DIRECTION('center_axis',(0.,0.,1.));
#4742=DIRECTION('ref_axis',(0.660446920077551,-0.75087273606123,0.));
#4743=CARTESIAN_POINT('',(0.,0.,0.));
#4744=CARTESIAN_POINT('Origin',(0.,0.,54.003));
#4745=CARTESIAN_POINT('',(4.40061509722165,3.1632246740472E-5,12.5008727348557));
#4746=CARTESIAN_POINT('',(4.4018758352145,1.11248412147778E-5,11.0049704328627));
#4747=CARTESIAN_POINT('',(4.4,-5.38844591624836E-16,54.003));
#4748=CARTESIAN_POINT('',(3.76811163666712,2.27185751609358,5.61385536029076));
#4749=CARTESIAN_POINT('Ctrl Pts',(3.76811163666712,2.27185751609358,5.61385536029076));
#4750=CARTESIAN_POINT('Ctrl Pts',(3.06435375759301,3.43911299412028,5.90473576800264));
#4751=CARTESIAN_POINT('Ctrl Pts',(0.506239966748419,5.059486265656,6.48646828380617));
#4752=CARTESIAN_POINT('Ctrl Pts',(-3.75618927863674,3.43214915775481,7.35906243095513));
#4753=CARTESIAN_POINT('Ctrl Pts',(-4.99506726785857,-0.954937379959383,
8.2317045631142));
#4754=CARTESIAN_POINT('Ctrl Pts',(-2.2247871288888,-4.57423158217382,9.10430307793232));
#4755=CARTESIAN_POINT('Ctrl Pts',(2.33296358717745,-4.51842737030304,9.97689890746896));
#4756=CARTESIAN_POINT('Ctrl Pts',(4.28260426998648,-1.84574485974158,10.6104719769063));
#4757=CARTESIAN_POINT('Ctrl Pts',(4.40383984758192,-0.242619928903181,10.9531470000692));
#4758=CARTESIAN_POINT('Ctrl Pts',(4.40187034551222,1.44151484230137E-5,
11.0049521534286));
#4759=CARTESIAN_POINT('',(4.39464565022889,0.0978547747266988,6.62157349592516));
#4760=CARTESIAN_POINT('Ctrl Pts',(3.76816274475673,2.27177233212913,5.61440019380507));
#4761=CARTESIAN_POINT('Ctrl Pts',(3.78921372726651,2.23685530857355,5.6530446561449));
#4762=CARTESIAN_POINT('Ctrl Pts',(3.81003866107145,2.20121264587914,5.69050792009202));
#4763=CARTESIAN_POINT('Ctrl Pts',(3.97882437868908,1.90257954886469,5.98914101710647));
#4764=CARTESIAN_POINT('Ctrl Pts',(4.12972196386775,1.56767628112835,6.22313230994417));
#4765=CARTESIAN_POINT('Ctrl Pts',(4.33253127324181,0.847127578203064,6.52772209520447));
#4766=CARTESIAN_POINT('Ctrl Pts',(4.39069431366536,0.467239283132227,6.61012542183727));
#4767=CARTESIAN_POINT('Ctrl Pts',(4.39891163350468,0.097859289886912,6.62193753275281));
#4768=CARTESIAN_POINT('Ctrl Pts',(4.40061509722165,3.16322467404373E-5,
12.5008727348557));
#4769=CARTESIAN_POINT('Ctrl Pts',(4.39935696184243,-0.806794777330236,12.328573817202));
#4770=CARTESIAN_POINT('Ctrl Pts',(3.91500357623815,-2.54092315201386,11.95900908597));
#4771=CARTESIAN_POINT('Ctrl Pts',(1.96968165178464,-4.19221267201936,11.4414775629728));
#4772=CARTESIAN_POINT('Ctrl Pts',(-0.374679486470515,-4.5466258343472,10.9482976763816));
#4773=CARTESIAN_POINT('Ctrl Pts',(-3.09690189255467,-3.67126585112513,10.3564812764992));
#4774=CARTESIAN_POINT('Ctrl Pts',(-5.10005702866209,-0.362147044323833,
9.61670824081223));
#4775=CARTESIAN_POINT('Ctrl Pts',(-3.27498474404179,3.92833001423736,8.72898302158818));
#4776=CARTESIAN_POINT('Ctrl Pts',(1.26444330972968,4.95137456885368,7.84125681238688));
#4777=CARTESIAN_POINT('Ctrl Pts',(4.02874710745357,2.51842537849868,7.13878696201751));
#4778=CARTESIAN_POINT('Ctrl Pts',(4.38602463319349,0.617858857603336,6.73222594848469));
#4779=CARTESIAN_POINT('Ctrl Pts',(4.39464565022889,0.097854774726699,6.62157349592516));
#4780=CARTESIAN_POINT('Origin',(0.,0.,54.003));
#4781=CARTESIAN_POINT('',(4.40006595030976,4.49678305175678E-5,18.4008040702445));
#4782=CARTESIAN_POINT('',(4.39620993826145,-2.54122805387613E-5,16.9050914569665));
#4783=CARTESIAN_POINT('',(4.4,-5.38844591624836E-16,54.003));
#4784=CARTESIAN_POINT('Ctrl Pts',(4.40187027815543,-8.49736556035041E-5,
11.0054969845034));
#4785=CARTESIAN_POINT('Ctrl Pts',(4.39280697374839,1.11958979881942,11.2445600650421));
#4786=CARTESIAN_POINT('Ctrl Pts',(3.41456197380707,3.61457177795022,11.7744797050151));
#4787=CARTESIAN_POINT('Ctrl Pts',(-0.141583315426426,4.868782360514,12.4983405156969));
#4788=CARTESIAN_POINT('Ctrl Pts',(-3.17141032049244,3.45300237626052,13.177036891395));
#4789=CARTESIAN_POINT('Ctrl Pts',(-4.59082637013766,0.973161624273426,13.7587758358651));
#4790=CARTESIAN_POINT('Ctrl Pts',(-4.30026456758901,-1.87033230850856,14.3405269419187));
#4791=CARTESIAN_POINT('Ctrl Pts',(-2.20754950141687,-4.26961534596085,14.9868955733224));
#4792=CARTESIAN_POINT('Ctrl Pts',(1.38534837931981,-4.7331577680854,15.6979196692134));
#4793=CARTESIAN_POINT('Ctrl Pts',(3.97634859146521,-2.56349567630475,16.3588667310995));
#4794=CARTESIAN_POINT('Ctrl Pts',(4.39609086754098,-0.675068401742338,16.7612533714342));
#4795=CARTESIAN_POINT('Ctrl Pts',(4.39620993826145,-2.54122805389834E-5,
16.9050914569665));
#4796=CARTESIAN_POINT('Ctrl Pts',(4.40006595030976,4.49678305175921E-5,
18.4008040702445));
#4797=CARTESIAN_POINT('Ctrl Pts',(4.39841512123551,-0.778263246862371,18.234586380446));
#4798=CARTESIAN_POINT('Ctrl Pts',(3.94069533312967,-2.4842457633275,17.8711023726568));
#4799=CARTESIAN_POINT('Ctrl Pts',(1.86887340995965,-4.31512646403088,17.3103329969534));
#4800=CARTESIAN_POINT('Ctrl Pts',(-1.02717580918797,-4.58567536078485,16.7185136584272));
#4801=CARTESIAN_POINT('Ctrl Pts',(-3.82293845617864,-2.93799360350666,16.0609437965017));
#4802=CARTESIAN_POINT('Ctrl Pts',(-4.91851970300764,0.594152210243065,15.3376078033186));
#4803=CARTESIAN_POINT('Ctrl Pts',(-2.83407201517427,4.06262162272599,14.5485209232055));
#4804=CARTESIAN_POINT('Ctrl Pts',(0.79874746281132,4.75445348295729,13.8251834811073));
#4805=CARTESIAN_POINT('Ctrl Pts',(3.56632515125111,3.06043594688746,13.1676192327107));
#4806=CARTESIAN_POINT('Ctrl Pts',(4.36043904253297,1.15737216867252,12.7480907528294));
#4807=CARTESIAN_POINT('Ctrl Pts',(4.40079745030496,0.116972373214297,12.5258455950139));
#4808=CARTESIAN_POINT('Ctrl Pts',(4.40061509722165,3.16322467404373E-5,
12.5008727348557));
#4809=CARTESIAN_POINT('Origin',(0.,0.,54.003));
#4810=CARTESIAN_POINT('',(4.4003022603443,1.68390668502626E-5,24.3009549936161));
#4811=CARTESIAN_POINT('',(4.40063177153108,-5.65017088367467E-5,22.8052745368653));
#4812=CARTESIAN_POINT('',(4.4,-5.38844591624836E-16,54.003));
#4813=CARTESIAN_POINT('Ctrl Pts',(4.39620993826145,-2.54122805389834E-5,
16.9050914569665));
#4814=CARTESIAN_POINT('Ctrl Pts',(4.39630489734596,0.538322420237749,17.0198025535763));
#4815=CARTESIAN_POINT('Ctrl Pts',(4.14002131851205,1.98671736763937,17.3284259205161));
#4816=CARTESIAN_POINT('Ctrl Pts',(2.58692670479175,3.91166985156606,17.8309698514641));
#4817=CARTESIAN_POINT('Ctrl Pts',(-0.162522361326289,4.689023545625,18.4127168729655));
#4818=CARTESIAN_POINT('Ctrl Pts',(-2.8563653582146,3.72230439780596,18.9944412589289));
#4819=CARTESIAN_POINT('Ctrl Pts',(-4.48584755997612,1.37213407018396,19.5762096254));
#4820=CARTESIAN_POINT('Ctrl Pts',(-4.45023455378203,-1.4870946589666,20.1579185575785));
#4821=CARTESIAN_POINT('Ctrl Pts',(-2.75729548187447,-3.79599592370986,20.7396927525934));
#4822=CARTESIAN_POINT('Ctrl Pts',(-0.0455000850257488,-4.68888385370658,
21.3214070463243));
#4823=CARTESIAN_POINT('Ctrl Pts',(3.00021678747731,-3.75659170966998,21.9678027568454));
#4824=CARTESIAN_POINT('Ctrl Pts',(4.31232115540378,-1.60413650133205,22.4624176208448));
#4825=CARTESIAN_POINT('Ctrl Pts',(4.40154956804636,-0.197399540968404,22.7631214675227));
#4826=CARTESIAN_POINT('Ctrl Pts',(4.40063177153108,-5.65017088366149E-5,
22.8052745368653));
#4827=CARTESIAN_POINT('Ctrl Pts',(4.4003022603443,1.68390668502938E-5,24.3009549936161));
#4828=CARTESIAN_POINT('Ctrl Pts',(4.39843634343526,-0.751415233136732,24.140743675567));
#4829=CARTESIAN_POINT('Ctrl Pts',(3.96400755842318,-2.43095515798828,23.7832654496743));
#4830=CARTESIAN_POINT('Ctrl Pts',(2.19466278429609,-4.04832413928148,23.2942649814687));
#4831=CARTESIAN_POINT('Ctrl Pts',(-0.582427085160886,-4.67926663357473,
22.7024459496739));
#4832=CARTESIAN_POINT('Ctrl Pts',(-3.03681052036932,-3.60703211523623,22.1763869848441));
#4833=CARTESIAN_POINT('Ctrl Pts',(-4.30147984860324,-1.41638214458616,21.6503283111323));
#4834=CARTESIAN_POINT('Ctrl Pts',(-4.50931598205616,0.459079773434719,21.2557793277105));
#4835=CARTESIAN_POINT('Ctrl Pts',(-3.92747001908945,2.25415682722989,20.8612387511768));
#4836=CARTESIAN_POINT('Ctrl Pts',(-2.24855554404956,4.14505367407948,20.3351779493681));
#4837=CARTESIAN_POINT('Ctrl Pts',(0.702264019910527,4.77039505890649,19.743357893755));
#4838=CARTESIAN_POINT('Ctrl Pts',(3.50906077006926,3.1271821305303,19.0857903056185));
#4839=CARTESIAN_POINT('Ctrl Pts',(4.34935084647261,1.2141086897275,18.6601827294809));
#4840=CARTESIAN_POINT('Ctrl Pts',(4.40037436493491,0.145451684992265,18.4318575374334));
#4841=CARTESIAN_POINT('Ctrl Pts',(4.40006595030976,4.49678305175921E-5,
18.4008040702445));
#4842=CARTESIAN_POINT('Origin',(0.,0.,54.003));
#4843=CARTESIAN_POINT('',(4.39993416632667,2.02129372528156E-5,30.2009412732076));
#4844=CARTESIAN_POINT('',(4.39962429085963,1.91855300555113E-5,28.7048616084687));
#4845=CARTESIAN_POINT('',(4.4,-5.38844591624836E-16,54.003));
#4846=CARTESIAN_POINT('Ctrl Pts',(4.40063177153108,-5.65017088366149E-5,
22.8052745368653));
#4847=CARTESIAN_POINT('Ctrl Pts',(4.39592015152937,1.0130279843322,23.0216724435268));
#4848=CARTESIAN_POINT('Ctrl Pts',(3.60899867112821,3.24492080028976,23.4966229370655));
#4849=CARTESIAN_POINT('Ctrl Pts',(0.260660484669889,4.92488021664187,24.2301336846634));
#4850=CARTESIAN_POINT('Ctrl Pts',(-3.44322181714614,3.53144424532441,25.0057814375711));
#4851=CARTESIAN_POINT('Ctrl Pts',(-4.93214574348949,-0.140534241605031,
25.7814406532278));
#4852=CARTESIAN_POINT('Ctrl Pts',(-3.38026481638175,-3.41796729219216,26.4924519774933));
#4853=CARTESIAN_POINT('Ctrl Pts',(-0.452051495614275,-4.66686312386369,
27.1388334968201));
#4854=CARTESIAN_POINT('Ctrl Pts',(2.34003520530659,-4.06766392900346,27.7205790696102));
#4855=CARTESIAN_POINT('Ctrl Pts',(4.06955184961979,-2.16728782340666,28.2425728548011));
#4856=CARTESIAN_POINT('Ctrl Pts',(4.39857753569986,-0.628731513114826,28.5706785149937));
#4857=CARTESIAN_POINT('Ctrl Pts',(4.39962429085963,1.91855300554489E-5,
28.7048616084687));
#4858=CARTESIAN_POINT('Ctrl Pts',(4.39993416632667,2.02129372529058E-5,
30.2009412732076));
#4859=CARTESIAN_POINT('Ctrl Pts',(4.39856671705343,-0.721040260772984,30.0467919852757));
#4860=CARTESIAN_POINT('Ctrl Pts',(3.99094007017311,-2.36546572799852,29.6953710091983));
#4861=CARTESIAN_POINT('Ctrl Pts',(1.80034190194382,-4.47274934693314,29.0809250405156));
#4862=CARTESIAN_POINT('Ctrl Pts',(-1.21336617435838,-4.55684900623509,28.4891018344892));
#4863=CARTESIAN_POINT('Ctrl Pts',(-3.55106030438336,-2.9313694419415,27.8972916404755));
#4864=CARTESIAN_POINT('Ctrl Pts',(-4.66459510533437,-0.605157842049858,
27.3712241384207));
#4865=CARTESIAN_POINT('Ctrl Pts',(-4.1209099150406,2.26623135379988,26.7794082362116));
#4866=CARTESIAN_POINT('Ctrl Pts',(-1.99575947187765,4.25629641742677,26.1876005573046));
#4867=CARTESIAN_POINT('Ctrl Pts',(0.897468694909002,4.61684771716548,25.5957647191827));
#4868=CARTESIAN_POINT('Ctrl Pts',(3.44477164629546,3.19881927033699,25.0039694973518));
#4869=CARTESIAN_POINT('Ctrl Pts',(4.33821964063665,1.27249205859511,24.5723498384943));
#4870=CARTESIAN_POINT('Ctrl Pts',(4.40073389384943,0.1738419743772,24.3380159004742));
#4871=CARTESIAN_POINT('Ctrl Pts',(4.4003022603443,1.68390668502938E-5,24.3009549936161));
#4872=CARTESIAN_POINT('Origin',(0.,0.,54.003));
#4873=CARTESIAN_POINT('',(4.39896223811418,-6.48890820933307E-5,36.1013314281175));
#4874=CARTESIAN_POINT('',(4.40046011602761,2.79056861128037E-5,34.6048134087671));
#4875=CARTESIAN_POINT('',(4.4,-5.38844591624836E-16,54.003));
#4876=CARTESIAN_POINT('Ctrl Pts',(4.39962429085963,1.91855300554489E-5,
28.7048616084687));
#4877=CARTESIAN_POINT('Ctrl Pts',(4.40009027657778,0.279921169395164,28.7645961171472));
#4878=CARTESIAN_POINT('Ctrl Pts',(4.28971280472388,1.46807904511059,29.0182465193809));
#4879=CARTESIAN_POINT('Ctrl Pts',(3.23420960409119,3.39873144739203,29.4657851527447));
#4880=CARTESIAN_POINT('Ctrl Pts',(0.658999769542573,4.64584491255459,30.0475486132063));
#4881=CARTESIAN_POINT('Ctrl Pts',(-2.15995409731064,4.16413203896666,30.6292780684164));
#4882=CARTESIAN_POINT('Ctrl Pts',(-4.17703484623674,2.13624302219178,31.2110261270251));
#4883=CARTESIAN_POINT('Ctrl Pts',(-4.64111938126851,-0.686151481319115,
31.7927700238949));
#4884=CARTESIAN_POINT('Ctrl Pts',(-3.38025203429084,-3.25338016391884,32.3744959309639));
#4885=CARTESIAN_POINT('Ctrl Pts',(-0.862883977742271,-4.61167251214062,
32.956263485997));
#4886=CARTESIAN_POINT('Ctrl Pts',(1.97512749318696,-4.25533329804384,33.5379726483097));
#4887=CARTESIAN_POINT('Ctrl Pts',(3.96245591183038,-2.4255944736366,34.0875266332481));
#4888=CARTESIAN_POINT('Ctrl Pts',(4.39890119486146,-0.757369559024368,34.4431214450518));
#4889=CARTESIAN_POINT('Ctrl Pts',(4.40046011602761,2.79056861126614E-5,
34.6048134087671));
#4890=CARTESIAN_POINT('Ctrl Pts',(4.39896223811417,-6.48890820933445E-5,
36.1013314281175));
#4891=CARTESIAN_POINT('Ctrl Pts',(4.40090723909517,-0.386975916821911,36.018868426691));
#4892=CARTESIAN_POINT('Ctrl Pts',(4.19954978036741,-2.00626140067737,35.6733753515984));
#4893=CARTESIAN_POINT('Ctrl Pts',(2.23053523968913,-4.42095111405635,35.0648523995913));
#4894=CARTESIAN_POINT('Ctrl Pts',(-1.80429592209686,-4.61269654223099,34.2757623887464));
#4895=CARTESIAN_POINT('Ctrl Pts',(-4.64142152058826,-1.73109548500979,33.486673607683));
#4896=CARTESIAN_POINT('Ctrl Pts',(-4.40554655994587,1.96031168689599,32.7633392280193));
#4897=CARTESIAN_POINT('Ctrl Pts',(-2.07325142487852,4.21699130969329,32.1057683421444));
#4898=CARTESIAN_POINT('Ctrl Pts',(0.805168455627568,4.6330499964698,31.5139443378093));
#4899=CARTESIAN_POINT('Ctrl Pts',(3.38398649471232,3.26706998551285,30.9221367025682));
#4900=CARTESIAN_POINT('Ctrl Pts',(4.32503785642662,1.32612816779483,30.4844626490128));
#4901=CARTESIAN_POINT('Ctrl Pts',(4.40031671618934,0.201740006568598,30.2440652048107));
#4902=CARTESIAN_POINT('Ctrl Pts',(4.39993416632667,2.02129372529058E-5,
30.2009412732076));
#4903=CARTESIAN_POINT('Origin',(0.,0.,54.003));
#4904=CARTESIAN_POINT('',(4.40177129108363,3.50070118712228E-5,42.000829776663));
#4905=CARTESIAN_POINT('',(4.40074602747591,2.51404179484743E-6,40.5049352328873));
#4906=CARTESIAN_POINT('',(4.4,-5.38844591624836E-16,54.003));
#4907=CARTESIAN_POINT('Ctrl Pts',(4.40046011602761,2.79056861126614E-5,
34.6048134087671));
#4908=CARTESIAN_POINT('Ctrl Pts',(4.40077074081646,0.150944085838452,34.6370315434483));
#4909=CARTESIAN_POINT('Ctrl Pts',(4.34808441396376,1.20985539278905,34.8631606951948));
#4910=CARTESIAN_POINT('Ctrl Pts',(3.51953301588322,3.09936441965026,35.2832202325555));
#4911=CARTESIAN_POINT('Ctrl Pts',(0.793014680879575,4.73820299218888,35.9295971296221));
#4912=CARTESIAN_POINT('Ctrl Pts',(-2.77387329757038,4.08398166536994,36.6406059329105));
#4913=CARTESIAN_POINT('Ctrl Pts',(-4.87824470450088,0.72265421654748,37.416262823308));
#4914=CARTESIAN_POINT('Ctrl Pts',(-3.92675253317654,-2.77274491962442,38.1272903534637));
#4915=CARTESIAN_POINT('Ctrl Pts',(-1.26152811878419,-4.51611762440281,38.7736540935303));
#4916=CARTESIAN_POINT('Ctrl Pts',(1.59194648632734,-4.41415618212241,39.3554113856256));
#4917=CARTESIAN_POINT('Ctrl Pts',(3.84251189463206,-2.68061577743968,39.9324920806356));
#4918=CARTESIAN_POINT('Ctrl Pts',(4.40035055288885,-0.886121896874801,40.3156703038439));
#4919=CARTESIAN_POINT('Ctrl Pts',(4.40074602747591,2.51404179481968E-6,
40.5049352328873));
#4920=CARTESIAN_POINT('Ctrl Pts',(4.40177129108363,3.50070118711465E-5,
42.000829776663));
#4921=CARTESIAN_POINT('Ctrl Pts',(4.39972939079639,-0.665514718351581,41.8588322000116));
#4922=CARTESIAN_POINT('Ctrl Pts',(4.03347894374843,-2.25843434796501,41.5195595284747));
#4923=CARTESIAN_POINT('Ctrl Pts',(2.20092069859029,-4.15553649425602,40.9830347461218));
#4924=CARTESIAN_POINT('Ctrl Pts',(-0.673900171873107,-4.65424602122577,
40.3912016726105));
#4925=CARTESIAN_POINT('Ctrl Pts',(-3.28569329714737,-3.36246321098134,39.7993919326496));
#4926=CARTESIAN_POINT('Ctrl Pts',(-4.63756941924526,-0.78122494195883,39.2075775801362));
#4927=CARTESIAN_POINT('Ctrl Pts',(-4.20495686952905,2.10459540212778,38.6157494446531));
#4928=CARTESIAN_POINT('Ctrl Pts',(-2.1605135221616,4.17317214494368,38.023942904984));
#4929=CARTESIAN_POINT('Ctrl Pts',(1.04096832628133,4.70788014805436,37.3663619773014));
#4930=CARTESIAN_POINT('Ctrl Pts',(3.79522615552275,2.93337858255286,36.7254952759345));
#4931=CARTESIAN_POINT('Ctrl Pts',(4.39470332196242,0.847143745483253,36.2818984366331));
#4932=CARTESIAN_POINT('Ctrl Pts',(4.39896223811417,-6.48890820933445E-5,
36.1013314281175));
#4933=CARTESIAN_POINT('Origin',(0.,0.,54.003));
#4934=CARTESIAN_POINT('',(4.40186599809959,-3.25282660220902E-5,47.9012718229217));
#4935=CARTESIAN_POINT('',(4.40077401937587,-1.10688758414926E-5,46.4050175192625));
#4936=CARTESIAN_POINT('',(4.4,-5.38844591624836E-16,54.003));
#4937=CARTESIAN_POINT('Ctrl Pts',(4.40074602747591,2.51404179481968E-6,
40.5049352328873));
#4938=CARTESIAN_POINT('Ctrl Pts',(4.40075574491337,0.0217759953994374,40.5095857721947));
#4939=CARTESIAN_POINT('Ctrl Pts',(4.39407782340792,0.951441364380554,40.708151807537));
#4940=CARTESIAN_POINT('Ctrl Pts',(3.77978552906127,2.78008745854106,41.1006356290569));
#4941=CARTESIAN_POINT('Ctrl Pts',(1.46021403478955,4.45945050012302,41.6823622746892));
#4942=CARTESIAN_POINT('Ctrl Pts',(-1.39502321316461,4.47670266751488,42.2641215459054));
#4943=CARTESIAN_POINT('Ctrl Pts',(-4.00734588476473,2.65489554119834,42.9104844134678));
#4944=CARTESIAN_POINT('Ctrl Pts',(-4.85461009570649,-0.867020385547027,
43.6215124264514));
#4945=CARTESIAN_POINT('Ctrl Pts',(-2.65149115762541,-4.16479040676635,44.3971679883423));
#4946=CARTESIAN_POINT('Ctrl Pts',(0.933448632082096,-4.71200987810779,45.1081781872004));
#4947=CARTESIAN_POINT('Ctrl Pts',(3.60973537238138,-2.99456796659435,45.7545541123767));
#4948=CARTESIAN_POINT('Ctrl Pts',(4.36527378662123,-1.12135300393345,46.1652977797139));
#4949=CARTESIAN_POINT('Ctrl Pts',(4.40098295229064,-0.10715354787462,46.382113962902));
#4950=CARTESIAN_POINT('Ctrl Pts',(4.40077401937587,-1.10688758413607E-5,
46.4050175192625));
#4951=CARTESIAN_POINT('Ctrl Pts',(4.40186599809959,-3.25282660222082E-5,
47.9012718229217));
#4952=CARTESIAN_POINT('Ctrl Pts',(4.4032330112091,-0.175329371374337,47.8638228411477));
#4953=CARTESIAN_POINT('Ctrl Pts',(4.35707334912864,-1.04300740387111,47.6784190535144));
#4954=CARTESIAN_POINT('Ctrl Pts',(3.7839608266585,-2.54832170438639,47.3450585447612));
#4955=CARTESIAN_POINT('Ctrl Pts',(2.04245069126556,-4.15718904609583,46.8518852368326));
#4956=CARTESIAN_POINT('Ctrl Pts',(-0.583149072597416,-4.66798251102563,
46.3093780864632));
#4957=CARTESIAN_POINT('Ctrl Pts',(-3.22127655535676,-3.42390190289572,45.7175648213526));
#4958=CARTESIAN_POINT('Ctrl Pts',(-4.6188606185633,-0.872933310099779,45.1257459151283));
#4959=CARTESIAN_POINT('Ctrl Pts',(-4.21046726369911,2.34767504779681,44.4681715389749));
#4960=CARTESIAN_POINT('Ctrl Pts',(-1.40234523921191,4.75139149809826,43.7448388725796));
#4961=CARTESIAN_POINT('Ctrl Pts',(2.61004347803539,4.21227735701452,42.9557490355899));
#4962=CARTESIAN_POINT('Ctrl Pts',(4.27515944390288,1.75005921482052,42.374416989984));
#4963=CARTESIAN_POINT('Ctrl Pts',(4.40256616712805,0.259121866622771,42.0561069480072));
#4964=CARTESIAN_POINT('Ctrl Pts',(4.40177129108363,3.50070118711465E-5,
42.000829776663));
#4965=CARTESIAN_POINT('Origin',(0.,0.,54.003));
#4966=CARTESIAN_POINT('',(4.39862285845365,3.36607955945742E-5,53.8008783980098));
#4967=CARTESIAN_POINT('',(4.39530364768211,1.28343197669523E-5,52.3049011542037));
#4968=CARTESIAN_POINT('',(4.4,-5.38844591624836E-16,54.003));
#4969=CARTESIAN_POINT('',(4.29863562699953,0.939005722181922,54.003));
#4970=CARTESIAN_POINT('Ctrl Pts',(4.29863562699953,0.939005722181922,54.003));
#4971=CARTESIAN_POINT('Ctrl Pts',(4.36601016134397,0.63057461591289,53.9356248599299));
#4972=CARTESIAN_POINT('Ctrl Pts',(4.39912013313003,0.315327565947874,53.8682513631764));
#4973=CARTESIAN_POINT('Ctrl Pts',(4.39862285845365,3.36607955946366E-5,
53.8008783980098));
#4974=CARTESIAN_POINT('',(-1.03536559140433,4.27644923881203,54.002999999999));
#4975=CARTESIAN_POINT('Origin',(0.,0.,54.003));
#4976=CARTESIAN_POINT('Ctrl Pts',(4.39530382084268,0.000151420373526889,
52.3041402457312));
#4977=CARTESIAN_POINT('Ctrl Pts',(4.39567690364099,0.674587601447559,52.4476568513223));
#4978=CARTESIAN_POINT('Ctrl Pts',(3.94795830637914,2.71563828619141,52.8820461625737));
#4979=CARTESIAN_POINT('Ctrl Pts',(1.58488634816517,4.49976264876561,53.4483378465044));
#4980=CARTESIAN_POINT('Ctrl Pts',(-0.432993677024462,4.41761917980266,53.8711009305639));
#4981=CARTESIAN_POINT('Ctrl Pts',(-1.03375350241785,4.26988521881384,54.0029905195213));
#4982=CARTESIAN_POINT('Origin',(0.,0.,3.56175090769711));
#4983=CARTESIAN_POINT('',(-5.6106147777764,2.2635153667243,1.5));
#4984=CARTESIAN_POINT('',(-6.05,-9.94956108093725E-16,6.62350181539469));
#4985=CARTESIAN_POINT('Ctrl Pts',(-5.6106147777764,2.2635153667243,1.5));
#4986=CARTESIAN_POINT('Ctrl Pts',(-5.51890718895838,2.49083255688823,1.74956261745088));
#4987=CARTESIAN_POINT('Ctrl Pts',(-5.4228463328,2.68690465605853,2.05111302725978));
#4988=CARTESIAN_POINT('Ctrl Pts',(-5.2672117281248,2.98170607550048,2.7557767376351));
#4989=CARTESIAN_POINT('Ctrl Pts',(-5.21806299111203,3.06175090769758,3.16865940242947));
#4990=CARTESIAN_POINT('Ctrl Pts',(-5.21806299111203,3.06175090769758,3.95484241296476));
#4991=CARTESIAN_POINT('Ctrl Pts',(-5.2672117281248,2.98170607550048,4.36772507775913));
#4992=CARTESIAN_POINT('Ctrl Pts',(-5.43316559253961,2.66735802357809,5.11911109562906));
#4993=CARTESIAN_POINT('Ctrl Pts',(-5.54655371663766,2.4332668488783,5.45845371709286));
#4994=CARTESIAN_POINT('Ctrl Pts',(-5.75188287116599,1.89747573831587,5.99424482765529));
#4995=CARTESIAN_POINT('Ctrl Pts',(-5.8585589687683,1.5578749702159,6.22890166259055));
#4996=CARTESIAN_POINT('Ctrl Pts',(-6.00841890866307,0.80535080328828,6.54370967790528));
#4997=CARTESIAN_POINT('Ctrl Pts',(-6.05,0.39195899630201,6.62350181539469));
#4998=CARTESIAN_POINT('Ctrl Pts',(-6.05,-1.38777878078145E-15,6.62350181539469));
#4999=CARTESIAN_POINT('',(-3.78998521895094,2.2635153667243,1.5));
#5000=CARTESIAN_POINT('',(0.,2.2635153667243,1.5));
#5001=CARTESIAN_POINT('',(-3.70826237060515,2.36828848072039,1.62125404770695));
#5002=CARTESIAN_POINT('Ctrl Pts',(-3.70247542430259,2.36471599523374,1.62125710948676));
#5003=CARTESIAN_POINT('Ctrl Pts',(-3.71526245531332,2.34474594374332,1.59686780335839));
#5004=CARTESIAN_POINT('Ctrl Pts',(-3.72987458631313,2.32478878842845,1.57322589260817));
#5005=CARTESIAN_POINT('Ctrl Pts',(-3.74591504165588,2.30495419041061,1.55041362062693));
#5006=CARTESIAN_POINT('Ctrl Pts',(-3.75804631457666,2.28995343658618,1.53316087490157));
#5007=CARTESIAN_POINT('Ctrl Pts',(-3.7709953073772,2.27502303489737,1.51638189419163));
#5008=CARTESIAN_POINT('Ctrl Pts',(-3.78460298463733,2.26021868089743,1.50009941627602));
#5009=CARTESIAN_POINT('',(-3.21930223621715,2.99934878130026,2.94675049395781));
#5010=CARTESIAN_POINT('Ctrl Pts',(-3.21930223621713,2.99934878130027,2.94675049395781));
#5011=CARTESIAN_POINT('Ctrl Pts',(-3.25719576741866,2.95867637584485,2.7483917172644));
#5012=CARTESIAN_POINT('Ctrl Pts',(-3.31220907933088,2.89820260877296,2.55437088717681));
#5013=CARTESIAN_POINT('Ctrl Pts',(-3.47410150826606,2.70433620491889,2.09559591707238));
#5014=CARTESIAN_POINT('Ctrl Pts',(-3.59284150806698,2.54901425328139,1.84182160226531));
#5015=CARTESIAN_POINT('Ctrl Pts',(-3.7082623388246,2.36828850152491,1.62125401402997));
#5016=CARTESIAN_POINT('',(-3.40667463850292,3.06003903175399,3.45938028237462));
#5017=CARTESIAN_POINT('Ctrl Pts',(-3.40667463850288,3.06003903175401,3.45938028237461));
#5018=CARTESIAN_POINT('Ctrl Pts',(-3.35923751795025,3.05837733829513,3.40970932620964));
#5019=CARTESIAN_POINT('Ctrl Pts',(-3.31673737788472,3.05531891393027,3.35450616232047));
#5020=CARTESIAN_POINT('Ctrl Pts',(-3.25304164219641,3.04528490073099,3.23990858386834));
#5021=CARTESIAN_POINT('Ctrl Pts',(-3.23045069090095,3.03866444533563,3.18141317902989));
#5022=CARTESIAN_POINT('Ctrl Pts',(-3.20844812502518,3.02129800336824,3.06223656126811));
#5023=CARTESIAN_POINT('Ctrl Pts',(-3.2083394727241,3.01111548520889,3.00413655133239));
#5024=CARTESIAN_POINT('Ctrl Pts',(-3.21930223621713,2.99934878130027,2.94675049395781));
#5025=CARTESIAN_POINT('',(-3.61248839785139,-2.81410705977328,4.76803448833689));
#5026=CARTESIAN_POINT('Ctrl Pts',(-3.61248839731878,-2.81410705990778,4.76803448802313));
#5027=CARTESIAN_POINT('Ctrl Pts',(-3.87030829840386,-2.74900175891996,4.91991692274692));
#5028=CARTESIAN_POINT('Ctrl Pts',(-4.09786749483287,-2.65680486989185,5.10148873137901));
#5029=CARTESIAN_POINT('Ctrl Pts',(-4.48968657226235,-2.39089305710196,5.48871471944537));
#5030=CARTESIAN_POINT('Ctrl Pts',(-4.64747771462881,-2.22112498009486,5.6876865849549));
#5031=CARTESIAN_POINT('Ctrl Pts',(-4.88572988250628,-1.8098826907249,6.04542535526038));
#5032=CARTESIAN_POINT('Ctrl Pts',(-4.9660986291859,-1.58008813139468,6.1996210634369));
#5033=CARTESIAN_POINT('Ctrl Pts',(-5.06815068131224,-1.08180710652109,6.43857311108279));
#5034=CARTESIAN_POINT('Ctrl Pts',(-5.09148568376018,-0.82283288642648,6.52348752747752));
#5035=CARTESIAN_POINT('Ctrl Pts',(-5.10144430612413,-0.336009141803915,
6.61308292607067));
#5036=CARTESIAN_POINT('Ctrl Pts',(-5.09409970538794,-0.114022656012028,
6.62938335038266));
#5037=CARTESIAN_POINT('Ctrl Pts',(-5.07058506907367,0.232898414111096,6.6172160325453));
#5038=CARTESIAN_POINT('Ctrl Pts',(-5.05960646221211,0.357965550371751,6.60508443018916));
#5039=CARTESIAN_POINT('Ctrl Pts',(-5.04510581138779,0.497066784455359,6.58292373610841));
#5040=CARTESIAN_POINT('Ctrl Pts',(-5.04347448986445,0.512408440888207,6.58035953514321));
#5041=CARTESIAN_POINT('Ctrl Pts',(-5.04107359652039,0.53456014143309,6.57648343329417));
#5042=CARTESIAN_POINT('Ctrl Pts',(-5.04032720919162,0.541388850633701,6.57526461117183));
#5043=CARTESIAN_POINT('Ctrl Pts',(-5.03901668521261,0.553279784907666,6.57310054294363));
#5044=CARTESIAN_POINT('Ctrl Pts',(-5.03845510129204,0.558344160778996,6.57216565274909));
#5045=CARTESIAN_POINT('Ctrl Pts',(-5.03736565679842,0.568109474657153,6.57033747707195));
#5046=CARTESIAN_POINT('Ctrl Pts',(-5.03683822119726,0.572810775783768,6.56944592715966));
#5047=CARTESIAN_POINT('Ctrl Pts',(-5.03544393887577,0.585170003720209,6.56707211065203));
#5048=CARTESIAN_POINT('Ctrl Pts',(-5.0345726827749,0.592823926789523,6.56557168023464));
#5049=CARTESIAN_POINT('Ctrl Pts',(-5.0315263040949,0.619350510302541,6.56026624871533));
#5050=CARTESIAN_POINT('Ctrl Pts',(-5.02931565885511,0.638189235518688,6.55631321872815));
#5051=CARTESIAN_POINT('Ctrl Pts',(-4.99325356468116,0.939178305082947,6.49018728933764));
#5052=CARTESIAN_POINT('Ctrl Pts',(-4.95087729963362,1.21062806863416,6.38855408691458));
#5053=CARTESIAN_POINT('Ctrl Pts',(-4.8341951306119,1.7908962622364,6.07308940357986));
#5054=CARTESIAN_POINT('Ctrl Pts',(-4.75511370685382,2.08057656267315,5.83739701283017));
#5055=CARTESIAN_POINT('Ctrl Pts',(-4.53824128969316,2.57253163323675,5.26686187354122));
#5056=CARTESIAN_POINT('Ctrl Pts',(-4.40018710690572,2.75922832832586,4.9370742512674));
#5057=CARTESIAN_POINT('Ctrl Pts',(-4.02434369843847,3.01075856515749,4.23703180919345));
#5058=CARTESIAN_POINT('Ctrl Pts',(-3.78709236084535,3.06388484455188,3.87613338514841));
#5059=CARTESIAN_POINT('Ctrl Pts',(-3.45806993006452,3.06150228200413,3.51388044433292));
#5060=CARTESIAN_POINT('Ctrl Pts',(-3.43254336803179,3.06094519760742,3.48646718215134));
#5061=CARTESIAN_POINT('Ctrl Pts',(-3.40667463806303,3.0600390317386,3.45938028191405));
#5062=CARTESIAN_POINT('',(-3.25538997602057,-2.96014123041872,4.34398010477561));
#5063=CARTESIAN_POINT('Ctrl Pts',(-3.25538997602056,-2.96014123041872,4.34398010477561));
#5064=CARTESIAN_POINT('Ctrl Pts',(-3.26514445758404,-2.94941382282859,4.38457516517688));
#5065=CARTESIAN_POINT('Ctrl Pts',(-3.28015647590988,-2.93825670072408,4.42340871327596));
#5066=CARTESIAN_POINT('Ctrl Pts',(-3.31956932194606,-2.91508335183549,4.49889492646517));
#5067=CARTESIAN_POINT('Ctrl Pts',(-3.34422638161496,-2.90314190285245,4.53507103752605));
#5068=CARTESIAN_POINT('Ctrl Pts',(-3.43469117721269,-2.86504326848293,4.64447315024803));
#5069=CARTESIAN_POINT('Ctrl Pts',(-3.51425644973489,-2.83945029460692,4.70848914960517));
#5070=CARTESIAN_POINT('Ctrl Pts',(-3.60382940187688,-2.81630626415229,4.76289440722416));
#5071=CARTESIAN_POINT('Ctrl Pts',(-3.60814972376598,-2.81520267218038,4.76547856313068));
#5072=CARTESIAN_POINT('Ctrl Pts',(-3.61248839785138,-2.81410705977328,4.76803448833689));
#5073=CARTESIAN_POINT('',(-3.23846979437242,-2.97864290767263,2.85322789561133));
#5074=CARTESIAN_POINT('Ctrl Pts',(-3.23846974105446,-2.978642935344,2.85322787736412));
#5075=CARTESIAN_POINT('Ctrl Pts',(-3.18765053697692,-3.03389509488173,3.08550890087893));
#5076=CARTESIAN_POINT('Ctrl Pts',(-3.16001287643153,-3.06175090769758,3.32530949029075));
#5077=CARTESIAN_POINT('Ctrl Pts',(-3.16001287643153,-3.06175090769758,3.82327748844331));
#5078=CARTESIAN_POINT('Ctrl Pts',(-3.19409279488721,-3.02755228059743,4.08888066619022));
#5079=CARTESIAN_POINT('Ctrl Pts',(-3.25538997602056,-2.96014123041872,4.34398010477561));
#5080=CARTESIAN_POINT('',(-3.64153273558384,-2.77642041201291,2.27108893939142));
#5081=CARTESIAN_POINT('Ctrl Pts',(-3.64153273554818,-2.77642041204275,2.27108893941135));
#5082=CARTESIAN_POINT('Ctrl Pts',(-3.52044068844823,-2.82434095096288,2.37417368637313));
#5083=CARTESIAN_POINT('Ctrl Pts',(-3.41244179966511,-2.87213892404575,2.49292117171709));
#5084=CARTESIAN_POINT('Ctrl Pts',(-3.29291545209844,-2.9360612684446,2.69018012838614));
#5085=CARTESIAN_POINT('Ctrl Pts',(-3.25670583557313,-2.95881611384999,2.76987558076244));
#5086=CARTESIAN_POINT('Ctrl Pts',(-3.23846974105446,-2.97864293534399,2.85322787736412));
#5087=CARTESIAN_POINT('',(-4.41395863206329,-2.2635153667243,1.5));
#5088=CARTESIAN_POINT('Ctrl Pts',(-4.4139586320633,-2.2635153667243,1.5));
#5089=CARTESIAN_POINT('Ctrl Pts',(-4.31160438175421,-2.37156291669682,1.61862116261797));
#5090=CARTESIAN_POINT('Ctrl Pts',(-4.19954626868186,-2.46633207689744,1.74140818960504));
#5091=CARTESIAN_POINT('Ctrl Pts',(-3.94238633678861,-2.6400468272268,2.00238565722787));
#5092=CARTESIAN_POINT('Ctrl Pts',(-3.79707963588182,-2.71486483127268,2.13867303562867));
#5093=CARTESIAN_POINT('Ctrl Pts',(-3.64153273494038,-2.77642041228328,2.27108893992876));
#5094=CARTESIAN_POINT('',(-5.6106147777764,-2.2635153667243,1.5));
#5095=CARTESIAN_POINT('',(0.,-2.2635153667243,1.5));
#5096=CARTESIAN_POINT('Ctrl Pts',(-6.05,-1.2490009027033E-15,6.62350181539469));
#5097=CARTESIAN_POINT('Ctrl Pts',(-6.05,-0.391958996302013,6.62350181539469));
#5098=CARTESIAN_POINT('Ctrl Pts',(-6.00841890866307,-0.805350803288283,
6.54370967790528));
#5099=CARTESIAN_POINT('Ctrl Pts',(-5.8585589687683,-1.55787497021591,6.22890166259055));
#5100=CARTESIAN_POINT('Ctrl Pts',(-5.75188287116599,-1.89747573831587,5.99424482765529));
#5101=CARTESIAN_POINT('Ctrl Pts',(-5.54655371663766,-2.4332668488783,5.45845371709286));
#5102=CARTESIAN_POINT('Ctrl Pts',(-5.43316559253961,-2.66735802357809,5.11911109562906));
#5103=CARTESIAN_POINT('Ctrl Pts',(-5.2672117281248,-2.98170607550048,4.36772507775913));
#5104=CARTESIAN_POINT('Ctrl Pts',(-5.21806299111203,-3.06175090769758,3.95484241296476));
#5105=CARTESIAN_POINT('Ctrl Pts',(-5.21806299111203,-3.06175090769758,3.56175090769711));
#5106=CARTESIAN_POINT('Ctrl Pts',(-5.21806299111203,-3.06175090769758,3.16865940242947));
#5107=CARTESIAN_POINT('Ctrl Pts',(-5.2672117281248,-2.98170607550048,2.7557767376351));
#5108=CARTESIAN_POINT('Ctrl Pts',(-5.4228463328,-2.68690465605853,2.05111302725978));
#5109=CARTESIAN_POINT('Ctrl Pts',(-5.51890718895838,-2.49083255688823,1.74956261745088));
#5110=CARTESIAN_POINT('Ctrl Pts',(-5.6106147777764,-2.2635153667243,1.5));
#5111=CARTESIAN_POINT('Origin',(0.,2.2635153667243,1.5));
#5112=CARTESIAN_POINT('',(-6.05,-7.40911313484149E-16,1.5));
#5113=CARTESIAN_POINT('Origin',(0.,0.,1.5));
#5114=CARTESIAN_POINT('',(-4.51339808494162,0.773633437308685,1.5));
#5115=CARTESIAN_POINT('Ctrl Pts',(-4.51339808427724,0.773633439186929,1.5));
#5116=CARTESIAN_POINT('Ctrl Pts',(-4.6169611302474,0.480854611390989,1.5));
#5117=CARTESIAN_POINT('Ctrl Pts',(-4.68553875507003,0.176430335405146,1.49999999999997));
#5118=CARTESIAN_POINT('Ctrl Pts',(-4.75609822269563,-0.462719166545726,
1.49999999999997));
#5119=CARTESIAN_POINT('Ctrl Pts',(-4.75297623684669,-0.796486360441055,
1.49999999999824));
#5120=CARTESIAN_POINT('Ctrl Pts',(-4.66360354310228,-1.51742414123397,1.49999999999824));
#5121=CARTESIAN_POINT('Ctrl Pts',(-4.56255923033237,-1.89963498456529,1.5));
#5122=CARTESIAN_POINT('Ctrl Pts',(-4.41395863206329,-2.2635153667243,1.5));
#5123=CARTESIAN_POINT('Ctrl Pts',(-3.78998521895094,2.2635153667243,1.5));
#5124=CARTESIAN_POINT('Ctrl Pts',(-3.89090171656892,2.10946976964408,1.5));
#5125=CARTESIAN_POINT('Ctrl Pts',(-3.98487144633539,1.95067979101269,1.49999999998945));
#5126=CARTESIAN_POINT('Ctrl Pts',(-4.24719718171411,1.45951108843078,1.49999999998945));
#5127=CARTESIAN_POINT('Ctrl Pts',(-4.38702903561344,1.13088617978253,1.5));
#5128=CARTESIAN_POINT('Ctrl Pts',(-4.51339808494162,0.773633437308689,1.5));
#5129=CARTESIAN_POINT('Origin',(0.,0.,1.5));
#5130=CARTESIAN_POINT('Ctrl Pts',(-3.61248839785139,-2.81410705977328,4.76803448833689));
#5131=CARTESIAN_POINT('Ctrl Pts',(-3.16906932475992,-3.3833271437661,4.91599502483531));
#5132=CARTESIAN_POINT('Ctrl Pts',(-2.00966029296057,-4.30109529580386,5.21189712363664));
#5133=CARTESIAN_POINT('Ctrl Pts',(0.903449046641875,-4.91686598530081,5.80371461385112));
#5134=CARTESIAN_POINT('Ctrl Pts',(4.42126469101718,-2.9602398292,6.54348699303333));
#5135=CARTESIAN_POINT('Ctrl Pts',(4.98780155177155,1.85871944953245,7.43121253203688));
#5136=CARTESIAN_POINT('Ctrl Pts',(1.413720227504,5.12709335484145,8.31893857082306));
#5137=CARTESIAN_POINT('Ctrl Pts',(-3.33000502375733,4.15242757934657,9.20666478002433));
#5138=CARTESIAN_POINT('Ctrl Pts',(-5.31400199981165,-0.275875351206324,
10.0943899992484));
#5139=CARTESIAN_POINT('Ctrl Pts',(-3.29513439672867,-3.75881086854889,10.8341630349353));
#5140=CARTESIAN_POINT('Ctrl Pts',(-0.479869967458718,-4.72354720452624,
11.4259794348177));
#5141=CARTESIAN_POINT('Ctrl Pts',(1.96655631476417,-4.40117087633281,11.9191593214089));
#5142=CARTESIAN_POINT('Ctrl Pts',(4.12268976117915,-2.64038428939138,12.4616640420643));
#5143=CARTESIAN_POINT('Ctrl Pts',(4.88403923747965,0.298232957131059,13.0534686387849));
#5144=CARTESIAN_POINT('Ctrl Pts',(3.77149866880467,3.11392338572734,13.6453009911469));
#5145=CARTESIAN_POINT('Ctrl Pts',(0.925245230050724,4.93140666596329,14.3028652395435));
#5146=CARTESIAN_POINT('Ctrl Pts',(-2.86855768665776,4.28343612238785,15.0262026816417));
#5147=CARTESIAN_POINT('Ctrl Pts',(-5.10617469509818,0.715602538572008,15.8152895617547));
#5148=CARTESIAN_POINT('Ctrl Pts',(-4.03609236471801,-2.98143714232054,16.5386255549379));
#5149=CARTESIAN_POINT('Ctrl Pts',(-1.15959403147238,-4.75126392460195,17.1961954168633));
#5150=CARTESIAN_POINT('Ctrl Pts',(1.85922785813196,-4.52707259835707,17.7880147553896));
#5151=CARTESIAN_POINT('Ctrl Pts',(4.17268240478198,-2.55974292112288,18.3798381172756));
#5152=CARTESIAN_POINT('Ctrl Pts',(4.87641722424263,0.393293585930398,18.9716421915567));
#5153=CARTESIAN_POINT('Ctrl Pts',(3.71323379133375,3.18450925824376,19.5634720640546));
#5154=CARTESIAN_POINT('Ctrl Pts',(0.825165529503472,4.94990444549755,20.2210396521912));
#5155=CARTESIAN_POINT('Ctrl Pts',(-2.25767035257547,4.35762011744332,20.8128597078042));
#5156=CARTESIAN_POINT('Ctrl Pts',(-4.04208452136519,2.42329264354947,21.338920509613));
#5157=CARTESIAN_POINT('Ctrl Pts',(-4.68305397831816,0.566953632922515,21.7334610861466));
#5158=CARTESIAN_POINT('Ctrl Pts',(-4.50391572604144,-1.38866095122021,22.1280100695684));
#5159=CARTESIAN_POINT('Ctrl Pts',(-3.23133519095679,-3.6931623407593,22.6540687432802));
#5160=CARTESIAN_POINT('Ctrl Pts',(-0.698666066637482,-4.85745346275776,
23.1801277081101));
#5161=CARTESIAN_POINT('Ctrl Pts',(2.20350730944442,-4.25590199146963,23.7719467399049));
#5162=CARTESIAN_POINT('Ctrl Pts',(4.21856466154155,-2.48308743422234,24.2980082747816));
#5163=CARTESIAN_POINT('Ctrl Pts',(4.87023548698293,0.487603900070725,24.8898149699298));
#5164=CARTESIAN_POINT('Ctrl Pts',(3.64775617606014,3.26032343880319,25.481651255788));
#5165=CARTESIAN_POINT('Ctrl Pts',(1.02524513149387,4.78626765582925,26.0734464776188));
#5166=CARTESIAN_POINT('Ctrl Pts',(-1.9924229078546,4.46836903348712,26.6652823157408));
#5167=CARTESIAN_POINT('Ctrl Pts',(-4.24312821787371,2.43968582094092,27.2570899946477));
#5168=CARTESIAN_POINT('Ctrl Pts',(-4.86569508714799,-0.537358638536922,
27.8489058968569));
#5169=CARTESIAN_POINT('Ctrl Pts',(-3.75306008074256,-2.97992618209344,28.3749733989116));
#5170=CARTESIAN_POINT('Ctrl Pts',(-1.35276267383009,-4.71758323725618,28.9667835929253));
#5171=CARTESIAN_POINT('Ctrl Pts',(1.78479770173161,-4.6897295653263,29.5586067989518));
#5172=CARTESIAN_POINT('Ctrl Pts',(4.26882724046264,-2.3895232716594,30.216176172997));
#5173=CARTESIAN_POINT('Ctrl Pts',(4.85799053027821,0.576396815477755,30.807993822391));
#5174=CARTESIAN_POINT('Ctrl Pts',(3.58585756421067,3.33254453538133,31.3998184610044));
#5175=CARTESIAN_POINT('Ctrl Pts',(0.929523398641738,4.80495390302038,31.9916260962455));
#5176=CARTESIAN_POINT('Ctrl Pts',(-2.0738347253884,4.42900427920554,32.5834501005806));
#5177=CARTESIAN_POINT('Ctrl Pts',(-4.54536076600937,2.12699729155381,33.2410209864554));
#5178=CARTESIAN_POINT('Ctrl Pts',(-4.86386965322874,-1.70940493280909,33.9643553661192));
#5179=CARTESIAN_POINT('Ctrl Pts',(-1.96875652513129,-4.76399772159659,34.7534441471826));
#5180=CARTESIAN_POINT('Ctrl Pts',(2.23345810245261,-4.64434681530918,35.5425341580276));
#5181=CARTESIAN_POINT('Ctrl Pts',(4.95223970068221,-1.43673680854406,36.3316240979857));
#5182=CARTESIAN_POINT('Ctrl Pts',(4.37141447514133,2.73257929303156,37.1207143963889));
#5183=CARTESIAN_POINT('Ctrl Pts',(1.17636476946812,4.87815035402828,37.8440437357376));
#5184=CARTESIAN_POINT('Ctrl Pts',(-2.16550216204356,4.38513584825627,38.5016246634202));
#5185=CARTESIAN_POINT('Ctrl Pts',(-4.33378231574889,2.27316020463115,39.0934312030893));
#5186=CARTESIAN_POINT('Ctrl Pts',(-4.84105888481543,-0.721099158097309,
39.6852593385724));
#5187=CARTESIAN_POINT('Ctrl Pts',(-3.48546746313847,-3.43375107012995,40.2770736910858));
#5188=CARTESIAN_POINT('Ctrl Pts',(-0.793352553856828,-4.82960772597052,
40.8688834310467));
#5189=CARTESIAN_POINT('Ctrl Pts',(2.20789669813499,-4.36758503057588,41.4607165045579));
#5190=CARTESIAN_POINT('Ctrl Pts',(4.35262750045214,-2.23020817583183,42.0525161618225));
#5191=CARTESIAN_POINT('Ctrl Pts',(4.89443576777271,1.10253708230671,42.7101038880111));
#5192=CARTESIAN_POINT('Ctrl Pts',(2.79924603860177,4.33139436612996,43.4334307940261));
#5193=CARTESIAN_POINT('Ctrl Pts',(-1.36514902802448,4.97179070360602,44.2225206310157));
#5194=CARTESIAN_POINT('Ctrl Pts',(-4.33470441245118,2.52620433112116,44.945853297411));
#5195=CARTESIAN_POINT('Ctrl Pts',(-4.8234069037314,-0.816896080518368,45.6034276735645));
#5196=CARTESIAN_POINT('Ctrl Pts',(-3.41965517957986,-3.49895584382872,46.1952465797888));
#5197=CARTESIAN_POINT('Ctrl Pts',(-0.699193959446794,-4.84569754596349,
46.7870598448994));
#5198=CARTESIAN_POINT('Ctrl Pts',(2.04296898227835,-4.36616770287228,47.3295669952688));
#5199=CARTESIAN_POINT('Ctrl Pts',(3.88693397061129,-2.72654338609502,47.8227403031973));
#5200=CARTESIAN_POINT('Ctrl Pts',(4.99854553901041,0.0340855105576504,48.4145628456755));
#5201=CARTESIAN_POINT('Ctrl Pts',(3.68438449520134,3.83926141919958,49.1543306546504));
#5202=CARTESIAN_POINT('Ctrl Pts',(-0.963017069762375,5.23490670701414,50.042058531797));
#5203=CARTESIAN_POINT('Ctrl Pts',(-4.80299226723344,2.2840582016667,50.9297837141702));
#5204=CARTESIAN_POINT('Ctrl Pts',(-4.66835701346815,-2.55724178488685,51.8175094587522));
#5205=CARTESIAN_POINT('Ctrl Pts',(-0.652549782972117,-5.28059937792771,
52.7052368213686));
#5206=CARTESIAN_POINT('Ctrl Pts',(3.12838377602517,-3.89936338323355,53.4450052664992));
#5207=CARTESIAN_POINT('Ctrl Pts',(4.56796741566694,-1.29299506548389,54.0368290712829));
#5208=CARTESIAN_POINT('Ctrl Pts',(4.63205280613811,0.184279901864663,54.332725579521));
#5209=CARTESIAN_POINT('Ctrl Pts',(4.49150662257758,0.891986114139959,54.4806817584362));
#5210=CARTESIAN_POINT('Ctrl Pts',(-3.50877619782158,-2.76107009039109,4.63603920309845));
#5211=CARTESIAN_POINT('Ctrl Pts',(-3.07376859907034,-3.31389074854743,4.78399973959686));
#5212=CARTESIAN_POINT('Ctrl Pts',(-1.93886751479162,-4.20323729157708,5.07990183839819));
#5213=CARTESIAN_POINT('Ctrl Pts',(0.904337300090413,-4.78965213899197,5.67171932861267));
#5214=CARTESIAN_POINT('Ctrl Pts',(4.32494681672051,-2.86513363951426,6.41149170779488));
#5215=CARTESIAN_POINT('Ctrl Pts',(4.85425715679783,1.83611863157376,7.29921724679844));
#5216=CARTESIAN_POINT('Ctrl Pts',(1.3538806809219,5.00571974821038,8.18694328558461));
#5217=CARTESIAN_POINT('Ctrl Pts',(-3.26663324626396,4.03273535132095,9.0746694947859));
#5218=CARTESIAN_POINT('Ctrl Pts',(-5.17989404661743,-0.294385045509918,
9.96239471400995));
#5219=CARTESIAN_POINT('Ctrl Pts',(-3.19479128801478,-3.68063121021037,10.7021677496969));
#5220=CARTESIAN_POINT('Ctrl Pts',(-0.445289801433715,-4.60780475462604,
11.2939841495793));
#5221=CARTESIAN_POINT('Ctrl Pts',(1.93842794748228,-4.28178573897036,11.7871640361705));
#5222=CARTESIAN_POINT('Ctrl Pts',(4.03227361597047,-2.55471031576963,12.3296687568259));
#5223=CARTESIAN_POINT('Ctrl Pts',(4.76055966469672,0.314136915530224,12.9214733535464));
#5224=CARTESIAN_POINT('Ctrl Pts',(3.662358586966,3.05413350789737,13.5133057059085));
#5225=CARTESIAN_POINT('Ctrl Pts',(0.878527186304155,4.81258799034007,14.170869954305));
#5226=CARTESIAN_POINT('Ctrl Pts',(-2.81736377896215,4.16267160430982,14.8942073964032));
#5227=CARTESIAN_POINT('Ctrl Pts',(-4.98197661069289,0.673303863489816,15.6832942765163));
#5228=CARTESIAN_POINT('Ctrl Pts',(-3.92099402318943,-2.92620449967098,16.4066302696994));
#5229=CARTESIAN_POINT('Ctrl Pts',(-1.10789133515361,-4.63807578009298,17.0642001316249));
#5230=CARTESIAN_POINT('Ctrl Pts',(1.83437731210659,-4.40505373600404,17.6560194701511));
#5231=CARTESIAN_POINT('Ctrl Pts',(4.08064893728254,-2.47581975082628,18.2478428320371));
#5232=CARTESIAN_POINT('Ctrl Pts',(4.75267676358951,0.406771395896106,18.8396469063183));
#5233=CARTESIAN_POINT('Ctrl Pts',(3.60518572551234,3.12269167929065,19.4314767788162));
#5234=CARTESIAN_POINT('Ctrl Pts',(0.780850852532026,4.83015250052856,20.0890443669528));
#5235=CARTESIAN_POINT('Ctrl Pts',(-2.22207604328163,4.23792577579972,20.6808644225658));
#5236=CARTESIAN_POINT('Ctrl Pts',(-3.95264500721515,2.34341709447209,21.2069252243745));
#5237=CARTESIAN_POINT('Ctrl Pts',(-4.56874160032562,0.530396203301171,21.6014658009082));
#5238=CARTESIAN_POINT('Ctrl Pts',(-4.38470745761295,-1.37549761006959,21.99601478433));
#5239=CARTESIAN_POINT('Ctrl Pts',(-3.13292915756946,-3.61631760210635,22.5220734580418));
#5240=CARTESIAN_POINT('Ctrl Pts',(-0.657983900418441,-4.73940119506031,
23.0481324228716));
#5241=CARTESIAN_POINT('Ctrl Pts',(2.16872807966794,-4.1390312398994,23.6399514546665));
#5242=CARTESIAN_POINT('Ctrl Pts',(4.12503234821942,-2.40085631596466,24.1660129895431));
#5243=CARTESIAN_POINT('Ctrl Pts',(4.74618238411618,0.49869709730217,24.7578196846914));
#5244=CARTESIAN_POINT('Ctrl Pts',(3.54101330182551,3.19628723819744,25.3496559705495));
#5245=CARTESIAN_POINT('Ctrl Pts',(0.976740622721992,4.6715535889423,25.9414511923804));
#5246=CARTESIAN_POINT('Ctrl Pts',(-1.96399550915655,4.34717954810263,26.5332870305023));
#5247=CARTESIAN_POINT('Ctrl Pts',(-4.14874497383267,2.3584228416844,27.1250947094093));
#5248=CARTESIAN_POINT('Ctrl Pts',(-4.7415441103228,-0.547176244602641,27.7169106116185));
#5249=CARTESIAN_POINT('Ctrl Pts',(-3.64497697234428,-2.92343605332941,28.2429781136732));
#5250=CARTESIAN_POINT('Ctrl Pts',(-1.29639068960319,-4.6061487093025,28.8347883076869));
#5251=CARTESIAN_POINT('Ctrl Pts',(1.76258710466378,-4.56401483838813,29.4266115137134));
#5252=CARTESIAN_POINT('Ctrl Pts',(4.17355210231131,-2.30942056001055,30.0841808877586));
#5253=CARTESIAN_POINT('Ctrl Pts',(4.73383117477493,0.585224656614068,30.6759985371526));
#5254=CARTESIAN_POINT('Ctrl Pts',(3.48032144168489,3.26640382675108,31.267823175766));
#5255=CARTESIAN_POINT('Ctrl Pts',(0.883292297509217,4.68931107484756,31.859630811007));
#5256=CARTESIAN_POINT('Ctrl Pts',(-2.04317527621693,4.30841431325779,32.4514548153421));
#5257=CARTESIAN_POINT('Ctrl Pts',(-4.44195034068283,2.05208542105178,33.109025701217));
#5258=CARTESIAN_POINT('Ctrl Pts',(-4.73413266193885,-1.68993059331475,33.8323600808808));
#5259=CARTESIAN_POINT('Ctrl Pts',(-1.89680215015422,-4.65435618625104,34.6214488619441));
#5260=CARTESIAN_POINT('Ctrl Pts',(2.19984717928437,-4.51760425151183,35.4105388727891));
#5261=CARTESIAN_POINT('Ctrl Pts',(4.83534678134617,-1.37714287636874,36.1996288127473));
#5262=CARTESIAN_POINT('Ctrl Pts',(4.24910527426143,2.68518854132963,36.9887191111505));
#5263=CARTESIAN_POINT('Ctrl Pts',(1.12365370197834,4.76186336296472,37.7120484504991));
#5264=CARTESIAN_POINT('Ctrl Pts',(-2.13232296096499,4.26520397281736,38.3696293781817));
#5265=CARTESIAN_POINT('Ctrl Pts',(-4.23635540343655,2.19562913969895,38.9614359178509));
#5266=CARTESIAN_POINT('Ctrl Pts',(-4.71662438174767,-0.726220327688979,
39.553264053334));
#5267=CARTESIAN_POINT('Ctrl Pts',(-3.3819487637206,-3.36460290622277,40.1450784058473));
#5268=CARTESIAN_POINT('Ctrl Pts',(-0.750436594819042,-4.7127043640769,40.7368881458083));
#5269=CARTESIAN_POINT('Ctrl Pts',(2.17360156976066,-4.24787980524517,41.3287212193195));
#5270=CARTESIAN_POINT('Ctrl Pts',(4.25450946137107,-2.15366481922216,41.9205208765841));
#5271=CARTESIAN_POINT('Ctrl Pts',(4.76685278093279,1.09840089977778,42.5781086027726));
#5272=CARTESIAN_POINT('Ctrl Pts',(2.70856507703244,4.23653160462296,43.3014355087877));
#5273=CARTESIAN_POINT('Ctrl Pts',(-1.35479529027795,4.84101212857428,44.0905253457773));
#5274=CARTESIAN_POINT('Ctrl Pts',(-4.23846038115047,2.44236662320958,44.8138580121726));
#5275=CARTESIAN_POINT('Ctrl Pts',(-4.69893644579665,-0.819540799134783,
45.4714323883261));
#5276=CARTESIAN_POINT('Ctrl Pts',(-3.31750004620924,-3.42786194064813,46.0632512945503));
#5277=CARTESIAN_POINT('Ctrl Pts',(-0.658528184206694,-4.72793606671454,
46.655064559661));
#5278=CARTESIAN_POINT('Ctrl Pts',(2.01280233353971,-4.24727178888973,47.1975717100303));
#5279=CARTESIAN_POINT('Ctrl Pts',(3.80283647926583,-2.63983038174309,47.6907450179589));
#5280=CARTESIAN_POINT('Ctrl Pts',(4.87345457555052,0.057106816578118,48.2825675604371));
#5281=CARTESIAN_POINT('Ctrl Pts',(3.57395940877427,3.76094084502917,49.0223353694119));
#5282=CARTESIAN_POINT('Ctrl Pts',(-0.963979789236214,5.09947459394548,49.9100632465586));
#5283=CARTESIAN_POINT('Ctrl Pts',(-4.69388031036985,2.20401307321761,50.7977884289318));
#5284=CARTESIAN_POINT('Ctrl Pts',(-4.53946481979576,-2.51564254589096,51.6855141735137));
#5285=CARTESIAN_POINT('Ctrl Pts',(-0.610998630288657,-5.15177550738035,
52.5732415361302));
#5286=CARTESIAN_POINT('Ctrl Pts',(3.06884914145899,-3.78691506032415,53.3130099812608));
#5287=CARTESIAN_POINT('Ctrl Pts',(4.46000735908884,-1.2388608450968,53.9048337860445));
#5288=CARTESIAN_POINT('Ctrl Pts',(4.51541845298259,0.20189908044916,54.2007302942826));
#5289=CARTESIAN_POINT('Ctrl Pts',(4.37502278799732,0.891175658866243,54.3486864731977));
#5290=CARTESIAN_POINT('Ctrl Pts',(-3.43892152402836,-2.74496191846893,4.46354254949571));
#5291=CARTESIAN_POINT('Ctrl Pts',(-3.00645291551949,-3.28677199541206,4.61150308599413));
#5292=CARTESIAN_POINT('Ctrl Pts',(-1.8819522854606,-4.1554420899854,4.90740518479546));
#5293=CARTESIAN_POINT('Ctrl Pts',(0.923960281260679,-4.71388699973134,5.49922267500993));
#5294=CARTESIAN_POINT('Ctrl Pts',(4.28171873658196,-2.79393132221662,6.23899505419215));
#5295=CARTESIAN_POINT('Ctrl Pts',(4.77118193732822,1.84265009463497,7.1267205931957));
#5296=CARTESIAN_POINT('Ctrl Pts',(1.29997403175013,4.94226428917209,8.01444663198189));
#5297=CARTESIAN_POINT('Ctrl Pts',(-3.24676422680469,3.95180945821433,8.90217284118315));
#5298=CARTESIAN_POINT('Ctrl Pts',(-5.10263498986711,-0.325539036537666,
9.78989806040723));
#5299=CARTESIAN_POINT('Ctrl Pts',(-3.12320490077742,-3.64901776949614,10.5296710960942));
#5300=CARTESIAN_POINT('Ctrl Pts',(-0.407303537049878,-4.54391562657163,
11.1214874959765));
#5301=CARTESIAN_POINT('Ctrl Pts',(1.93955549858589,-4.20632669569616,11.6146673825677));
#5302=CARTESIAN_POINT('Ctrl Pts',(3.99117173771762,-2.49001897343595,12.1571721032232));
#5303=CARTESIAN_POINT('Ctrl Pts',(4.68925671546192,0.342136469424774,12.7489766999437));
#5304=CARTESIAN_POINT('Ctrl Pts',(3.58826656579632,3.034818159341,13.3408090523057));
#5305=CARTESIAN_POINT('Ctrl Pts',(0.832845654174462,4.74868726460847,13.9983733007023));
#5306=CARTESIAN_POINT('Ctrl Pts',(-2.80491107488575,4.08293157372837,14.7217107428005));
#5307=CARTESIAN_POINT('Ctrl Pts',(-4.91421051028328,0.629445460501014,15.5107976229135));
#5308=CARTESIAN_POINT('Ctrl Pts',(-3.84402052503827,-2.91051495741517,16.2341336160967));
#5309=CARTESIAN_POINT('Ctrl Pts',(-1.06007243710478,-4.57827910867436,16.8917034780222));
#5310=CARTESIAN_POINT('Ctrl Pts',(1.83785919286072,-4.32851552917826,17.4835228165484));
#5311=CARTESIAN_POINT('Ctrl Pts',(4.03830644455983,-2.41194267144956,18.0753461784344));
#5312=CARTESIAN_POINT('Ctrl Pts',(4.68085444187202,0.433370509155974,18.6671502527155));
#5313=CARTESIAN_POINT('Ctrl Pts',(3.53145428778751,3.10199096566734,19.2589801252135));
#5314=CARTESIAN_POINT('Ctrl Pts',(0.736467801011769,4.76532919792182,19.91654771335));
#5315=CARTESIAN_POINT('Ctrl Pts',(-2.21878428294911,4.16116390715565,20.508367768963));
#5316=CARTESIAN_POINT('Ctrl Pts',(-3.91125497623824,2.28233911935291,21.0344285707718));
#5317=CARTESIAN_POINT('Ctrl Pts',(-4.50600199155991,0.491441180090594,21.4289691473055));
#5318=CARTESIAN_POINT('Ctrl Pts',(-4.31160376521482,-1.38550888035298,21.8235181307272));
#5319=CARTESIAN_POINT('Ctrl Pts',(-3.0626828738372,-3.58521436485322,22.349576804439));
#5320=CARTESIAN_POINT('Ctrl Pts',(-0.616007837913125,-4.67505456789155,
22.8756357692689));
#5321=CARTESIAN_POINT('Ctrl Pts',(2.16553130680834,-4.0640705224148,23.4674548010637));
#5322=CARTESIAN_POINT('Ctrl Pts',(4.08153326864501,-2.33776481190275,23.9935163359403));
#5323=CARTESIAN_POINT('Ctrl Pts',(4.67382479580382,0.523917016410258,24.5853230310887));
#5324=CARTESIAN_POINT('Ctrl Pts',(3.46771204427081,3.17407694548979,25.1771593169468));
#5325=CARTESIAN_POINT('Ctrl Pts',(0.930598073344754,4.6103727938273,25.7689545387777));
#5326=CARTESIAN_POINT('Ctrl Pts',(-1.9652004139712,4.27059639259689,26.3607903768996));
#5327=CARTESIAN_POINT('Ctrl Pts',(-4.10460954428347,2.29578470820565,26.9525980558065));
#5328=CARTESIAN_POINT('Ctrl Pts',(-4.66892342681792,-0.571658827202994,
27.5444139580157));
#5329=CARTESIAN_POINT('Ctrl Pts',(-3.57203019410096,-2.90590388142128,28.0704814600705));
#5330=CARTESIAN_POINT('Ctrl Pts',(-1.24605141888348,-4.54810463245522,28.6622916540842));
#5331=CARTESIAN_POINT('Ctrl Pts',(1.76819887658626,-4.48565931133522,29.2541148601106));
#5332=CARTESIAN_POINT('Ctrl Pts',(4.12871970017621,-2.24732588899856,29.9116842341559));
#5333=CARTESIAN_POINT('Ctrl Pts',(4.66106218904656,0.60910343732855,30.5035018835498));
#5334=CARTESIAN_POINT('Ctrl Pts',(3.40742239285561,3.24275948621302,31.0953265221633));
#5335=CARTESIAN_POINT('Ctrl Pts',(0.838384040507407,4.62723379770279,31.6871341574042));
#5336=CARTESIAN_POINT('Ctrl Pts',(-2.04296415618276,4.23185267729405,32.2789581617394));
#5337=CARTESIAN_POINT('Ctrl Pts',(-4.3914619615327,1.99189140536435,32.9365290476143));
#5338=CARTESIAN_POINT('Ctrl Pts',(-4.65380179930441,-1.69776343404367,33.6598634272781));
#5339=CARTESIAN_POINT('Ctrl Pts',(-1.83741329793443,-4.59971808851467,34.4489522083414));
#5340=CARTESIAN_POINT('Ctrl Pts',(2.19879171009366,-4.43693197484748,35.2380422191864));
#5341=CARTESIAN_POINT('Ctrl Pts',(4.77452587986048,-1.32406287398714,36.0271321591445));
#5342=CARTESIAN_POINT('Ctrl Pts',(4.16901348338627,2.67524613087073,36.8162224575477));
#5343=CARTESIAN_POINT('Ctrl Pts',(1.07475981765872,4.70037533486168,37.5395517968964));
#5344=CARTESIAN_POINT('Ctrl Pts',(-2.1305202238867,4.18865967824742,38.1971327245789));
#5345=CARTESIAN_POINT('Ctrl Pts',(-4.18983464220302,2.13475732524954,38.7889392642481));
#5346=CARTESIAN_POINT('Ctrl Pts',(-4.64314029020341,-0.747932909448028,
39.3807673997312));
#5347=CARTESIAN_POINT('Ctrl Pts',(-3.30980668423751,-3.33885951760454,39.9725817522446));
#5348=CARTESIAN_POINT('Ctrl Pts',(-0.707300096563588,-4.64937797041823,
40.5643914922055));
#5349=CARTESIAN_POINT('Ctrl Pts',(2.17108247460993,-4.17130514994166,41.1562245657167));
#5350=CARTESIAN_POINT('Ctrl Pts',(4.20743700432224,-2.09327821719713,41.7480242229813));
#5351=CARTESIAN_POINT('Ctrl Pts',(4.69009439829853,1.1150513522499,42.4056119491699));
#5352=CARTESIAN_POINT('Ctrl Pts',(2.64023977447101,4.19351664548979,43.1289388551848));
#5353=CARTESIAN_POINT('Ctrl Pts',(-1.36822734398571,4.76142159018902,43.9180286921746));
#5354=CARTESIAN_POINT('Ctrl Pts',(-4.19359588105456,2.37789721968522,44.6413613585698));
#5355=CARTESIAN_POINT('Ctrl Pts',(-4.62507000024675,-0.839777455638445,
45.2989357347234));
#5356=CARTESIAN_POINT('Ctrl Pts',(-3.2458631076967,-3.40075776784909,45.8907546409476));
#5357=CARTESIAN_POINT('Ctrl Pts',(-0.616621019835608,-4.66376021769973,
46.4825679060582));
#5358=CARTESIAN_POINT('Ctrl Pts',(2.01261612243274,-4.171805460374,47.0250750564276));
#5359=CARTESIAN_POINT('Ctrl Pts',(3.7656509722341,-2.57547165287711,47.5182483643561));
#5360=CARTESIAN_POINT('Ctrl Pts',(4.80226811623665,0.0896110193917992,48.1100709068344));
#5361=CARTESIAN_POINT('Ctrl Pts',(3.49631760218656,3.73075387029491,48.8498387158091));
#5362=CARTESIAN_POINT('Ctrl Pts',(-0.98485745545006,5.01880292844695,49.7375665929558));
#5363=CARTESIAN_POINT('Ctrl Pts',(-4.64076997456938,2.13988970867889,50.6252917753291));
#5364=CARTESIAN_POINT('Ctrl Pts',(-4.45631448421489,-2.51014860664024,51.5130175199109));
#5365=CARTESIAN_POINT('Ctrl Pts',(-0.566885232816523,-5.08111835666763,
52.4007448825275));
#5366=CARTESIAN_POINT('Ctrl Pts',(3.05017361421522,-3.71091078833933,53.140513327658));
#5367=CARTESIAN_POINT('Ctrl Pts',(4.40369298570055,-1.19035911563141,53.7323371324418));
#5368=CARTESIAN_POINT('Ctrl Pts',(4.44844663386633,0.22985611797713,54.0282336406798));
#5369=CARTESIAN_POINT('Ctrl Pts',(4.30537474151725,0.908155007350271,54.176189819595));
#5370=CARTESIAN_POINT('Ctrl Pts',(-3.41904520509602,-2.76949993419569,4.29035272990073));
#5371=CARTESIAN_POINT('Ctrl Pts',(-2.98265488032747,-3.30823915892997,4.43831326639914));
#5372=CARTESIAN_POINT('Ctrl Pts',(-1.85205153210935,-4.1687392032244,4.73421536520047));
#5373=CARTESIAN_POINT('Ctrl Pts',(0.957791746109474,-4.7070638401362,5.32603285541495));
#5374=CARTESIAN_POINT('Ctrl Pts',(4.30155698127097,-2.76306586841224,6.06580523459716));
#5375=CARTESIAN_POINT('Ctrl Pts',(4.75775260843427,1.87680511055428,6.95353077360073));
#5376=CARTESIAN_POINT('Ctrl Pts',(1.26444330972968,4.95137456885368,7.84125681238688));
#5377=CARTESIAN_POINT('Ctrl Pts',(-3.27498474404179,3.92833001423736,8.72898302158818));
#5378=CARTESIAN_POINT('Ctrl Pts',(-5.10005702866209,-0.362147044323833,
9.61670824081223));
#5379=CARTESIAN_POINT('Ctrl Pts',(-3.09690189255467,-3.67126585112513,10.3564812764992));
#5380=CARTESIAN_POINT('Ctrl Pts',(-0.374679486470515,-4.5466258343472,10.9482976763816));
#5381=CARTESIAN_POINT('Ctrl Pts',(1.96968165178464,-4.19221267201936,11.4414775629728));
#5382=CARTESIAN_POINT('Ctrl Pts',(4.00887401073225,-2.46124108871629,11.9839822836282));
#5383=CARTESIAN_POINT('Ctrl Pts',(4.6865882915595,0.375767881266722,12.5757868803487));
#5384=CARTESIAN_POINT('Ctrl Pts',(3.56632515125111,3.06043594688746,13.1676192327107));
#5385=CARTESIAN_POINT('Ctrl Pts',(0.79874746281132,4.75445348295729,13.8251834811073));
#5386=CARTESIAN_POINT('Ctrl Pts',(-2.83407201517427,4.06262162272599,14.5485209232055));
#5387=CARTESIAN_POINT('Ctrl Pts',(-4.91851970300764,0.594152210243065,15.3376078033186));
#5388=CARTESIAN_POINT('Ctrl Pts',(-3.82293845617864,-2.93799360350666,16.0609437965017));
#5389=CARTESIAN_POINT('Ctrl Pts',(-1.02717580918797,-4.58567536078485,16.7185136584272));
#5390=CARTESIAN_POINT('Ctrl Pts',(1.86887340995965,-4.31512646403088,17.3103329969534));
#5391=CARTESIAN_POINT('Ctrl Pts',(4.055427578082,-2.38285623236328,17.9021563588394));
#5392=CARTESIAN_POINT('Ctrl Pts',(4.67752861853247,0.466952205056376,18.4939604331205));
#5393=CARTESIAN_POINT('Ctrl Pts',(3.50906077006926,3.1271821305303,19.0857903056185));
#5394=CARTESIAN_POINT('Ctrl Pts',(0.702264019910527,4.77039505890649,19.743357893755));
#5395=CARTESIAN_POINT('Ctrl Pts',(-2.24855554404956,4.14505367407948,20.3351779493681));
#5396=CARTESIAN_POINT('Ctrl Pts',(-3.92747001908945,2.25415682722989,20.8612387511768));
#5397=CARTESIAN_POINT('Ctrl Pts',(-4.50931598205616,0.459079773434719,21.2557793277105));
#5398=CARTESIAN_POINT('Ctrl Pts',(-4.30147984860324,-1.41638214458616,21.6503283111323));
#5399=CARTESIAN_POINT('Ctrl Pts',(-3.03681052036932,-3.60703211523623,22.1763869848441));
#5400=CARTESIAN_POINT('Ctrl Pts',(-0.582427085160886,-4.67926663357473,
22.7024459496739));
#5401=CARTESIAN_POINT('Ctrl Pts',(2.19466278429609,-4.04832413928148,23.2942649814687));
#5402=CARTESIAN_POINT('Ctrl Pts',(4.09810519002395,-2.30837568507409,23.8203265163454));
#5403=CARTESIAN_POINT('Ctrl Pts',(4.6698663140822,0.557442032417678,24.4121332114937));
#5404=CARTESIAN_POINT('Ctrl Pts',(3.44477164629546,3.19881927033699,25.0039694973518));
#5405=CARTESIAN_POINT('Ctrl Pts',(0.897468694909002,4.61684771716548,25.5957647191827));
#5406=CARTESIAN_POINT('Ctrl Pts',(-1.99575947187765,4.25629641742677,26.1876005573046));
#5407=CARTESIAN_POINT('Ctrl Pts',(-4.1209099150406,2.26623135379988,26.7794082362116));
#5408=CARTESIAN_POINT('Ctrl Pts',(-4.66459510533437,-0.605157842049858,
27.3712241384207));
#5409=CARTESIAN_POINT('Ctrl Pts',(-3.55106030438336,-2.9313694419415,27.8972916404755));
#5410=CARTESIAN_POINT('Ctrl Pts',(-1.21336617435838,-4.55684900623509,28.4891018344892));
#5411=CARTESIAN_POINT('Ctrl Pts',(1.80034190194382,-4.47274934693314,29.0809250405156));
#5412=CARTESIAN_POINT('Ctrl Pts',(4.14468190852829,-2.21757111993691,29.7384944145609));
#5413=CARTESIAN_POINT('Ctrl Pts',(4.65647998053574,0.642520550815488,30.3303120639549));
#5414=CARTESIAN_POINT('Ctrl Pts',(3.38398649471232,3.26706998551285,30.9221367025682));
#5415=CARTESIAN_POINT('Ctrl Pts',(0.805168455627568,4.6330499964698,31.5139443378093));
#5416=CARTESIAN_POINT('Ctrl Pts',(-2.07325142487852,4.21699130969329,32.1057683421444));
#5417=CARTESIAN_POINT('Ctrl Pts',(-4.40554655994587,1.96031168689599,32.7633392280193));
#5418=CARTESIAN_POINT('Ctrl Pts',(-4.64142152058826,-1.73109548500979,33.486673607683));
#5419=CARTESIAN_POINT('Ctrl Pts',(-1.80429592209686,-4.61269654223099,34.2757623887464));
#5420=CARTESIAN_POINT('Ctrl Pts',(2.23053523968913,-4.42095111405635,35.0648523995913));
#5421=CARTESIAN_POINT('Ctrl Pts',(4.78381537572363,-1.28975063153805,35.8539423395496));
#5422=CARTESIAN_POINT('Ctrl Pts',(4.14962647901697,2.70504704358872,36.6430326379527));
#5423=CARTESIAN_POINT('Ctrl Pts',(1.04096832628133,4.70788014805436,37.3663619773014));
#5424=CARTESIAN_POINT('Ctrl Pts',(-2.1605135221616,4.17317214494368,38.023942904984));
#5425=CARTESIAN_POINT('Ctrl Pts',(-4.20495686952905,2.10459540212778,38.6157494446531));
#5426=CARTESIAN_POINT('Ctrl Pts',(-4.63756941924526,-0.78122494195883,39.2075775801362));
#5427=CARTESIAN_POINT('Ctrl Pts',(-3.28569329714737,-3.36246321098134,39.7993919326496));
#5428=CARTESIAN_POINT('Ctrl Pts',(-0.673900171873107,-4.65424602122577,
40.3912016726105));
#5429=CARTESIAN_POINT('Ctrl Pts',(2.20092069859029,-4.15553649425602,40.9830347461218));
#5430=CARTESIAN_POINT('Ctrl Pts',(4.22227623904788,-2.06298748832339,41.5748344033863));
#5431=CARTESIAN_POINT('Ctrl Pts',(4.68187693165462,1.14864333891894,42.2324221295749));
#5432=CARTESIAN_POINT('Ctrl Pts',(2.61004347803539,4.21227735701452,42.9557490355899));
#5433=CARTESIAN_POINT('Ctrl Pts',(-1.40234523921191,4.75139149809826,43.7448388725796));
#5434=CARTESIAN_POINT('Ctrl Pts',(-4.21046726369911,2.34767504779681,44.4681715389749));
#5435=CARTESIAN_POINT('Ctrl Pts',(-4.6188606185633,-0.872933310099779,45.1257459151283));
#5436=CARTESIAN_POINT('Ctrl Pts',(-3.22127655535676,-3.42390190289572,45.7175648213526));
#5437=CARTESIAN_POINT('Ctrl Pts',(-0.583149072597416,-4.66798251102563,
46.3093780864632));
#5438=CARTESIAN_POINT('Ctrl Pts',(2.04245069126556,-4.15718904609583,46.8518852368326));
#5439=CARTESIAN_POINT('Ctrl Pts',(3.7839608266585,-2.54832170438639,47.3450585447612));
#5440=CARTESIAN_POINT('Ctrl Pts',(4.80142060749114,0.124097232972101,47.9368810872393));
#5441=CARTESIAN_POINT('Ctrl Pts',(3.46937956906577,3.7556675429503,48.6766488962142));
#5442=CARTESIAN_POINT('Ctrl Pts',(-1.02083044298017,5.01151315298209,49.5643767733609));
#5443=CARTESIAN_POINT('Ctrl Pts',(-4.65592048492578,2.1064898604026,50.452101955734));
#5444=CARTESIAN_POINT('Ctrl Pts',(-4.43810006887585,-2.54202919354665,51.3398277003161));
#5445=CARTESIAN_POINT('Ctrl Pts',(-0.530390449087129,-5.08493510120352,
52.2275550629324));
#5446=CARTESIAN_POINT('Ctrl Pts',(3.0766646839289,-3.68889899606503,52.9673235080631));
#5447=CARTESIAN_POINT('Ctrl Pts',(4.41202256500782,-1.15868246727518,53.5591473128467));
#5448=CARTESIAN_POINT('Ctrl Pts',(4.44659047573775,0.26168931297455,53.8550438210849));
#5449=CARTESIAN_POINT('Ctrl Pts',(4.29863562699953,0.939005722181922,54.003));
#5450=CARTESIAN_POINT('',(4.35721192886541,-1.40853653677484,54.003));
#5451=CARTESIAN_POINT('Ctrl Pts',(-3.61248839785139,-2.81410705977328,4.76803448833689));
#5452=CARTESIAN_POINT('Ctrl Pts',(-3.16906932475992,-3.3833271437661,4.91599502483531));
#5453=CARTESIAN_POINT('Ctrl Pts',(-2.00966029296057,-4.30109529580386,5.21189712363664));
#5454=CARTESIAN_POINT('Ctrl Pts',(0.903449046641875,-4.91686598530081,5.80371461385112));
#5455=CARTESIAN_POINT('Ctrl Pts',(4.42126469101718,-2.9602398292,6.54348699303333));
#5456=CARTESIAN_POINT('Ctrl Pts',(4.98780155177155,1.85871944953245,7.43121253203688));
#5457=CARTESIAN_POINT('Ctrl Pts',(1.413720227504,5.12709335484145,8.31893857082306));
#5458=CARTESIAN_POINT('Ctrl Pts',(-3.33000502375733,4.15242757934657,9.20666478002433));
#5459=CARTESIAN_POINT('Ctrl Pts',(-5.31400199981165,-0.275875351206324,
10.0943899992484));
#5460=CARTESIAN_POINT('Ctrl Pts',(-3.29513439672867,-3.75881086854889,10.8341630349353));
#5461=CARTESIAN_POINT('Ctrl Pts',(-0.479869967458718,-4.72354720452624,
11.4259794348177));
#5462=CARTESIAN_POINT('Ctrl Pts',(1.96655631476417,-4.40117087633281,11.9191593214089));
#5463=CARTESIAN_POINT('Ctrl Pts',(4.12268976117915,-2.64038428939138,12.4616640420643));
#5464=CARTESIAN_POINT('Ctrl Pts',(4.88403923747965,0.298232957131059,13.0534686387849));
#5465=CARTESIAN_POINT('Ctrl Pts',(3.77149866880467,3.11392338572734,13.6453009911469));
#5466=CARTESIAN_POINT('Ctrl Pts',(0.925245230050724,4.93140666596329,14.3028652395435));
#5467=CARTESIAN_POINT('Ctrl Pts',(-2.86855768665776,4.28343612238785,15.0262026816417));
#5468=CARTESIAN_POINT('Ctrl Pts',(-5.10617469509818,0.715602538572008,15.8152895617547));
#5469=CARTESIAN_POINT('Ctrl Pts',(-4.03609236471801,-2.98143714232054,16.5386255549379));
#5470=CARTESIAN_POINT('Ctrl Pts',(-1.15959403147238,-4.75126392460195,17.1961954168633));
#5471=CARTESIAN_POINT('Ctrl Pts',(1.85922785813196,-4.52707259835707,17.7880147553896));
#5472=CARTESIAN_POINT('Ctrl Pts',(4.17268240478198,-2.55974292112288,18.3798381172756));
#5473=CARTESIAN_POINT('Ctrl Pts',(4.87641722424263,0.393293585930398,18.9716421915567));
#5474=CARTESIAN_POINT('Ctrl Pts',(3.71323379133375,3.18450925824376,19.5634720640546));
#5475=CARTESIAN_POINT('Ctrl Pts',(0.825165529503472,4.94990444549755,20.2210396521912));
#5476=CARTESIAN_POINT('Ctrl Pts',(-2.25767035257547,4.35762011744332,20.8128597078042));
#5477=CARTESIAN_POINT('Ctrl Pts',(-4.04208452136519,2.42329264354947,21.338920509613));
#5478=CARTESIAN_POINT('Ctrl Pts',(-4.68305397831816,0.566953632922515,21.7334610861466));
#5479=CARTESIAN_POINT('Ctrl Pts',(-4.50391572604144,-1.38866095122021,22.1280100695684));
#5480=CARTESIAN_POINT('Ctrl Pts',(-3.23133519095679,-3.6931623407593,22.6540687432802));
#5481=CARTESIAN_POINT('Ctrl Pts',(-0.698666066637482,-4.85745346275776,
23.1801277081101));
#5482=CARTESIAN_POINT('Ctrl Pts',(2.20350730944442,-4.25590199146963,23.7719467399049));
#5483=CARTESIAN_POINT('Ctrl Pts',(4.21856466154155,-2.48308743422234,24.2980082747816));
#5484=CARTESIAN_POINT('Ctrl Pts',(4.87023548698293,0.487603900070725,24.8898149699298));
#5485=CARTESIAN_POINT('Ctrl Pts',(3.64775617606014,3.26032343880319,25.481651255788));
#5486=CARTESIAN_POINT('Ctrl Pts',(1.02524513149387,4.78626765582925,26.0734464776188));
#5487=CARTESIAN_POINT('Ctrl Pts',(-1.9924229078546,4.46836903348712,26.6652823157408));
#5488=CARTESIAN_POINT('Ctrl Pts',(-4.24312821787371,2.43968582094092,27.2570899946477));
#5489=CARTESIAN_POINT('Ctrl Pts',(-4.86569508714799,-0.537358638536922,
27.8489058968569));
#5490=CARTESIAN_POINT('Ctrl Pts',(-3.75306008074256,-2.97992618209344,28.3749733989116));
#5491=CARTESIAN_POINT('Ctrl Pts',(-1.35276267383009,-4.71758323725618,28.9667835929253));
#5492=CARTESIAN_POINT('Ctrl Pts',(1.78479770173161,-4.6897295653263,29.5586067989518));
#5493=CARTESIAN_POINT('Ctrl Pts',(4.26882724046264,-2.3895232716594,30.216176172997));
#5494=CARTESIAN_POINT('Ctrl Pts',(4.85799053027821,0.576396815477755,30.807993822391));
#5495=CARTESIAN_POINT('Ctrl Pts',(3.58585756421067,3.33254453538133,31.3998184610044));
#5496=CARTESIAN_POINT('Ctrl Pts',(0.929523398641738,4.80495390302038,31.9916260962455));
#5497=CARTESIAN_POINT('Ctrl Pts',(-2.0738347253884,4.42900427920554,32.5834501005806));
#5498=CARTESIAN_POINT('Ctrl Pts',(-4.54536076600937,2.12699729155381,33.2410209864554));
#5499=CARTESIAN_POINT('Ctrl Pts',(-4.86386965322874,-1.70940493280909,33.9643553661192));
#5500=CARTESIAN_POINT('Ctrl Pts',(-1.96875652513129,-4.76399772159659,34.7534441471826));
#5501=CARTESIAN_POINT('Ctrl Pts',(2.23345810245261,-4.64434681530918,35.5425341580276));
#5502=CARTESIAN_POINT('Ctrl Pts',(4.95223970068221,-1.43673680854406,36.3316240979857));
#5503=CARTESIAN_POINT('Ctrl Pts',(4.37141447514133,2.73257929303156,37.1207143963889));
#5504=CARTESIAN_POINT('Ctrl Pts',(1.17636476946812,4.87815035402828,37.8440437357376));
#5505=CARTESIAN_POINT('Ctrl Pts',(-2.16550216204356,4.38513584825627,38.5016246634202));
#5506=CARTESIAN_POINT('Ctrl Pts',(-4.33378231574889,2.27316020463115,39.0934312030893));
#5507=CARTESIAN_POINT('Ctrl Pts',(-4.84105888481543,-0.721099158097309,
39.6852593385724));
#5508=CARTESIAN_POINT('Ctrl Pts',(-3.48546746313847,-3.43375107012995,40.2770736910858));
#5509=CARTESIAN_POINT('Ctrl Pts',(-0.793352553856828,-4.82960772597052,
40.8688834310467));
#5510=CARTESIAN_POINT('Ctrl Pts',(2.20789669813499,-4.36758503057588,41.4607165045579));
#5511=CARTESIAN_POINT('Ctrl Pts',(4.35262750045214,-2.23020817583183,42.0525161618225));
#5512=CARTESIAN_POINT('Ctrl Pts',(4.89443576777271,1.10253708230671,42.7101038880111));
#5513=CARTESIAN_POINT('Ctrl Pts',(2.79924603860177,4.33139436612996,43.4334307940261));
#5514=CARTESIAN_POINT('Ctrl Pts',(-1.36514902802448,4.97179070360602,44.2225206310157));
#5515=CARTESIAN_POINT('Ctrl Pts',(-4.33470441245118,2.52620433112116,44.945853297411));
#5516=CARTESIAN_POINT('Ctrl Pts',(-4.8234069037314,-0.816896080518368,45.6034276735645));
#5517=CARTESIAN_POINT('Ctrl Pts',(-3.41965517957986,-3.49895584382872,46.1952465797888));
#5518=CARTESIAN_POINT('Ctrl Pts',(-0.699193959446794,-4.84569754596349,
46.7870598448994));
#5519=CARTESIAN_POINT('Ctrl Pts',(2.04296898227835,-4.36616770287228,47.3295669952688));
#5520=CARTESIAN_POINT('Ctrl Pts',(3.88693397061129,-2.72654338609502,47.8227403031973));
#5521=CARTESIAN_POINT('Ctrl Pts',(4.99854553901041,0.0340855105576504,48.4145628456755));
#5522=CARTESIAN_POINT('Ctrl Pts',(3.68438449520134,3.83926141919958,49.1543306546504));
#5523=CARTESIAN_POINT('Ctrl Pts',(-0.963017069762375,5.23490670701414,50.042058531797));
#5524=CARTESIAN_POINT('Ctrl Pts',(-4.80299226723344,2.2840582016667,50.9297837141702));
#5525=CARTESIAN_POINT('Ctrl Pts',(-4.66835701346815,-2.55724178488685,51.8175094587522));
#5526=CARTESIAN_POINT('Ctrl Pts',(-0.652549782972117,-5.28059937792771,
52.7052368213686));
#5527=CARTESIAN_POINT('Ctrl Pts',(3.07054063685331,-3.92049441466364,53.4336878158064));
#5528=CARTESIAN_POINT('Ctrl Pts',(4.15223940143416,-2.04353979380648,53.8662378770324));
#5529=CARTESIAN_POINT('Ctrl Pts',(4.35620659251543,-1.4081865191132,54.0028731692096));
#5530=CARTESIAN_POINT('Ctrl Pts',(4.35721192886541,-1.40853653677483,54.003));
#5531=CARTESIAN_POINT('Ctrl Pts',(4.41157616656741,-1.02943509920794,54.003));
#5532=CARTESIAN_POINT('Ctrl Pts',(4.44018020319116,-0.669948093607423,54.0029999997898));
#5533=CARTESIAN_POINT('Ctrl Pts',(4.43234604228704,0.122097322494274,54.0029999997898));
#5534=CARTESIAN_POINT('Ctrl Pts',(4.38742229798084,0.532552877362056,54.003));
#5535=CARTESIAN_POINT('Ctrl Pts',(4.29863562699953,0.939005722181921,54.003));
#5536=CARTESIAN_POINT('Ctrl Pts',(4.39862285845365,3.36607955946366E-5,
53.8008783980098));
#5537=CARTESIAN_POINT('Ctrl Pts',(4.39802811520009,-0.377059587429701,53.7202999603613));
#5538=CARTESIAN_POINT('Ctrl Pts',(4.26000132983347,-1.44673007414924,53.4917722764736));
#5539=CARTESIAN_POINT('Ctrl Pts',(3.0766646839289,-3.68889899606503,52.9673235080631));
#5540=CARTESIAN_POINT('Ctrl Pts',(-0.530390449087129,-5.08493510120352,
52.2275550629324));
#5541=CARTESIAN_POINT('Ctrl Pts',(-4.43810006887585,-2.54202919354665,51.3398277003161));
#5542=CARTESIAN_POINT('Ctrl Pts',(-4.65592048492578,2.1064898604026,50.452101955734));
#5543=CARTESIAN_POINT('Ctrl Pts',(-1.02083044298017,5.01151315298209,49.5643767733609));
#5544=CARTESIAN_POINT('Ctrl Pts',(3.27995911596221,3.80864565396118,48.7140978832929));
#5545=CARTESIAN_POINT('Ctrl Pts',(4.39243133368813,1.20980728644768,48.159732091614));
#5546=CARTESIAN_POINT('Ctrl Pts',(4.40186599809959,-3.25282660222082E-5,
47.9012718229217));
#5547=CARTESIAN_POINT('',(4.18586903840795,-1.35591311741694,6.30689540234478));
#5548=CARTESIAN_POINT('Ctrl Pts',(4.39461717496513,0.0995533300698616,6.62193493615418));
#5549=CARTESIAN_POINT('Ctrl Pts',(4.39553442786544,0.0460973566358695,6.62363931261708));
#5550=CARTESIAN_POINT('Ctrl Pts',(4.39584805473765,-0.00733231712313809,
6.62395073068478));
#5551=CARTESIAN_POINT('Ctrl Pts',(4.39536704799518,-0.0607755385451526,
6.62286673172399));
#5552=CARTESIAN_POINT('Ctrl Pts',(4.39510459644336,-0.0899357459977787,
6.62227526972498));
#5553=CARTESIAN_POINT('Ctrl Pts',(4.39460638545178,-0.119099537041803,6.62126864355391));
#5554=CARTESIAN_POINT('Ctrl Pts',(4.39384703624992,-0.148270568794896,6.61984781594285));
#5555=CARTESIAN_POINT('Ctrl Pts',(4.39235861253548,-0.205449604908598,6.6170628080634));
#5556=CARTESIAN_POINT('Ctrl Pts',(4.38987319111654,-0.262315074021469,6.61270812031675));
#5557=CARTESIAN_POINT('Ctrl Pts',(4.38627034841411,-0.318937393056713,6.60678973854166));
#5558=CARTESIAN_POINT('Ctrl Pts',(4.38255063288197,-0.377396486882343,6.60067937002654));
#5559=CARTESIAN_POINT('Ctrl Pts',(4.37763985374731,-0.435595833359769,6.59290268994231));
#5560=CARTESIAN_POINT('Ctrl Pts',(4.37145858907067,-0.493598919537376,6.58346530089919));
#5561=CARTESIAN_POINT('Ctrl Pts',(4.37041826120831,-0.503361036160866,6.58187695623459));
#5562=CARTESIAN_POINT('Ctrl Pts',(4.36934206296373,-0.513117574025908,6.58024155936501));
#5563=CARTESIAN_POINT('Ctrl Pts',(4.3682297561755,-0.522868816593825,6.57855912179784));
#5564=CARTESIAN_POINT('Ctrl Pts',(4.3640231689224,-0.559746639441194,6.57219638042188));
#5565=CARTESIAN_POINT('Ctrl Pts',(4.35931345809177,-0.59642258525221,6.56517864224629));
#5566=CARTESIAN_POINT('Ctrl Pts',(4.35410167774083,-0.632916625944374,6.5575093353793));
#5567=CARTESIAN_POINT('Ctrl Pts',(4.35374780119044,-0.635394547951858,6.55698859435125));
#5568=CARTESIAN_POINT('Ctrl Pts',(4.35339163242943,-0.637871492649376,6.55646487633498));
#5569=CARTESIAN_POINT('Ctrl Pts',(4.3530331737875,-0.640347466170885,6.55593818254034));
#5570=CARTESIAN_POINT('Ctrl Pts',(4.35286855526645,-0.641484532073557,6.55569630371981));
#5571=CARTESIAN_POINT('Ctrl Pts',(4.35270345418971,-0.642621390521177,6.5554537978621));
#5572=CARTESIAN_POINT('Ctrl Pts',(4.35253787080103,-0.643758042103569,6.55521066508618));
#5573=CARTESIAN_POINT('Ctrl Pts',(4.35241294583494,-0.644615592860971,6.55502723271397));
#5574=CARTESIAN_POINT('Ctrl Pts',(4.35228774645686,-0.645473025047974,6.55484344367576));
#5575=CARTESIAN_POINT('Ctrl Pts',(4.3521622727721,-0.646330338941529,6.5546592980177));
#5576=CARTESIAN_POINT('Ctrl Pts',(4.35204422013175,-0.647136947665372,6.55448604351272));
#5577=CARTESIAN_POINT('Ctrl Pts',(4.35192592476441,-0.647943451047,6.55431247345928));
#5578=CARTESIAN_POINT('Ctrl Pts',(4.35180738675841,-0.648749849332227,6.55413858789268));
#5579=CARTESIAN_POINT('Ctrl Pts',(4.35164315314286,-0.649867108770203,6.55389767060158));
#5580=CARTESIAN_POINT('Ctrl Pts',(4.35147845396732,-0.650984165054795,6.55365614795846));
#5581=CARTESIAN_POINT('Ctrl Pts',(4.35131328949952,-0.652101018678204,6.5534140200928));
#5582=CARTESIAN_POINT('Ctrl Pts',(4.3509800694581,-0.654354275783761,6.55292552605712));
#5583=CARTESIAN_POINT('Ctrl Pts',(4.35064495689191,-0.656606698716816,6.55243457058567));
#5584=CARTESIAN_POINT('Ctrl Pts',(4.35030795404279,-0.658858292078557,6.55194115462518));
#5585=CARTESIAN_POINT('Ctrl Pts',(4.34734757935678,-0.678637234626833,6.5476067814205));
#5586=CARTESIAN_POINT('Ctrl Pts',(4.34424199337617,-0.698347462840286,6.54308361115213));
#5587=CARTESIAN_POINT('Ctrl Pts',(4.34099328658272,-0.717991988127758,6.53837233356588));
#5588=CARTESIAN_POINT('Ctrl Pts',(4.33181334868771,-0.773501929031016,6.52505957916919));
#5589=CARTESIAN_POINT('Ctrl Pts',(4.32152310304657,-0.828287977582383,6.51032217345947));
#5590=CARTESIAN_POINT('Ctrl Pts',(4.31024324480128,-0.882310421434776,6.49419868948266));
#5591=CARTESIAN_POINT('Ctrl Pts',(4.29898722226503,-0.936218709308785,6.47810927638375));
#5592=CARTESIAN_POINT('Ctrl Pts',(4.2867462270263,-0.989366038619917,6.46063933729189));
#5593=CARTESIAN_POINT('Ctrl Pts',(4.273686030397,-1.04173906091981,6.44182444732467));
#5594=CARTESIAN_POINT('Ctrl Pts',(4.26058434943616,-1.09427844057877,6.42294979385195));
#5595=CARTESIAN_POINT('Ctrl Pts',(4.24665868761663,-1.14603803080628,6.40272119515442));
#5596=CARTESIAN_POINT('Ctrl Pts',(4.23211592745596,-1.19703921009042,6.38117734793084));
#5597=CARTESIAN_POINT('Ctrl Pts',(4.2175731672953,-1.24804038937457,6.35963350070726));
#5598=CARTESIAN_POINT('Ctrl Pts',(4.20241377773459,-1.29828267341561,6.33677386732056));
#5599=CARTESIAN_POINT('Ctrl Pts',(4.18687730676718,-1.34783002570413,6.31264726677202));
#5600=CARTESIAN_POINT('Ctrl Pts',(4.18564751780401,-1.35175194511083,6.31073752632095));
#5601=CARTESIAN_POINT('Ctrl Pts',(4.18441551401806,-1.35566910736425,6.30881974292099));
#5602=CARTESIAN_POINT('Ctrl Pts',(4.18318143961061,-1.35958152180903,6.30689392031106));
#5603=CARTESIAN_POINT('Ctrl Pts',(4.18442035865214,-1.35565298635658,6.30777221837605));
#5604=CARTESIAN_POINT('Ctrl Pts',(4.07081280360234,-1.71647391305669,6.22711649621424));
#5605=CARTESIAN_POINT('Ctrl Pts',(3.32861449590476,-3.32871509469969,5.85055209133273));
#5606=CARTESIAN_POINT('Ctrl Pts',(0.957791746109474,-4.7070638401362,5.32603285541495));
#5607=CARTESIAN_POINT('Ctrl Pts',(-1.76714747217584,-4.18500557209641,4.75209810907034));
#5608=CARTESIAN_POINT('Ctrl Pts',(-2.84500082211141,-3.41008521016603,4.47407797509594));
#5609=CARTESIAN_POINT('Ctrl Pts',(-3.25526697568186,-2.96002254688067,4.34400280045746));
#5610=CARTESIAN_POINT('Ctrl Pts',(0.411060643318754,4.56073460233108,0.100000000401085));
#5611=CARTESIAN_POINT('Ctrl Pts',(-0.70015422138901,4.66088879611351,0.328789129447034));
#5612=CARTESIAN_POINT('Ctrl Pts',(-2.99370339203628,4.01329746196953,0.786367387538932));
#5613=CARTESIAN_POINT('Ctrl Pts',(-4.90911590973566,0.98922440202452,1.47273477467678));
#5614=CARTESIAN_POINT('Ctrl Pts',(-4.31578458721381,-2.54189283684783,2.15910216181463));
#5615=CARTESIAN_POINT('Ctrl Pts',(-1.51651821308658,-4.77075859054848,2.84546954895248));
#5616=CARTESIAN_POINT('Ctrl Pts',(2.05742898289949,-4.56786998368846,3.53183693609032));
#5617=CARTESIAN_POINT('Ctrl Pts',(4.57889324232329,-2.02473906390819,4.21820432322817));
#5618=CARTESIAN_POINT('Ctrl Pts',(4.69981211071692,0.35477658804371,4.67578258132007));
#5619=CARTESIAN_POINT('Ctrl Pts',(4.35484823560498,1.41582760611375,4.90457171036602));
#5620=CARTESIAN_POINT('Ctrl Pts',(0.434021945043332,4.90013863020662,-0.304155470866513));
#5621=CARTESIAN_POINT('Ctrl Pts',(-0.759957746109603,5.00589509837963,-0.0753663418205641));
#5622=CARTESIAN_POINT('Ctrl Pts',(-3.22267206957954,4.30640956027539,0.382211916271333));
#5623=CARTESIAN_POINT('Ctrl Pts',(-5.27537618661315,1.05455737720011,1.06857930340918));
#5624=CARTESIAN_POINT('Ctrl Pts',(-4.6321126203879,-2.73785855972059,1.75494669054703));
#5625=CARTESIAN_POINT('Ctrl Pts',(-1.6212324951581,-5.12758696846528,2.44131407768488));
#5626=CARTESIAN_POINT('Ctrl Pts',(2.21782822525185,-4.90375984563345,3.12768146482272));
#5627=CARTESIAN_POINT('Ctrl Pts',(4.92232539046844,-2.16747035901251,3.81404885196057));
#5628=CARTESIAN_POINT('Ctrl Pts',(5.04829474471214,0.388857060621934,4.27162711005247));
#5629=CARTESIAN_POINT('Ctrl Pts',(4.67592981943986,1.52820612735831,4.50041623909842));
#5630=CARTESIAN_POINT('Ctrl Pts',(0.464125383313457,5.40534542946477,-1.49375347270756));
#5631=CARTESIAN_POINT('Ctrl Pts',(-0.852045696267763,5.51835816838802,-1.26496434366161));
#5632=CARTESIAN_POINT('Ctrl Pts',(-3.56724785134065,4.73950450953668,-0.807386085569712));
#5633=CARTESIAN_POINT('Ctrl Pts',(-5.82071068356627,1.14723966526341,-0.121018698431864));
#5634=CARTESIAN_POINT('Ctrl Pts',(-5.10014623931348,-3.03288302213348,0.565348688705983));
#5635=CARTESIAN_POINT('Ctrl Pts',(-1.77274802693458,-5.65981235151739,1.25171607584383));
#5636=CARTESIAN_POINT('Ctrl Pts',(2.46022060278919,-5.40080451759557,1.93808346298168));
#5637=CARTESIAN_POINT('Ctrl Pts',(5.4349449869154,-2.37637665516874,2.62445085011953));
#5638=CARTESIAN_POINT('Ctrl Pts',(5.56601278538342,0.444682444130776,3.08202910821143));
#5639=CARTESIAN_POINT('Ctrl Pts',(5.15226084059586,1.69922918222762,3.31081823725737));
#5640=CARTESIAN_POINT('Ctrl Pts',(0.417865558221636,5.01531405321564,-2.7656977482748));
#5641=CARTESIAN_POINT('Ctrl Pts',(-0.805441671931924,5.11723802969051,-2.53690861922886));
#5642=CARTESIAN_POINT('Ctrl Pts',(-3.31933449979219,4.38868954216572,-2.07933036113695));
#5643=CARTESIAN_POINT('Ctrl Pts',(-5.40292513909739,1.05085947298776,-1.39296297399911));
#5644=CARTESIAN_POINT('Ctrl Pts',(-4.7244686092138,-2.82601065632498,-0.70659558686126));
#5645=CARTESIAN_POINT('Ctrl Pts',(-1.63121151443905,-5.2541873437544,-0.0202281997234144));
#5646=CARTESIAN_POINT('Ctrl Pts',(2.29539850779412,-5.00579681836378,0.666139187414434));
#5647=CARTESIAN_POINT('Ctrl Pts',(5.04727231734906,-2.19027948175679,1.35250657455228));
#5648=CARTESIAN_POINT('Ctrl Pts',(5.16289185766093,0.423553814309695,1.81008483264418));
#5649=CARTESIAN_POINT('Ctrl Pts',(4.77546863886039,1.58835951736092,2.03887396169013));
#5650=CARTESIAN_POINT('Ctrl Pts',(0.371026433242373,4.56416589873999,-3.30457170996493));
#5651=CARTESIAN_POINT('Ctrl Pts',(-0.741024460725426,4.65456582852492,-3.07578258091898));
#5652=CARTESIAN_POINT('Ctrl Pts',(-3.02880301505366,3.98687456709418,-2.61820432282708));
#5653=CARTESIAN_POINT('Ctrl Pts',(-4.91760692022678,0.946111045764808,-1.93183693568924));
#5654=CARTESIAN_POINT('Ctrl Pts',(-4.29331448094293,-2.57966404110616,-1.24546954855139));
#5655=CARTESIAN_POINT('Ctrl Pts',(-1.47459858051148,-4.78388169233614,-0.559102161413544));
#5656=CARTESIAN_POINT('Ctrl Pts',(2.097430773059,-4.54964112428462,0.127265225724306));
#5657=CARTESIAN_POINT('Ctrl Pts',(4.59648313870255,-1.98448339804918,0.813632612862152));
#5658=CARTESIAN_POINT('Ctrl Pts',(4.6965181773731,0.396001657912285,1.27121087095405));
#5659=CARTESIAN_POINT('Ctrl Pts',(4.34225733910197,1.45398492646956,1.5));
#5660=CARTESIAN_POINT('',(3.42474999074358,-3.03979579402608,3.92775657897581));
#5661=CARTESIAN_POINT('Ctrl Pts',(3.42473526002041,-3.03978240271267,3.92775548778405));
#5662=CARTESIAN_POINT('Ctrl Pts',(2.66585461825384,-3.89365849744512,3.69345965432108));
#5663=CARTESIAN_POINT('Ctrl Pts',(0.836937466850705,-4.82153380140162,3.30021643178578));
#5664=CARTESIAN_POINT('Ctrl Pts',(-1.91358539152925,-4.37896011908602,2.74798933653065));
#5665=CARTESIAN_POINT('Ctrl Pts',(-3.17152464500207,-3.39287959103059,2.4300505478273));
#5666=CARTESIAN_POINT('Ctrl Pts',(-3.64153273557695,-2.77642041200503,2.27108893940161));
#5667=CARTESIAN_POINT('',(4.47955767331818,-2.2635153667243,1.5));
#5668=CARTESIAN_POINT('Ctrl Pts',(3.42474999032997,-3.03979579398362,3.92775657932865));
#5669=CARTESIAN_POINT('Ctrl Pts',(3.56508680230743,-3.05421194761937,3.80802574840449));
#5670=CARTESIAN_POINT('Ctrl Pts',(3.69121544776692,-3.06329097731919,3.67223373427206));
#5671=CARTESIAN_POINT('Ctrl Pts',(3.91489268089871,-3.05979662460866,3.38001805620559));
#5672=CARTESIAN_POINT('Ctrl Pts',(4.01194030343386,-3.04752751011326,3.2250721974958));
#5673=CARTESIAN_POINT('Ctrl Pts',(4.23648371222884,-2.97672748961806,2.79485461874611));
#5674=CARTESIAN_POINT('Ctrl Pts',(4.33744481371917,-2.89286407417455,2.51464176672756));
#5675=CARTESIAN_POINT('Ctrl Pts',(4.4638318335829,-2.63546884309024,1.97545239163405));
#5676=CARTESIAN_POINT('Ctrl Pts',(4.4887246102907,-2.46737241122504,1.72380664469202));
#5677=CARTESIAN_POINT('Ctrl Pts',(4.47955767331818,-2.2635153667243,1.5));
#5678=CARTESIAN_POINT('',(4.34225734004602,1.45398492471318,1.49999999999982));
#5679=CARTESIAN_POINT('Ctrl Pts',(4.47955767331818,-2.2635153667243,1.5));
#5680=CARTESIAN_POINT('Ctrl Pts',(4.59205658355706,-1.99378390604022,1.5));
#5681=CARTESIAN_POINT('Ctrl Pts',(4.67891982398618,-1.71367332834534,1.5));
#5682=CARTESIAN_POINT('Ctrl Pts',(4.82816896769021,-0.991014367500393,1.5));
#5683=CARTESIAN_POINT('Ctrl Pts',(4.85348955295692,-0.543908336153636,1.5));
#5684=CARTESIAN_POINT('Ctrl Pts',(4.75699587297168,0.443040691996331,1.5));
#5685=CARTESIAN_POINT('Ctrl Pts',(4.6006064786928,0.973503210258948,1.5));
#5686=CARTESIAN_POINT('Ctrl Pts',(4.34225733910197,1.45398492646956,1.5));
#5687=CARTESIAN_POINT('',(1.79580143346896,-4.21240645949884,0.100000000000002));
#5688=CARTESIAN_POINT('Ctrl Pts',(1.79580143346893,-4.21240645949885,0.0999999999999977));
#5689=CARTESIAN_POINT('Ctrl Pts',(2.51339846734218,-3.90648589022977,0.259964093091177));
#5690=CARTESIAN_POINT('Ctrl Pts',(3.78805271936974,-2.92022717083421,0.579913060025989));
#5691=CARTESIAN_POINT('Ctrl Pts',(4.7067440912957,-0.755916129333743,1.04657518275706));
#5692=CARTESIAN_POINT('Ctrl Pts',(4.56966391892611,0.775795157288175,1.35326410800632));
#5693=CARTESIAN_POINT('Ctrl Pts',(4.34300416947504,1.45425362042359,1.49998432640769));
#5694=CARTESIAN_POINT('',(0.41106064334154,4.5607346026679,0.0999999999999996));
#5695=CARTESIAN_POINT('Ctrl Pts',(0.41106064334154,4.5607346026679,0.1));
#5696=CARTESIAN_POINT('Ctrl Pts',(0.301990817396806,4.58976330772597,0.1));
#5697=CARTESIAN_POINT('Ctrl Pts',(0.191545915147257,4.61411368552191,0.100000000000001));
#5698=CARTESIAN_POINT('Ctrl Pts',(-0.467810638236775,4.73051833918532,0.100000000000001));
#5699=CARTESIAN_POINT('Ctrl Pts',(-1.0313392120573,4.71299575790738,0.0999999999999992));
#5700=CARTESIAN_POINT('Ctrl Pts',(-2.16101214195975,4.45901566457584,0.0999999999999992));
#5701=CARTESIAN_POINT('Ctrl Pts',(-2.7142193839207,4.20844675461703,0.100000000000001));
#5702=CARTESIAN_POINT('Ctrl Pts',(-3.71080012759204,3.49798233972414,0.100000000000001));
#5703=CARTESIAN_POINT('Ctrl Pts',(-4.14037268993811,3.03741606862297,0.1));
#5704=CARTESIAN_POINT('Ctrl Pts',(-4.8042113566174,1.96876105434251,0.1));
#5705=CARTESIAN_POINT('Ctrl Pts',(-5.02880097263092,1.36797833995811,0.100000000000001));
#5706=CARTESIAN_POINT('Ctrl Pts',(-5.23504900350032,0.112453707864212,0.100000000000001));
#5707=CARTESIAN_POINT('Ctrl Pts',(-5.21390360291929,-0.531255504409997,
0.1));
#5708=CARTESIAN_POINT('Ctrl Pts',(-4.92721190318638,-1.76816298144921,0.1));
#5709=CARTESIAN_POINT('Ctrl Pts',(-4.66620376121551,-2.35094544447839,0.0999999999999999));
#5710=CARTESIAN_POINT('Ctrl Pts',(-3.94342076762864,-3.37207890132261,0.0999999999999999));
#5711=CARTESIAN_POINT('Ctrl Pts',(-3.49204540584104,-3.80445455114104,0.0999999999999999));
#5712=CARTESIAN_POINT('Ctrl Pts',(-2.46767274893692,-4.45958929431323,0.0999999999999999));
#5713=CARTESIAN_POINT('Ctrl Pts',(-1.90777783516588,-4.68364213337967,0.0999999999999999));
#5714=CARTESIAN_POINT('Ctrl Pts',(-0.765035628035599,-4.89807748639667,
0.0999999999999999));
#5715=CARTESIAN_POINT('Ctrl Pts',(-0.193578968404148,-4.89817418823495,
0.100000000000001));
#5716=CARTESIAN_POINT('Ctrl Pts',(0.840511973089395,-4.69311941868183,0.1));
#5717=CARTESIAN_POINT('Ctrl Pts',(1.30141852076757,-4.51661761773623,0.1));
#5718=CARTESIAN_POINT('Ctrl Pts',(1.74391467154646,-4.24546909665332,0.1));
#5719=CARTESIAN_POINT('Ctrl Pts',(1.76995920695526,-4.22908787493251,0.0999999999999994));
#5720=CARTESIAN_POINT('Ctrl Pts',(1.79580143346896,-4.21240645949883,0.0999999999999994));
#5721=CARTESIAN_POINT('Ctrl Pts',(-4.51339808494162,0.773633437308685,1.5));
#5722=CARTESIAN_POINT('Ctrl Pts',(-4.29240459003484,2.06291537445796,1.23176440945372));
#5723=CARTESIAN_POINT('Ctrl Pts',(-2.94912830104709,4.02530915203005,0.784691475053021));
#5724=CARTESIAN_POINT('Ctrl Pts',(-0.649456600392989,4.62635410626267,0.318092423064609));
#5725=CARTESIAN_POINT('Ctrl Pts',(0.316279059504941,4.56880323675316,0.119743913695079));
#5726=CARTESIAN_POINT('Ctrl Pts',(0.411053423207255,4.5601591460874,0.100219731478605));
#5727=CARTESIAN_POINT('Origin',(0.,0.,54.003));
#5728=CARTESIAN_POINT('',(3.27394532480759,-2.93960575760944,4.41792648000473));
#5729=CARTESIAN_POINT('Ctrl Pts',(4.18586904090068,-1.35591311389381,6.30689539357718));
#5730=CARTESIAN_POINT('Ctrl Pts',(4.08559111626553,-1.66548328908788,6.15398895736769));
#5731=CARTESIAN_POINT('Ctrl Pts',(3.95691351544949,-1.94134650758523,5.95037405838593));
#5732=CARTESIAN_POINT('Ctrl Pts',(3.68012614602993,-2.43106726424014,5.46065330173103));
#5733=CARTESIAN_POINT('Ctrl Pts',(3.50887163778292,-2.66269892752852,5.12643839446478));
#5734=CARTESIAN_POINT('Ctrl Pts',(3.33884973982127,-2.8663003815994,4.64462592387862));
#5735=CARTESIAN_POINT('Ctrl Pts',(3.30388809562432,-2.90625741003819,4.53242518529136));
#5736=CARTESIAN_POINT('Ctrl Pts',(3.27394532480757,-2.93960575760945,4.41792648000473));
#5737=CARTESIAN_POINT('Ctrl Pts',(-3.23818267657963,-2.97837060899532,2.85325845722488));
#5738=CARTESIAN_POINT('Ctrl Pts',(-2.84410413801439,-3.40577414325363,2.97739351491283));
#5739=CARTESIAN_POINT('Ctrl Pts',(-1.75223445477588,-4.20183059212208,3.26050153260654));
#5740=CARTESIAN_POINT('Ctrl Pts',(0.735777976592864,-4.65087017001466,3.78206115822931));
#5741=CARTESIAN_POINT('Ctrl Pts',(2.52744243057499,-3.77101304894489,4.17946702348826));
#5742=CARTESIAN_POINT('Ctrl Pts',(3.27394532480759,-2.93960575760943,4.41792648000472));
#5743=CARTESIAN_POINT('Origin',(0.,0.,54.003));
#5744=CARTESIAN_POINT('',(2.54800404044402,3.58715422164715,0.0999999999999979));
#5745=CARTESIAN_POINT('Ctrl Pts',(2.54800404044402,3.58715422164715,0.0999999999999977));
#5746=CARTESIAN_POINT('Ctrl Pts',(1.8648528215613,4.07240574929073,0.278829409390604));
#5747=CARTESIAN_POINT('Ctrl Pts',(0.218656277376791,4.63914375015041,0.636469297717998));
#5748=CARTESIAN_POINT('Ctrl Pts',(-2.19431958069333,4.05728175816341,1.14357043341986));
#5749=CARTESIAN_POINT('Ctrl Pts',(-3.32449434189523,2.9539985933287,1.47184116936574));
#5750=CARTESIAN_POINT('Ctrl Pts',(-3.70253604070931,2.36462149526204,1.62128111549072));
#5751=CARTESIAN_POINT('',(3.52899081643959,-2.62796952369791,0.100000000001019));
#5752=CARTESIAN_POINT('Origin',(0.,0.,0.0999999999999979));
#5753=CARTESIAN_POINT('Ctrl Pts',(-3.21926052925249,2.99930957780479,2.94674930606283));
#5754=CARTESIAN_POINT('Ctrl Pts',(-2.74522245986454,3.50745290143482,2.79843387087568));
#5755=CARTESIAN_POINT('Ctrl Pts',(-1.50649974922734,4.327074703432,2.49012969617905));
#5756=CARTESIAN_POINT('Ctrl Pts',(0.75152362122578,4.53522924346919,2.02187836243245));
#5757=CARTESIAN_POINT('Ctrl Pts',(2.87271976998288,3.58692501909628,1.54196141472651));
#5758=CARTESIAN_POINT('Ctrl Pts',(4.26134030539147,1.72419510768054,1.06205022304816));
#5759=CARTESIAN_POINT('Ctrl Pts',(4.55946334064073,-0.580670568353042,0.582142929270856));
#5760=CARTESIAN_POINT('Ctrl Pts',(3.98014357993752,-2.02104205925669,0.26145536010761));
#5761=CARTESIAN_POINT('Ctrl Pts',(3.53120211981877,-2.62525475996363,0.100736344618482));
#5762=CARTESIAN_POINT('Ctrl Pts',(3.52911350285135,-2.62805860859634,0.099989851296472));
#5763=CARTESIAN_POINT('Ctrl Pts',(3.46487280743988,-2.99398186312816,3.94024472156856));
#5764=CARTESIAN_POINT('Ctrl Pts',(2.70456128596475,-3.87387453996288,3.7017852650521));
#5765=CARTESIAN_POINT('Ctrl Pts',(0.857672303589698,-4.82487014635139,3.30437939979314));
#5766=CARTESIAN_POINT('Ctrl Pts',(-1.91358539152925,-4.37896011908602,2.74798933653065));
#5767=CARTESIAN_POINT('Ctrl Pts',(-3.17152464500207,-3.39287959103059,2.4300505478273));
#5768=CARTESIAN_POINT('Ctrl Pts',(-3.64153273557695,-2.77642041200503,2.27108893940161));
#5769=CARTESIAN_POINT('Ctrl Pts',(3.36398869024259,-2.93574497229773,4.072240006807));
#5770=CARTESIAN_POINT('Ctrl Pts',(2.61855855189348,-3.78993039921645,3.83378055029054));
#5771=CARTESIAN_POINT('Ctrl Pts',(0.813045410809548,-4.70834322459097,3.43637468503159));
#5772=CARTESIAN_POINT('Ctrl Pts',(-1.88661104203599,-4.26034794414757,2.8799846217691));
#5773=CARTESIAN_POINT('Ctrl Pts',(-3.10855250062769,-3.29287301903596,2.56204583306575));
#5774=CARTESIAN_POINT('Ctrl Pts',(-3.56382523987762,-2.68964088868063,2.40308422464006));
#5775=CARTESIAN_POINT('Ctrl Pts',(3.29504246976584,-2.91610910370472,4.24473666040974));
#5776=CARTESIAN_POINT('Ctrl Pts',(2.55460041296676,-3.75278018595997,4.00627720389328));
#5777=CARTESIAN_POINT('Ctrl Pts',(0.769020878947915,-4.64550956440415,3.60887133863432));
#5778=CARTESIAN_POINT('Ctrl Pts',(-1.88834228725202,-4.18555089601442,3.05248127537183));
#5779=CARTESIAN_POINT('Ctrl Pts',(-3.08592460321531,-3.22377527386104,2.73454248666848));
#5780=CARTESIAN_POINT('Ctrl Pts',(-3.53045327066433,-2.62619437321872,2.57558087824279));
#5781=CARTESIAN_POINT('Ctrl Pts',(3.27394532480759,-2.93960575760943,4.41792648000472));
#5782=CARTESIAN_POINT('Ctrl Pts',(2.52744243057499,-3.77101304894489,4.17946702348826));
#5783=CARTESIAN_POINT('Ctrl Pts',(0.735777976592864,-4.65087017001466,3.78206115822931));
#5784=CARTESIAN_POINT('Ctrl Pts',(-1.91838719663,-4.17184313863222,3.22567109496682));
#5785=CARTESIAN_POINT('Ctrl Pts',(-3.10885328389107,-3.20153758346297,2.90773230626347));
#5786=CARTESIAN_POINT('Ctrl Pts',(-3.54911829968305,-2.6007228408377,2.74877069783778));
#5787=CARTESIAN_POINT('Ctrl Pts',(3.27394532480755,-2.93960575760948,4.41792648000471));
#5788=CARTESIAN_POINT('Ctrl Pts',(3.2736704379282,-2.93991190907594,4.41687533507301));
#5789=CARTESIAN_POINT('Ctrl Pts',(3.27339825958402,-2.94021772752317,4.4158234025401));
#5790=CARTESIAN_POINT('Ctrl Pts',(3.27312881425143,-2.94052320664699,4.41477069259242));
#5791=CARTESIAN_POINT('Ctrl Pts',(3.27240739092658,-2.94134110823414,4.41195212638001));
#5792=CARTESIAN_POINT('Ctrl Pts',(3.27170554986245,-2.94215658828497,4.40912794887217));
#5793=CARTESIAN_POINT('Ctrl Pts',(3.27102376330649,-2.94296952620242,4.40629835756675));
#5794=CARTESIAN_POINT('Ctrl Pts',(3.26454588852024,-2.95069351253247,4.37941349453677));
#5795=CARTESIAN_POINT('Ctrl Pts',(3.25989478314386,-2.95816588593416,4.35211158499974));
#5796=CARTESIAN_POINT('Ctrl Pts',(3.25744574132623,-2.96530388800751,4.32454131505365));
#5797=CARTESIAN_POINT('Ctrl Pts',(3.25526889302148,-2.97164855211284,4.30003528377157));
#5798=CARTESIAN_POINT('Ctrl Pts',(3.25483207845807,-2.97772967160464,4.27531734455153));
#5799=CARTESIAN_POINT('Ctrl Pts',(3.25640905641935,-2.9834928144164,4.25052486050705));
#5800=CARTESIAN_POINT('Ctrl Pts',(3.25822763342532,-2.99013889271104,4.22193407324742));
#5801=CARTESIAN_POINT('Ctrl Pts',(3.26268775546373,-2.99621586688872,4.19385854165962));
#5802=CARTESIAN_POINT('Ctrl Pts',(3.26987122878091,-3.0017574779728,4.16639497666707));
#5803=CARTESIAN_POINT('Ctrl Pts',(3.27705470209809,-3.00729908905688,4.13893141167452));
#5804=CARTESIAN_POINT('Ctrl Pts',(3.28696166705362,-3.01230548895334,4.11207876146451));
#5805=CARTESIAN_POINT('Ctrl Pts',(3.29970186325797,-3.01680528358673,4.08597782609338));
#5806=CARTESIAN_POINT('Ctrl Pts',(3.31558828578023,-3.02241631481913,4.05343119330364));
#5807=CARTESIAN_POINT('Ctrl Pts',(3.33531807773415,-3.02706004919358,4.02318323972461));
#5808=CARTESIAN_POINT('Ctrl Pts',(3.35819906454151,-3.03098473453252,3.99528855075646));
#5809=CARTESIAN_POINT('Ctrl Pts',(3.37549232241733,-3.03395097878672,3.97420597884848));
#5810=CARTESIAN_POINT('Ctrl Pts',(3.39458646679284,-3.03650595713891,3.95446667034944));
#5811=CARTESIAN_POINT('Ctrl Pts',(3.41519554763835,-3.03876471874466,3.93608132833326));
#5812=CARTESIAN_POINT('Ctrl Pts',(3.41834496603925,-3.03910989597104,3.93327173508227));
#5813=CARTESIAN_POINT('Ctrl Pts',(3.42152646368196,-3.03944768732629,3.93049683027001));
#5814=CARTESIAN_POINT('Ctrl Pts',(3.42473873123843,-3.03977849696849,3.92775655948415));
#5815=CARTESIAN_POINT('Ctrl Pts',(-4.51339808494162,0.773633437308685,1.5));
#5816=CARTESIAN_POINT('Ctrl Pts',(-4.29240459003484,2.06291537445796,1.23176440945372));
#5817=CARTESIAN_POINT('Ctrl Pts',(-2.94912830104709,4.02530915203005,0.784691475053021));
#5818=CARTESIAN_POINT('Ctrl Pts',(0.13569058636198,4.83156111680891,0.158787539281835));
#5819=CARTESIAN_POINT('Ctrl Pts',(1.85984886481746,4.2744314456579,-0.198852349045557));
#5820=CARTESIAN_POINT('Ctrl Pts',(2.58030316973694,3.78302874965579,-0.377681758436167));
#5821=CARTESIAN_POINT('Ctrl Pts',(-4.39693318654399,0.775884658644314,1.63199528523845));
#5822=CARTESIAN_POINT('Ctrl Pts',(-4.17533435828014,2.03175915537205,1.36375969469217));
#5823=CARTESIAN_POINT('Ctrl Pts',(-2.85605688559043,3.93884214313548,0.916686760291466));
#5824=CARTESIAN_POINT('Ctrl Pts',(0.15532232017487,4.71011396694833,0.29078282452028));
#5825=CARTESIAN_POINT('Ctrl Pts',(1.83389223465969,4.15868218876425,-0.0668570638071124));
#5826=CARTESIAN_POINT('Ctrl Pts',(2.53392313527581,3.67617355343373,-0.245686473197721));
#5827=CARTESIAN_POINT('Ctrl Pts',(-4.32775544484072,0.794688613182306,1.80449193884118));
#5828=CARTESIAN_POINT('Ctrl Pts',(-4.10078339843961,2.03079561389404,1.5362563482949));
#5829=CARTESIAN_POINT('Ctrl Pts',(-2.78762026694558,3.90116534937557,1.0891834138942));
#5830=CARTESIAN_POINT('Ctrl Pts',(0.185281011848559,4.64062453629768,0.463279478123015));
#5831=CARTESIAN_POINT('Ctrl Pts',(1.83570359869321,4.08572754784387,0.105639589795621));
#5832=CARTESIAN_POINT('Ctrl Pts',(2.52225952949871,3.60544089510882,-0.0731898195949867));
#5833=CARTESIAN_POINT('Ctrl Pts',(-4.32182946832622,0.825705787013209,1.97768175843617));
#5834=CARTESIAN_POINT('Ctrl Pts',(-4.08596116321315,2.06026488507791,1.70944616788988));
#5835=CARTESIAN_POINT('Ctrl Pts',(-2.75962750105845,3.92096411058747,1.26237323348918));
#5836=CARTESIAN_POINT('Ctrl Pts',(0.218656277376791,4.63914375015041,0.636469297717998));
#5837=CARTESIAN_POINT('Ctrl Pts',(1.8648528215613,4.07240574929073,0.278829409390604));
#5838=CARTESIAN_POINT('Ctrl Pts',(2.54800404044402,3.58715422164715,0.0999999999999977));
#5839=CARTESIAN_POINT('Ctrl Pts',(0.411060643341483,4.56073460266792,0.0999999999999996));
#5840=CARTESIAN_POINT('Ctrl Pts',(0.781156665189035,4.46223432389403,0.0999999999999996));
#5841=CARTESIAN_POINT('Ctrl Pts',(1.12311417235143,4.3477172448082,0.100000000210188));
#5842=CARTESIAN_POINT('Ctrl Pts',(1.84877832039505,4.03021313540304,0.100000000210188));
#5843=CARTESIAN_POINT('Ctrl Pts',(2.20882455078494,3.82807798925986,0.1));
#5844=CARTESIAN_POINT('Ctrl Pts',(2.54800404044402,3.58715422164715,0.1));
#5845=CARTESIAN_POINT('Origin',(0.,0.,3.56175090769711));
#5846=CARTESIAN_POINT('',(5.6106147777764,-2.2635153667243,1.5));
#5847=CARTESIAN_POINT('',(5.6106147777764,2.2635153667243,1.5));
#5848=CARTESIAN_POINT('Ctrl Pts',(5.6106147777764,-2.2635153667243,1.5));
#5849=CARTESIAN_POINT('Ctrl Pts',(5.51890718895838,-2.49083255688822,1.74956261745088));
#5850=CARTESIAN_POINT('Ctrl Pts',(5.4228463328,-2.68690465605853,2.05111302725978));
#5851=CARTESIAN_POINT('Ctrl Pts',(5.2672117281248,-2.98170607550048,2.7557767376351));
#5852=CARTESIAN_POINT('Ctrl Pts',(5.21806299111203,-3.06175090769758,3.16865940242947));
#5853=CARTESIAN_POINT('Ctrl Pts',(5.21806299111203,-3.06175090769758,3.95484241296476));
#5854=CARTESIAN_POINT('Ctrl Pts',(5.2672117281248,-2.98170607550048,4.36772507775913));
#5855=CARTESIAN_POINT('Ctrl Pts',(5.43316559253961,-2.66735802357809,5.11911109562906));
#5856=CARTESIAN_POINT('Ctrl Pts',(5.54655371663766,-2.4332668488783,5.45845371709286));
#5857=CARTESIAN_POINT('Ctrl Pts',(5.75188287116599,-1.89747573831587,5.99424482765529));
#5858=CARTESIAN_POINT('Ctrl Pts',(5.8585589687683,-1.5578749702159,6.22890166259055));
#5859=CARTESIAN_POINT('Ctrl Pts',(6.00841890866307,-0.80535080328828,6.54370967790528));
#5860=CARTESIAN_POINT('Ctrl Pts',(6.05,-0.39195899630201,6.62350181539469));
#5861=CARTESIAN_POINT('Ctrl Pts',(6.05,0.391958996302013,6.62350181539469));
#5862=CARTESIAN_POINT('Ctrl Pts',(6.00841890866307,0.805350803288283,6.54370967790528));
#5863=CARTESIAN_POINT('Ctrl Pts',(5.8585589687683,1.55787497021591,6.22890166259055));
#5864=CARTESIAN_POINT('Ctrl Pts',(5.75188287116599,1.89747573831587,5.99424482765529));
#5865=CARTESIAN_POINT('Ctrl Pts',(5.54655371663766,2.4332668488783,5.45845371709286));
#5866=CARTESIAN_POINT('Ctrl Pts',(5.43316559253961,2.66735802357809,5.11911109562906));
#5867=CARTESIAN_POINT('Ctrl Pts',(5.2672117281248,2.98170607550048,4.36772507775913));
#5868=CARTESIAN_POINT('Ctrl Pts',(5.21806299111203,3.06175090769758,3.95484241296476));
#5869=CARTESIAN_POINT('Ctrl Pts',(5.21806299111203,3.06175090769758,3.56175090769711));
#5870=CARTESIAN_POINT('Ctrl Pts',(5.21806299111203,3.06175090769758,3.16865940242947));
#5871=CARTESIAN_POINT('Ctrl Pts',(5.2672117281248,2.98170607550048,2.7557767376351));
#5872=CARTESIAN_POINT('Ctrl Pts',(5.4228463328,2.68690465605853,2.05111302725978));
#5873=CARTESIAN_POINT('Ctrl Pts',(5.51890718895838,2.49083255688823,1.74956261745088));
#5874=CARTESIAN_POINT('Ctrl Pts',(5.6106147777764,2.2635153667243,1.5));
#5875=CARTESIAN_POINT('',(0.,-2.2635153667243,1.5));
#5876=CARTESIAN_POINT('',(3.76868502495569,2.60120822767058,5.17669185053784));
#5877=CARTESIAN_POINT('Ctrl Pts',(3.76868499549052,2.60120825257059,5.17669185012988));
#5878=CARTESIAN_POINT('Ctrl Pts',(3.76666701336906,2.59919679183445,5.17993173843112));
#5879=CARTESIAN_POINT('Ctrl Pts',(3.76469568252195,2.59716652256689,5.18318841404444));
#5880=CARTESIAN_POINT('Ctrl Pts',(3.75557788664491,2.58745714519931,5.198697006106));
#5881=CARTESIAN_POINT('Ctrl Pts',(3.74905523746271,2.57954752787976,5.21113842970495));
#5882=CARTESIAN_POINT('Ctrl Pts',(3.74028978086895,2.56729973961887,5.23008760881152));
#5883=CARTESIAN_POINT('Ctrl Pts',(3.73753942808192,2.56315472331343,5.23644941363742));
#5884=CARTESIAN_POINT('Ctrl Pts',(3.73345211427298,2.55648508412251,5.24660188484524));
#5885=CARTESIAN_POINT('Ctrl Pts',(3.73200126420187,2.55399949171778,5.25036742682573));
#5886=CARTESIAN_POINT('Ctrl Pts',(3.72962559581508,2.54971969592098,5.25681975786665));
#5887=CARTESIAN_POINT('Ctrl Pts',(3.7286708026486,2.54793525887148,5.25950087982575));
#5888=CARTESIAN_POINT('Ctrl Pts',(3.72604042152838,2.54283070889626,5.26714416022514));
#5889=CARTESIAN_POINT('Ctrl Pts',(3.72443889564466,2.5394895534979,5.27211567381762));
#5890=CARTESIAN_POINT('Ctrl Pts',(3.70405561342671,2.49360706148396,5.33995226910519));
#5891=CARTESIAN_POINT('Ctrl Pts',(3.70221585849681,2.44756721791084,5.40287677838923));
#5892=CARTESIAN_POINT('Ctrl Pts',(3.71782431842268,2.37998865607366,5.48813347535095));
#5893=CARTESIAN_POINT('Ctrl Pts',(3.72438296860474,2.36038558378739,5.51209128309235));
#5894=CARTESIAN_POINT('Ctrl Pts',(3.73697598226239,2.33046363961745,5.54757866046255));
#5895=CARTESIAN_POINT('Ctrl Pts',(3.74176915759095,2.32017405855557,5.55958886533705));
#5896=CARTESIAN_POINT('Ctrl Pts',(3.74974720302237,2.30443244501762,5.5776821635056));
#5897=CARTESIAN_POINT('Ctrl Pts',(3.75263130136983,2.29897597512051,5.5839022027246));
#5898=CARTESIAN_POINT('Ctrl Pts',(3.75742542220087,2.29024837323646,5.5937709449552));
#5899=CARTESIAN_POINT('Ctrl Pts',(3.75926419884236,2.28697516063876,5.59745407019062));
#5900=CARTESIAN_POINT('Ctrl Pts',(3.76342522309689,2.27972448737164,5.60557344482697));
#5901=CARTESIAN_POINT('Ctrl Pts',(3.76576637503278,2.27574716313667,5.61000104428498));
#5902=CARTESIAN_POINT('Ctrl Pts',(3.76816274379413,2.27177233372579,5.61440019203798));
#5903=CARTESIAN_POINT('',(3.86799301852933,2.45110199203543,1.72697090777381));
#5904=CARTESIAN_POINT('Ctrl Pts',(3.86799301918816,2.45110199071709,1.72697090674614));
#5905=CARTESIAN_POINT('Ctrl Pts',(3.96500765711934,2.61729057912657,1.94898399805617));
#5906=CARTESIAN_POINT('Ctrl Pts',(4.04513509203527,2.75548201424305,2.19634347824435));
#5907=CARTESIAN_POINT('Ctrl Pts',(4.15854660118334,2.95733358686005,2.72235670629635));
#5908=CARTESIAN_POINT('Ctrl Pts',(4.19278474916503,3.02190499705445,2.99487849165225));
#5909=CARTESIAN_POINT('Ctrl Pts',(4.21234504445033,3.07901379778042,3.60110677958792));
#5910=CARTESIAN_POINT('Ctrl Pts',(4.18845031649605,3.05664065394497,3.92871234841914));
#5911=CARTESIAN_POINT('Ctrl Pts',(4.05951092112231,2.91213276500127,4.56265967455053));
#5912=CARTESIAN_POINT('Ctrl Pts',(3.95475437157406,2.7898550097099,4.85812091652447));
#5913=CARTESIAN_POINT('Ctrl Pts',(3.79330409783387,2.62586882946839,5.13645667744755));
#5914=CARTESIAN_POINT('Ctrl Pts',(3.7811328409918,2.6136158711545,5.15670672312219));
#5915=CARTESIAN_POINT('Ctrl Pts',(3.76868499524757,2.60120825232842,5.17669185051994));
#5916=CARTESIAN_POINT('',(3.84271637804476,2.2635153667243,1.5));
#5917=CARTESIAN_POINT('Ctrl Pts',(3.84315460307126,2.26358005263522,1.49984178146736));
#5918=CARTESIAN_POINT('Ctrl Pts',(3.84017188685529,2.28286997405356,1.52106118266968));
#5919=CARTESIAN_POINT('Ctrl Pts',(3.83837725772034,2.30142030154561,1.54205108087902));
#5920=CARTESIAN_POINT('Ctrl Pts',(3.83791723532325,2.31917767193633,1.56270430638546));
#5921=CARTESIAN_POINT('Ctrl Pts',(3.83746768719617,2.33653072398693,1.58288727770049));
#5922=CARTESIAN_POINT('Ctrl Pts',(3.83826762150873,2.35366178327791,1.60336065182867));
#5923=CARTESIAN_POINT('Ctrl Pts',(3.84066246427208,2.37041254254318,1.62392048648986));
#5924=CARTESIAN_POINT('Ctrl Pts',(3.84294584985168,2.38638371306806,1.64352345613067));
#5925=CARTESIAN_POINT('Ctrl Pts',(3.84667941669698,2.40200969860848,1.66320531176919));
#5926=CARTESIAN_POINT('Ctrl Pts',(3.8521783314259,2.4171588383174,1.68274589924514));
#5927=CARTESIAN_POINT('Ctrl Pts',(3.85569849373415,2.4268566483826,1.69525492018925));
#5928=CARTESIAN_POINT('Ctrl Pts',(3.85994239986153,2.43635914656845,1.70770517622943));
#5929=CARTESIAN_POINT('Ctrl Pts',(3.86499561915968,2.4456314379958,1.72002793757802));
#5930=CARTESIAN_POINT('Ctrl Pts',(3.8659470118889,2.4473771747483,1.72234800026663));
#5931=CARTESIAN_POINT('Ctrl Pts',(3.86692678636749,2.44911431778914,1.72466287325262));
#5932=CARTESIAN_POINT('Ctrl Pts',(3.86793547341071,2.45084270433457,1.72697211813681));
#5933=CARTESIAN_POINT('',(0.,2.2635153667243,1.5));
#5934=CARTESIAN_POINT('Origin',(0.,-2.2635153667243,1.5));
#5935=CARTESIAN_POINT('Origin',(0.,0.,1.5));
#5936=CARTESIAN_POINT('Ctrl Pts',(4.34225734004547,1.45398492471481,1.5));
#5937=CARTESIAN_POINT('Ctrl Pts',(4.21615877087428,1.68850498968131,1.5));
#5938=CARTESIAN_POINT('Ctrl Pts',(4.08488122554176,1.90947095587822,1.50000000000552));
#5939=CARTESIAN_POINT('Ctrl Pts',(3.90620639235396,2.17338792168367,1.50000000000552));
#5940=CARTESIAN_POINT('Ctrl Pts',(3.87472527778765,2.2186802572113,1.5));
#5941=CARTESIAN_POINT('Ctrl Pts',(3.84271637804476,2.2635153667243,1.5));
#5942=CARTESIAN_POINT('Ctrl Pts',(3.8893514251937,2.41706773937542,5.13154261711215));
#5943=CARTESIAN_POINT('Ctrl Pts',(3.48887219986497,3.06148676844046,5.28712603703136));
#5944=CARTESIAN_POINT('Ctrl Pts',(2.36185112857558,4.1468176309716,5.59829287686976));
#5945=CARTESIAN_POINT('Ctrl Pts',(0.098266265654819,4.77112077662545,6.06504313662739));
#5946=CARTESIAN_POINT('Ctrl Pts',(-2.18854106722053,4.24066051565861,6.53179339638499));
#5947=CARTESIAN_POINT('Ctrl Pts',(-3.94593330686994,2.68385786090394,6.99854365614262));
#5948=CARTESIAN_POINT('Ctrl Pts',(-4.74816514003076,0.477479629519971,7.46529391590022));
#5949=CARTESIAN_POINT('Ctrl Pts',(-4.40128214070813,-1.84445449728426,7.93204417565784));
#5950=CARTESIAN_POINT('Ctrl Pts',(-2.98912674681177,-3.71998975030517,8.39879443541544));
#5951=CARTESIAN_POINT('Ctrl Pts',(-0.853553717859359,-4.69516880342603,
8.86554469517307));
#5952=CARTESIAN_POINT('Ctrl Pts',(1.48864335476817,-4.53402086807088,9.33229495493069));
#5953=CARTESIAN_POINT('Ctrl Pts',(3.47047913792813,-3.27545142185004,9.79904521468828));
#5954=CARTESIAN_POINT('Ctrl Pts',(4.61249542966039,-1.22426143867671,10.2657954744459));
#5955=CARTESIAN_POINT('Ctrl Pts',(4.637901447468,1.12349017918174,10.7325457342035));
#5956=CARTESIAN_POINT('Ctrl Pts',(3.54132756368109,3.19881245441698,11.1992959939612));
#5957=CARTESIAN_POINT('Ctrl Pts',(1.58661367070926,4.50096270106716,11.6660462537187));
#5958=CARTESIAN_POINT('Ctrl Pts',(-0.74997535138104,4.71171045872314,12.1327965134764));
#5959=CARTESIAN_POINT('Ctrl Pts',(-3.14959639074029,3.68352747730826,12.651407913207));
#5960=CARTESIAN_POINT('Ctrl Pts',(-4.77148720437931,1.23417934598535,13.2218804529108));
#5961=CARTESIAN_POINT('Ctrl Pts',(-4.52068218894387,-1.96378720686002,13.8442141325876));
#5962=CARTESIAN_POINT('Ctrl Pts',(-2.35479087222058,-4.32959129242195,14.4665478122644));
#5963=CARTESIAN_POINT('Ctrl Pts',(0.454801876737988,-4.80059375008633,15.0197333053105));
#5964=CARTESIAN_POINT('Ctrl Pts',(2.69593662612676,-3.88613971144879,15.5037706117258));
#5965=CARTESIAN_POINT('Ctrl Pts',(4.09918515609399,-2.36212219748448,15.9186597315104));
#5966=CARTESIAN_POINT('Ctrl Pts',(4.7416890038568,-0.298836613638396,16.3508358979526));
#5967=CARTESIAN_POINT('Ctrl Pts',(4.36479344824529,1.92941501560684,16.8002991110525));
#5968=CARTESIAN_POINT('Ctrl Pts',(2.91612778842493,3.77749591392294,17.2670493708101));
#5969=CARTESIAN_POINT('Ctrl Pts',(0.762224045411007,4.71086446402141,17.7337996305677));
#5970=CARTESIAN_POINT('Ctrl Pts',(-1.57663640234461,4.50414761444959,18.2005498903253));
#5971=CARTESIAN_POINT('Ctrl Pts',(-3.53325789759223,3.20757440449372,18.667300150083));
#5972=CARTESIAN_POINT('Ctrl Pts',(-4.63588142684454,1.13392837293559,19.1340504098406));
#5973=CARTESIAN_POINT('Ctrl Pts',(-4.6142846739999,-1.21251882508264,19.6008006695982));
#5974=CARTESIAN_POINT('Ctrl Pts',(-3.35446245031781,-3.49763159333815,20.1194120693289));
#5975=CARTESIAN_POINT('Ctrl Pts',(-0.755473010174743,-4.87161497410018,
20.6898846090326));
#5976=CARTESIAN_POINT('Ctrl Pts',(2.04885348911307,-4.36482716776567,21.2430701020787));
#5977=CARTESIAN_POINT('Ctrl Pts',(3.84939381562031,-2.74814827800417,21.727107408494));
#5978=CARTESIAN_POINT('Ctrl Pts',(4.65617317569809,-0.839550674256912,22.1419965282785));
#5979=CARTESIAN_POINT('Ctrl Pts',(4.56736895664806,1.23280802981347,22.5568856480631));
#5980=CARTESIAN_POINT('Ctrl Pts',(3.60209896925685,3.06703126940164,22.9717747678476));
#5981=CARTESIAN_POINT('Ctrl Pts',(1.94429550142849,4.31289335577598,23.3866638876322));
#5982=CARTESIAN_POINT('Ctrl Pts',(-0.0860362246342551,4.73010495233512,
23.8015530074167));
#5983=CARTESIAN_POINT('Ctrl Pts',(-2.10124438471848,4.23891987500283,24.2164421272013));
#5984=CARTESIAN_POINT('Ctrl Pts',(-3.71020082027946,2.93349508802054,24.6313312469858));
#5985=CARTESIAN_POINT('Ctrl Pts',(-4.76262179696506,0.753729683604642,25.1153685534011));
#5986=CARTESIAN_POINT('Ctrl Pts',(-4.46904873251475,-2.07943183603505,25.6685540464472));
#5987=CARTESIAN_POINT('Ctrl Pts',(-2.24157799221446,-4.38911589071565,26.290887726124));
#5988=CARTESIAN_POINT('Ctrl Pts',(0.93249502730597,-4.83903077002509,26.9132214058008));
#5989=CARTESIAN_POINT('Ctrl Pts',(3.71315193712647,-3.241054105883,27.5355550854776));
#5990=CARTESIAN_POINT('Ctrl Pts',(4.92066803769305,-0.269932512753899,28.1578887651545));
#5991=CARTESIAN_POINT('Ctrl Pts',(4.04587783934881,2.81420371974911,28.7802224448312));
#5992=CARTESIAN_POINT('Ctrl Pts',(1.45638209196714,4.70909032507188,29.4025561245081));
#5993=CARTESIAN_POINT('Ctrl Pts',(-1.39054318175905,4.61704478741217,29.9557416175541));
#5994=CARTESIAN_POINT('Ctrl Pts',(-3.40793059003775,3.27971341825145,30.4397789239695));
#5995=CARTESIAN_POINT('Ctrl Pts',(-4.4842222308334,1.50897136198972,30.854668043754));
#5996=CARTESIAN_POINT('Ctrl Pts',(-4.6981890770825,-0.553600457964748,31.2695571635386));
#5997=CARTESIAN_POINT('Ctrl Pts',(-4.01051372106077,-2.5103427268147,31.6844462833231));
#5998=CARTESIAN_POINT('Ctrl Pts',(-2.55225499487542,-3.98183892204182,32.0993354031076));
#5999=CARTESIAN_POINT('Ctrl Pts',(-0.279019210469438,-4.81386961950636,
32.5833727095229));
#6000=CARTESIAN_POINT('Ctrl Pts',(2.51115741422993,-4.24195990866402,33.136558202569));
#6001=CARTESIAN_POINT('Ctrl Pts',(4.58923225060632,-1.79637558672975,33.7588918822458));
#6002=CARTESIAN_POINT('Ctrl Pts',(4.72315914349836,1.4063860186663,34.3812255619227));
#6003=CARTESIAN_POINT('Ctrl Pts',(2.85790385540167,4.01530982746986,35.0035592415994));
#6004=CARTESIAN_POINT('Ctrl Pts',(-0.217764934225934,4.92359745218419,35.6258929212763));
#6005=CARTESIAN_POINT('Ctrl Pts',(-3.20084637639577,3.7470111751755,36.2482266009531));
#6006=CARTESIAN_POINT('Ctrl Pts',(-4.8296654233718,0.98542397265687,36.8705602806299));
#6007=CARTESIAN_POINT('Ctrl Pts',(-4.45650004889202,-1.84339103591576,37.423745773676));
#6008=CARTESIAN_POINT('Ctrl Pts',(-2.92774730680573,-3.71078934409306,37.9077830800913));
#6009=CARTESIAN_POINT('Ctrl Pts',(-0.432478662785898,-4.92360809660499,
38.4609685731374));
#6010=CARTESIAN_POINT('Ctrl Pts',(2.45820296450136,-4.29233176498251,39.0141540661834));
#6011=CARTESIAN_POINT('Ctrl Pts',(4.21365326035107,-2.14038755123108,39.5673395592295));
#6012=CARTESIAN_POINT('Ctrl Pts',(4.81878201143674,0.19495784917533,40.0513768656447));
#6013=CARTESIAN_POINT('Ctrl Pts',(3.97184266855559,2.92022171803724,40.6045623586908));
#6014=CARTESIAN_POINT('Ctrl Pts',(1.33432143302032,4.74352249538262,41.2268960383677));
#6015=CARTESIAN_POINT('Ctrl Pts',(-1.86675274618649,4.56124622346731,41.8492297180444));
#6016=CARTESIAN_POINT('Ctrl Pts',(-4.27823943811909,2.44694772601603,42.4715633977213));
#6017=CARTESIAN_POINT('Ctrl Pts',(-4.87767158059984,-0.704105856386475,
43.0938970773981));
#6018=CARTESIAN_POINT('Ctrl Pts',(-3.65703956350529,-3.07921825775828,43.6125084771288));
#6019=CARTESIAN_POINT('Ctrl Pts',(-1.95647490089994,-4.23107005853338,44.0273975969133));
#6020=CARTESIAN_POINT('Ctrl Pts',(0.0143581510790107,-4.77832670005517,
44.4422867166979));
#6021=CARTESIAN_POINT('Ctrl Pts',(2.97887155130922,-4.09868721733269,45.0300463030593));
#6022=CARTESIAN_POINT('Ctrl Pts',(4.77263467705196,-1.29160332119903,45.6523799827361));
#6023=CARTESIAN_POINT('Ctrl Pts',(4.4932135060434,1.46927675972884,46.2055654757822));
#6024=CARTESIAN_POINT('Ctrl Pts',(3.44042154368686,3.24931617635942,46.6204545955668));
#6025=CARTESIAN_POINT('Ctrl Pts',(1.71743162360258,4.40698379160793,47.0353437153513));
#6026=CARTESIAN_POINT('Ctrl Pts',(-0.672756468004661,4.77453942960248,47.5193810217666));
#6027=CARTESIAN_POINT('Ctrl Pts',(-3.29795128078332,3.66413232644851,48.0725665148127));
#6028=CARTESIAN_POINT('Ctrl Pts',(-4.85230641240681,0.858971766031183,48.6949001944894));
#6029=CARTESIAN_POINT('Ctrl Pts',(-4.35435658190365,-2.30954252751582,49.3172338741663));
#6030=CARTESIAN_POINT('Ctrl Pts',(-2.20677451512397,-4.31479768226297,49.88770641387));
#6031=CARTESIAN_POINT('Ctrl Pts',(0.365776970338406,-4.75697099658378,50.4063178136007));
#6032=CARTESIAN_POINT('Ctrl Pts',(2.58951126653699,-4.00882842364961,50.8730680733583));
#6033=CARTESIAN_POINT('Ctrl Pts',(4.18789929297846,-2.28794583547974,51.3398183331159));
#6034=CARTESIAN_POINT('Ctrl Pts',(4.77202914660011,-0.0145641313135744,
51.8065685928735));
#6035=CARTESIAN_POINT('Ctrl Pts',(4.20153181538107,2.26296518538285,52.2733188526312));
#6036=CARTESIAN_POINT('Ctrl Pts',(2.61398096264352,3.9924836409343,52.7400691123888));
#6037=CARTESIAN_POINT('Ctrl Pts',(0.393860454247047,4.75586770467544,53.2068193721464));
#6038=CARTESIAN_POINT('Ctrl Pts',(-1.92163071082051,4.36812274518816,53.673569631904));
#6039=CARTESIAN_POINT('Ctrl Pts',(-3.77200578225382,2.92321359651502,54.1403198916616));
#6040=CARTESIAN_POINT('Ctrl Pts',(-4.70947865731112,0.770782644727259,54.6070701514193));
#6041=CARTESIAN_POINT('Ctrl Pts',(-4.50709131056998,-1.56817975326031,55.0738204111768));
#6042=CARTESIAN_POINT('Ctrl Pts',(-3.21393156857407,-3.52762331700118,55.5405706709346));
#6043=CARTESIAN_POINT('Ctrl Pts',(-1.14278179457103,-4.63324545286213,56.007320930692));
#6044=CARTESIAN_POINT('Ctrl Pts',(1.204691392821,-4.61757170009694,56.4740711904498));
#6045=CARTESIAN_POINT('Ctrl Pts',(3.26113651689055,-3.48416787661217,56.9408214502073));
#6046=CARTESIAN_POINT('Ctrl Pts',(4.10498155889327,-2.16657722259624,57.2519882900457));
#6047=CARTESIAN_POINT('Ctrl Pts',(4.34468491688835,-1.44671487804215,57.4075717099649));
#6048=CARTESIAN_POINT('Ctrl Pts',(4.17419954917763,2.60303510688343,4.72738714584456));
#6049=CARTESIAN_POINT('Ctrl Pts',(3.7428834806826,3.29469107104314,4.88297056576376));
#6050=CARTESIAN_POINT('Ctrl Pts',(2.53040137255172,4.45869854919653,5.19413740560217));
#6051=CARTESIAN_POINT('Ctrl Pts',(0.0976401475947456,5.12564600701469,5.66088766535978));
#6052=CARTESIAN_POINT('Ctrl Pts',(-2.3581171565909,4.55197811795834,6.1276379251174));
#6053=CARTESIAN_POINT('Ctrl Pts',(-4.24345342069767,2.87664327379038,6.59438818487502));
#6054=CARTESIAN_POINT('Ctrl Pts',(-5.10160323307072,0.50506205256396,7.06113844463261));
#6055=CARTESIAN_POINT('Ctrl Pts',(-4.72510572526303,-1.98874482629781,7.52788870439026));
#6056=CARTESIAN_POINT('Ctrl Pts',(-3.20495662711772,-4.00123403460057,7.99463896414784));
#6057=CARTESIAN_POINT('Ctrl Pts',(-0.909156502969792,-5.0452956244323,8.46138922390548));
#6058=CARTESIAN_POINT('Ctrl Pts',(1.60672842020428,-4.86829303725689,8.92813948366308));
#6059=CARTESIAN_POINT('Ctrl Pts',(3.73366718398458,-3.51296079287175,9.39488974342069));
#6060=CARTESIAN_POINT('Ctrl Pts',(4.95709701554802,-1.30753397562884,9.86164000317833));
#6061=CARTESIAN_POINT('Ctrl Pts',(4.98049540910504,1.21462793317742,10.3283902629359));
#6062=CARTESIAN_POINT('Ctrl Pts',(3.79903289185068,3.44226432439236,10.7951405226936));
#6063=CARTESIAN_POINT('Ctrl Pts',(1.69698638660512,4.8378833494632,11.2618907824511));
#6064=CARTESIAN_POINT('Ctrl Pts',(-0.813503886277115,5.06040266198397,11.7286410422088));
#6065=CARTESIAN_POINT('Ctrl Pts',(-3.38962533323247,3.95188260719721,12.2472524419394));
#6066=CARTESIAN_POINT('Ctrl Pts',(-5.12791119390468,1.31791959350899,12.8177249816432));
#6067=CARTESIAN_POINT('Ctrl Pts',(-4.85318431190967,-2.11713282862517,13.44005866132));
#6068=CARTESIAN_POINT('Ctrl Pts',(-2.5224857247419,-4.65505985653654,14.0623923409968));
#6069=CARTESIAN_POINT('Ctrl Pts',(0.496532283960015,-5.15638174927108,14.6155778340429));
#6070=CARTESIAN_POINT('Ctrl Pts',(2.90261601117306,-4.17029067685486,15.0996151404582));
#6071=CARTESIAN_POINT('Ctrl Pts',(4.40755196232677,-2.53074918335478,15.5145042602427));
#6072=CARTESIAN_POINT('Ctrl Pts',(5.09435304678576,-0.313165166557961,15.946680426685));
#6073=CARTESIAN_POINT('Ctrl Pts',(4.6857641830703,2.07995512345515,16.3961436397849));
#6074=CARTESIAN_POINT('Ctrl Pts',(3.12644145128519,4.06289014129014,16.8628938995425));
#6075=CARTESIAN_POINT('Ctrl Pts',(0.811017490251884,5.06200510617354,17.3296441593001));
#6076=CARTESIAN_POINT('Ctrl Pts',(-1.70120741787274,4.83605586901962,17.7963944190578));
#6077=CARTESIAN_POINT('Ctrl Pts',(-3.80099499495043,3.439936750634,18.2631446788154));
#6078=CARTESIAN_POINT('Ctrl Pts',(-4.98207204760666,1.21045647517695,18.729894938573));
#6079=CARTESIAN_POINT('Ctrl Pts',(-4.95497176525941,-1.31023926202417,19.1966451983306));
#6080=CARTESIAN_POINT('Ctrl Pts',(-3.59780294011217,-3.76296194880421,19.7152565980613));
#6081=CARTESIAN_POINT('Ctrl Pts',(-0.803489416544243,-5.23468374816033,
20.285729137765));
#6082=CARTESIAN_POINT('Ctrl Pts',(2.20825162715137,-4.68560870838527,20.8389146308111));
#6083=CARTESIAN_POINT('Ctrl Pts',(4.13985275922002,-2.94586615072494,21.3229519372264));
#6084=CARTESIAN_POINT('Ctrl Pts',(5.00337873572238,-0.894171188457952,21.737841057011));
#6085=CARTESIAN_POINT('Ctrl Pts',(4.90454522523233,1.3319442104715,22.1527301767955));
#6086=CARTESIAN_POINT('Ctrl Pts',(3.86453799799842,3.30079759587528,22.56761929658));
#6087=CARTESIAN_POINT('Ctrl Pts',(2.08153998994948,4.63643722204531,22.9825084163646));
#6088=CARTESIAN_POINT('Ctrl Pts',(-0.100270131201294,5.08127053167324,23.3973975361491));
#6089=CARTESIAN_POINT('Ctrl Pts',(-2.26433710162415,4.55025582401823,23.8122866559336));
#6090=CARTESIAN_POINT('Ctrl Pts',(-3.99062991593672,3.14520895159076,24.2271757757183));
#6091=CARTESIAN_POINT('Ctrl Pts',(-5.11759134579582,0.801801995451917,24.7112130821335));
#6092=CARTESIAN_POINT('Ctrl Pts',(-4.79751605884017,-2.24128516464461,25.2643985751796));
#6093=CARTESIAN_POINT('Ctrl Pts',(-2.4007766512496,-4.71881633145905,25.8867322548564));
#6094=CARTESIAN_POINT('Ctrl Pts',(1.00978062492608,-5.19687844982128,26.5090659345332));
#6095=CARTESIAN_POINT('Ctrl Pts',(3.99430651121314,-3.47560618540191,27.13139961421));
#6096=CARTESIAN_POINT('Ctrl Pts',(5.28657381675847,-0.281815834526888,27.7537332938868));
#6097=CARTESIAN_POINT('Ctrl Pts',(4.34169711860979,3.02992928082994,28.3760669735637));
#6098=CARTESIAN_POINT('Ctrl Pts',(1.55673142386652,5.06124956100094,28.9984006532405));
#6099=CARTESIAN_POINT('Ctrl Pts',(-1.50147477993526,4.95764991167263,29.5515861462865));
#6100=CARTESIAN_POINT('Ctrl Pts',(-3.66648077520729,3.5176392709343,30.0356234527018));
#6101=CARTESIAN_POINT('Ctrl Pts',(-4.81977019242736,1.61360961094374,30.4505125724864));
#6102=CARTESIAN_POINT('Ctrl Pts',(-5.04620317938225,-0.602519566431537,
30.8654016922709));
#6103=CARTESIAN_POINT('Ctrl Pts',(-4.30421023947549,-2.70343913537708,31.2802908120555));
#6104=CARTESIAN_POINT('Ctrl Pts',(-2.73520956831292,-4.28180366724129,31.69517993184));
#6105=CARTESIAN_POINT('Ctrl Pts',(-0.29174965958913,-5.17185893003129,32.1792172382553));
#6106=CARTESIAN_POINT('Ctrl Pts',(2.70470404159972,-4.55284323811214,32.7324027313014));
#6107=CARTESIAN_POINT('Ctrl Pts',(4.93305370757454,-1.92217735262574,33.3547364109782));
#6108=CARTESIAN_POINT('Ctrl Pts',(5.07161569685551,1.51867444632493,33.9770700906551));
#6109=CARTESIAN_POINT('Ctrl Pts',(3.0634984052701,4.31827238734221,34.5994037703319));
#6110=CARTESIAN_POINT('Ctrl Pts',(-0.242109928528877,5.28890635080424,35.2217374500086));
#6111=CARTESIAN_POINT('Ctrl Pts',(-3.44478749752912,4.02000214420866,35.8440711296856));
#6112=CARTESIAN_POINT('Ctrl Pts',(-5.19000109240045,1.05058438527612,36.4664048093622));
#6113=CARTESIAN_POINT('Ctrl Pts',(-4.78442873723689,-1.98768667580963,37.0195903024084));
#6114=CARTESIAN_POINT('Ctrl Pts',(-3.13903785420531,-3.99124645691936,37.5036276088236));
#6115=CARTESIAN_POINT('Ctrl Pts',(-0.456420798104222,-5.29000319826285,
38.0568131018699));
#6116=CARTESIAN_POINT('Ctrl Pts',(2.64789549791419,-4.60704585189174,38.6099985949157));
#6117=CARTESIAN_POINT('Ctrl Pts',(4.53015126543234,-2.29236485502668,39.1631840879619));
#6118=CARTESIAN_POINT('Ctrl Pts',(5.17635070483466,0.217442676490088,39.6472213943771));
#6119=CARTESIAN_POINT('Ctrl Pts',(4.26198915352327,3.1436905336545,40.2004068874232));
#6120=CARTESIAN_POINT('Ctrl Pts',(1.42554925357681,5.09804117657233,40.8227405671));
#6121=CARTESIAN_POINT('Ctrl Pts',(-2.01296385987418,4.89691126666673,41.4450742467769));
#6122=CARTESIAN_POINT('Ctrl Pts',(-4.60004720018556,2.62158532185287,42.0674079264536));
#6123=CARTESIAN_POINT('Ctrl Pts',(-5.23876428857196,-0.764495655301774,
42.6897416061306));
#6124=CARTESIAN_POINT('Ctrl Pts',(-3.92354571691725,-3.31397724079266,43.2083530058611));
#6125=CARTESIAN_POINT('Ctrl Pts',(-2.094760840362,-4.54855613854241,43.6232421256458));
#6126=CARTESIAN_POINT('Ctrl Pts',(0.0233598354564317,-5.13319506634834,
44.0381312454302));
#6127=CARTESIAN_POINT('Ctrl Pts',(3.20691038610812,-4.39814552074396,44.6258908317918));
#6128=CARTESIAN_POINT('Ctrl Pts',(5.12924608550379,-1.37961938849422,45.2482245114685));
#6129=CARTESIAN_POINT('Ctrl Pts',(4.82448410036757,1.58585152373054,45.8014100045146));
#6130=CARTESIAN_POINT('Ctrl Pts',(3.69055409456474,3.49635462729772,46.2162991242991));
#6131=CARTESIAN_POINT('Ctrl Pts',(1.83766919218116,4.7371410131129,46.6311882440837));
#6132=CARTESIAN_POINT('Ctrl Pts',(-0.730653624116254,5.12802436336123,47.115225550499));
#6133=CARTESIAN_POINT('Ctrl Pts',(-3.54896166562539,3.9308096511355,47.668411043545));
#6134=CARTESIAN_POINT('Ctrl Pts',(-5.21411441500927,0.914706695833806,48.2907447232219));
#6135=CARTESIAN_POINT('Ctrl Pts',(-4.67392540109523,-2.4882940883022,48.9130784028987));
#6136=CARTESIAN_POINT('Ctrl Pts',(-2.36350483824845,-4.63892324206433,49.4835509426024));
#6137=CARTESIAN_POINT('Ctrl Pts',(0.400825796648578,-5.1096645641974,50.0021623423331));
#6138=CARTESIAN_POINT('Ctrl Pts',(2.78849038553417,-4.30226778000289,50.4689126020907));
#6139=CARTESIAN_POINT('Ctrl Pts',(4.50272958334674,-2.45092268380182,50.9356628618483));
#6140=CARTESIAN_POINT('Ctrl Pts',(5.12647333578285,-0.00772750086979157,
51.402413121606));
#6141=CARTESIAN_POINT('Ctrl Pts',(4.50982457565818,2.43800757862706,51.8691633813636));
#6142=CARTESIAN_POINT('Ctrl Pts',(2.80149698803959,4.29334320638472,52.3359136411212));
#6143=CARTESIAN_POINT('Ctrl Pts',(0.415220912776348,5.10974012778961,52.8026639008788));
#6144=CARTESIAN_POINT('Ctrl Pts',(-2.07159857783473,4.68935488631606,53.2694141606364));
#6145=CARTESIAN_POINT('Ctrl Pts',(-4.05700346497685,3.13406235695273,53.736164420394));
#6146=CARTESIAN_POINT('Ctrl Pts',(-5.06053142045896,0.820213479426542,54.2029146801517));
#6147=CARTESIAN_POINT('Ctrl Pts',(-4.83923067837349,-1.692125903696,54.6696649399092));
#6148=CARTESIAN_POINT('Ctrl Pts',(-3.44677845181671,-3.79495611570133,55.1364151996669));
#6149=CARTESIAN_POINT('Ctrl Pts',(-1.21996560847926,-4.97924751101439,55.6031654594244));
#6150=CARTESIAN_POINT('Ctrl Pts',(1.30182060736169,-4.95853203639592,56.0699157191822));
#6151=CARTESIAN_POINT('Ctrl Pts',(3.50913443239646,-3.73750069918088,56.5366659789397));
#6152=CARTESIAN_POINT('Ctrl Pts',(4.41343416962507,-2.32072039725856,56.8478328187781));
#6153=CARTESIAN_POINT('Ctrl Pts',(4.66976162236345,-1.54695185261982,57.0034162386973));
#6154=CARTESIAN_POINT('Ctrl Pts',(4.59468444516718,2.88243635556157,3.53788866511825));
#6155=CARTESIAN_POINT('Ctrl Pts',(4.11729079145581,3.643416066755,3.69347208503745));
#6156=CARTESIAN_POINT('Ctrl Pts',(2.77659532508086,4.92374559730912,4.00463892487586));
#6157=CARTESIAN_POINT('Ctrl Pts',(0.0925280954953656,5.65161063845011,4.47138918463348));
#6158=CARTESIAN_POINT('Ctrl Pts',(-2.61352918610345,5.0119523497045,4.93813944439109));
#6159=CARTESIAN_POINT('Ctrl Pts',(-4.68723823098587,3.1591142437627,5.40488970414871));
#6160=CARTESIAN_POINT('Ctrl Pts',(-5.62640728485913,0.541756405040936,5.87163996390632));
#6161=CARTESIAN_POINT('Ctrl Pts',(-5.20388536009194,-2.20675394805394,6.33839022366394));
#6162=CARTESIAN_POINT('Ctrl Pts',(-3.52184638776176,-4.42116010056867,6.80514048342155));
#6163=CARTESIAN_POINT('Ctrl Pts',(-0.987456264679713,-5.5655151252799,7.27189074317917));
#6164=CARTESIAN_POINT('Ctrl Pts',(1.78597135095718,-5.36289570452242,7.73864100293678));
#6165=CARTESIAN_POINT('Ctrl Pts',(4.12706196448592,-3.8622364024587,8.20539126269438));
#6166=CARTESIAN_POINT('Ctrl Pts',(5.46945220384961,-1.42695825913668,8.67214152245202));
#6167=CARTESIAN_POINT('Ctrl Pts',(5.48776395916109,1.35398107998925,9.13889178220961));
#6168=CARTESIAN_POINT('Ctrl Pts',(4.17852891847787,3.80662223900727,9.60564204196725));
#6169=CARTESIAN_POINT('Ctrl Pts',(1.85668512113585,5.33915234224493,10.0723923017248));
#6170=CARTESIAN_POINT('Ctrl Pts',(-0.911868790468952,5.57708769146047,10.5391425614825));
#6171=CARTESIAN_POINT('Ctrl Pts',(-3.74906662073681,4.34715256094634,11.0577539612131));
#6172=CARTESIAN_POINT('Ctrl Pts',(-5.65784020636538,1.43794621486618,11.6282265009169));
#6173=CARTESIAN_POINT('Ctrl Pts',(-5.34464464383169,-2.34873844052423,12.2505601805937));
#6174=CARTESIAN_POINT('Ctrl Pts',(-2.76753075068362,-5.14001697113476,12.8728938602705));
#6175=CARTESIAN_POINT('Ctrl Pts',(0.56286668101341,-5.68380664010504,13.4260793533166));
#6176=CARTESIAN_POINT('Ctrl Pts',(3.21268489906654,-4.58945215506756,13.9101166597319));
#6177=CARTESIAN_POINT('Ctrl Pts',(4.86715841690296,-2.77732923571879,14.3250057795165));
#6178=CARTESIAN_POINT('Ctrl Pts',(5.61781480449839,-0.330169974495065,14.7571819459587));
#6179=CARTESIAN_POINT('Ctrl Pts',(5.1602540539131,2.30720134226405,15.2066451590586));
#6180=CARTESIAN_POINT('Ctrl Pts',(3.43508742967109,4.48890695137342,15.6733954188162));
#6181=CARTESIAN_POINT('Ctrl Pts',(0.879203008929044,5.58365074744126,16.1401456785738));
#6182=CARTESIAN_POINT('Ctrl Pts',(-1.89004352655399,5.32706499114988,16.6068959383314));
#6183=CARTESIAN_POINT('Ctrl Pts',(-4.20108762321554,3.78153614360349,17.0736461980891));
#6184=CARTESIAN_POINT('Ctrl Pts',(-5.49668286577592,1.31981983462561,17.5403964578467));
#6185=CARTESIAN_POINT('Ctrl Pts',(-5.45938510642877,-1.45924122229893,18.0071467176043));
#6186=CARTESIAN_POINT('Ctrl Pts',(-3.95562395162422,-4.15965831171052,18.5257581173349));
#6187=CARTESIAN_POINT('Ctrl Pts',(-0.870467918556343,-5.77401822164869,
19.0962306570388));
#6188=CARTESIAN_POINT('Ctrl Pts',(2.44876625026127,-5.15964353393206,19.6494161500848));
#6189=CARTESIAN_POINT('Ctrl Pts',(4.57319785121366,-3.23576761978166,20.1334534565001));
#6190=CARTESIAN_POINT('Ctrl Pts',(5.51927132768242,-0.971118004997691,20.5483425762846));
#6191=CARTESIAN_POINT('Ctrl Pts',(5.4036559861868,1.4831365279165,20.9632316960692));
#6192=CARTESIAN_POINT('Ctrl Pts',(4.25115954460579,3.65082956763499,21.3781208158537));
#6193=CARTESIAN_POINT('Ctrl Pts',(2.28132751166872,5.11820435741012,21.7930099356383));
#6194=CARTESIAN_POINT('Ctrl Pts',(-0.125659472682821,5.6021596909289,22.2078990554228));
#6195=CARTESIAN_POINT('Ctrl Pts',(-2.51009755246548,5.01030806143626,22.6227881752074));
#6196=CARTESIAN_POINT('Ctrl Pts',(-4.40925536691354,3.45600661386016,23.0376772949919));
#6197=CARTESIAN_POINT('Ctrl Pts',(-5.64492118142596,0.868915071533177,23.5217146014072));
#6198=CARTESIAN_POINT('Ctrl Pts',(-5.28296899489211,-2.48542393806896,24.0749000944533));
#6199=CARTESIAN_POINT('Ctrl Pts',(-2.63305371097103,-5.20996030015044,24.6972337741301));
#6200=CARTESIAN_POINT('Ctrl Pts',(1.12876893757959,-5.72695920502177,25.3195674538069));
#6201=CARTESIAN_POINT('Ctrl Pts',(4.41432336441896,-3.82027689619058,25.9419011334838));
#6202=CARTESIAN_POINT('Ctrl Pts',(5.82968683098808,-0.295047791622795,26.5642348131605));
#6203=CARTESIAN_POINT('Ctrl Pts',(4.77805588162412,3.35358774461364,27.1865684928374));
#6204=CARTESIAN_POINT('Ctrl Pts',(1.70143016253559,5.58504156436622,27.8089021725142));
#6205=CARTESIAN_POINT('Ctrl Pts',(-1.6702313846966,5.46169487971519,28.3620876655603));
#6206=CARTESIAN_POINT('Ctrl Pts',(-4.05299375908134,3.8676273302461,28.8461249719755));
#6207=CARTESIAN_POINT('Ctrl Pts',(-5.31893781468136,1.76477270051234,29.2610140917601));
#6208=CARTESIAN_POINT('Ctrl Pts',(-5.56205423678737,-0.679219619479251,
29.6759032115447));
#6209=CARTESIAN_POINT('Ctrl Pts',(-4.73769513671573,-2.99351995771098,30.0907923313292));
#6210=CARTESIAN_POINT('Ctrl Pts',(-3.0030334034143,-4.72913448923788,30.5056814511138));
#6211=CARTESIAN_POINT('Ctrl Pts',(-0.30638360110836,-5.70323218653132,30.989718757529));
#6212=CARTESIAN_POINT('Ctrl Pts',(2.99560293221819,-5.01184101614161,31.5429042505751));
#6213=CARTESIAN_POINT('Ctrl Pts',(5.44477945567031,-2.1047228264906,32.1652379302519));
#6214=CARTESIAN_POINT('Ctrl Pts',(5.58733007383763,1.68949837912242,32.7875716099287));
#6215=CARTESIAN_POINT('Ctrl Pts',(3.36493319493466,4.77027710271936,33.4099052896056));
#6216=CARTESIAN_POINT('Ctrl Pts',(-0.282609519160892,5.83075088605437,34.0322389692823));
#6217=CARTESIAN_POINT('Ctrl Pts',(-3.81008347267493,4.4220446848243,34.6545726489593));
#6218=CARTESIAN_POINT('Ctrl Pts',(-5.72547754031799,1.14307671105576,35.276906328636));
#6219=CARTESIAN_POINT('Ctrl Pts',(-5.26927517743449,-2.20582605284264,35.8300918216821));
#6220=CARTESIAN_POINT('Ctrl Pts',(-3.44916006332438,-4.40996915959497,36.3141291280974));
#6221=CARTESIAN_POINT('Ctrl Pts',(-0.487627639669392,-5.83397658923892,
36.8673146211434));
#6222=CARTESIAN_POINT('Ctrl Pts',(2.93316859492296,-5.07175562970473,37.4205001141895));
#6223=CARTESIAN_POINT('Ctrl Pts',(5.00164595406346,-2.51405497209707,37.9736856072356));
#6224=CARTESIAN_POINT('Ctrl Pts',(5.70666738600835,0.255010886887291,38.4577229136508));
#6225=CARTESIAN_POINT('Ctrl Pts',(4.68981806477207,3.47884948166718,39.010908406697));
#6226=CARTESIAN_POINT('Ctrl Pts',(1.55667449682445,5.62517730217203,39.6332420863737));
#6227=CARTESIAN_POINT('Ctrl Pts',(-2.23397341077665,5.39326004331664,40.2555757660506));
#6228=CARTESIAN_POINT('Ctrl Pts',(-5.0796508319092,2.87684588389777,40.8779094457273));
#6229=CARTESIAN_POINT('Ctrl Pts',(-5.77390204607577,-0.858426497554623,
41.5002431254043));
#6230=CARTESIAN_POINT('Ctrl Pts',(-4.31612045903999,-3.66556607503935,42.0188545251349));
#6231=CARTESIAN_POINT('Ctrl Pts',(-2.29615517549215,-5.02135620570413,42.4337436449194));
#6232=CARTESIAN_POINT('Ctrl Pts',(0.0409157531065235,-5.65961984289167,
42.848632764704));
#6233=CARTESIAN_POINT('Ctrl Pts',(3.54892890688252,-4.83985457245622,43.4363923510654));
#6234=CARTESIAN_POINT('Ctrl Pts',(5.65943248961915,-1.50586129292823,44.0587260307422));
#6235=CARTESIAN_POINT('Ctrl Pts',(5.3146795264432,1.76286032917125,44.6119115237883));
#6236=CARTESIAN_POINT('Ctrl Pts',(4.05871709889588,3.86591136997477,45.0268006435728));
#6237=CARTESIAN_POINT('Ctrl Pts',(2.01215715591823,5.22850063848561,45.4416897633574));
#6238=CARTESIAN_POINT('Ctrl Pts',(-0.820725952868568,5.65190603265093,45.9257270697726));
#6239=CARTESIAN_POINT('Ctrl Pts',(-3.92472335402597,4.32336821544909,46.4789125628189));
#6240=CARTESIAN_POINT('Ctrl Pts',(-5.75165544421506,0.993157921241411,47.1012462424955));
#6241=CARTESIAN_POINT('Ctrl Pts',(-5.1459552215603,-2.75741876897395,47.7235799221725));
#6242=CARTESIAN_POINT('Ctrl Pts',(-2.59225487588267,-5.12174152391261,48.2940524618761));
#6243=CARTESIAN_POINT('Ctrl Pts',(0.457181760461328,-5.63260147911149,48.8126638616069));
#6244=CARTESIAN_POINT('Ctrl Pts',(3.0872408525823,-4.73530790444372,49.2794141213645));
#6245=CARTESIAN_POINT('Ctrl Pts',(4.97188038522114,-2.6889786555903,49.746164381122));
#6246=CARTESIAN_POINT('Ctrl Pts',(5.65233791460613,0.00667722158338592,
50.2129146408797));
#6247=CARTESIAN_POINT('Ctrl Pts',(4.96519779509022,2.7014560602603,50.6796649006373));
#6248=CARTESIAN_POINT('Ctrl Pts',(3.07613211005866,4.74203962119673,51.1464151603949));
#6249=CARTESIAN_POINT('Ctrl Pts',(0.442665303533012,5.63510349320476,51.6131654201525));
#6250=CARTESIAN_POINT('Ctrl Pts',(-2.29799476092429,5.16422735086015,52.0799156799101));
#6251=CARTESIAN_POINT('Ctrl Pts',(-4.48244385121055,3.44350977713723,52.5466659396678));
#6252=CARTESIAN_POINT('Ctrl Pts',(-5.58204597773238,0.889351647457419,53.0134161994253));
#6253=CARTESIAN_POINT('Ctrl Pts',(-5.33060542161829,-1.88005468136426,53.480166459183));
#6254=CARTESIAN_POINT('Ctrl Pts',(-3.78907198864201,-4.19441752350288,53.9469167189406));
#6255=CARTESIAN_POINT('Ctrl Pts',(-1.33036488789697,-5.49366277587042,54.4136669786982));
#6256=CARTESIAN_POINT('Ctrl Pts',(1.45009887147174,-5.46319283051364,54.8804172384559));
#6257=CARTESIAN_POINT('Ctrl Pts',(3.88006961701633,-4.11069548454263,55.3471674982134));
#6258=CARTESIAN_POINT('Ctrl Pts',(4.87318617152442,-2.54531158656859,55.6583343380519));
#6259=CARTESIAN_POINT('Ctrl Pts',(5.15338527066079,-1.69179926311035,55.8139177579711));
#6260=CARTESIAN_POINT('Ctrl Pts',(4.25644611450246,2.68526593682395,2.26584486843627));
#6261=CARTESIAN_POINT('Ctrl Pts',(3.81104392685201,3.39127880665551,2.42142828835547));
#6262=CARTESIAN_POINT('Ctrl Pts',(2.56522962277615,4.57456388070869,2.73259512819388));
#6263=CARTESIAN_POINT('Ctrl Pts',(0.0723920224655308,5.24448792904918,3.1993453879515));
#6264=CARTESIAN_POINT('Ctrl Pts',(-2.43669132575951,4.64421273918612,3.6660956477091));
#6265=CARTESIAN_POINT('Ctrl Pts',(-4.3566432068157,2.92034078684673,4.13284590746673));
#6266=CARTESIAN_POINT('Ctrl Pts',(-5.22186160314028,0.489451178118838,4.59959616722433));
#6267=CARTESIAN_POINT('Ctrl Pts',(-4.82340246205981,-2.05978820382857,5.06634642698195));
#6268=CARTESIAN_POINT('Ctrl Pts',(-3.25746397480475,-4.11056458092385,5.53309668673957));
#6269=CARTESIAN_POINT('Ctrl Pts',(-0.903183835387448,-5.16642713326768,
5.99984694649717));
#6270=CARTESIAN_POINT('Ctrl Pts',(1.66974229604068,-4.97192233903487,6.46659720625481));
#6271=CARTESIAN_POINT('Ctrl Pts',(3.83847191145253,-3.57399703135923,6.93334746601239));
#6272=CARTESIAN_POINT('Ctrl Pts',(5.07831841879076,-1.31121506752309,7.40009772577003));
#6273=CARTESIAN_POINT('Ctrl Pts',(5.08881529867837,1.26920909764274,7.86684798552763));
#6274=CARTESIAN_POINT('Ctrl Pts',(3.86819137709865,3.5418674141303,8.33359824528526));
#6275=CARTESIAN_POINT('Ctrl Pts',(1.71033637455941,4.95846184833323,8.80034850504286));
#6276=CARTESIAN_POINT('Ctrl Pts',(-0.85943286639107,5.17263974217958,9.26709876480048));
#6277=CARTESIAN_POINT('Ctrl Pts',(-3.4887695468649,4.02497217681574,9.78571016453116));
#6278=CARTESIAN_POINT('Ctrl Pts',(-5.25307900728503,1.32083785848515,10.3561827042349));
#6279=CARTESIAN_POINT('Ctrl Pts',(-4.95390800182574,-2.19172064055591,10.9785163839117));
#6280=CARTESIAN_POINT('Ctrl Pts',(-2.55556865338829,-4.77584143905977,11.6008500635886));
#6281=CARTESIAN_POINT('Ctrl Pts',(0.535253656453045,-5.27261870071379,12.1540355566346));
#6282=CARTESIAN_POINT('Ctrl Pts',(2.99183634200763,-4.25091951881564,12.6380728630499));
#6283=CARTESIAN_POINT('Ctrl Pts',(4.52264640408112,-2.56544059263093,13.0529619828345));
#6284=CARTESIAN_POINT('Ctrl Pts',(5.21348258451221,-0.293226660651448,13.4851381492767));
#6285=CARTESIAN_POINT('Ctrl Pts',(4.78263369448421,2.15289513633149,13.9346013623766));
#6286=CARTESIAN_POINT('Ctrl Pts',(3.17682535748115,4.17322461446295,14.4013516221342));
#6287=CARTESIAN_POINT('Ctrl Pts',(0.802689758415692,5.18299145571954,14.8681018818919));
#6288=CARTESIAN_POINT('Ctrl Pts',(-1.76623199441249,4.93845196144396,15.3348521416495));
#6289=CARTESIAN_POINT('Ctrl Pts',(-3.90694452330651,3.4989017634288,15.8016024014071));
#6290=CARTESIAN_POINT('Ctrl Pts',(-5.10338975469848,1.21182756771958,16.2683526611647));
#6291=CARTESIAN_POINT('Ctrl Pts',(-5.06209531811179,-1.36706061827247,16.7351029209223));
#6292=CARTESIAN_POINT('Ctrl Pts',(-3.66078607716255,-3.868801043593,17.253714320653));
#6293=CARTESIAN_POINT('Ctrl Pts',(-0.793905368823905,-5.35961187360145,
17.8241868603568));
#6294=CARTESIAN_POINT('Ctrl Pts',(2.28392087452641,-4.78191396594736,18.3773723534028));
#6295=CARTESIAN_POINT('Ctrl Pts',(4.25106175442564,-2.99166411743356,18.8614096598181));
#6296=CARTESIAN_POINT('Ctrl Pts',(5.12342765097836,-0.887951769465447,19.2762987796027));
#6297=CARTESIAN_POINT('Ctrl Pts',(5.01052938495195,1.38876017452995,19.6911878993872));
#6298=CARTESIAN_POINT('Ctrl Pts',(3.93598847428381,3.39750907049012,20.1060770191718));
#6299=CARTESIAN_POINT('Ctrl Pts',(2.10473247516397,4.75437975322543,20.5209661389563));
#6300=CARTESIAN_POINT('Ctrl Pts',(-0.129615994648414,5.19790275369218,20.9358552587409));
#6301=CARTESIAN_POINT('Ctrl Pts',(-2.34079728391952,4.64299977782166,21.3507443785254));
#6302=CARTESIAN_POINT('Ctrl Pts',(-4.09947192046025,3.196384786769,21.76563349831));
#6303=CARTESIAN_POINT('Ctrl Pts',(-5.23978886839596,0.792886628879382,22.2496708047252));
#6304=CARTESIAN_POINT('Ctrl Pts',(-4.89614556748316,-2.31851340256306,22.8028562977713));
#6305=CARTESIAN_POINT('Ctrl Pts',(-2.43091210918339,-4.84040246179547,23.4251899774481));
#6306=CARTESIAN_POINT('Ctrl Pts',(1.06078281053675,-5.31125923139487,24.0475236571249));
#6307=CARTESIAN_POINT('Ctrl Pts',(4.10492392352539,-3.53439158133067,24.6698573368018));
#6308=CARTESIAN_POINT('Ctrl Pts',(5.40990950549878,-0.260102720484745,25.2921910164785));
#6309=CARTESIAN_POINT('Ctrl Pts',(4.42561263279181,3.12295228535252,25.9145246961554));
#6310=CARTESIAN_POINT('Ctrl Pts',(1.56555482695258,5.18617070419645,26.5368583758322));
#6311=CARTESIAN_POINT('Ctrl Pts',(-1.56244559515441,5.0639752361985,27.0900438688783));
#6312=CARTESIAN_POINT('Ctrl Pts',(-3.76976997534572,3.57907208398182,27.5740811752935));
#6313=CARTESIAN_POINT('Ctrl Pts',(-4.93947876833215,1.62521191772419,27.9889702950781));
#6314=CARTESIAN_POINT('Ctrl Pts',(-5.15924536725496,-0.643470311447607,
28.4038594148627));
#6315=CARTESIAN_POINT('Ctrl Pts',(-4.38899727801551,-2.78868843051845,28.8187485346472));
#6316=CARTESIAN_POINT('Ctrl Pts',(-2.77549705607898,-4.39505689365153,29.2336376544318));
#6317=CARTESIAN_POINT('Ctrl Pts',(-0.270787924602521,-5.29260804214714,
29.717674960847));
#6318=CARTESIAN_POINT('Ctrl Pts',(2.791411283699,-4.64332617193922,30.2708604538931));
#6319=CARTESIAN_POINT('Ctrl Pts',(5.05697066178189,-1.9401474375717,30.8931941335699));
#6320=CARTESIAN_POINT('Ctrl Pts',(5.18041208663887,1.5807223286366,31.5155278132468));
#6321=CARTESIAN_POINT('Ctrl Pts',(3.11106356647518,4.43420164192153,32.1378614929235));
#6322=CARTESIAN_POINT('Ctrl Pts',(-0.27594626398427,5.40940431548301,32.7601951726004));
#6323=CARTESIAN_POINT('Ctrl Pts',(-3.54557876335195,4.09447443946769,33.3825288522772));
#6324=CARTESIAN_POINT('Ctrl Pts',(-5.31523284094514,1.04685943611643,34.004862531954));
#6325=CARTESIAN_POINT('Ctrl Pts',(-4.88414383701956,-2.05889092921803,34.5580480250001));
#6326=CARTESIAN_POINT('Ctrl Pts',(-3.19015368783255,-4.09996081690711,35.0420853314154));
#6327=CARTESIAN_POINT('Ctrl Pts',(-0.438556924310465,-5.41436783629899,
35.5952708244615));
#6328=CARTESIAN_POINT('Ctrl Pts',(2.73349784870023,-4.69911567352827,36.1484563175075));
#6329=CARTESIAN_POINT('Ctrl Pts',(4.64675957856073,-2.32106296627074,36.7016418105536));
#6330=CARTESIAN_POINT('Ctrl Pts',(5.29450158460166,0.250251424789098,37.1856791169688));
#6331=CARTESIAN_POINT('Ctrl Pts',(4.34349574498039,3.23876871674739,37.738864610015));
#6332=CARTESIAN_POINT('Ctrl Pts',(1.43116990817106,5.2231957514841,38.3611982896917));
#6333=CARTESIAN_POINT('Ctrl Pts',(-2.08546789314683,4.99900104208664,38.9835319693686));
#6334=CARTESIAN_POINT('Ctrl Pts',(-4.72010006290123,2.65748152736669,39.6058656490454));
#6335=CARTESIAN_POINT('Ctrl Pts',(-5.35534949118572,-0.81011264337451,40.2281993287222));
#6336=CARTESIAN_POINT('Ctrl Pts',(-3.99641261153231,-3.4112452895446,40.7468107284529));
#6337=CARTESIAN_POINT('Ctrl Pts',(-2.11874774354143,-4.66452680539066,41.1616998482375));
#6338=CARTESIAN_POINT('Ctrl Pts',(0.0514158809328183,-5.25147223438887,
41.576588968022));
#6339=CARTESIAN_POINT('Ctrl Pts',(3.30423155699299,-4.48224070714105,42.1643485543834));
#6340=CARTESIAN_POINT('Ctrl Pts',(5.25490574565441,-1.38418112189863,42.7866822340603));
#6341=CARTESIAN_POINT('Ctrl Pts',(4.92716413574336,1.64807236342554,43.3398677271063));
#6342=CARTESIAN_POINT('Ctrl Pts',(3.75701837997217,3.59668427591604,43.7547568468909));
#6343=CARTESIAN_POINT('Ctrl Pts',(1.85467390301595,4.85613265149232,44.1696459666754));
#6344=CARTESIAN_POINT('Ctrl Pts',(-0.775022654216669,5.24223144790645,44.6536832730907));
#6345=CARTESIAN_POINT('Ctrl Pts',(-3.65158526325647,4.00272555222253,45.2068687661368));
#6346=CARTESIAN_POINT('Ctrl Pts',(-5.33918970018298,0.907788060695647,45.8292024458136));
#6347=CARTESIAN_POINT('Ctrl Pts',(-4.76841651338975,-2.57052389592538,46.4515361254904));
#6348=CARTESIAN_POINT('Ctrl Pts',(-2.39308344840694,-4.75851054527463,47.0220086651942));
#6349=CARTESIAN_POINT('Ctrl Pts',(0.437139504586312,-5.22529282964357,47.5406200649248));
#6350=CARTESIAN_POINT('Ctrl Pts',(2.87579142094278,-4.38654175703148,48.0073703246825));
#6351=CARTESIAN_POINT('Ctrl Pts',(4.61955430727843,-2.48337877902852,48.47412058444));
#6352=CARTESIAN_POINT('Ctrl Pts',(5.24468450394352,0.019455486889772,48.9408708441977));
#6353=CARTESIAN_POINT('Ctrl Pts',(4.6007450898742,2.51826827309686,49.4076211039552));
#6354=CARTESIAN_POINT('Ctrl Pts',(2.84315422323955,4.40724617545909,49.8743713637129));
#6355=CARTESIAN_POINT('Ctrl Pts',(0.397517536885106,5.22972546290661,50.3411216234705));
#6356=CARTESIAN_POINT('Ctrl Pts',(-2.1443726006608,4.78637366526577,50.8078718832281));
#6357=CARTESIAN_POINT('Ctrl Pts',(-4.16723285193817,3.18464862385573,51.2746221429857));
#6358=CARTESIAN_POINT('Ctrl Pts',(-5.18154784721207,0.812095026901648,51.7413724027434));
#6359=CARTESIAN_POINT('Ctrl Pts',(-4.94172130536861,-1.75692703421653,52.208122662501));
#6360=CARTESIAN_POINT('Ctrl Pts',(-3.50598644712787,-3.90087030117872,52.6748729222586));
#6361=CARTESIAN_POINT('Ctrl Pts',(-1.22146263504257,-5.10041232428335,53.1416231820163));
#6362=CARTESIAN_POINT('Ctrl Pts',(1.35819815549528,-5.06608238422219,53.6083734417738));
#6363=CARTESIAN_POINT('Ctrl Pts',(3.61015614922277,-3.80444667345118,54.0751237015315));
#6364=CARTESIAN_POINT('Ctrl Pts',(4.52720332886264,-2.35143576965056,54.3862905413699));
#6365=CARTESIAN_POINT('Ctrl Pts',(4.78557090417513,-1.55765779240583,54.5418739612891));
#6366=CARTESIAN_POINT('Ctrl Pts',(3.86799301918816,2.45110199071709,1.72697090674614));
#6367=CARTESIAN_POINT('Ctrl Pts',(3.46187472533441,3.09198218727362,1.88255432666534));
#6368=CARTESIAN_POINT('Ctrl Pts',(2.32537375314644,4.16738216705263,2.19372116650375));
#6369=CARTESIAN_POINT('Ctrl Pts',(0.0563980536316548,4.77179934444642,2.66047142626137));
#6370=CARTESIAN_POINT('Ctrl Pts',(-2.22566669470905,4.22129380356775,3.12722168601897));
#6371=CARTESIAN_POINT('Ctrl Pts',(-3.96933103999506,2.64913075833057,3.5939719457766));
#6372=CARTESIAN_POINT('Ctrl Pts',(-4.75217201750316,0.435798244225246,4.0607222055342));
#6373=CARTESIAN_POINT('Ctrl Pts',(-4.38492844933333,-1.88300275328943,4.52747246529183));
#6374=CARTESIAN_POINT('Ctrl Pts',(-2.95637044489477,-3.74607477814227,4.99422272504943));
#6375=CARTESIAN_POINT('Ctrl Pts',(-0.812322873715205,-4.70247760130504,
5.46097298480706));
#6376=CARTESIAN_POINT('Ctrl Pts',(1.52837003082315,-4.52078414864934,5.92772324456466));
#6377=CARTESIAN_POINT('Ctrl Pts',(3.49908614084953,-3.24487344015271,6.39447350432228));
#6378=CARTESIAN_POINT('Ctrl Pts',(4.62306020297525,-1.18374174486463,6.86122376407989));
#6379=CARTESIAN_POINT('Ctrl Pts',(4.62786478307355,1.16414241771832,7.3279740238375));
#6380=CARTESIAN_POINT('Ctrl Pts',(3.51312309892576,3.22976285872737,7.79472428359512));
#6381=CARTESIAN_POINT('Ctrl Pts',(1.54705867669022,4.51471124518022,8.26147454335273));
#6382=CARTESIAN_POINT('Ctrl Pts',(-0.791289609875411,4.70494837674372,8.72822480311035));
#6383=CARTESIAN_POINT('Ctrl Pts',(-3.18179642971711,3.65574938699148,9.24683620284102));
#6384=CARTESIAN_POINT('Ctrl Pts',(-4.78213288212908,1.19226418937753,9.8173087425448));
#6385=CARTESIAN_POINT('Ctrl Pts',(-4.50327681040692,-2.00337855037749,10.4396424222216));
#6386=CARTESIAN_POINT('Ctrl Pts',(-2.31671001229497,-4.35008684168966,11.0619761018984));
#6387=CARTESIAN_POINT('Ctrl Pts',(0.496907409272989,-4.79641826022938,11.6151615949445));
#6388=CARTESIAN_POINT('Ctrl Pts',(2.72993196049119,-3.86233448060621,12.0991989013598));
#6389=CARTESIAN_POINT('Ctrl Pts',(4.11975390439382,-2.32606276506503,12.5140880211443));
#6390=CARTESIAN_POINT('Ctrl Pts',(4.7441286188943,-0.257218930748494,12.9462641875866));
#6391=CARTESIAN_POINT('Ctrl Pts',(4.34769567141874,1.96763982908988,13.3957274006865));
#6392=CARTESIAN_POINT('Ctrl Pts',(2.88286970615283,3.80293819506377,13.8624776604441));
#6393=CARTESIAN_POINT('Ctrl Pts',(0.720858994863478,4.71737128105333,14.3292279202017));
#6394=CARTESIAN_POINT('Ctrl Pts',(-1.61609756662067,4.49013994582716,14.7959781799593));
#6395=CARTESIAN_POINT('Ctrl Pts',(-3.56126689355602,3.17644818061351,15.2627284397169));
#6396=CARTESIAN_POINT('Ctrl Pts',(-4.6456526680303,1.09320695512488,15.7294786994746));
#6397=CARTESIAN_POINT('Ctrl Pts',(-4.60346773264091,-1.25296040975922,16.1962289592322));
#6398=CARTESIAN_POINT('Ctrl Pts',(-3.3236431763981,-3.52693083704397,16.7148403589629));
#6399=CARTESIAN_POINT('Ctrl Pts',(-0.7126977064291,-4.8780563654216,17.2853128986666));
#6400=CARTESIAN_POINT('Ctrl Pts',(2.08707400043615,-4.34668137100242,17.8384983917127));
#6401=CARTESIAN_POINT('Ctrl Pts',(3.87335938459622,-2.71426579085275,18.322535698128));
#6402=CARTESIAN_POINT('Ctrl Pts',(4.66336060441468,-0.798662538202914,18.7374248179125));
#6403=CARTESIAN_POINT('Ctrl Pts',(4.55637579280346,1.27283716919312,19.152313937697));
#6404=CARTESIAN_POINT('Ctrl Pts',(3.57504848533456,3.09851998852932,19.5672030574816));
#6405=CARTESIAN_POINT('Ctrl Pts',(1.90637696122898,4.3297876364629,19.9820921772661));
#6406=CARTESIAN_POINT('Ctrl Pts',(-0.127537446222308,4.72916792806785,20.3969812970508));
#6407=CARTESIAN_POINT('Ctrl Pts',(-2.13835809953987,4.22031921886687,20.8118704168352));
#6408=CARTESIAN_POINT('Ctrl Pts',(-3.73579808229229,2.90082682119845,21.2267595366198));
#6409=CARTESIAN_POINT('Ctrl Pts',(-4.76905208730354,0.711910812854475,21.7107968430351));
#6410=CARTESIAN_POINT('Ctrl Pts',(-4.45063061234678,-2.11856566732057,22.2639823360812));
#6411=CARTESIAN_POINT('Ctrl Pts',(-2.20297918920038,-4.40861575659105,22.886316015758));
#6412=CARTESIAN_POINT('Ctrl Pts',(0.974919437528145,-4.83066225889677,23.5086496954348));
#6413=CARTESIAN_POINT('Ctrl Pts',(3.74144777694586,-3.20834810421718,24.1309833751116));
#6414=CARTESIAN_POINT('Ctrl Pts',(4.9228471421334,-0.22674548243472,24.7533170547885));
#6415=CARTESIAN_POINT('Ctrl Pts',(4.02102871874395,2.84959613107187,25.3756507344652));
#6416=CARTESIAN_POINT('Ctrl Pts',(1.41500588562334,4.72168813361699,25.9979844141421));
#6417=CARTESIAN_POINT('Ctrl Pts',(-1.43100213176426,4.60466565650457,26.5511699071881));
#6418=CARTESIAN_POINT('Ctrl Pts',(-3.43657739798885,3.24968410772581,27.0352072136034));
#6419=CARTESIAN_POINT('Ctrl Pts',(-4.49729014322829,1.4695662470359,27.450096333388));
#6420=CARTESIAN_POINT('Ctrl Pts',(-4.69315061659769,-0.594803632306354,
27.8649854531725));
#6421=CARTESIAN_POINT('Ctrl Pts',(-3.98833220478964,-2.54543653174184,28.2798745729571));
#6422=CARTESIAN_POINT('Ctrl Pts',(-2.51721790307952,-4.0040805172186,28.6947636927416));
#6423=CARTESIAN_POINT('Ctrl Pts',(-0.236768938203236,-4.81613256704167,
29.1788009991569));
#6424=CARTESIAN_POINT('Ctrl Pts',(2.54828202351482,-4.2197623338745,29.731986492203));
#6425=CARTESIAN_POINT('Ctrl Pts',(4.60481796263411,-1.75603799207362,30.3543201718798));
#6426=CARTESIAN_POINT('Ctrl Pts',(4.71063691376144,1.44777546429694,30.9766538515566));
#6427=CARTESIAN_POINT('Ctrl Pts',(2.82256130494264,4.04023206476263,31.5989875312335));
#6428=CARTESIAN_POINT('Ctrl Pts',(-0.26095889390175,4.92149711911189,32.2213212109102));
#6429=CARTESIAN_POINT('Ctrl Pts',(-3.233601483162,3.71878094545355,32.8436548905871));
#6430=CARTESIAN_POINT('Ctrl Pts',(-4.83812614542481,0.943007904822,33.4659885702638));
#6431=CARTESIAN_POINT('Ctrl Pts',(-4.44015356318151,-1.88242384505606,34.01917406331));
#6432=CARTESIAN_POINT('Ctrl Pts',(-2.89507409722593,-3.73633614926631,34.5032113697253));
#6433=CARTESIAN_POINT('Ctrl Pts',(-0.389259577224625,-4.92721335688421,
35.0563968627714));
#6434=CARTESIAN_POINT('Ctrl Pts',(2.49577160265785,-4.27059690239289,35.6095823558173));
#6435=CARTESIAN_POINT('Ctrl Pts',(4.23227198062862,-2.10333224905577,36.1627678488635));
#6436=CARTESIAN_POINT('Ctrl Pts',(4.81688583532005,0.237232978724195,36.6468051552786));
#6437=CARTESIAN_POINT('Ctrl Pts',(3.94606613805689,2.95496042280364,37.1999906483249));
#6438=CARTESIAN_POINT('Ctrl Pts',(1.2926477989197,4.75504795125836,37.8223243280015));
#6439=CARTESIAN_POINT('Ctrl Pts',(-1.90670375632292,4.54469071688202,38.4446580076785));
#6440=CARTESIAN_POINT('Ctrl Pts',(-4.2995455990361,2.40931390763881,39.0669916873552));
#6441=CARTESIAN_POINT('Ctrl Pts',(-4.87130559369353,-0.746878114580381,
39.6893253670322));
#6442=CARTESIAN_POINT('Ctrl Pts',(-3.62988002921373,-3.11118858661286,40.2079367667627));
#6443=CARTESIAN_POINT('Ctrl Pts',(-1.91927385429172,-4.24807435790632,40.6228258865473));
#6444=CARTESIAN_POINT('Ctrl Pts',(0.0562852561122189,-4.77801676209982,
41.0377150063319));
#6445=CARTESIAN_POINT('Ctrl Pts',(3.01472100183055,-4.07239117790119,41.6254745926932));
#6446=CARTESIAN_POINT('Ctrl Pts',(4.78378418006375,-1.2496758853811,42.2478082723702));
#6447=CARTESIAN_POINT('Ctrl Pts',(4.48014829070748,1.50864611517774,42.8009937654162));
#6448=CARTESIAN_POINT('Ctrl Pts',(3.41177781617883,3.27937923169092,43.2158828852007));
#6449=CARTESIAN_POINT('Ctrl Pts',(1.67869621594078,4.42188382206399,43.6307720049853));
#6450=CARTESIAN_POINT('Ctrl Pts',(-0.714624995032409,4.76845248970205,44.1148093114006));
#6451=CARTESIAN_POINT('Ctrl Pts',(-3.32997542484338,3.63505323566031,44.6679948044466));
#6452=CARTESIAN_POINT('Ctrl Pts',(-4.85965670186997,0.816361901789332,45.2903284841235));
#6453=CARTESIAN_POINT('Ctrl Pts',(-4.33392375970378,-2.34766112840988,45.9126621638002));
#6454=CARTESIAN_POINT('Ctrl Pts',(-2.16882916064208,-4.33399502438698,46.4831347035041));
#6455=CARTESIAN_POINT('Ctrl Pts',(0.407503160121414,-4.75357833940498,47.0017461032346));
#6456=CARTESIAN_POINT('Ctrl Pts',(2.62458723598252,-3.98595230409255,47.4684963629924));
#6457=CARTESIAN_POINT('Ctrl Pts',(4.20781376198114,-2.25111083216723,47.9352466227499));
#6458=CARTESIAN_POINT('Ctrl Pts',(4.77197323104215,0.0273088289571883,48.4019968825076));
#6459=CARTESIAN_POINT('Ctrl Pts',(4.18151357162177,2.29974461109425,48.8687471422651));
#6460=CARTESIAN_POINT('Ctrl Pts',(2.57884809197893,4.01526644379763,49.3354974020229));
#6461=CARTESIAN_POINT('Ctrl Pts',(0.352114701522663,4.75914056514052,49.8022476617804));
#6462=CARTESIAN_POINT('Ctrl Pts',(-1.95988503705301,4.35109314395065,50.268997921538));
#6463=CARTESIAN_POINT('Ctrl Pts',(-3.79751044951311,2.8900034148847,50.7357481812956));
#6464=CARTESIAN_POINT('Ctrl Pts',(-4.7160606255345,0.729429424526301,51.2024984410533));
#6465=CARTESIAN_POINT('Ctrl Pts',(-4.49315773189854,-1.60766707269614,51.6692487008108));
#6466=CARTESIAN_POINT('Ctrl Pts',(-3.18285454086034,-3.55568831112234,52.1359989605685));
#6467=CARTESIAN_POINT('Ctrl Pts',(-1.10208316541002,-4.64309448029979,52.602749220326));
#6468=CARTESIAN_POINT('Ctrl Pts',(1.24516212099975,-4.6068233143784,53.0694994800838));
#6469=CARTESIAN_POINT('Ctrl Pts',(3.29158297147866,-3.45541874685035,53.5362497398413));
#6470=CARTESIAN_POINT('Ctrl Pts',(4.12383426524779,-2.1304744572735,53.8474165796797));
#6471=CARTESIAN_POINT('Ctrl Pts',(4.35721192854658,-1.40853653666383,54.0029999995989));
#6472=CARTESIAN_POINT('Ctrl Pts',(3.86783886735518,2.45099482417709,1.72700906465105));
#6473=CARTESIAN_POINT('Ctrl Pts',(3.61277557631445,2.85261061010761,1.82455377737845));
#6474=CARTESIAN_POINT('Ctrl Pts',(2.77552861956607,3.80930415518957,2.08206954818149));
#6475=CARTESIAN_POINT('Ctrl Pts',(0.871767250674937,4.70422900064485,2.49956012086861));
#6476=CARTESIAN_POINT('Ctrl Pts',(-1.54048477225963,4.52805541637954,2.97946140068578));
#6477=CARTESIAN_POINT('Ctrl Pts',(-2.88538994082923,3.64037390349143,3.29941705653376));
#6478=CARTESIAN_POINT('Ctrl Pts',(-3.4066746385029,3.06003903175398,3.45938028237462));
#6479=CARTESIAN_POINT('',(-3.17215466659444,3.30253020269002,54.003));
#6480=CARTESIAN_POINT('Ctrl Pts',(-3.17215466659444,3.30253020269002,54.003));
#6481=CARTESIAN_POINT('Ctrl Pts',(-2.14919797327095,4.28510315412193,53.7121409417983));
#6482=CARTESIAN_POINT('Ctrl Pts',(0.860000761269075,5.22160685877244,53.130401080884));
#6483=CARTESIAN_POINT('Ctrl Pts',(4.70337107521769,2.43283593956599,52.2577680608038));
#6484=CARTESIAN_POINT('Ctrl Pts',(4.76144919281951,-2.31096029556107,51.3851586711661));
#6485=CARTESIAN_POINT('Ctrl Pts',(0.998371017903774,-5.19879743595829,50.5125706710706));
#6486=CARTESIAN_POINT('Ctrl Pts',(-3.56700634845038,-3.9096187423223,49.6399232454752));
#6487=CARTESIAN_POINT('Ctrl Pts',(-5.26964494631661,0.516300132829078,48.767332052667));
#6488=CARTESIAN_POINT('Ctrl Pts',(-2.73354511567843,4.53474728194523,47.8947233513466));
#6489=CARTESIAN_POINT('Ctrl Pts',(1.45952859124717,4.85496433110769,47.1190613384088));
#6490=CARTESIAN_POINT('Ctrl Pts',(4.1214980991367,2.61141704609484,46.4403521652424));
#6491=CARTESIAN_POINT('Ctrl Pts',(4.87634380946307,-0.262637116132345,45.858631167791));
#6492=CARTESIAN_POINT('Ctrl Pts',(3.81536506800284,-3.04452556256054,45.2768723539405));
#6493=CARTESIAN_POINT('Ctrl Pts',(1.06456755163421,-4.88457584930839,44.6304964287642));
#6494=CARTESIAN_POINT('Ctrl Pts',(-2.67655187430486,-4.38613308058432,43.9194862299062));
#6495=CARTESIAN_POINT('Ctrl Pts',(-5.03427257308364,-0.998268784368838,
43.1438306680152));
#6496=CARTESIAN_POINT('Ctrl Pts',(-4.2223725282278,2.68321086618157,42.4328026550316));
#6497=CARTESIAN_POINT('Ctrl Pts',(-1.54019832266463,4.63059158822364,41.7864397874692));
#6498=CARTESIAN_POINT('Ctrl Pts',(1.43114296259399,4.66915877138455,41.2046805162531));
#6499=CARTESIAN_POINT('Ctrl Pts',(3.87800163565818,2.96762318523154,40.6229538706207));
#6500=CARTESIAN_POINT('Ctrl Pts',(4.87909109408846,0.165286225571768,40.0412039889901));
#6501=CARTESIAN_POINT('Ctrl Pts',(4.06995966176524,-2.69834159151864,39.4594607392531));
#6502=CARTESIAN_POINT('Ctrl Pts',(1.74386754436432,-4.56161116781,38.8777296271895));
#6503=CARTESIAN_POINT('Ctrl Pts',(-1.2232798252403,-4.72419045754224,38.2959723350941));
#6504=CARTESIAN_POINT('Ctrl Pts',(-4.03107260346616,-2.96289213189944,37.6496085950276));
#6505=CARTESIAN_POINT('Ctrl Pts',(-5.09033269638271,0.655389628709126,36.9385810648718));
#6506=CARTESIAN_POINT('Ctrl Pts',(-2.96717857634425,4.19465408631854,36.1629241744743));
#6507=CARTESIAN_POINT('Ctrl Pts',(0.731374878922988,4.94600591352952,35.4519153711859));
#6508=CARTESIAN_POINT('Ctrl Pts',(3.60087744290704,3.29469324476488,34.8055384741193));
#6509=CARTESIAN_POINT('Ctrl Pts',(4.84670061432448,0.594442188257737,34.2237788099278));
#6510=CARTESIAN_POINT('Ctrl Pts',(4.29024203562131,-2.33156731016845,33.6420654616775));
#6511=CARTESIAN_POINT('Ctrl Pts',(2.1394403488863,-4.38876399261476,33.0602908898735));
#6512=CARTESIAN_POINT('Ctrl Pts',(-0.806581595806014,-4.81572843881549,
32.4785817275609));
#6513=CARTESIAN_POINT('Ctrl Pts',(-3.45290075389684,-3.45219635457141,31.8968141725277));
#6514=CARTESIAN_POINT('Ctrl Pts',(-4.8157063683685,-0.805840740435754,31.3150882654588));
#6515=CARTESIAN_POINT('Ctrl Pts',(-4.38867472918807,2.14017117930279,30.7333443685889));
#6516=CARTESIAN_POINT('Ctrl Pts',(-2.32995523984246,4.29020647244761,30.1515963099803));
#6517=CARTESIAN_POINT('Ctrl Pts',(0.593754685402794,4.84725047753428,29.5698668547701));
#6518=CARTESIAN_POINT('Ctrl Pts',(3.29805999177207,3.60054987085132,28.9881033943085));
#6519=CARTESIAN_POINT('Ctrl Pts',(4.77530558607448,1.016494233407,28.4063909852579));
#6520=CARTESIAN_POINT('Ctrl Pts',(4.47907632815924,-1.94440815510116,27.8246228000697));
#6521=CARTESIAN_POINT('Ctrl Pts',(2.51542797740979,-4.18626249866812,27.242897311174));
#6522=CARTESIAN_POINT('Ctrl Pts',(-0.377999864418205,-4.86502435211116,
26.661151738384));
#6523=CARTESIAN_POINT('Ctrl Pts',(-3.44965608661377,-3.62345674459232,26.0147702190572));
#6524=CARTESIAN_POINT('Ctrl Pts',(-5.12933246113317,-0.243862840142622,
25.3037588947916));
#6525=CARTESIAN_POINT('Ctrl Pts',(-3.65272775221546,3.60646501547149,24.5280996791349));
#6526=CARTESIAN_POINT('Ctrl Pts',(0.173741715927911,5.1297139265668,23.7524519262273));
#6527=CARTESIAN_POINT('Ctrl Pts',(3.89322548647576,3.35127210203412,22.9767874835174));
#6528=CARTESIAN_POINT('Ctrl Pts',(5.09759974589378,-0.592557510899847,22.2011327132155));
#6529=CARTESIAN_POINT('Ctrl Pts',(3.19621830511835,-3.84951003391831,21.4901209984092));
#6530=CARTESIAN_POINT('Ctrl Pts',(0.0454706331326458,-4.8798902891251,20.8437252878881));
#6531=CARTESIAN_POINT('Ctrl Pts',(-2.79394613076718,-4.00448059480706,20.2620109941572));
#6532=CARTESIAN_POINT('Ctrl Pts',(-4.60122781826774,-1.63547877581613,19.6802367991423));
#6533=CARTESIAN_POINT('Ctrl Pts',(-4.69488254735369,1.33896936596675,19.0985278669638));
#6534=CARTESIAN_POINT('Ctrl Pts',(-3.04585586368932,3.81668008854688,18.5167595004927));
#6535=CARTESIAN_POINT('Ctrl Pts',(-0.261929891807725,4.87591788410065,17.9350351145293));
#6536=CARTESIAN_POINT('Ctrl Pts',(2.61438019311203,4.12147198396798,17.3532880930279));
#6537=CARTESIAN_POINT('Ctrl Pts',(4.74201153982635,1.58470885299536,16.7069034830263));
#6538=CARTESIAN_POINT('Ctrl Pts',(4.64877739488993,-2.1879868493664,15.9958979110873));
#6539=CARTESIAN_POINT('Ctrl Pts',(1.53520770786244,-4.89763589730777,15.2202379107772));
#6540=CARTESIAN_POINT('Ctrl Pts',(-2.21253609177646,-4.48642030282411,14.5092138148862));
#6541=CARTESIAN_POINT('Ctrl Pts',(-4.43759135098522,-2.03128576079021,13.8628451834825));
#6542=CARTESIAN_POINT('Ctrl Pts',(-4.79622003515991,0.921742976331242,13.281094077429));
#6543=CARTESIAN_POINT('Ctrl Pts',(-3.36834320941805,3.53022325633722,12.6993551329589));
#6544=CARTESIAN_POINT('Ctrl Pts',(-0.243700182689938,5.06337931150532,12.0206587572607));
#6545=CARTESIAN_POINT('Ctrl Pts',(3.7480595192474,3.74034661297481,11.2449915521811));
#6546=CARTESIAN_POINT('Ctrl Pts',(5.23830568318002,-0.771950988524223,10.3724099969017));
#6547=CARTESIAN_POINT('Ctrl Pts',(2.5168872619884,-4.6554984188453,9.49976198010763));
#6548=CARTESIAN_POINT('Ctrl Pts',(-2.22455123340966,-4.80367776830123,8.62716615057098));
#6549=CARTESIAN_POINT('Ctrl Pts',(-5.17870868049836,-1.09241369977977,7.75456763575288));
#6550=CARTESIAN_POINT('Ctrl Pts',(-3.97633968851568,3.49703881793894,6.88192550359379));
#6551=CARTESIAN_POINT('Ctrl Pts',(0.359488401606172,5.24748111139019,6.02265773535277));
#6552=CARTESIAN_POINT('Ctrl Pts',(2.99704984791775,3.71258843408795,5.45425173815336));
#6553=CARTESIAN_POINT('Ctrl Pts',(3.76847036827122,2.60105730778111,5.17669963868547));
#6554=CARTESIAN_POINT('Ctrl Pts',(4.35721192886541,-1.40853653677482,54.003));
#6555=CARTESIAN_POINT('Ctrl Pts',(4.34119041662605,-1.5202603202523,54.003));
#6556=CARTESIAN_POINT('Ctrl Pts',(4.32032583135869,-1.63141645554558,54.003));
#6557=CARTESIAN_POINT('Ctrl Pts',(4.1691124486801,-2.28367071638549,54.003));
#6558=CARTESIAN_POINT('Ctrl Pts',(3.93221940711276,-2.79528891506863,54.003));
#6559=CARTESIAN_POINT('Ctrl Pts',(3.25597417300692,-3.73516082108148,54.003));
#6560=CARTESIAN_POINT('Ctrl Pts',(2.80870689316066,-4.14598318120192,54.003));
#6561=CARTESIAN_POINT('Ctrl Pts',(1.76460733450796,-4.78456675060133,54.003));
#6562=CARTESIAN_POINT('Ctrl Pts',(1.17256464090729,-4.99936741482443,54.003));
#6563=CARTESIAN_POINT('Ctrl Pts',(-0.0707366588527203,-5.19147986351115,
54.003));
#6564=CARTESIAN_POINT('Ctrl Pts',(-0.711482327738047,-5.16275090027057,
54.003));
#6565=CARTESIAN_POINT('Ctrl Pts',(-1.94744754727709,-4.86064110545785,54.003));
#6566=CARTESIAN_POINT('Ctrl Pts',(-2.53141785276312,-4.58900281610426,54.003));
#6567=CARTESIAN_POINT('Ctrl Pts',(-3.55713723432756,-3.84064996635068,54.003));
#6568=CARTESIAN_POINT('Ctrl Pts',(-3.99108098930093,-3.37219135888462,54.003));
#6569=CARTESIAN_POINT('Ctrl Pts',(-4.64742865615259,-2.30713899739087,54.003));
#6570=CARTESIAN_POINT('Ctrl Pts',(-4.86840902556448,-1.72245438486937,54.003));
#6571=CARTESIAN_POINT('Ctrl Pts',(-5.06986160411551,-0.523305632412301,
54.003));
#6572=CARTESIAN_POINT('Ctrl Pts',(-5.05665720615287,0.0796103095189196,
54.003));
#6573=CARTESIAN_POINT('Ctrl Pts',(-4.80626455809665,1.21501587335055,54.003));
#6574=CARTESIAN_POINT('Ctrl Pts',(-4.58247645154258,1.74083105623647,54.003));
#6575=CARTESIAN_POINT('Ctrl Pts',(-3.9886914357094,2.61192857590204,54.003));
#6576=CARTESIAN_POINT('Ctrl Pts',(-3.64573095368871,2.9668452410529,54.003));
#6577=CARTESIAN_POINT('Ctrl Pts',(-3.2229018934001,3.26774381152983,54.003));
#6578=CARTESIAN_POINT('Ctrl Pts',(-3.19762675003263,3.28528887857106,54.003));
#6579=CARTESIAN_POINT('Ctrl Pts',(-3.17215466659444,3.30253020269002,54.003));
#6580=CARTESIAN_POINT('Ctrl Pts',(-3.17215466659444,3.30253020269002,54.003));
#6581=CARTESIAN_POINT('Ctrl Pts',(-2.14919797327095,4.28510315412193,53.7121409417983));
#6582=CARTESIAN_POINT('Ctrl Pts',(0.860000761269075,5.22160685877244,53.130401080884));
#6583=CARTESIAN_POINT('Ctrl Pts',(4.70337107521769,2.43283593956599,52.2577680608038));
#6584=CARTESIAN_POINT('Ctrl Pts',(4.76144919281951,-2.31096029556107,51.3851586711661));
#6585=CARTESIAN_POINT('Ctrl Pts',(0.998371017903774,-5.19879743595829,50.5125706710706));
#6586=CARTESIAN_POINT('Ctrl Pts',(-3.56700634845038,-3.9096187423223,49.6399232454752));
#6587=CARTESIAN_POINT('Ctrl Pts',(-5.26964494631661,0.516300132829078,48.767332052667));
#6588=CARTESIAN_POINT('Ctrl Pts',(-2.73354511567843,4.53474728194523,47.8947233513466));
#6589=CARTESIAN_POINT('Ctrl Pts',(1.45952859124717,4.85496433110769,47.1190613384088));
#6590=CARTESIAN_POINT('Ctrl Pts',(4.1214980991367,2.61141704609484,46.4403521652424));
#6591=CARTESIAN_POINT('Ctrl Pts',(4.87634380946307,-0.262637116132345,45.858631167791));
#6592=CARTESIAN_POINT('Ctrl Pts',(3.81536506800284,-3.04452556256054,45.2768723539405));
#6593=CARTESIAN_POINT('Ctrl Pts',(1.06456755163421,-4.88457584930839,44.6304964287642));
#6594=CARTESIAN_POINT('Ctrl Pts',(-2.67655187430486,-4.38613308058432,43.9194862299062));
#6595=CARTESIAN_POINT('Ctrl Pts',(-5.03427257308364,-0.998268784368838,
43.1438306680152));
#6596=CARTESIAN_POINT('Ctrl Pts',(-4.2223725282278,2.68321086618157,42.4328026550316));
#6597=CARTESIAN_POINT('Ctrl Pts',(-1.54019832266463,4.63059158822364,41.7864397874692));
#6598=CARTESIAN_POINT('Ctrl Pts',(1.43114296259399,4.66915877138455,41.2046805162531));
#6599=CARTESIAN_POINT('Ctrl Pts',(3.87800163565818,2.96762318523154,40.6229538706207));
#6600=CARTESIAN_POINT('Ctrl Pts',(4.87909109408846,0.165286225571768,40.0412039889901));
#6601=CARTESIAN_POINT('Ctrl Pts',(4.06995966176524,-2.69834159151864,39.4594607392531));
#6602=CARTESIAN_POINT('Ctrl Pts',(1.74386754436432,-4.56161116781,38.8777296271895));
#6603=CARTESIAN_POINT('Ctrl Pts',(-1.2232798252403,-4.72419045754224,38.2959723350941));
#6604=CARTESIAN_POINT('Ctrl Pts',(-4.03107260346616,-2.96289213189944,37.6496085950276));
#6605=CARTESIAN_POINT('Ctrl Pts',(-5.09033269638271,0.655389628709126,36.9385810648718));
#6606=CARTESIAN_POINT('Ctrl Pts',(-2.96717857634425,4.19465408631854,36.1629241744743));
#6607=CARTESIAN_POINT('Ctrl Pts',(0.731374878922988,4.94600591352952,35.4519153711859));
#6608=CARTESIAN_POINT('Ctrl Pts',(3.60087744290704,3.29469324476488,34.8055384741193));
#6609=CARTESIAN_POINT('Ctrl Pts',(4.84670061432448,0.594442188257737,34.2237788099278));
#6610=CARTESIAN_POINT('Ctrl Pts',(4.29024203562131,-2.33156731016845,33.6420654616775));
#6611=CARTESIAN_POINT('Ctrl Pts',(2.1394403488863,-4.38876399261476,33.0602908898735));
#6612=CARTESIAN_POINT('Ctrl Pts',(-0.806581595806014,-4.81572843881549,
32.4785817275609));
#6613=CARTESIAN_POINT('Ctrl Pts',(-3.45290075389684,-3.45219635457141,31.8968141725277));
#6614=CARTESIAN_POINT('Ctrl Pts',(-4.8157063683685,-0.805840740435754,31.3150882654588));
#6615=CARTESIAN_POINT('Ctrl Pts',(-4.38867472918807,2.14017117930279,30.7333443685889));
#6616=CARTESIAN_POINT('Ctrl Pts',(-2.32995523984246,4.29020647244761,30.1515963099803));
#6617=CARTESIAN_POINT('Ctrl Pts',(0.593754685402794,4.84725047753428,29.5698668547701));
#6618=CARTESIAN_POINT('Ctrl Pts',(3.29805999177207,3.60054987085132,28.9881033943085));
#6619=CARTESIAN_POINT('Ctrl Pts',(4.77530558607448,1.016494233407,28.4063909852579));
#6620=CARTESIAN_POINT('Ctrl Pts',(4.47907632815924,-1.94440815510116,27.8246228000697));
#6621=CARTESIAN_POINT('Ctrl Pts',(2.51542797740979,-4.18626249866812,27.242897311174));
#6622=CARTESIAN_POINT('Ctrl Pts',(-0.377999864418205,-4.86502435211116,
26.661151738384));
#6623=CARTESIAN_POINT('Ctrl Pts',(-3.44965608661377,-3.62345674459232,26.0147702190572));
#6624=CARTESIAN_POINT('Ctrl Pts',(-5.12933246113317,-0.243862840142622,
25.3037588947916));
#6625=CARTESIAN_POINT('Ctrl Pts',(-3.65272775221546,3.60646501547149,24.5280996791349));
#6626=CARTESIAN_POINT('Ctrl Pts',(0.173741715927911,5.1297139265668,23.7524519262273));
#6627=CARTESIAN_POINT('Ctrl Pts',(3.89322548647576,3.35127210203412,22.9767874835174));
#6628=CARTESIAN_POINT('Ctrl Pts',(5.09759974589378,-0.592557510899847,22.2011327132155));
#6629=CARTESIAN_POINT('Ctrl Pts',(3.19621830511835,-3.84951003391831,21.4901209984092));
#6630=CARTESIAN_POINT('Ctrl Pts',(0.0454706331326458,-4.8798902891251,20.8437252878881));
#6631=CARTESIAN_POINT('Ctrl Pts',(-2.79394613076718,-4.00448059480706,20.2620109941572));
#6632=CARTESIAN_POINT('Ctrl Pts',(-4.60122781826774,-1.63547877581613,19.6802367991423));
#6633=CARTESIAN_POINT('Ctrl Pts',(-4.69488254735369,1.33896936596675,19.0985278669638));
#6634=CARTESIAN_POINT('Ctrl Pts',(-3.04585586368932,3.81668008854688,18.5167595004927));
#6635=CARTESIAN_POINT('Ctrl Pts',(-0.261929891807725,4.87591788410065,17.9350351145293));
#6636=CARTESIAN_POINT('Ctrl Pts',(2.61438019311203,4.12147198396798,17.3532880930279));
#6637=CARTESIAN_POINT('Ctrl Pts',(4.74201153982635,1.58470885299536,16.7069034830263));
#6638=CARTESIAN_POINT('Ctrl Pts',(4.64877739488993,-2.1879868493664,15.9958979110873));
#6639=CARTESIAN_POINT('Ctrl Pts',(1.53520770786244,-4.89763589730777,15.2202379107772));
#6640=CARTESIAN_POINT('Ctrl Pts',(-2.21253609177646,-4.48642030282411,14.5092138148862));
#6641=CARTESIAN_POINT('Ctrl Pts',(-4.43759135098522,-2.03128576079021,13.8628451834825));
#6642=CARTESIAN_POINT('Ctrl Pts',(-4.79622003515991,0.921742976331242,13.281094077429));
#6643=CARTESIAN_POINT('Ctrl Pts',(-3.36834320941805,3.53022325633722,12.6993551329589));
#6644=CARTESIAN_POINT('Ctrl Pts',(-0.243700182689938,5.06337931150532,12.0206587572607));
#6645=CARTESIAN_POINT('Ctrl Pts',(3.7480595192474,3.74034661297481,11.2449915521811));
#6646=CARTESIAN_POINT('Ctrl Pts',(5.23830568318002,-0.771950988524223,10.3724099969017));
#6647=CARTESIAN_POINT('Ctrl Pts',(2.5168872619884,-4.6554984188453,9.49976198010763));
#6648=CARTESIAN_POINT('Ctrl Pts',(-2.22455123340966,-4.80367776830123,8.62716615057098));
#6649=CARTESIAN_POINT('Ctrl Pts',(-5.17870868049836,-1.09241369977977,7.75456763575288));
#6650=CARTESIAN_POINT('Ctrl Pts',(-3.97633968851568,3.49703881793894,6.88192550359379));
#6651=CARTESIAN_POINT('Ctrl Pts',(0.426732734681654,5.27462871091758,6.00933135644484));
#6652=CARTESIAN_POINT('Ctrl Pts',(3.12059993234087,3.63913621545586,5.42759884064131));
#6653=CARTESIAN_POINT('Ctrl Pts',(3.87596960981931,2.43846889507204,5.13671843292943));
#6654=CARTESIAN_POINT('Ctrl Pts',(-3.07710873961794,3.23518473274995,54.1349952852384));
#6655=CARTESIAN_POINT('Ctrl Pts',(-2.0751343546274,4.18822075382045,53.8441362270367));
#6656=CARTESIAN_POINT('Ctrl Pts',(0.86354073672526,5.0870181416628,53.2623963661224));
#6657=CARTESIAN_POINT('Ctrl Pts',(4.59740752697719,2.34952819464911,52.3897633460423));
#6658=CARTESIAN_POINT('Ctrl Pts',(4.6314080812383,-2.27595256142442,51.5171539564045));
#6659=CARTESIAN_POINT('Ctrl Pts',(0.948557854024491,-5.07363308731775,50.6445659563091));
#6660=CARTESIAN_POINT('Ctrl Pts',(-3.49653917548772,-3.79484455243244,49.7719185307136));
#6661=CARTESIAN_POINT('Ctrl Pts',(-5.1354604614335,0.528582579814322,48.8993273379054));
#6662=CARTESIAN_POINT('Ctrl Pts',(-2.64355487528581,4.43447764513487,48.0267186365851));
#6663=CARTESIAN_POINT('Ctrl Pts',(1.44628876828142,4.72662165567364,47.2510566236473));
#6664=CARTESIAN_POINT('Ctrl Pts',(4.0309625159952,2.52644749492388,46.5723474504809));
#6665=CARTESIAN_POINT('Ctrl Pts',(4.75321192454966,-0.279388009382816,45.9906264530294));
#6666=CARTESIAN_POINT('Ctrl Pts',(3.7054418054753,-2.98666149215528,45.408867639179));
#6667=CARTESIAN_POINT('Ctrl Pts',(1.01463816648761,-4.76758924686991,44.7624917140026));
#6668=CARTESIAN_POINT('Ctrl Pts',(-2.63063910994666,-4.26366615065848,44.0514815151446));
#6669=CARTESIAN_POINT('Ctrl Pts',(-4.91323217973517,-0.949254992764463,
43.2758259532536));
#6670=CARTESIAN_POINT('Ctrl Pts',(-4.1040038201577,2.63630037777484,42.5647979402701));
#6671=CARTESIAN_POINT('Ctrl Pts',(-1.47953368605956,4.52224340736085,41.9184350727076));
#6672=CARTESIAN_POINT('Ctrl Pts',(1.41764263443158,4.54560907486161,41.3366758014915));
#6673=CARTESIAN_POINT('Ctrl Pts',(3.7952817282927,2.87491251860119,40.7549491558591));
#6674=CARTESIAN_POINT('Ctrl Pts',(4.75791238016745,0.137832027549069,40.1731992742286));
#6675=CARTESIAN_POINT('Ctrl Pts',(3.95535572949707,-2.6503588497515,39.5914560244916));
#6676=CARTESIAN_POINT('Ctrl Pts',(1.67842488240912,-4.45592123221939,39.0097249124279));
#6677=CARTESIAN_POINT('Ctrl Pts',(-1.21526000280387,-4.60029601130622,38.4279676203326));
#6678=CARTESIAN_POINT('Ctrl Pts',(-3.94447236602802,-2.86953712124548,37.781603880266));
#6679=CARTESIAN_POINT('Ctrl Pts',(-4.95998549766894,0.663347764861869,37.0705763501103));
#6680=CARTESIAN_POINT('Ctrl Pts',(-2.87298687482531,4.10395531661289,36.2949194597128));
#6681=CARTESIAN_POINT('Ctrl Pts',(0.736768465523487,4.81889445092597,35.5839106564244));
#6682=CARTESIAN_POINT('Ctrl Pts',(3.52661955115462,3.19512503275829,34.9375337593578));
#6683=CARTESIAN_POINT('Ctrl Pts',(4.72840472602084,0.556417328022489,34.3557740951662));
#6684=CARTESIAN_POINT('Ctrl Pts',(4.17186211019679,-2.29380100878305,33.7740607469159));
#6685=CARTESIAN_POINT('Ctrl Pts',(2.0649865759623,-4.28929606321585,33.1922861751119));
#6686=CARTESIAN_POINT('Ctrl Pts',(-0.809442826920141,-4.69150546282487,
32.6105770127993));
#6687=CARTESIAN_POINT('Ctrl Pts',(-3.383100225867,-3.34940505180241,32.0288094577661));
#6688=CARTESIAN_POINT('Ctrl Pts',(-4.69919124076018,-0.762675432192988,
31.4470835506972));
#6689=CARTESIAN_POINT('Ctrl Pts',(-4.26875056640051,2.10765436268577,30.8653396538274));
#6690=CARTESIAN_POINT('Ctrl Pts',(-2.25118088404001,4.19413673948062,30.2835915952187));
#6691=CARTESIAN_POINT('Ctrl Pts',(0.602035510314445,4.72324898334224,29.7018621400086));
#6692=CARTESIAN_POINT('Ctrl Pts',(3.23286145370938,3.49479355501962,29.1200986795469));
#6693=CARTESIAN_POINT('Ctrl Pts',(4.66078915141988,0.968258056375396,28.5383862704963));
#6694=CARTESIAN_POINT('Ctrl Pts',(4.35785284175709,-1.9172209132673,27.9566180853082));
#6695=CARTESIAN_POINT('Ctrl Pts',(2.43249075619037,-4.09365349603232,27.3748925964124));
#6696=CARTESIAN_POINT('Ctrl Pts',(-0.391770225919269,-4.74164117601719,
26.7931470236224));
#6697=CARTESIAN_POINT('Ctrl Pts',(-3.38076495167971,-3.51638130728574,26.1467655042956));
#6698=CARTESIAN_POINT('Ctrl Pts',(-5.00228224345412,-0.213244353178875,
25.43575418003));
#6699=CARTESIAN_POINT('Ctrl Pts',(-3.54421814603866,3.53376927894487,24.6600949643734));
#6700=CARTESIAN_POINT('Ctrl Pts',(0.193925595218479,5.00068055495186,23.8844472114657));
#6701=CARTESIAN_POINT('Ctrl Pts',(3.81193179325688,3.24885668191976,23.1087827687558));
#6702=CARTESIAN_POINT('Ctrl Pts',(4.96737778821211,-0.602118851525362,22.333127998454));
#6703=CARTESIAN_POINT('Ctrl Pts',(3.09792672303529,-3.76854414154637,21.6221162836476));
#6704=CARTESIAN_POINT('Ctrl Pts',(0.0210030112806442,-4.75815002423075,
20.9757205731265));
#6705=CARTESIAN_POINT('Ctrl Pts',(-2.74325456189233,-3.89102795768293,20.3940062793957));
#6706=CARTESIAN_POINT('Ctrl Pts',(-4.49404142306564,-1.57260821131513,19.8122320843807));
#6707=CARTESIAN_POINT('Ctrl Pts',(-4.57113452258195,1.32794805141566,19.2305231522023));
#6708=CARTESIAN_POINT('Ctrl Pts',(-2.95148207111394,3.73584228881231,18.6487547857312));
#6709=CARTESIAN_POINT('Ctrl Pts',(-0.232071771828877,4.75530244578966,18.0670303997678));
#6710=CARTESIAN_POINT('Ctrl Pts',(2.56873196344201,4.00595420866185,17.4852833782664));
#6711=CARTESIAN_POINT('Ctrl Pts',(4.63107127293744,1.52246087223559,16.8388987682647));
#6712=CARTESIAN_POINT('Ctrl Pts',(4.52208360425728,-2.1555451936551,16.1278931963258));
#6713=CARTESIAN_POINT('Ctrl Pts',(1.47342854261235,-4.78257732357005,15.3522331960157));
#6714=CARTESIAN_POINT('Ctrl Pts',(-2.17865346739406,-4.36369819163775,14.6412091001247));
#6715=CARTESIAN_POINT('Ctrl Pts',(-4.33641707950121,-1.95927331670099,13.9948404687209));
#6716=CARTESIAN_POINT('Ctrl Pts',(-4.67192671559843,0.921584932915227,13.4130893626674));
#6717=CARTESIAN_POINT('Ctrl Pts',(-3.26727811098135,3.45810670052781,12.8313504181973));
#6718=CARTESIAN_POINT('Ctrl Pts',(-0.213436383461784,4.9379747101505,12.1526540424992));
#6719=CARTESIAN_POINT('Ctrl Pts',(3.67227007099173,3.62894773669495,11.3769868374196));
#6720=CARTESIAN_POINT('Ctrl Pts',(5.10368209902877,-0.777702205178754,10.5044052821401));
#6721=CARTESIAN_POINT('Ctrl Pts',(2.43172351461306,-4.55116343047487,9.63175726534606));
#6722=CARTESIAN_POINT('Ctrl Pts',(-2.19190860283177,-4.6729854638133,8.75916143580943));
#6723=CARTESIAN_POINT('Ctrl Pts',(-5.05450306809221,-1.04033836267581,7.88656292099133));
#6724=CARTESIAN_POINT('Ctrl Pts',(-3.86021069912102,3.42861102026116,7.01392078883224));
#6725=CARTESIAN_POINT('Ctrl Pts',(0.441229148547048,5.14081405831234,6.14132664168328));
#6726=CARTESIAN_POINT('Ctrl Pts',(3.06010256912386,3.5331536717944,5.55959412587976));
#6727=CARTESIAN_POINT('Ctrl Pts',(3.79078890992169,2.35901205822823,5.26871371816787));
#6728=CARTESIAN_POINT('Ctrl Pts',(-3.01028165650972,3.20923690785695,54.3074919388412));
#6729=CARTESIAN_POINT('Ctrl Pts',(-2.01634720453168,4.14156655859286,54.0166328806395));
#6730=CARTESIAN_POINT('Ctrl Pts',(0.885795288545706,5.00721745742252,53.4348930197251));
#6731=CARTESIAN_POINT('Ctrl Pts',(4.54669171494002,2.28394815043591,52.562259999645));
#6732=CARTESIAN_POINT('Ctrl Pts',(4.54856137501191,-2.27456893589494,51.6896506100073));
#6733=CARTESIAN_POINT('Ctrl Pts',(0.900073640168723,-5.0064182570236,50.8170626099118));
#6734=CARTESIAN_POINT('Ctrl Pts',(-3.47170309724158,-3.71580054781105,49.9444151843164));
#6735=CARTESIAN_POINT('Ctrl Pts',(-5.05724279895468,0.556031267613256,49.0718239915082));
#6736=CARTESIAN_POINT('Ctrl Pts',(-2.57482079875779,4.38814130979242,48.1992152901879));
#6737=CARTESIAN_POINT('Ctrl Pts',(1.45761197414124,4.64806616931048,47.42355327725));
#6738=CARTESIAN_POINT('Ctrl Pts',(3.98968654321479,2.46217398476413,46.7448441040836));
#6739=CARTESIAN_POINT('Ctrl Pts',(4.6822524140185,-0.307842217118222,46.1631231066322));
#6740=CARTESIAN_POINT('Ctrl Pts',(3.631183875147,-2.96862054721321,45.5813642927817));
#6741=CARTESIAN_POINT('Ctrl Pts',(0.967289607639376,-4.70527155872699,44.9349883676054));
#6742=CARTESIAN_POINT('Ctrl Pts',(-2.62159087003293,-4.18373304197506,44.2239781687474));
#6743=CARTESIAN_POINT('Ctrl Pts',(-4.84835258031087,-0.901858752855887,
43.4483226068564));
#6744=CARTESIAN_POINT('Ctrl Pts',(-4.02635191079808,2.62607402263012,42.7372945938728));
#6745=CARTESIAN_POINT('Ctrl Pts',(-1.42710706003283,4.466672521884,42.0909317263104));
#6746=CARTESIAN_POINT('Ctrl Pts',(1.42813896808529,4.46987730098105,41.5091724550942));
#6747=CARTESIAN_POINT('Ctrl Pts',(3.75981451446778,2.80718973429727,40.9274458094619));
#6748=CARTESIAN_POINT('Ctrl Pts',(4.6897369740608,0.103284383459147,40.3456959278313));
#6749=CARTESIAN_POINT('Ctrl Pts',(3.87976958832073,-2.63891253633063,39.7639526780943));
#6750=CARTESIAN_POINT('Ctrl Pts',(1.62356052805335,-4.40267261116464,39.1822215660307));
#6751=CARTESIAN_POINT('Ctrl Pts',(-1.22907044668714,-4.52515682831808,38.6004642739353));
#6752=CARTESIAN_POINT('Ctrl Pts',(-3.90680032794075,-2.80086929171959,37.9541005338687));
#6753=CARTESIAN_POINT('Ctrl Pts',(-4.88339649946483,0.687638362284829,37.243073003713));
#6754=CARTESIAN_POINT('Ctrl Pts',(-2.8031799769689,4.06398685585696,36.4674161133155));
#6755=CARTESIAN_POINT('Ctrl Pts',(0.759029005728496,4.74385313100491,35.7564073100271));
#6756=CARTESIAN_POINT('Ctrl Pts',(3.4972441328642,3.12458703042394,35.1100304129605));
#6757=CARTESIAN_POINT('Ctrl Pts',(4.66352231297173,0.515991537548696,34.528270748769));
#6758=CARTESIAN_POINT('Ctrl Pts',(4.09556834268734,-2.28901576994956,33.9465574005187));
#6759=CARTESIAN_POINT('Ctrl Pts',(2.0056495036228,-4.2411111926787,33.3647828287147));
#6760=CARTESIAN_POINT('Ctrl Pts',(-0.82977490582178,-4.61781623895084,32.7830736664021));
#6761=CARTESIAN_POINT('Ctrl Pts',(-3.35686511067413,-3.27760806868227,32.2013061113689));
#6762=CARTESIAN_POINT('Ctrl Pts',(-4.6361439454554,-0.71945280135833,31.6195802042999));
#6763=CARTESIAN_POINT('Ctrl Pts',(-4.19232250457384,2.10623566794322,31.0378363074301));
#6764=CARTESIAN_POINT('Ctrl Pts',(-2.18978901320759,4.14861004452097,30.4560882488214));
#6765=CARTESIAN_POINT('Ctrl Pts',(0.625595168965303,4.65051535544561,29.8743587936113));
#6766=CARTESIAN_POINT('Ctrl Pts',(3.20980445319924,3.42191304128136,29.2925953331497));
#6767=CARTESIAN_POINT('Ctrl Pts',(4.599704910906,0.922311162575397,28.7108829240991));
#6768=CARTESIAN_POINT('Ctrl Pts',(4.28143446871755,-1.91917757902502,28.1291147389109));
#6769=CARTESIAN_POINT('Ctrl Pts',(2.36915032669325,-4.05082611122458,27.5473892500152));
#6770=CARTESIAN_POINT('Ctrl Pts',(-0.418509870614847,-4.67008067564448,
26.9656436772252));
#6771=CARTESIAN_POINT('Ctrl Pts',(-3.35570700652865,-3.442173921816,26.3192621578984));
#6772=CARTESIAN_POINT('Ctrl Pts',(-4.93107329447567,-0.175929688821023,
25.6082508336328));
#6773=CARTESIAN_POINT('Ctrl Pts',(-3.46856160649839,3.50667628356082,24.8325916179761));
#6774=CARTESIAN_POINT('Ctrl Pts',(0.225313821111417,4.92671104369464,24.0569438650684));
#6775=CARTESIAN_POINT('Ctrl Pts',(3.77878036039242,3.1755846406096,23.2812794223586));
#6776=CARTESIAN_POINT('Ctrl Pts',(4.89110051388106,-0.627349166512516,22.5056246520567));
#6777=CARTESIAN_POINT('Ctrl Pts',(3.02714541515212,-3.73498812566558,21.7946129372504));
#6778=CARTESIAN_POINT('Ctrl Pts',(-0.0118483986720199,-4.68917386708704,
21.1482172267293));
#6779=CARTESIAN_POINT('Ctrl Pts',(-2.73001927923465,-3.81573914058393,20.5665029329984));
#6780=CARTESIAN_POINT('Ctrl Pts',(-4.43951429452432,-1.51902349692456,19.9847287379835));
#6781=CARTESIAN_POINT('Ctrl Pts',(-4.49564727253803,1.33992467983361,19.403019805805));
#6782=CARTESIAN_POINT('Ctrl Pts',(-2.88305275951653,3.70176097489761,18.8212514393339));
#6783=CARTESIAN_POINT('Ctrl Pts',(-0.196173453546408,4.68781087235781,18.2395270533705));
#6784=CARTESIAN_POINT('Ctrl Pts',(2.55881780590601,3.9301895545163,17.6577800318691));
#6785=CARTESIAN_POINT('Ctrl Pts',(4.57421013489413,1.46866901296188,17.0113954218675));
#6786=CARTESIAN_POINT('Ctrl Pts',(4.44164648857497,-2.15516631338069,16.3003898499285));
#6787=CARTESIAN_POINT('Ctrl Pts',(1.4193115504263,-4.72318108384974,15.5247298496184));
#6788=CARTESIAN_POINT('Ctrl Pts',(-2.17685178519979,-4.28540397703102,14.8137057537274));
#6789=CARTESIAN_POINT('Ctrl Pts',(-4.286827155334,-1.90114899177427,14.1673371223237));
#6790=CARTESIAN_POINT('Ctrl Pts',(-4.59775298924833,0.940151657484518,13.5855860162702));
#6791=CARTESIAN_POINT('Ctrl Pts',(-3.19616163965633,3.43022117304499,13.0038470718));
#6792=CARTESIAN_POINT('Ctrl Pts',(-0.176560665592771,4.86770007175772,12.3251506961019));
#6793=CARTESIAN_POINT('Ctrl Pts',(3.64374679247808,3.55111256488681,11.5494834910223));
#6794=CARTESIAN_POINT('Ctrl Pts',(5.02422229572284,-0.801315086097714,10.6769019357428));
#6795=CARTESIAN_POINT('Ctrl Pts',(2.36526753969139,-4.50168278690405,9.80425391894881));
#6796=CARTESIAN_POINT('Ctrl Pts',(-2.19203071771112,-4.59010927347514,8.93165808941216));
#6797=CARTESIAN_POINT('Ctrl Pts',(-4.98819454599263,-0.990651522889304,
8.05905957459406));
#6798=CARTESIAN_POINT('Ctrl Pts',(-3.78067973603369,3.40520794416394,7.18641744243497));
#6799=CARTESIAN_POINT('Ctrl Pts',(0.469978767139106,5.06311827225232,6.31382329528602));
#6800=CARTESIAN_POINT('Ctrl Pts',(3.03982535079301,3.46089407174044,5.73209077948249));
#6801=CARTESIAN_POINT('Ctrl Pts',(3.7518585488273,2.29881591517495,5.44121037177061));
#6802=CARTESIAN_POINT('Ctrl Pts',(-2.98709554861403,3.23067488049328,54.4806817584362));
#6803=CARTESIAN_POINT('Ctrl Pts',(-1.98639599702149,4.15592588427294,54.1898227002345));
#6804=CARTESIAN_POINT('Ctrl Pts',(0.921620831171139,5.00061883653845,53.6080828393201));
#6805=CARTESIAN_POINT('Ctrl Pts',(4.56293459514385,2.25123951483417,52.7354498192401));
#6806=CARTESIAN_POINT('Ctrl Pts',(4.53203357901741,-2.30713080186217,51.8628404296022));
#6807=CARTESIAN_POINT('Ctrl Pts',(0.864111800704786,-5.01266905273372,50.9902524295068));
#6808=CARTESIAN_POINT('Ctrl Pts',(-3.49823162163081,-3.69073508401161,50.1176050039114));
#6809=CARTESIAN_POINT('Ctrl Pts',(-5.05304981232031,0.592309632505461,49.2450138111031));
#6810=CARTESIAN_POINT('Ctrl Pts',(-2.54320897150941,4.40643536929109,48.3724051097828));
#6811=CARTESIAN_POINT('Ctrl Pts',(1.49087949032963,4.63743293646063,47.596743096845));
#6812=CARTESIAN_POINT('Ctrl Pts',(4.00719979980923,2.43343437930585,46.9180339236786));
#6813=CARTESIAN_POINT('Ctrl Pts',(4.67984592219478,-0.341430739113282,46.3363129262271));
#6814=CARTESIAN_POINT('Ctrl Pts',(3.60973537238138,-2.99456796659435,45.7545541123767));
#6815=CARTESIAN_POINT('Ctrl Pts',(0.933448632082096,-4.71200987810779,45.1081781872004));
#6816=CARTESIAN_POINT('Ctrl Pts',(-2.65149115762541,-4.16479040676635,44.3971679883423));
#6817=CARTESIAN_POINT('Ctrl Pts',(-4.85461009570649,-0.867020385547027,
43.6215124264514));
#6818=CARTESIAN_POINT('Ctrl Pts',(-4.00734588476473,2.65489554119834,42.9104844134678));
#6819=CARTESIAN_POINT('Ctrl Pts',(-1.39502321316461,4.47670266751488,42.2641215459054));
#6820=CARTESIAN_POINT('Ctrl Pts',(1.46021403478955,4.45945050012302,41.6823622746892));
#6821=CARTESIAN_POINT('Ctrl Pts',(3.77978552906127,2.78008745854106,41.1006356290569));
#6822=CARTESIAN_POINT('Ctrl Pts',(4.6903057847469,0.0696199424469024,40.5188857474263));
#6823=CARTESIAN_POINT('Ctrl Pts',(3.86064812383829,-2.66664600522086,39.9371424976893));
#6824=CARTESIAN_POINT('Ctrl Pts',(1.59194648632734,-4.41415618212241,39.3554113856256));
#6825=CARTESIAN_POINT('Ctrl Pts',(-1.26152811878419,-4.51611762440281,38.7736540935303));
#6826=CARTESIAN_POINT('Ctrl Pts',(-3.92675253317654,-2.77274491962442,38.1272903534637));
#6827=CARTESIAN_POINT('Ctrl Pts',(-4.87824470450088,0.72265421654748,37.416262823308));
#6828=CARTESIAN_POINT('Ctrl Pts',(-2.77387329757038,4.08398166536994,36.6406059329105));
#6829=CARTESIAN_POINT('Ctrl Pts',(0.793014680879575,4.73820299218888,35.9295971296221));
#6830=CARTESIAN_POINT('Ctrl Pts',(3.51953301588322,3.09936441965026,35.2832202325555));
#6831=CARTESIAN_POINT('Ctrl Pts',(4.66703173985306,0.482496954003955,34.701460568364));
#6832=CARTESIAN_POINT('Ctrl Pts',(4.07897383308695,-2.31831609817418,34.1197472201136));
#6833=CARTESIAN_POINT('Ctrl Pts',(1.97512749318696,-4.25533329804384,33.5379726483097));
#6834=CARTESIAN_POINT('Ctrl Pts',(-0.862883977742271,-4.61167251214062,
32.956263485997));
#6835=CARTESIAN_POINT('Ctrl Pts',(-3.38025203429084,-3.25338016391884,32.3744959309639));
#6836=CARTESIAN_POINT('Ctrl Pts',(-4.64111938126851,-0.686151481319115,
31.7927700238949));
#6837=CARTESIAN_POINT('Ctrl Pts',(-4.17703484623674,2.13624302219178,31.2110261270251));
#6838=CARTESIAN_POINT('Ctrl Pts',(-2.15995409731064,4.16413203896666,30.6292780684164));
#6839=CARTESIAN_POINT('Ctrl Pts',(0.658999769542573,4.64584491255459,30.0475486132063));
#6840=CARTESIAN_POINT('Ctrl Pts',(3.23420960409119,3.39873144739203,29.4657851527447));
#6841=CARTESIAN_POINT('Ctrl Pts',(4.60615665810468,0.889262149670945,28.884072743694));
#6842=CARTESIAN_POINT('Ctrl Pts',(4.26746028968461,-1.94982794996065,28.3023045585059));
#6843=CARTESIAN_POINT('Ctrl Pts',(2.34003520530659,-4.06766392900346,27.7205790696102));
#6844=CARTESIAN_POINT('Ctrl Pts',(-0.452051495614275,-4.66686312386369,
27.1388334968201));
#6845=CARTESIAN_POINT('Ctrl Pts',(-3.38026481638175,-3.41796729219216,26.4924519774933));
#6846=CARTESIAN_POINT('Ctrl Pts',(-4.93214574348949,-0.140534241605031,
25.7814406532278));
#6847=CARTESIAN_POINT('Ctrl Pts',(-3.44322181714614,3.53144424532441,25.0057814375711));
#6848=CARTESIAN_POINT('Ctrl Pts',(0.260660484669889,4.92488021664187,24.2301336846634));
#6849=CARTESIAN_POINT('Ctrl Pts',(3.80142233704711,3.14837620667707,23.4544692419536));
#6850=CARTESIAN_POINT('Ctrl Pts',(4.886374370977,-0.662424954653491,22.6788144716517));
#6851=CARTESIAN_POINT('Ctrl Pts',(3.00021678747731,-3.75659170966998,21.9678027568454));
#6852=CARTESIAN_POINT('Ctrl Pts',(-0.0455000850257488,-4.68888385370658,
21.3214070463243));
#6853=CARTESIAN_POINT('Ctrl Pts',(-2.75729548187447,-3.79599592370986,20.7396927525934));
#6854=CARTESIAN_POINT('Ctrl Pts',(-4.45023455378203,-1.4870946589666,20.1579185575785));
#6855=CARTESIAN_POINT('Ctrl Pts',(-4.48584755997612,1.37213407018396,19.5762096254));
#6856=CARTESIAN_POINT('Ctrl Pts',(-2.8563653582146,3.72230439780596,18.9944412589289));
#6857=CARTESIAN_POINT('Ctrl Pts',(-0.162522361326289,4.689023545625,18.4127168729655));
#6858=CARTESIAN_POINT('Ctrl Pts',(2.58692670479175,3.91166985156606,17.8309698514641));
#6859=CARTESIAN_POINT('Ctrl Pts',(4.58455595541556,1.43574768044877,17.1845852414624));
#6860=CARTESIAN_POINT('Ctrl Pts',(4.42603853629103,-2.18693251673031,16.4735796695235));
#6861=CARTESIAN_POINT('Ctrl Pts',(1.38534837931981,-4.7331577680854,15.6979196692134));
#6862=CARTESIAN_POINT('Ctrl Pts',(-2.20754950141687,-4.26961534596085,14.9868955733224));
#6863=CARTESIAN_POINT('Ctrl Pts',(-4.30026456758901,-1.87033230850856,14.3405269419187));
#6864=CARTESIAN_POINT('Ctrl Pts',(-4.59082637013766,0.973161624273426,13.7587758358651));
#6865=CARTESIAN_POINT('Ctrl Pts',(-3.17141032049244,3.45300237626052,13.177036891395));
#6866=CARTESIAN_POINT('Ctrl Pts',(-0.141583315426426,4.868782360514,12.4983405156969));
#6867=CARTESIAN_POINT('Ctrl Pts',(3.66907370129842,3.52480848763341,11.7226733106173));
#6868=CARTESIAN_POINT('Ctrl Pts',(5.01827036665855,-0.837337638476892,10.8500917553378));
#6869=CARTESIAN_POINT('Ctrl Pts',(2.33286152963458,-4.51847999357733,9.97744373854379));
#6870=CARTESIAN_POINT('Ctrl Pts',(-2.22489039330261,-4.57418125379625,9.10484790900715));
#6871=CARTESIAN_POINT('Ctrl Pts',(-4.9950887145801,-0.954824627339877,8.23224939418904));
#6872=CARTESIAN_POINT('Ctrl Pts',(-3.75611180973492,3.43223401201632,7.35960726202997));
#6873=CARTESIAN_POINT('Ctrl Pts',(0.506354374673764,5.05947455872577,6.487013114881));
#6874=CARTESIAN_POINT('Ctrl Pts',(3.06443101586694,3.43904409055127,5.90528059907747));
#6875=CARTESIAN_POINT('Ctrl Pts',(3.76816274542092,2.27177233102744,5.61440019136559));
#6876=CARTESIAN_POINT('Ctrl Pts',(4.40077401937587,-1.10688758413607E-5,
46.4050175192625));
#6877=CARTESIAN_POINT('Ctrl Pts',(4.39921403079769,0.799963619932996,46.57602593295));
#6878=CARTESIAN_POINT('Ctrl Pts',(3.9222824986898,2.50781187744852,46.9409380631131));
#6879=CARTESIAN_POINT('Ctrl Pts',(1.49087949032963,4.63743293646063,47.596743096845));
#6880=CARTESIAN_POINT('Ctrl Pts',(-2.54320897150941,4.40643536929109,48.3724051097828));
#6881=CARTESIAN_POINT('Ctrl Pts',(-5.05304981232031,0.592309632505461,49.2450138111031));
#6882=CARTESIAN_POINT('Ctrl Pts',(-3.49823162163081,-3.69073508401161,50.1176050039114));
#6883=CARTESIAN_POINT('Ctrl Pts',(0.864111800704786,-5.01266905273372,50.9902524295068));
#6884=CARTESIAN_POINT('Ctrl Pts',(3.9287769204485,-2.75210593042175,51.7193274124061));
#6885=CARTESIAN_POINT('Ctrl Pts',(4.39489873816887,-0.692453476224531,52.1575478203753));
#6886=CARTESIAN_POINT('Ctrl Pts',(4.39530364768211,1.28343197668968E-5,
52.3049011542037));
#6887=CARTESIAN_POINT('Ctrl Pts',(-1.03536559141368,4.27644923880977,54.003));
#6888=CARTESIAN_POINT('Ctrl Pts',(-1.30692103980961,4.21070330059577,54.003));
#6889=CARTESIAN_POINT('Ctrl Pts',(-1.57238930691032,4.12610192337206,54.0030000000021));
#6890=CARTESIAN_POINT('Ctrl Pts',(-2.08048950501594,3.92468287898743,54.0030000000021));
#6891=CARTESIAN_POINT('Ctrl Pts',(-2.3202633240625,3.81084028627123,54.0030000000032));
#6892=CARTESIAN_POINT('Ctrl Pts',(-2.76755295825141,3.56516997828151,54.0030000000032));
#6893=CARTESIAN_POINT('Ctrl Pts',(-2.96927859301229,3.43985120939528,54.003));
#6894=CARTESIAN_POINT('Ctrl Pts',(-3.17215466659444,3.30253020269003,54.003));
#6895=CARTESIAN_POINT('Origin',(0.,0.,54.003));
#6896=CARTESIAN_POINT('Ctrl Pts',(1.79580143346893,-4.21240645949885,0.0999999999999977));
#6897=CARTESIAN_POINT('Ctrl Pts',(2.51339846734218,-3.90648589022977,0.259964093091177));
#6898=CARTESIAN_POINT('Ctrl Pts',(3.78805271936974,-2.92022717083421,0.579913060025989));
#6899=CARTESIAN_POINT('Ctrl Pts',(4.73282764358527,-0.694466852735531,1.05982468770702));
#6900=CARTESIAN_POINT('Ctrl Pts',(4.46824186097376,1.70974841484296,1.53973198148432));
#6901=CARTESIAN_POINT('Ctrl Pts',(3.06019354120919,3.67548816586923,2.01964317316268));
#6902=CARTESIAN_POINT('Ctrl Pts',(0.871767250674937,4.70422900064485,2.49956012086861));
#6903=CARTESIAN_POINT('Ctrl Pts',(-1.54048477225963,4.52805541637954,2.97946140068578));
#6904=CARTESIAN_POINT('Ctrl Pts',(-2.88538994082923,3.64037390349143,3.29941705653376));
#6905=CARTESIAN_POINT('Ctrl Pts',(-3.4066746385029,3.06003903175398,3.45938028237462));
#6906=CARTESIAN_POINT('Ctrl Pts',(1.77107494800377,-4.09857438373453,-0.0319952852384487));
#6907=CARTESIAN_POINT('Ctrl Pts',(2.46920517830398,-3.79690703531325,0.12796880785273));
#6908=CARTESIAN_POINT('Ctrl Pts',(3.70736462578349,-2.8290714936429,0.447917774787543));
#6909=CARTESIAN_POINT('Ctrl Pts',(4.61783670388731,-0.654516965018159,0.927829402468576));
#6910=CARTESIAN_POINT('Ctrl Pts',(4.34835270256216,1.68837079359363,1.40773669624587));
#6911=CARTESIAN_POINT('Ctrl Pts',(2.96615016398964,3.59826628479891,1.88764788792423));
#6912=CARTESIAN_POINT('Ctrl Pts',(0.82747043003338,4.5907650104653,2.36756483563017));
#6913=CARTESIAN_POINT('Ctrl Pts',(-1.52358617721885,4.40755913021927,2.84746611544733));
#6914=CARTESIAN_POINT('Ctrl Pts',(-2.83075612731231,3.53555528103078,3.16742177129532));
#6915=CARTESIAN_POINT('Ctrl Pts',(-3.33619108555864,2.96729632680839,3.32738499713617));
#6916=CARTESIAN_POINT('Ctrl Pts',(1.77338181561786,-4.02692365439252,-0.204491938841184));
#6917=CARTESIAN_POINT('Ctrl Pts',(2.45930214887398,-3.72486319600124,-0.0445278457500049));
#6918=CARTESIAN_POINT('Ctrl Pts',(3.67286336668237,-2.7626130583727,0.275421121184809));
#6919=CARTESIAN_POINT('Ctrl Pts',(4.55522951836606,-0.613423488101407,0.755332748865841));
#6920=CARTESIAN_POINT('Ctrl Pts',(4.27363442025747,1.69358849289554,1.23524004264314));
#6921=CARTESIAN_POINT('Ctrl Pts',(2.89845012395798,3.5662844205955,1.71515123432149));
#6922=CARTESIAN_POINT('Ctrl Pts',(0.784045757359096,4.52973376972923,2.19506818202743));
#6923=CARTESIAN_POINT('Ctrl Pts',(-1.53159821455108,4.33311107182986,2.6749694618446));
#6924=CARTESIAN_POINT('Ctrl Pts',(-2.81382370435811,3.46483275131476,2.99492511769258));
#6925=CARTESIAN_POINT('Ctrl Pts',(-3.3080249147217,2.90137352746085,3.15488834353343));
#6926=CARTESIAN_POINT('Ctrl Pts',(1.80218966509755,-4.01398958780608,-0.377681758436169));
#6927=CARTESIAN_POINT('Ctrl Pts',(2.48598574458376,-3.70698076266415,-0.21771766534499));
#6928=CARTESIAN_POINT('Ctrl Pts',(3.69250647657428,-2.73619854366113,0.102231301589824));
#6929=CARTESIAN_POINT('Ctrl Pts',(4.55946334064073,-0.580670568353042,0.582142929270856));
#6930=CARTESIAN_POINT('Ctrl Pts',(4.26134030539147,1.72419510768054,1.06205022304816));
#6931=CARTESIAN_POINT('Ctrl Pts',(2.87271976998288,3.58692501909628,1.54196141472651));
#6932=CARTESIAN_POINT('Ctrl Pts',(0.75152362122578,4.53522924346919,2.02187836243245));
#6933=CARTESIAN_POINT('Ctrl Pts',(-1.56267866126881,4.32189588387291,2.50177964224962));
#6934=CARTESIAN_POINT('Ctrl Pts',(-2.83849018024584,3.44453173910856,2.8217352980976));
#6935=CARTESIAN_POINT('Ctrl Pts',(-3.3286762209522,2.87748407746549,2.98169852393845));
#6936=CARTESIAN_POINT('Ctrl Pts',(3.5289908164339,-2.62796952370556,0.1));
#6937=CARTESIAN_POINT('Ctrl Pts',(3.36211418525484,-2.85206120117597,0.1));
#6938=CARTESIAN_POINT('Ctrl Pts',(3.18027407211402,-3.06316536295054,0.0999999999979091));
#6939=CARTESIAN_POINT('Ctrl Pts',(2.79589925512336,-3.45174153671726,0.099999999997909));
#6940=CARTESIAN_POINT('Ctrl Pts',(2.59722152331572,-3.62774943171147,0.0999999999967991));
#6941=CARTESIAN_POINT('Ctrl Pts',(2.1959561543052,-3.94303980694274,0.0999999999967991));
#6942=CARTESIAN_POINT('Ctrl Pts',(2.00162556483389,-4.07954492607971,0.1));
#6943=CARTESIAN_POINT('Ctrl Pts',(1.79580143346894,-4.21240645949885,0.1));
#6944=CARTESIAN_POINT('Origin',(0.,0.,54.003));
#6945=CARTESIAN_POINT('',(-5.55,-6.79678973526781E-16,54.003));
#6946=CARTESIAN_POINT('Origin',(0.,0.,54.003));
#6947=CARTESIAN_POINT('Origin',(0.,0.,0.));
#6948=CARTESIAN_POINT('',(-5.55,-6.79678973526781E-16,0.));
#6949=CARTESIAN_POINT('Origin',(0.,0.,0.));
#6950=CARTESIAN_POINT('',(-5.55,6.79678973526781E-16,0.1));
#6951=CARTESIAN_POINT('',(-5.55,-6.79678973526781E-16,0.));
#6952=CARTESIAN_POINT('Origin',(0.,0.,0.1));
#6953=CARTESIAN_POINT('Origin',(0.,0.,0.1));
#6954=CARTESIAN_POINT('Origin',(0.,0.,0.5));
#6955=CARTESIAN_POINT('',(-6.05,7.40911313484149E-16,0.5));
#6956=CARTESIAN_POINT('Origin',(0.,0.,0.5));
#6957=CARTESIAN_POINT('Origin',(-5.55,-6.79678973526781E-16,0.5));
#6958=CARTESIAN_POINT('Origin',(0.,0.,0.));
#6959=CARTESIAN_POINT('',(-6.05,-7.40911313484149E-16,14.953));
#6960=CARTESIAN_POINT('Origin',(0.,0.,14.953));
#6961=CARTESIAN_POINT('',(-6.05,-7.40911313484149E-16,0.));
#6962=CARTESIAN_POINT('',(-6.05,-7.40911313484149E-16,0.));
#6963=CARTESIAN_POINT('Origin',(0.,0.,53.503));
#6964=CARTESIAN_POINT('',(-6.05,-7.40911313484149E-16,53.503));
#6965=CARTESIAN_POINT('Origin',(-5.55,-6.79678973526781E-16,53.503));
#6966=CARTESIAN_POINT('',(6.05,7.40911313484149E-16,53.503));
#6967=CARTESIAN_POINT('Origin',(0.,0.,53.503));
#6968=CARTESIAN_POINT('Origin',(0.,0.,53.503));
#6969=CARTESIAN_POINT('Origin',(0.,0.,41.803));
#6970=CARTESIAN_POINT('',(6.05,-7.40911313484149E-16,42.303));
#6971=CARTESIAN_POINT('',(6.05,7.40911313484149E-16,41.803));
#6972=CARTESIAN_POINT('Origin',(0.,0.,42.303));
#6973=CARTESIAN_POINT('Origin',(0.,0.,42.303));
#6974=CARTESIAN_POINT('',(6.55,8.02143653441516E-16,41.803));
#6975=CARTESIAN_POINT('Origin',(6.55,-8.02143653441516E-16,42.303));
#6976=CARTESIAN_POINT('Origin',(0.,0.,41.803));
#6977=CARTESIAN_POINT('Origin',(0.,0.,41.803));
#6978=CARTESIAN_POINT('',(-7.,-8.57252759403147E-16,41.803));
#6979=CARTESIAN_POINT('Origin',(0.,0.,41.803));
#6980=CARTESIAN_POINT('Origin',(0.,0.,41.303));
#6981=CARTESIAN_POINT('',(-7.5,-9.18485099360515E-16,41.303));
#6982=CARTESIAN_POINT('Origin',(-7.,-8.57252759403147E-16,41.303));
#6983=CARTESIAN_POINT('',(7.5,9.18485099360515E-16,41.303));
#6984=CARTESIAN_POINT('Origin',(0.,0.,41.303));
#6985=CARTESIAN_POINT('Origin',(0.,0.,41.303));
#6986=CARTESIAN_POINT('Origin',(0.,0.,29.403));
#6987=CARTESIAN_POINT('',(7.5,-9.18485099360515E-16,30.003));
#6988=CARTESIAN_POINT('',(7.5,9.18485099360515E-16,29.403));
#6989=CARTESIAN_POINT('Origin',(0.,0.,30.003));
#6990=CARTESIAN_POINT('Origin',(0.,0.,15.653));
#6991=CARTESIAN_POINT('',(7.5,-9.18485099360515E-16,16.353));
#6992=CARTESIAN_POINT('Origin',(0.,0.,16.353));
#6993=CARTESIAN_POINT('',(6.1,7.47034547479885E-16,14.953));
#6994=CARTESIAN_POINT('',(6.8,8.327598234202E-16,15.653));
#6995=CARTESIAN_POINT('Origin',(0.,0.,14.953));
#6996=CARTESIAN_POINT('Origin',(0.,0.,14.953));
#6997=CARTESIAN_POINT('',(7.5,9.18485099360515E-16,21.803));
#6998=CARTESIAN_POINT('Origin',(0.,0.,21.803));
#6999=CARTESIAN_POINT('',(7.5,9.18485099360515E-16,14.953));
#7000=CARTESIAN_POINT('Origin',(0.,0.,14.953));
#7001=CARTESIAN_POINT('Origin',(0.,0.,29.703));
#7002=CARTESIAN_POINT('',(6.9,8.45006291411674E-16,29.403));
#7003=CARTESIAN_POINT('',(7.2,8.81745695386094E-16,29.703));
#7004=CARTESIAN_POINT('Origin',(0.,0.,29.403));
#7005=CARTESIAN_POINT('Origin',(0.,0.,29.403));
#7006=CARTESIAN_POINT('',(-5.61253973653043,-2.96422299164525,29.403));
#7007=CARTESIAN_POINT('',(-5.0700739634642,-3.81858223318778,29.403));
#7008=CARTESIAN_POINT('Origin',(-5.53376966496983,-3.5136047931266,29.403));
#7009=CARTESIAN_POINT('',(-5.2451148526508,-4.01994598207037,29.403));
#7010=CARTESIAN_POINT('Origin',(-5.90556183228273,-3.26907317830081,29.403));
#7011=CARTESIAN_POINT('',(-5.26300344792369,-4.22649910767095,29.403));
#7012=CARTESIAN_POINT('Origin',(-5.14604780850065,-4.13257689945854,29.403));
#7013=CARTESIAN_POINT('',(-4.98272783836708,-4.55356160480582,29.403));
#7014=CARTESIAN_POINT('Origin',(0.,0.,29.403));
#7015=CARTESIAN_POINT('',(-4.77587195558957,-4.5675203940478,29.403));
#7016=CARTESIAN_POINT('Origin',(-4.87200052715935,-4.45237135734158,29.403));
#7017=CARTESIAN_POINT('',(-4.55007431884874,-4.425386303057,29.403));
#7018=CARTESIAN_POINT('Origin',(-4.13501481544879,-5.33518064136718,29.403));
#7019=CARTESIAN_POINT('',(-3.78888140758445,-5.09230772301477,29.403));
#7020=CARTESIAN_POINT('Origin',(-4.31971624904175,-4.93032218774668,29.403));
#7021=CARTESIAN_POINT('',(-3.90010118702636,-5.33482954247062,29.403));
#7022=CARTESIAN_POINT('Origin',(-4.74534073829675,-4.80044177940544,29.403));
#7023=CARTESIAN_POINT('',(-3.8590724282995,-5.53805561484702,29.403));
#7024=CARTESIAN_POINT('Origin',(-3.77331525791237,-5.41498770466918,29.403));
#7025=CARTESIAN_POINT('',(-3.49800579668964,-5.77290701868008,29.403));
#7026=CARTESIAN_POINT('Origin',(0.,0.,29.403));
#7027=CARTESIAN_POINT('',(-3.29559638523025,-5.72802234212531,29.403));
#7028=CARTESIAN_POINT('Origin',(-3.42027230674413,-5.64462019874108,29.403));
#7029=CARTESIAN_POINT('',(-3.11898894018784,-5.52803113498081,29.403));
#7030=CARTESIAN_POINT('Origin',(-2.46442357791171,-6.28403663488946,29.403));
#7031=CARTESIAN_POINT('',(-2.20073621340758,-5.95348472624322,29.403));
#7032=CARTESIAN_POINT('Origin',(-2.75570511295803,-5.9476142004706,29.403));
#7033=CARTESIAN_POINT('',(-2.23912451802391,-6.21751694079284,29.403));
#7034=CARTESIAN_POINT('Origin',(-3.20068035932205,-5.94290713686914,29.403));
#7035=CARTESIAN_POINT('',(-2.14250231132192,-6.40095179219312,29.403));
#7036=CARTESIAN_POINT('Origin',(-2.09489114589794,-6.2587084102194,29.403));
#7037=CARTESIAN_POINT('',(-1.72989612880593,-6.52456583870086,29.403));
#7038=CARTESIAN_POINT('Origin',(0.,0.,29.403));
#7039=CARTESIAN_POINT('',(-1.54833119540597,-6.42447398590439,29.403));
#7040=CARTESIAN_POINT('Origin',(-1.69145396517914,-6.3795754814875,29.403));
#7041=CARTESIAN_POINT('',(-1.43522162693439,-6.18282776081552,29.403));
#7042=CARTESIAN_POINT('Origin',(-0.59417939858355,-6.72379735285791,29.403));
#7043=CARTESIAN_POINT('',(-0.434300459502643,-6.33234580368845,29.403));
#7044=CARTESIAN_POINT('Origin',(-0.968443137431792,-6.48306588249602,29.403));
#7045=CARTESIAN_POINT('',(-0.396747297157422,-6.59649809356904,29.403));
#7046=CARTESIAN_POINT('Origin',(-1.39671989281411,-6.60391350193333,29.403));
#7047=CARTESIAN_POINT('',(-0.252359399032903,-6.74528092326181,29.403));
#7048=CARTESIAN_POINT('Origin',(-0.246751412040226,-6.59538578234578,29.403));
#7049=CARTESIAN_POINT('',(0.178359435345233,-6.74764313755724,29.403));
#7050=CARTESIAN_POINT('Origin',(0.,0.,29.403));
#7051=CARTESIAN_POINT('',(0.324370581932039,-6.60045295520651,29.403));
#7052=CARTESIAN_POINT('Origin',(0.174395917180603,-6.59769549952007,29.403));
#7053=CARTESIAN_POINT('',(0.364818806941616,-6.33672845216149,29.403));
#7054=CARTESIAN_POINT('Origin',(1.32420166189689,-6.61883599726036,29.403));
#7055=CARTESIAN_POINT('',(1.36731973474691,-6.1981978840294,29.403));
#7056=CARTESIAN_POINT('Origin',(0.89727634153606,-6.49329812299899,29.403));
#7057=CARTESIAN_POINT('',(1.47777203017774,-6.44107020168901,29.403));
#7058=CARTESIAN_POINT('Origin',(0.520394512796612,-6.72991007005674,29.403));
#7059=CARTESIAN_POINT('',(1.65822817092662,-6.54314750965813,29.403));
#7060=CARTESIAN_POINT('Origin',(1.62137865373384,-6.39774422265605,29.403));
#7061=CARTESIAN_POINT('',(2.07216537807002,-6.42406651695825,29.403));
#7062=CARTESIAN_POINT('Origin',(0.,0.,29.403));
#7063=CARTESIAN_POINT('',(2.17079377933357,-6.24170248040037,29.403));
#7064=CARTESIAN_POINT('Origin',(2.02611727950283,-6.2813094661875,29.403));
#7065=CARTESIAN_POINT('',(2.13530379074019,-5.97726509028852,29.403));
#7066=CARTESIAN_POINT('Origin',(3.13530377906094,-5.97765591289815,29.403));
#7067=CARTESIAN_POINT('',(3.05816790269283,-5.56190873580374,29.403));
#7068=CARTESIAN_POINT('Origin',(2.69030382762053,-5.97748196670746,29.403));
#7069=CARTESIAN_POINT('',(3.23257105627656,-5.76382510858759,29.403));
#7070=CARTESIAN_POINT('Origin',(2.39534964988584,-6.31068934862047,29.403));
#7071=CARTESIAN_POINT('',(3.43447595634033,-5.81092719841853,29.403));
#7072=CARTESIAN_POINT('Origin',(3.35815426369252,-5.68179547489668,29.403));
#7073=CARTESIAN_POINT('',(3.79809680688556,-5.58005023682813,29.403));
#7074=CARTESIAN_POINT('Origin',(0.,0.,29.403));
#7075=CARTESIAN_POINT('',(3.84135217927689,-5.37728639027921,29.403));
#7076=CARTESIAN_POINT('Origin',(3.71369466962316,-5.45604909629021,29.403));
#7077=CARTESIAN_POINT('',(3.73279916055362,-5.13355925896463,29.403));
#7078=CARTESIAN_POINT('Origin',(4.69240223041507,-4.85220169696148,29.403));
#7079=CARTESIAN_POINT('',(4.50126132813885,-4.47502700800975,29.403));
#7080=CARTESIAN_POINT('Origin',(4.26537889744412,-4.97740577092736,29.403));
#7081=CARTESIAN_POINT('',(4.72548640023616,-4.61962918397622,29.403));
#7082=CARTESIAN_POINT('Origin',(4.07624780403424,-5.38021410727361,29.403));
#7083=CARTESIAN_POINT('',(4.93248292538633,-4.60794012447778,29.403));
#7084=CARTESIAN_POINT('Origin',(4.82287218691925,-4.50554144869997,29.403));
#7085=CARTESIAN_POINT('',(5.21632901983958,-4.28397147011736,29.403));
#7086=CARTESIAN_POINT('Origin',(0.,0.,29.403));
#7087=CARTESIAN_POINT('',(5.20070706879691,-4.07723453738968,29.403));
#7088=CARTESIAN_POINT('Origin',(5.10041060380325,-4.18877207698485,29.403));
#7089=CARTESIAN_POINT('',(5.0278853421904,-3.87396298693189,29.403));
#7090=CARTESIAN_POINT('Origin',(5.8693501598515,-3.33365095669164,29.403));
#7091=CARTESIAN_POINT('',(5.57968941765291,-3.02560510793244,29.403));
#7092=CARTESIAN_POINT('Origin',(5.49489833618184,-3.57408976135864,29.403));
#7093=CARTESIAN_POINT('',(5.83557093959837,-3.10117837687171,29.403));
#7094=CARTESIAN_POINT('Origin',(5.4269126034789,-4.01386591632081,29.403));
#7095=CARTESIAN_POINT('',(6.03088946242301,-3.03164514612695,29.403));
#7096=CARTESIAN_POINT('Origin',(5.89686968828709,-2.96427524981632,29.403));
#7097=CARTESIAN_POINT('',(6.21196527830937,-2.64083081265703,29.403));
#7098=CARTESIAN_POINT('Origin',(0.,0.,29.403));
#7099=CARTESIAN_POINT('',(6.13873160139886,-2.4468693905283,29.403));
#7100=CARTESIAN_POINT('Origin',(6.07392160417302,-2.58214565558894,29.403));
#7101=CARTESIAN_POINT('',(5.91564215538839,-2.30052127304293,29.403));
#7102=CARTESIAN_POINT('Origin',(6.57079824570625,-1.54502764189626,29.403));
#7103=CARTESIAN_POINT('',(6.20608425423945,-1.33106667597689,29.403));
#7104=CARTESIAN_POINT('Origin',(6.27925379114081,-1.8812222552549,29.403));
#7105=CARTESIAN_POINT('',(6.47289222691101,-1.33148854109103,29.403));
#7106=CARTESIAN_POINT('Origin',(6.33792121888169,-2.32233818020745,29.403));
#7107=CARTESIAN_POINT('',(6.64070920229484,-1.20974430792484,29.403));
#7108=CARTESIAN_POINT('Origin',(6.49313787754429,-1.18286109941627,29.403));
#7109=CARTESIAN_POINT('',(6.70434505391056,-0.783745748380808,29.403));
#7110=CARTESIAN_POINT('Origin',(0.,0.,29.403));
#7111=CARTESIAN_POINT('',(6.57943260772211,-0.618273440051053,29.403));
#7112=CARTESIAN_POINT('Origin',(6.55535959917537,-0.766329149788729,29.403));
#7113=CARTESIAN_POINT('',(6.32414882283537,-0.540705007338854,29.403));
#7114=CARTESIAN_POINT('Origin',(6.73991933573574,0.368764623812384,29.403));
#7115=CARTESIAN_POINT('',(6.32969905355171,0.471306861907981,29.403));
#7116=CARTESIAN_POINT('Origin',(6.55490144810177,-0.0359493100899566,29.403));
#7117=CARTESIAN_POINT('',(6.58581828177165,0.546070577621592,29.403));
#7118=CARTESIAN_POINT('Origin',(6.73546915019953,-0.442668416210637,29.403));
#7119=CARTESIAN_POINT('',(6.71253817641507,0.710162819478924,29.403));
#7120=CARTESIAN_POINT('Origin',(6.56337065214071,0.694381422512651,29.403));
#7121=CARTESIAN_POINT('',(6.65357866551922,1.13683373531378,29.403));
#7122=CARTESIAN_POINT('Origin',(0.,0.,29.403));
#7123=CARTESIAN_POINT('',(6.4871071145722,1.26041134963797,29.403));
#7124=CARTESIAN_POINT('Origin',(6.50572134567722,1.11157078619243,29.403));
#7125=CARTESIAN_POINT('',(6.22031056381747,1.26291596236332,29.403));
#7126=CARTESIAN_POINT('Origin',(6.3630122450276,2.25268177282739,29.403));
#7127=CARTESIAN_POINT('',(5.94051927971496,2.2354979208109,29.403));
#7128=CARTESIAN_POINT('Origin',(6.29950997323747,1.8122360343797,29.403));
#7129=CARTESIAN_POINT('',(6.1652005068126,2.37939030574208,29.403));
#7130=CARTESIAN_POINT('Origin',(6.58734942834567,1.47286371021706,29.403));
#7131=CARTESIAN_POINT('',(6.24055722848382,2.57253677874941,29.403));
#7132=CARTESIAN_POINT('Origin',(6.10187817036894,2.51536929123493,29.403));
#7133=CARTESIAN_POINT('',(6.0637789018991,2.96531370975475,29.403));
#7134=CARTESIAN_POINT('Origin',(0.,0.,29.403));
#7135=CARTESIAN_POINT('',(5.86923478331118,3.03698510773426,29.403));
#7136=CARTESIAN_POINT('Origin',(5.92902823976691,2.89941786784229,29.403));
#7137=CARTESIAN_POINT('',(5.61253973653042,2.96422299164525,29.403));
#7138=CARTESIAN_POINT('Origin',(5.47061174451823,3.95410004182235,29.403));
#7139=CARTESIAN_POINT('',(5.0700739634642,3.81858223318778,29.403));
#7140=CARTESIAN_POINT('Origin',(5.53376966496983,3.5136047931266,29.403));
#7141=CARTESIAN_POINT('',(5.2451148526508,4.01994598207037,29.403));
#7142=CARTESIAN_POINT('Origin',(5.90556183228272,3.26907317830082,29.403));
#7143=CARTESIAN_POINT('',(5.26300344792369,4.22649910767095,29.403));
#7144=CARTESIAN_POINT('Origin',(5.14604780850065,4.13257689945854,29.403));
#7145=CARTESIAN_POINT('',(4.98272783836708,4.55356160480582,29.403));
#7146=CARTESIAN_POINT('Origin',(0.,0.,29.403));
#7147=CARTESIAN_POINT('',(4.77587195558957,4.5675203940478,29.403));
#7148=CARTESIAN_POINT('Origin',(4.87200052715935,4.45237135734158,29.403));
#7149=CARTESIAN_POINT('',(4.55007426446792,4.42538642225764,29.403));
#7150=CARTESIAN_POINT('Origin',(4.13501481544879,5.33518064136718,29.403));
#7151=CARTESIAN_POINT('',(3.78888140758445,5.09230772301477,29.403));
#7152=CARTESIAN_POINT('Origin',(4.31971624904175,4.93032218774668,29.403));
#7153=CARTESIAN_POINT('',(3.90010118702635,5.33482954247062,29.403));
#7154=CARTESIAN_POINT('Origin',(4.74534073829675,4.80044177940544,29.403));
#7155=CARTESIAN_POINT('',(3.8590724282995,5.53805561484702,29.403));
#7156=CARTESIAN_POINT('Origin',(3.77331525791237,5.41498770466918,29.403));
#7157=CARTESIAN_POINT('',(3.49800579668964,5.77290701868008,29.403));
#7158=CARTESIAN_POINT('Origin',(0.,0.,29.403));
#7159=CARTESIAN_POINT('',(3.29559638523026,5.72802234212531,29.403));
#7160=CARTESIAN_POINT('Origin',(3.42027230674413,5.64462019874108,29.403));
#7161=CARTESIAN_POINT('',(3.11898894018784,5.52803113498081,29.403));
#7162=CARTESIAN_POINT('Origin',(2.46442357791171,6.28403663488946,29.403));
#7163=CARTESIAN_POINT('',(2.20073621340758,5.95348472624323,29.403));
#7164=CARTESIAN_POINT('Origin',(2.75570511295802,5.9476142004706,29.403));
#7165=CARTESIAN_POINT('',(2.23912451802391,6.21751694079284,29.403));
#7166=CARTESIAN_POINT('Origin',(3.20068035932205,5.94290713686914,29.403));
#7167=CARTESIAN_POINT('',(2.14250231132192,6.40095179219311,29.403));
#7168=CARTESIAN_POINT('Origin',(2.09489114589794,6.2587084102194,29.403));
#7169=CARTESIAN_POINT('',(1.72989612880592,6.52456583870086,29.403));
#7170=CARTESIAN_POINT('Origin',(0.,0.,29.403));
#7171=CARTESIAN_POINT('',(1.54833119540597,6.42447398590439,29.403));
#7172=CARTESIAN_POINT('Origin',(1.69145396517914,6.3795754814875,29.403));
#7173=CARTESIAN_POINT('',(1.43522162693439,6.18282776081553,29.403));
#7174=CARTESIAN_POINT('Origin',(0.594179398583571,6.7237973528579,29.403));
#7175=CARTESIAN_POINT('',(0.434300333407093,6.33234576810783,29.403));
#7176=CARTESIAN_POINT('Origin',(0.968443137431791,6.48306588249602,29.403));
#7177=CARTESIAN_POINT('',(0.39674729715742,6.59649809356904,29.403));
#7178=CARTESIAN_POINT('Origin',(1.39671989281411,6.60391350193333,29.403));
#7179=CARTESIAN_POINT('',(0.252359399032904,6.74528092326182,29.403));
#7180=CARTESIAN_POINT('Origin',(0.246751412040225,6.59538578234578,29.403));
#7181=CARTESIAN_POINT('',(-0.178359435345238,6.74764313755724,29.403));
#7182=CARTESIAN_POINT('Origin',(0.,0.,29.403));
#7183=CARTESIAN_POINT('',(-0.324370581932039,6.60045295520652,29.403));
#7184=CARTESIAN_POINT('Origin',(-0.174395917180602,6.59769549952007,29.403));
#7185=CARTESIAN_POINT('',(-0.364818932639324,6.33672848912303,29.403));
#7186=CARTESIAN_POINT('Origin',(-1.32420166189687,6.61883599726036,29.403));
#7187=CARTESIAN_POINT('',(-1.36731973474692,6.19819788402941,29.403));
#7188=CARTESIAN_POINT('Origin',(-0.897276341536059,6.49329812299899,29.403));
#7189=CARTESIAN_POINT('',(-1.47777203017774,6.44107020168901,29.403));
#7190=CARTESIAN_POINT('Origin',(-0.520394512796585,6.72991007005675,29.403));
#7191=CARTESIAN_POINT('',(-1.65822817092662,6.54314750965813,29.403));
#7192=CARTESIAN_POINT('Origin',(-1.62137865373384,6.39774422265605,29.403));
#7193=CARTESIAN_POINT('',(-2.07216537878915,6.42406651918764,29.403));
#7194=CARTESIAN_POINT('Origin',(0.,0.,29.403));
#7195=CARTESIAN_POINT('',(-2.17079377933357,6.24170248040037,29.403));
#7196=CARTESIAN_POINT('Origin',(-2.02611727950283,6.2813094661875,29.403));
#7197=CARTESIAN_POINT('',(-2.13530379074019,5.97726509028852,29.403));
#7198=CARTESIAN_POINT('Origin',(-3.13530377906093,5.97765591289814,29.403));
#7199=CARTESIAN_POINT('',(-3.05816781585084,5.56190883390846,29.403));
#7200=CARTESIAN_POINT('Origin',(-2.69030382762053,5.97748196670746,29.403));
#7201=CARTESIAN_POINT('',(-3.23257105627656,5.76382510858759,29.403));
#7202=CARTESIAN_POINT('Origin',(-2.39534964988588,6.31068934862044,29.403));
#7203=CARTESIAN_POINT('',(-3.43447595634033,5.81092719841853,29.403));
#7204=CARTESIAN_POINT('Origin',(-3.35815426369253,5.68179547489668,29.403));
#7205=CARTESIAN_POINT('',(-3.79809680688557,5.58005023682813,29.403));
#7206=CARTESIAN_POINT('Origin',(0.,0.,29.403));
#7207=CARTESIAN_POINT('',(-3.84135217728331,5.37728639150922,29.403));
#7208=CARTESIAN_POINT('Origin',(-3.71369466962316,5.45604909629021,29.403));
#7209=CARTESIAN_POINT('',(-3.73279916055362,5.13355925896463,29.403));
#7210=CARTESIAN_POINT('Origin',(-4.69240223041507,4.85220169696148,29.403));
#7211=CARTESIAN_POINT('',(-4.50126132813885,4.47502700800975,29.403));
#7212=CARTESIAN_POINT('Origin',(-4.26537889744412,4.97740577092736,29.403));
#7213=CARTESIAN_POINT('',(-4.72548640023616,4.61962918397622,29.403));
#7214=CARTESIAN_POINT('Origin',(-4.07624780403424,5.38021410727361,29.403));
#7215=CARTESIAN_POINT('',(-4.93248292538634,4.60794012447777,29.403));
#7216=CARTESIAN_POINT('Origin',(-4.82287218691925,4.50554144869997,29.403));
#7217=CARTESIAN_POINT('',(-5.21632901983956,4.28397147011738,29.403));
#7218=CARTESIAN_POINT('Origin',(0.,0.,29.403));
#7219=CARTESIAN_POINT('',(-5.20070706723061,4.07723453913153,29.403));
#7220=CARTESIAN_POINT('Origin',(-5.10041060380325,4.18877207698486,29.403));
#7221=CARTESIAN_POINT('',(-5.0278853421904,3.87396298693189,29.403));
#7222=CARTESIAN_POINT('Origin',(-5.86935015985151,3.33365095669163,29.403));
#7223=CARTESIAN_POINT('',(-5.57968941765292,3.02560510793245,29.403));
#7224=CARTESIAN_POINT('Origin',(-5.49489833618184,3.57408976135864,29.403));
#7225=CARTESIAN_POINT('',(-5.83557093959837,3.10117837687172,29.403));
#7226=CARTESIAN_POINT('Origin',(-5.4269126034789,4.01386591632082,29.403));
#7227=CARTESIAN_POINT('',(-6.03088946242301,3.03164514612695,29.403));
#7228=CARTESIAN_POINT('Origin',(-5.89686968828709,2.96427524981632,29.403));
#7229=CARTESIAN_POINT('',(-6.21196527830936,2.64083081265706,29.403));
#7230=CARTESIAN_POINT('Origin',(0.,0.,29.403));
#7231=CARTESIAN_POINT('',(-6.13873160038674,2.44686939264087,29.403));
#7232=CARTESIAN_POINT('Origin',(-6.07392160417302,2.58214565558894,29.403));
#7233=CARTESIAN_POINT('',(-5.91564215538839,2.30052127304293,29.403));
#7234=CARTESIAN_POINT('Origin',(-6.57079824570626,1.54502764189624,29.403));
#7235=CARTESIAN_POINT('',(-6.20608425423945,1.3310666759769,29.403));
#7236=CARTESIAN_POINT('Origin',(-6.27925379114081,1.8812222552549,29.403));
#7237=CARTESIAN_POINT('',(-6.47289222691101,1.33148854109104,29.403));
#7238=CARTESIAN_POINT('Origin',(-6.33792121888169,2.32233818020745,29.403));
#7239=CARTESIAN_POINT('',(-6.64070920229485,1.20974430792484,29.403));
#7240=CARTESIAN_POINT('Origin',(-6.49313787754429,1.18286109941628,29.403));
#7241=CARTESIAN_POINT('',(-6.70434505391056,0.783745748380806,29.403));
#7242=CARTESIAN_POINT('Origin',(0.,0.,29.403));
#7243=CARTESIAN_POINT('',(-6.57943260772211,0.618273440051054,29.403));
#7244=CARTESIAN_POINT('Origin',(-6.55535959917538,0.766329149788731,29.403));
#7245=CARTESIAN_POINT('',(-6.32414882283537,0.540705007338855,29.403));
#7246=CARTESIAN_POINT('Origin',(-6.73991933573574,-0.368764623812383,29.403));
#7247=CARTESIAN_POINT('',(-6.32969905355171,-0.471306861907981,29.403));
#7248=CARTESIAN_POINT('Origin',(-6.55490144810177,0.0359493100899577,29.403));
#7249=CARTESIAN_POINT('',(-6.58581828177165,-0.54607057762159,29.403));
#7250=CARTESIAN_POINT('Origin',(-6.73546915019953,0.442668416210626,29.403));
#7251=CARTESIAN_POINT('',(-6.71253817641507,-0.710162819478928,29.403));
#7252=CARTESIAN_POINT('Origin',(-6.56337065214071,-0.694381422512652,29.403));
#7253=CARTESIAN_POINT('',(-6.65357866551922,-1.13683373531378,29.403));
#7254=CARTESIAN_POINT('Origin',(0.,0.,29.403));
#7255=CARTESIAN_POINT('',(-6.48710711428151,-1.26041135196237,29.403));
#7256=CARTESIAN_POINT('Origin',(-6.50572134567722,-1.11157078619243,29.403));
#7257=CARTESIAN_POINT('',(-6.22031058251414,-1.26291609204178,29.403));
#7258=CARTESIAN_POINT('Origin',(-6.3630122450276,-2.25268177282742,29.403));
#7259=CARTESIAN_POINT('',(-5.94051927971495,-2.2354979208109,29.403));
#7260=CARTESIAN_POINT('Origin',(-6.29950997323747,-1.8122360343797,29.403));
#7261=CARTESIAN_POINT('',(-6.1652005068126,-2.37939030574209,29.403));
#7262=CARTESIAN_POINT('Origin',(-6.58734942834567,-1.47286371021706,29.403));
#7263=CARTESIAN_POINT('',(-6.24055722848381,-2.57253677874941,29.403));
#7264=CARTESIAN_POINT('Origin',(-6.10187817036893,-2.51536929123493,29.403));
#7265=CARTESIAN_POINT('',(-6.06377890400347,-2.96531371078382,29.403));
#7266=CARTESIAN_POINT('Origin',(0.,0.,29.403));
#7267=CARTESIAN_POINT('',(-5.86923478237741,-3.0369851098826,29.403));
#7268=CARTESIAN_POINT('Origin',(-5.92902823976691,-2.89941786784229,29.403));
#7269=CARTESIAN_POINT('Origin',(-5.47061174451825,-3.95410004182228,29.403));
#7270=CARTESIAN_POINT('Origin',(0.,0.,22.103));
#7271=CARTESIAN_POINT('',(6.9,-8.45006291411674E-16,22.403));
#7272=CARTESIAN_POINT('Origin',(0.,0.,22.403));
#7273=CARTESIAN_POINT('',(7.2,8.81745695386094E-16,22.103));
#7274=CARTESIAN_POINT('Origin',(0.,0.,22.403));
#7275=CARTESIAN_POINT('',(-5.0700739634642,-3.81858223318778,22.403));
#7276=CARTESIAN_POINT('',(-5.61253973653043,-2.96422299164525,22.403));
#7277=CARTESIAN_POINT('Origin',(-5.53376966496983,-3.5136047931266,22.403));
#7278=CARTESIAN_POINT('',(-5.86923478237741,-3.0369851098826,22.403));
#7279=CARTESIAN_POINT('Origin',(-5.47061174451825,-3.95410004182228,22.403));
#7280=CARTESIAN_POINT('',(-6.06377890400347,-2.96531371078382,22.403));
#7281=CARTESIAN_POINT('Origin',(-5.92902823976691,-2.89941786784229,22.403));
#7282=CARTESIAN_POINT('',(-6.24055722848381,-2.57253677874941,22.403));
#7283=CARTESIAN_POINT('Origin',(0.,0.,22.403));
#7284=CARTESIAN_POINT('',(-6.1652005068126,-2.37939030574209,22.403));
#7285=CARTESIAN_POINT('Origin',(-6.10187817036893,-2.51536929123493,22.403));
#7286=CARTESIAN_POINT('',(-5.94051927971495,-2.2354979208109,22.403));
#7287=CARTESIAN_POINT('Origin',(-6.58734942834567,-1.47286371021706,22.403));
#7288=CARTESIAN_POINT('',(-6.22031058251414,-1.26291609204178,22.403));
#7289=CARTESIAN_POINT('Origin',(-6.29950997323747,-1.8122360343797,22.403));
#7290=CARTESIAN_POINT('',(-6.48710711428151,-1.26041135196237,22.403));
#7291=CARTESIAN_POINT('Origin',(-6.3630122450276,-2.25268177282742,22.403));
#7292=CARTESIAN_POINT('',(-6.65357866551922,-1.13683373531378,22.403));
#7293=CARTESIAN_POINT('Origin',(-6.50572134567722,-1.11157078619243,22.403));
#7294=CARTESIAN_POINT('',(-6.71253817641507,-0.710162819478928,22.403));
#7295=CARTESIAN_POINT('Origin',(0.,0.,22.403));
#7296=CARTESIAN_POINT('',(-6.58581828177165,-0.54607057762159,22.403));
#7297=CARTESIAN_POINT('Origin',(-6.56337065214071,-0.694381422512652,22.403));
#7298=CARTESIAN_POINT('',(-6.32969905355171,-0.471306861907981,22.403));
#7299=CARTESIAN_POINT('Origin',(-6.73546915019953,0.442668416210626,22.403));
#7300=CARTESIAN_POINT('',(-6.32414882283537,0.540705007338855,22.403));
#7301=CARTESIAN_POINT('Origin',(-6.55490144810177,0.0359493100899577,22.403));
#7302=CARTESIAN_POINT('',(-6.57943260772211,0.618273440051054,22.403));
#7303=CARTESIAN_POINT('Origin',(-6.73991933573574,-0.368764623812383,22.403));
#7304=CARTESIAN_POINT('',(-6.70434505391056,0.783745748380806,22.403));
#7305=CARTESIAN_POINT('Origin',(-6.55535959917538,0.766329149788731,22.403));
#7306=CARTESIAN_POINT('',(-6.64070920229485,1.20974430792484,22.403));
#7307=CARTESIAN_POINT('Origin',(0.,0.,22.403));
#7308=CARTESIAN_POINT('',(-6.47289222691101,1.33148854109104,22.403));
#7309=CARTESIAN_POINT('Origin',(-6.49313787754429,1.18286109941628,22.403));
#7310=CARTESIAN_POINT('',(-6.20608425423945,1.3310666759769,22.403));
#7311=CARTESIAN_POINT('Origin',(-6.33792121888169,2.32233818020745,22.403));
#7312=CARTESIAN_POINT('',(-5.91564215538839,2.30052127304293,22.403));
#7313=CARTESIAN_POINT('Origin',(-6.27925379114081,1.8812222552549,22.403));
#7314=CARTESIAN_POINT('',(-6.13873160038674,2.44686939264087,22.403));
#7315=CARTESIAN_POINT('Origin',(-6.57079824570626,1.54502764189624,22.403));
#7316=CARTESIAN_POINT('',(-6.21196527830936,2.64083081265706,22.403));
#7317=CARTESIAN_POINT('Origin',(-6.07392160417302,2.58214565558894,22.403));
#7318=CARTESIAN_POINT('',(-6.03088946242301,3.03164514612695,22.403));
#7319=CARTESIAN_POINT('Origin',(0.,0.,22.403));
#7320=CARTESIAN_POINT('',(-5.83557093959837,3.10117837687172,22.403));
#7321=CARTESIAN_POINT('Origin',(-5.89686968828709,2.96427524981632,22.403));
#7322=CARTESIAN_POINT('',(-5.57968941765292,3.02560510793245,22.403));
#7323=CARTESIAN_POINT('Origin',(-5.4269126034789,4.01386591632082,22.403));
#7324=CARTESIAN_POINT('',(-5.0278853421904,3.87396298693189,22.403));
#7325=CARTESIAN_POINT('Origin',(-5.49489833618184,3.57408976135864,22.403));
#7326=CARTESIAN_POINT('',(-5.20070706723061,4.07723453913153,22.403));
#7327=CARTESIAN_POINT('Origin',(-5.86935015985151,3.33365095669163,22.403));
#7328=CARTESIAN_POINT('',(-5.21632901983956,4.28397147011738,22.403));
#7329=CARTESIAN_POINT('Origin',(-5.10041060380325,4.18877207698486,22.403));
#7330=CARTESIAN_POINT('',(-4.93248292538634,4.60794012447777,22.403));
#7331=CARTESIAN_POINT('Origin',(0.,0.,22.403));
#7332=CARTESIAN_POINT('',(-4.72548640023616,4.61962918397622,22.403));
#7333=CARTESIAN_POINT('Origin',(-4.82287218691925,4.50554144869997,22.403));
#7334=CARTESIAN_POINT('',(-4.50126132813885,4.47502700800975,22.403));
#7335=CARTESIAN_POINT('Origin',(-4.07624780403424,5.38021410727361,22.403));
#7336=CARTESIAN_POINT('',(-3.73279916055362,5.13355925896463,22.403));
#7337=CARTESIAN_POINT('Origin',(-4.26537889744412,4.97740577092736,22.403));
#7338=CARTESIAN_POINT('',(-3.84135217728331,5.37728639150922,22.403));
#7339=CARTESIAN_POINT('Origin',(-4.69240223041507,4.85220169696148,22.403));
#7340=CARTESIAN_POINT('',(-3.79809680688557,5.58005023682813,22.403));
#7341=CARTESIAN_POINT('Origin',(-3.71369466962316,5.45604909629021,22.403));
#7342=CARTESIAN_POINT('',(-3.43447595634033,5.81092719841853,22.403));
#7343=CARTESIAN_POINT('Origin',(0.,0.,22.403));
#7344=CARTESIAN_POINT('',(-3.23257105627656,5.76382510858759,22.403));
#7345=CARTESIAN_POINT('Origin',(-3.35815426369253,5.68179547489668,22.403));
#7346=CARTESIAN_POINT('',(-3.05816781585084,5.56190883390846,22.403));
#7347=CARTESIAN_POINT('Origin',(-2.39534964988588,6.31068934862044,22.403));
#7348=CARTESIAN_POINT('',(-2.13530379074019,5.97726509028852,22.403));
#7349=CARTESIAN_POINT('Origin',(-2.69030382762053,5.97748196670746,22.403));
#7350=CARTESIAN_POINT('',(-2.17079377933357,6.24170248040037,22.403));
#7351=CARTESIAN_POINT('Origin',(-3.13530377906093,5.97765591289814,22.403));
#7352=CARTESIAN_POINT('',(-2.07216537878915,6.42406651918764,22.403));
#7353=CARTESIAN_POINT('Origin',(-2.02611727950283,6.2813094661875,22.403));
#7354=CARTESIAN_POINT('',(-1.65822817092662,6.54314750965813,22.403));
#7355=CARTESIAN_POINT('Origin',(0.,0.,22.403));
#7356=CARTESIAN_POINT('',(-1.47777203017774,6.44107020168901,22.403));
#7357=CARTESIAN_POINT('Origin',(-1.62137865373384,6.39774422265605,22.403));
#7358=CARTESIAN_POINT('',(-1.36731973474692,6.19819788402941,22.403));
#7359=CARTESIAN_POINT('Origin',(-0.520394512796585,6.72991007005675,22.403));
#7360=CARTESIAN_POINT('',(-0.364818932639324,6.33672848912303,22.403));
#7361=CARTESIAN_POINT('Origin',(-0.897276341536059,6.49329812299899,22.403));
#7362=CARTESIAN_POINT('',(-0.324370581932039,6.60045295520651,22.403));
#7363=CARTESIAN_POINT('Origin',(-1.32420166189687,6.61883599726036,22.403));
#7364=CARTESIAN_POINT('',(-0.178359435345238,6.74764313755724,22.403));
#7365=CARTESIAN_POINT('Origin',(-0.174395917180602,6.59769549952007,22.403));
#7366=CARTESIAN_POINT('',(0.252359399032904,6.74528092326182,22.403));
#7367=CARTESIAN_POINT('Origin',(0.,0.,22.403));
#7368=CARTESIAN_POINT('',(0.39674729715742,6.59649809356904,22.403));
#7369=CARTESIAN_POINT('Origin',(0.246751412040225,6.59538578234578,22.403));
#7370=CARTESIAN_POINT('',(0.434300333407092,6.33234576810783,22.403));
#7371=CARTESIAN_POINT('Origin',(1.39671989281411,6.60391350193333,22.403));
#7372=CARTESIAN_POINT('',(1.43522162693439,6.18282776081552,22.403));
#7373=CARTESIAN_POINT('Origin',(0.968443137431791,6.48306588249602,22.403));
#7374=CARTESIAN_POINT('',(1.54833119540597,6.42447398590439,22.403));
#7375=CARTESIAN_POINT('Origin',(0.594179398583571,6.7237973528579,22.403));
#7376=CARTESIAN_POINT('',(1.72989612880592,6.52456583870086,22.403));
#7377=CARTESIAN_POINT('Origin',(1.69145396517914,6.3795754814875,22.403));
#7378=CARTESIAN_POINT('',(2.14250231132192,6.40095179219311,22.403));
#7379=CARTESIAN_POINT('Origin',(0.,0.,22.403));
#7380=CARTESIAN_POINT('',(2.23912451802391,6.21751694079284,22.403));
#7381=CARTESIAN_POINT('Origin',(2.09489114589794,6.2587084102194,22.403));
#7382=CARTESIAN_POINT('',(2.20073621340758,5.95348472624323,22.403));
#7383=CARTESIAN_POINT('Origin',(3.20068035932205,5.94290713686914,22.403));
#7384=CARTESIAN_POINT('',(3.11898894018784,5.52803113498081,22.403));
#7385=CARTESIAN_POINT('Origin',(2.75570511295802,5.9476142004706,22.403));
#7386=CARTESIAN_POINT('',(3.29559638523026,5.72802234212531,22.403));
#7387=CARTESIAN_POINT('Origin',(2.46442357791171,6.28403663488946,22.403));
#7388=CARTESIAN_POINT('',(3.49800579668964,5.77290701868008,22.403));
#7389=CARTESIAN_POINT('Origin',(3.42027230674413,5.64462019874108,22.403));
#7390=CARTESIAN_POINT('',(3.8590724282995,5.53805561484702,22.403));
#7391=CARTESIAN_POINT('Origin',(0.,0.,22.403));
#7392=CARTESIAN_POINT('',(3.90010118702635,5.33482954247062,22.403));
#7393=CARTESIAN_POINT('Origin',(3.77331525791237,5.41498770466918,22.403));
#7394=CARTESIAN_POINT('',(3.78888140758445,5.09230772301477,22.403));
#7395=CARTESIAN_POINT('Origin',(4.74534073829675,4.80044177940544,22.403));
#7396=CARTESIAN_POINT('',(4.55007426446792,4.42538642225764,22.403));
#7397=CARTESIAN_POINT('Origin',(4.31971624904175,4.93032218774668,22.403));
#7398=CARTESIAN_POINT('',(4.77587195558957,4.5675203940478,22.403));
#7399=CARTESIAN_POINT('Origin',(4.13501481544879,5.33518064136718,22.403));
#7400=CARTESIAN_POINT('',(4.98272783836708,4.55356160480582,22.403));
#7401=CARTESIAN_POINT('Origin',(4.87200052715935,4.45237135734158,22.403));
#7402=CARTESIAN_POINT('',(5.26300344792369,4.22649910767095,22.403));
#7403=CARTESIAN_POINT('Origin',(0.,0.,22.403));
#7404=CARTESIAN_POINT('',(5.2451148526508,4.01994598207037,22.403));
#7405=CARTESIAN_POINT('Origin',(5.14604780850065,4.13257689945854,22.403));
#7406=CARTESIAN_POINT('',(5.0700739634642,3.81858223318778,22.403));
#7407=CARTESIAN_POINT('Origin',(5.90556183228272,3.26907317830082,22.403));
#7408=CARTESIAN_POINT('',(5.61253973653042,2.96422299164525,22.403));
#7409=CARTESIAN_POINT('Origin',(5.53376966496983,3.5136047931266,22.403));
#7410=CARTESIAN_POINT('',(5.86923478331118,3.03698510773426,22.403));
#7411=CARTESIAN_POINT('Origin',(5.47061174451823,3.95410004182235,22.403));
#7412=CARTESIAN_POINT('',(6.0637789018991,2.96531370975475,22.403));
#7413=CARTESIAN_POINT('Origin',(5.92902823976691,2.89941786784229,22.403));
#7414=CARTESIAN_POINT('',(6.24055722848382,2.57253677874941,22.403));
#7415=CARTESIAN_POINT('Origin',(0.,0.,22.403));
#7416=CARTESIAN_POINT('',(6.1652005068126,2.37939030574208,22.403));
#7417=CARTESIAN_POINT('Origin',(6.10187817036894,2.51536929123493,22.403));
#7418=CARTESIAN_POINT('',(5.94051927971496,2.2354979208109,22.403));
#7419=CARTESIAN_POINT('Origin',(6.58734942834567,1.47286371021706,22.403));
#7420=CARTESIAN_POINT('',(6.22031056381747,1.26291596236332,22.403));
#7421=CARTESIAN_POINT('Origin',(6.29950997323747,1.8122360343797,22.403));
#7422=CARTESIAN_POINT('',(6.4871071145722,1.26041134963797,22.403));
#7423=CARTESIAN_POINT('Origin',(6.3630122450276,2.25268177282739,22.403));
#7424=CARTESIAN_POINT('',(6.65357866551922,1.13683373531378,22.403));
#7425=CARTESIAN_POINT('Origin',(6.50572134567722,1.11157078619243,22.403));
#7426=CARTESIAN_POINT('',(6.71253817641507,0.710162819478925,22.403));
#7427=CARTESIAN_POINT('Origin',(0.,0.,22.403));
#7428=CARTESIAN_POINT('',(6.58581828177165,0.546070577621592,22.403));
#7429=CARTESIAN_POINT('Origin',(6.56337065214071,0.694381422512651,22.403));
#7430=CARTESIAN_POINT('',(6.32969905355171,0.471306861907981,22.403));
#7431=CARTESIAN_POINT('Origin',(6.73546915019953,-0.442668416210637,22.403));
#7432=CARTESIAN_POINT('',(6.32414882283537,-0.540705007338854,22.403));
#7433=CARTESIAN_POINT('Origin',(6.55490144810177,-0.0359493100899566,22.403));
#7434=CARTESIAN_POINT('',(6.57943260772211,-0.618273440051053,22.403));
#7435=CARTESIAN_POINT('Origin',(6.73991933573574,0.368764623812384,22.403));
#7436=CARTESIAN_POINT('',(6.70434505391056,-0.783745748380808,22.403));
#7437=CARTESIAN_POINT('Origin',(6.55535959917537,-0.766329149788729,22.403));
#7438=CARTESIAN_POINT('',(6.64070920229484,-1.20974430792484,22.403));
#7439=CARTESIAN_POINT('Origin',(0.,0.,22.403));
#7440=CARTESIAN_POINT('',(6.47289222691101,-1.33148854109103,22.403));
#7441=CARTESIAN_POINT('Origin',(6.49313787754429,-1.18286109941627,22.403));
#7442=CARTESIAN_POINT('',(6.20608425423945,-1.33106667597689,22.403));
#7443=CARTESIAN_POINT('Origin',(6.33792121888169,-2.32233818020745,22.403));
#7444=CARTESIAN_POINT('',(5.91564215538839,-2.30052127304293,22.403));
#7445=CARTESIAN_POINT('Origin',(6.27925379114081,-1.8812222552549,22.403));
#7446=CARTESIAN_POINT('',(6.13873160139886,-2.4468693905283,22.403));
#7447=CARTESIAN_POINT('Origin',(6.57079824570625,-1.54502764189626,22.403));
#7448=CARTESIAN_POINT('',(6.21196527830937,-2.64083081265703,22.403));
#7449=CARTESIAN_POINT('Origin',(6.07392160417302,-2.58214565558894,22.403));
#7450=CARTESIAN_POINT('',(6.03088946242301,-3.03164514612695,22.403));
#7451=CARTESIAN_POINT('Origin',(0.,0.,22.403));
#7452=CARTESIAN_POINT('',(5.83557093959837,-3.10117837687171,22.403));
#7453=CARTESIAN_POINT('Origin',(5.89686968828709,-2.96427524981632,22.403));
#7454=CARTESIAN_POINT('',(5.57968941765292,-3.02560510793244,22.403));
#7455=CARTESIAN_POINT('Origin',(5.4269126034789,-4.01386591632081,22.403));
#7456=CARTESIAN_POINT('',(5.0278853421904,-3.87396298693189,22.403));
#7457=CARTESIAN_POINT('Origin',(5.49489833618184,-3.57408976135864,22.403));
#7458=CARTESIAN_POINT('',(5.20070706879691,-4.07723453738968,22.403));
#7459=CARTESIAN_POINT('Origin',(5.8693501598515,-3.33365095669164,22.403));
#7460=CARTESIAN_POINT('',(5.21632901983958,-4.28397147011736,22.403));
#7461=CARTESIAN_POINT('Origin',(5.10041060380325,-4.18877207698485,22.403));
#7462=CARTESIAN_POINT('',(4.93248292538633,-4.60794012447778,22.403));
#7463=CARTESIAN_POINT('Origin',(0.,0.,22.403));
#7464=CARTESIAN_POINT('',(4.72548640023616,-4.61962918397622,22.403));
#7465=CARTESIAN_POINT('Origin',(4.82287218691925,-4.50554144869997,22.403));
#7466=CARTESIAN_POINT('',(4.50126132813885,-4.47502700800975,22.403));
#7467=CARTESIAN_POINT('Origin',(4.07624780403424,-5.38021410727361,22.403));
#7468=CARTESIAN_POINT('',(3.73279916055362,-5.13355925896463,22.403));
#7469=CARTESIAN_POINT('Origin',(4.26537889744412,-4.97740577092736,22.403));
#7470=CARTESIAN_POINT('',(3.84135217927689,-5.37728639027921,22.403));
#7471=CARTESIAN_POINT('Origin',(4.69240223041507,-4.85220169696148,22.403));
#7472=CARTESIAN_POINT('',(3.79809680688556,-5.58005023682813,22.403));
#7473=CARTESIAN_POINT('Origin',(3.71369466962316,-5.45604909629021,22.403));
#7474=CARTESIAN_POINT('',(3.43447595634033,-5.81092719841853,22.403));
#7475=CARTESIAN_POINT('Origin',(0.,0.,22.403));
#7476=CARTESIAN_POINT('',(3.23257105627656,-5.76382510858759,22.403));
#7477=CARTESIAN_POINT('Origin',(3.35815426369252,-5.68179547489668,22.403));
#7478=CARTESIAN_POINT('',(3.05816790269283,-5.56190873580374,22.403));
#7479=CARTESIAN_POINT('Origin',(2.39534964988584,-6.31068934862047,22.403));
#7480=CARTESIAN_POINT('',(2.13530379074019,-5.97726509028852,22.403));
#7481=CARTESIAN_POINT('Origin',(2.69030382762053,-5.97748196670746,22.403));
#7482=CARTESIAN_POINT('',(2.17079377933356,-6.24170248040037,22.403));
#7483=CARTESIAN_POINT('Origin',(3.13530377906094,-5.97765591289815,22.403));
#7484=CARTESIAN_POINT('',(2.07216537807002,-6.42406651695825,22.403));
#7485=CARTESIAN_POINT('Origin',(2.02611727950283,-6.2813094661875,22.403));
#7486=CARTESIAN_POINT('',(1.65822817092662,-6.54314750965813,22.403));
#7487=CARTESIAN_POINT('Origin',(0.,0.,22.403));
#7488=CARTESIAN_POINT('',(1.47777203017774,-6.44107020168901,22.403));
#7489=CARTESIAN_POINT('Origin',(1.62137865373384,-6.39774422265605,22.403));
#7490=CARTESIAN_POINT('',(1.36731973474691,-6.1981978840294,22.403));
#7491=CARTESIAN_POINT('Origin',(0.520394512796612,-6.72991007005674,22.403));
#7492=CARTESIAN_POINT('',(0.364818806941616,-6.33672845216149,22.403));
#7493=CARTESIAN_POINT('Origin',(0.89727634153606,-6.49329812299899,22.403));
#7494=CARTESIAN_POINT('',(0.324370581932039,-6.60045295520651,22.403));
#7495=CARTESIAN_POINT('Origin',(1.32420166189689,-6.61883599726036,22.403));
#7496=CARTESIAN_POINT('',(0.178359435345234,-6.74764313755724,22.403));
#7497=CARTESIAN_POINT('Origin',(0.174395917180603,-6.59769549952007,22.403));
#7498=CARTESIAN_POINT('',(-0.252359399032903,-6.74528092326181,22.403));
#7499=CARTESIAN_POINT('Origin',(0.,0.,22.403));
#7500=CARTESIAN_POINT('',(-0.396747297157422,-6.59649809356904,22.403));
#7501=CARTESIAN_POINT('Origin',(-0.246751412040226,-6.59538578234578,22.403));
#7502=CARTESIAN_POINT('',(-0.434300459502643,-6.33234580368845,22.403));
#7503=CARTESIAN_POINT('Origin',(-1.39671989281411,-6.60391350193333,22.403));
#7504=CARTESIAN_POINT('',(-1.43522162693439,-6.18282776081552,22.403));
#7505=CARTESIAN_POINT('Origin',(-0.968443137431792,-6.48306588249602,22.403));
#7506=CARTESIAN_POINT('',(-1.54833119540597,-6.42447398590439,22.403));
#7507=CARTESIAN_POINT('Origin',(-0.59417939858355,-6.72379735285791,22.403));
#7508=CARTESIAN_POINT('',(-1.72989612880593,-6.52456583870086,22.403));
#7509=CARTESIAN_POINT('Origin',(-1.69145396517914,-6.3795754814875,22.403));
#7510=CARTESIAN_POINT('',(-2.14250231132192,-6.40095179219312,22.403));
#7511=CARTESIAN_POINT('Origin',(0.,0.,22.403));
#7512=CARTESIAN_POINT('',(-2.23912451802391,-6.21751694079284,22.403));
#7513=CARTESIAN_POINT('Origin',(-2.09489114589794,-6.2587084102194,22.403));
#7514=CARTESIAN_POINT('',(-2.20073621340758,-5.95348472624322,22.403));
#7515=CARTESIAN_POINT('Origin',(-3.20068035932205,-5.94290713686914,22.403));
#7516=CARTESIAN_POINT('',(-3.11898894018784,-5.52803113498081,22.403));
#7517=CARTESIAN_POINT('Origin',(-2.75570511295803,-5.9476142004706,22.403));
#7518=CARTESIAN_POINT('',(-3.29559638523025,-5.72802234212531,22.403));
#7519=CARTESIAN_POINT('Origin',(-2.46442357791171,-6.28403663488946,22.403));
#7520=CARTESIAN_POINT('',(-3.49800579668964,-5.77290701868008,22.403));
#7521=CARTESIAN_POINT('Origin',(-3.42027230674413,-5.64462019874108,22.403));
#7522=CARTESIAN_POINT('',(-3.8590724282995,-5.53805561484702,22.403));
#7523=CARTESIAN_POINT('Origin',(0.,0.,22.403));
#7524=CARTESIAN_POINT('',(-3.90010118702636,-5.33482954247062,22.403));
#7525=CARTESIAN_POINT('Origin',(-3.77331525791237,-5.41498770466918,22.403));
#7526=CARTESIAN_POINT('',(-3.78888140758445,-5.09230772301477,22.403));
#7527=CARTESIAN_POINT('Origin',(-4.74534073829675,-4.80044177940544,22.403));
#7528=CARTESIAN_POINT('',(-4.55007431884874,-4.425386303057,22.403));
#7529=CARTESIAN_POINT('Origin',(-4.31971624904175,-4.93032218774668,22.403));
#7530=CARTESIAN_POINT('',(-4.77587195558957,-4.5675203940478,22.403));
#7531=CARTESIAN_POINT('Origin',(-4.13501481544879,-5.33518064136718,22.403));
#7532=CARTESIAN_POINT('',(-4.98272783836708,-4.55356160480582,22.403));
#7533=CARTESIAN_POINT('Origin',(-4.87200052715935,-4.45237135734158,22.403));
#7534=CARTESIAN_POINT('',(-5.26300344792369,-4.22649910767095,22.403));
#7535=CARTESIAN_POINT('Origin',(0.,0.,22.403));
#7536=CARTESIAN_POINT('',(-5.2451148526508,-4.01994598207037,22.403));
#7537=CARTESIAN_POINT('Origin',(-5.14604780850065,-4.13257689945854,22.403));
#7538=CARTESIAN_POINT('Origin',(-5.90556183228273,-3.26907317830081,22.403));
#7539=CARTESIAN_POINT('Origin',(-5.53376966496983,-3.5136047931266,22.403));
#7540=CARTESIAN_POINT('',(-5.0700739634642,-3.81858223318778,22.403));
#7541=CARTESIAN_POINT('',(-5.61253973653043,-2.96422299164525,22.403));
#7542=CARTESIAN_POINT('Origin',(-5.47061174451825,-3.95410004182228,22.403));
#7543=CARTESIAN_POINT('',(-5.86923478237741,-3.0369851098826,22.403));
#7544=CARTESIAN_POINT('Origin',(-5.92902823976691,-2.89941786784229,22.403));
#7545=CARTESIAN_POINT('',(-6.06377890400347,-2.96531371078382,22.403));
#7546=CARTESIAN_POINT('Origin',(0.,0.,22.403));
#7547=CARTESIAN_POINT('',(-6.24055722848381,-2.57253677874941,22.403));
#7548=CARTESIAN_POINT('Origin',(-6.10187817036893,-2.51536929123493,22.403));
#7549=CARTESIAN_POINT('',(-6.1652005068126,-2.37939030574209,22.403));
#7550=CARTESIAN_POINT('Origin',(-6.58734942834567,-1.47286371021706,22.403));
#7551=CARTESIAN_POINT('',(-5.94051927971495,-2.2354979208109,22.403));
#7552=CARTESIAN_POINT('Origin',(-6.29950997323747,-1.8122360343797,22.403));
#7553=CARTESIAN_POINT('',(-6.22031058251414,-1.26291609204178,22.403));
#7554=CARTESIAN_POINT('Origin',(-6.3630122450276,-2.25268177282742,22.403));
#7555=CARTESIAN_POINT('',(-6.48710711428151,-1.26041135196237,22.403));
#7556=CARTESIAN_POINT('Origin',(-6.50572134567722,-1.11157078619243,22.403));
#7557=CARTESIAN_POINT('',(-6.65357866551922,-1.13683373531378,22.403));
#7558=CARTESIAN_POINT('Origin',(0.,0.,22.403));
#7559=CARTESIAN_POINT('',(-6.71253817641507,-0.710162819478928,22.403));
#7560=CARTESIAN_POINT('Origin',(-6.56337065214071,-0.694381422512652,22.403));
#7561=CARTESIAN_POINT('',(-6.58581828177165,-0.54607057762159,22.403));
#7562=CARTESIAN_POINT('Origin',(-6.73546915019953,0.442668416210626,22.403));
#7563=CARTESIAN_POINT('',(-6.32969905355171,-0.471306861907981,22.403));
#7564=CARTESIAN_POINT('Origin',(-6.55490144810177,0.0359493100899577,22.403));
#7565=CARTESIAN_POINT('',(-6.32414882283537,0.540705007338855,22.403));
#7566=CARTESIAN_POINT('Origin',(-6.73991933573574,-0.368764623812383,22.403));
#7567=CARTESIAN_POINT('',(-6.57943260772211,0.618273440051054,22.403));
#7568=CARTESIAN_POINT('Origin',(-6.55535959917538,0.766329149788731,22.403));
#7569=CARTESIAN_POINT('',(-6.70434505391056,0.783745748380806,22.403));
#7570=CARTESIAN_POINT('Origin',(0.,0.,22.403));
#7571=CARTESIAN_POINT('',(-6.64070920229485,1.20974430792484,22.403));
#7572=CARTESIAN_POINT('Origin',(-6.49313787754429,1.18286109941628,22.403));
#7573=CARTESIAN_POINT('',(-6.47289222691101,1.33148854109104,22.403));
#7574=CARTESIAN_POINT('Origin',(-6.33792121888169,2.32233818020745,22.403));
#7575=CARTESIAN_POINT('',(-6.20608425423945,1.3310666759769,22.403));
#7576=CARTESIAN_POINT('Origin',(-6.27925379114081,1.8812222552549,22.403));
#7577=CARTESIAN_POINT('',(-5.91564215538839,2.30052127304293,22.403));
#7578=CARTESIAN_POINT('Origin',(-6.57079824570626,1.54502764189624,22.403));
#7579=CARTESIAN_POINT('',(-6.13873160038674,2.44686939264087,22.403));
#7580=CARTESIAN_POINT('Origin',(-6.07392160417302,2.58214565558894,22.403));
#7581=CARTESIAN_POINT('',(-6.21196527830936,2.64083081265706,22.403));
#7582=CARTESIAN_POINT('Origin',(0.,0.,22.403));
#7583=CARTESIAN_POINT('',(-6.03088946242301,3.03164514612695,22.403));
#7584=CARTESIAN_POINT('Origin',(-5.89686968828709,2.96427524981632,22.403));
#7585=CARTESIAN_POINT('',(-5.83557093959837,3.10117837687172,22.403));
#7586=CARTESIAN_POINT('Origin',(-5.4269126034789,4.01386591632082,22.403));
#7587=CARTESIAN_POINT('',(-5.57968941765292,3.02560510793245,22.403));
#7588=CARTESIAN_POINT('Origin',(-5.49489833618184,3.57408976135864,22.403));
#7589=CARTESIAN_POINT('',(-5.0278853421904,3.87396298693189,22.403));
#7590=CARTESIAN_POINT('Origin',(-5.86935015985151,3.33365095669163,22.403));
#7591=CARTESIAN_POINT('',(-5.20070706723061,4.07723453913153,22.403));
#7592=CARTESIAN_POINT('Origin',(-5.10041060380325,4.18877207698486,22.403));
#7593=CARTESIAN_POINT('',(-5.21632901983956,4.28397147011738,22.403));
#7594=CARTESIAN_POINT('Origin',(0.,0.,22.403));
#7595=CARTESIAN_POINT('',(-4.93248292538634,4.60794012447777,22.403));
#7596=CARTESIAN_POINT('Origin',(-4.82287218691925,4.50554144869997,22.403));
#7597=CARTESIAN_POINT('',(-4.72548640023616,4.61962918397622,22.403));
#7598=CARTESIAN_POINT('Origin',(-4.07624780403424,5.38021410727361,22.403));
#7599=CARTESIAN_POINT('',(-4.50126132813885,4.47502700800975,22.403));
#7600=CARTESIAN_POINT('Origin',(-4.26537889744412,4.97740577092736,22.403));
#7601=CARTESIAN_POINT('',(-3.73279916055362,5.13355925896463,22.403));
#7602=CARTESIAN_POINT('Origin',(-4.69240223041507,4.85220169696148,22.403));
#7603=CARTESIAN_POINT('',(-3.84135217728331,5.37728639150922,22.403));
#7604=CARTESIAN_POINT('Origin',(-3.71369466962316,5.45604909629021,22.403));
#7605=CARTESIAN_POINT('',(-3.79809680688557,5.58005023682813,22.403));
#7606=CARTESIAN_POINT('Origin',(0.,0.,22.403));
#7607=CARTESIAN_POINT('',(-3.43447595634033,5.81092719841853,22.403));
#7608=CARTESIAN_POINT('Origin',(-3.35815426369253,5.68179547489668,22.403));
#7609=CARTESIAN_POINT('',(-3.23257105627656,5.76382510858759,22.403));
#7610=CARTESIAN_POINT('Origin',(-2.39534964988588,6.31068934862044,22.403));
#7611=CARTESIAN_POINT('',(-3.05816781585084,5.56190883390846,22.403));
#7612=CARTESIAN_POINT('Origin',(-2.69030382762053,5.97748196670746,22.403));
#7613=CARTESIAN_POINT('',(-2.13530379074019,5.97726509028852,22.403));
#7614=CARTESIAN_POINT('Origin',(-3.13530377906093,5.97765591289814,22.403));
#7615=CARTESIAN_POINT('',(-2.17079377933357,6.24170248040037,22.403));
#7616=CARTESIAN_POINT('Origin',(-2.02611727950283,6.2813094661875,22.403));
#7617=CARTESIAN_POINT('',(-2.07216537878915,6.42406651918764,22.403));
#7618=CARTESIAN_POINT('Origin',(0.,0.,22.403));
#7619=CARTESIAN_POINT('',(-1.65822817092662,6.54314750965813,22.403));
#7620=CARTESIAN_POINT('Origin',(-1.62137865373384,6.39774422265605,22.403));
#7621=CARTESIAN_POINT('',(-1.47777203017774,6.44107020168901,22.403));
#7622=CARTESIAN_POINT('Origin',(-0.520394512796585,6.72991007005675,22.403));
#7623=CARTESIAN_POINT('',(-1.36731973474692,6.19819788402941,22.403));
#7624=CARTESIAN_POINT('Origin',(-0.897276341536059,6.49329812299899,22.403));
#7625=CARTESIAN_POINT('',(-0.364818932639324,6.33672848912303,22.403));
#7626=CARTESIAN_POINT('Origin',(-1.32420166189687,6.61883599726036,22.403));
#7627=CARTESIAN_POINT('',(-0.324370581932039,6.60045295520651,22.403));
#7628=CARTESIAN_POINT('Origin',(-0.174395917180602,6.59769549952007,22.403));
#7629=CARTESIAN_POINT('',(-0.178359435345238,6.74764313755724,22.403));
#7630=CARTESIAN_POINT('Origin',(0.,0.,22.403));
#7631=CARTESIAN_POINT('',(0.252359399032904,6.74528092326182,22.403));
#7632=CARTESIAN_POINT('Origin',(0.246751412040225,6.59538578234578,22.403));
#7633=CARTESIAN_POINT('',(0.39674729715742,6.59649809356904,22.403));
#7634=CARTESIAN_POINT('Origin',(1.39671989281411,6.60391350193333,22.403));
#7635=CARTESIAN_POINT('',(0.434300333407092,6.33234576810783,22.403));
#7636=CARTESIAN_POINT('Origin',(0.968443137431791,6.48306588249602,22.403));
#7637=CARTESIAN_POINT('',(1.43522162693439,6.18282776081552,22.403));
#7638=CARTESIAN_POINT('Origin',(0.594179398583571,6.7237973528579,22.403));
#7639=CARTESIAN_POINT('',(1.54833119540597,6.42447398590439,22.403));
#7640=CARTESIAN_POINT('Origin',(1.69145396517914,6.3795754814875,22.403));
#7641=CARTESIAN_POINT('',(1.72989612880592,6.52456583870086,22.403));
#7642=CARTESIAN_POINT('Origin',(0.,0.,22.403));
#7643=CARTESIAN_POINT('',(2.14250231132192,6.40095179219311,22.403));
#7644=CARTESIAN_POINT('Origin',(2.09489114589794,6.2587084102194,22.403));
#7645=CARTESIAN_POINT('',(2.23912451802391,6.21751694079284,22.403));
#7646=CARTESIAN_POINT('Origin',(3.20068035932205,5.94290713686914,22.403));
#7647=CARTESIAN_POINT('',(2.20073621340758,5.95348472624323,22.403));
#7648=CARTESIAN_POINT('Origin',(2.75570511295802,5.9476142004706,22.403));
#7649=CARTESIAN_POINT('',(3.11898894018784,5.52803113498081,22.403));
#7650=CARTESIAN_POINT('Origin',(2.46442357791171,6.28403663488946,22.403));
#7651=CARTESIAN_POINT('',(3.29559638523026,5.72802234212531,22.403));
#7652=CARTESIAN_POINT('Origin',(3.42027230674413,5.64462019874108,22.403));
#7653=CARTESIAN_POINT('',(3.49800579668964,5.77290701868008,22.403));
#7654=CARTESIAN_POINT('Origin',(0.,0.,22.403));
#7655=CARTESIAN_POINT('',(3.8590724282995,5.53805561484702,22.403));
#7656=CARTESIAN_POINT('Origin',(3.77331525791237,5.41498770466918,22.403));
#7657=CARTESIAN_POINT('',(3.90010118702635,5.33482954247062,22.403));
#7658=CARTESIAN_POINT('Origin',(4.74534073829675,4.80044177940544,22.403));
#7659=CARTESIAN_POINT('',(3.78888140758445,5.09230772301477,22.403));
#7660=CARTESIAN_POINT('Origin',(4.31971624904175,4.93032218774668,22.403));
#7661=CARTESIAN_POINT('',(4.55007426446792,4.42538642225764,22.403));
#7662=CARTESIAN_POINT('Origin',(4.13501481544879,5.33518064136718,22.403));
#7663=CARTESIAN_POINT('',(4.77587195558957,4.5675203940478,22.403));
#7664=CARTESIAN_POINT('Origin',(4.87200052715935,4.45237135734158,22.403));
#7665=CARTESIAN_POINT('',(4.98272783836708,4.55356160480582,22.403));
#7666=CARTESIAN_POINT('Origin',(0.,0.,22.403));
#7667=CARTESIAN_POINT('',(5.26300344792369,4.22649910767095,22.403));
#7668=CARTESIAN_POINT('Origin',(5.14604780850065,4.13257689945854,22.403));
#7669=CARTESIAN_POINT('',(5.2451148526508,4.01994598207037,22.403));
#7670=CARTESIAN_POINT('Origin',(5.90556183228272,3.26907317830082,22.403));
#7671=CARTESIAN_POINT('',(5.0700739634642,3.81858223318778,22.403));
#7672=CARTESIAN_POINT('Origin',(5.53376966496983,3.5136047931266,22.403));
#7673=CARTESIAN_POINT('',(5.61253973653042,2.96422299164525,22.403));
#7674=CARTESIAN_POINT('Origin',(5.47061174451823,3.95410004182235,22.403));
#7675=CARTESIAN_POINT('',(5.86923478331118,3.03698510773426,22.403));
#7676=CARTESIAN_POINT('Origin',(5.92902823976691,2.89941786784229,22.403));
#7677=CARTESIAN_POINT('',(6.0637789018991,2.96531370975475,22.403));
#7678=CARTESIAN_POINT('Origin',(0.,0.,22.403));
#7679=CARTESIAN_POINT('',(6.24055722848382,2.57253677874941,22.403));
#7680=CARTESIAN_POINT('Origin',(6.10187817036894,2.51536929123493,22.403));
#7681=CARTESIAN_POINT('',(6.1652005068126,2.37939030574208,22.403));
#7682=CARTESIAN_POINT('Origin',(6.58734942834567,1.47286371021706,22.403));
#7683=CARTESIAN_POINT('',(5.94051927971496,2.2354979208109,22.403));
#7684=CARTESIAN_POINT('Origin',(6.29950997323747,1.8122360343797,22.403));
#7685=CARTESIAN_POINT('',(6.22031056381747,1.26291596236332,22.403));
#7686=CARTESIAN_POINT('Origin',(6.3630122450276,2.25268177282739,22.403));
#7687=CARTESIAN_POINT('',(6.4871071145722,1.26041134963797,22.403));
#7688=CARTESIAN_POINT('Origin',(6.50572134567722,1.11157078619243,22.403));
#7689=CARTESIAN_POINT('',(6.65357866551922,1.13683373531378,22.403));
#7690=CARTESIAN_POINT('Origin',(0.,0.,22.403));
#7691=CARTESIAN_POINT('',(6.71253817641507,0.710162819478925,22.403));
#7692=CARTESIAN_POINT('Origin',(6.56337065214071,0.694381422512651,22.403));
#7693=CARTESIAN_POINT('',(6.58581828177165,0.546070577621592,22.403));
#7694=CARTESIAN_POINT('Origin',(6.73546915019953,-0.442668416210637,22.403));
#7695=CARTESIAN_POINT('',(6.32969905355171,0.471306861907981,22.403));
#7696=CARTESIAN_POINT('Origin',(6.55490144810177,-0.0359493100899566,22.403));
#7697=CARTESIAN_POINT('',(6.32414882283537,-0.540705007338854,22.403));
#7698=CARTESIAN_POINT('Origin',(6.73991933573574,0.368764623812384,22.403));
#7699=CARTESIAN_POINT('',(6.57943260772211,-0.618273440051053,22.403));
#7700=CARTESIAN_POINT('Origin',(6.55535959917537,-0.766329149788729,22.403));
#7701=CARTESIAN_POINT('',(6.70434505391056,-0.783745748380808,22.403));
#7702=CARTESIAN_POINT('Origin',(0.,0.,22.403));
#7703=CARTESIAN_POINT('',(6.64070920229484,-1.20974430792484,22.403));
#7704=CARTESIAN_POINT('Origin',(6.49313787754429,-1.18286109941627,22.403));
#7705=CARTESIAN_POINT('',(6.47289222691101,-1.33148854109103,22.403));
#7706=CARTESIAN_POINT('Origin',(6.33792121888169,-2.32233818020745,22.403));
#7707=CARTESIAN_POINT('',(6.20608425423945,-1.33106667597689,22.403));
#7708=CARTESIAN_POINT('Origin',(6.27925379114081,-1.8812222552549,22.403));
#7709=CARTESIAN_POINT('',(5.91564215538839,-2.30052127304293,22.403));
#7710=CARTESIAN_POINT('Origin',(6.57079824570625,-1.54502764189626,22.403));
#7711=CARTESIAN_POINT('',(6.13873160139886,-2.4468693905283,22.403));
#7712=CARTESIAN_POINT('Origin',(6.07392160417302,-2.58214565558894,22.403));
#7713=CARTESIAN_POINT('',(6.21196527830937,-2.64083081265703,22.403));
#7714=CARTESIAN_POINT('Origin',(0.,0.,22.403));
#7715=CARTESIAN_POINT('',(6.03088946242301,-3.03164514612695,22.403));
#7716=CARTESIAN_POINT('Origin',(5.89686968828709,-2.96427524981632,22.403));
#7717=CARTESIAN_POINT('',(5.83557093959837,-3.10117837687171,22.403));
#7718=CARTESIAN_POINT('Origin',(5.4269126034789,-4.01386591632081,22.403));
#7719=CARTESIAN_POINT('',(5.57968941765292,-3.02560510793244,22.403));
#7720=CARTESIAN_POINT('Origin',(5.49489833618184,-3.57408976135864,22.403));
#7721=CARTESIAN_POINT('',(5.0278853421904,-3.87396298693189,22.403));
#7722=CARTESIAN_POINT('Origin',(5.8693501598515,-3.33365095669164,22.403));
#7723=CARTESIAN_POINT('',(5.20070706879691,-4.07723453738968,22.403));
#7724=CARTESIAN_POINT('Origin',(5.10041060380325,-4.18877207698485,22.403));
#7725=CARTESIAN_POINT('',(5.21632901983958,-4.28397147011736,22.403));
#7726=CARTESIAN_POINT('Origin',(0.,0.,22.403));
#7727=CARTESIAN_POINT('',(4.93248292538633,-4.60794012447778,22.403));
#7728=CARTESIAN_POINT('Origin',(4.82287218691925,-4.50554144869997,22.403));
#7729=CARTESIAN_POINT('',(4.72548640023616,-4.61962918397622,22.403));
#7730=CARTESIAN_POINT('Origin',(4.07624780403424,-5.38021410727361,22.403));
#7731=CARTESIAN_POINT('',(4.50126132813885,-4.47502700800975,22.403));
#7732=CARTESIAN_POINT('Origin',(4.26537889744412,-4.97740577092736,22.403));
#7733=CARTESIAN_POINT('',(3.73279916055362,-5.13355925896463,22.403));
#7734=CARTESIAN_POINT('Origin',(4.69240223041507,-4.85220169696148,22.403));
#7735=CARTESIAN_POINT('',(3.84135217927689,-5.37728639027921,22.403));
#7736=CARTESIAN_POINT('Origin',(3.71369466962316,-5.45604909629021,22.403));
#7737=CARTESIAN_POINT('',(3.79809680688556,-5.58005023682813,22.403));
#7738=CARTESIAN_POINT('Origin',(0.,0.,22.403));
#7739=CARTESIAN_POINT('',(3.43447595634033,-5.81092719841853,22.403));
#7740=CARTESIAN_POINT('Origin',(3.35815426369252,-5.68179547489668,22.403));
#7741=CARTESIAN_POINT('',(3.23257105627656,-5.76382510858759,22.403));
#7742=CARTESIAN_POINT('Origin',(2.39534964988584,-6.31068934862047,22.403));
#7743=CARTESIAN_POINT('',(3.05816790269283,-5.56190873580374,22.403));
#7744=CARTESIAN_POINT('Origin',(2.69030382762053,-5.97748196670746,22.403));
#7745=CARTESIAN_POINT('',(2.13530379074019,-5.97726509028852,22.403));
#7746=CARTESIAN_POINT('Origin',(3.13530377906094,-5.97765591289815,22.403));
#7747=CARTESIAN_POINT('',(2.17079377933356,-6.24170248040037,22.403));
#7748=CARTESIAN_POINT('Origin',(2.02611727950283,-6.2813094661875,22.403));
#7749=CARTESIAN_POINT('',(2.07216537807002,-6.42406651695825,22.403));
#7750=CARTESIAN_POINT('Origin',(0.,0.,22.403));
#7751=CARTESIAN_POINT('',(1.65822817092662,-6.54314750965813,22.403));
#7752=CARTESIAN_POINT('Origin',(1.62137865373384,-6.39774422265605,22.403));
#7753=CARTESIAN_POINT('',(1.47777203017774,-6.44107020168901,22.403));
#7754=CARTESIAN_POINT('Origin',(0.520394512796612,-6.72991007005674,22.403));
#7755=CARTESIAN_POINT('',(1.36731973474691,-6.1981978840294,22.403));
#7756=CARTESIAN_POINT('Origin',(0.89727634153606,-6.49329812299899,22.403));
#7757=CARTESIAN_POINT('',(0.364818806941616,-6.33672845216149,22.403));
#7758=CARTESIAN_POINT('Origin',(1.32420166189689,-6.61883599726036,22.403));
#7759=CARTESIAN_POINT('',(0.324370581932039,-6.60045295520651,22.403));
#7760=CARTESIAN_POINT('Origin',(0.174395917180603,-6.59769549952007,22.403));
#7761=CARTESIAN_POINT('',(0.178359435345234,-6.74764313755724,22.403));
#7762=CARTESIAN_POINT('Origin',(0.,0.,22.403));
#7763=CARTESIAN_POINT('',(-0.252359399032903,-6.74528092326181,22.403));
#7764=CARTESIAN_POINT('Origin',(-0.246751412040226,-6.59538578234578,22.403));
#7765=CARTESIAN_POINT('',(-0.396747297157422,-6.59649809356904,22.403));
#7766=CARTESIAN_POINT('Origin',(-1.39671989281411,-6.60391350193333,22.403));
#7767=CARTESIAN_POINT('',(-0.434300459502643,-6.33234580368845,22.403));
#7768=CARTESIAN_POINT('Origin',(-0.968443137431792,-6.48306588249602,22.403));
#7769=CARTESIAN_POINT('',(-1.43522162693439,-6.18282776081552,22.403));
#7770=CARTESIAN_POINT('Origin',(-0.59417939858355,-6.72379735285791,22.403));
#7771=CARTESIAN_POINT('',(-1.54833119540597,-6.42447398590439,22.403));
#7772=CARTESIAN_POINT('Origin',(-1.69145396517914,-6.3795754814875,22.403));
#7773=CARTESIAN_POINT('',(-1.72989612880593,-6.52456583870086,22.403));
#7774=CARTESIAN_POINT('Origin',(0.,0.,22.403));
#7775=CARTESIAN_POINT('',(-2.14250231132192,-6.40095179219312,22.403));
#7776=CARTESIAN_POINT('Origin',(-2.09489114589794,-6.2587084102194,22.403));
#7777=CARTESIAN_POINT('',(-2.23912451802391,-6.21751694079284,22.403));
#7778=CARTESIAN_POINT('Origin',(-3.20068035932205,-5.94290713686914,22.403));
#7779=CARTESIAN_POINT('',(-2.20073621340758,-5.95348472624322,22.403));
#7780=CARTESIAN_POINT('Origin',(-2.75570511295803,-5.9476142004706,22.403));
#7781=CARTESIAN_POINT('',(-3.11898894018784,-5.52803113498081,22.403));
#7782=CARTESIAN_POINT('Origin',(-2.46442357791171,-6.28403663488946,22.403));
#7783=CARTESIAN_POINT('',(-3.29559638523025,-5.72802234212531,22.403));
#7784=CARTESIAN_POINT('Origin',(-3.42027230674413,-5.64462019874108,22.403));
#7785=CARTESIAN_POINT('',(-3.49800579668964,-5.77290701868008,22.403));
#7786=CARTESIAN_POINT('Origin',(0.,0.,22.403));
#7787=CARTESIAN_POINT('',(-3.8590724282995,-5.53805561484702,22.403));
#7788=CARTESIAN_POINT('Origin',(-3.77331525791237,-5.41498770466918,22.403));
#7789=CARTESIAN_POINT('',(-3.90010118702636,-5.33482954247062,22.403));
#7790=CARTESIAN_POINT('Origin',(-4.74534073829675,-4.80044177940544,22.403));
#7791=CARTESIAN_POINT('',(-3.78888140758445,-5.09230772301477,22.403));
#7792=CARTESIAN_POINT('Origin',(-4.31971624904175,-4.93032218774668,22.403));
#7793=CARTESIAN_POINT('',(-4.55007431884874,-4.425386303057,22.403));
#7794=CARTESIAN_POINT('Origin',(-4.13501481544879,-5.33518064136718,22.403));
#7795=CARTESIAN_POINT('',(-4.77587195558957,-4.5675203940478,22.403));
#7796=CARTESIAN_POINT('Origin',(-4.87200052715935,-4.45237135734158,22.403));
#7797=CARTESIAN_POINT('',(-4.98272783836708,-4.55356160480582,22.403));
#7798=CARTESIAN_POINT('Origin',(0.,0.,22.403));
#7799=CARTESIAN_POINT('',(-5.26300344792369,-4.22649910767095,22.403));
#7800=CARTESIAN_POINT('Origin',(-5.14604780850065,-4.13257689945854,22.403));
#7801=CARTESIAN_POINT('',(-5.2451148526508,-4.01994598207037,22.403));
#7802=CARTESIAN_POINT('Origin',(-5.90556183228273,-3.26907317830081,22.403));
#7803=UNCERTAINTY_MEASURE_WITH_UNIT(LENGTH_MEASURE(0.01),#7807,
'DISTANCE_ACCURACY_VALUE',
'Maximum model space distance between geometric entities at asserted c
onnectivities');
#7804=UNCERTAINTY_MEASURE_WITH_UNIT(LENGTH_MEASURE(0.01),#7807,
'DISTANCE_ACCURACY_VALUE',
'Maximum model space distance between geometric entities at asserted c
onnectivities');
#7805=(
GEOMETRIC_REPRESENTATION_CONTEXT(3)
GLOBAL_UNCERTAINTY_ASSIGNED_CONTEXT((#7803))
GLOBAL_UNIT_ASSIGNED_CONTEXT((#7807,#7809,#7810))
REPRESENTATION_CONTEXT('','3D')
);
#7806=(
GEOMETRIC_REPRESENTATION_CONTEXT(3)
GLOBAL_UNCERTAINTY_ASSIGNED_CONTEXT((#7804))
GLOBAL_UNIT_ASSIGNED_CONTEXT((#7807,#7809,#7810))
REPRESENTATION_CONTEXT('','3D')
);
#7807=(
LENGTH_UNIT()
NAMED_UNIT(*)
SI_UNIT(.MILLI.,.METRE.)
);
#7808=(
LENGTH_UNIT()
NAMED_UNIT(*)
SI_UNIT($,.METRE.)
);
#7809=(
NAMED_UNIT(*)
PLANE_ANGLE_UNIT()
SI_UNIT($,.RADIAN.)
);
#7810=(
NAMED_UNIT(*)
SI_UNIT($,.STERADIAN.)
SOLID_ANGLE_UNIT()
);
#7811=SHAPE_DEFINITION_REPRESENTATION(#7812,#7813);
#7812=PRODUCT_DEFINITION_SHAPE('',$,#7815);
#7813=SHAPE_REPRESENTATION('',(#3219),#7805);
#7814=PRODUCT_DEFINITION_CONTEXT('part definition',#7819,'design');
#7815=PRODUCT_DEFINITION('COURSE TRICKLER','COURSE TRICKLER',#7816,#7814);
#7816=PRODUCT_DEFINITION_FORMATION('',$,#7821);
#7817=PRODUCT_RELATED_PRODUCT_CATEGORY('COURSE TRICKLER',
'COURSE TRICKLER',(#7821));
#7818=APPLICATION_PROTOCOL_DEFINITION('international standard',
'automotive_design',2009,#7819);
#7819=APPLICATION_CONTEXT(
'Core Data for Automotive Mechanical Design Process');
#7820=PRODUCT_CONTEXT('part definition',#7819,'mechanical');
#7821=PRODUCT('COURSE TRICKLER','COURSE TRICKLER',$,(#7820));
#7822=PRESENTATION_STYLE_ASSIGNMENT((#7823));
#7823=SURFACE_STYLE_USAGE(.BOTH.,#7824);
#7824=SURFACE_SIDE_STYLE('',(#7825));
#7825=SURFACE_STYLE_FILL_AREA(#7826);
#7826=FILL_AREA_STYLE('Steel - Satin',(#7827));
#7827=FILL_AREA_STYLE_COLOUR('Steel - Satin',#7828);
#7828=COLOUR_RGB('Steel - Satin',0.627450980392157,0.627450980392157,0.627450980392157);
ENDSEC;
END-ISO-10303-21;
