ISO-10303-21;
HEADER;
/* Generated by software containing ST-Developer
 * from STEP Tools, Inc. (www.steptools.com) 
 */

FILE_DESCRIPTION(
/* description */ (''),
/* implementation_level */ '2;1');

FILE_NAME(
/* name */ 'ULTRA FINE.step',
/* time_stamp */ '2026-04-07T17:00:52-05:00',
/* author */ (''),
/* organization */ (''),
/* preprocessor_version */ 'ST-DEVELOPER v20.1',
/* originating_system */ 'Autodesk Translation Framework v14.24.0.0',
/* authorisation */ '');

FILE_SCHEMA (('AUTOMOTIVE_DESIGN { 1 0 10303 214 3 1 1 }'));
ENDSEC;

DATA;
#10=MECHANICAL_DESIGN_GEOMETRIC_PRESENTATION_REPRESENTATION('',(#13),#8179);
#11=SHAPE_REPRESENTATION_RELATIONSHIP('SRR','None',#8186,#12);
#12=ADVANCED_BREP_SHAPE_REPRESENTATION('',(#14),#8178);
#13=STYLED_ITEM('',(#8195),#14);
#14=MANIFOLD_SOLID_BREP('Body1',#2458);
#15=ELLIPSE('',#2553,0.282842712474618,0.2);
#16=ELLIPSE('',#2554,0.282842712474618,0.2);
#17=ELLIPSE('',#2557,0.282842712474618,0.2);
#18=ELLIPSE('',#2559,0.282842712474618,0.2);
#19=ELLIPSE('',#2562,0.282842712474619,0.2);
#20=ELLIPSE('',#2563,0.282842712474619,0.2);
#21=ELLIPSE('',#2566,0.282842712474618,0.2);
#22=ELLIPSE('',#2568,0.282842712474619,0.2);
#23=ELLIPSE('',#2571,0.282842712474618,0.2);
#24=ELLIPSE('',#2572,0.282842712474618,0.2);
#25=ELLIPSE('',#2575,0.282842712474618,0.2);
#26=ELLIPSE('',#2577,0.282842712474618,0.2);
#27=ELLIPSE('',#2580,0.282842712474619,0.2);
#28=ELLIPSE('',#2581,0.282842712474619,0.2);
#29=ELLIPSE('',#2584,0.282842712474619,0.2);
#30=ELLIPSE('',#2586,0.282842712474619,0.2);
#31=ELLIPSE('',#2589,0.282842712474618,0.2);
#32=ELLIPSE('',#2590,0.282842712474618,0.2);
#33=ELLIPSE('',#2593,0.282842712474618,0.2);
#34=ELLIPSE('',#2595,0.282842712474618,0.2);
#35=ELLIPSE('',#2598,0.282842712474619,0.2);
#36=ELLIPSE('',#2599,0.282842712474619,0.2);
#37=ELLIPSE('',#2602,0.282842712474619,0.2);
#38=ELLIPSE('',#2604,0.282842712474619,0.2);
#39=ELLIPSE('',#2607,0.282842712474618,0.2);
#40=ELLIPSE('',#2608,0.282842712474618,0.2);
#41=ELLIPSE('',#2611,0.282842712474618,0.2);
#42=ELLIPSE('',#2613,0.282842712474618,0.2);
#43=ELLIPSE('',#2616,0.282842712474618,0.2);
#44=ELLIPSE('',#2617,0.282842712474619,0.2);
#45=ELLIPSE('',#2620,0.282842712474619,0.2);
#46=ELLIPSE('',#2622,0.282842712474619,0.2);
#47=ELLIPSE('',#2625,0.282842712474619,0.2);
#48=ELLIPSE('',#2626,0.282842712474619,0.2);
#49=ELLIPSE('',#2629,0.282842712474619,0.2);
#50=ELLIPSE('',#2631,0.282842712474619,0.2);
#51=ELLIPSE('',#2661,0.282842712474619,0.2);
#52=ELLIPSE('',#2662,0.282842712474619,0.2);
#53=ELLIPSE('',#2665,0.282842712474619,0.2);
#54=ELLIPSE('',#2667,0.282842712474619,0.2);
#55=CONICAL_SURFACE('',#2517,3.292,0.785398163397449);
#56=FACE_BOUND('',#341,.T.);
#57=FACE_BOUND('',#343,.T.);
#58=FACE_BOUND('',#441,.T.);
#59=FACE_BOUND('',#443,.T.);
#60=PLANE('',#2486);
#61=PLANE('',#2487);
#62=PLANE('',#2488);
#63=PLANE('',#2489);
#64=PLANE('',#2490);
#65=PLANE('',#2494);
#66=PLANE('',#2498);
#67=PLANE('',#2502);
#68=PLANE('',#2506);
#69=PLANE('',#2510);
#70=PLANE('',#2514);
#71=PLANE('',#2516);
#72=PLANE('',#2525);
#73=PLANE('',#2526);
#74=PLANE('',#2527);
#75=PLANE('',#2528);
#76=PLANE('',#2529);
#77=PLANE('',#2555);
#78=PLANE('',#2556);
#79=PLANE('',#2560);
#80=PLANE('',#2564);
#81=PLANE('',#2565);
#82=PLANE('',#2569);
#83=PLANE('',#2573);
#84=PLANE('',#2574);
#85=PLANE('',#2578);
#86=PLANE('',#2582);
#87=PLANE('',#2583);
#88=PLANE('',#2587);
#89=PLANE('',#2591);
#90=PLANE('',#2592);
#91=PLANE('',#2596);
#92=PLANE('',#2600);
#93=PLANE('',#2601);
#94=PLANE('',#2605);
#95=PLANE('',#2609);
#96=PLANE('',#2610);
#97=PLANE('',#2614);
#98=PLANE('',#2618);
#99=PLANE('',#2619);
#100=PLANE('',#2623);
#101=PLANE('',#2627);
#102=PLANE('',#2628);
#103=PLANE('',#2632);
#104=PLANE('',#2633);
#105=PLANE('',#2634);
#106=PLANE('',#2635);
#107=PLANE('',#2636);
#108=PLANE('',#2637);
#109=PLANE('',#2638);
#110=PLANE('',#2639);
#111=PLANE('',#2640);
#112=PLANE('',#2641);
#113=PLANE('',#2642);
#114=PLANE('',#2643);
#115=PLANE('',#2644);
#116=PLANE('',#2645);
#117=PLANE('',#2646);
#118=PLANE('',#2647);
#119=PLANE('',#2648);
#120=PLANE('',#2649);
#121=PLANE('',#2650);
#122=PLANE('',#2651);
#123=PLANE('',#2652);
#124=PLANE('',#2653);
#125=PLANE('',#2654);
#126=PLANE('',#2655);
#127=PLANE('',#2656);
#128=PLANE('',#2657);
#129=PLANE('',#2658);
#130=PLANE('',#2659);
#131=PLANE('',#2663);
#132=PLANE('',#2664);
#133=PLANE('',#2668);
#134=PLANE('',#2669);
#135=PLANE('',#2670);
#136=PLANE('',#2671);
#137=PLANE('',#2674);
#138=PLANE('',#2675);
#139=PLANE('',#2676);
#140=PLANE('',#2677);
#141=PLANE('',#2678);
#142=PLANE('',#2679);
#143=PLANE('',#2680);
#144=PLANE('',#2681);
#145=PLANE('',#2682);
#146=PLANE('',#2683);
#147=B_SPLINE_SURFACE_WITH_KNOTS('',3,3,((#3612,#3613,#3614,#3615,#3616,
#3617,#3618,#3619,#3620,#3621,#3622,#3623,#3624,#3625,#3626,#3627,#3628,
#3629,#3630,#3631,#3632,#3633,#3634,#3635,#3636,#3637,#3638,#3639,#3640,
#3641,#3642,#3643,#3644,#3645,#3646,#3647,#3648,#3649,#3650,#3651,#3652,
#3653,#3654,#3655,#3656,#3657,#3658,#3659,#3660,#3661,#3662,#3663,#3664,
#3665,#3666,#3667,#3668,#3669,#3670,#3671,#3672,#3673,#3674,#3675,#3676,
#3677,#3678,#3679,#3680,#3681,#3682,#3683,#3684,#3685,#3686,#3687,#3688,
#3689,#3690,#3691,#3692,#3693,#3694,#3695,#3696,#3697,#3698,#3699,#3700,
#3701,#3702,#3703,#3704,#3705),(#3706,#3707,#3708,#3709,#3710,#3711,#3712,
#3713,#3714,#3715,#3716,#3717,#3718,#3719,#3720,#3721,#3722,#3723,#3724,
#3725,#3726,#3727,#3728,#3729,#3730,#3731,#3732,#3733,#3734,#3735,#3736,
#3737,#3738,#3739,#3740,#3741,#3742,#3743,#3744,#3745,#3746,#3747,#3748,
#3749,#3750,#3751,#3752,#3753,#3754,#3755,#3756,#3757,#3758,#3759,#3760,
#3761,#3762,#3763,#3764,#3765,#3766,#3767,#3768,#3769,#3770,#3771,#3772,
#3773,#3774,#3775,#3776,#3777,#3778,#3779,#3780,#3781,#3782,#3783,#3784,
#3785,#3786,#3787,#3788,#3789,#3790,#3791,#3792,#3793,#3794,#3795,#3796,
#3797,#3798,#3799),(#3800,#3801,#3802,#3803,#3804,#3805,#3806,#3807,#3808,
#3809,#3810,#3811,#3812,#3813,#3814,#3815,#3816,#3817,#3818,#3819,#3820,
#3821,#3822,#3823,#3824,#3825,#3826,#3827,#3828,#3829,#3830,#3831,#3832,
#3833,#3834,#3835,#3836,#3837,#3838,#3839,#3840,#3841,#3842,#3843,#3844,
#3845,#3846,#3847,#3848,#3849,#3850,#3851,#3852,#3853,#3854,#3855,#3856,
#3857,#3858,#3859,#3860,#3861,#3862,#3863,#3864,#3865,#3866,#3867,#3868,
#3869,#3870,#3871,#3872,#3873,#3874,#3875,#3876,#3877,#3878,#3879,#3880,
#3881,#3882,#3883,#3884,#3885,#3886,#3887,#3888,#3889,#3890,#3891,#3892,
#3893),(#3894,#3895,#3896,#3897,#3898,#3899,#3900,#3901,#3902,#3903,#3904,
#3905,#3906,#3907,#3908,#3909,#3910,#3911,#3912,#3913,#3914,#3915,#3916,
#3917,#3918,#3919,#3920,#3921,#3922,#3923,#3924,#3925,#3926,#3927,#3928,
#3929,#3930,#3931,#3932,#3933,#3934,#3935,#3936,#3937,#3938,#3939,#3940,
#3941,#3942,#3943,#3944,#3945,#3946,#3947,#3948,#3949,#3950,#3951,#3952,
#3953,#3954,#3955,#3956,#3957,#3958,#3959,#3960,#3961,#3962,#3963,#3964,
#3965,#3966,#3967,#3968,#3969,#3970,#3971,#3972,#3973,#3974,#3975,#3976,
#3977,#3978,#3979,#3980,#3981,#3982,#3983,#3984,#3985,#3986,#3987)),
 .UNSPECIFIED.,.F.,.F.,.F.,(4,4),(4,1,1,1,1,1,1,1,1,1,1,1,1,1,1,1,1,1,1,
1,1,1,1,1,1,1,1,1,1,1,1,1,1,1,1,1,1,1,1,1,1,1,1,1,1,1,1,1,1,1,1,1,1,1,1,
1,1,1,1,1,1,1,1,1,1,1,1,1,1,1,1,1,1,1,1,1,1,1,1,1,1,1,1,1,1,1,1,1,1,1,1,
4),(0.,1.),(2.29932902063681,2.56240476448343,2.82548050833004,3.08855625217665,
3.35163199602327,3.61470773986988,3.87778348371649,4.14085922756311,4.40393497140972,
4.66701071525634,4.93008645910295,5.19316220294956,5.45623794679618,5.71931369064279,
5.9823894344894,6.24546517833602,6.50854092218263,6.85930858064478,7.21007623910694,
7.56084389756909,7.91161155603124,8.37930176731411,8.84699197859698,9.31468218987985,
9.665449848342,10.0162175068041,10.3669851652663,10.7177528237285,11.0685204821906,
11.4192881406528,11.7700557991149,12.1208234575771,12.4715911160392,12.8223587745014,
13.1731264329635,13.5238940914257,13.8746617498878,14.22542940835,14.5761970668121,
14.9269647252743,15.2777323837364,15.6285000421986,15.9792677006607,16.3300353591229,
16.5638804647643,17.0315706760472,17.3823383345093,17.7331059929715,18.0838736514336,
18.4346413098958,18.7854089683579,19.1361766268201,19.4869442852822,19.8377119437444,
20.3054021550273,20.5392472606687,20.7730923663101,21.0069374719516,21.4746276832344,
21.9423178945173,22.2930855529795,22.6438532114416,22.9946208699038,23.3453885283659,
23.6961561868281,24.0469238452902,24.3976915037524,24.7484591622145,25.0992268206767,
25.4499944791388,25.800762137601,26.1515297960631,26.5022974545253,26.8530651129874,
27.2038327714496,27.5546004299117,27.8176761737583,28.080751917605,28.3438276614516,
28.6069034052982,28.8699791491448,29.1330548929914,29.396130636838,29.6592063806846,
29.9222821245313,30.1853578683779,30.4484336122245,30.7115093560711,30.9745850999177,
31.2376608437643,31.5007365876109,31.7638123314576),.UNSPECIFIED.);
#148=B_SPLINE_SURFACE_WITH_KNOTS('',3,3,((#4125,#4126,#4127,#4128,#4129,
#4130,#4131,#4132,#4133,#4134,#4135,#4136,#4137,#4138,#4139,#4140,#4141,
#4142,#4143,#4144,#4145,#4146,#4147,#4148,#4149,#4150,#4151,#4152,#4153,
#4154,#4155,#4156,#4157,#4158,#4159,#4160,#4161,#4162,#4163,#4164,#4165,
#4166,#4167,#4168,#4169,#4170,#4171,#4172,#4173,#4174,#4175,#4176,#4177,
#4178,#4179,#4180,#4181,#4182,#4183,#4184,#4185,#4186,#4187,#4188,#4189,
#4190,#4191,#4192,#4193,#4194,#4195,#4196,#4197,#4198,#4199,#4200,#4201,
#4202,#4203,#4204,#4205,#4206,#4207,#4208,#4209,#4210,#4211,#4212,#4213,
#4214,#4215,#4216,#4217,#4218,#4219,#4220,#4221,#4222,#4223,#4224,#4225,
#4226,#4227,#4228,#4229,#4230,#4231,#4232,#4233,#4234,#4235,#4236,#4237,
#4238,#4239,#4240,#4241,#4242,#4243,#4244,#4245,#4246,#4247,#4248,#4249),
(#4250,#4251,#4252,#4253,#4254,#4255,#4256,#4257,#4258,#4259,#4260,#4261,
#4262,#4263,#4264,#4265,#4266,#4267,#4268,#4269,#4270,#4271,#4272,#4273,
#4274,#4275,#4276,#4277,#4278,#4279,#4280,#4281,#4282,#4283,#4284,#4285,
#4286,#4287,#4288,#4289,#4290,#4291,#4292,#4293,#4294,#4295,#4296,#4297,
#4298,#4299,#4300,#4301,#4302,#4303,#4304,#4305,#4306,#4307,#4308,#4309,
#4310,#4311,#4312,#4313,#4314,#4315,#4316,#4317,#4318,#4319,#4320,#4321,
#4322,#4323,#4324,#4325,#4326,#4327,#4328,#4329,#4330,#4331,#4332,#4333,
#4334,#4335,#4336,#4337,#4338,#4339,#4340,#4341,#4342,#4343,#4344,#4345,
#4346,#4347,#4348,#4349,#4350,#4351,#4352,#4353,#4354,#4355,#4356,#4357,
#4358,#4359,#4360,#4361,#4362,#4363,#4364,#4365,#4366,#4367,#4368,#4369,
#4370,#4371,#4372,#4373,#4374),(#4375,#4376,#4377,#4378,#4379,#4380,#4381,
#4382,#4383,#4384,#4385,#4386,#4387,#4388,#4389,#4390,#4391,#4392,#4393,
#4394,#4395,#4396,#4397,#4398,#4399,#4400,#4401,#4402,#4403,#4404,#4405,
#4406,#4407,#4408,#4409,#4410,#4411,#4412,#4413,#4414,#4415,#4416,#4417,
#4418,#4419,#4420,#4421,#4422,#4423,#4424,#4425,#4426,#4427,#4428,#4429,
#4430,#4431,#4432,#4433,#4434,#4435,#4436,#4437,#4438,#4439,#4440,#4441,
#4442,#4443,#4444,#4445,#4446,#4447,#4448,#4449,#4450,#4451,#4452,#4453,
#4454,#4455,#4456,#4457,#4458,#4459,#4460,#4461,#4462,#4463,#4464,#4465,
#4466,#4467,#4468,#4469,#4470,#4471,#4472,#4473,#4474,#4475,#4476,#4477,
#4478,#4479,#4480,#4481,#4482,#4483,#4484,#4485,#4486,#4487,#4488,#4489,
#4490,#4491,#4492,#4493,#4494,#4495,#4496,#4497,#4498,#4499),(#4500,#4501,
#4502,#4503,#4504,#4505,#4506,#4507,#4508,#4509,#4510,#4511,#4512,#4513,
#4514,#4515,#4516,#4517,#4518,#4519,#4520,#4521,#4522,#4523,#4524,#4525,
#4526,#4527,#4528,#4529,#4530,#4531,#4532,#4533,#4534,#4535,#4536,#4537,
#4538,#4539,#4540,#4541,#4542,#4543,#4544,#4545,#4546,#4547,#4548,#4549,
#4550,#4551,#4552,#4553,#4554,#4555,#4556,#4557,#4558,#4559,#4560,#4561,
#4562,#4563,#4564,#4565,#4566,#4567,#4568,#4569,#4570,#4571,#4572,#4573,
#4574,#4575,#4576,#4577,#4578,#4579,#4580,#4581,#4582,#4583,#4584,#4585,
#4586,#4587,#4588,#4589,#4590,#4591,#4592,#4593,#4594,#4595,#4596,#4597,
#4598,#4599,#4600,#4601,#4602,#4603,#4604,#4605,#4606,#4607,#4608,#4609,
#4610,#4611,#4612,#4613,#4614,#4615,#4616,#4617,#4618,#4619,#4620,#4621,
#4622,#4623,#4624),(#4625,#4626,#4627,#4628,#4629,#4630,#4631,#4632,#4633,
#4634,#4635,#4636,#4637,#4638,#4639,#4640,#4641,#4642,#4643,#4644,#4645,
#4646,#4647,#4648,#4649,#4650,#4651,#4652,#4653,#4654,#4655,#4656,#4657,
#4658,#4659,#4660,#4661,#4662,#4663,#4664,#4665,#4666,#4667,#4668,#4669,
#4670,#4671,#4672,#4673,#4674,#4675,#4676,#4677,#4678,#4679,#4680,#4681,
#4682,#4683,#4684,#4685,#4686,#4687,#4688,#4689,#4690,#4691,#4692,#4693,
#4694,#4695,#4696,#4697,#4698,#4699,#4700,#4701,#4702,#4703,#4704,#4705,
#4706,#4707,#4708,#4709,#4710,#4711,#4712,#4713,#4714,#4715,#4716,#4717,
#4718,#4719,#4720,#4721,#4722,#4723,#4724,#4725,#4726,#4727,#4728,#4729,
#4730,#4731,#4732,#4733,#4734,#4735,#4736,#4737,#4738,#4739,#4740,#4741,
#4742,#4743,#4744,#4745,#4746,#4747,#4748,#4749)),.UNSPECIFIED.,.F.,.F.,
 .F.,(4,1,4),(4,1,1,1,1,1,1,1,1,1,1,1,1,1,1,1,1,1,1,1,1,1,1,1,1,1,1,1,1,
1,1,1,1,1,1,1,1,1,1,1,1,1,1,1,1,1,1,1,1,1,1,1,1,1,1,1,1,1,1,1,1,1,1,1,1,
1,1,1,1,1,1,1,1,1,1,1,1,1,1,1,1,1,1,1,1,1,1,1,1,1,1,1,1,1,1,1,1,1,1,1,1,
1,1,1,1,1,1,1,1,1,1,1,1,1,1,1,1,1,1,1,1,1,4),(2.42671272046298,3.24371835832232,
3.85647258671682),(1.55608209439036,2.0551897191014,2.55429734381243,3.05340496852347,
3.5525125932345,4.05162021794554,4.55072784265657,5.04983546736761,5.54894309207864,
6.04805071678967,6.54715834150071,7.04626596621174,7.54537359092278,8.04448121563381,
8.54358884034485,9.04269646505588,9.54180408976692,10.040911714478,10.540019339189,
11.0391269639,11.5382345886111,12.0373422133221,12.5364498380331,13.0355574627442,
13.5346650874552,14.0337727121662,14.5328803368773,15.0319879615883,15.5310955862993,
16.0302032110104,16.5293108357214,17.0284184604324,17.5275260851435,18.0266337098545,
18.5257413345655,19.0248489592766,19.5239565839876,20.0230642086986,20.5221718334097,
21.0212794581207,21.5203870828317,22.0194947075428,22.5186023322538,23.0177099569649,
23.5168175816759,24.0159252063869,24.515032831098,25.014140455809,25.51324808052,
26.0123557052311,26.5114633299421,27.0105709546531,27.5096785793642,28.0087862040752,
28.5078938287862,29.0070014534973,29.5061090782083,30.0052167029193,30.5043243276304,
31.0034319523414,31.5025395770524,32.0016472017635,32.5007548264745,32.9998624511855,
33.4989700758966,33.9980777006076,34.4971853253187,34.9962929500297,35.4954005747407,
35.9945081994518,36.4936158241628,36.9927234488738,37.4918310735849,37.9909386982959,
38.4900463230069,38.989153947718,39.488261572429,39.98736919714,40.4864768218511,
40.9855844465621,41.4846920712731,41.9837996959842,42.4829073206952,42.9820149454062,
43.4811225701173,43.9802301948283,44.4793378195393,44.9784454442504,45.4775530689614,
45.9766606936725,46.4757683183835,46.9748759430945,47.4739835678056,47.9730911925166,
48.4721988172276,48.9713064419387,49.4704140666497,49.9695216913607,50.4686293160718,
50.9677369407828,51.4668445654938,51.9659521902049,52.4650598149159,52.9641674396269,
53.463275064338,53.962382689049,54.46149031376,54.9605979384711,55.4597055631821,
55.9588131878931,56.4579208126042,56.9570284373152,57.4561360620262,57.9552436867373,
58.4543513114483,58.9534589361594,59.4525665608704,59.9516741855814,60.4507818102925,
60.9498894350035,61.4489970597145,61.9481046844256,62.4472123091366),
 .UNSPECIFIED.);
#149=B_SPLINE_SURFACE_WITH_KNOTS('',3,3,((#4973,#4974,#4975,#4976,#4977,
#4978,#4979,#4980,#4981,#4982,#4983,#4984,#4985,#4986,#4987,#4988,#4989,
#4990,#4991,#4992,#4993,#4994,#4995,#4996,#4997,#4998,#4999,#5000,#5001,
#5002,#5003,#5004,#5005,#5006,#5007,#5008,#5009,#5010,#5011,#5012,#5013,
#5014,#5015,#5016,#5017,#5018,#5019,#5020,#5021,#5022,#5023,#5024,#5025,
#5026,#5027,#5028,#5029,#5030,#5031,#5032,#5033,#5034,#5035,#5036,#5037,
#5038,#5039,#5040,#5041,#5042,#5043,#5044,#5045,#5046,#5047,#5048,#5049,
#5050,#5051,#5052,#5053,#5054,#5055,#5056,#5057,#5058,#5059,#5060,#5061,
#5062,#5063,#5064),(#5065,#5066,#5067,#5068,#5069,#5070,#5071,#5072,#5073,
#5074,#5075,#5076,#5077,#5078,#5079,#5080,#5081,#5082,#5083,#5084,#5085,
#5086,#5087,#5088,#5089,#5090,#5091,#5092,#5093,#5094,#5095,#5096,#5097,
#5098,#5099,#5100,#5101,#5102,#5103,#5104,#5105,#5106,#5107,#5108,#5109,
#5110,#5111,#5112,#5113,#5114,#5115,#5116,#5117,#5118,#5119,#5120,#5121,
#5122,#5123,#5124,#5125,#5126,#5127,#5128,#5129,#5130,#5131,#5132,#5133,
#5134,#5135,#5136,#5137,#5138,#5139,#5140,#5141,#5142,#5143,#5144,#5145,
#5146,#5147,#5148,#5149,#5150,#5151,#5152,#5153,#5154,#5155,#5156),(#5157,
#5158,#5159,#5160,#5161,#5162,#5163,#5164,#5165,#5166,#5167,#5168,#5169,
#5170,#5171,#5172,#5173,#5174,#5175,#5176,#5177,#5178,#5179,#5180,#5181,
#5182,#5183,#5184,#5185,#5186,#5187,#5188,#5189,#5190,#5191,#5192,#5193,
#5194,#5195,#5196,#5197,#5198,#5199,#5200,#5201,#5202,#5203,#5204,#5205,
#5206,#5207,#5208,#5209,#5210,#5211,#5212,#5213,#5214,#5215,#5216,#5217,
#5218,#5219,#5220,#5221,#5222,#5223,#5224,#5225,#5226,#5227,#5228,#5229,
#5230,#5231,#5232,#5233,#5234,#5235,#5236,#5237,#5238,#5239,#5240,#5241,
#5242,#5243,#5244,#5245,#5246,#5247,#5248),(#5249,#5250,#5251,#5252,#5253,
#5254,#5255,#5256,#5257,#5258,#5259,#5260,#5261,#5262,#5263,#5264,#5265,
#5266,#5267,#5268,#5269,#5270,#5271,#5272,#5273,#5274,#5275,#5276,#5277,
#5278,#5279,#5280,#5281,#5282,#5283,#5284,#5285,#5286,#5287,#5288,#5289,
#5290,#5291,#5292,#5293,#5294,#5295,#5296,#5297,#5298,#5299,#5300,#5301,
#5302,#5303,#5304,#5305,#5306,#5307,#5308,#5309,#5310,#5311,#5312,#5313,
#5314,#5315,#5316,#5317,#5318,#5319,#5320,#5321,#5322,#5323,#5324,#5325,
#5326,#5327,#5328,#5329,#5330,#5331,#5332,#5333,#5334,#5335,#5336,#5337,
#5338,#5339,#5340)),.UNSPECIFIED.,.F.,.F.,.F.,(4,4),(4,1,1,1,1,1,1,1,1,
1,1,1,1,1,1,1,1,1,1,1,1,1,1,1,1,1,1,1,1,1,1,1,1,1,1,1,1,1,1,1,1,1,1,1,1,
1,1,1,1,1,1,1,1,1,1,1,1,1,1,1,1,1,1,1,1,1,1,1,1,1,1,1,1,1,1,1,1,1,1,1,1,
1,1,1,1,1,1,1,1,4),(0.,1.),(1.88090807144693,2.14398380648714,2.40705954152735,
2.67013527656756,2.93321101160777,3.19628674664797,3.45936248168818,3.72243821672839,
3.9855139517686,4.24858968680881,4.51166542184902,4.77474115688923,5.03781689192944,
5.30089262696965,5.56396836200986,5.82704409705007,6.09011983209028,6.44088747881056,
6.79165512553084,7.14242277225112,7.4931904189714,7.96088061459843,8.42857081022547,
8.89626100585251,9.24702865257279,9.59779629929307,9.94856394601335,10.2993315927336,
10.6500992394539,11.0008668861742,11.3516345328945,11.7024021796147,12.053169826335,
12.4039374730553,12.7547051197756,13.1054727664959,13.4562404132161,13.8070080599364,
14.1577757066567,14.508543353377,14.8593110000973,15.2100786468175,15.5608462935378,
15.9116139402581,16.3793041358851,16.6131492336987,16.9639168804189,17.3146845271392,
17.6654521738595,18.0162198205798,18.3669874673,18.7177551140203,19.1854453096474,
19.6531355052744,20.1208257009014,20.354670798715,20.5885158965285,21.0562060921555,
21.5238962877826,21.8746639345028,22.2254315812231,22.5761992279434,22.9269668746637,
23.277734521384,23.6285021681042,23.9792698148245,24.3300374615448,24.7977276571718,
25.2654178527989,25.7331080484259,26.0838756951462,26.4346433418665,26.7854109885868,
27.136178635307,27.3992543703472,27.6623301053875,27.9254058404277,28.1884815754679,
28.4515573105081,28.7146330455483,28.9777087805885,29.2407845156287,29.5038602506689,
29.7669359857091,30.0300117207493,30.2930874557895,30.5561631908298,30.81923892587,
31.0823146609102,31.3453903959504),.UNSPECIFIED.);
#150=B_SPLINE_SURFACE_WITH_KNOTS('',3,3,((#5395,#5396,#5397,#5398,#5399,
#5400,#5401,#5402,#5403,#5404,#5405,#5406,#5407,#5408,#5409,#5410,#5411,
#5412,#5413,#5414,#5415,#5416,#5417,#5418,#5419,#5420,#5421,#5422),(#5423,
#5424,#5425,#5426,#5427,#5428,#5429,#5430,#5431,#5432,#5433,#5434,#5435,
#5436,#5437,#5438,#5439,#5440,#5441,#5442,#5443,#5444,#5445,#5446,#5447,
#5448,#5449,#5450),(#5451,#5452,#5453,#5454,#5455,#5456,#5457,#5458,#5459,
#5460,#5461,#5462,#5463,#5464,#5465,#5466,#5467,#5468,#5469,#5470,#5471,
#5472,#5473,#5474,#5475,#5476,#5477,#5478),(#5479,#5480,#5481,#5482,#5483,
#5484,#5485,#5486,#5487,#5488,#5489,#5490,#5491,#5492,#5493,#5494,#5495,
#5496,#5497,#5498,#5499,#5500,#5501,#5502,#5503,#5504,#5505,#5506),(#5507,
#5508,#5509,#5510,#5511,#5512,#5513,#5514,#5515,#5516,#5517,#5518,#5519,
#5520,#5521,#5522,#5523,#5524,#5525,#5526,#5527,#5528,#5529,#5530,#5531,
#5532,#5533,#5534)),.UNSPECIFIED.,.F.,.F.,.F.,(4,1,4),(4,1,1,1,1,1,1,1,
1,1,1,1,1,1,1,1,1,1,1,1,1,1,1,1,1,4),(0.,0.5,1.),(0.0319294849224123,0.303781609500435,
0.575633734078457,0.847485858656479,1.1193379832345,1.48180748267186,1.84427698210923,
2.20674648154659,2.47859860612461,2.75045073070264,3.02230285528066,3.29415497985868,
3.5660071044367,3.83785922901472,4.10971135359275,4.38156347817077,4.74403297760813,
5.10650247704549,5.46897197648286,5.83144147592022,6.19391097535758,6.55638047479495,
6.82823259937297,7.10008472395099,7.37193684852901,7.64378897310704),
 .UNSPECIFIED.);
#151=B_SPLINE_SURFACE_WITH_KNOTS('',3,3,((#5613,#5614,#5615,#5616,#5617,
#5618,#5619,#5620,#5621,#5622,#5623,#5624,#5625,#5626,#5627,#5628,#5629,
#5630,#5631,#5632,#5633,#5634,#5635,#5636,#5637,#5638,#5639,#5640,#5641,
#5642,#5643,#5644,#5645,#5646,#5647,#5648,#5649),(#5650,#5651,#5652,#5653,
#5654,#5655,#5656,#5657,#5658,#5659,#5660,#5661,#5662,#5663,#5664,#5665,
#5666,#5667,#5668,#5669,#5670,#5671,#5672,#5673,#5674,#5675,#5676,#5677,
#5678,#5679,#5680,#5681,#5682,#5683,#5684,#5685,#5686),(#5687,#5688,#5689,
#5690,#5691,#5692,#5693,#5694,#5695,#5696,#5697,#5698,#5699,#5700,#5701,
#5702,#5703,#5704,#5705,#5706,#5707,#5708,#5709,#5710,#5711,#5712,#5713,
#5714,#5715,#5716,#5717,#5718,#5719,#5720,#5721,#5722,#5723),(#5724,#5725,
#5726,#5727,#5728,#5729,#5730,#5731,#5732,#5733,#5734,#5735,#5736,#5737,
#5738,#5739,#5740,#5741,#5742,#5743,#5744,#5745,#5746,#5747,#5748,#5749,
#5750,#5751,#5752,#5753,#5754,#5755,#5756,#5757,#5758,#5759,#5760),(#5761,
#5762,#5763,#5764,#5765,#5766,#5767,#5768,#5769,#5770,#5771,#5772,#5773,
#5774,#5775,#5776,#5777,#5778,#5779,#5780,#5781,#5782,#5783,#5784,#5785,
#5786,#5787,#5788,#5789,#5790,#5791,#5792,#5793,#5794,#5795,#5796,#5797)),
 .UNSPECIFIED.,.F.,.F.,.F.,(4,1,4),(4,1,1,1,1,1,1,1,1,1,1,1,1,1,1,1,1,1,
1,1,1,1,1,1,1,1,1,1,1,1,1,1,1,1,4),(-0.601301533897702,0.,0.601301533897702),
(3.8066794538831,4.29291530724758,4.77915116061207,5.26538701397655,5.75162286734104,
6.23785872070552,6.72409457407001,7.21033042743449,7.69656628079898,8.18280213416346,
8.66903798752795,9.64150969425692,10.6139814009859,11.5864531077149,12.0726889610793,
12.5589248144438,13.0451606678083,13.5313965211728,14.0176323745373,14.5038682279018,
14.9901040812663,15.4763399346307,15.9625757879952,16.4488116413597,17.4212833480887,
17.9075192014532,18.3937550548177,18.8799909081821,19.3662267615466,19.8524626149111,
20.3386984682756,20.8249343216401,21.3111701750046,21.7974060283691,22.2836418817335),
 .UNSPECIFIED.);
#152=B_SPLINE_SURFACE_WITH_KNOTS('',3,3,((#5873,#5874,#5875,#5876,#5877,
#5878,#5879,#5880,#5881,#5882,#5883,#5884,#5885,#5886,#5887,#5888,#5889,
#5890,#5891,#5892,#5893,#5894,#5895,#5896,#5897,#5898,#5899,#5900,#5901),
(#5902,#5903,#5904,#5905,#5906,#5907,#5908,#5909,#5910,#5911,#5912,#5913,
#5914,#5915,#5916,#5917,#5918,#5919,#5920,#5921,#5922,#5923,#5924,#5925,
#5926,#5927,#5928,#5929,#5930),(#5931,#5932,#5933,#5934,#5935,#5936,#5937,
#5938,#5939,#5940,#5941,#5942,#5943,#5944,#5945,#5946,#5947,#5948,#5949,
#5950,#5951,#5952,#5953,#5954,#5955,#5956,#5957,#5958,#5959),(#5960,#5961,
#5962,#5963,#5964,#5965,#5966,#5967,#5968,#5969,#5970,#5971,#5972,#5973,
#5974,#5975,#5976,#5977,#5978,#5979,#5980,#5981,#5982,#5983,#5984,#5985,
#5986,#5987,#5988),(#5989,#5990,#5991,#5992,#5993,#5994,#5995,#5996,#5997,
#5998,#5999,#6000,#6001,#6002,#6003,#6004,#6005,#6006,#6007,#6008,#6009,
#6010,#6011,#6012,#6013,#6014,#6015,#6016,#6017)),.UNSPECIFIED.,.F.,.F.,
 .F.,(4,1,4),(4,1,1,1,1,1,1,1,1,1,1,1,1,1,1,1,1,1,1,1,1,1,1,1,1,1,4),(0.,
0.5,1.),(0.0319283576780625,0.303780482175306,0.57563260667255,0.847484731169794,
1.11933685566704,1.4818063549967,1.84427585432635,2.20674535365601,2.56921485298567,
2.93168435231533,3.29415385164499,3.56600597614223,3.83785810063948,4.10971022513672,
4.38156234963396,4.65341447413121,4.92526659862845,5.10650134829328,5.46897084762294,
5.65020559728777,5.8314403469526,6.19390984628225,6.55637934561191,6.82823147010916,
7.1000835946064,7.37193571910364,7.64378784360089),.UNSPECIFIED.);
#153=B_SPLINE_SURFACE_WITH_KNOTS('',3,3,((#6098,#6099,#6100,#6101,#6102,
#6103,#6104,#6105,#6106,#6107,#6108,#6109,#6110,#6111,#6112,#6113,#6114,
#6115,#6116,#6117,#6118,#6119,#6120,#6121,#6122,#6123,#6124,#6125,#6126,
#6127,#6128,#6129,#6130,#6131,#6132,#6133,#6134),(#6135,#6136,#6137,#6138,
#6139,#6140,#6141,#6142,#6143,#6144,#6145,#6146,#6147,#6148,#6149,#6150,
#6151,#6152,#6153,#6154,#6155,#6156,#6157,#6158,#6159,#6160,#6161,#6162,
#6163,#6164,#6165,#6166,#6167,#6168,#6169,#6170,#6171),(#6172,#6173,#6174,
#6175,#6176,#6177,#6178,#6179,#6180,#6181,#6182,#6183,#6184,#6185,#6186,
#6187,#6188,#6189,#6190,#6191,#6192,#6193,#6194,#6195,#6196,#6197,#6198,
#6199,#6200,#6201,#6202,#6203,#6204,#6205,#6206,#6207,#6208),(#6209,#6210,
#6211,#6212,#6213,#6214,#6215,#6216,#6217,#6218,#6219,#6220,#6221,#6222,
#6223,#6224,#6225,#6226,#6227,#6228,#6229,#6230,#6231,#6232,#6233,#6234,
#6235,#6236,#6237,#6238,#6239,#6240,#6241,#6242,#6243,#6244,#6245),(#6246,
#6247,#6248,#6249,#6250,#6251,#6252,#6253,#6254,#6255,#6256,#6257,#6258,
#6259,#6260,#6261,#6262,#6263,#6264,#6265,#6266,#6267,#6268,#6269,#6270,
#6271,#6272,#6273,#6274,#6275,#6276,#6277,#6278,#6279,#6280,#6281,#6282)),
 .UNSPECIFIED.,.F.,.F.,.F.,(4,1,4),(4,1,1,1,1,1,1,1,1,1,1,1,1,1,1,1,1,1,
1,1,1,1,1,1,1,1,1,1,1,1,1,1,1,1,4),(-0.601301533897701,-2.22044604925031E-16,
0.601301533897701),(3.80667945388309,4.2929153747201,4.7791512955571,5.26538721639411,
5.75162313723111,6.23785905806812,6.72409497890512,7.21033089974213,7.69656682057913,
8.18280274141614,8.66903866225314,9.64151050392715,10.6139823456012,11.5864541872752,
12.0726901081122,12.5589260289492,13.0451619497862,13.5313978706232,14.0176337914602,
14.5038697122972,14.9901056331342,15.4763415539712,15.9625774748082,16.4488133956452,
17.4212852373192,17.9075211581562,18.3937570789933,18.8799929998303,19.3662289206673,
19.8524648415043,20.3387007623413,20.8249366831783,21.3111726040153,21.7974085248523,
22.2836444456893),.UNSPECIFIED.);
#154=B_SPLINE_SURFACE_WITH_KNOTS('',3,3,((#6328,#6329,#6330,#6331,#6332,
#6333,#6334,#6335,#6336,#6337,#6338,#6339,#6340,#6341,#6342,#6343,#6344,
#6345,#6346,#6347,#6348,#6349,#6350,#6351,#6352,#6353,#6354,#6355),(#6356,
#6357,#6358,#6359,#6360,#6361,#6362,#6363,#6364,#6365,#6366,#6367,#6368,
#6369,#6370,#6371,#6372,#6373,#6374,#6375,#6376,#6377,#6378,#6379,#6380,
#6381,#6382,#6383),(#6384,#6385,#6386,#6387,#6388,#6389,#6390,#6391,#6392,
#6393,#6394,#6395,#6396,#6397,#6398,#6399,#6400,#6401,#6402,#6403,#6404,
#6405,#6406,#6407,#6408,#6409,#6410,#6411),(#6412,#6413,#6414,#6415,#6416,
#6417,#6418,#6419,#6420,#6421,#6422,#6423,#6424,#6425,#6426,#6427,#6428,
#6429,#6430,#6431,#6432,#6433,#6434,#6435,#6436,#6437,#6438,#6439),(#6440,
#6441,#6442,#6443,#6444,#6445,#6446,#6447,#6448,#6449,#6450,#6451,#6452,
#6453,#6454,#6455,#6456,#6457,#6458,#6459,#6460,#6461,#6462,#6463,#6464,
#6465,#6466,#6467)),.UNSPECIFIED.,.F.,.F.,.F.,(4,1,4),(4,1,1,1,1,1,1,1,
1,1,1,1,1,1,1,1,1,1,1,1,1,1,1,1,1,4),(0.,0.5,1.),(0.0319283577718636,0.30378048236525,
0.575632606958637,0.847484731552024,1.11933685614541,1.48180635560326,1.84427585506111,
2.20674535451896,2.56921485397681,2.93168435343465,3.2941538528925,3.56600597748589,
3.83785810207928,4.10971022667266,4.38156235126605,4.65341447585944,4.92526660045282,
5.19711872504621,5.4689708496396,5.83144034909744,6.19390984855529,6.55637934801314,
6.82823147260653,7.10008359719992,7.3719357217933,7.64378784638669),
 .UNSPECIFIED.);
#155=B_SPLINE_SURFACE_WITH_KNOTS('',3,3,((#6546,#6547,#6548,#6549,#6550,
#6551,#6552,#6553,#6554,#6555,#6556,#6557,#6558,#6559,#6560,#6561,#6562,
#6563,#6564,#6565,#6566,#6567,#6568,#6569,#6570,#6571,#6572,#6573,#6574,
#6575,#6576,#6577,#6578,#6579,#6580,#6581,#6582),(#6583,#6584,#6585,#6586,
#6587,#6588,#6589,#6590,#6591,#6592,#6593,#6594,#6595,#6596,#6597,#6598,
#6599,#6600,#6601,#6602,#6603,#6604,#6605,#6606,#6607,#6608,#6609,#6610,
#6611,#6612,#6613,#6614,#6615,#6616,#6617,#6618,#6619),(#6620,#6621,#6622,
#6623,#6624,#6625,#6626,#6627,#6628,#6629,#6630,#6631,#6632,#6633,#6634,
#6635,#6636,#6637,#6638,#6639,#6640,#6641,#6642,#6643,#6644,#6645,#6646,
#6647,#6648,#6649,#6650,#6651,#6652,#6653,#6654,#6655,#6656),(#6657,#6658,
#6659,#6660,#6661,#6662,#6663,#6664,#6665,#6666,#6667,#6668,#6669,#6670,
#6671,#6672,#6673,#6674,#6675,#6676,#6677,#6678,#6679,#6680,#6681,#6682,
#6683,#6684,#6685,#6686,#6687,#6688,#6689,#6690,#6691,#6692,#6693),(#6694,
#6695,#6696,#6697,#6698,#6699,#6700,#6701,#6702,#6703,#6704,#6705,#6706,
#6707,#6708,#6709,#6710,#6711,#6712,#6713,#6714,#6715,#6716,#6717,#6718,
#6719,#6720,#6721,#6722,#6723,#6724,#6725,#6726,#6727,#6728,#6729,#6730)),
 .UNSPECIFIED.,.F.,.F.,.F.,(4,1,4),(4,1,1,1,1,1,1,1,1,1,1,1,1,1,1,1,1,1,
1,1,1,1,1,1,1,1,1,1,1,1,1,1,1,1,4),(-0.601301533897704,2.77555756156289E-16,
0.601301533897705),(3.80667945388309,4.29291530724757,4.77915116061206,
5.26538701397655,5.75162286734103,6.23785872070552,6.72409457407,7.21033042743449,
7.69656628079897,8.18280213416346,8.66903798752795,9.64150969425692,10.6139814009859,
11.5864531077149,12.0726889610793,12.5589248144438,13.0451606678083,13.5313965211728,
14.0176323745373,14.5038682279018,14.9901040812663,15.4763399346307,15.9625757879952,
16.4488116413597,17.4212833480887,17.9075192014532,18.3937550548177,18.8799909081821,
19.3662267615466,19.8524626149111,20.3386984682756,20.8249343216401,21.3111701750046,
21.7974060283691,22.2836418817335),.UNSPECIFIED.);
#156=B_SPLINE_SURFACE_WITH_KNOTS('',3,3,((#6776,#6777,#6778,#6779,#6780,
#6781,#6782,#6783,#6784,#6785,#6786,#6787,#6788,#6789,#6790,#6791,#6792,
#6793,#6794,#6795,#6796,#6797,#6798,#6799,#6800,#6801,#6802,#6803),(#6804,
#6805,#6806,#6807,#6808,#6809,#6810,#6811,#6812,#6813,#6814,#6815,#6816,
#6817,#6818,#6819,#6820,#6821,#6822,#6823,#6824,#6825,#6826,#6827,#6828,
#6829,#6830,#6831),(#6832,#6833,#6834,#6835,#6836,#6837,#6838,#6839,#6840,
#6841,#6842,#6843,#6844,#6845,#6846,#6847,#6848,#6849,#6850,#6851,#6852,
#6853,#6854,#6855,#6856,#6857,#6858,#6859),(#6860,#6861,#6862,#6863,#6864,
#6865,#6866,#6867,#6868,#6869,#6870,#6871,#6872,#6873,#6874,#6875,#6876,
#6877,#6878,#6879,#6880,#6881,#6882,#6883,#6884,#6885,#6886,#6887),(#6888,
#6889,#6890,#6891,#6892,#6893,#6894,#6895,#6896,#6897,#6898,#6899,#6900,
#6901,#6902,#6903,#6904,#6905,#6906,#6907,#6908,#6909,#6910,#6911,#6912,
#6913,#6914,#6915)),.UNSPECIFIED.,.F.,.F.,.F.,(4,1,4),(4,1,1,1,1,1,1,1,
1,1,1,1,1,1,1,1,1,1,1,1,1,1,1,1,1,4),(0.,0.5,1.),(0.031928357651366,0.303780482121256,
0.575632606591146,0.847484731061036,1.11933685553093,1.48180635482411,1.8442758541173,
2.20674535341048,2.56921485270367,2.93168435199686,3.29415385129004,3.56600597575993,
3.83785810022982,4.10971022469971,4.3815623491696,4.65341447363949,4.92526659810938,
5.19711872257927,5.46897084704916,5.83144034634235,6.19390984563554,6.55637934492872,
6.82823146939861,7.1000835938685,7.37193571833839,7.64378784280828),
 .UNSPECIFIED.);
#157=B_SPLINE_SURFACE_WITH_KNOTS('',3,3,((#6994,#6995,#6996,#6997,#6998,
#6999,#7000,#7001,#7002,#7003,#7004,#7005,#7006,#7007,#7008,#7009,#7010,
#7011,#7012,#7013,#7014,#7015,#7016,#7017,#7018,#7019,#7020,#7021,#7022,
#7023,#7024,#7025,#7026,#7027,#7028,#7029,#7030),(#7031,#7032,#7033,#7034,
#7035,#7036,#7037,#7038,#7039,#7040,#7041,#7042,#7043,#7044,#7045,#7046,
#7047,#7048,#7049,#7050,#7051,#7052,#7053,#7054,#7055,#7056,#7057,#7058,
#7059,#7060,#7061,#7062,#7063,#7064,#7065,#7066,#7067),(#7068,#7069,#7070,
#7071,#7072,#7073,#7074,#7075,#7076,#7077,#7078,#7079,#7080,#7081,#7082,
#7083,#7084,#7085,#7086,#7087,#7088,#7089,#7090,#7091,#7092,#7093,#7094,
#7095,#7096,#7097,#7098,#7099,#7100,#7101,#7102,#7103,#7104),(#7105,#7106,
#7107,#7108,#7109,#7110,#7111,#7112,#7113,#7114,#7115,#7116,#7117,#7118,
#7119,#7120,#7121,#7122,#7123,#7124,#7125,#7126,#7127,#7128,#7129,#7130,
#7131,#7132,#7133,#7134,#7135,#7136,#7137,#7138,#7139,#7140,#7141),(#7142,
#7143,#7144,#7145,#7146,#7147,#7148,#7149,#7150,#7151,#7152,#7153,#7154,
#7155,#7156,#7157,#7158,#7159,#7160,#7161,#7162,#7163,#7164,#7165,#7166,
#7167,#7168,#7169,#7170,#7171,#7172,#7173,#7174,#7175,#7176,#7177,#7178)),
 .UNSPECIFIED.,.F.,.F.,.F.,(4,1,4),(4,1,1,1,1,1,1,1,1,1,1,1,1,1,1,1,1,1,
1,1,1,1,1,1,1,1,1,1,1,1,1,1,1,1,4),(-0.601301533897704,8.88178419700125E-16,
0.601301533897706),(3.80667945388309,4.29291530724757,4.77915116061206,
5.26538701397655,5.75162286734103,6.23785872070552,6.72409457407,7.21033042743449,
7.69656628079897,8.18280213416346,8.66903798752794,9.64150969425691,10.6139814009859,
11.5864531077149,12.0726889610793,12.5589248144438,13.0451606678083,13.5313965211728,
14.0176323745373,14.5038682279018,14.9901040812663,15.4763399346307,15.9625757879952,
16.4488116413597,17.4212833480887,17.9075192014532,18.3937550548177,18.8799909081821,
19.3662267615466,19.8524626149111,20.3386984682756,20.8249343216401,21.3111701750046,
21.7974060283691,22.2836418817335),.UNSPECIFIED.);
#158=B_SPLINE_SURFACE_WITH_KNOTS('',3,3,((#7224,#7225,#7226,#7227,#7228,
#7229,#7230,#7231,#7232,#7233,#7234,#7235,#7236,#7237,#7238,#7239,#7240,
#7241,#7242,#7243,#7244,#7245,#7246,#7247,#7248,#7249,#7250,#7251),(#7252,
#7253,#7254,#7255,#7256,#7257,#7258,#7259,#7260,#7261,#7262,#7263,#7264,
#7265,#7266,#7267,#7268,#7269,#7270,#7271,#7272,#7273,#7274,#7275,#7276,
#7277,#7278,#7279),(#7280,#7281,#7282,#7283,#7284,#7285,#7286,#7287,#7288,
#7289,#7290,#7291,#7292,#7293,#7294,#7295,#7296,#7297,#7298,#7299,#7300,
#7301,#7302,#7303,#7304,#7305,#7306,#7307),(#7308,#7309,#7310,#7311,#7312,
#7313,#7314,#7315,#7316,#7317,#7318,#7319,#7320,#7321,#7322,#7323,#7324,
#7325,#7326,#7327,#7328,#7329,#7330,#7331,#7332,#7333,#7334,#7335),(#7336,
#7337,#7338,#7339,#7340,#7341,#7342,#7343,#7344,#7345,#7346,#7347,#7348,
#7349,#7350,#7351,#7352,#7353,#7354,#7355,#7356,#7357,#7358,#7359,#7360,
#7361,#7362,#7363)),.UNSPECIFIED.,.F.,.F.,.F.,(4,1,4),(4,1,1,1,1,1,1,1,
1,1,1,1,1,1,1,1,1,1,1,1,1,1,1,1,1,4),(0.,0.5,1.),(0.0319283577525194,0.303780482326074,
0.575632606899628,0.847484731473183,1.11933685604674,1.48180635547814,1.84427585490955,
2.20674535434096,2.56921485377236,2.93168435320377,3.29415385263517,3.56600597720873,
3.83785810178228,4.10971022635584,4.38156235092939,4.65341447550295,4.9252666000765,
5.19711872465006,5.46897084922361,5.83144034865502,6.19390984808642,6.55637934751783,
6.82823147209138,7.10008359666494,7.37193572123849,7.64378784581205),
 .UNSPECIFIED.);
#159=B_SPLINE_SURFACE_WITH_KNOTS('',3,3,((#7412,#7413,#7414,#7415,#7416,
#7417,#7418,#7419,#7420,#7421,#7422,#7423,#7424,#7425,#7426,#7427,#7428,
#7429,#7430,#7431,#7432,#7433,#7434,#7435,#7436,#7437,#7438,#7439,#7440,
#7441,#7442,#7443,#7444,#7445,#7446,#7447,#7448),(#7449,#7450,#7451,#7452,
#7453,#7454,#7455,#7456,#7457,#7458,#7459,#7460,#7461,#7462,#7463,#7464,
#7465,#7466,#7467,#7468,#7469,#7470,#7471,#7472,#7473,#7474,#7475,#7476,
#7477,#7478,#7479,#7480,#7481,#7482,#7483,#7484,#7485),(#7486,#7487,#7488,
#7489,#7490,#7491,#7492,#7493,#7494,#7495,#7496,#7497,#7498,#7499,#7500,
#7501,#7502,#7503,#7504,#7505,#7506,#7507,#7508,#7509,#7510,#7511,#7512,
#7513,#7514,#7515,#7516,#7517,#7518,#7519,#7520,#7521,#7522),(#7523,#7524,
#7525,#7526,#7527,#7528,#7529,#7530,#7531,#7532,#7533,#7534,#7535,#7536,
#7537,#7538,#7539,#7540,#7541,#7542,#7543,#7544,#7545,#7546,#7547,#7548,
#7549,#7550,#7551,#7552,#7553,#7554,#7555,#7556,#7557,#7558,#7559),(#7560,
#7561,#7562,#7563,#7564,#7565,#7566,#7567,#7568,#7569,#7570,#7571,#7572,
#7573,#7574,#7575,#7576,#7577,#7578,#7579,#7580,#7581,#7582,#7583,#7584,
#7585,#7586,#7587,#7588,#7589,#7590,#7591,#7592,#7593,#7594,#7595,#7596)),
 .UNSPECIFIED.,.F.,.F.,.F.,(4,1,4),(4,1,1,1,1,1,1,1,1,1,1,1,1,1,1,1,1,1,
1,1,1,1,1,1,1,1,1,1,1,1,1,1,1,1,4),(-0.601301533897703,1.77635683940025E-15,
0.601301533897706),(3.80667945388309,4.29291530724757,4.77915116061206,
5.26538701397654,5.75162286734103,6.23785872070551,6.72409457407,7.21033042743449,
7.69656628079897,8.18280213416346,8.66903798752794,9.64150969425691,10.6139814009859,
11.5864531077149,12.0726889610793,12.5589248144438,13.0451606678083,13.5313965211728,
14.0176323745373,14.5038682279018,14.9901040812663,15.4763399346307,15.9625757879952,
16.4488116413597,17.4212833480887,17.9075192014532,18.3937550548177,18.8799909081821,
19.3662267615466,19.8524626149111,20.3386984682756,20.8249343216401,21.3111701750046,
21.7974060283691,22.2836418817335),.UNSPECIFIED.);
#160=FACE_OUTER_BOUND('',#300,.T.);
#161=FACE_OUTER_BOUND('',#301,.T.);
#162=FACE_OUTER_BOUND('',#302,.T.);
#163=FACE_OUTER_BOUND('',#303,.T.);
#164=FACE_OUTER_BOUND('',#304,.T.);
#165=FACE_OUTER_BOUND('',#305,.T.);
#166=FACE_OUTER_BOUND('',#306,.T.);
#167=FACE_OUTER_BOUND('',#307,.T.);
#168=FACE_OUTER_BOUND('',#308,.T.);
#169=FACE_OUTER_BOUND('',#309,.T.);
#170=FACE_OUTER_BOUND('',#310,.T.);
#171=FACE_OUTER_BOUND('',#311,.T.);
#172=FACE_OUTER_BOUND('',#312,.T.);
#173=FACE_OUTER_BOUND('',#313,.T.);
#174=FACE_OUTER_BOUND('',#314,.T.);
#175=FACE_OUTER_BOUND('',#315,.T.);
#176=FACE_OUTER_BOUND('',#316,.T.);
#177=FACE_OUTER_BOUND('',#317,.T.);
#178=FACE_OUTER_BOUND('',#318,.T.);
#179=FACE_OUTER_BOUND('',#319,.T.);
#180=FACE_OUTER_BOUND('',#320,.T.);
#181=FACE_OUTER_BOUND('',#321,.T.);
#182=FACE_OUTER_BOUND('',#322,.T.);
#183=FACE_OUTER_BOUND('',#323,.T.);
#184=FACE_OUTER_BOUND('',#324,.T.);
#185=FACE_OUTER_BOUND('',#325,.T.);
#186=FACE_OUTER_BOUND('',#326,.T.);
#187=FACE_OUTER_BOUND('',#327,.T.);
#188=FACE_OUTER_BOUND('',#328,.T.);
#189=FACE_OUTER_BOUND('',#329,.T.);
#190=FACE_OUTER_BOUND('',#330,.T.);
#191=FACE_OUTER_BOUND('',#331,.T.);
#192=FACE_OUTER_BOUND('',#332,.T.);
#193=FACE_OUTER_BOUND('',#333,.T.);
#194=FACE_OUTER_BOUND('',#334,.T.);
#195=FACE_OUTER_BOUND('',#335,.T.);
#196=FACE_OUTER_BOUND('',#336,.T.);
#197=FACE_OUTER_BOUND('',#337,.T.);
#198=FACE_OUTER_BOUND('',#338,.T.);
#199=FACE_OUTER_BOUND('',#339,.T.);
#200=FACE_OUTER_BOUND('',#340,.T.);
#201=FACE_OUTER_BOUND('',#342,.T.);
#202=FACE_OUTER_BOUND('',#344,.T.);
#203=FACE_OUTER_BOUND('',#345,.T.);
#204=FACE_OUTER_BOUND('',#346,.T.);
#205=FACE_OUTER_BOUND('',#347,.T.);
#206=FACE_OUTER_BOUND('',#348,.T.);
#207=FACE_OUTER_BOUND('',#349,.T.);
#208=FACE_OUTER_BOUND('',#350,.T.);
#209=FACE_OUTER_BOUND('',#351,.T.);
#210=FACE_OUTER_BOUND('',#352,.T.);
#211=FACE_OUTER_BOUND('',#353,.T.);
#212=FACE_OUTER_BOUND('',#354,.T.);
#213=FACE_OUTER_BOUND('',#355,.T.);
#214=FACE_OUTER_BOUND('',#356,.T.);
#215=FACE_OUTER_BOUND('',#357,.T.);
#216=FACE_OUTER_BOUND('',#358,.T.);
#217=FACE_OUTER_BOUND('',#359,.T.);
#218=FACE_OUTER_BOUND('',#360,.T.);
#219=FACE_OUTER_BOUND('',#361,.T.);
#220=FACE_OUTER_BOUND('',#362,.T.);
#221=FACE_OUTER_BOUND('',#363,.T.);
#222=FACE_OUTER_BOUND('',#364,.T.);
#223=FACE_OUTER_BOUND('',#365,.T.);
#224=FACE_OUTER_BOUND('',#366,.T.);
#225=FACE_OUTER_BOUND('',#367,.T.);
#226=FACE_OUTER_BOUND('',#368,.T.);
#227=FACE_OUTER_BOUND('',#369,.T.);
#228=FACE_OUTER_BOUND('',#370,.T.);
#229=FACE_OUTER_BOUND('',#371,.T.);
#230=FACE_OUTER_BOUND('',#372,.T.);
#231=FACE_OUTER_BOUND('',#373,.T.);
#232=FACE_OUTER_BOUND('',#374,.T.);
#233=FACE_OUTER_BOUND('',#375,.T.);
#234=FACE_OUTER_BOUND('',#376,.T.);
#235=FACE_OUTER_BOUND('',#377,.T.);
#236=FACE_OUTER_BOUND('',#378,.T.);
#237=FACE_OUTER_BOUND('',#379,.T.);
#238=FACE_OUTER_BOUND('',#380,.T.);
#239=FACE_OUTER_BOUND('',#381,.T.);
#240=FACE_OUTER_BOUND('',#382,.T.);
#241=FACE_OUTER_BOUND('',#383,.T.);
#242=FACE_OUTER_BOUND('',#384,.T.);
#243=FACE_OUTER_BOUND('',#385,.T.);
#244=FACE_OUTER_BOUND('',#386,.T.);
#245=FACE_OUTER_BOUND('',#387,.T.);
#246=FACE_OUTER_BOUND('',#388,.T.);
#247=FACE_OUTER_BOUND('',#389,.T.);
#248=FACE_OUTER_BOUND('',#390,.T.);
#249=FACE_OUTER_BOUND('',#391,.T.);
#250=FACE_OUTER_BOUND('',#392,.T.);
#251=FACE_OUTER_BOUND('',#393,.T.);
#252=FACE_OUTER_BOUND('',#394,.T.);
#253=FACE_OUTER_BOUND('',#395,.T.);
#254=FACE_OUTER_BOUND('',#396,.T.);
#255=FACE_OUTER_BOUND('',#397,.T.);
#256=FACE_OUTER_BOUND('',#398,.T.);
#257=FACE_OUTER_BOUND('',#399,.T.);
#258=FACE_OUTER_BOUND('',#400,.T.);
#259=FACE_OUTER_BOUND('',#401,.T.);
#260=FACE_OUTER_BOUND('',#402,.T.);
#261=FACE_OUTER_BOUND('',#403,.T.);
#262=FACE_OUTER_BOUND('',#404,.T.);
#263=FACE_OUTER_BOUND('',#405,.T.);
#264=FACE_OUTER_BOUND('',#406,.T.);
#265=FACE_OUTER_BOUND('',#407,.T.);
#266=FACE_OUTER_BOUND('',#408,.T.);
#267=FACE_OUTER_BOUND('',#409,.T.);
#268=FACE_OUTER_BOUND('',#410,.T.);
#269=FACE_OUTER_BOUND('',#411,.T.);
#270=FACE_OUTER_BOUND('',#412,.T.);
#271=FACE_OUTER_BOUND('',#413,.T.);
#272=FACE_OUTER_BOUND('',#414,.T.);
#273=FACE_OUTER_BOUND('',#415,.T.);
#274=FACE_OUTER_BOUND('',#416,.T.);
#275=FACE_OUTER_BOUND('',#417,.T.);
#276=FACE_OUTER_BOUND('',#418,.T.);
#277=FACE_OUTER_BOUND('',#419,.T.);
#278=FACE_OUTER_BOUND('',#420,.T.);
#279=FACE_OUTER_BOUND('',#421,.T.);
#280=FACE_OUTER_BOUND('',#422,.T.);
#281=FACE_OUTER_BOUND('',#423,.T.);
#282=FACE_OUTER_BOUND('',#424,.T.);
#283=FACE_OUTER_BOUND('',#425,.T.);
#284=FACE_OUTER_BOUND('',#426,.T.);
#285=FACE_OUTER_BOUND('',#427,.T.);
#286=FACE_OUTER_BOUND('',#428,.T.);
#287=FACE_OUTER_BOUND('',#429,.T.);
#288=FACE_OUTER_BOUND('',#430,.T.);
#289=FACE_OUTER_BOUND('',#431,.T.);
#290=FACE_OUTER_BOUND('',#432,.T.);
#291=FACE_OUTER_BOUND('',#433,.T.);
#292=FACE_OUTER_BOUND('',#434,.T.);
#293=FACE_OUTER_BOUND('',#435,.T.);
#294=FACE_OUTER_BOUND('',#436,.T.);
#295=FACE_OUTER_BOUND('',#437,.T.);
#296=FACE_OUTER_BOUND('',#438,.T.);
#297=FACE_OUTER_BOUND('',#439,.T.);
#298=FACE_OUTER_BOUND('',#440,.T.);
#299=FACE_OUTER_BOUND('',#442,.T.);
#300=EDGE_LOOP('',(#1555,#1556,#1557,#1558));
#301=EDGE_LOOP('',(#1559,#1560,#1561,#1562));
#302=EDGE_LOOP('',(#1563,#1564,#1565,#1566));
#303=EDGE_LOOP('',(#1567,#1568,#1569,#1570));
#304=EDGE_LOOP('',(#1571,#1572,#1573,#1574));
#305=EDGE_LOOP('',(#1575,#1576,#1577,#1578));
#306=EDGE_LOOP('',(#1579,#1580,#1581,#1582));
#307=EDGE_LOOP('',(#1583,#1584,#1585,#1586));
#308=EDGE_LOOP('',(#1587,#1588,#1589,#1590));
#309=EDGE_LOOP('',(#1591,#1592,#1593,#1594,#1595));
#310=EDGE_LOOP('',(#1596,#1597,#1598,#1599,#1600,#1601,#1602,#1603,#1604,
#1605,#1606,#1607,#1608,#1609));
#311=EDGE_LOOP('',(#1610,#1611,#1612,#1613,#1614,#1615,#1616,#1617,#1618,
#1619,#1620));
#312=EDGE_LOOP('',(#1621,#1622,#1623,#1624,#1625,#1626,#1627,#1628,#1629,
#1630,#1631,#1632,#1633));
#313=EDGE_LOOP('',(#1634,#1635,#1636));
#314=EDGE_LOOP('',(#1637,#1638));
#315=EDGE_LOOP('',(#1639,#1640,#1641,#1642,#1643,#1644,#1645,#1646,#1647,
#1648));
#316=EDGE_LOOP('',(#1649,#1650,#1651));
#317=EDGE_LOOP('',(#1652,#1653));
#318=EDGE_LOOP('',(#1654,#1655,#1656,#1657));
#319=EDGE_LOOP('',(#1658,#1659,#1660,#1661,#1662,#1663));
#320=EDGE_LOOP('',(#1664,#1665,#1666,#1667));
#321=EDGE_LOOP('',(#1668,#1669,#1670,#1671,#1672,#1673));
#322=EDGE_LOOP('',(#1674,#1675,#1676,#1677));
#323=EDGE_LOOP('',(#1678,#1679,#1680,#1681,#1682,#1683));
#324=EDGE_LOOP('',(#1684,#1685,#1686,#1687));
#325=EDGE_LOOP('',(#1688,#1689,#1690,#1691,#1692,#1693));
#326=EDGE_LOOP('',(#1694,#1695,#1696,#1697));
#327=EDGE_LOOP('',(#1698,#1699,#1700,#1701,#1702,#1703));
#328=EDGE_LOOP('',(#1704,#1705,#1706,#1707));
#329=EDGE_LOOP('',(#1708,#1709,#1710,#1711));
#330=EDGE_LOOP('',(#1712,#1713,#1714,#1715));
#331=EDGE_LOOP('',(#1716,#1717,#1718,#1719));
#332=EDGE_LOOP('',(#1720,#1721,#1722,#1723));
#333=EDGE_LOOP('',(#1724,#1725,#1726,#1727));
#334=EDGE_LOOP('',(#1728,#1729,#1730,#1731));
#335=EDGE_LOOP('',(#1732,#1733,#1734,#1735));
#336=EDGE_LOOP('',(#1736,#1737,#1738,#1739));
#337=EDGE_LOOP('',(#1740,#1741,#1742,#1743));
#338=EDGE_LOOP('',(#1744,#1745,#1746,#1747));
#339=EDGE_LOOP('',(#1748,#1749,#1750,#1751));
#340=EDGE_LOOP('',(#1752,#1753,#1754,#1755,#1756,#1757,#1758,#1759,#1760,
#1761,#1762,#1763));
#341=EDGE_LOOP('',(#1764));
#342=EDGE_LOOP('',(#1765,#1766,#1767,#1768,#1769,#1770,#1771,#1772,#1773,
#1774));
#343=EDGE_LOOP('',(#1775,#1776,#1777,#1778,#1779,#1780,#1781,#1782,#1783,
#1784,#1785,#1786));
#344=EDGE_LOOP('',(#1787,#1788,#1789,#1790,#1791,#1792,#1793,#1794,#1795,
#1796,#1797,#1798,#1799,#1800,#1801,#1802,#1803,#1804,#1805,#1806,#1807,
#1808,#1809,#1810));
#345=EDGE_LOOP('',(#1811,#1812));
#346=EDGE_LOOP('',(#1813,#1814));
#347=EDGE_LOOP('',(#1815,#1816,#1817));
#348=EDGE_LOOP('',(#1818,#1819));
#349=EDGE_LOOP('',(#1820,#1821));
#350=EDGE_LOOP('',(#1822,#1823,#1824,#1825,#1826,#1827,#1828,#1829,#1830,
#1831,#1832,#1833,#1834,#1835,#1836,#1837,#1838,#1839,#1840,#1841,#1842,
#1843,#1844,#1845,#1846,#1847,#1848,#1849,#1850,#1851,#1852,#1853,#1854,
#1855,#1856,#1857,#1858,#1859,#1860,#1861,#1862,#1863,#1864,#1865));
#351=EDGE_LOOP('',(#1866,#1867,#1868,#1869));
#352=EDGE_LOOP('',(#1870,#1871,#1872,#1873));
#353=EDGE_LOOP('',(#1874,#1875,#1876,#1877,#1878,#1879));
#354=EDGE_LOOP('',(#1880,#1881,#1882,#1883));
#355=EDGE_LOOP('',(#1884,#1885,#1886,#1887));
#356=EDGE_LOOP('',(#1888,#1889,#1890,#1891));
#357=EDGE_LOOP('',(#1892,#1893,#1894,#1895));
#358=EDGE_LOOP('',(#1896,#1897,#1898,#1899,#1900,#1901));
#359=EDGE_LOOP('',(#1902,#1903,#1904,#1905));
#360=EDGE_LOOP('',(#1906,#1907,#1908,#1909));
#361=EDGE_LOOP('',(#1910,#1911,#1912,#1913));
#362=EDGE_LOOP('',(#1914,#1915,#1916,#1917));
#363=EDGE_LOOP('',(#1918,#1919,#1920,#1921,#1922,#1923));
#364=EDGE_LOOP('',(#1924,#1925,#1926,#1927));
#365=EDGE_LOOP('',(#1928,#1929,#1930,#1931));
#366=EDGE_LOOP('',(#1932,#1933,#1934,#1935));
#367=EDGE_LOOP('',(#1936,#1937,#1938,#1939));
#368=EDGE_LOOP('',(#1940,#1941,#1942,#1943,#1944,#1945));
#369=EDGE_LOOP('',(#1946,#1947,#1948,#1949));
#370=EDGE_LOOP('',(#1950,#1951,#1952,#1953));
#371=EDGE_LOOP('',(#1954,#1955,#1956,#1957));
#372=EDGE_LOOP('',(#1958,#1959,#1960,#1961));
#373=EDGE_LOOP('',(#1962,#1963,#1964,#1965,#1966,#1967));
#374=EDGE_LOOP('',(#1968,#1969,#1970,#1971));
#375=EDGE_LOOP('',(#1972,#1973,#1974,#1975));
#376=EDGE_LOOP('',(#1976,#1977,#1978,#1979));
#377=EDGE_LOOP('',(#1980,#1981,#1982,#1983));
#378=EDGE_LOOP('',(#1984,#1985,#1986,#1987,#1988,#1989));
#379=EDGE_LOOP('',(#1990,#1991,#1992,#1993));
#380=EDGE_LOOP('',(#1994,#1995,#1996,#1997));
#381=EDGE_LOOP('',(#1998,#1999,#2000,#2001));
#382=EDGE_LOOP('',(#2002,#2003,#2004,#2005));
#383=EDGE_LOOP('',(#2006,#2007,#2008,#2009,#2010,#2011));
#384=EDGE_LOOP('',(#2012,#2013,#2014,#2015));
#385=EDGE_LOOP('',(#2016,#2017,#2018,#2019));
#386=EDGE_LOOP('',(#2020,#2021,#2022,#2023));
#387=EDGE_LOOP('',(#2024,#2025,#2026,#2027));
#388=EDGE_LOOP('',(#2028,#2029,#2030,#2031,#2032,#2033));
#389=EDGE_LOOP('',(#2034,#2035,#2036,#2037));
#390=EDGE_LOOP('',(#2038,#2039,#2040,#2041));
#391=EDGE_LOOP('',(#2042,#2043,#2044,#2045));
#392=EDGE_LOOP('',(#2046,#2047,#2048,#2049));
#393=EDGE_LOOP('',(#2050,#2051,#2052,#2053,#2054,#2055));
#394=EDGE_LOOP('',(#2056,#2057,#2058,#2059));
#395=EDGE_LOOP('',(#2060,#2061,#2062,#2063));
#396=EDGE_LOOP('',(#2064,#2065,#2066,#2067,#2068,#2069));
#397=EDGE_LOOP('',(#2070,#2071));
#398=EDGE_LOOP('',(#2072,#2073,#2074,#2075,#2076,#2077));
#399=EDGE_LOOP('',(#2078,#2079));
#400=EDGE_LOOP('',(#2080,#2081,#2082,#2083,#2084,#2085));
#401=EDGE_LOOP('',(#2086,#2087));
#402=EDGE_LOOP('',(#2088,#2089,#2090,#2091,#2092,#2093));
#403=EDGE_LOOP('',(#2094,#2095));
#404=EDGE_LOOP('',(#2096,#2097,#2098,#2099,#2100,#2101));
#405=EDGE_LOOP('',(#2102,#2103));
#406=EDGE_LOOP('',(#2104,#2105,#2106,#2107,#2108,#2109));
#407=EDGE_LOOP('',(#2110,#2111));
#408=EDGE_LOOP('',(#2112,#2113,#2114,#2115,#2116,#2117));
#409=EDGE_LOOP('',(#2118,#2119));
#410=EDGE_LOOP('',(#2120,#2121,#2122,#2123,#2124,#2125));
#411=EDGE_LOOP('',(#2126,#2127));
#412=EDGE_LOOP('',(#2128,#2129,#2130,#2131,#2132,#2133));
#413=EDGE_LOOP('',(#2134,#2135));
#414=EDGE_LOOP('',(#2136,#2137,#2138,#2139));
#415=EDGE_LOOP('',(#2140,#2141,#2142,#2143));
#416=EDGE_LOOP('',(#2144,#2145,#2146,#2147));
#417=EDGE_LOOP('',(#2148,#2149,#2150,#2151));
#418=EDGE_LOOP('',(#2152,#2153,#2154,#2155));
#419=EDGE_LOOP('',(#2156,#2157,#2158,#2159));
#420=EDGE_LOOP('',(#2160,#2161,#2162,#2163));
#421=EDGE_LOOP('',(#2164,#2165,#2166,#2167));
#422=EDGE_LOOP('',(#2168,#2169,#2170,#2171));
#423=EDGE_LOOP('',(#2172,#2173,#2174,#2175));
#424=EDGE_LOOP('',(#2176,#2177,#2178,#2179));
#425=EDGE_LOOP('',(#2180,#2181,#2182,#2183,#2184,#2185));
#426=EDGE_LOOP('',(#2186,#2187,#2188,#2189));
#427=EDGE_LOOP('',(#2190,#2191,#2192,#2193));
#428=EDGE_LOOP('',(#2194,#2195,#2196,#2197,#2198,#2199));
#429=EDGE_LOOP('',(#2200,#2201));
#430=EDGE_LOOP('',(#2202,#2203,#2204,#2205));
#431=EDGE_LOOP('',(#2206,#2207,#2208,#2209));
#432=EDGE_LOOP('',(#2210,#2211,#2212));
#433=EDGE_LOOP('',(#2213,#2214,#2215));
#434=EDGE_LOOP('',(#2216,#2217,#2218,#2219,#2220,#2221));
#435=EDGE_LOOP('',(#2222,#2223,#2224,#2225,#2226,#2227));
#436=EDGE_LOOP('',(#2228,#2229,#2230,#2231,#2232,#2233));
#437=EDGE_LOOP('',(#2234,#2235,#2236,#2237));
#438=EDGE_LOOP('',(#2238,#2239,#2240,#2241));
#439=EDGE_LOOP('',(#2242,#2243,#2244,#2245));
#440=EDGE_LOOP('',(#2246,#2247,#2248,#2249,#2250,#2251));
#441=EDGE_LOOP('',(#2252,#2253,#2254,#2255,#2256,#2257,#2258,#2259,#2260,
#2261,#2262,#2263,#2264,#2265,#2266,#2267,#2268,#2269,#2270,#2271,#2272));
#442=EDGE_LOOP('',(#2273,#2274,#2275,#2276,#2277));
#443=EDGE_LOOP('',(#2278));
#444=CIRCLE('',#2473,4.25);
#445=CIRCLE('',#2483,4.25);
#446=CIRCLE('',#2485,4.25);
#447=CIRCLE('',#2492,0.999999999999999);
#448=CIRCLE('',#2493,0.999999999999999);
#449=CIRCLE('',#2496,1.);
#450=CIRCLE('',#2497,1.);
#451=CIRCLE('',#2500,1.);
#452=CIRCLE('',#2501,1.);
#453=CIRCLE('',#2504,0.999999999999998);
#454=CIRCLE('',#2505,0.999999999999998);
#455=CIRCLE('',#2508,1.);
#456=CIRCLE('',#2509,1.);
#457=CIRCLE('',#2512,1.);
#458=CIRCLE('',#2513,1.);
#459=CIRCLE('',#2515,2.243);
#460=CIRCLE('',#2518,3.742);
#461=CIRCLE('',#2519,2.842);
#462=CIRCLE('',#2520,3.742);
#463=CIRCLE('',#2521,3.742);
#464=CIRCLE('',#2522,3.742);
#465=CIRCLE('',#2523,3.742);
#466=CIRCLE('',#2524,3.742);
#467=CIRCLE('',#2531,2.842);
#468=CIRCLE('',#2532,2.842);
#469=CIRCLE('',#2533,2.842);
#470=CIRCLE('',#2534,2.842);
#471=CIRCLE('',#2535,2.842);
#472=CIRCLE('',#2536,2.842);
#473=CIRCLE('',#2537,2.842);
#474=CIRCLE('',#2538,2.842);
#475=CIRCLE('',#2539,2.842);
#476=CIRCLE('',#2540,2.842);
#477=CIRCLE('',#2541,2.842);
#478=CIRCLE('',#2542,2.842);
#479=CIRCLE('',#2543,2.842);
#480=CIRCLE('',#2544,2.842);
#481=CIRCLE('',#2545,2.842);
#482=CIRCLE('',#2546,2.842);
#483=CIRCLE('',#2547,2.842);
#484=CIRCLE('',#2548,2.842);
#485=CIRCLE('',#2549,2.842);
#486=CIRCLE('',#2550,2.842);
#487=CIRCLE('',#2551,2.842);
#488=CIRCLE('',#2673,2.243);
#489=B_SPLINE_CURVE_WITH_KNOTS('',3,(#3317,#3318,#3319,#3320,#3321,#3322,
#3323),.UNSPECIFIED.,.F.,.F.,(4,1,1,1,4),(-3.09542388700491,-2.93321101160777,
-2.67013527656756,-2.40705954152735,-2.1447315045083),.UNSPECIFIED.);
#490=B_SPLINE_CURVE_WITH_KNOTS('',3,(#3326,#3327,#3328,#3329),
 .UNSPECIFIED.,.F.,.F.,(4,4),(-31.7638123314576,-31.685178614812),
 .UNSPECIFIED.);
#491=B_SPLINE_CURVE_WITH_KNOTS('',3,(#3334,#3335,#3336,#3337,#3338,#3339,
#3340,#3341,#3342,#3343,#3344,#3345,#3346,#3347,#3348,#3349),
 .UNSPECIFIED.,.F.,.F.,(4,1,1,1,1,1,1,1,1,1,1,1,1,4),(-6.29175013151787,
-6.09011983209028,-5.82704409705007,-5.56396836200986,-5.30089262696965,
-5.03781689192944,-4.77474115688923,-4.51166542184902,-4.24858968680881,
-3.9855139517686,-3.72243821672839,-3.45936248168818,-3.19628674664797,
-3.09542388700491),.UNSPECIFIED.);
#492=B_SPLINE_CURVE_WITH_KNOTS('',3,(#3350,#3351,#3352,#3353,#3354,#3355,
#3356,#3357,#3358,#3359,#3360,#3361,#3362,#3363,#3364,#3365),
 .UNSPECIFIED.,.F.,.F.,(4,1,1,1,1,1,1,1,1,1,1,1,1,4),(-31.685178614812,
-31.5007365876109,-31.2376608437643,-30.9745850999177,-30.7115093560711,
-30.4484336122245,-30.1853578683779,-29.9222821245313,-29.6592063806846,
-29.396130636838,-29.1330548929914,-28.8699791491448,-28.6069034052982,
-28.4888007607697),.UNSPECIFIED.);
#493=B_SPLINE_CURVE_WITH_KNOTS('',3,(#3370,#3371,#3372,#3373,#3374,#3375,
#3376,#3377,#3378,#3379,#3380,#3381),.UNSPECIFIED.,.F.,.F.,(4,1,1,1,1,1,
1,1,1,4),(-9.48808286334928,-9.24702865257279,-8.89626100585251,-8.42857081022547,
-7.96088061459843,-7.4931904189714,-7.14242277225112,-6.79165512553084,
-6.44088747881056,-6.29175013151787),.UNSPECIFIED.);
#494=B_SPLINE_CURVE_WITH_KNOTS('',3,(#3382,#3383,#3384,#3385,#3386,#3387,
#3388,#3389,#3390,#3391,#3392,#3393,#3394,#3395),.UNSPECIFIED.,.F.,.F.,
(4,1,1,1,1,1,1,1,1,1,1,4),(-28.4888007607697,-28.3438276614516,-28.080751917605,
-27.8176761737583,-27.5546004299117,-27.2038327714496,-26.8530651129874,
-26.5022974545253,-26.1515297960631,-25.800762137601,-25.4499944791388,
-25.2924195380908),.UNSPECIFIED.);
#495=B_SPLINE_CURVE_WITH_KNOTS('',3,(#3400,#3401,#3402,#3403,#3404,#3405,
#3406,#3407,#3408,#3409,#3410,#3411,#3412),.UNSPECIFIED.,.F.,.F.,(4,1,1,
1,1,1,1,1,1,1,4),(-12.6844581295026,-12.4039374730553,-12.053169826335,
-11.7024021796147,-11.3516345328945,-11.0008668861742,-10.6500992394539,
-10.2993315927336,-9.94856394601335,-9.59779629929307,-9.48808286334928),
 .UNSPECIFIED.);
#496=B_SPLINE_CURVE_WITH_KNOTS('',3,(#3413,#3414,#3415,#3416,#3417,#3418,
#3419,#3420,#3421,#3422,#3423,#3424,#3425),.UNSPECIFIED.,.F.,.F.,(4,1,1,
1,1,1,1,1,1,1,4),(-25.2924195380908,-25.0992268206767,-24.7484591622145,
-24.3976915037524,-24.0469238452902,-23.6961561868281,-23.3453885283659,
-22.9946208699038,-22.6438532114416,-22.2930855529795,-22.0962836259978),
 .UNSPECIFIED.);
#497=B_SPLINE_CURVE_WITH_KNOTS('',3,(#3430,#3431,#3432,#3433,#3434,#3435,
#3436,#3437,#3438,#3439,#3440,#3441,#3442),.UNSPECIFIED.,.F.,.F.,(4,1,1,
1,1,1,1,1,1,1,4),(-15.8804736718606,-15.5608462935378,-15.2100786468175,
-14.8593110000973,-14.508543353377,-14.1577757066567,-13.8070080599364,
-13.4562404132161,-13.1054727664959,-12.7547051197756,-12.6844581295026),
 .UNSPECIFIED.);
#498=B_SPLINE_CURVE_WITH_KNOTS('',3,(#3443,#3444,#3445,#3446,#3447,#3448,
#3449,#3450,#3451,#3452,#3453,#3454,#3455),.UNSPECIFIED.,.F.,.F.,(4,1,1,
1,1,1,1,1,1,1,4),(-22.0962836259978,-21.9423178945173,-21.4746276832344,
-21.0069374719516,-20.7730923663101,-20.5392472606687,-20.3054021550273,
-19.8377119437444,-19.4869442852822,-19.1361766268201,-18.8997636460787),
 .UNSPECIFIED.);
#499=B_SPLINE_CURVE_WITH_KNOTS('',3,(#3460,#3461,#3462,#3463,#3464,#3465,
#3466,#3467,#3468,#3469,#3470,#3471,#3472),.UNSPECIFIED.,.F.,.F.,(4,1,1,
1,1,1,1,1,1,1,4),(-19.0769104051887,-18.7177551140203,-18.3669874673,-18.0162198205798,
-17.6654521738595,-17.3146845271392,-16.9639168804189,-16.6131492336987,
-16.3793041358851,-15.9116139402581,-15.8804736718606),.UNSPECIFIED.);
#500=B_SPLINE_CURVE_WITH_KNOTS('',3,(#3473,#3474,#3475,#3476,#3477,#3478,
#3479,#3480,#3481,#3482,#3483,#3484,#3485),.UNSPECIFIED.,.F.,.F.,(4,1,1,
1,1,1,1,1,1,1,4),(-18.8997636460787,-18.7854089683579,-18.4346413098958,
-18.0838736514336,-17.7331059929715,-17.3823383345093,-17.0315706760472,
-16.5638804647643,-16.3300353591229,-15.9792677006607,-15.7034253388),
 .UNSPECIFIED.);
#501=B_SPLINE_CURVE_WITH_KNOTS('',3,(#3490,#3491,#3492,#3493,#3494,#3495,
#3496,#3497,#3498,#3499,#3500,#3501,#3502),.UNSPECIFIED.,.F.,.F.,(4,1,1,
1,1,1,1,1,1,1,4),(-22.2737590751517,-22.2254315812231,-21.8746639345028,
-21.5238962877826,-21.0562060921555,-20.5885158965285,-20.354670798715,
-20.1208257009014,-19.6531355052744,-19.1854453096474,-19.0769104051887),
 .UNSPECIFIED.);
#502=B_SPLINE_CURVE_WITH_KNOTS('',3,(#3503,#3504,#3505,#3506,#3507,#3508,
#3509,#3510,#3511,#3512,#3513,#3514,#3515),.UNSPECIFIED.,.F.,.F.,(4,1,1,
1,1,1,1,1,1,1,4),(-15.7034253388,-15.6285000421986,-15.2777323837364,-14.9269647252743,
-14.5761970668121,-14.22542940835,-13.8746617498878,-13.5238940914257,-13.1731264329635,
-12.8223587745014,-12.507031072003),.UNSPECIFIED.);
#503=B_SPLINE_CURVE_WITH_KNOTS('',3,(#3520,#3521,#3522,#3523,#3524,#3525,
#3526,#3527,#3528,#3529,#3530,#3531),.UNSPECIFIED.,.F.,.F.,(4,1,1,1,1,1,
1,1,1,4),(-25.4701240426905,-25.2654178527989,-24.7977276571718,-24.3300374615448,
-23.9792698148245,-23.6285021681042,-23.277734521384,-22.9269668746637,
-22.5761992279434,-22.2737590751517),.UNSPECIFIED.);
#504=B_SPLINE_CURVE_WITH_KNOTS('',3,(#3532,#3533,#3534,#3535,#3536,#3537,
#3538,#3539,#3540,#3541,#3542,#3543,#3544,#3545),.UNSPECIFIED.,.F.,.F.,
(4,1,1,1,1,1,1,1,1,1,1,4),(-12.507031072003,-12.4715911160392,-12.1208234575771,
-11.7700557991149,-11.4192881406528,-11.0685204821906,-10.7177528237285,
-10.3669851652663,-10.0162175068041,-9.665449848342,-9.31468218987985,-9.31069374267139),
 .UNSPECIFIED.);
#505=B_SPLINE_CURVE_WITH_KNOTS('',3,(#3550,#3551,#3552,#3553,#3554,#3555,
#3556,#3557,#3558,#3559,#3560,#3561,#3562,#3563),.UNSPECIFIED.,.F.,.F.,
(4,1,1,1,1,1,1,1,1,1,1,4),(-28.6663082518285,-28.4515573105081,-28.1884815754679,
-27.9254058404277,-27.6623301053875,-27.3992543703472,-27.136178635307,
-26.7854109885868,-26.4346433418665,-26.0838756951462,-25.7331080484259,
-25.4701240426905),.UNSPECIFIED.);
#506=B_SPLINE_CURVE_WITH_KNOTS('',3,(#3564,#3565,#3566,#3567,#3568,#3569,
#3570,#3571,#3572,#3573,#3574,#3575),.UNSPECIFIED.,.F.,.F.,(4,1,1,1,1,1,
1,1,1,4),(-9.31069374267139,-8.84699197859698,-8.37930176731411,-7.91161155603124,
-7.56084389756909,-7.21007623910694,-6.85930858064478,-6.50854092218263,
-6.24546517833602,-6.11430466339744),.UNSPECIFIED.);
#507=B_SPLINE_CURVE_WITH_KNOTS('',3,(#3582,#3583,#3584,#3585,#3586,#3587,
#3588,#3589,#3590,#3591,#3592,#3593,#3594,#3595),.UNSPECIFIED.,.F.,.F.,
(4,1,1,1,1,1,1,1,1,1,1,4),(-31.3453903959504,-31.0823146609102,-30.81923892587,
-30.5561631908298,-30.2930874557895,-30.0300117207493,-29.7669359857091,
-29.5038602506689,-29.2407845156287,-28.9777087805885,-28.7146330455483,
-28.6663082518285),.UNSPECIFIED.);
#508=B_SPLINE_CURVE_WITH_KNOTS('',3,(#3596,#3597,#3598,#3599,#3600,#3601,
#3602,#3603,#3604,#3605,#3606,#3607,#3608,#3609,#3610,#3611),
 .UNSPECIFIED.,.F.,.F.,(4,1,1,1,1,1,1,1,1,1,1,1,1,4),(-6.11430466339744,
-5.9823894344894,-5.71931369064279,-5.45623794679618,-5.19316220294956,
-4.93008645910295,-4.66701071525634,-4.40393497140972,-4.14085922756311,
-3.87778348371649,-3.61470773986988,-3.35163199602327,-3.08855625217665,
-2.91792971132621),.UNSPECIFIED.);
#509=B_SPLINE_CURVE_WITH_KNOTS('',3,(#3990,#3991,#3992,#3993,#3994,#3995,
#3996,#3997),.UNSPECIFIED.,.F.,.F.,(4,2,2,4),(0.,0.0830819255187221,0.162311052728916,
0.233906193219844),.UNSPECIFIED.);
#510=B_SPLINE_CURVE_WITH_KNOTS('',3,(#3998,#3999,#4000,#4001,#4002),
 .UNSPECIFIED.,.F.,.F.,(4,1,4),(-2.91792971132621,-2.82548050833004,-2.56315236876046),
 .UNSPECIFIED.);
#511=B_SPLINE_CURVE_WITH_KNOTS('',3,(#4004,#4005,#4006,#4007,#4008,#4009,
#4010,#4011,#4012,#4013,#4014,#4015,#4016,#4017,#4018,#4019,#4020,#4021,
#4022,#4023,#4024,#4025,#4026,#4027,#4028,#4029,#4030,#4031),
 .UNSPECIFIED.,.F.,.F.,(4,3,3,3,3,3,3,3,3,4),(0.,0.000690864241378618,0.0260830235898999,
0.0506976320122709,0.0742478076610302,0.0932259393601467,0.118710671067836,
0.146286395471832,0.176806875453495,0.184488367428761),.UNSPECIFIED.);
#512=B_SPLINE_CURVE_WITH_KNOTS('',3,(#4032,#4033,#4034,#4035,#4036,#4037,
#4038,#4039,#4040,#4041,#4042,#4043,#4044,#4045,#4046,#4047,#4048,#4049,
#4050,#4051,#4052,#4053,#4054,#4055,#4056,#4057,#4058,#4059,#4060,#4061,
#4062,#4063,#4064,#4065,#4066,#4067,#4068,#4069,#4070,#4071,#4072,#4073,
#4074,#4075,#4076,#4077,#4078,#4079,#4080,#4081,#4082,#4083,#4084,#4085,
#4086,#4087,#4088,#4089,#4090,#4091,#4092,#4093,#4094,#4095,#4096,#4097,
#4098,#4099,#4100,#4101,#4102,#4103,#4104,#4105,#4106,#4107,#4108,#4109,
#4110,#4111,#4112,#4113,#4114,#4115,#4116,#4117,#4118,#4119,#4120,#4121,
#4122,#4123,#4124),.UNSPECIFIED.,.F.,.F.,(4,1,1,1,1,1,1,1,1,1,1,1,1,1,1,
1,1,1,1,1,1,1,1,1,1,1,1,1,1,1,1,1,1,1,1,1,1,1,1,1,1,1,1,1,1,1,1,1,1,1,1,
1,1,1,1,1,1,1,1,1,1,1,1,1,1,1,1,1,1,1,1,1,1,1,1,1,1,1,1,1,1,1,1,1,1,1,1,
1,1,1,4),(2.29932902063681,2.56240476448343,2.82548050833004,3.08855625217665,
3.35163199602327,3.61470773986988,3.87778348371649,4.14085922756311,4.40393497140972,
4.66701071525634,4.93008645910295,5.19316220294956,5.45623794679618,5.71931369064279,
5.9823894344894,6.24546517833602,6.50854092218263,6.85930858064478,7.21007623910694,
7.56084389756909,7.91161155603124,8.37930176731411,8.84699197859698,9.31468218987985,
9.665449848342,10.0162175068041,10.3669851652663,10.7177528237285,11.0685204821906,
11.4192881406528,11.7700557991149,12.1208234575771,12.4715911160392,12.8223587745014,
13.1731264329635,13.5238940914257,13.8746617498878,14.22542940835,14.5761970668121,
14.9269647252743,15.2777323837364,15.6285000421986,15.9792677006607,16.3300353591229,
16.5638804647643,17.0315706760472,17.3823383345093,17.7331059929715,18.0838736514336,
18.4346413098958,18.7854089683579,19.1361766268201,19.4869442852822,19.8377119437444,
20.3054021550273,20.5392472606687,20.7730923663101,21.0069374719516,21.4746276832344,
21.9423178945173,22.2930855529795,22.6438532114416,22.9946208699038,23.3453885283659,
23.6961561868281,24.0469238452902,24.3976915037524,24.7484591622145,25.0992268206767,
25.4499944791388,25.800762137601,26.1515297960631,26.5022974545253,26.8530651129874,
27.2038327714496,27.5546004299117,27.8176761737583,28.080751917605,28.3438276614516,
28.6069034052982,28.8699791491448,29.1330548929914,29.396130636838,29.6592063806846,
29.9222821245313,30.1853578683779,30.4484336122245,30.7115093560711,30.9745850999177,
31.2376608437643,31.499984251377),.UNSPECIFIED.);
#513=B_SPLINE_CURVE_WITH_KNOTS('',3,(#4751,#4752,#4753,#4754,#4755,#4756,
#4757,#4758,#4759,#4760,#4761,#4762,#4763,#4764,#4765,#4766,#4767,#4768,
#4769,#4770,#4771,#4772),.UNSPECIFIED.,.F.,.F.,(4,2,2,2,2,2,2,2,2,2,4),
(0.,0.156390150950551,0.327394097538882,0.506025134745754,0.688576957729487,
0.872151119645996,1.05419736314801,1.23221327256843,1.40352063236455,1.56503873833813,
1.6984229896411),.UNSPECIFIED.);
#514=B_SPLINE_CURVE_WITH_KNOTS('',3,(#4774,#4775,#4776,#4777,#4778,#4779,
#4780,#4781),.UNSPECIFIED.,.F.,.F.,(4,2,2,4),(0.15645605040758,0.256280306261698,
0.404868918569045,0.459216229918676),.UNSPECIFIED.);
#515=B_SPLINE_CURVE_WITH_KNOTS('',3,(#4783,#4784,#4785,#4786),
 .UNSPECIFIED.,.F.,.F.,(4,4),(0.152395247380148,0.167318449196025),
 .UNSPECIFIED.);
#516=B_SPLINE_CURVE_WITH_KNOTS('',3,(#4788,#4789,#4790,#4791,#4792,#4793,
#4794,#4795),.UNSPECIFIED.,.F.,.F.,(4,2,2,4),(0.472396905228147,0.561357666481539,
0.722193403116667,0.772199505287178),.UNSPECIFIED.);
#517=B_SPLINE_CURVE_WITH_KNOTS('',3,(#4797,#4798,#4799,#4800,#4801,#4802,
#4803,#4804,#4805,#4806,#4807,#4808,#4809,#4810,#4811,#4812,#4813,#4814,
#4815),.UNSPECIFIED.,.F.,.F.,(4,3,3,3,3,3,4),(0.195690483021932,0.240529428022867,
0.284902177719227,0.301340128395906,0.320930553723585,0.332781053681733,
0.350447996496834),.UNSPECIFIED.);
#518=B_SPLINE_CURVE_WITH_KNOTS('',3,(#4817,#4818,#4819,#4820,#4821,#4822,
#4823,#4824,#4825,#4826,#4827,#4828,#4829),.UNSPECIFIED.,.F.,.F.,(4,3,3,
3,4),(0.0742272120009015,0.118813663285534,0.16334112203201,0.184710730971293,
0.195690483021932),.UNSPECIFIED.);
#519=B_SPLINE_CURVE_WITH_KNOTS('',3,(#4831,#4832,#4833,#4834,#4835,#4836,
#4837,#4838,#4839,#4840,#4841,#4842,#4843,#4844,#4845,#4846,#4847,#4848,
#4849,#4850,#4851,#4852,#4853,#4854,#4855,#4856,#4857,#4858),
 .UNSPECIFIED.,.F.,.F.,(4,3,3,3,3,3,3,3,3,4),(1.01566348684717,1.02062641866333,
1.0465137084781,1.08625424318123,1.12520932811584,1.16534258770323,1.20322314660055,
1.20547584729063,1.24109475729542,1.28015925520626),.UNSPECIFIED.);
#520=B_SPLINE_CURVE_WITH_KNOTS('',3,(#4860,#4861,#4862,#4863,#4864,#4865,
#4866,#4867,#4868,#4869,#4870,#4871,#4872),.UNSPECIFIED.,.F.,.F.,(4,3,3,
3,4),(0.168800642094533,0.171975689009196,0.214016047839118,0.256739971701129,
0.266638041511819),.UNSPECIFIED.);
#521=B_SPLINE_CURVE_WITH_KNOTS('',3,(#4874,#4875,#4876,#4877,#4878,#4879,
#4880,#4881),.UNSPECIFIED.,.F.,.F.,(4,2,2,4),(1.36666195677886,1.50517554842254,
1.64008986987769,1.66072179088482),.UNSPECIFIED.);
#522=B_SPLINE_CURVE_WITH_KNOTS('',3,(#4882,#4883,#4884,#4885,#4886,#4887,
#4888,#4889,#4890,#4891,#4892,#4893,#4894,#4895,#4896,#4897,#4898,#4899,
#4900,#4901,#4902,#4903,#4904,#4905,#4906,#4907,#4908,#4909,#4910,#4911,
#4912,#4913,#4914,#4915,#4916,#4917,#4918,#4919,#4920,#4921,#4922,#4923,
#4924,#4925,#4926,#4927,#4928,#4929,#4930,#4931,#4932,#4933,#4934,#4935,
#4936,#4937,#4938,#4939,#4940,#4941,#4942,#4943,#4944,#4945,#4946,#4947,
#4948,#4949,#4950,#4951,#4952,#4953,#4954,#4955,#4956,#4957,#4958,#4959,
#4960,#4961,#4962,#4963,#4964,#4965,#4966,#4967,#4968,#4969,#4970,#4971,
#4972),.UNSPECIFIED.,.F.,.F.,(4,1,1,1,1,1,1,1,1,1,1,1,1,1,1,1,1,1,1,1,1,
1,1,1,1,1,1,1,1,1,1,1,1,1,1,1,1,1,1,1,1,1,1,1,1,1,1,1,1,1,1,1,1,1,1,1,1,
1,1,1,1,1,1,1,1,1,1,1,1,1,1,1,1,1,1,1,1,1,1,1,1,1,1,1,1,1,1,1,4),(1.88090807144693,
2.14398380648714,2.40705954152735,2.67013527656756,2.93321101160777,3.19628674664797,
3.45936248168818,3.72243821672839,3.9855139517686,4.24858968680881,4.51166542184902,
4.77474115688923,5.03781689192944,5.30089262696965,5.56396836200986,5.82704409705007,
6.09011983209028,6.44088747881056,6.79165512553084,7.14242277225112,7.4931904189714,
7.96088061459843,8.42857081022547,8.89626100585251,9.24702865257279,9.59779629929307,
9.94856394601335,10.2993315927336,10.6500992394539,11.0008668861742,11.3516345328945,
11.7024021796147,12.053169826335,12.4039374730553,12.7547051197756,13.1054727664959,
13.4562404132161,13.8070080599364,14.1577757066567,14.508543353377,14.8593110000973,
15.2100786468175,15.5608462935378,15.9116139402581,16.3793041358851,16.6131492336987,
16.9639168804189,17.3146845271392,17.6654521738595,18.0162198205798,18.3669874673,
18.7177551140203,19.1854453096474,19.6531355052744,20.1208257009014,20.354670798715,
20.5885158965285,21.0562060921555,21.5238962877826,21.8746639345028,22.2254315812231,
22.5761992279434,22.9269668746637,23.277734521384,23.6285021681042,23.9792698148245,
24.3300374615448,24.7977276571718,25.2654178527989,25.7331080484259,26.0838756951462,
26.4346433418665,26.7854109885868,27.136178635307,27.3992543703472,27.6623301053875,
27.9254058404277,28.1884815754679,28.4515573105081,28.7146330455483,28.9777087805885,
29.2407845156287,29.5038602506689,29.7669359857091,30.0300117207493,30.2930874557895,
30.5561631908298,30.81923892587,31.0815665552461),.UNSPECIFIED.);
#523=B_SPLINE_CURVE_WITH_KNOTS('',3,(#5341,#5342,#5343,#5344,#5345,#5346,
#5347,#5348,#5349,#5350,#5351,#5352,#5353,#5354,#5355,#5356,#5357,#5358,
#5359,#5360,#5361,#5362,#5363,#5364,#5365,#5366,#5367,#5368),
 .UNSPECIFIED.,.F.,.F.,(4,3,3,3,3,3,3,3,3,4),(0.,0.000690460685608845,0.0260942188044826,
0.0507186682394165,0.0742825857771461,0.093222993950049,0.118756029996706,
0.146428483772245,0.177192327346592,0.184489714149384),.UNSPECIFIED.);
#524=B_SPLINE_CURVE_WITH_KNOTS('',3,(#5369,#5370,#5371,#5372,#5373,#5374,
#5375,#5376),.UNSPECIFIED.,.F.,.F.,(4,2,2,4),(0.,0.0830864433152041,0.162319101867499,
0.233906126684846),.UNSPECIFIED.);
#525=B_SPLINE_CURVE_WITH_KNOTS('',3,(#5537,#5538,#5539,#5540,#5541,#5542,
#5543,#5544),.UNSPECIFIED.,.F.,.F.,(4,2,2,4),(0.,0.036961366326155,0.0765585410754016,
0.113530277010582),.UNSPECIFIED.);
#526=B_SPLINE_CURVE_WITH_KNOTS('',3,(#5546,#5547,#5548,#5549,#5550,#5551,
#5552,#5553,#5554,#5555,#5556,#5557,#5558,#5559,#5560,#5561,#5562,#5563,
#5564,#5565,#5566,#5567,#5568,#5569,#5570,#5571,#5572,#5573),
 .UNSPECIFIED.,.F.,.F.,(4,1,1,1,1,1,1,1,1,1,1,1,1,1,1,1,1,1,1,1,1,1,1,1,
1,4),(-7.64378897310704,-7.37193684852901,-7.10008472395099,-6.82823259937297,
-6.55638047479495,-6.19391097535758,-5.83144147592022,-5.46897197648286,
-5.10650247704549,-4.74403297760813,-4.38156347817077,-4.10971135359275,
-3.83785922901472,-3.5660071044367,-3.29415497985868,-3.02230285528066,
-2.75045073070264,-2.47859860612461,-2.20674648154659,-1.84427698210923,
-1.48180748267186,-1.1193379832345,-0.847485858656479,-0.575633734078457,
-0.303781609500435,-0.141063708209041),.UNSPECIFIED.);
#527=B_SPLINE_CURVE_WITH_KNOTS('',3,(#5575,#5576,#5577,#5578,#5579,#5580,
#5581,#5582,#5583,#5584),.UNSPECIFIED.,.F.,.F.,(4,2,2,2,4),(0.,0.00754715829596469,
0.0178568805488674,0.0373381058851394,0.0976831113457304),.UNSPECIFIED.);
#528=B_SPLINE_CURVE_WITH_KNOTS('',3,(#5585,#5586,#5587,#5588,#5589,#5590,
#5591,#5592,#5593,#5594,#5595,#5596,#5597,#5598,#5599,#5600,#5601,#5602,
#5603,#5604,#5605,#5606,#5607,#5608,#5609,#5610,#5611,#5612),
 .UNSPECIFIED.,.F.,.F.,(4,1,1,1,1,1,1,1,1,1,1,1,1,1,1,1,1,1,1,1,1,1,1,1,
1,4),(0.0319294849224123,0.303781609500435,0.575633734078457,0.847485858656479,
1.1193379832345,1.48180748267186,1.84427698210923,2.20674648154659,2.47859860612461,
2.75045073070264,3.02230285528066,3.29415497985868,3.5660071044367,3.83785922901472,
4.10971135359275,4.38156347817077,4.74403297760813,5.10650247704549,5.46897197648286,
5.83144147592022,6.19391097535758,6.55638047479495,6.82823259937297,7.10008472395099,
7.37193684852901,7.53465510694158),.UNSPECIFIED.);
#529=B_SPLINE_CURVE_WITH_KNOTS('',3,(#5799,#5800,#5801,#5802,#5803,#5804,
#5805,#5806,#5807,#5808),.UNSPECIFIED.,.F.,.F.,(4,2,2,2,4),(-0.669551187924275,
-0.652929840110347,-0.615180610077227,-0.561201043555773,-0.52091800995886),
 .UNSPECIFIED.);
#530=B_SPLINE_CURVE_WITH_KNOTS('',3,(#5810,#5811,#5812,#5813,#5814,#5815,
#5816,#5817,#5818,#5819,#5820,#5821,#5822),.UNSPECIFIED.,.F.,.F.,(4,3,3,
3,4),(-0.26870800718374,-0.261749793656219,-0.25731093435055,-0.247993997058412,
-0.227266608819153),.UNSPECIFIED.);
#531=B_SPLINE_CURVE_WITH_KNOTS('',3,(#5824,#5825,#5826,#5827,#5828,#5829,
#5830,#5831),.UNSPECIFIED.,.F.,.F.,(4,2,2,4),(-0.456387952116722,-0.387259417018384,
-0.288114942585045,-0.269281745759752),.UNSPECIFIED.);
#532=B_SPLINE_CURVE_WITH_KNOTS('',3,(#5833,#5834,#5835,#5836,#5837,#5838,
#5839,#5840,#5841,#5842,#5843,#5844,#5845,#5846,#5847,#5848,#5849,#5850,
#5851,#5852,#5853,#5854,#5855,#5856,#5857,#5858,#5859,#5860),
 .UNSPECIFIED.,.F.,.F.,(4,1,1,1,1,1,1,1,1,1,1,1,1,1,1,1,1,1,1,1,1,1,1,1,
1,4),(-7.64378784581205,-7.37193572123849,-7.10008359666494,-6.82823147209138,
-6.55637934751783,-6.19390984808642,-5.83144034865502,-5.46897084922361,
-5.19711872465006,-4.9252666000765,-4.65341447550295,-4.38156235092939,
-4.10971022635584,-3.83785810178228,-3.56600597720873,-3.29415385263517,
-2.93168435320377,-2.56921485377236,-2.20674535434096,-1.84427585490955,
-1.48180635547814,-1.11933685604674,-0.847484731473183,-0.575632606899628,
-0.303780482326074,-0.1410656424124),.UNSPECIFIED.);
#533=B_SPLINE_CURVE_WITH_KNOTS('',3,(#5861,#5862,#5863,#5864,#5865,#5866,
#5867,#5868,#5869,#5870,#5871,#5872),.UNSPECIFIED.,.F.,.F.,(4,2,2,2,2,4),
(-0.406264423651841,-0.356924904849915,-0.276043842369401,-0.191927068396598,
-0.114690151337805,-0.0644991518406805),.UNSPECIFIED.);
#534=B_SPLINE_CURVE_WITH_KNOTS('',3,(#6020,#6021,#6022,#6023,#6024,#6025,
#6026,#6027),.UNSPECIFIED.,.F.,.F.,(4,2,2,4),(0.,0.0369613663261337,0.0765585410778351,
0.113530277018711),.UNSPECIFIED.);
#535=B_SPLINE_CURVE_WITH_KNOTS('',3,(#6029,#6030,#6031,#6032,#6033,#6034,
#6035,#6036,#6037,#6038,#6039,#6040,#6041,#6042,#6043,#6044,#6045,#6046,
#6047,#6048,#6049,#6050,#6051,#6052,#6053,#6054,#6055,#6056,#6057),
 .UNSPECIFIED.,.F.,.F.,(4,1,1,1,1,1,1,1,1,1,1,1,1,1,1,1,1,1,1,1,1,1,1,1,
1,1,4),(-7.64378784360089,-7.37193571910364,-7.1000835946064,-6.82823147010916,
-6.55637934561191,-6.19390984628225,-5.8314403469526,-5.65020559728777,
-5.46897084762294,-5.10650134829328,-4.92526659862845,-4.65341447413121,
-4.38156234963396,-4.10971022513672,-3.83785810063948,-3.56600597614223,
-3.29415385164499,-2.93168435231533,-2.56921485298567,-2.20674535365601,
-1.84427585432635,-1.4818063549967,-1.11933685566704,-0.847484731169794,
-0.57563260667255,-0.303780482175306,-0.141064962451538),.UNSPECIFIED.);
#536=B_SPLINE_CURVE_WITH_KNOTS('',3,(#6059,#6060,#6061,#6062,#6063,#6064,
#6065,#6066,#6067,#6068),.UNSPECIFIED.,.F.,.F.,(4,2,2,2,4),(0.,0.0075471582959645,
0.0178568805488715,0.0373381058851097,0.0976831113458735),.UNSPECIFIED.);
#537=B_SPLINE_CURVE_WITH_KNOTS('',3,(#6069,#6070,#6071,#6072,#6073,#6074,
#6075,#6076,#6077,#6078,#6079,#6080,#6081,#6082,#6083,#6084,#6085,#6086,
#6087,#6088,#6089,#6090,#6091,#6092,#6093,#6094,#6095,#6096,#6097),
 .UNSPECIFIED.,.F.,.F.,(4,1,1,1,1,1,1,1,1,1,1,1,1,1,1,1,1,1,1,1,1,1,1,1,
1,1,4),(0.0319283576780625,0.303780482175306,0.57563260667255,0.847484731169794,
1.11933685566704,1.4818063549967,1.84427585432635,2.20674535365601,2.56921485298567,
2.93168435231533,3.29415385164499,3.56600597614223,3.83785810063948,4.10971022513672,
4.38156234963396,4.65341447413121,4.92526659862845,5.10650134829328,5.46897084762294,
5.65020559728777,5.8314403469526,6.19390984628225,6.55637934561191,6.82823147010916,
7.1000835946064,7.37193571910364,7.53465305585596),.UNSPECIFIED.);
#538=B_SPLINE_CURVE_WITH_KNOTS('',3,(#6283,#6284,#6285,#6286,#6287,#6288,
#6289,#6290,#6291,#6292,#6293,#6294),.UNSPECIFIED.,.F.,.F.,(4,2,2,2,2,4),
(-0.406264423651463,-0.356924904861948,-0.276043842386384,-0.191927068412481,
-0.114690151347897,-0.0644991518406826),.UNSPECIFIED.);
#539=B_SPLINE_CURVE_WITH_KNOTS('',3,(#6296,#6297,#6298,#6299,#6300,#6301,
#6302,#6303,#6304,#6305),.UNSPECIFIED.,.F.,.F.,(4,2,2,2,4),(-1.32380217286835,
-1.30633756696179,-1.25797743249171,-1.18938148823251,-1.12733213781968),
 .UNSPECIFIED.);
#540=B_SPLINE_CURVE_WITH_KNOTS('',3,(#6307,#6308,#6309,#6310,#6311,#6312,
#6313,#6314,#6315,#6316,#6317,#6318,#6319),.UNSPECIFIED.,.F.,.F.,(4,3,3,
3,4),(-0.268708007183858,-0.261749146922855,-0.257310934350664,-0.247993997058522,
-0.227266608819252),.UNSPECIFIED.);
#541=B_SPLINE_CURVE_WITH_KNOTS('',3,(#6320,#6321,#6322,#6323,#6324,#6325,
#6326,#6327),.UNSPECIFIED.,.F.,.F.,(4,2,2,4),(-1.04062333336812,-0.959591790536907,
-0.823789060996556,-0.784251138128152),.UNSPECIFIED.);
#542=B_SPLINE_CURVE_WITH_KNOTS('',3,(#6470,#6471,#6472,#6473,#6474,#6475,
#6476,#6477,#6478,#6479),.UNSPECIFIED.,.F.,.F.,(4,2,2,2,4),(0.,0.00754715829596676,
0.0178568805488782,0.0373381058850913,0.0976831113459691),.UNSPECIFIED.);
#543=B_SPLINE_CURVE_WITH_KNOTS('',3,(#6481,#6482,#6483,#6484,#6485,#6486,
#6487,#6488,#6489,#6490,#6491,#6492,#6493,#6494,#6495,#6496,#6497,#6498,
#6499,#6500,#6501,#6502,#6503,#6504,#6505,#6506,#6507,#6508),
 .UNSPECIFIED.,.F.,.F.,(4,1,1,1,1,1,1,1,1,1,1,1,1,1,1,1,1,1,1,1,1,1,1,1,
1,4),(0.0319283577718636,0.30378048236525,0.575632606958637,0.847484731552024,
1.11933685614541,1.48180635560326,1.84427585506111,2.20674535451896,2.56921485397681,
2.93168435343465,3.2941538528925,3.56600597748589,3.83785810207928,4.10971022667266,
4.38156235126605,4.65341447585944,4.92526660045282,5.19711872504621,5.4689708496396,
5.83144034909744,6.19390984855529,6.55637934801314,6.82823147260653,7.10008359719992,
7.3719357217933,7.5346555377007),.UNSPECIFIED.);
#544=B_SPLINE_CURVE_WITH_KNOTS('',3,(#6510,#6511,#6512,#6513,#6514,#6515,
#6516,#6517),.UNSPECIFIED.,.F.,.F.,(4,2,2,4),(0.,0.0369613663250951,0.0765585410724836,
0.113530277009237),.UNSPECIFIED.);
#545=B_SPLINE_CURVE_WITH_KNOTS('',3,(#6518,#6519,#6520,#6521,#6522,#6523,
#6524,#6525,#6526,#6527,#6528,#6529,#6530,#6531,#6532,#6533,#6534,#6535,
#6536,#6537,#6538,#6539,#6540,#6541,#6542,#6543,#6544,#6545),
 .UNSPECIFIED.,.F.,.F.,(4,1,1,1,1,1,1,1,1,1,1,1,1,1,1,1,1,1,1,1,1,1,1,1,
1,4),(-7.64378784638669,-7.3719357217933,-7.10008359719992,-6.82823147260653,
-6.55637934801314,-6.19390984855529,-5.83144034909744,-5.4689708496396,
-5.19711872504621,-4.92526660045282,-4.65341447585944,-4.38156235126605,
-4.10971022667266,-3.83785810207928,-3.56600597748589,-3.2941538528925,
-2.93168435343465,-2.56921485397681,-2.20674535451896,-1.84427585506111,
-1.48180635560326,-1.11933685614541,-0.847484731552024,-0.575632606958637,
-0.30378048236525,-0.14106560079797),.UNSPECIFIED.);
#546=B_SPLINE_CURVE_WITH_KNOTS('',3,(#6731,#6732,#6733,#6734,#6735,#6736,
#6737,#6738,#6739,#6740,#6741,#6742),.UNSPECIFIED.,.F.,.F.,(4,2,2,2,2,4),
(-0.406264423651877,-0.356924904849942,-0.27604384236942,-0.191927068396609,
-0.114690151337811,-0.064499151840685),.UNSPECIFIED.);
#547=B_SPLINE_CURVE_WITH_KNOTS('',3,(#6744,#6745,#6746,#6747,#6748,#6749,
#6750,#6751,#6752,#6753),.UNSPECIFIED.,.F.,.F.,(4,2,2,2,4),(-0.487469091917799,
-0.480168615765849,-0.460767582022212,-0.43366146915356,-0.410041238966694),
 .UNSPECIFIED.);
#548=B_SPLINE_CURVE_WITH_KNOTS('',3,(#6755,#6756,#6757,#6758,#6759,#6760,
#6761,#6762,#6763,#6764,#6765,#6766,#6767),.UNSPECIFIED.,.F.,.F.,(4,3,3,
3,4),(-0.268708007183945,-0.261749793656416,-0.257310934350748,-0.247993997058602,
-0.227266608819325),.UNSPECIFIED.);
#549=B_SPLINE_CURVE_WITH_KNOTS('',3,(#6768,#6769,#6770,#6771,#6772,#6773,
#6774,#6775),.UNSPECIFIED.,.F.,.F.,(4,2,2,4),(-0.376854262395364,-0.345574369475508,
-0.294975334138827,-0.281081417202545),.UNSPECIFIED.);
#550=B_SPLINE_CURVE_WITH_KNOTS('',3,(#6918,#6919,#6920,#6921,#6922,#6923,
#6924,#6925,#6926,#6927),.UNSPECIFIED.,.F.,.F.,(4,2,2,2,4),(0.,0.00754715829595269,
0.0178568805488031,0.0373381058849489,0.0976831113454548),.UNSPECIFIED.);
#551=B_SPLINE_CURVE_WITH_KNOTS('',3,(#6929,#6930,#6931,#6932,#6933,#6934,
#6935,#6936,#6937,#6938,#6939,#6940,#6941,#6942,#6943,#6944,#6945,#6946,
#6947,#6948,#6949,#6950,#6951,#6952,#6953,#6954,#6955,#6956),
 .UNSPECIFIED.,.F.,.F.,(4,1,1,1,1,1,1,1,1,1,1,1,1,1,1,1,1,1,1,1,1,1,1,1,
1,4),(0.031928357651366,0.303780482121256,0.575632606591146,0.847484731061036,
1.11933685553093,1.48180635482411,1.8442758541173,2.20674535341048,2.56921485270367,
2.93168435199686,3.29415385129004,3.56600597575993,3.83785810022982,4.10971022469971,
4.3815623491696,4.65341447363949,4.92526659810938,5.19711872257927,5.46897084704916,
5.83144034634235,6.19390984563554,6.55637934492872,6.82823146939861,7.1000835938685,
7.37193571833839,7.53465490163917),.UNSPECIFIED.);
#552=B_SPLINE_CURVE_WITH_KNOTS('',3,(#6958,#6959,#6960,#6961,#6962,#6963,
#6964,#6965),.UNSPECIFIED.,.F.,.F.,(4,2,2,4),(0.,0.0369613663264295,0.0765585410793568,
0.113530277021403),.UNSPECIFIED.);
#553=B_SPLINE_CURVE_WITH_KNOTS('',3,(#6966,#6967,#6968,#6969,#6970,#6971,
#6972,#6973,#6974,#6975,#6976,#6977,#6978,#6979,#6980,#6981,#6982,#6983,
#6984,#6985,#6986,#6987,#6988,#6989,#6990,#6991,#6992,#6993),
 .UNSPECIFIED.,.F.,.F.,(4,1,1,1,1,1,1,1,1,1,1,1,1,1,1,1,1,1,1,1,1,1,1,1,
1,4),(-7.64378784280828,-7.37193571833839,-7.1000835938685,-6.82823146939861,
-6.55637934492872,-6.19390984563554,-5.83144034634235,-5.46897084704916,
-5.19711872257927,-4.92526659810938,-4.65341447363949,-4.3815623491696,
-4.10971022469971,-3.83785810022982,-3.56600597575993,-3.29415385129004,
-2.93168435199686,-2.56921485270367,-2.20674535341048,-1.8442758541173,
-1.48180635482411,-1.11933685553093,-0.847484731061036,-0.575632606591146,
-0.303780482121256,-0.141065649503731),.UNSPECIFIED.);
#554=B_SPLINE_CURVE_WITH_KNOTS('',3,(#7179,#7180,#7181,#7182,#7183,#7184,
#7185,#7186,#7187,#7188,#7189,#7190),.UNSPECIFIED.,.F.,.F.,(4,2,2,2,2,4),
(-0.406264423651835,-0.356924904849905,-0.276043842369392,-0.19192706839659,
-0.1146901513378,-0.0644991518406811),.UNSPECIFIED.);
#555=B_SPLINE_CURVE_WITH_KNOTS('',3,(#7192,#7193,#7194,#7195,#7196,#7197,
#7198,#7199,#7200,#7201),.UNSPECIFIED.,.F.,.F.,(4,2,2,2,4),(-1.5880093932248,
-1.56332671131993,-1.49624037403592,-1.40354174871837,-1.32144726755392),
 .UNSPECIFIED.);
#556=B_SPLINE_CURVE_WITH_KNOTS('',3,(#7203,#7204,#7205,#7206,#7207,#7208,
#7209,#7210,#7211,#7212,#7213,#7214,#7215),.UNSPECIFIED.,.F.,.F.,(4,3,3,
3,4),(-0.268708007183763,-0.261749793656243,-0.257310934350575,-0.247993997058436,
-0.227266608819173),.UNSPECIFIED.);
#557=B_SPLINE_CURVE_WITH_KNOTS('',3,(#7216,#7217,#7218,#7219,#7220,#7221,
#7222,#7223),.UNSPECIFIED.,.F.,.F.,(4,2,2,4),(-1.20881562986088,-1.10538753374339,
-0.935731943484227,-0.887165936140351),.UNSPECIFIED.);
#558=B_SPLINE_CURVE_WITH_KNOTS('',3,(#7365,#7366,#7367,#7368,#7369,#7370,
#7371,#7372,#7373,#7374),.UNSPECIFIED.,.F.,.F.,(4,2,2,2,4),(0.,0.00754715829595026,
0.017856880548798,0.0373381058849813,0.0976831113456687),.UNSPECIFIED.);
#559=B_SPLINE_CURVE_WITH_KNOTS('',3,(#7376,#7377,#7378,#7379,#7380,#7381,
#7382,#7383,#7384,#7385,#7386,#7387,#7388,#7389,#7390,#7391,#7392,#7393,
#7394,#7395,#7396,#7397,#7398,#7399,#7400,#7401,#7402,#7403),
 .UNSPECIFIED.,.F.,.F.,(4,1,1,1,1,1,1,1,1,1,1,1,1,1,1,1,1,1,1,1,1,1,1,1,
1,4),(0.0319283577525194,0.303780482326074,0.575632606899628,0.847484731473183,
1.11933685604674,1.48180635547814,1.84427585490955,2.20674535434096,2.56921485377236,
2.93168435320377,3.29415385263517,3.56600597720873,3.83785810178228,4.10971022635584,
4.38156235092939,4.65341447550295,4.9252666000765,5.19711872465006,5.46897084922361,
5.83144034865502,6.19390984808642,6.55637934751783,6.82823147209138,7.10008359666494,
7.37193572123849,7.53465491197216),.UNSPECIFIED.);
#560=B_SPLINE_CURVE_WITH_KNOTS('',3,(#7404,#7405,#7406,#7407,#7408,#7409,
#7410,#7411),.UNSPECIFIED.,.F.,.F.,(4,2,2,4),(0.,0.0369613663253015,0.0765585410735526,
0.113530277011141),.UNSPECIFIED.);
#561=B_SPLINE_CURVE_WITH_KNOTS('',3,(#7597,#7598,#7599,#7600,#7601,#7602,
#7603,#7604,#7605,#7606,#7607,#7608),.UNSPECIFIED.,.F.,.F.,(4,2,2,2,2,4),
(-0.406264423651881,-0.356924904849942,-0.276043842369421,-0.19192706839661,
-0.114690151337811,-0.0644991518406865),.UNSPECIFIED.);
#562=B_SPLINE_CURVE_WITH_KNOTS('',3,(#7610,#7611,#7612,#7613,#7614,#7615,
#7616,#7617,#7618,#7619),.UNSPECIFIED.,.F.,.F.,(4,2,2,2,4),(-0.489635519377179,
-0.469354427827565,-0.432929685849389,-0.377951272236987,-0.35094183130832),
 .UNSPECIFIED.);
#563=B_SPLINE_CURVE_WITH_KNOTS('',3,(#7621,#7622,#7623,#7624,#7625,#7626,
#7627,#7628,#7629,#7630,#7631,#7632,#7633),.UNSPECIFIED.,.F.,.F.,(4,3,3,
3,4),(-0.268708007183866,-0.261749793656343,-0.257310934350673,-0.24799399705853,
-0.227266608819259),.UNSPECIFIED.);
#564=B_SPLINE_CURVE_WITH_KNOTS('',3,(#7634,#7635,#7636,#7637,#7638,#7639,
#7640,#7641),.UNSPECIFIED.,.F.,.F.,(4,2,2,4),(-0.288138368688223,-0.20250518469167,
-0.10255975875041,-0.101614388947271),.UNSPECIFIED.);
#565=LINE('',#3315,#766);
#566=LINE('',#3333,#767);
#567=LINE('',#3369,#768);
#568=LINE('',#3399,#769);
#569=LINE('',#3429,#770);
#570=LINE('',#3459,#771);
#571=LINE('',#3489,#772);
#572=LINE('',#3519,#773);
#573=LINE('',#3549,#774);
#574=LINE('',#3579,#775);
#575=LINE('',#5380,#776);
#576=LINE('',#5384,#777);
#577=LINE('',#5386,#778);
#578=LINE('',#5388,#779);
#579=LINE('',#5389,#780);
#580=LINE('',#5390,#781);
#581=LINE('',#5392,#782);
#582=LINE('',#5394,#783);
#583=LINE('',#7645,#784);
#584=LINE('',#7647,#785);
#585=LINE('',#7649,#786);
#586=LINE('',#7650,#787);
#587=LINE('',#7655,#788);
#588=LINE('',#7659,#789);
#589=LINE('',#7661,#790);
#590=LINE('',#7662,#791);
#591=LINE('',#7667,#792);
#592=LINE('',#7671,#793);
#593=LINE('',#7673,#794);
#594=LINE('',#7674,#795);
#595=LINE('',#7679,#796);
#596=LINE('',#7683,#797);
#597=LINE('',#7685,#798);
#598=LINE('',#7686,#799);
#599=LINE('',#7691,#800);
#600=LINE('',#7695,#801);
#601=LINE('',#7697,#802);
#602=LINE('',#7698,#803);
#603=LINE('',#7703,#804);
#604=LINE('',#7707,#805);
#605=LINE('',#7709,#806);
#606=LINE('',#7710,#807);
#607=LINE('',#7722,#808);
#608=LINE('',#7737,#809);
#609=LINE('',#7741,#810);
#610=LINE('',#7745,#811);
#611=LINE('',#7749,#812);
#612=LINE('',#7753,#813);
#613=LINE('',#7757,#814);
#614=LINE('',#7761,#815);
#615=LINE('',#7765,#816);
#616=LINE('',#7769,#817);
#617=LINE('',#7773,#818);
#618=LINE('',#7777,#819);
#619=LINE('',#7781,#820);
#620=LINE('',#7785,#821);
#621=LINE('',#7789,#822);
#622=LINE('',#7793,#823);
#623=LINE('',#7797,#824);
#624=LINE('',#7801,#825);
#625=LINE('',#7804,#826);
#626=LINE('',#7808,#827);
#627=LINE('',#7812,#828);
#628=LINE('',#7816,#829);
#629=LINE('',#7823,#830);
#630=LINE('',#7826,#831);
#631=LINE('',#7829,#832);
#632=LINE('',#7831,#833);
#633=LINE('',#7832,#834);
#634=LINE('',#7834,#835);
#635=LINE('',#7835,#836);
#636=LINE('',#7837,#837);
#637=LINE('',#7842,#838);
#638=LINE('',#7844,#839);
#639=LINE('',#7850,#840);
#640=LINE('',#7853,#841);
#641=LINE('',#7856,#842);
#642=LINE('',#7858,#843);
#643=LINE('',#7859,#844);
#644=LINE('',#7861,#845);
#645=LINE('',#7862,#846);
#646=LINE('',#7864,#847);
#647=LINE('',#7869,#848);
#648=LINE('',#7871,#849);
#649=LINE('',#7877,#850);
#650=LINE('',#7880,#851);
#651=LINE('',#7883,#852);
#652=LINE('',#7885,#853);
#653=LINE('',#7886,#854);
#654=LINE('',#7888,#855);
#655=LINE('',#7889,#856);
#656=LINE('',#7891,#857);
#657=LINE('',#7896,#858);
#658=LINE('',#7898,#859);
#659=LINE('',#7904,#860);
#660=LINE('',#7907,#861);
#661=LINE('',#7910,#862);
#662=LINE('',#7912,#863);
#663=LINE('',#7913,#864);
#664=LINE('',#7915,#865);
#665=LINE('',#7916,#866);
#666=LINE('',#7918,#867);
#667=LINE('',#7923,#868);
#668=LINE('',#7925,#869);
#669=LINE('',#7931,#870);
#670=LINE('',#7934,#871);
#671=LINE('',#7937,#872);
#672=LINE('',#7939,#873);
#673=LINE('',#7940,#874);
#674=LINE('',#7942,#875);
#675=LINE('',#7943,#876);
#676=LINE('',#7945,#877);
#677=LINE('',#7950,#878);
#678=LINE('',#7952,#879);
#679=LINE('',#7958,#880);
#680=LINE('',#7961,#881);
#681=LINE('',#7964,#882);
#682=LINE('',#7966,#883);
#683=LINE('',#7967,#884);
#684=LINE('',#7969,#885);
#685=LINE('',#7970,#886);
#686=LINE('',#7972,#887);
#687=LINE('',#7977,#888);
#688=LINE('',#7979,#889);
#689=LINE('',#7985,#890);
#690=LINE('',#7988,#891);
#691=LINE('',#7991,#892);
#692=LINE('',#7993,#893);
#693=LINE('',#7994,#894);
#694=LINE('',#7996,#895);
#695=LINE('',#7997,#896);
#696=LINE('',#7999,#897);
#697=LINE('',#8004,#898);
#698=LINE('',#8006,#899);
#699=LINE('',#8012,#900);
#700=LINE('',#8015,#901);
#701=LINE('',#8018,#902);
#702=LINE('',#8020,#903);
#703=LINE('',#8021,#904);
#704=LINE('',#8023,#905);
#705=LINE('',#8024,#906);
#706=LINE('',#8026,#907);
#707=LINE('',#8031,#908);
#708=LINE('',#8033,#909);
#709=LINE('',#8039,#910);
#710=LINE('',#8042,#911);
#711=LINE('',#8045,#912);
#712=LINE('',#8047,#913);
#713=LINE('',#8048,#914);
#714=LINE('',#8050,#915);
#715=LINE('',#8051,#916);
#716=LINE('',#8053,#917);
#717=LINE('',#8058,#918);
#718=LINE('',#8060,#919);
#719=LINE('',#8062,#920);
#720=LINE('',#8063,#921);
#721=LINE('',#8066,#922);
#722=LINE('',#8067,#923);
#723=LINE('',#8070,#924);
#724=LINE('',#8071,#925);
#725=LINE('',#8074,#926);
#726=LINE('',#8075,#927);
#727=LINE('',#8078,#928);
#728=LINE('',#8079,#929);
#729=LINE('',#8082,#930);
#730=LINE('',#8083,#931);
#731=LINE('',#8086,#932);
#732=LINE('',#8087,#933);
#733=LINE('',#8090,#934);
#734=LINE('',#8091,#935);
#735=LINE('',#8094,#936);
#736=LINE('',#8095,#937);
#737=LINE('',#8111,#938);
#738=LINE('',#8114,#939);
#739=LINE('',#8117,#940);
#740=LINE('',#8119,#941);
#741=LINE('',#8120,#942);
#742=LINE('',#8122,#943);
#743=LINE('',#8123,#944);
#744=LINE('',#8125,#945);
#745=LINE('',#8130,#946);
#746=LINE('',#8132,#947);
#747=LINE('',#8134,#948);
#748=LINE('',#8135,#949);
#749=LINE('',#8141,#950);
#750=LINE('',#8144,#951);
#751=LINE('',#8145,#952);
#752=LINE('',#8148,#953);
#753=LINE('',#8149,#954);
#754=LINE('',#8152,#955);
#755=LINE('',#8154,#956);
#756=LINE('',#8155,#957);
#757=LINE('',#8158,#958);
#758=LINE('',#8159,#959);
#759=LINE('',#8162,#960);
#760=LINE('',#8163,#961);
#761=LINE('',#8166,#962);
#762=LINE('',#8167,#963);
#763=LINE('',#8170,#964);
#764=LINE('',#8171,#965);
#765=LINE('',#8173,#966);
#766=VECTOR('',#2688,4.);
#767=VECTOR('',#2693,4.);
#768=VECTOR('',#2696,4.);
#769=VECTOR('',#2699,4.);
#770=VECTOR('',#2702,4.);
#771=VECTOR('',#2705,4.);
#772=VECTOR('',#2708,4.);
#773=VECTOR('',#2711,4.);
#774=VECTOR('',#2714,4.);
#775=VECTOR('',#2717,4.);
#776=VECTOR('',#2726,10.);
#777=VECTOR('',#2729,10.);
#778=VECTOR('',#2730,10.);
#779=VECTOR('',#2731,10.);
#780=VECTOR('',#2732,10.);
#781=VECTOR('',#2733,10.);
#782=VECTOR('',#2736,10.);
#783=VECTOR('',#2739,10.);
#784=VECTOR('',#2742,10.);
#785=VECTOR('',#2743,10.);
#786=VECTOR('',#2744,10.);
#787=VECTOR('',#2745,10.);
#788=VECTOR('',#2750,10.);
#789=VECTOR('',#2755,10.);
#790=VECTOR('',#2756,10.);
#791=VECTOR('',#2757,10.);
#792=VECTOR('',#2762,10.);
#793=VECTOR('',#2767,10.);
#794=VECTOR('',#2768,10.);
#795=VECTOR('',#2769,10.);
#796=VECTOR('',#2774,10.);
#797=VECTOR('',#2779,10.);
#798=VECTOR('',#2780,10.);
#799=VECTOR('',#2781,10.);
#800=VECTOR('',#2786,10.);
#801=VECTOR('',#2791,10.);
#802=VECTOR('',#2792,10.);
#803=VECTOR('',#2793,10.);
#804=VECTOR('',#2798,10.);
#805=VECTOR('',#2803,10.);
#806=VECTOR('',#2804,10.);
#807=VECTOR('',#2805,10.);
#808=VECTOR('',#2822,3.292);
#809=VECTOR('',#2847,10.);
#810=VECTOR('',#2850,10.);
#811=VECTOR('',#2853,10.);
#812=VECTOR('',#2856,10.);
#813=VECTOR('',#2859,10.);
#814=VECTOR('',#2862,10.);
#815=VECTOR('',#2865,10.);
#816=VECTOR('',#2868,10.);
#817=VECTOR('',#2871,10.);
#818=VECTOR('',#2874,10.);
#819=VECTOR('',#2877,10.);
#820=VECTOR('',#2880,10.);
#821=VECTOR('',#2883,10.);
#822=VECTOR('',#2886,10.);
#823=VECTOR('',#2889,10.);
#824=VECTOR('',#2892,10.);
#825=VECTOR('',#2895,10.);
#826=VECTOR('',#2898,2.842);
#827=VECTOR('',#2901,10.);
#828=VECTOR('',#2904,10.);
#829=VECTOR('',#2907,10.);
#830=VECTOR('',#2914,10.);
#831=VECTOR('',#2917,10.);
#832=VECTOR('',#2920,10.);
#833=VECTOR('',#2921,10.);
#834=VECTOR('',#2922,10.);
#835=VECTOR('',#2925,10.);
#836=VECTOR('',#2926,10.);
#837=VECTOR('',#2927,10.);
#838=VECTOR('',#2934,10.);
#839=VECTOR('',#2937,10.);
#840=VECTOR('',#2942,10.);
#841=VECTOR('',#2945,10.);
#842=VECTOR('',#2948,10.);
#843=VECTOR('',#2949,10.);
#844=VECTOR('',#2950,10.);
#845=VECTOR('',#2953,10.);
#846=VECTOR('',#2954,10.);
#847=VECTOR('',#2955,10.);
#848=VECTOR('',#2962,10.);
#849=VECTOR('',#2965,10.);
#850=VECTOR('',#2970,10.);
#851=VECTOR('',#2973,10.);
#852=VECTOR('',#2976,10.);
#853=VECTOR('',#2977,10.);
#854=VECTOR('',#2978,10.);
#855=VECTOR('',#2981,10.);
#856=VECTOR('',#2982,10.);
#857=VECTOR('',#2983,10.);
#858=VECTOR('',#2990,10.);
#859=VECTOR('',#2993,10.);
#860=VECTOR('',#2998,10.);
#861=VECTOR('',#3001,10.);
#862=VECTOR('',#3004,10.);
#863=VECTOR('',#3005,10.);
#864=VECTOR('',#3006,10.);
#865=VECTOR('',#3009,10.);
#866=VECTOR('',#3010,10.);
#867=VECTOR('',#3011,10.);
#868=VECTOR('',#3018,10.);
#869=VECTOR('',#3021,10.);
#870=VECTOR('',#3026,10.);
#871=VECTOR('',#3029,10.);
#872=VECTOR('',#3032,10.);
#873=VECTOR('',#3033,10.);
#874=VECTOR('',#3034,10.);
#875=VECTOR('',#3037,10.);
#876=VECTOR('',#3038,10.);
#877=VECTOR('',#3039,10.);
#878=VECTOR('',#3046,10.);
#879=VECTOR('',#3049,10.);
#880=VECTOR('',#3054,10.);
#881=VECTOR('',#3057,10.);
#882=VECTOR('',#3060,10.);
#883=VECTOR('',#3061,10.);
#884=VECTOR('',#3062,10.);
#885=VECTOR('',#3065,10.);
#886=VECTOR('',#3066,10.);
#887=VECTOR('',#3067,10.);
#888=VECTOR('',#3074,10.);
#889=VECTOR('',#3077,10.);
#890=VECTOR('',#3082,10.);
#891=VECTOR('',#3085,10.);
#892=VECTOR('',#3088,10.);
#893=VECTOR('',#3089,10.);
#894=VECTOR('',#3090,10.);
#895=VECTOR('',#3093,10.);
#896=VECTOR('',#3094,10.);
#897=VECTOR('',#3095,10.);
#898=VECTOR('',#3102,10.);
#899=VECTOR('',#3105,10.);
#900=VECTOR('',#3110,10.);
#901=VECTOR('',#3113,10.);
#902=VECTOR('',#3116,10.);
#903=VECTOR('',#3117,10.);
#904=VECTOR('',#3118,10.);
#905=VECTOR('',#3121,10.);
#906=VECTOR('',#3122,10.);
#907=VECTOR('',#3123,10.);
#908=VECTOR('',#3130,10.);
#909=VECTOR('',#3133,10.);
#910=VECTOR('',#3138,10.);
#911=VECTOR('',#3141,10.);
#912=VECTOR('',#3144,10.);
#913=VECTOR('',#3145,10.);
#914=VECTOR('',#3146,10.);
#915=VECTOR('',#3149,10.);
#916=VECTOR('',#3150,10.);
#917=VECTOR('',#3151,10.);
#918=VECTOR('',#3158,10.);
#919=VECTOR('',#3161,10.);
#920=VECTOR('',#3164,10.);
#921=VECTOR('',#3165,10.);
#922=VECTOR('',#3170,10.);
#923=VECTOR('',#3171,10.);
#924=VECTOR('',#3176,10.);
#925=VECTOR('',#3177,10.);
#926=VECTOR('',#3182,10.);
#927=VECTOR('',#3183,10.);
#928=VECTOR('',#3188,10.);
#929=VECTOR('',#3189,10.);
#930=VECTOR('',#3194,10.);
#931=VECTOR('',#3195,10.);
#932=VECTOR('',#3200,10.);
#933=VECTOR('',#3201,10.);
#934=VECTOR('',#3206,10.);
#935=VECTOR('',#3207,10.);
#936=VECTOR('',#3212,10.);
#937=VECTOR('',#3213,10.);
#938=VECTOR('',#3238,10.);
#939=VECTOR('',#3241,10.);
#940=VECTOR('',#3244,10.);
#941=VECTOR('',#3245,10.);
#942=VECTOR('',#3246,10.);
#943=VECTOR('',#3249,10.);
#944=VECTOR('',#3250,10.);
#945=VECTOR('',#3251,10.);
#946=VECTOR('',#3258,10.);
#947=VECTOR('',#3261,10.);
#948=VECTOR('',#3264,10.);
#949=VECTOR('',#3265,10.);
#950=VECTOR('',#3274,2.243);
#951=VECTOR('',#3277,10.);
#952=VECTOR('',#3278,10.);
#953=VECTOR('',#3281,10.);
#954=VECTOR('',#3282,10.);
#955=VECTOR('',#3285,10.);
#956=VECTOR('',#3286,10.);
#957=VECTOR('',#3287,10.);
#958=VECTOR('',#3290,10.);
#959=VECTOR('',#3291,10.);
#960=VECTOR('',#3294,10.);
#961=VECTOR('',#3295,10.);
#962=VECTOR('',#3298,10.);
#963=VECTOR('',#3299,10.);
#964=VECTOR('',#3302,10.);
#965=VECTOR('',#3303,10.);
#966=VECTOR('',#3306,10.);
#967=VERTEX_POINT('',#3313);
#968=VERTEX_POINT('',#3314);
#969=VERTEX_POINT('',#3316);
#970=VERTEX_POINT('',#3324);
#971=VERTEX_POINT('',#3331);
#972=VERTEX_POINT('',#3332);
#973=VERTEX_POINT('',#3367);
#974=VERTEX_POINT('',#3368);
#975=VERTEX_POINT('',#3397);
#976=VERTEX_POINT('',#3398);
#977=VERTEX_POINT('',#3427);
#978=VERTEX_POINT('',#3428);
#979=VERTEX_POINT('',#3457);
#980=VERTEX_POINT('',#3458);
#981=VERTEX_POINT('',#3487);
#982=VERTEX_POINT('',#3488);
#983=VERTEX_POINT('',#3517);
#984=VERTEX_POINT('',#3518);
#985=VERTEX_POINT('',#3547);
#986=VERTEX_POINT('',#3548);
#987=VERTEX_POINT('',#3577);
#988=VERTEX_POINT('',#3578);
#989=VERTEX_POINT('',#3580);
#990=VERTEX_POINT('',#3988);
#991=VERTEX_POINT('',#3989);
#992=VERTEX_POINT('',#4003);
#993=VERTEX_POINT('',#4750);
#994=VERTEX_POINT('',#4773);
#995=VERTEX_POINT('',#4782);
#996=VERTEX_POINT('',#4787);
#997=VERTEX_POINT('',#4796);
#998=VERTEX_POINT('',#4816);
#999=VERTEX_POINT('',#4830);
#1000=VERTEX_POINT('',#4859);
#1001=VERTEX_POINT('',#4873);
#1002=VERTEX_POINT('',#5382);
#1003=VERTEX_POINT('',#5383);
#1004=VERTEX_POINT('',#5385);
#1005=VERTEX_POINT('',#5387);
#1006=VERTEX_POINT('',#5535);
#1007=VERTEX_POINT('',#5536);
#1008=VERTEX_POINT('',#5545);
#1009=VERTEX_POINT('',#5574);
#1010=VERTEX_POINT('',#5798);
#1011=VERTEX_POINT('',#5809);
#1012=VERTEX_POINT('',#5823);
#1013=VERTEX_POINT('',#5832);
#1014=VERTEX_POINT('',#6018);
#1015=VERTEX_POINT('',#6019);
#1016=VERTEX_POINT('',#6028);
#1017=VERTEX_POINT('',#6058);
#1018=VERTEX_POINT('',#6295);
#1019=VERTEX_POINT('',#6306);
#1020=VERTEX_POINT('',#6468);
#1021=VERTEX_POINT('',#6469);
#1022=VERTEX_POINT('',#6480);
#1023=VERTEX_POINT('',#6509);
#1024=VERTEX_POINT('',#6743);
#1025=VERTEX_POINT('',#6754);
#1026=VERTEX_POINT('',#6916);
#1027=VERTEX_POINT('',#6917);
#1028=VERTEX_POINT('',#6928);
#1029=VERTEX_POINT('',#6957);
#1030=VERTEX_POINT('',#7191);
#1031=VERTEX_POINT('',#7202);
#1032=VERTEX_POINT('',#7364);
#1033=VERTEX_POINT('',#7375);
#1034=VERTEX_POINT('',#7609);
#1035=VERTEX_POINT('',#7620);
#1036=VERTEX_POINT('',#7643);
#1037=VERTEX_POINT('',#7644);
#1038=VERTEX_POINT('',#7646);
#1039=VERTEX_POINT('',#7648);
#1040=VERTEX_POINT('',#7652);
#1041=VERTEX_POINT('',#7654);
#1042=VERTEX_POINT('',#7658);
#1043=VERTEX_POINT('',#7660);
#1044=VERTEX_POINT('',#7664);
#1045=VERTEX_POINT('',#7666);
#1046=VERTEX_POINT('',#7670);
#1047=VERTEX_POINT('',#7672);
#1048=VERTEX_POINT('',#7676);
#1049=VERTEX_POINT('',#7678);
#1050=VERTEX_POINT('',#7682);
#1051=VERTEX_POINT('',#7684);
#1052=VERTEX_POINT('',#7688);
#1053=VERTEX_POINT('',#7690);
#1054=VERTEX_POINT('',#7694);
#1055=VERTEX_POINT('',#7696);
#1056=VERTEX_POINT('',#7700);
#1057=VERTEX_POINT('',#7702);
#1058=VERTEX_POINT('',#7706);
#1059=VERTEX_POINT('',#7708);
#1060=VERTEX_POINT('',#7715);
#1061=VERTEX_POINT('',#7719);
#1062=VERTEX_POINT('',#7721);
#1063=VERTEX_POINT('',#7735);
#1064=VERTEX_POINT('',#7736);
#1065=VERTEX_POINT('',#7738);
#1066=VERTEX_POINT('',#7740);
#1067=VERTEX_POINT('',#7742);
#1068=VERTEX_POINT('',#7744);
#1069=VERTEX_POINT('',#7746);
#1070=VERTEX_POINT('',#7748);
#1071=VERTEX_POINT('',#7750);
#1072=VERTEX_POINT('',#7752);
#1073=VERTEX_POINT('',#7754);
#1074=VERTEX_POINT('',#7756);
#1075=VERTEX_POINT('',#7758);
#1076=VERTEX_POINT('',#7760);
#1077=VERTEX_POINT('',#7762);
#1078=VERTEX_POINT('',#7764);
#1079=VERTEX_POINT('',#7766);
#1080=VERTEX_POINT('',#7768);
#1081=VERTEX_POINT('',#7770);
#1082=VERTEX_POINT('',#7772);
#1083=VERTEX_POINT('',#7774);
#1084=VERTEX_POINT('',#7776);
#1085=VERTEX_POINT('',#7778);
#1086=VERTEX_POINT('',#7780);
#1087=VERTEX_POINT('',#7782);
#1088=VERTEX_POINT('',#7784);
#1089=VERTEX_POINT('',#7786);
#1090=VERTEX_POINT('',#7788);
#1091=VERTEX_POINT('',#7790);
#1092=VERTEX_POINT('',#7792);
#1093=VERTEX_POINT('',#7794);
#1094=VERTEX_POINT('',#7796);
#1095=VERTEX_POINT('',#7798);
#1096=VERTEX_POINT('',#7800);
#1097=VERTEX_POINT('',#7802);
#1098=VERTEX_POINT('',#7805);
#1099=VERTEX_POINT('',#7807);
#1100=VERTEX_POINT('',#7809);
#1101=VERTEX_POINT('',#7811);
#1102=VERTEX_POINT('',#7813);
#1103=VERTEX_POINT('',#7815);
#1104=VERTEX_POINT('',#7819);
#1105=VERTEX_POINT('',#7820);
#1106=VERTEX_POINT('',#7822);
#1107=VERTEX_POINT('',#7824);
#1108=VERTEX_POINT('',#7828);
#1109=VERTEX_POINT('',#7830);
#1110=VERTEX_POINT('',#7836);
#1111=VERTEX_POINT('',#7840);
#1112=VERTEX_POINT('',#7846);
#1113=VERTEX_POINT('',#7847);
#1114=VERTEX_POINT('',#7849);
#1115=VERTEX_POINT('',#7851);
#1116=VERTEX_POINT('',#7855);
#1117=VERTEX_POINT('',#7857);
#1118=VERTEX_POINT('',#7863);
#1119=VERTEX_POINT('',#7867);
#1120=VERTEX_POINT('',#7873);
#1121=VERTEX_POINT('',#7874);
#1122=VERTEX_POINT('',#7876);
#1123=VERTEX_POINT('',#7878);
#1124=VERTEX_POINT('',#7882);
#1125=VERTEX_POINT('',#7884);
#1126=VERTEX_POINT('',#7890);
#1127=VERTEX_POINT('',#7894);
#1128=VERTEX_POINT('',#7900);
#1129=VERTEX_POINT('',#7901);
#1130=VERTEX_POINT('',#7903);
#1131=VERTEX_POINT('',#7905);
#1132=VERTEX_POINT('',#7909);
#1133=VERTEX_POINT('',#7911);
#1134=VERTEX_POINT('',#7917);
#1135=VERTEX_POINT('',#7921);
#1136=VERTEX_POINT('',#7927);
#1137=VERTEX_POINT('',#7928);
#1138=VERTEX_POINT('',#7930);
#1139=VERTEX_POINT('',#7932);
#1140=VERTEX_POINT('',#7936);
#1141=VERTEX_POINT('',#7938);
#1142=VERTEX_POINT('',#7944);
#1143=VERTEX_POINT('',#7948);
#1144=VERTEX_POINT('',#7954);
#1145=VERTEX_POINT('',#7955);
#1146=VERTEX_POINT('',#7957);
#1147=VERTEX_POINT('',#7959);
#1148=VERTEX_POINT('',#7963);
#1149=VERTEX_POINT('',#7965);
#1150=VERTEX_POINT('',#7971);
#1151=VERTEX_POINT('',#7975);
#1152=VERTEX_POINT('',#7981);
#1153=VERTEX_POINT('',#7982);
#1154=VERTEX_POINT('',#7984);
#1155=VERTEX_POINT('',#7986);
#1156=VERTEX_POINT('',#7990);
#1157=VERTEX_POINT('',#7992);
#1158=VERTEX_POINT('',#7998);
#1159=VERTEX_POINT('',#8002);
#1160=VERTEX_POINT('',#8008);
#1161=VERTEX_POINT('',#8009);
#1162=VERTEX_POINT('',#8011);
#1163=VERTEX_POINT('',#8013);
#1164=VERTEX_POINT('',#8017);
#1165=VERTEX_POINT('',#8019);
#1166=VERTEX_POINT('',#8025);
#1167=VERTEX_POINT('',#8029);
#1168=VERTEX_POINT('',#8035);
#1169=VERTEX_POINT('',#8036);
#1170=VERTEX_POINT('',#8038);
#1171=VERTEX_POINT('',#8040);
#1172=VERTEX_POINT('',#8044);
#1173=VERTEX_POINT('',#8046);
#1174=VERTEX_POINT('',#8052);
#1175=VERTEX_POINT('',#8056);
#1176=VERTEX_POINT('',#8107);
#1177=VERTEX_POINT('',#8108);
#1178=VERTEX_POINT('',#8110);
#1179=VERTEX_POINT('',#8112);
#1180=VERTEX_POINT('',#8116);
#1181=VERTEX_POINT('',#8118);
#1182=VERTEX_POINT('',#8124);
#1183=VERTEX_POINT('',#8128);
#1184=VERTEX_POINT('',#8139);
#1185=VERTEX_POINT('',#8143);
#1186=VERTEX_POINT('',#8147);
#1187=VERTEX_POINT('',#8151);
#1188=VERTEX_POINT('',#8153);
#1189=VERTEX_POINT('',#8157);
#1190=VERTEX_POINT('',#8161);
#1191=VERTEX_POINT('',#8165);
#1192=VERTEX_POINT('',#8169);
#1193=EDGE_CURVE('',#967,#968,#565,.T.);
#1194=EDGE_CURVE('',#967,#969,#489,.T.);
#1195=EDGE_CURVE('',#969,#970,#444,.T.);
#1196=EDGE_CURVE('',#970,#968,#490,.T.);
#1197=EDGE_CURVE('',#971,#972,#566,.T.);
#1198=EDGE_CURVE('',#971,#967,#491,.T.);
#1199=EDGE_CURVE('',#968,#972,#492,.T.);
#1200=EDGE_CURVE('',#973,#974,#567,.T.);
#1201=EDGE_CURVE('',#973,#971,#493,.T.);
#1202=EDGE_CURVE('',#972,#974,#494,.T.);
#1203=EDGE_CURVE('',#975,#976,#568,.T.);
#1204=EDGE_CURVE('',#975,#973,#495,.T.);
#1205=EDGE_CURVE('',#974,#976,#496,.T.);
#1206=EDGE_CURVE('',#977,#978,#569,.T.);
#1207=EDGE_CURVE('',#977,#975,#497,.T.);
#1208=EDGE_CURVE('',#976,#978,#498,.T.);
#1209=EDGE_CURVE('',#979,#980,#570,.T.);
#1210=EDGE_CURVE('',#979,#977,#499,.T.);
#1211=EDGE_CURVE('',#978,#980,#500,.T.);
#1212=EDGE_CURVE('',#981,#982,#571,.T.);
#1213=EDGE_CURVE('',#981,#979,#501,.T.);
#1214=EDGE_CURVE('',#980,#982,#502,.T.);
#1215=EDGE_CURVE('',#983,#984,#572,.T.);
#1216=EDGE_CURVE('',#983,#981,#503,.T.);
#1217=EDGE_CURVE('',#982,#984,#504,.T.);
#1218=EDGE_CURVE('',#985,#986,#573,.T.);
#1219=EDGE_CURVE('',#985,#983,#505,.T.);
#1220=EDGE_CURVE('',#984,#986,#506,.T.);
#1221=EDGE_CURVE('',#987,#988,#574,.T.);
#1222=EDGE_CURVE('',#989,#987,#445,.T.);
#1223=EDGE_CURVE('',#989,#985,#507,.T.);
#1224=EDGE_CURVE('',#986,#988,#508,.T.);
#1225=EDGE_CURVE('',#990,#991,#509,.T.);
#1226=EDGE_CURVE('',#988,#990,#510,.T.);
#1227=EDGE_CURVE('',#992,#970,#511,.T.);
#1228=EDGE_CURVE('',#991,#992,#512,.T.);
#1229=EDGE_CURVE('',#991,#993,#513,.T.);
#1230=EDGE_CURVE('',#992,#994,#514,.T.);
#1231=EDGE_CURVE('',#995,#994,#515,.T.);
#1232=EDGE_CURVE('',#995,#996,#516,.T.);
#1233=EDGE_CURVE('',#997,#996,#517,.T.);
#1234=EDGE_CURVE('',#998,#997,#518,.T.);
#1235=EDGE_CURVE('',#998,#999,#519,.T.);
#1236=EDGE_CURVE('',#1000,#999,#520,.T.);
#1237=EDGE_CURVE('',#1000,#1001,#521,.T.);
#1238=EDGE_CURVE('',#1001,#993,#522,.T.);
#1239=EDGE_CURVE('',#993,#989,#523,.T.);
#1240=EDGE_CURVE('',#969,#1001,#524,.T.);
#1241=EDGE_CURVE('',#987,#990,#446,.T.);
#1242=EDGE_CURVE('',#999,#1000,#575,.T.);
#1243=EDGE_CURVE('',#1002,#1003,#576,.T.);
#1244=EDGE_CURVE('',#1004,#1002,#577,.T.);
#1245=EDGE_CURVE('',#1005,#1004,#578,.T.);
#1246=EDGE_CURVE('',#1005,#994,#579,.T.);
#1247=EDGE_CURVE('',#1003,#1000,#580,.T.);
#1248=EDGE_CURVE('',#996,#998,#581,.T.);
#1249=EDGE_CURVE('',#994,#995,#582,.T.);
#1250=EDGE_CURVE('',#1006,#1007,#525,.T.);
#1251=EDGE_CURVE('',#1006,#1008,#526,.T.);
#1252=EDGE_CURVE('',#1008,#1009,#527,.F.);
#1253=EDGE_CURVE('',#1009,#1007,#528,.T.);
#1254=EDGE_CURVE('',#1009,#1010,#529,.T.);
#1255=EDGE_CURVE('',#1010,#1011,#530,.T.);
#1256=EDGE_CURVE('',#1011,#1012,#531,.T.);
#1257=EDGE_CURVE('',#1013,#1012,#532,.T.);
#1258=EDGE_CURVE('',#1013,#1007,#533,.T.);
#1259=EDGE_CURVE('',#1014,#1015,#534,.T.);
#1260=EDGE_CURVE('',#1014,#1016,#535,.T.);
#1261=EDGE_CURVE('',#1016,#1017,#536,.F.);
#1262=EDGE_CURVE('',#1017,#1015,#537,.T.);
#1263=EDGE_CURVE('',#1006,#1015,#538,.T.);
#1264=EDGE_CURVE('',#1017,#1018,#539,.T.);
#1265=EDGE_CURVE('',#1018,#1019,#540,.T.);
#1266=EDGE_CURVE('',#1019,#1008,#541,.T.);
#1267=EDGE_CURVE('',#1020,#1021,#542,.F.);
#1268=EDGE_CURVE('',#1021,#1022,#543,.T.);
#1269=EDGE_CURVE('',#1022,#1023,#544,.F.);
#1270=EDGE_CURVE('',#1023,#1020,#545,.T.);
#1271=EDGE_CURVE('',#1014,#1022,#546,.T.);
#1272=EDGE_CURVE('',#1021,#1024,#547,.T.);
#1273=EDGE_CURVE('',#1024,#1025,#548,.T.);
#1274=EDGE_CURVE('',#1025,#1016,#549,.T.);
#1275=EDGE_CURVE('',#1026,#1027,#550,.F.);
#1276=EDGE_CURVE('',#1027,#1028,#551,.T.);
#1277=EDGE_CURVE('',#1028,#1029,#552,.F.);
#1278=EDGE_CURVE('',#1029,#1026,#553,.T.);
#1279=EDGE_CURVE('',#1023,#1028,#554,.T.);
#1280=EDGE_CURVE('',#1027,#1030,#555,.T.);
#1281=EDGE_CURVE('',#1030,#1031,#556,.T.);
#1282=EDGE_CURVE('',#1031,#1020,#557,.T.);
#1283=EDGE_CURVE('',#1012,#1032,#558,.F.);
#1284=EDGE_CURVE('',#1032,#1033,#559,.T.);
#1285=EDGE_CURVE('',#1033,#1013,#560,.F.);
#1286=EDGE_CURVE('',#1029,#1033,#561,.T.);
#1287=EDGE_CURVE('',#1032,#1034,#562,.T.);
#1288=EDGE_CURVE('',#1034,#1035,#563,.T.);
#1289=EDGE_CURVE('',#1035,#1026,#564,.T.);
#1290=EDGE_CURVE('',#1036,#1037,#583,.T.);
#1291=EDGE_CURVE('',#1036,#1038,#584,.T.);
#1292=EDGE_CURVE('',#1039,#1038,#585,.T.);
#1293=EDGE_CURVE('',#1037,#1039,#586,.T.);
#1294=EDGE_CURVE('',#1040,#1036,#447,.T.);
#1295=EDGE_CURVE('',#1040,#1041,#587,.T.);
#1296=EDGE_CURVE('',#1038,#1041,#448,.T.);
#1297=EDGE_CURVE('',#1042,#1040,#588,.T.);
#1298=EDGE_CURVE('',#1042,#1043,#589,.T.);
#1299=EDGE_CURVE('',#1041,#1043,#590,.T.);
#1300=EDGE_CURVE('',#1044,#1042,#449,.T.);
#1301=EDGE_CURVE('',#1044,#1045,#591,.T.);
#1302=EDGE_CURVE('',#1043,#1045,#450,.T.);
#1303=EDGE_CURVE('',#1046,#1044,#592,.T.);
#1304=EDGE_CURVE('',#1046,#1047,#593,.T.);
#1305=EDGE_CURVE('',#1045,#1047,#594,.T.);
#1306=EDGE_CURVE('',#1048,#1046,#451,.T.);
#1307=EDGE_CURVE('',#1048,#1049,#595,.T.);
#1308=EDGE_CURVE('',#1047,#1049,#452,.T.);
#1309=EDGE_CURVE('',#1050,#1048,#596,.T.);
#1310=EDGE_CURVE('',#1050,#1051,#597,.T.);
#1311=EDGE_CURVE('',#1051,#1049,#598,.T.);
#1312=EDGE_CURVE('',#1052,#1050,#453,.T.);
#1313=EDGE_CURVE('',#1052,#1053,#599,.T.);
#1314=EDGE_CURVE('',#1051,#1053,#454,.T.);
#1315=EDGE_CURVE('',#1054,#1052,#600,.T.);
#1316=EDGE_CURVE('',#1054,#1055,#601,.T.);
#1317=EDGE_CURVE('',#1053,#1055,#602,.T.);
#1318=EDGE_CURVE('',#1056,#1054,#455,.T.);
#1319=EDGE_CURVE('',#1056,#1057,#603,.T.);
#1320=EDGE_CURVE('',#1055,#1057,#456,.T.);
#1321=EDGE_CURVE('',#1058,#1056,#604,.T.);
#1322=EDGE_CURVE('',#1058,#1059,#605,.T.);
#1323=EDGE_CURVE('',#1057,#1059,#606,.T.);
#1324=EDGE_CURVE('',#1037,#1058,#457,.T.);
#1325=EDGE_CURVE('',#1059,#1039,#458,.T.);
#1326=EDGE_CURVE('',#1060,#1060,#459,.T.);
#1327=EDGE_CURVE('',#1025,#1061,#460,.T.);
#1328=EDGE_CURVE('',#1061,#1062,#607,.T.);
#1329=EDGE_CURVE('',#1062,#1062,#461,.T.);
#1330=EDGE_CURVE('',#1061,#1024,#462,.T.);
#1331=EDGE_CURVE('',#1031,#1030,#463,.T.);
#1332=EDGE_CURVE('',#1035,#1034,#464,.T.);
#1333=EDGE_CURVE('',#1011,#1010,#465,.T.);
#1334=EDGE_CURVE('',#1019,#1018,#466,.T.);
#1335=EDGE_CURVE('',#1063,#1064,#608,.T.);
#1336=EDGE_CURVE('',#1065,#1064,#467,.T.);
#1337=EDGE_CURVE('',#1065,#1066,#609,.T.);
#1338=EDGE_CURVE('',#1066,#1067,#468,.T.);
#1339=EDGE_CURVE('',#1067,#1068,#610,.T.);
#1340=EDGE_CURVE('',#1069,#1068,#469,.T.);
#1341=EDGE_CURVE('',#1069,#1070,#611,.T.);
#1342=EDGE_CURVE('',#1070,#1071,#470,.T.);
#1343=EDGE_CURVE('',#1071,#1072,#612,.T.);
#1344=EDGE_CURVE('',#1073,#1072,#471,.T.);
#1345=EDGE_CURVE('',#1073,#1074,#613,.T.);
#1346=EDGE_CURVE('',#1074,#1075,#472,.T.);
#1347=EDGE_CURVE('',#1075,#1076,#614,.T.);
#1348=EDGE_CURVE('',#1077,#1076,#473,.T.);
#1349=EDGE_CURVE('',#1077,#1078,#615,.T.);
#1350=EDGE_CURVE('',#1078,#1079,#474,.T.);
#1351=EDGE_CURVE('',#1079,#1080,#616,.T.);
#1352=EDGE_CURVE('',#1081,#1080,#475,.T.);
#1353=EDGE_CURVE('',#1081,#1082,#617,.T.);
#1354=EDGE_CURVE('',#1082,#1083,#476,.T.);
#1355=EDGE_CURVE('',#1083,#1084,#618,.T.);
#1356=EDGE_CURVE('',#1085,#1084,#477,.T.);
#1357=EDGE_CURVE('',#1085,#1086,#619,.T.);
#1358=EDGE_CURVE('',#1086,#1087,#478,.T.);
#1359=EDGE_CURVE('',#1087,#1088,#620,.T.);
#1360=EDGE_CURVE('',#1089,#1088,#479,.T.);
#1361=EDGE_CURVE('',#1089,#1090,#621,.T.);
#1362=EDGE_CURVE('',#1090,#1091,#480,.T.);
#1363=EDGE_CURVE('',#1091,#1092,#622,.T.);
#1364=EDGE_CURVE('',#1093,#1092,#481,.T.);
#1365=EDGE_CURVE('',#1093,#1094,#623,.T.);
#1366=EDGE_CURVE('',#1094,#1095,#482,.T.);
#1367=EDGE_CURVE('',#1095,#1096,#624,.T.);
#1368=EDGE_CURVE('',#1097,#1096,#483,.T.);
#1369=EDGE_CURVE('',#1097,#1062,#625,.T.);
#1370=EDGE_CURVE('',#1098,#1097,#484,.T.);
#1371=EDGE_CURVE('',#1098,#1099,#626,.T.);
#1372=EDGE_CURVE('',#1099,#1100,#485,.T.);
#1373=EDGE_CURVE('',#1100,#1101,#627,.T.);
#1374=EDGE_CURVE('',#1102,#1101,#486,.T.);
#1375=EDGE_CURVE('',#1102,#1103,#628,.T.);
#1376=EDGE_CURVE('',#1103,#1063,#487,.T.);
#1377=EDGE_CURVE('',#1104,#1105,#15,.T.);
#1378=EDGE_CURVE('',#1105,#1106,#629,.T.);
#1379=EDGE_CURVE('',#1106,#1107,#16,.T.);
#1380=EDGE_CURVE('',#1107,#1104,#630,.T.);
#1381=EDGE_CURVE('',#1108,#1107,#631,.T.);
#1382=EDGE_CURVE('',#1109,#1108,#632,.T.);
#1383=EDGE_CURVE('',#1104,#1109,#633,.T.);
#1384=EDGE_CURVE('',#1106,#1102,#634,.T.);
#1385=EDGE_CURVE('',#1102,#1064,#635,.T.);
#1386=EDGE_CURVE('',#1064,#1110,#636,.T.);
#1387=EDGE_CURVE('',#1108,#1110,#17,.T.);
#1388=EDGE_CURVE('',#1111,#1109,#18,.T.);
#1389=EDGE_CURVE('',#1110,#1111,#637,.T.);
#1390=EDGE_CURVE('',#1111,#1063,#638,.T.);
#1391=EDGE_CURVE('',#1112,#1113,#19,.T.);
#1392=EDGE_CURVE('',#1113,#1114,#639,.T.);
#1393=EDGE_CURVE('',#1114,#1115,#20,.T.);
#1394=EDGE_CURVE('',#1115,#1112,#640,.T.);
#1395=EDGE_CURVE('',#1116,#1115,#641,.T.);
#1396=EDGE_CURVE('',#1117,#1116,#642,.T.);
#1397=EDGE_CURVE('',#1112,#1117,#643,.T.);
#1398=EDGE_CURVE('',#1114,#1098,#644,.T.);
#1399=EDGE_CURVE('',#1098,#1101,#645,.T.);
#1400=EDGE_CURVE('',#1101,#1118,#646,.T.);
#1401=EDGE_CURVE('',#1116,#1118,#21,.T.);
#1402=EDGE_CURVE('',#1119,#1117,#22,.T.);
#1403=EDGE_CURVE('',#1118,#1119,#647,.T.);
#1404=EDGE_CURVE('',#1119,#1100,#648,.T.);
#1405=EDGE_CURVE('',#1120,#1121,#23,.T.);
#1406=EDGE_CURVE('',#1121,#1122,#649,.T.);
#1407=EDGE_CURVE('',#1122,#1123,#24,.T.);
#1408=EDGE_CURVE('',#1123,#1120,#650,.T.);
#1409=EDGE_CURVE('',#1124,#1123,#651,.T.);
#1410=EDGE_CURVE('',#1125,#1124,#652,.T.);
#1411=EDGE_CURVE('',#1120,#1125,#653,.T.);
#1412=EDGE_CURVE('',#1122,#1093,#654,.T.);
#1413=EDGE_CURVE('',#1093,#1096,#655,.T.);
#1414=EDGE_CURVE('',#1096,#1126,#656,.T.);
#1415=EDGE_CURVE('',#1124,#1126,#25,.T.);
#1416=EDGE_CURVE('',#1127,#1125,#26,.T.);
#1417=EDGE_CURVE('',#1126,#1127,#657,.T.);
#1418=EDGE_CURVE('',#1127,#1095,#658,.T.);
#1419=EDGE_CURVE('',#1128,#1129,#27,.T.);
#1420=EDGE_CURVE('',#1129,#1130,#659,.T.);
#1421=EDGE_CURVE('',#1130,#1131,#28,.T.);
#1422=EDGE_CURVE('',#1131,#1128,#660,.T.);
#1423=EDGE_CURVE('',#1132,#1131,#661,.T.);
#1424=EDGE_CURVE('',#1133,#1132,#662,.T.);
#1425=EDGE_CURVE('',#1128,#1133,#663,.T.);
#1426=EDGE_CURVE('',#1130,#1089,#664,.T.);
#1427=EDGE_CURVE('',#1089,#1092,#665,.T.);
#1428=EDGE_CURVE('',#1092,#1134,#666,.T.);
#1429=EDGE_CURVE('',#1132,#1134,#29,.T.);
#1430=EDGE_CURVE('',#1135,#1133,#30,.T.);
#1431=EDGE_CURVE('',#1134,#1135,#667,.T.);
#1432=EDGE_CURVE('',#1135,#1091,#668,.T.);
#1433=EDGE_CURVE('',#1136,#1137,#31,.T.);
#1434=EDGE_CURVE('',#1137,#1138,#669,.T.);
#1435=EDGE_CURVE('',#1138,#1139,#32,.T.);
#1436=EDGE_CURVE('',#1139,#1136,#670,.T.);
#1437=EDGE_CURVE('',#1140,#1139,#671,.T.);
#1438=EDGE_CURVE('',#1141,#1140,#672,.T.);
#1439=EDGE_CURVE('',#1136,#1141,#673,.T.);
#1440=EDGE_CURVE('',#1138,#1085,#674,.T.);
#1441=EDGE_CURVE('',#1085,#1088,#675,.T.);
#1442=EDGE_CURVE('',#1088,#1142,#676,.T.);
#1443=EDGE_CURVE('',#1140,#1142,#33,.T.);
#1444=EDGE_CURVE('',#1143,#1141,#34,.T.);
#1445=EDGE_CURVE('',#1142,#1143,#677,.T.);
#1446=EDGE_CURVE('',#1143,#1087,#678,.T.);
#1447=EDGE_CURVE('',#1144,#1145,#35,.T.);
#1448=EDGE_CURVE('',#1145,#1146,#679,.T.);
#1449=EDGE_CURVE('',#1146,#1147,#36,.T.);
#1450=EDGE_CURVE('',#1147,#1144,#680,.T.);
#1451=EDGE_CURVE('',#1148,#1147,#681,.T.);
#1452=EDGE_CURVE('',#1149,#1148,#682,.T.);
#1453=EDGE_CURVE('',#1144,#1149,#683,.T.);
#1454=EDGE_CURVE('',#1146,#1081,#684,.T.);
#1455=EDGE_CURVE('',#1081,#1084,#685,.T.);
#1456=EDGE_CURVE('',#1084,#1150,#686,.T.);
#1457=EDGE_CURVE('',#1148,#1150,#37,.T.);
#1458=EDGE_CURVE('',#1151,#1149,#38,.T.);
#1459=EDGE_CURVE('',#1150,#1151,#687,.T.);
#1460=EDGE_CURVE('',#1151,#1083,#688,.T.);
#1461=EDGE_CURVE('',#1152,#1153,#39,.T.);
#1462=EDGE_CURVE('',#1153,#1154,#689,.T.);
#1463=EDGE_CURVE('',#1154,#1155,#40,.T.);
#1464=EDGE_CURVE('',#1155,#1152,#690,.T.);
#1465=EDGE_CURVE('',#1156,#1155,#691,.T.);
#1466=EDGE_CURVE('',#1157,#1156,#692,.T.);
#1467=EDGE_CURVE('',#1152,#1157,#693,.T.);
#1468=EDGE_CURVE('',#1154,#1077,#694,.T.);
#1469=EDGE_CURVE('',#1077,#1080,#695,.T.);
#1470=EDGE_CURVE('',#1080,#1158,#696,.T.);
#1471=EDGE_CURVE('',#1156,#1158,#41,.T.);
#1472=EDGE_CURVE('',#1159,#1157,#42,.T.);
#1473=EDGE_CURVE('',#1158,#1159,#697,.T.);
#1474=EDGE_CURVE('',#1159,#1079,#698,.T.);
#1475=EDGE_CURVE('',#1160,#1161,#43,.T.);
#1476=EDGE_CURVE('',#1161,#1162,#699,.T.);
#1477=EDGE_CURVE('',#1162,#1163,#44,.T.);
#1478=EDGE_CURVE('',#1163,#1160,#700,.T.);
#1479=EDGE_CURVE('',#1164,#1163,#701,.T.);
#1480=EDGE_CURVE('',#1165,#1164,#702,.T.);
#1481=EDGE_CURVE('',#1160,#1165,#703,.T.);
#1482=EDGE_CURVE('',#1162,#1073,#704,.T.);
#1483=EDGE_CURVE('',#1073,#1076,#705,.T.);
#1484=EDGE_CURVE('',#1076,#1166,#706,.T.);
#1485=EDGE_CURVE('',#1164,#1166,#45,.T.);
#1486=EDGE_CURVE('',#1167,#1165,#46,.T.);
#1487=EDGE_CURVE('',#1166,#1167,#707,.T.);
#1488=EDGE_CURVE('',#1167,#1075,#708,.T.);
#1489=EDGE_CURVE('',#1168,#1169,#47,.T.);
#1490=EDGE_CURVE('',#1169,#1170,#709,.T.);
#1491=EDGE_CURVE('',#1170,#1171,#48,.T.);
#1492=EDGE_CURVE('',#1171,#1168,#710,.T.);
#1493=EDGE_CURVE('',#1172,#1171,#711,.T.);
#1494=EDGE_CURVE('',#1173,#1172,#712,.T.);
#1495=EDGE_CURVE('',#1168,#1173,#713,.T.);
#1496=EDGE_CURVE('',#1170,#1069,#714,.T.);
#1497=EDGE_CURVE('',#1069,#1072,#715,.T.);
#1498=EDGE_CURVE('',#1072,#1174,#716,.T.);
#1499=EDGE_CURVE('',#1172,#1174,#49,.T.);
#1500=EDGE_CURVE('',#1175,#1173,#50,.T.);
#1501=EDGE_CURVE('',#1174,#1175,#717,.T.);
#1502=EDGE_CURVE('',#1175,#1071,#718,.T.);
#1503=EDGE_CURVE('',#1063,#1103,#719,.T.);
#1504=EDGE_CURVE('',#1103,#1105,#720,.T.);
#1505=EDGE_CURVE('',#1100,#1099,#721,.T.);
#1506=EDGE_CURVE('',#1099,#1113,#722,.T.);
#1507=EDGE_CURVE('',#1095,#1094,#723,.T.);
#1508=EDGE_CURVE('',#1094,#1121,#724,.T.);
#1509=EDGE_CURVE('',#1091,#1090,#725,.T.);
#1510=EDGE_CURVE('',#1090,#1129,#726,.T.);
#1511=EDGE_CURVE('',#1087,#1086,#727,.T.);
#1512=EDGE_CURVE('',#1086,#1137,#728,.T.);
#1513=EDGE_CURVE('',#1083,#1082,#729,.T.);
#1514=EDGE_CURVE('',#1082,#1145,#730,.T.);
#1515=EDGE_CURVE('',#1079,#1078,#731,.T.);
#1516=EDGE_CURVE('',#1078,#1153,#732,.T.);
#1517=EDGE_CURVE('',#1075,#1074,#733,.T.);
#1518=EDGE_CURVE('',#1074,#1161,#734,.T.);
#1519=EDGE_CURVE('',#1071,#1070,#735,.T.);
#1520=EDGE_CURVE('',#1070,#1169,#736,.T.);
#1521=EDGE_CURVE('',#1176,#1177,#51,.T.);
#1522=EDGE_CURVE('',#1177,#1178,#737,.T.);
#1523=EDGE_CURVE('',#1178,#1179,#52,.T.);
#1524=EDGE_CURVE('',#1179,#1176,#738,.T.);
#1525=EDGE_CURVE('',#1180,#1179,#739,.T.);
#1526=EDGE_CURVE('',#1181,#1180,#740,.T.);
#1527=EDGE_CURVE('',#1176,#1181,#741,.T.);
#1528=EDGE_CURVE('',#1178,#1065,#742,.T.);
#1529=EDGE_CURVE('',#1065,#1068,#743,.T.);
#1530=EDGE_CURVE('',#1068,#1182,#744,.T.);
#1531=EDGE_CURVE('',#1180,#1182,#53,.T.);
#1532=EDGE_CURVE('',#1183,#1181,#54,.T.);
#1533=EDGE_CURVE('',#1182,#1183,#745,.T.);
#1534=EDGE_CURVE('',#1183,#1067,#746,.T.);
#1535=EDGE_CURVE('',#1067,#1066,#747,.T.);
#1536=EDGE_CURVE('',#1066,#1177,#748,.T.);
#1537=EDGE_CURVE('',#1184,#1184,#488,.T.);
#1538=EDGE_CURVE('',#1184,#1060,#749,.T.);
#1539=EDGE_CURVE('',#1185,#996,#750,.T.);
#1540=EDGE_CURVE('',#1185,#995,#751,.T.);
#1541=EDGE_CURVE('',#1186,#999,#752,.T.);
#1542=EDGE_CURVE('',#1186,#998,#753,.T.);
#1543=EDGE_CURVE('',#1005,#1187,#754,.T.);
#1544=EDGE_CURVE('',#1188,#1187,#755,.T.);
#1545=EDGE_CURVE('',#1185,#1188,#756,.T.);
#1546=EDGE_CURVE('',#1189,#1188,#757,.T.);
#1547=EDGE_CURVE('',#1186,#1189,#758,.T.);
#1548=EDGE_CURVE('',#1190,#1189,#759,.T.);
#1549=EDGE_CURVE('',#1003,#1190,#760,.T.);
#1550=EDGE_CURVE('',#1191,#1190,#761,.T.);
#1551=EDGE_CURVE('',#1002,#1191,#762,.T.);
#1552=EDGE_CURVE('',#1192,#1191,#763,.T.);
#1553=EDGE_CURVE('',#1004,#1192,#764,.T.);
#1554=EDGE_CURVE('',#1187,#1192,#765,.T.);
#1555=ORIENTED_EDGE('',*,*,#1193,.F.);
#1556=ORIENTED_EDGE('',*,*,#1194,.T.);
#1557=ORIENTED_EDGE('',*,*,#1195,.T.);
#1558=ORIENTED_EDGE('',*,*,#1196,.T.);
#1559=ORIENTED_EDGE('',*,*,#1197,.F.);
#1560=ORIENTED_EDGE('',*,*,#1198,.T.);
#1561=ORIENTED_EDGE('',*,*,#1193,.T.);
#1562=ORIENTED_EDGE('',*,*,#1199,.T.);
#1563=ORIENTED_EDGE('',*,*,#1200,.F.);
#1564=ORIENTED_EDGE('',*,*,#1201,.T.);
#1565=ORIENTED_EDGE('',*,*,#1197,.T.);
#1566=ORIENTED_EDGE('',*,*,#1202,.T.);
#1567=ORIENTED_EDGE('',*,*,#1203,.F.);
#1568=ORIENTED_EDGE('',*,*,#1204,.T.);
#1569=ORIENTED_EDGE('',*,*,#1200,.T.);
#1570=ORIENTED_EDGE('',*,*,#1205,.T.);
#1571=ORIENTED_EDGE('',*,*,#1206,.F.);
#1572=ORIENTED_EDGE('',*,*,#1207,.T.);
#1573=ORIENTED_EDGE('',*,*,#1203,.T.);
#1574=ORIENTED_EDGE('',*,*,#1208,.T.);
#1575=ORIENTED_EDGE('',*,*,#1209,.F.);
#1576=ORIENTED_EDGE('',*,*,#1210,.T.);
#1577=ORIENTED_EDGE('',*,*,#1206,.T.);
#1578=ORIENTED_EDGE('',*,*,#1211,.T.);
#1579=ORIENTED_EDGE('',*,*,#1212,.F.);
#1580=ORIENTED_EDGE('',*,*,#1213,.T.);
#1581=ORIENTED_EDGE('',*,*,#1209,.T.);
#1582=ORIENTED_EDGE('',*,*,#1214,.T.);
#1583=ORIENTED_EDGE('',*,*,#1215,.F.);
#1584=ORIENTED_EDGE('',*,*,#1216,.T.);
#1585=ORIENTED_EDGE('',*,*,#1212,.T.);
#1586=ORIENTED_EDGE('',*,*,#1217,.T.);
#1587=ORIENTED_EDGE('',*,*,#1218,.F.);
#1588=ORIENTED_EDGE('',*,*,#1219,.T.);
#1589=ORIENTED_EDGE('',*,*,#1215,.T.);
#1590=ORIENTED_EDGE('',*,*,#1220,.T.);
#1591=ORIENTED_EDGE('',*,*,#1221,.F.);
#1592=ORIENTED_EDGE('',*,*,#1222,.F.);
#1593=ORIENTED_EDGE('',*,*,#1223,.T.);
#1594=ORIENTED_EDGE('',*,*,#1218,.T.);
#1595=ORIENTED_EDGE('',*,*,#1224,.T.);
#1596=ORIENTED_EDGE('',*,*,#1225,.F.);
#1597=ORIENTED_EDGE('',*,*,#1226,.F.);
#1598=ORIENTED_EDGE('',*,*,#1224,.F.);
#1599=ORIENTED_EDGE('',*,*,#1220,.F.);
#1600=ORIENTED_EDGE('',*,*,#1217,.F.);
#1601=ORIENTED_EDGE('',*,*,#1214,.F.);
#1602=ORIENTED_EDGE('',*,*,#1211,.F.);
#1603=ORIENTED_EDGE('',*,*,#1208,.F.);
#1604=ORIENTED_EDGE('',*,*,#1205,.F.);
#1605=ORIENTED_EDGE('',*,*,#1202,.F.);
#1606=ORIENTED_EDGE('',*,*,#1199,.F.);
#1607=ORIENTED_EDGE('',*,*,#1196,.F.);
#1608=ORIENTED_EDGE('',*,*,#1227,.F.);
#1609=ORIENTED_EDGE('',*,*,#1228,.F.);
#1610=ORIENTED_EDGE('',*,*,#1229,.F.);
#1611=ORIENTED_EDGE('',*,*,#1228,.T.);
#1612=ORIENTED_EDGE('',*,*,#1230,.T.);
#1613=ORIENTED_EDGE('',*,*,#1231,.F.);
#1614=ORIENTED_EDGE('',*,*,#1232,.T.);
#1615=ORIENTED_EDGE('',*,*,#1233,.F.);
#1616=ORIENTED_EDGE('',*,*,#1234,.F.);
#1617=ORIENTED_EDGE('',*,*,#1235,.T.);
#1618=ORIENTED_EDGE('',*,*,#1236,.F.);
#1619=ORIENTED_EDGE('',*,*,#1237,.T.);
#1620=ORIENTED_EDGE('',*,*,#1238,.T.);
#1621=ORIENTED_EDGE('',*,*,#1239,.F.);
#1622=ORIENTED_EDGE('',*,*,#1238,.F.);
#1623=ORIENTED_EDGE('',*,*,#1240,.F.);
#1624=ORIENTED_EDGE('',*,*,#1194,.F.);
#1625=ORIENTED_EDGE('',*,*,#1198,.F.);
#1626=ORIENTED_EDGE('',*,*,#1201,.F.);
#1627=ORIENTED_EDGE('',*,*,#1204,.F.);
#1628=ORIENTED_EDGE('',*,*,#1207,.F.);
#1629=ORIENTED_EDGE('',*,*,#1210,.F.);
#1630=ORIENTED_EDGE('',*,*,#1213,.F.);
#1631=ORIENTED_EDGE('',*,*,#1216,.F.);
#1632=ORIENTED_EDGE('',*,*,#1219,.F.);
#1633=ORIENTED_EDGE('',*,*,#1223,.F.);
#1634=ORIENTED_EDGE('',*,*,#1221,.T.);
#1635=ORIENTED_EDGE('',*,*,#1226,.T.);
#1636=ORIENTED_EDGE('',*,*,#1241,.F.);
#1637=ORIENTED_EDGE('',*,*,#1236,.T.);
#1638=ORIENTED_EDGE('',*,*,#1242,.T.);
#1639=ORIENTED_EDGE('',*,*,#1243,.F.);
#1640=ORIENTED_EDGE('',*,*,#1244,.F.);
#1641=ORIENTED_EDGE('',*,*,#1245,.F.);
#1642=ORIENTED_EDGE('',*,*,#1246,.T.);
#1643=ORIENTED_EDGE('',*,*,#1230,.F.);
#1644=ORIENTED_EDGE('',*,*,#1227,.T.);
#1645=ORIENTED_EDGE('',*,*,#1195,.F.);
#1646=ORIENTED_EDGE('',*,*,#1240,.T.);
#1647=ORIENTED_EDGE('',*,*,#1237,.F.);
#1648=ORIENTED_EDGE('',*,*,#1247,.F.);
#1649=ORIENTED_EDGE('',*,*,#1234,.T.);
#1650=ORIENTED_EDGE('',*,*,#1233,.T.);
#1651=ORIENTED_EDGE('',*,*,#1248,.T.);
#1652=ORIENTED_EDGE('',*,*,#1231,.T.);
#1653=ORIENTED_EDGE('',*,*,#1249,.T.);
#1654=ORIENTED_EDGE('',*,*,#1250,.F.);
#1655=ORIENTED_EDGE('',*,*,#1251,.T.);
#1656=ORIENTED_EDGE('',*,*,#1252,.T.);
#1657=ORIENTED_EDGE('',*,*,#1253,.T.);
#1658=ORIENTED_EDGE('',*,*,#1253,.F.);
#1659=ORIENTED_EDGE('',*,*,#1254,.T.);
#1660=ORIENTED_EDGE('',*,*,#1255,.T.);
#1661=ORIENTED_EDGE('',*,*,#1256,.T.);
#1662=ORIENTED_EDGE('',*,*,#1257,.F.);
#1663=ORIENTED_EDGE('',*,*,#1258,.T.);
#1664=ORIENTED_EDGE('',*,*,#1259,.F.);
#1665=ORIENTED_EDGE('',*,*,#1260,.T.);
#1666=ORIENTED_EDGE('',*,*,#1261,.T.);
#1667=ORIENTED_EDGE('',*,*,#1262,.T.);
#1668=ORIENTED_EDGE('',*,*,#1251,.F.);
#1669=ORIENTED_EDGE('',*,*,#1263,.T.);
#1670=ORIENTED_EDGE('',*,*,#1262,.F.);
#1671=ORIENTED_EDGE('',*,*,#1264,.T.);
#1672=ORIENTED_EDGE('',*,*,#1265,.T.);
#1673=ORIENTED_EDGE('',*,*,#1266,.T.);
#1674=ORIENTED_EDGE('',*,*,#1267,.T.);
#1675=ORIENTED_EDGE('',*,*,#1268,.T.);
#1676=ORIENTED_EDGE('',*,*,#1269,.T.);
#1677=ORIENTED_EDGE('',*,*,#1270,.T.);
#1678=ORIENTED_EDGE('',*,*,#1260,.F.);
#1679=ORIENTED_EDGE('',*,*,#1271,.T.);
#1680=ORIENTED_EDGE('',*,*,#1268,.F.);
#1681=ORIENTED_EDGE('',*,*,#1272,.T.);
#1682=ORIENTED_EDGE('',*,*,#1273,.T.);
#1683=ORIENTED_EDGE('',*,*,#1274,.T.);
#1684=ORIENTED_EDGE('',*,*,#1275,.T.);
#1685=ORIENTED_EDGE('',*,*,#1276,.T.);
#1686=ORIENTED_EDGE('',*,*,#1277,.T.);
#1687=ORIENTED_EDGE('',*,*,#1278,.T.);
#1688=ORIENTED_EDGE('',*,*,#1270,.F.);
#1689=ORIENTED_EDGE('',*,*,#1279,.T.);
#1690=ORIENTED_EDGE('',*,*,#1276,.F.);
#1691=ORIENTED_EDGE('',*,*,#1280,.T.);
#1692=ORIENTED_EDGE('',*,*,#1281,.T.);
#1693=ORIENTED_EDGE('',*,*,#1282,.T.);
#1694=ORIENTED_EDGE('',*,*,#1283,.T.);
#1695=ORIENTED_EDGE('',*,*,#1284,.T.);
#1696=ORIENTED_EDGE('',*,*,#1285,.T.);
#1697=ORIENTED_EDGE('',*,*,#1257,.T.);
#1698=ORIENTED_EDGE('',*,*,#1278,.F.);
#1699=ORIENTED_EDGE('',*,*,#1286,.T.);
#1700=ORIENTED_EDGE('',*,*,#1284,.F.);
#1701=ORIENTED_EDGE('',*,*,#1287,.T.);
#1702=ORIENTED_EDGE('',*,*,#1288,.T.);
#1703=ORIENTED_EDGE('',*,*,#1289,.T.);
#1704=ORIENTED_EDGE('',*,*,#1290,.F.);
#1705=ORIENTED_EDGE('',*,*,#1291,.T.);
#1706=ORIENTED_EDGE('',*,*,#1292,.F.);
#1707=ORIENTED_EDGE('',*,*,#1293,.F.);
#1708=ORIENTED_EDGE('',*,*,#1294,.F.);
#1709=ORIENTED_EDGE('',*,*,#1295,.T.);
#1710=ORIENTED_EDGE('',*,*,#1296,.F.);
#1711=ORIENTED_EDGE('',*,*,#1291,.F.);
#1712=ORIENTED_EDGE('',*,*,#1297,.F.);
#1713=ORIENTED_EDGE('',*,*,#1298,.T.);
#1714=ORIENTED_EDGE('',*,*,#1299,.F.);
#1715=ORIENTED_EDGE('',*,*,#1295,.F.);
#1716=ORIENTED_EDGE('',*,*,#1300,.F.);
#1717=ORIENTED_EDGE('',*,*,#1301,.T.);
#1718=ORIENTED_EDGE('',*,*,#1302,.F.);
#1719=ORIENTED_EDGE('',*,*,#1298,.F.);
#1720=ORIENTED_EDGE('',*,*,#1303,.F.);
#1721=ORIENTED_EDGE('',*,*,#1304,.T.);
#1722=ORIENTED_EDGE('',*,*,#1305,.F.);
#1723=ORIENTED_EDGE('',*,*,#1301,.F.);
#1724=ORIENTED_EDGE('',*,*,#1306,.F.);
#1725=ORIENTED_EDGE('',*,*,#1307,.T.);
#1726=ORIENTED_EDGE('',*,*,#1308,.F.);
#1727=ORIENTED_EDGE('',*,*,#1304,.F.);
#1728=ORIENTED_EDGE('',*,*,#1309,.F.);
#1729=ORIENTED_EDGE('',*,*,#1310,.T.);
#1730=ORIENTED_EDGE('',*,*,#1311,.T.);
#1731=ORIENTED_EDGE('',*,*,#1307,.F.);
#1732=ORIENTED_EDGE('',*,*,#1312,.F.);
#1733=ORIENTED_EDGE('',*,*,#1313,.T.);
#1734=ORIENTED_EDGE('',*,*,#1314,.F.);
#1735=ORIENTED_EDGE('',*,*,#1310,.F.);
#1736=ORIENTED_EDGE('',*,*,#1315,.F.);
#1737=ORIENTED_EDGE('',*,*,#1316,.T.);
#1738=ORIENTED_EDGE('',*,*,#1317,.F.);
#1739=ORIENTED_EDGE('',*,*,#1313,.F.);
#1740=ORIENTED_EDGE('',*,*,#1318,.F.);
#1741=ORIENTED_EDGE('',*,*,#1319,.T.);
#1742=ORIENTED_EDGE('',*,*,#1320,.F.);
#1743=ORIENTED_EDGE('',*,*,#1316,.F.);
#1744=ORIENTED_EDGE('',*,*,#1321,.F.);
#1745=ORIENTED_EDGE('',*,*,#1322,.T.);
#1746=ORIENTED_EDGE('',*,*,#1323,.F.);
#1747=ORIENTED_EDGE('',*,*,#1319,.F.);
#1748=ORIENTED_EDGE('',*,*,#1324,.F.);
#1749=ORIENTED_EDGE('',*,*,#1293,.T.);
#1750=ORIENTED_EDGE('',*,*,#1325,.F.);
#1751=ORIENTED_EDGE('',*,*,#1322,.F.);
#1752=ORIENTED_EDGE('',*,*,#1324,.T.);
#1753=ORIENTED_EDGE('',*,*,#1321,.T.);
#1754=ORIENTED_EDGE('',*,*,#1318,.T.);
#1755=ORIENTED_EDGE('',*,*,#1315,.T.);
#1756=ORIENTED_EDGE('',*,*,#1312,.T.);
#1757=ORIENTED_EDGE('',*,*,#1309,.T.);
#1758=ORIENTED_EDGE('',*,*,#1306,.T.);
#1759=ORIENTED_EDGE('',*,*,#1303,.T.);
#1760=ORIENTED_EDGE('',*,*,#1300,.T.);
#1761=ORIENTED_EDGE('',*,*,#1297,.T.);
#1762=ORIENTED_EDGE('',*,*,#1294,.T.);
#1763=ORIENTED_EDGE('',*,*,#1290,.T.);
#1764=ORIENTED_EDGE('',*,*,#1326,.T.);
#1765=ORIENTED_EDGE('',*,*,#1258,.F.);
#1766=ORIENTED_EDGE('',*,*,#1285,.F.);
#1767=ORIENTED_EDGE('',*,*,#1286,.F.);
#1768=ORIENTED_EDGE('',*,*,#1277,.F.);
#1769=ORIENTED_EDGE('',*,*,#1279,.F.);
#1770=ORIENTED_EDGE('',*,*,#1269,.F.);
#1771=ORIENTED_EDGE('',*,*,#1271,.F.);
#1772=ORIENTED_EDGE('',*,*,#1259,.T.);
#1773=ORIENTED_EDGE('',*,*,#1263,.F.);
#1774=ORIENTED_EDGE('',*,*,#1250,.T.);
#1775=ORIENTED_EDGE('',*,*,#1311,.F.);
#1776=ORIENTED_EDGE('',*,*,#1314,.T.);
#1777=ORIENTED_EDGE('',*,*,#1317,.T.);
#1778=ORIENTED_EDGE('',*,*,#1320,.T.);
#1779=ORIENTED_EDGE('',*,*,#1323,.T.);
#1780=ORIENTED_EDGE('',*,*,#1325,.T.);
#1781=ORIENTED_EDGE('',*,*,#1292,.T.);
#1782=ORIENTED_EDGE('',*,*,#1296,.T.);
#1783=ORIENTED_EDGE('',*,*,#1299,.T.);
#1784=ORIENTED_EDGE('',*,*,#1302,.T.);
#1785=ORIENTED_EDGE('',*,*,#1305,.T.);
#1786=ORIENTED_EDGE('',*,*,#1308,.T.);
#1787=ORIENTED_EDGE('',*,*,#1274,.F.);
#1788=ORIENTED_EDGE('',*,*,#1327,.T.);
#1789=ORIENTED_EDGE('',*,*,#1328,.T.);
#1790=ORIENTED_EDGE('',*,*,#1329,.T.);
#1791=ORIENTED_EDGE('',*,*,#1328,.F.);
#1792=ORIENTED_EDGE('',*,*,#1330,.T.);
#1793=ORIENTED_EDGE('',*,*,#1272,.F.);
#1794=ORIENTED_EDGE('',*,*,#1267,.F.);
#1795=ORIENTED_EDGE('',*,*,#1282,.F.);
#1796=ORIENTED_EDGE('',*,*,#1331,.T.);
#1797=ORIENTED_EDGE('',*,*,#1280,.F.);
#1798=ORIENTED_EDGE('',*,*,#1275,.F.);
#1799=ORIENTED_EDGE('',*,*,#1289,.F.);
#1800=ORIENTED_EDGE('',*,*,#1332,.T.);
#1801=ORIENTED_EDGE('',*,*,#1287,.F.);
#1802=ORIENTED_EDGE('',*,*,#1283,.F.);
#1803=ORIENTED_EDGE('',*,*,#1256,.F.);
#1804=ORIENTED_EDGE('',*,*,#1333,.T.);
#1805=ORIENTED_EDGE('',*,*,#1254,.F.);
#1806=ORIENTED_EDGE('',*,*,#1252,.F.);
#1807=ORIENTED_EDGE('',*,*,#1266,.F.);
#1808=ORIENTED_EDGE('',*,*,#1334,.T.);
#1809=ORIENTED_EDGE('',*,*,#1264,.F.);
#1810=ORIENTED_EDGE('',*,*,#1261,.F.);
#1811=ORIENTED_EDGE('',*,*,#1332,.F.);
#1812=ORIENTED_EDGE('',*,*,#1288,.F.);
#1813=ORIENTED_EDGE('',*,*,#1331,.F.);
#1814=ORIENTED_EDGE('',*,*,#1281,.F.);
#1815=ORIENTED_EDGE('',*,*,#1327,.F.);
#1816=ORIENTED_EDGE('',*,*,#1273,.F.);
#1817=ORIENTED_EDGE('',*,*,#1330,.F.);
#1818=ORIENTED_EDGE('',*,*,#1334,.F.);
#1819=ORIENTED_EDGE('',*,*,#1265,.F.);
#1820=ORIENTED_EDGE('',*,*,#1333,.F.);
#1821=ORIENTED_EDGE('',*,*,#1255,.F.);
#1822=ORIENTED_EDGE('',*,*,#1335,.T.);
#1823=ORIENTED_EDGE('',*,*,#1336,.F.);
#1824=ORIENTED_EDGE('',*,*,#1337,.T.);
#1825=ORIENTED_EDGE('',*,*,#1338,.T.);
#1826=ORIENTED_EDGE('',*,*,#1339,.T.);
#1827=ORIENTED_EDGE('',*,*,#1340,.F.);
#1828=ORIENTED_EDGE('',*,*,#1341,.T.);
#1829=ORIENTED_EDGE('',*,*,#1342,.T.);
#1830=ORIENTED_EDGE('',*,*,#1343,.T.);
#1831=ORIENTED_EDGE('',*,*,#1344,.F.);
#1832=ORIENTED_EDGE('',*,*,#1345,.T.);
#1833=ORIENTED_EDGE('',*,*,#1346,.T.);
#1834=ORIENTED_EDGE('',*,*,#1347,.T.);
#1835=ORIENTED_EDGE('',*,*,#1348,.F.);
#1836=ORIENTED_EDGE('',*,*,#1349,.T.);
#1837=ORIENTED_EDGE('',*,*,#1350,.T.);
#1838=ORIENTED_EDGE('',*,*,#1351,.T.);
#1839=ORIENTED_EDGE('',*,*,#1352,.F.);
#1840=ORIENTED_EDGE('',*,*,#1353,.T.);
#1841=ORIENTED_EDGE('',*,*,#1354,.T.);
#1842=ORIENTED_EDGE('',*,*,#1355,.T.);
#1843=ORIENTED_EDGE('',*,*,#1356,.F.);
#1844=ORIENTED_EDGE('',*,*,#1357,.T.);
#1845=ORIENTED_EDGE('',*,*,#1358,.T.);
#1846=ORIENTED_EDGE('',*,*,#1359,.T.);
#1847=ORIENTED_EDGE('',*,*,#1360,.F.);
#1848=ORIENTED_EDGE('',*,*,#1361,.T.);
#1849=ORIENTED_EDGE('',*,*,#1362,.T.);
#1850=ORIENTED_EDGE('',*,*,#1363,.T.);
#1851=ORIENTED_EDGE('',*,*,#1364,.F.);
#1852=ORIENTED_EDGE('',*,*,#1365,.T.);
#1853=ORIENTED_EDGE('',*,*,#1366,.T.);
#1854=ORIENTED_EDGE('',*,*,#1367,.T.);
#1855=ORIENTED_EDGE('',*,*,#1368,.F.);
#1856=ORIENTED_EDGE('',*,*,#1369,.T.);
#1857=ORIENTED_EDGE('',*,*,#1329,.F.);
#1858=ORIENTED_EDGE('',*,*,#1369,.F.);
#1859=ORIENTED_EDGE('',*,*,#1370,.F.);
#1860=ORIENTED_EDGE('',*,*,#1371,.T.);
#1861=ORIENTED_EDGE('',*,*,#1372,.T.);
#1862=ORIENTED_EDGE('',*,*,#1373,.T.);
#1863=ORIENTED_EDGE('',*,*,#1374,.F.);
#1864=ORIENTED_EDGE('',*,*,#1375,.T.);
#1865=ORIENTED_EDGE('',*,*,#1376,.T.);
#1866=ORIENTED_EDGE('',*,*,#1377,.T.);
#1867=ORIENTED_EDGE('',*,*,#1378,.T.);
#1868=ORIENTED_EDGE('',*,*,#1379,.T.);
#1869=ORIENTED_EDGE('',*,*,#1380,.T.);
#1870=ORIENTED_EDGE('',*,*,#1380,.F.);
#1871=ORIENTED_EDGE('',*,*,#1381,.F.);
#1872=ORIENTED_EDGE('',*,*,#1382,.F.);
#1873=ORIENTED_EDGE('',*,*,#1383,.F.);
#1874=ORIENTED_EDGE('',*,*,#1379,.F.);
#1875=ORIENTED_EDGE('',*,*,#1384,.T.);
#1876=ORIENTED_EDGE('',*,*,#1385,.T.);
#1877=ORIENTED_EDGE('',*,*,#1386,.T.);
#1878=ORIENTED_EDGE('',*,*,#1387,.F.);
#1879=ORIENTED_EDGE('',*,*,#1381,.T.);
#1880=ORIENTED_EDGE('',*,*,#1388,.T.);
#1881=ORIENTED_EDGE('',*,*,#1382,.T.);
#1882=ORIENTED_EDGE('',*,*,#1387,.T.);
#1883=ORIENTED_EDGE('',*,*,#1389,.T.);
#1884=ORIENTED_EDGE('',*,*,#1389,.F.);
#1885=ORIENTED_EDGE('',*,*,#1386,.F.);
#1886=ORIENTED_EDGE('',*,*,#1335,.F.);
#1887=ORIENTED_EDGE('',*,*,#1390,.F.);
#1888=ORIENTED_EDGE('',*,*,#1391,.T.);
#1889=ORIENTED_EDGE('',*,*,#1392,.T.);
#1890=ORIENTED_EDGE('',*,*,#1393,.T.);
#1891=ORIENTED_EDGE('',*,*,#1394,.T.);
#1892=ORIENTED_EDGE('',*,*,#1394,.F.);
#1893=ORIENTED_EDGE('',*,*,#1395,.F.);
#1894=ORIENTED_EDGE('',*,*,#1396,.F.);
#1895=ORIENTED_EDGE('',*,*,#1397,.F.);
#1896=ORIENTED_EDGE('',*,*,#1393,.F.);
#1897=ORIENTED_EDGE('',*,*,#1398,.T.);
#1898=ORIENTED_EDGE('',*,*,#1399,.T.);
#1899=ORIENTED_EDGE('',*,*,#1400,.T.);
#1900=ORIENTED_EDGE('',*,*,#1401,.F.);
#1901=ORIENTED_EDGE('',*,*,#1395,.T.);
#1902=ORIENTED_EDGE('',*,*,#1402,.T.);
#1903=ORIENTED_EDGE('',*,*,#1396,.T.);
#1904=ORIENTED_EDGE('',*,*,#1401,.T.);
#1905=ORIENTED_EDGE('',*,*,#1403,.T.);
#1906=ORIENTED_EDGE('',*,*,#1403,.F.);
#1907=ORIENTED_EDGE('',*,*,#1400,.F.);
#1908=ORIENTED_EDGE('',*,*,#1373,.F.);
#1909=ORIENTED_EDGE('',*,*,#1404,.F.);
#1910=ORIENTED_EDGE('',*,*,#1405,.T.);
#1911=ORIENTED_EDGE('',*,*,#1406,.T.);
#1912=ORIENTED_EDGE('',*,*,#1407,.T.);
#1913=ORIENTED_EDGE('',*,*,#1408,.T.);
#1914=ORIENTED_EDGE('',*,*,#1408,.F.);
#1915=ORIENTED_EDGE('',*,*,#1409,.F.);
#1916=ORIENTED_EDGE('',*,*,#1410,.F.);
#1917=ORIENTED_EDGE('',*,*,#1411,.F.);
#1918=ORIENTED_EDGE('',*,*,#1407,.F.);
#1919=ORIENTED_EDGE('',*,*,#1412,.T.);
#1920=ORIENTED_EDGE('',*,*,#1413,.T.);
#1921=ORIENTED_EDGE('',*,*,#1414,.T.);
#1922=ORIENTED_EDGE('',*,*,#1415,.F.);
#1923=ORIENTED_EDGE('',*,*,#1409,.T.);
#1924=ORIENTED_EDGE('',*,*,#1416,.T.);
#1925=ORIENTED_EDGE('',*,*,#1410,.T.);
#1926=ORIENTED_EDGE('',*,*,#1415,.T.);
#1927=ORIENTED_EDGE('',*,*,#1417,.T.);
#1928=ORIENTED_EDGE('',*,*,#1417,.F.);
#1929=ORIENTED_EDGE('',*,*,#1414,.F.);
#1930=ORIENTED_EDGE('',*,*,#1367,.F.);
#1931=ORIENTED_EDGE('',*,*,#1418,.F.);
#1932=ORIENTED_EDGE('',*,*,#1419,.T.);
#1933=ORIENTED_EDGE('',*,*,#1420,.T.);
#1934=ORIENTED_EDGE('',*,*,#1421,.T.);
#1935=ORIENTED_EDGE('',*,*,#1422,.T.);
#1936=ORIENTED_EDGE('',*,*,#1422,.F.);
#1937=ORIENTED_EDGE('',*,*,#1423,.F.);
#1938=ORIENTED_EDGE('',*,*,#1424,.F.);
#1939=ORIENTED_EDGE('',*,*,#1425,.F.);
#1940=ORIENTED_EDGE('',*,*,#1421,.F.);
#1941=ORIENTED_EDGE('',*,*,#1426,.T.);
#1942=ORIENTED_EDGE('',*,*,#1427,.T.);
#1943=ORIENTED_EDGE('',*,*,#1428,.T.);
#1944=ORIENTED_EDGE('',*,*,#1429,.F.);
#1945=ORIENTED_EDGE('',*,*,#1423,.T.);
#1946=ORIENTED_EDGE('',*,*,#1430,.T.);
#1947=ORIENTED_EDGE('',*,*,#1424,.T.);
#1948=ORIENTED_EDGE('',*,*,#1429,.T.);
#1949=ORIENTED_EDGE('',*,*,#1431,.T.);
#1950=ORIENTED_EDGE('',*,*,#1431,.F.);
#1951=ORIENTED_EDGE('',*,*,#1428,.F.);
#1952=ORIENTED_EDGE('',*,*,#1363,.F.);
#1953=ORIENTED_EDGE('',*,*,#1432,.F.);
#1954=ORIENTED_EDGE('',*,*,#1433,.T.);
#1955=ORIENTED_EDGE('',*,*,#1434,.T.);
#1956=ORIENTED_EDGE('',*,*,#1435,.T.);
#1957=ORIENTED_EDGE('',*,*,#1436,.T.);
#1958=ORIENTED_EDGE('',*,*,#1436,.F.);
#1959=ORIENTED_EDGE('',*,*,#1437,.F.);
#1960=ORIENTED_EDGE('',*,*,#1438,.F.);
#1961=ORIENTED_EDGE('',*,*,#1439,.F.);
#1962=ORIENTED_EDGE('',*,*,#1435,.F.);
#1963=ORIENTED_EDGE('',*,*,#1440,.T.);
#1964=ORIENTED_EDGE('',*,*,#1441,.T.);
#1965=ORIENTED_EDGE('',*,*,#1442,.T.);
#1966=ORIENTED_EDGE('',*,*,#1443,.F.);
#1967=ORIENTED_EDGE('',*,*,#1437,.T.);
#1968=ORIENTED_EDGE('',*,*,#1444,.T.);
#1969=ORIENTED_EDGE('',*,*,#1438,.T.);
#1970=ORIENTED_EDGE('',*,*,#1443,.T.);
#1971=ORIENTED_EDGE('',*,*,#1445,.T.);
#1972=ORIENTED_EDGE('',*,*,#1445,.F.);
#1973=ORIENTED_EDGE('',*,*,#1442,.F.);
#1974=ORIENTED_EDGE('',*,*,#1359,.F.);
#1975=ORIENTED_EDGE('',*,*,#1446,.F.);
#1976=ORIENTED_EDGE('',*,*,#1447,.T.);
#1977=ORIENTED_EDGE('',*,*,#1448,.T.);
#1978=ORIENTED_EDGE('',*,*,#1449,.T.);
#1979=ORIENTED_EDGE('',*,*,#1450,.T.);
#1980=ORIENTED_EDGE('',*,*,#1450,.F.);
#1981=ORIENTED_EDGE('',*,*,#1451,.F.);
#1982=ORIENTED_EDGE('',*,*,#1452,.F.);
#1983=ORIENTED_EDGE('',*,*,#1453,.F.);
#1984=ORIENTED_EDGE('',*,*,#1449,.F.);
#1985=ORIENTED_EDGE('',*,*,#1454,.T.);
#1986=ORIENTED_EDGE('',*,*,#1455,.T.);
#1987=ORIENTED_EDGE('',*,*,#1456,.T.);
#1988=ORIENTED_EDGE('',*,*,#1457,.F.);
#1989=ORIENTED_EDGE('',*,*,#1451,.T.);
#1990=ORIENTED_EDGE('',*,*,#1458,.T.);
#1991=ORIENTED_EDGE('',*,*,#1452,.T.);
#1992=ORIENTED_EDGE('',*,*,#1457,.T.);
#1993=ORIENTED_EDGE('',*,*,#1459,.T.);
#1994=ORIENTED_EDGE('',*,*,#1459,.F.);
#1995=ORIENTED_EDGE('',*,*,#1456,.F.);
#1996=ORIENTED_EDGE('',*,*,#1355,.F.);
#1997=ORIENTED_EDGE('',*,*,#1460,.F.);
#1998=ORIENTED_EDGE('',*,*,#1461,.T.);
#1999=ORIENTED_EDGE('',*,*,#1462,.T.);
#2000=ORIENTED_EDGE('',*,*,#1463,.T.);
#2001=ORIENTED_EDGE('',*,*,#1464,.T.);
#2002=ORIENTED_EDGE('',*,*,#1464,.F.);
#2003=ORIENTED_EDGE('',*,*,#1465,.F.);
#2004=ORIENTED_EDGE('',*,*,#1466,.F.);
#2005=ORIENTED_EDGE('',*,*,#1467,.F.);
#2006=ORIENTED_EDGE('',*,*,#1463,.F.);
#2007=ORIENTED_EDGE('',*,*,#1468,.T.);
#2008=ORIENTED_EDGE('',*,*,#1469,.T.);
#2009=ORIENTED_EDGE('',*,*,#1470,.T.);
#2010=ORIENTED_EDGE('',*,*,#1471,.F.);
#2011=ORIENTED_EDGE('',*,*,#1465,.T.);
#2012=ORIENTED_EDGE('',*,*,#1472,.T.);
#2013=ORIENTED_EDGE('',*,*,#1466,.T.);
#2014=ORIENTED_EDGE('',*,*,#1471,.T.);
#2015=ORIENTED_EDGE('',*,*,#1473,.T.);
#2016=ORIENTED_EDGE('',*,*,#1473,.F.);
#2017=ORIENTED_EDGE('',*,*,#1470,.F.);
#2018=ORIENTED_EDGE('',*,*,#1351,.F.);
#2019=ORIENTED_EDGE('',*,*,#1474,.F.);
#2020=ORIENTED_EDGE('',*,*,#1475,.T.);
#2021=ORIENTED_EDGE('',*,*,#1476,.T.);
#2022=ORIENTED_EDGE('',*,*,#1477,.T.);
#2023=ORIENTED_EDGE('',*,*,#1478,.T.);
#2024=ORIENTED_EDGE('',*,*,#1478,.F.);
#2025=ORIENTED_EDGE('',*,*,#1479,.F.);
#2026=ORIENTED_EDGE('',*,*,#1480,.F.);
#2027=ORIENTED_EDGE('',*,*,#1481,.F.);
#2028=ORIENTED_EDGE('',*,*,#1477,.F.);
#2029=ORIENTED_EDGE('',*,*,#1482,.T.);
#2030=ORIENTED_EDGE('',*,*,#1483,.T.);
#2031=ORIENTED_EDGE('',*,*,#1484,.T.);
#2032=ORIENTED_EDGE('',*,*,#1485,.F.);
#2033=ORIENTED_EDGE('',*,*,#1479,.T.);
#2034=ORIENTED_EDGE('',*,*,#1486,.T.);
#2035=ORIENTED_EDGE('',*,*,#1480,.T.);
#2036=ORIENTED_EDGE('',*,*,#1485,.T.);
#2037=ORIENTED_EDGE('',*,*,#1487,.T.);
#2038=ORIENTED_EDGE('',*,*,#1487,.F.);
#2039=ORIENTED_EDGE('',*,*,#1484,.F.);
#2040=ORIENTED_EDGE('',*,*,#1347,.F.);
#2041=ORIENTED_EDGE('',*,*,#1488,.F.);
#2042=ORIENTED_EDGE('',*,*,#1489,.T.);
#2043=ORIENTED_EDGE('',*,*,#1490,.T.);
#2044=ORIENTED_EDGE('',*,*,#1491,.T.);
#2045=ORIENTED_EDGE('',*,*,#1492,.T.);
#2046=ORIENTED_EDGE('',*,*,#1492,.F.);
#2047=ORIENTED_EDGE('',*,*,#1493,.F.);
#2048=ORIENTED_EDGE('',*,*,#1494,.F.);
#2049=ORIENTED_EDGE('',*,*,#1495,.F.);
#2050=ORIENTED_EDGE('',*,*,#1491,.F.);
#2051=ORIENTED_EDGE('',*,*,#1496,.T.);
#2052=ORIENTED_EDGE('',*,*,#1497,.T.);
#2053=ORIENTED_EDGE('',*,*,#1498,.T.);
#2054=ORIENTED_EDGE('',*,*,#1499,.F.);
#2055=ORIENTED_EDGE('',*,*,#1493,.T.);
#2056=ORIENTED_EDGE('',*,*,#1500,.T.);
#2057=ORIENTED_EDGE('',*,*,#1494,.T.);
#2058=ORIENTED_EDGE('',*,*,#1499,.T.);
#2059=ORIENTED_EDGE('',*,*,#1501,.T.);
#2060=ORIENTED_EDGE('',*,*,#1501,.F.);
#2061=ORIENTED_EDGE('',*,*,#1498,.F.);
#2062=ORIENTED_EDGE('',*,*,#1343,.F.);
#2063=ORIENTED_EDGE('',*,*,#1502,.F.);
#2064=ORIENTED_EDGE('',*,*,#1377,.F.);
#2065=ORIENTED_EDGE('',*,*,#1383,.T.);
#2066=ORIENTED_EDGE('',*,*,#1388,.F.);
#2067=ORIENTED_EDGE('',*,*,#1390,.T.);
#2068=ORIENTED_EDGE('',*,*,#1503,.T.);
#2069=ORIENTED_EDGE('',*,*,#1504,.T.);
#2070=ORIENTED_EDGE('',*,*,#1503,.F.);
#2071=ORIENTED_EDGE('',*,*,#1376,.F.);
#2072=ORIENTED_EDGE('',*,*,#1391,.F.);
#2073=ORIENTED_EDGE('',*,*,#1397,.T.);
#2074=ORIENTED_EDGE('',*,*,#1402,.F.);
#2075=ORIENTED_EDGE('',*,*,#1404,.T.);
#2076=ORIENTED_EDGE('',*,*,#1505,.T.);
#2077=ORIENTED_EDGE('',*,*,#1506,.T.);
#2078=ORIENTED_EDGE('',*,*,#1505,.F.);
#2079=ORIENTED_EDGE('',*,*,#1372,.F.);
#2080=ORIENTED_EDGE('',*,*,#1405,.F.);
#2081=ORIENTED_EDGE('',*,*,#1411,.T.);
#2082=ORIENTED_EDGE('',*,*,#1416,.F.);
#2083=ORIENTED_EDGE('',*,*,#1418,.T.);
#2084=ORIENTED_EDGE('',*,*,#1507,.T.);
#2085=ORIENTED_EDGE('',*,*,#1508,.T.);
#2086=ORIENTED_EDGE('',*,*,#1507,.F.);
#2087=ORIENTED_EDGE('',*,*,#1366,.F.);
#2088=ORIENTED_EDGE('',*,*,#1419,.F.);
#2089=ORIENTED_EDGE('',*,*,#1425,.T.);
#2090=ORIENTED_EDGE('',*,*,#1430,.F.);
#2091=ORIENTED_EDGE('',*,*,#1432,.T.);
#2092=ORIENTED_EDGE('',*,*,#1509,.T.);
#2093=ORIENTED_EDGE('',*,*,#1510,.T.);
#2094=ORIENTED_EDGE('',*,*,#1509,.F.);
#2095=ORIENTED_EDGE('',*,*,#1362,.F.);
#2096=ORIENTED_EDGE('',*,*,#1433,.F.);
#2097=ORIENTED_EDGE('',*,*,#1439,.T.);
#2098=ORIENTED_EDGE('',*,*,#1444,.F.);
#2099=ORIENTED_EDGE('',*,*,#1446,.T.);
#2100=ORIENTED_EDGE('',*,*,#1511,.T.);
#2101=ORIENTED_EDGE('',*,*,#1512,.T.);
#2102=ORIENTED_EDGE('',*,*,#1511,.F.);
#2103=ORIENTED_EDGE('',*,*,#1358,.F.);
#2104=ORIENTED_EDGE('',*,*,#1447,.F.);
#2105=ORIENTED_EDGE('',*,*,#1453,.T.);
#2106=ORIENTED_EDGE('',*,*,#1458,.F.);
#2107=ORIENTED_EDGE('',*,*,#1460,.T.);
#2108=ORIENTED_EDGE('',*,*,#1513,.T.);
#2109=ORIENTED_EDGE('',*,*,#1514,.T.);
#2110=ORIENTED_EDGE('',*,*,#1513,.F.);
#2111=ORIENTED_EDGE('',*,*,#1354,.F.);
#2112=ORIENTED_EDGE('',*,*,#1461,.F.);
#2113=ORIENTED_EDGE('',*,*,#1467,.T.);
#2114=ORIENTED_EDGE('',*,*,#1472,.F.);
#2115=ORIENTED_EDGE('',*,*,#1474,.T.);
#2116=ORIENTED_EDGE('',*,*,#1515,.T.);
#2117=ORIENTED_EDGE('',*,*,#1516,.T.);
#2118=ORIENTED_EDGE('',*,*,#1515,.F.);
#2119=ORIENTED_EDGE('',*,*,#1350,.F.);
#2120=ORIENTED_EDGE('',*,*,#1475,.F.);
#2121=ORIENTED_EDGE('',*,*,#1481,.T.);
#2122=ORIENTED_EDGE('',*,*,#1486,.F.);
#2123=ORIENTED_EDGE('',*,*,#1488,.T.);
#2124=ORIENTED_EDGE('',*,*,#1517,.T.);
#2125=ORIENTED_EDGE('',*,*,#1518,.T.);
#2126=ORIENTED_EDGE('',*,*,#1517,.F.);
#2127=ORIENTED_EDGE('',*,*,#1346,.F.);
#2128=ORIENTED_EDGE('',*,*,#1489,.F.);
#2129=ORIENTED_EDGE('',*,*,#1495,.T.);
#2130=ORIENTED_EDGE('',*,*,#1500,.F.);
#2131=ORIENTED_EDGE('',*,*,#1502,.T.);
#2132=ORIENTED_EDGE('',*,*,#1519,.T.);
#2133=ORIENTED_EDGE('',*,*,#1520,.T.);
#2134=ORIENTED_EDGE('',*,*,#1519,.F.);
#2135=ORIENTED_EDGE('',*,*,#1342,.F.);
#2136=ORIENTED_EDGE('',*,*,#1378,.F.);
#2137=ORIENTED_EDGE('',*,*,#1504,.F.);
#2138=ORIENTED_EDGE('',*,*,#1375,.F.);
#2139=ORIENTED_EDGE('',*,*,#1384,.F.);
#2140=ORIENTED_EDGE('',*,*,#1392,.F.);
#2141=ORIENTED_EDGE('',*,*,#1506,.F.);
#2142=ORIENTED_EDGE('',*,*,#1371,.F.);
#2143=ORIENTED_EDGE('',*,*,#1398,.F.);
#2144=ORIENTED_EDGE('',*,*,#1406,.F.);
#2145=ORIENTED_EDGE('',*,*,#1508,.F.);
#2146=ORIENTED_EDGE('',*,*,#1365,.F.);
#2147=ORIENTED_EDGE('',*,*,#1412,.F.);
#2148=ORIENTED_EDGE('',*,*,#1420,.F.);
#2149=ORIENTED_EDGE('',*,*,#1510,.F.);
#2150=ORIENTED_EDGE('',*,*,#1361,.F.);
#2151=ORIENTED_EDGE('',*,*,#1426,.F.);
#2152=ORIENTED_EDGE('',*,*,#1434,.F.);
#2153=ORIENTED_EDGE('',*,*,#1512,.F.);
#2154=ORIENTED_EDGE('',*,*,#1357,.F.);
#2155=ORIENTED_EDGE('',*,*,#1440,.F.);
#2156=ORIENTED_EDGE('',*,*,#1448,.F.);
#2157=ORIENTED_EDGE('',*,*,#1514,.F.);
#2158=ORIENTED_EDGE('',*,*,#1353,.F.);
#2159=ORIENTED_EDGE('',*,*,#1454,.F.);
#2160=ORIENTED_EDGE('',*,*,#1462,.F.);
#2161=ORIENTED_EDGE('',*,*,#1516,.F.);
#2162=ORIENTED_EDGE('',*,*,#1349,.F.);
#2163=ORIENTED_EDGE('',*,*,#1468,.F.);
#2164=ORIENTED_EDGE('',*,*,#1476,.F.);
#2165=ORIENTED_EDGE('',*,*,#1518,.F.);
#2166=ORIENTED_EDGE('',*,*,#1345,.F.);
#2167=ORIENTED_EDGE('',*,*,#1482,.F.);
#2168=ORIENTED_EDGE('',*,*,#1490,.F.);
#2169=ORIENTED_EDGE('',*,*,#1520,.F.);
#2170=ORIENTED_EDGE('',*,*,#1341,.F.);
#2171=ORIENTED_EDGE('',*,*,#1496,.F.);
#2172=ORIENTED_EDGE('',*,*,#1521,.T.);
#2173=ORIENTED_EDGE('',*,*,#1522,.T.);
#2174=ORIENTED_EDGE('',*,*,#1523,.T.);
#2175=ORIENTED_EDGE('',*,*,#1524,.T.);
#2176=ORIENTED_EDGE('',*,*,#1524,.F.);
#2177=ORIENTED_EDGE('',*,*,#1525,.F.);
#2178=ORIENTED_EDGE('',*,*,#1526,.F.);
#2179=ORIENTED_EDGE('',*,*,#1527,.F.);
#2180=ORIENTED_EDGE('',*,*,#1523,.F.);
#2181=ORIENTED_EDGE('',*,*,#1528,.T.);
#2182=ORIENTED_EDGE('',*,*,#1529,.T.);
#2183=ORIENTED_EDGE('',*,*,#1530,.T.);
#2184=ORIENTED_EDGE('',*,*,#1531,.F.);
#2185=ORIENTED_EDGE('',*,*,#1525,.T.);
#2186=ORIENTED_EDGE('',*,*,#1532,.T.);
#2187=ORIENTED_EDGE('',*,*,#1526,.T.);
#2188=ORIENTED_EDGE('',*,*,#1531,.T.);
#2189=ORIENTED_EDGE('',*,*,#1533,.T.);
#2190=ORIENTED_EDGE('',*,*,#1533,.F.);
#2191=ORIENTED_EDGE('',*,*,#1530,.F.);
#2192=ORIENTED_EDGE('',*,*,#1339,.F.);
#2193=ORIENTED_EDGE('',*,*,#1534,.F.);
#2194=ORIENTED_EDGE('',*,*,#1521,.F.);
#2195=ORIENTED_EDGE('',*,*,#1527,.T.);
#2196=ORIENTED_EDGE('',*,*,#1532,.F.);
#2197=ORIENTED_EDGE('',*,*,#1534,.T.);
#2198=ORIENTED_EDGE('',*,*,#1535,.T.);
#2199=ORIENTED_EDGE('',*,*,#1536,.T.);
#2200=ORIENTED_EDGE('',*,*,#1535,.F.);
#2201=ORIENTED_EDGE('',*,*,#1338,.F.);
#2202=ORIENTED_EDGE('',*,*,#1522,.F.);
#2203=ORIENTED_EDGE('',*,*,#1536,.F.);
#2204=ORIENTED_EDGE('',*,*,#1337,.F.);
#2205=ORIENTED_EDGE('',*,*,#1528,.F.);
#2206=ORIENTED_EDGE('',*,*,#1537,.F.);
#2207=ORIENTED_EDGE('',*,*,#1538,.T.);
#2208=ORIENTED_EDGE('',*,*,#1326,.F.);
#2209=ORIENTED_EDGE('',*,*,#1538,.F.);
#2210=ORIENTED_EDGE('',*,*,#1539,.T.);
#2211=ORIENTED_EDGE('',*,*,#1232,.F.);
#2212=ORIENTED_EDGE('',*,*,#1540,.F.);
#2213=ORIENTED_EDGE('',*,*,#1541,.T.);
#2214=ORIENTED_EDGE('',*,*,#1235,.F.);
#2215=ORIENTED_EDGE('',*,*,#1542,.F.);
#2216=ORIENTED_EDGE('',*,*,#1540,.T.);
#2217=ORIENTED_EDGE('',*,*,#1249,.F.);
#2218=ORIENTED_EDGE('',*,*,#1246,.F.);
#2219=ORIENTED_EDGE('',*,*,#1543,.T.);
#2220=ORIENTED_EDGE('',*,*,#1544,.F.);
#2221=ORIENTED_EDGE('',*,*,#1545,.F.);
#2222=ORIENTED_EDGE('',*,*,#1542,.T.);
#2223=ORIENTED_EDGE('',*,*,#1248,.F.);
#2224=ORIENTED_EDGE('',*,*,#1539,.F.);
#2225=ORIENTED_EDGE('',*,*,#1545,.T.);
#2226=ORIENTED_EDGE('',*,*,#1546,.F.);
#2227=ORIENTED_EDGE('',*,*,#1547,.F.);
#2228=ORIENTED_EDGE('',*,*,#1247,.T.);
#2229=ORIENTED_EDGE('',*,*,#1242,.F.);
#2230=ORIENTED_EDGE('',*,*,#1541,.F.);
#2231=ORIENTED_EDGE('',*,*,#1547,.T.);
#2232=ORIENTED_EDGE('',*,*,#1548,.F.);
#2233=ORIENTED_EDGE('',*,*,#1549,.F.);
#2234=ORIENTED_EDGE('',*,*,#1243,.T.);
#2235=ORIENTED_EDGE('',*,*,#1549,.T.);
#2236=ORIENTED_EDGE('',*,*,#1550,.F.);
#2237=ORIENTED_EDGE('',*,*,#1551,.F.);
#2238=ORIENTED_EDGE('',*,*,#1244,.T.);
#2239=ORIENTED_EDGE('',*,*,#1551,.T.);
#2240=ORIENTED_EDGE('',*,*,#1552,.F.);
#2241=ORIENTED_EDGE('',*,*,#1553,.F.);
#2242=ORIENTED_EDGE('',*,*,#1245,.T.);
#2243=ORIENTED_EDGE('',*,*,#1553,.T.);
#2244=ORIENTED_EDGE('',*,*,#1554,.F.);
#2245=ORIENTED_EDGE('',*,*,#1543,.F.);
#2246=ORIENTED_EDGE('',*,*,#1554,.T.);
#2247=ORIENTED_EDGE('',*,*,#1552,.T.);
#2248=ORIENTED_EDGE('',*,*,#1550,.T.);
#2249=ORIENTED_EDGE('',*,*,#1548,.T.);
#2250=ORIENTED_EDGE('',*,*,#1546,.T.);
#2251=ORIENTED_EDGE('',*,*,#1544,.T.);
#2252=ORIENTED_EDGE('',*,*,#1385,.F.);
#2253=ORIENTED_EDGE('',*,*,#1374,.T.);
#2254=ORIENTED_EDGE('',*,*,#1399,.F.);
#2255=ORIENTED_EDGE('',*,*,#1370,.T.);
#2256=ORIENTED_EDGE('',*,*,#1368,.T.);
#2257=ORIENTED_EDGE('',*,*,#1413,.F.);
#2258=ORIENTED_EDGE('',*,*,#1364,.T.);
#2259=ORIENTED_EDGE('',*,*,#1427,.F.);
#2260=ORIENTED_EDGE('',*,*,#1360,.T.);
#2261=ORIENTED_EDGE('',*,*,#1441,.F.);
#2262=ORIENTED_EDGE('',*,*,#1356,.T.);
#2263=ORIENTED_EDGE('',*,*,#1455,.F.);
#2264=ORIENTED_EDGE('',*,*,#1352,.T.);
#2265=ORIENTED_EDGE('',*,*,#1469,.F.);
#2266=ORIENTED_EDGE('',*,*,#1348,.T.);
#2267=ORIENTED_EDGE('',*,*,#1483,.F.);
#2268=ORIENTED_EDGE('',*,*,#1344,.T.);
#2269=ORIENTED_EDGE('',*,*,#1497,.F.);
#2270=ORIENTED_EDGE('',*,*,#1340,.T.);
#2271=ORIENTED_EDGE('',*,*,#1529,.F.);
#2272=ORIENTED_EDGE('',*,*,#1336,.T.);
#2273=ORIENTED_EDGE('',*,*,#1239,.T.);
#2274=ORIENTED_EDGE('',*,*,#1222,.T.);
#2275=ORIENTED_EDGE('',*,*,#1241,.T.);
#2276=ORIENTED_EDGE('',*,*,#1225,.T.);
#2277=ORIENTED_EDGE('',*,*,#1229,.T.);
#2278=ORIENTED_EDGE('',*,*,#1537,.T.);
#2279=CYLINDRICAL_SURFACE('',#2472,4.25);
#2280=CYLINDRICAL_SURFACE('',#2474,4.25);
#2281=CYLINDRICAL_SURFACE('',#2475,4.25);
#2282=CYLINDRICAL_SURFACE('',#2476,4.25);
#2283=CYLINDRICAL_SURFACE('',#2477,4.25);
#2284=CYLINDRICAL_SURFACE('',#2478,4.25);
#2285=CYLINDRICAL_SURFACE('',#2479,4.25);
#2286=CYLINDRICAL_SURFACE('',#2480,4.25);
#2287=CYLINDRICAL_SURFACE('',#2481,4.25);
#2288=CYLINDRICAL_SURFACE('',#2482,4.25);
#2289=CYLINDRICAL_SURFACE('',#2484,4.25);
#2290=CYLINDRICAL_SURFACE('',#2491,0.999999999999999);
#2291=CYLINDRICAL_SURFACE('',#2495,1.);
#2292=CYLINDRICAL_SURFACE('',#2499,1.);
#2293=CYLINDRICAL_SURFACE('',#2503,0.999999999999998);
#2294=CYLINDRICAL_SURFACE('',#2507,1.);
#2295=CYLINDRICAL_SURFACE('',#2511,1.);
#2296=CYLINDRICAL_SURFACE('',#2530,2.842);
#2297=CYLINDRICAL_SURFACE('',#2552,0.2);
#2298=CYLINDRICAL_SURFACE('',#2558,0.2);
#2299=CYLINDRICAL_SURFACE('',#2561,0.2);
#2300=CYLINDRICAL_SURFACE('',#2567,0.2);
#2301=CYLINDRICAL_SURFACE('',#2570,0.2);
#2302=CYLINDRICAL_SURFACE('',#2576,0.2);
#2303=CYLINDRICAL_SURFACE('',#2579,0.2);
#2304=CYLINDRICAL_SURFACE('',#2585,0.2);
#2305=CYLINDRICAL_SURFACE('',#2588,0.2);
#2306=CYLINDRICAL_SURFACE('',#2594,0.2);
#2307=CYLINDRICAL_SURFACE('',#2597,0.2);
#2308=CYLINDRICAL_SURFACE('',#2603,0.2);
#2309=CYLINDRICAL_SURFACE('',#2606,0.2);
#2310=CYLINDRICAL_SURFACE('',#2612,0.2);
#2311=CYLINDRICAL_SURFACE('',#2615,0.2);
#2312=CYLINDRICAL_SURFACE('',#2621,0.2);
#2313=CYLINDRICAL_SURFACE('',#2624,0.2);
#2314=CYLINDRICAL_SURFACE('',#2630,0.2);
#2315=CYLINDRICAL_SURFACE('',#2660,0.2);
#2316=CYLINDRICAL_SURFACE('',#2666,0.2);
#2317=CYLINDRICAL_SURFACE('',#2672,2.243);
#2318=ADVANCED_FACE('',(#160),#2279,.T.);
#2319=ADVANCED_FACE('',(#161),#2280,.T.);
#2320=ADVANCED_FACE('',(#162),#2281,.T.);
#2321=ADVANCED_FACE('',(#163),#2282,.T.);
#2322=ADVANCED_FACE('',(#164),#2283,.T.);
#2323=ADVANCED_FACE('',(#165),#2284,.T.);
#2324=ADVANCED_FACE('',(#166),#2285,.T.);
#2325=ADVANCED_FACE('',(#167),#2286,.T.);
#2326=ADVANCED_FACE('',(#168),#2287,.T.);
#2327=ADVANCED_FACE('',(#169),#2288,.T.);
#2328=ADVANCED_FACE('',(#170),#147,.T.);
#2329=ADVANCED_FACE('',(#171),#148,.T.);
#2330=ADVANCED_FACE('',(#172),#149,.T.);
#2331=ADVANCED_FACE('',(#173),#2289,.T.);
#2332=ADVANCED_FACE('',(#174),#60,.T.);
#2333=ADVANCED_FACE('',(#175),#61,.F.);
#2334=ADVANCED_FACE('',(#176),#62,.T.);
#2335=ADVANCED_FACE('',(#177),#63,.T.);
#2336=ADVANCED_FACE('',(#178),#150,.F.);
#2337=ADVANCED_FACE('',(#179),#151,.F.);
#2338=ADVANCED_FACE('',(#180),#152,.F.);
#2339=ADVANCED_FACE('',(#181),#153,.F.);
#2340=ADVANCED_FACE('',(#182),#154,.F.);
#2341=ADVANCED_FACE('',(#183),#155,.F.);
#2342=ADVANCED_FACE('',(#184),#156,.F.);
#2343=ADVANCED_FACE('',(#185),#157,.F.);
#2344=ADVANCED_FACE('',(#186),#158,.F.);
#2345=ADVANCED_FACE('',(#187),#159,.F.);
#2346=ADVANCED_FACE('',(#188),#64,.F.);
#2347=ADVANCED_FACE('',(#189),#2290,.F.);
#2348=ADVANCED_FACE('',(#190),#65,.F.);
#2349=ADVANCED_FACE('',(#191),#2291,.F.);
#2350=ADVANCED_FACE('',(#192),#66,.F.);
#2351=ADVANCED_FACE('',(#193),#2292,.F.);
#2352=ADVANCED_FACE('',(#194),#67,.F.);
#2353=ADVANCED_FACE('',(#195),#2293,.F.);
#2354=ADVANCED_FACE('',(#196),#68,.F.);
#2355=ADVANCED_FACE('',(#197),#2294,.F.);
#2356=ADVANCED_FACE('',(#198),#69,.F.);
#2357=ADVANCED_FACE('',(#199),#2295,.F.);
#2358=ADVANCED_FACE('',(#200,#56),#70,.T.);
#2359=ADVANCED_FACE('',(#201,#57),#71,.T.);
#2360=ADVANCED_FACE('',(#202),#55,.F.);
#2361=ADVANCED_FACE('',(#203),#72,.F.);
#2362=ADVANCED_FACE('',(#204),#73,.F.);
#2363=ADVANCED_FACE('',(#205),#74,.F.);
#2364=ADVANCED_FACE('',(#206),#75,.F.);
#2365=ADVANCED_FACE('',(#207),#76,.F.);
#2366=ADVANCED_FACE('',(#208),#2296,.F.);
#2367=ADVANCED_FACE('',(#209),#2297,.T.);
#2368=ADVANCED_FACE('',(#210),#77,.T.);
#2369=ADVANCED_FACE('',(#211),#78,.T.);
#2370=ADVANCED_FACE('',(#212),#2298,.T.);
#2371=ADVANCED_FACE('',(#213),#79,.T.);
#2372=ADVANCED_FACE('',(#214),#2299,.T.);
#2373=ADVANCED_FACE('',(#215),#80,.T.);
#2374=ADVANCED_FACE('',(#216),#81,.T.);
#2375=ADVANCED_FACE('',(#217),#2300,.T.);
#2376=ADVANCED_FACE('',(#218),#82,.T.);
#2377=ADVANCED_FACE('',(#219),#2301,.T.);
#2378=ADVANCED_FACE('',(#220),#83,.T.);
#2379=ADVANCED_FACE('',(#221),#84,.T.);
#2380=ADVANCED_FACE('',(#222),#2302,.T.);
#2381=ADVANCED_FACE('',(#223),#85,.T.);
#2382=ADVANCED_FACE('',(#224),#2303,.T.);
#2383=ADVANCED_FACE('',(#225),#86,.T.);
#2384=ADVANCED_FACE('',(#226),#87,.T.);
#2385=ADVANCED_FACE('',(#227),#2304,.T.);
#2386=ADVANCED_FACE('',(#228),#88,.T.);
#2387=ADVANCED_FACE('',(#229),#2305,.T.);
#2388=ADVANCED_FACE('',(#230),#89,.T.);
#2389=ADVANCED_FACE('',(#231),#90,.T.);
#2390=ADVANCED_FACE('',(#232),#2306,.T.);
#2391=ADVANCED_FACE('',(#233),#91,.T.);
#2392=ADVANCED_FACE('',(#234),#2307,.T.);
#2393=ADVANCED_FACE('',(#235),#92,.T.);
#2394=ADVANCED_FACE('',(#236),#93,.T.);
#2395=ADVANCED_FACE('',(#237),#2308,.T.);
#2396=ADVANCED_FACE('',(#238),#94,.T.);
#2397=ADVANCED_FACE('',(#239),#2309,.T.);
#2398=ADVANCED_FACE('',(#240),#95,.T.);
#2399=ADVANCED_FACE('',(#241),#96,.T.);
#2400=ADVANCED_FACE('',(#242),#2310,.T.);
#2401=ADVANCED_FACE('',(#243),#97,.T.);
#2402=ADVANCED_FACE('',(#244),#2311,.T.);
#2403=ADVANCED_FACE('',(#245),#98,.T.);
#2404=ADVANCED_FACE('',(#246),#99,.T.);
#2405=ADVANCED_FACE('',(#247),#2312,.T.);
#2406=ADVANCED_FACE('',(#248),#100,.T.);
#2407=ADVANCED_FACE('',(#249),#2313,.T.);
#2408=ADVANCED_FACE('',(#250),#101,.T.);
#2409=ADVANCED_FACE('',(#251),#102,.T.);
#2410=ADVANCED_FACE('',(#252),#2314,.T.);
#2411=ADVANCED_FACE('',(#253),#103,.T.);
#2412=ADVANCED_FACE('',(#254),#104,.T.);
#2413=ADVANCED_FACE('',(#255),#105,.F.);
#2414=ADVANCED_FACE('',(#256),#106,.T.);
#2415=ADVANCED_FACE('',(#257),#107,.F.);
#2416=ADVANCED_FACE('',(#258),#108,.T.);
#2417=ADVANCED_FACE('',(#259),#109,.F.);
#2418=ADVANCED_FACE('',(#260),#110,.T.);
#2419=ADVANCED_FACE('',(#261),#111,.F.);
#2420=ADVANCED_FACE('',(#262),#112,.T.);
#2421=ADVANCED_FACE('',(#263),#113,.F.);
#2422=ADVANCED_FACE('',(#264),#114,.T.);
#2423=ADVANCED_FACE('',(#265),#115,.F.);
#2424=ADVANCED_FACE('',(#266),#116,.T.);
#2425=ADVANCED_FACE('',(#267),#117,.F.);
#2426=ADVANCED_FACE('',(#268),#118,.T.);
#2427=ADVANCED_FACE('',(#269),#119,.F.);
#2428=ADVANCED_FACE('',(#270),#120,.T.);
#2429=ADVANCED_FACE('',(#271),#121,.F.);
#2430=ADVANCED_FACE('',(#272),#122,.T.);
#2431=ADVANCED_FACE('',(#273),#123,.T.);
#2432=ADVANCED_FACE('',(#274),#124,.T.);
#2433=ADVANCED_FACE('',(#275),#125,.T.);
#2434=ADVANCED_FACE('',(#276),#126,.T.);
#2435=ADVANCED_FACE('',(#277),#127,.T.);
#2436=ADVANCED_FACE('',(#278),#128,.T.);
#2437=ADVANCED_FACE('',(#279),#129,.T.);
#2438=ADVANCED_FACE('',(#280),#130,.T.);
#2439=ADVANCED_FACE('',(#281),#2315,.T.);
#2440=ADVANCED_FACE('',(#282),#131,.T.);
#2441=ADVANCED_FACE('',(#283),#132,.T.);
#2442=ADVANCED_FACE('',(#284),#2316,.T.);
#2443=ADVANCED_FACE('',(#285),#133,.T.);
#2444=ADVANCED_FACE('',(#286),#134,.T.);
#2445=ADVANCED_FACE('',(#287),#135,.F.);
#2446=ADVANCED_FACE('',(#288),#136,.T.);
#2447=ADVANCED_FACE('',(#289),#2317,.F.);
#2448=ADVANCED_FACE('',(#290),#137,.F.);
#2449=ADVANCED_FACE('',(#291),#138,.F.);
#2450=ADVANCED_FACE('',(#292),#139,.T.);
#2451=ADVANCED_FACE('',(#293),#140,.T.);
#2452=ADVANCED_FACE('',(#294),#141,.T.);
#2453=ADVANCED_FACE('',(#295),#142,.T.);
#2454=ADVANCED_FACE('',(#296),#143,.T.);
#2455=ADVANCED_FACE('',(#297),#144,.T.);
#2456=ADVANCED_FACE('',(#298,#58),#145,.T.);
#2457=ADVANCED_FACE('',(#299,#59),#146,.F.);
#2458=CLOSED_SHELL('',(#2318,#2319,#2320,#2321,#2322,#2323,#2324,#2325,
#2326,#2327,#2328,#2329,#2330,#2331,#2332,#2333,#2334,#2335,#2336,#2337,
#2338,#2339,#2340,#2341,#2342,#2343,#2344,#2345,#2346,#2347,#2348,#2349,
#2350,#2351,#2352,#2353,#2354,#2355,#2356,#2357,#2358,#2359,#2360,#2361,
#2362,#2363,#2364,#2365,#2366,#2367,#2368,#2369,#2370,#2371,#2372,#2373,
#2374,#2375,#2376,#2377,#2378,#2379,#2380,#2381,#2382,#2383,#2384,#2385,
#2386,#2387,#2388,#2389,#2390,#2391,#2392,#2393,#2394,#2395,#2396,#2397,
#2398,#2399,#2400,#2401,#2402,#2403,#2404,#2405,#2406,#2407,#2408,#2409,
#2410,#2411,#2412,#2413,#2414,#2415,#2416,#2417,#2418,#2419,#2420,#2421,
#2422,#2423,#2424,#2425,#2426,#2427,#2428,#2429,#2430,#2431,#2432,#2433,
#2434,#2435,#2436,#2437,#2438,#2439,#2440,#2441,#2442,#2443,#2444,#2445,
#2446,#2447,#2448,#2449,#2450,#2451,#2452,#2453,#2454,#2455,#2456,#2457));
#2459=DERIVED_UNIT_ELEMENT(#2461,1.);
#2460=DERIVED_UNIT_ELEMENT(#8181,-3.);
#2461=(
MASS_UNIT()
NAMED_UNIT(*)
SI_UNIT(.KILO.,.GRAM.)
);
#2462=DERIVED_UNIT((#2459,#2460));
#2463=MEASURE_REPRESENTATION_ITEM('density measure',
POSITIVE_RATIO_MEASURE(7850.),#2462);
#2464=PROPERTY_DEFINITION_REPRESENTATION(#2469,#2466);
#2465=PROPERTY_DEFINITION_REPRESENTATION(#2470,#2467);
#2466=REPRESENTATION('material name',(#2468),#8178);
#2467=REPRESENTATION('density',(#2463),#8178);
#2468=DESCRIPTIVE_REPRESENTATION_ITEM('Steel','Steel');
#2469=PROPERTY_DEFINITION('material property','material name',#8188);
#2470=PROPERTY_DEFINITION('material property','density of part',#8188);
#2471=AXIS2_PLACEMENT_3D('',#3311,#2684,#2685);
#2472=AXIS2_PLACEMENT_3D('',#3312,#2686,#2687);
#2473=AXIS2_PLACEMENT_3D('',#3325,#2689,#2690);
#2474=AXIS2_PLACEMENT_3D('',#3330,#2691,#2692);
#2475=AXIS2_PLACEMENT_3D('',#3366,#2694,#2695);
#2476=AXIS2_PLACEMENT_3D('',#3396,#2697,#2698);
#2477=AXIS2_PLACEMENT_3D('',#3426,#2700,#2701);
#2478=AXIS2_PLACEMENT_3D('',#3456,#2703,#2704);
#2479=AXIS2_PLACEMENT_3D('',#3486,#2706,#2707);
#2480=AXIS2_PLACEMENT_3D('',#3516,#2709,#2710);
#2481=AXIS2_PLACEMENT_3D('',#3546,#2712,#2713);
#2482=AXIS2_PLACEMENT_3D('',#3576,#2715,#2716);
#2483=AXIS2_PLACEMENT_3D('',#3581,#2718,#2719);
#2484=AXIS2_PLACEMENT_3D('',#5377,#2720,#2721);
#2485=AXIS2_PLACEMENT_3D('',#5378,#2722,#2723);
#2486=AXIS2_PLACEMENT_3D('',#5379,#2724,#2725);
#2487=AXIS2_PLACEMENT_3D('',#5381,#2727,#2728);
#2488=AXIS2_PLACEMENT_3D('',#5391,#2734,#2735);
#2489=AXIS2_PLACEMENT_3D('',#5393,#2737,#2738);
#2490=AXIS2_PLACEMENT_3D('',#7642,#2740,#2741);
#2491=AXIS2_PLACEMENT_3D('',#7651,#2746,#2747);
#2492=AXIS2_PLACEMENT_3D('',#7653,#2748,#2749);
#2493=AXIS2_PLACEMENT_3D('',#7656,#2751,#2752);
#2494=AXIS2_PLACEMENT_3D('',#7657,#2753,#2754);
#2495=AXIS2_PLACEMENT_3D('',#7663,#2758,#2759);
#2496=AXIS2_PLACEMENT_3D('',#7665,#2760,#2761);
#2497=AXIS2_PLACEMENT_3D('',#7668,#2763,#2764);
#2498=AXIS2_PLACEMENT_3D('',#7669,#2765,#2766);
#2499=AXIS2_PLACEMENT_3D('',#7675,#2770,#2771);
#2500=AXIS2_PLACEMENT_3D('',#7677,#2772,#2773);
#2501=AXIS2_PLACEMENT_3D('',#7680,#2775,#2776);
#2502=AXIS2_PLACEMENT_3D('',#7681,#2777,#2778);
#2503=AXIS2_PLACEMENT_3D('',#7687,#2782,#2783);
#2504=AXIS2_PLACEMENT_3D('',#7689,#2784,#2785);
#2505=AXIS2_PLACEMENT_3D('',#7692,#2787,#2788);
#2506=AXIS2_PLACEMENT_3D('',#7693,#2789,#2790);
#2507=AXIS2_PLACEMENT_3D('',#7699,#2794,#2795);
#2508=AXIS2_PLACEMENT_3D('',#7701,#2796,#2797);
#2509=AXIS2_PLACEMENT_3D('',#7704,#2799,#2800);
#2510=AXIS2_PLACEMENT_3D('',#7705,#2801,#2802);
#2511=AXIS2_PLACEMENT_3D('',#7711,#2806,#2807);
#2512=AXIS2_PLACEMENT_3D('',#7712,#2808,#2809);
#2513=AXIS2_PLACEMENT_3D('',#7713,#2810,#2811);
#2514=AXIS2_PLACEMENT_3D('',#7714,#2812,#2813);
#2515=AXIS2_PLACEMENT_3D('',#7716,#2814,#2815);
#2516=AXIS2_PLACEMENT_3D('',#7717,#2816,#2817);
#2517=AXIS2_PLACEMENT_3D('',#7718,#2818,#2819);
#2518=AXIS2_PLACEMENT_3D('',#7720,#2820,#2821);
#2519=AXIS2_PLACEMENT_3D('',#7723,#2823,#2824);
#2520=AXIS2_PLACEMENT_3D('',#7724,#2825,#2826);
#2521=AXIS2_PLACEMENT_3D('',#7725,#2827,#2828);
#2522=AXIS2_PLACEMENT_3D('',#7726,#2829,#2830);
#2523=AXIS2_PLACEMENT_3D('',#7727,#2831,#2832);
#2524=AXIS2_PLACEMENT_3D('',#7728,#2833,#2834);
#2525=AXIS2_PLACEMENT_3D('',#7729,#2835,#2836);
#2526=AXIS2_PLACEMENT_3D('',#7730,#2837,#2838);
#2527=AXIS2_PLACEMENT_3D('',#7731,#2839,#2840);
#2528=AXIS2_PLACEMENT_3D('',#7732,#2841,#2842);
#2529=AXIS2_PLACEMENT_3D('',#7733,#2843,#2844);
#2530=AXIS2_PLACEMENT_3D('',#7734,#2845,#2846);
#2531=AXIS2_PLACEMENT_3D('',#7739,#2848,#2849);
#2532=AXIS2_PLACEMENT_3D('',#7743,#2851,#2852);
#2533=AXIS2_PLACEMENT_3D('',#7747,#2854,#2855);
#2534=AXIS2_PLACEMENT_3D('',#7751,#2857,#2858);
#2535=AXIS2_PLACEMENT_3D('',#7755,#2860,#2861);
#2536=AXIS2_PLACEMENT_3D('',#7759,#2863,#2864);
#2537=AXIS2_PLACEMENT_3D('',#7763,#2866,#2867);
#2538=AXIS2_PLACEMENT_3D('',#7767,#2869,#2870);
#2539=AXIS2_PLACEMENT_3D('',#7771,#2872,#2873);
#2540=AXIS2_PLACEMENT_3D('',#7775,#2875,#2876);
#2541=AXIS2_PLACEMENT_3D('',#7779,#2878,#2879);
#2542=AXIS2_PLACEMENT_3D('',#7783,#2881,#2882);
#2543=AXIS2_PLACEMENT_3D('',#7787,#2884,#2885);
#2544=AXIS2_PLACEMENT_3D('',#7791,#2887,#2888);
#2545=AXIS2_PLACEMENT_3D('',#7795,#2890,#2891);
#2546=AXIS2_PLACEMENT_3D('',#7799,#2893,#2894);
#2547=AXIS2_PLACEMENT_3D('',#7803,#2896,#2897);
#2548=AXIS2_PLACEMENT_3D('',#7806,#2899,#2900);
#2549=AXIS2_PLACEMENT_3D('',#7810,#2902,#2903);
#2550=AXIS2_PLACEMENT_3D('',#7814,#2905,#2906);
#2551=AXIS2_PLACEMENT_3D('',#7817,#2908,#2909);
#2552=AXIS2_PLACEMENT_3D('',#7818,#2910,#2911);
#2553=AXIS2_PLACEMENT_3D('',#7821,#2912,#2913);
#2554=AXIS2_PLACEMENT_3D('',#7825,#2915,#2916);
#2555=AXIS2_PLACEMENT_3D('',#7827,#2918,#2919);
#2556=AXIS2_PLACEMENT_3D('',#7833,#2923,#2924);
#2557=AXIS2_PLACEMENT_3D('',#7838,#2928,#2929);
#2558=AXIS2_PLACEMENT_3D('',#7839,#2930,#2931);
#2559=AXIS2_PLACEMENT_3D('',#7841,#2932,#2933);
#2560=AXIS2_PLACEMENT_3D('',#7843,#2935,#2936);
#2561=AXIS2_PLACEMENT_3D('',#7845,#2938,#2939);
#2562=AXIS2_PLACEMENT_3D('',#7848,#2940,#2941);
#2563=AXIS2_PLACEMENT_3D('',#7852,#2943,#2944);
#2564=AXIS2_PLACEMENT_3D('',#7854,#2946,#2947);
#2565=AXIS2_PLACEMENT_3D('',#7860,#2951,#2952);
#2566=AXIS2_PLACEMENT_3D('',#7865,#2956,#2957);
#2567=AXIS2_PLACEMENT_3D('',#7866,#2958,#2959);
#2568=AXIS2_PLACEMENT_3D('',#7868,#2960,#2961);
#2569=AXIS2_PLACEMENT_3D('',#7870,#2963,#2964);
#2570=AXIS2_PLACEMENT_3D('',#7872,#2966,#2967);
#2571=AXIS2_PLACEMENT_3D('',#7875,#2968,#2969);
#2572=AXIS2_PLACEMENT_3D('',#7879,#2971,#2972);
#2573=AXIS2_PLACEMENT_3D('',#7881,#2974,#2975);
#2574=AXIS2_PLACEMENT_3D('',#7887,#2979,#2980);
#2575=AXIS2_PLACEMENT_3D('',#7892,#2984,#2985);
#2576=AXIS2_PLACEMENT_3D('',#7893,#2986,#2987);
#2577=AXIS2_PLACEMENT_3D('',#7895,#2988,#2989);
#2578=AXIS2_PLACEMENT_3D('',#7897,#2991,#2992);
#2579=AXIS2_PLACEMENT_3D('',#7899,#2994,#2995);
#2580=AXIS2_PLACEMENT_3D('',#7902,#2996,#2997);
#2581=AXIS2_PLACEMENT_3D('',#7906,#2999,#3000);
#2582=AXIS2_PLACEMENT_3D('',#7908,#3002,#3003);
#2583=AXIS2_PLACEMENT_3D('',#7914,#3007,#3008);
#2584=AXIS2_PLACEMENT_3D('',#7919,#3012,#3013);
#2585=AXIS2_PLACEMENT_3D('',#7920,#3014,#3015);
#2586=AXIS2_PLACEMENT_3D('',#7922,#3016,#3017);
#2587=AXIS2_PLACEMENT_3D('',#7924,#3019,#3020);
#2588=AXIS2_PLACEMENT_3D('',#7926,#3022,#3023);
#2589=AXIS2_PLACEMENT_3D('',#7929,#3024,#3025);
#2590=AXIS2_PLACEMENT_3D('',#7933,#3027,#3028);
#2591=AXIS2_PLACEMENT_3D('',#7935,#3030,#3031);
#2592=AXIS2_PLACEMENT_3D('',#7941,#3035,#3036);
#2593=AXIS2_PLACEMENT_3D('',#7946,#3040,#3041);
#2594=AXIS2_PLACEMENT_3D('',#7947,#3042,#3043);
#2595=AXIS2_PLACEMENT_3D('',#7949,#3044,#3045);
#2596=AXIS2_PLACEMENT_3D('',#7951,#3047,#3048);
#2597=AXIS2_PLACEMENT_3D('',#7953,#3050,#3051);
#2598=AXIS2_PLACEMENT_3D('',#7956,#3052,#3053);
#2599=AXIS2_PLACEMENT_3D('',#7960,#3055,#3056);
#2600=AXIS2_PLACEMENT_3D('',#7962,#3058,#3059);
#2601=AXIS2_PLACEMENT_3D('',#7968,#3063,#3064);
#2602=AXIS2_PLACEMENT_3D('',#7973,#3068,#3069);
#2603=AXIS2_PLACEMENT_3D('',#7974,#3070,#3071);
#2604=AXIS2_PLACEMENT_3D('',#7976,#3072,#3073);
#2605=AXIS2_PLACEMENT_3D('',#7978,#3075,#3076);
#2606=AXIS2_PLACEMENT_3D('',#7980,#3078,#3079);
#2607=AXIS2_PLACEMENT_3D('',#7983,#3080,#3081);
#2608=AXIS2_PLACEMENT_3D('',#7987,#3083,#3084);
#2609=AXIS2_PLACEMENT_3D('',#7989,#3086,#3087);
#2610=AXIS2_PLACEMENT_3D('',#7995,#3091,#3092);
#2611=AXIS2_PLACEMENT_3D('',#8000,#3096,#3097);
#2612=AXIS2_PLACEMENT_3D('',#8001,#3098,#3099);
#2613=AXIS2_PLACEMENT_3D('',#8003,#3100,#3101);
#2614=AXIS2_PLACEMENT_3D('',#8005,#3103,#3104);
#2615=AXIS2_PLACEMENT_3D('',#8007,#3106,#3107);
#2616=AXIS2_PLACEMENT_3D('',#8010,#3108,#3109);
#2617=AXIS2_PLACEMENT_3D('',#8014,#3111,#3112);
#2618=AXIS2_PLACEMENT_3D('',#8016,#3114,#3115);
#2619=AXIS2_PLACEMENT_3D('',#8022,#3119,#3120);
#2620=AXIS2_PLACEMENT_3D('',#8027,#3124,#3125);
#2621=AXIS2_PLACEMENT_3D('',#8028,#3126,#3127);
#2622=AXIS2_PLACEMENT_3D('',#8030,#3128,#3129);
#2623=AXIS2_PLACEMENT_3D('',#8032,#3131,#3132);
#2624=AXIS2_PLACEMENT_3D('',#8034,#3134,#3135);
#2625=AXIS2_PLACEMENT_3D('',#8037,#3136,#3137);
#2626=AXIS2_PLACEMENT_3D('',#8041,#3139,#3140);
#2627=AXIS2_PLACEMENT_3D('',#8043,#3142,#3143);
#2628=AXIS2_PLACEMENT_3D('',#8049,#3147,#3148);
#2629=AXIS2_PLACEMENT_3D('',#8054,#3152,#3153);
#2630=AXIS2_PLACEMENT_3D('',#8055,#3154,#3155);
#2631=AXIS2_PLACEMENT_3D('',#8057,#3156,#3157);
#2632=AXIS2_PLACEMENT_3D('',#8059,#3159,#3160);
#2633=AXIS2_PLACEMENT_3D('',#8061,#3162,#3163);
#2634=AXIS2_PLACEMENT_3D('',#8064,#3166,#3167);
#2635=AXIS2_PLACEMENT_3D('',#8065,#3168,#3169);
#2636=AXIS2_PLACEMENT_3D('',#8068,#3172,#3173);
#2637=AXIS2_PLACEMENT_3D('',#8069,#3174,#3175);
#2638=AXIS2_PLACEMENT_3D('',#8072,#3178,#3179);
#2639=AXIS2_PLACEMENT_3D('',#8073,#3180,#3181);
#2640=AXIS2_PLACEMENT_3D('',#8076,#3184,#3185);
#2641=AXIS2_PLACEMENT_3D('',#8077,#3186,#3187);
#2642=AXIS2_PLACEMENT_3D('',#8080,#3190,#3191);
#2643=AXIS2_PLACEMENT_3D('',#8081,#3192,#3193);
#2644=AXIS2_PLACEMENT_3D('',#8084,#3196,#3197);
#2645=AXIS2_PLACEMENT_3D('',#8085,#3198,#3199);
#2646=AXIS2_PLACEMENT_3D('',#8088,#3202,#3203);
#2647=AXIS2_PLACEMENT_3D('',#8089,#3204,#3205);
#2648=AXIS2_PLACEMENT_3D('',#8092,#3208,#3209);
#2649=AXIS2_PLACEMENT_3D('',#8093,#3210,#3211);
#2650=AXIS2_PLACEMENT_3D('',#8096,#3214,#3215);
#2651=AXIS2_PLACEMENT_3D('',#8097,#3216,#3217);
#2652=AXIS2_PLACEMENT_3D('',#8098,#3218,#3219);
#2653=AXIS2_PLACEMENT_3D('',#8099,#3220,#3221);
#2654=AXIS2_PLACEMENT_3D('',#8100,#3222,#3223);
#2655=AXIS2_PLACEMENT_3D('',#8101,#3224,#3225);
#2656=AXIS2_PLACEMENT_3D('',#8102,#3226,#3227);
#2657=AXIS2_PLACEMENT_3D('',#8103,#3228,#3229);
#2658=AXIS2_PLACEMENT_3D('',#8104,#3230,#3231);
#2659=AXIS2_PLACEMENT_3D('',#8105,#3232,#3233);
#2660=AXIS2_PLACEMENT_3D('',#8106,#3234,#3235);
#2661=AXIS2_PLACEMENT_3D('',#8109,#3236,#3237);
#2662=AXIS2_PLACEMENT_3D('',#8113,#3239,#3240);
#2663=AXIS2_PLACEMENT_3D('',#8115,#3242,#3243);
#2664=AXIS2_PLACEMENT_3D('',#8121,#3247,#3248);
#2665=AXIS2_PLACEMENT_3D('',#8126,#3252,#3253);
#2666=AXIS2_PLACEMENT_3D('',#8127,#3254,#3255);
#2667=AXIS2_PLACEMENT_3D('',#8129,#3256,#3257);
#2668=AXIS2_PLACEMENT_3D('',#8131,#3259,#3260);
#2669=AXIS2_PLACEMENT_3D('',#8133,#3262,#3263);
#2670=AXIS2_PLACEMENT_3D('',#8136,#3266,#3267);
#2671=AXIS2_PLACEMENT_3D('',#8137,#3268,#3269);
#2672=AXIS2_PLACEMENT_3D('',#8138,#3270,#3271);
#2673=AXIS2_PLACEMENT_3D('',#8140,#3272,#3273);
#2674=AXIS2_PLACEMENT_3D('',#8142,#3275,#3276);
#2675=AXIS2_PLACEMENT_3D('',#8146,#3279,#3280);
#2676=AXIS2_PLACEMENT_3D('',#8150,#3283,#3284);
#2677=AXIS2_PLACEMENT_3D('',#8156,#3288,#3289);
#2678=AXIS2_PLACEMENT_3D('',#8160,#3292,#3293);
#2679=AXIS2_PLACEMENT_3D('',#8164,#3296,#3297);
#2680=AXIS2_PLACEMENT_3D('',#8168,#3300,#3301);
#2681=AXIS2_PLACEMENT_3D('',#8172,#3304,#3305);
#2682=AXIS2_PLACEMENT_3D('',#8174,#3307,#3308);
#2683=AXIS2_PLACEMENT_3D('',#8175,#3309,#3310);
#2684=DIRECTION('axis',(0.,0.,1.));
#2685=DIRECTION('refdir',(1.,0.,0.));
#2686=DIRECTION('center_axis',(0.,0.,-1.));
#2687=DIRECTION('ref_axis',(-1.,0.,0.));
#2688=DIRECTION('',(0.,0.,1.));
#2689=DIRECTION('center_axis',(0.,0.,-1.));
#2690=DIRECTION('ref_axis',(-1.,0.,0.));
#2691=DIRECTION('center_axis',(0.,0.,-1.));
#2692=DIRECTION('ref_axis',(-1.,0.,0.));
#2693=DIRECTION('',(0.,0.,1.));
#2694=DIRECTION('center_axis',(0.,0.,-1.));
#2695=DIRECTION('ref_axis',(-1.,0.,0.));
#2696=DIRECTION('',(0.,0.,1.));
#2697=DIRECTION('center_axis',(0.,0.,-1.));
#2698=DIRECTION('ref_axis',(-1.,0.,0.));
#2699=DIRECTION('',(0.,0.,1.));
#2700=DIRECTION('center_axis',(0.,0.,-1.));
#2701=DIRECTION('ref_axis',(-1.,0.,0.));
#2702=DIRECTION('',(0.,0.,1.));
#2703=DIRECTION('center_axis',(0.,0.,-1.));
#2704=DIRECTION('ref_axis',(-1.,0.,0.));
#2705=DIRECTION('',(0.,0.,1.));
#2706=DIRECTION('center_axis',(0.,0.,-1.));
#2707=DIRECTION('ref_axis',(-1.,0.,0.));
#2708=DIRECTION('',(0.,0.,1.));
#2709=DIRECTION('center_axis',(0.,0.,-1.));
#2710=DIRECTION('ref_axis',(-1.,0.,0.));
#2711=DIRECTION('',(0.,0.,1.));
#2712=DIRECTION('center_axis',(0.,0.,-1.));
#2713=DIRECTION('ref_axis',(-1.,0.,0.));
#2714=DIRECTION('',(0.,0.,1.));
#2715=DIRECTION('center_axis',(0.,0.,-1.));
#2716=DIRECTION('ref_axis',(-1.,0.,0.));
#2717=DIRECTION('',(0.,0.,1.));
#2718=DIRECTION('center_axis',(0.,0.,-1.));
#2719=DIRECTION('ref_axis',(-1.,0.,0.));
#2720=DIRECTION('center_axis',(0.,0.,-1.));
#2721=DIRECTION('ref_axis',(-1.,0.,0.));
#2722=DIRECTION('center_axis',(0.,0.,-1.));
#2723=DIRECTION('ref_axis',(-1.,0.,0.));
#2724=DIRECTION('center_axis',(0.,0.,1.));
#2725=DIRECTION('ref_axis',(-1.,0.,0.));
#2726=DIRECTION('',(8.9214350193093E-16,1.,0.));
#2727=DIRECTION('center_axis',(0.,0.,1.));
#2728=DIRECTION('ref_axis',(-1.,0.,0.));
#2729=DIRECTION('',(-0.866025403784439,-0.5,0.));
#2730=DIRECTION('',(-0.866025403784439,0.5,0.));
#2731=DIRECTION('',(3.96508223080413E-16,1.,0.));
#2732=DIRECTION('',(-0.866025403784439,-0.5,0.));
#2733=DIRECTION('',(-8.9214350193093E-16,-1.,0.));
#2734=DIRECTION('center_axis',(0.,0.,1.));
#2735=DIRECTION('ref_axis',(-1.,0.,0.));
#2736=DIRECTION('',(-0.866025403784438,0.5,0.));
#2737=DIRECTION('center_axis',(0.,0.,1.));
#2738=DIRECTION('ref_axis',(-1.,0.,0.));
#2739=DIRECTION('',(-0.866025403784439,-0.5,0.));
#2740=DIRECTION('center_axis',(0.5,0.866025403784438,0.));
#2741=DIRECTION('ref_axis',(-0.866025403784438,0.5,0.));
#2742=DIRECTION('',(-0.866025403784438,0.5,0.));
#2743=DIRECTION('',(0.,0.,1.));
#2744=DIRECTION('',(0.866025403784438,-0.5,0.));
#2745=DIRECTION('',(0.,0.,1.));
#2746=DIRECTION('center_axis',(0.,0.,1.));
#2747=DIRECTION('ref_axis',(1.,-4.16333634234434E-16,0.));
#2748=DIRECTION('center_axis',(0.,0.,1.));
#2749=DIRECTION('ref_axis',(1.,-4.16333634234434E-16,0.));
#2750=DIRECTION('',(0.,0.,1.));
#2751=DIRECTION('center_axis',(0.,0.,-1.));
#2752=DIRECTION('ref_axis',(1.,-4.16333634234434E-16,0.));
#2753=DIRECTION('center_axis',(1.,-4.82913783622191E-16,0.));
#2754=DIRECTION('ref_axis',(4.82913783622191E-16,1.,0.));
#2755=DIRECTION('',(4.82913783622191E-16,1.,0.));
#2756=DIRECTION('',(0.,0.,1.));
#2757=DIRECTION('',(-4.82913783622191E-16,-1.,0.));
#2758=DIRECTION('center_axis',(0.,0.,1.));
#2759=DIRECTION('ref_axis',(0.500000000000001,-0.866025403784438,0.));
#2760=DIRECTION('center_axis',(0.,0.,1.));
#2761=DIRECTION('ref_axis',(0.500000000000001,-0.866025403784438,0.));
#2762=DIRECTION('',(0.,0.,1.));
#2763=DIRECTION('center_axis',(0.,0.,-1.));
#2764=DIRECTION('ref_axis',(0.500000000000001,-0.866025403784438,0.));
#2765=DIRECTION('center_axis',(0.5,-0.866025403784439,0.));
#2766=DIRECTION('ref_axis',(0.866025403784439,0.5,0.));
#2767=DIRECTION('',(0.866025403784439,0.5,0.));
#2768=DIRECTION('',(0.,0.,1.));
#2769=DIRECTION('',(-0.866025403784439,-0.5,0.));
#2770=DIRECTION('center_axis',(0.,0.,1.));
#2771=DIRECTION('ref_axis',(-0.499999999999999,-0.866025403784439,0.));
#2772=DIRECTION('center_axis',(0.,0.,1.));
#2773=DIRECTION('ref_axis',(-0.499999999999999,-0.866025403784439,0.));
#2774=DIRECTION('',(0.,0.,1.));
#2775=DIRECTION('center_axis',(0.,0.,-1.));
#2776=DIRECTION('ref_axis',(-0.499999999999999,-0.866025403784439,0.));
#2777=DIRECTION('center_axis',(-0.5,-0.866025403784439,0.));
#2778=DIRECTION('ref_axis',(0.866025403784438,-0.5,0.));
#2779=DIRECTION('',(0.866025403784438,-0.5,0.));
#2780=DIRECTION('',(0.,0.,1.));
#2781=DIRECTION('',(0.866025403784439,-0.5,0.));
#2782=DIRECTION('center_axis',(0.,0.,1.));
#2783=DIRECTION('ref_axis',(-1.,1.66533453693774E-15,0.));
#2784=DIRECTION('center_axis',(0.,0.,1.));
#2785=DIRECTION('ref_axis',(-1.,1.66533453693774E-15,0.));
#2786=DIRECTION('',(0.,0.,1.));
#2787=DIRECTION('center_axis',(0.,0.,-1.));
#2788=DIRECTION('ref_axis',(-1.,1.66533453693774E-15,0.));
#2789=DIRECTION('center_axis',(-1.,4.8291378362219E-16,0.));
#2790=DIRECTION('ref_axis',(-4.8291378362219E-16,-1.,0.));
#2791=DIRECTION('',(-4.8291378362219E-16,-1.,0.));
#2792=DIRECTION('',(0.,0.,1.));
#2793=DIRECTION('',(4.8291378362219E-16,1.,0.));
#2794=DIRECTION('center_axis',(0.,0.,1.));
#2795=DIRECTION('ref_axis',(-0.500000000000001,0.866025403784438,0.));
#2796=DIRECTION('center_axis',(0.,0.,1.));
#2797=DIRECTION('ref_axis',(-0.500000000000001,0.866025403784438,0.));
#2798=DIRECTION('',(0.,0.,1.));
#2799=DIRECTION('center_axis',(0.,0.,-1.));
#2800=DIRECTION('ref_axis',(-0.500000000000001,0.866025403784438,0.));
#2801=DIRECTION('center_axis',(-0.499999999999999,0.866025403784439,0.));
#2802=DIRECTION('ref_axis',(-0.866025403784439,-0.499999999999999,0.));
#2803=DIRECTION('',(-0.866025403784439,-0.499999999999999,0.));
#2804=DIRECTION('',(0.,0.,1.));
#2805=DIRECTION('',(0.866025403784439,0.499999999999999,0.));
#2806=DIRECTION('center_axis',(0.,0.,1.));
#2807=DIRECTION('ref_axis',(0.499999999999998,0.86602540378444,0.));
#2808=DIRECTION('center_axis',(0.,0.,1.));
#2809=DIRECTION('ref_axis',(0.499999999999998,0.86602540378444,0.));
#2810=DIRECTION('center_axis',(0.,0.,-1.));
#2811=DIRECTION('ref_axis',(0.499999999999998,0.86602540378444,0.));
#2812=DIRECTION('center_axis',(0.,0.,1.));
#2813=DIRECTION('ref_axis',(-1.,0.,0.));
#2814=DIRECTION('center_axis',(0.,0.,-1.));
#2815=DIRECTION('ref_axis',(1.,0.,0.));
#2816=DIRECTION('center_axis',(0.,0.,1.));
#2817=DIRECTION('ref_axis',(-1.,0.,0.));
#2818=DIRECTION('center_axis',(0.,0.,-1.));
#2819=DIRECTION('ref_axis',(-1.,0.,0.));
#2820=DIRECTION('center_axis',(0.,0.,-1.));
#2821=DIRECTION('ref_axis',(-1.,0.,0.));
#2822=DIRECTION('',(-0.707106781186548,8.65956056235494E-17,0.707106781186547));
#2823=DIRECTION('center_axis',(0.,0.,1.));
#2824=DIRECTION('ref_axis',(-1.,0.,0.));
#2825=DIRECTION('center_axis',(0.,0.,-1.));
#2826=DIRECTION('ref_axis',(-1.,0.,0.));
#2827=DIRECTION('center_axis',(0.,0.,-1.));
#2828=DIRECTION('ref_axis',(-1.,0.,0.));
#2829=DIRECTION('center_axis',(0.,0.,-1.));
#2830=DIRECTION('ref_axis',(-1.,0.,0.));
#2831=DIRECTION('center_axis',(0.,0.,-1.));
#2832=DIRECTION('ref_axis',(-1.,0.,0.));
#2833=DIRECTION('center_axis',(0.,0.,-1.));
#2834=DIRECTION('ref_axis',(-1.,0.,0.));
#2835=DIRECTION('center_axis',(0.,0.,1.));
#2836=DIRECTION('ref_axis',(-1.,0.,0.));
#2837=DIRECTION('center_axis',(0.,0.,1.));
#2838=DIRECTION('ref_axis',(-1.,0.,0.));
#2839=DIRECTION('center_axis',(0.,0.,1.));
#2840=DIRECTION('ref_axis',(-1.,0.,0.));
#2841=DIRECTION('center_axis',(0.,0.,1.));
#2842=DIRECTION('ref_axis',(-1.,0.,0.));
#2843=DIRECTION('center_axis',(0.,0.,1.));
#2844=DIRECTION('ref_axis',(-1.,0.,0.));
#2845=DIRECTION('center_axis',(0.,0.,-1.));
#2846=DIRECTION('ref_axis',(-1.,0.,0.));
#2847=DIRECTION('',(0.,0.,1.));
#2848=DIRECTION('center_axis',(0.,0.,-1.));
#2849=DIRECTION('ref_axis',(-1.,0.,0.));
#2850=DIRECTION('',(0.,0.,-1.));
#2851=DIRECTION('center_axis',(0.,0.,1.));
#2852=DIRECTION('ref_axis',(-1.,0.,0.));
#2853=DIRECTION('',(0.,0.,1.));
#2854=DIRECTION('center_axis',(0.,0.,-1.));
#2855=DIRECTION('ref_axis',(-1.,0.,0.));
#2856=DIRECTION('',(0.,0.,-1.));
#2857=DIRECTION('center_axis',(0.,0.,1.));
#2858=DIRECTION('ref_axis',(-1.,0.,0.));
#2859=DIRECTION('',(0.,0.,1.));
#2860=DIRECTION('center_axis',(0.,0.,-1.));
#2861=DIRECTION('ref_axis',(-1.,0.,0.));
#2862=DIRECTION('',(0.,0.,-1.));
#2863=DIRECTION('center_axis',(0.,0.,1.));
#2864=DIRECTION('ref_axis',(-1.,0.,0.));
#2865=DIRECTION('',(0.,0.,1.));
#2866=DIRECTION('center_axis',(0.,0.,-1.));
#2867=DIRECTION('ref_axis',(-1.,0.,0.));
#2868=DIRECTION('',(0.,0.,-1.));
#2869=DIRECTION('center_axis',(0.,0.,1.));
#2870=DIRECTION('ref_axis',(-1.,0.,0.));
#2871=DIRECTION('',(0.,0.,1.));
#2872=DIRECTION('center_axis',(0.,0.,-1.));
#2873=DIRECTION('ref_axis',(-1.,0.,0.));
#2874=DIRECTION('',(0.,0.,-1.));
#2875=DIRECTION('center_axis',(0.,0.,1.));
#2876=DIRECTION('ref_axis',(-1.,0.,0.));
#2877=DIRECTION('',(0.,0.,1.));
#2878=DIRECTION('center_axis',(0.,0.,-1.));
#2879=DIRECTION('ref_axis',(-1.,0.,0.));
#2880=DIRECTION('',(0.,0.,-1.));
#2881=DIRECTION('center_axis',(0.,0.,1.));
#2882=DIRECTION('ref_axis',(-1.,0.,0.));
#2883=DIRECTION('',(0.,0.,1.));
#2884=DIRECTION('center_axis',(0.,0.,-1.));
#2885=DIRECTION('ref_axis',(-1.,0.,0.));
#2886=DIRECTION('',(0.,0.,-1.));
#2887=DIRECTION('center_axis',(0.,0.,1.));
#2888=DIRECTION('ref_axis',(-1.,0.,0.));
#2889=DIRECTION('',(0.,0.,1.));
#2890=DIRECTION('center_axis',(0.,0.,-1.));
#2891=DIRECTION('ref_axis',(-1.,0.,0.));
#2892=DIRECTION('',(0.,0.,-1.));
#2893=DIRECTION('center_axis',(0.,0.,1.));
#2894=DIRECTION('ref_axis',(-1.,0.,0.));
#2895=DIRECTION('',(0.,0.,1.));
#2896=DIRECTION('center_axis',(0.,0.,-1.));
#2897=DIRECTION('ref_axis',(-1.,0.,0.));
#2898=DIRECTION('',(0.,0.,-1.));
#2899=DIRECTION('center_axis',(0.,0.,-1.));
#2900=DIRECTION('ref_axis',(-1.,0.,0.));
#2901=DIRECTION('',(0.,0.,-1.));
#2902=DIRECTION('center_axis',(0.,0.,1.));
#2903=DIRECTION('ref_axis',(-1.,0.,0.));
#2904=DIRECTION('',(0.,0.,1.));
#2905=DIRECTION('center_axis',(0.,0.,-1.));
#2906=DIRECTION('ref_axis',(-1.,0.,0.));
#2907=DIRECTION('',(0.,0.,-1.));
#2908=DIRECTION('center_axis',(0.,0.,1.));
#2909=DIRECTION('ref_axis',(-1.,0.,0.));
#2910=DIRECTION('center_axis',(0.,0.,-1.));
#2911=DIRECTION('ref_axis',(0.15643446504023,-0.987688340595138,0.));
#2912=DIRECTION('center_axis',(0.415626937777453,0.572061402817683,0.707106781186549));
#2913=DIRECTION('ref_axis',(-0.415626937777455,-0.572061402817685,0.707106781186546));
#2914=DIRECTION('',(0.,0.,1.));
#2915=DIRECTION('center_axis',(0.415626937777453,0.572061402817682,-0.707106781186549));
#2916=DIRECTION('ref_axis',(-0.415626937777455,-0.572061402817685,-0.707106781186546));
#2917=DIRECTION('',(0.,0.,-1.));
#2918=DIRECTION('center_axis',(-0.587785252292474,-0.809016994374947,0.));
#2919=DIRECTION('ref_axis',(-0.809016994374947,0.587785252292474,0.));
#2920=DIRECTION('',(0.809016994374947,-0.587785252292474,0.));
#2921=DIRECTION('',(0.,0.,1.));
#2922=DIRECTION('',(-0.809016994374947,0.587785252292474,0.));
#2923=DIRECTION('center_axis',(-0.415626937777453,-0.572061402817682,0.707106781186549));
#2924=DIRECTION('ref_axis',(0.862103722396976,0.,0.506731853971385));
#2925=DIRECTION('',(0.415626937777455,0.572061402817686,0.707106781186546));
#2926=DIRECTION('',(-0.809016994374947,0.587785252292474,0.));
#2927=DIRECTION('',(-0.415626937777454,-0.572061402817686,-0.707106781186546));
#2928=DIRECTION('center_axis',(0.415626937777453,0.572061402817682,-0.707106781186549));
#2929=DIRECTION('ref_axis',(-0.415626937777455,-0.572061402817685,-0.707106781186546));
#2930=DIRECTION('center_axis',(0.,0.,-1.));
#2931=DIRECTION('ref_axis',(-0.987688340595138,-0.156434465040232,0.));
#2932=DIRECTION('center_axis',(0.415626937777453,0.572061402817683,0.707106781186549));
#2933=DIRECTION('ref_axis',(-0.415626937777455,-0.572061402817685,0.707106781186546));
#2934=DIRECTION('',(0.,0.,-1.));
#2935=DIRECTION('center_axis',(-0.809016994374948,0.587785252292473,0.));
#2936=DIRECTION('ref_axis',(0.587785252292473,0.809016994374948,0.));
#2937=DIRECTION('',(0.415626937777454,0.572061402817686,-0.707106781186546));
#2938=DIRECTION('center_axis',(0.,0.,-1.));
#2939=DIRECTION('ref_axis',(-0.453990499739547,-0.891006524188368,0.));
#2940=DIRECTION('center_axis',(0.672498511963956,0.218508012224409,0.707106781186549));
#2941=DIRECTION('ref_axis',(-0.672498511963959,-0.21850801222441,0.707106781186546));
#2942=DIRECTION('',(0.,0.,1.));
#2943=DIRECTION('center_axis',(0.672498511963956,0.218508012224409,-0.707106781186549));
#2944=DIRECTION('ref_axis',(-0.672498511963959,-0.21850801222441,-0.707106781186546));
#2945=DIRECTION('',(0.,0.,-1.));
#2946=DIRECTION('center_axis',(-0.951056516295154,-0.309016994374946,0.));
#2947=DIRECTION('ref_axis',(-0.309016994374946,0.951056516295154,0.));
#2948=DIRECTION('',(0.309016994374946,-0.951056516295154,0.));
#2949=DIRECTION('',(0.,0.,1.));
#2950=DIRECTION('',(-0.309016994374946,0.951056516295154,0.));
#2951=DIRECTION('center_axis',(-0.672498511963956,-0.218508012224409,0.707106781186549));
#2952=DIRECTION('ref_axis',(0.724617040067448,0.,0.68915175777465));
#2953=DIRECTION('',(0.672498511963959,0.218508012224411,0.707106781186546));
#2954=DIRECTION('',(-0.309016994374946,0.951056516295154,0.));
#2955=DIRECTION('',(-0.672498511963958,-0.218508012224411,-0.707106781186546));
#2956=DIRECTION('center_axis',(0.672498511963956,0.218508012224409,-0.707106781186549));
#2957=DIRECTION('ref_axis',(-0.672498511963959,-0.21850801222441,-0.707106781186546));
#2958=DIRECTION('center_axis',(0.,0.,-1.));
#2959=DIRECTION('ref_axis',(-0.891006524188368,0.453990499739546,0.));
#2960=DIRECTION('center_axis',(0.672498511963956,0.218508012224409,0.707106781186549));
#2961=DIRECTION('ref_axis',(-0.672498511963959,-0.21850801222441,0.707106781186546));
#2962=DIRECTION('',(0.,0.,-1.));
#2963=DIRECTION('center_axis',(-0.309016994374948,0.951056516295153,0.));
#2964=DIRECTION('ref_axis',(0.951056516295153,0.309016994374948,0.));
#2965=DIRECTION('',(0.672498511963958,0.218508012224411,-0.707106781186546));
#2966=DIRECTION('center_axis',(0.,0.,-1.));
#2967=DIRECTION('ref_axis',(-0.891006524188369,-0.453990499739546,0.));
#2968=DIRECTION('center_axis',(0.672498511963955,-0.218508012224411,0.707106781186549));
#2969=DIRECTION('ref_axis',(-0.672498511963959,0.218508012224412,0.707106781186546));
#2970=DIRECTION('',(0.,0.,1.));
#2971=DIRECTION('center_axis',(0.672498511963955,-0.218508012224411,-0.70710678118655));
#2972=DIRECTION('ref_axis',(-0.672498511963959,0.218508012224412,-0.707106781186545));
#2973=DIRECTION('',(0.,0.,-1.));
#2974=DIRECTION('center_axis',(-0.951056516295153,0.309016994374949,0.));
#2975=DIRECTION('ref_axis',(0.309016994374949,0.951056516295153,0.));
#2976=DIRECTION('',(-0.309016994374949,-0.951056516295153,0.));
#2977=DIRECTION('',(0.,0.,1.));
#2978=DIRECTION('',(0.309016994374949,0.951056516295153,0.));
#2979=DIRECTION('center_axis',(-0.672498511963955,0.218508012224411,0.70710678118655));
#2980=DIRECTION('ref_axis',(0.724617040067449,0.,0.689151757774649));
#2981=DIRECTION('',(0.672498511963959,-0.218508012224412,0.707106781186545));
#2982=DIRECTION('',(0.309016994374949,0.951056516295153,0.));
#2983=DIRECTION('',(-0.67249851196396,0.218508012224411,-0.707106781186545));
#2984=DIRECTION('center_axis',(0.672498511963955,-0.218508012224411,-0.70710678118655));
#2985=DIRECTION('ref_axis',(-0.672498511963959,0.218508012224412,-0.707106781186545));
#2986=DIRECTION('center_axis',(0.,0.,-1.));
#2987=DIRECTION('ref_axis',(-0.453990499739547,0.891006524188368,0.));
#2988=DIRECTION('center_axis',(0.672498511963955,-0.218508012224411,0.707106781186549));
#2989=DIRECTION('ref_axis',(-0.672498511963959,0.218508012224412,0.707106781186546));
#2990=DIRECTION('',(0.,0.,-1.));
#2991=DIRECTION('center_axis',(0.309016994374947,0.951056516295154,0.));
#2992=DIRECTION('ref_axis',(0.951056516295154,-0.309016994374947,0.));
#2993=DIRECTION('',(0.672498511963959,-0.218508012224411,-0.707106781186546));
#2994=DIRECTION('center_axis',(0.,0.,-1.));
#2995=DIRECTION('ref_axis',(-0.987688340595138,0.156434465040232,0.));
#2996=DIRECTION('center_axis',(0.415626937777452,-0.572061402817684,0.707106781186549));
#2997=DIRECTION('ref_axis',(-0.415626937777454,0.572061402817686,0.707106781186546));
#2998=DIRECTION('',(0.,0.,1.));
#2999=DIRECTION('center_axis',(0.415626937777452,-0.572061402817684,-0.707106781186549));
#3000=DIRECTION('ref_axis',(-0.415626937777454,0.572061402817686,-0.707106781186546));
#3001=DIRECTION('',(0.,0.,-1.));
#3002=DIRECTION('center_axis',(-0.587785252292472,0.809016994374948,0.));
#3003=DIRECTION('ref_axis',(0.809016994374948,0.587785252292472,0.));
#3004=DIRECTION('',(-0.809016994374948,-0.587785252292472,0.));
#3005=DIRECTION('',(0.,0.,1.));
#3006=DIRECTION('',(0.809016994374948,0.587785252292472,0.));
#3007=DIRECTION('center_axis',(-0.415626937777452,0.572061402817684,0.707106781186549));
#3008=DIRECTION('ref_axis',(0.862103722396977,0.,0.506731853971385));
#3009=DIRECTION('',(0.415626937777454,-0.572061402817685,0.707106781186546));
#3010=DIRECTION('',(0.809016994374948,0.587785252292472,0.));
#3011=DIRECTION('',(-0.415626937777455,0.572061402817685,-0.707106781186546));
#3012=DIRECTION('center_axis',(0.415626937777452,-0.572061402817684,-0.707106781186549));
#3013=DIRECTION('ref_axis',(-0.415626937777454,0.572061402817686,-0.707106781186546));
#3014=DIRECTION('center_axis',(0.,0.,-1.));
#3015=DIRECTION('ref_axis',(0.15643446504023,0.987688340595138,0.));
#3016=DIRECTION('center_axis',(0.415626937777452,-0.572061402817684,0.707106781186549));
#3017=DIRECTION('ref_axis',(-0.415626937777454,0.572061402817686,0.707106781186546));
#3018=DIRECTION('',(0.,0.,-1.));
#3019=DIRECTION('center_axis',(0.809016994374947,0.587785252292474,0.));
#3020=DIRECTION('ref_axis',(0.587785252292474,-0.809016994374947,0.));
#3021=DIRECTION('',(0.415626937777455,-0.572061402817685,-0.707106781186546));
#3022=DIRECTION('center_axis',(0.,0.,-1.));
#3023=DIRECTION('ref_axis',(-0.707106781186547,0.707106781186548,0.));
#3024=DIRECTION('center_axis',(-8.63550852276074E-16,-0.707106781186546,
0.707106781186549));
#3025=DIRECTION('ref_axis',(7.97312576675356E-16,0.707106781186549,0.707106781186546));
#3026=DIRECTION('',(0.,0.,1.));
#3027=DIRECTION('center_axis',(-8.63550852276074E-16,-0.707106781186546,
-0.707106781186549));
#3028=DIRECTION('ref_axis',(7.97312576675356E-16,0.707106781186549,-0.707106781186546));
#3029=DIRECTION('',(0.,0.,-1.));
#3030=DIRECTION('center_axis',(1.22124532708767E-15,1.,0.));
#3031=DIRECTION('ref_axis',(1.,-1.22124532708767E-15,0.));
#3032=DIRECTION('',(-1.,1.22124532708767E-15,0.));
#3033=DIRECTION('',(0.,0.,1.));
#3034=DIRECTION('',(1.,-1.22124532708767E-15,0.));
#3035=DIRECTION('center_axis',(8.63550852276074E-16,0.707106781186546,0.707106781186549));
#3036=DIRECTION('ref_axis',(1.,0.,-1.22124532708767E-15));
#3037=DIRECTION('',(-3.92523114670945E-16,-0.707106781186549,0.707106781186546));
#3038=DIRECTION('',(1.,-1.22124532708767E-15,0.));
#3039=DIRECTION('',(-4.31775426138039E-16,0.707106781186549,-0.707106781186546));
#3040=DIRECTION('center_axis',(-8.63550852276074E-16,-0.707106781186546,
-0.707106781186549));
#3041=DIRECTION('ref_axis',(8.58644313342691E-16,0.707106781186549,-0.707106781186546));
#3042=DIRECTION('center_axis',(0.,0.,-1.));
#3043=DIRECTION('ref_axis',(0.707106781186548,0.707106781186547,0.));
#3044=DIRECTION('center_axis',(-8.63550852276074E-16,-0.707106781186546,
0.707106781186549));
#3045=DIRECTION('ref_axis',(8.58644313342691E-16,0.707106781186549,0.707106781186546));
#3046=DIRECTION('',(0.,0.,-1.));
#3047=DIRECTION('center_axis',(1.,6.10622663543836E-16,0.));
#3048=DIRECTION('ref_axis',(6.10622663543836E-16,-1.,0.));
#3049=DIRECTION('',(4.31775426138039E-16,-0.707106781186549,-0.707106781186546));
#3050=DIRECTION('center_axis',(0.,0.,-1.));
#3051=DIRECTION('ref_axis',(-0.15643446504023,0.987688340595138,0.));
#3052=DIRECTION('center_axis',(-0.415626937777453,-0.572061402817683,0.707106781186549));
#3053=DIRECTION('ref_axis',(0.415626937777455,0.572061402817685,0.707106781186546));
#3054=DIRECTION('',(0.,0.,1.));
#3055=DIRECTION('center_axis',(-0.415626937777453,-0.572061402817683,-0.707106781186549));
#3056=DIRECTION('ref_axis',(0.415626937777455,0.572061402817685,-0.707106781186546));
#3057=DIRECTION('',(0.,0.,-1.));
#3058=DIRECTION('center_axis',(0.587785252292474,0.809016994374947,0.));
#3059=DIRECTION('ref_axis',(0.809016994374947,-0.587785252292474,0.));
#3060=DIRECTION('',(-0.809016994374947,0.587785252292474,0.));
#3061=DIRECTION('',(0.,0.,1.));
#3062=DIRECTION('',(0.809016994374947,-0.587785252292474,0.));
#3063=DIRECTION('center_axis',(0.415626937777453,0.572061402817683,0.707106781186549));
#3064=DIRECTION('ref_axis',(0.862103722396976,0.,-0.506731853971386));
#3065=DIRECTION('',(-0.415626937777455,-0.572061402817685,0.707106781186546));
#3066=DIRECTION('',(0.809016994374947,-0.587785252292474,0.));
#3067=DIRECTION('',(0.415626937777454,0.572061402817686,-0.707106781186546));
#3068=DIRECTION('center_axis',(-0.415626937777453,-0.572061402817683,-0.707106781186549));
#3069=DIRECTION('ref_axis',(0.415626937777455,0.572061402817685,-0.707106781186546));
#3070=DIRECTION('center_axis',(0.,0.,-1.));
#3071=DIRECTION('ref_axis',(0.987688340595138,0.156434465040229,0.));
#3072=DIRECTION('center_axis',(-0.415626937777453,-0.572061402817683,0.707106781186549));
#3073=DIRECTION('ref_axis',(0.415626937777455,0.572061402817685,0.707106781186546));
#3074=DIRECTION('',(0.,0.,-1.));
#3075=DIRECTION('center_axis',(0.809016994374948,-0.587785252292473,0.));
#3076=DIRECTION('ref_axis',(-0.587785252292473,-0.809016994374948,0.));
#3077=DIRECTION('',(-0.415626937777454,-0.572061402817686,-0.707106781186546));
#3078=DIRECTION('center_axis',(0.,0.,-1.));
#3079=DIRECTION('ref_axis',(0.453990499739548,0.891006524188367,0.));
#3080=DIRECTION('center_axis',(-0.672498511963956,-0.218508012224409,0.707106781186549));
#3081=DIRECTION('ref_axis',(0.672498511963959,0.21850801222441,0.707106781186546));
#3082=DIRECTION('',(0.,0.,1.));
#3083=DIRECTION('center_axis',(-0.672498511963956,-0.218508012224409,-0.707106781186549));
#3084=DIRECTION('ref_axis',(0.672498511963959,0.21850801222441,-0.707106781186546));
#3085=DIRECTION('',(0.,0.,-1.));
#3086=DIRECTION('center_axis',(0.951056516295154,0.309016994374946,0.));
#3087=DIRECTION('ref_axis',(0.309016994374946,-0.951056516295154,0.));
#3088=DIRECTION('',(-0.309016994374946,0.951056516295154,0.));
#3089=DIRECTION('',(0.,0.,1.));
#3090=DIRECTION('',(0.309016994374946,-0.951056516295154,0.));
#3091=DIRECTION('center_axis',(0.672498511963956,0.218508012224409,0.707106781186549));
#3092=DIRECTION('ref_axis',(0.724617040067449,0.,-0.68915175777465));
#3093=DIRECTION('',(-0.672498511963959,-0.218508012224411,0.707106781186546));
#3094=DIRECTION('',(0.309016994374946,-0.951056516295154,0.));
#3095=DIRECTION('',(0.672498511963959,0.218508012224412,-0.707106781186546));
#3096=DIRECTION('center_axis',(-0.672498511963956,-0.218508012224409,-0.707106781186549));
#3097=DIRECTION('ref_axis',(0.672498511963959,0.21850801222441,-0.707106781186546));
#3098=DIRECTION('center_axis',(0.,0.,-1.));
#3099=DIRECTION('ref_axis',(0.891006524188368,-0.453990499739546,0.));
#3100=DIRECTION('center_axis',(-0.672498511963956,-0.218508012224409,0.707106781186549));
#3101=DIRECTION('ref_axis',(0.672498511963959,0.21850801222441,0.707106781186546));
#3102=DIRECTION('',(0.,0.,-1.));
#3103=DIRECTION('center_axis',(0.309016994374948,-0.951056516295153,0.));
#3104=DIRECTION('ref_axis',(-0.951056516295153,-0.309016994374948,0.));
#3105=DIRECTION('',(-0.672498511963959,-0.218508012224411,-0.707106781186546));
#3106=DIRECTION('center_axis',(0.,0.,-1.));
#3107=DIRECTION('ref_axis',(0.891006524188369,0.453990499739546,0.));
#3108=DIRECTION('center_axis',(-0.672498511963956,0.218508012224411,0.707106781186549));
#3109=DIRECTION('ref_axis',(0.672498511963959,-0.218508012224412,0.707106781186546));
#3110=DIRECTION('',(0.,0.,1.));
#3111=DIRECTION('center_axis',(-0.672498511963956,0.218508012224411,-0.707106781186549));
#3112=DIRECTION('ref_axis',(0.672498511963958,-0.218508012224412,-0.707106781186546));
#3113=DIRECTION('',(0.,0.,-1.));
#3114=DIRECTION('center_axis',(0.951056516295153,-0.309016994374949,0.));
#3115=DIRECTION('ref_axis',(-0.309016994374949,-0.951056516295153,0.));
#3116=DIRECTION('',(0.309016994374949,0.951056516295153,0.));
#3117=DIRECTION('',(0.,0.,1.));
#3118=DIRECTION('',(-0.309016994374949,-0.951056516295153,0.));
#3119=DIRECTION('center_axis',(0.672498511963956,-0.218508012224411,0.707106781186549));
#3120=DIRECTION('ref_axis',(0.724617040067448,0.,-0.68915175777465));
#3121=DIRECTION('',(-0.672498511963958,0.218508012224411,0.707106781186546));
#3122=DIRECTION('',(-0.309016994374949,-0.951056516295153,0.));
#3123=DIRECTION('',(0.672498511963959,-0.21850801222441,-0.707106781186546));
#3124=DIRECTION('center_axis',(-0.672498511963956,0.218508012224411,-0.707106781186549));
#3125=DIRECTION('ref_axis',(0.672498511963958,-0.218508012224412,-0.707106781186546));
#3126=DIRECTION('center_axis',(0.,0.,-1.));
#3127=DIRECTION('ref_axis',(0.453990499739546,-0.891006524188368,0.));
#3128=DIRECTION('center_axis',(-0.672498511963956,0.218508012224411,0.707106781186549));
#3129=DIRECTION('ref_axis',(0.672498511963959,-0.218508012224412,0.707106781186546));
#3130=DIRECTION('',(0.,0.,-1.));
#3131=DIRECTION('center_axis',(-0.309016994374947,-0.951056516295154,0.));
#3132=DIRECTION('ref_axis',(-0.951056516295154,0.309016994374947,0.));
#3133=DIRECTION('',(-0.672498511963959,0.21850801222441,-0.707106781186546));
#3134=DIRECTION('center_axis',(0.,0.,-1.));
#3135=DIRECTION('ref_axis',(0.987688340595138,-0.15643446504023,0.));
#3136=DIRECTION('center_axis',(-0.415626937777452,0.572061402817684,0.707106781186549));
#3137=DIRECTION('ref_axis',(0.415626937777454,-0.572061402817686,0.707106781186546));
#3138=DIRECTION('',(0.,0.,1.));
#3139=DIRECTION('center_axis',(-0.415626937777452,0.572061402817684,-0.707106781186549));
#3140=DIRECTION('ref_axis',(0.415626937777454,-0.572061402817686,-0.707106781186546));
#3141=DIRECTION('',(0.,0.,-1.));
#3142=DIRECTION('center_axis',(0.587785252292472,-0.809016994374948,0.));
#3143=DIRECTION('ref_axis',(-0.809016994374948,-0.587785252292472,0.));
#3144=DIRECTION('',(0.809016994374948,0.587785252292472,0.));
#3145=DIRECTION('',(0.,0.,1.));
#3146=DIRECTION('',(-0.809016994374948,-0.587785252292472,0.));
#3147=DIRECTION('center_axis',(0.415626937777452,-0.572061402817684,0.707106781186549));
#3148=DIRECTION('ref_axis',(0.862103722396977,0.,-0.506731853971384));
#3149=DIRECTION('',(-0.415626937777454,0.572061402817686,0.707106781186546));
#3150=DIRECTION('',(-0.809016994374948,-0.587785252292472,0.));
#3151=DIRECTION('',(0.415626937777455,-0.572061402817685,-0.707106781186546));
#3152=DIRECTION('center_axis',(-0.415626937777452,0.572061402817684,-0.707106781186549));
#3153=DIRECTION('ref_axis',(0.415626937777454,-0.572061402817686,-0.707106781186546));
#3154=DIRECTION('center_axis',(0.,0.,-1.));
#3155=DIRECTION('ref_axis',(-0.156434465040232,-0.987688340595138,0.));
#3156=DIRECTION('center_axis',(-0.415626937777452,0.572061402817684,0.707106781186549));
#3157=DIRECTION('ref_axis',(0.415626937777454,-0.572061402817686,0.707106781186546));
#3158=DIRECTION('',(0.,0.,-1.));
#3159=DIRECTION('center_axis',(-0.809016994374947,-0.587785252292474,0.));
#3160=DIRECTION('ref_axis',(-0.587785252292474,0.809016994374947,0.));
#3161=DIRECTION('',(-0.415626937777455,0.572061402817685,-0.707106781186546));
#3162=DIRECTION('center_axis',(-0.415626937777453,-0.572061402817683,-0.707106781186549));
#3163=DIRECTION('ref_axis',(-0.862103722396976,0.,0.506731853971386));
#3164=DIRECTION('',(0.809016994374947,-0.587785252292474,0.));
#3165=DIRECTION('',(-0.415626937777455,-0.572061402817685,0.707106781186546));
#3166=DIRECTION('center_axis',(0.,0.,1.));
#3167=DIRECTION('ref_axis',(-0.809016994374947,0.587785252292473,0.));
#3168=DIRECTION('center_axis',(-0.672498511963956,-0.218508012224409,-0.707106781186549));
#3169=DIRECTION('ref_axis',(-0.724617040067448,0.,0.689151757774651));
#3170=DIRECTION('',(0.309016994374946,-0.951056516295154,0.));
#3171=DIRECTION('',(-0.672498511963959,-0.218508012224411,0.707106781186546));
#3172=DIRECTION('center_axis',(0.,0.,1.));
#3173=DIRECTION('ref_axis',(-0.309016994374947,0.951056516295154,0.));
#3174=DIRECTION('center_axis',(-0.672498511963955,0.218508012224411,-0.707106781186549));
#3175=DIRECTION('ref_axis',(-0.724617040067449,0.,0.68915175777465));
#3176=DIRECTION('',(-0.309016994374949,-0.951056516295153,0.));
#3177=DIRECTION('',(-0.672498511963959,0.218508012224411,0.707106781186546));
#3178=DIRECTION('center_axis',(0.,0.,1.));
#3179=DIRECTION('ref_axis',(0.309016994374948,0.951056516295154,0.));
#3180=DIRECTION('center_axis',(-0.415626937777452,0.572061402817684,-0.707106781186549));
#3181=DIRECTION('ref_axis',(-0.862103722396977,0.,0.506731853971384));
#3182=DIRECTION('',(-0.809016994374948,-0.587785252292472,0.));
#3183=DIRECTION('',(-0.415626937777454,0.572061402817686,0.707106781186546));
#3184=DIRECTION('center_axis',(0.,0.,1.));
#3185=DIRECTION('ref_axis',(0.809016994374947,0.587785252292473,0.));
#3186=DIRECTION('center_axis',(8.63550852276074E-16,0.707106781186546,-0.707106781186549));
#3187=DIRECTION('ref_axis',(-1.,0.,-1.22124532708767E-15));
#3188=DIRECTION('',(-1.,1.22124532708767E-15,0.));
#3189=DIRECTION('',(3.92523114670945E-16,0.707106781186549,0.707106781186546));
#3190=DIRECTION('center_axis',(0.,0.,1.));
#3191=DIRECTION('ref_axis',(1.,-1.11022302462516E-16,0.));
#3192=DIRECTION('center_axis',(0.415626937777453,0.572061402817683,-0.707106781186549));
#3193=DIRECTION('ref_axis',(-0.862103722396976,0.,-0.506731853971386));
#3194=DIRECTION('',(-0.809016994374947,0.587785252292474,0.));
#3195=DIRECTION('',(0.415626937777455,0.572061402817685,0.707106781186546));
#3196=DIRECTION('center_axis',(0.,0.,1.));
#3197=DIRECTION('ref_axis',(0.809016994374947,-0.587785252292473,0.));
#3198=DIRECTION('center_axis',(0.672498511963956,0.218508012224409,-0.707106781186549));
#3199=DIRECTION('ref_axis',(-0.724617040067448,0.,-0.68915175777465));
#3200=DIRECTION('',(-0.309016994374946,0.951056516295154,0.));
#3201=DIRECTION('',(0.672498511963959,0.218508012224411,0.707106781186546));
#3202=DIRECTION('center_axis',(0.,0.,1.));
#3203=DIRECTION('ref_axis',(0.309016994374947,-0.951056516295154,0.));
#3204=DIRECTION('center_axis',(0.672498511963956,-0.218508012224411,-0.707106781186549));
#3205=DIRECTION('ref_axis',(-0.724617040067448,0.,-0.68915175777465));
#3206=DIRECTION('',(0.309016994374949,0.951056516295153,0.));
#3207=DIRECTION('',(0.672498511963959,-0.218508012224411,0.707106781186546));
#3208=DIRECTION('center_axis',(0.,0.,1.));
#3209=DIRECTION('ref_axis',(-0.309016994374947,-0.951056516295154,0.));
#3210=DIRECTION('center_axis',(0.415626937777452,-0.572061402817684,-0.707106781186549));
#3211=DIRECTION('ref_axis',(-0.862103722396977,0.,-0.506731853971384));
#3212=DIRECTION('',(0.809016994374948,0.587785252292472,0.));
#3213=DIRECTION('',(0.415626937777454,-0.572061402817686,0.707106781186546));
#3214=DIRECTION('center_axis',(0.,0.,1.));
#3215=DIRECTION('ref_axis',(-0.809016994374947,-0.587785252292473,0.));
#3216=DIRECTION('center_axis',(0.809016994374947,-0.587785252292474,0.));
#3217=DIRECTION('ref_axis',(-0.587785252292474,-0.809016994374947,0.));
#3218=DIRECTION('center_axis',(0.309016994374947,-0.951056516295154,0.));
#3219=DIRECTION('ref_axis',(-0.951056516295154,-0.309016994374947,0.));
#3220=DIRECTION('center_axis',(-0.309016994374948,-0.951056516295154,0.));
#3221=DIRECTION('ref_axis',(-0.951056516295153,0.309016994374948,0.));
#3222=DIRECTION('center_axis',(-0.809016994374948,-0.587785252292473,0.));
#3223=DIRECTION('ref_axis',(-0.587785252292473,0.809016994374948,0.));
#3224=DIRECTION('center_axis',(-1.,5.55111512312578E-16,0.));
#3225=DIRECTION('ref_axis',(5.55111512312578E-16,1.,0.));
#3226=DIRECTION('center_axis',(-0.809016994374947,0.587785252292474,0.));
#3227=DIRECTION('ref_axis',(0.587785252292474,0.809016994374947,0.));
#3228=DIRECTION('center_axis',(-0.309016994374947,0.951056516295154,0.));
#3229=DIRECTION('ref_axis',(0.951056516295154,0.309016994374947,0.));
#3230=DIRECTION('center_axis',(0.309016994374948,0.951056516295154,0.));
#3231=DIRECTION('ref_axis',(0.951056516295153,-0.309016994374948,0.));
#3232=DIRECTION('center_axis',(0.809016994374948,0.587785252292473,0.));
#3233=DIRECTION('ref_axis',(0.587785252292473,-0.809016994374948,0.));
#3234=DIRECTION('center_axis',(0.,0.,-1.));
#3235=DIRECTION('ref_axis',(0.707106781186548,-0.707106781186547,0.));
#3236=DIRECTION('center_axis',(7.85046229341887E-16,0.707106781186547,0.707106781186548));
#3237=DIRECTION('ref_axis',(-7.97312576675355E-16,-0.707106781186548,0.707106781186547));
#3238=DIRECTION('',(0.,0.,1.));
#3239=DIRECTION('center_axis',(7.85046229341887E-16,0.707106781186547,-0.707106781186548));
#3240=DIRECTION('ref_axis',(-7.97312576675355E-16,-0.707106781186548,-0.707106781186547));
#3241=DIRECTION('',(0.,0.,-1.));
#3242=DIRECTION('center_axis',(-1.11022302462516E-15,-1.,0.));
#3243=DIRECTION('ref_axis',(-1.,1.11022302462516E-15,0.));
#3244=DIRECTION('',(1.,-1.11022302462516E-15,0.));
#3245=DIRECTION('',(0.,0.,1.));
#3246=DIRECTION('',(-1.,1.11022302462516E-15,0.));
#3247=DIRECTION('center_axis',(-7.85046229341887E-16,-0.707106781186547,
0.707106781186548));
#3248=DIRECTION('ref_axis',(1.,0.,1.11022302462515E-15));
#3249=DIRECTION('',(2.4532694666934E-16,0.707106781186548,0.707106781186547));
#3250=DIRECTION('',(-1.,1.11022302462516E-15,0.));
#3251=DIRECTION('',(5.39719282672549E-16,-0.707106781186548,-0.707106781186547));
#3252=DIRECTION('center_axis',(7.85046229341887E-16,0.707106781186547,-0.707106781186548));
#3253=DIRECTION('ref_axis',(-7.3598084000802E-16,-0.707106781186548,-0.707106781186547));
#3254=DIRECTION('center_axis',(0.,0.,-1.));
#3255=DIRECTION('ref_axis',(-0.707106781186549,-0.707106781186546,0.));
#3256=DIRECTION('center_axis',(7.85046229341887E-16,0.707106781186547,0.707106781186548));
#3257=DIRECTION('ref_axis',(-7.3598084000802E-16,-0.707106781186548,0.707106781186547));
#3258=DIRECTION('',(0.,0.,-1.));
#3259=DIRECTION('center_axis',(-1.,-7.63278329429796E-16,0.));
#3260=DIRECTION('ref_axis',(-7.63278329429796E-16,1.,0.));
#3261=DIRECTION('',(-5.39719282672549E-16,0.707106781186548,-0.707106781186547));
#3262=DIRECTION('center_axis',(-7.85046229341887E-16,-0.707106781186547,
-0.707106781186548));
#3263=DIRECTION('ref_axis',(-1.,0.,1.11022302462515E-15));
#3264=DIRECTION('',(1.,-1.11022302462516E-15,0.));
#3265=DIRECTION('',(-2.4532694666934E-16,-0.707106781186548,0.707106781186547));
#3266=DIRECTION('center_axis',(0.,0.,1.));
#3267=DIRECTION('ref_axis',(-1.,0.,0.));
#3268=DIRECTION('center_axis',(1.,-3.46944695195361E-16,0.));
#3269=DIRECTION('ref_axis',(-3.46944695195361E-16,-1.,0.));
#3270=DIRECTION('center_axis',(0.,0.,-1.));
#3271=DIRECTION('ref_axis',(-1.,0.,0.));
#3272=DIRECTION('center_axis',(0.,0.,1.));
#3273=DIRECTION('ref_axis',(-1.,0.,0.));
#3274=DIRECTION('',(0.,0.,1.));
#3275=DIRECTION('center_axis',(0.,0.,1.));
#3276=DIRECTION('ref_axis',(-1.,0.,0.));
#3277=DIRECTION('',(-0.866025403784438,0.5,0.));
#3278=DIRECTION('',(0.866025403784439,0.5,0.));
#3279=DIRECTION('center_axis',(0.,0.,1.));
#3280=DIRECTION('ref_axis',(-1.,0.,0.));
#3281=DIRECTION('',(8.9214350193093E-16,1.,0.));
#3282=DIRECTION('',(0.866025403784438,-0.5,0.));
#3283=DIRECTION('center_axis',(0.5,-0.866025403784439,0.));
#3284=DIRECTION('ref_axis',(0.866025403784439,0.5,0.));
#3285=DIRECTION('',(0.,0.,1.));
#3286=DIRECTION('',(0.866025403784439,0.5,0.));
#3287=DIRECTION('',(0.,0.,1.));
#3288=DIRECTION('center_axis',(-0.5,-0.866025403784438,0.));
#3289=DIRECTION('ref_axis',(0.866025403784438,-0.5,0.));
#3290=DIRECTION('',(0.866025403784438,-0.5,0.));
#3291=DIRECTION('',(0.,0.,1.));
#3292=DIRECTION('center_axis',(-1.,8.9214350193093E-16,0.));
#3293=DIRECTION('ref_axis',(-8.9214350193093E-16,-1.,0.));
#3294=DIRECTION('',(-8.9214350193093E-16,-1.,0.));
#3295=DIRECTION('',(0.,0.,1.));
#3296=DIRECTION('center_axis',(-0.5,0.866025403784439,0.));
#3297=DIRECTION('ref_axis',(-0.866025403784439,-0.5,0.));
#3298=DIRECTION('',(-0.866025403784439,-0.5,0.));
#3299=DIRECTION('',(0.,0.,1.));
#3300=DIRECTION('center_axis',(0.5,0.866025403784439,0.));
#3301=DIRECTION('ref_axis',(-0.866025403784439,0.5,0.));
#3302=DIRECTION('',(-0.866025403784439,0.5,0.));
#3303=DIRECTION('',(0.,0.,1.));
#3304=DIRECTION('center_axis',(1.,-3.96508223080413E-16,0.));
#3305=DIRECTION('ref_axis',(3.96508223080413E-16,1.,0.));
#3306=DIRECTION('',(3.96508223080413E-16,1.,0.));
#3307=DIRECTION('center_axis',(0.,0.,1.));
#3308=DIRECTION('ref_axis',(-1.,0.,0.));
#3309=DIRECTION('center_axis',(0.,0.,1.));
#3310=DIRECTION('ref_axis',(-1.,0.,0.));
#3311=CARTESIAN_POINT('',(0.,0.,0.));
#3312=CARTESIAN_POINT('Origin',(0.,0.,54.003));
#3313=CARTESIAN_POINT('',(4.24967676956655,-3.6423418091347E-6,52.2481707020022));
#3314=CARTESIAN_POINT('',(4.24948548869868,-1.30857252318706E-6,53.8578553758038));
#3315=CARTESIAN_POINT('',(4.25,-5.20474889637625E-16,54.003));
#3316=CARTESIAN_POINT('',(-1.24793017337967,4.06265557023588,54.0029999999993));
#3317=CARTESIAN_POINT('Ctrl Pts',(4.24967676956656,-3.6423418091347E-6,
52.2481707020022));
#3318=CARTESIAN_POINT('Ctrl Pts',(4.24937144584961,0.451815001694514,52.3479775502995));
#3319=CARTESIAN_POINT('Ctrl Pts',(4.06154834010366,1.63663081158791,52.6096505133563));
#3320=CARTESIAN_POINT('Ctrl Pts',(2.97939918160297,3.29747394871603,53.0331882181154));
#3321=CARTESIAN_POINT('Ctrl Pts',(0.961594631685515,4.33831290418657,53.51833107356));
#3322=CARTESIAN_POINT('Ctrl Pts',(-0.550023774585114,4.27744178349482,53.8415956046429));
#3323=CARTESIAN_POINT('Ctrl Pts',(-1.24803193790796,4.06298890182513,54.0030033029851));
#3324=CARTESIAN_POINT('',(4.1993244352622,0.654350278833758,54.003));
#3325=CARTESIAN_POINT('Origin',(0.,0.,54.003));
#3326=CARTESIAN_POINT('Ctrl Pts',(4.1993244352622,0.654350278833757,54.003));
#3327=CARTESIAN_POINT('Ctrl Pts',(4.23303934422333,0.437983226487636,53.9546179971421));
#3328=CARTESIAN_POINT('Ctrl Pts',(4.2496708938053,0.218994950581684,53.9062365489684));
#3329=CARTESIAN_POINT('Ctrl Pts',(4.24948548869868,-1.30857252314542E-6,
53.8578553758038));
#3330=CARTESIAN_POINT('Origin',(0.,0.,54.003));
#3331=CARTESIAN_POINT('',(4.24849452929796,-1.86448270210124E-5,46.3482373122588));
#3332=CARTESIAN_POINT('',(4.24962370453895,3.38483086653046E-6,47.9578300857608));
#3333=CARTESIAN_POINT('',(4.25,-5.20474889637625E-16,54.003));
#3334=CARTESIAN_POINT('Ctrl Pts',(4.24849452929796,-1.86448270209361E-5,
46.3482373122588));
#3335=CARTESIAN_POINT('Ctrl Pts',(4.24748117282636,0.561637957592925,46.4722963484698));
#3336=CARTESIAN_POINT('Ctrl Pts',(3.99376227831877,1.85674388517802,46.7582195686155));
#3337=CARTESIAN_POINT('Ctrl Pts',(2.71393983512533,3.51820064503578,47.2060127500916));
#3338=CARTESIAN_POINT('Ctrl Pts',(0.621033275797471,4.40069294783779,47.6916096568185));
#3339=CARTESIAN_POINT('Ctrl Pts',(-1.63648248138033,4.13192203206091,48.177208699075));
#3340=CARTESIAN_POINT('Ctrl Pts',(-3.46498601455655,2.78272093831439,48.6628073908357));
#3341=CARTESIAN_POINT('Ctrl Pts',(-4.38779259841012,0.705720401499976,49.1484038416546));
#3342=CARTESIAN_POINT('Ctrl Pts',(-4.16288711129146,-1.55582787961336,49.6340027533003));
#3343=CARTESIAN_POINT('Ctrl Pts',(-2.84936811313862,-3.41050110556039,50.1196016419292));
#3344=CARTESIAN_POINT('Ctrl Pts',(-0.790652968093353,-4.37323252457007,
50.6051983365182));
#3345=CARTESIAN_POINT('Ctrl Pts',(1.47482597748686,-4.19229118169569,51.0907967280163));
#3346=CARTESIAN_POINT('Ctrl Pts',(3.35462513719139,-2.91494362784775,51.5763958409218));
#3347=CARTESIAN_POINT('Ctrl Pts',(4.15103758141148,-1.29450742783968,51.9621862269167));
#3348=CARTESIAN_POINT('Ctrl Pts',(4.24986661777147,-0.280941393836449,52.1861114844057));
#3349=CARTESIAN_POINT('Ctrl Pts',(4.24967676956656,-3.6423418091347E-6,
52.2481707020022));
#3350=CARTESIAN_POINT('Ctrl Pts',(4.24948548869868,-1.30857252314542E-6,
53.8578553758038));
#3351=CARTESIAN_POINT('Ctrl Pts',(4.24905060535375,-0.51367554032634,53.7443732457772));
#3352=CARTESIAN_POINT('Ctrl Pts',(4.02350392391799,-1.7601268323098,53.4690314836884));
#3353=CARTESIAN_POINT('Ctrl Pts',(2.83261472727431,-3.42447963698669,53.0318089821665));
#3354=CARTESIAN_POINT('Ctrl Pts',(0.769292235677636,-4.37700061731202,52.5462137311256));
#3355=CARTESIAN_POINT('Ctrl Pts',(-1.4953011754515,-4.18505187756629,52.060614946269));
#3356=CARTESIAN_POINT('Ctrl Pts',(-3.36882002859728,-2.89851333699233,51.5750165781767));
#3357=CARTESIAN_POINT('Ctrl Pts',(-4.36131264392153,-0.85398834277771,51.0894179388569));
#3358=CARTESIAN_POINT('Ctrl Pts',(-4.21322714875985,1.41387785379103,50.603821258775));
#3359=CARTESIAN_POINT('Ctrl Pts',(-2.96329721130442,3.31199163045531,50.1182223151833));
#3360=CARTESIAN_POINT('Ctrl Pts',(-0.938365101020989,4.34394802354743,49.6326234040424));
#3361=CARTESIAN_POINT('Ctrl Pts',(1.33191265413923,4.23982082976302,49.1470270367119));
#3362=CARTESIAN_POINT('Ctrl Pts',(3.2539517416331,3.02700030996348,48.6614280867696));
#3363=CARTESIAN_POINT('Ctrl Pts',(4.12815515664429,1.39054325278813,48.2650290374667));
#3364=CARTESIAN_POINT('Ctrl Pts',(4.2497179965633,0.328951113302634,48.0304965701825));
#3365=CARTESIAN_POINT('Ctrl Pts',(4.24962370453895,3.38483086664843E-6,
47.9578300857608));
#3366=CARTESIAN_POINT('Origin',(0.,0.,54.003));
#3367=CARTESIAN_POINT('',(4.24974348783823,-2.58309730196901E-5,40.4482858634383));
#3368=CARTESIAN_POINT('',(4.24895108033572,1.08177161865439E-5,42.0577964352893));
#3369=CARTESIAN_POINT('',(4.25,-5.20474889637625E-16,54.003));
#3370=CARTESIAN_POINT('Ctrl Pts',(4.24974348783823,-2.58309730196415E-5,
40.4482858634383));
#3371=CARTESIAN_POINT('Ctrl Pts',(4.24773390532134,0.670594244588125,40.5966025056035));
#3372=CARTESIAN_POINT('Ctrl Pts',(3.85665364478276,2.31859307624327,40.9607408074739));
#3373=CARTESIAN_POINT('Ctrl Pts',(1.57237756863774,4.47469370603246,41.6126425846068));
#3374=CARTESIAN_POINT('Ctrl Pts',(-2.39474373600593,4.27036166218112,42.4039857022281));
#3375=CARTESIAN_POINT('Ctrl Pts',(-4.85593518293357,0.677622945296875,43.2672783946938));
#3376=CARTESIAN_POINT('Ctrl Pts',(-3.59058303074627,-3.0933887573989,44.05861457366));
#3377=CARTESIAN_POINT('Ctrl Pts',(-0.462368923721559,-4.5755228931335,44.7780226406619));
#3378=CARTESIAN_POINT('Ctrl Pts',(2.55157492947908,-3.83008217344203,45.4254782289159));
#3379=CARTESIAN_POINT('Ctrl Pts',(4.05173515994234,-1.80747298299979,45.9488939332726));
#3380=CARTESIAN_POINT('Ctrl Pts',(4.24924406593241,-0.415452118923574,46.2564761254694));
#3381=CARTESIAN_POINT('Ctrl Pts',(4.24849452929796,-1.86448270209361E-5,
46.3482373122588));
#3382=CARTESIAN_POINT('Ctrl Pts',(4.24962370453895,3.38483086664843E-6,
47.9578300857608));
#3383=CARTESIAN_POINT('Ctrl Pts',(4.24950795939992,-0.403785809734774,47.868630682096));
#3384=CARTESIAN_POINT('Ctrl Pts',(4.08904270018965,-1.54043349270434,47.6175655148851));
#3385=CARTESIAN_POINT('Ctrl Pts',(3.08919889017262,-3.19513346807,47.2046349637689));
#3386=CARTESIAN_POINT('Ctrl Pts',(1.1066329910738,-4.30322545908335,46.719033733467));
#3387=CARTESIAN_POINT('Ctrl Pts',(-1.42050202429254,-4.28926004590132,46.179488439493));
#3388=CARTESIAN_POINT('Ctrl Pts',(-3.75648949273917,-2.65909597376209,45.5859639667765));
#3389=CARTESIAN_POINT('Ctrl Pts',(-4.5902526914084,0.340668877216039,44.9385132513437));
#3390=CARTESIAN_POINT('Ctrl Pts',(-3.32455556410396,3.18062306422502,44.2910488819795));
#3391=CARTESIAN_POINT('Ctrl Pts',(-0.541152204187287,4.57008179033041,43.6435794425948));
#3392=CARTESIAN_POINT('Ctrl Pts',(2.48898341629194,3.87032389771423,42.9961110400112));
#3393=CARTESIAN_POINT('Ctrl Pts',(4.03617389474229,1.85541490086724,42.4675223415813));
#3394=CARTESIAN_POINT('Ctrl Pts',(4.24946277188544,0.439124452751834,42.1547493875318));
#3395=CARTESIAN_POINT('Ctrl Pts',(4.24895108033572,1.08177161865231E-5,
42.0577964352893));
#3396=CARTESIAN_POINT('Origin',(0.,0.,54.003));
#3397=CARTESIAN_POINT('',(4.25030738973577,-1.98385564454187E-5,34.5482626386089));
#3398=CARTESIAN_POINT('',(4.25193144810656,-7.19824973944433E-5,36.1582086371446));
#3399=CARTESIAN_POINT('',(4.25,-5.20474889637625E-16,54.003));
#3400=CARTESIAN_POINT('Ctrl Pts',(4.25030738973577,-1.9838556445384E-5,
34.5482626386089));
#3401=CARTESIAN_POINT('Ctrl Pts',(4.24813096709529,0.781177550797204,34.7208611340007));
#3402=CARTESIAN_POINT('Ctrl Pts',(3.75785210247495,2.54198993343744,35.1092793155615));
#3403=CARTESIAN_POINT('Ctrl Pts',(1.4899205302008,4.3531102023502,35.7135200786992));
#3404=CARTESIAN_POINT('Ctrl Pts',(-1.62021494052034,4.30738844691386,36.3609938587203));
#3405=CARTESIAN_POINT('Ctrl Pts',(-3.98949706559824,2.29198628981517,37.0084512375639));
#3406=CARTESIAN_POINT('Ctrl Pts',(-4.53815319585725,-0.768966936037864,
37.655915531068));
#3407=CARTESIAN_POINT('Ctrl Pts',(-3.0107270844885,-3.48054094850173,38.3033773523607));
#3408=CARTESIAN_POINT('Ctrl Pts',(-0.109194889735878,-4.59980392107224,
38.9508526503929));
#3409=CARTESIAN_POINT('Ctrl Pts',(2.84179145530294,-3.62054421571936,39.5983072687347));
#3410=CARTESIAN_POINT('Ctrl Pts',(4.11774995407339,-1.5857814149926,40.0974547295017));
#3411=CARTESIAN_POINT('Ctrl Pts',(4.25065812941213,-0.305251914623226,40.3807810131095));
#3412=CARTESIAN_POINT('Ctrl Pts',(4.24974348783823,-2.58309730196415E-5,
40.4482858634383));
#3413=CARTESIAN_POINT('Ctrl Pts',(4.24895108033572,1.08177161865231E-5,
42.0577964352893));
#3414=CARTESIAN_POINT('Ctrl Pts',(4.2483237275326,-0.538358772282597,41.9389285227872));
#3415=CARTESIAN_POINT('Ctrl Pts',(3.96456920502909,-2.05461358177114,41.6042386134171));
#3416=CARTESIAN_POINT('Ctrl Pts',(2.21217942420508,-4.0353887996736,41.0537216203156));
#3417=CARTESIAN_POINT('Ctrl Pts',(-0.860428696306301,-4.52063360545962,
40.406254987195));
#3418=CARTESIAN_POINT('Ctrl Pts',(-3.53951066533845,-2.94078280243071,39.7588013172646));
#3419=CARTESIAN_POINT('Ctrl Pts',(-4.60215807732015,-0.0169373211487689,
39.1113350465445));
#3420=CARTESIAN_POINT('Ctrl Pts',(-3.56075604246816,2.91404501062522,38.4638640642136));
#3421=CARTESIAN_POINT('Ctrl Pts',(-0.895194576813273,4.51484502784175,37.8163993761737));
#3422=CARTESIAN_POINT('Ctrl Pts',(2.18495938096303,4.05025808003518,37.1689461051836));
#3423=CARTESIAN_POINT('Ctrl Pts',(3.95228496706369,2.07856162386029,36.6162096148406));
#3424=CARTESIAN_POINT('Ctrl Pts',(4.24975634963762,0.549009053498422,36.279297906295));
#3425=CARTESIAN_POINT('Ctrl Pts',(4.25193144810655,-7.19824973944849E-5,
36.1582086371446));
#3426=CARTESIAN_POINT('Origin',(0.,0.,54.003));
#3427=CARTESIAN_POINT('',(4.25504473683309,7.63982158966114E-6,28.6481578507802));
#3428=CARTESIAN_POINT('',(4.24862216623709,-1.89546898785378E-5,30.257915449108));
#3429=CARTESIAN_POINT('',(4.25,-5.20474889637625E-16,54.003));
#3430=CARTESIAN_POINT('Ctrl Pts',(4.25504455360629,-0.000131530127864779,
28.6488979589889));
#3431=CARTESIAN_POINT('Ctrl Pts',(4.25351848213959,0.888421898943713,28.84556109025));
#3432=CARTESIAN_POINT('Ctrl Pts',(3.63955713226505,2.76397787803279,29.258051274631));
#3433=CARTESIAN_POINT('Ctrl Pts',(1.1508745150071,4.45405598892387,29.8863418462017));
#3434=CARTESIAN_POINT('Ctrl Pts',(-1.95022247279289,4.16983573087463,30.5338077963709));
#3435=CARTESIAN_POINT('Ctrl Pts',(-4.15517413479674,1.97604109778412,31.1812783975032));
#3436=CARTESIAN_POINT('Ctrl Pts',(-4.46408427452336,-1.11852246649225,31.8287448724657));
#3437=CARTESIAN_POINT('Ctrl Pts',(-2.7322261442582,-3.70290121658108,32.4761984277128));
#3438=CARTESIAN_POINT('Ctrl Pts',(0.247303360545393,-4.59526698970283,33.1236644301761));
#3439=CARTESIAN_POINT('Ctrl Pts',(3.1143859104639,-3.38782448966872,33.771136895125));
#3440=CARTESIAN_POINT('Ctrl Pts',(4.17305726080721,-1.36762485245733,34.2459995771887));
#3441=CARTESIAN_POINT('Ctrl Pts',(4.25085240179297,-0.195644524831579,34.5050411340663));
#3442=CARTESIAN_POINT('Ctrl Pts',(4.25030738973577,-1.9838556445384E-5,
34.5482626386089));
#3443=CARTESIAN_POINT('Ctrl Pts',(4.25193144810655,-7.19824973944849E-5,
36.1582086371446));
#3444=CARTESIAN_POINT('Ctrl Pts',(4.25363311145888,-0.429639236465431,36.0634758355653));
#3445=CARTESIAN_POINT('Ctrl Pts',(4.0016681138178,-2.16245149103746,35.6809806004576));
#3446=CARTESIAN_POINT('Ctrl Pts',(1.67395166520771,-4.59939371516813,35.0107243143886));
#3447=CARTESIAN_POINT('Ctrl Pts',(-1.91796671247304,-4.20290015699276,34.2913204496865));
#3448=CARTESIAN_POINT('Ctrl Pts',(-3.77318615784033,-2.26062978959156,33.7157989194173));
#3449=CARTESIAN_POINT('Ctrl Pts',(-4.38468692407796,-0.363654038211991,
33.2841544328652));
#3450=CARTESIAN_POINT('Ctrl Pts',(-4.0044107787833,2.30151936724606,32.7086305112104));
#3451=CARTESIAN_POINT('Ctrl Pts',(-1.59707580488556,4.46416678560332,32.0611688075396));
#3452=CARTESIAN_POINT('Ctrl Pts',(1.86689936001224,4.20459717223537,31.3417640617546));
#3453=CARTESIAN_POINT('Ctrl Pts',(3.86730807784273,2.2972570389473,30.7646526021758));
#3454=CARTESIAN_POINT('Ctrl Pts',(4.24672790302469,0.658946471601138,30.4033747937022));
#3455=CARTESIAN_POINT('Ctrl Pts',(4.24862216623709,-1.89546898785309E-5,
30.257915449108));
#3456=CARTESIAN_POINT('Origin',(0.,0.,54.003));
#3457=CARTESIAN_POINT('',(4.25234589105311,2.04194548773101E-5,22.7481574491864));
#3458=CARTESIAN_POINT('',(4.25016747030466,-2.44744996164697E-5,24.3579609708017));
#3459=CARTESIAN_POINT('',(4.25,-5.20474889637625E-16,54.003));
#3460=CARTESIAN_POINT('Ctrl Pts',(4.25234597384259,4.70261000758698E-5,
22.7480159093123));
#3461=CARTESIAN_POINT('Ctrl Pts',(4.24317900304111,0.998673554802857,22.9689978294784));
#3462=CARTESIAN_POINT('Ctrl Pts',(3.52811660420785,2.98043164537253,23.4058034820454));
#3463=CARTESIAN_POINT('Ctrl Pts',(0.796189519333698,4.5289490508133,24.0584349897421));
#3464=CARTESIAN_POINT('Ctrl Pts',(-2.26484749034174,4.00664508895493,24.7058933702975));
#3465=CARTESIAN_POINT('Ctrl Pts',(-4.2965075107158,1.64716987479693,25.3533525209947));
#3466=CARTESIAN_POINT('Ctrl Pts',(-4.36489030771168,-1.45938336833592,26.0008232715717));
#3467=CARTESIAN_POINT('Ctrl Pts',(-2.43397812267144,-3.90717004046585,26.6482930931966));
#3468=CARTESIAN_POINT('Ctrl Pts',(0.25880020944895,-4.48209631675688,27.2238071742699));
#3469=CARTESIAN_POINT('Ctrl Pts',(3.08944106409314,-3.42509107768123,27.871274598132));
#3470=CARTESIAN_POINT('Ctrl Pts',(4.21334689209014,-1.47243351942437,28.3220730850077));
#3471=CARTESIAN_POINT('Ctrl Pts',(4.25519624610398,-0.0865612669911427,
28.6289975938476));
#3472=CARTESIAN_POINT('Ctrl Pts',(4.25504473683309,7.63982158961951E-6,
28.6481578507802));
#3473=CARTESIAN_POINT('Ctrl Pts',(4.24862216623709,-1.89546898785309E-5,
30.257915449108));
#3474=CARTESIAN_POINT('Ctrl Pts',(4.24953843512594,-0.318765322661187,30.1875557065068));
#3475=CARTESIAN_POINT('Ctrl Pts',(4.10969011310943,-1.61459765473591,29.9013766378816));
#3476=CARTESIAN_POINT('Ctrl Pts',(2.8092374110891,-3.64451833822279,29.3993707955403));
#3477=CARTESIAN_POINT('Ctrl Pts',(-0.151213121153423,-4.60085244269466,
28.7519070404182));
#3478=CARTESIAN_POINT('Ctrl Pts',(-3.04408940564825,-3.44905388854226,28.1044334804252));
#3479=CARTESIAN_POINT('Ctrl Pts',(-4.54132396156624,-0.73437763512821,27.4569831277022));
#3480=CARTESIAN_POINT('Ctrl Pts',(-3.91039255867889,2.68305816893935,26.7375708105612));
#3481=CARTESIAN_POINT('Ctrl Pts',(-1.20403024716806,4.45677951583769,26.0901103201564));
#3482=CARTESIAN_POINT('Ctrl Pts',(1.80124588929485,4.11187524941018,25.4426396888751));
#3483=CARTESIAN_POINT('Ctrl Pts',(3.76837053991827,2.51915607090765,24.9132247889172));
#3484=CARTESIAN_POINT('Ctrl Pts',(4.24757674388147,0.76896051890391,24.5276826899156));
#3485=CARTESIAN_POINT('Ctrl Pts',(4.25016747030466,-2.44744996164836E-5,
24.3579609708017));
#3486=CARTESIAN_POINT('Origin',(0.,0.,54.003));
#3487=CARTESIAN_POINT('',(4.25076309139378,0.000174273917695512,16.847264559119));
#3488=CARTESIAN_POINT('',(4.25081347357792,-8.74082970000328E-6,18.457894020009));
#3489=CARTESIAN_POINT('',(4.25,-5.20474889637625E-16,54.003));
#3490=CARTESIAN_POINT('Ctrl Pts',(4.25076309139378,0.000174273917695492,
16.847264559119));
#3491=CARTESIAN_POINT('Ctrl Pts',(4.25113634406973,0.134650306920839,16.8769994854107));
#3492=CARTESIAN_POINT('Ctrl Pts',(4.20081556692293,1.24464860049392,17.1225542765836));
#3493=CARTESIAN_POINT('Ctrl Pts',(3.25810667643703,3.24403236128953,17.583922960182));
#3494=CARTESIAN_POINT('Ctrl Pts',(0.132638657762984,4.74289913952446,18.3033386251994));
#3495=CARTESIAN_POINT('Ctrl Pts',(-3.58675761870726,3.3322917385045,19.0946822435902));
#3496=CARTESIAN_POINT('Ctrl Pts',(-4.61777070386437,-0.136398405683369,
19.8140820759878));
#3497=CARTESIAN_POINT('Ctrl Pts',(-3.55012097294318,-2.59193109043217,20.3896080764774));
#3498=CARTESIAN_POINT('Ctrl Pts',(-1.53571127121222,-4.3521114062859,20.9651311980332));
#3499=CARTESIAN_POINT('Ctrl Pts',(2.07628383682726,-4.43611978729691,21.6845428918931));
#3500=CARTESIAN_POINT('Ctrl Pts',(4.09886317894477,-1.90202491034018,22.326837321333));
#3501=CARTESIAN_POINT('Ctrl Pts',(4.25511421555533,-0.301759453246391,22.6813778355149));
#3502=CARTESIAN_POINT('Ctrl Pts',(4.25234589105311,2.04194548773518E-5,
22.7481574491864));
#3503=CARTESIAN_POINT('Ctrl Pts',(4.25016747030466,-2.44744996164836E-5,
24.3579609708017));
#3504=CARTESIAN_POINT('Ctrl Pts',(4.25087117275399,-0.208898950211485,24.3118605456946));
#3505=CARTESIAN_POINT('Ctrl Pts',(4.16752744060042,-1.39501451898913,24.0499376507944));
#3506=CARTESIAN_POINT('Ctrl Pts',(3.08250216866441,-3.4153470666807,23.5721893801672));
#3507=CARTESIAN_POINT('Ctrl Pts',(0.205368016697173,-4.59784131499103,22.9247236734322));
#3508=CARTESIAN_POINT('Ctrl Pts',(-2.76640627791809,-3.67731138377108,22.2772699385886));
#3509=CARTESIAN_POINT('Ctrl Pts',(-4.47380763423304,-1.07777621739711,21.6298028537671));
#3510=CARTESIAN_POINT('Ctrl Pts',(-4.13754991845168,2.01475595353006,20.9823321386796));
#3511=CARTESIAN_POINT('Ctrl Pts',(-1.91028559259844,4.1864844388207,20.3348678139753));
#3512=CARTESIAN_POINT('Ctrl Pts',(1.18862938981608,4.4455192225037,19.6874152693244));
#3513=CARTESIAN_POINT('Ctrl Pts',(3.66068701126583,2.73327492360228,19.0617480910894));
#3514=CARTESIAN_POINT('Ctrl Pts',(4.24916636906953,0.877475650066719,18.65190992138));
#3515=CARTESIAN_POINT('Ctrl Pts',(4.25081347357792,-8.74082969998247E-6,
18.457894020009));
#3516=CARTESIAN_POINT('Origin',(0.,0.,54.003));
#3517=CARTESIAN_POINT('',(4.24459160120824,8.09068536394841E-5,10.9478532280857));
#3518=CARTESIAN_POINT('',(4.2546686736415,-3.35844100988157E-5,12.557941781246));
#3519=CARTESIAN_POINT('',(4.25,-5.20474889637625E-16,54.003));
#3520=CARTESIAN_POINT('Ctrl Pts',(4.24459160120824,8.09068536395396E-5,
10.9478532280857));
#3521=CARTESIAN_POINT('Ctrl Pts',(4.24616216126622,0.570914339447362,11.0738053561697));
#3522=CARTESIAN_POINT('Ctrl Pts',(3.88868320634012,2.44399630910863,11.487518524836));
#3523=CARTESIAN_POINT('Ctrl Pts',(1.20658918981985,4.75222936413602,12.1889882763151));
#3524=CARTESIAN_POINT('Ctrl Pts',(-2.68055391698936,3.90838695755898,12.9803412043479));
#3525=CARTESIAN_POINT('Ctrl Pts',(-4.49727706396958,0.961945965531061,13.6997448007832));
#3526=CARTESIAN_POINT('Ctrl Pts',(-4.08666326619605,-2.11615622430249,14.3472152001071));
#3527=CARTESIAN_POINT('Ctrl Pts',(-1.80449592393668,-4.2340968518531,14.9946669408436));
#3528=CARTESIAN_POINT('Ctrl Pts',(1.29997433900587,-4.41334074899632,15.64213365296));
#3529=CARTESIAN_POINT('Ctrl Pts',(3.69631211048781,-2.66446970679744,16.2598687513969));
#3530=CARTESIAN_POINT('Ctrl Pts',(4.24840486450004,-0.841507721645654,16.6617778389391));
#3531=CARTESIAN_POINT('Ctrl Pts',(4.2507629918753,6.18396019252537E-5,16.8478631274536));
#3532=CARTESIAN_POINT('Ctrl Pts',(4.25081347357792,-8.74082969998247E-6,
18.457894020009));
#3533=CARTESIAN_POINT('Ctrl Pts',(4.25099859309258,-0.0986299781200444,
18.4360884033556));
#3534=CARTESIAN_POINT('Ctrl Pts',(4.21489431575739,-1.1732128771759,18.1984613175722));
#3535=CARTESIAN_POINT('Ctrl Pts',(3.33848443725939,-3.16750533373561,17.7450135541001));
#3536=CARTESIAN_POINT('Ctrl Pts',(0.560459723469129,-4.56675956441031,17.0975564963329));
#3537=CARTESIAN_POINT('Ctrl Pts',(-2.47299475007321,-3.88206740920471,16.4500885237359));
#3538=CARTESIAN_POINT('Ctrl Pts',(-4.37730289338258,-1.42048130871429,15.8026169153467));
#3539=CARTESIAN_POINT('Ctrl Pts',(-4.28030929953072,1.68786318764979,15.1551588721379));
#3540=CARTESIAN_POINT('Ctrl Pts',(-2.23074233370815,4.02591874833784,14.5077009089922));
#3541=CARTESIAN_POINT('Ctrl Pts',(0.84453057603447,4.52455873157728,13.8602293828512));
#3542=CARTESIAN_POINT('Ctrl Pts',(3.52198584176256,2.95636976215765,13.2127612269883));
#3543=CARTESIAN_POINT('Ctrl Pts',(4.25327785260357,0.996780310735789,12.7786696778789));
#3544=CARTESIAN_POINT('Ctrl Pts',(4.25469884818559,0.0110485244316072,12.5603957881601));
#3545=CARTESIAN_POINT('Ctrl Pts',(4.2546686736415,-3.35844100988157E-5,
12.557941781246));
#3546=CARTESIAN_POINT('Origin',(0.,0.,54.003));
#3547=CARTESIAN_POINT('',(4.25013189036185,-4.82415047575735E-6,5.04817897063901));
#3548=CARTESIAN_POINT('',(4.24946180500145,-9.06920245232617E-6,6.65788809611643));
#3549=CARTESIAN_POINT('',(4.25,-5.20474889637625E-16,54.003));
#3550=CARTESIAN_POINT('Ctrl Pts',(4.25013189036185,-4.82415047575735E-6,
5.04817897063901));
#3551=CARTESIAN_POINT('Ctrl Pts',(4.24944395470347,0.597971390710078,5.18031177237927));
#3552=CARTESIAN_POINT('Ctrl Pts',(3.96640469167816,1.92910193943666,5.47431085674806));
#3553=CARTESIAN_POINT('Ctrl Pts',(2.62348165462681,3.58705985317451,5.93017460415472));
#3554=CARTESIAN_POINT('Ctrl Pts',(0.507320098345568,4.41515025713575,6.41577286203481));
#3555=CARTESIAN_POINT('Ctrl Pts',(-1.74248576065282,4.08841861256947,6.90137068089963));
#3556=CARTESIAN_POINT('Ctrl Pts',(-3.53455274719518,2.69279347745214,7.38697112233242));
#3557=CARTESIAN_POINT('Ctrl Pts',(-4.50355082927728,0.358863933114827,7.92651778797595));
#3558=CARTESIAN_POINT('Ctrl Pts',(-3.91174264795119,-2.42661193775294,8.52003280763107));
#3559=CARTESIAN_POINT('Ctrl Pts',(-1.46833209577802,-4.36229745540325,9.16749826673103));
#3560=CARTESIAN_POINT('Ctrl Pts',(1.63317111748513,-4.2983237533575,9.81495908140202));
#3561=CARTESIAN_POINT('Ctrl Pts',(3.81262057178213,-2.44700219895234,10.408412530006));
#3562=CARTESIAN_POINT('Ctrl Pts',(4.24257391832569,-0.733263125345472,10.7860437821087));
#3563=CARTESIAN_POINT('Ctrl Pts',(4.24459160120824,8.09068536395396E-5,
10.9478532280857));
#3564=CARTESIAN_POINT('Ctrl Pts',(4.2546686736415,-3.35844100988157E-5,
12.557941781246));
#3565=CARTESIAN_POINT('Ctrl Pts',(4.25116054413819,-1.28845314996694,12.2726359277088));
#3566=CARTESIAN_POINT('Ctrl Pts',(2.99114633924177,-3.86922522605886,11.6995663879917));
#3567=CARTESIAN_POINT('Ctrl Pts',(-1.26381280679879,-4.73728466918484,10.8387274336491));
#3568=CARTESIAN_POINT('Ctrl Pts',(-4.24609955363311,-2.10526878924285,10.0473796200575));
#3569=CARTESIAN_POINT('Ctrl Pts',(-4.39526977132173,1.35305584297541,9.32798912182709));
#3570=CARTESIAN_POINT('Ctrl Pts',(-2.53658776305371,3.84004653062197,8.68051388193121));
#3571=CARTESIAN_POINT('Ctrl Pts',(0.490108204516858,4.57686812088554,8.03304725276986));
#3572=CARTESIAN_POINT('Ctrl Pts',(3.05175700578197,3.33158670316509,7.439552139669));
#3573=CARTESIAN_POINT('Ctrl Pts',(4.10935460103703,1.46325324154563,6.9811554114301));
#3574=CARTESIAN_POINT('Ctrl Pts',(4.24939070237934,0.365247011798663,6.73858870875909));
#3575=CARTESIAN_POINT('Ctrl Pts',(4.24946180500145,-9.06920245233311E-6,
6.65788809611643));
#3576=CARTESIAN_POINT('Origin',(0.,0.,54.003));
#3577=CARTESIAN_POINT('',(4.25,-5.20474889637625E-16,0.102999997062376));
#3578=CARTESIAN_POINT('',(4.2497442146247,-3.58581145828291E-6,0.757862782994385));
#3579=CARTESIAN_POINT('',(4.25,-5.20474889637625E-16,54.003));
#3580=CARTESIAN_POINT('',(2.23565962227511,3.614460686372,0.102999998496192));
#3581=CARTESIAN_POINT('Origin',(0.,0.,0.103));
#3582=CARTESIAN_POINT('Ctrl Pts',(2.23565962200573,3.61446068653862,0.102999997062368));
#3583=CARTESIAN_POINT('Ctrl Pts',(1.6126203501891,3.99983041766113,0.264861683176102));
#3584=CARTESIAN_POINT('Ctrl Pts',(0.163667437522469,4.44111023234694,0.588599975519204));
#3585=CARTESIAN_POINT('Ctrl Pts',(-2.05362833646802,3.9412147042938,1.07419281340818));
#3586=CARTESIAN_POINT('Ctrl Pts',(-3.73348348531173,2.41063681054812,1.55979222145751));
#3587=CARTESIAN_POINT('Ctrl Pts',(-4.43715279553022,0.249575659012885,2.04539005065408));
#3588=CARTESIAN_POINT('Ctrl Pts',(-3.9802926965129,-1.97674034725359,2.53098922329436));
#3589=CARTESIAN_POINT('Ctrl Pts',(-2.48256605560135,-3.68608542179277,3.01658547231943));
#3590=CARTESIAN_POINT('Ctrl Pts',(-0.335552095989399,-4.43146061208947,
3.50218450168042));
#3591=CARTESIAN_POINT('Ctrl Pts',(1.899200203784,-4.01787941416789,3.98778335048345));
#3592=CARTESIAN_POINT('Ctrl Pts',(3.63727368133008,-2.55355158885204,4.47337996804341));
#3593=CARTESIAN_POINT('Ctrl Pts',(4.2100008313721,-1.00157318379429,4.8268457646495));
#3594=CARTESIAN_POINT('Ctrl Pts',(4.25028669456703,-0.134565711543267,5.01844550195914));
#3595=CARTESIAN_POINT('Ctrl Pts',(4.25013189036185,-4.82415047575735E-6,
5.04817897063901));
#3596=CARTESIAN_POINT('Ctrl Pts',(4.24946180500145,-9.06920245233311E-6,
6.65788809611643));
#3597=CARTESIAN_POINT('Ctrl Pts',(4.24953331675692,-0.36736687927109,6.57672312207863));
#3598=CARTESIAN_POINT('Ctrl Pts',(4.10885129114049,-1.46720127634118,6.33369306857375));
#3599=CARTESIAN_POINT('Ctrl Pts',(3.17050005862905,-3.1142805878554,5.92879501252788));
#3600=CARTESIAN_POINT('Ctrl Pts',(1.21650615248826,-4.27432724340804,5.44319681749642));
#3601=CARTESIAN_POINT('Ctrl Pts',(-1.05588930572652,-4.31692636695504,4.95759800143025));
#3602=CARTESIAN_POINT('Ctrl Pts',(-3.05200794382715,-3.23038159518143,4.47200145051406));
#3603=CARTESIAN_POINT('Ctrl Pts',(-4.25004330654594,-1.29909851902346,3.98640247285612));
#3604=CARTESIAN_POINT('Ctrl Pts',(-4.33653757028505,0.971979956626738,3.50080357932779));
#3605=CARTESIAN_POINT('Ctrl Pts',(-3.2889651119287,2.98881547367977,3.01520712884035));
#3606=CARTESIAN_POINT('Ctrl Pts',(-1.38123801473272,4.22405575168079,2.52960832637209));
#3607=CARTESIAN_POINT('Ctrl Pts',(0.887713746993012,4.35456503674103,2.04400950258282));
#3608=CARTESIAN_POINT('Ctrl Pts',(2.9245099829793,3.34630192440877,1.55841223691999));
#3609=CARTESIAN_POINT('Ctrl Pts',(4.04745535163912,1.68346693107498,1.12969687849103));
#3610=CARTESIAN_POINT('Ctrl Pts',(4.24934552771389,0.475225679272898,0.862846573358192));
#3611=CARTESIAN_POINT('Ctrl Pts',(4.2497442146247,-3.58581145840087E-6,
0.757862782994385));
#3612=CARTESIAN_POINT('Ctrl Pts',(1.45569368774459,-4.19239520382097,0.10300000313004));
#3613=CARTESIAN_POINT('Ctrl Pts',(2.17837192204046,-3.94146510472723,0.264865730286409));
#3614=CARTESIAN_POINT('Ctrl Pts',(3.49037503420879,-3.05819759041009,0.588601054919253));
#3615=CARTESIAN_POINT('Ctrl Pts',(4.54605188616552,-0.932437370452188,1.07419790171522));
#3616=CARTESIAN_POINT('Ctrl Pts',(4.41255940504107,1.43689655525805,1.55979753914984));
#3617=CARTESIAN_POINT('Ctrl Pts',(3.12518965528153,3.43059605009255,2.04539527844521));
#3618=CARTESIAN_POINT('Ctrl Pts',(1.0204774784586,4.52705007238563,2.53099254410804));
#3619=CARTESIAN_POINT('Ctrl Pts',(-1.35110990288568,4.43962489599459,3.01659136789731));
#3620=CARTESIAN_POINT('Ctrl Pts',(-3.36935278199874,3.19109055217576,3.50219017036558));
#3621=CARTESIAN_POINT('Ctrl Pts',(-4.50641610551254,1.10806321428763,3.98778662085301));
#3622=CARTESIAN_POINT('Ctrl Pts',(-4.46498824631419,-1.26479728003204,4.47338551438134));
#3623=CARTESIAN_POINT('Ctrl Pts',(-3.25580263077309,-3.30683190970483,4.95898449203928));
#3624=CARTESIAN_POINT('Ctrl Pts',(-1.19524230795291,-4.4841364014026,5.44458104295547));
#3625=CARTESIAN_POINT('Ctrl Pts',(1.17804852195184,-4.48856327904508,5.93017985902164));
#3626=CARTESIAN_POINT('Ctrl Pts',(3.24297570254273,-3.31952648121874,6.41577805405311));
#3627=CARTESIAN_POINT('Ctrl Pts',(4.46037298157202,-1.28147186370798,6.90137710315768));
#3628=CARTESIAN_POINT('Ctrl Pts',(4.51002736344425,1.08979771938469,7.38697175310795));
#3629=CARTESIAN_POINT('Ctrl Pts',(3.25771850979428,3.41249514272795,7.92653518119423));
#3630=CARTESIAN_POINT('Ctrl Pts',(0.610162264299394,4.76769000531219,8.52003029429508));
#3631=CARTESIAN_POINT('Ctrl Pts',(-2.5655552075007,4.06358266166156,9.16749692345644));
#3632=CARTESIAN_POINT('Ctrl Pts',(-4.55953188378946,1.50716918378749,9.81497216335231));
#3633=CARTESIAN_POINT('Ctrl Pts',(-4.47821915617227,-2.10652152133293,10.5343626615827));
#3634=CARTESIAN_POINT('Ctrl Pts',(-1.42135962096608,-4.91851486714746,11.3257104751743));
#3635=CARTESIAN_POINT('Ctrl Pts',(3.05220190807915,-4.10150441132466,12.1890034745739));
#3636=CARTESIAN_POINT('Ctrl Pts',(4.93592861303836,-0.40582950686037,12.9803483436695));
#3637=CARTESIAN_POINT('Ctrl Pts',(3.74056163642957,3.01065079757095,13.6997442685136));
#3638=CARTESIAN_POINT('Ctrl Pts',(0.979052511968281,4.70545225564579,14.3472124243764));
#3639=CARTESIAN_POINT('Ctrl Pts',(-2.24225365505138,4.25105114353613,14.9946839505174));
#3640=CARTESIAN_POINT('Ctrl Pts',(-4.43230869013077,1.85423319747505,15.6421419136632));
#3641=CARTESIAN_POINT('Ctrl Pts',(-4.60045894419451,-1.38878202267321,16.2895999568719));
#3642=CARTESIAN_POINT('Ctrl Pts',(-2.66533835841776,-3.99964989689073,16.9370715652611));
#3643=CARTESIAN_POINT('Ctrl Pts',(0.486845069872718,-4.77974413178362,17.5845395378581));
#3644=CARTESIAN_POINT('Ctrl Pts',(3.41720553997258,-3.37870785543581,18.2319965956254));
#3645=CARTESIAN_POINT('Ctrl Pts',(4.78493829758596,-0.432766452928527,18.8794598799958));
#3646=CARTESIAN_POINT('Ctrl Pts',(3.96922763324144,2.71060057380258,19.5269252287503));
#3647=CARTESIAN_POINT('Ctrl Pts',(1.33658978391489,4.61553049527981,20.1743983108496));
#3648=CARTESIAN_POINT('Ctrl Pts',(-1.90424251377076,4.41178526151265,20.8218508555006));
#3649=CARTESIAN_POINT('Ctrl Pts',(-4.27623383326586,2.19243620277726,21.4693151802048));
#3650=CARTESIAN_POINT('Ctrl Pts',(-4.69383485274795,-1.02892221298517,22.1167858952923));
#3651=CARTESIAN_POINT('Ctrl Pts',(-2.96725292933244,-3.77957121790852,22.7642529801138));
#3652=CARTESIAN_POINT('Ctrl Pts',(0.115461523741741,-4.80455208161652,23.4117067149575));
#3653=CARTESIAN_POINT('Ctrl Pts',(3.14462744245013,-3.63194534530657,24.0591724216924));
#3654=CARTESIAN_POINT('Ctrl Pts',(4.73873278660371,-0.805054246078224,24.7066436751073));
#3655=CARTESIAN_POINT('Ctrl Pts',(4.16421985819853,2.4004229022043,25.3541083103075));
#3656=CARTESIAN_POINT('Ctrl Pts',(1.96897982849093,4.25402413037757,25.9296227304003));
#3657=CARTESIAN_POINT('Ctrl Pts',(-1.1610974784424,4.67877443907314,26.5770933616816));
#3658=CARTESIAN_POINT('Ctrl Pts',(-4.02470086271055,2.88525348148568,27.2245538520864));
#3659=CARTESIAN_POINT('Ctrl Pts',(-4.75693202003353,-0.668962209593712,
27.9439661692274));
#3660=CARTESIAN_POINT('Ctrl Pts',(-3.25224136319981,-3.53529553736597,28.5914165219505));
#3661=CARTESIAN_POINT('Ctrl Pts',(-0.256872925390421,-4.80002233286071,
29.2388900819434));
#3662=CARTESIAN_POINT('Ctrl Pts',(2.8544082518612,-3.86531902263456,29.8863538370656));
#3663=CARTESIAN_POINT('Ctrl Pts',(4.6618160830286,-1.16811125530894,30.533821320457));
#3664=CARTESIAN_POINT('Ctrl Pts',(4.33650957912544,2.06708551260248,31.1812742014624));
#3665=CARTESIAN_POINT('Ctrl Pts',(2.03951716334381,4.34941273004441,31.8287471032798));
#3666=CARTESIAN_POINT('Ctrl Pts',(-1.57127690825839,4.69494477080791,32.5481518490648));
#3667=CARTESIAN_POINT('Ctrl Pts',(-4.13106603333817,2.48895130359901,33.1956135527356));
#3668=CARTESIAN_POINT('Ctrl Pts',(-4.58542572454705,-0.285298583190513,
33.7711374743904));
#3669=CARTESIAN_POINT('Ctrl Pts',(-3.98784222301043,-2.27889468522721,34.2027819609426));
#3670=CARTESIAN_POINT('Ctrl Pts',(-2.09279480959361,-4.34654212024553,34.7783034912117));
#3671=CARTESIAN_POINT('Ctrl Pts',(1.64862509723497,-4.83777559534803,35.4977073559139));
#3672=CARTESIAN_POINT('Ctrl Pts',(4.57969795733893,-1.89312569925777,36.2890525430452));
#3673=CARTESIAN_POINT('Ctrl Pts',(4.47985904219842,1.72564750748386,37.008459326952));
#3674=CARTESIAN_POINT('Ctrl Pts',(2.36824962244679,4.18143876307066,37.6559291467088));
#3675=CARTESIAN_POINT('Ctrl Pts',(-0.837424427152783,4.73274875094062,38.303382417699));
#3676=CARTESIAN_POINT('Ctrl Pts',(-3.65471071257372,3.11887914601916,38.9508471057388));
#3677=CARTESIAN_POINT('Ctrl Pts',(-4.80500388224634,0.0813524578609208,
39.5983180880697));
#3678=CARTESIAN_POINT('Ctrl Pts',(-3.75852208072674,-2.99400093678876,40.2457843587898));
#3679=CARTESIAN_POINT('Ctrl Pts',(-0.995565636697465,-4.70101232004462,
40.8932380287203));
#3680=CARTESIAN_POINT('Ctrl Pts',(2.22267024413982,-4.26053838927321,41.5407046618408));
#3681=CARTESIAN_POINT('Ctrl Pts',(4.42449204370342,-1.8727742058646,42.1881759018249));
#3682=CARTESIAN_POINT('Ctrl Pts',(4.60716294539471,1.36966659418217,42.8356388161014));
#3683=CARTESIAN_POINT('Ctrl Pts',(2.6817777670906,3.98704564163322,43.4830940815364));
#3684=CARTESIAN_POINT('Ctrl Pts',(-0.466616585123602,4.7827970425521,44.1305624841201));
#3685=CARTESIAN_POINT('Ctrl Pts',(-3.40238155398031,3.39210298837438,44.7780319235047));
#3686=CARTESIAN_POINT('Ctrl Pts',(-4.78487927892072,0.454436075011007,45.4254962928689));
#3687=CARTESIAN_POINT('Ctrl Pts',(-3.97898564585971,-2.69525150112227,46.0729470083018));
#3688=CARTESIAN_POINT('Ctrl Pts',(-1.57530154800616,-4.44740665343269,46.6664714810182));
#3689=CARTESIAN_POINT('Ctrl Pts',(1.06271939900709,-4.51636854306096,47.2060167749923));
#3690=CARTESIAN_POINT('Ctrl Pts',(3.15635763043506,-3.40218710889496,47.6916180052941));
#3691=CARTESIAN_POINT('Ctrl Pts',(4.42575669125132,-1.39598643401441,48.1772149301914));
#3692=CARTESIAN_POINT('Ctrl Pts',(4.53715323465876,0.974210154477647,48.6628124978483));
#3693=CARTESIAN_POINT('Ctrl Pts',(3.46225474577275,3.09015677200421,49.1484111282948));
#3694=CARTESIAN_POINT('Ctrl Pts',(1.48175061326974,4.39769863462747,49.6340100782371));
#3695=CARTESIAN_POINT('Ctrl Pts',(-0.886171901226067,4.55526178167532,50.1196064455677));
#3696=CARTESIAN_POINT('Ctrl Pts',(-3.02240195101971,3.52147737518381,50.6052053567085));
#3697=CARTESIAN_POINT('Ctrl Pts',(-4.36817108113458,1.56674976301523,51.0908043003002));
#3698=CARTESIAN_POINT('Ctrl Pts',(-4.57157466971981,-0.797709141959366,
51.5764009803821));
#3699=CARTESIAN_POINT('Ctrl Pts',(-3.57941195443544,-2.95354487381983,52.0619996197019));
#3700=CARTESIAN_POINT('Ctrl Pts',(-1.65114915911439,-4.33700401297235,52.5475979877942));
#3701=CARTESIAN_POINT('Ctrl Pts',(0.708949063610497,-4.58613027113211,53.0331967726508));
#3702=CARTESIAN_POINT('Ctrl Pts',(2.88354916763132,-3.63610233238145,53.5187920236918));
#3703=CARTESIAN_POINT('Ctrl Pts',(4.30419381981628,-1.73470667539559,54.0043972216147));
#3704=CARTESIAN_POINT('Ctrl Pts',(4.50034494123126,-0.165376409007979,54.3281169625248));
#3705=CARTESIAN_POINT('Ctrl Pts',(4.39816339901852,0.592773458493576,54.4899830415252));
#3706=CARTESIAN_POINT('Ctrl Pts',(1.43772465248199,-4.07193473093951,-0.0301149916500464));
#3707=CARTESIAN_POINT('Ctrl Pts',(2.13955189848492,-3.82414233030798,0.131750735506322));
#3708=CARTESIAN_POINT('Ctrl Pts',(3.41176806273862,-2.95794547316616,0.455486060139165));
#3709=CARTESIAN_POINT('Ctrl Pts',(4.42812071259594,-0.884213423828152,0.941082906935138));
#3710=CARTESIAN_POINT('Ctrl Pts',(4.28622371452929,1.4205407766026,1.42668254436975));
#3711=CARTESIAN_POINT('Ctrl Pts',(3.02345227810967,3.3539061354785,1.91228028366513));
#3712=CARTESIAN_POINT('Ctrl Pts',(0.96996167083253,4.4100965411325,2.39787754932795));
#3713=CARTESIAN_POINT('Ctrl Pts',(-1.33720065603374,4.31298641303791,2.88347637311722));
#3714=CARTESIAN_POINT('Ctrl Pts',(-3.29465241424835,3.08789005523971,3.36907517558549));
#3715=CARTESIAN_POINT('Ctrl Pts',(-4.39046274141944,1.05528735398895,3.85467162607293));
#3716=CARTESIAN_POINT('Ctrl Pts',(-4.33810433432919,-1.25334457914104,4.34027051960125));
#3717=CARTESIAN_POINT('Ctrl Pts',(-3.15117335421627,-3.23414734670826,4.82586949725919));
#3718=CARTESIAN_POINT('Ctrl Pts',(-1.14022782908379,-4.3692264363186,5.31146604817538));
#3719=CARTESIAN_POINT('Ctrl Pts',(1.16905633743987,-4.36148420394468,5.79706486424156));
#3720=CARTESIAN_POINT('Ctrl Pts',(3.17233678362366,-3.21350152023935,6.28266305927303));
#3721=CARTESIAN_POINT('Ctrl Pts',(4.34654374396185,-1.22425330363834,6.76826210837759));
#3722=CARTESIAN_POINT('Ctrl Pts',(4.38281546250111,1.08329741717615,7.25385675832787));
#3723=CARTESIAN_POINT('Ctrl Pts',(3.15252021760351,3.33695190501502,7.79342018641414));
#3724=CARTESIAN_POINT('Ctrl Pts',(0.569488828779923,4.64216423599431,8.386915299515));
#3725=CARTESIAN_POINT('Ctrl Pts',(-2.51697201548849,3.94092171454011,9.03438192867635));
#3726=CARTESIAN_POINT('Ctrl Pts',(-4.44416500547489,1.44335715037243,9.68185716857222));
#3727=CARTESIAN_POINT('Ctrl Pts',(-4.34672970208487,-2.07241550825922,10.4012476668026));
#3728=CARTESIAN_POINT('Ctrl Pts',(-1.35800004870521,-4.79301790099748,11.1925954803942));
#3729=CARTESIAN_POINT('Ctrl Pts',(2.9906913814771,-3.97536406395146,12.0558884797938));
#3730=CARTESIAN_POINT('Ctrl Pts',(4.80479826229596,-0.369839064822274,12.8472333488894));
#3731=CARTESIAN_POINT('Ctrl Pts',(3.62434656897332,2.94845986919441,13.5666292737335));
#3732=CARTESIAN_POINT('Ctrl Pts',(0.92878770561688,4.58344200631375,14.2140974295963));
#3733=CARTESIAN_POINT('Ctrl Pts',(-2.20336475075102,4.12499041384994,14.8615689557373));
#3734=CARTESIAN_POINT('Ctrl Pts',(-4.32212470066823,1.78169555546827,15.5090269188831));
#3735=CARTESIAN_POINT('Ctrl Pts',(-4.46931586921613,-1.37466857474129,16.1564849620918));
#3736=CARTESIAN_POINT('Ctrl Pts',(-2.57306939986175,-3.90527886602662,16.8039565704811));
#3737=CARTESIAN_POINT('Ctrl Pts',(0.497945696901094,-4.64833403770457,17.451424543078));
#3738=CARTESIAN_POINT('Ctrl Pts',(3.3421645801632,-3.27020029076909,18.0988816008453));
#3739=CARTESIAN_POINT('Ctrl Pts',(4.65805043043727,-0.396759964224219,18.7463448852157));
#3740=CARTESIAN_POINT('Ctrl Pts',(3.84839091285692,2.65757501862308,19.3938102339703));
#3741=CARTESIAN_POINT('Ctrl Pts',(1.27708950993749,4.4978144210308,20.0412833160695));
#3742=CARTESIAN_POINT('Ctrl Pts',(-1.87526552515105,4.28307976356489,20.6887358607205));
#3743=CARTESIAN_POINT('Ctrl Pts',(-4.17199739318095,2.11157854535743,21.3362001854247));
#3744=CARTESIAN_POINT('Ctrl Pts',(-4.56197417550334,-1.02499751356451,21.9836709005122));
#3745=CARTESIAN_POINT('Ctrl Pts',(-2.86800801902355,-3.69266648705864,22.6311379853337));
#3746=CARTESIAN_POINT('Ctrl Pts',(0.136740332804367,-4.67434262461518,23.2785917201774));
#3747=CARTESIAN_POINT('Ctrl Pts',(3.07823085245438,-3.51799271442538,23.9260574269123));
#3748=CARTESIAN_POINT('Ctrl Pts',(4.61496845184721,-0.75927123091208,24.5735286803272));
#3749=CARTESIAN_POINT('Ctrl Pts',(4.03969305975863,2.356799278299,25.2209933155275));
#3750=CARTESIAN_POINT('Ctrl Pts',(1.89422728119919,4.14926474654673,25.7965077356202));
#3751=CARTESIAN_POINT('Ctrl Pts',(-1.15352575212632,4.54663857996965,26.4439783669016));
#3752=CARTESIAN_POINT('Ctrl Pts',(-3.93075632207617,2.78701069131226,27.0914388573063));
#3753=CARTESIAN_POINT('Ctrl Pts',(-4.62519804962188,-0.675076628364628,
27.8108511744474));
#3754=CARTESIAN_POINT('Ctrl Pts',(-3.14654466153732,-3.45641618167061,28.4583015271704));
#3755=CARTESIAN_POINT('Ctrl Pts',(-0.225578104031512,-4.67184757985348,
29.1057750871633));
#3756=CARTESIAN_POINT('Ctrl Pts',(2.79704241806365,-3.74649386684026,29.7532388422855));
#3757=CARTESIAN_POINT('Ctrl Pts',(4.54198104170589,-1.11296541749209,30.4007063256769));
#3758=CARTESIAN_POINT('Ctrl Pts',(4.20901147355504,2.03333871711223,31.0481592066823));
#3759=CARTESIAN_POINT('Ctrl Pts',(1.96241505976791,4.24242283938238,31.6956321084997));
#3760=CARTESIAN_POINT('Ctrl Pts',(-1.55275583053316,4.5602907992497,32.4150368542847));
#3761=CARTESIAN_POINT('Ctrl Pts',(-4.03224268314329,2.40082795798676,33.0624985579555));
#3762=CARTESIAN_POINT('Ctrl Pts',(-4.46026717028749,-0.300882005900458,
33.6380224796103));
#3763=CARTESIAN_POINT('Ctrl Pts',(-3.86869358256546,-2.23766295667474,34.0696669661625));
#3764=CARTESIAN_POINT('Ctrl Pts',(-2.01427019268757,-4.23986487046036,34.6451884964316));
#3765=CARTESIAN_POINT('Ctrl Pts',(1.62873317024427,-4.69892056065554,35.3645923611338));
#3766=CARTESIAN_POINT('Ctrl Pts',(4.46571651650138,-1.81879425355385,36.155937548265));
#3767=CARTESIAN_POINT('Ctrl Pts',(4.35025067436827,1.70184000609815,36.875344332172));
#3768=CARTESIAN_POINT('Ctrl Pts',(2.28311699267994,4.08065006186264,37.5228141519287));
#3769=CARTESIAN_POINT('Ctrl Pts',(-0.838857541773187,4.60081158361599,38.1702674229189));
#3770=CARTESIAN_POINT('Ctrl Pts',(-3.57194748469245,3.01617722269756,38.8177321109587));
#3771=CARTESIAN_POINT('Ctrl Pts',(-4.67578011869629,0.0547609724901509,
39.4652030932896));
#3772=CARTESIAN_POINT('Ctrl Pts',(-3.64191996570255,-2.93230931319288,40.1126693640098));
#3773=CARTESIAN_POINT('Ctrl Pts',(-0.944833991152541,-4.57923625226157,
40.7601230339402));
#3774=CARTESIAN_POINT('Ctrl Pts',(2.18433153575454,-4.13430836585095,41.4075896670607));
#3775=CARTESIAN_POINT('Ctrl Pts',(4.31465213575495,-1.79975015302438,42.0550609070448));
#3776=CARTESIAN_POINT('Ctrl Pts',(4.47590854790083,1.35605487579459,42.7025238213213));
#3777=CARTESIAN_POINT('Ctrl Pts',(2.589179956002,3.89311662898773,43.3499790867563));
#3778=CARTESIAN_POINT('Ctrl Pts',(-0.478306140862963,4.65138017035992,43.99744748934));
#3779=CARTESIAN_POINT('Ctrl Pts',(-3.32784453516731,3.28329330069792,44.6449169287246));
#3780=CARTESIAN_POINT('Ctrl Pts',(-4.65806780063218,0.41792451823049,45.2923812980888));
#3781=CARTESIAN_POINT('Ctrl Pts',(-3.85796882373822,-2.64275646793261,45.9398320135217));
#3782=CARTESIAN_POINT('Ctrl Pts',(-1.5101890651654,-4.3354137519692,46.5333564862381));
#3783=CARTESIAN_POINT('Ctrl Pts',(1.05697486620592,-4.38912794575533,47.0729017802122));
#3784=CARTESIAN_POINT('Ctrl Pts',(3.08847925917445,-3.29437118257669,47.558503010514));
#3785=CARTESIAN_POINT('Ctrl Pts',(4.31343982671908,-1.33585301917212,48.0440999354114));
#3786=CARTESIAN_POINT('Ctrl Pts',(4.40979853390314,0.970964111641646,48.5296975030682));
#3787=CARTESIAN_POINT('Ctrl Pts',(3.35315541456977,3.02436590250932,49.0152961335147));
#3788=CARTESIAN_POINT('Ctrl Pts',(1.41944527275479,4.28657571583455,49.500895083457));
#3789=CARTESIAN_POINT('Ctrl Pts',(-0.885392756041775,4.42786471616857,49.9864914507876));
#3790=CARTESIAN_POINT('Ctrl Pts',(-2.95873988654997,3.41112483725782,50.4720903619284));
#3791=CARTESIAN_POINT('Ctrl Pts',(-4.25827627749872,1.50230050014317,50.9576893055201));
#3792=CARTESIAN_POINT('Ctrl Pts',(-4.44418676492815,-0.799398385553806,
51.443285985602));
#3793=CARTESIAN_POINT('Ctrl Pts',(-3.46784581451236,-2.89203688636221,51.9288846249219));
#3794=CARTESIAN_POINT('Ctrl Pts',(-1.58458146957989,-4.22837391851537,52.4144829930141));
#3795=CARTESIAN_POINT('Ctrl Pts',(0.713107797142042,-4.45881006033974,52.9000817778707));
#3796=CARTESIAN_POINT('Ctrl Pts',(2.82421648413092,-3.52333991627375,53.3856770289117));
#3797=CARTESIAN_POINT('Ctrl Pts',(4.19688098819013,-1.66609092355899,53.8712822268346));
#3798=CARTESIAN_POINT('Ctrl Pts',(4.37978930910269,-0.137969199699965,54.1950019677447));
#3799=CARTESIAN_POINT('Ctrl Pts',(4.27653566395059,0.599122144762327,54.3568680467451));
#3800=CARTESIAN_POINT('Ctrl Pts',(1.44526476868423,-3.99685110826308,-0.206657968631517));
#3801=CARTESIAN_POINT('Ctrl Pts',(2.13414459970425,-3.74775849048685,-0.0447922414751482));
#3802=CARTESIAN_POINT('Ctrl Pts',(3.37980908619664,-2.88579789920316,0.278943083157695));
#3803=CARTESIAN_POINT('Ctrl Pts',(4.36466497700426,-0.837304417601231,0.764539929953667));
#3804=CARTESIAN_POINT('Ctrl Pts',(4.20787680889379,1.42994634047375,1.25013956738828));
#3805=CARTESIAN_POINT('Ctrl Pts',(2.95069889213333,3.3233466297508,1.73573730668366));
#3806=CARTESIAN_POINT('Ctrl Pts',(0.921830437027449,4.34756490486944,2.22133457234648));
#3807=CARTESIAN_POINT('Ctrl Pts',(-1.34812316365477,4.2348353066306,2.70693339613575));
#3808=CARTESIAN_POINT('Ctrl Pts',(-3.26550914480816,3.01455850936454,3.19253219860402));
#3809=CARTESIAN_POINT('Ctrl Pts',(-4.32887604348205,1.00595257244925,3.67812864909145));
#3810=CARTESIAN_POINT('Ctrl Pts',(-4.26017952665608,-1.26577993410606,4.16372754261978));
#3811=CARTESIAN_POINT('Ctrl Pts',(-3.07729089625096,-3.20643152992255,4.64932652027772));
#3812=CARTESIAN_POINT('Ctrl Pts',(-1.08970765814037,-4.30860713891973,5.13492307119391));
#3813=CARTESIAN_POINT('Ctrl Pts',(1.18299853130931,-4.2838164253002,5.62052188726009));
#3814=CARTESIAN_POINT('Ctrl Pts',(3.14606190703627,-3.1390929044907,6.10612008229155));
#3815=CARTESIAN_POINT('Ctrl Pts',(4.28690799514578,-1.17257311725638,6.59171913139613));
#3816=CARTESIAN_POINT('Ctrl Pts',(4.30544796732425,1.09875463822473,7.0773137813464));
#3817=CARTESIAN_POINT('Ctrl Pts',(3.07785257818034,3.30761864610588,7.61687720943267));
#3818=CARTESIAN_POINT('Ctrl Pts',(0.525965122203049,4.57298515914459,8.21037232253353));
#3819=CARTESIAN_POINT('Ctrl Pts',(-2.50647043323241,3.8598822463826,8.85783895169488));
#3820=CARTESIAN_POINT('Ctrl Pts',(-4.38461413273285,1.3874857273883,9.50531419159075));
#3821=CARTESIAN_POINT('Ctrl Pts',(-4.2625792719664,-2.07196023860516,10.2247046898212));
#3822=CARTESIAN_POINT('Ctrl Pts',(-1.3008819682423,-4.72731612953139,11.0160525034128));
#3823=CARTESIAN_POINT('Ctrl Pts',(2.97295428909525,-3.89025865654157,11.8793455028123));
#3824=CARTESIAN_POINT('Ctrl Pts',(4.73156025265643,-0.328263957025971,12.670690371908));
#3825=CARTESIAN_POINT('Ctrl Pts',(3.54510602767301,2.9287831895629,13.390086296752));
#3826=CARTESIAN_POINT('Ctrl Pts',(0.880019879311085,4.51785963495855,14.0375544526148));
#3827=CARTESIAN_POINT('Ctrl Pts',(-2.19919203217804,4.04337343516319,14.6850259787558));
#3828=CARTESIAN_POINT('Ctrl Pts',(-4.26701918950425,1.72138004590744,15.3324839419016));
#3829=CARTESIAN_POINT('Ctrl Pts',(-4.38841522709142,-1.38615985308996,15.9799419851104));
#3830=CARTESIAN_POINT('Ctrl Pts',(-2.50333623461494,-3.86265268780437,16.6274135934996));
#3831=CARTESIAN_POINT('Ctrl Pts',(0.524631700315042,-4.57111975657194,17.2748815660965));
#3832=CARTESIAN_POINT('Ctrl Pts',(3.31362546454884,-3.19363209306424,17.9223386238638));
#3833=CARTESIAN_POINT('Ctrl Pts',(4.5873370220476,-0.355848081901846,18.5698019082343));
#3834=CARTESIAN_POINT('Ctrl Pts',(3.76776855945176,2.64415844999301,19.2172672569888));
#3835=CARTESIAN_POINT('Ctrl Pts',(1.22344917753111,4.4361805965379,19.864740339088));
#3836=CARTESIAN_POINT('Ctrl Pts',(-1.87745649629107,4.20140010905189,20.512192883739));
#3837=CARTESIAN_POINT('Ctrl Pts',(-4.12171971401525,2.04716368340374,21.1596572084433));
#3838=CARTESIAN_POINT('Ctrl Pts',(-4.48220691549201,-1.04270884258975,21.8071279235307));
#3839=CARTESIAN_POINT('Ctrl Pts',(-2.79519429254572,-3.65559381270317,22.4545950083523));
#3840=CARTESIAN_POINT('Ctrl Pts',(0.16933443881705,-4.59940296119971,23.1020487431959));
#3841=CARTESIAN_POINT('Ctrl Pts',(3.05570840260474,-3.43946861778371,23.7495144499309));
#3842=CARTESIAN_POINT('Ctrl Pts',(4.547630028847,-0.712948187547155,24.3969857033457));
#3843=CARTESIAN_POINT('Ctrl Pts',(3.95828295857354,2.34956446187131,25.044450338546));
#3844=CARTESIAN_POINT('Ctrl Pts',(1.83341707806835,4.09773232955705,25.6199647586388));
#3845=CARTESIAN_POINT('Ctrl Pts',(-1.16909050069073,4.46615741027517,26.2674353899201));
#3846=CARTESIAN_POINT('Ctrl Pts',(-3.88931438768358,2.71370922519221,26.9148958803249));
#3847=CARTESIAN_POINT('Ctrl Pts',(-4.54703312339733,-0.698792304963687,
27.6343081974659));
#3848=CARTESIAN_POINT('Ctrl Pts',(-3.07108207590291,-3.42515021968127,28.2817585501889));
#3849=CARTESIAN_POINT('Ctrl Pts',(-0.187273703378103,-4.59964250511555,
28.9292321101818));
#3850=CARTESIAN_POINT('Ctrl Pts',(2.78066843627917,-3.66644456149829,29.576695865304));
#3851=CARTESIAN_POINT('Ctrl Pts',(4.47842609393263,-1.06159430158091,30.2241633486954));
#3852=CARTESIAN_POINT('Ctrl Pts',(4.12732818714329,2.03247930521241,30.8716162297008));
#3853=CARTESIAN_POINT('Ctrl Pts',(1.89983549994032,4.18992208206628,31.5190891315183));
#3854=CARTESIAN_POINT('Ctrl Pts',(-1.56211041497672,4.47662637741703,32.2384938773033));
#3855=CARTESIAN_POINT('Ctrl Pts',(-3.98632549903323,2.33287742957074,32.885955580974));
#3856=CARTESIAN_POINT('Ctrl Pts',(-4.38749258636404,-0.329288405977768,
33.4614795026289));
#3857=CARTESIAN_POINT('Ctrl Pts',(-3.79087405399496,-2.23104116587708,33.893123989181));
#3858=CARTESIAN_POINT('Ctrl Pts',(-1.9508884574152,-4.18778809086222,34.4686455194502));
#3859=CARTESIAN_POINT('Ctrl Pts',(1.63791500365484,-4.61250113287872,35.1880493841523));
#3860=CARTESIAN_POINT('Ctrl Pts',(4.40861481723294,-1.75682397159836,35.9793945712836));
#3861=CARTESIAN_POINT('Ctrl Pts',(4.2687999979526,1.70727253626664,36.6988013551905));
#3862=CARTESIAN_POINT('Ctrl Pts',(2.21666771341933,4.03309277937587,37.3462711749473));
#3863=CARTESIAN_POINT('Ctrl Pts',(-0.859800986676277,4.52181405136211,37.9937244459374));
#3864=CARTESIAN_POINT('Ctrl Pts',(-3.53788584407296,2.94191796381221,38.6411891339773));
#3865=CARTESIAN_POINT('Ctrl Pts',(-4.60224158692017,0.0191275857454527,
39.2886601163081));
#3866=CARTESIAN_POINT('Ctrl Pts',(-3.56252101571418,-2.9130159225958,39.9361263870283));
#3867=CARTESIAN_POINT('Ctrl Pts',(-0.895842126423086,-4.51384289449427,
40.5835800569587));
#3868=CARTESIAN_POINT('Ctrl Pts',(2.18052799752308,-4.0526839604827,41.2310466900792));
#3869=CARTESIAN_POINT('Ctrl Pts',(4.25980214278153,-1.73920445050185,41.8785179300633));
#3870=CARTESIAN_POINT('Ctrl Pts',(4.39503890345164,1.3678876591424,42.5259808443399));
#3871=CARTESIAN_POINT('Ctrl Pts',(2.51928597006283,3.85080201047161,43.1734361097748));
#3872=CARTESIAN_POINT('Ctrl Pts',(-0.505327864336629,4.57426307783856,43.8209045123585));
#3873=CARTESIAN_POINT('Ctrl Pts',(-3.2996318382418,3.20662476227453,44.4683739517431));
#3874=CARTESIAN_POINT('Ctrl Pts',(-4.5875068848846,0.376681236397378,45.1158383211074));
#3875=CARTESIAN_POINT('Ctrl Pts',(-3.77730765367477,-2.62964916136273,45.7632890365402));
#3876=CARTESIAN_POINT('Ctrl Pts',(-1.45406762601938,-4.27808087077578,46.3568135092567));
#3877=CARTESIAN_POINT('Ctrl Pts',(1.07289474325207,-4.31185640243614,46.8963588032307));
#3878=CARTESIAN_POINT('Ctrl Pts',(3.06413212185666,-3.21930726909736,47.3819600335325));
#3879=CARTESIAN_POINT('Ctrl Pts',(4.25515727972795,-1.28265391522335,47.8675569584299));
#3880=CARTESIAN_POINT('Ctrl Pts',(4.33283964167186,0.988398294075026,48.3531545260868));
#3881=CARTESIAN_POINT('Ctrl Pts',(3.27763852019638,3.00146955181883,48.8387531565332));
#3882=CARTESIAN_POINT('Ctrl Pts',(1.365123959348,4.22933967865531,49.3243521064755));
#3883=CARTESIAN_POINT('Ctrl Pts',(-0.904314560905266,4.35125633532323,49.8099484738061));
#3884=CARTESIAN_POINT('Ctrl Pts',(-2.93731241386774,3.33517918604243,50.295547384947));
#3885=CARTESIAN_POINT('Ctrl Pts',(-4.20210388018712,1.44687924836281,50.7811463285387));
#3886=CARTESIAN_POINT('Ctrl Pts',(-4.36795964969493,-0.819801455185926,
51.2667430086206));
#3887=CARTESIAN_POINT('Ctrl Pts',(-3.39149918247379,-2.87208618470625,51.7523416479404));
#3888=CARTESIAN_POINT('Ctrl Pts',(-1.52808118817038,-4.17328594312024,52.2379400160327));
#3889=CARTESIAN_POINT('Ctrl Pts',(0.734983988999887,-4.38299389880866,52.7235388008892));
#3890=CARTESIAN_POINT('Ctrl Pts',(2.80575163237484,-3.44661863900717,53.2091340519302));
#3891=CARTESIAN_POINT('Ctrl Pts',(4.14289630070035,-1.60853831712488,53.6947392498531));
#3892=CARTESIAN_POINT('Ctrl Pts',(4.31155483501671,-0.103215967501291,54.0184589907633));
#3893=CARTESIAN_POINT('Ctrl Pts',(4.20445179324432,0.621445211992473,54.1803250697637));
#3894=CARTESIAN_POINT('Ctrl Pts',(1.47649263871055,-3.98528160709297,-0.383983038395184));
#3895=CARTESIAN_POINT('Ctrl Pts',(2.16346896965398,-3.73076621882001,-0.222117311238815));
#3896=CARTESIAN_POINT('Ctrl Pts',(3.40221522316642,-2.85918865124072,0.101618013394027));
#3897=CARTESIAN_POINT('Ctrl Pts',(4.37102083049902,-0.803044709620588,0.58721486019));
#3898=CARTESIAN_POINT('Ctrl Pts',(4.19644886189348,1.46284032755083,1.07281449762461));
#3899=CARTESIAN_POINT('Ctrl Pts',(2.9245099829793,3.34630192440877,1.55841223691999));
#3900=CARTESIAN_POINT('Ctrl Pts',(0.887713746993012,4.35456503674103,2.04400950258282));
#3901=CARTESIAN_POINT('Ctrl Pts',(-1.38123801473272,4.22405575168079,2.52960832637209));
#3902=CARTESIAN_POINT('Ctrl Pts',(-3.2889651119287,2.98881547367977,3.01520712884035));
#3903=CARTESIAN_POINT('Ctrl Pts',(-4.33653757028505,0.971979956626738,3.50080357932779));
#3904=CARTESIAN_POINT('Ctrl Pts',(-4.25004330654594,-1.29909851902346,3.98640247285612));
#3905=CARTESIAN_POINT('Ctrl Pts',(-3.05200794382715,-3.23038159518143,4.47200145051406));
#3906=CARTESIAN_POINT('Ctrl Pts',(-1.05588930572652,-4.31692636695504,4.95759800143025));
#3907=CARTESIAN_POINT('Ctrl Pts',(1.21650615248826,-4.27432724340804,5.44319681749642));
#3908=CARTESIAN_POINT('Ctrl Pts',(3.17050005862905,-3.1142805878554,5.92879501252788));
#3909=CARTESIAN_POINT('Ctrl Pts',(4.29587584008759,-1.13891880103437,6.41439406163246));
#3910=CARTESIAN_POINT('Ctrl Pts',(4.29661969540879,1.13243399273323,6.89998871158273));
#3911=CARTESIAN_POINT('Ctrl Pts',(3.05175700578197,3.33158670316509,7.439552139669));
#3912=CARTESIAN_POINT('Ctrl Pts',(0.490108204516858,4.57686812088554,8.03304725276986));
#3913=CARTESIAN_POINT('Ctrl Pts',(-2.53658776305371,3.84004653062197,8.68051388193121));
#3914=CARTESIAN_POINT('Ctrl Pts',(-4.39526977132173,1.35305584297541,9.32798912182709));
#3915=CARTESIAN_POINT('Ctrl Pts',(-4.24609955363311,-2.10526878924285,10.0473796200575));
#3916=CARTESIAN_POINT('Ctrl Pts',(-1.26381280679879,-4.73728466918484,10.8387274336491));
#3917=CARTESIAN_POINT('Ctrl Pts',(3.00327620558569,-3.866750597123,11.7020204330486));
#3918=CARTESIAN_POINT('Ctrl Pts',(4.73391566059765,-0.291149496423688,12.4933653021443));
#3919=CARTESIAN_POINT('Ctrl Pts',(3.52198584176256,2.95636976215765,13.2127612269883));
#3920=CARTESIAN_POINT('Ctrl Pts',(0.84453057603447,4.52455873157728,13.8602293828512));
#3921=CARTESIAN_POINT('Ctrl Pts',(-2.23074233370815,4.02591874833784,14.5077009089922));
#3922=CARTESIAN_POINT('Ctrl Pts',(-4.28030929953072,1.68786318764979,15.1551588721379));
#3923=CARTESIAN_POINT('Ctrl Pts',(-4.37730289338258,-1.42048130871429,15.8026169153467));
#3924=CARTESIAN_POINT('Ctrl Pts',(-2.47299475007321,-3.88206740920471,16.4500885237359));
#3925=CARTESIAN_POINT('Ctrl Pts',(0.560459723469129,-4.56675956441031,17.0975564963329));
#3926=CARTESIAN_POINT('Ctrl Pts',(3.33848443725939,-3.16750533373561,17.7450135541001));
#3927=CARTESIAN_POINT('Ctrl Pts',(4.58988154205959,-0.319920125612725,18.3924768384706));
#3928=CARTESIAN_POINT('Ctrl Pts',(3.74684376155649,2.67359937105163,19.0399421872251));
#3929=CARTESIAN_POINT('Ctrl Pts',(1.18862938981608,4.4455192225037,19.6874152693244));
#3930=CARTESIAN_POINT('Ctrl Pts',(-1.91028559259844,4.1864844388207,20.3348678139753));
#3931=CARTESIAN_POINT('Ctrl Pts',(-4.13754991845168,2.01475595353006,20.9823321386796));
#3932=CARTESIAN_POINT('Ctrl Pts',(-4.47380763423304,-1.07777621739711,21.6298028537671));
#3933=CARTESIAN_POINT('Ctrl Pts',(-2.76640627791809,-3.67731138377108,22.2772699385886));
#3934=CARTESIAN_POINT('Ctrl Pts',(0.205368016697173,-4.59784131499103,22.9247236734322));
#3935=CARTESIAN_POINT('Ctrl Pts',(3.08250216866441,-3.4153470666807,23.5721893801672));
#3936=CARTESIAN_POINT('Ctrl Pts',(4.55298927662376,-0.67727907691839,24.2196606335821));
#3937=CARTESIAN_POINT('Ctrl Pts',(3.93966058567715,2.38046788921043,24.8671252687823));
#3938=CARTESIAN_POINT('Ctrl Pts',(1.80124588929485,4.11187524941018,25.4426396888751));
#3939=CARTESIAN_POINT('Ctrl Pts',(-1.20403024716806,4.45677951583769,26.0901103201564));
#3940=CARTESIAN_POINT('Ctrl Pts',(-3.91039255867889,2.68305816893935,26.7375708105612));
#3941=CARTESIAN_POINT('Ctrl Pts',(-4.54132396156624,-0.73437763512821,27.4569831277022));
#3942=CARTESIAN_POINT('Ctrl Pts',(-3.04408940564825,-3.44905388854226,28.1044334804252));
#3943=CARTESIAN_POINT('Ctrl Pts',(-0.151213121153423,-4.60085244269466,
28.7519070404182));
#3944=CARTESIAN_POINT('Ctrl Pts',(2.8092374110891,-3.64451833822279,29.3993707955403));
#3945=CARTESIAN_POINT('Ctrl Pts',(4.48651039723565,-1.02640610611836,30.0468382789318));
#3946=CARTESIAN_POINT('Ctrl Pts',(4.11119795408273,2.06471408664517,30.6942911599372));
#3947=CARTESIAN_POINT('Ctrl Pts',(1.86689936001224,4.20459717223537,31.3417640617546));
#3948=CARTESIAN_POINT('Ctrl Pts',(-1.59707580488556,4.46416678560332,32.0611688075396));
#3949=CARTESIAN_POINT('Ctrl Pts',(-4.0044107787833,2.30151936724606,32.7086305112104));
#3950=CARTESIAN_POINT('Ctrl Pts',(-4.38468692407796,-0.363654038211991,
33.2841544328652));
#3951=CARTESIAN_POINT('Ctrl Pts',(-3.77318615784033,-2.26062978959156,33.7157989194173));
#3952=CARTESIAN_POINT('Ctrl Pts',(-1.91796671247304,-4.20290015699276,34.2913204496865));
#3953=CARTESIAN_POINT('Ctrl Pts',(1.67395166520771,-4.59939371516813,35.0107243143886));
#3954=CARTESIAN_POINT('Ctrl Pts',(4.42219475803636,-1.72219205296024,35.8020695015199));
#3955=CARTESIAN_POINT('Ctrl Pts',(4.25518633119392,1.74063320199898,36.5214762854268));
#3956=CARTESIAN_POINT('Ctrl Pts',(2.18495938096303,4.05025808003518,37.1689461051836));
#3957=CARTESIAN_POINT('Ctrl Pts',(-0.895194576813273,4.51484502784175,37.8163993761737));
#3958=CARTESIAN_POINT('Ctrl Pts',(-3.56075604246816,2.91404501062522,38.4638640642136));
#3959=CARTESIAN_POINT('Ctrl Pts',(-4.60215807732015,-0.0169373211487689,
39.1113350465445));
#3960=CARTESIAN_POINT('Ctrl Pts',(-3.53951066533845,-2.94078280243071,39.7588013172646));
#3961=CARTESIAN_POINT('Ctrl Pts',(-0.860428696306301,-4.52063360545962,
40.406254987195));
#3962=CARTESIAN_POINT('Ctrl Pts',(2.21217942420508,-4.0353887996736,41.0537216203156));
#3963=CARTESIAN_POINT('Ctrl Pts',(4.27319116143256,-1.70576954625234,41.7011928602996));
#3964=CARTESIAN_POINT('Ctrl Pts',(4.38409889053331,1.40231154093097,42.3486557745762));
#3965=CARTESIAN_POINT('Ctrl Pts',(2.48898341629194,3.87032389771423,42.9961110400112));
#3966=CARTESIAN_POINT('Ctrl Pts',(-0.541152204187287,4.57008179033041,43.6435794425948));
#3967=CARTESIAN_POINT('Ctrl Pts',(-3.32455556410396,3.18062306422502,44.2910488819795));
#3968=CARTESIAN_POINT('Ctrl Pts',(-4.5902526914084,0.340668877216039,44.9385132513437));
#3969=CARTESIAN_POINT('Ctrl Pts',(-3.75648949273917,-2.65909597376209,45.5859639667765));
#3970=CARTESIAN_POINT('Ctrl Pts',(-1.42050202429254,-4.28926004590132,46.179488439493));
#3971=CARTESIAN_POINT('Ctrl Pts',(1.1066329910738,-4.30322545908335,46.719033733467));
#3972=CARTESIAN_POINT('Ctrl Pts',(3.08919889017262,-3.19513346807,47.2046349637689));
#3973=CARTESIAN_POINT('Ctrl Pts',(4.26499244240409,-1.24924397771113,47.6902318886662));
#3974=CARTESIAN_POINT('Ctrl Pts',(4.32487252665424,1.02229997794618,48.1758294563231));
#3975=CARTESIAN_POINT('Ctrl Pts',(3.2539517416331,3.02700030996348,48.6614280867696));
#3976=CARTESIAN_POINT('Ctrl Pts',(1.33191265413923,4.23982082976302,49.1470270367119));
#3977=CARTESIAN_POINT('Ctrl Pts',(-0.938365101020989,4.34394802354743,49.6326234040424));
#3978=CARTESIAN_POINT('Ctrl Pts',(-2.96329721130442,3.31199163045531,50.1182223151833));
#3979=CARTESIAN_POINT('Ctrl Pts',(-4.21322714875985,1.41387785379103,50.603821258775));
#3980=CARTESIAN_POINT('Ctrl Pts',(-4.36131264392153,-0.85398834277771,51.0894179388569));
#3981=CARTESIAN_POINT('Ctrl Pts',(-3.36882002859728,-2.89851333699233,51.5750165781767));
#3982=CARTESIAN_POINT('Ctrl Pts',(-1.4953011754515,-4.18505187756629,52.060614946269));
#3983=CARTESIAN_POINT('Ctrl Pts',(0.769292235677636,-4.37700061731202,52.5462137311256));
#3984=CARTESIAN_POINT('Ctrl Pts',(2.83261472727431,-3.42447963698669,53.0318089821665));
#3985=CARTESIAN_POINT('Ctrl Pts',(4.15528678103998,-1.57595086658816,53.5174141800895));
#3986=CARTESIAN_POINT('Ctrl Pts',(4.3121205122129,-0.0695239785211496,53.8411339209996));
#3987=CARTESIAN_POINT('Ctrl Pts',(4.1993244352622,0.654350278833757,54.003));
#3988=CARTESIAN_POINT('',(3.25774781617545,-2.72939172091588,0.102999999668336));
#3989=CARTESIAN_POINT('',(1.45569368873353,-4.19239520347759,0.103000001675772));
#3990=CARTESIAN_POINT('Ctrl Pts',(3.2577478181035,-2.72939171861459,0.103));
#3991=CARTESIAN_POINT('Ctrl Pts',(3.0798943898947,-2.94167404281815,0.103));
#3992=CARTESIAN_POINT('Ctrl Pts',(2.8878283818075,-3.13998373984378,0.103000000010517));
#3993=CARTESIAN_POINT('Ctrl Pts',(2.48508203567236,-3.50161054391601,0.103000000010517));
#3994=CARTESIAN_POINT('Ctrl Pts',(2.27864373656839,-3.66352698427414,0.102999999993658));
#3995=CARTESIAN_POINT('Ctrl Pts',(1.86442604835676,-3.95070775678979,0.102999999993658));
#3996=CARTESIAN_POINT('Ctrl Pts',(1.66628698925881,-4.07297721397728,0.103));
#3997=CARTESIAN_POINT('Ctrl Pts',(1.45569368732207,-4.19239520098848,0.103));
#3998=CARTESIAN_POINT('Ctrl Pts',(4.2497442146247,-3.58581145840087E-6,
0.757862782994385));
#3999=CARTESIAN_POINT('Ctrl Pts',(4.24996023193927,-0.257493227097745,0.700980262266515));
#4000=CARTESIAN_POINT('Ctrl Pts',(4.16175631056198,-1.24548964685218,0.482691509714079));
#4001=CARTESIAN_POINT('Ctrl Pts',(3.72698431045876,-2.16991164460918,0.264403603029441));
#4002=CARTESIAN_POINT('Ctrl Pts',(3.25800942333418,-2.72961018096911,0.10299695978438));
#4003=CARTESIAN_POINT('',(4.11366493834295,-1.66522744170532,54.003));
#4004=CARTESIAN_POINT('Ctrl Pts',(4.11399798308963,-1.66536325634409,54.0030026749803));
#4005=CARTESIAN_POINT('Ctrl Pts',(4.11446168110341,-1.66310837504189,54.0030026911953));
#4006=CARTESIAN_POINT('Ctrl Pts',(4.11492527163828,-1.66085018543249,54.0030027092631));
#4007=CARTESIAN_POINT('Ctrl Pts',(4.11538873948968,-1.65858868734779,54.0030027288313));
#4008=CARTESIAN_POINT('Ctrl Pts',(4.13242312747892,-1.57546914476078,54.0030034480451));
#4009=CARTESIAN_POINT('Ctrl Pts',(4.14929438737105,-1.48787743093699,54.0030051959823));
#4010=CARTESIAN_POINT('Ctrl Pts',(4.16528885956998,-1.39584388845106,54.0029965010142));
#4011=CARTESIAN_POINT('Ctrl Pts',(4.18079355394023,-1.30662856891398,54.0029880723007));
#4012=CARTESIAN_POINT('Ctrl Pts',(4.19547412664917,-1.21323880930801,54.0029697155795));
#4013=CARTESIAN_POINT('Ctrl Pts',(4.20865339498581,-1.11573912654604,54.002943280639));
#4014=CARTESIAN_POINT('Ctrl Pts',(4.22126273976694,-1.02245571470611,54.0029179888496));
#4015=CARTESIAN_POINT('Ctrl Pts',(4.23249775986632,-0.9254099918464,54.0028852324969));
#4016=CARTESIAN_POINT('Ctrl Pts',(4.24174209932152,-0.824697055402223,54.0028593386751));
#4017=CARTESIAN_POINT('Ctrl Pts',(4.24919173767109,-0.743536583389225,54.0028384718939));
#4018=CARTESIAN_POINT('Ctrl Pts',(4.25534826474527,-0.659995242947938,54.0028222594631));
#4019=CARTESIAN_POINT('Ctrl Pts',(4.25987702261579,-0.574143239291709,54.0028251769102));
#4020=CARTESIAN_POINT('Ctrl Pts',(4.26595845260739,-0.458857113426731,54.0028290945961));
#4021=CARTESIAN_POINT('Ctrl Pts',(4.26884558703297,-0.343940744197136,54.0028166939028));
#4022=CARTESIAN_POINT('Ctrl Pts',(4.26848612696307,-0.229295347669191,54.0028209276485));
#4023=CARTESIAN_POINT('Ctrl Pts',(4.2680971736111,-0.105243429245909,54.002825508768));
#4024=CARTESIAN_POINT('Ctrl Pts',(4.26390700576966,0.0184908044339555,54.0028485299983));
#4025=CARTESIAN_POINT('Ctrl Pts',(4.25581243035839,0.142009186635169,54.0028832479087));
#4026=CARTESIAN_POINT('Ctrl Pts',(4.24685345168641,0.278717845893212,54.0029216732742));
#4027=CARTESIAN_POINT('Ctrl Pts',(4.23311225440473,0.415160849584046,54.0029726892604));
#4028=CARTESIAN_POINT('Ctrl Pts',(4.21440104055467,0.551461538778771,54.0029922329067));
#4029=CARTESIAN_POINT('Ctrl Pts',(4.20969174243344,0.585766131986398,54.0029971517141));
#4030=CARTESIAN_POINT('Ctrl Pts',(4.20466737506581,0.620061705268188,54.003));
#4031=CARTESIAN_POINT('Ctrl Pts',(4.19932443526221,0.654350278833669,54.003));
#4032=CARTESIAN_POINT('Ctrl Pts',(1.45569368841293,-4.19239520358891,0.103000003279735));
#4033=CARTESIAN_POINT('Ctrl Pts',(2.17837192204046,-3.94146510472723,0.264865730286409));
#4034=CARTESIAN_POINT('Ctrl Pts',(3.49037503420879,-3.05819759041009,0.588601054919253));
#4035=CARTESIAN_POINT('Ctrl Pts',(4.54605188616552,-0.932437370452188,1.07419790171522));
#4036=CARTESIAN_POINT('Ctrl Pts',(4.41255940504107,1.43689655525805,1.55979753914984));
#4037=CARTESIAN_POINT('Ctrl Pts',(3.12518965528153,3.43059605009255,2.04539527844521));
#4038=CARTESIAN_POINT('Ctrl Pts',(1.0204774784586,4.52705007238563,2.53099254410804));
#4039=CARTESIAN_POINT('Ctrl Pts',(-1.35110990288568,4.43962489599459,3.01659136789731));
#4040=CARTESIAN_POINT('Ctrl Pts',(-3.36935278199874,3.19109055217576,3.50219017036558));
#4041=CARTESIAN_POINT('Ctrl Pts',(-4.50641610551254,1.10806321428763,3.98778662085301));
#4042=CARTESIAN_POINT('Ctrl Pts',(-4.46498824631419,-1.26479728003204,4.47338551438134));
#4043=CARTESIAN_POINT('Ctrl Pts',(-3.25580263077309,-3.30683190970483,4.95898449203928));
#4044=CARTESIAN_POINT('Ctrl Pts',(-1.19524230795291,-4.4841364014026,5.44458104295547));
#4045=CARTESIAN_POINT('Ctrl Pts',(1.17804852195184,-4.48856327904508,5.93017985902164));
#4046=CARTESIAN_POINT('Ctrl Pts',(3.24297570254273,-3.31952648121874,6.41577805405311));
#4047=CARTESIAN_POINT('Ctrl Pts',(4.46037298157202,-1.28147186370798,6.90137710315768));
#4048=CARTESIAN_POINT('Ctrl Pts',(4.51002736344425,1.08979771938469,7.38697175310795));
#4049=CARTESIAN_POINT('Ctrl Pts',(3.25771850979428,3.41249514272795,7.92653518119423));
#4050=CARTESIAN_POINT('Ctrl Pts',(0.610162264299394,4.76769000531219,8.52003029429508));
#4051=CARTESIAN_POINT('Ctrl Pts',(-2.5655552075007,4.06358266166156,9.16749692345644));
#4052=CARTESIAN_POINT('Ctrl Pts',(-4.55953188378946,1.50716918378749,9.81497216335231));
#4053=CARTESIAN_POINT('Ctrl Pts',(-4.47821915617227,-2.10652152133293,10.5343626615827));
#4054=CARTESIAN_POINT('Ctrl Pts',(-1.42135962096608,-4.91851486714746,11.3257104751743));
#4055=CARTESIAN_POINT('Ctrl Pts',(3.05220190807915,-4.10150441132466,12.1890034745739));
#4056=CARTESIAN_POINT('Ctrl Pts',(4.93592861303836,-0.40582950686037,12.9803483436695));
#4057=CARTESIAN_POINT('Ctrl Pts',(3.74056163642957,3.01065079757095,13.6997442685136));
#4058=CARTESIAN_POINT('Ctrl Pts',(0.979052511968281,4.70545225564579,14.3472124243764));
#4059=CARTESIAN_POINT('Ctrl Pts',(-2.24225365505138,4.25105114353613,14.9946839505174));
#4060=CARTESIAN_POINT('Ctrl Pts',(-4.43230869013077,1.85423319747505,15.6421419136632));
#4061=CARTESIAN_POINT('Ctrl Pts',(-4.60045894419451,-1.38878202267321,16.2895999568719));
#4062=CARTESIAN_POINT('Ctrl Pts',(-2.66533835841776,-3.99964989689073,16.9370715652611));
#4063=CARTESIAN_POINT('Ctrl Pts',(0.486845069872718,-4.77974413178362,17.5845395378581));
#4064=CARTESIAN_POINT('Ctrl Pts',(3.41720553997258,-3.37870785543581,18.2319965956254));
#4065=CARTESIAN_POINT('Ctrl Pts',(4.78493829758596,-0.432766452928527,18.8794598799958));
#4066=CARTESIAN_POINT('Ctrl Pts',(3.96922763324144,2.71060057380258,19.5269252287503));
#4067=CARTESIAN_POINT('Ctrl Pts',(1.33658978391489,4.61553049527981,20.1743983108496));
#4068=CARTESIAN_POINT('Ctrl Pts',(-1.90424251377076,4.41178526151265,20.8218508555006));
#4069=CARTESIAN_POINT('Ctrl Pts',(-4.27623383326586,2.19243620277726,21.4693151802048));
#4070=CARTESIAN_POINT('Ctrl Pts',(-4.69383485274795,-1.02892221298517,22.1167858952923));
#4071=CARTESIAN_POINT('Ctrl Pts',(-2.96725292933244,-3.77957121790852,22.7642529801138));
#4072=CARTESIAN_POINT('Ctrl Pts',(0.115461523741741,-4.80455208161652,23.4117067149575));
#4073=CARTESIAN_POINT('Ctrl Pts',(3.14462744245013,-3.63194534530657,24.0591724216924));
#4074=CARTESIAN_POINT('Ctrl Pts',(4.73873278660371,-0.805054246078224,24.7066436751073));
#4075=CARTESIAN_POINT('Ctrl Pts',(4.16421985819853,2.4004229022043,25.3541083103075));
#4076=CARTESIAN_POINT('Ctrl Pts',(1.96897982849093,4.25402413037757,25.9296227304003));
#4077=CARTESIAN_POINT('Ctrl Pts',(-1.1610974784424,4.67877443907314,26.5770933616816));
#4078=CARTESIAN_POINT('Ctrl Pts',(-4.02470086271055,2.88525348148568,27.2245538520864));
#4079=CARTESIAN_POINT('Ctrl Pts',(-4.75693202003353,-0.668962209593712,
27.9439661692274));
#4080=CARTESIAN_POINT('Ctrl Pts',(-3.25224136319981,-3.53529553736597,28.5914165219505));
#4081=CARTESIAN_POINT('Ctrl Pts',(-0.256872925390421,-4.80002233286071,
29.2388900819434));
#4082=CARTESIAN_POINT('Ctrl Pts',(2.8544082518612,-3.86531902263456,29.8863538370656));
#4083=CARTESIAN_POINT('Ctrl Pts',(4.6618160830286,-1.16811125530894,30.533821320457));
#4084=CARTESIAN_POINT('Ctrl Pts',(4.33650957912544,2.06708551260248,31.1812742014624));
#4085=CARTESIAN_POINT('Ctrl Pts',(2.03951716334381,4.34941273004441,31.8287471032798));
#4086=CARTESIAN_POINT('Ctrl Pts',(-1.57127690825839,4.69494477080791,32.5481518490648));
#4087=CARTESIAN_POINT('Ctrl Pts',(-4.13106603333817,2.48895130359901,33.1956135527356));
#4088=CARTESIAN_POINT('Ctrl Pts',(-4.58542572454705,-0.285298583190513,
33.7711374743904));
#4089=CARTESIAN_POINT('Ctrl Pts',(-3.98784222301043,-2.27889468522721,34.2027819609426));
#4090=CARTESIAN_POINT('Ctrl Pts',(-2.09279480959361,-4.34654212024553,34.7783034912117));
#4091=CARTESIAN_POINT('Ctrl Pts',(1.64862509723497,-4.83777559534803,35.4977073559139));
#4092=CARTESIAN_POINT('Ctrl Pts',(4.57969795733893,-1.89312569925777,36.2890525430452));
#4093=CARTESIAN_POINT('Ctrl Pts',(4.47985904219842,1.72564750748386,37.008459326952));
#4094=CARTESIAN_POINT('Ctrl Pts',(2.36824962244679,4.18143876307066,37.6559291467088));
#4095=CARTESIAN_POINT('Ctrl Pts',(-0.837424427152783,4.73274875094062,38.303382417699));
#4096=CARTESIAN_POINT('Ctrl Pts',(-3.65471071257372,3.11887914601916,38.9508471057388));
#4097=CARTESIAN_POINT('Ctrl Pts',(-4.80500388224634,0.0813524578609208,
39.5983180880697));
#4098=CARTESIAN_POINT('Ctrl Pts',(-3.75852208072674,-2.99400093678876,40.2457843587898));
#4099=CARTESIAN_POINT('Ctrl Pts',(-0.995565636697465,-4.70101232004462,
40.8932380287203));
#4100=CARTESIAN_POINT('Ctrl Pts',(2.22267024413982,-4.26053838927321,41.5407046618408));
#4101=CARTESIAN_POINT('Ctrl Pts',(4.42449204370342,-1.8727742058646,42.1881759018249));
#4102=CARTESIAN_POINT('Ctrl Pts',(4.60716294539471,1.36966659418217,42.8356388161014));
#4103=CARTESIAN_POINT('Ctrl Pts',(2.6817777670906,3.98704564163322,43.4830940815364));
#4104=CARTESIAN_POINT('Ctrl Pts',(-0.466616585123602,4.7827970425521,44.1305624841201));
#4105=CARTESIAN_POINT('Ctrl Pts',(-3.40238155398031,3.39210298837438,44.7780319235047));
#4106=CARTESIAN_POINT('Ctrl Pts',(-4.78487927892072,0.454436075011007,45.4254962928689));
#4107=CARTESIAN_POINT('Ctrl Pts',(-3.97898564585971,-2.69525150112227,46.0729470083018));
#4108=CARTESIAN_POINT('Ctrl Pts',(-1.57530154800616,-4.44740665343269,46.6664714810182));
#4109=CARTESIAN_POINT('Ctrl Pts',(1.06271939900709,-4.51636854306096,47.2060167749923));
#4110=CARTESIAN_POINT('Ctrl Pts',(3.15635763043506,-3.40218710889496,47.6916180052941));
#4111=CARTESIAN_POINT('Ctrl Pts',(4.42575669125132,-1.39598643401441,48.1772149301914));
#4112=CARTESIAN_POINT('Ctrl Pts',(4.53715323465876,0.974210154477647,48.6628124978483));
#4113=CARTESIAN_POINT('Ctrl Pts',(3.46225474577275,3.09015677200421,49.1484111282948));
#4114=CARTESIAN_POINT('Ctrl Pts',(1.48175061326974,4.39769863462747,49.6340100782371));
#4115=CARTESIAN_POINT('Ctrl Pts',(-0.886171901226067,4.55526178167532,50.1196064455677));
#4116=CARTESIAN_POINT('Ctrl Pts',(-3.02240195101971,3.52147737518381,50.6052053567085));
#4117=CARTESIAN_POINT('Ctrl Pts',(-4.36817108113458,1.56674976301523,51.0908043003002));
#4118=CARTESIAN_POINT('Ctrl Pts',(-4.57157466971981,-0.797709141959366,
51.5764009803821));
#4119=CARTESIAN_POINT('Ctrl Pts',(-3.57941195443544,-2.95354487381983,52.0619996197019));
#4120=CARTESIAN_POINT('Ctrl Pts',(-1.65114915911439,-4.33700401297235,52.5475979877942));
#4121=CARTESIAN_POINT('Ctrl Pts',(0.708949063610497,-4.58613027113211,53.0331967726508));
#4122=CARTESIAN_POINT('Ctrl Pts',(2.88147621527079,-3.63700795298478,53.5183291267113));
#4123=CARTESIAN_POINT('Ctrl Pts',(3.82793609636232,-2.37212896768567,53.8416030093958));
#4124=CARTESIAN_POINT('Ctrl Pts',(4.11400081767038,-1.66535625303623,54.0030042742825));
#4125=CARTESIAN_POINT('Ctrl Pts',(0.0652983753754074,4.4374494678513,0.103000003074233));
#4126=CARTESIAN_POINT('Ctrl Pts',(-0.672956579182762,4.44831310686167,0.259223046102544));
#4127=CARTESIAN_POINT('Ctrl Pts',(-2.154250207022,4.09437360226499,0.571669132159167));
#4128=CARTESIAN_POINT('Ctrl Pts',(-3.85131798954778,2.56348174547206,1.0403382612441));
#4129=CARTESIAN_POINT('Ctrl Pts',(-4.60842597727775,0.407506313824344,1.50900739032903));
#4130=CARTESIAN_POINT('Ctrl Pts',(-4.24132379037737,-1.84806428876996,1.97767651941396));
#4131=CARTESIAN_POINT('Ctrl Pts',(-2.83934865677099,-3.65266041419149,2.4463456484989));
#4132=CARTESIAN_POINT('Ctrl Pts',(-0.744666341497084,-4.56612193000141,
2.91501477758383));
#4133=CARTESIAN_POINT('Ctrl Pts',(1.53171771788912,-4.36552115688648,3.38368390666876));
#4134=CARTESIAN_POINT('Ctrl Pts',(3.43438451724519,-3.099830812694,3.8523530357537));
#4135=CARTESIAN_POINT('Ctrl Pts',(4.49913482378733,-1.0778391165657,4.32102216483863));
#4136=CARTESIAN_POINT('Ctrl Pts',(4.46618443028417,1.20712128576602,4.78969129392356));
#4137=CARTESIAN_POINT('Ctrl Pts',(3.34357576934028,3.19756950953448,5.2583604230085));
#4138=CARTESIAN_POINT('Ctrl Pts',(1.40520124180417,4.40787440190101,5.72702955209343));
#4139=CARTESIAN_POINT('Ctrl Pts',(-0.87601391849614,4.5427467332667,6.19569868117836));
#4140=CARTESIAN_POINT('Ctrl Pts',(-2.94349939764812,3.56927993994822,6.6643678102633));
#4141=CARTESIAN_POINT('Ctrl Pts',(-4.29283006746106,1.72498058022619,7.13303693934822));
#4142=CARTESIAN_POINT('Ctrl Pts',(-4.59479643018189,-0.540179437364401,
7.60170606843317));
#4143=CARTESIAN_POINT('Ctrl Pts',(-3.77572471187391,-2.67354650244483,8.07037519751809));
#4144=CARTESIAN_POINT('Ctrl Pts',(-2.03545198701974,-4.15462191338093,8.53904432660304));
#4145=CARTESIAN_POINT('Ctrl Pts',(0.201430154709599,-4.62205299755642,9.00771345568795));
#4146=CARTESIAN_POINT('Ctrl Pts',(2.38916738162211,-3.96179596230168,9.4763825847729));
#4147=CARTESIAN_POINT('Ctrl Pts',(3.99399574234312,-2.33494026345823,9.94505171385782));
#4148=CARTESIAN_POINT('Ctrl Pts',(4.62436934024906,-0.138406025996092,10.4137208429428));
#4149=CARTESIAN_POINT('Ctrl Pts',(4.12648967587228,2.0918965028717,10.8823899720277));
#4150=CARTESIAN_POINT('Ctrl Pts',(2.6218293896747,3.81181828984247,11.3510591011126));
#4151=CARTESIAN_POINT('Ctrl Pts',(0.477495378323904,4.60173295479473,11.8197282301976));
#4152=CARTESIAN_POINT('Ctrl Pts',(-1.78333791733847,4.26891718074575,12.2883973592825));
#4153=CARTESIAN_POINT('Ctrl Pts',(-3.6090725702729,2.8945713337216,12.7570664883674));
#4154=CARTESIAN_POINT('Ctrl Pts',(-4.55426598561517,0.8140082037509,13.2257356174524));
#4155=CARTESIAN_POINT('Ctrl Pts',(-4.38830994933205,-1.46515658278885,13.6944047465373));
#4156=CARTESIAN_POINT('Ctrl Pts',(-3.15169440191265,-3.38685258321866,14.1630738756222));
#4157=CARTESIAN_POINT('Ctrl Pts',(-1.14612870590041,-4.4822245607522,14.6317430047072));
#4158=CARTESIAN_POINT('Ctrl Pts',(1.13906938028643,-4.48402374775093,15.1004121337921));
#4159=CARTESIAN_POINT('Ctrl Pts',(3.14635740999826,-3.39181117871398,15.569081262877));
#4160=CARTESIAN_POINT('Ctrl Pts',(4.38599740997913,-1.47206478904851,16.037750391962));
#4161=CARTESIAN_POINT('Ctrl Pts',(4.55554211198907,0.80683585034032,16.5064195210469));
#4162=CARTESIAN_POINT('Ctrl Pts',(3.61362601316566,2.88888474336941,16.9750886501318));
#4163=CARTESIAN_POINT('Ctrl Pts',(1.79005772811068,4.26610376731876,17.4437577792168));
#4164=CARTESIAN_POINT('Ctrl Pts',(-0.470248698555966,4.60247913466282,17.9124269083017));
#4165=CARTESIAN_POINT('Ctrl Pts',(-2.61582388528691,3.81594201012839,18.3810960373866));
#4166=CARTESIAN_POINT('Ctrl Pts',(-4.12319056929577,2.09839165857344,18.8497651664715));
#4167=CARTESIAN_POINT('Ctrl Pts',(-4.62458154734482,-0.131124122334468,
19.3184342955565));
#4168=CARTESIAN_POINT('Ctrl Pts',(-3.99766748863358,-2.3286482503423,19.7871034246414));
#4169=CARTESIAN_POINT('Ctrl Pts',(-2.39540283516251,-3.95802896411782,20.2557725537263));
#4170=CARTESIAN_POINT('Ctrl Pts',(-0.208707989183423,-4.62173008718068,
20.7244416828113));
#4171=CARTESIAN_POINT('Ctrl Pts',(2.02890741533635,-4.15782187250648,21.1931108118962));
#4172=CARTESIAN_POINT('Ctrl Pts',(3.77151015062151,-2.67948860927959,21.6617799409812));
#4173=CARTESIAN_POINT('Ctrl Pts',(4.59394014042183,-0.547413929052976,22.1304490700661));
#4174=CARTESIAN_POINT('Ctrl Pts',(4.29554098147696,1.71821875788623,22.599118199151));
#4175=CARTESIAN_POINT('Ctrl Pts',(2.94911607676632,3.56464056943454,23.0677873282359));
#4176=CARTESIAN_POINT('Ctrl Pts',(0.883166067061766,4.54136165940248,23.5364564573209));
#4177=CARTESIAN_POINT('Ctrl Pts',(-1.39825872918508,4.4100816942272,24.0051255864058));
#4178=CARTESIAN_POINT('Ctrl Pts',(-3.33853647230246,3.20283034933266,24.4737947154908));
#4179=CARTESIAN_POINT('Ctrl Pts',(-4.46427835340883,1.21415271147641,24.9424638445757));
#4180=CARTESIAN_POINT('Ctrl Pts',(-4.50082595821507,-1.07075380800514,25.4111329736606));
#4181=CARTESIAN_POINT('Ctrl Pts',(-3.43926240501802,-3.09441789888338,25.8798021027456));
#4182=CARTESIAN_POINT('Ctrl Pts',(-1.53858788478653,-4.36310615780642,26.3484712318305));
#4183=CARTESIAN_POINT('Ctrl Pts',(0.73747118475618,-4.56728412463627,26.8171403609154));
#4184=CARTESIAN_POINT('Ctrl Pts',(2.8336020935113,-3.65713647532445,27.2858094900004));
#4185=CARTESIAN_POINT('Ctrl Pts',(4.23839098968607,-1.8547209606968,27.7544786190853));
#4186=CARTESIAN_POINT('Ctrl Pts',(4.60909759053017,0.40020922586707,28.2231477481702));
#4187=CARTESIAN_POINT('Ctrl Pts',(3.8552769291616,2.55749639745092,28.6918168772551));
#4188=CARTESIAN_POINT('Ctrl Pts',(2.16084611036674,4.09080580213887,29.1604860063401));
#4189=CARTESIAN_POINT('Ctrl Pts',(-0.0607877699441602,4.62604073377282,
29.629155135425));
#4190=CARTESIAN_POINT('Ctrl Pts',(-2.26759065499651,4.03261461645824,30.09782426451));
#4191=CARTESIAN_POINT('Ctrl Pts',(-3.92114695305503,2.45531150692685,30.5664933935949));
#4192=CARTESIAN_POINT('Ctrl Pts',(-4.61802213051585,0.278961691932652,31.0351625226798));
#4193=CARTESIAN_POINT('Ctrl Pts',(-4.18819263721072,-1.96544917439093,31.5038316517647));
#4194=CARTESIAN_POINT('Ctrl Pts',(-2.73652823860473,-3.73032990804018,31.9725007808497));
#4195=CARTESIAN_POINT('Ctrl Pts',(-0.6172058987895,-4.58508504850233,32.4411699099346));
#4196=CARTESIAN_POINT('Ctrl Pts',(1.65270228694344,-4.32117150483894,32.9098390390195));
#4197=CARTESIAN_POINT('Ctrl Pts',(3.5193843006362,-3.00297888236591,33.3785081681045));
#4198=CARTESIAN_POINT('Ctrl Pts',(4.52740721359739,-0.952119711888413,33.8471772971894));
#4199=CARTESIAN_POINT('Ctrl Pts',(4.43083367598897,1.3310375498919,34.3158464262743));
#4200=CARTESIAN_POINT('Ctrl Pts',(3.25322569180759,3.28944837650072,34.7845155553593));
#4201=CARTESIAN_POINT('Ctrl Pts',(1.28189596303031,4.44529985079373,35.2531846844442));
#4202=CARTESIAN_POINT('Ctrl Pts',(-1.00219064047872,4.51658742233968,35.7218538135291));
#4203=CARTESIAN_POINT('Ctrl Pts',(-3.04176285152444,3.48591835512338,36.1905229426141));
#4204=CARTESIAN_POINT('Ctrl Pts',(-4.33920600486635,1.60475520589029,36.659192071699));
#4205=CARTESIAN_POINT('Ctrl Pts',(-4.57797002352154,-0.667935990375061,
37.1278612007839));
#4206=CARTESIAN_POINT('Ctrl Pts',(-3.69980128127805,-2.77766421702722,37.5965303298689));
#4207=CARTESIAN_POINT('Ctrl Pts',(-1.91895531776792,-4.20969814973834,38.0651994589538));
#4208=CARTESIAN_POINT('Ctrl Pts',(0.330077210989091,-4.61465026391879,38.5338685880387));
#4209=CARTESIAN_POINT('Ctrl Pts',(2.49857752815766,-3.89372037507648,39.0025377171237));
#4210=CARTESIAN_POINT('Ctrl Pts',(4.05747509945726,-2.22280089994232,39.4712068462086));
#4211=CARTESIAN_POINT('Ctrl Pts',(4.62643021988246,-0.0095626386770967,
39.9398759752936));
#4212=CARTESIAN_POINT('Ctrl Pts',(4.06662926456921,2.20600871440923,40.4085451043785));
#4213=CARTESIAN_POINT('Ctrl Pts',(2.51465242590828,3.88335823745039,40.8772142334634));
#4214=CARTESIAN_POINT('Ctrl Pts',(0.349150889108361,4.61324632771055,41.3458833625483));
#4215=CARTESIAN_POINT('Ctrl Pts',(-1.90153645374492,4.21759494719199,41.8145524916333));
#4216=CARTESIAN_POINT('Ctrl Pts',(-3.68828708440528,2.79293508813034,42.2832216207182));
#4217=CARTESIAN_POINT('Ctrl Pts',(-4.57516972663266,0.686855149215006,42.7518907498031));
#4218=CARTESIAN_POINT('Ctrl Pts',(-4.34580282417326,-1.58680365417722,43.2205598788881));
#4219=CARTESIAN_POINT('Ctrl Pts',(-3.05614729557823,-3.4733142286908,43.689229007973));
#4220=CARTESIAN_POINT('Ctrl Pts',(-1.02085319376945,-4.51240587494917,44.157898137058));
#4221=CARTESIAN_POINT('Ctrl Pts',(1.26350858876892,-4.45056109604242,44.6265672661428));
#4222=CARTESIAN_POINT('Ctrl Pts',(3.23959964667162,-3.3028687761957,45.0952363952279));
#4223=CARTESIAN_POINT('Ctrl Pts',(4.42529344140009,-1.34934279598101,45.5639055243127));
#4224=CARTESIAN_POINT('Ctrl Pts',(4.53130449551354,0.933395731872812,46.0325746533978));
#4225=CARTESIAN_POINT('Ctrl Pts',(3.53176824059745,2.98840444359771,46.5012437824826));
#4226=CARTESIAN_POINT('Ctrl Pts',(1.67055145212228,4.31430247767581,46.9699129115676));
#4227=CARTESIAN_POINT('Ctrl Pts',(-0.5982463459947,4.58759733774417,47.4385820406525));
#4228=CARTESIAN_POINT('Ctrl Pts',(-2.7210840489698,3.74161056535272,47.9072511697375));
#4229=CARTESIAN_POINT('Ctrl Pts',(-4.18003188167143,1.98274594632218,48.3759202988223));
#4230=CARTESIAN_POINT('Ctrl Pts',(-4.61913587203845,-0.2598688712702,48.8445894279073));
#4231=CARTESIAN_POINT('Ctrl Pts',(-3.93126345601932,-2.43908090065855,49.3132585569922));
#4232=CARTESIAN_POINT('Ctrl Pts',(-2.28424170610485,-4.02320617014027,49.7819276860771));
#4233=CARTESIAN_POINT('Ctrl Pts',(-0.0799108261272247,-4.62574991218969,
50.2505968151621));
#4234=CARTESIAN_POINT('Ctrl Pts',(2.14391664817209,-4.09970357457246,50.719265944247));
#4235=CARTESIAN_POINT('Ctrl Pts',(3.84467159665293,-2.57341185625123,51.187935073332));
#4236=CARTESIAN_POINT('Ctrl Pts',(4.60740369901098,-0.419259379432465,51.6566042024169));
#4237=CARTESIAN_POINT('Ctrl Pts',(4.24602217483892,1.83718409104808,52.1252733315018));
#4238=CARTESIAN_POINT('Ctrl Pts',(2.84869576600101,3.64539128169118,52.5939424605868));
#4239=CARTESIAN_POINT('Ctrl Pts',(0.756346284950528,4.5641967114769,53.0626115896717));
#4240=CARTESIAN_POINT('Ctrl Pts',(-1.52053954323556,4.36942874722516,53.5312807187566));
#4241=CARTESIAN_POINT('Ctrl Pts',(-3.42643806294732,3.10861003332755,53.9999498478415));
#4242=CARTESIAN_POINT('Ctrl Pts',(-4.49636710632881,1.08934855988467,54.4686189769265));
#4243=CARTESIAN_POINT('Ctrl Pts',(-4.46924718712346,-1.19568326763313,54.9372881060114));
#4244=CARTESIAN_POINT('Ctrl Pts',(-3.35177298038674,-3.18901034777205,55.4059572350964));
#4245=CARTESIAN_POINT('Ctrl Pts',(-1.41642696844168,-4.4042463631053,55.8746263641813));
#4246=CARTESIAN_POINT('Ctrl Pts',(0.864280910263908,-4.54500906755269,56.3432954932662));
#4247=CARTESIAN_POINT('Ctrl Pts',(2.93457089284439,-3.57672794943216,56.8119646223512));
#4248=CARTESIAN_POINT('Ctrl Pts',(3.83662236733188,-2.34961462044978,57.1244107084078));
#4249=CARTESIAN_POINT('Ctrl Pts',(4.11366493834294,-1.66522744170531,57.2806337514361));
#4250=CARTESIAN_POINT('Ctrl Pts',(0.0718652113078446,4.88370869629812,-0.411149783365493));
#4251=CARTESIAN_POINT('Ctrl Pts',(-0.741571134246254,4.8956786516116,-0.254926740337181));
#4252=CARTESIAN_POINT('Ctrl Pts',(-2.37044633198856,4.50631785835491,0.057519345719441));
#4253=CARTESIAN_POINT('Ctrl Pts',(-4.23900021279541,2.82133717908963,0.526188474804373));
#4254=CARTESIAN_POINT('Ctrl Pts',(-5.07190761224078,0.448514047912088,0.994857603889308));
#4255=CARTESIAN_POINT('Ctrl Pts',(-4.66805348328714,-2.03398337760951,1.46352673297424));
#4256=CARTESIAN_POINT('Ctrl Pts',(-3.12495428921721,-4.02010964054838,1.93219586205918));
#4257=CARTESIAN_POINT('Ctrl Pts',(-0.819592838589748,-5.02546881264828,
2.40086499114411));
#4258=CARTESIAN_POINT('Ctrl Pts',(1.6858132645569,-4.80468556300834,2.86953412022904));
#4259=CARTESIAN_POINT('Ctrl Pts',(3.7798752700882,-3.41166972641494,3.33820324931397));
#4260=CARTESIAN_POINT('Ctrl Pts',(4.95174301305433,-1.18626800229391,3.80687237839891));
#4261=CARTESIAN_POINT('Ctrl Pts',(4.91547536170688,1.32855586647774,4.27554150748384));
#4262=CARTESIAN_POINT('Ctrl Pts',(3.6799351037715,3.51924046440305,4.74421063656877));
#4263=CARTESIAN_POINT('Ctrl Pts',(1.54656227475287,4.85130022803736,5.21287976565371));
#4264=CARTESIAN_POINT('Ctrl Pts',(-0.964139565959408,4.99974055528864,5.68154889473863));
#4265=CARTESIAN_POINT('Ctrl Pts',(-3.23961126660463,3.92834438158672,6.15021802382358));
#4266=CARTESIAN_POINT('Ctrl Pts',(-4.72468259682745,1.89851115716417,6.6188871529085));
#4267=CARTESIAN_POINT('Ctrl Pts',(-5.05702637790443,-0.59452071591909,7.08755628199344));
#4268=CARTESIAN_POINT('Ctrl Pts',(-4.15555720133347,-2.9425014485757,7.55622541107837));
#4269=CARTESIAN_POINT('Ctrl Pts',(-2.24021554274125,-4.57257092429345,8.0248945401633));
#4270=CARTESIAN_POINT('Ctrl Pts',(0.221693740974619,-5.0870249052159,8.49356366924823));
#4271=CARTESIAN_POINT('Ctrl Pts',(2.62951419568905,-4.36034695863652,8.96223279833317));
#4272=CARTESIAN_POINT('Ctrl Pts',(4.39578599066076,-2.56983190778361,9.43090192741811));
#4273=CARTESIAN_POINT('Ctrl Pts',(5.08957426865295,-0.15232947388308,9.89957105650304));
#4274=CARTESIAN_POINT('Ctrl Pts',(4.54160862377944,2.30233829322689,10.368240185588));
#4275=CARTESIAN_POINT('Ctrl Pts',(2.88558166896146,4.19528174717867,10.8369093146729));
#4276=CARTESIAN_POINT('Ctrl Pts',(0.525530729116238,5.06466069542539,11.3055784437578));
#4277=CARTESIAN_POINT('Ctrl Pts',(-1.96273915617694,4.69836413145356,11.7742475728428));
#4278=CARTESIAN_POINT('Ctrl Pts',(-3.97214009876971,3.18576106175962,12.2429167019277));
#4279=CARTESIAN_POINT('Ctrl Pts',(-5.0124186171702,0.895896262514004,12.7115858310126));
#4280=CARTESIAN_POINT('Ctrl Pts',(-4.82976764146089,-1.61254923533949,13.1802549600976));
#4281=CARTESIAN_POINT('Ctrl Pts',(-3.46875034213434,-3.72756509948017,13.6489240891825));
#4282=CARTESIAN_POINT('Ctrl Pts',(-1.26142761122649,-4.9331299282044,14.1175932182674));
#4283=CARTESIAN_POINT('Ctrl Pts',(1.25365812757241,-4.93511011083689,14.5862623473524));
#4284=CARTESIAN_POINT('Ctrl Pts',(3.46287645648119,-3.73302252257622,15.0549314764373));
#4285=CARTESIAN_POINT('Ctrl Pts',(4.82722246396419,-1.62015239724904,15.5236006055222));
#4286=CARTESIAN_POINT('Ctrl Pts',(5.01382312002627,0.888002380629089,15.9922697346072));
#4287=CARTESIAN_POINT('Ctrl Pts',(3.97715161149667,3.17950240856679,16.4609388636921));
#4288=CARTESIAN_POINT('Ctrl Pts',(1.97013497027345,4.69526769266869,16.929607992777));
#4289=CARTESIAN_POINT('Ctrl Pts',(-0.517555043729518,5.06548193991676,17.398277121862));
#4290=CARTESIAN_POINT('Ctrl Pts',(-2.8789720194776,4.19982030782006,17.8669462509469));
#4291=CARTESIAN_POINT('Ctrl Pts',(-4.53797763172976,2.30948685227542,18.3356153800318));
#4292=CARTESIAN_POINT('Ctrl Pts',(-5.08980782364018,-0.144315021130746,
18.8042845091168));
#4293=CARTESIAN_POINT('Ctrl Pts',(-4.39982710903681,-2.5629069272015,19.2729536382017));
#4294=CARTESIAN_POINT('Ctrl Pts',(-2.63637692759036,-4.35620100575971,19.7416227672866));
#4295=CARTESIAN_POINT('Ctrl Pts',(-0.229703713801284,-5.08666951066988,
20.2102918963716));
#4296=CARTESIAN_POINT('Ctrl Pts',(2.23301259374474,-4.57609279441426,20.6789610254565));
#4297=CARTESIAN_POINT('Ctrl Pts',(4.15091866692093,-2.94904132346769,21.1476301545414));
#4298=CARTESIAN_POINT('Ctrl Pts',(5.05608393509214,-0.602482985831042,21.6162992836264));
#4299=CARTESIAN_POINT('Ctrl Pts',(4.72766624838549,1.89106910259498,22.0849684127113));
#4300=CARTESIAN_POINT('Ctrl Pts',(3.24579292778746,3.92323830232597,22.5536375417962));
#4301=CARTESIAN_POINT('Ctrl Pts',(0.972011307765864,4.99821613423109,23.0223066708812));
#4302=CARTESIAN_POINT('Ctrl Pts',(-1.53892155353288,4.85372959269309,23.4909757999661));
#4303=CARTESIAN_POINT('Ctrl Pts',(-3.67438845704631,3.52503049258266,23.959644929051));
#4304=CARTESIAN_POINT('Ctrl Pts',(-4.91337835812057,1.33629473428027,24.428314058136));
#4305=CARTESIAN_POINT('Ctrl Pts',(-4.95360259959489,-1.17847010662103,24.8969831872209));
#4306=CARTESIAN_POINT('Ctrl Pts',(-3.78524727424534,-3.40571190498124,25.3656523163058));
#4307=CARTESIAN_POINT('Ctrl Pts',(-1.69336762108577,-4.8020283846278,25.8343214453908));
#4308=CARTESIAN_POINT('Ctrl Pts',(0.811659729091881,-5.02674636231859,26.3029905744757));
#4309=CARTESIAN_POINT('Ctrl Pts',(3.11865840335708,-4.02503916379493,26.7716597035606));
#4310=CARTESIAN_POINT('Ctrl Pts',(4.66476704932061,-2.04130323139053,27.2403288326456));
#4311=CARTESIAN_POINT('Ctrl Pts',(5.07276620295963,0.440469700459867,27.7089979617305));
#4312=CARTESIAN_POINT('Ctrl Pts',(4.24311226333817,2.81477686995292,28.1776670908154));
#4313=CARTESIAN_POINT('Ctrl Pts',(2.37822413241727,4.50233500340666,28.6463362199003));
#4314=CARTESIAN_POINT('Ctrl Pts',(-0.0669029324871711,5.09141380213171,
29.1150053489853));
#4315=CARTESIAN_POINT('Ctrl Pts',(-2.49570702526398,4.43828986783883,29.5836744780702));
#4316=CARTESIAN_POINT('Ctrl Pts',(-4.31560871723866,2.70231232588063,30.0523436071552));
#4317=CARTESIAN_POINT('Ctrl Pts',(-5.08258853887835,0.307024838368333,30.5210127362401));
#4318=CARTESIAN_POINT('Ctrl Pts',(-4.60951881452419,-2.16317054470057,30.989681865325));
#4319=CARTESIAN_POINT('Ctrl Pts',(-3.01181905776093,-4.10559575095025,31.45835099441));
#4320=CARTESIAN_POINT('Ctrl Pts',(-0.679295927706006,-5.04633803361554,
31.9270201234949));
#4321=CARTESIAN_POINT('Ctrl Pts',(1.81896176856529,-4.75587516566725,32.3956892525798));
#4322=CARTESIAN_POINT('Ctrl Pts',(3.8734293177421,-3.30507425444099,32.8643583816648));
#4323=CARTESIAN_POINT('Ctrl Pts',(4.98285789117577,-1.04790159044639,33.3330275107497));
#4324=CARTESIAN_POINT('Ctrl Pts',(4.87656919408096,1.46493801993573,33.8016966398346));
#4325=CARTESIAN_POINT('Ctrl Pts',(3.58049553429031,3.62036216915379,34.2703657689196));
#4326=CARTESIAN_POINT('Ctrl Pts',(1.4108528598594,4.89249064533998,34.7390348980045));
#4327=CARTESIAN_POINT('Ctrl Pts',(-1.10300958269755,4.97094964442309,35.2077040270894));
#4328=CARTESIAN_POINT('Ctrl Pts',(-3.34775983531657,3.83659674606987,35.6763731561744));
#4329=CARTESIAN_POINT('Ctrl Pts',(-4.77572391055264,1.7661912798699,36.1450422852593));
#4330=CARTESIAN_POINT('Ctrl Pts',(-5.03850724731804,-0.735129393805096,
36.6137114143442));
#4331=CARTESIAN_POINT('Ctrl Pts',(-4.07199598808564,-3.05709325666182,37.0823805434292));
#4332=CARTESIAN_POINT('Ctrl Pts',(-2.11199947273042,-4.63318775079309,37.5510496725141));
#4333=CARTESIAN_POINT('Ctrl Pts',(0.363282505389527,-5.07887746733376,38.019718801599));
#4334=CARTESIAN_POINT('Ctrl Pts',(2.74993084684386,-4.28542306481978,38.488387930684));
#4335=CARTESIAN_POINT('Ctrl Pts',(4.46565127980063,-2.44641148503837,38.9570570597689));
#4336=CARTESIAN_POINT('Ctrl Pts',(5.09184246998582,-0.0105246264240404,
39.4257261888538));
#4337=CARTESIAN_POINT('Ctrl Pts',(4.47572634080424,2.42793002970508,39.8943953179388));
#4338=CARTESIAN_POINT('Ctrl Pts',(2.76762285627168,4.27401851099823,40.3630644470236));
#4339=CARTESIAN_POINT('Ctrl Pts',(0.38427496819359,5.07733229715489,40.8317335761087));
#4340=CARTESIAN_POINT('Ctrl Pts',(-2.09282829594919,4.64187895475394,41.3004027051935));
#4341=CARTESIAN_POINT('Ctrl Pts',(-4.05932347950823,3.07390035551351,41.7690718342785));
#4342=CARTESIAN_POINT('Ctrl Pts',(-5.03542524457504,0.75595179291202,42.2377409633634));
#4343=CARTESIAN_POINT('Ctrl Pts',(-4.78298436042837,-1.74643382778088,42.7064100924484));
#4344=CARTESIAN_POINT('Ctrl Pts',(-3.36359133382766,-3.82272466257984,43.1750792215333));
#4345=CARTESIAN_POINT('Ctrl Pts',(-1.12354956210561,-4.96634743935956,43.6437483506182));
#4346=CARTESIAN_POINT('Ctrl Pts',(1.39061574210004,-4.89828116431688,44.1124174797032));
#4347=CARTESIAN_POINT('Ctrl Pts',(3.56549872853618,-3.63513264183391,44.5810866087881));
#4348=CARTESIAN_POINT('Ctrl Pts',(4.87047161984141,-1.4850847475318,45.049755737873));
#4349=CARTESIAN_POINT('Ctrl Pts',(4.98714723404846,1.0272940048398,45.518424866958));
#4350=CARTESIAN_POINT('Ctrl Pts',(3.88705906435531,3.28903364808873,45.9870939960429));
#4351=CARTESIAN_POINT('Ctrl Pts',(1.83860653410262,4.74831512407327,46.4557631251279));
#4352=CARTESIAN_POINT('Ctrl Pts',(-0.658429070908937,5.04910305584409,46.9244322542127));
#4353=CARTESIAN_POINT('Ctrl Pts',(-2.99482120511035,4.11801122563336,47.3931013832977));
#4354=CARTESIAN_POINT('Ctrl Pts',(-4.60053709800274,2.18220734830002,47.8617705123826));
#4355=CARTESIAN_POINT('Ctrl Pts',(-5.08381432256606,-0.286011309751111,
48.3304396414676));
#4356=CARTESIAN_POINT('Ctrl Pts',(-4.32674292312597,-2.68444893890793,48.7991087705525));
#4357=CARTESIAN_POINT('Ctrl Pts',(-2.51403315390733,-4.42793495543157,49.2677778996374));
#4358=CARTESIAN_POINT('Ctrl Pts',(-0.0879497292009752,-5.09109370369222,
49.7364470287224));
#4359=CARTESIAN_POINT('Ctrl Pts',(2.35959156713634,-4.51212792098747,50.2051161578073));
#4360=CARTESIAN_POINT('Ctrl Pts',(4.23144009732911,-2.83229331559458,50.6737852868922));
#4361=CARTESIAN_POINT('Ctrl Pts',(5.07090181114591,-0.461436446286297,51.1424544159772));
#4362=CARTESIAN_POINT('Ctrl Pts',(4.67316611876025,2.02200253232603,51.6111235450621));
#4363=CARTESIAN_POINT('Ctrl Pts',(3.13527007449586,4.0121116985785,52.079792674147));
#4364=CARTESIAN_POINT('Ctrl Pts',(0.832434458282982,5.02334982987069,52.548461803232));
#4365=CARTESIAN_POINT('Ctrl Pts',(-1.67350531394396,4.80898402407014,53.0171309323169));
#4366=CARTESIAN_POINT('Ctrl Pts',(-3.77112941770836,3.42133784318814,53.4858000614018));
#4367=CARTESIAN_POINT('Ctrl Pts',(-4.9487021251207,1.19892305207384,53.9544691904868));
#4368=CARTESIAN_POINT('Ctrl Pts',(-4.918832934778,-1.31594201675845,54.4231383195717));
#4369=CARTESIAN_POINT('Ctrl Pts',(-3.68898528379454,-3.50987168984399,54.8918074486566));
#4370=CARTESIAN_POINT('Ctrl Pts',(-1.55885891495265,-4.8472023437807,55.3604765777416));
#4371=CARTESIAN_POINT('Ctrl Pts',(0.951105990512408,-5.00244576952158,55.8291457068265));
#4372=CARTESIAN_POINT('Ctrl Pts',(3.2300377913408,-3.93608591368083,56.2978148359114));
#4373=CARTESIAN_POINT('Ctrl Pts',(4.22210660517492,-2.58677656969656,56.610260921968));
#4374=CARTESIAN_POINT('Ctrl Pts',(4.52736225586137,-1.83269371229784,56.7664839649964));
#4375=CARTESIAN_POINT('Ctrl Pts',(0.0775640860764387,5.27098431630954,-1.64156984817812));
#4376=CARTESIAN_POINT('Ctrl Pts',(-0.798990179226512,5.28388307039504,-1.4853468051498));
#4377=CARTESIAN_POINT('Ctrl Pts',(-2.55908656298303,4.86338990687189,-1.17290071909318));
#4378=CARTESIAN_POINT('Ctrl Pts',(-4.57460595666643,3.0449867423932,-0.704231590008249));
#4379=CARTESIAN_POINT('Ctrl Pts',(-5.47406606328799,0.484042210267375,-0.235562460923315));
#4380=CARTESIAN_POINT('Ctrl Pts',(-5.0379404985454,-2.19518026470622,0.233106668161617));
#4381=CARTESIAN_POINT('Ctrl Pts',(-3.37266988270055,-4.33873426944897,0.701775797246551));
#4382=CARTESIAN_POINT('Ctrl Pts',(-0.884530015578304,-5.42376771014817,
1.17044492633148));
#4383=CARTESIAN_POINT('Ctrl Pts',(1.81941470300499,-5.18548938842057,1.63911405541642));
#4384=CARTESIAN_POINT('Ctrl Pts',(4.07946009895741,-3.68206626418467,2.10778318450135));
#4385=CARTESIAN_POINT('Ctrl Pts',(5.3441984917852,-1.28028775783128,2.57645231358628));
#4386=CARTESIAN_POINT('Ctrl Pts',(5.30506008428349,1.43385272487363,3.04512144267121));
#4387=CARTESIAN_POINT('Ctrl Pts',(3.97159338321244,3.79816317600849,3.51379057175615));
#4388=CARTESIAN_POINT('Ctrl Pts',(1.66913772297994,5.23579746881655,3.98245970084108));
#4389=CARTESIAN_POINT('Ctrl Pts',(-1.04055406369496,5.39600261262201,4.45112882992602));
#4390=CARTESIAN_POINT('Ctrl Pts',(-3.49637153429626,4.23969132266316,4.91979795901094));
#4391=CARTESIAN_POINT('Ctrl Pts',(-5.09914456623247,2.04898055446652,5.38846708809589));
#4392=CARTESIAN_POINT('Ctrl Pts',(-5.45782870943829,-0.64164036131861,5.85713621718081));
#4393=CARTESIAN_POINT('Ctrl Pts',(-4.4849122420029,-3.1757138955489,6.32580534626575));
#4394=CARTESIAN_POINT('Ctrl Pts',(-2.41776724268901,-4.93497701560183,6.79447447535068));
#4395=CARTESIAN_POINT('Ctrl Pts',(0.239264414962453,-5.49020483312549,7.26314360443562));
#4396=CARTESIAN_POINT('Ctrl Pts',(2.83792036001286,-4.70593291578635,7.73181273352054));
#4397=CARTESIAN_POINT('Ctrl Pts',(4.7441807220379,-2.77350786029528,8.20048186260549));
#4398=CARTESIAN_POINT('Ctrl Pts',(5.49295625027133,-0.164402578944418,8.66915099169041));
#4399=CARTESIAN_POINT('Ctrl Pts',(4.90156075101213,2.4848136307381,9.13782012077535));
#4400=CARTESIAN_POINT('Ctrl Pts',(3.11428285100722,4.52778520902535,9.60648924986027));
#4401=CARTESIAN_POINT('Ctrl Pts',(0.567182469606185,5.46606811350759,10.0751583789452));
#4402=CARTESIAN_POINT('Ctrl Pts',(-2.11829904544989,5.07074015596054,10.5438275080301));
#4403=CARTESIAN_POINT('Ctrl Pts',(-4.28695812849382,3.43825341995232,11.0124966371151));
#4404=CARTESIAN_POINT('Ctrl Pts',(-5.40968550955678,0.966901888998468,11.4811657662));
#4405=CARTESIAN_POINT('Ctrl Pts',(-5.21255825183097,-1.74035428764609,11.949834895285));
#4406=CARTESIAN_POINT('Ctrl Pts',(-3.74367144791982,-4.02299896411761,12.4185040243699));
#4407=CARTESIAN_POINT('Ctrl Pts',(-1.36140398298685,-5.32411267446197,12.8871731534548));
#4408=CARTESIAN_POINT('Ctrl Pts',(1.35301871704014,-5.32624979949304,13.3558422825398));
#4409=CARTESIAN_POINT('Ctrl Pts',(3.73733201848944,-4.02888892361572,13.8245114116247));
#4410=CARTESIAN_POINT('Ctrl Pts',(5.20981135240321,-1.74856004976402,14.2931805407096));
#4411=CARTESIAN_POINT('Ctrl Pts',(5.41120132843498,0.958382365448976,14.7618496697946));
#4412=CARTESIAN_POINT('Ctrl Pts',(4.29236683630864,3.43149872764334,15.2305187988795));
#4413=CARTESIAN_POINT('Ctrl Pts',(2.12628102610131,5.0673983041894,15.6991879279644));
#4414=CARTESIAN_POINT('Ctrl Pts',(-0.558574659122149,5.46695444698844,16.1678570570494));
#4415=CARTESIAN_POINT('Ctrl Pts',(-3.10714934360164,4.53268348021522,16.6365261861343));
#4416=CARTESIAN_POINT('Ctrl Pts',(-4.89764197925988,2.49252875976416,17.1051953152192));
#4417=CARTESIAN_POINT('Ctrl Pts',(-5.49320831577646,-0.155752928526073,
17.5738644443041));
#4418=CARTESIAN_POINT('Ctrl Pts',(-4.74854212590962,-2.76603402974761,18.0425335733891));
#4419=CARTESIAN_POINT('Ctrl Pts',(-2.84532700721951,-4.70145836919219,18.511202702474));
#4420=CARTESIAN_POINT('Ctrl Pts',(-0.247909232438472,-5.48982127101893,
18.9798718315589));
#4421=CARTESIAN_POINT('Ctrl Pts',(2.40999341708335,-4.9387780173718,19.4485409606439));
#4422=CARTESIAN_POINT('Ctrl Pts',(4.47990606508482,-3.1827720972882,19.9172100897288));
#4423=CARTESIAN_POINT('Ctrl Pts',(5.45681158893896,-0.650233694975529,20.3858792188137));
#4424=CARTESIAN_POINT('Ctrl Pts',(5.1023646569181,2.04094867233184,20.8545483478987));
#4425=CARTESIAN_POINT('Ctrl Pts',(3.50304320320267,4.23418054548405,21.3232174769836));
#4426=CARTESIAN_POINT('Ctrl Pts',(1.04904954840308,5.39435738714588,21.7918866060686));
#4427=CARTESIAN_POINT('Ctrl Pts',(-1.66089113147469,5.23841934410074,22.2605557351535));
#4428=CARTESIAN_POINT('Ctrl Pts',(-3.96560772567722,3.80441216764288,22.7292248642384));
#4429=CARTESIAN_POINT('Ctrl Pts',(-5.30279566352681,1.44220481421375,23.1978939933233));
#4430=CARTESIAN_POINT('Ctrl Pts',(-5.34620793868902,-1.27187155466211,23.6665631224083));
#4431=CARTESIAN_POINT('Ctrl Pts',(-4.08525282773517,-3.67563680315967,24.1352322514932));
#4432=CARTESIAN_POINT('Ctrl Pts',(-1.82757805797907,-5.18262047783296,24.6039013805781));
#4433=CARTESIAN_POINT('Ctrl Pts',(0.875989060474906,-5.42514882203137,25.0725705096631));
#4434=CARTESIAN_POINT('Ctrl Pts',(3.36583243788073,-4.34404978969738,25.541239638748));
#4435=CARTESIAN_POINT('Ctrl Pts',(5.03448028577267,-2.20308983644027,26.009908767833));
#4436=CARTESIAN_POINT('Ctrl Pts',(5.47481603542319,0.475379799248146,26.4785778969179));
#4437=CARTESIAN_POINT('Ctrl Pts',(4.57940660578271,3.03786630946357,26.9472470260028));
#4438=CARTESIAN_POINT('Ctrl Pts',(2.56671391801813,4.85917443999617,27.4159161550878));
#4439=CARTESIAN_POINT('Ctrl Pts',(-0.072205426574537,5.49494157854597,27.8845852841727));
#4440=CARTESIAN_POINT('Ctrl Pts',(-2.69350809695541,4.7900533094002,28.3532544132576));
#4441=CARTESIAN_POINT('Ctrl Pts',(-4.65764887685251,2.91648821619677,28.8219235423425));
#4442=CARTESIAN_POINT('Ctrl Pts',(-5.48541685557565,0.331358560816674,29.2905926714275));
#4443=CARTESIAN_POINT('Ctrl Pts',(-4.97485326775324,-2.33461592978052,29.7592618005124));
#4444=CARTESIAN_POINT('Ctrl Pts',(-3.25052537678601,-4.43099101219245,30.2279309295974));
#4445=CARTESIAN_POINT('Ctrl Pts',(-0.733134563866296,-5.44629326115705,
30.6966000586823));
#4446=CARTESIAN_POINT('Ctrl Pts',(1.96312636142246,-5.13280931501924,31.1652691877672));
#4447=CARTESIAN_POINT('Ctrl Pts',(4.18042387375949,-3.56702296193363,31.6339383168522));
#4448=CARTESIAN_POINT('Ctrl Pts',(5.37778190308235,-1.13095463133589,32.1026074459371));
#4449=CARTESIAN_POINT('Ctrl Pts',(5.26306913297688,1.58104391993582,32.571276575022));
#4450=CARTESIAN_POINT('Ctrl Pts',(3.86427317593641,3.90729950182968,33.0399457041069));
#4451=CARTESIAN_POINT('Ctrl Pts',(1.52267215789964,5.28025246317042,33.5086148331919));
#4452=CARTESIAN_POINT('Ctrl Pts',(-1.19043029167296,5.3649298500472,33.9772839622768));
#4453=CARTESIAN_POINT('Ctrl Pts',(-3.61309165371024,4.14067208036926,34.4459530913618));
#4454=CARTESIAN_POINT('Ctrl Pts',(-5.15423120249321,1.90617346705527,34.9146222204467));
#4455=CARTESIAN_POINT('Ctrl Pts',(-5.43784183393249,-0.793393196589053,
35.3832913495316));
#4456=CARTESIAN_POINT('Ctrl Pts',(-4.39472824880898,-3.29938785146282,35.8519604786166));
#4457=CARTESIAN_POINT('Ctrl Pts',(-2.27938921635372,-5.00039812171295,36.3206296077015));
#4458=CARTESIAN_POINT('Ctrl Pts',(0.392075015153448,-5.48141165738831,36.7892987367864));
#4459=CARTESIAN_POINT('Ctrl Pts',(2.96788081576119,-4.62507081445212,37.2579678658714));
#4460=CARTESIAN_POINT('Ctrl Pts',(4.81958329185295,-2.64030556340586,37.7266369949563));
#4461=CARTESIAN_POINT('Ctrl Pts',(5.49540422112551,-0.0113587717643245,
38.1953061240412));
#4462=CARTESIAN_POINT('Ctrl Pts',(4.83045686720288,2.62035933210555,38.6639752531261));
#4463=CARTESIAN_POINT('Ctrl Pts',(2.98697503241516,4.61276237530057,39.1326443822111));
#4464=CARTESIAN_POINT('Ctrl Pts',(0.414731267656422,5.47974402238719,39.601313511296));
#4465=CARTESIAN_POINT('Ctrl Pts',(-2.25869859867883,5.0097781603167,40.069982640381));
#4466=CARTESIAN_POINT('Ctrl Pts',(-4.38105136121092,3.31752702260171,40.5386517694659));
#4467=CARTESIAN_POINT('Ctrl Pts',(-5.4345155623555,0.815865906736488,41.0073208985508));
#4468=CARTESIAN_POINT('Ctrl Pts',(-5.16206709041148,-1.88485010792695,41.4759900276357));
#4469=CARTESIAN_POINT('Ctrl Pts',(-3.63017790181425,-4.12570054371846,41.9446591567207));
#4470=CARTESIAN_POINT('Ctrl Pts',(-1.21259819851569,-5.35996289018999,42.4133282858056));
#4471=CARTESIAN_POINT('Ctrl Pts',(1.5008311164631,-5.28650191857804,42.8819974148906));
#4472=CARTESIAN_POINT('Ctrl Pts',(3.84808777544618,-3.92324063086707,43.3506665439755));
#4473=CARTESIAN_POINT('Ctrl Pts',(5.25648828616495,-1.60278740722018,43.8193356730604));
#4474=CARTESIAN_POINT('Ctrl Pts',(5.38241120440334,1.10871376011117,44.2880048021453));
#4475=CARTESIAN_POINT('Ctrl Pts',(4.19513386669802,3.54971103272473,44.7566739312303));
#4476=CARTESIAN_POINT('Ctrl Pts',(1.984328102971,5.12465009099333,45.2253430603152));
#4477=CARTESIAN_POINT('Ctrl Pts',(-0.710613872705256,5.44927742901704,45.6940121894002));
#4478=CARTESIAN_POINT('Ctrl Pts',(-3.23218033287807,4.44439049515376,46.1626813184851));
#4479=CARTESIAN_POINT('Ctrl Pts',(-4.96515969256318,2.35516152254738,46.63135044757));
#4480=CARTESIAN_POINT('Ctrl Pts',(-5.48673978860354,-0.30867956928388,47.100019576655));
#4481=CARTESIAN_POINT('Ctrl Pts',(-4.66966554534057,-2.89720904656688,47.5686887057398));
#4482=CARTESIAN_POINT('Ctrl Pts',(-2.71328668254441,-4.77887768761338,48.0373578348248));
#4483=CARTESIAN_POINT('Ctrl Pts',(-0.0949203363423741,-5.49459614072488,
48.5060269639097));
#4484=CARTESIAN_POINT('Ctrl Pts',(2.54660463501465,-4.8697434480909,48.9746960929947));
#4485=CARTESIAN_POINT('Ctrl Pts',(4.5668092737846,-3.05677117425734,49.4433652220795));
#4486=CARTESIAN_POINT('Ctrl Pts',(5.4728040222438,-0.498008038943811,49.9120343511646));
#4487=CARTESIAN_POINT('Ctrl Pts',(5.04354474336136,2.18225890647183,50.3807034802495));
#4488=CARTESIAN_POINT('Ctrl Pts',(3.38376128885992,4.33009880655148,50.8493726093344));
#4489=CARTESIAN_POINT('Ctrl Pts',(0.89840910797404,5.42148091734731,51.3180417384194));
#4490=CARTESIAN_POINT('Ctrl Pts',(-1.80613906014436,5.19013182571053,51.7867108675043));
#4491=CARTESIAN_POINT('Ctrl Pts',(-4.07002107502063,3.69249218114554,52.2553799965892));
#4492=CARTESIAN_POINT('Ctrl Pts',(-5.34090881477122,1.29396389223348,52.7240491256741));
#4493=CARTESIAN_POINT('Ctrl Pts',(-5.30870343287509,-1.42027640279855,53.1927182547591));
#4494=CARTESIAN_POINT('Ctrl Pts',(-3.98131891948777,-3.78797578170299,53.661387383844));
#4495=CARTESIAN_POINT('Ctrl Pts',(-1.68249532030282,-5.23152995057095,54.1300565129289));
#4496=CARTESIAN_POINT('Ctrl Pts',(1.02666538668169,-5.39860371799117,54.5987256420139));
#4497=CARTESIAN_POINT('Ctrl Pts',(3.48566466534823,-4.24872066201656,55.0673947710988));
#4498=CARTESIAN_POINT('Ctrl Pts',(4.55743807390878,-2.79062068554549,55.3798408571554));
#4499=CARTESIAN_POINT('Ctrl Pts',(4.8863797840739,-1.97802539316963,55.5360639001837));
#4500=CARTESIAN_POINT('Ctrl Pts',(0.0702235023247314,4.77214388918615,-2.78902140853252));
#4501=CARTESIAN_POINT('Ctrl Pts',(-0.723761877273842,4.78382761780892,-2.63279836550421));
#4502=CARTESIAN_POINT('Ctrl Pts',(-2.31671161894665,4.40320103188973,-2.32035227944759));
#4503=CARTESIAN_POINT('Ctrl Pts',(-4.14182215823668,2.75683501754028,-1.85168315036266));
#4504=CARTESIAN_POINT('Ctrl Pts',(-4.95601770871094,0.438243788663572,-1.38301402127772));
#4505=CARTESIAN_POINT('Ctrl Pts',(-4.56123529425994,-1.98745777821191,-0.914344892192789));
#4506=CARTESIAN_POINT('Ctrl Pts',(-3.05350954326823,-3.92816792051847,-0.445675763107855));
#4507=CARTESIAN_POINT('Ctrl Pts',(-0.800834690790553,-4.91052895095018,
0.0229933659770774));
#4508=CARTESIAN_POINT('Ctrl Pts',(1.64725029255503,-4.69479743037369,0.491662495062011));
#4509=CARTESIAN_POINT('Ctrl Pts',(3.69342820836316,-3.33364045549092,0.960331624146944));
#4510=CARTESIAN_POINT('Ctrl Pts',(4.83848924245291,-1.15913682099511,1.42900075323188));
#4511=CARTESIAN_POINT('Ctrl Pts',(4.8030533869619,1.29817030629961,1.89766988231681));
#4512=CARTESIAN_POINT('Ctrl Pts',(3.59577026097028,3.43875123072363,2.36633901140174));
#4513=CARTESIAN_POINT('Ctrl Pts',(1.51119074969865,4.74034527340111,2.83500814048668));
#4514=CARTESIAN_POINT('Ctrl Pts',(-0.942088643765463,4.88539056454534,3.30367726957161));
#4515=CARTESIAN_POINT('Ctrl Pts',(-3.16551748045378,3.83849850355655,3.77234639865654));
#4516=CARTESIAN_POINT('Ctrl Pts',(-4.61662353867048,1.8550899588139,4.24101552774148));
#4517=CARTESIAN_POINT('Ctrl Pts',(-4.941366191909,-0.580923322697011,4.70968465682641));
#4518=CARTESIAN_POINT('Ctrl Pts',(-4.06051469769711,-2.87520296028534,5.17835378591134));
#4519=CARTESIAN_POINT('Ctrl Pts',(-2.18897916070956,-4.46799081798993,5.64702291499628));
#4520=CARTESIAN_POINT('Ctrl Pts',(0.216623341607793,-4.97067862823542,6.1156920440812));
#4521=CARTESIAN_POINT('Ctrl Pts',(2.56937409615287,-4.26062066568713,6.58436117316615));
#4522=CARTESIAN_POINT('Ctrl Pts',(4.29524916489097,-2.51105681218358,7.05303030225107));
#4523=CARTESIAN_POINT('Ctrl Pts',(4.97316968472514,-0.148845518605419,7.52169943133601));
#4524=CARTESIAN_POINT('Ctrl Pts',(4.43773666212539,2.24968109297321,7.99036856042094));
#4525=CARTESIAN_POINT('Ctrl Pts',(2.81958500281938,4.09933069094665,8.45903768950587));
#4526=CARTESIAN_POINT('Ctrl Pts',(0.513511219663377,4.94882591423624,8.92770681859081));
#4527=CARTESIAN_POINT('Ctrl Pts',(-1.91784898990523,4.59090698598449,9.39637594767573));
#4528=CARTESIAN_POINT('Ctrl Pts',(-3.88129255599557,3.11289893777976,9.86504507676069));
#4529=CARTESIAN_POINT('Ctrl Pts',(-4.89777867410874,0.87540605521793,10.3337142058456));
#4530=CARTESIAN_POINT('Ctrl Pts',(-4.71930514227834,-1.57566832681244,10.8023833349305));
#4531=CARTESIAN_POINT('Ctrl Pts',(-3.38941591855891,-3.64231127624783,11.2710524640155));
#4532=CARTESIAN_POINT('Ctrl Pts',(-1.23257726959143,-4.82030341125382,11.7397215931004));
#4533=CARTESIAN_POINT('Ctrl Pts',(1.22498548321907,-4.82223830476706,12.2083907221853));
#4534=CARTESIAN_POINT('Ctrl Pts',(3.38367637561943,-3.64764388162205,12.6770598512703));
#4535=CARTESIAN_POINT('Ctrl Pts',(4.71681817600072,-1.58309759541507,13.1457289803552));
#4536=CARTESIAN_POINT('Ctrl Pts',(4.89915105432518,0.867692715749307,13.6143981094402));
#4537=CARTESIAN_POINT('Ctrl Pts',(3.88618944949398,3.10678342738941,14.0830672385251));
#4538=CARTESIAN_POINT('Ctrl Pts',(1.92507565299342,4.58788136641651,14.55173636761));
#4539=CARTESIAN_POINT('Ctrl Pts',(-0.505717947653786,4.94962837589659,15.0204054966949));
#4540=CARTESIAN_POINT('Ctrl Pts',(-2.81312652380176,4.10376544933343,15.4890746257799));
#4541=CARTESIAN_POINT('Ctrl Pts',(-4.43418871523264,2.25666615602826,15.9577437548648));
#4542=CARTESIAN_POINT('Ctrl Pts',(-4.9733978978837,-0.141014365884522,16.4264128839497));
#4543=CARTESIAN_POINT('Ctrl Pts',(-4.29919785841454,-2.50429021406538,16.8950820130347));
#4544=CARTESIAN_POINT('Ctrl Pts',(-2.5760798686363,-4.25656953572553,17.3637511421196));
#4545=CARTESIAN_POINT('Ctrl Pts',(-0.224450118145787,-4.97033136184341,
17.8324202712046));
#4546=CARTESIAN_POINT('Ctrl Pts',(2.18194095425302,-4.47143213905939,18.3010894002895));
#4547=CARTESIAN_POINT('Ctrl Pts',(4.05598224680835,-2.88159325992329,18.7697585293744));
#4548=CARTESIAN_POINT('Ctrl Pts',(4.94044531455938,-0.588703487256583,19.2384276584593));
#4549=CARTESIAN_POINT('Ctrl Pts',(4.6195389288392,1.84781811523727,19.7070967875443));
#4550=CARTESIAN_POINT('Ctrl Pts',(3.1715578040192,3.83350920147907,20.1757659166292));
#4551=CARTESIAN_POINT('Ctrl Pts',(0.949780259346719,4.88390101875695,20.6444350457141));
#4552=CARTESIAN_POINT('Ctrl Pts',(-1.50372459718421,4.74271905533977,21.1131041747991));
#4553=CARTESIAN_POINT('Ctrl Pts',(-3.59035084653015,3.44440887539213,21.581773303884));
#4554=CARTESIAN_POINT('Ctrl Pts',(-4.80100358294227,1.30573209297899,22.050442432969));
#4555=CARTESIAN_POINT('Ctrl Pts',(-4.84030784843207,-1.15151710124806,22.5191115620538));
#4556=CARTESIAN_POINT('Ctrl Pts',(-3.69867419144283,-3.32781924503337,22.9877806911388));
#4557=CARTESIAN_POINT('Ctrl Pts',(-1.654638300475,-4.69220031506127,23.4564498202237));
#4558=CARTESIAN_POINT('Ctrl Pts',(0.793096110959925,-4.91177872677914,23.9251189493087));
#4559=CARTESIAN_POINT('Ctrl Pts',(3.04733099655236,-3.93298175682407,24.3937880783936));
#4560=CARTESIAN_POINT('Ctrl Pts',(4.55807830886159,-1.99461621179248,24.8624572074785));
#4561=CARTESIAN_POINT('Ctrl Pts',(4.95674603922697,0.430395637370422,25.3311263365635));
#4562=CARTESIAN_POINT('Ctrl Pts',(4.14606726661797,2.75039959328436,25.7997954656484));
#4563=CARTESIAN_POINT('Ctrl Pts',(2.32383133326264,4.39936127598162,26.2684645947333));
#4564=CARTESIAN_POINT('Ctrl Pts',(-0.0653727832804477,4.9749671457474,26.7371337238183));
#4565=CARTESIAN_POINT('Ctrl Pts',(-2.4386272533772,4.33678092842442,27.2058028529032));
#4566=CARTESIAN_POINT('Ctrl Pts',(-4.21690564086034,2.64050724637144,27.6744719819881));
#4567=CARTESIAN_POINT('Ctrl Pts',(-4.9663437267042,0.300002817129367,28.1431411110731));
#4568=CARTESIAN_POINT('Ctrl Pts',(-4.50409366654914,-2.11369627548797,28.611810240158));
#4569=CARTESIAN_POINT('Ctrl Pts',(-2.94293519317228,-4.01169591953925,29.0804793692429));
#4570=CARTESIAN_POINT('Ctrl Pts',(-0.663759626287383,-4.93092231337817,
29.5491484983279));
#4571=CARTESIAN_POINT('Ctrl Pts',(1.77735996123397,-4.64710267481386,30.0178176274128));
#4572=CARTESIAN_POINT('Ctrl Pts',(3.78483940729263,-3.22948329660716,30.4864867564977));
#4573=CARTESIAN_POINT('Ctrl Pts',(4.86889403688785,-1.0239348414903,30.9551558855826));
#4574=CARTESIAN_POINT('Ctrl Pts',(4.76503628802651,1.43143315451694,31.4238250146676));
#4575=CARTESIAN_POINT('Ctrl Pts',(3.49860536598528,3.53756020375044,31.8924941437525));
#4576=CARTESIAN_POINT('Ctrl Pts',(1.37858498602992,4.78059359686145,32.3611632728374));
#4577=CARTESIAN_POINT('Ctrl Pts',(-1.07778244877038,4.8572581458249,32.8298324019224));
#4578=CARTESIAN_POINT('Ctrl Pts',(-3.27119260775453,3.74884924010448,33.2985015310073));
#4579=CARTESIAN_POINT('Ctrl Pts',(-4.66649745542428,1.72579639603825,33.7671706600923));
#4580=CARTESIAN_POINT('Ctrl Pts',(-4.92327062642647,-0.718316114970326,
34.2358397891772));
#4581=CARTESIAN_POINT('Ctrl Pts',(-3.97886462299715,-2.9871739175886,34.7045089182622));
#4582=CARTESIAN_POINT('Ctrl Pts',(-2.063695546465,-4.52722126624714,35.173178047347));
#4583=CARTESIAN_POINT('Ctrl Pts',(0.354973804757528,-4.96271753175574,35.641847176432));
#4584=CARTESIAN_POINT('Ctrl Pts',(2.6870366754314,-4.18741037001945,36.1105163055169));
#4585=CARTESIAN_POINT('Ctrl Pts',(4.36351655252834,-2.39045916046918,36.5791854346019));
#4586=CARTESIAN_POINT('Ctrl Pts',(4.9753860094606,-0.0102839157679463,37.0478545636868));
#4587=CARTESIAN_POINT('Ctrl Pts',(4.37336118496882,2.37240039788143,37.5165236927717));
#4588=CARTESIAN_POINT('Ctrl Pts',(2.70432404767538,4.17626665183445,37.9851928218567));
#4589=CARTESIAN_POINT('Ctrl Pts',(0.3754861451049,4.96120770144669,38.4538619509416));
#4590=CARTESIAN_POINT('Ctrl Pts',(-2.04496283717474,4.53571369209236,38.9225310800265));
#4591=CARTESIAN_POINT('Ctrl Pts',(-3.96648194968139,3.00359661820822,39.3912002091115));
#4592=CARTESIAN_POINT('Ctrl Pts',(-4.92025911273209,0.738662281178247,39.8598693381964));
#4593=CARTESIAN_POINT('Ctrl Pts',(-4.67359185022257,-1.70649082024952,40.3285384672813));
#4594=CARTESIAN_POINT('Ctrl Pts',(-3.2866620211678,-3.73529442757433,40.7972075963663));
#4595=CARTESIAN_POINT('Ctrl Pts',(-1.09785265455122,-4.85276119863336,41.2658767254511));
#4596=CARTESIAN_POINT('Ctrl Pts',(1.35881071509048,-4.7862516798234,41.7345458545362));
#4597=CARTESIAN_POINT('Ctrl Pts',(3.48395155492303,-3.55199285824044,42.203214983621));
#4598=CARTESIAN_POINT('Ctrl Pts',(4.75907817251405,-1.45111910263654,42.671884112706));
#4599=CARTESIAN_POINT('Ctrl Pts',(4.87308527743282,1.00379857577538,43.1405532417909));
#4600=CARTESIAN_POINT('Ctrl Pts',(3.79815742544181,3.21380955783227,43.6092223708759));
#4601=CARTESIAN_POINT('Ctrl Pts',(1.79655542781878,4.63971554044566,44.0778914999608));
#4602=CARTESIAN_POINT('Ctrl Pts',(-0.643370019338725,4.93362409600957,44.5465606290457));
#4603=CARTESIAN_POINT('Ctrl Pts',(-2.92632610121415,4.02382743817555,45.0152297581307));
#4604=CARTESIAN_POINT('Ctrl Pts',(-4.49531737312973,2.13229768375893,45.4838988872156));
#4605=CARTESIAN_POINT('Ctrl Pts',(-4.96754147400538,-0.279469890506277,
45.9525680163005));
#4606=CARTESIAN_POINT('Ctrl Pts',(-4.22778519686116,-2.62305242079709,46.4212371453855));
#4607=CARTESIAN_POINT('Ctrl Pts',(-2.45653423654081,-4.32666283573118,46.8899062744704));
#4608=CARTESIAN_POINT('Ctrl Pts',(-0.0859382255254625,-4.97465438744162,
47.3585754035553));
#4609=CARTESIAN_POINT('Ctrl Pts',(2.3056249385148,-4.40893017905285,47.8272445326403));
#4610=CARTESIAN_POINT('Ctrl Pts',(4.13466201261635,-2.76751549630491,48.2959136617252));
#4611=CARTESIAN_POINT('Ctrl Pts',(4.95492437833647,-0.450882687622864,48.7645827908101));
#4612=CARTESIAN_POINT('Ctrl Pts',(4.56628509822717,1.97575661410763,49.2332519198951));
#4613=CARTESIAN_POINT('Ctrl Pts',(3.06356311261457,3.92035062681791,49.70192104898));
#4614=CARTESIAN_POINT('Ctrl Pts',(0.813394936990138,4.90845851521616,50.1705901780649));
#4615=CARTESIAN_POINT('Ctrl Pts',(-1.63522871915442,4.69899964384665,50.6392593071499));
#4616=CARTESIAN_POINT('Ctrl Pts',(-3.68488238042248,3.34308215289693,51.1079284362348));
#4617=CARTESIAN_POINT('Ctrl Pts',(-4.8355130323623,1.17151376174069,51.5765975653198));
#4618=CARTESIAN_POINT('Ctrl Pts',(-4.80634648251137,-1.28586827967371,52.0452666944046));
#4619=CARTESIAN_POINT('Ctrl Pts',(-3.60458719778085,-3.42954909038666,52.5139358234896));
#4620=CARTESIAN_POINT('Ctrl Pts',(-1.5232602319911,-4.73643826234367,52.9826049525745));
#4621=CARTESIAN_POINT('Ctrl Pts',(0.929464553041135,-4.88783446416065,53.4512740816595));
#4622=CARTESIAN_POINT('Ctrl Pts',(3.15592837919792,-3.84648516414276,53.9199432107444));
#4623=CARTESIAN_POINT('Ctrl Pts',(4.12598157745732,-2.52687830225144,54.232389296801));
#4624=CARTESIAN_POINT('Ctrl Pts',(4.42393792648152,-1.79082714464961,54.3886123398293));
#4625=CARTESIAN_POINT('Ctrl Pts',(0.0652983753754024,4.43744946785096,-3.17463374836224));
#4626=CARTESIAN_POINT('Ctrl Pts',(-0.67295657918271,4.44831310686132,-3.01841070533393));
#4627=CARTESIAN_POINT('Ctrl Pts',(-2.15425020702184,4.09437360226467,-2.70596461927731));
#4628=CARTESIAN_POINT('Ctrl Pts',(-3.85131798954748,2.56348174547187,-2.23729549019238));
#4629=CARTESIAN_POINT('Ctrl Pts',(-4.60842597727739,0.407506313824312,-1.76862636110744));
#4630=CARTESIAN_POINT('Ctrl Pts',(-4.24132379037704,-1.84806428876982,-1.29995723202251));
#4631=CARTESIAN_POINT('Ctrl Pts',(-2.83934865677077,-3.65266041419121,-0.831288102937579));
#4632=CARTESIAN_POINT('Ctrl Pts',(-0.744666341497026,-4.56612193000105,
-0.362618973852646));
#4633=CARTESIAN_POINT('Ctrl Pts',(1.531717717889,-4.36552115688614,0.106050155232287));
#4634=CARTESIAN_POINT('Ctrl Pts',(3.43438451724493,-3.09983081269376,0.574719284317221));
#4635=CARTESIAN_POINT('Ctrl Pts',(4.49913482378698,-1.07783911656561,1.04338841340215));
#4636=CARTESIAN_POINT('Ctrl Pts',(4.46618443028382,1.20712128576592,1.51205754248709));
#4637=CARTESIAN_POINT('Ctrl Pts',(3.34357576934002,3.19756950953423,1.98072667157202));
#4638=CARTESIAN_POINT('Ctrl Pts',(1.40520124180406,4.40787440190067,2.44939580065695));
#4639=CARTESIAN_POINT('Ctrl Pts',(-0.876013918496073,4.54274673326635,2.91806492974189));
#4640=CARTESIAN_POINT('Ctrl Pts',(-2.94349939764789,3.56927993994795,3.38673405882682));
#4641=CARTESIAN_POINT('Ctrl Pts',(-4.29283006746073,1.72498058022605,3.85540318791175));
#4642=CARTESIAN_POINT('Ctrl Pts',(-4.59479643018153,-0.540179437364357,
4.32407231699669));
#4643=CARTESIAN_POINT('Ctrl Pts',(-3.77572471187362,-2.67354650244463,4.79274144608162));
#4644=CARTESIAN_POINT('Ctrl Pts',(-2.03545198701959,-4.15462191338061,5.26141057516655));
#4645=CARTESIAN_POINT('Ctrl Pts',(0.201430154709583,-4.62205299755606,5.73007970425148));
#4646=CARTESIAN_POINT('Ctrl Pts',(2.38916738162192,-3.96179596230138,6.19874883333642));
#4647=CARTESIAN_POINT('Ctrl Pts',(3.99399574234281,-2.33494026345805,6.66741796242135));
#4648=CARTESIAN_POINT('Ctrl Pts',(4.6243693402487,-0.138406025996082,7.13608709150628));
#4649=CARTESIAN_POINT('Ctrl Pts',(4.12648967587196,2.09189650287154,7.60475622059122));
#4650=CARTESIAN_POINT('Ctrl Pts',(2.6218293896745,3.81181828984217,8.07342534967614));
#4651=CARTESIAN_POINT('Ctrl Pts',(0.477495378323866,4.60173295479438,8.54209447876109));
#4652=CARTESIAN_POINT('Ctrl Pts',(-1.78333791733833,4.26891718074541,9.01076360784601));
#4653=CARTESIAN_POINT('Ctrl Pts',(-3.60907257027263,2.89457133372138,9.47943273693096));
#4654=CARTESIAN_POINT('Ctrl Pts',(-4.55426598561481,0.814008203750836,9.94810186601588));
#4655=CARTESIAN_POINT('Ctrl Pts',(-4.38830994933171,-1.46515658278873,10.4167709951008));
#4656=CARTESIAN_POINT('Ctrl Pts',(-3.1516944019124,-3.38685258321839,10.8854401241857));
#4657=CARTESIAN_POINT('Ctrl Pts',(-1.14612870590032,-4.48222456075185,11.3541092532707));
#4658=CARTESIAN_POINT('Ctrl Pts',(1.13906938028634,-4.48402374775059,11.8227783823556));
#4659=CARTESIAN_POINT('Ctrl Pts',(3.14635740999802,-3.39181117871372,12.2914475114406));
#4660=CARTESIAN_POINT('Ctrl Pts',(4.38599740997879,-1.47206478904839,12.7601166405255));
#4661=CARTESIAN_POINT('Ctrl Pts',(4.55554211198871,0.806835850340257,13.2287857696104));
#4662=CARTESIAN_POINT('Ctrl Pts',(3.61362601316538,2.88888474336919,13.6974548986953));
#4663=CARTESIAN_POINT('Ctrl Pts',(1.79005772811054,4.26610376731843,14.1661240277803));
#4664=CARTESIAN_POINT('Ctrl Pts',(-0.47024869855593,4.60247913466246,14.6347931568652));
#4665=CARTESIAN_POINT('Ctrl Pts',(-2.6158238852867,3.81594201012809,15.1034622859502));
#4666=CARTESIAN_POINT('Ctrl Pts',(-4.12319056929545,2.09839165857328,15.5721314150351));
#4667=CARTESIAN_POINT('Ctrl Pts',(-4.62458154734446,-0.131124122334458,
16.04080054412));
#4668=CARTESIAN_POINT('Ctrl Pts',(-3.99766748863327,-2.32864825034212,16.509469673205));
#4669=CARTESIAN_POINT('Ctrl Pts',(-2.39540283516232,-3.95802896411751,16.9781388022899));
#4670=CARTESIAN_POINT('Ctrl Pts',(-0.208707989183407,-4.62173008718032,
17.4468079313748));
#4671=CARTESIAN_POINT('Ctrl Pts',(2.02890741533619,-4.15782187250616,17.9154770604597));
#4672=CARTESIAN_POINT('Ctrl Pts',(3.77151015062121,-2.67948860927938,18.3841461895447));
#4673=CARTESIAN_POINT('Ctrl Pts',(4.59394014042148,-0.547413929052935,18.8528153186296));
#4674=CARTESIAN_POINT('Ctrl Pts',(4.29554098147662,1.7182187578861,19.3214844477145));
#4675=CARTESIAN_POINT('Ctrl Pts',(2.94911607676609,3.56464056943426,19.7901535767995));
#4676=CARTESIAN_POINT('Ctrl Pts',(0.883166067061698,4.54136165940213,20.2588227058844));
#4677=CARTESIAN_POINT('Ctrl Pts',(-1.39825872918497,4.41008169422686,20.7274918349693));
#4678=CARTESIAN_POINT('Ctrl Pts',(-3.33853647230221,3.20283034933241,21.1961609640543));
#4679=CARTESIAN_POINT('Ctrl Pts',(-4.46427835340848,1.21415271147632,21.6648300931392));
#4680=CARTESIAN_POINT('Ctrl Pts',(-4.50082595821472,-1.07075380800506,22.1334992222241));
#4681=CARTESIAN_POINT('Ctrl Pts',(-3.43926240501775,-3.09441789888313,22.6021683513091));
#4682=CARTESIAN_POINT('Ctrl Pts',(-1.53858788478641,-4.36310615780608,23.070837480394));
#4683=CARTESIAN_POINT('Ctrl Pts',(0.737471184756125,-4.56728412463591,23.5395066094789));
#4684=CARTESIAN_POINT('Ctrl Pts',(2.83360209351108,-3.65713647532416,24.0081757385639));
#4685=CARTESIAN_POINT('Ctrl Pts',(4.23839098968575,-1.85472096069666,24.4768448676488));
#4686=CARTESIAN_POINT('Ctrl Pts',(4.60909759052981,0.40020922586704,24.9455139967337));
#4687=CARTESIAN_POINT('Ctrl Pts',(3.8552769291613,2.55749639745072,25.4141831258187));
#4688=CARTESIAN_POINT('Ctrl Pts',(2.16084611036657,4.09080580213856,25.8828522549036));
#4689=CARTESIAN_POINT('Ctrl Pts',(-0.0607877699441553,4.62604073377246,
26.3515213839886));
#4690=CARTESIAN_POINT('Ctrl Pts',(-2.26759065499634,4.03261461645792,26.8201905130735));
#4691=CARTESIAN_POINT('Ctrl Pts',(-3.92114695305472,2.45531150692666,27.2888596421584));
#4692=CARTESIAN_POINT('Ctrl Pts',(-4.6180221305155,0.27896169193263,27.7575287712434));
#4693=CARTESIAN_POINT('Ctrl Pts',(-4.1881926372104,-1.96544917439078,28.2261979003283));
#4694=CARTESIAN_POINT('Ctrl Pts',(-2.73652823860452,-3.73032990803989,28.6948670294132));
#4695=CARTESIAN_POINT('Ctrl Pts',(-0.617205898789449,-4.58508504850197,
29.1635361584981));
#4696=CARTESIAN_POINT('Ctrl Pts',(1.65270228694331,-4.3211715048386,29.6322052875831));
#4697=CARTESIAN_POINT('Ctrl Pts',(3.51938430063593,-3.00297888236568,30.100874416668));
#4698=CARTESIAN_POINT('Ctrl Pts',(4.52740721359703,-0.95211971188834,30.569543545753));
#4699=CARTESIAN_POINT('Ctrl Pts',(4.43083367598862,1.33103754989179,31.0382126748378));
#4700=CARTESIAN_POINT('Ctrl Pts',(3.25322569180733,3.28944837650047,31.5068818039228));
#4701=CARTESIAN_POINT('Ctrl Pts',(1.28189596303021,4.44529985079338,31.9755509330077));
#4702=CARTESIAN_POINT('Ctrl Pts',(-1.00219064047865,4.51658742233933,32.4442200620927));
#4703=CARTESIAN_POINT('Ctrl Pts',(-3.0417628515242,3.48591835512311,32.9128891911776));
#4704=CARTESIAN_POINT('Ctrl Pts',(-4.33920600486601,1.60475520589016,33.3815583202626));
#4705=CARTESIAN_POINT('Ctrl Pts',(-4.57797002352118,-0.667935990375009,
33.8502274493474));
#4706=CARTESIAN_POINT('Ctrl Pts',(-3.69980128127777,-2.777664217027,34.3188965784324));
#4707=CARTESIAN_POINT('Ctrl Pts',(-1.91895531776777,-4.20969814973801,34.7875657075173));
#4708=CARTESIAN_POINT('Ctrl Pts',(0.330077210989065,-4.61465026391843,35.2562348366023));
#4709=CARTESIAN_POINT('Ctrl Pts',(2.49857752815747,-3.89372037507618,35.7249039656872));
#4710=CARTESIAN_POINT('Ctrl Pts',(4.05747509945695,-2.22280089994215,36.1935730947721));
#4711=CARTESIAN_POINT('Ctrl Pts',(4.6264302198821,-0.00956263867709477,
36.6622422238571));
#4712=CARTESIAN_POINT('Ctrl Pts',(4.06662926456889,2.20600871440905,37.130911352942));
#4713=CARTESIAN_POINT('Ctrl Pts',(2.51465242590809,3.88335823745009,37.599580482027));
#4714=CARTESIAN_POINT('Ctrl Pts',(0.349150889108333,4.61324632771019,38.0682496111119));
#4715=CARTESIAN_POINT('Ctrl Pts',(-1.90153645374477,4.21759494719166,38.5369187401968));
#4716=CARTESIAN_POINT('Ctrl Pts',(-3.688287084405,2.79293508813012,39.0055878692817));
#4717=CARTESIAN_POINT('Ctrl Pts',(-4.5751697266323,0.686855149214952,39.4742569983667));
#4718=CARTESIAN_POINT('Ctrl Pts',(-4.34580282417293,-1.58680365417709,39.9429261274516));
#4719=CARTESIAN_POINT('Ctrl Pts',(-3.05614729557799,-3.47331422869053,40.4115952565366));
#4720=CARTESIAN_POINT('Ctrl Pts',(-1.02085319376937,-4.51240587494882,40.8802643856215));
#4721=CARTESIAN_POINT('Ctrl Pts',(1.26350858876882,-4.45056109604208,41.3489335147064));
#4722=CARTESIAN_POINT('Ctrl Pts',(3.23959964667136,-3.30286877619544,41.8176026437913));
#4723=CARTESIAN_POINT('Ctrl Pts',(4.42529344139975,-1.3493427959809,42.2862717728763));
#4724=CARTESIAN_POINT('Ctrl Pts',(4.53130449551318,0.93339573187274,42.7549409019612));
#4725=CARTESIAN_POINT('Ctrl Pts',(3.53176824059718,2.98840444359747,43.2236100310461));
#4726=CARTESIAN_POINT('Ctrl Pts',(1.67055145212215,4.31430247767548,43.6922791601311));
#4727=CARTESIAN_POINT('Ctrl Pts',(-0.598246345994654,4.58759733774381,44.160948289216));
#4728=CARTESIAN_POINT('Ctrl Pts',(-2.72108404896959,3.74161056535243,44.629617418301));
#4729=CARTESIAN_POINT('Ctrl Pts',(-4.1800318816711,1.98274594632202,45.0982865473859));
#4730=CARTESIAN_POINT('Ctrl Pts',(-4.61913587203809,-0.259868871270177,
45.5669556764708));
#4731=CARTESIAN_POINT('Ctrl Pts',(-3.93126345601901,-2.43908090065836,46.0356248055557));
#4732=CARTESIAN_POINT('Ctrl Pts',(-2.28424170610467,-4.02320617013995,46.5042939346406));
#4733=CARTESIAN_POINT('Ctrl Pts',(-0.0799108261272183,-4.62574991218934,
46.9729630637256));
#4734=CARTESIAN_POINT('Ctrl Pts',(2.14391664817192,-4.09970357457214,47.4416321928105));
#4735=CARTESIAN_POINT('Ctrl Pts',(3.84467159665263,-2.57341185625103,47.9103013218955));
#4736=CARTESIAN_POINT('Ctrl Pts',(4.60740369901063,-0.419259379432434,48.3789704509804));
#4737=CARTESIAN_POINT('Ctrl Pts',(4.24602217483859,1.83718409104794,48.8476395800654));
#4738=CARTESIAN_POINT('Ctrl Pts',(2.84869576600078,3.64539128169089,49.3163087091502));
#4739=CARTESIAN_POINT('Ctrl Pts',(0.756346284950469,4.56419671147655,49.7849778382352));
#4740=CARTESIAN_POINT('Ctrl Pts',(-1.52053954323544,4.36942874722482,50.2536469673201));
#4741=CARTESIAN_POINT('Ctrl Pts',(-3.42643806294706,3.10861003332731,50.7223160964051));
#4742=CARTESIAN_POINT('Ctrl Pts',(-4.49636710632845,1.08934855988458,51.19098522549));
#4743=CARTESIAN_POINT('Ctrl Pts',(-4.46924718712311,-1.19568326763303,51.6596543545749));
#4744=CARTESIAN_POINT('Ctrl Pts',(-3.35177298038648,-3.1890103477718,52.1283234836599));
#4745=CARTESIAN_POINT('Ctrl Pts',(-1.41642696844157,-4.40424636310495,52.5969926127448));
#4746=CARTESIAN_POINT('Ctrl Pts',(0.864280910263841,-4.54500906755234,53.0656617418297));
#4747=CARTESIAN_POINT('Ctrl Pts',(2.93457089284416,-3.57672794943188,53.5343308709147));
#4748=CARTESIAN_POINT('Ctrl Pts',(3.83662236733159,-2.3496146204496,53.8467769569713));
#4749=CARTESIAN_POINT('Ctrl Pts',(4.11366493834262,-1.66522744170518,54.0029999999996));
#4750=CARTESIAN_POINT('',(0.0652983748853257,4.43744946785852,0.103000001588965));
#4751=CARTESIAN_POINT('Ctrl Pts',(1.45569367377167,-4.19239520867231,0.103));
#4752=CARTESIAN_POINT('Ctrl Pts',(1.00222622475038,-4.44953619675891,0.103));
#4753=CARTESIAN_POINT('Ctrl Pts',(0.498290849618353,-4.60998697204131,0.102999999999999));
#4754=CARTESIAN_POINT('Ctrl Pts',(-0.588394690488722,-4.74096855343455,
0.102999999999999));
#4755=CARTESIAN_POINT('Ctrl Pts',(-1.16513614566562,-4.69153427415437,0.103));
#4756=CARTESIAN_POINT('Ctrl Pts',(-2.29082942312685,-4.36919054186085,0.103));
#4757=CARTESIAN_POINT('Ctrl Pts',(-2.82733058918126,-4.08945348900735,0.103));
#4758=CARTESIAN_POINT('Ctrl Pts',(-3.7724994246727,-3.33268476632073,0.103));
#4759=CARTESIAN_POINT('Ctrl Pts',(-4.16958460781295,-2.85837813280879,0.103));
#4760=CARTESIAN_POINT('Ctrl Pts',(-4.76061956866549,-1.78198199985134,0.103));
#4761=CARTESIAN_POINT('Ctrl Pts',(-4.94818680068221,-1.18876244740012,0.103));
#4762=CARTESIAN_POINT('Ctrl Pts',(-5.08442211792453,0.0300944884266677,
0.103));
#4763=CARTESIAN_POINT('Ctrl Pts',(-5.03388830697722,0.644888004422877,0.103));
#4764=CARTESIAN_POINT('Ctrl Pts',(-4.70373484618055,1.80643020106742,0.103));
#4765=CARTESIAN_POINT('Ctrl Pts',(-4.43195743595773,2.34461241829919,0.102999999999999));
#4766=CARTESIAN_POINT('Ctrl Pts',(-3.71163566264256,3.26770406512866,0.102999999999999));
#4767=CARTESIAN_POINT('Ctrl Pts',(-3.27586398304987,3.65016157331388,0.103));
#4768=CARTESIAN_POINT('Ctrl Pts',(-2.31146617807427,4.20870946232105,0.103));
#4769=CARTESIAN_POINT('Ctrl Pts',(-1.79659624398305,4.39112502095228,0.103));
#4770=CARTESIAN_POINT('Ctrl Pts',(-0.820955311104592,4.53265126073779,0.103));
#4771=CARTESIAN_POINT('Ctrl Pts',(-0.371171025090339,4.52427288190371,0.103));
#4772=CARTESIAN_POINT('Ctrl Pts',(0.0652983754146726,4.4374494705196,0.103));
#4773=CARTESIAN_POINT('',(2.15913656242842,-4.35342192441462,54.003));
#4774=CARTESIAN_POINT('Ctrl Pts',(4.11366493834295,-1.66522744170531,54.003));
#4775=CARTESIAN_POINT('Ctrl Pts',(4.03814969608554,-2.03210701945528,54.003));
#4776=CARTESIAN_POINT('Ctrl Pts',(3.9073530195385,-2.38744737044527,54.003));
#4777=CARTESIAN_POINT('Ctrl Pts',(3.46450486267306,-3.21334247027006,54.003));
#4778=CARTESIAN_POINT('Ctrl Pts',(3.09946142229643,-3.64822801049331,54.003));
#4779=CARTESIAN_POINT('Ctrl Pts',(2.50302149216892,-4.13062787006083,54.003));
#4780=CARTESIAN_POINT('Ctrl Pts',(2.33466632654092,-4.24812205987632,54.003));
#4781=CARTESIAN_POINT('Ctrl Pts',(2.15913656240669,-4.353421924377,54.003));
#4782=CARTESIAN_POINT('',(2.03017852254756,-4.42787588345463,54.003));
#4783=CARTESIAN_POINT('Ctrl Pts',(2.0299876623719,-4.42738773626244,54.0039900741736));
#4784=CARTESIAN_POINT('Ctrl Pts',(2.07336623835031,-4.40328277789344,54.0039837144294));
#4785=CARTESIAN_POINT('Ctrl Pts',(2.11636747796497,-4.37845017703679,54.0039776332263));
#4786=CARTESIAN_POINT('Ctrl Pts',(2.15896774591996,-4.35289604606849,54.0039707999111));
#4787=CARTESIAN_POINT('',(-1.25816266431992,-4.87359944706846,54.003));
#4788=CARTESIAN_POINT('Ctrl Pts',(2.03017852252674,-4.42787588341712,54.003));
#4789=CARTESIAN_POINT('Ctrl Pts',(1.73729427484047,-4.59050398013099,54.003));
#4790=CARTESIAN_POINT('Ctrl Pts',(1.42610714922317,-4.72009723932071,54.003));
#4791=CARTESIAN_POINT('Ctrl Pts',(0.518583199519239,-4.98474093390773,54.003));
#4792=CARTESIAN_POINT('Ctrl Pts',(-0.0945169561646291,-5.03668850003633,
54.003));
#4793=CARTESIAN_POINT('Ctrl Pts',(-0.888078236017149,-4.94897685216705,
54.003));
#4794=CARTESIAN_POINT('Ctrl Pts',(-1.07451020776371,-4.91679974254989,54.003));
#4795=CARTESIAN_POINT('Ctrl Pts',(-1.25816266431901,-4.8735994470669,54.003));
#4796=CARTESIAN_POINT('',(-2.67862558600472,-4.28105886084282,54.003));
#4797=CARTESIAN_POINT('Ctrl Pts',(-2.67817221393156,-4.28035390357929,54.002914494425));
#4798=CARTESIAN_POINT('Ctrl Pts',(-2.55156858761274,-4.35972569331991,54.0029731185893));
#4799=CARTESIAN_POINT('Ctrl Pts',(-2.42136797053491,-4.43306394980196,54.0030319179968));
#4800=CARTESIAN_POINT('Ctrl Pts',(-2.28802394477749,-4.50010055688085,54.0030900360103));
#4801=CARTESIAN_POINT('Ctrl Pts',(-2.15606631111071,-4.56644017718956,54.0031475497646));
#4802=CARTESIAN_POINT('Ctrl Pts',(-2.0210293549623,-4.62660891561879,54.0032043619327));
#4803=CARTESIAN_POINT('Ctrl Pts',(-1.88333288461538,-4.68030044624336,54.00325997975));
#4804=CARTESIAN_POINT('Ctrl Pts',(-1.83232302375699,-4.70019055308149,54.0032805834526));
#4805=CARTESIAN_POINT('Ctrl Pts',(-1.78094806046072,-4.7191912720382,54.0033010291857));
#4806=CARTESIAN_POINT('Ctrl Pts',(-1.72922903493103,-4.73728522091176,54.0033213183019));
#4807=CARTESIAN_POINT('Ctrl Pts',(-1.66759058039641,-4.75884949118894,54.0033454987607));
#4808=CARTESIAN_POINT('Ctrl Pts',(-1.60553560576705,-4.77910060234985,54.0033694069205));
#4809=CARTESIAN_POINT('Ctrl Pts',(-1.54310204115578,-4.79801664058043,54.0033929451883));
#4810=CARTESIAN_POINT('Ctrl Pts',(-1.50533517584084,-4.80945919511972,54.0034071837888));
#4811=CARTESIAN_POINT('Ctrl Pts',(-1.46742976287067,-4.82041318640323,54.0034212875254));
#4812=CARTESIAN_POINT('Ctrl Pts',(-1.42939573630959,-4.83087859843352,54.0034352403217));
#4813=CARTESIAN_POINT('Ctrl Pts',(-1.37269391152112,-4.84648062674697,54.0034560414065));
#4814=CARTESIAN_POINT('Ctrl Pts',(-1.31570625148104,-4.86099682519614,54.0034765056404));
#4815=CARTESIAN_POINT('Ctrl Pts',(-1.25846560338809,-4.87442674216685,54.0034965987526));
#4816=CARTESIAN_POINT('',(-3.61223762089102,-3.51447363720143,54.003));
#4817=CARTESIAN_POINT('Ctrl Pts',(-3.6114877432476,-3.51371342761801,54.0024568739938));
#4818=CARTESIAN_POINT('Ctrl Pts',(-3.51020117865763,-3.62153617214875,54.0025081635652));
#4819=CARTESIAN_POINT('Ctrl Pts',(-3.40377968894378,-3.72446543472913,54.0025619224552));
#4820=CARTESIAN_POINT('Ctrl Pts',(-3.29266283332927,-3.82223729364932,54.0026174743895));
#4821=CARTESIAN_POINT('Ctrl Pts',(-3.18169299693597,-3.91987979017461,54.0026729528227));
#4822=CARTESIAN_POINT('Ctrl Pts',(-3.06603937398236,-4.01237912320783,54.0027301840952));
#4823=CARTESIAN_POINT('Ctrl Pts',(-2.94610817222488,-4.09943185601156,54.0027879990044));
#4824=CARTESIAN_POINT('Ctrl Pts',(-2.88855081428609,-4.14121018582156,54.0028157455238));
#4825=CARTESIAN_POINT('Ctrl Pts',(-2.83000784236012,-4.18173338214388,54.0028436224544));
#4826=CARTESIAN_POINT('Ctrl Pts',(-2.77052245115764,-4.22096397134203,54.0028714964792));
#4827=CARTESIAN_POINT('Ctrl Pts',(-2.73995948019824,-4.24112023717716,54.0028858178612));
#4828=CARTESIAN_POINT('Ctrl Pts',(-2.70917375679378,-4.26091806260836,54.0029001471614));
#4829=CARTESIAN_POINT('Ctrl Pts',(-2.67817221393156,-4.28035390357929,54.002914494425));
#4830=CARTESIAN_POINT('',(-4.84974226079793,-0.842717560498706,54.003));
#4831=CARTESIAN_POINT('Ctrl Pts',(-3.61148774324762,-3.51371342761799,54.0024568739938));
#4832=CARTESIAN_POINT('Ctrl Pts',(-3.62431514335968,-3.5000582668127,54.0024502964284));
#4833=CARTESIAN_POINT('Ctrl Pts',(-3.63706156127876,-3.48632305678786,54.0024437420896));
#4834=CARTESIAN_POINT('Ctrl Pts',(-3.64972599532892,-3.47250824985643,54.0024372148715));
#4835=CARTESIAN_POINT('Ctrl Pts',(-3.71578531001252,-3.400448442465,54.0024031680632));
#4836=CARTESIAN_POINT('Ctrl Pts',(-3.77961474739192,-3.32622322516011,54.0023698810283));
#4837=CARTESIAN_POINT('Ctrl Pts',(-3.84112678034961,-3.24995170411147,54.0023377516408));
#4838=CARTESIAN_POINT('Ctrl Pts',(-3.93555905711776,-3.13286090026587,54.0022884271255));
#4839=CARTESIAN_POINT('Ctrl Pts',(-4.02412772162035,-3.01145145554109,54.002239225787));
#4840=CARTESIAN_POINT('Ctrl Pts',(-4.10663233508748,-2.88623326543061,54.0021937006642));
#4841=CARTESIAN_POINT('Ctrl Pts',(-4.18750629033539,-2.76348994384348,54.0021490753204));
#4842=CARTESIAN_POINT('Ctrl Pts',(-4.2625538410457,-2.63708583392551,54.0021080184816));
#4843=CARTESIAN_POINT('Ctrl Pts',(-4.33154213570517,-2.50747054634062,54.0020723547871));
#4844=CARTESIAN_POINT('Ctrl Pts',(-4.40261694256821,-2.37393511722084,54.0020356124641));
#4845=CARTESIAN_POINT('Ctrl Pts',(-4.46726113091015,-2.23699031569232,54.0020046532749));
#4846=CARTESIAN_POINT('Ctrl Pts',(-4.52516464629672,-2.0971107507396,54.0019791030928));
#4847=CARTESIAN_POINT('Ctrl Pts',(-4.57981800731231,-1.96508269836614,54.0019549870557));
#4848=CARTESIAN_POINT('Ctrl Pts',(-4.62846597261424,-1.83043913705667,54.0019357080686));
#4849=CARTESIAN_POINT('Ctrl Pts',(-4.67079695707494,-1.69357886725215,54.0019183727155));
#4850=CARTESIAN_POINT('Ctrl Pts',(-4.67331431797674,-1.68543998986469,54.0019173418077));
#4851=CARTESIAN_POINT('Ctrl Pts',(-4.67580932362112,-1.67729327538052,54.0019163169271));
#4852=CARTESIAN_POINT('Ctrl Pts',(-4.67828190265525,-1.66913880872191,54.0019152971353));
#4853=CARTESIAN_POINT('Ctrl Pts',(-4.71738244316473,-1.54018679161045,54.0018991704889));
#4854=CARTESIAN_POINT('Ctrl Pts',(-4.75072581249015,-1.40979794865583,54.0018853673559));
#4855=CARTESIAN_POINT('Ctrl Pts',(-4.7781453812944,-1.2783230156373,54.0018771081759));
#4856=CARTESIAN_POINT('Ctrl Pts',(-4.80821737642636,-1.13412988211528,54.0018680500459));
#4857=CARTESIAN_POINT('Ctrl Pts',(-4.83116506237015,-0.988629395611422,
54.0018657674911));
#4858=CARTESIAN_POINT('Ctrl Pts',(-4.84699450491733,-0.842356526358426,
54.0018707854797));
#4859=CARTESIAN_POINT('',(-4.84974226119284,0.134421229626516,54.003));
#4860=CARTESIAN_POINT('Ctrl Pts',(-4.84680870503579,0.134400290597793,54.0019719503871));
#4861=CARTESIAN_POINT('Ctrl Pts',(-4.84795732163718,0.123869080211764,54.0019700026447));
#4862=CARTESIAN_POINT('Ctrl Pts',(-4.84906879081375,0.113332000785946,54.0019679578057));
#4863=CARTESIAN_POINT('Ctrl Pts',(-4.85014303027699,0.102789111458613,54.0019660052259));
#4864=CARTESIAN_POINT('Ctrl Pts',(-4.86436644175262,-0.036803463730872,
54.0019401521954));
#4865=CARTESIAN_POINT('Ctrl Pts',(-4.87202143641922,-0.176913594183576,
54.0019173966786));
#4866=CARTESIAN_POINT('Ctrl Pts',(-4.87317502857051,-0.317038319114452,
54.0019014824595));
#4867=CARTESIAN_POINT('Ctrl Pts',(-4.87434737782279,-0.459441434733698,
54.0018853094794));
#4868=CARTESIAN_POINT('Ctrl Pts',(-4.8688056133857,-0.601860583160784,54.0018761490289));
#4869=CARTESIAN_POINT('Ctrl Pts',(-4.85657383434383,-0.743793644938447,
54.0018725270313));
#4870=CARTESIAN_POINT('Ctrl Pts',(-4.8537400355744,-0.776676002805616,54.0018716879046));
#4871=CARTESIAN_POINT('Ctrl Pts',(-4.85054695325216,-0.809532342623722,
54.0018711254195));
#4872=CARTESIAN_POINT('Ctrl Pts',(-4.84699450496054,-0.84235652632003,54.0018707853624));
#4873=CARTESIAN_POINT('',(-3.29649502927188,2.97125262802515,54.003));
#4874=CARTESIAN_POINT('Ctrl Pts',(-4.84974226119283,0.134421229626532,54.003));
#4875=CARTESIAN_POINT('Ctrl Pts',(-4.79248208965965,0.654763601078746,54.003));
#4876=CARTESIAN_POINT('Ctrl Pts',(-4.64335341325493,1.16153738500597,54.003));
#4877=CARTESIAN_POINT('Ctrl Pts',(-4.17315395064968,2.08089600263381,54.003));
#4878=CARTESIAN_POINT('Ctrl Pts',(-3.85965278245363,2.48933940405352,54.003));
#4879=CARTESIAN_POINT('Ctrl Pts',(-3.41813091988833,2.87464369425256,54.003));
#4880=CARTESIAN_POINT('Ctrl Pts',(-3.35803176712312,2.92392619645738,54.003));
#4881=CARTESIAN_POINT('Ctrl Pts',(-3.29649502927189,2.97125262802514,54.003));
#4882=CARTESIAN_POINT('Ctrl Pts',(-3.29649502927188,2.97125262802514,54.003));
#4883=CARTESIAN_POINT('Ctrl Pts',(-2.78433815984046,3.53947175498988,53.841141479397));
#4884=CARTESIAN_POINT('Ctrl Pts',(-1.46040104074493,4.40485416394866,53.5173949091201));
#4885=CARTESIAN_POINT('Ctrl Pts',(0.908525860350377,4.5508678702511,53.031808082486));
#4886=CARTESIAN_POINT('Ctrl Pts',(3.03952476988907,3.50666746069782,52.5462051765902));
#4887=CARTESIAN_POINT('Ctrl Pts',(4.37580081887832,1.54538868784797,52.0606084411021));
#4888=CARTESIAN_POINT('Ctrl Pts',(4.56760886584868,-0.82003873435683,51.5750097844534));
#4889=CARTESIAN_POINT('Ctrl Pts',(3.56494609731238,-2.97100351217374,51.0894127993966));
#4890=CARTESIAN_POINT('Ctrl Pts',(1.62992889743981,-4.34500243586322,50.6038136864911));
#4891=CARTESIAN_POINT('Ctrl Pts',(-0.731330691508734,-4.58265606032018,
50.1182152949929));
#4892=CARTESIAN_POINT('Ctrl Pts',(-2.90134046031412,-3.62186930719726,49.632618600404));
#4893=CARTESIAN_POINT('Ctrl Pts',(-4.31256157359457,-1.71386188996122,49.1470197117751));
#4894=CARTESIAN_POINT('Ctrl Pts',(-4.59602904951202,0.642348021696793,48.6614208001294));
#4895=CARTESIAN_POINT('Ctrl Pts',(-3.67731719389892,2.83058853301655,48.1758243493104));
#4896=CARTESIAN_POINT('Ctrl Pts',(-1.79739871020313,4.27849849637583,47.6902256575498));
#4897=CARTESIAN_POINT('Ctrl Pts',(0.553657307465708,4.60767457303532,47.2046266152933));
#4898=CARTESIAN_POINT('Ctrl Pts',(2.75763612626122,3.73139299306167,46.7190297085663));
#4899=CARTESIAN_POINT('Ctrl Pts',(4.4106473395509,1.67457561044909,46.1794745593973));
#4900=CARTESIAN_POINT('Ctrl Pts',(4.62979750539759,-1.2916538892482,45.585973263265));
#4901=CARTESIAN_POINT('Ctrl Pts',(2.74625714994222,-3.94368647850637,44.9384951873907));
#4902=CARTESIAN_POINT('Ctrl Pts',(-0.384249985197809,-4.78678218098612,
44.2910395991366));
#4903=CARTESIAN_POINT('Ctrl Pts',(-3.68199065783263,-3.30675534083435,43.5716315321348));
#4904=CARTESIAN_POINT('Ctrl Pts',(-5.08416388532775,0.602940285272145,42.7802953531686));
#4905=CARTESIAN_POINT('Ctrl Pts',(-2.59200033094589,4.40671184990922,41.9170026607029));
#4906=CARTESIAN_POINT('Ctrl Pts',(1.54526549136866,4.70540335714424,41.1256595430816));
#4907=CARTESIAN_POINT('Ctrl Pts',(4.2281910025255,2.27559749077801,40.4062527445039));
#4908=CARTESIAN_POINT('Ctrl Pts',(4.71585173437145,-0.927571642368476,39.758788218848));
#4909=CARTESIAN_POINT('Ctrl Pts',(3.04473324463223,-3.71868423040954,39.1113242272095));
#4910=CARTESIAN_POINT('Ctrl Pts',(-0.0150148301990105,-4.80453146339259,
38.4638696088677));
#4911=CARTESIAN_POINT('Ctrl Pts',(-3.0682915439565,-3.6984630191819,37.8163943108355));
#4912=CARTESIAN_POINT('Ctrl Pts',(-4.72127090863973,-0.90045683820502,37.1689324895427));
#4913=CARTESIAN_POINT('Ctrl Pts',(-4.21434493836198,2.30697593100312,36.5214681960387));
#4914=CARTESIAN_POINT('Ctrl Pts',(-1.78419135063497,4.46203497906592,35.8740108171951));
#4915=CARTESIAN_POINT('Ctrl Pts',(1.46179697273293,4.57669612607799,35.2265370371739));
#4916=CARTESIAN_POINT('Ctrl Pts',(4.040636432028,2.60293685367709,34.5790746072713));
#4917=CARTESIAN_POINT('Ctrl Pts',(4.77201491848806,-0.563123929194511,33.931615459098));
#4918=CARTESIAN_POINT('Ctrl Pts',(3.324313095565,-3.46985949849941,33.2841538535998));
#4919=CARTESIAN_POINT('Ctrl Pts',(0.357070656017564,-4.79212334699536,32.6366813886509));
#4920=CARTESIAN_POINT('Ctrl Pts',(-2.77275236184003,-3.92461335036324,31.9892153861876));
#4921=CARTESIAN_POINT('Ctrl Pts',(-4.63642100272661,-1.26379786949791,31.3417618309404));
#4922=CARTESIAN_POINT('Ctrl Pts',(-4.38051240571442,1.97356484058501,30.694295355978));
#4923=CARTESIAN_POINT('Ctrl Pts',(-2.12575820633154,4.31132883765985,30.0468247548457));
#4924=CARTESIAN_POINT('Ctrl Pts',(1.10566165972715,4.67478721377331,29.3993588046765));
#4925=CARTESIAN_POINT('Ctrl Pts',(3.82054841847776,2.91173204458487,28.7519085658253));
#4926=CARTESIAN_POINT('Ctrl Pts',(4.92393035261504,-0.546839250675217,28.0324895545931));
#4927=CARTESIAN_POINT('Ctrl Pts',(3.29895797406274,-3.50940999846078,27.3850316648155));
#4928=CARTESIAN_POINT('Ctrl Pts',(0.366484746941246,-4.67373797595942,26.7375642409534));
#4929=CARTESIAN_POINT('Ctrl Pts',(-2.45712146656989,-4.13137070298138,26.1620501598801));
#4930=CARTESIAN_POINT('Ctrl Pts',(-4.5255804804276,-1.617372991628,25.5145803382552));
#4931=CARTESIAN_POINT('Ctrl Pts',(-4.52093348271861,1.62733066890482,24.8671095876781));
#4932=CARTESIAN_POINT('Ctrl Pts',(-2.45057876025711,4.13426774742554,24.219650436981));
#4933=CARTESIAN_POINT('Ctrl Pts',(0.733915014172188,4.74531858009361,23.5721920564256));
#4934=CARTESIAN_POINT('Ctrl Pts',(3.91455812681509,3.02794843503826,22.85278018944));
#4935=CARTESIAN_POINT('Ctrl Pts',(5.02782095503939,-0.972457667100675,22.0614319292697));
#4936=CARTESIAN_POINT('Ctrl Pts',(2.26297454162846,-4.58667551617627,21.1981584187024));
#4937=CARTESIAN_POINT('Ctrl Pts',(-1.5097447095946,-4.57659888493567,20.4787467248426));
#4938=CARTESIAN_POINT('Ctrl Pts',(-3.65061285810017,-2.78226762258042,19.9032236032868));
#4939=CARTESIAN_POINT('Ctrl Pts',(-4.81801012958774,-0.241642967961967,
19.3276976027971));
#4940=CARTESIAN_POINT('Ctrl Pts',(-3.81618256952403,3.40181913187059,18.6082977703995));
#4941=CARTESIAN_POINT('Ctrl Pts',(0.036541847268773,4.95442597776602,17.8169541520087));
#4942=CARTESIAN_POINT('Ctrl Pts',(3.33173591489098,3.45678390769975,17.0975384869913));
#4943=CARTESIAN_POINT('Ctrl Pts',(4.77317178882723,0.555978053323198,16.4500872060016));
#4944=CARTESIAN_POINT('Ctrl Pts',(4.03489020891782,-2.6117866522779,15.8026210876951));
#4945=CARTESIAN_POINT('Ctrl Pts',(1.45214112464995,-4.57954020489883,15.1551506114348));
#4946=CARTESIAN_POINT('Ctrl Pts',(-1.79277382975365,-4.45921596583339,14.5076838993184));
#4947=CARTESIAN_POINT('Ctrl Pts',(-4.22092626165369,-2.29720274279743,13.8602321585819));
#4948=CARTESIAN_POINT('Ctrl Pts',(-4.71584428822678,0.907490728629453,13.212761759258));
#4949=CARTESIAN_POINT('Ctrl Pts',(-2.88259589084248,4.02266091069407,12.4933581628227));
#4950=CARTESIAN_POINT('Ctrl Pts',(1.1574111490789,4.98727827226595,11.7020052347898));
#4951=CARTESIAN_POINT('Ctrl Pts',(4.66453774316653,2.09265354620117,10.8387273117236));
#4952=CARTESIAN_POINT('Ctrl Pts',(4.50747684305348,-2.05245920037199,10.0473819649584));
#4953=CARTESIAN_POINT('Ctrl Pts',(1.79752249564877,-4.45229265868028,9.32797603987678));
#4954=CARTESIAN_POINT('Ctrl Pts',(-1.43906100837075,-4.58582302423092,8.68051522520581));
#4955=CARTESIAN_POINT('Ctrl Pts',(-4.03162888140195,-2.61755342847112,8.03304976610583));
#4956=CARTESIAN_POINT('Ctrl Pts',(-4.70941621012188,0.277739866059065,7.43953474645073));
#4957=CARTESIAN_POINT('Ctrl Pts',(-3.74800948562187,2.73520750656724,6.89998808080719));
#4958=CARTESIAN_POINT('Ctrl Pts',(-1.9071296590668,4.23079994463331,6.41438763937441));
#4959=CARTESIAN_POINT('Ctrl Pts',(0.434629976563955,4.62032093930955,5.92878982050959));
#4960=CARTESIAN_POINT('Ctrl Pts',(2.66171625547694,3.80133521061567,5.4431915626295));
#4961=CARTESIAN_POINT('Ctrl Pts',(4.19317388303481,1.98831880890255,4.95759445058696));
#4962=CARTESIAN_POINT('Ctrl Pts',(4.62781359380525,-0.344749640052702,4.47199544527293));
#4963=CARTESIAN_POINT('Ctrl Pts',(3.85225345623079,-2.58762891018753,3.98639692651818));
#4964=CARTESIAN_POINT('Ctrl Pts',(2.06922112325029,-4.15378485377142,3.50080030895823));
#4965=CARTESIAN_POINT('Ctrl Pts',(-0.254953704241001,-4.63365258371245,
3.01520146015519));
#4966=CARTESIAN_POINT('Ctrl Pts',(-2.51246983184865,-3.90168521358261,2.5296024307942));
#4967=CARTESIAN_POINT('Ctrl Pts',(-4.11287582644063,-2.1493639655879,2.04400618176914));
#4968=CARTESIAN_POINT('Ctrl Pts',(-4.63774505828544,0.165072067153837,1.55840700912885));
#4969=CARTESIAN_POINT('Ctrl Pts',(-3.94962078842539,2.43635594244429,1.07280917993228));
#4970=CARTESIAN_POINT('Ctrl Pts',(-2.23042503543351,4.06887501949261,0.587670069836762));
#4971=CARTESIAN_POINT('Ctrl Pts',(-0.6970992684682,4.44907865006471,0.26440179675112));
#4972=CARTESIAN_POINT('Ctrl Pts',(0.0653105036827522,4.43781658010533,0.102995396435177));
#4973=CARTESIAN_POINT('Ctrl Pts',(-3.29649502927188,2.97125262802514,54.003));
#4974=CARTESIAN_POINT('Ctrl Pts',(-2.78433815984046,3.53947175498988,53.841141479397));
#4975=CARTESIAN_POINT('Ctrl Pts',(-1.46040104074493,4.40485416394866,53.5173949091201));
#4976=CARTESIAN_POINT('Ctrl Pts',(0.908525860350377,4.5508678702511,53.031808082486));
#4977=CARTESIAN_POINT('Ctrl Pts',(3.03952476988907,3.50666746069782,52.5462051765902));
#4978=CARTESIAN_POINT('Ctrl Pts',(4.37580081887832,1.54538868784797,52.0606084411021));
#4979=CARTESIAN_POINT('Ctrl Pts',(4.56760886584868,-0.82003873435683,51.5750097844534));
#4980=CARTESIAN_POINT('Ctrl Pts',(3.56494609731238,-2.97100351217374,51.0894127993966));
#4981=CARTESIAN_POINT('Ctrl Pts',(1.62992889743981,-4.34500243586322,50.6038136864911));
#4982=CARTESIAN_POINT('Ctrl Pts',(-0.731330691508734,-4.58265606032018,
50.1182152949929));
#4983=CARTESIAN_POINT('Ctrl Pts',(-2.90134046031412,-3.62186930719726,49.632618600404));
#4984=CARTESIAN_POINT('Ctrl Pts',(-4.31256157359457,-1.71386188996122,49.1470197117751));
#4985=CARTESIAN_POINT('Ctrl Pts',(-4.59602904951202,0.642348021696793,48.6614208001294));
#4986=CARTESIAN_POINT('Ctrl Pts',(-3.67731719389892,2.83058853301655,48.1758243493104));
#4987=CARTESIAN_POINT('Ctrl Pts',(-1.79739871020313,4.27849849637583,47.6902256575498));
#4988=CARTESIAN_POINT('Ctrl Pts',(0.553657307465708,4.60767457303532,47.2046266152933));
#4989=CARTESIAN_POINT('Ctrl Pts',(2.75763612626122,3.73139299306167,46.7190297085663));
#4990=CARTESIAN_POINT('Ctrl Pts',(4.4106473395509,1.67457561044909,46.1794745593973));
#4991=CARTESIAN_POINT('Ctrl Pts',(4.62979750539759,-1.2916538892482,45.585973263265));
#4992=CARTESIAN_POINT('Ctrl Pts',(2.74625714994222,-3.94368647850637,44.9384951873907));
#4993=CARTESIAN_POINT('Ctrl Pts',(-0.384249985197809,-4.78678218098612,
44.2910395991366));
#4994=CARTESIAN_POINT('Ctrl Pts',(-3.68199065783263,-3.30675534083435,43.5716315321348));
#4995=CARTESIAN_POINT('Ctrl Pts',(-5.08416388532775,0.602940285272145,42.7802953531686));
#4996=CARTESIAN_POINT('Ctrl Pts',(-2.59200033094589,4.40671184990922,41.9170026607029));
#4997=CARTESIAN_POINT('Ctrl Pts',(1.54526549136866,4.70540335714424,41.1256595430816));
#4998=CARTESIAN_POINT('Ctrl Pts',(4.2281910025255,2.27559749077801,40.4062527445039));
#4999=CARTESIAN_POINT('Ctrl Pts',(4.71585173437145,-0.927571642368476,39.758788218848));
#5000=CARTESIAN_POINT('Ctrl Pts',(3.04473324463223,-3.71868423040954,39.1113242272095));
#5001=CARTESIAN_POINT('Ctrl Pts',(-0.0150148301990105,-4.80453146339259,
38.4638696088677));
#5002=CARTESIAN_POINT('Ctrl Pts',(-3.0682915439565,-3.6984630191819,37.8163943108355));
#5003=CARTESIAN_POINT('Ctrl Pts',(-4.72127090863973,-0.90045683820502,37.1689324895427));
#5004=CARTESIAN_POINT('Ctrl Pts',(-4.21434493836198,2.30697593100312,36.5214681960387));
#5005=CARTESIAN_POINT('Ctrl Pts',(-1.78419135063497,4.46203497906592,35.8740108171951));
#5006=CARTESIAN_POINT('Ctrl Pts',(1.46179697273293,4.57669612607799,35.2265370371739));
#5007=CARTESIAN_POINT('Ctrl Pts',(4.040636432028,2.60293685367709,34.5790746072713));
#5008=CARTESIAN_POINT('Ctrl Pts',(4.77201491848806,-0.563123929194511,33.931615459098));
#5009=CARTESIAN_POINT('Ctrl Pts',(3.324313095565,-3.46985949849941,33.2841538535998));
#5010=CARTESIAN_POINT('Ctrl Pts',(0.357070656017564,-4.79212334699536,32.6366813886509));
#5011=CARTESIAN_POINT('Ctrl Pts',(-2.77275236184003,-3.92461335036324,31.9892153861876));
#5012=CARTESIAN_POINT('Ctrl Pts',(-4.63642100272661,-1.26379786949791,31.3417618309404));
#5013=CARTESIAN_POINT('Ctrl Pts',(-4.38051240571442,1.97356484058501,30.694295355978));
#5014=CARTESIAN_POINT('Ctrl Pts',(-2.12575820633154,4.31132883765985,30.0468247548457));
#5015=CARTESIAN_POINT('Ctrl Pts',(1.10566165972715,4.67478721377331,29.3993588046765));
#5016=CARTESIAN_POINT('Ctrl Pts',(3.82054841847776,2.91173204458487,28.7519085658253));
#5017=CARTESIAN_POINT('Ctrl Pts',(4.92393035261504,-0.546839250675217,28.0324895545931));
#5018=CARTESIAN_POINT('Ctrl Pts',(3.29895797406274,-3.50940999846078,27.3850316648155));
#5019=CARTESIAN_POINT('Ctrl Pts',(0.366484746941246,-4.67373797595942,26.7375642409534));
#5020=CARTESIAN_POINT('Ctrl Pts',(-2.45712146656989,-4.13137070298138,26.1620501598801));
#5021=CARTESIAN_POINT('Ctrl Pts',(-4.5255804804276,-1.617372991628,25.5145803382552));
#5022=CARTESIAN_POINT('Ctrl Pts',(-4.52093348271861,1.62733066890482,24.8671095876781));
#5023=CARTESIAN_POINT('Ctrl Pts',(-2.45057876025711,4.13426774742554,24.219650436981));
#5024=CARTESIAN_POINT('Ctrl Pts',(0.733915014172188,4.74531858009361,23.5721920564256));
#5025=CARTESIAN_POINT('Ctrl Pts',(3.91455812681509,3.02794843503826,22.85278018944));
#5026=CARTESIAN_POINT('Ctrl Pts',(5.02782095503939,-0.972457667100675,22.0614319292697));
#5027=CARTESIAN_POINT('Ctrl Pts',(2.26297454162846,-4.58667551617627,21.1981584187024));
#5028=CARTESIAN_POINT('Ctrl Pts',(-1.5097447095946,-4.57659888493567,20.4787467248426));
#5029=CARTESIAN_POINT('Ctrl Pts',(-3.65061285810017,-2.78226762258042,19.9032236032868));
#5030=CARTESIAN_POINT('Ctrl Pts',(-4.81801012958774,-0.241642967961967,
19.3276976027971));
#5031=CARTESIAN_POINT('Ctrl Pts',(-3.81618256952403,3.40181913187059,18.6082977703995));
#5032=CARTESIAN_POINT('Ctrl Pts',(0.036541847268773,4.95442597776602,17.8169541520087));
#5033=CARTESIAN_POINT('Ctrl Pts',(3.33173591489098,3.45678390769975,17.0975384869913));
#5034=CARTESIAN_POINT('Ctrl Pts',(4.77317178882723,0.555978053323198,16.4500872060016));
#5035=CARTESIAN_POINT('Ctrl Pts',(4.03489020891782,-2.6117866522779,15.8026210876951));
#5036=CARTESIAN_POINT('Ctrl Pts',(1.45214112464995,-4.57954020489883,15.1551506114348));
#5037=CARTESIAN_POINT('Ctrl Pts',(-1.79277382975365,-4.45921596583339,14.5076838993184));
#5038=CARTESIAN_POINT('Ctrl Pts',(-4.22092626165369,-2.29720274279743,13.8602321585819));
#5039=CARTESIAN_POINT('Ctrl Pts',(-4.71584428822678,0.907490728629453,13.212761759258));
#5040=CARTESIAN_POINT('Ctrl Pts',(-2.88259589084248,4.02266091069407,12.4933581628227));
#5041=CARTESIAN_POINT('Ctrl Pts',(1.1574111490789,4.98727827226595,11.7020052347898));
#5042=CARTESIAN_POINT('Ctrl Pts',(4.66453774316653,2.09265354620117,10.8387273117236));
#5043=CARTESIAN_POINT('Ctrl Pts',(4.50747684305348,-2.05245920037199,10.0473819649584));
#5044=CARTESIAN_POINT('Ctrl Pts',(1.79752249564877,-4.45229265868028,9.32797603987678));
#5045=CARTESIAN_POINT('Ctrl Pts',(-1.43906100837075,-4.58582302423092,8.68051522520581));
#5046=CARTESIAN_POINT('Ctrl Pts',(-4.03162888140195,-2.61755342847112,8.03304976610583));
#5047=CARTESIAN_POINT('Ctrl Pts',(-4.70941621012188,0.277739866059065,7.43953474645073));
#5048=CARTESIAN_POINT('Ctrl Pts',(-3.74800948562187,2.73520750656724,6.89998808080719));
#5049=CARTESIAN_POINT('Ctrl Pts',(-1.9071296590668,4.23079994463331,6.41438763937441));
#5050=CARTESIAN_POINT('Ctrl Pts',(0.434629976563955,4.62032093930955,5.92878982050959));
#5051=CARTESIAN_POINT('Ctrl Pts',(2.66171625547694,3.80133521061567,5.4431915626295));
#5052=CARTESIAN_POINT('Ctrl Pts',(4.19317388303481,1.98831880890255,4.95759445058696));
#5053=CARTESIAN_POINT('Ctrl Pts',(4.62781359380525,-0.344749640052702,4.47199544527293));
#5054=CARTESIAN_POINT('Ctrl Pts',(3.85225345623079,-2.58762891018753,3.98639692651818));
#5055=CARTESIAN_POINT('Ctrl Pts',(2.06922112325029,-4.15378485377142,3.50080030895823));
#5056=CARTESIAN_POINT('Ctrl Pts',(-0.254953704241001,-4.63365258371245,
3.01520146015519));
#5057=CARTESIAN_POINT('Ctrl Pts',(-2.51246983184865,-3.90168521358261,2.5296024307942));
#5058=CARTESIAN_POINT('Ctrl Pts',(-4.11287582644063,-2.1493639655879,2.04400618176914));
#5059=CARTESIAN_POINT('Ctrl Pts',(-4.63774505828544,0.165072067153837,1.55840700912885));
#5060=CARTESIAN_POINT('Ctrl Pts',(-3.94962078842539,2.43635594244429,1.07280917993228));
#5061=CARTESIAN_POINT('Ctrl Pts',(-2.22879386971045,4.07042394674891,0.58720977188295));
#5062=CARTESIAN_POINT('Ctrl Pts',(0.0752989772711689,4.64002793046606,0.10161693399398));
#5063=CARTESIAN_POINT('Ctrl Pts',(1.59749753596788,4.21051348465583,-0.222121358349123));
#5064=CARTESIAN_POINT('Ctrl Pts',(2.25624155664967,3.8215959618473,-0.383983044462857));
#5065=CARTESIAN_POINT('Ctrl Pts',(-3.19250014785498,2.90785959690832,54.1361149947801));
#5066=CARTESIAN_POINT('Ctrl Pts',(-2.69134095621237,3.45808927254752,53.9742564741771));
#5067=CARTESIAN_POINT('Ctrl Pts',(-1.39860216219601,4.29345027893067,53.6505099039002));
#5068=CARTESIAN_POINT('Ctrl Pts',(0.907100868374244,4.4234656224265,53.1649230772661));
#5069=CARTESIAN_POINT('Ctrl Pts',(2.97533338020321,3.39663110138242,52.6793201713703));
#5070=CARTESIAN_POINT('Ctrl Pts',(4.2655865742464,1.48147515539425,52.1937234358823));
#5071=CARTESIAN_POINT('Ctrl Pts',(4.44021557005028,-0.821105175097354,51.7081247792335));
#5072=CARTESIAN_POINT('Ctrl Pts',(3.45367993737751,-2.90894862858731,51.2225277941767));
#5073=CARTESIAN_POINT('Ctrl Pts',(1.5638934062513,-4.23605229402002,50.7369286812712));
#5074=CARTESIAN_POINT('Ctrl Pts',(-0.734868013003245,-4.45530537006456,
50.251330289773));
#5075=CARTESIAN_POINT('Ctrl Pts',(-2.8414535005249,-3.50942199870135,49.7657335951841));
#5076=CARTESIAN_POINT('Ctrl Pts',(-4.20491312520233,-1.64572615257272,49.2801347065551));
#5077=CARTESIAN_POINT('Ctrl Pts',(-4.46876916651298,0.648353556728535,48.7945357949095));
#5078=CARTESIAN_POINT('Ctrl Pts',(-3.56373339265822,2.77289248223317,48.3089393440905));
#5079=CARTESIAN_POINT('Ctrl Pts',(-1.7271817862498,4.17219229278792,47.8233406523299));
#5080=CARTESIAN_POINT('Ctrl Pts',(0.562113946296577,4.48055313546169,47.3377416100734));
#5081=CARTESIAN_POINT('Ctrl Pts',(2.7021839310331,3.61671829419753,46.8521447033464));
#5082=CARTESIAN_POINT('Ctrl Pts',(4.30014417283851,1.60702662019088,46.3125895541774));
#5083=CARTESIAN_POINT('Ctrl Pts',(4.49833268822452,-1.28031879178172,45.7190882580451));
#5084=CARTESIAN_POINT('Ctrl Pts',(2.65213856330432,-3.85123190885109,45.0716101821708));
#5085=CARTESIAN_POINT('Ctrl Pts',(-0.398184045226014,-4.65568059032068,
44.4241545939167));
#5086=CARTESIAN_POINT('Ctrl Pts',(-3.59944140353524,-3.19887396648421,43.7047465269149));
#5087=CARTESIAN_POINT('Ctrl Pts',(-4.94390415893177,0.612517743955472,42.9134103479487));
#5088=CARTESIAN_POINT('Ctrl Pts',(-2.49970248556587,4.30099664316029,42.050117655483));
#5089=CARTESIAN_POINT('Ctrl Pts',(1.52743818083427,4.57059434878737,41.2587745378617));
#5090=CARTESIAN_POINT('Ctrl Pts',(4.12570534733425,2.19270811607838,40.539367739284));
#5091=CARTESIAN_POINT('Ctrl Pts',(4.58389754992757,-0.926440058012098,39.8919032136281));
#5092=CARTESIAN_POINT('Ctrl Pts',(2.94371174773858,-3.63384047643855,39.2444392219896));
#5093=CARTESIAN_POINT('Ctrl Pts',(-0.0390036906870099,-4.67481178991619,
38.5969846036478));
#5094=CARTESIAN_POINT('Ctrl Pts',(-3.0042957744901,-3.58312630897885,37.9495093056155));
#5095=CARTESIAN_POINT('Ctrl Pts',(-4.5984483287452,-0.85214128424615,37.3020474843228));
#5096=CARTESIAN_POINT('Ctrl Pts',(-4.0889585919009,2.26610803538994,36.6545831908188));
#5097=CARTESIAN_POINT('Ctrl Pts',(-1.71339837577464,4.35070754087296,36.0071258119752));
#5098=CARTESIAN_POINT('Ctrl Pts',(1.44563283475983,4.44579154077705,35.359652031954));
#5099=CARTESIAN_POINT('Ctrl Pts',(3.9447978988827,2.51222642086762,34.7121896020514));
#5100=CARTESIAN_POINT('Ctrl Pts',(4.64042678249077,-0.572173520411058,34.0647304538781));
#5101=CARTESIAN_POINT('Ctrl Pts',(3.21699855282195,-3.39311710759031,33.4172688483799));
#5102=CARTESIAN_POINT('Ctrl Pts',(0.323109620982134,-4.66465056778613,32.769796383431));
#5103=CARTESIAN_POINT('Ctrl Pts',(-2.71787389352458,-3.8046496316662,32.1223303809677));
#5104=CARTESIAN_POINT('Ctrl Pts',(-4.51774875747621,-1.20616097524849,31.4748768257205));
#5105=CARTESIAN_POINT('Ctrl Pts',(-4.25230862506177,1.9425610682049,30.827410350758));
#5106=CARTESIAN_POINT('Ctrl Pts',(-2.04651554431033,4.20580492328489,30.1799397496258));
#5107=CARTESIAN_POINT('Ctrl Pts',(1.09956656923073,4.5430499668001,29.5324737994565));
#5108=CARTESIAN_POINT('Ctrl Pts',(3.73225739658436,2.81377744595645,28.8850235606054));
#5109=CARTESIAN_POINT('Ctrl Pts',(4.78830694171526,-0.557078285093396,28.1656045493732));
#5110=CARTESIAN_POINT('Ctrl Pts',(3.19208492081705,-3.43152696374707,27.5181466595956));
#5111=CARTESIAN_POINT('Ctrl Pts',(0.332946187000361,-4.54948099132142,26.8706792357334));
#5112=CARTESIAN_POINT('Ctrl Pts',(-2.41183751071162,-4.00744385699639,26.2951651546602));
#5113=CARTESIAN_POINT('Ctrl Pts',(-4.41167817581616,-1.55075384008718,25.6476953330353));
#5114=CARTESIAN_POINT('Ctrl Pts',(-4.39070830851677,1.60637880149051,25.0002245824582));
#5115=CARTESIAN_POINT('Ctrl Pts',(-2.36346206379346,4.03516987984897,24.3527654317611));
#5116=CARTESIAN_POINT('Ctrl Pts',(0.73822757337754,4.61356097030507,23.7053070512056));
#5117=CARTESIAN_POINT('Ctrl Pts',(3.82431912141775,2.92640385220278,22.98589518422));
#5118=CARTESIAN_POINT('Ctrl Pts',(4.88719222675868,-0.971741520213446,22.1945469240497));
#5119=CARTESIAN_POINT('Ctrl Pts',(2.17868672869402,-4.47444621452936,21.3312734134825));
#5120=CARTESIAN_POINT('Ctrl Pts',(-1.49229625870703,-4.44541166275793,20.6118617196227));
#5121=CARTESIAN_POINT('Ctrl Pts',(-3.56625630792203,-2.68868126608357,20.0363385980668));
#5122=CARTESIAN_POINT('Ctrl Pts',(-4.68922089135201,-0.210676560157824,
19.4608125975773));
#5123=CARTESIAN_POINT('Ctrl Pts',(-3.695973987127,3.32944929370737,18.7414127651796));
#5124=CARTESIAN_POINT('Ctrl Pts',(0.0606992767511932,4.82053846285106,17.9500691467888));
#5125=CARTESIAN_POINT('Ctrl Pts',(3.25940871755215,3.34661882853262,17.2306534817714));
#5126=CARTESIAN_POINT('Ctrl Pts',(4.64721249749649,0.516736144063246,16.5832022007817));
#5127=CARTESIAN_POINT('Ctrl Pts',(3.91277260996363,-2.56180587340567,15.9357360824752));
#5128=CARTESIAN_POINT('Ctrl Pts',(1.38970908225977,-4.46336101866369,15.2882656062148));
#5129=CARTESIAN_POINT('Ctrl Pts',(-1.76704477275373,-4.32980623911581,14.6407988940985));
#5130=CARTESIAN_POINT('Ctrl Pts',(-4.11871585589713,-2.21379284159798,13.993347153362));
#5131=CARTESIAN_POINT('Ctrl Pts',(-4.58399840603745,0.906947785605677,13.3458767540381));
#5132=CARTESIAN_POINT('Ctrl Pts',(-2.7844293171743,3.92876959119392,12.6264731576028));
#5133=CARTESIAN_POINT('Ctrl Pts',(1.15153428256203,4.84681455535099,11.8351202295699));
#5134=CARTESIAN_POINT('Ctrl Pts',(4.54933175230314,2.01251642532673,10.9718423065037));
#5135=CARTESIAN_POINT('Ctrl Pts',(4.3754356647241,-2.01994058327504,10.1804969597385));
#5136=CARTESIAN_POINT('Ctrl Pts',(1.72639012742554,-4.34133237557085,9.46109103465688));
#5137=CARTESIAN_POINT('Ctrl Pts',(-1.42346905131413,-4.45478086577962,8.8136302199859));
#5138=CARTESIAN_POINT('Ctrl Pts',(-3.93617163109228,-2.52647539019505,8.16616476088593));
#5139=CARTESIAN_POINT('Ctrl Pts',(-4.58093307037734,0.294186393923324,7.57264974123081));
#5140=CARTESIAN_POINT('Ctrl Pts',(-3.63300750263346,2.68043992291855,7.03310307558727));
#5141=CARTESIAN_POINT('Ctrl Pts',(-1.83419230309896,4.12634139285956,6.54750263415449));
#5142=CARTESIAN_POINT('Ctrl Pts',(0.446361980493394,4.4934593615192,6.06190481528968));
#5143=CARTESIAN_POINT('Ctrl Pts',(2.60920612061482,3.68526323541975,5.57630655740958));
#5144=CARTESIAN_POINT('Ctrl Pts',(4.09013961053993,1.91338438007091,5.09070944536705));
#5145=CARTESIAN_POINT('Ctrl Pts',(4.50120749134406,-0.358945676341268,4.60511044005301));
#5146=CARTESIAN_POINT('Ctrl Pts',(3.73518320558163,-2.53737559817625,4.11951192129827));
#5147=CARTESIAN_POINT('Ctrl Pts',(1.99230446729062,-4.05222438393398,3.63391530373832));
#5148=CARTESIAN_POINT('Ctrl Pts',(-0.271602588209384,-4.50734455165143,
3.14831645493528));
#5149=CARTESIAN_POINT('Ctrl Pts',(-2.46449428698348,-3.78366345096563,2.66271742557429));
#5150=CARTESIAN_POINT('Ctrl Pts',(-4.01282792981745,-2.07049179477366,2.17712117654922));
#5151=CARTESIAN_POINT('Ctrl Pts',(-4.51177881115752,0.184164566913589,1.69152200390894));
#5152=CARTESIAN_POINT('Ctrl Pts',(-3.83070077121572,2.3906818613855,1.20592417471237));
#5153=CARTESIAN_POINT('Ctrl Pts',(-2.14797414196276,3.97191529072268,0.720324766663038));
#5154=CARTESIAN_POINT('Ctrl Pts',(0.096791949289396,4.51447845784378,0.234731928774066));
#5155=CARTESIAN_POINT('Ctrl Pts',(1.57587264369147,4.08878774669215,-0.0890063635690355));
#5156=CARTESIAN_POINT('Ctrl Pts',(2.21479887319205,3.70707035011383,-0.25086804968277));
#5157=CARTESIAN_POINT('Ctrl Pts',(-3.12039292740181,2.88561206884162,54.3126579717616));
#5158=CARTESIAN_POINT('Ctrl Pts',(-2.623069927242,3.42340813369396,54.1507994511585));
#5159=CARTESIAN_POINT('Ctrl Pts',(-1.3445581029032,4.23595280142971,53.8270528808816));
#5160=CARTESIAN_POINT('Ctrl Pts',(0.925645807982556,4.34676414473424,53.3414660542476));
#5161=CARTESIAN_POINT('Ctrl Pts',(2.95353605527877,3.3207917393164,52.8558631483517));
#5162=CARTESIAN_POINT('Ctrl Pts',(4.20914348068865,1.42632861905226,52.3702664128637));
#5163=CARTESIAN_POINT('Ctrl Pts',(4.36388990398729,-0.841135386619759,51.8846677562149));
#5164=CARTESIAN_POINT('Ctrl Pts',(3.37743140961853,-2.88862505565432,51.3990707711582));
#5165=CARTESIAN_POINT('Ctrl Pts',(1.50766333544709,-4.18068925125943,50.9134716582527));
#5166=CARTESIAN_POINT('Ctrl Pts',(-0.756374362497416,-4.37938222443722,
50.4278732667545));
#5167=CARTESIAN_POINT('Ctrl Pts',(-2.82261175247135,-3.43279383385986,49.9422765721655));
#5168=CARTESIAN_POINT('Ctrl Pts',(-4.15065104755213,-1.58843344835332,49.4566776835366));
#5169=CARTESIAN_POINT('Ctrl Pts',(-4.39327636140244,0.671328194985754,48.9710787718909));
#5170=CARTESIAN_POINT('Ctrl Pts',(-3.48675613828353,2.75553886320268,48.485482321072));
#5171=CARTESIAN_POINT('Ctrl Pts',(-1.66884414194015,4.11905331567475,47.9998836293113));
#5172=CARTESIAN_POINT('Ctrl Pts',(0.586539927987433,4.40551532338279,47.5142845870548));
#5173=CARTESIAN_POINT('Ctrl Pts',(2.68634265577072,3.53942876419274,47.0286876803279));
#5174=CARTESIAN_POINT('Ctrl Pts',(4.24408697506595,1.5496389774541,46.4891325311589));
#5175=CARTESIAN_POINT('Ctrl Pts',(4.41767364524726,-1.29351920693859,45.8956312350266));
#5176=CARTESIAN_POINT('Ctrl Pts',(2.58155953734319,-3.81004654573057,45.2481531591523));
#5177=CARTESIAN_POINT('Ctrl Pts',(-0.426504815950686,-4.57909157860283,
44.6006975708981));
#5178=CARTESIAN_POINT('Ctrl Pts',(-3.56630229119946,-3.12152247546054,43.8812895038964));
#5179=CARTESIAN_POINT('Ctrl Pts',(-4.86116296563721,0.639594771021801,43.0899533249301));
#5180=CARTESIAN_POINT('Ctrl Pts',(-2.42819094717838,4.25156549489623,42.2266606324645));
#5181=CARTESIAN_POINT('Ctrl Pts',(1.53726639640083,4.48695296716171,41.4353175148431));
#5182=CARTESIAN_POINT('Ctrl Pts',(4.07676591638128,2.12735363100415,40.7159107162655));
#5183=CARTESIAN_POINT('Ctrl Pts',(4.50451388259287,-0.945870440654903,40.0684461906096));
#5184=CARTESIAN_POINT('Ctrl Pts',(2.87013927857398,-3.59826230516609,39.4209821989711));
#5185=CARTESIAN_POINT('Ctrl Pts',(-0.0731476355604017,-4.60059024451538,
38.7735275806292));
#5186=CARTESIAN_POINT('Ctrl Pts',(-2.9834263524872,-3.50412334509956,38.126052282597));
#5187=CARTESIAN_POINT('Ctrl Pts',(-4.53206245005409,-0.80446919546274,37.4785904613043));
#5188=CARTESIAN_POINT('Ctrl Pts',(-4.00744413518226,2.26067204113864,36.8311261678002));
#5189=CARTESIAN_POINT('Ctrl Pts',(-1.65395122964655,4.29464279851455,36.1836687889567));
#5190=CARTESIAN_POINT('Ctrl Pts',(1.45583025947854,4.36473471198571,35.5361950089355));
#5191=CARTESIAN_POINT('Ctrl Pts',(3.90108905151871,2.44316496172891,34.8887325790329));
#5192=CARTESIAN_POINT('Ctrl Pts',(4.56278715918446,-0.597629488205424,34.2412734308596));
#5193=CARTESIAN_POINT('Ctrl Pts',(3.14089229028217,-3.36337657129705,33.5938118253614));
#5194=CARTESIAN_POINT('Ctrl Pts',(0.283315490997168,-4.59328346887666,32.9463393604125));
#5195=CARTESIAN_POINT('Ctrl Pts',(-2.70318188086089,-3.724271431717,32.2988733579492));
#5196=CARTESIAN_POINT('Ctrl Pts',(-4.45527077357654,-1.15349370359968,31.651419802702));
#5197=CARTESIAN_POINT('Ctrl Pts',(-4.17061586969386,1.94345879188813,31.0039533277395));
#5198=CARTESIAN_POINT('Ctrl Pts',(-1.98287784905124,4.15450887274524,30.3564827266073));
#5199=CARTESIAN_POINT('Ctrl Pts',(1.11595774038232,4.46302736366344,29.709016776438));
#5200=CARTESIAN_POINT('Ctrl Pts',(3.6941554208678,2.74152703515511,29.0615665375868));
#5201=CARTESIAN_POINT('Ctrl Pts',(4.70843908529813,-0.583871960086537,28.3421475263547));
#5202=CARTESIAN_POINT('Ctrl Pts',(3.11608643000123,-3.40099828175821,27.694689636577));
#5203=CARTESIAN_POINT('Ctrl Pts',(0.293856367428748,-4.48000445279559,27.0472222127149));
#5204=CARTESIAN_POINT('Ctrl Pts',(-2.40349453043568,-3.92613578371206,26.4717081316416));
#5205=CARTESIAN_POINT('Ctrl Pts',(-4.35343920114884,-1.49342482208159,25.8242383100168));
#5206=CARTESIAN_POINT('Ctrl Pts',(-4.30932699473029,1.61362178096582,25.1767675594397));
#5207=CARTESIAN_POINT('Ctrl Pts',(-2.29608019965489,3.98892935193785,24.5293084087426));
#5208=CARTESIAN_POINT('Ctrl Pts',(0.760858794128545,4.5351104063802,23.8818500281871));
#5209=CARTESIAN_POINT('Ctrl Pts',(3.785597834117,2.85168902215279,23.1624381612015));
#5210=CARTESIAN_POINT('Ctrl Pts',(4.80267487368815,-0.992714085196613,22.3710899010312));
#5211=CARTESIAN_POINT('Ctrl Pts',(2.11096531550853,-4.41988423863609,21.507816390464));
#5212=CARTESIAN_POINT('Ctrl Pts',(-1.50175481484131,-4.36401177066091,20.7884046966042));
#5213=CARTESIAN_POINT('Ctrl Pts',(-3.52984940841234,-2.61964447862289,20.2128815750483));
#5214=CARTESIAN_POINT('Ctrl Pts',(-4.61662697863642,-0.172477471197935,
19.6373555745587));
#5215=CARTESIAN_POINT('Ctrl Pts',(-3.61276938257322,3.30427840230629,18.9179557421611));
#5216=CARTESIAN_POINT('Ctrl Pts',(0.0955834753210596,4.74384976957906,18.1266121237703));
#5217=CARTESIAN_POINT('Ctrl Pts',(3.23274674872779,3.26945867773075,17.4071964587529));
#5218=CARTESIAN_POINT('Ctrl Pts',(4.5775608085491,0.474008678924719,16.7597451777632));
#5219=CARTESIAN_POINT('Ctrl Pts',(3.83184502183975,-2.55038555952978,16.1122790594567));
#5220=CARTESIAN_POINT('Ctrl Pts',(1.33454339634329,-4.40310815890001,15.4648085831963));
#5221=CARTESIAN_POINT('Ctrl Pts',(-1.77129433329693,-4.24819285056959,14.8173418710799));
#5222=CARTESIAN_POINT('Ctrl Pts',(-4.07004115392981,-2.14815736695276,14.1698901303434));
#5223=CARTESIAN_POINT('Ctrl Pts',(-4.50475995599305,0.926689692598519,13.5224197310196));
#5224=CARTESIAN_POINT('Ctrl Pts',(-2.7111834879603,3.8873407461835,12.8030161345843));
#5225=CARTESIAN_POINT('Ctrl Pts',(1.16936495417356,4.76160061790263,12.0116632065514));
#5226=CARTESIAN_POINT('Ctrl Pts',(4.4923508533935,1.94686290791377,11.1483852834851));
#5227=CARTESIAN_POINT('Ctrl Pts',(4.29121867524577,-2.02052868593309,10.35703993672));
#5228=CARTESIAN_POINT('Ctrl Pts',(1.6668067318718,-4.28551556214168,9.63763401163834));
#5229=CARTESIAN_POINT('Ctrl Pts',(-1.43407898855679,-4.37374344693333,8.99017319696737));
#5230=CARTESIAN_POINT('Ctrl Pts',(-3.89270947163518,-2.45725370875299,8.3427077378674));
#5231=CARTESIAN_POINT('Ctrl Pts',(-4.50629992059087,0.323598197164485,7.74919271821228));
#5232=CARTESIAN_POINT('Ctrl Pts',(-3.55562230024328,2.66506312860253,7.20964605256875));
#5233=CARTESIAN_POINT('Ctrl Pts',(-1.77450325254553,4.07472349928333,6.72404561113597));
#5234=CARTESIAN_POINT('Ctrl Pts',(0.472714600166563,4.4190779360177,6.23844779227115));
#5235=CARTESIAN_POINT('Ctrl Pts',(2.59534478736754,3.60758116785193,5.75284953439105));
#5236=CARTESIAN_POINT('Ctrl Pts',(4.03968282388683,1.85271215446153,5.26725242234852));
#5237=CARTESIAN_POINT('Ctrl Pts',(4.42735363495681,-0.386738384404967,4.78165341703449));
#5238=CARTESIAN_POINT('Ctrl Pts',(3.6572457196882,-2.52502141477001,4.29605489827974));
#5239=CARTESIAN_POINT('Ctrl Pts',(1.9306661126944,-4.00295403641122,3.81045828071979));
#5240=CARTESIAN_POINT('Ctrl Pts',(-0.300822269488468,-4.43404308989325,
3.32485943191675));
#5241=CARTESIAN_POINT('Ctrl Pts',(-2.45365310209543,-3.70550118535299,2.83926040255576));
#5242=CARTESIAN_POINT('Ctrl Pts',(-3.96476213990424,-2.00790987937453,2.35366415353069));
#5243=CARTESIAN_POINT('Ctrl Pts',(-4.43905707039641,0.214800031146165,1.86806498089041));
#5244=CARTESIAN_POINT('Ctrl Pts',(-3.75234411271065,2.38135773027784,1.38246715169384));
#5245=CARTESIAN_POINT('Ctrl Pts',(-2.08446961679697,3.92507275841951,0.896867743644507));
#5246=CARTESIAN_POINT('Ctrl Pts',(0.12882660543035,4.4423639225586,0.411274905755537));
#5247=CARTESIAN_POINT('Ctrl Pts',(1.58135964800384,4.01240964645971,0.0875366134124347));
#5248=CARTESIAN_POINT('Ctrl Pts',(2.20733743058678,3.63197886843443,-0.0743250727012995));
#5249=CARTESIAN_POINT('Ctrl Pts',(-3.09759165666194,2.90988417786316,54.4899830415252));
#5250=CARTESIAN_POINT('Ctrl Pts',(-2.59601290940712,3.44381819299513,54.3281245209222));
#5251=CARTESIAN_POINT('Ctrl Pts',(-1.31133028222716,4.24625055317433,54.0043779506453));
#5252=CARTESIAN_POINT('Ctrl Pts',(0.959681191379854,4.33929990920109,53.5187911240112));
#5253=CARTESIAN_POINT('Ctrl Pts',(2.97939918160297,3.29747394871603,53.0331882181154));
#5254=CARTESIAN_POINT('Ctrl Pts',(4.22011067617437,1.39327511001815,52.5475914826274));
#5255=CARTESIAN_POINT('Ctrl Pts',(4.3570749021789,-0.875289552042721,52.0619928259786));
#5256=CARTESIAN_POINT('Ctrl Pts',(3.35462513719139,-2.91494362784775,51.5763958409218));
#5257=CARTESIAN_POINT('Ctrl Pts',(1.47482597748686,-4.19229118169569,51.0907967280163));
#5258=CARTESIAN_POINT('Ctrl Pts',(-0.790652968093353,-4.37323252457007,
50.6051983365182));
#5259=CARTESIAN_POINT('Ctrl Pts',(-2.84936811313862,-3.41050110556039,50.1196016419292));
#5260=CARTESIAN_POINT('Ctrl Pts',(-4.16288711129146,-1.55582787961336,49.6340027533003));
#5261=CARTESIAN_POINT('Ctrl Pts',(-4.38779259841012,0.705720401499976,49.1484038416546));
#5262=CARTESIAN_POINT('Ctrl Pts',(-3.46498601455655,2.78272093831439,48.6628073908357));
#5263=CARTESIAN_POINT('Ctrl Pts',(-1.63648248138033,4.13192203206091,48.177208699075));
#5264=CARTESIAN_POINT('Ctrl Pts',(0.621033275797471,4.40069294783779,47.6916096568185));
#5265=CARTESIAN_POINT('Ctrl Pts',(2.71393983512533,3.51820064503578,47.2060127500916));
#5266=CARTESIAN_POINT('Ctrl Pts',(4.2560240333948,1.5162774649018,46.6664576009225));
#5267=CARTESIAN_POINT('Ctrl Pts',(4.40730996272071,-1.32806495085437,46.0729563047903));
#5268=CARTESIAN_POINT('Ctrl Pts',(2.55157492947908,-3.83008217344203,45.4254782289159));
#5269=CARTESIAN_POINT('Ctrl Pts',(-0.462368923721559,-4.5755228931335,44.7780226406619));
#5270=CARTESIAN_POINT('Ctrl Pts',(-3.59058303074627,-3.0933887573989,44.05861457366));
#5271=CARTESIAN_POINT('Ctrl Pts',(-4.85593518293357,0.677622945296875,43.2672783946938));
#5272=CARTESIAN_POINT('Ctrl Pts',(-2.39474373600593,4.27036166218112,42.4039857022281));
#5273=CARTESIAN_POINT('Ctrl Pts',(1.57237756863774,4.47469370603246,41.6126425846068));
#5274=CARTESIAN_POINT('Ctrl Pts',(4.0931925083277,2.09532689664927,40.8932357860291));
#5275=CARTESIAN_POINT('Ctrl Pts',(4.49688789015137,-0.981172590004029,40.2457712603732));
#5276=CARTESIAN_POINT('Ctrl Pts',(2.84179145530294,-3.62054421571936,39.5983072687347));
#5277=CARTESIAN_POINT('Ctrl Pts',(-0.109194889735878,-4.59980392107224,
38.9508526503929));
#5278=CARTESIAN_POINT('Ctrl Pts',(-3.0107270844885,-3.48054094850173,38.3033773523607));
#5279=CARTESIAN_POINT('Ctrl Pts',(-4.53815319585725,-0.768966936037864,
37.655915531068));
#5280=CARTESIAN_POINT('Ctrl Pts',(-3.98949706559824,2.29198628981517,37.0084512375639));
#5281=CARTESIAN_POINT('Ctrl Pts',(-1.62021494052034,4.30738844691386,36.3609938587203));
#5282=CARTESIAN_POINT('Ctrl Pts',(1.4899205302008,4.3531102023502,35.7135200786992));
#5283=CARTESIAN_POINT('Ctrl Pts',(3.92007846759753,2.41243952653035,35.0660576487965));
#5284=CARTESIAN_POINT('Ctrl Pts',(4.55785383935953,-0.633340404182153,34.4185985006232));
#5285=CARTESIAN_POINT('Ctrl Pts',(3.1143859104639,-3.38782448966872,33.771136895125));
#5286=CARTESIAN_POINT('Ctrl Pts',(0.247303360545393,-4.59526698970283,33.1236644301761));
#5287=CARTESIAN_POINT('Ctrl Pts',(-2.7322261442582,-3.70290121658108,32.4761984277128));
#5288=CARTESIAN_POINT('Ctrl Pts',(-4.46408427452336,-1.11852246649225,31.8287448724657));
#5289=CARTESIAN_POINT('Ctrl Pts',(-4.15517413479674,1.97604109778412,31.1812783975032));
#5290=CARTESIAN_POINT('Ctrl Pts',(-1.95022247279289,4.16983573087463,30.5338077963709));
#5291=CARTESIAN_POINT('Ctrl Pts',(1.1508745150071,4.45405598892387,29.8863418462017));
#5292=CARTESIAN_POINT('Ctrl Pts',(3.71544929597262,2.71243909049079,29.2388916073505));
#5293=CARTESIAN_POINT('Ctrl Pts',(4.70362670539904,-0.620746732079054,28.5194725961183));
#5294=CARTESIAN_POINT('Ctrl Pts',(3.08932909944691,-3.42519173770043,27.8720147063407));
#5295=CARTESIAN_POINT('Ctrl Pts',(0.258653257457377,-4.48210466696942,27.2245472824786));
#5296=CARTESIAN_POINT('Ctrl Pts',(-2.43410566008837,-3.90709018716354,26.6490332014053));
#5297=CARTESIAN_POINT('Ctrl Pts',(-4.36493789562801,-1.45924055694645,26.0015633797804));
#5298=CARTESIAN_POINT('Ctrl Pts',(-4.29645338154652,1.64731032925481,25.3540926292034));
#5299=CARTESIAN_POINT('Ctrl Pts',(-2.26471637606197,4.00671896681829,24.7066334785062));
#5300=CARTESIAN_POINT('Ctrl Pts',(0.796337524538714,4.52892280566954,24.0591750979508));
#5301=CARTESIAN_POINT('Ctrl Pts',(3.80775248932845,2.82185520099914,23.3397632309652));
#5302=CARTESIAN_POINT('Ctrl Pts',(4.79469708419245,-1.03030553970677,22.5484149707949));
#5303=CARTESIAN_POINT('Ctrl Pts',(2.07616624546736,-4.43617450698327,21.6851414602276));
#5304=CARTESIAN_POINT('Ctrl Pts',(-1.53582618768049,-4.35207083515836,20.9657297663678));
#5305=CARTESIAN_POINT('Ctrl Pts',(-3.55018941633512,-2.5918370682865,20.390206644812));
#5306=CARTESIAN_POINT('Ctrl Pts',(-4.61777429665074,-0.136276198550173,
19.8146806443224));
#5307=CARTESIAN_POINT('Ctrl Pts',(-3.58666929945554,3.33238641643348,19.0952808119247));
#5308=CARTESIAN_POINT('Ctrl Pts',(0.132764154632703,4.74289563114957,18.3039371935339));
#5309=CARTESIAN_POINT('Ctrl Pts',(3.25819237175513,3.24394604573853,17.5845215285166));
#5310=CARTESIAN_POINT('Ctrl Pts',(4.58104731392967,0.438121329025631,16.9370702475268));
#5311=CARTESIAN_POINT('Ctrl Pts',(3.811662540159,-2.58028582063669,16.2896041292204));
#5312=CARTESIAN_POINT('Ctrl Pts',(1.29997433900587,-4.41334074899632,15.64213365296));
#5313=CARTESIAN_POINT('Ctrl Pts',(-1.80449592393668,-4.2340968518531,14.9946669408436));
#5314=CARTESIAN_POINT('Ctrl Pts',(-4.08666326619605,-2.11615622430249,14.3472152001071));
#5315=CARTESIAN_POINT('Ctrl Pts',(-4.49727706396958,0.961945965531061,13.6997448007832));
#5316=CARTESIAN_POINT('Ctrl Pts',(-2.68055391698936,3.90838695755898,12.9803412043479));
#5317=CARTESIAN_POINT('Ctrl Pts',(1.20658918981985,4.75222936413602,12.1889882763151));
#5318=CARTESIAN_POINT('Ctrl Pts',(4.50736238377136,1.91155571641954,11.3257103532488));
#5319=CARTESIAN_POINT('Ctrl Pts',(4.2751792725065,-2.05408421173299,10.5343650064837));
#5320=CARTESIAN_POINT('Ctrl Pts',(1.63317111748513,-4.2983237533575,9.81495908140202));
#5321=CARTESIAN_POINT('Ctrl Pts',(-1.46833209577802,-4.36229745540325,9.16749826673103));
#5322=CARTESIAN_POINT('Ctrl Pts',(-3.91174264795119,-2.42661193775294,8.52003280763107));
#5323=CARTESIAN_POINT('Ctrl Pts',(-4.50355082927728,0.358863933114827,7.92651778797595));
#5324=CARTESIAN_POINT('Ctrl Pts',(-3.53455274719518,2.69279347745214,7.38697112233242));
#5325=CARTESIAN_POINT('Ctrl Pts',(-1.74248576065282,4.08841861256947,6.90137068089963));
#5326=CARTESIAN_POINT('Ctrl Pts',(0.507320098345568,4.41515025713575,6.41577286203481));
#5327=CARTESIAN_POINT('Ctrl Pts',(2.62348165462681,3.58705985317451,5.93017460415472));
#5328=CARTESIAN_POINT('Ctrl Pts',(4.05399582075065,1.82096290122503,5.44457749211219));
#5329=CARTESIAN_POINT('Ctrl Pts',(4.42409791830417,-0.421412010223294,4.95897848679815));
#5330=CARTESIAN_POINT('Ctrl Pts',(3.63727368133008,-2.55355158885204,4.47337996804341));
#5331=CARTESIAN_POINT('Ctrl Pts',(1.899200203784,-4.01787941416789,3.98778335048345));
#5332=CARTESIAN_POINT('Ctrl Pts',(-0.335552095989399,-4.43146061208947,
3.50218450168042));
#5333=CARTESIAN_POINT('Ctrl Pts',(-2.48256605560135,-3.68608542179277,3.01658547231943));
#5334=CARTESIAN_POINT('Ctrl Pts',(-3.9802926965129,-1.97674034725359,2.53098922329436));
#5335=CARTESIAN_POINT('Ctrl Pts',(-4.43715279553022,0.249575659012885,2.04539005065408));
#5336=CARTESIAN_POINT('Ctrl Pts',(-3.73348348531173,2.41063681054812,1.55979222145751));
#5337=CARTESIAN_POINT('Ctrl Pts',(-2.05362833646802,3.9412147042938,1.07419281340818));
#5338=CARTESIAN_POINT('Ctrl Pts',(0.163667437522469,4.44111023234694,0.588599975519204));
#5339=CARTESIAN_POINT('Ctrl Pts',(1.6126203501891,3.99983041766113,0.264861683176102));
#5340=CARTESIAN_POINT('Ctrl Pts',(2.23565962200573,3.61446068653862,0.102999997062368));
#5341=CARTESIAN_POINT('Ctrl Pts',(0.0652700707051133,4.43781717717959,0.103003956321387));
#5342=CARTESIAN_POINT('Ctrl Pts',(0.0675264758905778,4.43736789417382,0.10300394477435));
#5343=CARTESIAN_POINT('Ctrl Pts',(0.0697858852422023,4.43691722735272,0.103003931055014));
#5344=CARTESIAN_POINT('Ctrl Pts',(0.0720482929862854,4.43646516266078,0.103003915520496));
#5345=CARTESIAN_POINT('Ctrl Pts',(0.155287875333069,4.41983258338784,0.103003343967128));
#5346=CARTESIAN_POINT('Ctrl Pts',(0.242589984018794,4.40130898789394,0.103001313846788));
#5347=CARTESIAN_POINT('Ctrl Pts',(0.333647243694669,4.38024771300183,0.103009621567883));
#5348=CARTESIAN_POINT('Ctrl Pts',(0.421911148431912,4.35983253284662,0.103017674433804));
#5349=CARTESIAN_POINT('Ctrl Pts',(0.513703703734272,4.33703259914716,0.103035555432839));
#5350=CARTESIAN_POINT('Ctrl Pts',(0.608700376785802,4.31124866747799,0.103061705278682));
#5351=CARTESIAN_POINT('Ctrl Pts',(0.699605709555161,4.28657520457454,0.103086728896476));
#5352=CARTESIAN_POINT('Ctrl Pts',(0.79344523692249,4.25916912405758,0.103119394886118));
#5353=CARTESIAN_POINT('Ctrl Pts',(0.889889893929818,4.22849921195826,0.103145617516489));
#5354=CARTESIAN_POINT('Ctrl Pts',(0.967411009291455,4.20384708639985,0.103166694967714));
#5355=CARTESIAN_POINT('Ctrl Pts',(1.04661449161967,4.17708621929362,0.103183409690512));
#5356=CARTESIAN_POINT('Ctrl Pts',(1.12730610717088,4.14793774547402,0.1031815235488));
#5357=CARTESIAN_POINT('Ctrl Pts',(1.23608422376288,4.10864350081219,0.103178980893758));
#5358=CARTESIAN_POINT('Ctrl Pts',(1.34327967758437,4.06653862926095,0.10319151319331));
#5359=CARTESIAN_POINT('Ctrl Pts',(1.44896045409353,4.02153581202761,0.103186633528853));
#5360=CARTESIAN_POINT('Ctrl Pts',(1.5634962420652,3.97276220056273,0.103181344996425));
#5361=CARTESIAN_POINT('Ctrl Pts',(1.67625248815259,3.92058481834439,0.103156645100475));
#5362=CARTESIAN_POINT('Ctrl Pts',(1.78727973334642,3.8648682543263,0.103120258067715));
#5363=CARTESIAN_POINT('Ctrl Pts',(1.91071023327025,3.80292739162377,0.10307980610805));
#5364=CARTESIAN_POINT('Ctrl Pts',(2.03200289978648,3.736613509228,0.103026686764223));
#5365=CARTESIAN_POINT('Ctrl Pts',(2.15119479564821,3.66570243433792,0.103007254636879));
#5366=CARTESIAN_POINT('Ctrl Pts',(2.17946790026724,3.64888185920972,0.103002645207979));
#5367=CARTESIAN_POINT('Ctrl Pts',(2.20762271316458,3.63180241190532,0.103000000000025));
#5368=CARTESIAN_POINT('Ctrl Pts',(2.23565961069814,3.61446069353272,0.103000000000007));
#5369=CARTESIAN_POINT('Ctrl Pts',(-1.24793017338578,4.062655570234,54.003));
#5370=CARTESIAN_POINT('Ctrl Pts',(-1.51267652769593,3.98133315485176,54.003));
#5371=CARTESIAN_POINT('Ctrl Pts',(-1.77007503241308,3.88148164184458,54.0029999999992));
#5372=CARTESIAN_POINT('Ctrl Pts',(-2.25986625828666,3.65102072622475,54.0029999999992));
#5373=CARTESIAN_POINT('Ctrl Pts',(-2.4893186465987,3.52377580986416,54.0030000000056));
#5374=CARTESIAN_POINT('Ctrl Pts',(-2.91494375595475,3.25381794416747,54.0030000000056));
#5375=CARTESIAN_POINT('Ctrl Pts',(-3.10461216689839,3.11882514279023,54.003));
#5376=CARTESIAN_POINT('Ctrl Pts',(-3.29649502927186,2.97125262802517,54.003));
#5377=CARTESIAN_POINT('Origin',(0.,0.,54.003));
#5378=CARTESIAN_POINT('Origin',(0.,0.,0.103));
#5379=CARTESIAN_POINT('Origin',(0.,0.,54.003));
#5380=CARTESIAN_POINT('',(-4.84974226119285,1.4,54.003));
#5381=CARTESIAN_POINT('Origin',(-1.11022302462516E-15,0.,54.003));
#5382=CARTESIAN_POINT('',(1.11022302462516E-15,5.6,54.003));
#5383=CARTESIAN_POINT('',(-4.84974226119285,2.8,54.003));
#5384=CARTESIAN_POINT('',(1.15802925594924E-15,5.6,54.003));
#5385=CARTESIAN_POINT('',(4.84974226119286,2.8,54.003));
#5386=CARTESIAN_POINT('',(4.84974226119286,2.8,54.003));
#5387=CARTESIAN_POINT('',(4.84974226119285,-2.8,54.003));
#5388=CARTESIAN_POINT('',(4.84974226119285,-2.8,54.003));
#5389=CARTESIAN_POINT('',(1.21243556529821,-4.9,54.003));
#5390=CARTESIAN_POINT('',(-4.84974226119285,2.8,54.003));
#5391=CARTESIAN_POINT('Origin',(0.,0.,54.003));
#5392=CARTESIAN_POINT('',(-3.63730669589464,-3.5,54.003));
#5393=CARTESIAN_POINT('Origin',(0.,0.,54.003));
#5394=CARTESIAN_POINT('',(1.21243556529821,-4.9,54.003));
#5395=CARTESIAN_POINT('Ctrl Pts',(-2.00290575804748,2.8005288794333,46.3019499742002));
#5396=CARTESIAN_POINT('Ctrl Pts',(-1.42564215016004,3.21338111339527,45.859067979999));
#5397=CARTESIAN_POINT('Ctrl Pts',(-0.00969764921842266,3.67025049919196,
44.9733018678198));
#5398=CARTESIAN_POINT('Ctrl Pts',(2.12155958995158,2.995573020288,43.6445582289828));
#5399=CARTESIAN_POINT('Ctrl Pts',(3.46286255434945,1.21220588046556,42.3159010308595));
#5400=CARTESIAN_POINT('Ctrl Pts',(3.53683225269651,-1.27088889451029,40.8395233258841));
#5401=CARTESIAN_POINT('Ctrl Pts',(1.73034875668625,-3.45285659634807,39.2156230698657));
#5402=CARTESIAN_POINT('Ctrl Pts',(-1.36118767782243,-3.60781347100261,37.4440202657361));
#5403=CARTESIAN_POINT('Ctrl Pts',(-3.38730895429183,-1.63438833975705,35.8200376426665));
#5404=CARTESIAN_POINT('Ctrl Pts',(-3.56932656479423,0.846627461657064,34.3437306739829));
#5405=CARTESIAN_POINT('Ctrl Pts',(-2.42223519033749,2.75883316496209,33.015014773595));
#5406=CARTESIAN_POINT('Ctrl Pts',(-0.371720109693407,3.65183775509094,31.686347416114));
#5407=CARTESIAN_POINT('Ctrl Pts',(1.81306487532852,3.19073852078036,30.3576338168361));
#5408=CARTESIAN_POINT('Ctrl Pts',(3.32770145123757,1.54945928814032,29.0289442616982));
#5409=CARTESIAN_POINT('Ctrl Pts',(3.60846503694708,-0.668159745303025,27.7002594650406));
#5410=CARTESIAN_POINT('Ctrl Pts',(2.55521413573492,-2.63419841676705,26.3715526818156));
#5411=CARTESIAN_POINT('Ctrl Pts',(0.329408629667972,-3.74669176720616,24.8952446444827));
#5412=CARTESIAN_POINT('Ctrl Pts',(-2.40329147324095,-3.01539352680719,23.2712656119727));
#5413=CARTESIAN_POINT('Ctrl Pts',(-3.8510331859872,-0.2814666005588,21.4996891852989));
#5414=CARTESIAN_POINT('Ctrl Pts',(-2.81829256590048,2.63407088563328,19.7280566480256));
#5415=CARTESIAN_POINT('Ctrl Pts',(0.0208714848005802,3.86117901143636,17.9565099753323));
#5416=CARTESIAN_POINT('Ctrl Pts',(2.84610235814867,2.60150750493519,16.1849163025754));
#5417=CARTESIAN_POINT('Ctrl Pts',(3.76060895578511,-0.0758887302471098,
14.5609450865952));
#5418=CARTESIAN_POINT('Ctrl Pts',(2.79984926057388,-2.37073742986399,13.0846137476464));
#5419=CARTESIAN_POINT('Ctrl Pts',(0.910926331390557,-3.55573143997137,11.7559212450833));
#5420=CARTESIAN_POINT('Ctrl Pts',(-1.32135654825728,-3.42444445659405,10.427241331253));
#5421=CARTESIAN_POINT('Ctrl Pts',(-2.48021817854567,-2.49134148271411,9.54142761916112));
#5422=CARTESIAN_POINT('Ctrl Pts',(-2.87173285055969,-1.89940620067852,9.0985496361136));
#5423=CARTESIAN_POINT('Ctrl Pts',(-1.930778759125,2.76750175793135,46.3776451088287));
#5424=CARTESIAN_POINT('Ctrl Pts',(-1.36041424804325,3.16545660577654,45.9347631146275));
#5425=CARTESIAN_POINT('Ctrl Pts',(0.0325398380779967,3.59691415601191,45.0489970024483));
#5426=CARTESIAN_POINT('Ctrl Pts',(2.11337305316062,2.91133082832287,43.7202533636113));
#5427=CARTESIAN_POINT('Ctrl Pts',(3.40742625559826,1.14829674277465,42.391596165488));
#5428=CARTESIAN_POINT('Ctrl Pts',(3.45150862683632,-1.28592298566812,40.9152184605126));
#5429=CARTESIAN_POINT('Ctrl Pts',(1.65611770006238,-3.40353071061768,39.2913182044942));
#5430=CARTESIAN_POINT('Ctrl Pts',(-1.37527166433108,-3.52003374025395,37.5197154003646));
#5431=CARTESIAN_POINT('Ctrl Pts',(-3.33818818838699,-1.56290320111185,35.895732777295));
#5432=CARTESIAN_POINT('Ctrl Pts',(-3.48818872935729,0.870599441668886,34.4194258086114));
#5433=CARTESIAN_POINT('Ctrl Pts',(-2.34219631631744,2.73130669522227,33.0907099082235));
#5434=CARTESIAN_POINT('Ctrl Pts',(-0.322460397001073,3.58300618567499,31.7620425507425));
#5435=CARTESIAN_POINT('Ctrl Pts',(1.81330165068384,3.10609813987472,30.4333289514646));
#5436=CARTESIAN_POINT('Ctrl Pts',(3.27883077384476,1.48033626983167,29.1046393963267));
#5437=CARTESIAN_POINT('Ctrl Pts',(3.52857998243533,-0.696142568791707,27.7759545996691));
#5438=CARTESIAN_POINT('Ctrl Pts',(2.4739480392609,-2.61069870243237,26.4472478164441));
#5439=CARTESIAN_POINT('Ctrl Pts',(0.279893055979202,-3.67544906868506,24.9709397791112));
#5440=CARTESIAN_POINT('Ctrl Pts',(-2.38973900342772,-2.92752669207933,23.3469607466012));
#5441=CARTESIAN_POINT('Ctrl Pts',(-3.7771458708375,-0.231805422859286,21.5753843199274));
#5442=CARTESIAN_POINT('Ctrl Pts',(-2.73173137618957,2.61364231364126,19.8037517826541));
#5443=CARTESIAN_POINT('Ctrl Pts',(0.0647062473071678,3.78359479753144,18.0322051099608));
#5444=CARTESIAN_POINT('Ctrl Pts',(2.81895202191314,2.51686256321297,16.2606114372039));
#5445=CARTESIAN_POINT('Ctrl Pts',(3.68444396963892,-0.117400195390636,14.6366402212237));
#5446=CARTESIAN_POINT('Ctrl Pts',(2.71666375855427,-2.35535588418337,13.1603088822749));
#5447=CARTESIAN_POINT('Ctrl Pts',(0.851953458079077,-3.49496784207915,11.8316163797118));
#5448=CARTESIAN_POINT('Ctrl Pts',(-1.33412192835459,-3.340797390775,10.5029364658815));
#5449=CARTESIAN_POINT('Ctrl Pts',(-2.45921742165248,-2.4130294508316,9.61712275378962));
#5450=CARTESIAN_POINT('Ctrl Pts',(-2.83609644312544,-1.82853207850796,9.1742447707421));
#5451=CARTESIAN_POINT('Ctrl Pts',(-1.80048483908499,2.76355407275768,46.5686751561434));
#5452=CARTESIAN_POINT('Ctrl Pts',(-1.2308127013116,3.13470152285502,46.1257931619422));
#5453=CARTESIAN_POINT('Ctrl Pts',(0.143298396712173,3.51310251366088,45.240027049763));
#5454=CARTESIAN_POINT('Ctrl Pts',(2.15503753783801,2.77878784059335,43.911283410926));
#5455=CARTESIAN_POINT('Ctrl Pts',(3.36461835206189,1.01620822357587,42.5826262128027));
#5456=CARTESIAN_POINT('Ctrl Pts',(3.33217511902714,-1.36338597416975,41.1062485078273));
#5457=CARTESIAN_POINT('Ctrl Pts',(1.51255178349365,-3.37658479545964,39.4823482518089));
#5458=CARTESIAN_POINT('Ctrl Pts',(-1.45274347472005,-3.39635172964132,37.7107454476793));
#5459=CARTESIAN_POINT('Ctrl Pts',(-3.30987140070742,-1.42340934345678,36.0867628246097));
#5460=CARTESIAN_POINT('Ctrl Pts',(-3.38091338320676,0.95865797730498,34.6104558559261));
#5461=CARTESIAN_POINT('Ctrl Pts',(-2.20355969924961,2.74113020527084,33.2817399555382));
#5462=CARTESIAN_POINT('Ctrl Pts',(-0.203946036320724,3.51053513510451,31.9530725980572));
#5463=CARTESIAN_POINT('Ctrl Pts',(1.86789121584452,2.9784084994769,30.6243589987793));
#5464=CARTESIAN_POINT('Ctrl Pts',(3.24927918155505,1.34460842625052,29.2956694436414));
#5465=CARTESIAN_POINT('Ctrl Pts',(3.42579491067431,-0.789480737345943,27.9669846469838));
#5466=CARTESIAN_POINT('Ctrl Pts',(2.33600852302625,-2.62737103225665,26.6382778637588));
#5467=CARTESIAN_POINT('Ctrl Pts',(0.159516033533601,-3.59956707185321,25.1619698264259));
#5468=CARTESIAN_POINT('Ctrl Pts',(-2.42548338059358,-2.78604132243363,23.5379907939159));
#5469=CARTESIAN_POINT('Ctrl Pts',(-3.69744771095985,-0.10926250269092,21.7664143672421));
#5470=CARTESIAN_POINT('Ctrl Pts',(-2.58780546589354,2.63816282648985,19.9947818299688));
#5471=CARTESIAN_POINT('Ctrl Pts',(0.180477359566792,3.69458992124454,18.2232351572755));
#5472=CARTESIAN_POINT('Ctrl Pts',(2.83207931909448,2.37150872958459,16.4516414845186));
#5473=CARTESIAN_POINT('Ctrl Pts',(3.59604323102503,-0.228980837949531,14.8276702685384));
#5474=CARTESIAN_POINT('Ctrl Pts',(2.58110583947294,-2.38536980156719,13.3513389295896));
#5475=CARTESIAN_POINT('Ctrl Pts',(0.724012935415763,-3.44097948024763,12.0226464270265));
#5476=CARTESIAN_POINT('Ctrl Pts',(-1.4070052551839,-3.22250893796353,10.6939665131962));
#5477=CARTESIAN_POINT('Ctrl Pts',(-2.47728315400223,-2.2812964174811,9.80815280110432));
#5478=CARTESIAN_POINT('Ctrl Pts',(-2.8273981231608,-1.69846890521352,9.36527481805679));
#5479=CARTESIAN_POINT('Ctrl Pts',(-1.75145267787913,2.88433460506776,46.7597052034581));
#5480=CARTESIAN_POINT('Ctrl Pts',(-1.15697890154218,3.24528427700651,46.3168232092569));
#5481=CARTESIAN_POINT('Ctrl Pts',(0.260545407131786,3.58761936369408,45.4310570970777));
#5482=CARTESIAN_POINT('Ctrl Pts',(2.2937262178931,2.771447749654,44.1023134582407));
#5483=CARTESIAN_POINT('Ctrl Pts',(3.47338009300329,0.929915883174844,42.7736562601174));
#5484=CARTESIAN_POINT('Ctrl Pts',(3.36300370165375,-1.50218833888556,41.297278555142));
#5485=CARTESIAN_POINT('Ctrl Pts',(1.43695752881387,-3.50173308289562,39.6733782991236));
#5486=CARTESIAN_POINT('Ctrl Pts',(-1.59569742674432,-3.42575032625283,37.901775494994));
#5487=CARTESIAN_POINT('Ctrl Pts',(-3.4305706243522,-1.34805986385252,36.2777928719244));
#5488=CARTESIAN_POINT('Ctrl Pts',(-3.42598995150747,1.09002919670925,34.8014859032408));
#5489=CARTESIAN_POINT('Ctrl Pts',(-2.16426117792949,2.87431590457284,33.4727700028529));
#5490=CARTESIAN_POINT('Ctrl Pts',(-0.094615492995111,3.59624396723162,32.1441026453719));
#5491=CARTESIAN_POINT('Ctrl Pts',(2.00662075990248,2.9848615921414,30.815389046094));
#5492=CARTESIAN_POINT('Ctrl Pts',(3.3661046158686,1.26944208790562,29.4866994909561));
#5493=CARTESIAN_POINT('Ctrl Pts',(3.47735795947703,-0.918490005686238,28.1580146942985));
#5494=CARTESIAN_POINT('Ctrl Pts',(2.30339986587335,-2.76229976827815,26.8293079110735));
#5495=CARTESIAN_POINT('Ctrl Pts',(0.0462584439355843,-3.68581451313916,
25.3529998737406));
#5496=CARTESIAN_POINT('Ctrl Pts',(-2.57055806577187,-2.77011259527877,23.7290208412306));
#5497=CARTESIAN_POINT('Ctrl Pts',(-3.78420826489873,0.00819664693704523,
21.9574444145568));
#5498=CARTESIAN_POINT('Ctrl Pts',(-2.56051314188679,2.78159357485663,20.1858118772835));
#5499=CARTESIAN_POINT('Ctrl Pts',(0.30452423465436,3.77190727936345,18.4142652045902));
#5500=CARTESIAN_POINT('Ctrl Pts',(2.97286178224499,2.33305985763634,16.6426715318333));
#5501=CARTESIAN_POINT('Ctrl Pts',(3.66957056607238,-0.350813814832382,15.018700315853));
#5502=CARTESIAN_POINT('Ctrl Pts',(2.56184799435303,-2.52287805044184,13.5423689769043));
#5503=CARTESIAN_POINT('Ctrl Pts',(0.628611500136495,-3.54197379481652,12.2136764743412));
#5504=CARTESIAN_POINT('Ctrl Pts',(-1.54326361943369,-3.24947416139246,10.8849965605109));
#5505=CARTESIAN_POINT('Ctrl Pts',(-2.60729022189781,-2.25230357303328,9.99918284841902));
#5506=CARTESIAN_POINT('Ctrl Pts',(-2.9463095111064,-1.64506317860602,9.55630486537149));
#5507=CARTESIAN_POINT('Ctrl Pts',(-1.75252220676945,2.96365642322785,46.8354003380866));
#5508=CARTESIAN_POINT('Ctrl Pts',(-1.14163366640293,3.32489793707623,46.3925183438854));
#5509=CARTESIAN_POINT('Ctrl Pts',(0.308593624536779,3.65726711440584,45.5067522317062));
#5510=CARTESIAN_POINT('Ctrl Pts',(2.37332068472564,2.80032529200562,44.1780085928692));
#5511=CARTESIAN_POINT('Ctrl Pts',(3.55493220157693,0.907368287489818,42.8493513947459));
#5512=CARTESIAN_POINT('Ctrl Pts',(3.41330918290989,-1.57278777581938,41.3729736897705));
#5513=CARTESIAN_POINT('Ctrl Pts',(1.42442717438676,-3.58989313484099,39.7490734337521));
#5514=CARTESIAN_POINT('Ctrl Pts',(-1.66890136478036,-3.47619305712985,37.9774706296225));
#5515=CARTESIAN_POINT('Ctrl Pts',(-3.51627146384241,-1.33451196679797,36.3534880065529));
#5516=CARTESIAN_POINT('Ctrl Pts',(-3.48246965831485,1.15294200369927,34.8771810378693));
#5517=CARTESIAN_POINT('Ctrl Pts',(-2.17388772038551,2.95847865102339,33.5484651374813));
#5518=CARTESIAN_POINT('Ctrl Pts',(-0.053661855648097,3.67031541351782,32.2197977800004));
#5519=CARTESIAN_POINT('Ctrl Pts',(2.08291112982799,3.02150587875985,30.8910841807225));
#5520=CARTESIAN_POINT('Ctrl Pts',(3.44952410955024,1.25507149270652,29.5623946255846));
#5521=CARTESIAN_POINT('Ctrl Pts',(3.53693600424857,-0.97854027508481,28.233709828927));
#5522=CARTESIAN_POINT('Ctrl Pts',(2.3171731179148,-2.8458442192029,26.905003045702));
#5523=CARTESIAN_POINT('Ctrl Pts',(0.0032847644174903,-3.76114323764369,
25.4286950083691));
#5524=CARTESIAN_POINT('Ctrl Pts',(-2.65571007839095,-2.79564160907583,23.8047159758591));
#5525=CARTESIAN_POINT('Ctrl Pts',(-3.86093449722171,0.0535243399600378,
22.0331395491853));
#5526=CARTESIAN_POINT('Ctrl Pts',(-2.57927170095142,2.8685292242231,20.261507011912));
#5527=CARTESIAN_POINT('Ctrl Pts',(0.355603409907078,3.84482576875688,18.4899603392187));
#5528=CARTESIAN_POINT('Ctrl Pts',(3.06096419816252,2.34491750576876,16.7183666664618));
#5529=CARTESIAN_POINT('Ctrl Pts',(3.73986386296386,-0.401692798300887,15.0943954504816));
#5530=CARTESIAN_POINT('Ctrl Pts',(2.58373203336264,-2.60458837881727,13.6180641115328));
#5531=CARTESIAN_POINT('Ctrl Pts',(0.599170685099859,-3.62132673816359,12.2893716089697));
#5532=CARTESIAN_POINT('Ctrl Pts',(-1.61331996904545,-3.29696855329245,10.9606916951394));
#5533=CARTESIAN_POINT('Ctrl Pts',(-2.68690543442847,-2.26689298007632,10.0748779830475));
#5534=CARTESIAN_POINT('Ctrl Pts',(-3.02561754578417,-1.64323825016419,9.63199999999999));
#5535=CARTESIAN_POINT('',(-3.02561754578417,-1.64323825016421,9.632));
#5536=CARTESIAN_POINT('',(-2.31692339246825,-2.54685285668276,9.632));
#5537=CARTESIAN_POINT('Ctrl Pts',(-3.02561754578418,-1.64323825016419,9.632));
#5538=CARTESIAN_POINT('Ctrl Pts',(-2.92895150749523,-1.71962567891707,9.632));
#5539=CARTESIAN_POINT('Ctrl Pts',(-2.83565458541617,-1.81236810834308,9.63200000067642));
#5540=CARTESIAN_POINT('Ctrl Pts',(-2.66559868740146,-2.00260924659674,9.63200000067642));
#5541=CARTESIAN_POINT('Ctrl Pts',(-2.58021170444103,-2.11147775356706,9.63199999997745));
#5542=CARTESIAN_POINT('Ctrl Pts',(-2.43594962718049,-2.32199334623165,9.63199999997745));
#5543=CARTESIAN_POINT('Ctrl Pts',(-2.36808818675458,-2.43473666574077,9.632));
#5544=CARTESIAN_POINT('Ctrl Pts',(-2.31692339246825,-2.54685285668276,9.632));
#5545=CARTESIAN_POINT('',(-0.970506613742748,3.30343917650096,46.3019499742003));
#5546=CARTESIAN_POINT('Ctrl Pts',(-3.02561754578417,-1.64323825016419,9.63199999999999));
#5547=CARTESIAN_POINT('Ctrl Pts',(-2.68690543442847,-2.26689298007632,10.0748779830475));
#5548=CARTESIAN_POINT('Ctrl Pts',(-1.61331996904545,-3.29696855329245,10.9606916951394));
#5549=CARTESIAN_POINT('Ctrl Pts',(0.599170685099859,-3.62132673816359,12.2893716089697));
#5550=CARTESIAN_POINT('Ctrl Pts',(2.58373203336264,-2.60458837881727,13.6180641115328));
#5551=CARTESIAN_POINT('Ctrl Pts',(3.73986386296386,-0.401692798300887,15.0943954504816));
#5552=CARTESIAN_POINT('Ctrl Pts',(3.06096419816252,2.34491750576876,16.7183666664618));
#5553=CARTESIAN_POINT('Ctrl Pts',(0.355603409907078,3.84482576875688,18.4899603392187));
#5554=CARTESIAN_POINT('Ctrl Pts',(-2.57927170095142,2.8685292242231,20.261507011912));
#5555=CARTESIAN_POINT('Ctrl Pts',(-3.86093449722171,0.0535243399600378,
22.0331395491853));
#5556=CARTESIAN_POINT('Ctrl Pts',(-2.65571007839095,-2.79564160907583,23.8047159758591));
#5557=CARTESIAN_POINT('Ctrl Pts',(0.0032847644174903,-3.76114323764369,
25.4286950083691));
#5558=CARTESIAN_POINT('Ctrl Pts',(2.3171731179148,-2.8458442192029,26.905003045702));
#5559=CARTESIAN_POINT('Ctrl Pts',(3.53693600424857,-0.97854027508481,28.233709828927));
#5560=CARTESIAN_POINT('Ctrl Pts',(3.44952410955024,1.25507149270652,29.5623946255846));
#5561=CARTESIAN_POINT('Ctrl Pts',(2.08291112982799,3.02150587875985,30.8910841807225));
#5562=CARTESIAN_POINT('Ctrl Pts',(-0.053661855648097,3.67031541351782,32.2197977800004));
#5563=CARTESIAN_POINT('Ctrl Pts',(-2.17388772038551,2.95847865102339,33.5484651374813));
#5564=CARTESIAN_POINT('Ctrl Pts',(-3.48246965831485,1.15294200369927,34.8771810378693));
#5565=CARTESIAN_POINT('Ctrl Pts',(-3.51627146384241,-1.33451196679797,36.3534880065529));
#5566=CARTESIAN_POINT('Ctrl Pts',(-1.66890136478036,-3.47619305712985,37.9774706296225));
#5567=CARTESIAN_POINT('Ctrl Pts',(1.42442717438676,-3.58989313484099,39.7490734337521));
#5568=CARTESIAN_POINT('Ctrl Pts',(3.41330918290989,-1.57278777581938,41.3729736897705));
#5569=CARTESIAN_POINT('Ctrl Pts',(3.55493220157693,0.907368287489818,42.8493513947459));
#5570=CARTESIAN_POINT('Ctrl Pts',(2.37332068472564,2.80032529200562,44.1780085928692));
#5571=CARTESIAN_POINT('Ctrl Pts',(0.584886461267242,3.54259486954154,45.3289455102559));
#5572=CARTESIAN_POINT('Ctrl Pts',(-0.56241533609043,3.42191800578243,46.036927646795));
#5573=CARTESIAN_POINT('Ctrl Pts',(-0.970161379136523,3.30241196634561,46.3020179141775));
#5574=CARTESIAN_POINT('',(-2.00290575804748,2.8005288794333,46.3019499742002));
#5575=CARTESIAN_POINT('Ctrl Pts',(-2.00290575804748,2.8005288794333,46.3019499742002));
#5576=CARTESIAN_POINT('Ctrl Pts',(-1.98429965302487,2.79442063807928,46.3177419553773));
#5577=CARTESIAN_POINT('Ctrl Pts',(-1.96346707280934,2.79242461379706,46.3314269765046));
#5578=CARTESIAN_POINT('Ctrl Pts',(-1.91086540515064,2.79511053595154,46.3592382534378));
#5579=CARTESIAN_POINT('Ctrl Pts',(-1.87853351405949,2.80245539435612,46.3713336438174));
#5580=CARTESIAN_POINT('Ctrl Pts',(-1.7870457771762,2.8312409877265,46.3974909026142));
#5581=CARTESIAN_POINT('Ctrl Pts',(-1.72363185318246,2.86120339179841,46.4053625679974));
#5582=CARTESIAN_POINT('Ctrl Pts',(-1.48738847430074,2.98395654184489,46.4169536200164));
#5583=CARTESIAN_POINT('Ctrl Pts',(-1.25580243783766,3.13458473009479,46.3835401071121));
#5584=CARTESIAN_POINT('Ctrl Pts',(-0.970506613742735,3.30343917650096,46.3019499742002));
#5585=CARTESIAN_POINT('Ctrl Pts',(-2.00290575804748,2.8005288794333,46.3019499742002));
#5586=CARTESIAN_POINT('Ctrl Pts',(-1.42564215016004,3.21338111339527,45.859067979999));
#5587=CARTESIAN_POINT('Ctrl Pts',(-0.00969764921842266,3.67025049919196,
44.9733018678198));
#5588=CARTESIAN_POINT('Ctrl Pts',(2.12155958995158,2.995573020288,43.6445582289828));
#5589=CARTESIAN_POINT('Ctrl Pts',(3.46286255434945,1.21220588046556,42.3159010308595));
#5590=CARTESIAN_POINT('Ctrl Pts',(3.53683225269651,-1.27088889451029,40.8395233258841));
#5591=CARTESIAN_POINT('Ctrl Pts',(1.73034875668625,-3.45285659634807,39.2156230698657));
#5592=CARTESIAN_POINT('Ctrl Pts',(-1.36118767782243,-3.60781347100261,37.4440202657361));
#5593=CARTESIAN_POINT('Ctrl Pts',(-3.38730895429183,-1.63438833975705,35.8200376426665));
#5594=CARTESIAN_POINT('Ctrl Pts',(-3.56932656479423,0.846627461657064,34.3437306739829));
#5595=CARTESIAN_POINT('Ctrl Pts',(-2.42223519033749,2.75883316496209,33.015014773595));
#5596=CARTESIAN_POINT('Ctrl Pts',(-0.371720109693407,3.65183775509094,31.686347416114));
#5597=CARTESIAN_POINT('Ctrl Pts',(1.81306487532852,3.19073852078036,30.3576338168361));
#5598=CARTESIAN_POINT('Ctrl Pts',(3.32770145123757,1.54945928814032,29.0289442616982));
#5599=CARTESIAN_POINT('Ctrl Pts',(3.60846503694708,-0.668159745303025,27.7002594650406));
#5600=CARTESIAN_POINT('Ctrl Pts',(2.55521413573492,-2.63419841676705,26.3715526818156));
#5601=CARTESIAN_POINT('Ctrl Pts',(0.329408629667972,-3.74669176720616,24.8952446444827));
#5602=CARTESIAN_POINT('Ctrl Pts',(-2.40329147324095,-3.01539352680719,23.2712656119727));
#5603=CARTESIAN_POINT('Ctrl Pts',(-3.8510331859872,-0.2814666005588,21.4996891852989));
#5604=CARTESIAN_POINT('Ctrl Pts',(-2.81829256590048,2.63407088563328,19.7280566480256));
#5605=CARTESIAN_POINT('Ctrl Pts',(0.0208714848005802,3.86117901143636,17.9565099753323));
#5606=CARTESIAN_POINT('Ctrl Pts',(2.84610235814867,2.60150750493519,16.1849163025754));
#5607=CARTESIAN_POINT('Ctrl Pts',(3.76060895578511,-0.0758887302471098,
14.5609450865952));
#5608=CARTESIAN_POINT('Ctrl Pts',(2.79984926057388,-2.37073742986399,13.0846137476464));
#5609=CARTESIAN_POINT('Ctrl Pts',(0.910926331390557,-3.55573143997137,11.7559212450833));
#5610=CARTESIAN_POINT('Ctrl Pts',(-1.02264309462378,-3.44201265486288,10.6050389434876));
#5611=CARTESIAN_POINT('Ctrl Pts',(-2.0017296895241,-2.83186359337115,9.89703263199616));
#5612=CARTESIAN_POINT('Ctrl Pts',(-2.31619520745974,-2.54611117851292,9.63193567354639));
#5613=CARTESIAN_POINT('Ctrl Pts',(-2.70920943422693,-2.12480063103706,9.2720033449637));
#5614=CARTESIAN_POINT('Ctrl Pts',(-2.36482468487303,-2.56390555143521,9.62024412303529));
#5615=CARTESIAN_POINT('Ctrl Pts',(-1.45879600276574,-3.27082691760256,10.3167256791785));
#5616=CARTESIAN_POINT('Ctrl Pts',(0.239074285850831,-3.57412284861713,11.3614480133932));
#5617=CARTESIAN_POINT('Ctrl Pts',(1.88106278475384,-3.04759016729205,12.406170347608));
#5618=CARTESIAN_POINT('Ctrl Pts',(3.08776226692949,-1.81562331374947,13.4508926818227));
#5619=CARTESIAN_POINT('Ctrl Pts',(3.57784849234587,-0.162423439968772,14.4956150160375));
#5620=CARTESIAN_POINT('Ctrl Pts',(3.23906712262195,1.52908104284187,15.5403373502523));
#5621=CARTESIAN_POINT('Ctrl Pts',(2.15007744025353,2.86410056224996,16.585059684467));
#5622=CARTESIAN_POINT('Ctrl Pts',(0.559480163806975,3.53943346818095,17.6297820186818));
#5623=CARTESIAN_POINT('Ctrl Pts',(-1.15277056361509,3.38656327390042,18.6745043528966));
#5624=CARTESIAN_POINT('Ctrl Pts',(-3.10241182153596,2.15459776776045,20.0674674651829));
#5625=CARTESIAN_POINT('Ctrl Pts',(-3.94452053337111,-0.862765321313498,
21.8086713555408));
#5626=CARTESIAN_POINT('Ctrl Pts',(-1.49841944197613,-3.74943928953083,23.8981160239704));
#5627=CARTESIAN_POINT('Ctrl Pts',(1.61622650217658,-3.41395752814126,25.6393199143283));
#5628=CARTESIAN_POINT('Ctrl Pts',(3.15146240021119,-1.69291583409742,27.0322830266146));
#5629=CARTESIAN_POINT('Ctrl Pts',(3.58325042148455,-0.0290142946013844,
28.0770053608294));
#5630=CARTESIAN_POINT('Ctrl Pts',(3.17814834507996,1.6509420575545,29.1217276950442));
#5631=CARTESIAN_POINT('Ctrl Pts',(2.0398771424314,2.94405359915663,30.1664500292589));
#5632=CARTESIAN_POINT('Ctrl Pts',(0.427050508803348,3.55625760836866,31.2111723634737));
#5633=CARTESIAN_POINT('Ctrl Pts',(-1.28448347579265,3.34321270169458,32.2558946976884));
#5634=CARTESIAN_POINT('Ctrl Pts',(-2.69715639844502,2.35686976148128,33.3006170319032));
#5635=CARTESIAN_POINT('Ctrl Pts',(-3.48741530384391,0.819553835839093,34.345339366118));
#5636=CARTESIAN_POINT('Ctrl Pts',(-3.46413429313876,-0.897108696847454,
35.3900617003328));
#5637=CARTESIAN_POINT('Ctrl Pts',(-2.37450824545411,-2.93821854473874,36.7830248126191));
#5638=CARTESIAN_POINT('Ctrl Pts',(-0.0292186596523902,-3.77763232025815,
38.1759879249055));
#5639=CARTESIAN_POINT('Ctrl Pts',(2.1081018469495,-2.89152728842414,39.5689510371918));
#5640=CARTESIAN_POINT('Ctrl Pts',(3.215439691793,-1.57950124194205,40.6136733714065));
#5641=CARTESIAN_POINT('Ctrl Pts',(3.58008200554537,0.110084571535933,41.6583957056213));
#5642=CARTESIAN_POINT('Ctrl Pts',(3.11431735479889,1.76890345646202,42.703118039836));
#5643=CARTESIAN_POINT('Ctrl Pts',(1.92632607987314,3.01945318749242,43.7478403740509));
#5644=CARTESIAN_POINT('Ctrl Pts',(0.292132165529661,3.57006323678698,44.7925627082656));
#5645=CARTESIAN_POINT('Ctrl Pts',(-1.40974687127033,3.2922278898777,45.8372850424804));
#5646=CARTESIAN_POINT('Ctrl Pts',(-2.78534850781449,2.25242410535232,46.8820073766951));
#5647=CARTESIAN_POINT('Ctrl Pts',(-3.51441858096673,0.68935830857605,47.9267297109099));
#5648=CARTESIAN_POINT('Ctrl Pts',(-3.45772349820358,-0.458427395381107,
48.6232112670531));
#5649=CARTESIAN_POINT('Ctrl Pts',(-3.29681656816211,-0.992770867849934,
48.9714520451247));
#5650=CARTESIAN_POINT('Ctrl Pts',(-2.86534684220343,-2.24725733696966,8.98276728029553));
#5651=CARTESIAN_POINT('Ctrl Pts',(-2.50099996369194,-2.71181480470379,9.33100805836712));
#5652=CARTESIAN_POINT('Ctrl Pts',(-1.54291982706329,-3.45929044598842,10.0274896145103));
#5653=CARTESIAN_POINT('Ctrl Pts',(0.252900101448353,-3.78026214152087,11.0722119487251));
#5654=CARTESIAN_POINT('Ctrl Pts',(1.98945046914446,-3.22321066268762,12.1169342829398));
#5655=CARTESIAN_POINT('Ctrl Pts',(3.26584367566559,-1.92033576338099,13.1616566171546));
#5656=CARTESIAN_POINT('Ctrl Pts',(3.78403013126167,-0.171780807933461,14.2063789513693));
#5657=CARTESIAN_POINT('Ctrl Pts',(3.42586906728589,1.6172598201521,15.2511012855841));
#5658=CARTESIAN_POINT('Ctrl Pts',(2.27397927357735,3.02915980580043,16.2958236197989));
#5659=CARTESIAN_POINT('Ctrl Pts',(0.591753271159136,3.74354053106553,17.3405459540136));
#5660=CARTESIAN_POINT('Ctrl Pts',(-1.21921707090209,3.58174750678258,18.3852682882284));
#5661=CARTESIAN_POINT('Ctrl Pts',(-3.28131333157852,2.27880679818359,19.7782314005147));
#5662=CARTESIAN_POINT('Ctrl Pts',(-4.1718862297925,-0.912515174530077,21.5194352908727));
#5663=CARTESIAN_POINT('Ctrl Pts',(-1.58480873346992,-3.96555714412703,23.6088799593022));
#5664=CARTESIAN_POINT('Ctrl Pts',(1.70939076346051,-3.61081849887533,25.3500838496602));
#5665=CARTESIAN_POINT('Ctrl Pts',(3.33309539907799,-1.79049334811997,26.7430469619465));
#5666=CARTESIAN_POINT('Ctrl Pts',(3.78988622134972,-0.0306781468565576,
27.7877692961613));
#5667=CARTESIAN_POINT('Ctrl Pts',(3.36130432962136,1.74607928540518,28.832491630376));
#5668=CARTESIAN_POINT('Ctrl Pts',(2.15751600458015,3.11384096350611,29.8772139645908));
#5669=CARTESIAN_POINT('Ctrl Pts',(0.451660028015845,3.76119747387306,30.9219362988055));
#5670=CARTESIAN_POINT('Ctrl Pts',(-1.35855627469568,3.53601955651944,31.9666586330203));
#5671=CARTESIAN_POINT('Ctrl Pts',(-2.85259691837688,2.49268886957354,33.0113809672351));
#5672=CARTESIAN_POINT('Ctrl Pts',(-3.68851639879699,0.866826229322513,34.0561033014498));
#5673=CARTESIAN_POINT('Ctrl Pts',(-3.66380047261995,-0.948823726423741,
35.1008256356646));
#5674=CARTESIAN_POINT('Ctrl Pts',(-2.51136762547797,-3.10764347483121,36.4937887479509));
#5675=CARTESIAN_POINT('Ctrl Pts',(-0.0309503095645575,-3.99542127308985,
37.8867518602373));
#5676=CARTESIAN_POINT('Ctrl Pts',(2.22960420650559,-3.05819536210079,39.2797149725236));
#5677=CARTESIAN_POINT('Ctrl Pts',(3.40086552523404,-1.67057233881636,40.3244373067384));
#5678=CARTESIAN_POINT('Ctrl Pts',(3.78640029135877,0.116420089441112,41.3691596409532));
#5679=CARTESIAN_POINT('Ctrl Pts',(3.2939194128364,1.87092330893422,42.4138819751679));
#5680=CARTESIAN_POINT('Ctrl Pts',(2.03733746701491,3.19345400601798,43.4586043093827));
#5681=CARTESIAN_POINT('Ctrl Pts',(0.308980642534019,3.77596051275491,44.5033266435975));
#5682=CARTESIAN_POINT('Ctrl Pts',(-1.49099093445483,3.48193719910471,45.5480489778122));
#5683=CARTESIAN_POINT('Ctrl Pts',(-2.94597354834235,2.38236417059595,46.592771312027));
#5684=CARTESIAN_POINT('Ctrl Pts',(-3.71695725273581,0.729022621552564,47.6374936462417));
#5685=CARTESIAN_POINT('Ctrl Pts',(-3.65705284285007,-0.484669844327015,
48.3339752023849));
#5686=CARTESIAN_POINT('Ctrl Pts',(-3.48681900467499,-1.04998633006646,48.6822159804565));
#5687=CARTESIAN_POINT('Ctrl Pts',(-3.03607062260772,-2.38115396074234,8.28199999999999));
#5688=CARTESIAN_POINT('Ctrl Pts',(-2.65022412998599,-2.87312433325864,8.63024077807158));
#5689=CARTESIAN_POINT('Ctrl Pts',(-1.63475854160697,-3.66547766848138,9.32672233421475));
#5690=CARTESIAN_POINT('Ctrl Pts',(0.267881834266195,-4.00521554150991,10.3714446684295));
#5691=CARTESIAN_POINT('Ctrl Pts',(2.10802634868857,-3.41529053694168,11.4161670026443));
#5692=CARTESIAN_POINT('Ctrl Pts',(3.46019780008819,-2.03461810936621,12.460889336859));
#5693=CARTESIAN_POINT('Ctrl Pts',(4.00952260969991,-0.182022161366437,13.5056116710738));
#5694=CARTESIAN_POINT('Ctrl Pts',(3.62975691288223,1.71352006865305,14.5503340052886));
#5695=CARTESIAN_POINT('Ctrl Pts',(2.40948927106279,3.20965280643186,15.5950563395033));
#5696=CARTESIAN_POINT('Ctrl Pts',(0.626958158252627,3.96636621508232,16.6397786737181));
#5697=CARTESIAN_POINT('Ctrl Pts',(-1.29184263569112,3.79513869463619,17.6845010079328));
#5698=CARTESIAN_POINT('Ctrl Pts',(-3.47663330658144,2.41451923813455,19.0774641202192));
#5699=CARTESIAN_POINT('Ctrl Pts',(-4.42039317933436,-0.966835811429969,
20.8186680105771));
#5700=CARTESIAN_POINT('Ctrl Pts',(-1.67917634148366,-4.20177949007893,22.9081126790067));
#5701=CARTESIAN_POINT('Ctrl Pts',(1.81120770555339,-3.82576304521787,24.6493165693646));
#5702=CARTESIAN_POINT('Ctrl Pts',(3.53167476635827,-1.89715445156339,26.042279681651));
#5703=CARTESIAN_POINT('Ctrl Pts',(4.01546694485387,-0.0325211709811839,
27.0870020158657));
#5704=CARTESIAN_POINT('Ctrl Pts',(3.56159178848318,1.8501328796919,28.1317243500805));
#5705=CARTESIAN_POINT('Ctrl Pts',(2.28592607422233,3.29915998485667,29.1764466842952));
#5706=CARTESIAN_POINT('Ctrl Pts',(0.478575132265648,3.9853248697196,30.22116901851));
#5707=CARTESIAN_POINT('Ctrl Pts',(-1.43941937522185,3.74646533680403,31.2658913527247));
#5708=CARTESIAN_POINT('Ctrl Pts',(-3.02256512936449,2.64123116830347,32.3106136869395));
#5709=CARTESIAN_POINT('Ctrl Pts',(-3.90807831708686,0.918401058645863,33.3553360211543));
#5710=CARTESIAN_POINT('Ctrl Pts',(-3.88205981631086,-1.00533344809076,34.400058355369));
#5711=CARTESIAN_POINT('Ctrl Pts',(-2.66097954096591,-3.29264095529151,35.7930214676554));
#5712=CARTESIAN_POINT('Ctrl Pts',(-0.032707314897848,-4.23333853990385,
37.1859845799417));
#5713=CARTESIAN_POINT('Ctrl Pts',(2.36243434532391,-3.24036695552568,38.5789476922281));
#5714=CARTESIAN_POINT('Ctrl Pts',(3.60328990717691,-1.77003370744572,39.6236700264428));
#5715=CARTESIAN_POINT('Ctrl Pts',(4.01201952652285,0.123372876320864,40.6683923606576));
#5716=CARTESIAN_POINT('Ctrl Pts',(3.48996419350759,1.98226161236217,41.7131146948724));
#5717=CARTESIAN_POINT('Ctrl Pts',(2.15873903245028,3.38375741511365,42.7578370290871));
#5718=CARTESIAN_POINT('Ctrl Pts',(0.327367973653116,4.00067230866797,43.8025593633019));
#5719=CARTESIAN_POINT('Ctrl Pts',(-1.57983225492252,3.68945113967546,44.8472816975167));
#5720=CARTESIAN_POINT('Ctrl Pts',(-3.12131951962786,2.52407688798324,45.8920040317314));
#5721=CARTESIAN_POINT('Ctrl Pts',(-3.93843032690585,0.772577769194378,46.9367263659462));
#5722=CARTESIAN_POINT('Ctrl Pts',(-3.8748505936007,-0.513871823313135,47.6332079220894));
#5723=CARTESIAN_POINT('Ctrl Pts',(-3.69457148800293,-1.11254686654376,47.9814487001609));
#5724=CARTESIAN_POINT('Ctrl Pts',(-2.86534684220343,-2.24725733696966,7.58123271970446));
#5725=CARTESIAN_POINT('Ctrl Pts',(-2.50099996369194,-2.71181480470379,7.92947349777604));
#5726=CARTESIAN_POINT('Ctrl Pts',(-1.54291982706329,-3.45929044598842,8.62595505391922));
#5727=CARTESIAN_POINT('Ctrl Pts',(0.252900101448352,-3.78026214152087,9.67067738813398));
#5728=CARTESIAN_POINT('Ctrl Pts',(1.98945046914446,-3.22321066268762,10.7153997223487));
#5729=CARTESIAN_POINT('Ctrl Pts',(3.26584367566559,-1.92033576338099,11.7601220565635));
#5730=CARTESIAN_POINT('Ctrl Pts',(3.78403013126167,-0.17178080793346,12.8048443907783));
#5731=CARTESIAN_POINT('Ctrl Pts',(3.42586906728589,1.6172598201521,13.849566724993));
#5732=CARTESIAN_POINT('Ctrl Pts',(2.27397927357735,3.02915980580043,14.8942890592078));
#5733=CARTESIAN_POINT('Ctrl Pts',(0.591753271159137,3.74354053106553,15.9390113934226));
#5734=CARTESIAN_POINT('Ctrl Pts',(-1.21921707090209,3.58174750678257,16.9837337276373));
#5735=CARTESIAN_POINT('Ctrl Pts',(-3.28131333157852,2.27880679818359,18.3766968399237));
#5736=CARTESIAN_POINT('Ctrl Pts',(-4.1718862297925,-0.91251517453008,20.1179007302816));
#5737=CARTESIAN_POINT('Ctrl Pts',(-1.58480873346992,-3.96555714412703,22.2073453987111));
#5738=CARTESIAN_POINT('Ctrl Pts',(1.70939076346051,-3.61081849887533,23.9485492890691));
#5739=CARTESIAN_POINT('Ctrl Pts',(3.33309539907799,-1.79049334811997,25.3415124013554));
#5740=CARTESIAN_POINT('Ctrl Pts',(3.78988622134972,-0.0306781468565577,
26.3862347355702));
#5741=CARTESIAN_POINT('Ctrl Pts',(3.36130432962136,1.74607928540518,27.4309570697849));
#5742=CARTESIAN_POINT('Ctrl Pts',(2.15751600458015,3.11384096350612,28.4756794039997));
#5743=CARTESIAN_POINT('Ctrl Pts',(0.451660028015846,3.76119747387306,29.5204017382145));
#5744=CARTESIAN_POINT('Ctrl Pts',(-1.35855627469568,3.53601955651944,30.5651240724292));
#5745=CARTESIAN_POINT('Ctrl Pts',(-2.85259691837688,2.49268886957354,31.609846406644));
#5746=CARTESIAN_POINT('Ctrl Pts',(-3.68851639879699,0.866826229322513,32.6545687408587));
#5747=CARTESIAN_POINT('Ctrl Pts',(-3.66380047261995,-0.948823726423741,
33.6992910750735));
#5748=CARTESIAN_POINT('Ctrl Pts',(-2.51136762547797,-3.10764347483121,35.0922541873598));
#5749=CARTESIAN_POINT('Ctrl Pts',(-0.0309503095645572,-3.99542127308985,
36.4852172996462));
#5750=CARTESIAN_POINT('Ctrl Pts',(2.22960420650559,-3.05819536210079,37.8781804119326));
#5751=CARTESIAN_POINT('Ctrl Pts',(3.40086552523404,-1.67057233881636,38.9229027461473));
#5752=CARTESIAN_POINT('Ctrl Pts',(3.78640029135877,0.116420089441112,39.9676250803621));
#5753=CARTESIAN_POINT('Ctrl Pts',(3.2939194128364,1.87092330893422,41.0123474145768));
#5754=CARTESIAN_POINT('Ctrl Pts',(2.03733746701491,3.19345400601798,42.0570697487916));
#5755=CARTESIAN_POINT('Ctrl Pts',(0.30898064253402,3.77596051275491,43.1017920830064));
#5756=CARTESIAN_POINT('Ctrl Pts',(-1.49099093445483,3.48193719910471,44.1465144172211));
#5757=CARTESIAN_POINT('Ctrl Pts',(-2.94597354834235,2.38236417059596,45.1912367514359));
#5758=CARTESIAN_POINT('Ctrl Pts',(-3.71695725273581,0.729022621552563,46.2359590856507));
#5759=CARTESIAN_POINT('Ctrl Pts',(-3.65705284285007,-0.484669844327014,
46.9324406417938));
#5760=CARTESIAN_POINT('Ctrl Pts',(-3.48681900467499,-1.04998633006646,47.2806814198654));
#5761=CARTESIAN_POINT('Ctrl Pts',(-2.70920943422693,-2.12480063103706,7.29199665503629));
#5762=CARTESIAN_POINT('Ctrl Pts',(-2.36482468487303,-2.56390555143521,7.64023743310787));
#5763=CARTESIAN_POINT('Ctrl Pts',(-1.45879600276574,-3.27082691760256,8.33671898925105));
#5764=CARTESIAN_POINT('Ctrl Pts',(0.23907428585083,-3.57412284861713,9.38144132346581));
#5765=CARTESIAN_POINT('Ctrl Pts',(1.88106278475384,-3.04759016729205,10.4261636576806));
#5766=CARTESIAN_POINT('Ctrl Pts',(3.08776226692949,-1.81562331374947,11.4708859918953));
#5767=CARTESIAN_POINT('Ctrl Pts',(3.57784849234587,-0.162423439968772,12.5156083261101));
#5768=CARTESIAN_POINT('Ctrl Pts',(3.23906712262195,1.52908104284187,13.5603306603249));
#5769=CARTESIAN_POINT('Ctrl Pts',(2.15007744025353,2.86410056224996,14.6050529945396));
#5770=CARTESIAN_POINT('Ctrl Pts',(0.559480163806975,3.53943346818095,15.6497753287544));
#5771=CARTESIAN_POINT('Ctrl Pts',(-1.15277056361509,3.38656327390042,16.6944976629691));
#5772=CARTESIAN_POINT('Ctrl Pts',(-3.10241182153596,2.15459776776045,18.0874607752555));
#5773=CARTESIAN_POINT('Ctrl Pts',(-3.94452053337111,-0.8627653213135,19.8286646656134));
#5774=CARTESIAN_POINT('Ctrl Pts',(-1.49841944197613,-3.74943928953083,21.9181093340429));
#5775=CARTESIAN_POINT('Ctrl Pts',(1.61622650217658,-3.41395752814126,23.6593132244009));
#5776=CARTESIAN_POINT('Ctrl Pts',(3.15146240021119,-1.69291583409742,25.0522763366872));
#5777=CARTESIAN_POINT('Ctrl Pts',(3.58325042148456,-0.0290142946013842,
26.096998670902));
#5778=CARTESIAN_POINT('Ctrl Pts',(3.17814834507996,1.6509420575545,27.1417210051168));
#5779=CARTESIAN_POINT('Ctrl Pts',(2.0398771424314,2.94405359915664,28.1864433393315));
#5780=CARTESIAN_POINT('Ctrl Pts',(0.427050508803347,3.55625760836866,29.2311656735463));
#5781=CARTESIAN_POINT('Ctrl Pts',(-1.28448347579265,3.34321270169458,30.275888007761));
#5782=CARTESIAN_POINT('Ctrl Pts',(-2.69715639844502,2.35686976148129,31.3206103419758));
#5783=CARTESIAN_POINT('Ctrl Pts',(-3.48741530384391,0.819553835839093,32.3653326761906));
#5784=CARTESIAN_POINT('Ctrl Pts',(-3.46413429313875,-0.897108696847454,
33.4100550104053));
#5785=CARTESIAN_POINT('Ctrl Pts',(-2.37450824545411,-2.93821854473874,34.8030181226917));
#5786=CARTESIAN_POINT('Ctrl Pts',(-0.0292186596523894,-3.77763232025815,
36.195981234978));
#5787=CARTESIAN_POINT('Ctrl Pts',(2.1081018469495,-2.89152728842414,37.5889443472644));
#5788=CARTESIAN_POINT('Ctrl Pts',(3.215439691793,-1.57950124194205,38.6336666814791));
#5789=CARTESIAN_POINT('Ctrl Pts',(3.58008200554537,0.110084571535933,39.6783890156939));
#5790=CARTESIAN_POINT('Ctrl Pts',(3.11431735479889,1.76890345646202,40.7231113499087));
#5791=CARTESIAN_POINT('Ctrl Pts',(1.92632607987314,3.01945318749242,41.7678336841234));
#5792=CARTESIAN_POINT('Ctrl Pts',(0.292132165529661,3.57006323678697,42.8125560183382));
#5793=CARTESIAN_POINT('Ctrl Pts',(-1.40974687127033,3.2922278898777,43.857278352553));
#5794=CARTESIAN_POINT('Ctrl Pts',(-2.78534850781449,2.25242410535232,44.9020006867677));
#5795=CARTESIAN_POINT('Ctrl Pts',(-3.51441858096673,0.68935830857605,45.9467230209825));
#5796=CARTESIAN_POINT('Ctrl Pts',(-3.45772349820358,-0.458427395381107,
46.6432045771257));
#5797=CARTESIAN_POINT('Ctrl Pts',(-3.29681656816211,-0.992770867849934,
46.9914453551972));
#5798=CARTESIAN_POINT('',(-2.84725862090808,2.42810262248373,46.003));
#5799=CARTESIAN_POINT('Ctrl Pts',(-2.00290575804749,2.8005288794333,46.3019499742003));
#5800=CARTESIAN_POINT('Ctrl Pts',(-2.02876504490167,2.80901828466649,46.2800018356319));
#5801=CARTESIAN_POINT('Ctrl Pts',(-2.05635587781381,2.81464563387062,46.2592648915302));
#5802=CARTESIAN_POINT('Ctrl Pts',(-2.15205383079869,2.82343061829825,46.19526497093));
#5803=CARTESIAN_POINT('Ctrl Pts',(-2.22274816874233,2.81396669750668,46.1596907485466));
#5804=CARTESIAN_POINT('Ctrl Pts',(-2.39443205780156,2.76404633276196,46.089333020395));
#5805=CARTESIAN_POINT('Ctrl Pts',(-2.50210270275166,2.71005585565818,46.0587915708228));
#5806=CARTESIAN_POINT('Ctrl Pts',(-2.68942265146459,2.57765047072243,46.0210334750074));
#5807=CARTESIAN_POINT('Ctrl Pts',(-2.76961703798748,2.50865946507739,46.0098052874742));
#5808=CARTESIAN_POINT('Ctrl Pts',(-2.84725862087147,2.42810262243965,46.0030000001035));
#5809=CARTESIAN_POINT('',(-3.18911413077099,1.95757887636443,46.003));
#5810=CARTESIAN_POINT('Ctrl Pts',(-2.84747195127722,2.42828260472607,46.0028297495804));
#5811=CARTESIAN_POINT('Ctrl Pts',(-2.87001341198799,2.40468444558469,46.0028491863503));
#5812=CARTESIAN_POINT('Ctrl Pts',(-2.89202332162045,2.38057225415773,46.0028667399828));
#5813=CARTESIAN_POINT('Ctrl Pts',(-2.91348069399581,2.35596467513114,46.0028847462986));
#5814=CARTESIAN_POINT('Ctrl Pts',(-2.92716901452045,2.34026674049315,46.0028962330835));
#5815=CARTESIAN_POINT('Ctrl Pts',(-2.94063246282731,2.32436719190927,46.0029078984764));
#5816=CARTESIAN_POINT('Ctrl Pts',(-2.95386653995772,2.30827168082433,46.0029203074732));
#5817=CARTESIAN_POINT('Ctrl Pts',(-2.98164133111734,2.27449150449725,46.0029463506413));
#5818=CARTESIAN_POINT('Ctrl Pts',(-3.00838138495254,2.23987820890893,46.0029738660924));
#5819=CARTESIAN_POINT('Ctrl Pts',(-3.03404368054087,2.20449413285025,46.0030014423388));
#5820=CARTESIAN_POINT('Ctrl Pts',(-3.09113458360179,2.12577518702514,46.003062791208));
#5821=CARTESIAN_POINT('Ctrl Pts',(-3.14289358766448,2.04324439271102,46.0031235373864));
#5822=CARTESIAN_POINT('Ctrl Pts',(-3.18893736759754,1.95764636096074,46.0031702504282));
#5823=CARTESIAN_POINT('',(-3.44166039179572,0.0978122063152045,46.3019499742002));
#5824=CARTESIAN_POINT('Ctrl Pts',(-3.18911413038914,1.95757887620725,46.0030000009059));
#5825=CARTESIAN_POINT('Ctrl Pts',(-3.29537227618653,1.76321403949628,46.0141210977529));
#5826=CARTESIAN_POINT('Ctrl Pts',(-3.38048652387504,1.54409716917891,46.0363447844284));
#5827=CARTESIAN_POINT('Ctrl Pts',(-3.51493880227961,0.969079251368945,46.1152597113103));
#5828=CARTESIAN_POINT('Ctrl Pts',(-3.52699483396506,0.62069122760507,46.1789593851));
#5829=CARTESIAN_POINT('Ctrl Pts',(-3.46732144833439,0.222839973821035,46.2710875582031));
#5830=CARTESIAN_POINT('Ctrl Pts',(-3.45557212541841,0.159950467967605,46.2862785948549));
#5831=CARTESIAN_POINT('Ctrl Pts',(-3.44166039179572,0.0978122063152046,
46.3019499742002));
#5832=CARTESIAN_POINT('',(0.627845205517777,-3.38532182784268,9.632));
#5833=CARTESIAN_POINT('Ctrl Pts',(0.627845205517771,-3.38532182784268,9.63199999999999));
#5834=CARTESIAN_POINT('Ctrl Pts',(1.32564389877215,-3.25590737738391,10.0748779829483));
#5835=CARTESIAN_POINT('Ctrl Pts',(2.63700249224232,-2.55289258124827,10.9606906292851));
#5836=CARTESIAN_POINT('Ctrl Pts',(3.62931269223065,-0.549822755069825,12.2893737925053));
#5837=CARTESIAN_POINT('Ctrl Pts',(3.275260543064,1.65343382664975,13.6180607978718));
#5838=CARTESIAN_POINT('Ctrl Pts',(1.53798891899697,3.42909147935893,15.0944083043284));
#5839=CARTESIAN_POINT('Ctrl Pts',(-1.2868130988397,3.64152883618283,16.7183529315168));
#5840=CARTESIAN_POINT('Ctrl Pts',(-3.54289971764161,1.52213179920077,18.4899468484232));
#5841=CARTESIAN_POINT('Ctrl Pts',(-3.52693638664432,-1.30608901991467,20.1138924723981));
#5842=CARTESIAN_POINT('Ctrl Pts',(-1.86607186241622,-3.15826352472929,21.5902338551819));
#5843=CARTESIAN_POINT('Ctrl Pts',(0.306927601263148,-3.65838631969872,22.9189345185322));
#5844=CARTESIAN_POINT('Ctrl Pts',(2.37258442168305,-2.8009728206703,24.2476158251719));
#5845=CARTESIAN_POINT('Ctrl Pts',(3.55593678556193,-0.907098059679013,25.5763269209926));
#5846=CARTESIAN_POINT('Ctrl Pts',(3.42436192895164,1.32197087478266,26.9049941773424));
#5847=CARTESIAN_POINT('Ctrl Pts',(2.02202049407027,3.06444831368026,28.233717280003));
#5848=CARTESIAN_POINT('Ctrl Pts',(-0.125368952321424,3.66593538383236,29.5623896567543));
#5849=CARTESIAN_POINT('Ctrl Pts',(-2.46984946861972,2.83680729936228,31.0387312490679));
#5850=CARTESIAN_POINT('Ctrl Pts',(-3.84252750176621,0.359360904963864,32.6626712942667));
#5851=CARTESIAN_POINT('Ctrl Pts',(-2.8705337917424,-2.57674325717468,34.4342635346508));
#5852=CARTESIAN_POINT('Ctrl Pts',(-0.0574350223354207,-3.85701653732806,
36.2058670822841));
#5853=CARTESIAN_POINT('Ctrl Pts',(2.79145629016181,-2.66182250374064,37.9774747306586));
#5854=CARTESIAN_POINT('Ctrl Pts',(3.85177550728125,0.244884372898176,39.7490433263068));
#5855=CARTESIAN_POINT('Ctrl Pts',(2.55376716311276,2.7619132350641,41.3730135128224));
#5856=CARTESIAN_POINT('Ctrl Pts',(0.234402405522324,3.66057955609611,42.8493479530531));
#5857=CARTESIAN_POINT('Ctrl Pts',(-1.92926857118208,3.12285724127982,44.1780141379203));
#5858=CARTESIAN_POINT('Ctrl Pts',(-3.18865898294137,1.65086563992701,45.3289396451298));
#5859=CARTESIAN_POINT('Ctrl Pts',(-3.42832065807635,0.522501934918948,46.0369171958487));
#5860=CARTESIAN_POINT('Ctrl Pts',(-3.44062792250582,0.0978151783890629,
46.302002670685));
#5861=CARTESIAN_POINT('Ctrl Pts',(0.627845205517777,-3.38532182784268,9.632));
#5862=CARTESIAN_POINT('Ctrl Pts',(0.490613153519913,-3.47678716677384,9.632));
#5863=CARTESIAN_POINT('Ctrl Pts',(0.339314993062599,-3.54742576778987,9.632));
#5864=CARTESIAN_POINT('Ctrl Pts',(-0.0771443683805718,-3.67940302784404,
9.632));
#5865=CARTESIAN_POINT('Ctrl Pts',(-0.352642734337562,-3.7060711845446,9.632));
#5866=CARTESIAN_POINT('Ctrl Pts',(-0.905853546768415,-3.65619744497225,
9.632));
#5867=CARTESIAN_POINT('Ctrl Pts',(-1.18252034902725,-3.57554636947721,9.632));
#5868=CARTESIAN_POINT('Ctrl Pts',(-1.66485135498793,-3.32579939615357,9.632));
#5869=CARTESIAN_POINT('Ctrl Pts',(-1.87397604320292,-3.16472969307248,9.632));
#5870=CARTESIAN_POINT('Ctrl Pts',(-2.15390976782491,-2.8414380572294,9.632));
#5871=CARTESIAN_POINT('Ctrl Pts',(-2.24728828244514,-2.6994426090802,9.632));
#5872=CARTESIAN_POINT('Ctrl Pts',(-2.31692339246825,-2.54685285668276,9.632));
#5873=CARTESIAN_POINT('Ctrl Pts',(2.0445293224897,2.77028758969887,46.3019499742003));
#5874=CARTESIAN_POINT('Ctrl Pts',(2.61555939910769,2.34885562717979,45.8590679767648));
#5875=CARTESIAN_POINT('Ctrl Pts',(3.48783652640094,1.14377625889932,44.9732998263623));
#5876=CARTESIAN_POINT('Ctrl Pts',(3.50418300030392,-1.0927037245822,43.6445638211704));
#5877=CARTESIAN_POINT('Ctrl Pts',(2.22379171863302,-2.91732671470243,42.3158978787759));
#5878=CARTESIAN_POINT('Ctrl Pts',(-0.117664418384458,-3.75972740300278,
40.839563332957));
#5879=CARTESIAN_POINT('Ctrl Pts',(-2.7444488330757,-2.70937680826758,39.2155981839244));
#5880=CARTESIAN_POINT('Ctrl Pts',(-3.85693858884811,0.178489066923337,37.4440164659967));
#5881=CARTESIAN_POINT('Ctrl Pts',(-2.48577133241838,2.94968348522067,35.6724218517497));
#5882=CARTESIAN_POINT('Ctrl Pts',(0.479100077991579,3.83160187556052,33.900816174567));
#5883=CARTESIAN_POINT('Ctrl Pts',(3.13498756287401,2.2450643867726,32.1292167764066));
#5884=CARTESIAN_POINT('Ctrl Pts',(3.72480579037531,-0.521570401968491,30.5052801583957));
#5885=CARTESIAN_POINT('Ctrl Pts',(2.49929950344414,-2.68712218848943,29.0289560569655));
#5886=CARTESIAN_POINT('Ctrl Pts',(0.481837403933062,-3.63828709465261,27.7002535297139));
#5887=CARTESIAN_POINT('Ctrl Pts',(-1.71859429960423,-3.24309564910538,26.3715433172818));
#5888=CARTESIAN_POINT('Ctrl Pts',(-3.27951441856932,-1.64799808802335,25.0428735475182));
#5889=CARTESIAN_POINT('Ctrl Pts',(-3.62817347559354,0.56154494735447,23.7141654862026));
#5890=CARTESIAN_POINT('Ctrl Pts',(-2.7406450202156,2.33239553439605,22.5331051764108));
#5891=CARTESIAN_POINT('Ctrl Pts',(-0.936118599218885,3.55511665383479,21.2044177783873));
#5892=CARTESIAN_POINT('Ctrl Pts',(1.11547730047616,3.5091713293191,20.0233571378968));
#5893=CARTESIAN_POINT('Ctrl Pts',(2.65880545025179,2.33631049437885,18.8422879695942));
#5894=CARTESIAN_POINT('Ctrl Pts',(3.62169624177001,0.659340827097672,17.6612265126916));
#5895=CARTESIAN_POINT('Ctrl Pts',(3.35460582159471,-1.90226737870053,16.1849200129502));
#5896=CARTESIAN_POINT('Ctrl Pts',(1.08926140396904,-3.60034110361211,14.5609411069404));
#5897=CARTESIAN_POINT('Ctrl Pts',(-1.38932782903981,-3.39526220085447,13.0846148954752));
#5898=CARTESIAN_POINT('Ctrl Pts',(-3.10032244296955,-1.96518366012865,11.7559206127862));
#5899=CARTESIAN_POINT('Ctrl Pts',(-3.66511931225522,0.198521009742852,10.4272415081145));
#5900=CARTESIAN_POINT('Ctrl Pts',(-3.13583611703202,1.58896080528309,9.54142761781042));
#5901=CARTESIAN_POINT('Ctrl Pts',(-2.69385689837448,2.14423144535285,9.09854963611359));
#5902=CARTESIAN_POINT('Ctrl Pts',(2.03540713179111,2.69148479555343,46.3776451088288));
#5903=CARTESIAN_POINT('Ctrl Pts',(2.59013701398914,2.27201071854042,45.9347631113933));
#5904=CARTESIAN_POINT('Ctrl Pts',(3.43114707958985,1.08092698919963,45.0489949609908));
#5905=CARTESIAN_POINT('Ctrl Pts',(3.42152874922948,-1.11092684886443,43.7202589557989));
#5906=CARTESIAN_POINT('Ctrl Pts',(2.1458803243212,-2.88441285251762,42.3915930134044));
#5907=CARTESIAN_POINT('Ctrl Pts',(-0.158400240216934,-3.68308809294948,
40.9152584675855));
#5908=CARTESIAN_POINT('Ctrl Pts',(-2.72055847976988,-2.62375657222683,39.2912933185529));
#5909=CARTESIAN_POINT('Ctrl Pts',(-3.77768047553412,0.219013328680821,37.5197116006252));
#5910=CARTESIAN_POINT('Ctrl Pts',(-2.40225250172496,2.91913477414548,35.7481169863782));
#5911=CARTESIAN_POINT('Ctrl Pts',(0.51342296256144,3.74936380602752,33.9765113091955));
#5912=CARTESIAN_POINT('Ctrl Pts',(3.09797066172322,2.16424499097546,32.2049119110351));
#5913=CARTESIAN_POINT('Ctrl Pts',(3.64427859097172,-0.553755457569783,30.5809752930242));
#5914=CARTESIAN_POINT('Ctrl Pts',(2.41845506320927,-2.66197356856599,29.104651191594));
#5915=CARTESIAN_POINT('Ctrl Pts',(0.430566480709608,-3.57100179102624,27.7759486643424));
#5916=CARTESIAN_POINT('Ctrl Pts',(-1.72132854490037,-3.15850549237103,26.4472384519103));
#5917=CARTESIAN_POINT('Ctrl Pts',(-3.23272606676158,-1.57745769972354,25.1185686821467));
#5918=CARTESIAN_POINT('Ctrl Pts',(-3.54913917145168,0.59185308762098,23.7898606208311));
#5919=CARTESIAN_POINT('Ctrl Pts',(-2.65900381458947,2.31712474449836,22.6088003110393));
#5920=CARTESIAN_POINT('Ctrl Pts',(-0.876743406487061,3.49470920629115,21.2801129130158));
#5921=CARTESIAN_POINT('Ctrl Pts',(1.13334634075421,3.42612836927885,20.0990522725253));
#5922=CARTESIAN_POINT('Ctrl Pts',(2.6323525282697,2.25911067882503,18.9179831042227));
#5923=CARTESIAN_POINT('Ctrl Pts',(3.55672960659203,0.604694051758215,17.73692164732));
#5924=CARTESIAN_POINT('Ctrl Pts',(3.26570718496228,-1.90264207322928,16.2606151475787));
#5925=CARTESIAN_POINT('Ctrl Pts',(1.0262544364363,-3.5407084963667,14.6366362415689));
#5926=CARTESIAN_POINT('Ctrl Pts',(-1.40041003855002,-3.3114080853422,13.1603100301037));
#5927=CARTESIAN_POINT('Ctrl Pts',(-3.06075917368108,-1.89031770496741,11.8316157474147));
#5928=CARTESIAN_POINT('Ctrl Pts',(-3.58951556466479,0.236506698847231,10.502936642743));
#5929=CARTESIAN_POINT('Ctrl Pts',(-3.05486735803889,1.59318764725896,9.61712275243892));
#5930=CARTESIAN_POINT('Ctrl Pts',(-2.61543934713181,2.13224051605726,9.17424477074209));
#5931=CARTESIAN_POINT('Ctrl Pts',(2.07191588512986,2.56634824676933,46.5686751561434));
#5932=CARTESIAN_POINT('Ctrl Pts',(2.60093646170841,2.13924871436819,46.1257931587079));
#5933=CARTESIAN_POINT('Ctrl Pts',(3.38566256122692,0.949683420352013,45.2400250083055));
#5934=CARTESIAN_POINT('Ctrl Pts',(3.30834445013693,-1.19149102976605,43.9112890031136));
#5935=CARTESIAN_POINT('Ctrl Pts',(2.00705060243267,-2.88454729271518,42.5826230607191));
#5936=CARTESIAN_POINT('Ctrl Pts',(-0.268899985129761,-3.59346116723931,
41.1062885149002));
#5937=CARTESIAN_POINT('Ctrl Pts',(-2.73927935463657,-2.47896787328941,39.4823233658676));
#5938=CARTESIAN_POINT('Ctrl Pts',(-3.6839727273851,0.331195946216813,37.7107416479398));
#5939=CARTESIAN_POINT('Ctrl Pts',(-2.25643601351353,2.92640250012535,35.939147033693));
#5940=CARTESIAN_POINT('Ctrl Pts',(0.617807756175061,3.6472322661968,34.1675413565102));
#5941=CARTESIAN_POINT('Ctrl Pts',(3.09374689139347,2.01835667564745,32.3959419583498));
#5942=CARTESIAN_POINT('Ctrl Pts',(3.5432394826894,-0.654044204652612,30.7720053403389));
#5943=CARTESIAN_POINT('Ctrl Pts',(2.28032204832607,-2.67567174434574,29.2956812389087));
#5944=CARTESIAN_POINT('Ctrl Pts',(0.309885052573187,-3.50214283991901,27.9669787116571));
#5945=CARTESIAN_POINT('Ctrl Pts',(-1.77965156618935,-3.03243929425867,26.638268499225));
#5946=CARTESIAN_POINT('Ctrl Pts',(-3.20726144746713,-1.44092073696565,25.3095987294614));
#5947=CARTESIAN_POINT('Ctrl Pts',(-3.44908444011896,0.688276427774653,23.9808906681458));
#5948=CARTESIAN_POINT('Ctrl Pts',(-2.52606375526448,2.34619733700439,22.799830358354));
#5949=CARTESIAN_POINT('Ctrl Pts',(-0.74811003219325,3.44142777946723,21.4711429603305));
#5950=CARTESIAN_POINT('Ctrl Pts',(1.2134757172999,3.31217773225378,20.29008231984));
#5951=CARTESIAN_POINT('Ctrl Pts',(2.64180174420982,2.12548607002521,19.1090131515374));
#5952=CARTESIAN_POINT('Ctrl Pts',(3.49365882154652,0.480468003094752,17.9279516946348));
#5953=CARTESIAN_POINT('Ctrl Pts',(3.13151366349994,-1.96006458815981,16.4516451948934));
#5954=CARTESIAN_POINT('Ctrl Pts',(0.892823634041104,-3.49109944377492,14.8276662888836));
#5955=CARTESIAN_POINT('Ctrl Pts',(-1.47084044514557,-3.1917572999125,13.3513400774184));
#5956=CARTESIAN_POINT('Ctrl Pts',(-3.04894258847104,-1.75195058047173,12.0226457947294));
#5957=CARTESIAN_POINT('Ctrl Pts',(-3.49953285646829,0.342376543837921,10.6939666900577));
#5958=CARTESIAN_POINT('Ctrl Pts',(-2.93516464419271,1.65107712360622,9.80815279975362));
#5959=CARTESIAN_POINT('Ctrl Pts',(-2.48905421759014,2.1641598509921,9.36527481805679));
#5960=CARTESIAN_POINT('Ctrl Pts',(2.20193657901714,2.55703889270924,46.7597052034581));
#5961=CARTESIAN_POINT('Ctrl Pts',(2.72892262001586,2.10320031338629,46.3168232060226));
#5962=CARTESIAN_POINT('Ctrl Pts',(3.49279063694868,0.86119757139862,45.4310550556202));
#5963=CARTESIAN_POINT('Ctrl Pts',(3.3441818758502,-1.32565747981437,44.1023190504283));
#5964=CARTESIAN_POINT('Ctrl Pts',(1.95866759006168,-3.01467462657547,42.7736531080338));
#5965=CARTESIAN_POINT('Ctrl Pts',(-0.391643842819766,-3.66565881475337,
41.2973185622148));
#5966=CARTESIAN_POINT('Ctrl Pts',(-2.88143466427655,-2.44596984883105,39.6733534131823));
#5967=CARTESIAN_POINT('Ctrl Pts',(-3.75615437036775,0.458133865704043,37.9017716952545));
#5968=CARTESIAN_POINT('Ctrl Pts',(-2.21232845571909,3.06557786818936,36.1301770810077));
#5969=CARTESIAN_POINT('Ctrl Pts',(0.750166853551834,3.70929092525534,34.3585714038249));
#5970=CARTESIAN_POINT('Ctrl Pts',(3.22896020034591,1.96345779590272,32.5869720056646));
#5971=CARTESIAN_POINT('Ctrl Pts',(3.60181573525024,-0.783729777830533,30.9630353876536));
#5972=CARTESIAN_POINT('Ctrl Pts',(2.24480735448062,-2.80999719579848,29.4867112862234));
#5973=CARTESIAN_POINT('Ctrl Pts',(0.203268235421254,-3.59109588499244,28.1580087589718));
#5974=CARTESIAN_POINT('Ctrl Pts',(-1.91814582066777,-3.04299734059541,26.8292985465397));
#5975=CARTESIAN_POINT('Ctrl Pts',(-3.32625078307179,-1.36928529760598,25.5006287767761));
#5976=CARTESIAN_POINT('Ctrl Pts',(-3.50446646821552,0.815704865238268,24.1719207154605));
#5977=CARTESIAN_POINT('Ctrl Pts',(-2.50675052857934,2.48110943474708,22.9908604056687));
#5978=CARTESIAN_POINT('Ctrl Pts',(-0.653386634245962,3.54322743444682,21.6621730076452));
#5979=CARTESIAN_POINT('Ctrl Pts',(1.34833344341258,3.34737918199301,20.4811123671547));
#5980=CARTESIAN_POINT('Ctrl Pts',(2.77029985766032,2.08765176865634,19.3000431988521));
#5981=CARTESIAN_POINT('Ctrl Pts',(3.58790711136247,0.377926387258614,18.1189817419495));
#5982=CARTESIAN_POINT('Ctrl Pts',(3.1385049973201,-2.10587210099597,16.6426752422081));
#5983=CARTESIAN_POINT('Ctrl Pts',(0.799645136586021,-3.59865141170599,15.0186963361983));
#5984=CARTESIAN_POINT('Ctrl Pts',(-1.60756042785171,-3.21594872140161,13.5423701247331));
#5985=CARTESIAN_POINT('Ctrl Pts',(-3.17448377295416,-1.69242748407967,12.2136758420441));
#5986=CARTESIAN_POINT('Ctrl Pts',(-3.56728602173947,0.463628028067,10.8849967373724));
#5987=CARTESIAN_POINT('Ctrl Pts',(-2.94776497620038,1.78368027640549,9.99918284706832));
#5988=CARTESIAN_POINT('Ctrl Pts',(-2.47500776535089,2.29375438055041,9.55630486537149));
#5989=CARTESIAN_POINT('Ctrl Pts',(2.27704560845959,2.58256786496592,46.8354003380867));
#5990=CARTESIAN_POINT('Ctrl Pts',(2.80938164869105,2.11320810134561,46.3925183406511));
#5991=CARTESIAN_POINT('Ctrl Pts',(3.57387843812246,0.837030868511841,45.5067501902487));
#5992=CARTESIAN_POINT('Ctrl Pts',(3.39623369824687,-1.39244267251016,44.1780141850568));
#5993=CARTESIAN_POINT('Ctrl Pts',(1.96244840957279,-3.0991677928022,42.8493482426623));
#5994=CARTESIAN_POINT('Ctrl Pts',(-0.44323469382028,-3.73536317731461,41.3730136968434));
#5995=CARTESIAN_POINT('Ctrl Pts',(-2.96904712169527,-2.46119509094703,39.7490485478108));
#5996=CARTESIAN_POINT('Ctrl Pts',(-3.82693398289519,0.51225961749754,37.9774668298831));
#5997=CARTESIAN_POINT('Ctrl Pts',(-2.22063553637096,3.15411946423453,36.2058722156361));
#5998=CARTESIAN_POINT('Ctrl Pts',(0.809541356555818,3.77562612152689,34.4342665384534));
#5999=CARTESIAN_POINT('Ctrl Pts',(3.31785339977777,1.96476714592657,32.662667140293));
#6000=CARTESIAN_POINT('Ctrl Pts',(3.665549605635,-0.842591210998627,31.0387305222821));
#6001=CARTESIAN_POINT('Ctrl Pts',(2.25687996660165,-2.89372018000021,29.5624064208519));
#6002=CARTESIAN_POINT('Ctrl Pts',(0.164539389248613,-3.66636428309168,28.2337038936003));
#6003=CARTESIAN_POINT('Ctrl Pts',(-1.99333637606541,-3.08185753203046,26.9049936811682));
#6004=CARTESIAN_POINT('Ctrl Pts',(-3.41006307315868,-1.35741753223254,25.5763239114046));
#6005=CARTESIAN_POINT('Ctrl Pts',(-3.56581499144888,0.874036008216055,24.247615850089));
#6006=CARTESIAN_POINT('Ctrl Pts',(-2.52807549272274,2.56125718325941,23.0665555402972));
#6007=CARTESIAN_POINT('Ctrl Pts',(-0.62432137360214,3.62289873949585,21.7378681422737));
#6008=CARTESIAN_POINT('Ctrl Pts',(1.41556301790439,3.39922849610528,20.5568075017832));
#6009=CARTESIAN_POINT('Ctrl Pts',(2.8513769966747,2.09696026935842,19.3757383334806));
#6010=CARTESIAN_POINT('Ctrl Pts',(3.66522759709064,0.342812857772294,18.194676876578));
#6011=CARTESIAN_POINT('Ctrl Pts',(3.1770210333712,-2.18598690569325,16.7183703768366));
#6012=CARTESIAN_POINT('Ctrl Pts',(0.772965851617271,-3.6812321661054,15.0943914708268));
#6013=CARTESIAN_POINT('Ctrl Pts',(-1.67850477900596,-3.26200228938451,13.6180652593616));
#6014=CARTESIAN_POINT('Ctrl Pts',(-3.25904983231131,-1.68894649380286,12.2893709766726));
#6015=CARTESIAN_POINT('Ctrl Pts',(-3.63410019895462,0.515583076073534,10.9606918720009));
#6016=CARTESIAN_POINT('Ctrl Pts',(-2.9862427804724,1.85489046837942,10.0748779816968));
#6017=CARTESIAN_POINT('Ctrl Pts',(-2.49777968577043,2.36974473762731,9.63199999999999));
#6018=CARTESIAN_POINT('',(-2.49777968577044,2.3697447376273,9.632));
#6019=CARTESIAN_POINT('',(-3.13816970833061,1.41650427527625,9.632));
#6020=CARTESIAN_POINT('Ctrl Pts',(-2.49777968577044,2.3697447376273,9.632));
#6021=CARTESIAN_POINT('Ctrl Pts',(-2.54055699903868,2.25420485836698,9.632));
#6022=CARTESIAN_POINT('Ctrl Pts',(-2.59992995643916,2.13681522587748,9.63200000067824));
#6023=CARTESIAN_POINT('Ctrl Pts',(-2.72830986815346,1.91629471119991,9.63200000067824));
#6024=CARTESIAN_POINT('Ctrl Pts',(-2.80546394228967,1.80144464584738,9.63199999997752));
#6025=CARTESIAN_POINT('Ctrl Pts',(-2.96109673495802,1.59919036149664,9.63199999997752));
#6026=CARTESIAN_POINT('Ctrl Pts',(-3.04735166529619,1.49981069463744,9.632));
#6027=CARTESIAN_POINT('Ctrl Pts',(-3.13816970833061,1.41650427527625,9.632));
#6028=CARTESIAN_POINT('',(2.84185431819614,1.94382548453036,46.3019499742003));
#6029=CARTESIAN_POINT('Ctrl Pts',(-2.49777968577043,2.36974473762731,9.63199999999999));
#6030=CARTESIAN_POINT('Ctrl Pts',(-2.9862427804724,1.85489046837942,10.0748779816968));
#6031=CARTESIAN_POINT('Ctrl Pts',(-3.63410019895462,0.515583076073534,10.9606918720009));
#6032=CARTESIAN_POINT('Ctrl Pts',(-3.25904983231131,-1.68894649380286,12.2893709766726));
#6033=CARTESIAN_POINT('Ctrl Pts',(-1.67850477900596,-3.26200228938451,13.6180652593616));
#6034=CARTESIAN_POINT('Ctrl Pts',(0.772965851617271,-3.6812321661054,15.0943914708268));
#6035=CARTESIAN_POINT('Ctrl Pts',(3.1770210333712,-2.18598690569325,16.7183703768366));
#6036=CARTESIAN_POINT('Ctrl Pts',(3.66522759709064,0.342812857772294,18.194676876578));
#6037=CARTESIAN_POINT('Ctrl Pts',(2.8513769966747,2.09696026935842,19.3757383334806));
#6038=CARTESIAN_POINT('Ctrl Pts',(1.41556301790439,3.39922849610528,20.5568075017832));
#6039=CARTESIAN_POINT('Ctrl Pts',(-0.62432137360214,3.62289873949585,21.7378681422737));
#6040=CARTESIAN_POINT('Ctrl Pts',(-2.52807549272274,2.56125718325941,23.0665555402972));
#6041=CARTESIAN_POINT('Ctrl Pts',(-3.56581499144888,0.874036008216055,24.247615850089));
#6042=CARTESIAN_POINT('Ctrl Pts',(-3.41006307315868,-1.35741753223254,25.5763239114046));
#6043=CARTESIAN_POINT('Ctrl Pts',(-1.99333637606541,-3.08185753203046,26.9049936811682));
#6044=CARTESIAN_POINT('Ctrl Pts',(0.164539389248613,-3.66636428309168,28.2337038936003));
#6045=CARTESIAN_POINT('Ctrl Pts',(2.25687996660165,-2.89372018000021,29.5624064208519));
#6046=CARTESIAN_POINT('Ctrl Pts',(3.665549605635,-0.842591210998627,31.0387305222821));
#6047=CARTESIAN_POINT('Ctrl Pts',(3.31785339977777,1.96476714592657,32.662667140293));
#6048=CARTESIAN_POINT('Ctrl Pts',(0.809541356555818,3.77562612152689,34.4342665384534));
#6049=CARTESIAN_POINT('Ctrl Pts',(-2.22063553637096,3.15411946423453,36.2058722156361));
#6050=CARTESIAN_POINT('Ctrl Pts',(-3.82693398289519,0.51225961749754,37.9774668298831));
#6051=CARTESIAN_POINT('Ctrl Pts',(-2.96904712169527,-2.46119509094703,39.7490485478108));
#6052=CARTESIAN_POINT('Ctrl Pts',(-0.44323469382028,-3.73536317731461,41.3730136968434));
#6053=CARTESIAN_POINT('Ctrl Pts',(1.96244840957279,-3.0991677928022,42.8493482426623));
#6054=CARTESIAN_POINT('Ctrl Pts',(3.39623369824687,-1.39244267251016,44.1780141850568));
#6055=CARTESIAN_POINT('Ctrl Pts',(3.55010626933555,0.538685860603071,45.3289406102364));
#6056=CARTESIAN_POINT('Ctrl Pts',(3.08071869765302,1.59241255133123,46.0369193527456));
#6057=CARTESIAN_POINT('Ctrl Pts',(2.84103556901908,1.94322378881465,46.3020059606346));
#6058=CARTESIAN_POINT('',(2.0445293224897,2.77028758969886,46.3019499742003));
#6059=CARTESIAN_POINT('Ctrl Pts',(2.0445293224897,2.77028758969887,46.3019499742003));
#6060=CARTESIAN_POINT('Ctrl Pts',(2.04446964239797,2.7507045818901,46.3177419553773));
#6061=CARTESIAN_POINT('Ctrl Pts',(2.04900893182096,2.73027481530048,46.3314269765046));
#6062=CARTESIAN_POINT('Ctrl Pts',(2.06781820482721,2.68107765209705,46.3592382534377));
#6063=CARTESIAN_POINT('Ctrl Pts',(2.08479468408157,2.65259788245899,46.3713336438173));
#6064=CARTESIAN_POINT('Ctrl Pts',(2.14044267570547,2.57448311167999,46.397490902614));
#6065=CARTESIAN_POINT('Ctrl Pts',(2.18853459553565,2.52343177809273,46.4053625679973));
#6066=CARTESIAN_POINT('Ctrl Pts',(2.37828299766585,2.33668378265316,46.4169536200165));
#6067=CARTESIAN_POINT('Ctrl Pts',(2.593102938566,2.16297904359288,46.3835401071123));
#6068=CARTESIAN_POINT('Ctrl Pts',(2.84185431819614,1.94382548453036,46.3019499742003));
#6069=CARTESIAN_POINT('Ctrl Pts',(2.0445293224897,2.77028758969887,46.3019499742003));
#6070=CARTESIAN_POINT('Ctrl Pts',(2.61555939910769,2.34885562717979,45.8590679767648));
#6071=CARTESIAN_POINT('Ctrl Pts',(3.48783652640094,1.14377625889932,44.9732998263623));
#6072=CARTESIAN_POINT('Ctrl Pts',(3.50418300030392,-1.0927037245822,43.6445638211704));
#6073=CARTESIAN_POINT('Ctrl Pts',(2.22379171863302,-2.91732671470243,42.3158978787759));
#6074=CARTESIAN_POINT('Ctrl Pts',(-0.117664418384458,-3.75972740300278,
40.839563332957));
#6075=CARTESIAN_POINT('Ctrl Pts',(-2.7444488330757,-2.70937680826758,39.2155981839244));
#6076=CARTESIAN_POINT('Ctrl Pts',(-3.85693858884811,0.178489066923337,37.4440164659967));
#6077=CARTESIAN_POINT('Ctrl Pts',(-2.48577133241838,2.94968348522067,35.6724218517497));
#6078=CARTESIAN_POINT('Ctrl Pts',(0.479100077991579,3.83160187556052,33.900816174567));
#6079=CARTESIAN_POINT('Ctrl Pts',(3.13498756287401,2.2450643867726,32.1292167764066));
#6080=CARTESIAN_POINT('Ctrl Pts',(3.72480579037531,-0.521570401968491,30.5052801583957));
#6081=CARTESIAN_POINT('Ctrl Pts',(2.49929950344414,-2.68712218848943,29.0289560569655));
#6082=CARTESIAN_POINT('Ctrl Pts',(0.481837403933062,-3.63828709465261,27.7002535297139));
#6083=CARTESIAN_POINT('Ctrl Pts',(-1.71859429960423,-3.24309564910538,26.3715433172818));
#6084=CARTESIAN_POINT('Ctrl Pts',(-3.27951441856932,-1.64799808802335,25.0428735475182));
#6085=CARTESIAN_POINT('Ctrl Pts',(-3.62817347559354,0.56154494735447,23.7141654862026));
#6086=CARTESIAN_POINT('Ctrl Pts',(-2.7406450202156,2.33239553439605,22.5331051764108));
#6087=CARTESIAN_POINT('Ctrl Pts',(-0.936118599218885,3.55511665383479,21.2044177783873));
#6088=CARTESIAN_POINT('Ctrl Pts',(1.11547730047616,3.5091713293191,20.0233571378968));
#6089=CARTESIAN_POINT('Ctrl Pts',(2.65880545025179,2.33631049437885,18.8422879695942));
#6090=CARTESIAN_POINT('Ctrl Pts',(3.62169624177001,0.659340827097672,17.6612265126916));
#6091=CARTESIAN_POINT('Ctrl Pts',(3.35460582159471,-1.90226737870053,16.1849200129502));
#6092=CARTESIAN_POINT('Ctrl Pts',(1.08926140396904,-3.60034110361211,14.5609411069404));
#6093=CARTESIAN_POINT('Ctrl Pts',(-1.38932782903981,-3.39526220085447,13.0846148954752));
#6094=CARTESIAN_POINT('Ctrl Pts',(-3.10032244296955,-1.96518366012865,11.7559206127862));
#6095=CARTESIAN_POINT('Ctrl Pts',(-3.58954024935784,-0.0910180798459451,
10.6050405135329));
#6096=CARTESIAN_POINT('Ctrl Pts',(-3.31182079928072,1.02867371003217,9.89703567627242));
#6097=CARTESIAN_POINT('Ctrl Pts',(-3.13723572958435,1.41604241358552,9.63194020260277));
#6098=CARTESIAN_POINT('Ctrl Pts',(-2.8579972424729,1.92001178178078,9.27200334496369));
#6099=CARTESIAN_POINT('Ctrl Pts',(-3.16919014138359,1.45679147479964,9.62024417135891));
#6100=CARTESIAN_POINT('Ctrl Pts',(-3.5615319149136,0.376655630818462,10.3167258241494));
#6101=CARTESIAN_POINT('Ctrl Pts',(-3.3253160202547,-1.33183896063005,11.361448303335));
#6102=CARTESIAN_POINT('Ctrl Pts',(-2.31714862465937,-2.73075359629676,12.4061707825207));
#6103=CARTESIAN_POINT('Ctrl Pts',(-0.772588940562838,-3.49769677699076,
13.4508932617063));
#6104=CARTESIAN_POINT('Ctrl Pts',(0.951143353134356,-3.45292552978456,14.495615740892));
#6105=CARTESIAN_POINT('Ctrl Pts',(2.45517059380096,-2.60802508221894,15.5403382200776));
#6106=CARTESIAN_POINT('Ctrl Pts',(3.38833267025409,-1.15978494620898,16.5850606992633));
#6107=CARTESIAN_POINT('Ctrl Pts',(3.53908901824285,0.561646453787947,17.629783178449));
#6108=CARTESIAN_POINT('Ctrl Pts',(2.86458828809041,2.1428616428709,18.6745056576346));
#6109=CARTESIAN_POINT('Ctrl Pts',(1.09043995438906,3.61637056091577,20.0674689632155));
#6110=CARTESIAN_POINT('Ctrl Pts',(-2.03946272769284,3.48485513501315,21.8086730951916));
#6111=CARTESIAN_POINT('Ctrl Pts',(-4.02896843155605,0.26643325732627,23.8981180535629));
#6112=CARTESIAN_POINT('Ctrl Pts',(-2.74741820307922,-2.59209024924726,25.639322185539));
#6113=CARTESIAN_POINT('Ctrl Pts',(-0.636202111455618,-3.52036326260502,
27.0322854911199));
#6114=CARTESIAN_POINT('Ctrl Pts',(1.07969789725428,-3.41683606052936,28.0770079703056));
#6115=CARTESIAN_POINT('Ctrl Pts',(2.5522415157201,-2.51242767662075,29.1217304494912));
#6116=CARTESIAN_POINT('Ctrl Pts',(3.43032200740199,-1.03027048795188,30.1664529286769));
#6117=CARTESIAN_POINT('Ctrl Pts',(3.51416429328281,0.692798976745886,31.2111754078626));
#6118=CARTESIAN_POINT('Ctrl Pts',(2.7826563694379,2.25473120424203,32.2558978870482));
#6119=CARTESIAN_POINT('Ctrl Pts',(1.40804063014018,3.29346197918259,33.3006203662339));
#6120=CARTESIAN_POINT('Ctrl Pts',(-0.298230503198914,3.56998597828423,34.3453428454196));
#6121=CARTESIAN_POINT('Ctrl Pts',(-1.92368732079188,3.01736149475436,35.3900653246052));
#6122=CARTESIAN_POINT('Ctrl Pts',(-3.52817211146874,1.35032707257334,36.7830286301861));
#6123=CARTESIAN_POINT('Ctrl Pts',(-3.60176330849679,-1.13957229200312,38.1759919357669));
#6124=CARTESIAN_POINT('Ctrl Pts',(-2.09856559024801,-2.89845801407478,39.5689552413479));
#6125=CARTESIAN_POINT('Ctrl Pts',(-0.508558566998663,-3.54616010550691,
40.6136777205335));
#6126=CARTESIAN_POINT('Ctrl Pts',(1.21100666676607,-3.37083859571897,41.6584001997191));
#6127=CARTESIAN_POINT('Ctrl Pts',(2.64471174707797,-2.41526581958708,42.7031226789048));
#6128=CARTESIAN_POINT('Ctrl Pts',(3.46693813539486,-0.898974600544379,43.7478451580905));
#6129=CARTESIAN_POINT('Ctrl Pts',(3.48560554979019,0.825384340056994,44.7925676372762));
#6130=CARTESIAN_POINT('Ctrl Pts',(2.69545241226753,2.35810883408943,45.8372901164618));
#6131=CARTESIAN_POINT('Ctrl Pts',(1.28145512486991,3.34506563032374,46.8820125956475));
#6132=CARTESIAN_POINT('Ctrl Pts',(-0.430404739147609,3.55543096767613,47.9267350748331));
#6133=CARTESIAN_POINT('Ctrl Pts',(-1.50449368912511,3.14682479535715,48.6232167276236));
#6134=CARTESIAN_POINT('Ctrl Pts',(-1.96296080254883,2.82867077755906,48.9714575540188));
#6135=CARTESIAN_POINT('Ctrl Pts',(-3.02270960313653,2.03066607786592,8.98276728029552));
#6136=CARTESIAN_POINT('Ctrl Pts',(-3.35194067839688,1.54059538446748,9.33100810669074));
#6137=CARTESIAN_POINT('Ctrl Pts',(-3.76676743073218,0.398423308743504,10.0274897594812));
#6138=CARTESIAN_POINT('Ctrl Pts',(-3.51709436494446,-1.40868896526751,11.0722122386668));
#6139=CARTESIAN_POINT('Ctrl Pts',(-2.4506801531885,-2.8881063543047,12.1169347178525));
#6140=CARTESIAN_POINT('Ctrl Pts',(-0.817146324621478,-3.69942100369038,
13.1616571970382));
#6141=CARTESIAN_POINT('Ctrl Pts',(1.00595773443694,-3.65190766912488,14.2063796762238));
#6142=CARTESIAN_POINT('Ctrl Pts',(2.59675915435741,-2.75843615112128,15.2511021554095));
#6143=CARTESIAN_POINT('Ctrl Pts',(3.58360142729608,-1.22661632184853,16.2958246345951));
#6144=CARTESIAN_POINT('Ctrl Pts',(3.7431799414516,0.594025489268616,17.3405471137808));
#6145=CARTESIAN_POINT('Ctrl Pts',(3.02968671467692,2.26637181984708,18.3852695929665));
#6146=CARTESIAN_POINT('Ctrl Pts',(1.15328575374305,3.82489917986832,19.7782328985473));
#6147=CARTESIAN_POINT('Ctrl Pts',(-2.15703780606832,3.68571971647686,21.5194370305235));
#6148=CARTESIAN_POINT('Ctrl Pts',(-4.26120509478604,0.281809894969847,23.6088819888948));
#6149=CARTESIAN_POINT('Ctrl Pts',(-2.9058551086558,-2.74152824177777,25.3500861208709));
#6150=CARTESIAN_POINT('Ctrl Pts',(-0.672876167007974,-3.72326018925464,
26.7430494264517));
#6151=CARTESIAN_POINT('Ctrl Pts',(1.14197005978153,-3.61387301292226,27.7877719056374));
#6152=CARTESIAN_POINT('Ctrl Pts',(2.69932094499772,-2.65722044785923,28.8324943848231));
#6153=CARTESIAN_POINT('Ctrl Pts',(3.62815272678354,-1.0896844132516,29.8772168640087));
#6154=CARTESIAN_POINT('Ctrl Pts',(3.71667852787953,0.732724127664373,30.9219393431944));
#6155=CARTESIAN_POINT('Ctrl Pts',(2.943137369105,2.38475998043359,31.9666618223801));
#6156=CARTESIAN_POINT('Ctrl Pts',(1.48917813708437,3.48326544289264,33.0113843015657));
#6157=CARTESIAN_POINT('Ctrl Pts',(-0.315415603735123,3.77585319623018,34.0561067807514));
#6158=CARTESIAN_POINT('Ctrl Pts',(-2.03457224822537,3.19127453480005,35.100829259937));
#6159=CARTESIAN_POINT('Ctrl Pts',(-3.73159722062503,1.42813252157672,36.493792565518));
#6160=CARTESIAN_POINT('Ctrl Pts',(-3.80942831212054,-1.20522623334449,37.8867558710987));
#6161=CARTESIAN_POINT('Ctrl Pts',(-2.21953021212021,-3.06551733095823,39.2797191766797));
#6162=CARTESIAN_POINT('Ctrl Pts',(-0.537872059847073,-3.75065389943759,
40.3244416558653));
#6163=CARTESIAN_POINT('Ctrl Pts',(1.28078828053588,-3.56510122610538,41.369164135051));
#6164=CARTESIAN_POINT('Ctrl Pts',(2.79723946076694,-2.55455188221738,42.4138866142366));
#6165=CARTESIAN_POINT('Ctrl Pts',(3.66672744328806,-0.950783092904391,43.4586090934223));
#6166=CARTESIAN_POINT('Ctrl Pts',(3.68663265726547,0.872986867754753,44.503331572608));
#6167=CARTESIAN_POINT('Ctrl Pts',(2.85077076498996,2.49400048681708,45.5480540517936));
#6168=CARTESIAN_POINT('Ctrl Pts',(1.35539942802994,3.53798364014703,46.5927765309793));
#6169=CARTESIAN_POINT('Ctrl Pts',(-0.455269758461028,3.76031393976715,47.637499010165));
#6170=CARTESIAN_POINT('Ctrl Pts',(-1.59104835775004,3.32828868541104,48.3339806629554));
#6171=CARTESIAN_POINT('Ctrl Pts',(-2.07609034055994,2.99169299269207,48.6822214893506));
#6172=CARTESIAN_POINT('Ctrl Pts',(-3.20280775154002,2.1516565958667,8.28199999999998));
#6173=CARTESIAN_POINT('Ctrl Pts',(-3.55146630508731,1.63266749691515,8.63024082639521));
#6174=CARTESIAN_POINT('Ctrl Pts',(-3.9912397732764,0.422052237049915,9.32672247918564));
#6175=CARTESIAN_POINT('Ctrl Pts',(-3.72640552770783,-1.49245085661424,10.3714449583713));
#6176=CARTESIAN_POINT('Ctrl Pts',(-2.59671513654599,-3.0602325375421,11.416167437557));
#6177=CARTESIAN_POINT('Ctrl Pts',(-0.865775912372985,-3.91957504214859,
12.4608899167426));
#6178=CARTESIAN_POINT('Ctrl Pts',(1.06589804368588,-3.8695258311564,13.5056123959283));
#6179=CARTESIAN_POINT('Ctrl Pts',(2.75131082204863,-2.92259676938492,14.550334875114));
#6180=CARTESIAN_POINT('Ctrl Pts',(3.7971329424585,-1.29971743902005,15.5950573542996));
#6181=CARTESIAN_POINT('Ctrl Pts',(3.96597553374939,0.629399980289619,16.6397798334853));
#6182=CARTESIAN_POINT('Ctrl Pts',(3.21018924856547,2.40138315333528,17.6845023126709));
#6183=CARTESIAN_POINT('Ctrl Pts',(1.22199780071269,4.0525932812599,19.0774656182518));
#6184=CARTESIAN_POINT('Ctrl Pts',(-2.28549108157405,3.90527538528762,20.8186697502279));
#6185=CARTESIAN_POINT('Ctrl Pts',(-4.51502418781955,0.298561347772667,22.9081147085992));
#6186=CARTESIAN_POINT('Ctrl Pts',(-3.07881320104883,-2.90478122318433,24.6493188405753));
#6187=CARTESIAN_POINT('Ctrl Pts',(-0.71295195728128,-3.94507822216089,26.0422821461562));
#6188=CARTESIAN_POINT('Ctrl Pts',(1.20992503174279,-3.82897937088768,27.0870046253419));
#6189=CARTESIAN_POINT('Ctrl Pts',(2.86017218017106,-2.8155488664887,28.1317271045276));
#6190=CARTESIAN_POINT('Ctrl Pts',(3.84407973124651,-1.15454167980586,29.1764495837132));
#6191=CARTESIAN_POINT('Ctrl Pts',(3.93815078370312,0.776385269963131,30.2211720628989));
#6192=CARTESIAN_POINT('Ctrl Pts',(3.1182926531348,2.52669504318749,31.2658945420845));
#6193=CARTESIAN_POINT('Ctrl Pts',(1.57792561647655,3.69081457140466,32.3106170212702));
#6194=CARTESIAN_POINT('Ctrl Pts',(-0.334213243036702,4.00060346872103,33.3553395004558));
#6195=CARTESIAN_POINT('Ctrl Pts',(-2.15576122133735,3.38138655937424,34.4000619796415));
#6196=CARTESIAN_POINT('Ctrl Pts',(-3.95376951622439,1.51325356596386,35.7930252852224));
#6197=CARTESIAN_POINT('Ctrl Pts',(-4.03624032274667,-1.27707575033542,37.1859885908032));
#6198=CARTESIAN_POINT('Ctrl Pts',(-2.35173729900352,-3.2481384737444,38.5789518963842));
#6199=CARTESIAN_POINT('Ctrl Pts',(-0.569911731446084,-3.9739032823536,39.6236743755698));
#6200=CARTESIAN_POINT('Ctrl Pts',(1.35712029410391,-3.77752665112864,40.6683968547555));
#6201=CARTESIAN_POINT('Ctrl Pts',(2.96370782405472,-2.70659369620719,41.7131193339411));
#6202=CARTESIAN_POINT('Ctrl Pts',(3.88522933498814,-1.00743471758753,42.7578418131268));
#6203=CARTESIAN_POINT('Ctrl Pts',(3.90602524855416,0.924939091154998,43.8025642923125));
#6204=CARTESIAN_POINT('Ctrl Pts',(3.02067229247948,2.64261747753491,44.8472867714981));
#6205=CARTESIAN_POINT('Ctrl Pts',(1.43598984065674,3.74853677064958,45.8920092506838));
#6206=CARTESIAN_POINT('Ctrl Pts',(-0.482286299989952,3.98440347417031,46.9367317298694));
#6207=CARTESIAN_POINT('Ctrl Pts',(-1.68612366194133,3.52640086608078,47.6332133826599));
#6208=CARTESIAN_POINT('Ctrl Pts',(-2.19978731292713,3.16994311900803,47.9814542090551));
#6209=CARTESIAN_POINT('Ctrl Pts',(-3.02270960313653,2.03066607786592,7.58123271970445));
#6210=CARTESIAN_POINT('Ctrl Pts',(-3.35194067839688,1.54059538446748,7.92947354609967));
#6211=CARTESIAN_POINT('Ctrl Pts',(-3.76676743073218,0.398423308743503,8.6259551988901));
#6212=CARTESIAN_POINT('Ctrl Pts',(-3.51709436494446,-1.40868896526751,9.67067767807577));
#6213=CARTESIAN_POINT('Ctrl Pts',(-2.4506801531885,-2.8881063543047,10.7154001572614));
#6214=CARTESIAN_POINT('Ctrl Pts',(-0.817146324621478,-3.69942100369038,
11.7601226364471));
#6215=CARTESIAN_POINT('Ctrl Pts',(1.00595773443694,-3.65190766912488,12.8048451156327));
#6216=CARTESIAN_POINT('Ctrl Pts',(2.59675915435741,-2.75843615112128,13.8495675948184));
#6217=CARTESIAN_POINT('Ctrl Pts',(3.58360142729608,-1.22661632184853,14.8942900740041));
#6218=CARTESIAN_POINT('Ctrl Pts',(3.7431799414516,0.594025489268615,15.9390125531897));
#6219=CARTESIAN_POINT('Ctrl Pts',(3.02968671467692,2.26637181984708,16.9837350323754));
#6220=CARTESIAN_POINT('Ctrl Pts',(1.15328575374305,3.82489917986832,18.3766983379562));
#6221=CARTESIAN_POINT('Ctrl Pts',(-2.15703780606832,3.68571971647686,20.1179024699324));
#6222=CARTESIAN_POINT('Ctrl Pts',(-4.26120509478604,0.281809894969846,22.2073474283037));
#6223=CARTESIAN_POINT('Ctrl Pts',(-2.90585510865581,-2.74152824177777,23.9485515602798));
#6224=CARTESIAN_POINT('Ctrl Pts',(-0.672876167007974,-3.72326018925464,
25.3415148658607));
#6225=CARTESIAN_POINT('Ctrl Pts',(1.14197005978153,-3.61387301292226,26.3862373450463));
#6226=CARTESIAN_POINT('Ctrl Pts',(2.69932094499772,-2.65722044785923,27.430959824232));
#6227=CARTESIAN_POINT('Ctrl Pts',(3.62815272678354,-1.0896844132516,28.4756823034177));
#6228=CARTESIAN_POINT('Ctrl Pts',(3.71667852787953,0.732724127664373,29.5204047826033));
#6229=CARTESIAN_POINT('Ctrl Pts',(2.943137369105,2.3847599804336,30.565127261789));
#6230=CARTESIAN_POINT('Ctrl Pts',(1.48917813708437,3.48326544289264,31.6098497409746));
#6231=CARTESIAN_POINT('Ctrl Pts',(-0.315415603735122,3.77585319623018,32.6545722201603));
#6232=CARTESIAN_POINT('Ctrl Pts',(-2.03457224822537,3.19127453480005,33.6992946993459));
#6233=CARTESIAN_POINT('Ctrl Pts',(-3.73159722062503,1.42813252157672,35.0922580049269));
#6234=CARTESIAN_POINT('Ctrl Pts',(-3.80942831212054,-1.20522623334449,36.4852213105077));
#6235=CARTESIAN_POINT('Ctrl Pts',(-2.21953021212021,-3.06551733095823,37.8781846160886));
#6236=CARTESIAN_POINT('Ctrl Pts',(-0.537872059847074,-3.75065389943759,
38.9229070952743));
#6237=CARTESIAN_POINT('Ctrl Pts',(1.28078828053588,-3.56510122610538,39.9676295744599));
#6238=CARTESIAN_POINT('Ctrl Pts',(2.79723946076694,-2.55455188221739,41.0123520536456));
#6239=CARTESIAN_POINT('Ctrl Pts',(3.66672744328806,-0.950783092904391,42.0570745328312));
#6240=CARTESIAN_POINT('Ctrl Pts',(3.68663265726547,0.872986867754753,43.1017970120169));
#6241=CARTESIAN_POINT('Ctrl Pts',(2.85077076498996,2.49400048681708,44.1465194912026));
#6242=CARTESIAN_POINT('Ctrl Pts',(1.35539942802994,3.53798364014703,45.1912419703882));
#6243=CARTESIAN_POINT('Ctrl Pts',(-0.455269758461029,3.76031393976715,46.2359644495739));
#6244=CARTESIAN_POINT('Ctrl Pts',(-1.59104835775004,3.32828868541104,46.9324461023643));
#6245=CARTESIAN_POINT('Ctrl Pts',(-2.07609034055994,2.99169299269207,47.2806869287595));
#6246=CARTESIAN_POINT('Ctrl Pts',(-2.8579972424729,1.92001178178078,7.29199665503628));
#6247=CARTESIAN_POINT('Ctrl Pts',(-3.16919014138359,1.45679147479964,7.6402374814315));
#6248=CARTESIAN_POINT('Ctrl Pts',(-3.5615319149136,0.376655630818462,8.33671913422194));
#6249=CARTESIAN_POINT('Ctrl Pts',(-3.3253160202547,-1.33183896063005,9.3814416134076));
#6250=CARTESIAN_POINT('Ctrl Pts',(-2.31714862465937,-2.73075359629676,10.4261640925933));
#6251=CARTESIAN_POINT('Ctrl Pts',(-0.772588940562838,-3.49769677699076,
11.4708865717789));
#6252=CARTESIAN_POINT('Ctrl Pts',(0.951143353134356,-3.45292552978456,12.5156090509646));
#6253=CARTESIAN_POINT('Ctrl Pts',(2.45517059380096,-2.60802508221894,13.5603315301502));
#6254=CARTESIAN_POINT('Ctrl Pts',(3.38833267025409,-1.15978494620898,14.6050540093359));
#6255=CARTESIAN_POINT('Ctrl Pts',(3.53908901824285,0.561646453787947,15.6497764885216));
#6256=CARTESIAN_POINT('Ctrl Pts',(2.86458828809041,2.1428616428709,16.6944989677072));
#6257=CARTESIAN_POINT('Ctrl Pts',(1.09043995438906,3.61637056091577,18.0874622732881));
#6258=CARTESIAN_POINT('Ctrl Pts',(-2.03946272769284,3.48485513501315,19.8286664052642));
#6259=CARTESIAN_POINT('Ctrl Pts',(-4.02896843155605,0.266433257326272,21.9181113636355));
#6260=CARTESIAN_POINT('Ctrl Pts',(-2.74741820307922,-2.59209024924726,23.6593154956116));
#6261=CARTESIAN_POINT('Ctrl Pts',(-0.636202111455619,-3.52036326260502,
25.0522788011925));
#6262=CARTESIAN_POINT('Ctrl Pts',(1.07969789725428,-3.41683606052936,26.0970012803782));
#6263=CARTESIAN_POINT('Ctrl Pts',(2.5522415157201,-2.51242767662075,27.1417237595638));
#6264=CARTESIAN_POINT('Ctrl Pts',(3.43032200740199,-1.03027048795188,28.1864462387495));
#6265=CARTESIAN_POINT('Ctrl Pts',(3.51416429328281,0.692798976745885,29.2311687179352));
#6266=CARTESIAN_POINT('Ctrl Pts',(2.7826563694379,2.25473120424203,30.2758911971208));
#6267=CARTESIAN_POINT('Ctrl Pts',(1.40804063014018,3.29346197918259,31.3206136763065));
#6268=CARTESIAN_POINT('Ctrl Pts',(-0.298230503198916,3.56998597828423,32.3653361554921));
#6269=CARTESIAN_POINT('Ctrl Pts',(-1.92368732079188,3.01736149475436,33.4100586346778));
#6270=CARTESIAN_POINT('Ctrl Pts',(-3.52817211146874,1.35032707257333,34.8030219402587));
#6271=CARTESIAN_POINT('Ctrl Pts',(-3.60176330849679,-1.13957229200312,36.1959852458395));
#6272=CARTESIAN_POINT('Ctrl Pts',(-2.09856559024801,-2.89845801407479,37.5889485514204));
#6273=CARTESIAN_POINT('Ctrl Pts',(-0.508558566998663,-3.54616010550691,
38.6336710306061));
#6274=CARTESIAN_POINT('Ctrl Pts',(1.21100666676607,-3.37083859571897,39.6783935097917));
#6275=CARTESIAN_POINT('Ctrl Pts',(2.64471174707797,-2.41526581958708,40.7231159889774));
#6276=CARTESIAN_POINT('Ctrl Pts',(3.46693813539487,-0.898974600544379,41.7678384681631));
#6277=CARTESIAN_POINT('Ctrl Pts',(3.48560554979019,0.825384340056994,42.8125609473487));
#6278=CARTESIAN_POINT('Ctrl Pts',(2.69545241226753,2.35810883408943,43.8572834265344));
#6279=CARTESIAN_POINT('Ctrl Pts',(1.28145512486991,3.34506563032374,44.90200590572));
#6280=CARTESIAN_POINT('Ctrl Pts',(-0.430404739147609,3.55543096767613,45.9467283849057));
#6281=CARTESIAN_POINT('Ctrl Pts',(-1.50449368912511,3.14682479535715,46.6432100376962));
#6282=CARTESIAN_POINT('Ctrl Pts',(-1.96296080254883,2.82867077755906,46.9914508640914));
#6283=CARTESIAN_POINT('Ctrl Pts',(-3.02561754578417,-1.6432382501642,9.632));
#6284=CARTESIAN_POINT('Ctrl Pts',(-3.15501328859766,-1.5409871570187,9.632));
#6285=CARTESIAN_POINT('Ctrl Pts',(-3.26894829317044,-1.41892258382045,9.632));
#6286=CARTESIAN_POINT('Ctrl Pts',(-3.52315914648968,-1.06362941063932,9.632));
#6287=CARTESIAN_POINT('Ctrl Pts',(-3.63365574771186,-0.809855808119895,
9.632));
#6288=CARTESIAN_POINT('Ctrl Pts',(-3.75717454525321,-0.268309226993782,
9.632));
#6289=CARTESIAN_POINT('Ctrl Pts',(-3.76596555805651,0.0197390910832926,
9.632));
#6290=CARTESIAN_POINT('Ctrl Pts',(-3.67749054944391,0.555639196394408,9.632));
#6291=CARTESIAN_POINT('Ctrl Pts',(-3.58892724136155,0.804301869395471,9.632));
#6292=CARTESIAN_POINT('Ctrl Pts',(-3.36796290262784,1.17043727200073,9.632));
#6293=CARTESIAN_POINT('Ctrl Pts',(-3.26177275429064,1.30312452344474,9.632));
#6294=CARTESIAN_POINT('Ctrl Pts',(-3.13816970833061,1.41650427527625,9.632));
#6295=CARTESIAN_POINT('',(1.42941152010533,3.45822883942603,46.003));
#6296=CARTESIAN_POINT('Ctrl Pts',(2.04452932248971,2.77028758969886,46.3019499742002));
#6297=CARTESIAN_POINT('Ctrl Pts',(2.0445961717542,2.79222303970443,46.2842609543632));
#6298=CARTESIAN_POINT('Ctrl Pts',(2.0425468328364,2.8146610372718,46.2673523539565));
#6299=CARTESIAN_POINT('Ctrl Pts',(2.02672609546897,2.90096327186313,46.2064903293702));
#6300=CARTESIAN_POINT('Ctrl Pts',(1.99943825725434,2.96370063995886,46.1704829739749));
#6301=CARTESIAN_POINT('Ctrl Pts',(1.90837611771232,3.1079523851087,46.0990416075703));
#6302=CARTESIAN_POINT('Ctrl Pts',(1.83104177883432,3.1911392689807,46.0678391307909));
#6303=CARTESIAN_POINT('Ctrl Pts',(1.64826267676467,3.33714918363175,46.0245952634014));
#6304=CARTESIAN_POINT('Ctrl Pts',(1.54544870559027,3.40177334529322,46.0108490455476));
#6305=CARTESIAN_POINT('Ctrl Pts',(1.42941152007563,3.45822883937715,46.0030000001036));
#6306=CARTESIAN_POINT('',(0.876277683118608,3.63795291590473,46.003));
#6307=CARTESIAN_POINT('Ctrl Pts',(1.42951679919208,3.45848706881484,46.0028297495804));
#6308=CARTESIAN_POINT('Ctrl Pts',(1.4001052058024,3.47263432906459,46.0028491881569));
#6309=CARTESIAN_POINT('Ctrl Pts',(1.37036893724919,3.48611708552047,46.0028667432494));
#6310=CARTESIAN_POINT('Ctrl Pts',(1.34033221736914,3.49892113697157,46.0028847513194));
#6311=CARTESIAN_POINT('Ctrl Pts',(1.3211754384141,3.50708728774826,46.0028962364822));
#6312=CARTESIAN_POINT('Ctrl Pts',(1.3018964392647,3.5149773500458,46.0029079002843));
#6313=CARTESIAN_POINT('Ctrl Pts',(1.28250198208188,3.52258879283547,46.0029203074732));
#6314=CARTESIAN_POINT('Ctrl Pts',(1.24179226819223,3.53856550491015,46.0029463506413));
#6315=CARTESIAN_POINT('Ctrl Pts',(1.20060996280436,3.55330067525789,46.0029738660924));
#6316=CARTESIAN_POINT('Ctrl Pts',(1.15902764800353,3.56677265464607,46.0030014423388));
#6317=CARTESIAN_POINT('Ctrl Pts',(1.06651948188209,3.59674376407553,46.003062791208));
#6318=CARTESIAN_POINT('Ctrl Pts',(0.972033683400882,3.62046602183613,46.0031235373864));
#6319=CARTESIAN_POINT('Ctrl Pts',(0.876396866240403,3.63780496160645,46.0031702504282));
#6320=CARTESIAN_POINT('Ctrl Pts',(0.876277683087211,3.63795291549298,46.0030000009059));
#6321=CARTESIAN_POINT('Ctrl Pts',(0.687207297606147,3.67355912909849,46.0126591218954));
#6322=CARTESIAN_POINT('Ctrl Pts',(0.485403722232098,3.6882073419548,46.0307209625257));
#6323=CARTESIAN_POINT('Ctrl Pts',(-0.0706552267076636,3.66111981995373,
46.0995811188946));
#6324=CARTESIAN_POINT('Ctrl Pts',(-0.407750021995188,3.57634567860718,46.1603728712238));
#6325=CARTESIAN_POINT('Ctrl Pts',(-0.801847971752089,3.39724189531302,46.2557097296299));
#6326=CARTESIAN_POINT('Ctrl Pts',(-0.887801197193768,3.35238898980605,46.2782975216971));
#6327=CARTESIAN_POINT('Ctrl Pts',(-0.970506613742749,3.30343917650096,46.3019499742003));
#6328=CARTESIAN_POINT('Ctrl Pts',(3.26649437034192,-1.08839699038737,46.3019499742003));
#6329=CARTESIAN_POINT('Ctrl Pts',(3.04214675628913,-1.76170849783857,45.859067980914));
#6330=CARTESIAN_POINT('Ctrl Pts',(2.16552921257015,-2.96358893041543,44.9733000653992));
#6331=CARTESIAN_POINT('Ctrl Pts',(0.0436952053891749,-3.67048263283221,
43.6445637405084));
#6332=CARTESIAN_POINT('Ctrl Pts',(-2.08763808546105,-3.01606170195428,42.3158976616872));
#6333=CARTESIAN_POINT('Ctrl Pts',(-3.61188924648288,-1.05055115416462,40.8395630941696));
#6334=CARTESIAN_POINT('Ctrl Pts',(-3.42710788526242,1.7754963611694,39.2155931701411));
#6335=CARTESIAN_POINT('Ctrl Pts',(-1.01970996790688,3.71965625814221,37.4440242443052));
#6336=CARTESIAN_POINT('Ctrl Pts',(2.03666936609408,3.27593044831431,35.6724185260429));
#6337=CARTESIAN_POINT('Ctrl Pts',(3.7924216445024,0.727975152463631,33.9008182776306));
#6338=CARTESIAN_POINT('Ctrl Pts',(3.10388259587536,-2.2875055782036,32.1292134102187));
#6339=CARTESIAN_POINT('Ctrl Pts',(0.655008483427592,-3.70390599380772,30.5052837333764));
#6340=CARTESIAN_POINT('Ctrl Pts',(-1.78242906000603,-3.20605052031325,29.0289382350695));
#6341=CARTESIAN_POINT('Ctrl Pts',(-3.31209031568913,-1.58384222884687,27.7002674653734));
#6342=CARTESIAN_POINT('Ctrl Pts',(-3.61590724432562,0.632127407404418,26.3715436156159));
#6343=CARTESIAN_POINT('Ctrl Pts',(-2.57965053115325,2.61015725717383,25.0428765426769));
#6344=CARTESIAN_POINT('Ctrl Pts',(-0.589486688741658,3.62306347547096,23.7141656805391));
#6345=CARTESIAN_POINT('Ctrl Pts',(1.62260303084591,3.29334376721925,22.3854833835181));
#6346=CARTESIAN_POINT('Ctrl Pts',(3.22699418259675,1.74424953490365,21.0567845081681));
#6347=CARTESIAN_POINT('Ctrl Pts',(3.69564240457817,-0.697955455648977,19.5804375205703));
#6348=CARTESIAN_POINT('Ctrl Pts',(2.25258729120354,-3.13419260236613,17.9564975453078));
#6349=CARTESIAN_POINT('Ctrl Pts',(-0.774852568412198,-3.77925557370256,
16.1849102490286));
#6350=CARTESIAN_POINT('Ctrl Pts',(-3.08506531461817,-2.14620984780593,14.5609512629979));
#6351=CARTESIAN_POINT('Ctrl Pts',(-3.65902098519669,0.271702907461873,13.0846123480642));
#6352=CARTESIAN_POINT('Ctrl Pts',(-2.82664811896733,2.34166648786044,11.7559222707969));
#6353=CARTESIAN_POINT('Ctrl Pts',(-0.943966688557107,3.54692929715908,10.4272408276248));
#6354=CARTESIAN_POINT('Ctrl Pts',(0.542164873898812,3.47337326625052,9.54142761938666));
#6355=CARTESIAN_POINT('Ctrl Pts',(1.20683772653589,3.22461411365289,9.0985496361136));
#6356=CARTESIAN_POINT('Ctrl Pts',(3.18872954751585,-1.10407267407576,46.3776451088288));
#6357=CARTESIAN_POINT('Ctrl Pts',(2.96120695617412,-1.76127675566348,45.9347631155425));
#6358=CARTESIAN_POINT('Ctrl Pts',(2.08824267462972,-2.92909425472919,45.0489952000277));
#6359=CARTESIAN_POINT('Ctrl Pts',(0.000818047113250016,-3.59749944084305,
43.7202588751369));
#6360=CARTESIAN_POINT('Ctrl Pts',(-2.0803914102173,-2.93179730480989,42.3915927963157));
#6361=CARTESIAN_POINT('Ctrl Pts',(-3.55161235959839,-0.988113861955479,
40.9152582287981));
#6362=CARTESIAN_POINT('Ctrl Pts',(-3.33819304041447,1.77918011366534,39.2912883047696));
#6363=CARTESIAN_POINT('Ctrl Pts',(-0.956756466651033,3.65689043916522,37.5197193789338));
#6364=CARTESIAN_POINT('Ctrl Pts',(2.0334128335134,3.18703799702665,35.7481136606714));
#6365=CARTESIAN_POINT('Ctrl Pts',(3.72480653325641,0.669935964908095,33.9765134122592));
#6366=CARTESIAN_POINT('Ctrl Pts',(3.01557918003236,-2.2772881876722,32.2049085448472));
#6367=CARTESIAN_POINT('Ctrl Pts',(0.599509707873521,-3.63723947640514,30.5809788680049));
#6368=CARTESIAN_POINT('Ctrl Pts',(-1.78350973204929,-3.12145689333251,29.104633369698));
#6369=CARTESIAN_POINT('Ctrl Pts',(-3.26390230317173,-1.51426075266702,27.7759626000019));
#6370=CARTESIAN_POINT('Ctrl Pts',(-3.53630164098554,0.660889160597063,26.4472387502444));
#6371=CARTESIAN_POINT('Ctrl Pts',(-2.49811818475098,2.58743192017847,25.1185716773054));
#6372=CARTESIAN_POINT('Ctrl Pts',(-0.53620565433837,3.5573077920044,23.7898608151676));
#6373=CARTESIAN_POINT('Ctrl Pts',(1.62785965078687,3.20879201301675,22.4611785181466));
#6374=CARTESIAN_POINT('Ctrl Pts',(3.18238813423368,1.67243509063077,21.1324796427966));
#6375=CARTESIAN_POINT('Ctrl Pts',(3.61365773782501,-0.726315269246469,19.6561326551988));
#6376=CARTESIAN_POINT('Ctrl Pts',(2.17160604678767,-3.09723861075833,18.0321926799363));
#6377=CARTESIAN_POINT('Ctrl Pts',(-0.80258796927349,-3.69477574468544,16.2606053836571));
#6378=CARTESIAN_POINT('Ctrl Pts',(-3.0478792936405,-2.06788984730967,14.6366463976264));
#6379=CARTESIAN_POINT('Ctrl Pts',(-3.58267422120222,0.308163136131854,13.1603074826926));
#6380=CARTESIAN_POINT('Ctrl Pts',(-2.7432286783997,2.32716682646678,11.8316174054254));
#6381=CARTESIAN_POINT('Ctrl Pts',(-0.884470898840739,3.48676431283858,10.5029359622533));
#6382=CARTESIAN_POINT('Ctrl Pts',(0.57120556210334,3.39767356640606,9.61712275401516));
#6383=CARTESIAN_POINT('Ctrl Pts',(1.21966603108414,3.14632918962096,9.1742447707421));
#6384=CARTESIAN_POINT('Ctrl Pts',(3.08099878811596,-1.17746363191092,46.5686751561435));
#6385=CARTESIAN_POINT('Ctrl Pts',(2.83827934553002,-1.81257310637157,46.1257931628572));
#6386=CARTESIAN_POINT('Ctrl Pts',(1.9493683779424,-2.92639550144933,45.2400252473425));
#6387=CARTESIAN_POINT('Ctrl Pts',(-0.110782481858472,-3.51475325236509,
43.9112889224516));
#6388=CARTESIAN_POINT('Ctrl Pts',(-2.12341415806456,-2.79980468691376,42.5826228436305));
#6389=CARTESIAN_POINT('Ctrl Pts',(-3.50052420474095,-0.8553181877747,41.1062882761128));
#6390=CARTESIAN_POINT('Ctrl Pts',(-3.20618491257939,1.84176849862074,39.4823183520843));
#6391=CARTESIAN_POINT('Ctrl Pts',(-0.82128231160099,3.60238512651978,37.7107494262484));
#6392=CARTESIAN_POINT('Ctrl Pts',(2.08543792653536,3.0506418177548,35.9391437079861));
#6393=CARTESIAN_POINT('Ctrl Pts',(3.65990880709203,0.539083160977399,34.1675434595738));
#6394=CARTESIAN_POINT('Ctrl Pts',(2.87554176961385,-2.31834538253486,32.3959385921619));
#6395=CARTESIAN_POINT('Ctrl Pts',(0.472903299629186,-3.57216107515942,30.7720089153196));
#6396=CARTESIAN_POINT('Ctrl Pts',(-1.83918707366584,-2.99433041786261,29.2956634170127));
#6397=CARTESIAN_POINT('Ctrl Pts',(-3.2357806218554,-1.37814821644228,27.9669926473166));
#6398=CARTESIAN_POINT('Ctrl Pts',(-3.43441223788031,0.755315808325511,26.6382687975591));
#6399=CARTESIAN_POINT('Ctrl Pts',(-2.36041286016956,2.6053676756751,25.3096017246201));
#6400=CARTESIAN_POINT('Ctrl Pts',(-0.413557793954421,3.49204736624298,23.9808908624823));
#6401=CARTESIAN_POINT('Ctrl Pts',(1.68985484552599,3.08453808921628,22.6522085654613));
#6402=CARTESIAN_POINT('Ctrl Pts',(3.16099104465363,1.53520260892037,21.3235096901113));
#6403=CARTESIAN_POINT('Ctrl Pts',(3.50799844157825,-0.821629298981262,19.8471627025135));
#6404=CARTESIAN_POINT('Ctrl Pts',(2.0256004434428,-3.093310438477,18.223222727251));
#6405=CARTESIAN_POINT('Ctrl Pts',(-0.898722751398556,-3.58480848494742,
16.4516354309718));
#6406=CARTESIAN_POINT('Ctrl Pts',(-3.0418655556403,-1.92584235560094,14.8276764449411));
#6407=CARTESIAN_POINT('Ctrl Pts',(-3.49066216771495,0.412157670464518,13.3513375300074));
#6408=CARTESIAN_POINT('Ctrl Pts',(-2.6079743273571,2.35866016405334,12.0226474527401));
#6409=CARTESIAN_POINT('Ctrl Pts',(-0.755983132599992,3.43391612748205,10.693966009568));
#6410=CARTESIAN_POINT('Ctrl Pts',(0.66325162490942,3.30171770750554,9.80815280132986));
#6411=CARTESIAN_POINT('Ctrl Pts',(1.28907800160365,3.03599276063471,9.3652748180568));
#6412=CARTESIAN_POINT('Ctrl Pts',(3.1123243247834,-1.30399765881805,46.7597052034581));
#6413=CARTESIAN_POINT('Ctrl Pts',(2.84354583155726,-1.94543499481082,46.3168232101719));
#6414=CARTESIAN_POINT('Ctrl Pts',(1.89832104163625,-3.05561616034415,45.4310552946571));
#6415=CARTESIAN_POINT('Ctrl Pts',(-0.227314991290794,-3.59029848715011,
44.1023189697663));
#6416=CARTESIAN_POINT('Ctrl Pts',(-2.26210563504975,-2.79397917717543,42.7736528909451));
#6417=CARTESIAN_POINT('Ctrl Pts',(-3.60715166754317,-0.760916163636148,
41.2973183234275));
#6418=CARTESIAN_POINT('Ctrl Pts',(-3.2186431798815,1.98727183447072,39.673348399399));
#6419=CARTESIAN_POINT('Ctrl Pts',(-0.722945030592962,3.71017058833848,37.9017794735631));
#6420=CARTESIAN_POINT('Ctrl Pts',(2.23141296435316,3.05168326832659,36.1301737553008));
#6421=CARTESIAN_POINT('Ctrl Pts',(3.75982063935293,0.432377811963874,34.3585735068885));
#6422=CARTESIAN_POINT('Ctrl Pts',(2.86511969008243,-2.46391154554357,32.5869686394766));
#6423=CARTESIAN_POINT('Ctrl Pts',(0.367644297325063,-3.66792535869713,30.9630389626343));
#6424=CARTESIAN_POINT('Ctrl Pts',(-1.97785418038083,-3.00210917954964,29.4866934643274));
#6425=CARTESIAN_POINT('Ctrl Pts',(-3.35333190282933,-1.30422518614489,28.1580226946313));
#6426=CARTESIAN_POINT('Ctrl Pts',(-3.48728209629374,0.883791894902242,26.8292988448738));
#6427=CARTESIAN_POINT('Ctrl Pts',(-2.32901097369288,2.74064001703265,25.5006317719348));
#6428=CARTESIAN_POINT('Ctrl Pts',(-0.309562673232072,3.58414569633828,24.171920909797));
#6429=CARTESIAN_POINT('Ctrl Pts',(1.82808114028071,3.09913101816236,22.843238612776));
#6430=CARTESIAN_POINT('Ctrl Pts',(3.28200441371014,1.46727305574252,21.514539737426));
#6431=CARTESIAN_POINT('Ctrl Pts',(3.56033908664199,-0.954007566630504,20.0381927498282));
#6432=CARTESIAN_POINT('Ctrl Pts',(1.97083121741076,-3.22871283915873,18.4142527745657));
#6433=CARTESIAN_POINT('Ctrl Pts',(-1.03524307890964,-3.6364258846862,16.6426654782864));
#6434=CARTESIAN_POINT('Ctrl Pts',(-3.17289287011361,-1.87045911940605,15.0187064922558));
#6435=CARTESIAN_POINT('Ctrl Pts',(-3.55592330548061,0.534720404586843,13.542367577322));
#6436=CARTESIAN_POINT('Ctrl Pts',(-2.59014703535759,2.49644810215478,12.2136775000548));
#6437=CARTESIAN_POINT('Ctrl Pts',(-0.661603467361989,3.5358219921976,10.8849960568827));
#6438=CARTESIAN_POINT('Ctrl Pts',(0.785471274546911,3.35467860810194,9.99918284864455));
#6439=CARTESIAN_POINT('Ctrl Pts',(1.41667058969962,3.06268134763013,9.55630486537149));
#6440=CARTESIAN_POINT('Ctrl Pts',(3.15981378673116,-1.36754170442565,46.8354003380867));
#6441=CARTESIAN_POINT('Ctrl Pts',(2.87792701084401,-2.018863501679,46.3925183448004));
#6442=CARTESIAN_POINT('Ctrl Pts',(1.90039386475724,-3.14020370004377,45.5067504292856));
#6443=CARTESIAN_POINT('Ctrl Pts',(-0.274744251607806,-3.66044636965293,
44.1780141043948));
#6444=CARTESIAN_POINT('Ctrl Pts',(-2.34130356273472,-2.82367820280366,42.8493480255736));
#6445=CARTESIAN_POINT('Ctrl Pts',(-3.68938016895914,-0.733400044495723,
41.373013458056));
#6446=CARTESIAN_POINT('Ctrl Pts',(-3.26024258028281,2.06598017983342,39.7490435340275));
#6447=CARTESIAN_POINT('Ctrl Pts',(-0.693330331303276,3.79406696686815,37.9774746081917));
#6448=CARTESIAN_POINT('Ctrl Pts',(2.31306055876827,3.08698773247472,36.2058688899293));
#6449=CARTESIAN_POINT('Ctrl Pts',(3.84126136850991,0.39638472610339,34.434268641517));
#6450=CARTESIAN_POINT('Ctrl Pts',(2.89383740317577,-2.54803336384583,32.6626637741051));
#6451=CARTESIAN_POINT('Ctrl Pts',(0.331368260521407,-3.74675203346122,31.0387340972628));
#6452=CARTESIAN_POINT('Ctrl Pts',(-2.0537184407576,-3.03941669713895,29.5623885989559));
#6453=CARTESIAN_POINT('Ctrl Pts',(-3.43695318799105,-1.29067860008544,28.2337178292598));
#6454=CARTESIAN_POINT('Ctrl Pts',(-3.54747461590902,0.943288984479018,26.9049939795023));
#6455=CARTESIAN_POINT('Ctrl Pts',(-2.3436021286627,2.82401254115206,25.5763269065633));
#6456=CARTESIAN_POINT('Ctrl Pts',(-0.273103274961736,3.66053248922893,24.2476160444255));
#6457=CARTESIAN_POINT('Ctrl Pts',(1.90206378059367,3.14023998117117,22.9189337474045));
#6458=CARTESIAN_POINT('Ctrl Pts',(3.36608681386947,1.45786057495872,21.5902348720545));
#6459=CARTESIAN_POINT('Ctrl Pts',(3.62120136594685,-1.01578308110107,20.1138878844567));
#6460=CARTESIAN_POINT('Ctrl Pts',(1.97233064735844,-3.31771375961051,18.4899479091942));
#6461=CARTESIAN_POINT('Ctrl Pts',(-1.09964081962928,-3.69783169735209,16.7183606129149));
#6462=CARTESIAN_POINT('Ctrl Pts',(-3.25954731320562,-1.87061380815318,15.0944016268843));
#6463=CARTESIAN_POINT('Ctrl Pts',(-3.62167909329871,0.587960530304496,13.6180627119505));
#6464=CARTESIAN_POINT('Ctrl Pts',(-2.61295075115548,2.5779507173075,12.2893726346833));
#6465=CARTESIAN_POINT('Ctrl Pts',(-0.632849844534068,3.615422744635,10.9606911915112));
#6466=CARTESIAN_POINT('Ctrl Pts',(0.841305896190608,3.41327833412812,10.0748779832731));
#6467=CARTESIAN_POINT('Ctrl Pts',(1.48190480356901,3.10782104267907,9.632));
#6468=CARTESIAN_POINT('',(2.72686917346362,-2.10208895886295,46.3019499742003));
#6469=CARTESIAN_POINT('',(3.26649437034192,-1.08839699038738,46.3019499742003));
#6470=CARTESIAN_POINT('Ctrl Pts',(3.26649437034192,-1.08839699038737,46.3019499742003));
#6471=CARTESIAN_POINT('Ctrl Pts',(3.24785138099416,-1.09439171346113,46.3177419553773));
#6472=CARTESIAN_POINT('Ctrl Pts',(3.22982423592679,-1.10502197931353,46.3314269765046));
#6473=CARTESIAN_POINT('Ctrl Pts',(3.18884733828974,-1.13811342047777,46.3592382534377));
#6474=CARTESIAN_POINT('Ctrl Pts',(3.16700748838715,-1.16305974451039,46.3713336438173));
#6475=CARTESIAN_POINT('Ctrl Pts',(3.10991210173348,-1.24012292124545,46.397490902614));
#6476=CARTESIAN_POINT('Ctrl Pts',(3.07622061877939,-1.3016367846451,46.4053625679973));
#6477=CARTESIAN_POINT('Ctrl Pts',(2.9572482017253,-1.53980654320373,46.4169536200165));
#6478=CARTESIAN_POINT('Ctrl Pts',(2.85842819019942,-1.79779016420014,46.3835401071123));
#6479=CARTESIAN_POINT('Ctrl Pts',(2.72686917346361,-2.10208895886297,46.3019499742002));
#6480=CARTESIAN_POINT('',(0.377427850254593,3.42230064401302,9.632));
#6481=CARTESIAN_POINT('Ctrl Pts',(3.26649437034192,-1.08839699038737,46.3019499742003));
#6482=CARTESIAN_POINT('Ctrl Pts',(3.04214675628913,-1.76170849783857,45.859067980914));
#6483=CARTESIAN_POINT('Ctrl Pts',(2.16552921257015,-2.96358893041543,44.9733000653992));
#6484=CARTESIAN_POINT('Ctrl Pts',(0.0436952053891749,-3.67048263283221,
43.6445637405084));
#6485=CARTESIAN_POINT('Ctrl Pts',(-2.08763808546105,-3.01606170195428,42.3158976616872));
#6486=CARTESIAN_POINT('Ctrl Pts',(-3.61188924648288,-1.05055115416462,40.8395630941696));
#6487=CARTESIAN_POINT('Ctrl Pts',(-3.42710788526242,1.7754963611694,39.2155931701411));
#6488=CARTESIAN_POINT('Ctrl Pts',(-1.01970996790688,3.71965625814221,37.4440242443052));
#6489=CARTESIAN_POINT('Ctrl Pts',(2.03666936609408,3.27593044831431,35.6724185260429));
#6490=CARTESIAN_POINT('Ctrl Pts',(3.7924216445024,0.727975152463631,33.9008182776306));
#6491=CARTESIAN_POINT('Ctrl Pts',(3.10388259587536,-2.2875055782036,32.1292134102187));
#6492=CARTESIAN_POINT('Ctrl Pts',(0.655008483427592,-3.70390599380772,30.5052837333764));
#6493=CARTESIAN_POINT('Ctrl Pts',(-1.78242906000603,-3.20605052031325,29.0289382350695));
#6494=CARTESIAN_POINT('Ctrl Pts',(-3.31209031568913,-1.58384222884687,27.7002674653734));
#6495=CARTESIAN_POINT('Ctrl Pts',(-3.61590724432562,0.632127407404418,26.3715436156159));
#6496=CARTESIAN_POINT('Ctrl Pts',(-2.57965053115325,2.61015725717383,25.0428765426769));
#6497=CARTESIAN_POINT('Ctrl Pts',(-0.589486688741658,3.62306347547096,23.7141656805391));
#6498=CARTESIAN_POINT('Ctrl Pts',(1.62260303084591,3.29334376721925,22.3854833835181));
#6499=CARTESIAN_POINT('Ctrl Pts',(3.22699418259675,1.74424953490365,21.0567845081681));
#6500=CARTESIAN_POINT('Ctrl Pts',(3.69564240457817,-0.697955455648977,19.5804375205703));
#6501=CARTESIAN_POINT('Ctrl Pts',(2.25258729120354,-3.13419260236613,17.9564975453078));
#6502=CARTESIAN_POINT('Ctrl Pts',(-0.774852568412198,-3.77925557370256,
16.1849102490286));
#6503=CARTESIAN_POINT('Ctrl Pts',(-3.08506531461817,-2.14620984780593,14.5609512629979));
#6504=CARTESIAN_POINT('Ctrl Pts',(-3.65902098519669,0.271702907461873,13.0846123480642));
#6505=CARTESIAN_POINT('Ctrl Pts',(-2.82664811896733,2.34166648786044,11.7559222707969));
#6506=CARTESIAN_POINT('Ctrl Pts',(-1.1958945474108,3.38564907523835,10.605036107097));
#6507=CARTESIAN_POINT('Ctrl Pts',(-0.0451206618829829,3.46756597030972,
9.89702741638923));
#6508=CARTESIAN_POINT('Ctrl Pts',(0.377266721414071,3.42124356407117,9.63192798060082));
#6509=CARTESIAN_POINT('',(1.48190480356901,3.10782104267907,9.632));
#6510=CARTESIAN_POINT('Ctrl Pts',(1.48190480356901,3.10782104267907,9.632));
#6511=CARTESIAN_POINT('Ctrl Pts',(1.35880093173639,3.11280089899283,9.632));
#6512=CARTESIAN_POINT('Ctrl Pts',(1.22880950397799,3.13299254561442,9.63200000067613));
#6513=CARTESIAN_POINT('Ctrl Pts',(0.979410457051067,3.18694451057045,9.63200000067613));
#6514=CARTESIAN_POINT('Ctrl Pts',(0.846339633905656,3.22483177353792,9.63199999997743));
#6515=CARTESIAN_POINT('Ctrl Pts',(0.605891201008682,3.3103473441048,9.63199999997743));
#6516=CARTESIAN_POINT('Ctrl Pts',(0.48472128193115,3.36167065171088,9.632));
#6517=CARTESIAN_POINT('Ctrl Pts',(0.377427850254593,3.42230064401302,9.632));
#6518=CARTESIAN_POINT('Ctrl Pts',(1.48190480356901,3.10782104267907,9.632));
#6519=CARTESIAN_POINT('Ctrl Pts',(0.841305896190608,3.41327833412812,10.0748779832731));
#6520=CARTESIAN_POINT('Ctrl Pts',(-0.632849844534068,3.615422744635,10.9606911915112));
#6521=CARTESIAN_POINT('Ctrl Pts',(-2.61295075115548,2.5779507173075,12.2893726346833));
#6522=CARTESIAN_POINT('Ctrl Pts',(-3.62167909329871,0.587960530304496,13.6180627119505));
#6523=CARTESIAN_POINT('Ctrl Pts',(-3.25954731320562,-1.87061380815318,15.0944016268843));
#6524=CARTESIAN_POINT('Ctrl Pts',(-1.09964081962928,-3.69783169735209,16.7183606129149));
#6525=CARTESIAN_POINT('Ctrl Pts',(1.97233064735844,-3.31771375961051,18.4899479091942));
#6526=CARTESIAN_POINT('Ctrl Pts',(3.62120136594685,-1.01578308110107,20.1138878844567));
#6527=CARTESIAN_POINT('Ctrl Pts',(3.36608681386947,1.45786057495872,21.5902348720545));
#6528=CARTESIAN_POINT('Ctrl Pts',(1.90206378059367,3.14023998117117,22.9189337474045));
#6529=CARTESIAN_POINT('Ctrl Pts',(-0.273103274961736,3.66053248922893,24.2476160444255));
#6530=CARTESIAN_POINT('Ctrl Pts',(-2.3436021286627,2.82401254115206,25.5763269065633));
#6531=CARTESIAN_POINT('Ctrl Pts',(-3.54747461590902,0.943288984479018,26.9049939795023));
#6532=CARTESIAN_POINT('Ctrl Pts',(-3.43695318799105,-1.29067860008544,28.2337178292598));
#6533=CARTESIAN_POINT('Ctrl Pts',(-2.0537184407576,-3.03941669713895,29.5623885989559));
#6534=CARTESIAN_POINT('Ctrl Pts',(0.331368260521407,-3.74675203346122,31.0387340972628));
#6535=CARTESIAN_POINT('Ctrl Pts',(2.89383740317577,-2.54803336384583,32.6626637741051));
#6536=CARTESIAN_POINT('Ctrl Pts',(3.84126136850991,0.39638472610339,34.434268641517));
#6537=CARTESIAN_POINT('Ctrl Pts',(2.31306055876827,3.08698773247472,36.2058688899293));
#6538=CARTESIAN_POINT('Ctrl Pts',(-0.693330331303276,3.79406696686815,37.9774746081917));
#6539=CARTESIAN_POINT('Ctrl Pts',(-3.26024258028281,2.06598017983342,39.7490435340275));
#6540=CARTESIAN_POINT('Ctrl Pts',(-3.68938016895914,-0.733400044495723,
41.373013458056));
#6541=CARTESIAN_POINT('Ctrl Pts',(-2.34130356273472,-2.82367820280366,42.8493480255736));
#6542=CARTESIAN_POINT('Ctrl Pts',(-0.274744251607806,-3.66044636965293,
44.1780141043948));
#6543=CARTESIAN_POINT('Ctrl Pts',(1.60931824466152,-3.20982224817983,45.3289397666884));
#6544=CARTESIAN_POINT('Ctrl Pts',(2.46644797314833,-2.43782788222627,46.0369173536395));
#6545=CARTESIAN_POINT('Ctrl Pts',(2.72603068482197,-2.10148353515829,46.3020028866101));
#6546=CARTESIAN_POINT('Ctrl Pts',(0.94286999862522,3.31143317097781,9.27200334496369));
#6547=CARTESIAN_POINT('Ctrl Pts',(0.406157487375266,3.46425223710891,9.62024412303528));
#6548=CARTESIAN_POINT('Ctrl Pts',(-0.742352837206032,3.50361099429703,10.3167256791784));
#6549=CARTESIAN_POINT('Ctrl Pts',(-2.29423295455509,2.75100294766,11.3614480133932));
#6550=CARTESIAN_POINT('Ctrl Pts',(-3.31313890785579,1.35989064735545,12.406170347608));
#6551=CARTESIAN_POINT('Ctrl Pts',(-3.56525059063123,-0.346071034643577,
13.4508926818227));
#6552=CARTESIAN_POINT('Ctrl Pts',(-2.99000837737442,-1.97160268775205,14.4956150160375));
#6553=CARTESIAN_POINT('Ctrl Pts',(-1.72169119512561,-3.14092939111774,15.5403373502523));
#6554=CARTESIAN_POINT('Ctrl Pts',(-0.055970161625638,-3.58088900675259,
16.585059684467));
#6555=CARTESIAN_POINT('Ctrl Pts',(1.62779420597176,-3.19231623037984,17.6297820186818));
#6556=CARTESIAN_POINT('Ctrl Pts',(2.92318802357141,-2.06220649462538,18.6745043528965));
#6557=CARTESIAN_POINT('Ctrl Pts',(3.77633673363687,0.0804474284517637,20.0674674651829));
#6558=CARTESIAN_POINT('Ctrl Pts',(2.68406815368986,3.01652138332036,21.8086713555408));
#6559=CARTESIAN_POINT('Ctrl Pts',(-0.991623183555825,3.91410990623074,23.8981160239704));
#6560=CARTESIAN_POINT('Ctrl Pts',(-3.31422074391939,1.81195338807595,25.6393199143283));
#6561=CARTESIAN_POINT('Ctrl Pts',(-3.54466250355757,-0.482783733279287,
27.0322830266146));
#6562=CARTESIAN_POINT('Ctrl Pts',(-2.91596150398786,-2.08271068923261,28.0770053608294));
#6563=CARTESIAN_POINT('Ctrl Pts',(-1.60077894360473,-3.20370654100732,29.1217276950442));
#6564=CARTESIAN_POINT('Ctrl Pts',(0.0801775998574267,-3.5808013978443,30.1664500292589));
#6565=CARTESIAN_POINT('Ctrl Pts',(1.74482291033441,-3.12808448694453,31.2111723634737));
#6566=CARTESIAN_POINT('Ctrl Pts',(3.00426210920422,-1.94971779505565,32.2558946976885));
#6567=CARTESIAN_POINT('Ctrl Pts',(3.56737627606041,-0.321395836411583,33.3006170319032));
#6568=CARTESIAN_POINT('Ctrl Pts',(3.30310250356776,1.38681482144466,34.345339366118));
#6569=CARTESIAN_POINT('Ctrl Pts',(2.27523371433996,2.76194775420042,35.3900617003328));
#6570=CARTESIAN_POINT('Ctrl Pts',(0.193979092383341,3.77276432028141,36.783024812619));
#6571=CARTESIAN_POINT('Ctrl Pts',(-2.19679790193154,3.07333691388251,38.1759879249055));
#6572=CARTESIAN_POINT('Ctrl Pts',(-3.40508764300104,1.10018866409379,39.5689510371918));
#6573=CARTESIAN_POINT('Ctrl Pts',(-3.52975313100601,-0.612148907360453,
40.6136733714066));
#6574=CARTESIAN_POINT('Ctrl Pts',(-2.83164091724568,-2.19337602017683,41.6583957056213));
#6575=CARTESIAN_POINT('Ctrl Pts',(-1.47980045683076,-3.26162545908453,42.7031180398361));
#6576=CARTESIAN_POINT('Ctrl Pts',(0.216359166392699,-3.57505284444421,43.7478403740509));
#6577=CARTESIAN_POINT('Ctrl Pts',(1.86209151958434,-3.0599544202727,44.7925627082656));
#6578=CARTESIAN_POINT('Ctrl Pts',(3.07563093273853,-1.83483906948178,45.8372850424804));
#6579=CARTESIAN_POINT('Ctrl Pts',(3.57733748112539,-0.185062820345249,46.8820073766951));
#6580=CARTESIAN_POINT('Ctrl Pts',(3.24841701847654,1.50801962292624,47.9267297109099));
#6581=CARTESIAN_POINT('Ctrl Pts',(2.52790020964441,2.40327443229957,48.6232112670531));
#6582=CARTESIAN_POINT('Ctrl Pts',(2.08364455595224,2.74098866189014,48.9714520451247));
#6583=CARTESIAN_POINT('Ctrl Pts',(0.997209569344364,3.50227799289222,8.98276728029552));
#6584=CARTESIAN_POINT('Ctrl Pts',(0.429386724404649,3.66395515724508,9.3310080583671));
#6585=CARTESIAN_POINT('Ctrl Pts',(-0.785071824769188,3.70552816637422,10.0274896145103));
#6586=CARTESIAN_POINT('Ctrl Pts',(-2.42658442892598,2.90964708491903,11.072211948725));
#6587=CARTESIAN_POINT('Ctrl Pts',(-3.5040537834856,1.43826204633885,12.1169342829398));
#6588=CARTESIAN_POINT('Ctrl Pts',(-3.7708707761795,-0.366030608833722,13.1616566171546));
#6589=CARTESIAN_POINT('Ctrl Pts',(-3.16231310858541,-2.08522307353998,14.2063789513693));
#6590=CARTESIAN_POINT('Ctrl Pts',(-1.8209874536046,-3.32206769435614,15.2511012855841));
#6591=CARTESIAN_POINT('Ctrl Pts',(-0.0591893000344953,-3.78725267397464,
16.2958236197988));
#6592=CARTESIAN_POINT('Ctrl Pts',(1.72165597019048,-3.37641265114921,17.3405459540136));
#6593=CARTESIAN_POINT('Ctrl Pts',(3.09167136318747,-2.18105780004838,18.3852682882284));
#6594=CARTESIAN_POINT('Ctrl Pts',(3.99407967424314,0.0851162824742263,19.7782314005148));
#6595=CARTESIAN_POINT('Ctrl Pts',(2.83876919357534,3.19041238387946,21.5194352908726));
#6596=CARTESIAN_POINT('Ctrl Pts',(-1.04876401331628,4.13973181789851,23.6088799593022));
#6597=CARTESIAN_POINT('Ctrl Pts',(-3.50530430817472,1.91645719209923,25.3500838496601));
#6598=CARTESIAN_POINT('Ctrl Pts',(-3.74896192171407,-0.510602993131489,
26.7430469619465));
#6599=CARTESIAN_POINT('Ctrl Pts',(-3.08411179544484,-2.2028226302983,27.7877692961612));
#6600=CARTESIAN_POINT('Ctrl Pts',(-1.69303526158503,-3.38833070633601,28.832491630376));
#6601=CARTESIAN_POINT('Ctrl Pts',(0.084804381466521,-3.78730956555104,29.8772139645907));
#6602=CARTESIAN_POINT('Ctrl Pts',(1.84537407202622,-3.30834956818907,30.9219362988055));
#6603=CARTESIAN_POINT('Ctrl Pts',(3.17751805883921,-2.06216348467162,31.9666586330203));
#6604=CARTESIAN_POINT('Ctrl Pts',(3.77296294570526,-0.339910004667544,33.0113809672351));
#6605=CARTESIAN_POINT('Ctrl Pts',(3.49358355303917,1.46677498766889,34.0561033014498));
#6606=CARTESIAN_POINT('Ctrl Pts',(2.40636978898972,2.92114748334831,35.1008256356646));
#6607=CARTESIAN_POINT('Ctrl Pts',(0.205115031882521,3.99027630175297,36.4937887479509));
#6608=CARTESIAN_POINT('Ctrl Pts',(-2.32341019691456,3.25055014384795,37.8867518602373));
#6609=CARTESIAN_POINT('Ctrl Pts',(-3.60135051495942,1.16360909760483,39.2797149725236));
#6610=CARTESIAN_POINT('Ctrl Pts',(-3.73329676843083,-0.647461787212496,
40.3244373067384));
#6611=CARTESIAN_POINT('Ctrl Pts',(-2.99483223051428,-2.31977238905746,41.3691596409532));
#6612=CARTESIAN_POINT('Ctrl Pts',(-1.56513614450066,-3.44972956257898,42.4138819751679));
#6613=CARTESIAN_POINT('Ctrl Pts',(0.228824195514438,-3.78107350951171,43.4586043093827));
#6614=CARTESIAN_POINT('Ctrl Pts',(1.96948462661259,-3.23643286189949,44.5033266435975));
#6615=CARTESIAN_POINT('Ctrl Pts',(3.25286734928103,-1.94056319657769,45.5480489778122));
#6616=CARTESIAN_POINT('Ctrl Pts',(3.78366347579995,-0.19577359433135,46.5927713120269));
#6617=CARTESIAN_POINT('Ctrl Pts',(3.4355888360251,1.59497949714962,47.6374936462418));
#6618=CARTESIAN_POINT('Ctrl Pts',(2.6737361124666,2.54166786860316,48.3339752023849));
#6619=CARTESIAN_POINT('Ctrl Pts',(2.20372935116983,2.89895757324624,48.6822159804565));
#6620=CARTESIAN_POINT('Ctrl Pts',(1.05662496569212,3.71094951136204,8.28199999999998));
#6621=CARTESIAN_POINT('Ctrl Pts',(0.455295666411259,3.88216702544487,8.63024077807157));
#6622=CARTESIAN_POINT('Ctrl Pts',(-0.831965038718647,3.92631560967495,9.32672233421474));
#6623=CARTESIAN_POINT('Ctrl Pts',(-2.57092728569435,3.08282985829187,10.3714446684295));
#6624=CARTESIAN_POINT('Ctrl Pts',(-3.71288261239208,1.52395962368906,11.4161670026443));
#6625=CARTESIAN_POINT('Ctrl Pts',(-3.99527688792952,-0.387812379026626,
12.460889336859));
#6626=CARTESIAN_POINT('Ctrl Pts',(-3.35075759309979,-2.20947724533808,13.5056116710738));
#6627=CARTESIAN_POINT('Ctrl Pts',(-1.92935437716734,-3.51978326337492,14.5503340052885));
#6628=CARTESIAN_POINT('Ctrl Pts',(-0.0627278180742564,-4.01292252223694,
15.5950563395033));
#6629=CARTESIAN_POINT('Ctrl Pts',(1.82414651752629,-3.57737240590648,16.6397786737181));
#6630=CARTESIAN_POINT('Ctrl Pts',(3.27585292170389,-2.31100513113117,17.6845010079328));
#6631=CARTESIAN_POINT('Ctrl Pts',(4.23186257190375,0.0901283992090177,19.0774641202192));
#6632=CARTESIAN_POINT('Ctrl Pts',(3.00788483127567,3.38042483755346,20.8186680105771));
#6633=CARTESIAN_POINT('Ctrl Pts',(-1.11126658525405,4.38630445929975,22.9081126790067));
#6634=CARTESIAN_POINT('Ctrl Pts',(-3.71401377427507,2.03050224868894,24.6493165693646));
#6635=CARTESIAN_POINT('Ctrl Pts',(-3.97230739062613,-0.541033908469854,
26.042279681651));
#6636=CARTESIAN_POINT('Ctrl Pts',(-3.26769083694102,-2.33392283595947,27.0870020158657));
#6637=CARTESIAN_POINT('Ctrl Pts',(-1.79390896145529,-3.5902351996681,28.1317243500805));
#6638=CARTESIAN_POINT('Ctrl Pts',(0.0898462668021503,-4.01271015629907,
29.1764466842952));
#6639=CARTESIAN_POINT('Ctrl Pts',(1.95533660613827,-3.50549016047754,30.22116901851));
#6640=CARTESIAN_POINT('Ctrl Pts',(3.366631936512,-2.18488588937033,31.2658913527248));
#6641=CARTESIAN_POINT('Ctrl Pts',(3.99777816254216,-0.360177986061647,32.3106136869395));
#6642=CARTESIAN_POINT('Ctrl Pts',(3.70152493784435,1.55410382871113,33.3553360211543));
#6643=CARTESIAN_POINT('Ctrl Pts',(2.54972778956994,3.09515253223704,34.400058355369));
#6644=CARTESIAN_POINT('Ctrl Pts',(0.217415396915732,4.22787830021391,35.7930214676554));
#6645=CARTESIAN_POINT('Ctrl Pts',(-2.46183145284621,3.44405850207033,37.1859845799417));
#6646=CARTESIAN_POINT('Ctrl Pts',(-3.81588747876852,1.23291285738517,38.5789476922281));
#6647=CARTESIAN_POINT('Ctrl Pts',(-3.95552022922582,-0.685977634682817,
39.6236700264429));
#6648=CARTESIAN_POINT('Ctrl Pts',(-3.17327307777108,-2.45801101975388,40.6683923606576));
#6649=CARTESIAN_POINT('Ctrl Pts',(-1.65829530650041,-3.65503350958758,41.7131146948724));
#6650=CARTESIAN_POINT('Ctrl Pts',(0.242465581073572,-4.006387320178,42.7578370290871));
#6651=CARTESIAN_POINT('Ctrl Pts',(2.086689623915,-3.42903359477327,43.8025593633019));
#6652=CARTESIAN_POINT('Ctrl Pts',(3.44671253188104,-2.05622433724723,44.8472816975166));
#6653=CARTESIAN_POINT('Ctrl Pts',(4.00881499524731,-0.207355673906731,45.8920040317314));
#6654=CARTESIAN_POINT('Ctrl Pts',(3.64036211099341,1.68992068249134,46.9367263659462));
#6655=CARTESIAN_POINT('Ctrl Pts',(2.83277241418234,2.69330937820962,47.6332079220894));
#6656=CARTESIAN_POINT('Ctrl Pts',(2.33503119269651,3.0716822627245,47.981448700161));
#6657=CARTESIAN_POINT('Ctrl Pts',(0.997209569344364,3.50227799289222,7.58123271970444));
#6658=CARTESIAN_POINT('Ctrl Pts',(0.429386724404649,3.66395515724508,7.92947349777603));
#6659=CARTESIAN_POINT('Ctrl Pts',(-0.785071824769188,3.70552816637422,8.62595505391921));
#6660=CARTESIAN_POINT('Ctrl Pts',(-2.42658442892598,2.90964708491903,9.67067738813397));
#6661=CARTESIAN_POINT('Ctrl Pts',(-3.5040537834856,1.43826204633885,10.7153997223487));
#6662=CARTESIAN_POINT('Ctrl Pts',(-3.7708707761795,-0.366030608833722,11.7601220565635));
#6663=CARTESIAN_POINT('Ctrl Pts',(-3.16231310858541,-2.08522307353998,12.8048443907783));
#6664=CARTESIAN_POINT('Ctrl Pts',(-1.8209874536046,-3.32206769435614,13.849566724993));
#6665=CARTESIAN_POINT('Ctrl Pts',(-0.0591893000344956,-3.78725267397464,
14.8942890592078));
#6666=CARTESIAN_POINT('Ctrl Pts',(1.72165597019048,-3.37641265114921,15.9390113934225));
#6667=CARTESIAN_POINT('Ctrl Pts',(3.09167136318747,-2.18105780004838,16.9837337276373));
#6668=CARTESIAN_POINT('Ctrl Pts',(3.99407967424314,0.0851162824742263,18.3766968399236));
#6669=CARTESIAN_POINT('Ctrl Pts',(2.83876919357534,3.19041238387946,20.1179007302816));
#6670=CARTESIAN_POINT('Ctrl Pts',(-1.04876401331628,4.13973181789851,22.2073453987111));
#6671=CARTESIAN_POINT('Ctrl Pts',(-3.50530430817472,1.91645719209924,23.9485492890691));
#6672=CARTESIAN_POINT('Ctrl Pts',(-3.74896192171407,-0.51060299313149,25.3415124013554));
#6673=CARTESIAN_POINT('Ctrl Pts',(-3.08411179544484,-2.2028226302983,26.3862347355702));
#6674=CARTESIAN_POINT('Ctrl Pts',(-1.69303526158503,-3.38833070633601,27.4309570697849));
#6675=CARTESIAN_POINT('Ctrl Pts',(0.0848043814665225,-3.78730956555104,
28.4756794039997));
#6676=CARTESIAN_POINT('Ctrl Pts',(1.84537407202622,-3.30834956818907,29.5204017382144));
#6677=CARTESIAN_POINT('Ctrl Pts',(3.17751805883922,-2.06216348467162,30.5651240724292));
#6678=CARTESIAN_POINT('Ctrl Pts',(3.77296294570526,-0.339910004667543,31.609846406644));
#6679=CARTESIAN_POINT('Ctrl Pts',(3.49358355303917,1.46677498766889,32.6545687408588));
#6680=CARTESIAN_POINT('Ctrl Pts',(2.40636978898972,2.92114748334831,33.6992910750735));
#6681=CARTESIAN_POINT('Ctrl Pts',(0.205115031882522,3.99027630175297,35.0922541873599));
#6682=CARTESIAN_POINT('Ctrl Pts',(-2.32341019691456,3.25055014384795,36.4852172996462));
#6683=CARTESIAN_POINT('Ctrl Pts',(-3.60135051495942,1.16360909760483,37.8781804119325));
#6684=CARTESIAN_POINT('Ctrl Pts',(-3.73329676843083,-0.647461787212496,
38.9229027461474));
#6685=CARTESIAN_POINT('Ctrl Pts',(-2.99483223051428,-2.31977238905746,39.967625080362));
#6686=CARTESIAN_POINT('Ctrl Pts',(-1.56513614450066,-3.44972956257898,41.0123474145769));
#6687=CARTESIAN_POINT('Ctrl Pts',(0.228824195514438,-3.78107350951171,42.0570697487916));
#6688=CARTESIAN_POINT('Ctrl Pts',(1.96948462661259,-3.23643286189949,43.1017920830064));
#6689=CARTESIAN_POINT('Ctrl Pts',(3.25286734928104,-1.94056319657769,44.1465144172211));
#6690=CARTESIAN_POINT('Ctrl Pts',(3.78366347579995,-0.195773594331349,45.1912367514359));
#6691=CARTESIAN_POINT('Ctrl Pts',(3.4355888360251,1.59497949714962,46.2359590856506));
#6692=CARTESIAN_POINT('Ctrl Pts',(2.6737361124666,2.54166786860316,46.9324406417938));
#6693=CARTESIAN_POINT('Ctrl Pts',(2.20372935116983,2.89895757324624,47.2806814198654));
#6694=CARTESIAN_POINT('Ctrl Pts',(0.94286999862522,3.31143317097781,7.29199665503627));
#6695=CARTESIAN_POINT('Ctrl Pts',(0.406157487375266,3.46425223710891,7.64023743310786));
#6696=CARTESIAN_POINT('Ctrl Pts',(-0.742352837206032,3.50361099429703,8.33671898925104));
#6697=CARTESIAN_POINT('Ctrl Pts',(-2.29423295455509,2.75100294766,9.38144132346579));
#6698=CARTESIAN_POINT('Ctrl Pts',(-3.31313890785579,1.35989064735545,10.4261636576806));
#6699=CARTESIAN_POINT('Ctrl Pts',(-3.56525059063123,-0.346071034643577,
11.4708859918953));
#6700=CARTESIAN_POINT('Ctrl Pts',(-2.99000837737442,-1.97160268775205,12.5156083261101));
#6701=CARTESIAN_POINT('Ctrl Pts',(-1.72169119512561,-3.14092939111774,13.5603306603248));
#6702=CARTESIAN_POINT('Ctrl Pts',(-0.055970161625638,-3.58088900675259,
14.6050529945396));
#6703=CARTESIAN_POINT('Ctrl Pts',(1.62779420597176,-3.19231623037984,15.6497753287544));
#6704=CARTESIAN_POINT('Ctrl Pts',(2.92318802357141,-2.06220649462538,16.6944976629691));
#6705=CARTESIAN_POINT('Ctrl Pts',(3.77633673363687,0.0804474284517637,18.0874607752555));
#6706=CARTESIAN_POINT('Ctrl Pts',(2.68406815368986,3.01652138332036,19.8286646656134));
#6707=CARTESIAN_POINT('Ctrl Pts',(-0.991623183555825,3.91410990623074,21.9181093340429));
#6708=CARTESIAN_POINT('Ctrl Pts',(-3.31422074391939,1.81195338807595,23.6593132244009));
#6709=CARTESIAN_POINT('Ctrl Pts',(-3.54466250355757,-0.482783733279287,
25.0522763366872));
#6710=CARTESIAN_POINT('Ctrl Pts',(-2.91596150398786,-2.08271068923261,26.096998670902));
#6711=CARTESIAN_POINT('Ctrl Pts',(-1.60077894360473,-3.20370654100732,27.1417210051168));
#6712=CARTESIAN_POINT('Ctrl Pts',(0.0801775998574267,-3.5808013978443,28.1864433393315));
#6713=CARTESIAN_POINT('Ctrl Pts',(1.74482291033441,-3.12808448694453,29.2311656735463));
#6714=CARTESIAN_POINT('Ctrl Pts',(3.00426210920422,-1.94971779505565,30.2758880077611));
#6715=CARTESIAN_POINT('Ctrl Pts',(3.56737627606041,-0.321395836411583,31.3206103419758));
#6716=CARTESIAN_POINT('Ctrl Pts',(3.30310250356776,1.38681482144466,32.3653326761906));
#6717=CARTESIAN_POINT('Ctrl Pts',(2.27523371433996,2.76194775420042,33.4100550104053));
#6718=CARTESIAN_POINT('Ctrl Pts',(0.193979092383341,3.77276432028141,34.8030181226917));
#6719=CARTESIAN_POINT('Ctrl Pts',(-2.19679790193154,3.07333691388251,36.1959812349781));
#6720=CARTESIAN_POINT('Ctrl Pts',(-3.40508764300104,1.10018866409379,37.5889443472644));
#6721=CARTESIAN_POINT('Ctrl Pts',(-3.52975313100601,-0.612148907360453,
38.6336666814792));
#6722=CARTESIAN_POINT('Ctrl Pts',(-2.83164091724568,-2.19337602017683,39.6783890156939));
#6723=CARTESIAN_POINT('Ctrl Pts',(-1.47980045683076,-3.26162545908453,40.7231113499087));
#6724=CARTESIAN_POINT('Ctrl Pts',(0.216359166392699,-3.57505284444421,41.7678336841234));
#6725=CARTESIAN_POINT('Ctrl Pts',(1.86209151958434,-3.0599544202727,42.8125560183382));
#6726=CARTESIAN_POINT('Ctrl Pts',(3.07563093273853,-1.83483906948178,43.857278352553));
#6727=CARTESIAN_POINT('Ctrl Pts',(3.57733748112539,-0.185062820345249,44.9020006867677));
#6728=CARTESIAN_POINT('Ctrl Pts',(3.24841701847654,1.50801962292624,45.9467230209825));
#6729=CARTESIAN_POINT('Ctrl Pts',(2.52790020964441,2.40327443229957,46.6432045771257));
#6730=CARTESIAN_POINT('Ctrl Pts',(2.08364455595224,2.74098866189014,46.9914453551972));
#6731=CARTESIAN_POINT('Ctrl Pts',(-2.49777968577044,2.3697447376273,9.632));
#6732=CARTESIAN_POINT('Ctrl Pts',(-2.44051860085088,2.52440472752507,9.632));
#6733=CARTESIAN_POINT('Ctrl Pts',(-2.35963614574304,2.67048338362171,9.632));
#6734=CARTESIAN_POINT('Ctrl Pts',(-2.10028773196676,3.02204390071201,9.632));
#6735=CARTESIAN_POINT('Ctrl Pts',(-1.89308002119944,3.20555276923162,9.632));
#6736=CARTESIAN_POINT('Ctrl Pts',(-1.41620802387361,3.49037322330013,9.632));
#6737=CARTESIAN_POINT('Ctrl Pts',(-1.14497436630932,3.58774579877668,9.632));
#6738=CARTESIAN_POINT('Ctrl Pts',(-0.607962797848847,3.66920330509122,9.632));
#6739=CARTESIAN_POINT('Ctrl Pts',(-0.344102975077367,3.66181558564272,9.632));
#6740=CARTESIAN_POINT('Ctrl Pts',(0.0723942211785581,3.5648080730585,9.632));
#6741=CARTESIAN_POINT('Ctrl Pts',(0.23140185673056,3.50481785615667,9.632));
#6742=CARTESIAN_POINT('Ctrl Pts',(0.377427850254593,3.42230064401302,9.632));
#6743=CARTESIAN_POINT('',(3.73068352424383,-0.290799658843337,46.003));
#6744=CARTESIAN_POINT('Ctrl Pts',(3.26649437034191,-1.08839699038738,46.3019499742003));
#6745=CARTESIAN_POINT('Ctrl Pts',(3.28797270620742,-1.08149055101776,46.2837562462859));
#6746=CARTESIAN_POINT('Ctrl Pts',(3.3093398173517,-1.0722669678505,46.2663249003631));
#6747=CARTESIAN_POINT('Ctrl Pts',(3.38686650732454,-1.02980712831072,46.2053381247835));
#6748=CARTESIAN_POINT('Ctrl Pts',(3.43824308243295,-0.984158469507578,46.1692689708119));
#6749=CARTESIAN_POINT('Ctrl Pts',(3.54721419036988,-0.851843027757259,46.0980689528784));
#6750=CARTESIAN_POINT('Ctrl Pts',(3.60262720590625,-0.75190487056715,46.0667952902809));
#6751=CARTESIAN_POINT('Ctrl Pts',(3.68401090282325,-0.532700787096978,46.0242144409832));
#6752=CARTESIAN_POINT('Ctrl Pts',(3.71307612616848,-0.416973001466564,46.0107489217242));
#6753=CARTESIAN_POINT('Ctrl Pts',(3.73068352418783,-0.290799658832536,46.0030000001037));
#6754=CARTESIAN_POINT('',(3.7306835225213,0.290799675136488,46.003));
#6755=CARTESIAN_POINT('Ctrl Pts',(3.73096163538276,-0.290819999611186,46.0028297495804));
#6756=CARTESIAN_POINT('Ctrl Pts',(3.73532738888786,-0.258479175726363,46.0028491863503));
#6757=CARTESIAN_POINT('Ctrl Pts',(3.73896096742242,-0.226034929596606,46.0028667399828));
#6758=CARTESIAN_POINT('Ctrl Pts',(3.74185635212014,-0.193514680206558,46.0028847462986));
#6759=CARTESIAN_POINT('Ctrl Pts',(3.74370340743946,-0.172769008769982,46.0028962330835));
#6760=CARTESIAN_POINT('Ctrl Pts',(3.74525003149501,-0.151992404991121,46.0029078984764));
#6761=CARTESIAN_POINT('Ctrl Pts',(3.74649590663916,-0.131192085348286,46.0029203074732));
#6762=CARTESIAN_POINT('Ctrl Pts',(3.74911066561321,-0.0875377731933435,
46.0029463506413));
#6763=CARTESIAN_POINT('Ctrl Pts',(3.75039860991454,-0.043817657300569,46.0029738660924));
#6764=CARTESIAN_POINT('Ctrl Pts',(3.75036157907672,-0.00010745729299484,
46.0030014423388));
#6765=CARTESIAN_POINT('Ctrl Pts',(3.7502791965804,0.0971346145557958,46.003062791208));
#6766=CARTESIAN_POINT('Ctrl Pts',(3.74364268375835,0.194326525348714,46.0031235373864));
#6767=CARTESIAN_POINT('Ctrl Pts',(3.73057959229206,0.290640566694055,46.0031702504282));
#6768=CARTESIAN_POINT('Ctrl Pts',(3.73068352212,0.290799675039144,46.0030000009059));
#6769=CARTESIAN_POINT('Ctrl Pts',(3.70575113511609,0.484493243339981,46.012804602363));
#6770=CARTESIAN_POINT('Ctrl Pts',(3.65612565023625,0.68498777142586,46.0313107862352));
#6771=CARTESIAN_POINT('Ctrl Pts',(3.45504176435126,1.20712618755931,46.1012683985715));
#6772=CARTESIAN_POINT('Ctrl Pts',(3.26971059834782,1.50145536108145,46.1621980392036));
#6773=CARTESIAN_POINT('Ctrl Pts',(2.97709539090798,1.81834969968497,46.2576971413413));
#6774=CARTESIAN_POINT('Ctrl Pts',(2.91088043429803,1.88301247905282,46.2793094968066));
#6775=CARTESIAN_POINT('Ctrl Pts',(2.84185431819614,1.94382548453036,46.3019499742003));
#6776=CARTESIAN_POINT('Ctrl Pts',(-0.0257247775582049,-3.44295392301136,
46.3019499742002));
#6777=CARTESIAN_POINT('Ctrl Pts',(-0.73540930814546,-3.43765136099802,45.8590679755849));
#6778=CARTESIAN_POINT('Ctrl Pts',(-2.14935506052395,-2.97535199760401,44.9732999668577));
#6779=CARTESIAN_POINT('Ctrl Pts',(-3.4773337252976,-1.17578326718987,43.6445637904941));
#6780=CARTESIAN_POINT('Ctrl Pts',(-3.51356079455771,1.05340933444818,42.3158975524111));
#6781=CARTESIAN_POINT('Ctrl Pts',(-2.11526706779541,3.11054786306818,40.8395631566106));
#6782=CARTESIAN_POINT('Ctrl Pts',(0.629545564880212,3.807859303047,39.2155929669695));
#6783=CARTESIAN_POINT('Ctrl Pts',(3.22248763486611,2.11970215902563,37.44402432403));
#6784=CARTESIAN_POINT('Ctrl Pts',(3.74483105212488,-0.925271925772569,35.6724166871806));
#6785=CARTESIAN_POINT('Ctrl Pts',(1.863467781604,-3.37743767992,33.9008132297297));
#6786=CARTESIAN_POINT('Ctrl Pts',(-1.21616684731683,-3.66266164670846,32.1292209583182));
#6787=CARTESIAN_POINT('Ctrl Pts',(-3.32048087618934,-1.76692157786414,30.5052809316116));
#6788=CARTESIAN_POINT('Ctrl Pts',(-3.59986564591892,0.704105222218785,29.0289392885334));
#6789=CARTESIAN_POINT('Ctrl Pts',(-2.52986463650668,2.66067463706966,27.7002668936928));
#6790=CARTESIAN_POINT('Ctrl Pts',(-0.516155523348679,3.63420493703387,26.3715438393716));
#6791=CARTESIAN_POINT('Ctrl Pts',(1.68521324209748,3.25999537007132,25.0428765265567));
#6792=CARTESIAN_POINT('Ctrl Pts',(3.26364773223784,1.68024058762818,23.7141654857295));
#6793=CARTESIAN_POINT('Ctrl Pts',(3.63343123452321,-0.525514211040842,22.3854841302516));
#6794=CARTESIAN_POINT('Ctrl Pts',(2.65641611203114,-2.52988191191491,21.0567835129953));
#6795=CARTESIAN_POINT('Ctrl Pts',(0.477565504138495,-3.73055784767266,19.580442132416));
#6796=CARTESIAN_POINT('Ctrl Pts',(-2.28148599692733,-3.10867991879389,17.9564965411681));
#6797=CARTESIAN_POINT('Ctrl Pts',(-3.83785764007146,-0.432954266080347,
16.1849025841809));
#6798=CARTESIAN_POINT('Ctrl Pts',(-2.99421979309418,2.27128173463787,14.560957844631));
#6799=CARTESIAN_POINT('Ctrl Pts',(-0.872694827115458,3.5636460479866,13.0846104820581));
#6800=CARTESIAN_POINT('Ctrl Pts',(1.35366870621678,3.41200772108276,11.7559233982884));
#6801=CARTESIAN_POINT('Ctrl Pts',(3.08154811989258,1.99376776144356,10.4272403161443));
#6802=CARTESIAN_POINT('Ctrl Pts',(3.47091243803828,0.557701927610802,9.54142761736256));
#6803=CARTESIAN_POINT('Ctrl Pts',(3.43972363227932,-0.151310322512725,9.0985496361136));
#6804=CARTESIAN_POINT('Ctrl Pts',(-0.0646638904952368,-3.37383923418224,
46.3776451088287));
#6805=CARTESIAN_POINT('Ctrl Pts',(-0.760010470520794,-3.36053962090548,
45.9347631102134));
#6806=CARTESIAN_POINT('Ctrl Pts',(-2.14043279841311,-2.89118842137322,45.0489951014862));
#6807=CARTESIAN_POINT('Ctrl Pts',(-3.42117286570166,-1.11245196089394,43.7202589251226));
#6808=CARTESIAN_POINT('Ctrl Pts',(-3.43118349902497,1.07255845380055,42.3915926870396));
#6809=CARTESIAN_POINT('Ctrl Pts',(-2.03725688169535,3.07251347588094,40.9152582912391));
#6810=CARTESIAN_POINT('Ctrl Pts',(0.660519988213571,3.72444189392534,39.291288101598));
#6811=CARTESIAN_POINT('Ctrl Pts',(3.18226224213811,2.04041840666292,37.5197194586585));
#6812=CARTESIAN_POINT('Ctrl Pts',(3.65925636088645,-0.94961878494337,35.7481118218091));
#6813=CARTESIAN_POINT('Ctrl Pts',(1.78746077119497,-3.33119473834505,33.9765083643583));
#6814=CARTESIAN_POINT('Ctrl Pts',(-1.23375954182939,-3.57541779527935,32.2049160929467));
#6815=CARTESIAN_POINT('Ctrl Pts',(-3.27423425048044,-1.69355041666931,30.5809760662401));
#6816=CARTESIAN_POINT('Ctrl Pts',(-3.51974715232821,0.731283403639617,29.1046344231619));
#6817=CARTESIAN_POINT('Ctrl Pts',(-2.44879910903579,2.63634535011521,27.7759620283213));
#6818=CARTESIAN_POINT('Ctrl Pts',(-0.464201902300146,3.56738570372182,26.4472389740001));
#6819=CARTESIAN_POINT('Ctrl Pts',(1.68879634812977,3.17543232035961,25.1185716611852));
#6820=CARTESIAN_POINT('Ctrl Pts',(3.21757479474732,1.6092456356141,23.789860620358));
#6821=CARTESIAN_POINT('Ctrl Pts',(3.55464619231208,-0.556636530808334,22.4611792648801));
#6822=CARTESIAN_POINT('Ctrl Pts',(2.57432531811551,-2.50966465945617,21.1324786476238));
#6823=CARTESIAN_POINT('Ctrl Pts',(0.42527421756492,-3.6613230098716,19.6561372670445));
#6824=CARTESIAN_POINT('Ctrl Pts',(-2.27143927930179,-3.02035072614783,18.0321916757966));
#6825=CARTESIAN_POINT('Ctrl Pts',(-3.76597444875632,-0.38040134260732,16.2605977188094));
#6826=CARTESIAN_POINT('Ctrl Pts',(-2.90825482381405,2.2601291982992,14.6366529792595));
#6827=CARTESIAN_POINT('Ctrl Pts',(-0.814415189703104,3.50230764028057,13.1603056166866));
#6828=CARTESIAN_POINT('Ctrl Pts',(1.36565390878237,3.3281922795235,11.8316185329169));
#6829=CARTESIAN_POINT('Ctrl Pts',(3.04271609680533,1.91859293004476,10.5029354507728));
#6830=CARTESIAN_POINT('Ctrl Pts',(3.40789181136902,0.506690098201983,9.61712275199106));
#6831=CARTESIAN_POINT('Ctrl Pts',(3.3692344092655,-0.18770213707558,9.1742447707421));
#6832=CARTESIAN_POINT('Ctrl Pts',(-0.167753401400093,-3.29405880823699,
46.5686751561434));
#6833=CARTESIAN_POINT('Ctrl Pts',(-0.846782846441581,-3.25947852121489,
46.1257931575281));
#6834=CARTESIAN_POINT('Ctrl Pts',(-2.18077863661432,-2.75827584147935,45.2400251488009));
#6835=CARTESIAN_POINT('Ctrl Pts',(-3.3769605813079,-0.980743412246445,43.9112889724373));
#6836=CARTESIAN_POINT('Ctrl Pts',(-3.31894319715782,1.15426247195816,42.5826227343543));
#6837=CARTESIAN_POINT('Ctrl Pts',(-1.89517276659632,3.0649592940414,41.1062883385538));
#6838=CARTESIAN_POINT('Ctrl Pts',(0.76083810764893,3.61823418777521,39.4823181489127));
#6839=CARTESIAN_POINT('Ctrl Pts',(3.17228823932804,1.89472859573338,37.7107495059732));
#6840=CARTESIAN_POINT('Ctrl Pts',(3.545627693384,-1.04124212316519,35.9391418691238));
#6841=CARTESIAN_POINT('Ctrl Pts',(1.64307785896418,-3.30992052657223,34.1675384116729));
#6842=CARTESIAN_POINT('Ctrl Pts',(-1.31623262513149,-3.45488485369995,32.3959461402615));
#6843=CARTESIAN_POINT('Ctrl Pts',(-3.25141370308157,-1.55302882637042,30.7720061135548));
#6844=CARTESIAN_POINT('Ctrl Pts',(-3.41606528069597,0.823520992352527,29.2956644704766));
#6845=CARTESIAN_POINT('Ctrl Pts',(-2.31064752617761,2.6516589663742,27.966992075636));
#6846=CARTESIAN_POINT('Ctrl Pts',(-0.342915754414719,3.49965980403467,26.6382690213148));
#6847=CARTESIAN_POINT('Ctrl Pts',(1.74840809867176,3.05000716741196,25.3096017084999));
#6848=CARTESIAN_POINT('Ctrl Pts',(3.19340514930559,1.47243206597985,23.9808906676727));
#6849=CARTESIAN_POINT('Ctrl Pts',(3.45563055454978,-0.653993005458967,22.6522093121948));
#6850=CARTESIAN_POINT('Ctrl Pts',(2.43719623647407,-2.53172626149823,21.3235086949385));
#6851=CARTESIAN_POINT('Ctrl Pts',(0.301983330592767,-3.59028823331971,19.8471673143592));
#6852=CARTESIAN_POINT('Ctrl Pts',(-2.312784618866,-2.88038233613478,18.2232217231113));
#6853=CARTESIAN_POINT('Ctrl Pts',(-3.69113099847692,-0.254798280420479,
16.4516277661241));
#6854=CARTESIAN_POINT('Ctrl Pts',(-2.7712754621861,2.29825547485302,14.8276830265742));
#6855=CARTESIAN_POINT('Ctrl Pts',(-0.687084435623217,3.44695750967356,13.3513356640013));
#6856=CARTESIAN_POINT('Ctrl Pts',(1.43740494419093,3.20927756203781,12.0226485802316));
#6857=CARTESIAN_POINT('Ctrl Pts',(3.03215534441091,1.78006717670554,10.6939654980875));
#6858=CARTESIAN_POINT('Ctrl Pts',(3.34507472927565,0.389497225018064,9.80815279930576));
#6859=CARTESIAN_POINT('Ctrl Pts',(3.28574627320974,-0.287812549923303,9.3652748180568));
#6860=CARTESIAN_POINT('Ctrl Pts',(-0.278414362287935,-3.36295376710909,
46.7597052034581));
#6861=CARTESIAN_POINT('Ctrl Pts',(-0.971514650948158,-3.30554526664394,
46.3168232048427));
#6862=CARTESIAN_POINT('Ctrl Pts',(-2.31945190574228,-2.74966017604889,45.4310551961156));
#6863=CARTESIAN_POINT('Ctrl Pts',(-3.48482030541444,-0.893259709895582,
44.102319019752));
#6864=CARTESIAN_POINT('Ctrl Pts',(-3.35626619089962,1.28796613761888,42.773652781669));
#6865=CARTESIAN_POINT('Ctrl Pts',(-1.83833697423136,3.19554286979493,41.2973183858685));
#6866=CARTESIAN_POINT('Ctrl Pts',(0.895357912359964,3.67504637244307,39.6733481962274));
#6867=CARTESIAN_POINT('Ctrl Pts',(3.30521720111667,1.83451968919958,37.9017795532879));
#6868=CARTESIAN_POINT('Ctrl Pts',(3.59167181477165,-1.17975794369141,36.1301719164385));
#6869=CARTESIAN_POINT('Ctrl Pts',(1.5726473313291,-3.43785092633006,34.3585684589876));
#6870=CARTESIAN_POINT('Ctrl Pts',(-1.45799989066194,-3.48998742399176,32.5869761875761));
#6871=CARTESIAN_POINT('Ctrl Pts',(-3.37502649728179,-1.48250988671142,30.9630361608695));
#6872=CARTESIAN_POINT('Ctrl Pts',(-3.46632126324425,0.952994932816832,29.4866945177913));
#6873=CARTESIAN_POINT('Ctrl Pts',(-2.27667052255316,2.78630334926896,28.1580221229507));
#6874=CARTESIAN_POINT('Ctrl Pts',(-0.237065958630737,3.58964479547321,26.8292990686295));
#6875=CARTESIAN_POINT('Ctrl Pts',(1.88676351289382,3.06194801286876,25.5006317558146));
#6876=CARTESIAN_POINT('Ctrl Pts',(3.31313689461095,1.4019848322026,24.1719207149874));
#6877=CARTESIAN_POINT('Ctrl Pts',(3.51222133965921,-0.780936596850453,22.8432393595095));
#6878=CARTESIAN_POINT('Ctrl Pts',(2.41000084286012,-2.66782580619753,21.5145387422532));
#6879=CARTESIAN_POINT('Ctrl Pts',(0.192235656833091,-3.68093425645274,20.0381973616739));
#6880=CARTESIAN_POINT('Ctrl Pts',(-2.45837685151492,-2.87024969270056,18.414251770426));
#6881=CARTESIAN_POINT('Ctrl Pts',(-3.78248696154017,-0.140813191807992,
16.6426578134388));
#6882=CARTESIAN_POINT('Ctrl Pts',(-2.75910252395483,2.44000578954133,15.0187130738889));
#6883=CARTESIAN_POINT('Ctrl Pts',(-0.590692896812698,3.54690532734395,13.542365711316));
#6884=CARTESIAN_POINT('Ctrl Pts',(1.57395812414707,3.23490610082155,12.2136786275463));
#6885=CARTESIAN_POINT('Ctrl Pts',(3.15823933024255,1.7217994161308,10.8849955454022));
#6886=CARTESIAN_POINT('Ctrl Pts',(3.43321292236189,0.289625123393102,9.99918284662046));
#6887=CARTESIAN_POINT('Ctrl Pts',(3.35055834064762,-0.400913211004637,9.5563048653715));
#6888=CARTESIAN_POINT('Ctrl Pts',(-0.324173290139219,-3.42775511933394,
46.8354003380866));
#6889=CARTESIAN_POINT('Ctrl Pts',(-1.03072494236257,-3.36093436762311,46.3925183394713));
#6890=CARTESIAN_POINT('Ctrl Pts',(-2.3992580562318,-2.77777023266016,45.5067503307441));
#6891=CARTESIAN_POINT('Ctrl Pts',(-3.56619058822244,-0.869828038734919,
44.1780141543805));
#6892=CARTESIAN_POINT('Ctrl Pts',(-3.40898346530286,1.35410945504685,42.8493479162975));
#6893=CARTESIAN_POINT('Ctrl Pts',(-1.83757793391778,3.28225076941362,41.373013520497));
#6894=CARTESIAN_POINT('Ctrl Pts',(0.957361412825889,3.73892754881584,39.7490433308559));
#6895=CARTESIAN_POINT('Ctrl Pts',(3.39415348686609,1.83228979897767,37.9774746879164));
#6896=CARTESIAN_POINT('Ctrl Pts',(3.65049367572211,-1.24650859166493,36.205867051067));
#6897=CARTESIAN_POINT('Ctrl Pts',(1.56358452080596,-3.5263013060593,34.4342635936161));
#6898=CARTESIAN_POINT('Ctrl Pts',(-1.52918276143942,-3.54340968854833,32.6626713222046));
#6899=CARTESIAN_POINT('Ctrl Pts',(-3.46118732057412,-1.47234080407968,31.0387312954979));
#6900=CARTESIAN_POINT('Ctrl Pts',(-3.52525209945096,1.01360469017244,29.5623896524198));
#6901=CARTESIAN_POINT('Ctrl Pts',(-2.28962329365973,2.8700226090614,28.2337172575792));
#6902=CARTESIAN_POINT('Ctrl Pts',(-0.199082218802383,3.6652732938761,26.904994203258));
#6903=CARTESIAN_POINT('Ctrl Pts',(1.9615464594761,3.10158813699432,25.5763268904431));
#6904=CARTESIAN_POINT('Ctrl Pts',(3.39705196144821,1.39091441996807,24.2476158496159));
#6905=CARTESIAN_POINT('Ctrl Pts',(3.5741772436808,-0.838596895277467,22.918934494138));
#6906=CARTESIAN_POINT('Ctrl Pts',(2.42703940136092,-2.75069605604372,21.5902338768817));
#6907=CARTESIAN_POINT('Ctrl Pts',(0.152282598729169,-3.75791706610184,20.1138924963024));
#6908=CARTESIAN_POINT('Ctrl Pts',(-2.54245244124207,-2.8991386265079,18.4899469050545));
#6909=CARTESIAN_POINT('Ctrl Pts',(-3.86094437589107,-0.0985352132346183,
16.7183529480673));
#6910=CARTESIAN_POINT('Ctrl Pts',(-2.78599445582956,2.52236154814166,15.0944082085174));
#6911=CARTESIAN_POINT('Ctrl Pts',(-0.560396891334954,3.62589640513717,13.6180608459445));
#6912=CARTESIAN_POINT('Ctrl Pts',(1.64443200655887,3.28177681001066,12.2893737621748));
#6913=CARTESIAN_POINT('Ctrl Pts',(3.24282480867988,1.71905088987948,10.9606906800307));
#6914=CARTESIAN_POINT('Ctrl Pts',(3.50619842056937,0.254631553791931,10.074877981249));
#6915=CARTESIAN_POINT('Ctrl Pts',(3.41364722246782,-0.449005702299491,9.632));
#6916=CARTESIAN_POINT('',(-1.15655648612128,-3.24298790848355,46.3019499742003));
#6917=CARTESIAN_POINT('',(-0.025724777558212,-3.44295392301136,46.3019499742002));
#6918=CARTESIAN_POINT('Ctrl Pts',(-0.0257247775582068,-3.44295392301136,
46.3019499742002));
#6919=CARTESIAN_POINT('Ctrl Pts',(-0.0371870985352755,-3.42707585781534,
46.3177419553773));
#6920=CARTESIAN_POINT('Ctrl Pts',(-0.0528677763299435,-3.41321595683197,
46.3314269765046));
#6921=CARTESIAN_POINT('Ctrl Pts',(-0.0970021648295172,-3.38447042900473,
46.3592382534377));
#6922=CARTESIAN_POINT('Ctrl Pts',(-0.1274764136329,-3.37140833551321,46.3713336438173));
#6923=CARTESIAN_POINT('Ctrl Pts',(-0.218411294809588,-3.34092122723751,
46.3974909026141));
#6924=CARTESIAN_POINT('Ctrl Pts',(-0.287325696236837,-3.32788755201052,
46.4053625679973));
#6925=CARTESIAN_POINT('Ctrl Pts',(-0.550603095830259,-3.28833656245265,
46.4169536200165));
#6926=CARTESIAN_POINT('Ctrl Pts',(-0.826497162622058,-3.27407446970887,
46.3835401071123));
#6927=CARTESIAN_POINT('Ctrl Pts',(-1.15655648612129,-3.24298790848355,46.3019499742002));
#6928=CARTESIAN_POINT('',(3.37143294808876,0.698593842444445,9.632));
#6929=CARTESIAN_POINT('Ctrl Pts',(-0.0257247775582049,-3.44295392301136,
46.3019499742002));
#6930=CARTESIAN_POINT('Ctrl Pts',(-0.73540930814546,-3.43765136099802,45.8590679755849));
#6931=CARTESIAN_POINT('Ctrl Pts',(-2.14935506052395,-2.97535199760401,44.9732999668577));
#6932=CARTESIAN_POINT('Ctrl Pts',(-3.4773337252976,-1.17578326718987,43.6445637904941));
#6933=CARTESIAN_POINT('Ctrl Pts',(-3.51356079455771,1.05340933444818,42.3158975524111));
#6934=CARTESIAN_POINT('Ctrl Pts',(-2.11526706779541,3.11054786306818,40.8395631566106));
#6935=CARTESIAN_POINT('Ctrl Pts',(0.629545564880212,3.807859303047,39.2155929669695));
#6936=CARTESIAN_POINT('Ctrl Pts',(3.22248763486611,2.11970215902563,37.44402432403));
#6937=CARTESIAN_POINT('Ctrl Pts',(3.74483105212488,-0.925271925772569,35.6724166871806));
#6938=CARTESIAN_POINT('Ctrl Pts',(1.863467781604,-3.37743767992,33.9008132297297));
#6939=CARTESIAN_POINT('Ctrl Pts',(-1.21616684731683,-3.66266164670846,32.1292209583182));
#6940=CARTESIAN_POINT('Ctrl Pts',(-3.32048087618934,-1.76692157786414,30.5052809316116));
#6941=CARTESIAN_POINT('Ctrl Pts',(-3.59986564591892,0.704105222218785,29.0289392885334));
#6942=CARTESIAN_POINT('Ctrl Pts',(-2.52986463650668,2.66067463706966,27.7002668936928));
#6943=CARTESIAN_POINT('Ctrl Pts',(-0.516155523348679,3.63420493703387,26.3715438393716));
#6944=CARTESIAN_POINT('Ctrl Pts',(1.68521324209748,3.25999537007132,25.0428765265567));
#6945=CARTESIAN_POINT('Ctrl Pts',(3.26364773223784,1.68024058762818,23.7141654857295));
#6946=CARTESIAN_POINT('Ctrl Pts',(3.63343123452321,-0.525514211040842,22.3854841302516));
#6947=CARTESIAN_POINT('Ctrl Pts',(2.65641611203114,-2.52988191191491,21.0567835129953));
#6948=CARTESIAN_POINT('Ctrl Pts',(0.477565504138495,-3.73055784767266,19.580442132416));
#6949=CARTESIAN_POINT('Ctrl Pts',(-2.28148599692733,-3.10867991879389,17.9564965411681));
#6950=CARTESIAN_POINT('Ctrl Pts',(-3.83785764007146,-0.432954266080347,
16.1849025841809));
#6951=CARTESIAN_POINT('Ctrl Pts',(-2.99421979309418,2.27128173463787,14.560957844631));
#6952=CARTESIAN_POINT('Ctrl Pts',(-0.872694827115458,3.5636460479866,13.0846104820581));
#6953=CARTESIAN_POINT('Ctrl Pts',(1.35366870621678,3.41200772108276,11.7559233982884));
#6954=CARTESIAN_POINT('Ctrl Pts',(2.85033349323026,2.18354826359559,10.6050368454386));
#6955=CARTESIAN_POINT('Ctrl Pts',(3.28388255758491,1.11443482750757,9.89702933545135));
#6956=CARTESIAN_POINT('Ctrl Pts',(3.370363158459,0.698415433568761,9.63193098977323));
#6957=CARTESIAN_POINT('',(3.41364722246782,-0.449005702299491,9.632));
#6958=CARTESIAN_POINT('Ctrl Pts',(3.41364722246782,-0.44900570229949,9.632));
#6959=CARTESIAN_POINT('Ctrl Pts',(3.3803421587944,-0.330388102577137,9.632));
#6960=CARTESIAN_POINT('Ctrl Pts',(3.35937599558837,-0.200519346181935,9.63200000067884));
#6961=CARTESIAN_POINT('Ctrl Pts',(3.33361881954638,0.0533453165938813,9.63200000067884));
#6962=CARTESIAN_POINT('Ctrl Pts',(3.32853060206879,0.191610998200206,9.63199999997755));
#6963=CARTESIAN_POINT('Ctrl Pts',(3.33555809066521,0.44671681172865,9.63199999997755));
#6964=CARTESIAN_POINT('Ctrl Pts',(3.34692589259985,0.577816027103144,9.632));
#6965=CARTESIAN_POINT('Ctrl Pts',(3.37143294808875,0.698593842444447,9.632));
#6966=CARTESIAN_POINT('Ctrl Pts',(3.41364722246782,-0.449005702299491,9.632));
#6967=CARTESIAN_POINT('Ctrl Pts',(3.50619842056937,0.254631553791931,10.074877981249));
#6968=CARTESIAN_POINT('Ctrl Pts',(3.24282480867988,1.71905088987948,10.9606906800307));
#6969=CARTESIAN_POINT('Ctrl Pts',(1.64443200655887,3.28177681001066,12.2893737621748));
#6970=CARTESIAN_POINT('Ctrl Pts',(-0.560396891334954,3.62589640513717,13.6180608459445));
#6971=CARTESIAN_POINT('Ctrl Pts',(-2.78599445582956,2.52236154814166,15.0944082085174));
#6972=CARTESIAN_POINT('Ctrl Pts',(-3.86094437589107,-0.0985352132346183,
16.7183529480673));
#6973=CARTESIAN_POINT('Ctrl Pts',(-2.54245244124207,-2.8991386265079,18.4899469050545));
#6974=CARTESIAN_POINT('Ctrl Pts',(0.152282598729169,-3.75791706610184,20.1138924963024));
#6975=CARTESIAN_POINT('Ctrl Pts',(2.42703940136092,-2.75069605604372,21.5902338768817));
#6976=CARTESIAN_POINT('Ctrl Pts',(3.5741772436808,-0.838596895277467,22.918934494138));
#6977=CARTESIAN_POINT('Ctrl Pts',(3.39705196144821,1.39091441996807,24.2476158496159));
#6978=CARTESIAN_POINT('Ctrl Pts',(1.9615464594761,3.10158813699432,25.5763268904431));
#6979=CARTESIAN_POINT('Ctrl Pts',(-0.199082218802383,3.6652732938761,26.904994203258));
#6980=CARTESIAN_POINT('Ctrl Pts',(-2.28962329365973,2.8700226090614,28.2337172575792));
#6981=CARTESIAN_POINT('Ctrl Pts',(-3.52525209945096,1.01360469017244,29.5623896524198));
#6982=CARTESIAN_POINT('Ctrl Pts',(-3.46118732057412,-1.47234080407968,31.0387312954979));
#6983=CARTESIAN_POINT('Ctrl Pts',(-1.52918276143942,-3.54340968854833,32.6626713222046));
#6984=CARTESIAN_POINT('Ctrl Pts',(1.56358452080596,-3.5263013060593,34.4342635936161));
#6985=CARTESIAN_POINT('Ctrl Pts',(3.65049367572211,-1.24650859166493,36.205867051067));
#6986=CARTESIAN_POINT('Ctrl Pts',(3.39415348686609,1.83228979897767,37.9774746879164));
#6987=CARTESIAN_POINT('Ctrl Pts',(0.957361412825889,3.73892754881584,39.7490433308559));
#6988=CARTESIAN_POINT('Ctrl Pts',(-1.83757793391778,3.28225076941362,41.373013520497));
#6989=CARTESIAN_POINT('Ctrl Pts',(-3.40898346530286,1.35410945504685,42.8493479162975));
#6990=CARTESIAN_POINT('Ctrl Pts',(-3.56619058822244,-0.869828038734919,
44.1780141543805));
#6991=CARTESIAN_POINT('Ctrl Pts',(-2.55541630656026,-2.52245048917596,45.3289396083923));
#6992=CARTESIAN_POINT('Ctrl Pts',(-1.55633823456721,-3.09906513114403,46.0369171593821));
#6993=CARTESIAN_POINT('Ctrl Pts',(-1.1562403092074,-3.24200526454232,46.3020026271374));
#6994=CARTESIAN_POINT('Ctrl Pts',(3.44072294859585,0.126566469357346,9.27200334496369));
#6995=CARTESIAN_POINT('Ctrl Pts',(3.42020923018408,0.68423408905777,9.62024412303528));
#6996=CARTESIAN_POINT('Ctrl Pts',(3.10273419500541,1.78869561574456,10.3167256791785));
#6997=CARTESIAN_POINT('Ctrl Pts',(1.90740167842976,3.03205071595966,11.3614480133932));
#6998=CARTESIAN_POINT('Ctrl Pts',(0.269516766174096,3.57121292496056,12.406170347608));
#6999=CARTESIAN_POINT('Ctrl Pts',(-1.43085564779489,3.28381155194042,13.4508926818227));
#7000=CARTESIAN_POINT('Ctrl Pts',(-2.79906992493903,2.23440959824182,14.4956150160375));
#7001=CARTESIAN_POINT('Ctrl Pts',(-3.51923191701863,0.666823648841767,15.5403373502523));
#7002=CARTESIAN_POINT('Ctrl Pts',(-3.42292495337259,-1.05332267718534,16.585059684467));
#7003=CARTESIAN_POINT('Ctrl Pts',(-2.53305599321823,-2.53460702772249,17.6297820186818));
#7004=CARTESIAN_POINT('Ctrl Pts',(-1.05796082351396,-3.4173696931481,18.6745043528966));
#7005=CARTESIAN_POINT('Ctrl Pts',(1.24346294793926,-3.56665667212928,20.0674674651829));
#7006=CARTESIAN_POINT('Ctrl Pts',(3.69830489888779,-1.62054007980576,21.8086713555408));
#7007=CARTESIAN_POINT('Ctrl Pts',(3.41611180505071,2.15261213914037,23.8981160239704));
#7008=CARTESIAN_POINT('Ctrl Pts',(0.699119245287499,3.71194229911194,25.6393199143283));
#7009=CARTESIAN_POINT('Ctrl Pts',(-1.55451565835906,3.22198173509085,27.0322830266146));
#7010=CARTESIAN_POINT('Ctrl Pts',(-2.88185647737914,2.12965415892223,28.0770053608294));
#7011=CARTESIAN_POINT('Ctrl Pts',(-3.54157513942543,0.532429073395664,29.1217276950442));
#7012=CARTESIAN_POINT('Ctrl Pts',(-3.38076686831051,-1.18278009345985,30.1664500292589));
#7013=CARTESIAN_POINT('Ctrl Pts',(-2.43580659031621,-2.626058421158,31.2111723634737));
#7014=CARTESIAN_POINT('Ctrl Pts',(-0.9259224498207,-3.45971681325864,32.2558946976885));
#7015=CARTESIAN_POINT('Ctrl Pts',(0.796712473789805,-3.49209586615828,33.3006170319032));
#7016=CARTESIAN_POINT('Ctrl Pts',(2.33965613746945,-2.71288490374783,34.345339366118));
#7017=CARTESIAN_POINT('Ctrl Pts',(3.32985140752563,-1.31039018286743,35.3900617003327));
#7018=CARTESIAN_POINT('Ctrl Pts',(3.64805831270681,0.981366982356201,36.7830248126191));
#7019=CARTESIAN_POINT('Ctrl Pts',(2.24407392749081,3.03899406266323,38.1759879249054));
#7020=CARTESIAN_POINT('Ctrl Pts',(-0.00589226570183907,3.5784062320279,
39.5689510371918));
#7021=CARTESIAN_POINT('Ctrl Pts',(-1.67293855561832,3.16783118388812,40.6136733714065));
#7022=CARTESIAN_POINT('Ctrl Pts',(-2.96105263296649,2.01525928925551,41.6583957056213));
#7023=CARTESIAN_POINT('Ctrl Pts',(-3.55927149962498,0.399476731240945,42.7031180398361));
#7024=CARTESIAN_POINT('Ctrl Pts',(-3.33322023905027,-1.31052270126995,43.7478403740508));
#7025=CARTESIAN_POINT('Ctrl Pts',(-2.33477063365308,-2.71653109231903,44.7925627082656));
#7026=CARTESIAN_POINT('Ctrl Pts',(-0.794613752614025,-3.49209647394077,
45.8372850424803));
#7027=CARTESIAN_POINT('Ctrl Pts',(0.92945265538528,-3.45943642951466,46.8820073766951));
#7028=CARTESIAN_POINT('Ctrl Pts',(2.43802939460946,-2.62342572636246,47.9267297109099));
#7029=CARTESIAN_POINT('Ctrl Pts',(3.06681393414815,-1.66152332519885,48.6232112670531));
#7030=CARTESIAN_POINT('Ctrl Pts',(3.25071670600782,-1.13465165466822,48.9714520451246));
#7031=CARTESIAN_POINT('Ctrl Pts',(3.63901901089799,0.133860759792236,8.98276728029552));
#7032=CARTESIAN_POINT('Ctrl Pts',(3.61731622271119,0.72385336796079,9.3310080583671));
#7033=CARTESIAN_POINT('Ctrl Pts',(3.28156789228341,1.89171916918871,10.0274896145103));
#7034=CARTESIAN_POINT('Ctrl Pts',(2.01738206126541,3.20694763690318,11.072211948725));
#7035=CARTESIAN_POINT('Ctrl Pts',(0.285056430102375,3.77700162311729,12.1169342829398));
#7036=CARTESIAN_POINT('Ctrl Pts',(-1.51337816526121,3.47319947125492,13.1616566171546));
#7037=CARTESIAN_POINT('Ctrl Pts',(-2.96037428234147,2.3631704142468,14.2063789513693));
#7038=CARTESIAN_POINT('Ctrl Pts',(-3.72218820448999,0.705284990917788,15.2511012855841));
#7039=CARTESIAN_POINT('Ctrl Pts',(-3.62018306698416,-1.11403078206405,16.2958236197989));
#7040=CARTESIAN_POINT('Ctrl Pts',(-2.67913671588576,-2.68076351442815,17.3405459540136));
#7041=CARTESIAN_POINT('Ctrl Pts',(-1.11893088936988,-3.61433344142142,18.3852682882284));
#7042=CARTESIAN_POINT('Ctrl Pts',(1.31518916096744,-3.77229959378643,19.7782314005147));
#7043=CARTESIAN_POINT('Ctrl Pts',(3.91148992667451,-1.71393388367522,21.5194352908726));
#7044=CARTESIAN_POINT('Ctrl Pts',(3.61303317091266,2.27667689408206,23.6088799593022));
#7045=CARTESIAN_POINT('Ctrl Pts',(0.73945983074111,3.92596679714208,25.3500838496601));
#7046=CARTESIAN_POINT('Ctrl Pts',(-1.64410523916015,3.40768490844713,26.7430469619465));
#7047=CARTESIAN_POINT('Ctrl Pts',(-3.04805048105577,2.25245776213707,27.7877692961612));
#7048=CARTESIAN_POINT('Ctrl Pts',(-3.74567174247994,0.56311786452207,28.832491630376));
#7049=CARTESIAN_POINT('Ctrl Pts',(-3.57573736602625,-1.25099463831609,29.8772139645908));
#7050=CARTESIAN_POINT('Ctrl Pts',(-2.57617676005281,-2.77739315846697,30.9219362988055));
#7051=CARTESIAN_POINT('Ctrl Pts',(-0.979325376465346,-3.65923989726309,
31.9666586330203));
#7052=CARTESIAN_POINT('Ctrl Pts',(0.84263406335307,-3.69334149958063,33.011380967235));
#7053=CARTESIAN_POINT('Ctrl Pts',(2.47456438438317,-2.8693334687766,34.0561033014498));
#7054=CARTESIAN_POINT('Ctrl Pts',(3.52178217039501,-1.38591266243538,35.1008256356646));
#7055=CARTESIAN_POINT('Ctrl Pts',(3.85836541350121,1.03799075294977,36.4937887479509));
#7056=CARTESIAN_POINT('Ctrl Pts',(2.37348806388595,3.21417122811612,37.8867518602372));
#7057=CARTESIAN_POINT('Ctrl Pts',(-0.00622465129577962,3.7846609163137,
39.2797149725236));
#7058=CARTESIAN_POINT('Ctrl Pts',(-1.76942106350304,3.35049992457193,40.3244373067384));
#7059=CARTESIAN_POINT('Ctrl Pts',(-3.13169156609352,2.13140463473339,41.3691596409531));
#7060=CARTESIAN_POINT('Ctrl Pts',(-3.76453854835834,0.422508386862476,42.4138819751679));
#7061=CARTESIAN_POINT('Ctrl Pts',(-3.52530548411352,-1.38604147685883,43.4586043093827));
#7062=CARTESIAN_POINT('Ctrl Pts',(-2.46942482612185,-2.87320231673557,44.5033266435974));
#7063=CARTESIAN_POINT('Ctrl Pts',(-0.840394267667979,-3.69332864180159,
45.5480489778122));
#7064=CARTESIAN_POINT('Ctrl Pts',(0.983024216560197,-3.6589733136186,46.592771312027));
#7065=CARTESIAN_POINT('Ctrl Pts',(2.57857250557206,-2.77456417246346,47.6374936462417));
#7066=CARTESIAN_POINT('Ctrl Pts',(3.24349968591922,-1.75745558715993,48.3339752023849));
#7067=CARTESIAN_POINT('Ctrl Pts',(3.43806231101337,-1.20004400347594,48.6822159804565));
#7068=CARTESIAN_POINT('Ctrl Pts',(3.85583952865565,0.141836469498249,8.28199999999998));
#7069=CARTESIAN_POINT('Ctrl Pts',(3.83285608843462,0.766643739604736,8.63024077807157));
#7070=CARTESIAN_POINT('Ctrl Pts',(3.4770603584865,2.00454627073974,9.32672233421474));
#7071=CARTESIAN_POINT('Ctrl Pts',(2.137485586977,3.39774434709415,10.3714446684295));
#7072=CARTESIAN_POINT('Ctrl Pts',(0.302028203826498,4.00209411799057,11.4161670026443));
#7073=CARTESIAN_POINT('Ctrl Pts',(-1.60344024073442,3.67989379959724,12.460889336859));
#7074=CARTESIAN_POINT('Ctrl Pts',(-3.13678140990695,2.50399665896907,13.5056116710738));
#7075=CARTESIAN_POINT('Ctrl Pts',(-3.94371671813763,0.747250993974138,14.5503340052886));
#7076=CARTESIAN_POINT('Ctrl Pts',(-3.83590358339973,-1.18040179401028,15.5950563395033));
#7077=CARTESIAN_POINT('Ctrl Pts',(-2.83859131593536,-2.84033990401164,16.6397786737181));
#7078=CARTESIAN_POINT('Ctrl Pts',(-1.18560361308419,-3.82965835620231,17.6845010079328));
#7079=CARTESIAN_POINT('Ctrl Pts',(1.39343627362383,-3.99689879494768,19.0774641202192));
#7080=CARTESIAN_POINT('Ctrl Pts',(4.1444645972868,-1.81605611469291,20.8186680105771));
#7081=CARTESIAN_POINT('Ctrl Pts',(3.82822566847177,2.41231664850347,22.9081126790067));
#7082=CARTESIAN_POINT('Ctrl Pts',(0.783429235462961,4.15970637853208,24.6493165693646));
#7083=CARTESIAN_POINT('Ctrl Pts',(-1.74206528383142,3.61069718622225,26.0422796816509));
#7084=CARTESIAN_POINT('Ctrl Pts',(-3.22946535209699,2.38654142529919,27.0870020158657));
#7085=CARTESIAN_POINT('Ctrl Pts',(-3.96886835557266,0.596662713696437,28.1317243500804));
#7086=CARTESIAN_POINT('Ctrl Pts',(-3.78855053489998,-1.32544315790727,29.1764466842952));
#7087=CARTESIAN_POINT('Ctrl Pts',(-2.72968995496527,-2.94289533511304,30.22116901851));
#7088=CARTESIAN_POINT('Ctrl Pts',(-1.0376025427952,-3.87702369822618,31.2658913527248));
#7089=CARTESIAN_POINT('Ctrl Pts',(0.892830177195339,-3.91341902581279,32.3106136869395));
#7090=CARTESIAN_POINT('Ctrl Pts',(2.62187836736788,-3.04011323364193,33.3553360211543));
#7091=CARTESIAN_POINT('Ctrl Pts',(3.73157283717995,-1.46848473502654,34.400058355369));
#7092=CARTESIAN_POINT('Ctrl Pts',(4.08814217134293,1.09971687293374,35.7930214676554));
#7093=CARTESIAN_POINT('Ctrl Pts',(2.51475326082895,3.40561713795772,37.1859845799417));
#7094=CARTESIAN_POINT('Ctrl Pts',(-0.00660866312118359,4.01011594343863,
38.5789476922281));
#7095=CARTESIAN_POINT('Ctrl Pts',(-1.87472367526628,3.54994739167777,39.6236700264428));
#7096=CARTESIAN_POINT('Ctrl Pts',(-3.31830765132149,2.25839510289301,40.6683923606576));
#7097=CARTESIAN_POINT('Ctrl Pts',(-3.98858455366308,0.447665960446225,41.7131146948724));
#7098=CARTESIAN_POINT('Ctrl Pts',(-3.73537846230594,-1.46864191833918,42.7578370290871));
#7099=CARTESIAN_POINT('Ctrl Pts',(-2.61638239204133,-3.04418974775262,43.8025593633019));
#7100=CARTESIAN_POINT('Ctrl Pts',(-0.890493643086573,-3.91343003574579,
44.8472816975166));
#7101=CARTESIAN_POINT('Ctrl Pts',(1.04158529932426,-3.876686566001,45.8920040317314));
#7102=CARTESIAN_POINT('Ctrl Pts',(2.73214663359033,-2.9399791047285,46.9367263659462));
#7103=CARTESIAN_POINT('Ctrl Pts',(3.43686589861502,-1.86184886955483,47.6332079220894));
#7104=CARTESIAN_POINT('Ctrl Pts',(3.64290939978223,-1.27154518590626,47.9814487001609));
#7105=CARTESIAN_POINT('Ctrl Pts',(3.63901901089799,0.133860759792236,7.58123271970444));
#7106=CARTESIAN_POINT('Ctrl Pts',(3.61731622271119,0.72385336796079,7.92947349777603));
#7107=CARTESIAN_POINT('Ctrl Pts',(3.2815678922834,1.89171916918871,8.6259550539192));
#7108=CARTESIAN_POINT('Ctrl Pts',(2.01738206126541,3.20694763690318,9.67067738813397));
#7109=CARTESIAN_POINT('Ctrl Pts',(0.285056430102375,3.77700162311729,10.7153997223487));
#7110=CARTESIAN_POINT('Ctrl Pts',(-1.51337816526121,3.47319947125492,11.7601220565635));
#7111=CARTESIAN_POINT('Ctrl Pts',(-2.96037428234147,2.36317041424679,12.8048443907782));
#7112=CARTESIAN_POINT('Ctrl Pts',(-3.72218820448999,0.705284990917789,13.849566724993));
#7113=CARTESIAN_POINT('Ctrl Pts',(-3.62018306698416,-1.11403078206405,14.8942890592078));
#7114=CARTESIAN_POINT('Ctrl Pts',(-2.67913671588576,-2.68076351442814,15.9390113934225));
#7115=CARTESIAN_POINT('Ctrl Pts',(-1.11893088936988,-3.61433344142142,16.9837337276373));
#7116=CARTESIAN_POINT('Ctrl Pts',(1.31518916096744,-3.77229959378642,18.3766968399237));
#7117=CARTESIAN_POINT('Ctrl Pts',(3.9114899266745,-1.71393388367522,20.1179007302816));
#7118=CARTESIAN_POINT('Ctrl Pts',(3.61303317091266,2.27667689408206,22.2073453987111));
#7119=CARTESIAN_POINT('Ctrl Pts',(0.73945983074111,3.92596679714208,23.948549289069));
#7120=CARTESIAN_POINT('Ctrl Pts',(-1.64410523916015,3.40768490844713,25.3415124013554));
#7121=CARTESIAN_POINT('Ctrl Pts',(-3.04805048105577,2.25245776213707,26.3862347355702));
#7122=CARTESIAN_POINT('Ctrl Pts',(-3.74567174247994,0.56311786452207,27.4309570697849));
#7123=CARTESIAN_POINT('Ctrl Pts',(-3.57573736602625,-1.25099463831608,28.4756794039997));
#7124=CARTESIAN_POINT('Ctrl Pts',(-2.57617676005281,-2.77739315846697,29.5204017382144));
#7125=CARTESIAN_POINT('Ctrl Pts',(-0.979325376465347,-3.65923989726309,
30.5651240724292));
#7126=CARTESIAN_POINT('Ctrl Pts',(0.84263406335307,-3.69334149958063,31.6098464066439));
#7127=CARTESIAN_POINT('Ctrl Pts',(2.47456438438317,-2.8693334687766,32.6545687408587));
#7128=CARTESIAN_POINT('Ctrl Pts',(3.52178217039501,-1.38591266243538,33.6992910750735));
#7129=CARTESIAN_POINT('Ctrl Pts',(3.8583654135012,1.03799075294977,35.0922541873598));
#7130=CARTESIAN_POINT('Ctrl Pts',(2.37348806388596,3.21417122811611,36.4852172996462));
#7131=CARTESIAN_POINT('Ctrl Pts',(-0.00622465129578101,3.7846609163137,
37.8781804119326));
#7132=CARTESIAN_POINT('Ctrl Pts',(-1.76942106350304,3.35049992457193,38.9229027461473));
#7133=CARTESIAN_POINT('Ctrl Pts',(-3.13169156609352,2.13140463473339,39.9676250803621));
#7134=CARTESIAN_POINT('Ctrl Pts',(-3.76453854835833,0.422508386862476,41.0123474145768));
#7135=CARTESIAN_POINT('Ctrl Pts',(-3.52530548411352,-1.38604147685883,42.0570697487916));
#7136=CARTESIAN_POINT('Ctrl Pts',(-2.46942482612184,-2.87320231673556,43.1017920830064));
#7137=CARTESIAN_POINT('Ctrl Pts',(-0.840394267667979,-3.69332864180159,
44.1465144172211));
#7138=CARTESIAN_POINT('Ctrl Pts',(0.983024216560198,-3.6589733136186,45.1912367514359));
#7139=CARTESIAN_POINT('Ctrl Pts',(2.57857250557206,-2.77456417246346,46.2359590856506));
#7140=CARTESIAN_POINT('Ctrl Pts',(3.24349968591922,-1.75745558715993,46.9324406417938));
#7141=CARTESIAN_POINT('Ctrl Pts',(3.43806231101337,-1.20004400347594,47.2806814198654));
#7142=CARTESIAN_POINT('Ctrl Pts',(3.44072294859584,0.126566469357346,7.29199665503627));
#7143=CARTESIAN_POINT('Ctrl Pts',(3.42020923018408,0.684234089057769,7.64023743310785));
#7144=CARTESIAN_POINT('Ctrl Pts',(3.10273419500541,1.78869561574456,8.33671898925104));
#7145=CARTESIAN_POINT('Ctrl Pts',(1.90740167842976,3.03205071595966,9.38144132346579));
#7146=CARTESIAN_POINT('Ctrl Pts',(0.269516766174096,3.57121292496056,10.4261636576806));
#7147=CARTESIAN_POINT('Ctrl Pts',(-1.43085564779489,3.28381155194042,11.4708859918953));
#7148=CARTESIAN_POINT('Ctrl Pts',(-2.79906992493902,2.23440959824181,12.5156083261101));
#7149=CARTESIAN_POINT('Ctrl Pts',(-3.51923191701863,0.666823648841768,13.5603306603248));
#7150=CARTESIAN_POINT('Ctrl Pts',(-3.42292495337259,-1.05332267718534,14.6050529945396));
#7151=CARTESIAN_POINT('Ctrl Pts',(-2.53305599321823,-2.53460702772249,15.6497753287544));
#7152=CARTESIAN_POINT('Ctrl Pts',(-1.05796082351396,-3.4173696931481,16.6944976629691));
#7153=CARTESIAN_POINT('Ctrl Pts',(1.24346294793926,-3.56665667212928,18.0874607752555));
#7154=CARTESIAN_POINT('Ctrl Pts',(3.69830489888779,-1.62054007980576,19.8286646656134));
#7155=CARTESIAN_POINT('Ctrl Pts',(3.41611180505071,2.15261213914036,21.9181093340429));
#7156=CARTESIAN_POINT('Ctrl Pts',(0.699119245287499,3.71194229911194,23.6593132244009));
#7157=CARTESIAN_POINT('Ctrl Pts',(-1.55451565835906,3.22198173509085,25.0522763366872));
#7158=CARTESIAN_POINT('Ctrl Pts',(-2.88185647737914,2.12965415892222,26.096998670902));
#7159=CARTESIAN_POINT('Ctrl Pts',(-3.54157513942543,0.532429073395664,27.1417210051167));
#7160=CARTESIAN_POINT('Ctrl Pts',(-3.38076686831051,-1.18278009345985,28.1864433393315));
#7161=CARTESIAN_POINT('Ctrl Pts',(-2.43580659031621,-2.626058421158,29.2311656735463));
#7162=CARTESIAN_POINT('Ctrl Pts',(-0.925922449820698,-3.45971681325864,
30.275888007761));
#7163=CARTESIAN_POINT('Ctrl Pts',(0.796712473789804,-3.49209586615828,31.3206103419758));
#7164=CARTESIAN_POINT('Ctrl Pts',(2.33965613746945,-2.71288490374783,32.3653326761906));
#7165=CARTESIAN_POINT('Ctrl Pts',(3.32985140752563,-1.31039018286743,33.4100550104053));
#7166=CARTESIAN_POINT('Ctrl Pts',(3.64805831270681,0.9813669823562,34.8030181226917));
#7167=CARTESIAN_POINT('Ctrl Pts',(2.24407392749081,3.03899406266323,36.195981234978));
#7168=CARTESIAN_POINT('Ctrl Pts',(-0.00589226570183996,3.5784062320279,
37.5889443472644));
#7169=CARTESIAN_POINT('Ctrl Pts',(-1.67293855561831,3.16783118388811,38.6336666814791));
#7170=CARTESIAN_POINT('Ctrl Pts',(-2.96105263296649,2.0152592892555,39.6783890156939));
#7171=CARTESIAN_POINT('Ctrl Pts',(-3.55927149962498,0.399476731240945,40.7231113499086));
#7172=CARTESIAN_POINT('Ctrl Pts',(-3.33322023905027,-1.31052270126995,41.7678336841234));
#7173=CARTESIAN_POINT('Ctrl Pts',(-2.33477063365308,-2.71653109231902,42.8125560183382));
#7174=CARTESIAN_POINT('Ctrl Pts',(-0.794613752614024,-3.49209647394077,
43.8572783525529));
#7175=CARTESIAN_POINT('Ctrl Pts',(0.92945265538528,-3.45943642951465,44.9020006867677));
#7176=CARTESIAN_POINT('Ctrl Pts',(2.43802939460946,-2.62342572636246,45.9467230209824));
#7177=CARTESIAN_POINT('Ctrl Pts',(3.06681393414815,-1.66152332519885,46.6432045771256));
#7178=CARTESIAN_POINT('Ctrl Pts',(3.25071670600782,-1.13465165466822,46.9914453551972));
#7179=CARTESIAN_POINT('Ctrl Pts',(1.481904803569,3.10782104267907,9.632));
#7180=CARTESIAN_POINT('Ctrl Pts',(1.64668984312791,3.10115507996447,9.632));
#7181=CARTESIAN_POINT('Ctrl Pts',(1.81061295407536,3.06937208122952,9.632));
#7182=CARTESIAN_POINT('Ctrl Pts',(2.22510994204725,2.93135525664893,9.632));
#7183=CARTESIAN_POINT('Ctrl Pts',(2.4636679512434,2.79099637208813,9.632));
#7184=CARTESIAN_POINT('Ctrl Pts',(2.88190985137461,2.42547851224547,9.632));
#7185=CARTESIAN_POINT('Ctrl Pts',(3.05833248342386,2.1976097553887,9.632));
#7186=CARTESIAN_POINT('Ctrl Pts',(3.30174887643569,1.71205315764908,9.632));
#7187=CARTESIAN_POINT('Ctrl Pts',(3.37625990708278,1.45882462295452,9.632));
#7188=CARTESIAN_POINT('Ctrl Pts',(3.41270499186257,1.0327352804661,9.632));
#7189=CARTESIAN_POINT('Ctrl Pts',(3.40478696678507,0.862972036014781,9.632));
#7190=CARTESIAN_POINT('Ctrl Pts',(3.37143294808876,0.698593842444445,9.632));
#7191=CARTESIAN_POINT('',(0.876277699146609,-3.63795291250809,46.003));
#7192=CARTESIAN_POINT('Ctrl Pts',(-0.0257247775582209,-3.44295392301136,
46.3019499742002));
#7193=CARTESIAN_POINT('Ctrl Pts',(-0.0129561662394469,-3.46064151380451,
46.2843582778931));
#7194=CARTESIAN_POINT('Ctrl Pts',(0.00186770396294817,-3.47759849480568,
46.2674418791238));
#7195=CARTESIAN_POINT('Ctrl Pts',(0.0648805236621159,-3.53762996714907,
46.2070719194767));
#7196=CARTESIAN_POINT('Ctrl Pts',(0.123576539259906,-3.57258024748852,46.1708722633821));
#7197=CARTESIAN_POINT('Ctrl Pts',(0.281691030430822,-3.63561967861818,46.0995866090258));
#7198=CARTESIAN_POINT('Ctrl Pts',(0.392743683428975,-3.65787128900643,46.0681383485224));
#7199=CARTESIAN_POINT('Ctrl Pts',(0.627160554579649,-3.66859400205497,46.024760694231));
#7200=CARTESIAN_POINT('Ctrl Pts',(0.748225622954959,-3.66066037164833,46.0109103452057));
#7201=CARTESIAN_POINT('Ctrl Pts',(0.876277699146349,-3.6379529124503,46.0030000001033));
#7202=CARTESIAN_POINT('',(1.42941153506874,-3.45822883275296,46.003));
#7203=CARTESIAN_POINT('Ctrl Pts',(0.876344460139725,-3.63822387470349,46.0028297495804));
#7204=CARTESIAN_POINT('Ctrl Pts',(0.908451529213053,-3.63238209889155,46.0028491863503));
#7205=CARTESIAN_POINT('Ctrl Pts',(0.940430704874877,-3.62581202429164,46.0028667399828));
#7206=CARTESIAN_POINT('Ctrl Pts',(0.972254049934422,-3.61851639943178,46.0028847462986));
#7207=CARTESIAN_POINT('Ctrl Pts',(0.992555144575509,-3.61386229501665,46.0028962330836));
#7208=CARTESIAN_POINT('Ctrl Pts',(1.01279281943573,-3.60891290491079,46.0029078984764));
#7209=CARTESIAN_POINT('Ctrl Pts',(1.03296011296903,-3.60367015684717,46.0029203074732));
#7210=CARTESIAN_POINT('Ctrl Pts',(1.07528587249289,-3.5926670297583,46.0029463506413));
#7211=CARTESIAN_POINT('Ctrl Pts',(1.1172642070907,-3.5803816918265,46.0029738660924));
#7212=CARTESIAN_POINT('Ctrl Pts',(1.15882367051432,-3.56683928950196,46.0030014423389));
#7213=CARTESIAN_POINT('Ctrl Pts',(1.25128099918215,-3.53671151018228,46.003062791208));
#7214=CARTESIAN_POINT('Ctrl Pts',(1.34166528016278,-3.50036587158297,46.0031235373864));
#7215=CARTESIAN_POINT('Ctrl Pts',(1.42922872661344,-3.45817946288682,46.0031702504282));
#7216=CARTESIAN_POINT('Ctrl Pts',(1.42941153485216,-3.45822883240137,46.0030000009059));
#7217=CARTESIAN_POINT('Ctrl Pts',(1.60191027778073,-3.3765607412597,46.0125818433945));
#7218=CARTESIAN_POINT('Ctrl Pts',(1.77380956530529,-3.27023218314916,46.0305044421522));
#7219=CARTESIAN_POINT('Ctrl Pts',(2.20557857641104,-2.92321908643563,46.0990201731644));
#7220=CARTESIAN_POINT('Ctrl Pts',(2.42982023486757,-2.65749823148424,46.1593997995043));
#7221=CARTESIAN_POINT('Ctrl Pts',(2.64537413109126,-2.27743501345449,46.2556279496822));
#7222=CARTESIAN_POINT('Ctrl Pts',(2.68858891121117,-2.19063201696585,46.2782093613363));
#7223=CARTESIAN_POINT('Ctrl Pts',(2.72686917346362,-2.10208895886295,46.3019499742002));
#7224=CARTESIAN_POINT('Ctrl Pts',(-3.28239315722592,-1.03946555573343,46.3019499742003));
#7225=CARTESIAN_POINT('Ctrl Pts',(-3.49665469950254,-0.362876883462101,
45.8590679800579));
#7226=CARTESIAN_POINT('Ctrl Pts',(-3.49391403710206,1.12472434311827,44.973299998207));
#7227=CARTESIAN_POINT('Ctrl Pts',(-2.19279101407732,2.94380402502385,43.6445637740339));
#7228=CARTESIAN_POINT('Ctrl Pts',(-0.0838966495993068,3.66711719561966,
42.3158975891666));
#7229=CARTESIAN_POINT('Ctrl Pts',(2.3046571886089,2.97295251970302,40.839563148936));
#7230=CARTESIAN_POINT('Ctrl Pts',(3.81603307897175,0.577957139219541,39.2155929624204));
#7231=CARTESIAN_POINT('Ctrl Pts',(3.01175399282898,-2.40974379301674,37.4440243667722));
#7232=CARTESIAN_POINT('Ctrl Pts',(0.277230913953477,-3.84746908647247,35.6724167183977));
#7233=CARTESIAN_POINT('Ctrl Pts',(-2.63628714919807,-2.81594746575701,33.9008131707644));
#7234=CARTESIAN_POINT('Ctrl Pts',(-3.8592152209457,0.0248141142747872,32.1292209303803));
#7235=CARTESIAN_POINT('Ctrl Pts',(-2.7065318095937,2.61195666407652,30.5052808851815));
#7236=CARTESIAN_POINT('Ctrl Pts',(-0.442777314827882,3.64125635764829,29.028939292868));
#7237=CARTESIAN_POINT('Ctrl Pts',(1.74867996469441,3.22823926107319,27.7002669161166));
#7238=CARTESIAN_POINT('Ctrl Pts',(3.29683306701765,1.61392482552502,26.371543813456));
#7239=CARTESIAN_POINT('Ctrl Pts',(3.62119935322229,-0.595339026948916,25.0428765571062));
#7240=CARTESIAN_POINT('Ctrl Pts',(2.60652583993495,-2.58469120513422,23.7141654612855));
#7241=CARTESIAN_POINT('Ctrl Pts',(0.622997514412681,-3.61799241480846,22.3854841546458));
#7242=CARTESIAN_POINT('Ctrl Pts',(-1.58518382162253,-3.30817849261541,21.0567834912955));
#7243=CARTESIAN_POINT('Ctrl Pts',(-3.40039831728076,-1.60699722688359,19.5804421085117));
#7244=CARTESIAN_POINT('Ctrl Pts',(-3.66154219363749,1.20918666367752,17.9564964845368));
#7245=CARTESIAN_POINT('Ctrl Pts',(-1.59773045011411,3.51623059893328,16.1849025676304));
#7246=CARTESIAN_POINT('Ctrl Pts',(1.23485259589293,3.54953762554871,14.560957940442));
#7247=CARTESIAN_POINT('Ctrl Pts',(3.1195514690586,1.93121041731757,13.0846104339854));
#7248=CARTESIAN_POINT('Ctrl Pts',(3.66331882896199,-0.233046856558137,11.7559234286189));
#7249=CARTESIAN_POINT('Ctrl Pts',(2.84843642628377,-2.31461716076426,10.4272402653987));
#7250=CARTESIAN_POINT('Ctrl Pts',(1.60297698437013,-3.12869451753195,9.54142761906187));
#7251=CARTESIAN_POINT('Ctrl Pts',(0.919028390118973,-3.31812903581447,9.0985496361136));
#7252=CARTESIAN_POINT('Ctrl Pts',(-3.2286940296867,-0.981074645226779,46.3776451088288));
#7253=CARTESIAN_POINT('Ctrl Pts',(-3.4309192539816,-0.315650949409421,45.9347631146864));
#7254=CARTESIAN_POINT('Ctrl Pts',(-3.41111245456452,1.14224639166486,45.0489951328355));
#7255=CARTESIAN_POINT('Ctrl Pts',(-2.11520466732517,2.90996191571768,43.7202589086624));
#7256=CARTESIAN_POINT('Ctrl Pts',(-0.0402289155065403,3.59468863700855,
42.3915927237952));
#7257=CARTESIAN_POINT('Ctrl Pts',(2.29259043409531,2.88700680777352,40.9152582835645));
#7258=CARTESIAN_POINT('Ctrl Pts',(3.74626955152873,0.522721395787513,39.2912880970489));
#7259=CARTESIAN_POINT('Ctrl Pts',(2.92392029401162,-2.39598669767422,37.5197195014007));
#7260=CARTESIAN_POINT('Ctrl Pts',(0.22763177428418,-3.77360584758017,35.7481118530262));
#7261=CARTESIAN_POINT('Ctrl Pts',(-2.61579467495268,-2.72937043243398,33.9765083053929));
#7262=CARTESIAN_POINT('Ctrl Pts',(-3.78167746701545,0.0685055652393615,
32.2049160650088));
#7263=CARTESIAN_POINT('Ctrl Pts',(-2.62246036997292,2.59064610786569,30.58097601981));
#7264=CARTESIAN_POINT('Ctrl Pts',(-0.392171387695698,3.57345729902033,29.1046344274965));
#7265=CARTESIAN_POINT('Ctrl Pts',(1.75059180743803,3.14362292251281,27.7759620507451));
#7266=CARTESIAN_POINT('Ctrl Pts',(3.24933830732795,1.54386567605619,26.4472389480845));
#7267=CARTESIAN_POINT('Ctrl Pts',(3.54188196822662,-0.624877988817921,25.1185716917347));
#7268=CARTESIAN_POINT('Ctrl Pts',(2.52476806358896,-2.56281147559514,23.789860595914));
#7269=CARTESIAN_POINT('Ctrl Pts',(0.569052548408157,-3.55268029227268,22.4611792892743));
#7270=CARTESIAN_POINT('Ctrl Pts',(-1.59132324187998,-3.22385773558031,21.132478625924));
#7271=CARTESIAN_POINT('Ctrl Pts',(-3.35071048592383,-1.53587043917186,19.6561372431402));
#7272=CARTESIAN_POINT('Ctrl Pts',(-3.57443136741438,1.22692659131829,18.0321916191653));
#7273=CARTESIAN_POINT('Ctrl Pts',(-1.52553645415459,3.46410488861241,16.2605977022589));
#7274=CARTESIAN_POINT('Ctrl Pts',(1.25081029235409,3.46433332247342,14.6366530750705));
#7275=CARTESIAN_POINT('Ctrl Pts',(3.07922417262837,1.85682838627831,13.1603055686139));
#7276=CARTESIAN_POINT('Ctrl Pts',(3.58730885324298,-0.27034582895167,11.8316185632474));
#7277=CARTESIAN_POINT('Ctrl Pts',(2.76494086178769,-2.30091588341754,10.5029354000272));
#7278=CARTESIAN_POINT('Ctrl Pts',(1.53498740692128,-3.08452186212321,9.61712275369038));
#7279=CARTESIAN_POINT('Ctrl Pts',(0.86263534990761,-3.26233549009466,9.1742447707421));
#7280=CARTESIAN_POINT('Ctrl Pts',(-3.18467528056194,-0.85837733062307,46.5686751561435));
#7281=CARTESIAN_POINT('Ctrl Pts',(-3.36161910966592,-0.2018960624302,46.1257931620011));
#7282=CARTESIAN_POINT('Ctrl Pts',(-3.29717333203249,1.22169038595178,45.2400251801502));
#7283=CARTESIAN_POINT('Ctrl Pts',(-1.9762804215426,2.90861458347884,43.9112889559771));
#7284=CARTESIAN_POINT('Ctrl Pts',(0.0721605055806684,3.51319074907775,42.5826227711098));
#7285=CARTESIAN_POINT('Ctrl Pts',(2.32931311208682,2.7495429589229,41.1062883308792));
#7286=CARTESIAN_POINT('Ctrl Pts',(3.67626086964736,0.394493199466386,39.4823181443636));
#7287=CARTESIAN_POINT('Ctrl Pts',(2.78227972790376,-2.43152217823603,37.7107495487154));
#7288=CARTESIAN_POINT('Ctrl Pts',(0.10537954732402,-3.69385293184922,35.9391419003408));
#7289=CARTESIAN_POINT('Ctrl Pts',(-2.64017934596634,-2.58548091837418,34.1675383527076));
#7290=CARTESIAN_POINT('Ctrl Pts',(-3.69253056856159,0.18418914647533,32.3959461123235));
#7291=CARTESIAN_POINT('Ctrl Pts',(-2.48176502495353,2.6123669745686,30.7720060671247));
#7292=CARTESIAN_POINT('Ctrl Pts',(-0.272408654994047,3.50335401724193,29.2956644748112));
#7293=CARTESIAN_POINT('Ctrl Pts',(1.80784770758043,3.0169659136349,27.9669920980598));
#7294=CARTESIAN_POINT('Ctrl Pts',(3.22240772647138,1.40758751127296,26.6382689953992));
#7295=CARTESIAN_POINT('Ctrl Pts',(3.4410175820799,-0.720330954433766,25.3096017390494));
#7296=CARTESIAN_POINT('Ctrl Pts',(2.38718249305771,-2.58210331977239,23.9808906432287));
#7297=CARTESIAN_POINT('Ctrl Pts',(0.445863495678041,-3.48859655741467,22.652209336589));
#7298=CARTESIAN_POINT('Ctrl Pts',(-1.65468079704834,-3.10025848447727,21.3235086732387));
#7299=CARTESIAN_POINT('Ctrl Pts',(-3.32125229235562,-1.39666306693695,19.8471672904549));
#7300=CARTESIAN_POINT('Ctrl Pts',(-3.45409099705886,1.30950126948586,18.22322166648));
#7301=CARTESIAN_POINT('Ctrl Pts',(-1.38295308973977,3.43173914884232,16.4516277495737));
#7302=CARTESIAN_POINT('Ctrl Pts',(1.32940002741451,3.34584088497374,14.8276831223852));
#7303=CARTESIAN_POINT('Ctrl Pts',(3.06593141843062,1.71862596734297,13.3513356159286));
#7304=CARTESIAN_POINT('Ctrl Pts',(3.49638751146774,-0.375331873846167,12.0226486105621));
#7305=CARTESIAN_POINT('Ctrl Pts',(2.62993244369019,-2.33367933531024,10.6939654473419));
#7306=CARTESIAN_POINT('Ctrl Pts',(1.40411893963635,-3.06099439532026,9.80815280100507));
#7307=CARTESIAN_POINT('Ctrl Pts',(0.741625560911581,-3.21386991207678,9.36527481805679));
#7308=CARTESIAN_POINT('Ctrl Pts',(-3.28439386363347,-0.774422071849858,
46.7597052034581));
#7309=CARTESIAN_POINT('Ctrl Pts',(-3.44397490156581,-0.0975043304449005,
46.3168232093158));
#7310=CARTESIAN_POINT('Ctrl Pts',(-3.33183086797386,1.3562383604115,45.4310552274649));
#7311=CARTESIAN_POINT('Ctrl Pts',(-1.92640839038128,3.03822839905915,44.1023190032918));
#7312=CARTESIAN_POINT('Ctrl Pts',(0.187786985626146,3.59000257904198,42.7736528184246));
#7313=CARTESIAN_POINT('Ctrl Pts',(2.47106824914933,2.735840539237,41.2973183781939));
#7314=CARTESIAN_POINT('Ctrl Pts',(3.77186036986716,0.284112800781667,39.6733481916783));
#7315=CARTESIAN_POINT('Ctrl Pts',(2.76609397660743,-2.57654977931636,37.9017795960301));
#7316=CARTESIAN_POINT('Ctrl Pts',(-0.0121285093334886,-3.78044606869033,
36.1301719476556));
#7317=CARTESIAN_POINT('Ctrl Pts',(-2.7836118537078,-2.55802939069448,34.3585684000223));
#7318=CARTESIAN_POINT('Ctrl Pts',(-3.7697227061704,0.308170521899943,32.5869761596382));
#7319=CARTESIAN_POINT('Ctrl Pts',(-2.45289521597072,2.75172078355041,30.9630361144394));
#7320=CARTESIAN_POINT('Ctrl Pts',(-0.164801473626652,3.5911589986045,29.4866945221258));
#7321=CARTESIAN_POINT('Ctrl Pts',(1.9464012498026,3.02625841785949,28.1580221453745));
#7322=CARTESIAN_POINT('Ctrl Pts',(3.34069694689002,1.33472479336962,26.8292990427139));
#7323=CARTESIAN_POINT('Ctrl Pts',(3.49512715317787,-0.848224746756048,25.5006317863641));
#7324=CARTESIAN_POINT('Ctrl Pts',(2.35718143880394,-2.71774368259404,24.1719206905434));
#7325=CARTESIAN_POINT('Ctrl Pts',(0.34262024271658,-3.58164437545503,22.8432393839037));
#7326=CARTESIAN_POINT('Ctrl Pts',(-1.79252266871738,-3.11645020696664,21.5145387205534));
#7327=CARTESIAN_POINT('Ctrl Pts',(-3.44137481844198,-1.320297428336,20.0381973377696));
#7328=CARTESIAN_POINT('Ctrl Pts',(-3.48944365765876,1.45109836001724,18.4142517137947));
#7329=CARTESIAN_POINT('Ctrl Pts',(-1.30277689477227,3.5538462880336,16.6426577968884));
#7330=CARTESIAN_POINT('Ctrl Pts',(1.46797397813544,3.37806590040488,15.0187131696999));
#7331=CARTESIAN_POINT('Ctrl Pts',(3.19077329001978,1.65783708736272,13.5423656632433));
#7332=CARTESIAN_POINT('Ctrl Pts',(3.56295801559883,-0.497282122750702,12.2136786578768));
#7333=CARTESIAN_POINT('Ctrl Pts',(2.61347778785856,-2.47159771660489,10.8849954946565));
#7334=CARTESIAN_POINT('Ctrl Pts',(1.3363710018212,-3.17568043599745,9.99918284831977));
#7335=CARTESIAN_POINT('Ctrl Pts',(0.654088346110056,-3.31045933856986,9.55630486537149));
#7336=CARTESIAN_POINT('Ctrl Pts',(-3.36016389828208,-0.750927464434172,
46.8354003380867));
#7337=CARTESIAN_POINT('Ctrl Pts',(-3.51495005332116,-0.0583081706277871,
46.3925183439443));
#7338=CARTESIAN_POINT('Ctrl Pts',(-3.38322684215486,1.42345224057029,45.5067503620934));
#7339=CARTESIAN_POINT('Ctrl Pts',(-1.92926857118208,3.12285724127982,44.1780141379203));
#7340=CARTESIAN_POINT('Ctrl Pts',(0.234402405522324,3.66057955609611,42.8493479530531));
#7341=CARTESIAN_POINT('Ctrl Pts',(2.55376716311276,2.7619132350641,41.3730135128224));
#7342=CARTESIAN_POINT('Ctrl Pts',(3.85177550728125,0.244884372898176,39.7490433263068));
#7343=CARTESIAN_POINT('Ctrl Pts',(2.79145629016181,-2.66182250374064,37.9774747306586));
#7344=CARTESIAN_POINT('Ctrl Pts',(-0.0574350223354207,-3.85701653732806,
36.2058670822841));
#7345=CARTESIAN_POINT('Ctrl Pts',(-2.8705337917424,-2.57674325717468,34.4342635346508));
#7346=CARTESIAN_POINT('Ctrl Pts',(-3.84252750176621,0.359360904963864,32.6626712942667));
#7347=CARTESIAN_POINT('Ctrl Pts',(-2.46984946861972,2.83680729936228,31.0387312490679));
#7348=CARTESIAN_POINT('Ctrl Pts',(-0.125368952321424,3.66593538383236,29.5623896567543));
#7349=CARTESIAN_POINT('Ctrl Pts',(2.02202049407027,3.06444831368026,28.233717280003));
#7350=CARTESIAN_POINT('Ctrl Pts',(3.42436192895164,1.32197087478266,26.9049941773424));
#7351=CARTESIAN_POINT('Ctrl Pts',(3.55593678556193,-0.907098059679013,25.5763269209926));
#7352=CARTESIAN_POINT('Ctrl Pts',(2.37258442168305,-2.8009728206703,24.2476158251719));
#7353=CARTESIAN_POINT('Ctrl Pts',(0.306927601263148,-3.65838631969872,22.9189345185322));
#7354=CARTESIAN_POINT('Ctrl Pts',(-1.86607186241622,-3.15826352472929,21.5902338551819));
#7355=CARTESIAN_POINT('Ctrl Pts',(-3.52693638664432,-1.30608901991467,20.1138924723981));
#7356=CARTESIAN_POINT('Ctrl Pts',(-3.54289971764161,1.52213179920077,18.4899468484232));
#7357=CARTESIAN_POINT('Ctrl Pts',(-1.2868130988397,3.64152883618283,16.7183529315168));
#7358=CARTESIAN_POINT('Ctrl Pts',(1.53798891899697,3.42909147935893,15.0944083043284));
#7359=CARTESIAN_POINT('Ctrl Pts',(3.275260543064,1.65343382664975,13.6180607978718));
#7360=CARTESIAN_POINT('Ctrl Pts',(3.62931269223065,-0.549822755069825,12.2893737925053));
#7361=CARTESIAN_POINT('Ctrl Pts',(2.63700249224232,-2.55289258124827,10.9606906292851));
#7362=CARTESIAN_POINT('Ctrl Pts',(1.32564389877215,-3.25590737738391,10.0748779829483));
#7363=CARTESIAN_POINT('Ctrl Pts',(0.627845205517771,-3.38532182784268,9.63199999999999));
#7364=CARTESIAN_POINT('',(-3.28239315722592,-1.03946555573343,46.3019499742003));
#7365=CARTESIAN_POINT('Ctrl Pts',(-3.28239315722592,-1.03946555573343,46.3019499742002));
#7366=CARTESIAN_POINT('Ctrl Pts',(-3.27083427183199,-1.02365764869296,46.3177419553773));
#7367=CARTESIAN_POINT('Ctrl Pts',(-3.26249831860841,-1.00446149295221,46.3314269765046));
#7368=CARTESIAN_POINT('Ctrl Pts',(-3.24879797313668,-0.953604338566061,
46.3592382534378));
#7369=CARTESIAN_POINT('Ctrl Pts',(-3.24579224477618,-0.920585196791333,
46.3713336438174));
#7370=CARTESIAN_POINT('Ctrl Pts',(-3.24489770545263,-0.824679950923347,
46.397490902614));
#7371=CARTESIAN_POINT('Ctrl Pts',(-3.25379766489491,-0.755110833235145,
46.4053625679973));
#7372=CARTESIAN_POINT('Ctrl Pts',(-3.29753962925913,-0.492497218841025,
46.4169536200165));
#7373=CARTESIAN_POINT('Ctrl Pts',(-3.36923152830504,-0.225699139778312,
46.3835401071124));
#7374=CARTESIAN_POINT('Ctrl Pts',(-3.44166039179572,0.0978122063151962,
46.3019499742002));
#7375=CARTESIAN_POINT('',(1.70623230245552,-2.99054590505096,9.632));
#7376=CARTESIAN_POINT('Ctrl Pts',(-3.28239315722592,-1.03946555573343,46.3019499742003));
#7377=CARTESIAN_POINT('Ctrl Pts',(-3.49665469950254,-0.362876883462101,
45.8590679800579));
#7378=CARTESIAN_POINT('Ctrl Pts',(-3.49391403710206,1.12472434311827,44.973299998207));
#7379=CARTESIAN_POINT('Ctrl Pts',(-2.19279101407732,2.94380402502385,43.6445637740339));
#7380=CARTESIAN_POINT('Ctrl Pts',(-0.0838966495993068,3.66711719561966,
42.3158975891666));
#7381=CARTESIAN_POINT('Ctrl Pts',(2.3046571886089,2.97295251970302,40.839563148936));
#7382=CARTESIAN_POINT('Ctrl Pts',(3.81603307897175,0.577957139219541,39.2155929624204));
#7383=CARTESIAN_POINT('Ctrl Pts',(3.01175399282898,-2.40974379301674,37.4440243667722));
#7384=CARTESIAN_POINT('Ctrl Pts',(0.277230913953477,-3.84746908647247,35.6724167183977));
#7385=CARTESIAN_POINT('Ctrl Pts',(-2.63628714919807,-2.81594746575701,33.9008131707644));
#7386=CARTESIAN_POINT('Ctrl Pts',(-3.8592152209457,0.0248141142747872,32.1292209303803));
#7387=CARTESIAN_POINT('Ctrl Pts',(-2.7065318095937,2.61195666407652,30.5052808851815));
#7388=CARTESIAN_POINT('Ctrl Pts',(-0.442777314827882,3.64125635764829,29.028939292868));
#7389=CARTESIAN_POINT('Ctrl Pts',(1.74867996469441,3.22823926107319,27.7002669161166));
#7390=CARTESIAN_POINT('Ctrl Pts',(3.29683306701765,1.61392482552502,26.371543813456));
#7391=CARTESIAN_POINT('Ctrl Pts',(3.62119935322229,-0.595339026948916,25.0428765571062));
#7392=CARTESIAN_POINT('Ctrl Pts',(2.60652583993495,-2.58469120513422,23.7141654612855));
#7393=CARTESIAN_POINT('Ctrl Pts',(0.622997514412681,-3.61799241480846,22.3854841546458));
#7394=CARTESIAN_POINT('Ctrl Pts',(-1.58518382162253,-3.30817849261541,21.0567834912955));
#7395=CARTESIAN_POINT('Ctrl Pts',(-3.40039831728076,-1.60699722688359,19.5804421085117));
#7396=CARTESIAN_POINT('Ctrl Pts',(-3.66154219363749,1.20918666367752,17.9564964845368));
#7397=CARTESIAN_POINT('Ctrl Pts',(-1.59773045011411,3.51623059893328,16.1849025676304));
#7398=CARTESIAN_POINT('Ctrl Pts',(1.23485259589293,3.54953762554871,14.560957940442));
#7399=CARTESIAN_POINT('Ctrl Pts',(3.1195514690586,1.93121041731757,13.0846104339854));
#7400=CARTESIAN_POINT('Ctrl Pts',(3.66331882896199,-0.233046856558137,11.7559234286189));
#7401=CARTESIAN_POINT('Ctrl Pts',(2.95747917330205,-2.03607372512703,10.6050367935336));
#7402=CARTESIAN_POINT('Ctrl Pts',(2.07466595016025,-2.77877824286278,9.89702929637036));
#7403=CARTESIAN_POINT('Ctrl Pts',(1.70573196965154,-2.98958342433597,9.63193094582409));
#7404=CARTESIAN_POINT('Ctrl Pts',(0.627845205517785,-3.38532182784267,9.632));
#7405=CARTESIAN_POINT('Ctrl Pts',(0.730365416004061,-3.31699197586635,9.632));
#7406=CARTESIAN_POINT('Ctrl Pts',(0.847399042289208,-3.25692031696623,9.63200000067656));
#7407=CARTESIAN_POINT('Ctrl Pts',(1.08087927896548,-3.15397529177691,9.63200000067656));
#7408=CARTESIAN_POINT('Ctrl Pts',(1.21080541076728,-3.10640966403275,9.63199999997746));
#7409=CARTESIAN_POINT('Ctrl Pts',(1.45559707047234,-3.03426117111136,9.63199999997746));
#7410=CARTESIAN_POINT('Ctrl Pts',(1.58379267752266,-3.00456070771703,9.632));
#7411=CARTESIAN_POINT('Ctrl Pts',(1.70623230245551,-2.99054590505096,9.632));
#7412=CARTESIAN_POINT('Ctrl Pts',(1.18361372947876,-3.2332107910789,9.27200334496368));
#7413=CARTESIAN_POINT('Ctrl Pts',(1.7076480655146,-3.04137231380989,9.62024412303527));
#7414=CARTESIAN_POINT('Ctrl Pts',(2.65995023044004,-2.39814049117902,10.3167256791784));
#7415=CARTESIAN_POINT('Ctrl Pts',(3.47306909724675,-0.877091210306002,11.3614480133932));
#7416=CARTESIAN_POINT('Ctrl Pts',(3.47971252968439,0.847240222862219,12.406170347608));
#7417=CARTESIAN_POINT('Ctrl Pts',(2.68092976490406,2.37557674094282,13.4508926818227));
#7418=CARTESIAN_POINT('Ctrl Pts',(1.26009124919281,3.3525463082771,14.4956150160375));
#7419=CARTESIAN_POINT('Ctrl Pts',(-0.453317002085638,3.55304566544374,15.5403373502523));
#7420=CARTESIAN_POINT('Ctrl Pts',(-2.05950892252146,2.92990358186612,16.585059684467));
#7421=CARTESIAN_POINT('Ctrl Pts',(-3.19331551037892,1.62583978221003,17.6297820186818));
#7422=CARTESIAN_POINT('Ctrl Pts',(-3.5770336817163,-0.0498417388188178,
18.6745043528965));
#7423=CARTESIAN_POINT('Ctrl Pts',(-3.00785045402906,-2.28476527751148,20.0674674651829));
#7424=CARTESIAN_POINT('Ctrl Pts',(-0.398380114339951,-4.01806928218918,
21.8086713555408));
#7425=CARTESIAN_POINT('Ctrl Pts',(3.10288660866936,-2.58372434643346,23.8981160239704));
#7426=CARTESIAN_POINT('Ctrl Pts',(3.74631644411911,0.482155015076933,25.6393199143283));
#7427=CARTESIAN_POINT('Ctrl Pts',(2.58390856618804,2.47407742948801,27.0322830266146));
#7428=CARTESIAN_POINT('Ctrl Pts',(1.13488365496194,3.39890802267412,28.0770053608294));
#7429=CARTESIAN_POINT('Ctrl Pts',(-0.588040977584503,3.53276845953035,29.1217276950442));
#7430=CARTESIAN_POINT('Ctrl Pts',(-2.16960171708271,2.84980000910175,30.1664500292589));
#7431=CARTESIAN_POINT('Ctrl Pts',(-3.25023920910185,1.50509417381764,31.2111723634737));
#7432=CARTESIAN_POINT('Ctrl Pts',(-3.57650808508314,-0.188507628518165,
32.2558946976884));
#7433=CARTESIAN_POINT('Ctrl Pts',(-3.07498766301755,-1.83683412459277,33.3006170319033));
#7434=CARTESIAN_POINT('Ctrl Pts',(-1.85710799774016,-3.06347442130654,34.345339366118));
#7435=CARTESIAN_POINT('Ctrl Pts',(-0.217280512164021,-3.57180693069957,
35.3900617003327));
#7436=CARTESIAN_POINT('Ctrl Pts',(2.06065472546136,-3.16625375405164,36.7830248126191));
#7437=CARTESIAN_POINT('Ctrl Pts',(3.5837169799893,-1.19514648161403,38.1759879249054));
#7438=CARTESIAN_POINT('Ctrl Pts',(3.40144154409208,1.11139730474129,39.5689510371918));
#7439=CARTESIAN_POINT('Ctrl Pts',(2.49582300356889,2.56996818856142,40.6136733714066));
#7440=CARTESIAN_POINT('Ctrl Pts',(1.00160729641549,3.43888173876399,41.6583957056213));
#7441=CARTESIAN_POINT('Ctrl Pts',(-0.719948548737976,3.50851052037502,42.7031180398361));
#7442=CARTESIAN_POINT('Ctrl Pts',(-2.27640486013618,2.76510902945935,43.7478403740508));
#7443=CARTESIAN_POINT('Ctrl Pts',(-3.30505624944994,1.38104353865919,44.7925627082656));
#7444=CARTESIAN_POINT('Ctrl Pts',(-3.56673218441228,-0.323394653077686,
45.8372850424803));
#7445=CARTESIAN_POINT('Ctrl Pts',(-3.00290112731288,-1.95298571275069,46.8820073766952));
#7446=CARTESIAN_POINT('Ctrl Pts',(-1.74163477788431,-3.1293896236002,47.9267297109099));
#7447=CARTESIAN_POINT('Ctrl Pts',(-0.63250496116909,-3.43015232037319,48.6232112670531));
#7448=CARTESIAN_POINT('Ctrl Pts',(-0.0745911438423204,-3.44224194986639,
48.9714520451246));
#7449=CARTESIAN_POINT('Ctrl Pts',(1.25182786509761,-3.41954749358074,8.98276728029551));
#7450=CARTESIAN_POINT('Ctrl Pts',(1.80623764928725,-3.21658917297423,9.3310080583671));
#7451=CARTESIAN_POINT('Ctrl Pts',(2.81319340505996,-2.53638555936937,10.0274896145103));
#7452=CARTESIAN_POINT('Ctrl Pts',(3.67339080408595,-0.927642460936567,11.072211948725));
#7453=CARTESIAN_POINT('Ctrl Pts',(3.68023088117567,0.896053255451754,12.1169342829398));
#7454=CARTESIAN_POINT('Ctrl Pts',(2.83554669570331,2.5125836480356,13.1616566171546));
#7455=CARTESIAN_POINT('Ctrl Pts',(1.33270420981054,3.54574490176223,14.2063789513693));
#7456=CARTESIAN_POINT('Ctrl Pts',(-0.479454986919902,3.75795262517271,15.2511012855841));
#7457=CARTESIAN_POINT('Ctrl Pts',(-2.17820150673887,3.09874721374177,16.2958236197989));
#7458=CARTESIAN_POINT('Ctrl Pts',(-3.37745936335078,1.71960536006302,17.3405459540136));
#7459=CARTESIAN_POINT('Ctrl Pts',(-3.78319736698337,-0.052720703269055,
18.3852682882284));
#7460=CARTESIAN_POINT('Ctrl Pts',(-3.18126382595166,-2.41652744562852,19.7782314005147));
#7461=CARTESIAN_POINT('Ctrl Pts',(-0.421324766006421,-4.24967981522541,
21.5194352908727));
#7462=CARTESIAN_POINT('Ctrl Pts',(3.28173048348536,-2.7326692781768,23.6088799593022));
#7463=CARTESIAN_POINT('Ctrl Pts',(3.96233125932467,0.509926487581016,25.3500838496601));
#7464=CARTESIAN_POINT('Ctrl Pts',(2.73283738994636,2.61666723575583,26.7430469619465));
#7465=CARTESIAN_POINT('Ctrl Pts',(1.20032002188861,3.59491541860147,27.7877692961612));
#7466=CARTESIAN_POINT('Ctrl Pts',(-0.62192369884896,3.73635887147106,28.832491630376));
#7467=CARTESIAN_POINT('Ctrl Pts',(-2.29472599344506,3.01414765079902,29.8772139645907));
#7468=CARTESIAN_POINT('Ctrl Pts',(-3.43754371790353,1.59182903379984,30.9219362988055));
#7469=CARTESIAN_POINT('Ctrl Pts',(-3.78276699776532,-0.199374458051414,
31.9666586330203));
#7470=CARTESIAN_POINT('Ctrl Pts',(-3.25219301911305,-1.94269618096851,33.011380967235));
#7471=CARTESIAN_POINT('Ctrl Pts',(-1.96420967872372,-3.24012434850474,34.0561033014498));
#7472=CARTESIAN_POINT('Ctrl Pts',(-0.229797134301239,-3.77768103423438,
35.1008256356645));
#7473=CARTESIAN_POINT('Ctrl Pts',(2.1794951388021,-3.34876967685412,36.493788747951));
#7474=CARTESIAN_POINT('Ctrl Pts',(3.7903111148167,-1.26409354721319,37.8867518602372));
#7475=CARTESIAN_POINT('Ctrl Pts',(3.59749799976648,1.17544979401272,39.2797149725236));
#7476=CARTESIAN_POINT('Ctrl Pts',(2.6397360824859,2.71817530355506,40.3244373067384));
#7477=CARTESIAN_POINT('Ctrl Pts',(1.05933749371788,3.63705974026696,41.3691596409531));
#7478=CARTESIAN_POINT('Ctrl Pts',(-0.761474841447133,3.71084710301251,42.4138819751679));
#7479=CARTESIAN_POINT('Ctrl Pts',(-2.40758493683704,2.92445618651634,43.4586043093827));
#7480=CARTESIAN_POINT('Ctrl Pts',(-3.49566885379635,1.46069274949267,44.5033266435974));
#7481=CARTESIAN_POINT('Ctrl Pts',(-3.77226194700828,-0.342038903131023,
45.5480489778122));
#7482=CARTESIAN_POINT('Ctrl Pts',(-3.17611661541525,-2.06559510038847,46.592771312027));
#7483=CARTESIAN_POINT('Ctrl Pts',(-1.84194506353515,-3.30975832125987,47.6374936462417));
#7484=CARTESIAN_POINT('Ctrl Pts',(-0.669143064068926,-3.62783515518638,
48.3339752023849));
#7485=CARTESIAN_POINT('Ctrl Pts',(-0.0788899875235825,-3.64062555538985,
48.6822159804565));
#7486=CARTESIAN_POINT('Ctrl Pts',(1.32641538549544,-3.62329401140485,8.28199999999997));
#7487=CARTESIAN_POINT('Ctrl Pts',(1.91354013754131,-3.40835939614383,8.63024077807156));
#7488=CARTESIAN_POINT('Ctrl Pts',(2.98091267136892,-2.68744639983107,9.32672233421474));
#7489=CARTESIAN_POINT('Ctrl Pts',(3.8919670291917,-0.98290923842375,10.3714446684295));
#7490=CARTESIAN_POINT('Ctrl Pts',(3.8995549095501,0.949470457178047,11.4161670026443));
#7491=CARTESIAN_POINT('Ctrl Pts',(3.00429699070228,2.66211259543114,12.460889336859));
#7492=CARTESIAN_POINT('Ctrl Pts',(1.41212653475792,3.75703924560874,13.5056116710738));
#7493=CARTESIAN_POINT('Ctrl Pts',(-0.507999685651688,3.98161107136367,14.5503340052886));
#7494=CARTESIAN_POINT('Ctrl Pts',(-2.30798728096395,3.28340298636128,15.5950563395033));
#7495=CARTESIAN_POINT('Ctrl Pts',(-3.57850375272103,1.82194560270168,16.6397786737181));
#7496=CARTESIAN_POINT('Ctrl Pts',(-4.00858972652601,-0.0558501143995276,
17.6845010079328));
#7497=CARTESIAN_POINT('Ctrl Pts',(-3.37069458277135,-2.56035333863082,19.0774641202192));
#7498=CARTESIAN_POINT('Ctrl Pts',(-0.446455603814443,-4.50281348293649,
20.8186680105771));
#7499=CARTESIAN_POINT('Ctrl Pts',(3.47723252840587,-2.89541745406705,22.9081126790066));
#7500=CARTESIAN_POINT('Ctrl Pts',(4.19822334546596,0.540338850665771,24.6493165693646));
#7501=CARTESIAN_POINT('Ctrl Pts',(2.89564441021045,2.77256934674024,26.0422796816509));
#7502=CARTESIAN_POINT('Ctrl Pts',(1.27178256180581,3.80888939777018,27.0870020158657));
#7503=CARTESIAN_POINT('Ctrl Pts',(-0.658993066198299,3.95900097469978,28.1317243500805));
#7504=CARTESIAN_POINT('Ctrl Pts',(-2.43129601970609,3.19354249310818,29.1764466842952));
#7505=CARTESIAN_POINT('Ctrl Pts',(-3.64238730870287,1.68668735098048,30.22116901851));
#7506=CARTESIAN_POINT('Ctrl Pts',(-4.00790438600688,-0.211248757173367,
31.2658913527247));
#7507=CARTESIAN_POINT('Ctrl Pts',(-3.44599112485889,-2.05844495893388,32.3106136869395));
#7508=CARTESIAN_POINT('Ctrl Pts',(-2.08111020922319,-3.43300585799989,33.3553360211543));
#7509=CARTESIAN_POINT('Ctrl Pts',(-0.24349954087063,-4.00272343535044,34.400058355369));
#7510=CARTESIAN_POINT('Ctrl Pts',(2.30920854956933,-3.54822944752096,35.7930214676554));
#7511=CARTESIAN_POINT('Ctrl Pts',(4.01604460855084,-1.33928715366953,37.1859845799417));
#7512=CARTESIAN_POINT('Ctrl Pts',(3.81180299330627,1.24548587202989,38.5789476922281));
#7513=CARTESIAN_POINT('Ctrl Pts',(2.79688475430602,2.8799594365201,39.6236700264428));
#7514=CARTESIAN_POINT('Ctrl Pts',(1.12244588189771,3.85378809570327,40.6683923606576));
#7515=CARTESIAN_POINT('Ctrl Pts',(-0.80678331566007,3.9317056691395,41.7131146948724));
#7516=CARTESIAN_POINT('Ctrl Pts',(-2.55106119482716,3.09872540570192,42.7578370290871));
#7517=CARTESIAN_POINT('Ctrl Pts',(-3.70370370658288,1.54762129914416,43.8025593633019));
#7518=CARTESIAN_POINT('Ctrl Pts',(-3.99707623717899,-0.362406986315696,
44.8472816975166));
#7519=CARTESIAN_POINT('Ctrl Pts',(-3.36508108248614,-2.18856922006311,45.8920040317314));
#7520=CARTESIAN_POINT('Ctrl Pts',(-1.9518099830932,-3.50693509852556,46.9367263659461));
#7521=CARTESIAN_POINT('Ctrl Pts',(-0.708673589240466,-3.84399939843604,
47.6332079220894));
#7522=CARTESIAN_POINT('Ctrl Pts',(-0.0835904808722759,-3.85754454277184,
47.9814487001609));
#7523=CARTESIAN_POINT('Ctrl Pts',(1.25182786509761,-3.41954749358074,7.58123271970443));
#7524=CARTESIAN_POINT('Ctrl Pts',(1.80623764928724,-3.21658917297423,7.92947349777602));
#7525=CARTESIAN_POINT('Ctrl Pts',(2.81319340505996,-2.53638555936936,8.6259550539192));
#7526=CARTESIAN_POINT('Ctrl Pts',(3.67339080408595,-0.927642460936566,9.67067738813395));
#7527=CARTESIAN_POINT('Ctrl Pts',(3.68023088117567,0.896053255451753,10.7153997223487));
#7528=CARTESIAN_POINT('Ctrl Pts',(2.83554669570331,2.5125836480356,11.7601220565635));
#7529=CARTESIAN_POINT('Ctrl Pts',(1.33270420981054,3.54574490176222,12.8048443907782));
#7530=CARTESIAN_POINT('Ctrl Pts',(-0.479454986919903,3.7579526251727,13.849566724993));
#7531=CARTESIAN_POINT('Ctrl Pts',(-2.17820150673886,3.09874721374177,14.8942890592078));
#7532=CARTESIAN_POINT('Ctrl Pts',(-3.37745936335078,1.71960536006302,15.9390113934225));
#7533=CARTESIAN_POINT('Ctrl Pts',(-3.78319736698336,-0.0527207032690539,
16.9837337276373));
#7534=CARTESIAN_POINT('Ctrl Pts',(-3.18126382595166,-2.41652744562852,18.3766968399236));
#7535=CARTESIAN_POINT('Ctrl Pts',(-0.421324766006418,-4.2496798152254,20.1179007302816));
#7536=CARTESIAN_POINT('Ctrl Pts',(3.28173048348536,-2.7326692781768,22.2073453987111));
#7537=CARTESIAN_POINT('Ctrl Pts',(3.96233125932466,0.509926487581016,23.948549289069));
#7538=CARTESIAN_POINT('Ctrl Pts',(2.73283738994636,2.61666723575583,25.3415124013554));
#7539=CARTESIAN_POINT('Ctrl Pts',(1.20032002188861,3.59491541860147,26.3862347355701));
#7540=CARTESIAN_POINT('Ctrl Pts',(-0.621923698848961,3.73635887147106,27.4309570697849));
#7541=CARTESIAN_POINT('Ctrl Pts',(-2.29472599344505,3.01414765079902,28.4756794039997));
#7542=CARTESIAN_POINT('Ctrl Pts',(-3.43754371790353,1.59182903379984,29.5204017382145));
#7543=CARTESIAN_POINT('Ctrl Pts',(-3.78276699776532,-0.199374458051414,
30.5651240724292));
#7544=CARTESIAN_POINT('Ctrl Pts',(-3.25219301911305,-1.94269618096851,31.609846406644));
#7545=CARTESIAN_POINT('Ctrl Pts',(-1.96420967872372,-3.24012434850474,32.6545687408587));
#7546=CARTESIAN_POINT('Ctrl Pts',(-0.229797134301238,-3.77768103423438,
33.6992910750735));
#7547=CARTESIAN_POINT('Ctrl Pts',(2.1794951388021,-3.34876967685412,35.0922541873599));
#7548=CARTESIAN_POINT('Ctrl Pts',(3.79031111481671,-1.26409354721319,36.4852172996461));
#7549=CARTESIAN_POINT('Ctrl Pts',(3.59749799976647,1.17544979401272,37.8781804119326));
#7550=CARTESIAN_POINT('Ctrl Pts',(2.6397360824859,2.71817530355506,38.9229027461473));
#7551=CARTESIAN_POINT('Ctrl Pts',(1.05933749371788,3.63705974026696,39.9676250803621));
#7552=CARTESIAN_POINT('Ctrl Pts',(-0.761474841447132,3.7108471030125,41.0123474145768));
#7553=CARTESIAN_POINT('Ctrl Pts',(-2.40758493683704,2.92445618651635,42.0570697487916));
#7554=CARTESIAN_POINT('Ctrl Pts',(-3.49566885379635,1.46069274949267,43.1017920830064));
#7555=CARTESIAN_POINT('Ctrl Pts',(-3.77226194700828,-0.342038903131023,
44.1465144172211));
#7556=CARTESIAN_POINT('Ctrl Pts',(-3.17611661541525,-2.06559510038846,45.1912367514359));
#7557=CARTESIAN_POINT('Ctrl Pts',(-1.84194506353515,-3.30975832125987,46.2359590856506));
#7558=CARTESIAN_POINT('Ctrl Pts',(-0.669143064068927,-3.62783515518638,
46.9324406417938));
#7559=CARTESIAN_POINT('Ctrl Pts',(-0.0788899875235825,-3.64062555538985,
47.2806814198654));
#7560=CARTESIAN_POINT('Ctrl Pts',(1.18361372947876,-3.2332107910789,7.29199665503626));
#7561=CARTESIAN_POINT('Ctrl Pts',(1.7076480655146,-3.04137231380989,7.64023743310785));
#7562=CARTESIAN_POINT('Ctrl Pts',(2.65995023044003,-2.39814049117902,8.33671898925102));
#7563=CARTESIAN_POINT('Ctrl Pts',(3.47306909724675,-0.877091210306,9.38144132346579));
#7564=CARTESIAN_POINT('Ctrl Pts',(3.47971252968439,0.847240222862217,10.4261636576805));
#7565=CARTESIAN_POINT('Ctrl Pts',(2.68092976490406,2.37557674094282,11.4708859918953));
#7566=CARTESIAN_POINT('Ctrl Pts',(1.26009124919281,3.35254630827709,12.5156083261101));
#7567=CARTESIAN_POINT('Ctrl Pts',(-0.453317002085638,3.55304566544373,13.5603306603248));
#7568=CARTESIAN_POINT('Ctrl Pts',(-2.05950892252146,2.92990358186612,14.6050529945396));
#7569=CARTESIAN_POINT('Ctrl Pts',(-3.19331551037892,1.62583978221003,15.6497753287543));
#7570=CARTESIAN_POINT('Ctrl Pts',(-3.57703368171629,-0.0498417388188171,
16.6944976629691));
#7571=CARTESIAN_POINT('Ctrl Pts',(-3.00785045402906,-2.28476527751148,18.0874607752555));
#7572=CARTESIAN_POINT('Ctrl Pts',(-0.398380114339949,-4.01806928218917,
19.8286646656134));
#7573=CARTESIAN_POINT('Ctrl Pts',(3.10288660866935,-2.58372434643346,21.9181093340429));
#7574=CARTESIAN_POINT('Ctrl Pts',(3.74631644411911,0.482155015076932,23.6593132244009));
#7575=CARTESIAN_POINT('Ctrl Pts',(2.58390856618804,2.47407742948801,25.0522763366872));
#7576=CARTESIAN_POINT('Ctrl Pts',(1.13488365496194,3.39890802267412,26.096998670902));
#7577=CARTESIAN_POINT('Ctrl Pts',(-0.588040977584502,3.53276845953035,27.1417210051168));
#7578=CARTESIAN_POINT('Ctrl Pts',(-2.16960171708271,2.84980000910175,28.1864433393315));
#7579=CARTESIAN_POINT('Ctrl Pts',(-3.25023920910185,1.50509417381764,29.2311656735463));
#7580=CARTESIAN_POINT('Ctrl Pts',(-3.57650808508314,-0.188507628518165,
30.275888007761));
#7581=CARTESIAN_POINT('Ctrl Pts',(-3.07498766301755,-1.83683412459276,31.3206103419758));
#7582=CARTESIAN_POINT('Ctrl Pts',(-1.85710799774015,-3.06347442130654,32.3653326761906));
#7583=CARTESIAN_POINT('Ctrl Pts',(-0.217280512164021,-3.57180693069957,
33.4100550104053));
#7584=CARTESIAN_POINT('Ctrl Pts',(2.06065472546136,-3.16625375405164,34.8030181226917));
#7585=CARTESIAN_POINT('Ctrl Pts',(3.58371697998929,-1.19514648161403,36.195981234978));
#7586=CARTESIAN_POINT('Ctrl Pts',(3.40144154409208,1.11139730474129,37.5889443472644));
#7587=CARTESIAN_POINT('Ctrl Pts',(2.49582300356888,2.56996818856141,38.6336666814791));
#7588=CARTESIAN_POINT('Ctrl Pts',(1.00160729641549,3.43888173876399,39.6783890156939));
#7589=CARTESIAN_POINT('Ctrl Pts',(-0.719948548737978,3.50851052037502,40.7231113499087));
#7590=CARTESIAN_POINT('Ctrl Pts',(-2.27640486013618,2.76510902945935,41.7678336841234));
#7591=CARTESIAN_POINT('Ctrl Pts',(-3.30505624944994,1.38104353865918,42.8125560183382));
#7592=CARTESIAN_POINT('Ctrl Pts',(-3.56673218441228,-0.323394653077685,
43.8572783525529));
#7593=CARTESIAN_POINT('Ctrl Pts',(-3.00290112731288,-1.95298571275069,44.9020006867677));
#7594=CARTESIAN_POINT('Ctrl Pts',(-1.74163477788431,-3.12938962360019,45.9467230209824));
#7595=CARTESIAN_POINT('Ctrl Pts',(-0.63250496116909,-3.43015232037319,46.6432045771256));
#7596=CARTESIAN_POINT('Ctrl Pts',(-0.0745911438423203,-3.44224194986639,
46.9914453551972));
#7597=CARTESIAN_POINT('Ctrl Pts',(3.41364722246782,-0.449005702299492,9.632));
#7598=CARTESIAN_POINT('Ctrl Pts',(3.45822889283317,-0.607785483722626,9.632));
#7599=CARTESIAN_POINT('Ctrl Pts',(3.47865649183246,-0.773507113301868,9.632));
#7600=CARTESIAN_POINT('Ctrl Pts',(3.47548130485727,-1.21036671900233,9.632));
#7601=CARTESIAN_POINT('Ctrl Pts',(3.41571055206167,-1.48062214880352,9.632));
#7602=CARTESIAN_POINT('Ctrl Pts',(3.19732626453626,-1.99134506374992,9.632));
#7603=CARTESIAN_POINT('Ctrl Pts',(3.03512778996313,-2.22954827593814,9.632));
#7604=CARTESIAN_POINT('Ctrl Pts',(2.64855582580286,-2.61109626311751,9.632));
#7605=CARTESIAN_POINT('Ctrl Pts',(2.43074635250807,-2.76021238503158,9.632));
#7606=CARTESIAN_POINT('Ctrl Pts',(2.03677345736893,-2.92654256834929,9.632));
#7607=CARTESIAN_POINT('Ctrl Pts',(1.87287221319526,-2.97147180655883,9.632));
#7608=CARTESIAN_POINT('Ctrl Pts',(1.70623230245552,-2.99054590505096,9.632));
#7609=CARTESIAN_POINT('',(-3.18911412258767,-1.95757889055834,46.003));
#7610=CARTESIAN_POINT('Ctrl Pts',(-3.28239315722592,-1.03946555573343,46.3019499742002));
#7611=CARTESIAN_POINT('Ctrl Pts',(-3.30456478558134,-1.06978742743934,46.2716586506236));
#7612=CARTESIAN_POINT('Ctrl Pts',(-3.32223165847698,-1.10446786938518,46.2441366909701));
#7613=CARTESIAN_POINT('Ctrl Pts',(-3.35936464276044,-1.21198042069954,46.1741584148674));
#7614=CARTESIAN_POINT('Ctrl Pts',(-3.3677500282465,-1.28914533057614,46.1396918075205));
#7615=CARTESIAN_POINT('Ctrl Pts',(-3.36186241829795,-1.48558696946016,46.0711993968807));
#7616=CARTESIAN_POINT('Ctrl Pts',(-3.33345353784354,-1.61764004926093,46.0425977502991));
#7617=CARTESIAN_POINT('Ctrl Pts',(-3.25656805471206,-1.82093601247686,46.0145842314784));
#7618=CARTESIAN_POINT('Ctrl Pts',(-3.22560142669471,-1.88911695163081,46.0077187252286));
#7619=CARTESIAN_POINT('Ctrl Pts',(-3.18911412253445,-1.95757889053712,46.0030000001035));
#7620=CARTESIAN_POINT('',(-2.84725860993766,-2.42810263465269,46.003));
#7621=CARTESIAN_POINT('Ctrl Pts',(-3.1893513796929,-1.9577264461854,46.0028297495804));
#7622=CARTESIAN_POINT('Ctrl Pts',(-3.17387389323283,-1.98645691877041,46.0028491863503));
#7623=CARTESIAN_POINT('Ctrl Pts',(-3.15774327469982,-2.01484070193491,46.0028667399829));
#7624=CARTESIAN_POINT('Ctrl Pts',(-3.14097077110961,-2.04285207473264,46.0028847462986));
#7625=CARTESIAN_POINT('Ctrl Pts',(-3.13027107306983,-2.06072139453951,46.0028962330836));
#7626=CARTESIAN_POINT('Ctrl Pts',(-3.11931013941594,-2.07843915053954,46.0029078984764));
#7627=CARTESIAN_POINT('Ctrl Pts',(-3.10809195455004,-2.09599931736087,46.0029203074732));
#7628=CARTESIAN_POINT('Ctrl Pts',(-3.08454798251708,-2.13285341465715,46.0029463506413));
#7629=CARTESIAN_POINT('Ctrl Pts',(-3.05989191465314,-2.16898086638052,46.0029738660924));
#7630=CARTESIAN_POINT('Ctrl Pts',(-3.03416974273036,-2.20432149139114,46.0030014423389));
#7631=CARTESIAN_POINT('Ctrl Pts',(-2.97694563280203,-2.28294377167968,46.003062791208));
#7632=CARTESIAN_POINT('Ctrl Pts',(-2.91444857905508,-2.35767303059754,46.0031235373864));
#7633=CARTESIAN_POINT('Ctrl Pts',(-2.84726830236359,-2.42791460219705,46.0031702504282));
#7634=CARTESIAN_POINT('Ctrl Pts',(-2.8472586096706,-2.42810263433764,46.0030000009058));
#7635=CARTESIAN_POINT('Ctrl Pts',(-2.65455587955574,-2.63234494602458,46.0170975990857));
#7636=CARTESIAN_POINT('Ctrl Pts',(-2.41794795490961,-2.81195140576566,46.0484950737522));
#7637=CARTESIAN_POINT('Ctrl Pts',(-1.83573288115452,-3.11315587261463,46.1477953224148));
#7638=CARTESIAN_POINT('Ctrl Pts',(-1.49983359291671,-3.20944117886171,46.2173537467505));
#7639=CARTESIAN_POINT('Ctrl Pts',(-1.16286982066366,-3.24238762552362,46.3003905483021));
#7640=CARTESIAN_POINT('Ctrl Pts',(-1.15971289458601,-3.24269062288061,46.301169715114));
#7641=CARTESIAN_POINT('Ctrl Pts',(-1.15655648612127,-3.24298790848355,46.3019499742003));
#7642=CARTESIAN_POINT('Origin',(2.491,2.01552978974098,6.932));
#7643=CARTESIAN_POINT('',(2.491,2.01552978974098,6.932));
#7644=CARTESIAN_POINT('',(0.500000000000002,3.16503417569753,6.932));
#7645=CARTESIAN_POINT('',(2.491,2.01552978974098,6.932));
#7646=CARTESIAN_POINT('',(2.491,2.01552978974098,9.632));
#7647=CARTESIAN_POINT('',(2.491,2.01552978974098,6.932));
#7648=CARTESIAN_POINT('',(0.500000000000002,3.16503417569753,9.632));
#7649=CARTESIAN_POINT('',(1.99325,2.30290588623012,9.632));
#7650=CARTESIAN_POINT('',(0.500000000000002,3.16503417569753,6.932));
#7651=CARTESIAN_POINT('Origin',(1.991,1.14950438595655,6.932));
#7652=CARTESIAN_POINT('',(2.991,1.14950438595654,6.932));
#7653=CARTESIAN_POINT('Origin',(1.991,1.14950438595655,6.932));
#7654=CARTESIAN_POINT('',(2.991,1.14950438595654,9.632));
#7655=CARTESIAN_POINT('',(2.991,1.14950438595654,6.932));
#7656=CARTESIAN_POINT('Origin',(1.991,1.14950438595655,9.632));
#7657=CARTESIAN_POINT('Origin',(2.991,-1.14950438595655,6.932));
#7658=CARTESIAN_POINT('',(2.991,-1.14950438595655,6.932));
#7659=CARTESIAN_POINT('',(2.991,-1.14950438595655,6.932));
#7660=CARTESIAN_POINT('',(2.991,-1.14950438595655,9.632));
#7661=CARTESIAN_POINT('',(2.991,-1.14950438595655,6.932));
#7662=CARTESIAN_POINT('',(2.991,-0.574752192978274,9.632));
#7663=CARTESIAN_POINT('Origin',(1.991,-1.14950438595654,6.932));
#7664=CARTESIAN_POINT('',(2.491,-2.01552978974099,6.932));
#7665=CARTESIAN_POINT('Origin',(1.991,-1.14950438595654,6.932));
#7666=CARTESIAN_POINT('',(2.491,-2.01552978974099,9.632));
#7667=CARTESIAN_POINT('',(2.491,-2.01552978974099,6.932));
#7668=CARTESIAN_POINT('Origin',(1.991,-1.14950438595654,9.632));
#7669=CARTESIAN_POINT('Origin',(0.499999999999999,-3.16503417569753,6.932));
#7670=CARTESIAN_POINT('',(0.5,-3.16503417569753,6.932));
#7671=CARTESIAN_POINT('',(0.499999999999999,-3.16503417569753,6.932));
#7672=CARTESIAN_POINT('',(0.5,-3.16503417569753,9.632));
#7673=CARTESIAN_POINT('',(0.5,-3.16503417569753,6.932));
#7674=CARTESIAN_POINT('',(0.99775,-2.87765807920839,9.632));
#7675=CARTESIAN_POINT('Origin',(-7.28583859910259E-16,-2.29900877191309,
6.932));
#7676=CARTESIAN_POINT('',(-0.500000000000001,-3.16503417569753,6.932));
#7677=CARTESIAN_POINT('Origin',(-7.28583859910259E-16,-2.29900877191309,
6.932));
#7678=CARTESIAN_POINT('',(-0.500000000000001,-3.16503417569753,9.632));
#7679=CARTESIAN_POINT('',(-0.500000000000001,-3.16503417569753,6.932));
#7680=CARTESIAN_POINT('Origin',(-7.28583859910259E-16,-2.29900877191309,
9.632));
#7681=CARTESIAN_POINT('Origin',(-2.491,-2.01552978974098,6.932));
#7682=CARTESIAN_POINT('',(-2.491,-2.01552978974098,6.932));
#7683=CARTESIAN_POINT('',(-2.491,-2.01552978974098,6.932));
#7684=CARTESIAN_POINT('',(-2.491,-2.01552978974098,9.632));
#7685=CARTESIAN_POINT('',(-2.491,-2.01552978974098,6.932));
#7686=CARTESIAN_POINT('',(-2.491,-2.01552978974098,9.632));
#7687=CARTESIAN_POINT('Origin',(-1.991,-1.14950438595655,6.932));
#7688=CARTESIAN_POINT('',(-2.991,-1.14950438595655,6.932));
#7689=CARTESIAN_POINT('Origin',(-1.991,-1.14950438595655,6.932));
#7690=CARTESIAN_POINT('',(-2.991,-1.14950438595655,9.632));
#7691=CARTESIAN_POINT('',(-2.991,-1.14950438595655,6.932));
#7692=CARTESIAN_POINT('Origin',(-1.991,-1.14950438595655,9.632));
#7693=CARTESIAN_POINT('Origin',(-2.991,1.14950438595655,6.932));
#7694=CARTESIAN_POINT('',(-2.991,1.14950438595655,6.932));
#7695=CARTESIAN_POINT('',(-2.991,1.14950438595655,6.932));
#7696=CARTESIAN_POINT('',(-2.991,1.14950438595655,9.632));
#7697=CARTESIAN_POINT('',(-2.991,1.14950438595655,6.932));
#7698=CARTESIAN_POINT('',(-2.991,0.574752192978275,9.632));
#7699=CARTESIAN_POINT('Origin',(-1.991,1.14950438595655,6.932));
#7700=CARTESIAN_POINT('',(-2.491,2.01552978974099,6.932));
#7701=CARTESIAN_POINT('Origin',(-1.991,1.14950438595655,6.932));
#7702=CARTESIAN_POINT('',(-2.491,2.01552978974099,9.632));
#7703=CARTESIAN_POINT('',(-2.491,2.01552978974099,6.932));
#7704=CARTESIAN_POINT('Origin',(-1.991,1.14950438595655,9.632));
#7705=CARTESIAN_POINT('Origin',(-0.499999999999998,3.16503417569753,6.932));
#7706=CARTESIAN_POINT('',(-0.499999999999998,3.16503417569753,6.932));
#7707=CARTESIAN_POINT('',(-0.499999999999998,3.16503417569753,6.932));
#7708=CARTESIAN_POINT('',(-0.499999999999998,3.16503417569753,9.632));
#7709=CARTESIAN_POINT('',(-0.499999999999998,3.16503417569753,6.932));
#7710=CARTESIAN_POINT('',(-0.997749999999998,2.87765807920839,9.632));
#7711=CARTESIAN_POINT('Origin',(1.42247325030098E-15,2.29900877191309,6.932));
#7712=CARTESIAN_POINT('Origin',(1.42247325030098E-15,2.29900877191309,6.932));
#7713=CARTESIAN_POINT('Origin',(1.42247325030098E-15,2.29900877191309,9.632));
#7714=CARTESIAN_POINT('Origin',(5.55111512312578E-16,0.,6.932));
#7715=CARTESIAN_POINT('',(2.243,-2.74688277048751E-16,6.932));
#7716=CARTESIAN_POINT('Origin',(0.,0.,6.932));
#7717=CARTESIAN_POINT('Origin',(0.,0.,9.632));
#7718=CARTESIAN_POINT('Origin',(0.,0.,46.453));
#7719=CARTESIAN_POINT('',(3.742,-4.5826283224094E-16,46.003));
#7720=CARTESIAN_POINT('Origin',(0.,0.,46.003));
#7721=CARTESIAN_POINT('',(2.842,3.48044620317678E-16,46.903));
#7722=CARTESIAN_POINT('',(3.292,-4.03153726279309E-16,46.453));
#7723=CARTESIAN_POINT('Origin',(0.,0.,46.903));
#7724=CARTESIAN_POINT('Origin',(0.,0.,46.003));
#7725=CARTESIAN_POINT('Origin',(0.,0.,46.003));
#7726=CARTESIAN_POINT('Origin',(0.,0.,46.003));
#7727=CARTESIAN_POINT('Origin',(0.,0.,46.003));
#7728=CARTESIAN_POINT('Origin',(0.,0.,46.003));
#7729=CARTESIAN_POINT('Origin',(0.,0.,46.003));
#7730=CARTESIAN_POINT('Origin',(0.,0.,46.003));
#7731=CARTESIAN_POINT('Origin',(0.,0.,46.003));
#7732=CARTESIAN_POINT('Origin',(0.,0.,46.003));
#7733=CARTESIAN_POINT('Origin',(0.,0.,46.003));
#7734=CARTESIAN_POINT('Origin',(0.,0.,58.003));
#7735=CARTESIAN_POINT('',(1.46175573082252,2.43725956422526,47.003));
#7736=CARTESIAN_POINT('',(1.46175573082252,2.43725956422526,58.003));
#7737=CARTESIAN_POINT('',(1.46175573082252,2.43725956422526,58.003));
#7738=CARTESIAN_POINT('',(0.25,2.8309828681926,58.003));
#7739=CARTESIAN_POINT('Origin',(0.,0.,58.003));
#7740=CARTESIAN_POINT('',(0.25,2.8309828681926,47.003));
#7741=CARTESIAN_POINT('',(0.25,2.8309828681926,58.003));
#7742=CARTESIAN_POINT('',(-0.25,2.8309828681926,47.003));
#7743=CARTESIAN_POINT('Origin',(0.,0.,47.003));
#7744=CARTESIAN_POINT('',(-0.25,2.8309828681926,58.003));
#7745=CARTESIAN_POINT('',(-0.25,2.8309828681926,58.003));
#7746=CARTESIAN_POINT('',(-1.46175573082252,2.43725956422526,58.003));
#7747=CARTESIAN_POINT('Origin',(0.,0.,58.003));
#7748=CARTESIAN_POINT('',(-1.46175573082252,2.43725956422526,47.003));
#7749=CARTESIAN_POINT('',(-1.46175573082252,2.43725956422526,58.003));
#7750=CARTESIAN_POINT('',(-1.86626422800999,2.14336693807903,47.003));
#7751=CARTESIAN_POINT('Origin',(0.,0.,47.003));
#7752=CARTESIAN_POINT('',(-1.86626422800999,2.14336693807903,58.003));
#7753=CARTESIAN_POINT('',(-1.86626422800999,2.14336693807903,58.003));
#7754=CARTESIAN_POINT('',(-2.61517045572078,1.11258594612963,58.003));
#7755=CARTESIAN_POINT('Origin',(0.,0.,58.003));
#7756=CARTESIAN_POINT('',(-2.61517045572078,1.11258594612963,47.003));
#7757=CARTESIAN_POINT('',(-2.61517045572078,1.11258594612963,58.003));
#7758=CARTESIAN_POINT('',(-2.76967895290825,0.637057687982056,47.003));
#7759=CARTESIAN_POINT('Origin',(0.,0.,47.003));
#7760=CARTESIAN_POINT('',(-2.76967895290825,0.637057687982057,58.003));
#7761=CARTESIAN_POINT('',(-2.76967895290825,0.637057687982057,58.003));
#7762=CARTESIAN_POINT('',(-2.76967895290825,-0.637057687982057,58.003));
#7763=CARTESIAN_POINT('Origin',(0.,0.,58.003));
#7764=CARTESIAN_POINT('',(-2.76967895290825,-0.637057687982057,47.003));
#7765=CARTESIAN_POINT('',(-2.76967895290825,-0.637057687982057,58.003));
#7766=CARTESIAN_POINT('',(-2.61517045572078,-1.11258594612963,47.003));
#7767=CARTESIAN_POINT('Origin',(0.,0.,47.003));
#7768=CARTESIAN_POINT('',(-2.61517045572078,-1.11258594612963,58.003));
#7769=CARTESIAN_POINT('',(-2.61517045572078,-1.11258594612963,58.003));
#7770=CARTESIAN_POINT('',(-1.86626422800999,-2.14336693807903,58.003));
#7771=CARTESIAN_POINT('Origin',(0.,0.,58.003));
#7772=CARTESIAN_POINT('',(-1.86626422800999,-2.14336693807903,47.003));
#7773=CARTESIAN_POINT('',(-1.86626422800999,-2.14336693807903,58.003));
#7774=CARTESIAN_POINT('',(-1.46175573082252,-2.43725956422526,47.003));
#7775=CARTESIAN_POINT('Origin',(0.,0.,47.003));
#7776=CARTESIAN_POINT('',(-1.46175573082252,-2.43725956422526,58.003));
#7777=CARTESIAN_POINT('',(-1.46175573082252,-2.43725956422526,58.003));
#7778=CARTESIAN_POINT('',(-0.25,-2.8309828681926,58.003));
#7779=CARTESIAN_POINT('Origin',(0.,0.,58.003));
#7780=CARTESIAN_POINT('',(-0.25,-2.8309828681926,47.003));
#7781=CARTESIAN_POINT('',(-0.25,-2.8309828681926,58.003));
#7782=CARTESIAN_POINT('',(0.25,-2.8309828681926,47.003));
#7783=CARTESIAN_POINT('Origin',(0.,0.,47.003));
#7784=CARTESIAN_POINT('',(0.25,-2.8309828681926,58.003));
#7785=CARTESIAN_POINT('',(0.25,-2.8309828681926,58.003));
#7786=CARTESIAN_POINT('',(1.46175573082252,-2.43725956422526,58.003));
#7787=CARTESIAN_POINT('Origin',(0.,0.,58.003));
#7788=CARTESIAN_POINT('',(1.46175573082252,-2.43725956422526,47.003));
#7789=CARTESIAN_POINT('',(1.46175573082252,-2.43725956422526,58.003));
#7790=CARTESIAN_POINT('',(1.86626422800999,-2.14336693807903,47.003));
#7791=CARTESIAN_POINT('Origin',(0.,0.,47.003));
#7792=CARTESIAN_POINT('',(1.86626422800999,-2.14336693807903,58.003));
#7793=CARTESIAN_POINT('',(1.86626422800999,-2.14336693807903,58.003));
#7794=CARTESIAN_POINT('',(2.61517045572078,-1.11258594612963,58.003));
#7795=CARTESIAN_POINT('Origin',(0.,0.,58.003));
#7796=CARTESIAN_POINT('',(2.61517045572078,-1.11258594612963,47.003));
#7797=CARTESIAN_POINT('',(2.61517045572078,-1.11258594612963,58.003));
#7798=CARTESIAN_POINT('',(2.76967895290825,-0.637057687982057,47.003));
#7799=CARTESIAN_POINT('Origin',(0.,0.,47.003));
#7800=CARTESIAN_POINT('',(2.76967895290825,-0.637057687982057,58.003));
#7801=CARTESIAN_POINT('',(2.76967895290825,-0.637057687982057,58.003));
#7802=CARTESIAN_POINT('',(2.842,-3.48044620317678E-16,58.003));
#7803=CARTESIAN_POINT('Origin',(0.,0.,58.003));
#7804=CARTESIAN_POINT('',(2.842,-3.48044620317678E-16,58.003));
#7805=CARTESIAN_POINT('',(2.76967895290825,0.637057687982056,58.003));
#7806=CARTESIAN_POINT('Origin',(0.,0.,58.003));
#7807=CARTESIAN_POINT('',(2.76967895290825,0.637057687982056,47.003));
#7808=CARTESIAN_POINT('',(2.76967895290825,0.637057687982056,58.003));
#7809=CARTESIAN_POINT('',(2.61517045572078,1.11258594612963,47.003));
#7810=CARTESIAN_POINT('Origin',(0.,0.,47.003));
#7811=CARTESIAN_POINT('',(2.61517045572078,1.11258594612963,58.003));
#7812=CARTESIAN_POINT('',(2.61517045572078,1.11258594612963,58.003));
#7813=CARTESIAN_POINT('',(1.86626422800999,2.14336693807903,58.003));
#7814=CARTESIAN_POINT('Origin',(0.,0.,58.003));
#7815=CARTESIAN_POINT('',(1.86626422800999,2.14336693807903,47.003));
#7816=CARTESIAN_POINT('',(1.86626422800999,2.14336693807903,58.003));
#7817=CARTESIAN_POINT('Origin',(0.,0.,47.003));
#7818=CARTESIAN_POINT('Origin',(1.52812525344726,2.01821889022504,58.003));
#7819=CARTESIAN_POINT('',(1.41056820298877,1.85641549135005,47.503));
#7820=CARTESIAN_POINT('',(1.68992865232225,1.90066183976654,47.303));
#7821=CARTESIAN_POINT('Origin',(1.52812525344726,2.01821889022504,47.303));
#7822=CARTESIAN_POINT('',(1.68992865232225,1.90066183976654,57.703));
#7823=CARTESIAN_POINT('',(1.68992865232225,1.90066183976654,58.003));
#7824=CARTESIAN_POINT('',(1.41056820298877,1.85641549135005,57.503));
#7825=CARTESIAN_POINT('Origin',(1.52812525344726,2.01821889022504,57.703));
#7826=CARTESIAN_POINT('',(1.41056820298877,1.85641549135005,58.003));
#7827=CARTESIAN_POINT('Origin',(1.57237160186376,1.73885844089155,58.003));
#7828=CARTESIAN_POINT('',(1.32966650355127,1.9151940165793,57.503));
#7829=CARTESIAN_POINT('',(1.47124447756689,1.81233159742811,57.503));
#7830=CARTESIAN_POINT('',(1.32966650355127,1.9151940165793,47.503));
#7831=CARTESIAN_POINT('',(1.32966650355127,1.9151940165793,58.003));
#7832=CARTESIAN_POINT('',(1.47124447756689,1.81233159742811,47.503));
#7833=CARTESIAN_POINT('Origin',(1.61819079064001,2.01458584602185,57.753));
#7834=CARTESIAN_POINT('',(1.79279107147343,2.04223981378216,57.878));
#7835=CARTESIAN_POINT('',(1.76513710371313,2.21684009461559,58.003));
#7836=CARTESIAN_POINT('',(1.28542015513478,2.19455446591278,57.703));
#7837=CARTESIAN_POINT('',(1.3148094177494,2.23500531563153,57.753));
#7838=CARTESIAN_POINT('Origin',(1.44722355400977,2.07699741545429,57.703));
#7839=CARTESIAN_POINT('Origin',(1.44722355400977,2.07699741545429,58.003));
#7840=CARTESIAN_POINT('',(1.28542015513478,2.19455446591278,47.303));
#7841=CARTESIAN_POINT('Origin',(1.44722355400977,2.07699741545429,47.303));
#7842=CARTESIAN_POINT('',(1.28542015513478,2.19455446591278,58.003));
#7843=CARTESIAN_POINT('Origin',(1.16786310467628,2.03275106703779,58.003));
#7844=CARTESIAN_POINT('',(-0.301600026054898,0.0102085811004201,50.003));
#7845=CARTESIAN_POINT('Origin',(2.42255859914472,0.734563892928603,58.003));
#7846=CARTESIAN_POINT('',(2.23234729588569,0.672760494053614,47.503));
#7847=CARTESIAN_POINT('',(2.48436199801971,0.544352589669572,47.303));
#7848=CARTESIAN_POINT('Origin',(2.42255859914472,0.734563892928603,47.303));
#7849=CARTESIAN_POINT('',(2.48436199801971,0.544352589669572,57.703));
#7850=CARTESIAN_POINT('',(2.48436199801971,0.544352589669572,58.003));
#7851=CARTESIAN_POINT('',(2.23234729588569,0.672760494053614,57.503));
#7852=CARTESIAN_POINT('Origin',(2.42255859914472,0.734563892928603,57.703));
#7853=CARTESIAN_POINT('',(2.23234729588569,0.672760494053614,58.003));
#7854=CARTESIAN_POINT('Origin',(2.29415069476068,0.482549190794583,58.003));
#7855=CARTESIAN_POINT('',(2.20144559644819,0.767866145683129,57.503));
#7856=CARTESIAN_POINT('',(2.25552357046381,0.601431255331476,57.503));
#7857=CARTESIAN_POINT('',(2.20144559644819,0.767866145683129,47.503));
#7858=CARTESIAN_POINT('',(2.20144559644819,0.767866145683129,58.003));
#7859=CARTESIAN_POINT('',(2.25552357046381,0.601431255331477,47.503));
#7860=CARTESIAN_POINT('Origin',(2.4932876995376,0.678685503925213,57.753));
#7861=CARTESIAN_POINT('',(2.65079688837136,0.598430563685188,57.878));
#7862=CARTESIAN_POINT('',(2.73105182861139,0.755939752518949,58.003));
#7863=CARTESIAN_POINT('',(2.32985350083223,1.01988084781715,57.703));
#7864=CARTESIAN_POINT('',(2.37740632664699,1.0353316975359,57.753));
#7865=CARTESIAN_POINT('Origin',(2.39165689970722,0.829669544558118,57.703));
#7866=CARTESIAN_POINT('Origin',(2.39165689970722,0.829669544558118,58.003));
#7867=CARTESIAN_POINT('',(2.32985350083223,1.01988084781715,47.303));
#7868=CARTESIAN_POINT('Origin',(2.39165689970722,0.829669544558118,47.303));
#7869=CARTESIAN_POINT('',(2.32985350083223,1.01988084781715,58.003));
#7870=CARTESIAN_POINT('Origin',(2.1396421975732,0.95807744894216,58.003));
#7871=CARTESIAN_POINT('',(-0.23799909316468,0.18553496300479,50.003));
#7872=CARTESIAN_POINT('Origin',(2.39165689970722,-0.829669544558119,58.003));
#7873=CARTESIAN_POINT('',(2.20144559644819,-0.767866145683129,47.503));
#7874=CARTESIAN_POINT('',(2.32985350083223,-1.01988084781715,47.303));
#7875=CARTESIAN_POINT('Origin',(2.39165689970722,-0.829669544558119,47.303));
#7876=CARTESIAN_POINT('',(2.32985350083223,-1.01988084781715,57.703));
#7877=CARTESIAN_POINT('',(2.32985350083223,-1.01988084781715,58.003));
#7878=CARTESIAN_POINT('',(2.20144559644819,-0.767866145683129,57.503));
#7879=CARTESIAN_POINT('Origin',(2.39165689970722,-0.829669544558119,57.703));
#7880=CARTESIAN_POINT('',(2.20144559644819,-0.767866145683129,58.003));
#7881=CARTESIAN_POINT('Origin',(2.1396421975732,-0.95807744894216,58.003));
#7882=CARTESIAN_POINT('',(2.23234729588569,-0.672760494053614,57.503));
#7883=CARTESIAN_POINT('',(2.17826932187007,-0.839195384405267,57.503));
#7884=CARTESIAN_POINT('',(2.23234729588569,-0.672760494053614,47.503));
#7885=CARTESIAN_POINT('',(2.23234729588569,-0.672760494053614,58.003));
#7886=CARTESIAN_POINT('',(2.17826932187007,-0.839195384405266,47.503));
#7887=CARTESIAN_POINT('Origin',(2.41603345094386,-0.916449632999005,57.753));
#7888=CARTESIAN_POINT('',(2.49628839118388,-1.07395882183277,57.878));
#7889=CARTESIAN_POINT('',(2.65379758001765,-0.993703881592742,58.003));
#7890=CARTESIAN_POINT('',(2.48436199801971,-0.544352589669573,57.703));
#7891=CARTESIAN_POINT('',(2.53191482383446,-0.55980343938832,57.753));
#7892=CARTESIAN_POINT('Origin',(2.42255859914472,-0.734563892928604,57.703));
#7893=CARTESIAN_POINT('Origin',(2.42255859914472,-0.734563892928604,58.003));
#7894=CARTESIAN_POINT('',(2.48436199801971,-0.544352589669573,47.303));
#7895=CARTESIAN_POINT('Origin',(2.42255859914472,-0.734563892928604,47.303));
#7896=CARTESIAN_POINT('',(2.48436199801971,-0.544352589669573,58.003));
#7897=CARTESIAN_POINT('Origin',(2.29415069476068,-0.482549190794584,58.003));
#7898=CARTESIAN_POINT('',(-0.083490595977208,0.289993295142784,50.003));
#7899=CARTESIAN_POINT('Origin',(1.44722355400977,-2.07699741545428,58.003));
#7900=CARTESIAN_POINT('',(1.32966650355127,-1.91519401657929,47.503));
#7901=CARTESIAN_POINT('',(1.28542015513478,-2.19455446591278,47.303));
#7902=CARTESIAN_POINT('Origin',(1.44722355400977,-2.07699741545428,47.303));
#7903=CARTESIAN_POINT('',(1.28542015513478,-2.19455446591278,57.703));
#7904=CARTESIAN_POINT('',(1.28542015513478,-2.19455446591278,58.003));
#7905=CARTESIAN_POINT('',(1.32966650355127,-1.9151940165793,57.503));
#7906=CARTESIAN_POINT('Origin',(1.44722355400977,-2.07699741545428,57.703));
#7907=CARTESIAN_POINT('',(1.32966650355127,-1.91519401657929,58.003));
#7908=CARTESIAN_POINT('Origin',(1.16786310467628,-2.03275106703779,58.003));
#7909=CARTESIAN_POINT('',(1.41056820298877,-1.85641549135005,57.503));
#7910=CARTESIAN_POINT('',(1.26899022897315,-1.95927791050123,57.503));
#7911=CARTESIAN_POINT('',(1.41056820298877,-1.85641549135005,47.503));
#7912=CARTESIAN_POINT('',(1.41056820298877,-1.85641549135005,58.003));
#7913=CARTESIAN_POINT('',(1.26899022897315,-1.95927791050123,47.503));
#7914=CARTESIAN_POINT('Origin',(1.41593654204627,-2.16153215909497,57.753));
#7915=CARTESIAN_POINT('',(1.38828257428596,-2.33613243992839,57.878));
#7916=CARTESIAN_POINT('',(1.56288285511939,-2.36378640768871,58.003));
#7917=CARTESIAN_POINT('',(1.68992865232225,-1.90066183976654,57.703));
#7918=CARTESIAN_POINT('',(1.71931791493687,-1.94111268948529,57.753));
#7919=CARTESIAN_POINT('Origin',(1.52812525344726,-2.01821889022504,57.703));
#7920=CARTESIAN_POINT('Origin',(1.52812525344726,-2.01821889022504,58.003));
#7921=CARTESIAN_POINT('',(1.68992865232225,-1.90066183976654,47.303));
#7922=CARTESIAN_POINT('Origin',(1.52812525344726,-2.01821889022504,47.303));
#7923=CARTESIAN_POINT('',(1.68992865232225,-1.90066183976654,58.003));
#7924=CARTESIAN_POINT('Origin',(1.57237160186376,-1.73885844089155,58.003));
#7925=CARTESIAN_POINT('',(0.102908471132572,0.283684045045814,50.003));
#7926=CARTESIAN_POINT('Origin',(-0.0500000000000003,-2.5309828681926,58.003));
#7927=CARTESIAN_POINT('',(-0.05,-2.3309828681926,47.503));
#7928=CARTESIAN_POINT('',(-0.25,-2.5309828681926,47.303));
#7929=CARTESIAN_POINT('Origin',(-0.0500000000000003,-2.5309828681926,47.303));
#7930=CARTESIAN_POINT('',(-0.25,-2.5309828681926,57.703));
#7931=CARTESIAN_POINT('',(-0.25,-2.5309828681926,58.003));
#7932=CARTESIAN_POINT('',(-0.05,-2.3309828681926,57.503));
#7933=CARTESIAN_POINT('Origin',(-0.0500000000000003,-2.5309828681926,57.703));
#7934=CARTESIAN_POINT('',(-0.05,-2.3309828681926,58.003));
#7935=CARTESIAN_POINT('Origin',(-0.25,-2.3309828681926,58.003));
#7936=CARTESIAN_POINT('',(0.0500000000000001,-2.3309828681926,57.503));
#7937=CARTESIAN_POINT('',(-0.125000000000002,-2.3309828681926,57.503));
#7938=CARTESIAN_POINT('',(0.0500000000000001,-2.3309828681926,47.503));
#7939=CARTESIAN_POINT('',(0.0500000000000001,-2.3309828681926,58.003));
#7940=CARTESIAN_POINT('',(-0.125,-2.3309828681926,47.503));
#7941=CARTESIAN_POINT('Origin',(-0.125000000000002,-2.5809828681926,57.753));
#7942=CARTESIAN_POINT('',(-0.25,-2.7059828681926,57.878));
#7943=CARTESIAN_POINT('',(-0.125000000000003,-2.8309828681926,58.003));
#7944=CARTESIAN_POINT('',(0.25,-2.5309828681926,57.703));
#7945=CARTESIAN_POINT('',(0.25,-2.5809828681926,57.753));
#7946=CARTESIAN_POINT('Origin',(0.0499999999999999,-2.5309828681926,57.703));
#7947=CARTESIAN_POINT('Origin',(0.0499999999999999,-2.5309828681926,58.003));
#7948=CARTESIAN_POINT('',(0.25,-2.5309828681926,47.303));
#7949=CARTESIAN_POINT('Origin',(0.0499999999999999,-2.5309828681926,47.303));
#7950=CARTESIAN_POINT('',(0.25,-2.5309828681926,58.003));
#7951=CARTESIAN_POINT('Origin',(0.25,-2.3309828681926,58.003));
#7952=CARTESIAN_POINT('',(0.249999999999998,0.169017131807401,50.003));
#7953=CARTESIAN_POINT('Origin',(-1.52812525344726,-2.01821889022504,58.003));
#7954=CARTESIAN_POINT('',(-1.41056820298877,-1.85641549135005,47.503));
#7955=CARTESIAN_POINT('',(-1.68992865232225,-1.90066183976654,47.303));
#7956=CARTESIAN_POINT('Origin',(-1.52812525344726,-2.01821889022504,47.303));
#7957=CARTESIAN_POINT('',(-1.68992865232225,-1.90066183976654,57.703));
#7958=CARTESIAN_POINT('',(-1.68992865232225,-1.90066183976654,58.003));
#7959=CARTESIAN_POINT('',(-1.41056820298877,-1.85641549135005,57.503));
#7960=CARTESIAN_POINT('Origin',(-1.52812525344726,-2.01821889022504,57.703));
#7961=CARTESIAN_POINT('',(-1.41056820298877,-1.85641549135005,58.003));
#7962=CARTESIAN_POINT('Origin',(-1.57237160186376,-1.73885844089155,58.003));
#7963=CARTESIAN_POINT('',(-1.32966650355127,-1.9151940165793,57.503));
#7964=CARTESIAN_POINT('',(-1.47124447756689,-1.81233159742811,57.503));
#7965=CARTESIAN_POINT('',(-1.32966650355127,-1.9151940165793,47.503));
#7966=CARTESIAN_POINT('',(-1.32966650355127,-1.9151940165793,58.003));
#7967=CARTESIAN_POINT('',(-1.47124447756689,-1.81233159742811,47.503));
#7968=CARTESIAN_POINT('Origin',(-1.61819079064001,-2.01458584602185,57.753));
#7969=CARTESIAN_POINT('',(-1.79279107147343,-2.04223981378216,57.878));
#7970=CARTESIAN_POINT('',(-1.76513710371313,-2.21684009461558,58.003));
#7971=CARTESIAN_POINT('',(-1.28542015513478,-2.19455446591278,57.703));
#7972=CARTESIAN_POINT('',(-1.3148094177494,-2.23500531563153,57.753));
#7973=CARTESIAN_POINT('Origin',(-1.44722355400977,-2.07699741545428,57.703));
#7974=CARTESIAN_POINT('Origin',(-1.44722355400977,-2.07699741545428,58.003));
#7975=CARTESIAN_POINT('',(-1.28542015513478,-2.19455446591278,47.303));
#7976=CARTESIAN_POINT('Origin',(-1.44722355400977,-2.07699741545428,47.303));
#7977=CARTESIAN_POINT('',(-1.28542015513478,-2.19455446591278,58.003));
#7978=CARTESIAN_POINT('Origin',(-1.16786310467628,-2.03275106703779,58.003));
#7979=CARTESIAN_POINT('',(0.301600026054898,-0.01020858110042,50.003));
#7980=CARTESIAN_POINT('Origin',(-2.42255859914472,-0.734563892928603,58.003));
#7981=CARTESIAN_POINT('',(-2.23234729588569,-0.672760494053614,47.503));
#7982=CARTESIAN_POINT('',(-2.48436199801971,-0.544352589669572,47.303));
#7983=CARTESIAN_POINT('Origin',(-2.42255859914472,-0.734563892928603,47.303));
#7984=CARTESIAN_POINT('',(-2.48436199801971,-0.544352589669572,57.703));
#7985=CARTESIAN_POINT('',(-2.48436199801971,-0.544352589669572,58.003));
#7986=CARTESIAN_POINT('',(-2.23234729588569,-0.672760494053614,57.503));
#7987=CARTESIAN_POINT('Origin',(-2.42255859914472,-0.734563892928603,57.703));
#7988=CARTESIAN_POINT('',(-2.23234729588569,-0.672760494053614,58.003));
#7989=CARTESIAN_POINT('Origin',(-2.29415069476068,-0.482549190794583,58.003));
#7990=CARTESIAN_POINT('',(-2.20144559644819,-0.767866145683129,57.503));
#7991=CARTESIAN_POINT('',(-2.25552357046381,-0.601431255331476,57.503));
#7992=CARTESIAN_POINT('',(-2.20144559644819,-0.767866145683129,47.503));
#7993=CARTESIAN_POINT('',(-2.20144559644819,-0.767866145683129,58.003));
#7994=CARTESIAN_POINT('',(-2.25552357046381,-0.601431255331477,47.503));
#7995=CARTESIAN_POINT('Origin',(-2.4932876995376,-0.678685503925212,57.753));
#7996=CARTESIAN_POINT('',(-2.65079688837136,-0.598430563685188,57.878));
#7997=CARTESIAN_POINT('',(-2.73105182861139,-0.755939752518949,58.003));
#7998=CARTESIAN_POINT('',(-2.32985350083223,-1.01988084781715,57.703));
#7999=CARTESIAN_POINT('',(-2.37740632664699,-1.0353316975359,57.753));
#8000=CARTESIAN_POINT('Origin',(-2.39165689970722,-0.829669544558119,57.703));
#8001=CARTESIAN_POINT('Origin',(-2.39165689970722,-0.829669544558119,58.003));
#8002=CARTESIAN_POINT('',(-2.32985350083223,-1.01988084781715,47.303));
#8003=CARTESIAN_POINT('Origin',(-2.39165689970722,-0.829669544558119,47.303));
#8004=CARTESIAN_POINT('',(-2.32985350083223,-1.01988084781715,58.003));
#8005=CARTESIAN_POINT('Origin',(-2.1396421975732,-0.95807744894216,58.003));
#8006=CARTESIAN_POINT('',(0.237999093164681,-0.185534963004789,50.003));
#8007=CARTESIAN_POINT('Origin',(-2.39165689970722,0.829669544558119,58.003));
#8008=CARTESIAN_POINT('',(-2.20144559644819,0.767866145683129,47.503));
#8009=CARTESIAN_POINT('',(-2.32985350083223,1.01988084781715,47.303));
#8010=CARTESIAN_POINT('Origin',(-2.39165689970722,0.829669544558119,47.303));
#8011=CARTESIAN_POINT('',(-2.32985350083223,1.01988084781715,57.703));
#8012=CARTESIAN_POINT('',(-2.32985350083223,1.01988084781715,58.003));
#8013=CARTESIAN_POINT('',(-2.20144559644819,0.767866145683129,57.503));
#8014=CARTESIAN_POINT('Origin',(-2.39165689970722,0.829669544558119,57.703));
#8015=CARTESIAN_POINT('',(-2.20144559644819,0.767866145683129,58.003));
#8016=CARTESIAN_POINT('Origin',(-2.1396421975732,0.95807744894216,58.003));
#8017=CARTESIAN_POINT('',(-2.23234729588569,0.672760494053614,57.503));
#8018=CARTESIAN_POINT('',(-2.17826932187007,0.839195384405267,57.503));
#8019=CARTESIAN_POINT('',(-2.23234729588569,0.672760494053614,47.503));
#8020=CARTESIAN_POINT('',(-2.23234729588569,0.672760494053614,58.003));
#8021=CARTESIAN_POINT('',(-2.17826932187007,0.839195384405265,47.503));
#8022=CARTESIAN_POINT('Origin',(-2.41603345094386,0.916449632999004,57.753));
#8023=CARTESIAN_POINT('',(-2.49628839118388,1.07395882183276,57.878));
#8024=CARTESIAN_POINT('',(-2.65379758001765,0.993703881592741,58.003));
#8025=CARTESIAN_POINT('',(-2.48436199801971,0.544352589669573,57.703));
#8026=CARTESIAN_POINT('',(-2.53191482383446,0.55980343938832,57.753));
#8027=CARTESIAN_POINT('Origin',(-2.42255859914472,0.734563892928604,57.703));
#8028=CARTESIAN_POINT('Origin',(-2.42255859914472,0.734563892928604,58.003));
#8029=CARTESIAN_POINT('',(-2.48436199801971,0.544352589669573,47.303));
#8030=CARTESIAN_POINT('Origin',(-2.42255859914472,0.734563892928604,47.303));
#8031=CARTESIAN_POINT('',(-2.48436199801971,0.544352589669573,58.003));
#8032=CARTESIAN_POINT('Origin',(-2.29415069476068,0.482549190794583,58.003));
#8033=CARTESIAN_POINT('',(0.0834905959772089,-0.289993295142784,50.003));
#8034=CARTESIAN_POINT('Origin',(-1.44722355400977,2.07699741545428,58.003));
#8035=CARTESIAN_POINT('',(-1.32966650355127,1.91519401657929,47.503));
#8036=CARTESIAN_POINT('',(-1.28542015513478,2.19455446591278,47.303));
#8037=CARTESIAN_POINT('Origin',(-1.44722355400977,2.07699741545428,47.303));
#8038=CARTESIAN_POINT('',(-1.28542015513478,2.19455446591278,57.703));
#8039=CARTESIAN_POINT('',(-1.28542015513478,2.19455446591278,58.003));
#8040=CARTESIAN_POINT('',(-1.32966650355127,1.9151940165793,57.503));
#8041=CARTESIAN_POINT('Origin',(-1.44722355400977,2.07699741545428,57.703));
#8042=CARTESIAN_POINT('',(-1.32966650355127,1.9151940165793,58.003));
#8043=CARTESIAN_POINT('Origin',(-1.16786310467628,2.03275106703779,58.003));
#8044=CARTESIAN_POINT('',(-1.41056820298877,1.85641549135005,57.503));
#8045=CARTESIAN_POINT('',(-1.26899022897315,1.95927791050123,57.503));
#8046=CARTESIAN_POINT('',(-1.41056820298877,1.85641549135005,47.503));
#8047=CARTESIAN_POINT('',(-1.41056820298877,1.85641549135005,58.003));
#8048=CARTESIAN_POINT('',(-1.26899022897315,1.95927791050123,47.503));
#8049=CARTESIAN_POINT('Origin',(-1.41593654204627,2.16153215909497,57.753));
#8050=CARTESIAN_POINT('',(-1.38828257428596,2.33613243992839,57.878));
#8051=CARTESIAN_POINT('',(-1.56288285511939,2.36378640768871,58.003));
#8052=CARTESIAN_POINT('',(-1.68992865232225,1.90066183976654,57.703));
#8053=CARTESIAN_POINT('',(-1.71931791493688,1.94111268948529,57.753));
#8054=CARTESIAN_POINT('Origin',(-1.52812525344726,2.01821889022504,57.703));
#8055=CARTESIAN_POINT('Origin',(-1.52812525344726,2.01821889022504,58.003));
#8056=CARTESIAN_POINT('',(-1.68992865232225,1.90066183976654,47.303));
#8057=CARTESIAN_POINT('Origin',(-1.52812525344726,2.01821889022504,47.303));
#8058=CARTESIAN_POINT('',(-1.68992865232225,1.90066183976654,58.003));
#8059=CARTESIAN_POINT('Origin',(-1.57237160186376,1.73885844089155,58.003));
#8060=CARTESIAN_POINT('',(-0.102908471132573,-0.283684045045814,50.003));
#8061=CARTESIAN_POINT('Origin',(1.61819079064001,2.01458584602185,47.253));
#8062=CARTESIAN_POINT('',(1.76513710371313,2.21684009461559,47.003));
#8063=CARTESIAN_POINT('',(0.176381627669132,-0.182556920748946,49.878));
#8064=CARTESIAN_POINT('Origin',(1.52030152014262,2.09251552598914,47.003));
#8065=CARTESIAN_POINT('Origin',(2.4932876995376,0.678685503925214,47.253));
#8066=CARTESIAN_POINT('',(2.73105182861138,0.75593975251895,47.003));
#8067=CARTESIAN_POINT('',(0.0353914685596868,-0.251366170845916,49.878));
#8068=CARTESIAN_POINT('Origin',(2.45989953273888,0.799269808940986,47.003));
#8069=CARTESIAN_POINT('Origin',(2.41603345094386,-0.916449632999003,47.253));
#8070=CARTESIAN_POINT('',(2.65379758001765,-0.99370388159274,47.003));
#8071=CARTESIAN_POINT('',(-0.119117028627787,-0.224162087301659,49.878));
#8072=CARTESIAN_POINT('Origin',(2.45989953273888,-0.799269808940986,47.003));
#8073=CARTESIAN_POINT('Origin',(1.41593654204627,-2.16153215909497,47.253));
#8074=CARTESIAN_POINT('',(1.56288285511939,-2.36378640768871,47.003));
#8075=CARTESIAN_POINT('',(-0.228126869518339,-0.111335705397289,49.878));
#8076=CARTESIAN_POINT('Origin',(1.52030152014261,-2.09251552598914,47.003));
#8077=CARTESIAN_POINT('Origin',(-0.125,-2.5809828681926,47.253));
#8078=CARTESIAN_POINT('',(-0.125000000000001,-2.8309828681926,47.003));
#8079=CARTESIAN_POINT('',(-0.249999999999999,0.0440171318074001,49.878));
#8080=CARTESIAN_POINT('Origin',(-2.77555756156289E-16,-2.5864914340963,
47.003));
#8081=CARTESIAN_POINT('Origin',(-1.61819079064001,-2.01458584602185,47.253));
#8082=CARTESIAN_POINT('',(-1.76513710371313,-2.21684009461559,47.003));
#8083=CARTESIAN_POINT('',(-0.176381627669132,0.182556920748947,49.878));
#8084=CARTESIAN_POINT('Origin',(-1.52030152014261,-2.09251552598914,47.003));
#8085=CARTESIAN_POINT('Origin',(-2.4932876995376,-0.678685503925214,47.253));
#8086=CARTESIAN_POINT('',(-2.73105182861138,-0.755939752518951,47.003));
#8087=CARTESIAN_POINT('',(-0.0353914685596864,0.251366170845916,49.878));
#8088=CARTESIAN_POINT('Origin',(-2.45989953273888,-0.799269808940986,47.003));
#8089=CARTESIAN_POINT('Origin',(-2.41603345094386,0.916449632999003,47.253));
#8090=CARTESIAN_POINT('',(-2.65379758001765,0.99370388159274,47.003));
#8091=CARTESIAN_POINT('',(0.119117028627788,0.224162087301658,49.878));
#8092=CARTESIAN_POINT('Origin',(-2.45989953273888,0.799269808940986,47.003));
#8093=CARTESIAN_POINT('Origin',(-1.41593654204627,2.16153215909497,47.253));
#8094=CARTESIAN_POINT('',(-1.56288285511939,2.36378640768871,47.003));
#8095=CARTESIAN_POINT('',(0.228126869518339,0.111335705397289,49.878));
#8096=CARTESIAN_POINT('Origin',(-1.52030152014261,2.09251552598914,47.003));
#8097=CARTESIAN_POINT('Origin',(1.86626422800999,2.14336693807903,58.003));
#8098=CARTESIAN_POINT('Origin',(2.76967895290825,0.637057687982056,58.003));
#8099=CARTESIAN_POINT('Origin',(2.61517045572078,-1.11258594612963,58.003));
#8100=CARTESIAN_POINT('Origin',(1.46175573082252,-2.43725956422526,58.003));
#8101=CARTESIAN_POINT('Origin',(-0.25,-2.8309828681926,58.003));
#8102=CARTESIAN_POINT('Origin',(-1.86626422800999,-2.14336693807903,58.003));
#8103=CARTESIAN_POINT('Origin',(-2.76967895290825,-0.637057687982057,58.003));
#8104=CARTESIAN_POINT('Origin',(-2.61517045572078,1.11258594612963,58.003));
#8105=CARTESIAN_POINT('Origin',(-1.46175573082252,2.43725956422526,58.003));
#8106=CARTESIAN_POINT('Origin',(0.0499999999999999,2.5309828681926,58.003));
#8107=CARTESIAN_POINT('',(0.0499999999999996,2.3309828681926,47.503));
#8108=CARTESIAN_POINT('',(0.25,2.5309828681926,47.303));
#8109=CARTESIAN_POINT('Origin',(0.0499999999999999,2.5309828681926,47.303));
#8110=CARTESIAN_POINT('',(0.25,2.5309828681926,57.703));
#8111=CARTESIAN_POINT('',(0.25,2.5309828681926,58.003));
#8112=CARTESIAN_POINT('',(0.0499999999999996,2.3309828681926,57.503));
#8113=CARTESIAN_POINT('Origin',(0.0499999999999999,2.5309828681926,57.703));
#8114=CARTESIAN_POINT('',(0.0499999999999996,2.3309828681926,58.003));
#8115=CARTESIAN_POINT('Origin',(0.25,2.3309828681926,58.003));
#8116=CARTESIAN_POINT('',(-0.0500000000000004,2.3309828681926,57.503));
#8117=CARTESIAN_POINT('',(0.125000000000001,2.3309828681926,57.503));
#8118=CARTESIAN_POINT('',(-0.0500000000000003,2.3309828681926,47.503));
#8119=CARTESIAN_POINT('',(-0.0500000000000004,2.3309828681926,58.003));
#8120=CARTESIAN_POINT('',(0.125,2.3309828681926,47.503));
#8121=CARTESIAN_POINT('Origin',(0.125000000000001,2.5809828681926,57.753));
#8122=CARTESIAN_POINT('',(0.25,2.7059828681926,57.878));
#8123=CARTESIAN_POINT('',(0.125000000000001,2.8309828681926,58.003));
#8124=CARTESIAN_POINT('',(-0.25,2.5309828681926,57.703));
#8125=CARTESIAN_POINT('',(-0.25,2.5809828681926,57.753));
#8126=CARTESIAN_POINT('Origin',(-0.0500000000000001,2.5309828681926,57.703));
#8127=CARTESIAN_POINT('Origin',(-0.0500000000000001,2.5309828681926,58.003));
#8128=CARTESIAN_POINT('',(-0.25,2.5309828681926,47.303));
#8129=CARTESIAN_POINT('Origin',(-0.0500000000000001,2.5309828681926,47.303));
#8130=CARTESIAN_POINT('',(-0.25,2.5309828681926,58.003));
#8131=CARTESIAN_POINT('Origin',(-0.25,2.3309828681926,58.003));
#8132=CARTESIAN_POINT('',(-0.249999999999998,-0.1690171318074,50.003));
#8133=CARTESIAN_POINT('Origin',(0.125,2.5809828681926,47.253));
#8134=CARTESIAN_POINT('',(0.125,2.8309828681926,47.003));
#8135=CARTESIAN_POINT('',(0.249999999999999,-0.0440171318073996,49.878));
#8136=CARTESIAN_POINT('Origin',(-2.08166817117217E-16,2.5864914340963,47.003));
#8137=CARTESIAN_POINT('Origin',(0.25,2.8309828681926,58.003));
#8138=CARTESIAN_POINT('Origin',(0.,0.,54.003));
#8139=CARTESIAN_POINT('',(2.243,-2.74688277048751E-16,0.103));
#8140=CARTESIAN_POINT('Origin',(0.,0.,0.103));
#8141=CARTESIAN_POINT('',(2.243,-2.74688277048751E-16,54.003));
#8142=CARTESIAN_POINT('Origin',(-1.11022302462516E-15,0.,54.003));
#8143=CARTESIAN_POINT('',(-5.55111512312578E-16,-5.6,54.003));
#8144=CARTESIAN_POINT('',(-3.63730669589464,-3.5,54.003));
#8145=CARTESIAN_POINT('',(-5.55111512312578E-16,-5.6,54.003));
#8146=CARTESIAN_POINT('Origin',(-1.11022302462516E-15,0.,54.003));
#8147=CARTESIAN_POINT('',(-4.84974226119286,-2.8,54.003));
#8148=CARTESIAN_POINT('',(-4.84974226119285,1.4,54.003));
#8149=CARTESIAN_POINT('',(-4.84974226119286,-2.8,54.003));
#8150=CARTESIAN_POINT('Origin',(-5.55111512312578E-16,-5.6,54.003));
#8151=CARTESIAN_POINT('',(4.84974226119285,-2.8,58.003));
#8152=CARTESIAN_POINT('',(4.84974226119285,-2.8,54.003));
#8153=CARTESIAN_POINT('',(-5.55111512312578E-16,-5.6,58.003));
#8154=CARTESIAN_POINT('',(-5.55111512312578E-16,-5.6,58.003));
#8155=CARTESIAN_POINT('',(-5.55111512312578E-16,-5.6,54.003));
#8156=CARTESIAN_POINT('Origin',(-4.84974226119286,-2.8,54.003));
#8157=CARTESIAN_POINT('',(-4.84974226119286,-2.8,58.003));
#8158=CARTESIAN_POINT('',(-4.84974226119286,-2.8,58.003));
#8159=CARTESIAN_POINT('',(-4.84974226119286,-2.8,54.003));
#8160=CARTESIAN_POINT('Origin',(-4.84974226119285,2.8,54.003));
#8161=CARTESIAN_POINT('',(-4.84974226119285,2.8,58.003));
#8162=CARTESIAN_POINT('',(-4.84974226119285,2.8,58.003));
#8163=CARTESIAN_POINT('',(-4.84974226119285,2.8,54.003));
#8164=CARTESIAN_POINT('Origin',(1.12217458245618E-15,5.6,54.003));
#8165=CARTESIAN_POINT('',(1.11022302462516E-15,5.6,58.003));
#8166=CARTESIAN_POINT('',(1.15802925594924E-15,5.6,58.003));
#8167=CARTESIAN_POINT('',(1.11022302462516E-15,5.6,54.003));
#8168=CARTESIAN_POINT('Origin',(4.84974226119286,2.8,54.003));
#8169=CARTESIAN_POINT('',(4.84974226119286,2.8,58.003));
#8170=CARTESIAN_POINT('',(4.84974226119286,2.8,58.003));
#8171=CARTESIAN_POINT('',(4.84974226119286,2.8,54.003));
#8172=CARTESIAN_POINT('Origin',(4.84974226119285,-2.8,54.003));
#8173=CARTESIAN_POINT('',(4.84974226119285,-2.8,58.003));
#8174=CARTESIAN_POINT('Origin',(-1.11022302462516E-15,0.,58.003));
#8175=CARTESIAN_POINT('Origin',(0.,0.,0.103));
#8176=UNCERTAINTY_MEASURE_WITH_UNIT(LENGTH_MEASURE(0.01),#8180,
'DISTANCE_ACCURACY_VALUE',
'Maximum model space distance between geometric entities at asserted c
onnectivities');
#8177=UNCERTAINTY_MEASURE_WITH_UNIT(LENGTH_MEASURE(0.01),#8180,
'DISTANCE_ACCURACY_VALUE',
'Maximum model space distance between geometric entities at asserted c
onnectivities');
#8178=(
GEOMETRIC_REPRESENTATION_CONTEXT(3)
GLOBAL_UNCERTAINTY_ASSIGNED_CONTEXT((#8176))
GLOBAL_UNIT_ASSIGNED_CONTEXT((#8180,#8182,#8183))
REPRESENTATION_CONTEXT('','3D')
);
#8179=(
GEOMETRIC_REPRESENTATION_CONTEXT(3)
GLOBAL_UNCERTAINTY_ASSIGNED_CONTEXT((#8177))
GLOBAL_UNIT_ASSIGNED_CONTEXT((#8180,#8182,#8183))
REPRESENTATION_CONTEXT('','3D')
);
#8180=(
LENGTH_UNIT()
NAMED_UNIT(*)
SI_UNIT(.MILLI.,.METRE.)
);
#8181=(
LENGTH_UNIT()
NAMED_UNIT(*)
SI_UNIT($,.METRE.)
);
#8182=(
NAMED_UNIT(*)
PLANE_ANGLE_UNIT()
SI_UNIT($,.RADIAN.)
);
#8183=(
NAMED_UNIT(*)
SI_UNIT($,.STERADIAN.)
SOLID_ANGLE_UNIT()
);
#8184=SHAPE_DEFINITION_REPRESENTATION(#8185,#8186);
#8185=PRODUCT_DEFINITION_SHAPE('',$,#8188);
#8186=SHAPE_REPRESENTATION('',(#2471),#8178);
#8187=PRODUCT_DEFINITION_CONTEXT('part definition',#8192,'design');
#8188=PRODUCT_DEFINITION('ULTRA FINE','ULTRA FINE',#8189,#8187);
#8189=PRODUCT_DEFINITION_FORMATION('',$,#8194);
#8190=PRODUCT_RELATED_PRODUCT_CATEGORY('ULTRA FINE','ULTRA FINE',(#8194));
#8191=APPLICATION_PROTOCOL_DEFINITION('international standard',
'automotive_design',2009,#8192);
#8192=APPLICATION_CONTEXT(
'Core Data for Automotive Mechanical Design Process');
#8193=PRODUCT_CONTEXT('part definition',#8192,'mechanical');
#8194=PRODUCT('ULTRA FINE','ULTRA FINE',$,(#8193));
#8195=PRESENTATION_STYLE_ASSIGNMENT((#8196));
#8196=SURFACE_STYLE_USAGE(.BOTH.,#8197);
#8197=SURFACE_SIDE_STYLE('',(#8198));
#8198=SURFACE_STYLE_FILL_AREA(#8199);
#8199=FILL_AREA_STYLE('Steel - Satin',(#8200));
#8200=FILL_AREA_STYLE_COLOUR('Steel - Satin',#8201);
#8201=COLOUR_RGB('Steel - Satin',0.627450980392157,0.627450980392157,0.627450980392157);
ENDSEC;
END-ISO-10303-21;
