ISO-10303-21;
HEADER;
/* Generated by software containing ST-Developer
 * from STEP Tools, Inc. (www.steptools.com) 
 */

FILE_DESCRIPTION(
/* description */ (''),
/* implementation_level */ '2;1');

FILE_NAME(
/* name */ 'POWDER CUP (EMPTYING).step',
/* time_stamp */ '2026-03-23T18:09:31-05:00',
/* author */ (''),
/* organization */ (''),
/* preprocessor_version */ 'ST-DEVELOPER v20.1',
/* originating_system */ 'Autodesk Translation Framework v14.24.0.0',
/* authorisation */ '');

FILE_SCHEMA (('AUTOMOTIVE_DESIGN { 1 0 10303 214 3 1 1 }'));
ENDSEC;

DATA;
#10=MECHANICAL_DESIGN_GEOMETRIC_PRESENTATION_REPRESENTATION('',(#13),#2650);
#11=SHAPE_REPRESENTATION_RELATIONSHIP('SRR','None',#2657,#12);
#12=ADVANCED_BREP_SHAPE_REPRESENTATION('',(#14),#2649);
#13=STYLED_ITEM('',(#2667),#14);
#14=MANIFOLD_SOLID_BREP('EMPTYING POWDER CUP',#1397);
#15=FACE_BOUND('',#246,.T.);
#16=FACE_BOUND('',#247,.T.);
#17=FACE_BOUND('',#260,.T.);
#18=FACE_BOUND('',#261,.T.);
#19=PLANE('',#1581);
#20=PLANE('',#1584);
#21=PLANE('',#1586);
#22=PLANE('',#1587);
#23=PLANE('',#1588);
#24=PLANE('',#1589);
#25=PLANE('',#1591);
#26=PLANE('',#1592);
#27=PLANE('',#1593);
#28=PLANE('',#1594);
#29=PLANE('',#1595);
#30=PLANE('',#1596);
#31=PLANE('',#1597);
#32=PLANE('',#1598);
#33=PLANE('',#1599);
#34=PLANE('',#1602);
#35=PLANE('',#1603);
#36=PLANE('',#1605);
#37=B_SPLINE_CURVE_WITH_KNOTS('',3,(#2235,#2236,#2237,#2238,#2239),
 .UNSPECIFIED.,.F.,.F.,(4,1,4),(1.1120930542434E-16,0.0695598146608186,
0.162306234208577),.UNSPECIFIED.);
#38=B_SPLINE_CURVE_WITH_KNOTS('',3,(#2243,#2244,#2245,#2246,#2247),
 .UNSPECIFIED.,.F.,.F.,(4,1,4),(-0.162306234208577,-0.0695598146608186,
-1.1120930542434E-16),.UNSPECIFIED.);
#39=B_SPLINE_CURVE_WITH_KNOTS('',3,(#2314,#2315,#2316,#2317,#2318,#2319),
 .UNSPECIFIED.,.F.,.F.,(4,1,1,4),(-0.162307458278037,-0.115933898770026,
-0.0695603392620159,0.),.UNSPECIFIED.);
#40=B_SPLINE_CURVE_WITH_KNOTS('',3,(#2323,#2324,#2325,#2326,#2327,#2328),
 .UNSPECIFIED.,.F.,.F.,(4,1,1,4),(0.,0.0695603392620159,0.115933898770026,
0.162307458278037),.UNSPECIFIED.);
#41=B_SPLINE_CURVE_WITH_KNOTS('',3,(#2377,#2378,#2379,#2380,#2381),
 .UNSPECIFIED.,.F.,.F.,(4,1,4),(-0.161363181948466,-0.0691556494064854,
-6.13024326416439E-17),.UNSPECIFIED.);
#42=B_SPLINE_CURVE_WITH_KNOTS('',3,(#2385,#2386,#2387,#2388,#2389),
 .UNSPECIFIED.,.F.,.F.,(4,1,4),(6.13024326416439E-17,0.0691556494064854,
0.161363181948466),.UNSPECIFIED.);
#43=B_SPLINE_CURVE_WITH_KNOTS('',3,(#2453,#2454,#2455,#2456,#2457,#2458),
 .UNSPECIFIED.,.F.,.F.,(4,1,1,4),(0.,0.0691549409242447,0.115258234873741,
0.161361528823238),.UNSPECIFIED.);
#44=B_SPLINE_CURVE_WITH_KNOTS('',3,(#2462,#2463,#2464,#2465,#2466,#2467),
 .UNSPECIFIED.,.F.,.F.,(4,1,1,4),(-0.161361528823238,-0.115258234873741,
-0.0691549409242447,0.),.UNSPECIFIED.);
#45=B_SPLINE_SURFACE_WITH_KNOTS('',3,3,((#2208,#2209,#2210,#2211,#2212),
(#2213,#2214,#2215,#2216,#2217),(#2218,#2219,#2220,#2221,#2222),(#2223,
#2224,#2225,#2226,#2227),(#2228,#2229,#2230,#2231,#2232)),.UNSPECIFIED.,
 .F.,.F.,.F.,(4,1,4),(4,1,4),(0.,0.5,1.),(1.1120930542434E-16,0.0695598146608186,
0.162306234208577),.UNSPECIFIED.);
#46=B_SPLINE_SURFACE_WITH_KNOTS('',3,3,((#2282,#2283,#2284,#2285,#2286,
#2287),(#2288,#2289,#2290,#2291,#2292,#2293),(#2294,#2295,#2296,#2297,#2298,
#2299),(#2300,#2301,#2302,#2303,#2304,#2305),(#2306,#2307,#2308,#2309,#2310,
#2311)),.UNSPECIFIED.,.F.,.F.,.F.,(4,1,4),(4,1,1,4),(0.,0.5,1.),(0.,0.0695603392620159,
0.115933898770026,0.162307458278037),.UNSPECIFIED.);
#47=B_SPLINE_SURFACE_WITH_KNOTS('',3,3,((#2345,#2346,#2347,#2348,#2349),
(#2350,#2351,#2352,#2353,#2354),(#2355,#2356,#2357,#2358,#2359),(#2360,
#2361,#2362,#2363,#2364),(#2365,#2366,#2367,#2368,#2369),(#2370,#2371,#2372,
#2373,#2374)),.UNSPECIFIED.,.F.,.F.,.F.,(4,1,1,4),(4,1,4),(0.,0.285714285714286,
0.571428571428571,1.),(6.13024326416439E-17,0.0691556494064854,0.161363181948466),
 .UNSPECIFIED.);
#48=B_SPLINE_SURFACE_WITH_KNOTS('',3,3,((#2415,#2416,#2417,#2418,#2419,
#2420),(#2421,#2422,#2423,#2424,#2425,#2426),(#2427,#2428,#2429,#2430,#2431,
#2432),(#2433,#2434,#2435,#2436,#2437,#2438),(#2439,#2440,#2441,#2442,#2443,
#2444),(#2445,#2446,#2447,#2448,#2449,#2450)),.UNSPECIFIED.,.F.,.F.,.F.,
(4,1,1,4),(4,1,1,4),(0.,0.285714285714286,0.571428571428571,1.),(0.,0.0691549409242447,
0.115258234873741,0.161361528823238),.UNSPECIFIED.);
#49=SPHERICAL_SURFACE('',#1454,0.499999999999998);
#50=SPHERICAL_SURFACE('',#1463,0.5);
#51=SPHERICAL_SURFACE('',#1466,0.499999999999998);
#52=SPHERICAL_SURFACE('',#1472,0.499999999999998);
#53=SPHERICAL_SURFACE('',#1476,0.499999999999998);
#54=SPHERICAL_SURFACE('',#1479,0.499999999999998);
#55=SPHERICAL_SURFACE('',#1503,0.5);
#56=SPHERICAL_SURFACE('',#1507,0.500000000000007);
#57=SPHERICAL_SURFACE('',#1512,0.5);
#58=SPHERICAL_SURFACE('',#1527,0.500000000000007);
#59=SPHERICAL_SURFACE('',#1533,0.499999999999998);
#60=SPHERICAL_SURFACE('',#1575,0.499999999999998);
#61=TOROIDAL_SURFACE('',#1420,1.2,0.5);
#62=TOROIDAL_SURFACE('',#1426,1.2,0.5);
#63=TOROIDAL_SURFACE('',#1435,1.2,0.5);
#64=TOROIDAL_SURFACE('',#1441,1.2,0.5);
#65=TOROIDAL_SURFACE('',#1447,0.999999999999996,0.499999999999998);
#66=TOROIDAL_SURFACE('',#1458,8.50000000000993,0.5);
#67=TOROIDAL_SURFACE('',#1483,1.00000000000003,0.500000000000007);
#68=TOROIDAL_SURFACE('',#1492,8.50000000000993,0.5);
#69=TOROIDAL_SURFACE('',#1498,8.49999999999999,0.5);
#70=TOROIDAL_SURFACE('',#1518,9.3,0.5);
#71=TOROIDAL_SURFACE('',#1524,9.30000000000994,0.5);
#72=TOROIDAL_SURFACE('',#1537,9.3,0.5);
#73=TOROIDAL_SURFACE('',#1547,8.49999999999999,0.5);
#74=TOROIDAL_SURFACE('',#1553,9.3,0.5);
#75=TOROIDAL_SURFACE('',#1559,9.30000000000994,0.5);
#76=TOROIDAL_SURFACE('',#1571,9.30000000000994,0.5);
#77=FACE_OUTER_BOUND('',#169,.T.);
#78=FACE_OUTER_BOUND('',#170,.T.);
#79=FACE_OUTER_BOUND('',#171,.T.);
#80=FACE_OUTER_BOUND('',#172,.T.);
#81=FACE_OUTER_BOUND('',#173,.T.);
#82=FACE_OUTER_BOUND('',#174,.T.);
#83=FACE_OUTER_BOUND('',#175,.T.);
#84=FACE_OUTER_BOUND('',#176,.T.);
#85=FACE_OUTER_BOUND('',#177,.T.);
#86=FACE_OUTER_BOUND('',#178,.T.);
#87=FACE_OUTER_BOUND('',#179,.T.);
#88=FACE_OUTER_BOUND('',#180,.T.);
#89=FACE_OUTER_BOUND('',#181,.T.);
#90=FACE_OUTER_BOUND('',#182,.T.);
#91=FACE_OUTER_BOUND('',#183,.T.);
#92=FACE_OUTER_BOUND('',#184,.T.);
#93=FACE_OUTER_BOUND('',#185,.T.);
#94=FACE_OUTER_BOUND('',#186,.T.);
#95=FACE_OUTER_BOUND('',#187,.T.);
#96=FACE_OUTER_BOUND('',#188,.T.);
#97=FACE_OUTER_BOUND('',#189,.T.);
#98=FACE_OUTER_BOUND('',#190,.T.);
#99=FACE_OUTER_BOUND('',#191,.T.);
#100=FACE_OUTER_BOUND('',#192,.T.);
#101=FACE_OUTER_BOUND('',#193,.T.);
#102=FACE_OUTER_BOUND('',#194,.T.);
#103=FACE_OUTER_BOUND('',#195,.T.);
#104=FACE_OUTER_BOUND('',#196,.T.);
#105=FACE_OUTER_BOUND('',#197,.T.);
#106=FACE_OUTER_BOUND('',#198,.T.);
#107=FACE_OUTER_BOUND('',#199,.T.);
#108=FACE_OUTER_BOUND('',#200,.T.);
#109=FACE_OUTER_BOUND('',#201,.T.);
#110=FACE_OUTER_BOUND('',#202,.T.);
#111=FACE_OUTER_BOUND('',#203,.T.);
#112=FACE_OUTER_BOUND('',#204,.T.);
#113=FACE_OUTER_BOUND('',#205,.T.);
#114=FACE_OUTER_BOUND('',#206,.T.);
#115=FACE_OUTER_BOUND('',#207,.T.);
#116=FACE_OUTER_BOUND('',#208,.T.);
#117=FACE_OUTER_BOUND('',#209,.T.);
#118=FACE_OUTER_BOUND('',#210,.T.);
#119=FACE_OUTER_BOUND('',#211,.T.);
#120=FACE_OUTER_BOUND('',#212,.T.);
#121=FACE_OUTER_BOUND('',#213,.T.);
#122=FACE_OUTER_BOUND('',#214,.T.);
#123=FACE_OUTER_BOUND('',#215,.T.);
#124=FACE_OUTER_BOUND('',#216,.T.);
#125=FACE_OUTER_BOUND('',#217,.T.);
#126=FACE_OUTER_BOUND('',#218,.T.);
#127=FACE_OUTER_BOUND('',#219,.T.);
#128=FACE_OUTER_BOUND('',#220,.T.);
#129=FACE_OUTER_BOUND('',#221,.T.);
#130=FACE_OUTER_BOUND('',#222,.T.);
#131=FACE_OUTER_BOUND('',#223,.T.);
#132=FACE_OUTER_BOUND('',#224,.T.);
#133=FACE_OUTER_BOUND('',#225,.T.);
#134=FACE_OUTER_BOUND('',#226,.T.);
#135=FACE_OUTER_BOUND('',#227,.T.);
#136=FACE_OUTER_BOUND('',#228,.T.);
#137=FACE_OUTER_BOUND('',#229,.T.);
#138=FACE_OUTER_BOUND('',#230,.T.);
#139=FACE_OUTER_BOUND('',#231,.T.);
#140=FACE_OUTER_BOUND('',#232,.T.);
#141=FACE_OUTER_BOUND('',#233,.T.);
#142=FACE_OUTER_BOUND('',#234,.T.);
#143=FACE_OUTER_BOUND('',#235,.T.);
#144=FACE_OUTER_BOUND('',#236,.T.);
#145=FACE_OUTER_BOUND('',#237,.T.);
#146=FACE_OUTER_BOUND('',#238,.T.);
#147=FACE_OUTER_BOUND('',#239,.T.);
#148=FACE_OUTER_BOUND('',#240,.T.);
#149=FACE_OUTER_BOUND('',#241,.T.);
#150=FACE_OUTER_BOUND('',#242,.T.);
#151=FACE_OUTER_BOUND('',#243,.T.);
#152=FACE_OUTER_BOUND('',#244,.T.);
#153=FACE_OUTER_BOUND('',#245,.T.);
#154=FACE_OUTER_BOUND('',#248,.T.);
#155=FACE_OUTER_BOUND('',#249,.T.);
#156=FACE_OUTER_BOUND('',#250,.T.);
#157=FACE_OUTER_BOUND('',#251,.T.);
#158=FACE_OUTER_BOUND('',#252,.T.);
#159=FACE_OUTER_BOUND('',#253,.T.);
#160=FACE_OUTER_BOUND('',#254,.T.);
#161=FACE_OUTER_BOUND('',#255,.T.);
#162=FACE_OUTER_BOUND('',#256,.T.);
#163=FACE_OUTER_BOUND('',#257,.T.);
#164=FACE_OUTER_BOUND('',#258,.T.);
#165=FACE_OUTER_BOUND('',#259,.T.);
#166=FACE_OUTER_BOUND('',#262,.T.);
#167=FACE_OUTER_BOUND('',#263,.T.);
#168=FACE_OUTER_BOUND('',#264,.T.);
#169=EDGE_LOOP('',(#859,#860,#861,#862));
#170=EDGE_LOOP('',(#863,#864,#865,#866));
#171=EDGE_LOOP('',(#867,#868,#869,#870));
#172=EDGE_LOOP('',(#871,#872,#873,#874));
#173=EDGE_LOOP('',(#875,#876,#877,#878));
#174=EDGE_LOOP('',(#879,#880,#881,#882));
#175=EDGE_LOOP('',(#883,#884,#885,#886));
#176=EDGE_LOOP('',(#887,#888,#889,#890));
#177=EDGE_LOOP('',(#891,#892,#893,#894));
#178=EDGE_LOOP('',(#895,#896,#897,#898));
#179=EDGE_LOOP('',(#899,#900,#901,#902));
#180=EDGE_LOOP('',(#903,#904,#905,#906));
#181=EDGE_LOOP('',(#907,#908,#909,#910));
#182=EDGE_LOOP('',(#911,#912,#913,#914));
#183=EDGE_LOOP('',(#915,#916,#917));
#184=EDGE_LOOP('',(#918,#919,#920,#921));
#185=EDGE_LOOP('',(#922,#923,#924,#925));
#186=EDGE_LOOP('',(#926,#927,#928));
#187=EDGE_LOOP('',(#929,#930,#931));
#188=EDGE_LOOP('',(#932,#933,#934,#935));
#189=EDGE_LOOP('',(#936,#937,#938));
#190=EDGE_LOOP('',(#939,#940,#941));
#191=EDGE_LOOP('',(#942,#943,#944));
#192=EDGE_LOOP('',(#945,#946,#947,#948));
#193=EDGE_LOOP('',(#949,#950,#951,#952));
#194=EDGE_LOOP('',(#953,#954,#955,#956));
#195=EDGE_LOOP('',(#957,#958,#959,#960));
#196=EDGE_LOOP('',(#961,#962,#963,#964));
#197=EDGE_LOOP('',(#965,#966,#967,#968));
#198=EDGE_LOOP('',(#969,#970,#971,#972));
#199=EDGE_LOOP('',(#973,#974,#975));
#200=EDGE_LOOP('',(#976,#977,#978,#979));
#201=EDGE_LOOP('',(#980,#981,#982));
#202=EDGE_LOOP('',(#983,#984,#985,#986));
#203=EDGE_LOOP('',(#987,#988,#989));
#204=EDGE_LOOP('',(#990,#991,#992,#993));
#205=EDGE_LOOP('',(#994,#995,#996,#997));
#206=EDGE_LOOP('',(#998,#999,#1000,#1001));
#207=EDGE_LOOP('',(#1002,#1003,#1004,#1005));
#208=EDGE_LOOP('',(#1006,#1007,#1008));
#209=EDGE_LOOP('',(#1009,#1010,#1011,#1012));
#210=EDGE_LOOP('',(#1013,#1014,#1015,#1016));
#211=EDGE_LOOP('',(#1017,#1018,#1019));
#212=EDGE_LOOP('',(#1020,#1021,#1022,#1023));
#213=EDGE_LOOP('',(#1024,#1025,#1026,#1027));
#214=EDGE_LOOP('',(#1028,#1029,#1030,#1031));
#215=EDGE_LOOP('',(#1032,#1033,#1034,#1035));
#216=EDGE_LOOP('',(#1036,#1037,#1038,#1039));
#217=EDGE_LOOP('',(#1040,#1041,#1042,#1043));
#218=EDGE_LOOP('',(#1044,#1045,#1046,#1047));
#219=EDGE_LOOP('',(#1048,#1049,#1050,#1051));
#220=EDGE_LOOP('',(#1052,#1053,#1054,#1055));
#221=EDGE_LOOP('',(#1056,#1057,#1058,#1059));
#222=EDGE_LOOP('',(#1060,#1061,#1062,#1063));
#223=EDGE_LOOP('',(#1064,#1065,#1066,#1067));
#224=EDGE_LOOP('',(#1068,#1069,#1070,#1071));
#225=EDGE_LOOP('',(#1072,#1073,#1074,#1075));
#226=EDGE_LOOP('',(#1076,#1077,#1078,#1079));
#227=EDGE_LOOP('',(#1080,#1081,#1082,#1083));
#228=EDGE_LOOP('',(#1084,#1085,#1086,#1087));
#229=EDGE_LOOP('',(#1088,#1089,#1090,#1091));
#230=EDGE_LOOP('',(#1092,#1093,#1094,#1095));
#231=EDGE_LOOP('',(#1096,#1097,#1098,#1099));
#232=EDGE_LOOP('',(#1100,#1101,#1102,#1103));
#233=EDGE_LOOP('',(#1104,#1105,#1106));
#234=EDGE_LOOP('',(#1107,#1108,#1109,#1110));
#235=EDGE_LOOP('',(#1111,#1112,#1113,#1114));
#236=EDGE_LOOP('',(#1115,#1116,#1117,#1118));
#237=EDGE_LOOP('',(#1119,#1120,#1121,#1122));
#238=EDGE_LOOP('',(#1123,#1124,#1125,#1126,#1127,#1128,#1129));
#239=EDGE_LOOP('',(#1130,#1131,#1132,#1133,#1134,#1135,#1136,#1137));
#240=EDGE_LOOP('',(#1138,#1139,#1140,#1141));
#241=EDGE_LOOP('',(#1142,#1143,#1144,#1145));
#242=EDGE_LOOP('',(#1146,#1147,#1148,#1149));
#243=EDGE_LOOP('',(#1150,#1151,#1152,#1153));
#244=EDGE_LOOP('',(#1154,#1155,#1156,#1157,#1158,#1159,#1160));
#245=EDGE_LOOP('',(#1161,#1162,#1163,#1164,#1165,#1166,#1167,#1168,#1169,
#1170));
#246=EDGE_LOOP('',(#1171));
#247=EDGE_LOOP('',(#1172));
#248=EDGE_LOOP('',(#1173,#1174,#1175,#1176,#1177,#1178));
#249=EDGE_LOOP('',(#1179,#1180,#1181,#1182,#1183,#1184,#1185,#1186));
#250=EDGE_LOOP('',(#1187,#1188,#1189,#1190,#1191,#1192,#1193,#1194,#1195));
#251=EDGE_LOOP('',(#1196,#1197,#1198,#1199));
#252=EDGE_LOOP('',(#1200,#1201,#1202,#1203));
#253=EDGE_LOOP('',(#1204,#1205,#1206,#1207,#1208,#1209,#1210,#1211,#1212));
#254=EDGE_LOOP('',(#1213,#1214,#1215,#1216));
#255=EDGE_LOOP('',(#1217,#1218,#1219,#1220));
#256=EDGE_LOOP('',(#1221,#1222,#1223,#1224));
#257=EDGE_LOOP('',(#1225,#1226,#1227,#1228));
#258=EDGE_LOOP('',(#1229,#1230,#1231,#1232));
#259=EDGE_LOOP('',(#1233,#1234,#1235,#1236,#1237,#1238,#1239,#1240,#1241,
#1242));
#260=EDGE_LOOP('',(#1243));
#261=EDGE_LOOP('',(#1244));
#262=EDGE_LOOP('',(#1245,#1246,#1247,#1248,#1249,#1250,#1251));
#263=EDGE_LOOP('',(#1252,#1253,#1254,#1255));
#264=EDGE_LOOP('',(#1256,#1257,#1258,#1259,#1260,#1261,#1262));
#265=LINE('',#2092,#351);
#266=LINE('',#2098,#352);
#267=LINE('',#2105,#353);
#268=LINE('',#2108,#354);
#269=LINE('',#2119,#355);
#270=LINE('',#2120,#356);
#271=LINE('',#2131,#357);
#272=LINE('',#2132,#358);
#273=LINE('',#2138,#359);
#274=LINE('',#2141,#360);
#275=LINE('',#2152,#361);
#276=LINE('',#2153,#362);
#277=LINE('',#2164,#363);
#278=LINE('',#2165,#364);
#279=LINE('',#2179,#365);
#280=LINE('',#2180,#366);
#281=LINE('',#2195,#367);
#282=LINE('',#2196,#368);
#283=LINE('',#2280,#369);
#284=LINE('',#2281,#370);
#285=LINE('',#2340,#371);
#286=LINE('',#2341,#372);
#287=LINE('',#2396,#373);
#288=LINE('',#2397,#374);
#289=LINE('',#2406,#375);
#290=LINE('',#2407,#376);
#291=LINE('',#2479,#377);
#292=LINE('',#2480,#378);
#293=LINE('',#2492,#379);
#294=LINE('',#2493,#380);
#295=LINE('',#2495,#381);
#296=LINE('',#2496,#382);
#297=LINE('',#2511,#383);
#298=LINE('',#2512,#384);
#299=LINE('',#2514,#385);
#300=LINE('',#2515,#386);
#301=LINE('',#2517,#387);
#302=LINE('',#2518,#388);
#303=LINE('',#2520,#389);
#304=LINE('',#2521,#390);
#305=LINE('',#2526,#391);
#306=LINE('',#2527,#392);
#307=LINE('',#2532,#393);
#308=LINE('',#2533,#394);
#309=LINE('',#2538,#395);
#310=LINE('',#2539,#396);
#311=LINE('',#2550,#397);
#312=LINE('',#2551,#398);
#313=LINE('',#2559,#399);
#314=LINE('',#2560,#400);
#315=LINE('',#2562,#401);
#316=LINE('',#2563,#402);
#317=LINE('',#2565,#403);
#318=LINE('',#2566,#404);
#319=LINE('',#2568,#405);
#320=LINE('',#2569,#406);
#321=LINE('',#2571,#407);
#322=LINE('',#2572,#408);
#323=LINE('',#2574,#409);
#324=LINE('',#2575,#410);
#325=LINE('',#2580,#411);
#326=LINE('',#2581,#412);
#327=LINE('',#2586,#413);
#328=LINE('',#2587,#414);
#329=LINE('',#2593,#415);
#330=LINE('',#2594,#416);
#331=LINE('',#2596,#417);
#332=LINE('',#2597,#418);
#333=LINE('',#2599,#419);
#334=LINE('',#2600,#420);
#335=LINE('',#2603,#421);
#336=LINE('',#2604,#422);
#337=LINE('',#2607,#423);
#338=LINE('',#2611,#424);
#339=LINE('',#2614,#425);
#340=LINE('',#2615,#426);
#341=LINE('',#2617,#427);
#342=LINE('',#2619,#428);
#343=LINE('',#2621,#429);
#344=LINE('',#2622,#430);
#345=LINE('',#2624,#431);
#346=LINE('',#2634,#432);
#347=LINE('',#2635,#433);
#348=LINE('',#2637,#434);
#349=LINE('',#2640,#435);
#350=LINE('',#2644,#436);
#351=VECTOR('',#1613,1.7);
#352=VECTOR('',#1620,1.7);
#353=VECTOR('',#1627,10.);
#354=VECTOR('',#1630,10.);
#355=VECTOR('',#1643,10.);
#356=VECTOR('',#1644,10.);
#357=VECTOR('',#1657,10.);
#358=VECTOR('',#1658,10.);
#359=VECTOR('',#1663,10.);
#360=VECTOR('',#1666,10.);
#361=VECTOR('',#1679,10.);
#362=VECTOR('',#1680,10.);
#363=VECTOR('',#1693,10.);
#364=VECTOR('',#1694,10.);
#365=VECTOR('',#1709,10.);
#366=VECTOR('',#1710,10.);
#367=VECTOR('',#1729,10.);
#368=VECTOR('',#1730,10.);
#369=VECTOR('',#1785,10.);
#370=VECTOR('',#1786,10.);
#371=VECTOR('',#1803,10.);
#372=VECTOR('',#1804,10.);
#373=VECTOR('',#1823,10.);
#374=VECTOR('',#1824,10.);
#375=VECTOR('',#1835,10.);
#376=VECTOR('',#1836,10.);
#377=VECTOR('',#1861,10.);
#378=VECTOR('',#1862,10.);
#379=VECTOR('',#1879,10.);
#380=VECTOR('',#1880,10.);
#381=VECTOR('',#1883,10.);
#382=VECTOR('',#1884,10.);
#383=VECTOR('',#1903,10.);
#384=VECTOR('',#1904,10.);
#385=VECTOR('',#1907,10.);
#386=VECTOR('',#1908,10.);
#387=VECTOR('',#1911,10.);
#388=VECTOR('',#1912,10.);
#389=VECTOR('',#1915,10.);
#390=VECTOR('',#1916,10.);
#391=VECTOR('',#1921,10.);
#392=VECTOR('',#1922,10.);
#393=VECTOR('',#1931,10.);
#394=VECTOR('',#1932,10.);
#395=VECTOR('',#1937,10.);
#396=VECTOR('',#1938,10.);
#397=VECTOR('',#1951,10.);
#398=VECTOR('',#1952,10.);
#399=VECTOR('',#1963,10.);
#400=VECTOR('',#1964,10.);
#401=VECTOR('',#1967,10.);
#402=VECTOR('',#1968,10.);
#403=VECTOR('',#1971,10.);
#404=VECTOR('',#1972,10.);
#405=VECTOR('',#1975,10.);
#406=VECTOR('',#1976,10.);
#407=VECTOR('',#1979,10.);
#408=VECTOR('',#1980,10.);
#409=VECTOR('',#1983,10.);
#410=VECTOR('',#1984,10.);
#411=VECTOR('',#1989,10.);
#412=VECTOR('',#1990,10.);
#413=VECTOR('',#1999,10.);
#414=VECTOR('',#2000,10.);
#415=VECTOR('',#2009,10.);
#416=VECTOR('',#2010,10.);
#417=VECTOR('',#2013,10.);
#418=VECTOR('',#2014,10.);
#419=VECTOR('',#2017,10.);
#420=VECTOR('',#2018,10.);
#421=VECTOR('',#2021,10.);
#422=VECTOR('',#2022,10.);
#423=VECTOR('',#2025,10.);
#424=VECTOR('',#2030,10.);
#425=VECTOR('',#2033,10.);
#426=VECTOR('',#2034,10.);
#427=VECTOR('',#2037,10.);
#428=VECTOR('',#2040,10.);
#429=VECTOR('',#2043,10.);
#430=VECTOR('',#2044,10.);
#431=VECTOR('',#2047,10.);
#432=VECTOR('',#2066,10.);
#433=VECTOR('',#2067,10.);
#434=VECTOR('',#2070,10.);
#435=VECTOR('',#2075,10.);
#436=VECTOR('',#2082,10.);
#437=CIRCLE('',#1412,1.7);
#438=CIRCLE('',#1413,1.7);
#439=CIRCLE('',#1415,1.7);
#440=CIRCLE('',#1416,1.7);
#441=CIRCLE('',#1418,0.500000000000007);
#442=CIRCLE('',#1419,0.499999999999999);
#443=CIRCLE('',#1421,0.5);
#444=CIRCLE('',#1422,1.2);
#445=CIRCLE('',#1423,0.7);
#446=CIRCLE('',#1425,0.5);
#447=CIRCLE('',#1427,0.5);
#448=CIRCLE('',#1428,1.2);
#449=CIRCLE('',#1429,0.7);
#450=CIRCLE('',#1431,0.5);
#451=CIRCLE('',#1433,0.500000000000007);
#452=CIRCLE('',#1434,0.499999999999999);
#453=CIRCLE('',#1436,0.5);
#454=CIRCLE('',#1437,1.2);
#455=CIRCLE('',#1438,0.7);
#456=CIRCLE('',#1440,0.5);
#457=CIRCLE('',#1442,0.499999999999999);
#458=CIRCLE('',#1443,1.2);
#459=CIRCLE('',#1444,0.7);
#460=CIRCLE('',#1446,0.5);
#461=CIRCLE('',#1448,0.499999999999998);
#462=CIRCLE('',#1449,0.500000000000007);
#463=CIRCLE('',#1450,0.499999999999998);
#464=CIRCLE('',#1451,1.00000000000001);
#465=CIRCLE('',#1453,0.5);
#466=CIRCLE('',#1455,0.499999999999997);
#467=CIRCLE('',#1456,0.499999999999998);
#468=CIRCLE('',#1457,0.499999999999998);
#469=CIRCLE('',#1459,0.499999999999998);
#470=CIRCLE('',#1460,8.50000000000993);
#471=CIRCLE('',#1461,8.00000000000993);
#472=CIRCLE('',#1464,0.5);
#473=CIRCLE('',#1465,0.500000000000007);
#474=CIRCLE('',#1467,0.500000000000007);
#475=CIRCLE('',#1468,0.499999999999998);
#476=CIRCLE('',#1469,0.499999999999998);
#477=CIRCLE('',#1470,0.499999999999991);
#478=CIRCLE('',#1471,0.499999999999998);
#479=CIRCLE('',#1473,0.5);
#480=CIRCLE('',#1474,0.499999999999998);
#481=CIRCLE('',#1475,0.5);
#482=CIRCLE('',#1477,0.499999999999998);
#483=CIRCLE('',#1478,0.499999999999999);
#484=CIRCLE('',#1480,0.500000000000007);
#485=CIRCLE('',#1481,0.499999999999998);
#486=CIRCLE('',#1482,0.499999999999989);
#487=CIRCLE('',#1484,0.500000000000007);
#488=CIRCLE('',#1485,0.499999999999998);
#489=CIRCLE('',#1486,0.499999999999998);
#490=CIRCLE('',#1487,0.999999999999992);
#491=CIRCLE('',#1489,0.5);
#492=CIRCLE('',#1490,0.499999999999995);
#493=CIRCLE('',#1491,0.500000000000006);
#494=CIRCLE('',#1493,0.499999999999995);
#495=CIRCLE('',#1494,8.00000000000993);
#496=CIRCLE('',#1495,8.50000000000993);
#497=CIRCLE('',#1497,0.5);
#498=CIRCLE('',#1499,7.99999999999999);
#499=CIRCLE('',#1500,8.49999999999999);
#500=CIRCLE('',#1501,0.499999999999995);
#501=CIRCLE('',#1502,0.5);
#502=CIRCLE('',#1504,0.5);
#503=CIRCLE('',#1505,0.500000000000007);
#504=CIRCLE('',#1508,0.500000000000007);
#505=CIRCLE('',#1509,0.500000000000007);
#506=CIRCLE('',#1510,0.499999999999994);
#507=CIRCLE('',#1513,0.499999999999998);
#508=CIRCLE('',#1514,0.5);
#509=CIRCLE('',#1515,0.499999999999997);
#510=CIRCLE('',#1516,0.50000000000001);
#511=CIRCLE('',#1517,0.499999999999994);
#512=CIRCLE('',#1519,0.499999999999995);
#513=CIRCLE('',#1520,9.8);
#514=CIRCLE('',#1521,9.3);
#515=CIRCLE('',#1523,0.5);
#516=CIRCLE('',#1525,9.80000000000994);
#517=CIRCLE('',#1526,9.30000000000994);
#518=CIRCLE('',#1528,0.499999999999998);
#519=CIRCLE('',#1529,0.500000000000007);
#520=CIRCLE('',#1530,0.499999999999998);
#521=CIRCLE('',#1534,0.500000000000002);
#522=CIRCLE('',#1535,0.499999999999998);
#523=CIRCLE('',#1536,0.499999999999998);
#524=CIRCLE('',#1538,0.500000000000003);
#525=CIRCLE('',#1539,9.3);
#526=CIRCLE('',#1540,9.8);
#527=CIRCLE('',#1546,0.499999999999998);
#528=CIRCLE('',#1548,8.49999999999999);
#529=CIRCLE('',#1549,7.99999999999999);
#530=CIRCLE('',#1552,0.499999999999998);
#531=CIRCLE('',#1554,0.500000000000007);
#532=CIRCLE('',#1555,9.3);
#533=CIRCLE('',#1556,9.8);
#534=CIRCLE('',#1558,0.499999999999998);
#535=CIRCLE('',#1560,0.500000000000003);
#536=CIRCLE('',#1561,9.30000000000994);
#537=CIRCLE('',#1562,9.80000000000994);
#538=CIRCLE('',#1570,0.499999999999998);
#539=CIRCLE('',#1572,9.30000000000994);
#540=CIRCLE('',#1573,9.80000000000994);
#541=CIRCLE('',#1576,0.499999999999998);
#542=CIRCLE('',#1577,0.499999999999999);
#543=CIRCLE('',#1583,8.00000000000993);
#544=CIRCLE('',#1585,7.99999999999999);
#545=VERTEX_POINT('',#2089);
#546=VERTEX_POINT('',#2091);
#547=VERTEX_POINT('',#2095);
#548=VERTEX_POINT('',#2097);
#549=VERTEX_POINT('',#2101);
#550=VERTEX_POINT('',#2102);
#551=VERTEX_POINT('',#2104);
#552=VERTEX_POINT('',#2106);
#553=VERTEX_POINT('',#2110);
#554=VERTEX_POINT('',#2111);
#555=VERTEX_POINT('',#2116);
#556=VERTEX_POINT('',#2117);
#557=VERTEX_POINT('',#2122);
#558=VERTEX_POINT('',#2123);
#559=VERTEX_POINT('',#2128);
#560=VERTEX_POINT('',#2129);
#561=VERTEX_POINT('',#2134);
#562=VERTEX_POINT('',#2135);
#563=VERTEX_POINT('',#2137);
#564=VERTEX_POINT('',#2139);
#565=VERTEX_POINT('',#2143);
#566=VERTEX_POINT('',#2144);
#567=VERTEX_POINT('',#2149);
#568=VERTEX_POINT('',#2150);
#569=VERTEX_POINT('',#2155);
#570=VERTEX_POINT('',#2156);
#571=VERTEX_POINT('',#2161);
#572=VERTEX_POINT('',#2162);
#573=VERTEX_POINT('',#2167);
#574=VERTEX_POINT('',#2168);
#575=VERTEX_POINT('',#2170);
#576=VERTEX_POINT('',#2172);
#577=VERTEX_POINT('',#2176);
#578=VERTEX_POINT('',#2177);
#579=VERTEX_POINT('',#2182);
#580=VERTEX_POINT('',#2183);
#581=VERTEX_POINT('',#2185);
#582=VERTEX_POINT('',#2189);
#583=VERTEX_POINT('',#2190);
#584=VERTEX_POINT('',#2198);
#585=VERTEX_POINT('',#2202);
#586=VERTEX_POINT('',#2203);
#587=VERTEX_POINT('',#2205);
#588=VERTEX_POINT('',#2233);
#589=VERTEX_POINT('',#2234);
#590=VERTEX_POINT('',#2240);
#591=VERTEX_POINT('',#2242);
#592=VERTEX_POINT('',#2250);
#593=VERTEX_POINT('',#2251);
#594=VERTEX_POINT('',#2253);
#595=VERTEX_POINT('',#2257);
#596=VERTEX_POINT('',#2261);
#597=VERTEX_POINT('',#2262);
#598=VERTEX_POINT('',#2264);
#599=VERTEX_POINT('',#2268);
#600=VERTEX_POINT('',#2269);
#601=VERTEX_POINT('',#2271);
#602=VERTEX_POINT('',#2273);
#603=VERTEX_POINT('',#2277);
#604=VERTEX_POINT('',#2278);
#605=VERTEX_POINT('',#2312);
#606=VERTEX_POINT('',#2313);
#607=VERTEX_POINT('',#2320);
#608=VERTEX_POINT('',#2322);
#609=VERTEX_POINT('',#2331);
#610=VERTEX_POINT('',#2332);
#611=VERTEX_POINT('',#2337);
#612=VERTEX_POINT('',#2338);
#613=VERTEX_POINT('',#2375);
#614=VERTEX_POINT('',#2376);
#615=VERTEX_POINT('',#2382);
#616=VERTEX_POINT('',#2384);
#617=VERTEX_POINT('',#2392);
#618=VERTEX_POINT('',#2399);
#619=VERTEX_POINT('',#2400);
#620=VERTEX_POINT('',#2402);
#621=VERTEX_POINT('',#2409);
#622=VERTEX_POINT('',#2410);
#623=VERTEX_POINT('',#2412);
#624=VERTEX_POINT('',#2451);
#625=VERTEX_POINT('',#2452);
#626=VERTEX_POINT('',#2459);
#627=VERTEX_POINT('',#2461);
#628=VERTEX_POINT('',#2470);
#629=VERTEX_POINT('',#2471);
#630=VERTEX_POINT('',#2476);
#631=VERTEX_POINT('',#2477);
#632=VERTEX_POINT('',#2485);
#633=VERTEX_POINT('',#2486);
#634=VERTEX_POINT('',#2488);
#635=VERTEX_POINT('',#2498);
#636=VERTEX_POINT('',#2499);
#637=VERTEX_POINT('',#2501);
#638=VERTEX_POINT('',#2505);
#639=VERTEX_POINT('',#2506);
#640=VERTEX_POINT('',#2523);
#641=VERTEX_POINT('',#2524);
#642=VERTEX_POINT('',#2535);
#643=VERTEX_POINT('',#2536);
#644=VERTEX_POINT('',#2541);
#645=VERTEX_POINT('',#2542);
#646=VERTEX_POINT('',#2547);
#647=VERTEX_POINT('',#2548);
#648=VERTEX_POINT('',#2553);
#649=VERTEX_POINT('',#2554);
#650=VERTEX_POINT('',#2577);
#651=VERTEX_POINT('',#2578);
#652=VERTEX_POINT('',#2589);
#653=VERTEX_POINT('',#2602);
#654=VERTEX_POINT('',#2606);
#655=VERTEX_POINT('',#2610);
#656=VERTEX_POINT('',#2612);
#657=EDGE_CURVE('',#545,#545,#437,.T.);
#658=EDGE_CURVE('',#545,#546,#265,.T.);
#659=EDGE_CURVE('',#546,#546,#438,.T.);
#660=EDGE_CURVE('',#547,#547,#439,.T.);
#661=EDGE_CURVE('',#547,#548,#266,.T.);
#662=EDGE_CURVE('',#548,#548,#440,.T.);
#663=EDGE_CURVE('',#549,#550,#441,.T.);
#664=EDGE_CURVE('',#550,#551,#267,.T.);
#665=EDGE_CURVE('',#551,#552,#442,.T.);
#666=EDGE_CURVE('',#552,#549,#268,.T.);
#667=EDGE_CURVE('',#553,#554,#443,.T.);
#668=EDGE_CURVE('',#554,#552,#444,.T.);
#669=EDGE_CURVE('',#551,#553,#445,.T.);
#670=EDGE_CURVE('',#555,#556,#446,.T.);
#671=EDGE_CURVE('',#556,#554,#269,.T.);
#672=EDGE_CURVE('',#553,#555,#270,.T.);
#673=EDGE_CURVE('',#557,#558,#447,.T.);
#674=EDGE_CURVE('',#558,#556,#448,.T.);
#675=EDGE_CURVE('',#555,#557,#449,.T.);
#676=EDGE_CURVE('',#559,#560,#450,.T.);
#677=EDGE_CURVE('',#559,#558,#271,.T.);
#678=EDGE_CURVE('',#557,#560,#272,.T.);
#679=EDGE_CURVE('',#561,#562,#451,.T.);
#680=EDGE_CURVE('',#562,#563,#273,.T.);
#681=EDGE_CURVE('',#563,#564,#452,.T.);
#682=EDGE_CURVE('',#564,#561,#274,.T.);
#683=EDGE_CURVE('',#565,#566,#453,.T.);
#684=EDGE_CURVE('',#566,#564,#454,.T.);
#685=EDGE_CURVE('',#563,#565,#455,.T.);
#686=EDGE_CURVE('',#567,#568,#456,.T.);
#687=EDGE_CURVE('',#568,#566,#275,.T.);
#688=EDGE_CURVE('',#565,#567,#276,.T.);
#689=EDGE_CURVE('',#569,#570,#457,.T.);
#690=EDGE_CURVE('',#570,#568,#458,.T.);
#691=EDGE_CURVE('',#567,#569,#459,.T.);
#692=EDGE_CURVE('',#571,#572,#460,.T.);
#693=EDGE_CURVE('',#571,#570,#277,.T.);
#694=EDGE_CURVE('',#569,#572,#278,.T.);
#695=EDGE_CURVE('',#573,#574,#461,.T.);
#696=EDGE_CURVE('',#575,#573,#462,.F.);
#697=EDGE_CURVE('',#576,#575,#463,.T.);
#698=EDGE_CURVE('',#576,#574,#464,.T.);
#699=EDGE_CURVE('',#577,#578,#465,.T.);
#700=EDGE_CURVE('',#577,#575,#279,.T.);
#701=EDGE_CURVE('',#573,#578,#280,.T.);
#702=EDGE_CURVE('',#579,#580,#466,.F.);
#703=EDGE_CURVE('',#581,#579,#467,.F.);
#704=EDGE_CURVE('',#580,#581,#468,.F.);
#705=EDGE_CURVE('',#582,#583,#469,.T.);
#706=EDGE_CURVE('',#583,#581,#470,.T.);
#707=EDGE_CURVE('',#579,#582,#471,.T.);
#708=EDGE_CURVE('',#574,#583,#281,.T.);
#709=EDGE_CURVE('',#582,#573,#282,.T.);
#710=EDGE_CURVE('',#584,#560,#472,.F.);
#711=EDGE_CURVE('',#559,#584,#473,.F.);
#712=EDGE_CURVE('',#585,#586,#474,.F.);
#713=EDGE_CURVE('',#587,#585,#475,.F.);
#714=EDGE_CURVE('',#586,#587,#476,.F.);
#715=EDGE_CURVE('',#588,#589,#37,.F.);
#716=EDGE_CURVE('',#590,#588,#477,.T.);
#717=EDGE_CURVE('',#590,#591,#38,.T.);
#718=EDGE_CURVE('',#589,#591,#478,.T.);
#719=EDGE_CURVE('',#592,#593,#479,.F.);
#720=EDGE_CURVE('',#594,#592,#480,.F.);
#721=EDGE_CURVE('',#593,#594,#481,.F.);
#722=EDGE_CURVE('',#595,#549,#482,.F.);
#723=EDGE_CURVE('',#550,#595,#483,.F.);
#724=EDGE_CURVE('',#596,#597,#484,.F.);
#725=EDGE_CURVE('',#598,#596,#485,.F.);
#726=EDGE_CURVE('',#597,#598,#486,.F.);
#727=EDGE_CURVE('',#599,#600,#487,.T.);
#728=EDGE_CURVE('',#601,#599,#488,.F.);
#729=EDGE_CURVE('',#602,#601,#489,.T.);
#730=EDGE_CURVE('',#602,#600,#490,.T.);
#731=EDGE_CURVE('',#603,#604,#491,.T.);
#732=EDGE_CURVE('',#603,#601,#283,.T.);
#733=EDGE_CURVE('',#599,#604,#284,.T.);
#734=EDGE_CURVE('',#605,#606,#39,.T.);
#735=EDGE_CURVE('',#607,#606,#492,.T.);
#736=EDGE_CURVE('',#608,#607,#40,.F.);
#737=EDGE_CURVE('',#605,#608,#493,.T.);
#738=EDGE_CURVE('',#609,#610,#494,.T.);
#739=EDGE_CURVE('',#610,#590,#495,.T.);
#740=EDGE_CURVE('',#588,#609,#496,.T.);
#741=EDGE_CURVE('',#611,#612,#497,.T.);
#742=EDGE_CURVE('',#612,#610,#285,.T.);
#743=EDGE_CURVE('',#609,#611,#286,.T.);
#744=EDGE_CURVE('',#606,#612,#498,.T.);
#745=EDGE_CURVE('',#611,#607,#499,.T.);
#746=EDGE_CURVE('',#613,#614,#41,.T.);
#747=EDGE_CURVE('',#615,#614,#500,.T.);
#748=EDGE_CURVE('',#616,#615,#42,.F.);
#749=EDGE_CURVE('',#613,#616,#501,.T.);
#750=EDGE_CURVE('',#617,#572,#502,.F.);
#751=EDGE_CURVE('',#571,#617,#503,.F.);
#752=EDGE_CURVE('',#550,#572,#287,.T.);
#753=EDGE_CURVE('',#595,#617,#288,.T.);
#754=EDGE_CURVE('',#618,#619,#504,.F.);
#755=EDGE_CURVE('',#620,#618,#505,.F.);
#756=EDGE_CURVE('',#619,#620,#506,.F.);
#757=EDGE_CURVE('',#618,#596,#289,.T.);
#758=EDGE_CURVE('',#597,#620,#290,.T.);
#759=EDGE_CURVE('',#621,#622,#507,.F.);
#760=EDGE_CURVE('',#623,#621,#508,.F.);
#761=EDGE_CURVE('',#622,#623,#509,.F.);
#762=EDGE_CURVE('',#624,#625,#43,.F.);
#763=EDGE_CURVE('',#626,#624,#510,.T.);
#764=EDGE_CURVE('',#626,#627,#44,.T.);
#765=EDGE_CURVE('',#625,#627,#511,.T.);
#766=EDGE_CURVE('',#628,#629,#512,.T.);
#767=EDGE_CURVE('',#629,#626,#513,.T.);
#768=EDGE_CURVE('',#624,#628,#514,.T.);
#769=EDGE_CURVE('',#630,#631,#515,.T.);
#770=EDGE_CURVE('',#631,#629,#291,.T.);
#771=EDGE_CURVE('',#628,#630,#292,.T.);
#772=EDGE_CURVE('',#614,#631,#516,.T.);
#773=EDGE_CURVE('',#630,#615,#517,.T.);
#774=EDGE_CURVE('',#632,#633,#518,.F.);
#775=EDGE_CURVE('',#634,#632,#519,.F.);
#776=EDGE_CURVE('',#633,#634,#520,.F.);
#777=EDGE_CURVE('',#632,#619,#293,.T.);
#778=EDGE_CURVE('',#620,#634,#294,.T.);
#779=EDGE_CURVE('',#617,#633,#295,.T.);
#780=EDGE_CURVE('',#634,#571,#296,.T.);
#781=EDGE_CURVE('',#635,#636,#521,.F.);
#782=EDGE_CURVE('',#637,#635,#522,.F.);
#783=EDGE_CURVE('',#636,#637,#523,.F.);
#784=EDGE_CURVE('',#638,#639,#524,.T.);
#785=EDGE_CURVE('',#639,#637,#525,.T.);
#786=EDGE_CURVE('',#635,#638,#526,.T.);
#787=EDGE_CURVE('',#633,#639,#297,.T.);
#788=EDGE_CURVE('',#638,#632,#298,.T.);
#789=EDGE_CURVE('',#637,#623,#299,.T.);
#790=EDGE_CURVE('',#621,#636,#300,.T.);
#791=EDGE_CURVE('',#627,#635,#301,.T.);
#792=EDGE_CURVE('',#636,#625,#302,.T.);
#793=EDGE_CURVE('',#607,#624,#303,.T.);
#794=EDGE_CURVE('',#625,#608,#304,.T.);
#795=EDGE_CURVE('',#640,#641,#527,.T.);
#796=EDGE_CURVE('',#641,#602,#305,.T.);
#797=EDGE_CURVE('',#601,#640,#306,.T.);
#798=EDGE_CURVE('',#623,#641,#528,.T.);
#799=EDGE_CURVE('',#640,#622,#529,.T.);
#800=EDGE_CURVE('',#622,#605,#307,.T.);
#801=EDGE_CURVE('',#608,#621,#308,.T.);
#802=EDGE_CURVE('',#642,#643,#530,.T.);
#803=EDGE_CURVE('',#643,#618,#309,.T.);
#804=EDGE_CURVE('',#619,#642,#310,.T.);
#805=EDGE_CURVE('',#644,#645,#531,.T.);
#806=EDGE_CURVE('',#645,#643,#532,.T.);
#807=EDGE_CURVE('',#642,#644,#533,.T.);
#808=EDGE_CURVE('',#646,#647,#534,.T.);
#809=EDGE_CURVE('',#647,#645,#311,.T.);
#810=EDGE_CURVE('',#644,#646,#312,.T.);
#811=EDGE_CURVE('',#648,#649,#535,.T.);
#812=EDGE_CURVE('',#649,#647,#536,.T.);
#813=EDGE_CURVE('',#646,#648,#537,.T.);
#814=EDGE_CURVE('',#596,#649,#313,.T.);
#815=EDGE_CURVE('',#648,#598,#314,.T.);
#816=EDGE_CURVE('',#589,#616,#315,.T.);
#817=EDGE_CURVE('',#615,#588,#316,.T.);
#818=EDGE_CURVE('',#592,#613,#317,.T.);
#819=EDGE_CURVE('',#616,#594,#318,.T.);
#820=EDGE_CURVE('',#600,#595,#319,.T.);
#821=EDGE_CURVE('',#549,#599,#320,.T.);
#822=EDGE_CURVE('',#585,#597,#321,.T.);
#823=EDGE_CURVE('',#598,#587,#322,.T.);
#824=EDGE_CURVE('',#581,#593,#323,.T.);
#825=EDGE_CURVE('',#594,#580,#324,.T.);
#826=EDGE_CURVE('',#650,#651,#538,.T.);
#827=EDGE_CURVE('',#651,#586,#325,.T.);
#828=EDGE_CURVE('',#587,#650,#326,.T.);
#829=EDGE_CURVE('',#593,#651,#539,.T.);
#830=EDGE_CURVE('',#650,#592,#540,.T.);
#831=EDGE_CURVE('',#591,#579,#327,.T.);
#832=EDGE_CURVE('',#580,#589,#328,.T.);
#833=EDGE_CURVE('',#652,#561,#541,.F.);
#834=EDGE_CURVE('',#562,#652,#542,.F.);
#835=EDGE_CURVE('',#586,#652,#329,.T.);
#836=EDGE_CURVE('',#561,#585,#330,.T.);
#837=EDGE_CURVE('',#562,#560,#331,.T.);
#838=EDGE_CURVE('',#652,#584,#332,.T.);
#839=EDGE_CURVE('',#584,#576,#333,.T.);
#840=EDGE_CURVE('',#575,#559,#334,.T.);
#841=EDGE_CURVE('',#653,#582,#335,.T.);
#842=EDGE_CURVE('',#653,#578,#336,.T.);
#843=EDGE_CURVE('',#654,#610,#337,.T.);
#844=EDGE_CURVE('',#654,#653,#543,.T.);
#845=EDGE_CURVE('',#655,#654,#338,.T.);
#846=EDGE_CURVE('',#656,#655,#544,.T.);
#847=EDGE_CURVE('',#603,#656,#339,.T.);
#848=EDGE_CURVE('',#577,#604,#340,.T.);
#849=EDGE_CURVE('',#655,#612,#341,.T.);
#850=EDGE_CURVE('',#648,#650,#342,.T.);
#851=EDGE_CURVE('',#644,#629,#343,.T.);
#852=EDGE_CURVE('',#646,#631,#344,.T.);
#853=EDGE_CURVE('',#642,#638,#345,.T.);
#854=EDGE_CURVE('',#553,#567,#346,.T.);
#855=EDGE_CURVE('',#565,#555,#347,.T.);
#856=EDGE_CURVE('',#557,#563,#348,.T.);
#857=EDGE_CURVE('',#569,#551,#349,.T.);
#858=EDGE_CURVE('',#656,#640,#350,.T.);
#859=ORIENTED_EDGE('',*,*,#657,.F.);
#860=ORIENTED_EDGE('',*,*,#658,.T.);
#861=ORIENTED_EDGE('',*,*,#659,.F.);
#862=ORIENTED_EDGE('',*,*,#658,.F.);
#863=ORIENTED_EDGE('',*,*,#660,.F.);
#864=ORIENTED_EDGE('',*,*,#661,.T.);
#865=ORIENTED_EDGE('',*,*,#662,.F.);
#866=ORIENTED_EDGE('',*,*,#661,.F.);
#867=ORIENTED_EDGE('',*,*,#663,.T.);
#868=ORIENTED_EDGE('',*,*,#664,.T.);
#869=ORIENTED_EDGE('',*,*,#665,.T.);
#870=ORIENTED_EDGE('',*,*,#666,.T.);
#871=ORIENTED_EDGE('',*,*,#667,.T.);
#872=ORIENTED_EDGE('',*,*,#668,.T.);
#873=ORIENTED_EDGE('',*,*,#665,.F.);
#874=ORIENTED_EDGE('',*,*,#669,.T.);
#875=ORIENTED_EDGE('',*,*,#670,.T.);
#876=ORIENTED_EDGE('',*,*,#671,.T.);
#877=ORIENTED_EDGE('',*,*,#667,.F.);
#878=ORIENTED_EDGE('',*,*,#672,.T.);
#879=ORIENTED_EDGE('',*,*,#673,.T.);
#880=ORIENTED_EDGE('',*,*,#674,.T.);
#881=ORIENTED_EDGE('',*,*,#670,.F.);
#882=ORIENTED_EDGE('',*,*,#675,.T.);
#883=ORIENTED_EDGE('',*,*,#676,.F.);
#884=ORIENTED_EDGE('',*,*,#677,.T.);
#885=ORIENTED_EDGE('',*,*,#673,.F.);
#886=ORIENTED_EDGE('',*,*,#678,.T.);
#887=ORIENTED_EDGE('',*,*,#679,.T.);
#888=ORIENTED_EDGE('',*,*,#680,.T.);
#889=ORIENTED_EDGE('',*,*,#681,.T.);
#890=ORIENTED_EDGE('',*,*,#682,.T.);
#891=ORIENTED_EDGE('',*,*,#683,.T.);
#892=ORIENTED_EDGE('',*,*,#684,.T.);
#893=ORIENTED_EDGE('',*,*,#681,.F.);
#894=ORIENTED_EDGE('',*,*,#685,.T.);
#895=ORIENTED_EDGE('',*,*,#686,.T.);
#896=ORIENTED_EDGE('',*,*,#687,.T.);
#897=ORIENTED_EDGE('',*,*,#683,.F.);
#898=ORIENTED_EDGE('',*,*,#688,.T.);
#899=ORIENTED_EDGE('',*,*,#689,.T.);
#900=ORIENTED_EDGE('',*,*,#690,.T.);
#901=ORIENTED_EDGE('',*,*,#686,.F.);
#902=ORIENTED_EDGE('',*,*,#691,.T.);
#903=ORIENTED_EDGE('',*,*,#692,.F.);
#904=ORIENTED_EDGE('',*,*,#693,.T.);
#905=ORIENTED_EDGE('',*,*,#689,.F.);
#906=ORIENTED_EDGE('',*,*,#694,.T.);
#907=ORIENTED_EDGE('',*,*,#695,.F.);
#908=ORIENTED_EDGE('',*,*,#696,.F.);
#909=ORIENTED_EDGE('',*,*,#697,.F.);
#910=ORIENTED_EDGE('',*,*,#698,.T.);
#911=ORIENTED_EDGE('',*,*,#699,.F.);
#912=ORIENTED_EDGE('',*,*,#700,.T.);
#913=ORIENTED_EDGE('',*,*,#696,.T.);
#914=ORIENTED_EDGE('',*,*,#701,.T.);
#915=ORIENTED_EDGE('',*,*,#702,.F.);
#916=ORIENTED_EDGE('',*,*,#703,.F.);
#917=ORIENTED_EDGE('',*,*,#704,.F.);
#918=ORIENTED_EDGE('',*,*,#705,.T.);
#919=ORIENTED_EDGE('',*,*,#706,.T.);
#920=ORIENTED_EDGE('',*,*,#703,.T.);
#921=ORIENTED_EDGE('',*,*,#707,.T.);
#922=ORIENTED_EDGE('',*,*,#695,.T.);
#923=ORIENTED_EDGE('',*,*,#708,.T.);
#924=ORIENTED_EDGE('',*,*,#705,.F.);
#925=ORIENTED_EDGE('',*,*,#709,.T.);
#926=ORIENTED_EDGE('',*,*,#676,.T.);
#927=ORIENTED_EDGE('',*,*,#710,.F.);
#928=ORIENTED_EDGE('',*,*,#711,.F.);
#929=ORIENTED_EDGE('',*,*,#712,.F.);
#930=ORIENTED_EDGE('',*,*,#713,.F.);
#931=ORIENTED_EDGE('',*,*,#714,.F.);
#932=ORIENTED_EDGE('',*,*,#715,.F.);
#933=ORIENTED_EDGE('',*,*,#716,.F.);
#934=ORIENTED_EDGE('',*,*,#717,.T.);
#935=ORIENTED_EDGE('',*,*,#718,.F.);
#936=ORIENTED_EDGE('',*,*,#719,.F.);
#937=ORIENTED_EDGE('',*,*,#720,.F.);
#938=ORIENTED_EDGE('',*,*,#721,.F.);
#939=ORIENTED_EDGE('',*,*,#663,.F.);
#940=ORIENTED_EDGE('',*,*,#722,.F.);
#941=ORIENTED_EDGE('',*,*,#723,.F.);
#942=ORIENTED_EDGE('',*,*,#724,.F.);
#943=ORIENTED_EDGE('',*,*,#725,.F.);
#944=ORIENTED_EDGE('',*,*,#726,.F.);
#945=ORIENTED_EDGE('',*,*,#727,.F.);
#946=ORIENTED_EDGE('',*,*,#728,.F.);
#947=ORIENTED_EDGE('',*,*,#729,.F.);
#948=ORIENTED_EDGE('',*,*,#730,.T.);
#949=ORIENTED_EDGE('',*,*,#731,.F.);
#950=ORIENTED_EDGE('',*,*,#732,.T.);
#951=ORIENTED_EDGE('',*,*,#728,.T.);
#952=ORIENTED_EDGE('',*,*,#733,.T.);
#953=ORIENTED_EDGE('',*,*,#734,.T.);
#954=ORIENTED_EDGE('',*,*,#735,.F.);
#955=ORIENTED_EDGE('',*,*,#736,.F.);
#956=ORIENTED_EDGE('',*,*,#737,.F.);
#957=ORIENTED_EDGE('',*,*,#738,.T.);
#958=ORIENTED_EDGE('',*,*,#739,.T.);
#959=ORIENTED_EDGE('',*,*,#716,.T.);
#960=ORIENTED_EDGE('',*,*,#740,.T.);
#961=ORIENTED_EDGE('',*,*,#741,.T.);
#962=ORIENTED_EDGE('',*,*,#742,.T.);
#963=ORIENTED_EDGE('',*,*,#738,.F.);
#964=ORIENTED_EDGE('',*,*,#743,.T.);
#965=ORIENTED_EDGE('',*,*,#735,.T.);
#966=ORIENTED_EDGE('',*,*,#744,.T.);
#967=ORIENTED_EDGE('',*,*,#741,.F.);
#968=ORIENTED_EDGE('',*,*,#745,.T.);
#969=ORIENTED_EDGE('',*,*,#746,.T.);
#970=ORIENTED_EDGE('',*,*,#747,.F.);
#971=ORIENTED_EDGE('',*,*,#748,.F.);
#972=ORIENTED_EDGE('',*,*,#749,.F.);
#973=ORIENTED_EDGE('',*,*,#692,.T.);
#974=ORIENTED_EDGE('',*,*,#750,.F.);
#975=ORIENTED_EDGE('',*,*,#751,.F.);
#976=ORIENTED_EDGE('',*,*,#750,.T.);
#977=ORIENTED_EDGE('',*,*,#752,.F.);
#978=ORIENTED_EDGE('',*,*,#723,.T.);
#979=ORIENTED_EDGE('',*,*,#753,.T.);
#980=ORIENTED_EDGE('',*,*,#754,.F.);
#981=ORIENTED_EDGE('',*,*,#755,.F.);
#982=ORIENTED_EDGE('',*,*,#756,.F.);
#983=ORIENTED_EDGE('',*,*,#755,.T.);
#984=ORIENTED_EDGE('',*,*,#757,.T.);
#985=ORIENTED_EDGE('',*,*,#724,.T.);
#986=ORIENTED_EDGE('',*,*,#758,.T.);
#987=ORIENTED_EDGE('',*,*,#759,.F.);
#988=ORIENTED_EDGE('',*,*,#760,.F.);
#989=ORIENTED_EDGE('',*,*,#761,.F.);
#990=ORIENTED_EDGE('',*,*,#762,.F.);
#991=ORIENTED_EDGE('',*,*,#763,.F.);
#992=ORIENTED_EDGE('',*,*,#764,.T.);
#993=ORIENTED_EDGE('',*,*,#765,.F.);
#994=ORIENTED_EDGE('',*,*,#766,.T.);
#995=ORIENTED_EDGE('',*,*,#767,.T.);
#996=ORIENTED_EDGE('',*,*,#763,.T.);
#997=ORIENTED_EDGE('',*,*,#768,.T.);
#998=ORIENTED_EDGE('',*,*,#769,.T.);
#999=ORIENTED_EDGE('',*,*,#770,.T.);
#1000=ORIENTED_EDGE('',*,*,#766,.F.);
#1001=ORIENTED_EDGE('',*,*,#771,.T.);
#1002=ORIENTED_EDGE('',*,*,#747,.T.);
#1003=ORIENTED_EDGE('',*,*,#772,.T.);
#1004=ORIENTED_EDGE('',*,*,#769,.F.);
#1005=ORIENTED_EDGE('',*,*,#773,.T.);
#1006=ORIENTED_EDGE('',*,*,#774,.F.);
#1007=ORIENTED_EDGE('',*,*,#775,.F.);
#1008=ORIENTED_EDGE('',*,*,#776,.F.);
#1009=ORIENTED_EDGE('',*,*,#775,.T.);
#1010=ORIENTED_EDGE('',*,*,#777,.T.);
#1011=ORIENTED_EDGE('',*,*,#756,.T.);
#1012=ORIENTED_EDGE('',*,*,#778,.T.);
#1013=ORIENTED_EDGE('',*,*,#751,.T.);
#1014=ORIENTED_EDGE('',*,*,#779,.T.);
#1015=ORIENTED_EDGE('',*,*,#776,.T.);
#1016=ORIENTED_EDGE('',*,*,#780,.T.);
#1017=ORIENTED_EDGE('',*,*,#781,.F.);
#1018=ORIENTED_EDGE('',*,*,#782,.F.);
#1019=ORIENTED_EDGE('',*,*,#783,.F.);
#1020=ORIENTED_EDGE('',*,*,#784,.T.);
#1021=ORIENTED_EDGE('',*,*,#785,.T.);
#1022=ORIENTED_EDGE('',*,*,#782,.T.);
#1023=ORIENTED_EDGE('',*,*,#786,.T.);
#1024=ORIENTED_EDGE('',*,*,#774,.T.);
#1025=ORIENTED_EDGE('',*,*,#787,.T.);
#1026=ORIENTED_EDGE('',*,*,#784,.F.);
#1027=ORIENTED_EDGE('',*,*,#788,.T.);
#1028=ORIENTED_EDGE('',*,*,#783,.T.);
#1029=ORIENTED_EDGE('',*,*,#789,.T.);
#1030=ORIENTED_EDGE('',*,*,#760,.T.);
#1031=ORIENTED_EDGE('',*,*,#790,.T.);
#1032=ORIENTED_EDGE('',*,*,#765,.T.);
#1033=ORIENTED_EDGE('',*,*,#791,.T.);
#1034=ORIENTED_EDGE('',*,*,#781,.T.);
#1035=ORIENTED_EDGE('',*,*,#792,.T.);
#1036=ORIENTED_EDGE('',*,*,#736,.T.);
#1037=ORIENTED_EDGE('',*,*,#793,.T.);
#1038=ORIENTED_EDGE('',*,*,#762,.T.);
#1039=ORIENTED_EDGE('',*,*,#794,.T.);
#1040=ORIENTED_EDGE('',*,*,#795,.T.);
#1041=ORIENTED_EDGE('',*,*,#796,.T.);
#1042=ORIENTED_EDGE('',*,*,#729,.T.);
#1043=ORIENTED_EDGE('',*,*,#797,.T.);
#1044=ORIENTED_EDGE('',*,*,#761,.T.);
#1045=ORIENTED_EDGE('',*,*,#798,.T.);
#1046=ORIENTED_EDGE('',*,*,#795,.F.);
#1047=ORIENTED_EDGE('',*,*,#799,.T.);
#1048=ORIENTED_EDGE('',*,*,#759,.T.);
#1049=ORIENTED_EDGE('',*,*,#800,.T.);
#1050=ORIENTED_EDGE('',*,*,#737,.T.);
#1051=ORIENTED_EDGE('',*,*,#801,.T.);
#1052=ORIENTED_EDGE('',*,*,#802,.T.);
#1053=ORIENTED_EDGE('',*,*,#803,.T.);
#1054=ORIENTED_EDGE('',*,*,#754,.T.);
#1055=ORIENTED_EDGE('',*,*,#804,.T.);
#1056=ORIENTED_EDGE('',*,*,#805,.T.);
#1057=ORIENTED_EDGE('',*,*,#806,.T.);
#1058=ORIENTED_EDGE('',*,*,#802,.F.);
#1059=ORIENTED_EDGE('',*,*,#807,.T.);
#1060=ORIENTED_EDGE('',*,*,#808,.T.);
#1061=ORIENTED_EDGE('',*,*,#809,.T.);
#1062=ORIENTED_EDGE('',*,*,#805,.F.);
#1063=ORIENTED_EDGE('',*,*,#810,.T.);
#1064=ORIENTED_EDGE('',*,*,#811,.T.);
#1065=ORIENTED_EDGE('',*,*,#812,.T.);
#1066=ORIENTED_EDGE('',*,*,#808,.F.);
#1067=ORIENTED_EDGE('',*,*,#813,.T.);
#1068=ORIENTED_EDGE('',*,*,#725,.T.);
#1069=ORIENTED_EDGE('',*,*,#814,.T.);
#1070=ORIENTED_EDGE('',*,*,#811,.F.);
#1071=ORIENTED_EDGE('',*,*,#815,.T.);
#1072=ORIENTED_EDGE('',*,*,#715,.T.);
#1073=ORIENTED_EDGE('',*,*,#816,.T.);
#1074=ORIENTED_EDGE('',*,*,#748,.T.);
#1075=ORIENTED_EDGE('',*,*,#817,.T.);
#1076=ORIENTED_EDGE('',*,*,#720,.T.);
#1077=ORIENTED_EDGE('',*,*,#818,.T.);
#1078=ORIENTED_EDGE('',*,*,#749,.T.);
#1079=ORIENTED_EDGE('',*,*,#819,.T.);
#1080=ORIENTED_EDGE('',*,*,#727,.T.);
#1081=ORIENTED_EDGE('',*,*,#820,.T.);
#1082=ORIENTED_EDGE('',*,*,#722,.T.);
#1083=ORIENTED_EDGE('',*,*,#821,.T.);
#1084=ORIENTED_EDGE('',*,*,#713,.T.);
#1085=ORIENTED_EDGE('',*,*,#822,.T.);
#1086=ORIENTED_EDGE('',*,*,#726,.T.);
#1087=ORIENTED_EDGE('',*,*,#823,.T.);
#1088=ORIENTED_EDGE('',*,*,#704,.T.);
#1089=ORIENTED_EDGE('',*,*,#824,.T.);
#1090=ORIENTED_EDGE('',*,*,#721,.T.);
#1091=ORIENTED_EDGE('',*,*,#825,.T.);
#1092=ORIENTED_EDGE('',*,*,#826,.T.);
#1093=ORIENTED_EDGE('',*,*,#827,.T.);
#1094=ORIENTED_EDGE('',*,*,#714,.T.);
#1095=ORIENTED_EDGE('',*,*,#828,.T.);
#1096=ORIENTED_EDGE('',*,*,#719,.T.);
#1097=ORIENTED_EDGE('',*,*,#829,.T.);
#1098=ORIENTED_EDGE('',*,*,#826,.F.);
#1099=ORIENTED_EDGE('',*,*,#830,.T.);
#1100=ORIENTED_EDGE('',*,*,#718,.T.);
#1101=ORIENTED_EDGE('',*,*,#831,.T.);
#1102=ORIENTED_EDGE('',*,*,#702,.T.);
#1103=ORIENTED_EDGE('',*,*,#832,.T.);
#1104=ORIENTED_EDGE('',*,*,#679,.F.);
#1105=ORIENTED_EDGE('',*,*,#833,.F.);
#1106=ORIENTED_EDGE('',*,*,#834,.F.);
#1107=ORIENTED_EDGE('',*,*,#712,.T.);
#1108=ORIENTED_EDGE('',*,*,#835,.T.);
#1109=ORIENTED_EDGE('',*,*,#833,.T.);
#1110=ORIENTED_EDGE('',*,*,#836,.T.);
#1111=ORIENTED_EDGE('',*,*,#710,.T.);
#1112=ORIENTED_EDGE('',*,*,#837,.F.);
#1113=ORIENTED_EDGE('',*,*,#834,.T.);
#1114=ORIENTED_EDGE('',*,*,#838,.T.);
#1115=ORIENTED_EDGE('',*,*,#711,.T.);
#1116=ORIENTED_EDGE('',*,*,#839,.T.);
#1117=ORIENTED_EDGE('',*,*,#697,.T.);
#1118=ORIENTED_EDGE('',*,*,#840,.T.);
#1119=ORIENTED_EDGE('',*,*,#701,.F.);
#1120=ORIENTED_EDGE('',*,*,#709,.F.);
#1121=ORIENTED_EDGE('',*,*,#841,.F.);
#1122=ORIENTED_EDGE('',*,*,#842,.T.);
#1123=ORIENTED_EDGE('',*,*,#707,.F.);
#1124=ORIENTED_EDGE('',*,*,#831,.F.);
#1125=ORIENTED_EDGE('',*,*,#717,.F.);
#1126=ORIENTED_EDGE('',*,*,#739,.F.);
#1127=ORIENTED_EDGE('',*,*,#843,.F.);
#1128=ORIENTED_EDGE('',*,*,#844,.T.);
#1129=ORIENTED_EDGE('',*,*,#841,.T.);
#1130=ORIENTED_EDGE('',*,*,#699,.T.);
#1131=ORIENTED_EDGE('',*,*,#842,.F.);
#1132=ORIENTED_EDGE('',*,*,#844,.F.);
#1133=ORIENTED_EDGE('',*,*,#845,.F.);
#1134=ORIENTED_EDGE('',*,*,#846,.F.);
#1135=ORIENTED_EDGE('',*,*,#847,.F.);
#1136=ORIENTED_EDGE('',*,*,#731,.T.);
#1137=ORIENTED_EDGE('',*,*,#848,.F.);
#1138=ORIENTED_EDGE('',*,*,#742,.F.);
#1139=ORIENTED_EDGE('',*,*,#849,.F.);
#1140=ORIENTED_EDGE('',*,*,#845,.T.);
#1141=ORIENTED_EDGE('',*,*,#843,.T.);
#1142=ORIENTED_EDGE('',*,*,#828,.F.);
#1143=ORIENTED_EDGE('',*,*,#823,.F.);
#1144=ORIENTED_EDGE('',*,*,#815,.F.);
#1145=ORIENTED_EDGE('',*,*,#850,.T.);
#1146=ORIENTED_EDGE('',*,*,#810,.F.);
#1147=ORIENTED_EDGE('',*,*,#851,.T.);
#1148=ORIENTED_EDGE('',*,*,#770,.F.);
#1149=ORIENTED_EDGE('',*,*,#852,.F.);
#1150=ORIENTED_EDGE('',*,*,#804,.F.);
#1151=ORIENTED_EDGE('',*,*,#777,.F.);
#1152=ORIENTED_EDGE('',*,*,#788,.F.);
#1153=ORIENTED_EDGE('',*,*,#853,.F.);
#1154=ORIENTED_EDGE('',*,*,#807,.F.);
#1155=ORIENTED_EDGE('',*,*,#853,.T.);
#1156=ORIENTED_EDGE('',*,*,#786,.F.);
#1157=ORIENTED_EDGE('',*,*,#791,.F.);
#1158=ORIENTED_EDGE('',*,*,#764,.F.);
#1159=ORIENTED_EDGE('',*,*,#767,.F.);
#1160=ORIENTED_EDGE('',*,*,#851,.F.);
#1161=ORIENTED_EDGE('',*,*,#758,.F.);
#1162=ORIENTED_EDGE('',*,*,#822,.F.);
#1163=ORIENTED_EDGE('',*,*,#836,.F.);
#1164=ORIENTED_EDGE('',*,*,#682,.F.);
#1165=ORIENTED_EDGE('',*,*,#684,.F.);
#1166=ORIENTED_EDGE('',*,*,#687,.F.);
#1167=ORIENTED_EDGE('',*,*,#690,.F.);
#1168=ORIENTED_EDGE('',*,*,#693,.F.);
#1169=ORIENTED_EDGE('',*,*,#780,.F.);
#1170=ORIENTED_EDGE('',*,*,#778,.F.);
#1171=ORIENTED_EDGE('',*,*,#657,.T.);
#1172=ORIENTED_EDGE('',*,*,#660,.T.);
#1173=ORIENTED_EDGE('',*,*,#757,.F.);
#1174=ORIENTED_EDGE('',*,*,#803,.F.);
#1175=ORIENTED_EDGE('',*,*,#806,.F.);
#1176=ORIENTED_EDGE('',*,*,#809,.F.);
#1177=ORIENTED_EDGE('',*,*,#812,.F.);
#1178=ORIENTED_EDGE('',*,*,#814,.F.);
#1179=ORIENTED_EDGE('',*,*,#768,.F.);
#1180=ORIENTED_EDGE('',*,*,#793,.F.);
#1181=ORIENTED_EDGE('',*,*,#745,.F.);
#1182=ORIENTED_EDGE('',*,*,#743,.F.);
#1183=ORIENTED_EDGE('',*,*,#740,.F.);
#1184=ORIENTED_EDGE('',*,*,#817,.F.);
#1185=ORIENTED_EDGE('',*,*,#773,.F.);
#1186=ORIENTED_EDGE('',*,*,#771,.F.);
#1187=ORIENTED_EDGE('',*,*,#785,.F.);
#1188=ORIENTED_EDGE('',*,*,#787,.F.);
#1189=ORIENTED_EDGE('',*,*,#779,.F.);
#1190=ORIENTED_EDGE('',*,*,#753,.F.);
#1191=ORIENTED_EDGE('',*,*,#820,.F.);
#1192=ORIENTED_EDGE('',*,*,#730,.F.);
#1193=ORIENTED_EDGE('',*,*,#796,.F.);
#1194=ORIENTED_EDGE('',*,*,#798,.F.);
#1195=ORIENTED_EDGE('',*,*,#789,.F.);
#1196=ORIENTED_EDGE('',*,*,#790,.F.);
#1197=ORIENTED_EDGE('',*,*,#801,.F.);
#1198=ORIENTED_EDGE('',*,*,#794,.F.);
#1199=ORIENTED_EDGE('',*,*,#792,.F.);
#1200=ORIENTED_EDGE('',*,*,#816,.F.);
#1201=ORIENTED_EDGE('',*,*,#832,.F.);
#1202=ORIENTED_EDGE('',*,*,#825,.F.);
#1203=ORIENTED_EDGE('',*,*,#819,.F.);
#1204=ORIENTED_EDGE('',*,*,#827,.F.);
#1205=ORIENTED_EDGE('',*,*,#829,.F.);
#1206=ORIENTED_EDGE('',*,*,#824,.F.);
#1207=ORIENTED_EDGE('',*,*,#706,.F.);
#1208=ORIENTED_EDGE('',*,*,#708,.F.);
#1209=ORIENTED_EDGE('',*,*,#698,.F.);
#1210=ORIENTED_EDGE('',*,*,#839,.F.);
#1211=ORIENTED_EDGE('',*,*,#838,.F.);
#1212=ORIENTED_EDGE('',*,*,#835,.F.);
#1213=ORIENTED_EDGE('',*,*,#672,.F.);
#1214=ORIENTED_EDGE('',*,*,#854,.T.);
#1215=ORIENTED_EDGE('',*,*,#688,.F.);
#1216=ORIENTED_EDGE('',*,*,#855,.T.);
#1217=ORIENTED_EDGE('',*,*,#678,.F.);
#1218=ORIENTED_EDGE('',*,*,#856,.T.);
#1219=ORIENTED_EDGE('',*,*,#680,.F.);
#1220=ORIENTED_EDGE('',*,*,#837,.T.);
#1221=ORIENTED_EDGE('',*,*,#675,.F.);
#1222=ORIENTED_EDGE('',*,*,#855,.F.);
#1223=ORIENTED_EDGE('',*,*,#685,.F.);
#1224=ORIENTED_EDGE('',*,*,#856,.F.);
#1225=ORIENTED_EDGE('',*,*,#669,.F.);
#1226=ORIENTED_EDGE('',*,*,#857,.F.);
#1227=ORIENTED_EDGE('',*,*,#691,.F.);
#1228=ORIENTED_EDGE('',*,*,#854,.F.);
#1229=ORIENTED_EDGE('',*,*,#664,.F.);
#1230=ORIENTED_EDGE('',*,*,#752,.T.);
#1231=ORIENTED_EDGE('',*,*,#694,.F.);
#1232=ORIENTED_EDGE('',*,*,#857,.T.);
#1233=ORIENTED_EDGE('',*,*,#700,.F.);
#1234=ORIENTED_EDGE('',*,*,#848,.T.);
#1235=ORIENTED_EDGE('',*,*,#733,.F.);
#1236=ORIENTED_EDGE('',*,*,#821,.F.);
#1237=ORIENTED_EDGE('',*,*,#666,.F.);
#1238=ORIENTED_EDGE('',*,*,#668,.F.);
#1239=ORIENTED_EDGE('',*,*,#671,.F.);
#1240=ORIENTED_EDGE('',*,*,#674,.F.);
#1241=ORIENTED_EDGE('',*,*,#677,.F.);
#1242=ORIENTED_EDGE('',*,*,#840,.F.);
#1243=ORIENTED_EDGE('',*,*,#659,.T.);
#1244=ORIENTED_EDGE('',*,*,#662,.T.);
#1245=ORIENTED_EDGE('',*,*,#799,.F.);
#1246=ORIENTED_EDGE('',*,*,#858,.F.);
#1247=ORIENTED_EDGE('',*,*,#846,.T.);
#1248=ORIENTED_EDGE('',*,*,#849,.T.);
#1249=ORIENTED_EDGE('',*,*,#744,.F.);
#1250=ORIENTED_EDGE('',*,*,#734,.F.);
#1251=ORIENTED_EDGE('',*,*,#800,.F.);
#1252=ORIENTED_EDGE('',*,*,#732,.F.);
#1253=ORIENTED_EDGE('',*,*,#847,.T.);
#1254=ORIENTED_EDGE('',*,*,#858,.T.);
#1255=ORIENTED_EDGE('',*,*,#797,.F.);
#1256=ORIENTED_EDGE('',*,*,#830,.F.);
#1257=ORIENTED_EDGE('',*,*,#850,.F.);
#1258=ORIENTED_EDGE('',*,*,#813,.F.);
#1259=ORIENTED_EDGE('',*,*,#852,.T.);
#1260=ORIENTED_EDGE('',*,*,#772,.F.);
#1261=ORIENTED_EDGE('',*,*,#746,.F.);
#1262=ORIENTED_EDGE('',*,*,#818,.F.);
#1263=CYLINDRICAL_SURFACE('',#1411,1.7);
#1264=CYLINDRICAL_SURFACE('',#1414,1.7);
#1265=CYLINDRICAL_SURFACE('',#1417,0.5);
#1266=CYLINDRICAL_SURFACE('',#1424,0.5);
#1267=CYLINDRICAL_SURFACE('',#1430,0.5);
#1268=CYLINDRICAL_SURFACE('',#1432,0.5);
#1269=CYLINDRICAL_SURFACE('',#1439,0.5);
#1270=CYLINDRICAL_SURFACE('',#1445,0.5);
#1271=CYLINDRICAL_SURFACE('',#1452,0.5);
#1272=CYLINDRICAL_SURFACE('',#1462,0.5);
#1273=CYLINDRICAL_SURFACE('',#1488,0.5);
#1274=CYLINDRICAL_SURFACE('',#1496,0.5);
#1275=CYLINDRICAL_SURFACE('',#1506,0.5);
#1276=CYLINDRICAL_SURFACE('',#1511,0.5);
#1277=CYLINDRICAL_SURFACE('',#1522,0.5);
#1278=CYLINDRICAL_SURFACE('',#1531,0.5);
#1279=CYLINDRICAL_SURFACE('',#1532,0.5);
#1280=CYLINDRICAL_SURFACE('',#1541,0.5);
#1281=CYLINDRICAL_SURFACE('',#1542,0.5);
#1282=CYLINDRICAL_SURFACE('',#1543,0.5);
#1283=CYLINDRICAL_SURFACE('',#1544,0.5);
#1284=CYLINDRICAL_SURFACE('',#1545,0.5);
#1285=CYLINDRICAL_SURFACE('',#1550,0.5);
#1286=CYLINDRICAL_SURFACE('',#1551,0.5);
#1287=CYLINDRICAL_SURFACE('',#1557,0.5);
#1288=CYLINDRICAL_SURFACE('',#1563,0.5);
#1289=CYLINDRICAL_SURFACE('',#1564,0.5);
#1290=CYLINDRICAL_SURFACE('',#1565,0.5);
#1291=CYLINDRICAL_SURFACE('',#1566,0.5);
#1292=CYLINDRICAL_SURFACE('',#1567,0.5);
#1293=CYLINDRICAL_SURFACE('',#1568,0.5);
#1294=CYLINDRICAL_SURFACE('',#1569,0.5);
#1295=CYLINDRICAL_SURFACE('',#1574,0.5);
#1296=CYLINDRICAL_SURFACE('',#1578,0.5);
#1297=CYLINDRICAL_SURFACE('',#1579,0.5);
#1298=CYLINDRICAL_SURFACE('',#1580,0.5);
#1299=CYLINDRICAL_SURFACE('',#1582,8.00000000000993);
#1300=CYLINDRICAL_SURFACE('',#1590,9.8);
#1301=CYLINDRICAL_SURFACE('',#1600,0.7);
#1302=CYLINDRICAL_SURFACE('',#1601,0.7);
#1303=CYLINDRICAL_SURFACE('',#1604,7.99999999999999);
#1304=CYLINDRICAL_SURFACE('',#1606,9.80000000000994);
#1305=ADVANCED_FACE('',(#77),#1263,.F.);
#1306=ADVANCED_FACE('',(#78),#1264,.F.);
#1307=ADVANCED_FACE('',(#79),#1265,.T.);
#1308=ADVANCED_FACE('',(#80),#61,.T.);
#1309=ADVANCED_FACE('',(#81),#1266,.T.);
#1310=ADVANCED_FACE('',(#82),#62,.T.);
#1311=ADVANCED_FACE('',(#83),#1267,.T.);
#1312=ADVANCED_FACE('',(#84),#1268,.T.);
#1313=ADVANCED_FACE('',(#85),#63,.T.);
#1314=ADVANCED_FACE('',(#86),#1269,.T.);
#1315=ADVANCED_FACE('',(#87),#64,.T.);
#1316=ADVANCED_FACE('',(#88),#1270,.T.);
#1317=ADVANCED_FACE('',(#89),#65,.T.);
#1318=ADVANCED_FACE('',(#90),#1271,.F.);
#1319=ADVANCED_FACE('',(#91),#49,.T.);
#1320=ADVANCED_FACE('',(#92),#66,.T.);
#1321=ADVANCED_FACE('',(#93),#1272,.T.);
#1322=ADVANCED_FACE('',(#94),#50,.T.);
#1323=ADVANCED_FACE('',(#95),#51,.T.);
#1324=ADVANCED_FACE('',(#96),#45,.F.);
#1325=ADVANCED_FACE('',(#97),#52,.T.);
#1326=ADVANCED_FACE('',(#98),#53,.T.);
#1327=ADVANCED_FACE('',(#99),#54,.T.);
#1328=ADVANCED_FACE('',(#100),#67,.T.);
#1329=ADVANCED_FACE('',(#101),#1273,.F.);
#1330=ADVANCED_FACE('',(#102),#46,.F.);
#1331=ADVANCED_FACE('',(#103),#68,.T.);
#1332=ADVANCED_FACE('',(#104),#1274,.T.);
#1333=ADVANCED_FACE('',(#105),#69,.T.);
#1334=ADVANCED_FACE('',(#106),#47,.F.);
#1335=ADVANCED_FACE('',(#107),#55,.T.);
#1336=ADVANCED_FACE('',(#108),#1275,.T.);
#1337=ADVANCED_FACE('',(#109),#56,.T.);
#1338=ADVANCED_FACE('',(#110),#1276,.T.);
#1339=ADVANCED_FACE('',(#111),#57,.T.);
#1340=ADVANCED_FACE('',(#112),#48,.F.);
#1341=ADVANCED_FACE('',(#113),#70,.T.);
#1342=ADVANCED_FACE('',(#114),#1277,.T.);
#1343=ADVANCED_FACE('',(#115),#71,.T.);
#1344=ADVANCED_FACE('',(#116),#58,.T.);
#1345=ADVANCED_FACE('',(#117),#1278,.T.);
#1346=ADVANCED_FACE('',(#118),#1279,.T.);
#1347=ADVANCED_FACE('',(#119),#59,.T.);
#1348=ADVANCED_FACE('',(#120),#72,.T.);
#1349=ADVANCED_FACE('',(#121),#1280,.T.);
#1350=ADVANCED_FACE('',(#122),#1281,.T.);
#1351=ADVANCED_FACE('',(#123),#1282,.T.);
#1352=ADVANCED_FACE('',(#124),#1283,.F.);
#1353=ADVANCED_FACE('',(#125),#1284,.T.);
#1354=ADVANCED_FACE('',(#126),#73,.T.);
#1355=ADVANCED_FACE('',(#127),#1285,.T.);
#1356=ADVANCED_FACE('',(#128),#1286,.T.);
#1357=ADVANCED_FACE('',(#129),#74,.T.);
#1358=ADVANCED_FACE('',(#130),#1287,.T.);
#1359=ADVANCED_FACE('',(#131),#75,.T.);
#1360=ADVANCED_FACE('',(#132),#1288,.T.);
#1361=ADVANCED_FACE('',(#133),#1289,.F.);
#1362=ADVANCED_FACE('',(#134),#1290,.T.);
#1363=ADVANCED_FACE('',(#135),#1291,.T.);
#1364=ADVANCED_FACE('',(#136),#1292,.T.);
#1365=ADVANCED_FACE('',(#137),#1293,.T.);
#1366=ADVANCED_FACE('',(#138),#1294,.T.);
#1367=ADVANCED_FACE('',(#139),#76,.T.);
#1368=ADVANCED_FACE('',(#140),#1295,.T.);
#1369=ADVANCED_FACE('',(#141),#60,.T.);
#1370=ADVANCED_FACE('',(#142),#1296,.T.);
#1371=ADVANCED_FACE('',(#143),#1297,.T.);
#1372=ADVANCED_FACE('',(#144),#1298,.T.);
#1373=ADVANCED_FACE('',(#145),#19,.T.);
#1374=ADVANCED_FACE('',(#146),#1299,.F.);
#1375=ADVANCED_FACE('',(#147),#20,.F.);
#1376=ADVANCED_FACE('',(#148),#21,.T.);
#1377=ADVANCED_FACE('',(#149),#22,.T.);
#1378=ADVANCED_FACE('',(#150),#23,.T.);
#1379=ADVANCED_FACE('',(#151),#24,.T.);
#1380=ADVANCED_FACE('',(#152),#1300,.T.);
#1381=ADVANCED_FACE('',(#153,#15,#16),#25,.T.);
#1382=ADVANCED_FACE('',(#154),#26,.T.);
#1383=ADVANCED_FACE('',(#155),#27,.F.);
#1384=ADVANCED_FACE('',(#156),#28,.F.);
#1385=ADVANCED_FACE('',(#157),#29,.F.);
#1386=ADVANCED_FACE('',(#158),#30,.F.);
#1387=ADVANCED_FACE('',(#159),#31,.F.);
#1388=ADVANCED_FACE('',(#160),#32,.T.);
#1389=ADVANCED_FACE('',(#161),#33,.F.);
#1390=ADVANCED_FACE('',(#162),#1301,.F.);
#1391=ADVANCED_FACE('',(#163),#1302,.F.);
#1392=ADVANCED_FACE('',(#164),#34,.F.);
#1393=ADVANCED_FACE('',(#165,#17,#18),#35,.T.);
#1394=ADVANCED_FACE('',(#166),#1303,.F.);
#1395=ADVANCED_FACE('',(#167),#36,.T.);
#1396=ADVANCED_FACE('',(#168),#1304,.T.);
#1397=CLOSED_SHELL('',(#1305,#1306,#1307,#1308,#1309,#1310,#1311,#1312,
#1313,#1314,#1315,#1316,#1317,#1318,#1319,#1320,#1321,#1322,#1323,#1324,
#1325,#1326,#1327,#1328,#1329,#1330,#1331,#1332,#1333,#1334,#1335,#1336,
#1337,#1338,#1339,#1340,#1341,#1342,#1343,#1344,#1345,#1346,#1347,#1348,
#1349,#1350,#1351,#1352,#1353,#1354,#1355,#1356,#1357,#1358,#1359,#1360,
#1361,#1362,#1363,#1364,#1365,#1366,#1367,#1368,#1369,#1370,#1371,#1372,
#1373,#1374,#1375,#1376,#1377,#1378,#1379,#1380,#1381,#1382,#1383,#1384,
#1385,#1386,#1387,#1388,#1389,#1390,#1391,#1392,#1393,#1394,#1395,#1396));
#1398=DERIVED_UNIT_ELEMENT(#1400,1.);
#1399=DERIVED_UNIT_ELEMENT(#2652,-3.);
#1400=(
MASS_UNIT()
NAMED_UNIT(*)
SI_UNIT(.KILO.,.GRAM.)
);
#1401=DERIVED_UNIT((#1398,#1399));
#1402=MEASURE_REPRESENTATION_ITEM('density measure',
POSITIVE_RATIO_MEASURE(7850.),#1401);
#1403=PROPERTY_DEFINITION_REPRESENTATION(#1408,#1405);
#1404=PROPERTY_DEFINITION_REPRESENTATION(#1409,#1406);
#1405=REPRESENTATION('material name',(#1407),#2649);
#1406=REPRESENTATION('density',(#1402),#2649);
#1407=DESCRIPTIVE_REPRESENTATION_ITEM('Steel','Steel');
#1408=PROPERTY_DEFINITION('material property','material name',#2659);
#1409=PROPERTY_DEFINITION('material property','density of part',#2659);
#1410=AXIS2_PLACEMENT_3D('',#2087,#1607,#1608);
#1411=AXIS2_PLACEMENT_3D('',#2088,#1609,#1610);
#1412=AXIS2_PLACEMENT_3D('',#2090,#1611,#1612);
#1413=AXIS2_PLACEMENT_3D('',#2093,#1614,#1615);
#1414=AXIS2_PLACEMENT_3D('',#2094,#1616,#1617);
#1415=AXIS2_PLACEMENT_3D('',#2096,#1618,#1619);
#1416=AXIS2_PLACEMENT_3D('',#2099,#1621,#1622);
#1417=AXIS2_PLACEMENT_3D('',#2100,#1623,#1624);
#1418=AXIS2_PLACEMENT_3D('',#2103,#1625,#1626);
#1419=AXIS2_PLACEMENT_3D('',#2107,#1628,#1629);
#1420=AXIS2_PLACEMENT_3D('',#2109,#1631,#1632);
#1421=AXIS2_PLACEMENT_3D('',#2112,#1633,#1634);
#1422=AXIS2_PLACEMENT_3D('',#2113,#1635,#1636);
#1423=AXIS2_PLACEMENT_3D('',#2114,#1637,#1638);
#1424=AXIS2_PLACEMENT_3D('',#2115,#1639,#1640);
#1425=AXIS2_PLACEMENT_3D('',#2118,#1641,#1642);
#1426=AXIS2_PLACEMENT_3D('',#2121,#1645,#1646);
#1427=AXIS2_PLACEMENT_3D('',#2124,#1647,#1648);
#1428=AXIS2_PLACEMENT_3D('',#2125,#1649,#1650);
#1429=AXIS2_PLACEMENT_3D('',#2126,#1651,#1652);
#1430=AXIS2_PLACEMENT_3D('',#2127,#1653,#1654);
#1431=AXIS2_PLACEMENT_3D('',#2130,#1655,#1656);
#1432=AXIS2_PLACEMENT_3D('',#2133,#1659,#1660);
#1433=AXIS2_PLACEMENT_3D('',#2136,#1661,#1662);
#1434=AXIS2_PLACEMENT_3D('',#2140,#1664,#1665);
#1435=AXIS2_PLACEMENT_3D('',#2142,#1667,#1668);
#1436=AXIS2_PLACEMENT_3D('',#2145,#1669,#1670);
#1437=AXIS2_PLACEMENT_3D('',#2146,#1671,#1672);
#1438=AXIS2_PLACEMENT_3D('',#2147,#1673,#1674);
#1439=AXIS2_PLACEMENT_3D('',#2148,#1675,#1676);
#1440=AXIS2_PLACEMENT_3D('',#2151,#1677,#1678);
#1441=AXIS2_PLACEMENT_3D('',#2154,#1681,#1682);
#1442=AXIS2_PLACEMENT_3D('',#2157,#1683,#1684);
#1443=AXIS2_PLACEMENT_3D('',#2158,#1685,#1686);
#1444=AXIS2_PLACEMENT_3D('',#2159,#1687,#1688);
#1445=AXIS2_PLACEMENT_3D('',#2160,#1689,#1690);
#1446=AXIS2_PLACEMENT_3D('',#2163,#1691,#1692);
#1447=AXIS2_PLACEMENT_3D('',#2166,#1695,#1696);
#1448=AXIS2_PLACEMENT_3D('',#2169,#1697,#1698);
#1449=AXIS2_PLACEMENT_3D('',#2171,#1699,#1700);
#1450=AXIS2_PLACEMENT_3D('',#2173,#1701,#1702);
#1451=AXIS2_PLACEMENT_3D('',#2174,#1703,#1704);
#1452=AXIS2_PLACEMENT_3D('',#2175,#1705,#1706);
#1453=AXIS2_PLACEMENT_3D('',#2178,#1707,#1708);
#1454=AXIS2_PLACEMENT_3D('',#2181,#1711,#1712);
#1455=AXIS2_PLACEMENT_3D('',#2184,#1713,#1714);
#1456=AXIS2_PLACEMENT_3D('',#2186,#1715,#1716);
#1457=AXIS2_PLACEMENT_3D('',#2187,#1717,#1718);
#1458=AXIS2_PLACEMENT_3D('',#2188,#1719,#1720);
#1459=AXIS2_PLACEMENT_3D('',#2191,#1721,#1722);
#1460=AXIS2_PLACEMENT_3D('',#2192,#1723,#1724);
#1461=AXIS2_PLACEMENT_3D('',#2193,#1725,#1726);
#1462=AXIS2_PLACEMENT_3D('',#2194,#1727,#1728);
#1463=AXIS2_PLACEMENT_3D('',#2197,#1731,#1732);
#1464=AXIS2_PLACEMENT_3D('',#2199,#1733,#1734);
#1465=AXIS2_PLACEMENT_3D('',#2200,#1735,#1736);
#1466=AXIS2_PLACEMENT_3D('',#2201,#1737,#1738);
#1467=AXIS2_PLACEMENT_3D('',#2204,#1739,#1740);
#1468=AXIS2_PLACEMENT_3D('',#2206,#1741,#1742);
#1469=AXIS2_PLACEMENT_3D('',#2207,#1743,#1744);
#1470=AXIS2_PLACEMENT_3D('',#2241,#1745,#1746);
#1471=AXIS2_PLACEMENT_3D('',#2248,#1747,#1748);
#1472=AXIS2_PLACEMENT_3D('',#2249,#1749,#1750);
#1473=AXIS2_PLACEMENT_3D('',#2252,#1751,#1752);
#1474=AXIS2_PLACEMENT_3D('',#2254,#1753,#1754);
#1475=AXIS2_PLACEMENT_3D('',#2255,#1755,#1756);
#1476=AXIS2_PLACEMENT_3D('',#2256,#1757,#1758);
#1477=AXIS2_PLACEMENT_3D('',#2258,#1759,#1760);
#1478=AXIS2_PLACEMENT_3D('',#2259,#1761,#1762);
#1479=AXIS2_PLACEMENT_3D('',#2260,#1763,#1764);
#1480=AXIS2_PLACEMENT_3D('',#2263,#1765,#1766);
#1481=AXIS2_PLACEMENT_3D('',#2265,#1767,#1768);
#1482=AXIS2_PLACEMENT_3D('',#2266,#1769,#1770);
#1483=AXIS2_PLACEMENT_3D('',#2267,#1771,#1772);
#1484=AXIS2_PLACEMENT_3D('',#2270,#1773,#1774);
#1485=AXIS2_PLACEMENT_3D('',#2272,#1775,#1776);
#1486=AXIS2_PLACEMENT_3D('',#2274,#1777,#1778);
#1487=AXIS2_PLACEMENT_3D('',#2275,#1779,#1780);
#1488=AXIS2_PLACEMENT_3D('',#2276,#1781,#1782);
#1489=AXIS2_PLACEMENT_3D('',#2279,#1783,#1784);
#1490=AXIS2_PLACEMENT_3D('',#2321,#1787,#1788);
#1491=AXIS2_PLACEMENT_3D('',#2329,#1789,#1790);
#1492=AXIS2_PLACEMENT_3D('',#2330,#1791,#1792);
#1493=AXIS2_PLACEMENT_3D('',#2333,#1793,#1794);
#1494=AXIS2_PLACEMENT_3D('',#2334,#1795,#1796);
#1495=AXIS2_PLACEMENT_3D('',#2335,#1797,#1798);
#1496=AXIS2_PLACEMENT_3D('',#2336,#1799,#1800);
#1497=AXIS2_PLACEMENT_3D('',#2339,#1801,#1802);
#1498=AXIS2_PLACEMENT_3D('',#2342,#1805,#1806);
#1499=AXIS2_PLACEMENT_3D('',#2343,#1807,#1808);
#1500=AXIS2_PLACEMENT_3D('',#2344,#1809,#1810);
#1501=AXIS2_PLACEMENT_3D('',#2383,#1811,#1812);
#1502=AXIS2_PLACEMENT_3D('',#2390,#1813,#1814);
#1503=AXIS2_PLACEMENT_3D('',#2391,#1815,#1816);
#1504=AXIS2_PLACEMENT_3D('',#2393,#1817,#1818);
#1505=AXIS2_PLACEMENT_3D('',#2394,#1819,#1820);
#1506=AXIS2_PLACEMENT_3D('',#2395,#1821,#1822);
#1507=AXIS2_PLACEMENT_3D('',#2398,#1825,#1826);
#1508=AXIS2_PLACEMENT_3D('',#2401,#1827,#1828);
#1509=AXIS2_PLACEMENT_3D('',#2403,#1829,#1830);
#1510=AXIS2_PLACEMENT_3D('',#2404,#1831,#1832);
#1511=AXIS2_PLACEMENT_3D('',#2405,#1833,#1834);
#1512=AXIS2_PLACEMENT_3D('',#2408,#1837,#1838);
#1513=AXIS2_PLACEMENT_3D('',#2411,#1839,#1840);
#1514=AXIS2_PLACEMENT_3D('',#2413,#1841,#1842);
#1515=AXIS2_PLACEMENT_3D('',#2414,#1843,#1844);
#1516=AXIS2_PLACEMENT_3D('',#2460,#1845,#1846);
#1517=AXIS2_PLACEMENT_3D('',#2468,#1847,#1848);
#1518=AXIS2_PLACEMENT_3D('',#2469,#1849,#1850);
#1519=AXIS2_PLACEMENT_3D('',#2472,#1851,#1852);
#1520=AXIS2_PLACEMENT_3D('',#2473,#1853,#1854);
#1521=AXIS2_PLACEMENT_3D('',#2474,#1855,#1856);
#1522=AXIS2_PLACEMENT_3D('',#2475,#1857,#1858);
#1523=AXIS2_PLACEMENT_3D('',#2478,#1859,#1860);
#1524=AXIS2_PLACEMENT_3D('',#2481,#1863,#1864);
#1525=AXIS2_PLACEMENT_3D('',#2482,#1865,#1866);
#1526=AXIS2_PLACEMENT_3D('',#2483,#1867,#1868);
#1527=AXIS2_PLACEMENT_3D('',#2484,#1869,#1870);
#1528=AXIS2_PLACEMENT_3D('',#2487,#1871,#1872);
#1529=AXIS2_PLACEMENT_3D('',#2489,#1873,#1874);
#1530=AXIS2_PLACEMENT_3D('',#2490,#1875,#1876);
#1531=AXIS2_PLACEMENT_3D('',#2491,#1877,#1878);
#1532=AXIS2_PLACEMENT_3D('',#2494,#1881,#1882);
#1533=AXIS2_PLACEMENT_3D('',#2497,#1885,#1886);
#1534=AXIS2_PLACEMENT_3D('',#2500,#1887,#1888);
#1535=AXIS2_PLACEMENT_3D('',#2502,#1889,#1890);
#1536=AXIS2_PLACEMENT_3D('',#2503,#1891,#1892);
#1537=AXIS2_PLACEMENT_3D('',#2504,#1893,#1894);
#1538=AXIS2_PLACEMENT_3D('',#2507,#1895,#1896);
#1539=AXIS2_PLACEMENT_3D('',#2508,#1897,#1898);
#1540=AXIS2_PLACEMENT_3D('',#2509,#1899,#1900);
#1541=AXIS2_PLACEMENT_3D('',#2510,#1901,#1902);
#1542=AXIS2_PLACEMENT_3D('',#2513,#1905,#1906);
#1543=AXIS2_PLACEMENT_3D('',#2516,#1909,#1910);
#1544=AXIS2_PLACEMENT_3D('',#2519,#1913,#1914);
#1545=AXIS2_PLACEMENT_3D('',#2522,#1917,#1918);
#1546=AXIS2_PLACEMENT_3D('',#2525,#1919,#1920);
#1547=AXIS2_PLACEMENT_3D('',#2528,#1923,#1924);
#1548=AXIS2_PLACEMENT_3D('',#2529,#1925,#1926);
#1549=AXIS2_PLACEMENT_3D('',#2530,#1927,#1928);
#1550=AXIS2_PLACEMENT_3D('',#2531,#1929,#1930);
#1551=AXIS2_PLACEMENT_3D('',#2534,#1933,#1934);
#1552=AXIS2_PLACEMENT_3D('',#2537,#1935,#1936);
#1553=AXIS2_PLACEMENT_3D('',#2540,#1939,#1940);
#1554=AXIS2_PLACEMENT_3D('',#2543,#1941,#1942);
#1555=AXIS2_PLACEMENT_3D('',#2544,#1943,#1944);
#1556=AXIS2_PLACEMENT_3D('',#2545,#1945,#1946);
#1557=AXIS2_PLACEMENT_3D('',#2546,#1947,#1948);
#1558=AXIS2_PLACEMENT_3D('',#2549,#1949,#1950);
#1559=AXIS2_PLACEMENT_3D('',#2552,#1953,#1954);
#1560=AXIS2_PLACEMENT_3D('',#2555,#1955,#1956);
#1561=AXIS2_PLACEMENT_3D('',#2556,#1957,#1958);
#1562=AXIS2_PLACEMENT_3D('',#2557,#1959,#1960);
#1563=AXIS2_PLACEMENT_3D('',#2558,#1961,#1962);
#1564=AXIS2_PLACEMENT_3D('',#2561,#1965,#1966);
#1565=AXIS2_PLACEMENT_3D('',#2564,#1969,#1970);
#1566=AXIS2_PLACEMENT_3D('',#2567,#1973,#1974);
#1567=AXIS2_PLACEMENT_3D('',#2570,#1977,#1978);
#1568=AXIS2_PLACEMENT_3D('',#2573,#1981,#1982);
#1569=AXIS2_PLACEMENT_3D('',#2576,#1985,#1986);
#1570=AXIS2_PLACEMENT_3D('',#2579,#1987,#1988);
#1571=AXIS2_PLACEMENT_3D('',#2582,#1991,#1992);
#1572=AXIS2_PLACEMENT_3D('',#2583,#1993,#1994);
#1573=AXIS2_PLACEMENT_3D('',#2584,#1995,#1996);
#1574=AXIS2_PLACEMENT_3D('',#2585,#1997,#1998);
#1575=AXIS2_PLACEMENT_3D('',#2588,#2001,#2002);
#1576=AXIS2_PLACEMENT_3D('',#2590,#2003,#2004);
#1577=AXIS2_PLACEMENT_3D('',#2591,#2005,#2006);
#1578=AXIS2_PLACEMENT_3D('',#2592,#2007,#2008);
#1579=AXIS2_PLACEMENT_3D('',#2595,#2011,#2012);
#1580=AXIS2_PLACEMENT_3D('',#2598,#2015,#2016);
#1581=AXIS2_PLACEMENT_3D('',#2601,#2019,#2020);
#1582=AXIS2_PLACEMENT_3D('',#2605,#2023,#2024);
#1583=AXIS2_PLACEMENT_3D('',#2608,#2026,#2027);
#1584=AXIS2_PLACEMENT_3D('',#2609,#2028,#2029);
#1585=AXIS2_PLACEMENT_3D('',#2613,#2031,#2032);
#1586=AXIS2_PLACEMENT_3D('',#2616,#2035,#2036);
#1587=AXIS2_PLACEMENT_3D('',#2618,#2038,#2039);
#1588=AXIS2_PLACEMENT_3D('',#2620,#2041,#2042);
#1589=AXIS2_PLACEMENT_3D('',#2623,#2045,#2046);
#1590=AXIS2_PLACEMENT_3D('',#2625,#2048,#2049);
#1591=AXIS2_PLACEMENT_3D('',#2626,#2050,#2051);
#1592=AXIS2_PLACEMENT_3D('',#2627,#2052,#2053);
#1593=AXIS2_PLACEMENT_3D('',#2628,#2054,#2055);
#1594=AXIS2_PLACEMENT_3D('',#2629,#2056,#2057);
#1595=AXIS2_PLACEMENT_3D('',#2630,#2058,#2059);
#1596=AXIS2_PLACEMENT_3D('',#2631,#2060,#2061);
#1597=AXIS2_PLACEMENT_3D('',#2632,#2062,#2063);
#1598=AXIS2_PLACEMENT_3D('',#2633,#2064,#2065);
#1599=AXIS2_PLACEMENT_3D('',#2636,#2068,#2069);
#1600=AXIS2_PLACEMENT_3D('',#2638,#2071,#2072);
#1601=AXIS2_PLACEMENT_3D('',#2639,#2073,#2074);
#1602=AXIS2_PLACEMENT_3D('',#2641,#2076,#2077);
#1603=AXIS2_PLACEMENT_3D('',#2642,#2078,#2079);
#1604=AXIS2_PLACEMENT_3D('',#2643,#2080,#2081);
#1605=AXIS2_PLACEMENT_3D('',#2645,#2083,#2084);
#1606=AXIS2_PLACEMENT_3D('',#2646,#2085,#2086);
#1607=DIRECTION('axis',(0.,0.,1.));
#1608=DIRECTION('refdir',(1.,0.,0.));
#1609=DIRECTION('center_axis',(0.,-1.,0.));
#1610=DIRECTION('ref_axis',(-1.,0.,0.));
#1611=DIRECTION('center_axis',(-2.25005213254647E-14,-1.,0.));
#1612=DIRECTION('ref_axis',(-1.,0.,0.));
#1613=DIRECTION('',(0.,-1.,0.));
#1614=DIRECTION('center_axis',(2.2838875128191E-14,1.,0.));
#1615=DIRECTION('ref_axis',(-1.,0.,0.));
#1616=DIRECTION('center_axis',(0.,-1.,0.));
#1617=DIRECTION('ref_axis',(-1.,0.,0.));
#1618=DIRECTION('center_axis',(-2.25005213254647E-14,-1.,0.));
#1619=DIRECTION('ref_axis',(-1.,0.,0.));
#1620=DIRECTION('',(0.,-1.,0.));
#1621=DIRECTION('center_axis',(2.2838875128191E-14,1.,0.));
#1622=DIRECTION('ref_axis',(-1.,0.,0.));
#1623=DIRECTION('center_axis',(0.,0.,-1.));
#1624=DIRECTION('ref_axis',(-0.707106781186474,-0.707106781186621,0.));
#1625=DIRECTION('center_axis',(3.33066907387547E-15,-7.39557098644689E-29,
-1.));
#1626=DIRECTION('ref_axis',(-2.22044604925028E-14,-1.,0.));
#1627=DIRECTION('',(0.,0.,-1.));
#1628=DIRECTION('center_axis',(-2.22044604925032E-15,4.93038065763126E-29,
1.));
#1629=DIRECTION('ref_axis',(-1.,-2.1316282072803E-13,-2.22044604925032E-15));
#1630=DIRECTION('',(0.,0.,1.));
#1631=DIRECTION('center_axis',(2.2838875128191E-14,1.,0.));
#1632=DIRECTION('ref_axis',(0.,0.,1.));
#1633=DIRECTION('center_axis',(1.,-2.22044604921392E-14,0.));
#1634=DIRECTION('ref_axis',(0.,0.,1.));
#1635=DIRECTION('center_axis',(-2.2838875128191E-14,-1.,0.));
#1636=DIRECTION('ref_axis',(0.707106781186632,-1.61495234778186E-14,-0.707106781186463));
#1637=DIRECTION('center_axis',(2.2838875128191E-14,1.,0.));
#1638=DIRECTION('ref_axis',(0.707106781186632,-1.61577100905249E-14,-0.707106781186463));
#1639=DIRECTION('center_axis',(-1.,2.2838875128191E-14,0.));
#1640=DIRECTION('ref_axis',(-1.25607396694701E-14,-0.707106781186553,0.707106781186542));
#1641=DIRECTION('center_axis',(1.,-2.22044604925028E-14,0.));
#1642=DIRECTION('ref_axis',(0.,0.,1.));
#1643=DIRECTION('',(1.,-2.2838875128191E-14,0.));
#1644=DIRECTION('',(-1.,2.2838875128191E-14,0.));
#1645=DIRECTION('center_axis',(2.2838875128191E-14,1.,0.));
#1646=DIRECTION('ref_axis',(0.,0.,1.));
#1647=DIRECTION('center_axis',(0.,0.,-1.));
#1648=DIRECTION('ref_axis',(1.,-3.5527136788005E-14,0.));
#1649=DIRECTION('center_axis',(-2.2838875128191E-14,-1.,0.));
#1650=DIRECTION('ref_axis',(-0.707106781186539,1.61495234778164E-14,-0.707106781186556));
#1651=DIRECTION('center_axis',(2.2838875128191E-14,1.,0.));
#1652=DIRECTION('ref_axis',(-0.707106781186539,1.6157710090527E-14,-0.707106781186556));
#1653=DIRECTION('center_axis',(0.,0.,1.));
#1654=DIRECTION('ref_axis',(0.707106781186535,-0.70710678118656,0.));
#1655=DIRECTION('center_axis',(3.46944695195361E-15,-7.70371977754116E-29,
1.));
#1656=DIRECTION('ref_axis',(0.707106781186183,-0.707106781186912,-2.3551386880245E-15));
#1657=DIRECTION('',(0.,0.,-1.));
#1658=DIRECTION('',(0.,0.,1.));
#1659=DIRECTION('center_axis',(0.,0.,-1.));
#1660=DIRECTION('ref_axis',(0.707106781186551,0.707106781186544,0.));
#1661=DIRECTION('center_axis',(-3.33066907387547E-15,7.39557098644689E-29,
-1.));
#1662=DIRECTION('ref_axis',(2.22044604925028E-14,1.,0.));
#1663=DIRECTION('',(0.,0.,-1.));
#1664=DIRECTION('center_axis',(2.22044604925032E-15,-4.93038065763126E-29,
1.));
#1665=DIRECTION('ref_axis',(1.,0.,-2.22044604925032E-15));
#1666=DIRECTION('',(0.,0.,1.));
#1667=DIRECTION('center_axis',(-2.25005213254647E-14,-1.,0.));
#1668=DIRECTION('ref_axis',(0.,0.,-1.));
#1669=DIRECTION('center_axis',(-1.,2.22044604924673E-14,-2.22044604925031E-15));
#1670=DIRECTION('ref_axis',(-2.22044604925031E-15,0.,1.));
#1671=DIRECTION('center_axis',(2.25005213254647E-14,1.,0.));
#1672=DIRECTION('ref_axis',(-0.707106781186555,1.59102712094688E-14,-0.70710678118654));
#1673=DIRECTION('center_axis',(-2.25005213254647E-14,-1.,0.));
#1674=DIRECTION('ref_axis',(-0.707106781186555,1.59594559789864E-14,-0.70710678118654));
#1675=DIRECTION('center_axis',(1.,-2.25005213254647E-14,0.));
#1676=DIRECTION('ref_axis',(1.25607396694701E-14,0.707106781186553,0.707106781186542));
#1677=DIRECTION('center_axis',(-1.,2.22044604925028E-14,0.));
#1678=DIRECTION('ref_axis',(0.,0.,1.));
#1679=DIRECTION('',(-1.,2.25005213254647E-14,0.));
#1680=DIRECTION('',(1.,-2.25005213254647E-14,0.));
#1681=DIRECTION('center_axis',(-2.25005213254647E-14,-1.,0.));
#1682=DIRECTION('ref_axis',(0.,0.,-1.));
#1683=DIRECTION('center_axis',(0.,0.,-1.));
#1684=DIRECTION('ref_axis',(-1.,3.55271367880051E-14,0.));
#1685=DIRECTION('center_axis',(2.25005213254647E-14,1.,0.));
#1686=DIRECTION('ref_axis',(0.707106781186463,-1.59102712094667E-14,-0.707106781186632));
#1687=DIRECTION('center_axis',(-2.25005213254647E-14,-1.,0.));
#1688=DIRECTION('ref_axis',(0.707106781186463,-1.59594559789886E-14,-0.707106781186632));
#1689=DIRECTION('center_axis',(0.,0.,1.));
#1690=DIRECTION('ref_axis',(-0.707106781186612,0.707106781186483,0.));
#1691=DIRECTION('center_axis',(-3.46944695195362E-15,7.70371977746291E-29,
1.));
#1692=DIRECTION('ref_axis',(-0.707106781182589,0.707106781190506,-2.35513868801254E-15));
#1693=DIRECTION('',(0.,0.,-1.));
#1694=DIRECTION('',(0.,0.,1.));
#1695=DIRECTION('center_axis',(0.,0.,-1.));
#1696=DIRECTION('ref_axis',(-1.,0.,0.));
#1697=DIRECTION('center_axis',(0.,-1.,0.));
#1698=DIRECTION('ref_axis',(1.,0.,0.));
#1699=DIRECTION('center_axis',(0.,0.,-1.));
#1700=DIRECTION('ref_axis',(2.66453525910034E-14,1.,0.));
#1701=DIRECTION('center_axis',(1.,-2.66453525910034E-14,0.));
#1702=DIRECTION('ref_axis',(0.,0.,1.));
#1703=DIRECTION('center_axis',(0.,0.,1.));
#1704=DIRECTION('ref_axis',(-0.707106781186535,0.70710678118656,0.));
#1705=DIRECTION('center_axis',(0.,0.,1.));
#1706=DIRECTION('ref_axis',(-0.707106781186535,0.70710678118656,0.));
#1707=DIRECTION('center_axis',(0.,0.,1.));
#1708=DIRECTION('ref_axis',(-0.707106781186535,0.70710678118656,0.));
#1709=DIRECTION('',(0.,0.,1.));
#1710=DIRECTION('',(0.,0.,-1.));
#1711=DIRECTION('center_axis',(0.429668932912322,0.27735003235965,-0.859337865824664));
#1712=DIRECTION('ref_axis',(0.721988273917383,0.466041307145503,0.511408283429111));
#1713=DIRECTION('center_axis',(0.,0.,1.));
#1714=DIRECTION('ref_axis',(0.411764919168462,0.911290102734683,0.));
#1715=DIRECTION('center_axis',(0.911290102734686,-0.411764919168456,0.));
#1716=DIRECTION('ref_axis',(0.,0.,1.));
#1717=DIRECTION('center_axis',(0.,1.,1.77635683940025E-14));
#1718=DIRECTION('ref_axis',(1.,0.,0.));
#1719=DIRECTION('center_axis',(0.,0.,-1.));
#1720=DIRECTION('ref_axis',(-1.,0.,0.));
#1721=DIRECTION('center_axis',(0.,-1.,0.));
#1722=DIRECTION('ref_axis',(1.,0.,0.));
#1723=DIRECTION('center_axis',(0.,0.,1.));
#1724=DIRECTION('ref_axis',(-0.829156265916302,-0.559016893028944,0.));
#1725=DIRECTION('center_axis',(0.,0.,-1.));
#1726=DIRECTION('ref_axis',(-0.829156265916302,-0.559016893028944,0.));
#1727=DIRECTION('center_axis',(-3.63015702874798E-15,1.,0.));
#1728=DIRECTION('ref_axis',(0.707106781186548,0.,0.707106781186548));
#1729=DIRECTION('',(3.63015702874798E-15,-1.,0.));
#1730=DIRECTION('',(-3.63015702874798E-15,1.,0.));
#1731=DIRECTION('center_axis',(-0.408248290463589,-0.816496580927995,-0.4082482904636));
#1732=DIRECTION('ref_axis',(0.577350269189804,-0.577350269189253,0.57735026918982));
#1733=DIRECTION('center_axis',(9.94759830064141E-13,-1.,0.));
#1734=DIRECTION('ref_axis',(0.,0.,1.));
#1735=DIRECTION('center_axis',(1.,-2.22044604925028E-14,0.));
#1736=DIRECTION('ref_axis',(-2.22044604925028E-14,-1.,0.));
#1737=DIRECTION('center_axis',(-0.408248290463842,-0.816496580927741,0.408248290463853));
#1738=DIRECTION('ref_axis',(-0.57735026918963,0.577350269189601,0.577350269189646));
#1739=DIRECTION('center_axis',(-1.,2.66453525910034E-14,0.));
#1740=DIRECTION('ref_axis',(2.66453525910034E-14,1.,0.));
#1741=DIRECTION('center_axis',(0.,0.,1.));
#1742=DIRECTION('ref_axis',(-1.,0.,0.));
#1743=DIRECTION('center_axis',(3.55271367880051E-14,1.,0.));
#1744=DIRECTION('ref_axis',(0.,0.,1.));
#1745=DIRECTION('center_axis',(0.955769158440488,-0.29411786034507,8.48893540741799E-15));
#1746=DIRECTION('ref_axis',(0.29411786034507,0.955769158440488,0.));
#1747=DIRECTION('center_axis',(0.,0.,1.));
#1748=DIRECTION('ref_axis',(1.,0.,0.));
#1749=DIRECTION('center_axis',(-0.32704425318147,-0.786160321887437,-0.52439870780811));
#1750=DIRECTION('ref_axis',(0.416019107683581,-0.618022611471332,0.667065329448557));
#1751=DIRECTION('center_axis',(0.926479887632947,-0.376344280960455,2.31428062241684E-14));
#1752=DIRECTION('ref_axis',(-0.376344280960454,-0.926479887632947,0.));
#1753=DIRECTION('center_axis',(0.,0.,1.));
#1754=DIRECTION('ref_axis',(1.,0.,0.));
#1755=DIRECTION('center_axis',(0.,-1.,0.));
#1756=DIRECTION('ref_axis',(0.,0.,1.));
#1757=DIRECTION('center_axis',(-0.816496580927747,0.40824829046389,-0.408248290463795));
#1758=DIRECTION('ref_axis',(-0.577350269189596,-0.577350269189709,0.577350269189572));
#1759=DIRECTION('center_axis',(-1.,3.10862446895039E-14,0.));
#1760=DIRECTION('ref_axis',(0.,0.,1.));
#1761=DIRECTION('center_axis',(2.13162820728028E-13,-1.,-1.66267000167863E-11));
#1762=DIRECTION('ref_axis',(-1.,-2.1316282072803E-13,1.38777878078145E-16));
#1763=DIRECTION('center_axis',(-0.408248290463836,-0.816496580927743,-0.408248290463857));
#1764=DIRECTION('ref_axis',(-0.577350269189626,0.577350269189597,-0.577350269189654));
#1765=DIRECTION('center_axis',(-1.,2.66453525910034E-14,0.));
#1766=DIRECTION('ref_axis',(0.,0.,-1.));
#1767=DIRECTION('center_axis',(0.,1.,-3.55271367880045E-14));
#1768=DIRECTION('ref_axis',(-1.,0.,0.));
#1769=DIRECTION('center_axis',(0.,0.,-1.));
#1770=DIRECTION('ref_axis',(2.66453525910043E-14,1.,0.));
#1771=DIRECTION('center_axis',(0.,0.,-1.));
#1772=DIRECTION('ref_axis',(-1.,0.,0.));
#1773=DIRECTION('center_axis',(-1.,2.66453525910034E-14,0.));
#1774=DIRECTION('ref_axis',(-2.66453525910034E-14,-1.,0.));
#1775=DIRECTION('center_axis',(0.,0.,-1.));
#1776=DIRECTION('ref_axis',(1.,0.,0.));
#1777=DIRECTION('center_axis',(0.,-1.,0.));
#1778=DIRECTION('ref_axis',(0.,0.,1.));
#1779=DIRECTION('center_axis',(0.,0.,1.));
#1780=DIRECTION('ref_axis',(0.707106781186548,0.707106781186548,0.));
#1781=DIRECTION('center_axis',(0.,0.,1.));
#1782=DIRECTION('ref_axis',(0.707106781186523,0.707106781186573,0.));
#1783=DIRECTION('center_axis',(0.,0.,1.));
#1784=DIRECTION('ref_axis',(0.707106781186523,0.707106781186573,0.));
#1785=DIRECTION('',(0.,0.,1.));
#1786=DIRECTION('',(0.,0.,-1.));
#1787=DIRECTION('center_axis',(-0.955769158440534,-0.29411786034492,0.));
#1788=DIRECTION('ref_axis',(0.,0.,1.));
#1789=DIRECTION('center_axis',(0.,0.,1.));
#1790=DIRECTION('ref_axis',(-0.411764919168456,0.911290102734686,0.));
#1791=DIRECTION('center_axis',(0.,0.,1.));
#1792=DIRECTION('ref_axis',(1.,0.,0.));
#1793=DIRECTION('center_axis',(-1.,-4.44089209850064E-15,0.));
#1794=DIRECTION('ref_axis',(0.,0.,1.));
#1795=DIRECTION('center_axis',(0.,0.,-1.));
#1796=DIRECTION('ref_axis',(-0.191017382434133,-0.981586654151335,0.));
#1797=DIRECTION('center_axis',(0.,0.,1.));
#1798=DIRECTION('ref_axis',(-0.191017382434133,-0.981586654151335,0.));
#1799=DIRECTION('center_axis',(1.,2.22044625052643E-16,0.));
#1800=DIRECTION('ref_axis',(0.,0.707106781186552,0.707106781186543));
#1801=DIRECTION('center_axis',(-1.,0.,0.));
#1802=DIRECTION('ref_axis',(0.,0.,1.));
#1803=DIRECTION('',(-1.,-2.22044625052643E-16,0.));
#1804=DIRECTION('',(1.,2.22044625052643E-16,0.));
#1805=DIRECTION('center_axis',(0.,0.,1.));
#1806=DIRECTION('ref_axis',(1.,0.,0.));
#1807=DIRECTION('center_axis',(0.,0.,-1.));
#1808=DIRECTION('ref_axis',(0.191017382434108,-0.98158665415134,0.));
#1809=DIRECTION('center_axis',(0.,0.,1.));
#1810=DIRECTION('ref_axis',(0.191017382434108,-0.98158665415134,0.));
#1811=DIRECTION('center_axis',(0.9631911574894,-0.268817399240135,0.));
#1812=DIRECTION('ref_axis',(0.,0.,1.));
#1813=DIRECTION('center_axis',(0.,0.,1.));
#1814=DIRECTION('ref_axis',(-0.376344280960454,-0.926479887632947,0.));
#1815=DIRECTION('center_axis',(-0.408248290460843,-0.816496580930741,0.408248290460853));
#1816=DIRECTION('ref_axis',(-0.577350269191751,0.577350269185358,0.577350269191768));
#1817=DIRECTION('center_axis',(-1.11199938146456E-11,1.,0.));
#1818=DIRECTION('ref_axis',(0.,0.,1.));
#1819=DIRECTION('center_axis',(-1.,2.22044604925028E-14,0.));
#1820=DIRECTION('ref_axis',(2.22044604925028E-14,1.,0.));
#1821=DIRECTION('center_axis',(-2.14828155264954E-13,1.,0.));
#1822=DIRECTION('ref_axis',(-0.707106781186548,-1.50728876033642E-13,0.707106781186547));
#1823=DIRECTION('',(-2.14828155264954E-13,1.,0.));
#1824=DIRECTION('',(-2.14828155264954E-13,1.,0.));
#1825=DIRECTION('center_axis',(0.408248290463857,-0.816496580927728,-0.408248290463864));
#1826=DIRECTION('ref_axis',(0.577350269189626,0.577350269189619,-0.577350269189633));
#1827=DIRECTION('center_axis',(0.,1.,0.));
#1828=DIRECTION('ref_axis',(0.,0.,-1.));
#1829=DIRECTION('center_axis',(1.,-2.66453525910034E-14,-8.88178419700113E-15));
#1830=DIRECTION('ref_axis',(2.66453525910034E-14,1.,0.));
#1831=DIRECTION('center_axis',(0.,0.,-1.));
#1832=DIRECTION('ref_axis',(1.,0.,0.));
#1833=DIRECTION('center_axis',(1.,-2.25005213254647E-14,0.));
#1834=DIRECTION('ref_axis',(1.256073966947E-14,0.707106781186548,-0.707106781186548));
#1835=DIRECTION('',(-1.,2.25005213254647E-14,0.));
#1836=DIRECTION('',(1.,-2.25005213254647E-14,0.));
#1837=DIRECTION('center_axis',(-0.429668932912328,0.277350032359649,-0.859337865824661));
#1838=DIRECTION('ref_axis',(-0.721988273917385,0.46604130714549,0.511408283429119));
#1839=DIRECTION('center_axis',(0.,0.,1.));
#1840=DIRECTION('ref_axis',(-1.,0.,0.));
#1841=DIRECTION('center_axis',(0.,1.,0.));
#1842=DIRECTION('ref_axis',(0.,0.,1.));
#1843=DIRECTION('center_axis',(-0.911290102734683,-0.411764919168462,0.));
#1844=DIRECTION('ref_axis',(-0.411764919168462,0.911290102734683,0.));
#1845=DIRECTION('center_axis',(-0.96319115748944,-0.268817399239993,-8.55485600128113E-15));
#1846=DIRECTION('ref_axis',(0.268817399239993,-0.96319115748944,0.));
#1847=DIRECTION('center_axis',(0.,0.,1.));
#1848=DIRECTION('ref_axis',(-1.,0.,0.));
#1849=DIRECTION('center_axis',(0.,0.,-1.));
#1850=DIRECTION('ref_axis',(-1.,0.,0.));
#1851=DIRECTION('center_axis',(1.,0.,0.));
#1852=DIRECTION('ref_axis',(0.,0.,1.));
#1853=DIRECTION('center_axis',(0.,0.,1.));
#1854=DIRECTION('ref_axis',(0.154932103498863,-0.987925120292736,0.));
#1855=DIRECTION('center_axis',(0.,0.,-1.));
#1856=DIRECTION('ref_axis',(0.154932103498863,-0.987925120292736,0.));
#1857=DIRECTION('center_axis',(-1.,-2.22044625052643E-16,0.));
#1858=DIRECTION('ref_axis',(0.,-0.70710678118654,0.707106781186555));
#1859=DIRECTION('center_axis',(1.,4.44089209850072E-15,0.));
#1860=DIRECTION('ref_axis',(0.,0.,1.));
#1861=DIRECTION('',(1.,2.22044625052643E-16,0.));
#1862=DIRECTION('',(-1.,-2.22044625052643E-16,0.));
#1863=DIRECTION('center_axis',(0.,0.,-1.));
#1864=DIRECTION('ref_axis',(-1.,0.,0.));
#1865=DIRECTION('center_axis',(0.,0.,1.));
#1866=DIRECTION('ref_axis',(-0.154932103498919,-0.987925120292728,0.));
#1867=DIRECTION('center_axis',(0.,0.,-1.));
#1868=DIRECTION('ref_axis',(-0.154932103498919,-0.987925120292728,0.));
#1869=DIRECTION('center_axis',(-0.816496580927731,0.408248290463855,0.408248290463861));
#1870=DIRECTION('ref_axis',(0.577350269189624,0.577350269189638,0.577350269189616));
#1871=DIRECTION('center_axis',(0.,1.,0.));
#1872=DIRECTION('ref_axis',(1.,0.,0.));
#1873=DIRECTION('center_axis',(0.,0.,1.));
#1874=DIRECTION('ref_axis',(2.66453525910034E-14,1.,0.));
#1875=DIRECTION('center_axis',(1.,-3.55271367880045E-14,0.));
#1876=DIRECTION('ref_axis',(0.,0.,1.));
#1877=DIRECTION('center_axis',(0.,0.,1.));
#1878=DIRECTION('ref_axis',(0.707106781186548,0.707106781186548,0.));
#1879=DIRECTION('',(0.,0.,-1.));
#1880=DIRECTION('',(0.,0.,1.));
#1881=DIRECTION('center_axis',(-1.,2.25005213254647E-14,0.));
#1882=DIRECTION('ref_axis',(1.25607396694701E-14,0.707106781186554,0.707106781186541));
#1883=DIRECTION('',(1.,-2.25005213254647E-14,0.));
#1884=DIRECTION('',(-1.,2.25005213254647E-14,0.));
#1885=DIRECTION('center_axis',(0.327044253181491,-0.786160321887438,-0.524398707808096));
#1886=DIRECTION('ref_axis',(-0.416019107683611,-0.618022611471333,0.667065329448537));
#1887=DIRECTION('center_axis',(0.,0.,1.));
#1888=DIRECTION('ref_axis',(0.376344280960418,-0.926479887632962,0.));
#1889=DIRECTION('center_axis',(-0.926479887632965,-0.37634428096041,0.));
#1890=DIRECTION('ref_axis',(0.,0.,1.));
#1891=DIRECTION('center_axis',(0.,-1.,0.));
#1892=DIRECTION('ref_axis',(-1.,0.,0.));
#1893=DIRECTION('center_axis',(0.,0.,1.));
#1894=DIRECTION('ref_axis',(1.,0.,0.));
#1895=DIRECTION('center_axis',(0.,-1.,0.));
#1896=DIRECTION('ref_axis',(1.,0.,0.));
#1897=DIRECTION('center_axis',(0.,0.,-1.));
#1898=DIRECTION('ref_axis',(0.808122092871072,-0.589015010855988,0.));
#1899=DIRECTION('center_axis',(0.,0.,1.));
#1900=DIRECTION('ref_axis',(0.808122092871072,-0.589015010855988,0.));
#1901=DIRECTION('center_axis',(-1.03276560430248E-15,1.,0.));
#1902=DIRECTION('ref_axis',(0.707106781186548,0.,0.707106781186548));
#1903=DIRECTION('',(1.03276560430248E-15,-1.,0.));
#1904=DIRECTION('',(-1.03276560430248E-15,1.,0.));
#1905=DIRECTION('center_axis',(1.77635683940025E-15,-1.,0.));
#1906=DIRECTION('ref_axis',(-0.707106781186546,0.,0.707106781186549));
#1907=DIRECTION('',(-1.77635683940025E-15,1.,0.));
#1908=DIRECTION('',(1.77635683940025E-15,-1.,0.));
#1909=DIRECTION('center_axis',(3.54987403774073E-30,1.44199006375285E-30,
-1.));
#1910=DIRECTION('ref_axis',(-0.558415490042836,-0.829561414531932,0.));
#1911=DIRECTION('',(0.,0.,1.));
#1912=DIRECTION('',(3.54987403774073E-30,1.44199006375285E-30,-1.));
#1913=DIRECTION('center_axis',(-1.77635683940025E-15,1.,0.));
#1914=DIRECTION('ref_axis',(0.707106781186546,0.,-0.707106781186549));
#1915=DIRECTION('',(1.77635683940025E-15,-1.,0.));
#1916=DIRECTION('',(-1.77635683940025E-15,1.,0.));
#1917=DIRECTION('center_axis',(8.47036640040995E-16,-1.,0.));
#1918=DIRECTION('ref_axis',(-0.707106781186548,0.,0.707106781186548));
#1919=DIRECTION('center_axis',(0.,1.,0.));
#1920=DIRECTION('ref_axis',(-1.,0.,0.));
#1921=DIRECTION('',(-8.47036640040995E-16,1.,0.));
#1922=DIRECTION('',(8.47036640040995E-16,-1.,0.));
#1923=DIRECTION('center_axis',(0.,0.,-1.));
#1924=DIRECTION('ref_axis',(-1.,0.,0.));
#1925=DIRECTION('center_axis',(0.,0.,1.));
#1926=DIRECTION('ref_axis',(0.829156265916289,-0.559016893028965,0.));
#1927=DIRECTION('center_axis',(0.,0.,-1.));
#1928=DIRECTION('ref_axis',(0.829156265916288,-0.559016893028965,0.));
#1929=DIRECTION('center_axis',(0.,0.,1.));
#1930=DIRECTION('ref_axis',(-0.840168113882112,0.542326046226598,0.));
#1931=DIRECTION('',(0.,0.,-1.));
#1932=DIRECTION('',(-3.54987403774073E-30,-6.30584302595013E-45,1.));
#1933=DIRECTION('center_axis',(1.03276560430248E-15,-1.,0.));
#1934=DIRECTION('ref_axis',(0.707106781186541,0.,-0.707106781186554));
#1935=DIRECTION('center_axis',(0.,1.,0.));
#1936=DIRECTION('ref_axis',(1.,0.,0.));
#1937=DIRECTION('',(-1.03276560430248E-15,1.,0.));
#1938=DIRECTION('',(1.03276560430248E-15,-1.,0.));
#1939=DIRECTION('center_axis',(0.,0.,-1.));
#1940=DIRECTION('ref_axis',(-1.,0.,0.));
#1941=DIRECTION('center_axis',(1.,0.,0.));
#1942=DIRECTION('ref_axis',(0.,-1.,0.));
#1943=DIRECTION('center_axis',(0.,0.,1.));
#1944=DIRECTION('ref_axis',(0.707106781186548,-0.707106781186547,0.));
#1945=DIRECTION('center_axis',(0.,0.,-1.));
#1946=DIRECTION('ref_axis',(0.707106781186548,-0.707106781186547,0.));
#1947=DIRECTION('center_axis',(-1.,-2.22044625052643E-16,0.));
#1948=DIRECTION('ref_axis',(0.,-0.707106781186535,-0.70710678118656));
#1949=DIRECTION('center_axis',(1.,0.,0.));
#1950=DIRECTION('ref_axis',(0.,-1.,0.));
#1951=DIRECTION('',(1.,2.22044625052643E-16,0.));
#1952=DIRECTION('',(-1.,-2.22044625052643E-16,0.));
#1953=DIRECTION('center_axis',(0.,0.,-1.));
#1954=DIRECTION('ref_axis',(-1.,0.,0.));
#1955=DIRECTION('center_axis',(1.77635683940024E-14,-1.,0.));
#1956=DIRECTION('ref_axis',(-1.,-1.77635683940024E-14,0.));
#1957=DIRECTION('center_axis',(0.,0.,1.));
#1958=DIRECTION('ref_axis',(-0.707106781186546,-0.707106781186549,0.));
#1959=DIRECTION('center_axis',(0.,0.,-1.));
#1960=DIRECTION('ref_axis',(-0.707106781186546,-0.707106781186549,0.));
#1961=DIRECTION('center_axis',(-3.44255201434235E-15,1.,0.));
#1962=DIRECTION('ref_axis',(-0.707106781186541,0.,-0.707106781186554));
#1963=DIRECTION('',(3.44255201434235E-15,-1.,0.));
#1964=DIRECTION('',(-3.44255201434235E-15,1.,0.));
#1965=DIRECTION('center_axis',(-1.77635683940025E-15,1.,0.));
#1966=DIRECTION('ref_axis',(-0.707106781186546,0.,-0.707106781186549));
#1967=DIRECTION('',(1.77635683940025E-15,-1.,0.));
#1968=DIRECTION('',(-1.77635683940025E-15,1.,0.));
#1969=DIRECTION('center_axis',(0.,0.,1.));
#1970=DIRECTION('ref_axis',(0.558415490042814,-0.829561414531947,0.));
#1971=DIRECTION('',(0.,0.,-1.));
#1972=DIRECTION('',(0.,0.,1.));
#1973=DIRECTION('center_axis',(1.,-2.2838875128191E-14,0.));
#1974=DIRECTION('ref_axis',(-1.88411095042052E-14,-0.707106781186554,0.707106781186541));
#1975=DIRECTION('',(-1.,2.2838875128191E-14,0.));
#1976=DIRECTION('',(1.,-2.2838875128191E-14,0.));
#1977=DIRECTION('center_axis',(0.,0.,1.));
#1978=DIRECTION('ref_axis',(-0.707106781186554,0.707106781186541,0.));
#1979=DIRECTION('',(0.,0.,-1.));
#1980=DIRECTION('',(0.,0.,1.));
#1981=DIRECTION('center_axis',(-1.77635683940025E-15,1.,0.));
#1982=DIRECTION('ref_axis',(0.707106781186546,0.,0.707106781186549));
#1983=DIRECTION('',(1.77635683940025E-15,-1.,0.));
#1984=DIRECTION('',(-1.77635683940025E-15,1.,0.));
#1985=DIRECTION('center_axis',(3.44255201434235E-15,-1.,0.));
#1986=DIRECTION('ref_axis',(-0.707106781186548,0.,0.707106781186548));
#1987=DIRECTION('center_axis',(0.,1.,0.));
#1988=DIRECTION('ref_axis',(-1.,0.,0.));
#1989=DIRECTION('',(-3.44255201434235E-15,1.,0.));
#1990=DIRECTION('',(3.44255201434235E-15,-1.,0.));
#1991=DIRECTION('center_axis',(0.,0.,1.));
#1992=DIRECTION('ref_axis',(1.,0.,0.));
#1993=DIRECTION('center_axis',(0.,0.,-1.));
#1994=DIRECTION('ref_axis',(-0.808122092871104,-0.589015010855943,0.));
#1995=DIRECTION('center_axis',(0.,0.,1.));
#1996=DIRECTION('ref_axis',(-0.808122092871104,-0.589015010855943,0.));
#1997=DIRECTION('center_axis',(0.,0.,-1.));
#1998=DIRECTION('ref_axis',(0.840168113882112,0.542326046226598,0.));
#1999=DIRECTION('',(0.,0.,1.));
#2000=DIRECTION('',(0.,0.,-1.));
#2001=DIRECTION('center_axis',(0.408248290463857,0.40824829046386,-0.816496580927731));
#2002=DIRECTION('ref_axis',(0.577350269189633,0.577350269189626,0.577350269189618));
#2003=DIRECTION('center_axis',(1.,-2.22044604925028E-14,0.));
#2004=DIRECTION('ref_axis',(0.,0.,1.));
#2005=DIRECTION('center_axis',(2.26797510251041E-28,1.,-1.63424829224823E-12));
#2006=DIRECTION('ref_axis',(1.,0.,1.38777878078145E-16));
#2007=DIRECTION('center_axis',(-1.,2.25005213254647E-14,0.));
#2008=DIRECTION('ref_axis',(1.25607396694701E-14,0.707106781186554,0.707106781186541));
#2009=DIRECTION('',(1.,-2.25005213254647E-14,0.));
#2010=DIRECTION('',(-1.,2.25005213254647E-14,0.));
#2011=DIRECTION('center_axis',(-3.05311331771921E-16,-1.,0.));
#2012=DIRECTION('ref_axis',(0.707106781186548,0.,0.707106781186547));
#2013=DIRECTION('',(-3.05311331771921E-16,-1.,0.));
#2014=DIRECTION('',(-3.05311331771921E-16,-1.,0.));
#2015=DIRECTION('center_axis',(1.,-2.2838875128191E-14,0.));
#2016=DIRECTION('ref_axis',(-1.88411095042052E-14,-0.707106781186554,0.707106781186541));
#2017=DIRECTION('',(-1.,2.2838875128191E-14,0.));
#2018=DIRECTION('',(1.,-2.2838875128191E-14,0.));
#2019=DIRECTION('center_axis',(1.,3.63015702874798E-15,0.));
#2020=DIRECTION('ref_axis',(-3.63015702874798E-15,1.,0.));
#2021=DIRECTION('',(0.,0.,1.));
#2022=DIRECTION('',(-3.63015702874798E-15,1.,0.));
#2023=DIRECTION('center_axis',(0.,0.,1.));
#2024=DIRECTION('ref_axis',(2.77555756155945E-16,-1.,0.));
#2025=DIRECTION('',(0.,0.,1.));
#2026=DIRECTION('center_axis',(0.,0.,-1.));
#2027=DIRECTION('ref_axis',(2.77555756155945E-16,-1.,0.));
#2028=DIRECTION('center_axis',(0.,0.,-1.));
#2029=DIRECTION('ref_axis',(1.,0.,0.));
#2030=DIRECTION('',(-1.,-2.22044625052643E-16,0.));
#2031=DIRECTION('center_axis',(0.,0.,-1.));
#2032=DIRECTION('ref_axis',(1.,1.11022302462516E-15,0.));
#2033=DIRECTION('',(8.47036640040995E-16,-1.,0.));
#2034=DIRECTION('',(1.,-2.2838875128191E-14,0.));
#2035=DIRECTION('center_axis',(-2.22044625052643E-16,1.,0.));
#2036=DIRECTION('ref_axis',(-1.,-2.22044625052643E-16,0.));
#2037=DIRECTION('',(0.,0.,1.));
#2038=DIRECTION('center_axis',(-1.,-3.44255201434235E-15,0.));
#2039=DIRECTION('ref_axis',(3.44255201434235E-15,-1.,0.));
#2040=DIRECTION('',(0.,0.,1.));
#2041=DIRECTION('center_axis',(2.22044625052643E-16,-1.,0.));
#2042=DIRECTION('ref_axis',(1.,2.22044625052643E-16,0.));
#2043=DIRECTION('',(0.,0.,1.));
#2044=DIRECTION('',(0.,0.,1.));
#2045=DIRECTION('center_axis',(1.,1.03276560430248E-15,0.));
#2046=DIRECTION('ref_axis',(-1.03276560430248E-15,1.,0.));
#2047=DIRECTION('',(0.,0.,1.));
#2048=DIRECTION('center_axis',(0.,0.,1.));
#2049=DIRECTION('ref_axis',(1.,8.88178419700126E-16,0.));
#2050=DIRECTION('center_axis',(2.25005213254647E-14,1.,0.));
#2051=DIRECTION('ref_axis',(-1.,2.25005213254647E-14,0.));
#2052=DIRECTION('center_axis',(0.,0.,-1.));
#2053=DIRECTION('ref_axis',(1.,0.,0.));
#2054=DIRECTION('center_axis',(0.,0.,-1.));
#2055=DIRECTION('ref_axis',(-1.,-1.99840142419767E-15,0.));
#2056=DIRECTION('center_axis',(0.,0.,-1.));
#2057=DIRECTION('ref_axis',(1.,0.,0.));
#2058=DIRECTION('center_axis',(1.,1.77635683940025E-15,3.54987403774073E-30));
#2059=DIRECTION('ref_axis',(0.,1.99840142419767E-15,-1.));
#2060=DIRECTION('center_axis',(-1.,-1.77635683940025E-15,0.));
#2061=DIRECTION('ref_axis',(0.,0.,1.));
#2062=DIRECTION('center_axis',(0.,0.,-1.));
#2063=DIRECTION('ref_axis',(1.,0.,0.));
#2064=DIRECTION('center_axis',(0.,0.,1.));
#2065=DIRECTION('ref_axis',(-1.,0.,0.));
#2066=DIRECTION('',(-2.14828155264954E-13,1.,0.));
#2067=DIRECTION('',(-3.05311331771921E-16,-1.,0.));
#2068=DIRECTION('center_axis',(-1.,3.05311331771921E-16,0.));
#2069=DIRECTION('ref_axis',(-3.05311331771921E-16,-1.,0.));
#2070=DIRECTION('',(3.05311331771921E-16,1.,0.));
#2071=DIRECTION('center_axis',(-3.05311331771921E-16,-1.,0.));
#2072=DIRECTION('ref_axis',(-0.707106781186548,0.,-0.707106781186547));
#2073=DIRECTION('center_axis',(-2.14828155264954E-13,1.,0.));
#2074=DIRECTION('ref_axis',(0.707106781186548,1.50728876033642E-13,-0.707106781186547));
#2075=DIRECTION('',(2.14828155264954E-13,-1.,0.));
#2076=DIRECTION('center_axis',(1.,2.14828155264954E-13,0.));
#2077=DIRECTION('ref_axis',(-2.14828155264954E-13,1.,0.));
#2078=DIRECTION('center_axis',(-2.2838875128191E-14,-1.,0.));
#2079=DIRECTION('ref_axis',(1.,-2.2838875128191E-14,0.));
#2080=DIRECTION('center_axis',(0.,0.,1.));
#2081=DIRECTION('ref_axis',(1.,1.11022302462516E-15,0.));
#2082=DIRECTION('',(0.,0.,1.));
#2083=DIRECTION('center_axis',(-1.,-8.47036640040995E-16,0.));
#2084=DIRECTION('ref_axis',(8.47036640040995E-16,-1.,0.));
#2085=DIRECTION('center_axis',(0.,0.,1.));
#2086=DIRECTION('ref_axis',(2.22044604924811E-16,-1.,0.));
#2087=CARTESIAN_POINT('',(0.,0.,0.));
#2088=CARTESIAN_POINT('Origin',(4.99999818707013,89.6999991921141,-15.5));
#2089=CARTESIAN_POINT('',(6.69999818707013,89.6999991921141,-15.5));
#2090=CARTESIAN_POINT('Origin',(4.99999818707013,89.6999991921134,-15.5));
#2091=CARTESIAN_POINT('',(6.69999818707013,87.6999991921141,-15.5));
#2092=CARTESIAN_POINT('',(6.69999818707013,89.6999991921141,-15.5));
#2093=CARTESIAN_POINT('Origin',(4.99999818707013,87.6999991921147,-15.5));
#2094=CARTESIAN_POINT('Origin',(-5.00000181292987,89.6999991921141,-15.5));
#2095=CARTESIAN_POINT('',(-3.30000181292987,89.6999991921141,-15.5));
#2096=CARTESIAN_POINT('Origin',(-5.00000181292987,89.6999991921134,-15.5));
#2097=CARTESIAN_POINT('',(-3.30000181292987,87.6999991921141,-15.5));
#2098=CARTESIAN_POINT('',(-3.30000181292987,89.6999991921141,-15.5));
#2099=CARTESIAN_POINT('Origin',(-5.00000181292987,87.6999991921147,-15.5));
#2100=CARTESIAN_POINT('Origin',(7.69999818706867,88.1999991921139,-28.5));
#2101=CARTESIAN_POINT('',(7.69999818706866,87.6999991921139,-0.499999999999998));
#2102=CARTESIAN_POINT('',(7.19999818706867,88.1999991921138,-0.5));
#2103=CARTESIAN_POINT('Origin',(7.69999818706867,88.1999991921139,-0.499999999999998));
#2104=CARTESIAN_POINT('',(7.19999818706867,88.1999991921138,-1.3));
#2105=CARTESIAN_POINT('',(7.19999818706867,88.1999991921138,-28.5));
#2106=CARTESIAN_POINT('',(7.69999818706866,87.6999991921139,-1.3));
#2107=CARTESIAN_POINT('Origin',(7.69999818706867,88.1999991921139,-1.3));
#2108=CARTESIAN_POINT('',(7.69999818706866,87.6999991921139,-28.5));
#2109=CARTESIAN_POINT('Origin',(6.49999818706867,88.1999991921222,-1.3));
#2110=CARTESIAN_POINT('',(6.49999818706867,88.1999991921222,-2.));
#2111=CARTESIAN_POINT('',(6.49999818706866,87.699999192114,-2.5));
#2112=CARTESIAN_POINT('Origin',(6.49999818706867,88.1999991921222,-2.5));
#2113=CARTESIAN_POINT('Origin',(6.49999818706866,87.699999192114,-1.3));
#2114=CARTESIAN_POINT('Origin',(6.49999818706867,88.1999991921222,-1.3));
#2115=CARTESIAN_POINT('Origin',(-14.0000009064611,88.1999991921144,-2.5));
#2116=CARTESIAN_POINT('',(-6.50000181292419,88.1999991921143,-2.));
#2117=CARTESIAN_POINT('',(-6.5000018129242,87.6999991921143,-2.5));
#2118=CARTESIAN_POINT('Origin',(-6.50000181292419,88.1999991921143,-2.5));
#2119=CARTESIAN_POINT('',(-14.0000009064612,87.6999991921144,-2.5));
#2120=CARTESIAN_POINT('',(-14.0000009064611,88.1999991921144,-2.));
#2121=CARTESIAN_POINT('Origin',(-6.50000181292419,88.1999991921148,-1.3));
#2122=CARTESIAN_POINT('',(-7.20000181292419,88.1999991921148,-1.3));
#2123=CARTESIAN_POINT('',(-7.7000018129242,87.6999991921143,-1.3));
#2124=CARTESIAN_POINT('Origin',(-7.70000181292419,88.1999991921148,-1.3));
#2125=CARTESIAN_POINT('Origin',(-6.5000018129242,87.6999991921143,-1.3));
#2126=CARTESIAN_POINT('Origin',(-6.50000181292419,88.1999991921148,-1.3));
#2127=CARTESIAN_POINT('Origin',(-7.70000181292419,88.1999991921143,-28.5));
#2128=CARTESIAN_POINT('',(-7.7000018129242,87.6999991921143,-0.499999999999998));
#2129=CARTESIAN_POINT('',(-7.20000181292419,88.1999991921148,-0.5));
#2130=CARTESIAN_POINT('Origin',(-7.70000181292419,88.1999991921148,-0.499999999999998));
#2131=CARTESIAN_POINT('',(-7.7000018129242,87.6999991921143,-28.5));
#2132=CARTESIAN_POINT('',(-7.20000181292419,88.1999991921143,-28.5));
#2133=CARTESIAN_POINT('Origin',(-7.70000181292419,89.1999991921143,-28.5));
#2134=CARTESIAN_POINT('',(-7.70000181292418,89.6999991921143,-0.499999999999998));
#2135=CARTESIAN_POINT('',(-7.20000181292419,89.1999991921143,-0.5));
#2136=CARTESIAN_POINT('Origin',(-7.70000181292419,89.1999991921143,-0.499999999999998));
#2137=CARTESIAN_POINT('',(-7.20000181292419,89.1999991921143,-1.3));
#2138=CARTESIAN_POINT('',(-7.20000181292419,89.1999991921143,-28.5));
#2139=CARTESIAN_POINT('',(-7.70000181292418,89.6999991921143,-1.3));
#2140=CARTESIAN_POINT('Origin',(-7.70000181292419,89.1999991921143,-1.3));
#2141=CARTESIAN_POINT('',(-7.70000181292418,89.6999991921143,-28.5));
#2142=CARTESIAN_POINT('Origin',(-6.50000181292419,89.1999991921134,-1.3));
#2143=CARTESIAN_POINT('',(-6.50000181292419,89.1999991921134,-2.));
#2144=CARTESIAN_POINT('',(-6.50000181292418,89.6999991921142,-2.5));
#2145=CARTESIAN_POINT('Origin',(-6.50000181292419,89.1999991921134,-2.5));
#2146=CARTESIAN_POINT('Origin',(-6.50000181292418,89.6999991921142,-1.3));
#2147=CARTESIAN_POINT('Origin',(-6.50000181292419,89.1999991921134,-1.3));
#2148=CARTESIAN_POINT('Origin',(14.9999972806099,89.1999991921138,-2.5));
#2149=CARTESIAN_POINT('',(6.49999818706846,89.1999991921139,-2.));
#2150=CARTESIAN_POINT('',(6.49999818706847,89.699999192114,-2.5));
#2151=CARTESIAN_POINT('Origin',(6.49999818706846,89.1999991921139,-2.5));
#2152=CARTESIAN_POINT('',(14.9999972806099,89.6999991921138,-2.5));
#2153=CARTESIAN_POINT('',(14.9999972806099,89.1999991921138,-2.));
#2154=CARTESIAN_POINT('Origin',(6.49999818706846,89.1999991921084,-1.3));
#2155=CARTESIAN_POINT('',(7.19999818706846,89.1999991921084,-1.3));
#2156=CARTESIAN_POINT('',(7.69999818706847,89.6999991921139,-1.3));
#2157=CARTESIAN_POINT('Origin',(7.69999818706846,89.1999991921084,-1.3));
#2158=CARTESIAN_POINT('Origin',(6.49999818706847,89.699999192114,-1.3));
#2159=CARTESIAN_POINT('Origin',(6.49999818706846,89.1999991921084,-1.3));
#2160=CARTESIAN_POINT('Origin',(7.69999818706846,89.1999991921139,-28.5));
#2161=CARTESIAN_POINT('',(7.69999818706847,89.6999991921139,-0.499999999999998));
#2162=CARTESIAN_POINT('',(7.19999818706846,89.1999991921084,-0.5));
#2163=CARTESIAN_POINT('Origin',(7.69999818706846,89.1999991921084,-0.499999999999998));
#2164=CARTESIAN_POINT('',(7.69999818706847,89.6999991921139,-28.5));
#2165=CARTESIAN_POINT('',(7.19999818706846,89.1999991921138,-28.5));
#2166=CARTESIAN_POINT('Origin',(-27.4999999999983,87.1999991921147,-0.499999999999998));
#2167=CARTESIAN_POINT('',(-27.9999999999983,87.1999991921147,-0.499999999999998));
#2168=CARTESIAN_POINT('',(-28.4999999999983,87.1999991921147,0.));
#2169=CARTESIAN_POINT('Origin',(-28.4999999999983,87.1999991921147,-0.499999999999998));
#2170=CARTESIAN_POINT('',(-27.4999999999982,87.6999991921147,-0.499999999999998));
#2171=CARTESIAN_POINT('Origin',(-27.4999999999983,87.1999991921147,-0.499999999999998));
#2172=CARTESIAN_POINT('',(-27.4999999999982,88.1999991921147,0.));
#2173=CARTESIAN_POINT('Origin',(-27.4999999999982,88.1999991921147,-0.499999999999998));
#2174=CARTESIAN_POINT('Origin',(-27.4999999999983,87.1999991921147,0.));
#2175=CARTESIAN_POINT('Origin',(-27.4999999999983,87.1999991921147,-55.));
#2176=CARTESIAN_POINT('',(-27.4999999999982,87.6999991921147,-53.));
#2177=CARTESIAN_POINT('',(-27.9999999999983,87.1999991921147,-53.));
#2178=CARTESIAN_POINT('Origin',(-27.4999999999983,87.1999991921147,-53.));
#2179=CARTESIAN_POINT('',(-27.4999999999982,87.6999991921147,-55.));
#2180=CARTESIAN_POINT('',(-27.9999999999983,87.1999991921147,-55.));
#2181=CARTESIAN_POINT('Origin',(-23.5000018129242,43.2540333188697,-0.499999999999998));
#2182=CARTESIAN_POINT('',(-23.29411935334,43.7096783702371,-0.499999999999998));
#2183=CARTESIAN_POINT('',(-23.0000018129242,43.2540333188697,-0.499999999999998));
#2184=CARTESIAN_POINT('Origin',(-23.5000018129242,43.2540333188697,-0.499999999999998));
#2185=CARTESIAN_POINT('',(-23.5000018129242,43.2540333188697,0.));
#2186=CARTESIAN_POINT('Origin',(-23.5000018129242,43.2540333188697,-0.499999999999998));
#2187=CARTESIAN_POINT('Origin',(-23.5000018129242,43.2540333188697,-0.5));
#2188=CARTESIAN_POINT('Origin',(-19.9999999999882,50.9999991921236,-0.499999999999998));
#2189=CARTESIAN_POINT('',(-27.9999999999981,50.9999991921235,-0.499999999999998));
#2190=CARTESIAN_POINT('',(-28.4999999999981,50.9999991921235,0.));
#2191=CARTESIAN_POINT('Origin',(-28.4999999999981,50.9999991921235,-0.499999999999998));
#2192=CARTESIAN_POINT('Origin',(-19.9999999999882,50.9999991921236,0.));
#2193=CARTESIAN_POINT('Origin',(-19.9999999999882,50.9999991921236,-0.499999999999998));
#2194=CARTESIAN_POINT('Origin',(-28.4999999999981,58.1749991921188,-0.499999999999998));
#2195=CARTESIAN_POINT('',(-28.4999999999981,58.1749991921188,0.));
#2196=CARTESIAN_POINT('',(-27.9999999999982,58.1749991921188,-0.499999999999998));
#2197=CARTESIAN_POINT('Origin',(-7.70000181292419,88.1999991921143,-0.5));
#2198=CARTESIAN_POINT('',(-7.70000181292419,88.1999991921143,0.));
#2199=CARTESIAN_POINT('Origin',(-7.70000181292419,88.1999991921143,-0.5));
#2200=CARTESIAN_POINT('Origin',(-7.70000181292419,88.1999991921143,-0.499999999999998));
#2201=CARTESIAN_POINT('Origin',(-29.2999999999983,89.1999991921148,-0.499999999999998));
#2202=CARTESIAN_POINT('',(-29.2999999999983,89.6999991921148,-0.499999999999998));
#2203=CARTESIAN_POINT('',(-29.2999999999983,89.1999991921148,0.));
#2204=CARTESIAN_POINT('Origin',(-29.2999999999983,89.1999991921148,-0.499999999999998));
#2205=CARTESIAN_POINT('',(-29.7999999999983,89.1999991921148,-0.499999999999998));
#2206=CARTESIAN_POINT('Origin',(-29.2999999999983,89.1999991921148,-0.499999999999998));
#2207=CARTESIAN_POINT('Origin',(-29.2999999999983,89.1999991921148,-0.499999999999998));
#2208=CARTESIAN_POINT('Ctrl Pts',(-23.0000018129242,43.2540333188697,-4.2));
#2209=CARTESIAN_POINT('Ctrl Pts',(-23.0000018129242,43.2540333188697,-4.3159330244347));
#2210=CARTESIAN_POINT('Ctrl Pts',(-22.9003337776237,43.1598833944222,-4.58193001234741));
#2211=CARTESIAN_POINT('Ctrl Pts',(-22.6477420918567,42.9668892736101,-4.7));
#2212=CARTESIAN_POINT('Ctrl Pts',(-22.5000018129242,42.8759613453699,-4.7));
#2213=CARTESIAN_POINT('Ctrl Pts',(-23.0000018129242,43.3495671842158,-4.2));
#2214=CARTESIAN_POINT('Ctrl Pts',(-23.0000018129242,43.3495671842158,-4.32587871776848));
#2215=CARTESIAN_POINT('Ctrl Pts',(-22.8801441429202,43.2609761308538,-4.61375304287015));
#2216=CARTESIAN_POINT('Ctrl Pts',(-22.6065235810062,43.0836064754135,-4.71163307446973));
#2217=CARTESIAN_POINT('Ctrl Pts',(-22.4615018750346,43.0010712356484,-4.7));
#2218=CARTESIAN_POINT('Ctrl Pts',(-23.0563432592205,43.5404136103009,-4.2));
#2219=CARTESIAN_POINT('Ctrl Pts',(-23.0563432592205,43.5404136103009,-4.35902494313615));
#2220=CARTESIAN_POINT('Ctrl Pts',(-22.9007835869877,43.4630752843244,-4.72200642086063));
#2221=CARTESIAN_POINT('Ctrl Pts',(-22.5574139476729,43.3165968433205,-4.82973112219931));
#2222=CARTESIAN_POINT('Ctrl Pts',(-22.3848397159794,43.2501935676228,-4.80844915432985));
#2223=CARTESIAN_POINT('Ctrl Pts',(-23.2070602873741,43.670340875895,-4.2));
#2224=CARTESIAN_POINT('Ctrl Pts',(-23.2070602873741,43.670340875895,-4.40754697810736));
#2225=CARTESIAN_POINT('Ctrl Pts',(-23.0287504216511,43.5890630966831,-4.88326419566817));
#2226=CARTESIAN_POINT('Ctrl Pts',(-22.5956775320723,43.428295366711,-5.07641359884394));
#2227=CARTESIAN_POINT('Ctrl Pts',(-22.3529428827517,43.3538459245902,-5.06910030610042));
#2228=CARTESIAN_POINT('Ctrl Pts',(-23.29411935334,43.7096783702371,-4.2));
#2229=CARTESIAN_POINT('Ctrl Pts',(-23.29411935334,43.7096783702371,-4.43186604886942));
#2230=CARTESIAN_POINT('Ctrl Pts',(-23.1065089339508,43.6210666766394,-4.96386002469481));
#2231=CARTESIAN_POINT('Ctrl Pts',(-22.6310422313306,43.4394251511692,-5.2));
#2232=CARTESIAN_POINT('Ctrl Pts',(-22.3529428827517,43.3538459245902,-5.2));
#2233=CARTESIAN_POINT('',(-22.5000018129242,42.8759613453699,-4.7));
#2234=CARTESIAN_POINT('',(-23.0000018129242,43.2540333188697,-4.2));
#2235=CARTESIAN_POINT('Ctrl Pts',(-23.0000018129242,43.2540333188697,-4.2));
#2236=CARTESIAN_POINT('Ctrl Pts',(-23.0000018129242,43.2540333188697,-4.3159330244347));
#2237=CARTESIAN_POINT('Ctrl Pts',(-22.9003337776237,43.1598833944222,-4.58193001234741));
#2238=CARTESIAN_POINT('Ctrl Pts',(-22.6477420918567,42.9668892736101,-4.7));
#2239=CARTESIAN_POINT('Ctrl Pts',(-22.5000018129242,42.8759613453699,-4.7));
#2240=CARTESIAN_POINT('',(-22.3529428827517,43.3538459245902,-5.2));
#2241=CARTESIAN_POINT('Origin',(-22.5000018129242,42.8759613453699,-5.2));
#2242=CARTESIAN_POINT('',(-23.29411935334,43.7096783702371,-4.2));
#2243=CARTESIAN_POINT('Ctrl Pts',(-22.3529428827517,43.3538459245902,-5.2));
#2244=CARTESIAN_POINT('Ctrl Pts',(-22.6310422313306,43.4394251511692,-5.2));
#2245=CARTESIAN_POINT('Ctrl Pts',(-23.1065089339508,43.6210666766394,-4.96386002469481));
#2246=CARTESIAN_POINT('Ctrl Pts',(-23.29411935334,43.7096783702371,-4.43186604886942));
#2247=CARTESIAN_POINT('Ctrl Pts',(-23.29411935334,43.7096783702371,-4.2));
#2248=CARTESIAN_POINT('Origin',(-23.5000018129242,43.2540333188697,-4.2));
#2249=CARTESIAN_POINT('Origin',(-23.5000018129242,42.383736237128,-0.499999999999998));
#2250=CARTESIAN_POINT('',(-23.6881739534044,41.9204962933115,-0.499999999999998));
#2251=CARTESIAN_POINT('',(-23.5000018129242,42.383736237128,0.));
#2252=CARTESIAN_POINT('Origin',(-23.5000018129242,42.383736237128,-0.499999999999998));
#2253=CARTESIAN_POINT('',(-23.0000018129242,42.383736237128,-0.5));
#2254=CARTESIAN_POINT('Origin',(-23.5000018129242,42.383736237128,-0.499999999999998));
#2255=CARTESIAN_POINT('Origin',(-23.5000018129242,42.383736237128,-0.5));
#2256=CARTESIAN_POINT('Origin',(7.69999818706867,88.1999991921139,-0.499999999999998));
#2257=CARTESIAN_POINT('',(7.69999818706867,88.1999991921139,0.));
#2258=CARTESIAN_POINT('Origin',(7.69999818706867,88.1999991921139,-0.499999999999998));
#2259=CARTESIAN_POINT('Origin',(7.69999818706867,88.1999991921222,-0.5));
#2260=CARTESIAN_POINT('Origin',(-29.2999999999983,89.1999991921148,-54.5));
#2261=CARTESIAN_POINT('',(-29.2999999999983,89.1999991921148,-55.));
#2262=CARTESIAN_POINT('',(-29.2999999999983,89.6999991921148,-54.5));
#2263=CARTESIAN_POINT('Origin',(-29.2999999999983,89.1999991921148,-54.5));
#2264=CARTESIAN_POINT('',(-29.7999999999983,89.1999991921148,-54.5));
#2265=CARTESIAN_POINT('Origin',(-29.2999999999983,89.1999991921148,-54.5));
#2266=CARTESIAN_POINT('Origin',(-29.2999999999983,89.1999991921148,-54.5));
#2267=CARTESIAN_POINT('Origin',(27.4999963741439,87.1999991921135,-0.499999999999998));
#2268=CARTESIAN_POINT('',(27.4999963741439,87.6999991921135,-0.499999999999998));
#2269=CARTESIAN_POINT('',(27.4999963741439,88.1999991921135,0.));
#2270=CARTESIAN_POINT('Origin',(27.4999963741439,88.1999991921135,-0.499999999999998));
#2271=CARTESIAN_POINT('',(27.9999963741439,87.1999991921135,-0.499999999999998));
#2272=CARTESIAN_POINT('Origin',(27.4999963741439,87.1999991921135,-0.499999999999998));
#2273=CARTESIAN_POINT('',(28.4999963741439,87.1999991921135,0.));
#2274=CARTESIAN_POINT('Origin',(28.4999963741439,87.1999991921135,-0.499999999999998));
#2275=CARTESIAN_POINT('Origin',(27.4999963741439,87.1999991921135,0.));
#2276=CARTESIAN_POINT('Origin',(27.4999963741439,87.1999991921135,-55.));
#2277=CARTESIAN_POINT('',(27.9999963741439,87.1999991921135,-53.));
#2278=CARTESIAN_POINT('',(27.4999963741439,87.6999991921135,-53.));
#2279=CARTESIAN_POINT('Origin',(27.4999963741439,87.1999991921135,-53.));
#2280=CARTESIAN_POINT('',(27.9999963741439,87.1999991921135,-55.));
#2281=CARTESIAN_POINT('',(27.4999963741439,87.6999991921135,-55.));
#2282=CARTESIAN_POINT('Ctrl Pts',(22.4999981870758,42.8759613453691,-4.7));
#2283=CARTESIAN_POINT('Ctrl Pts',(22.610804231938,42.9441578058645,-4.7));
#2284=CARTESIAN_POINT('Ctrl Pts',(22.7921116334999,43.0743684570064,-4.63755988419094));
#2285=CARTESIAN_POINT('Ctrl Pts',(22.9627645035142,43.2199084766069,-4.43124585134655));
#2286=CARTESIAN_POINT('Ctrl Pts',(22.9999981870758,43.2540333188688,-4.27728926584668));
#2287=CARTESIAN_POINT('Ctrl Pts',(22.9999981870758,43.2540333188688,-4.2));
#2288=CARTESIAN_POINT('Ctrl Pts',(22.4614982491863,43.0010712356477,-4.7));
#2289=CARTESIAN_POINT('Ctrl Pts',(22.5702653489506,43.0629731323151,-4.70872487165241));
#2290=CARTESIAN_POINT('Ctrl Pts',(22.7609995761478,43.1821369426606,-4.66139486599052));
#2291=CARTESIAN_POINT('Ctrl Pts',(22.9560173166351,43.3175403010508,-4.4511718898754));
#2292=CARTESIAN_POINT('Ctrl Pts',(22.9999981870758,43.3495671842149,-4.28391977807434));
#2293=CARTESIAN_POINT('Ctrl Pts',(22.9999981870758,43.3495671842149,-4.2));
#2294=CARTESIAN_POINT('Ctrl Pts',(22.3848360901303,43.2501935676246,-4.80844915432709));
#2295=CARTESIAN_POINT('Ctrl Pts',(22.5142677400313,43.2999963999945,-4.82441075060629));
#2296=CARTESIAN_POINT('Ctrl Pts',(22.7502054950275,43.3971869672719,-4.77643808912825));
#2297=CARTESIAN_POINT('Ctrl Pts',(22.9996936619919,43.512763648292,-4.51667506137519));
#2298=CARTESIAN_POINT('Ctrl Pts',(23.0563396333712,43.5404136103006,-4.30601742830599));
#2299=CARTESIAN_POINT('Ctrl Pts',(23.0563396333712,43.5404136103006,-4.2));
#2300=CARTESIAN_POINT('Ctrl Pts',(22.3529392569034,43.3538459245894,-5.06910030610042));
#2301=CARTESIAN_POINT('Ctrl Pts',(22.5349916168728,43.4096834272881,-5.07458531702421));
#2302=CARTESIAN_POINT('Ctrl Pts',(22.8418751423546,43.5176669019754,-4.97539740940572));
#2303=CARTESIAN_POINT('Ctrl Pts',(23.141009129709,43.640899919729,-4.61392113980361));
#2304=CARTESIAN_POINT('Ctrl Pts',(23.2070566615257,43.6703408758941,-4.33836569558012));
#2305=CARTESIAN_POINT('Ctrl Pts',(23.2070566615257,43.6703408758941,-4.2));
#2306=CARTESIAN_POINT('Ctrl Pts',(22.3529392569034,43.3538459245894,-5.2));
#2307=CARTESIAN_POINT('Ctrl Pts',(22.5615153413497,43.418030828585,-5.2));
#2308=CARTESIAN_POINT('Ctrl Pts',(22.902799861937,43.5405820296597,-5.07511976838188));
#2309=CARTESIAN_POINT('Ctrl Pts',(23.2240287937284,43.6775608716367,-4.66249170269309));
#2310=CARTESIAN_POINT('Ctrl Pts',(23.2941157274916,43.7096783702362,-4.35457853169337));
#2311=CARTESIAN_POINT('Ctrl Pts',(23.2941157274916,43.7096783702362,-4.2));
#2312=CARTESIAN_POINT('',(23.2941157274916,43.7096783702362,-4.2));
#2313=CARTESIAN_POINT('',(22.3529392569034,43.3538459245894,-5.2));
#2314=CARTESIAN_POINT('Ctrl Pts',(23.2941157274916,43.7096783702362,-4.2));
#2315=CARTESIAN_POINT('Ctrl Pts',(23.2941157274916,43.7096783702362,-4.35457853169337));
#2316=CARTESIAN_POINT('Ctrl Pts',(23.2240287937284,43.6775608716367,-4.66249170269309));
#2317=CARTESIAN_POINT('Ctrl Pts',(22.902799861937,43.5405820296597,-5.07511976838188));
#2318=CARTESIAN_POINT('Ctrl Pts',(22.5615153413497,43.418030828585,-5.2));
#2319=CARTESIAN_POINT('Ctrl Pts',(22.3529392569034,43.3538459245894,-5.2));
#2320=CARTESIAN_POINT('',(22.4999981870758,42.8759613453691,-4.7));
#2321=CARTESIAN_POINT('Origin',(22.4999981870758,42.8759613453691,-5.2));
#2322=CARTESIAN_POINT('',(22.9999981870758,43.2540333188688,-4.2));
#2323=CARTESIAN_POINT('Ctrl Pts',(22.4999981870758,42.8759613453691,-4.7));
#2324=CARTESIAN_POINT('Ctrl Pts',(22.610804231938,42.9441578058645,-4.7));
#2325=CARTESIAN_POINT('Ctrl Pts',(22.7921116334999,43.0743684570064,-4.63755988419094));
#2326=CARTESIAN_POINT('Ctrl Pts',(22.9627645035142,43.2199084766069,-4.43124585134655));
#2327=CARTESIAN_POINT('Ctrl Pts',(22.9999981870758,43.2540333188688,-4.27728926584668));
#2328=CARTESIAN_POINT('Ctrl Pts',(22.9999981870758,43.2540333188688,-4.2));
#2329=CARTESIAN_POINT('Origin',(23.4999981870758,43.2540333188688,-4.2));
#2330=CARTESIAN_POINT('Origin',(-19.9999999999882,50.9999991921236,-5.2));
#2331=CARTESIAN_POINT('',(-19.9999999999882,42.4999991921136,-4.7));
#2332=CARTESIAN_POINT('',(-19.9999999999882,42.9999991921136,-5.2));
#2333=CARTESIAN_POINT('Origin',(-19.9999999999882,42.4999991921136,-5.2));
#2334=CARTESIAN_POINT('Origin',(-19.9999999999882,50.9999991921236,-5.2));
#2335=CARTESIAN_POINT('Origin',(-19.9999999999882,50.9999991921236,-4.7));
#2336=CARTESIAN_POINT('Origin',(21.4999972806099,42.4999991921137,-5.2));
#2337=CARTESIAN_POINT('',(19.9999963741439,42.4999991921137,-4.7));
#2338=CARTESIAN_POINT('',(19.9999963741439,42.9999991921137,-5.2));
#2339=CARTESIAN_POINT('Origin',(19.9999963741439,42.4999991921137,-5.2));
#2340=CARTESIAN_POINT('',(21.4999972806099,42.9999991921137,-5.2));
#2341=CARTESIAN_POINT('',(21.4999972806099,42.4999991921137,-4.7));
#2342=CARTESIAN_POINT('Origin',(19.9999963741439,50.9999991921136,-5.2));
#2343=CARTESIAN_POINT('Origin',(19.9999963741439,50.9999991921136,-5.2));
#2344=CARTESIAN_POINT('Origin',(19.9999963741439,50.9999991921136,-4.7));
#2345=CARTESIAN_POINT('Ctrl Pts',(-22.5000018129242,42.0423214274626,-4.7));
#2346=CARTESIAN_POINT('Ctrl Pts',(-22.6110186629221,42.1042889001833,-4.7));
#2347=CARTESIAN_POINT('Ctrl Pts',(-22.867193655239,42.2718177000131,-4.61350198437294));
#2348=CARTESIAN_POINT('Ctrl Pts',(-23.0000018129242,42.383736237128,-4.3536792209033));
#2349=CARTESIAN_POINT('Ctrl Pts',(-23.0000018129242,42.383736237128,-4.2));
#2350=CARTESIAN_POINT('Ctrl Pts',(-22.5201093073673,41.9702748973585,-4.7));
#2351=CARTESIAN_POINT('Ctrl Pts',(-22.6336601025058,42.0299985750612,-4.69552319078982));
#2352=CARTESIAN_POINT('Ctrl Pts',(-22.888806491255,42.1897701013523,-4.59159481560558));
#2353=CARTESIAN_POINT('Ctrl Pts',(-23.0000018129242,42.2905627309459,-4.34198693807704));
#2354=CARTESIAN_POINT('Ctrl Pts',(-23.0000018129242,42.2905627309459,-4.2));
#2355=CARTESIAN_POINT('Ctrl Pts',(-22.5602494557461,41.8264499958156,-4.73422170564707));
#2356=CARTESIAN_POINT('Ctrl Pts',(-22.6864905994782,41.881718083565,-4.72347101273943));
#2357=CARTESIAN_POINT('Ctrl Pts',(-22.9622726514562,42.0261366382493,-4.58836836018733));
#2358=CARTESIAN_POINT('Ctrl Pts',(-23.0534835758641,42.1049356607561,-4.3352417461587));
#2359=CARTESIAN_POINT('Ctrl Pts',(-23.0534835758641,42.1049356607561,-4.2));
#2360=CARTESIAN_POINT('Ctrl Pts',(-22.6167787073155,41.6239018147638,-4.90149397406911));
#2361=CARTESIAN_POINT('Ctrl Pts',(-22.7862952499499,41.6765916125,-4.89025087419246));
#2362=CARTESIAN_POINT('Ctrl Pts',(-23.1633278350109,41.8116680426105,-4.7233903620481));
#2363=CARTESIAN_POINT('Ctrl Pts',(-23.3056778595724,41.8772697506915,-4.3843762568137));
#2364=CARTESIAN_POINT('Ctrl Pts',(-23.3056778595724,41.8772697506915,-4.2));
#2365=CARTESIAN_POINT('Ctrl Pts',(-22.6344105125442,41.5607258487179,-5.08780026237179));
#2366=CARTESIAN_POINT('Ctrl Pts',(-22.8452763247767,41.6194892387228,-5.08350974036258));
#2367=CARTESIAN_POINT('Ctrl Pts',(-23.3273976089979,41.7749461731003,-4.91248188760332));
#2368=CARTESIAN_POINT('Ctrl Pts',(-23.5586888840976,41.8678983190285,-4.46085020545094));
#2369=CARTESIAN_POINT('Ctrl Pts',(-23.5586888840976,41.8678983190285,-4.2));
#2370=CARTESIAN_POINT('Ctrl Pts',(-22.6344105125442,41.5607258487179,-5.2));
#2371=CARTESIAN_POINT('Ctrl Pts',(-22.8683815082388,41.6260249059935,-5.2));
#2372=CARTESIAN_POINT('Ctrl Pts',(-23.4082771909712,41.8025606305453,-5.02700396874588));
#2373=CARTESIAN_POINT('Ctrl Pts',(-23.6881739534044,41.9204962933115,-4.5073584418066));
#2374=CARTESIAN_POINT('Ctrl Pts',(-23.6881739534044,41.9204962933115,-4.2));
#2375=CARTESIAN_POINT('',(-23.6881739534044,41.9204962933115,-4.2));
#2376=CARTESIAN_POINT('',(-22.6344105125442,41.5607258487179,-5.2));
#2377=CARTESIAN_POINT('Ctrl Pts',(-23.6881739534044,41.9204962933115,-4.2));
#2378=CARTESIAN_POINT('Ctrl Pts',(-23.6881739534044,41.9204962933115,-4.5073584418066));
#2379=CARTESIAN_POINT('Ctrl Pts',(-23.4082771909712,41.8025606305453,-5.02700396874588));
#2380=CARTESIAN_POINT('Ctrl Pts',(-22.8683815082388,41.6260249059935,-5.2));
#2381=CARTESIAN_POINT('Ctrl Pts',(-22.6344105125442,41.5607258487179,-5.2));
#2382=CARTESIAN_POINT('',(-22.5000018129242,42.0423214274626,-4.7));
#2383=CARTESIAN_POINT('Origin',(-22.5000018129242,42.0423214274626,-5.2));
#2384=CARTESIAN_POINT('',(-23.0000018129242,42.383736237128,-4.2));
#2385=CARTESIAN_POINT('Ctrl Pts',(-22.5000018129242,42.0423214274626,-4.7));
#2386=CARTESIAN_POINT('Ctrl Pts',(-22.6110186629221,42.1042889001833,-4.7));
#2387=CARTESIAN_POINT('Ctrl Pts',(-22.867193655239,42.2718177000131,-4.61350198437294));
#2388=CARTESIAN_POINT('Ctrl Pts',(-23.0000018129242,42.383736237128,-4.3536792209033));
#2389=CARTESIAN_POINT('Ctrl Pts',(-23.0000018129242,42.383736237128,-4.2));
#2390=CARTESIAN_POINT('Origin',(-23.5000018129242,42.383736237128,-4.2));
#2391=CARTESIAN_POINT('Origin',(7.69999818706846,89.1999991921139,-0.5));
#2392=CARTESIAN_POINT('',(7.69999818706846,89.1999991921139,0.));
#2393=CARTESIAN_POINT('Origin',(7.69999818706846,89.1999991921139,-0.5));
#2394=CARTESIAN_POINT('Origin',(7.69999818706846,89.1999991921139,-0.499999999999998));
#2395=CARTESIAN_POINT('Origin',(7.6999981870737,64.7754102005132,-0.5));
#2396=CARTESIAN_POINT('',(7.1999981870737,64.7754102005132,-0.5));
#2397=CARTESIAN_POINT('',(7.6999981870737,64.7754102005132,0.));
#2398=CARTESIAN_POINT('Origin',(29.2999963741439,89.1999991921134,-54.5));
#2399=CARTESIAN_POINT('',(29.2999963741439,89.1999991921134,-55.));
#2400=CARTESIAN_POINT('',(29.7999963741439,89.1999991921134,-54.5));
#2401=CARTESIAN_POINT('Origin',(29.2999963741439,89.1999991921134,-54.5));
#2402=CARTESIAN_POINT('',(29.2999963741439,89.6999991921135,-54.5));
#2403=CARTESIAN_POINT('Origin',(29.2999963741439,89.1999991921134,-54.5));
#2404=CARTESIAN_POINT('Origin',(29.2999963741439,89.1999991921134,-54.5));
#2405=CARTESIAN_POINT('Origin',(14.9999972806086,89.1999991921138,-54.5));
#2406=CARTESIAN_POINT('',(14.9999972806086,89.1999991921138,-55.));
#2407=CARTESIAN_POINT('',(14.9999972806086,89.6999991921138,-54.5));
#2408=CARTESIAN_POINT('Origin',(23.4999981870758,43.2540333188688,-0.5));
#2409=CARTESIAN_POINT('',(22.9999981870758,43.2540333188688,-0.5));
#2410=CARTESIAN_POINT('',(23.2941157274916,43.7096783702362,-0.499999999999998));
#2411=CARTESIAN_POINT('Origin',(23.4999981870758,43.2540333188688,-0.499999999999998));
#2412=CARTESIAN_POINT('',(23.4999981870758,43.2540333188688,0.));
#2413=CARTESIAN_POINT('Origin',(23.4999981870758,43.2540333188688,-0.5));
#2414=CARTESIAN_POINT('Origin',(23.4999981870758,43.2540333188688,-0.499999999999998));
#2415=CARTESIAN_POINT('Ctrl Pts',(22.9999981870758,42.3837362371271,-4.2));
#2416=CARTESIAN_POINT('Ctrl Pts',(22.9999981870758,42.3837362371271,-4.31525823487374));
#2417=CARTESIAN_POINT('Ctrl Pts',(22.9298869668315,42.3250331239765,-4.50456608485396));
#2418=CARTESIAN_POINT('Ctrl Pts',(22.7204124035963,42.1735000784688,-4.6664872351296));
#2419=CARTESIAN_POINT('Ctrl Pts',(22.5740086621813,42.0836326527148,-4.7));
#2420=CARTESIAN_POINT('Ctrl Pts',(22.4999981870758,42.0423214274618,-4.7));
#2421=CARTESIAN_POINT('Ctrl Pts',(22.9999981870758,42.2905627309451,-4.2));
#2422=CARTESIAN_POINT('Ctrl Pts',(22.9999981870758,42.2905627309451,-4.30648911259242));
#2423=CARTESIAN_POINT('Ctrl Pts',(22.9418977616499,42.2379609709577,-4.48465074061729));
#2424=CARTESIAN_POINT('Ctrl Pts',(22.7435101300263,42.0961675590999,-4.65622621577886));
#2425=CARTESIAN_POINT('Ctrl Pts',(22.5958054360783,42.0100902745902,-4.6970154911024));
#2426=CARTESIAN_POINT('Ctrl Pts',(22.5201056815189,41.9702748973577,-4.7));
#2427=CARTESIAN_POINT('Ctrl Pts',(23.053479950898,42.1049356638019,-4.2));
#2428=CARTESIAN_POINT('Ctrl Pts',(23.053479950898,42.1049356638019,-4.30143027048076));
#2429=CARTESIAN_POINT('Ctrl Pts',(23.0070509273702,42.0643628919938,-4.47641654882254));
#2430=CARTESIAN_POINT('Ctrl Pts',(22.8061775161973,41.9418975661498,-4.67375598622625));
#2431=CARTESIAN_POINT('Ctrl Pts',(22.6444057298537,41.863295011345,-4.72705465122169));
#2432=CARTESIAN_POINT('Ctrl Pts',(22.5602458295714,41.8264499969839,-4.73422170640135));
#2433=CARTESIAN_POINT('Ctrl Pts',(23.3056742342974,41.8772697569666,-4.2));
#2434=CARTESIAN_POINT('Ctrl Pts',(23.3056742342974,41.8772697569666,-4.33828077594399));
#2435=CARTESIAN_POINT('Ctrl Pts',(23.2325054268765,41.8439762182749,-4.57484360499412));
#2436=CARTESIAN_POINT('Ctrl Pts',(22.9490208651633,41.7330588593076,-4.82864945574361));
#2437=CARTESIAN_POINT('Ctrl Pts',(22.7297849514472,41.659027989137,-4.89399865199286));
#2438=CARTESIAN_POINT('Ctrl Pts',(22.6167750807938,41.6239018171754,-4.90149397512214));
#2439=CARTESIAN_POINT('Ctrl Pts',(23.5586852582492,41.8678983190277,-4.2));
#2440=CARTESIAN_POINT('Ctrl Pts',(23.5586852582492,41.8678983190277,-4.39563564982964));
#2441=CARTESIAN_POINT('Ctrl Pts',(23.4373241103653,41.8194113747759,-4.72068808160551));
#2442=CARTESIAN_POINT('Ctrl Pts',(23.0517089221097,41.6842417151707,-5.01839858654468));
#2443=CARTESIAN_POINT('Ctrl Pts',(22.7749826546727,41.5999010407096,-5.0849399436692));
#2444=CARTESIAN_POINT('Ctrl Pts',(22.6344068866958,41.5607258487171,-5.08780026237179));
#2445=CARTESIAN_POINT('Ctrl Pts',(23.688170327556,41.9204962933106,-4.2));
#2446=CARTESIAN_POINT('Ctrl Pts',(23.688170327556,41.9204962933106,-4.43051646974749));
#2447=CARTESIAN_POINT('Ctrl Pts',(23.5404090461808,41.8586370988079,-4.80913216970791));
#2448=CARTESIAN_POINT('Ctrl Pts',(23.0989357731262,41.6989571153697,-5.1329744702592));
#2449=CARTESIAN_POINT('Ctrl Pts',(22.7903859525095,41.6042581075859,-5.19999999999999));
#2450=CARTESIAN_POINT('Ctrl Pts',(22.6344068866958,41.5607258487171,-5.2));
#2451=CARTESIAN_POINT('',(22.4999981870758,42.0423214274619,-4.7));
#2452=CARTESIAN_POINT('',(22.9999981870758,42.3837362371271,-4.2));
#2453=CARTESIAN_POINT('Ctrl Pts',(22.9999981870758,42.3837362371271,-4.2));
#2454=CARTESIAN_POINT('Ctrl Pts',(22.9999981870758,42.3837362371271,-4.31525823487374));
#2455=CARTESIAN_POINT('Ctrl Pts',(22.9298869668315,42.3250331239765,-4.50456608485396));
#2456=CARTESIAN_POINT('Ctrl Pts',(22.7204124035963,42.1735000784688,-4.6664872351296));
#2457=CARTESIAN_POINT('Ctrl Pts',(22.5740086621813,42.0836326527148,-4.7));
#2458=CARTESIAN_POINT('Ctrl Pts',(22.4999981870758,42.0423214274618,-4.7));
#2459=CARTESIAN_POINT('',(22.6344068866958,41.5607258487171,-5.2));
#2460=CARTESIAN_POINT('Origin',(22.4999981870758,42.0423214274619,-5.2));
#2461=CARTESIAN_POINT('',(23.688170327556,41.9204962933106,-4.2));
#2462=CARTESIAN_POINT('Ctrl Pts',(22.6344068866958,41.5607258487171,-5.2));
#2463=CARTESIAN_POINT('Ctrl Pts',(22.7903859525095,41.6042581075859,-5.19999999999999));
#2464=CARTESIAN_POINT('Ctrl Pts',(23.0989357731262,41.6989571153697,-5.1329744702592));
#2465=CARTESIAN_POINT('Ctrl Pts',(23.5404090461808,41.8586370988079,-4.80913216970791));
#2466=CARTESIAN_POINT('Ctrl Pts',(23.688170327556,41.9204962933106,-4.43051646974749));
#2467=CARTESIAN_POINT('Ctrl Pts',(23.688170327556,41.9204962933106,-4.2));
#2468=CARTESIAN_POINT('Origin',(23.4999981870758,42.3837362371271,-4.2));
#2469=CARTESIAN_POINT('Origin',(19.9999963741439,50.9999991921136,-5.2));
#2470=CARTESIAN_POINT('',(19.9999963741439,41.6999991921136,-4.7));
#2471=CARTESIAN_POINT('',(19.9999963741439,41.1999991921136,-5.2));
#2472=CARTESIAN_POINT('Origin',(19.9999963741439,41.6999991921136,-5.2));
#2473=CARTESIAN_POINT('Origin',(19.9999963741439,50.9999991921136,-5.2));
#2474=CARTESIAN_POINT('Origin',(19.9999963741439,50.9999991921136,-4.7));
#2475=CARTESIAN_POINT('Origin',(1.49999909354382,41.6999991921136,-5.2));
#2476=CARTESIAN_POINT('',(-19.9999999999882,41.6999991921136,-4.7));
#2477=CARTESIAN_POINT('',(-19.9999999999882,41.1999991921136,-5.2));
#2478=CARTESIAN_POINT('Origin',(-19.9999999999882,41.6999991921136,-5.2));
#2479=CARTESIAN_POINT('',(1.49999909354382,41.1999991921136,-5.2));
#2480=CARTESIAN_POINT('',(1.49999909354382,41.6999991921136,-4.7));
#2481=CARTESIAN_POINT('Origin',(-19.9999999999882,50.9999991921236,-5.2));
#2482=CARTESIAN_POINT('Origin',(-19.9999999999882,50.9999991921236,-5.2));
#2483=CARTESIAN_POINT('Origin',(-19.9999999999882,50.9999991921236,-4.7));
#2484=CARTESIAN_POINT('Origin',(29.2999963741439,89.1999991921134,-0.499999999999998));
#2485=CARTESIAN_POINT('',(29.7999963741439,89.1999991921134,-0.499999999999998));
#2486=CARTESIAN_POINT('',(29.2999963741439,89.1999991921134,0.));
#2487=CARTESIAN_POINT('Origin',(29.2999963741439,89.1999991921134,-0.499999999999998));
#2488=CARTESIAN_POINT('',(29.2999963741439,89.6999991921135,-0.499999999999998));
#2489=CARTESIAN_POINT('Origin',(29.2999963741439,89.1999991921134,-0.499999999999998));
#2490=CARTESIAN_POINT('Origin',(29.2999963741439,89.1999991921134,-0.499999999999998));
#2491=CARTESIAN_POINT('Origin',(29.2999963741439,89.1999991921134,-55.));
#2492=CARTESIAN_POINT('',(29.7999963741439,89.1999991921134,-55.));
#2493=CARTESIAN_POINT('',(29.2999963741439,89.6999991921135,-55.));
#2494=CARTESIAN_POINT('Origin',(14.9999972806086,89.1999991921138,-0.499999999999998));
#2495=CARTESIAN_POINT('',(14.9999972806086,89.1999991921138,0.));
#2496=CARTESIAN_POINT('',(14.9999972806086,89.6999991921138,-0.499999999999998));
#2497=CARTESIAN_POINT('Origin',(23.4999981870758,42.3837362371271,-0.499999999999998));
#2498=CARTESIAN_POINT('',(23.688170327556,41.9204962933106,-0.499999999999998));
#2499=CARTESIAN_POINT('',(22.9999981870758,42.3837362371271,-0.499999999999998));
#2500=CARTESIAN_POINT('Origin',(23.4999981870758,42.3837362371271,-0.499999999999998));
#2501=CARTESIAN_POINT('',(23.4999981870758,42.3837362371271,0.));
#2502=CARTESIAN_POINT('Origin',(23.4999981870758,42.3837362371271,-0.499999999999998));
#2503=CARTESIAN_POINT('Origin',(23.4999981870758,42.3837362371271,-0.5));
#2504=CARTESIAN_POINT('Origin',(19.9999963741439,50.9999991921136,-0.499999999999998));
#2505=CARTESIAN_POINT('',(29.7999963741439,50.9999991921136,-0.499999999999998));
#2506=CARTESIAN_POINT('',(29.2999963741439,50.9999991921136,0.));
#2507=CARTESIAN_POINT('Origin',(29.2999963741439,50.9999991921136,-0.499999999999998));
#2508=CARTESIAN_POINT('Origin',(19.9999963741439,50.9999991921136,0.));
#2509=CARTESIAN_POINT('Origin',(19.9999963741439,50.9999991921136,-0.499999999999998));
#2510=CARTESIAN_POINT('Origin',(29.2999963741439,58.1749991921139,-0.499999999999998));
#2511=CARTESIAN_POINT('',(29.2999963741439,58.1749991921139,0.));
#2512=CARTESIAN_POINT('',(29.7999963741439,58.1749991921139,-0.499999999999998));
#2513=CARTESIAN_POINT('Origin',(23.4999981870758,53.2749991921139,-0.5));
#2514=CARTESIAN_POINT('',(23.4999981870758,53.2749991921139,0.));
#2515=CARTESIAN_POINT('',(22.9999981870758,53.2749991921139,-0.5));
#2516=CARTESIAN_POINT('Origin',(23.4999981870758,42.3837362371271,-55.));
#2517=CARTESIAN_POINT('',(23.688170327556,41.9204962933106,-55.));
#2518=CARTESIAN_POINT('',(22.9999981870758,42.3837362371271,-55.));
#2519=CARTESIAN_POINT('Origin',(22.4999981870758,41.1999991921137,-4.2));
#2520=CARTESIAN_POINT('',(22.4999981870758,41.1999991921137,-4.7));
#2521=CARTESIAN_POINT('',(22.9999981870758,41.1999991921137,-4.2));
#2522=CARTESIAN_POINT('Origin',(28.4999963741439,76.5249991921139,-0.499999999999998));
#2523=CARTESIAN_POINT('',(27.9999963741439,50.9999991921136,-0.499999999999998));
#2524=CARTESIAN_POINT('',(28.4999963741439,50.9999991921136,0.));
#2525=CARTESIAN_POINT('Origin',(28.4999963741439,50.9999991921136,-0.499999999999998));
#2526=CARTESIAN_POINT('',(28.4999963741439,76.5249991921139,0.));
#2527=CARTESIAN_POINT('',(27.9999963741439,76.5249991921139,-0.499999999999998));
#2528=CARTESIAN_POINT('Origin',(19.9999963741439,50.9999991921136,-0.499999999999998));
#2529=CARTESIAN_POINT('Origin',(19.9999963741439,50.9999991921136,0.));
#2530=CARTESIAN_POINT('Origin',(19.9999963741439,50.9999991921136,-0.499999999999998));
#2531=CARTESIAN_POINT('Origin',(23.4999981870758,43.2540333188688,-55.));
#2532=CARTESIAN_POINT('',(23.2941157274916,43.7096783702362,-55.));
#2533=CARTESIAN_POINT('',(22.9999981870758,43.2540333188688,-55.));
#2534=CARTESIAN_POINT('Origin',(29.2999963741439,58.1749991921139,-54.5));
#2535=CARTESIAN_POINT('',(29.7999963741439,50.9999991921136,-54.5));
#2536=CARTESIAN_POINT('',(29.2999963741439,50.9999991921136,-55.));
#2537=CARTESIAN_POINT('Origin',(29.2999963741439,50.9999991921136,-54.5));
#2538=CARTESIAN_POINT('',(29.2999963741439,58.1749991921139,-55.));
#2539=CARTESIAN_POINT('',(29.7999963741439,58.1749991921139,-54.5));
#2540=CARTESIAN_POINT('Origin',(19.9999963741439,50.9999991921136,-54.5));
#2541=CARTESIAN_POINT('',(19.9999963741439,41.1999991921136,-54.5));
#2542=CARTESIAN_POINT('',(19.9999963741439,41.6999991921136,-55.));
#2543=CARTESIAN_POINT('Origin',(19.9999963741439,41.6999991921136,-54.5));
#2544=CARTESIAN_POINT('Origin',(19.9999963741439,50.9999991921136,-55.));
#2545=CARTESIAN_POINT('Origin',(19.9999963741439,50.9999991921136,-54.5));
#2546=CARTESIAN_POINT('Origin',(-10.0000009064577,41.6999991921136,-54.5));
#2547=CARTESIAN_POINT('',(-19.9999999999882,41.1999991921136,-54.5));
#2548=CARTESIAN_POINT('',(-19.9999999999882,41.6999991921136,-55.));
#2549=CARTESIAN_POINT('Origin',(-19.9999999999882,41.6999991921136,-54.5));
#2550=CARTESIAN_POINT('',(-10.0000009064577,41.6999991921136,-55.));
#2551=CARTESIAN_POINT('',(-10.0000009064577,41.1999991921136,-54.5));
#2552=CARTESIAN_POINT('Origin',(-19.9999999999882,50.9999991921236,-54.5));
#2553=CARTESIAN_POINT('',(-29.7999999999981,50.9999991921235,-54.5));
#2554=CARTESIAN_POINT('',(-29.2999999999981,50.9999991921235,-55.));
#2555=CARTESIAN_POINT('Origin',(-29.2999999999981,50.9999991921235,-54.5));
#2556=CARTESIAN_POINT('Origin',(-19.9999999999882,50.9999991921236,-55.));
#2557=CARTESIAN_POINT('Origin',(-19.9999999999882,50.9999991921236,-54.5));
#2558=CARTESIAN_POINT('Origin',(-29.2999999999982,77.5249991921144,-54.5));
#2559=CARTESIAN_POINT('',(-29.2999999999982,77.5249991921144,-55.));
#2560=CARTESIAN_POINT('',(-29.7999999999982,77.5249991921144,-54.5));
#2561=CARTESIAN_POINT('Origin',(-22.5000018129242,41.1999991921136,-4.2));
#2562=CARTESIAN_POINT('',(-23.0000018129242,41.1999991921136,-4.2));
#2563=CARTESIAN_POINT('',(-22.5000018129242,41.1999991921136,-4.7));
#2564=CARTESIAN_POINT('Origin',(-23.5000018129242,42.383736237128,-55.));
#2565=CARTESIAN_POINT('',(-23.6881739534044,41.9204962933115,-55.));
#2566=CARTESIAN_POINT('',(-23.0000018129242,42.383736237128,-55.));
#2567=CARTESIAN_POINT('Origin',(-14.0000009064624,88.1999991921144,-0.499999999999998));
#2568=CARTESIAN_POINT('',(-14.0000009064624,88.1999991921144,0.));
#2569=CARTESIAN_POINT('',(-14.0000009064624,87.6999991921144,-0.499999999999998));
#2570=CARTESIAN_POINT('Origin',(-29.2999999999983,89.1999991921148,-55.));
#2571=CARTESIAN_POINT('',(-29.2999999999983,89.6999991921148,-55.));
#2572=CARTESIAN_POINT('',(-29.7999999999983,89.1999991921148,-55.));
#2573=CARTESIAN_POINT('Origin',(-23.5000018129242,53.2749991921139,-0.5));
#2574=CARTESIAN_POINT('',(-23.5000018129242,53.2749991921139,0.));
#2575=CARTESIAN_POINT('',(-23.0000018129242,53.2749991921139,-0.5));
#2576=CARTESIAN_POINT('Origin',(-29.2999999999982,77.5249991921144,-0.499999999999998));
#2577=CARTESIAN_POINT('',(-29.7999999999981,50.9999991921235,-0.499999999999998));
#2578=CARTESIAN_POINT('',(-29.2999999999981,50.9999991921235,0.));
#2579=CARTESIAN_POINT('Origin',(-29.2999999999981,50.9999991921235,-0.499999999999998));
#2580=CARTESIAN_POINT('',(-29.2999999999982,77.5249991921144,0.));
#2581=CARTESIAN_POINT('',(-29.7999999999982,77.5249991921144,-0.499999999999998));
#2582=CARTESIAN_POINT('Origin',(-19.9999999999882,50.9999991921236,-0.499999999999998));
#2583=CARTESIAN_POINT('Origin',(-19.9999999999882,50.9999991921236,0.));
#2584=CARTESIAN_POINT('Origin',(-19.9999999999882,50.9999991921236,-0.499999999999998));
#2585=CARTESIAN_POINT('Origin',(-23.5000018129242,43.2540333188697,-55.));
#2586=CARTESIAN_POINT('',(-23.29411935334,43.7096783702371,-55.));
#2587=CARTESIAN_POINT('',(-23.0000018129242,43.2540333188697,-55.));
#2588=CARTESIAN_POINT('Origin',(-7.70000181292419,89.1999991921143,-0.499999999999998));
#2589=CARTESIAN_POINT('',(-7.70000181292419,89.1999991921143,0.));
#2590=CARTESIAN_POINT('Origin',(-7.70000181292419,89.1999991921143,-0.499999999999998));
#2591=CARTESIAN_POINT('Origin',(-7.70000181292419,89.1999991921135,-0.5));
#2592=CARTESIAN_POINT('Origin',(14.9999972806086,89.1999991921138,-0.499999999999998));
#2593=CARTESIAN_POINT('',(14.9999972806086,89.1999991921138,0.));
#2594=CARTESIAN_POINT('',(14.9999972806086,89.6999991921138,-0.499999999999998));
#2595=CARTESIAN_POINT('Origin',(-7.70000181292419,84.775410200511,-0.5));
#2596=CARTESIAN_POINT('',(-7.20000181292419,84.775410200511,-0.5));
#2597=CARTESIAN_POINT('',(-7.70000181292419,84.775410200511,0.));
#2598=CARTESIAN_POINT('Origin',(-14.0000009064624,88.1999991921144,-0.499999999999998));
#2599=CARTESIAN_POINT('',(-14.0000009064624,88.1999991921144,0.));
#2600=CARTESIAN_POINT('',(-14.0000009064624,87.6999991921144,-0.499999999999998));
#2601=CARTESIAN_POINT('Origin',(-27.9999999999981,50.9999991921235,-55.));
#2602=CARTESIAN_POINT('',(-27.9999999999981,50.9999991921235,-53.));
#2603=CARTESIAN_POINT('',(-27.9999999999981,50.9999991921235,-55.));
#2604=CARTESIAN_POINT('',(-27.9999999999982,58.1749991921188,-53.));
#2605=CARTESIAN_POINT('Origin',(-19.9999999999882,50.9999991921236,-55.));
#2606=CARTESIAN_POINT('',(-19.9999999999882,42.9999991921136,-53.));
#2607=CARTESIAN_POINT('',(-19.9999999999882,42.9999991921136,-55.));
#2608=CARTESIAN_POINT('Origin',(-19.9999999999882,50.9999991921236,-53.));
#2609=CARTESIAN_POINT('Origin',(-1.81292715950576E-6,65.3499991921142,-53.));
#2610=CARTESIAN_POINT('',(19.9999963741439,42.9999991921137,-53.));
#2611=CARTESIAN_POINT('',(9.9999972806084,42.9999991921137,-53.));
#2612=CARTESIAN_POINT('',(27.9999963741439,50.9999991921136,-53.));
#2613=CARTESIAN_POINT('Origin',(19.9999963741439,50.9999991921136,-53.));
#2614=CARTESIAN_POINT('',(27.9999963741439,76.5249991921138,-53.));
#2615=CARTESIAN_POINT('',(-14.0000009064625,87.6999991921144,-53.));
#2616=CARTESIAN_POINT('Origin',(19.9999963741439,42.9999991921137,-55.));
#2617=CARTESIAN_POINT('',(19.9999963741439,42.9999991921137,-55.));
#2618=CARTESIAN_POINT('Origin',(-29.7999999999983,89.6999991921148,-55.));
#2619=CARTESIAN_POINT('',(-29.7999999999981,50.9999991921235,-55.));
#2620=CARTESIAN_POINT('Origin',(-19.9999999999882,41.1999991921136,-55.));
#2621=CARTESIAN_POINT('',(19.9999963741439,41.1999991921136,-55.));
#2622=CARTESIAN_POINT('',(-19.9999999999882,41.1999991921136,-55.));
#2623=CARTESIAN_POINT('Origin',(29.7999963741439,50.9999991921136,-55.));
#2624=CARTESIAN_POINT('',(29.7999963741439,50.9999991921136,-55.));
#2625=CARTESIAN_POINT('Origin',(19.9999963741439,50.9999991921136,-55.));
#2626=CARTESIAN_POINT('Origin',(29.9999963741439,89.6999991921134,-55.));
#2627=CARTESIAN_POINT('Origin',(-1.81292715950576E-6,65.3499991921142,-55.));
#2628=CARTESIAN_POINT('Origin',(22.9999981870758,41.1999991921137,-4.7));
#2629=CARTESIAN_POINT('Origin',(-1.81292715950576E-6,65.3499991921142,0.));
#2630=CARTESIAN_POINT('Origin',(22.9999981870758,41.1999991921136,-3.33066907387547E-15));
#2631=CARTESIAN_POINT('Origin',(-23.0000018129242,41.1999991921136,-4.5));
#2632=CARTESIAN_POINT('Origin',(-1.81292715950576E-6,65.3499991921142,0.));
#2633=CARTESIAN_POINT('Origin',(-1.81292440726288E-6,72.8402731977113,-2.));
#2634=CARTESIAN_POINT('',(6.4999981870737,64.775410200513,-2.));
#2635=CARTESIAN_POINT('',(-6.50000181292419,84.775410200511,-2.));
#2636=CARTESIAN_POINT('Origin',(-7.20000181292419,96.7105472033108,-2.));
#2637=CARTESIAN_POINT('',(-7.20000181292419,84.775410200511,-1.3));
#2638=CARTESIAN_POINT('Origin',(-6.50000181292419,84.775410200511,-1.3));
#2639=CARTESIAN_POINT('Origin',(6.4999981870737,64.775410200513,-1.3));
#2640=CARTESIAN_POINT('',(7.1999981870737,64.7754102005132,-1.3));
#2641=CARTESIAN_POINT('Origin',(7.19999818707544,56.7105472033135,-2.));
#2642=CARTESIAN_POINT('Origin',(-27.9999999999983,87.6999991921147,-55.));
#2643=CARTESIAN_POINT('Origin',(19.9999963741439,50.9999991921136,-55.));
#2644=CARTESIAN_POINT('',(27.9999963741439,50.9999991921136,-55.));
#2645=CARTESIAN_POINT('Origin',(27.9999963741439,87.6999991921135,-55.));
#2646=CARTESIAN_POINT('Origin',(-19.9999999999882,50.9999991921236,-55.));
#2647=UNCERTAINTY_MEASURE_WITH_UNIT(LENGTH_MEASURE(0.01),#2651,
'DISTANCE_ACCURACY_VALUE',
'Maximum model space distance between geometric entities at asserted c
onnectivities');
#2648=UNCERTAINTY_MEASURE_WITH_UNIT(LENGTH_MEASURE(0.01),#2651,
'DISTANCE_ACCURACY_VALUE',
'Maximum model space distance between geometric entities at asserted c
onnectivities');
#2649=(
GEOMETRIC_REPRESENTATION_CONTEXT(3)
GLOBAL_UNCERTAINTY_ASSIGNED_CONTEXT((#2647))
GLOBAL_UNIT_ASSIGNED_CONTEXT((#2651,#2653,#2654))
REPRESENTATION_CONTEXT('','3D')
);
#2650=(
GEOMETRIC_REPRESENTATION_CONTEXT(3)
GLOBAL_UNCERTAINTY_ASSIGNED_CONTEXT((#2648))
GLOBAL_UNIT_ASSIGNED_CONTEXT((#2651,#2653,#2654))
REPRESENTATION_CONTEXT('','3D')
);
#2651=(
LENGTH_UNIT()
NAMED_UNIT(*)
SI_UNIT(.MILLI.,.METRE.)
);
#2652=(
LENGTH_UNIT()
NAMED_UNIT(*)
SI_UNIT($,.METRE.)
);
#2653=(
NAMED_UNIT(*)
PLANE_ANGLE_UNIT()
SI_UNIT($,.RADIAN.)
);
#2654=(
NAMED_UNIT(*)
SI_UNIT($,.STERADIAN.)
SOLID_ANGLE_UNIT()
);
#2655=SHAPE_DEFINITION_REPRESENTATION(#2656,#2657);
#2656=PRODUCT_DEFINITION_SHAPE('',$,#2659);
#2657=SHAPE_REPRESENTATION('',(#1410),#2649);
#2658=PRODUCT_DEFINITION_CONTEXT('part definition',#2663,'design');
#2659=PRODUCT_DEFINITION('POWDER CUP (EMPTYING)',
'POWDER CUP (EMPTYING)',#2660,#2658);
#2660=PRODUCT_DEFINITION_FORMATION('',$,#2665);
#2661=PRODUCT_RELATED_PRODUCT_CATEGORY('POWDER CUP (EMPTYING)',
'POWDER CUP (EMPTYING)',(#2665));
#2662=APPLICATION_PROTOCOL_DEFINITION('international standard',
'automotive_design',2009,#2663);
#2663=APPLICATION_CONTEXT(
'Core Data for Automotive Mechanical Design Process');
#2664=PRODUCT_CONTEXT('part definition',#2663,'mechanical');
#2665=PRODUCT('POWDER CUP (EMPTYING)','POWDER CUP (EMPTYING)',$,(#2664));
#2666=PRESENTATION_STYLE_ASSIGNMENT((#2668));
#2667=PRESENTATION_STYLE_ASSIGNMENT((#2669));
#2668=SURFACE_STYLE_USAGE(.BOTH.,#2670);
#2669=SURFACE_STYLE_USAGE(.BOTH.,#2671);
#2670=SURFACE_SIDE_STYLE('',(#2672));
#2671=SURFACE_SIDE_STYLE('',(#2673));
#2672=SURFACE_STYLE_FILL_AREA(#2674);
#2673=SURFACE_STYLE_FILL_AREA(#2675);
#2674=FILL_AREA_STYLE('Steel - Satin',(#2676));
#2675=FILL_AREA_STYLE('Plastic - Glossy (Red)',(#2677));
#2676=FILL_AREA_STYLE_COLOUR('Steel - Satin',#2678);
#2677=FILL_AREA_STYLE_COLOUR('Plastic - Glossy (Red)',#2679);
#2678=COLOUR_RGB('Steel - Satin',0.627450980392157,0.627450980392157,0.627450980392157);
#2679=COLOUR_RGB('Plastic - Glossy (Red)',0.768627450980392,0.207843137254902,
0.152941176470588);
ENDSEC;
END-ISO-10303-21;
