ISO-10303-21;
HEADER;
/* Generated by software containing ST-Developer
 * from STEP Tools, Inc. (www.steptools.com) 
 */

FILE_DESCRIPTION(
/* description */ (''),
/* implementation_level */ '2;1');

FILE_NAME(
/* name */ 'PULL TAB.step',
/* time_stamp */ '2026-03-23T18:09:22-05:00',
/* author */ (''),
/* organization */ (''),
/* preprocessor_version */ 'ST-DEVELOPER v20.1',
/* originating_system */ 'Autodesk Translation Framework v14.24.0.0',
/* authorisation */ '');

FILE_SCHEMA (('AUTOMOTIVE_DESIGN { 1 0 10303 214 3 1 1 }'));
ENDSEC;

DATA;
#10=MECHANICAL_DESIGN_GEOMETRIC_PRESENTATION_REPRESENTATION('',(#13),#2456);
#11=SHAPE_REPRESENTATION_RELATIONSHIP('SRR','None',#2463,#12);
#12=ADVANCED_BREP_SHAPE_REPRESENTATION('',(#14),#2455);
#13=STYLED_ITEM('',(#2472),#14);
#14=MANIFOLD_SOLID_BREP('Pull tab',#1180);
#15=CONICAL_SURFACE('',#1314,1.39999999999999,0.785398163397447);
#16=CONICAL_SURFACE('',#1316,3.49999999999999,0.785398163397447);
#17=CONICAL_SURFACE('',#1318,1.39999999999999,0.785398163397448);
#18=CONICAL_SURFACE('',#1321,1.39999999999998,0.785398163397447);
#19=CONICAL_SURFACE('',#1322,1.39999999999994,0.785398163397442);
#20=CONICAL_SURFACE('',#1324,7.00000000000002,0.785398163397447);
#21=(
BOUNDED_CURVE()
B_SPLINE_CURVE(2,(#1968,#1969,#1970),.UNSPECIFIED.,.F.,.F.)
B_SPLINE_CURVE_WITH_KNOTS((3,3),(0.115111890134206,0.129833251217141),
 .UNSPECIFIED.)
CURVE()
GEOMETRIC_REPRESENTATION_ITEM()
RATIONAL_B_SPLINE_CURVE((1.31076776846295,1.3274364785469,1.34328595932907))
REPRESENTATION_ITEM('')
);
#22=(
BOUNDED_CURVE()
B_SPLINE_CURVE(2,(#2013,#2014,#2015),.UNSPECIFIED.,.F.,.F.)
B_SPLINE_CURVE_WITH_KNOTS((3,3),(0.699456259235457,0.714177620318603),
 .UNSPECIFIED.)
CURVE()
GEOMETRIC_REPRESENTATION_ITEM()
RATIONAL_B_SPLINE_CURVE((1.34328595933337,1.3274364785511,1.31076776846701))
REPRESENTATION_ITEM('')
);
#23=FACE_BOUND('',#352,.T.);
#24=FACE_BOUND('',#373,.T.);
#25=PLANE('',#1221);
#26=PLANE('',#1254);
#27=PLANE('',#1255);
#28=PLANE('',#1258);
#29=PLANE('',#1259);
#30=PLANE('',#1260);
#31=PLANE('',#1261);
#32=PLANE('',#1288);
#33=PLANE('',#1289);
#34=PLANE('',#1290);
#35=PLANE('',#1292);
#36=PLANE('',#1293);
#37=PLANE('',#1306);
#38=PLANE('',#1313);
#39=PLANE('',#1315);
#40=PLANE('',#1320);
#41=PLANE('',#1327);
#42=ELLIPSE('',#1220,0.70710678118647,0.5);
#43=ELLIPSE('',#1225,0.707106781186546,0.5);
#44=ELLIPSE('',#1227,0.707106781186474,0.5);
#45=ELLIPSE('',#1228,0.707106781186545,0.5);
#46=ELLIPSE('',#1236,0.707106781186546,0.5);
#47=ELLIPSE('',#1238,0.707106781186546,0.5);
#48=ELLIPSE('',#1239,0.707106781186546,0.5);
#49=ELLIPSE('',#1242,0.707106781186546,0.5);
#50=ELLIPSE('',#1250,0.707106781186593,0.5);
#51=ELLIPSE('',#1252,0.70710678118655,0.5);
#52=ELLIPSE('',#1271,0.70710678118655,0.5);
#53=ELLIPSE('',#1273,0.707106781186546,0.5);
#54=ELLIPSE('',#1275,0.707106781186596,0.5);
#55=ELLIPSE('',#1278,0.707106781186546,0.5);
#56=ELLIPSE('',#1280,0.707106781186546,0.5);
#57=ELLIPSE('',#1282,0.707106781186546,0.5);
#58=LINE('',#1760,#139);
#59=LINE('',#1761,#140);
#60=LINE('',#1784,#141);
#61=LINE('',#1785,#142);
#62=LINE('',#1858,#143);
#63=LINE('',#1861,#144);
#64=LINE('',#1864,#145);
#65=LINE('',#1866,#146);
#66=LINE('',#1868,#147);
#67=LINE('',#1870,#148);
#68=LINE('',#1872,#149);
#69=LINE('',#1876,#150);
#70=LINE('',#1878,#151);
#71=LINE('',#1880,#152);
#72=LINE('',#1881,#153);
#73=LINE('',#1886,#154);
#74=LINE('',#1891,#155);
#75=LINE('',#1895,#156);
#76=LINE('',#1899,#157);
#77=LINE('',#1902,#158);
#78=LINE('',#1911,#159);
#79=LINE('',#1913,#160);
#80=LINE('',#1918,#161);
#81=LINE('',#1922,#162);
#82=LINE('',#1925,#163);
#83=LINE('',#1926,#164);
#84=LINE('',#1929,#165);
#85=LINE('',#1931,#166);
#86=LINE('',#1935,#167);
#87=LINE('',#1938,#168);
#88=LINE('',#1947,#169);
#89=LINE('',#1949,#170);
#90=LINE('',#1953,#171);
#91=LINE('',#1955,#172);
#92=LINE('',#1958,#173);
#93=LINE('',#1959,#174);
#94=LINE('',#1961,#175);
#95=LINE('',#1963,#176);
#96=LINE('',#1964,#177);
#97=LINE('',#1967,#178);
#98=LINE('',#1973,#179);
#99=LINE('',#2012,#180);
#100=LINE('',#2018,#181);
#101=LINE('',#2019,#182);
#102=LINE('',#2022,#183);
#103=LINE('',#2023,#184);
#104=LINE('',#2034,#185);
#105=LINE('',#2042,#186);
#106=LINE('',#2046,#187);
#107=LINE('',#2050,#188);
#108=LINE('',#2055,#189);
#109=LINE('',#2064,#190);
#110=LINE('',#2066,#191);
#111=LINE('',#2068,#192);
#112=LINE('',#2070,#193);
#113=LINE('',#2072,#194);
#114=LINE('',#2074,#195);
#115=LINE('',#2349,#196);
#116=LINE('',#2350,#197);
#117=LINE('',#2355,#198);
#118=LINE('',#2356,#199);
#119=LINE('',#2362,#200);
#120=LINE('',#2364,#201);
#121=LINE('',#2365,#202);
#122=LINE('',#2368,#203);
#123=LINE('',#2377,#204);
#124=LINE('',#2381,#205);
#125=LINE('',#2390,#206);
#126=LINE('',#2391,#207);
#127=LINE('',#2394,#208);
#128=LINE('',#2395,#209);
#129=LINE('',#2398,#210);
#130=LINE('',#2401,#211);
#131=LINE('',#2404,#212);
#132=LINE('',#2406,#213);
#133=LINE('',#2408,#214);
#134=LINE('',#2427,#215);
#135=LINE('',#2444,#216);
#136=LINE('',#2447,#217);
#137=LINE('',#2449,#218);
#138=LINE('',#2451,#219);
#139=VECTOR('',#1345,10.);
#140=VECTOR('',#1346,10.);
#141=VECTOR('',#1375,10.);
#142=VECTOR('',#1376,10.);
#143=VECTOR('',#1387,10.);
#144=VECTOR('',#1390,10.);
#145=VECTOR('',#1393,10.);
#146=VECTOR('',#1394,10.);
#147=VECTOR('',#1395,10.);
#148=VECTOR('',#1396,10.);
#149=VECTOR('',#1397,10.);
#150=VECTOR('',#1400,10.);
#151=VECTOR('',#1401,10.);
#152=VECTOR('',#1402,10.);
#153=VECTOR('',#1403,10.);
#154=VECTOR('',#1408,10.);
#155=VECTOR('',#1413,10.);
#156=VECTOR('',#1416,10.);
#157=VECTOR('',#1421,10.);
#158=VECTOR('',#1424,10.);
#159=VECTOR('',#1435,10.);
#160=VECTOR('',#1436,10.);
#161=VECTOR('',#1441,10.);
#162=VECTOR('',#1444,10.);
#163=VECTOR('',#1449,10.);
#164=VECTOR('',#1450,10.);
#165=VECTOR('',#1453,10.);
#166=VECTOR('',#1454,10.);
#167=VECTOR('',#1459,10.);
#168=VECTOR('',#1462,10.);
#169=VECTOR('',#1473,10.);
#170=VECTOR('',#1474,10.);
#171=VECTOR('',#1479,10.);
#172=VECTOR('',#1480,10.);
#173=VECTOR('',#1485,10.);
#174=VECTOR('',#1486,10.);
#175=VECTOR('',#1489,10.);
#176=VECTOR('',#1490,10.);
#177=VECTOR('',#1491,10.);
#178=VECTOR('',#1494,10.);
#179=VECTOR('',#1497,10.);
#180=VECTOR('',#1502,10.);
#181=VECTOR('',#1505,10.);
#182=VECTOR('',#1506,10.);
#183=VECTOR('',#1509,10.);
#184=VECTOR('',#1510,10.);
#185=VECTOR('',#1525,5.5);
#186=VECTOR('',#1538,10.);
#187=VECTOR('',#1543,10.);
#188=VECTOR('',#1546,10.);
#189=VECTOR('',#1555,10.);
#190=VECTOR('',#1570,10.);
#191=VECTOR('',#1573,10.);
#192=VECTOR('',#1576,10.);
#193=VECTOR('',#1579,10.);
#194=VECTOR('',#1582,10.);
#195=VECTOR('',#1585,10.);
#196=VECTOR('',#1598,10.);
#197=VECTOR('',#1599,10.);
#198=VECTOR('',#1608,10.);
#199=VECTOR('',#1609,10.);
#200=VECTOR('',#1618,10.);
#201=VECTOR('',#1619,10.);
#202=VECTOR('',#1620,10.);
#203=VECTOR('',#1623,10.);
#204=VECTOR('',#1628,10.);
#205=VECTOR('',#1633,10.);
#206=VECTOR('',#1640,10.);
#207=VECTOR('',#1641,10.);
#208=VECTOR('',#1644,10.);
#209=VECTOR('',#1645,10.);
#210=VECTOR('',#1648,10.);
#211=VECTOR('',#1651,10.);
#212=VECTOR('',#1656,10.);
#213=VECTOR('',#1659,10.);
#214=VECTOR('',#1662,10.);
#215=VECTOR('',#1667,10.);
#216=VECTOR('',#1668,10.);
#217=VECTOR('',#1673,10.);
#218=VECTOR('',#1676,10.);
#219=VECTOR('',#1679,10.);
#220=CYLINDRICAL_SURFACE('',#1199,0.5);
#221=CYLINDRICAL_SURFACE('',#1213,0.5);
#222=CYLINDRICAL_SURFACE('',#1219,0.5);
#223=CYLINDRICAL_SURFACE('',#1224,0.5);
#224=CYLINDRICAL_SURFACE('',#1226,0.5);
#225=CYLINDRICAL_SURFACE('',#1229,0.5);
#226=CYLINDRICAL_SURFACE('',#1235,0.5);
#227=CYLINDRICAL_SURFACE('',#1237,0.5);
#228=CYLINDRICAL_SURFACE('',#1240,0.5);
#229=CYLINDRICAL_SURFACE('',#1241,0.5);
#230=CYLINDRICAL_SURFACE('',#1243,0.5);
#231=CYLINDRICAL_SURFACE('',#1249,0.5);
#232=CYLINDRICAL_SURFACE('',#1251,0.5);
#233=CYLINDRICAL_SURFACE('',#1253,0.5);
#234=CYLINDRICAL_SURFACE('',#1256,6.99999999999552);
#235=CYLINDRICAL_SURFACE('',#1266,5.5);
#236=CYLINDRICAL_SURFACE('',#1270,0.5);
#237=CYLINDRICAL_SURFACE('',#1272,0.5);
#238=CYLINDRICAL_SURFACE('',#1274,0.5);
#239=CYLINDRICAL_SURFACE('',#1276,0.5);
#240=CYLINDRICAL_SURFACE('',#1279,0.5);
#241=CYLINDRICAL_SURFACE('',#1281,0.5);
#242=CYLINDRICAL_SURFACE('',#1283,0.5);
#243=CYLINDRICAL_SURFACE('',#1287,0.5);
#244=CYLINDRICAL_SURFACE('',#1291,7.00000000000001);
#245=CYLINDRICAL_SURFACE('',#1298,0.5);
#246=CYLINDRICAL_SURFACE('',#1302,0.5);
#247=CYLINDRICAL_SURFACE('',#1307,0.399999999999983);
#248=CYLINDRICAL_SURFACE('',#1309,6.00000000000002);
#249=CYLINDRICAL_SURFACE('',#1311,0.399999999999991);
#250=CYLINDRICAL_SURFACE('',#1325,0.399999999999991);
#251=CYLINDRICAL_SURFACE('',#1326,4.49999999999999);
#252=CYLINDRICAL_SURFACE('',#1328,0.399999999999954);
#253=TOROIDAL_SURFACE('',#1195,2.60710678118652,0.5);
#254=TOROIDAL_SURFACE('',#1201,2.60710678118654,0.5);
#255=TOROIDAL_SURFACE('',#1205,2.29289321881344,0.5);
#256=TOROIDAL_SURFACE('',#1209,2.60710678118648,0.5);
#257=TOROIDAL_SURFACE('',#1215,2.60710678118653,0.5);
#258=TOROIDAL_SURFACE('',#1231,6.49999999999551,0.5);
#259=TOROIDAL_SURFACE('',#1245,6.50000000000001,0.5);
#260=TOROIDAL_SURFACE('',#1263,6.,0.5);
#261=TOROIDAL_SURFACE('',#1268,6.,0.5);
#262=TOROIDAL_SURFACE('',#1284,6.50000000000001,0.5);
#263=TOROIDAL_SURFACE('',#1299,5.50000000000002,0.5);
#264=TOROIDAL_SURFACE('',#1303,4.99999999999999,0.5);
#265=FACE_OUTER_BOUND('',#341,.T.);
#266=FACE_OUTER_BOUND('',#342,.T.);
#267=FACE_OUTER_BOUND('',#343,.T.);
#268=FACE_OUTER_BOUND('',#344,.T.);
#269=FACE_OUTER_BOUND('',#345,.T.);
#270=FACE_OUTER_BOUND('',#346,.T.);
#271=FACE_OUTER_BOUND('',#347,.T.);
#272=FACE_OUTER_BOUND('',#348,.T.);
#273=FACE_OUTER_BOUND('',#349,.T.);
#274=FACE_OUTER_BOUND('',#350,.T.);
#275=FACE_OUTER_BOUND('',#351,.T.);
#276=FACE_OUTER_BOUND('',#353,.T.);
#277=FACE_OUTER_BOUND('',#354,.T.);
#278=FACE_OUTER_BOUND('',#355,.T.);
#279=FACE_OUTER_BOUND('',#356,.T.);
#280=FACE_OUTER_BOUND('',#357,.T.);
#281=FACE_OUTER_BOUND('',#358,.T.);
#282=FACE_OUTER_BOUND('',#359,.T.);
#283=FACE_OUTER_BOUND('',#360,.T.);
#284=FACE_OUTER_BOUND('',#361,.T.);
#285=FACE_OUTER_BOUND('',#362,.T.);
#286=FACE_OUTER_BOUND('',#363,.T.);
#287=FACE_OUTER_BOUND('',#364,.T.);
#288=FACE_OUTER_BOUND('',#365,.T.);
#289=FACE_OUTER_BOUND('',#366,.T.);
#290=FACE_OUTER_BOUND('',#367,.T.);
#291=FACE_OUTER_BOUND('',#368,.T.);
#292=FACE_OUTER_BOUND('',#369,.T.);
#293=FACE_OUTER_BOUND('',#370,.T.);
#294=FACE_OUTER_BOUND('',#371,.T.);
#295=FACE_OUTER_BOUND('',#372,.T.);
#296=FACE_OUTER_BOUND('',#374,.T.);
#297=FACE_OUTER_BOUND('',#375,.T.);
#298=FACE_OUTER_BOUND('',#376,.T.);
#299=FACE_OUTER_BOUND('',#377,.T.);
#300=FACE_OUTER_BOUND('',#378,.T.);
#301=FACE_OUTER_BOUND('',#379,.T.);
#302=FACE_OUTER_BOUND('',#380,.T.);
#303=FACE_OUTER_BOUND('',#381,.T.);
#304=FACE_OUTER_BOUND('',#382,.T.);
#305=FACE_OUTER_BOUND('',#383,.T.);
#306=FACE_OUTER_BOUND('',#384,.T.);
#307=FACE_OUTER_BOUND('',#385,.T.);
#308=FACE_OUTER_BOUND('',#386,.T.);
#309=FACE_OUTER_BOUND('',#387,.T.);
#310=FACE_OUTER_BOUND('',#388,.T.);
#311=FACE_OUTER_BOUND('',#389,.T.);
#312=FACE_OUTER_BOUND('',#390,.T.);
#313=FACE_OUTER_BOUND('',#391,.T.);
#314=FACE_OUTER_BOUND('',#392,.T.);
#315=FACE_OUTER_BOUND('',#393,.T.);
#316=FACE_OUTER_BOUND('',#394,.T.);
#317=FACE_OUTER_BOUND('',#395,.T.);
#318=FACE_OUTER_BOUND('',#396,.T.);
#319=FACE_OUTER_BOUND('',#397,.T.);
#320=FACE_OUTER_BOUND('',#398,.T.);
#321=FACE_OUTER_BOUND('',#399,.T.);
#322=FACE_OUTER_BOUND('',#400,.T.);
#323=FACE_OUTER_BOUND('',#401,.T.);
#324=FACE_OUTER_BOUND('',#402,.T.);
#325=FACE_OUTER_BOUND('',#403,.T.);
#326=FACE_OUTER_BOUND('',#404,.T.);
#327=FACE_OUTER_BOUND('',#405,.T.);
#328=FACE_OUTER_BOUND('',#406,.T.);
#329=FACE_OUTER_BOUND('',#407,.T.);
#330=FACE_OUTER_BOUND('',#408,.T.);
#331=FACE_OUTER_BOUND('',#409,.T.);
#332=FACE_OUTER_BOUND('',#410,.T.);
#333=FACE_OUTER_BOUND('',#411,.T.);
#334=FACE_OUTER_BOUND('',#412,.T.);
#335=FACE_OUTER_BOUND('',#413,.T.);
#336=FACE_OUTER_BOUND('',#414,.T.);
#337=FACE_OUTER_BOUND('',#415,.T.);
#338=FACE_OUTER_BOUND('',#416,.T.);
#339=FACE_OUTER_BOUND('',#417,.T.);
#340=FACE_OUTER_BOUND('',#418,.T.);
#341=EDGE_LOOP('',(#756,#757,#758,#759));
#342=EDGE_LOOP('',(#760,#761,#762,#763));
#343=EDGE_LOOP('',(#764,#765,#766,#767));
#344=EDGE_LOOP('',(#768,#769,#770,#771));
#345=EDGE_LOOP('',(#772,#773,#774,#775));
#346=EDGE_LOOP('',(#776,#777,#778,#779));
#347=EDGE_LOOP('',(#780,#781,#782,#783));
#348=EDGE_LOOP('',(#784,#785,#786,#787));
#349=EDGE_LOOP('',(#788,#789,#790,#791));
#350=EDGE_LOOP('',(#792,#793,#794,#795));
#351=EDGE_LOOP('',(#796,#797,#798,#799,#800,#801,#802,#803,#804,#805,#806,
#807,#808,#809,#810,#811,#812,#813));
#352=EDGE_LOOP('',(#814));
#353=EDGE_LOOP('',(#815,#816,#817,#818));
#354=EDGE_LOOP('',(#819,#820,#821,#822));
#355=EDGE_LOOP('',(#823,#824,#825,#826));
#356=EDGE_LOOP('',(#827,#828,#829,#830));
#357=EDGE_LOOP('',(#831,#832,#833,#834));
#358=EDGE_LOOP('',(#835,#836,#837,#838));
#359=EDGE_LOOP('',(#839,#840,#841,#842));
#360=EDGE_LOOP('',(#843,#844,#845,#846));
#361=EDGE_LOOP('',(#847,#848,#849,#850));
#362=EDGE_LOOP('',(#851,#852,#853,#854));
#363=EDGE_LOOP('',(#855,#856,#857,#858));
#364=EDGE_LOOP('',(#859,#860,#861,#862));
#365=EDGE_LOOP('',(#863,#864,#865,#866));
#366=EDGE_LOOP('',(#867,#868,#869,#870));
#367=EDGE_LOOP('',(#871,#872,#873,#874,#875,#876));
#368=EDGE_LOOP('',(#877,#878,#879,#880,#881,#882,#883,#884));
#369=EDGE_LOOP('',(#885,#886,#887,#888,#889,#890));
#370=EDGE_LOOP('',(#891,#892,#893,#894));
#371=EDGE_LOOP('',(#895,#896,#897,#898));
#372=EDGE_LOOP('',(#899,#900,#901,#902,#903,#904,#905,#906,#907,#908,#909,
#910));
#373=EDGE_LOOP('',(#911));
#374=EDGE_LOOP('',(#912,#913,#914,#915));
#375=EDGE_LOOP('',(#916,#917,#918,#919));
#376=EDGE_LOOP('',(#920,#921,#922,#923));
#377=EDGE_LOOP('',(#924,#925,#926,#927));
#378=EDGE_LOOP('',(#928,#929,#930,#931));
#379=EDGE_LOOP('',(#932,#933,#934,#935));
#380=EDGE_LOOP('',(#936,#937,#938,#939));
#381=EDGE_LOOP('',(#940,#941,#942,#943));
#382=EDGE_LOOP('',(#944,#945,#946,#947));
#383=EDGE_LOOP('',(#948,#949,#950,#951));
#384=EDGE_LOOP('',(#952,#953,#954,#955));
#385=EDGE_LOOP('',(#956,#957,#958,#959));
#386=EDGE_LOOP('',(#960,#961,#962,#963));
#387=EDGE_LOOP('',(#964,#965,#966,#967));
#388=EDGE_LOOP('',(#968,#969,#970,#971));
#389=EDGE_LOOP('',(#972,#973,#974,#975));
#390=EDGE_LOOP('',(#976,#977,#978,#979));
#391=EDGE_LOOP('',(#980,#981,#982,#983));
#392=EDGE_LOOP('',(#984,#985,#986));
#393=EDGE_LOOP('',(#987,#988,#989));
#394=EDGE_LOOP('',(#990,#991,#992));
#395=EDGE_LOOP('',(#993,#994,#995));
#396=EDGE_LOOP('',(#996,#997,#998,#999));
#397=EDGE_LOOP('',(#1000,#1001,#1002,#1003));
#398=EDGE_LOOP('',(#1004,#1005,#1006,#1007));
#399=EDGE_LOOP('',(#1008,#1009,#1010,#1011));
#400=EDGE_LOOP('',(#1012,#1013,#1014,#1015));
#401=EDGE_LOOP('',(#1016,#1017,#1018,#1019,#1020));
#402=EDGE_LOOP('',(#1021,#1022,#1023,#1024));
#403=EDGE_LOOP('',(#1025,#1026,#1027,#1028,#1029));
#404=EDGE_LOOP('',(#1030,#1031,#1032,#1033));
#405=EDGE_LOOP('',(#1034,#1035,#1036,#1037,#1038,#1039,#1040));
#406=EDGE_LOOP('',(#1041,#1042,#1043,#1044));
#407=EDGE_LOOP('',(#1045,#1046,#1047,#1048));
#408=EDGE_LOOP('',(#1049,#1050,#1051,#1052));
#409=EDGE_LOOP('',(#1053,#1054,#1055,#1056));
#410=EDGE_LOOP('',(#1057,#1058,#1059,#1060,#1061,#1062,#1063));
#411=EDGE_LOOP('',(#1064,#1065,#1066,#1067));
#412=EDGE_LOOP('',(#1068,#1069,#1070,#1071));
#413=EDGE_LOOP('',(#1072,#1073,#1074,#1075));
#414=EDGE_LOOP('',(#1076,#1077,#1078,#1079));
#415=EDGE_LOOP('',(#1080,#1081,#1082,#1083));
#416=EDGE_LOOP('',(#1084,#1085,#1086,#1087));
#417=EDGE_LOOP('',(#1088,#1089,#1090,#1091));
#418=EDGE_LOOP('',(#1092,#1093,#1094,#1095));
#419=B_SPLINE_CURVE_WITH_KNOTS('',3,(#1727,#1728,#1729,#1730,#1731,#1732),
 .UNSPECIFIED.,.F.,.F.,(4,1,1,4),(-1.12034029625215,-1.09366761001867,-1.06699492378518,
-1.03447219798842),.UNSPECIFIED.);
#420=B_SPLINE_CURVE_WITH_KNOTS('',3,(#1734,#1735,#1736,#1737,#1738,#1739,
#1740,#1741),.UNSPECIFIED.,.F.,.F.,(4,2,2,4),(0.,0.0141966108074139,0.0779030374163507,
0.0786872698658607),.UNSPECIFIED.);
#421=B_SPLINE_CURVE_WITH_KNOTS('',3,(#1742,#1743,#1744,#1745,#1746,#1747,
#1748,#1749),.UNSPECIFIED.,.F.,.F.,(4,1,1,1,1,4),(0.933631492617738,0.97364052196797,
1.0136495513182,1.06699492378518,1.09366761001867,1.12034029625215),
 .UNSPECIFIED.);
#422=B_SPLINE_CURVE_WITH_KNOTS('',3,(#1828,#1829,#1830,#1831,#1832,#1833,
#1834,#1835,#1836,#1837,#1838,#1839,#1840),.UNSPECIFIED.,.F.,.F.,(4,3,3,
3,4),(-1.14079708813866,-1.08745333489699,-1.06078145827614,-1.00743770503445,
-0.954093951865149),.UNSPECIFIED.);
#423=B_SPLINE_CURVE_WITH_KNOTS('',3,(#1842,#1843,#1844,#1845,#1846,#1847,
#1848,#1849),.UNSPECIFIED.,.F.,.F.,(4,2,2,4),(-0.00134905796360657,0.,0.0886816729278679,
0.129553015111831),.UNSPECIFIED.);
#424=B_SPLINE_CURVE_WITH_KNOTS('',3,(#1850,#1851,#1852,#1853,#1854,#1855),
 .UNSPECIFIED.,.F.,.F.,(4,1,1,4),(1.05506885698148,1.06078145827615,1.08745333489699,
1.14079708813868),.UNSPECIFIED.);
#425=B_SPLINE_CURVE_WITH_KNOTS('',3,(#1975,#1976,#1977,#1978),
 .UNSPECIFIED.,.F.,.F.,(4,4),(0.256024854490541,0.267864391462462),
 .UNSPECIFIED.);
#426=B_SPLINE_CURVE_WITH_KNOTS('',3,(#1980,#1981,#1982,#1983,#1984,#1985,
#1986,#1987,#1988,#1989,#1990,#1991),.UNSPECIFIED.,.F.,.F.,(4,2,2,2,2,4),
(0.285285264407497,0.303036449165186,0.330657058244916,0.388431805021183,
0.471852774785732,0.587324242504012),.UNSPECIFIED.);
#427=B_SPLINE_CURVE_WITH_KNOTS('',3,(#1995,#1996,#1997,#1998,#1999,#2000,
#2001,#2002,#2003,#2004,#2005,#2006),.UNSPECIFIED.,.F.,.F.,(4,2,2,2,2,4),
(0.,0.146640050607057,0.227759116059406,0.260328638244086,0.282203982011811,
0.285285264407752),.UNSPECIFIED.);
#428=B_SPLINE_CURVE_WITH_KNOTS('',3,(#2007,#2008,#2009,#2010),
 .UNSPECIFIED.,.F.,.F.,(4,4),(0.599482836850558,0.611391481445083),
 .UNSPECIFIED.);
#429=B_SPLINE_CURVE_WITH_KNOTS('',3,(#2118,#2119,#2120,#2121,#2122,#2123,
#2124,#2125),.UNSPECIFIED.,.F.,.F.,(4,1,1,2,4),(0.,0.00684914762015225,
0.0102737214302284,0.0171228690503806,0.0172929721198235),.UNSPECIFIED.);
#430=B_SPLINE_CURVE_WITH_KNOTS('',3,(#2127,#2128,#2129,#2130,#2131,#2132,
#2133,#2134),.UNSPECIFIED.,.F.,.F.,(4,2,1,1,4),(-0.0172929721198235,-0.0171228690503806,
-0.0102737214302284,-0.00684914762015225,0.),.UNSPECIFIED.);
#431=B_SPLINE_CURVE_WITH_KNOTS('',3,(#2178,#2179,#2180,#2181,#2182,#2183,
#2184,#2185),.UNSPECIFIED.,.F.,.F.,(4,1,1,2,4),(-0.0171228687981857,-0.0068491475192743,
-0.00342457375963715,0.,0.000170103297270142),.UNSPECIFIED.);
#432=B_SPLINE_CURVE_WITH_KNOTS('',3,(#2187,#2188,#2189,#2190,#2191,#2192,
#2193,#2194),.UNSPECIFIED.,.F.,.F.,(4,2,1,1,4),(-0.000170103297270142,0.,
0.00342457375963715,0.0068491475192743,0.0171228687981857),
 .UNSPECIFIED.);
#433=B_SPLINE_CURVE_WITH_KNOTS('',3,(#2252,#2253,#2254,#2255,#2256,#2257,
#2258,#2259,#2260),.UNSPECIFIED.,.F.,.F.,(4,1,1,1,2,4),(0.,0.00430493135575788,
0.0129147940672736,0.0172197254230315,0.0215246567787894,0.0217700386712623),
 .UNSPECIFIED.);
#434=B_SPLINE_CURVE_WITH_KNOTS('',3,(#2262,#2263,#2264,#2265,#2266,#2267,
#2268,#2269,#2270),.UNSPECIFIED.,.F.,.F.,(4,2,1,1,1,4),(-0.0217700386712623,
-0.0215246567787894,-0.0172197254230315,-0.0129147940672736,-0.00430493135575788,
0.),.UNSPECIFIED.);
#435=B_SPLINE_CURVE_WITH_KNOTS('',3,(#2328,#2329,#2330,#2331,#2332,#2333,
#2334,#2335,#2336),.UNSPECIFIED.,.F.,.F.,(4,1,1,1,2,4),(-0.0215246564601585,
-0.0172197251681268,-0.0129147938760951,-0.00860986258406341,0.,0.000245382215240972),
 .UNSPECIFIED.);
#436=B_SPLINE_CURVE_WITH_KNOTS('',3,(#2338,#2339,#2340,#2341,#2342,#2343,
#2344,#2345,#2346),.UNSPECIFIED.,.F.,.F.,(4,2,1,1,1,4),(-0.000245382215240972,
0.,0.00860986258406341,0.0129147938760951,0.0172197251681268,0.0215246564601585),
 .UNSPECIFIED.);
#437=B_SPLINE_CURVE_WITH_KNOTS('',3,(#2370,#2371,#2372,#2373),
 .UNSPECIFIED.,.F.,.F.,(4,4),(-1.11300907218503,2.65964013658418E-15),
 .UNSPECIFIED.);
#438=B_SPLINE_CURVE_WITH_KNOTS('',3,(#2384,#2385,#2386,#2387),
 .UNSPECIFIED.,.F.,.F.,(4,4),(-1.89725269315811,-0.784243620972967),
 .UNSPECIFIED.);
#439=CIRCLE('',#1194,0.5);
#440=CIRCLE('',#1196,2.60710678118652);
#441=CIRCLE('',#1197,0.5);
#442=CIRCLE('',#1198,2.25355339059324);
#443=CIRCLE('',#1200,0.5);
#444=CIRCLE('',#1202,0.5);
#445=CIRCLE('',#1203,2.25355339059327);
#446=CIRCLE('',#1204,2.60710678118654);
#447=CIRCLE('',#1206,0.5);
#448=CIRCLE('',#1207,2.64644660940672);
#449=CIRCLE('',#1208,2.29289321881344);
#450=CIRCLE('',#1210,0.5);
#451=CIRCLE('',#1211,2.2535533905932);
#452=CIRCLE('',#1212,2.60710678118648);
#453=CIRCLE('',#1214,0.5);
#454=CIRCLE('',#1216,0.5);
#455=CIRCLE('',#1217,2.25355339059326);
#456=CIRCLE('',#1218,2.60710678118653);
#457=CIRCLE('',#1222,6.50000000000001);
#458=CIRCLE('',#1223,6.);
#459=CIRCLE('',#1230,0.5);
#460=CIRCLE('',#1232,0.5);
#461=CIRCLE('',#1233,6.99999999999552);
#462=CIRCLE('',#1234,6.49999999999551);
#463=CIRCLE('',#1244,0.5);
#464=CIRCLE('',#1246,0.5);
#465=CIRCLE('',#1247,7.00000000000001);
#466=CIRCLE('',#1248,6.50000000000001);
#467=CIRCLE('',#1257,6.99999999999552);
#468=CIRCLE('',#1262,6.);
#469=CIRCLE('',#1264,5.5);
#470=CIRCLE('',#1265,0.5);
#471=CIRCLE('',#1267,5.5);
#472=CIRCLE('',#1269,0.5);
#473=CIRCLE('',#1277,0.5);
#474=CIRCLE('',#1285,0.5);
#475=CIRCLE('',#1286,7.00000000000001);
#476=CIRCLE('',#1294,0.399999999999957);
#477=CIRCLE('',#1295,0.399999999999991);
#478=CIRCLE('',#1296,0.399999999999984);
#479=CIRCLE('',#1297,0.399999999999991);
#480=CIRCLE('',#1300,5.50000000000002);
#481=CIRCLE('',#1301,6.00000000000002);
#482=CIRCLE('',#1304,4.99999999999999);
#483=CIRCLE('',#1305,4.49999999999999);
#484=CIRCLE('',#1308,0.399999999999983);
#485=CIRCLE('',#1310,6.00000000000002);
#486=CIRCLE('',#1312,0.399999999999991);
#487=CIRCLE('',#1317,4.49999999999999);
#488=CIRCLE('',#1319,0.399999999999991);
#489=CIRCLE('',#1323,0.399999999999954);
#490=VERTEX_POINT('',#1723);
#491=VERTEX_POINT('',#1724);
#492=VERTEX_POINT('',#1726);
#493=VERTEX_POINT('',#1733);
#494=VERTEX_POINT('',#1751);
#495=VERTEX_POINT('',#1753);
#496=VERTEX_POINT('',#1757);
#497=VERTEX_POINT('',#1758);
#498=VERTEX_POINT('',#1763);
#499=VERTEX_POINT('',#1764);
#500=VERTEX_POINT('',#1769);
#501=VERTEX_POINT('',#1770);
#502=VERTEX_POINT('',#1775);
#503=VERTEX_POINT('',#1776);
#504=VERTEX_POINT('',#1781);
#505=VERTEX_POINT('',#1782);
#506=VERTEX_POINT('',#1787);
#507=VERTEX_POINT('',#1788);
#508=VERTEX_POINT('',#1827);
#509=VERTEX_POINT('',#1841);
#510=VERTEX_POINT('',#1857);
#511=VERTEX_POINT('',#1859);
#512=VERTEX_POINT('',#1863);
#513=VERTEX_POINT('',#1865);
#514=VERTEX_POINT('',#1867);
#515=VERTEX_POINT('',#1869);
#516=VERTEX_POINT('',#1871);
#517=VERTEX_POINT('',#1873);
#518=VERTEX_POINT('',#1875);
#519=VERTEX_POINT('',#1877);
#520=VERTEX_POINT('',#1879);
#521=VERTEX_POINT('',#1882);
#522=VERTEX_POINT('',#1885);
#523=VERTEX_POINT('',#1889);
#524=VERTEX_POINT('',#1890);
#525=VERTEX_POINT('',#1892);
#526=VERTEX_POINT('',#1894);
#527=VERTEX_POINT('',#1898);
#528=VERTEX_POINT('',#1900);
#529=VERTEX_POINT('',#1904);
#530=VERTEX_POINT('',#1905);
#531=VERTEX_POINT('',#1910);
#532=VERTEX_POINT('',#1912);
#533=VERTEX_POINT('',#1916);
#534=VERTEX_POINT('',#1917);
#535=VERTEX_POINT('',#1919);
#536=VERTEX_POINT('',#1921);
#537=VERTEX_POINT('',#1928);
#538=VERTEX_POINT('',#1930);
#539=VERTEX_POINT('',#1934);
#540=VERTEX_POINT('',#1936);
#541=VERTEX_POINT('',#1940);
#542=VERTEX_POINT('',#1941);
#543=VERTEX_POINT('',#1946);
#544=VERTEX_POINT('',#1948);
#545=VERTEX_POINT('',#1952);
#546=VERTEX_POINT('',#1954);
#547=VERTEX_POINT('',#1962);
#548=VERTEX_POINT('',#1966);
#549=VERTEX_POINT('',#1972);
#550=VERTEX_POINT('',#1974);
#551=VERTEX_POINT('',#1979);
#552=VERTEX_POINT('',#1992);
#553=VERTEX_POINT('',#1994);
#554=VERTEX_POINT('',#2017);
#555=VERTEX_POINT('',#2021);
#556=VERTEX_POINT('',#2025);
#557=VERTEX_POINT('',#2028);
#558=VERTEX_POINT('',#2032);
#559=VERTEX_POINT('',#2040);
#560=VERTEX_POINT('',#2044);
#561=VERTEX_POINT('',#2048);
#562=VERTEX_POINT('',#2049);
#563=VERTEX_POINT('',#2060);
#564=VERTEX_POINT('',#2116);
#565=VERTEX_POINT('',#2117);
#566=VERTEX_POINT('',#2126);
#567=VERTEX_POINT('',#2176);
#568=VERTEX_POINT('',#2177);
#569=VERTEX_POINT('',#2186);
#570=VERTEX_POINT('',#2250);
#571=VERTEX_POINT('',#2251);
#572=VERTEX_POINT('',#2261);
#573=VERTEX_POINT('',#2326);
#574=VERTEX_POINT('',#2327);
#575=VERTEX_POINT('',#2337);
#576=VERTEX_POINT('',#2361);
#577=VERTEX_POINT('',#2363);
#578=VERTEX_POINT('',#2367);
#579=VERTEX_POINT('',#2369);
#580=VERTEX_POINT('',#2376);
#581=VERTEX_POINT('',#2380);
#582=VERTEX_POINT('',#2382);
#583=VERTEX_POINT('',#2393);
#584=VERTEX_POINT('',#2397);
#585=VERTEX_POINT('',#2399);
#586=EDGE_CURVE('',#490,#491,#439,.T.);
#587=EDGE_CURVE('',#491,#492,#419,.T.);
#588=EDGE_CURVE('',#492,#493,#420,.T.);
#589=EDGE_CURVE('',#493,#490,#421,.T.);
#590=EDGE_CURVE('',#490,#494,#440,.T.);
#591=EDGE_CURVE('',#494,#495,#441,.T.);
#592=EDGE_CURVE('',#495,#491,#442,.T.);
#593=EDGE_CURVE('',#496,#497,#443,.T.);
#594=EDGE_CURVE('',#497,#495,#58,.T.);
#595=EDGE_CURVE('',#494,#496,#59,.T.);
#596=EDGE_CURVE('',#498,#499,#444,.T.);
#597=EDGE_CURVE('',#499,#497,#445,.T.);
#598=EDGE_CURVE('',#496,#498,#446,.T.);
#599=EDGE_CURVE('',#500,#501,#447,.T.);
#600=EDGE_CURVE('',#501,#499,#448,.T.);
#601=EDGE_CURVE('',#498,#500,#449,.T.);
#602=EDGE_CURVE('',#502,#503,#450,.T.);
#603=EDGE_CURVE('',#503,#501,#451,.T.);
#604=EDGE_CURVE('',#500,#502,#452,.T.);
#605=EDGE_CURVE('',#504,#505,#453,.T.);
#606=EDGE_CURVE('',#505,#503,#60,.T.);
#607=EDGE_CURVE('',#502,#504,#61,.T.);
#608=EDGE_CURVE('',#506,#507,#454,.T.);
#609=EDGE_CURVE('',#507,#505,#455,.T.);
#610=EDGE_CURVE('',#504,#506,#456,.T.);
#611=EDGE_CURVE('',#506,#508,#422,.T.);
#612=EDGE_CURVE('',#508,#509,#423,.T.);
#613=EDGE_CURVE('',#509,#507,#424,.T.);
#614=EDGE_CURVE('',#506,#510,#62,.T.);
#615=EDGE_CURVE('',#510,#511,#42,.F.);
#616=EDGE_CURVE('',#511,#508,#63,.T.);
#617=EDGE_CURVE('',#512,#490,#64,.T.);
#618=EDGE_CURVE('',#513,#512,#65,.T.);
#619=EDGE_CURVE('',#514,#513,#66,.T.);
#620=EDGE_CURVE('',#515,#514,#67,.T.);
#621=EDGE_CURVE('',#516,#515,#68,.T.);
#622=EDGE_CURVE('',#517,#516,#457,.T.);
#623=EDGE_CURVE('',#518,#517,#69,.T.);
#624=EDGE_CURVE('',#519,#518,#70,.T.);
#625=EDGE_CURVE('',#520,#519,#71,.T.);
#626=EDGE_CURVE('',#510,#520,#72,.T.);
#627=EDGE_CURVE('',#521,#521,#458,.T.);
#628=EDGE_CURVE('',#493,#522,#73,.T.);
#629=EDGE_CURVE('',#522,#512,#43,.F.);
#630=EDGE_CURVE('',#523,#524,#74,.T.);
#631=EDGE_CURVE('',#524,#525,#44,.T.);
#632=EDGE_CURVE('',#525,#526,#75,.T.);
#633=EDGE_CURVE('',#523,#526,#45,.T.);
#634=EDGE_CURVE('',#524,#527,#76,.T.);
#635=EDGE_CURVE('',#527,#528,#459,.T.);
#636=EDGE_CURVE('',#528,#525,#77,.T.);
#637=EDGE_CURVE('',#529,#530,#460,.T.);
#638=EDGE_CURVE('',#530,#528,#461,.T.);
#639=EDGE_CURVE('',#527,#529,#462,.T.);
#640=EDGE_CURVE('',#531,#530,#78,.T.);
#641=EDGE_CURVE('',#529,#532,#79,.T.);
#642=EDGE_CURVE('',#532,#531,#46,.T.);
#643=EDGE_CURVE('',#533,#534,#80,.T.);
#644=EDGE_CURVE('',#534,#535,#47,.T.);
#645=EDGE_CURVE('',#535,#536,#81,.T.);
#646=EDGE_CURVE('',#536,#533,#48,.T.);
#647=EDGE_CURVE('',#532,#535,#82,.T.);
#648=EDGE_CURVE('',#534,#531,#83,.T.);
#649=EDGE_CURVE('',#537,#533,#84,.T.);
#650=EDGE_CURVE('',#536,#538,#85,.T.);
#651=EDGE_CURVE('',#538,#537,#49,.T.);
#652=EDGE_CURVE('',#538,#539,#86,.T.);
#653=EDGE_CURVE('',#539,#540,#463,.T.);
#654=EDGE_CURVE('',#540,#537,#87,.T.);
#655=EDGE_CURVE('',#541,#542,#464,.T.);
#656=EDGE_CURVE('',#542,#540,#465,.T.);
#657=EDGE_CURVE('',#539,#541,#466,.T.);
#658=EDGE_CURVE('',#543,#542,#88,.T.);
#659=EDGE_CURVE('',#541,#544,#89,.T.);
#660=EDGE_CURVE('',#544,#543,#50,.T.);
#661=EDGE_CURVE('',#545,#543,#90,.T.);
#662=EDGE_CURVE('',#544,#546,#91,.T.);
#663=EDGE_CURVE('',#546,#545,#51,.T.);
#664=EDGE_CURVE('',#526,#545,#92,.T.);
#665=EDGE_CURVE('',#546,#523,#93,.T.);
#666=EDGE_CURVE('',#525,#511,#94,.T.);
#667=EDGE_CURVE('',#547,#511,#95,.T.);
#668=EDGE_CURVE('',#526,#547,#96,.T.);
#669=EDGE_CURVE('',#528,#548,#97,.T.);
#670=EDGE_CURVE('',#509,#548,#21,.T.);
#671=EDGE_CURVE('',#530,#549,#98,.T.);
#672=EDGE_CURVE('',#550,#549,#425,.T.);
#673=EDGE_CURVE('',#551,#550,#426,.T.);
#674=EDGE_CURVE('',#552,#551,#467,.T.);
#675=EDGE_CURVE('',#553,#552,#427,.T.);
#676=EDGE_CURVE('',#548,#553,#428,.T.);
#677=EDGE_CURVE('',#531,#522,#99,.T.);
#678=EDGE_CURVE('',#549,#492,#22,.T.);
#679=EDGE_CURVE('',#534,#554,#100,.T.);
#680=EDGE_CURVE('',#522,#554,#101,.T.);
#681=EDGE_CURVE('',#533,#555,#102,.T.);
#682=EDGE_CURVE('',#554,#555,#103,.T.);
#683=EDGE_CURVE('',#556,#556,#468,.T.);
#684=EDGE_CURVE('',#557,#557,#469,.T.);
#685=EDGE_CURVE('',#557,#556,#470,.T.);
#686=EDGE_CURVE('',#558,#558,#471,.T.);
#687=EDGE_CURVE('',#558,#557,#104,.T.);
#688=EDGE_CURVE('',#521,#558,#472,.T.);
#689=EDGE_CURVE('',#520,#547,#52,.T.);
#690=EDGE_CURVE('',#519,#559,#53,.T.);
#691=EDGE_CURVE('',#559,#547,#105,.T.);
#692=EDGE_CURVE('',#518,#560,#54,.T.);
#693=EDGE_CURVE('',#560,#559,#106,.T.);
#694=EDGE_CURVE('',#561,#562,#107,.T.);
#695=EDGE_CURVE('',#562,#516,#473,.T.);
#696=EDGE_CURVE('',#515,#561,#55,.T.);
#697=EDGE_CURVE('',#514,#555,#56,.T.);
#698=EDGE_CURVE('',#555,#561,#108,.T.);
#699=EDGE_CURVE('',#513,#554,#57,.T.);
#700=EDGE_CURVE('',#563,#517,#474,.T.);
#701=EDGE_CURVE('',#562,#563,#475,.T.);
#702=EDGE_CURVE('',#563,#560,#109,.T.);
#703=EDGE_CURVE('',#545,#559,#110,.T.);
#704=EDGE_CURVE('',#543,#560,#111,.T.);
#705=EDGE_CURVE('',#542,#563,#112,.T.);
#706=EDGE_CURVE('',#540,#562,#113,.T.);
#707=EDGE_CURVE('',#537,#561,#114,.T.);
#708=EDGE_CURVE('',#564,#565,#429,.T.);
#709=EDGE_CURVE('',#565,#566,#430,.T.);
#710=EDGE_CURVE('',#566,#564,#476,.T.);
#711=EDGE_CURVE('',#567,#568,#431,.T.);
#712=EDGE_CURVE('',#568,#569,#432,.T.);
#713=EDGE_CURVE('',#569,#567,#477,.T.);
#714=EDGE_CURVE('',#570,#571,#433,.T.);
#715=EDGE_CURVE('',#571,#572,#434,.T.);
#716=EDGE_CURVE('',#572,#570,#478,.T.);
#717=EDGE_CURVE('',#573,#574,#435,.T.);
#718=EDGE_CURVE('',#574,#575,#436,.T.);
#719=EDGE_CURVE('',#575,#573,#479,.T.);
#720=EDGE_CURVE('',#564,#575,#115,.T.);
#721=EDGE_CURVE('',#574,#565,#116,.T.);
#722=EDGE_CURVE('',#571,#574,#480,.T.);
#723=EDGE_CURVE('',#573,#572,#481,.T.);
#724=EDGE_CURVE('',#568,#571,#117,.T.);
#725=EDGE_CURVE('',#570,#569,#118,.T.);
#726=EDGE_CURVE('',#565,#568,#482,.T.);
#727=EDGE_CURVE('',#567,#566,#483,.T.);
#728=EDGE_CURVE('',#576,#570,#119,.T.);
#729=EDGE_CURVE('',#577,#576,#120,.T.);
#730=EDGE_CURVE('',#577,#569,#121,.T.);
#731=EDGE_CURVE('',#578,#572,#122,.T.);
#732=EDGE_CURVE('',#579,#578,#437,.T.);
#733=EDGE_CURVE('',#576,#579,#484,.T.);
#734=EDGE_CURVE('',#580,#573,#123,.T.);
#735=EDGE_CURVE('',#578,#580,#485,.T.);
#736=EDGE_CURVE('',#581,#575,#124,.T.);
#737=EDGE_CURVE('',#582,#581,#486,.T.);
#738=EDGE_CURVE('',#580,#582,#438,.T.);
#739=EDGE_CURVE('',#553,#582,#125,.T.);
#740=EDGE_CURVE('',#581,#505,#126,.T.);
#741=EDGE_CURVE('',#581,#583,#127,.T.);
#742=EDGE_CURVE('',#583,#503,#128,.T.);
#743=EDGE_CURVE('',#501,#584,#129,.T.);
#744=EDGE_CURVE('',#584,#585,#487,.T.);
#745=EDGE_CURVE('',#585,#499,#130,.T.);
#746=EDGE_CURVE('',#585,#577,#488,.T.);
#747=EDGE_CURVE('',#577,#497,#131,.T.);
#748=EDGE_CURVE('',#576,#495,#132,.T.);
#749=EDGE_CURVE('',#579,#550,#133,.T.);
#750=EDGE_CURVE('',#583,#584,#489,.T.);
#751=EDGE_CURVE('',#578,#551,#134,.T.);
#752=EDGE_CURVE('',#552,#580,#135,.T.);
#753=EDGE_CURVE('',#585,#567,#136,.T.);
#754=EDGE_CURVE('',#584,#566,#137,.T.);
#755=EDGE_CURVE('',#583,#564,#138,.T.);
#756=ORIENTED_EDGE('',*,*,#586,.T.);
#757=ORIENTED_EDGE('',*,*,#587,.T.);
#758=ORIENTED_EDGE('',*,*,#588,.T.);
#759=ORIENTED_EDGE('',*,*,#589,.T.);
#760=ORIENTED_EDGE('',*,*,#586,.F.);
#761=ORIENTED_EDGE('',*,*,#590,.T.);
#762=ORIENTED_EDGE('',*,*,#591,.T.);
#763=ORIENTED_EDGE('',*,*,#592,.T.);
#764=ORIENTED_EDGE('',*,*,#593,.T.);
#765=ORIENTED_EDGE('',*,*,#594,.T.);
#766=ORIENTED_EDGE('',*,*,#591,.F.);
#767=ORIENTED_EDGE('',*,*,#595,.T.);
#768=ORIENTED_EDGE('',*,*,#596,.T.);
#769=ORIENTED_EDGE('',*,*,#597,.T.);
#770=ORIENTED_EDGE('',*,*,#593,.F.);
#771=ORIENTED_EDGE('',*,*,#598,.T.);
#772=ORIENTED_EDGE('',*,*,#599,.T.);
#773=ORIENTED_EDGE('',*,*,#600,.T.);
#774=ORIENTED_EDGE('',*,*,#596,.F.);
#775=ORIENTED_EDGE('',*,*,#601,.T.);
#776=ORIENTED_EDGE('',*,*,#602,.T.);
#777=ORIENTED_EDGE('',*,*,#603,.T.);
#778=ORIENTED_EDGE('',*,*,#599,.F.);
#779=ORIENTED_EDGE('',*,*,#604,.T.);
#780=ORIENTED_EDGE('',*,*,#605,.T.);
#781=ORIENTED_EDGE('',*,*,#606,.T.);
#782=ORIENTED_EDGE('',*,*,#602,.F.);
#783=ORIENTED_EDGE('',*,*,#607,.T.);
#784=ORIENTED_EDGE('',*,*,#608,.T.);
#785=ORIENTED_EDGE('',*,*,#609,.T.);
#786=ORIENTED_EDGE('',*,*,#605,.F.);
#787=ORIENTED_EDGE('',*,*,#610,.T.);
#788=ORIENTED_EDGE('',*,*,#608,.F.);
#789=ORIENTED_EDGE('',*,*,#611,.T.);
#790=ORIENTED_EDGE('',*,*,#612,.T.);
#791=ORIENTED_EDGE('',*,*,#613,.T.);
#792=ORIENTED_EDGE('',*,*,#611,.F.);
#793=ORIENTED_EDGE('',*,*,#614,.T.);
#794=ORIENTED_EDGE('',*,*,#615,.T.);
#795=ORIENTED_EDGE('',*,*,#616,.T.);
#796=ORIENTED_EDGE('',*,*,#610,.F.);
#797=ORIENTED_EDGE('',*,*,#607,.F.);
#798=ORIENTED_EDGE('',*,*,#604,.F.);
#799=ORIENTED_EDGE('',*,*,#601,.F.);
#800=ORIENTED_EDGE('',*,*,#598,.F.);
#801=ORIENTED_EDGE('',*,*,#595,.F.);
#802=ORIENTED_EDGE('',*,*,#590,.F.);
#803=ORIENTED_EDGE('',*,*,#617,.F.);
#804=ORIENTED_EDGE('',*,*,#618,.F.);
#805=ORIENTED_EDGE('',*,*,#619,.F.);
#806=ORIENTED_EDGE('',*,*,#620,.F.);
#807=ORIENTED_EDGE('',*,*,#621,.F.);
#808=ORIENTED_EDGE('',*,*,#622,.F.);
#809=ORIENTED_EDGE('',*,*,#623,.F.);
#810=ORIENTED_EDGE('',*,*,#624,.F.);
#811=ORIENTED_EDGE('',*,*,#625,.F.);
#812=ORIENTED_EDGE('',*,*,#626,.F.);
#813=ORIENTED_EDGE('',*,*,#614,.F.);
#814=ORIENTED_EDGE('',*,*,#627,.F.);
#815=ORIENTED_EDGE('',*,*,#589,.F.);
#816=ORIENTED_EDGE('',*,*,#628,.T.);
#817=ORIENTED_EDGE('',*,*,#629,.T.);
#818=ORIENTED_EDGE('',*,*,#617,.T.);
#819=ORIENTED_EDGE('',*,*,#630,.T.);
#820=ORIENTED_EDGE('',*,*,#631,.T.);
#821=ORIENTED_EDGE('',*,*,#632,.T.);
#822=ORIENTED_EDGE('',*,*,#633,.F.);
#823=ORIENTED_EDGE('',*,*,#634,.T.);
#824=ORIENTED_EDGE('',*,*,#635,.T.);
#825=ORIENTED_EDGE('',*,*,#636,.T.);
#826=ORIENTED_EDGE('',*,*,#631,.F.);
#827=ORIENTED_EDGE('',*,*,#637,.T.);
#828=ORIENTED_EDGE('',*,*,#638,.T.);
#829=ORIENTED_EDGE('',*,*,#635,.F.);
#830=ORIENTED_EDGE('',*,*,#639,.T.);
#831=ORIENTED_EDGE('',*,*,#640,.T.);
#832=ORIENTED_EDGE('',*,*,#637,.F.);
#833=ORIENTED_EDGE('',*,*,#641,.T.);
#834=ORIENTED_EDGE('',*,*,#642,.T.);
#835=ORIENTED_EDGE('',*,*,#643,.T.);
#836=ORIENTED_EDGE('',*,*,#644,.T.);
#837=ORIENTED_EDGE('',*,*,#645,.T.);
#838=ORIENTED_EDGE('',*,*,#646,.T.);
#839=ORIENTED_EDGE('',*,*,#647,.T.);
#840=ORIENTED_EDGE('',*,*,#644,.F.);
#841=ORIENTED_EDGE('',*,*,#648,.T.);
#842=ORIENTED_EDGE('',*,*,#642,.F.);
#843=ORIENTED_EDGE('',*,*,#649,.T.);
#844=ORIENTED_EDGE('',*,*,#646,.F.);
#845=ORIENTED_EDGE('',*,*,#650,.T.);
#846=ORIENTED_EDGE('',*,*,#651,.T.);
#847=ORIENTED_EDGE('',*,*,#652,.T.);
#848=ORIENTED_EDGE('',*,*,#653,.T.);
#849=ORIENTED_EDGE('',*,*,#654,.T.);
#850=ORIENTED_EDGE('',*,*,#651,.F.);
#851=ORIENTED_EDGE('',*,*,#655,.T.);
#852=ORIENTED_EDGE('',*,*,#656,.T.);
#853=ORIENTED_EDGE('',*,*,#653,.F.);
#854=ORIENTED_EDGE('',*,*,#657,.T.);
#855=ORIENTED_EDGE('',*,*,#658,.T.);
#856=ORIENTED_EDGE('',*,*,#655,.F.);
#857=ORIENTED_EDGE('',*,*,#659,.T.);
#858=ORIENTED_EDGE('',*,*,#660,.T.);
#859=ORIENTED_EDGE('',*,*,#661,.T.);
#860=ORIENTED_EDGE('',*,*,#660,.F.);
#861=ORIENTED_EDGE('',*,*,#662,.T.);
#862=ORIENTED_EDGE('',*,*,#663,.T.);
#863=ORIENTED_EDGE('',*,*,#664,.T.);
#864=ORIENTED_EDGE('',*,*,#663,.F.);
#865=ORIENTED_EDGE('',*,*,#665,.T.);
#866=ORIENTED_EDGE('',*,*,#633,.T.);
#867=ORIENTED_EDGE('',*,*,#632,.F.);
#868=ORIENTED_EDGE('',*,*,#666,.T.);
#869=ORIENTED_EDGE('',*,*,#667,.F.);
#870=ORIENTED_EDGE('',*,*,#668,.F.);
#871=ORIENTED_EDGE('',*,*,#636,.F.);
#872=ORIENTED_EDGE('',*,*,#669,.T.);
#873=ORIENTED_EDGE('',*,*,#670,.F.);
#874=ORIENTED_EDGE('',*,*,#612,.F.);
#875=ORIENTED_EDGE('',*,*,#616,.F.);
#876=ORIENTED_EDGE('',*,*,#666,.F.);
#877=ORIENTED_EDGE('',*,*,#638,.F.);
#878=ORIENTED_EDGE('',*,*,#671,.T.);
#879=ORIENTED_EDGE('',*,*,#672,.F.);
#880=ORIENTED_EDGE('',*,*,#673,.F.);
#881=ORIENTED_EDGE('',*,*,#674,.F.);
#882=ORIENTED_EDGE('',*,*,#675,.F.);
#883=ORIENTED_EDGE('',*,*,#676,.F.);
#884=ORIENTED_EDGE('',*,*,#669,.F.);
#885=ORIENTED_EDGE('',*,*,#640,.F.);
#886=ORIENTED_EDGE('',*,*,#677,.T.);
#887=ORIENTED_EDGE('',*,*,#628,.F.);
#888=ORIENTED_EDGE('',*,*,#588,.F.);
#889=ORIENTED_EDGE('',*,*,#678,.F.);
#890=ORIENTED_EDGE('',*,*,#671,.F.);
#891=ORIENTED_EDGE('',*,*,#648,.F.);
#892=ORIENTED_EDGE('',*,*,#679,.T.);
#893=ORIENTED_EDGE('',*,*,#680,.F.);
#894=ORIENTED_EDGE('',*,*,#677,.F.);
#895=ORIENTED_EDGE('',*,*,#643,.F.);
#896=ORIENTED_EDGE('',*,*,#681,.T.);
#897=ORIENTED_EDGE('',*,*,#682,.F.);
#898=ORIENTED_EDGE('',*,*,#679,.F.);
#899=ORIENTED_EDGE('',*,*,#645,.F.);
#900=ORIENTED_EDGE('',*,*,#647,.F.);
#901=ORIENTED_EDGE('',*,*,#641,.F.);
#902=ORIENTED_EDGE('',*,*,#639,.F.);
#903=ORIENTED_EDGE('',*,*,#634,.F.);
#904=ORIENTED_EDGE('',*,*,#630,.F.);
#905=ORIENTED_EDGE('',*,*,#665,.F.);
#906=ORIENTED_EDGE('',*,*,#662,.F.);
#907=ORIENTED_EDGE('',*,*,#659,.F.);
#908=ORIENTED_EDGE('',*,*,#657,.F.);
#909=ORIENTED_EDGE('',*,*,#652,.F.);
#910=ORIENTED_EDGE('',*,*,#650,.F.);
#911=ORIENTED_EDGE('',*,*,#683,.F.);
#912=ORIENTED_EDGE('',*,*,#684,.T.);
#913=ORIENTED_EDGE('',*,*,#685,.T.);
#914=ORIENTED_EDGE('',*,*,#683,.T.);
#915=ORIENTED_EDGE('',*,*,#685,.F.);
#916=ORIENTED_EDGE('',*,*,#686,.F.);
#917=ORIENTED_EDGE('',*,*,#687,.T.);
#918=ORIENTED_EDGE('',*,*,#684,.F.);
#919=ORIENTED_EDGE('',*,*,#687,.F.);
#920=ORIENTED_EDGE('',*,*,#627,.T.);
#921=ORIENTED_EDGE('',*,*,#688,.T.);
#922=ORIENTED_EDGE('',*,*,#686,.T.);
#923=ORIENTED_EDGE('',*,*,#688,.F.);
#924=ORIENTED_EDGE('',*,*,#667,.T.);
#925=ORIENTED_EDGE('',*,*,#615,.F.);
#926=ORIENTED_EDGE('',*,*,#626,.T.);
#927=ORIENTED_EDGE('',*,*,#689,.T.);
#928=ORIENTED_EDGE('',*,*,#625,.T.);
#929=ORIENTED_EDGE('',*,*,#690,.T.);
#930=ORIENTED_EDGE('',*,*,#691,.T.);
#931=ORIENTED_EDGE('',*,*,#689,.F.);
#932=ORIENTED_EDGE('',*,*,#624,.T.);
#933=ORIENTED_EDGE('',*,*,#692,.T.);
#934=ORIENTED_EDGE('',*,*,#693,.T.);
#935=ORIENTED_EDGE('',*,*,#690,.F.);
#936=ORIENTED_EDGE('',*,*,#694,.T.);
#937=ORIENTED_EDGE('',*,*,#695,.T.);
#938=ORIENTED_EDGE('',*,*,#621,.T.);
#939=ORIENTED_EDGE('',*,*,#696,.T.);
#940=ORIENTED_EDGE('',*,*,#620,.T.);
#941=ORIENTED_EDGE('',*,*,#697,.T.);
#942=ORIENTED_EDGE('',*,*,#698,.T.);
#943=ORIENTED_EDGE('',*,*,#696,.F.);
#944=ORIENTED_EDGE('',*,*,#619,.T.);
#945=ORIENTED_EDGE('',*,*,#699,.T.);
#946=ORIENTED_EDGE('',*,*,#682,.T.);
#947=ORIENTED_EDGE('',*,*,#697,.F.);
#948=ORIENTED_EDGE('',*,*,#618,.T.);
#949=ORIENTED_EDGE('',*,*,#629,.F.);
#950=ORIENTED_EDGE('',*,*,#680,.T.);
#951=ORIENTED_EDGE('',*,*,#699,.F.);
#952=ORIENTED_EDGE('',*,*,#700,.T.);
#953=ORIENTED_EDGE('',*,*,#622,.T.);
#954=ORIENTED_EDGE('',*,*,#695,.F.);
#955=ORIENTED_EDGE('',*,*,#701,.T.);
#956=ORIENTED_EDGE('',*,*,#623,.T.);
#957=ORIENTED_EDGE('',*,*,#700,.F.);
#958=ORIENTED_EDGE('',*,*,#702,.T.);
#959=ORIENTED_EDGE('',*,*,#692,.F.);
#960=ORIENTED_EDGE('',*,*,#664,.F.);
#961=ORIENTED_EDGE('',*,*,#668,.T.);
#962=ORIENTED_EDGE('',*,*,#691,.F.);
#963=ORIENTED_EDGE('',*,*,#703,.F.);
#964=ORIENTED_EDGE('',*,*,#661,.F.);
#965=ORIENTED_EDGE('',*,*,#703,.T.);
#966=ORIENTED_EDGE('',*,*,#693,.F.);
#967=ORIENTED_EDGE('',*,*,#704,.F.);
#968=ORIENTED_EDGE('',*,*,#658,.F.);
#969=ORIENTED_EDGE('',*,*,#704,.T.);
#970=ORIENTED_EDGE('',*,*,#702,.F.);
#971=ORIENTED_EDGE('',*,*,#705,.F.);
#972=ORIENTED_EDGE('',*,*,#656,.F.);
#973=ORIENTED_EDGE('',*,*,#705,.T.);
#974=ORIENTED_EDGE('',*,*,#701,.F.);
#975=ORIENTED_EDGE('',*,*,#706,.F.);
#976=ORIENTED_EDGE('',*,*,#654,.F.);
#977=ORIENTED_EDGE('',*,*,#706,.T.);
#978=ORIENTED_EDGE('',*,*,#694,.F.);
#979=ORIENTED_EDGE('',*,*,#707,.F.);
#980=ORIENTED_EDGE('',*,*,#649,.F.);
#981=ORIENTED_EDGE('',*,*,#707,.T.);
#982=ORIENTED_EDGE('',*,*,#698,.F.);
#983=ORIENTED_EDGE('',*,*,#681,.F.);
#984=ORIENTED_EDGE('',*,*,#708,.T.);
#985=ORIENTED_EDGE('',*,*,#709,.T.);
#986=ORIENTED_EDGE('',*,*,#710,.T.);
#987=ORIENTED_EDGE('',*,*,#711,.T.);
#988=ORIENTED_EDGE('',*,*,#712,.T.);
#989=ORIENTED_EDGE('',*,*,#713,.T.);
#990=ORIENTED_EDGE('',*,*,#714,.T.);
#991=ORIENTED_EDGE('',*,*,#715,.T.);
#992=ORIENTED_EDGE('',*,*,#716,.T.);
#993=ORIENTED_EDGE('',*,*,#717,.T.);
#994=ORIENTED_EDGE('',*,*,#718,.T.);
#995=ORIENTED_EDGE('',*,*,#719,.T.);
#996=ORIENTED_EDGE('',*,*,#708,.F.);
#997=ORIENTED_EDGE('',*,*,#720,.T.);
#998=ORIENTED_EDGE('',*,*,#718,.F.);
#999=ORIENTED_EDGE('',*,*,#721,.T.);
#1000=ORIENTED_EDGE('',*,*,#715,.F.);
#1001=ORIENTED_EDGE('',*,*,#722,.T.);
#1002=ORIENTED_EDGE('',*,*,#717,.F.);
#1003=ORIENTED_EDGE('',*,*,#723,.T.);
#1004=ORIENTED_EDGE('',*,*,#712,.F.);
#1005=ORIENTED_EDGE('',*,*,#724,.T.);
#1006=ORIENTED_EDGE('',*,*,#714,.F.);
#1007=ORIENTED_EDGE('',*,*,#725,.T.);
#1008=ORIENTED_EDGE('',*,*,#709,.F.);
#1009=ORIENTED_EDGE('',*,*,#726,.T.);
#1010=ORIENTED_EDGE('',*,*,#711,.F.);
#1011=ORIENTED_EDGE('',*,*,#727,.T.);
#1012=ORIENTED_EDGE('',*,*,#725,.F.);
#1013=ORIENTED_EDGE('',*,*,#728,.F.);
#1014=ORIENTED_EDGE('',*,*,#729,.F.);
#1015=ORIENTED_EDGE('',*,*,#730,.T.);
#1016=ORIENTED_EDGE('',*,*,#716,.F.);
#1017=ORIENTED_EDGE('',*,*,#731,.F.);
#1018=ORIENTED_EDGE('',*,*,#732,.F.);
#1019=ORIENTED_EDGE('',*,*,#733,.F.);
#1020=ORIENTED_EDGE('',*,*,#728,.T.);
#1021=ORIENTED_EDGE('',*,*,#723,.F.);
#1022=ORIENTED_EDGE('',*,*,#734,.F.);
#1023=ORIENTED_EDGE('',*,*,#735,.F.);
#1024=ORIENTED_EDGE('',*,*,#731,.T.);
#1025=ORIENTED_EDGE('',*,*,#719,.F.);
#1026=ORIENTED_EDGE('',*,*,#736,.F.);
#1027=ORIENTED_EDGE('',*,*,#737,.F.);
#1028=ORIENTED_EDGE('',*,*,#738,.F.);
#1029=ORIENTED_EDGE('',*,*,#734,.T.);
#1030=ORIENTED_EDGE('',*,*,#721,.F.);
#1031=ORIENTED_EDGE('',*,*,#722,.F.);
#1032=ORIENTED_EDGE('',*,*,#724,.F.);
#1033=ORIENTED_EDGE('',*,*,#726,.F.);
#1034=ORIENTED_EDGE('',*,*,#613,.F.);
#1035=ORIENTED_EDGE('',*,*,#670,.T.);
#1036=ORIENTED_EDGE('',*,*,#676,.T.);
#1037=ORIENTED_EDGE('',*,*,#739,.T.);
#1038=ORIENTED_EDGE('',*,*,#737,.T.);
#1039=ORIENTED_EDGE('',*,*,#740,.T.);
#1040=ORIENTED_EDGE('',*,*,#609,.F.);
#1041=ORIENTED_EDGE('',*,*,#606,.F.);
#1042=ORIENTED_EDGE('',*,*,#740,.F.);
#1043=ORIENTED_EDGE('',*,*,#741,.T.);
#1044=ORIENTED_EDGE('',*,*,#742,.T.);
#1045=ORIENTED_EDGE('',*,*,#600,.F.);
#1046=ORIENTED_EDGE('',*,*,#743,.T.);
#1047=ORIENTED_EDGE('',*,*,#744,.T.);
#1048=ORIENTED_EDGE('',*,*,#745,.T.);
#1049=ORIENTED_EDGE('',*,*,#597,.F.);
#1050=ORIENTED_EDGE('',*,*,#745,.F.);
#1051=ORIENTED_EDGE('',*,*,#746,.T.);
#1052=ORIENTED_EDGE('',*,*,#747,.T.);
#1053=ORIENTED_EDGE('',*,*,#594,.F.);
#1054=ORIENTED_EDGE('',*,*,#747,.F.);
#1055=ORIENTED_EDGE('',*,*,#729,.T.);
#1056=ORIENTED_EDGE('',*,*,#748,.T.);
#1057=ORIENTED_EDGE('',*,*,#592,.F.);
#1058=ORIENTED_EDGE('',*,*,#748,.F.);
#1059=ORIENTED_EDGE('',*,*,#733,.T.);
#1060=ORIENTED_EDGE('',*,*,#749,.T.);
#1061=ORIENTED_EDGE('',*,*,#672,.T.);
#1062=ORIENTED_EDGE('',*,*,#678,.T.);
#1063=ORIENTED_EDGE('',*,*,#587,.F.);
#1064=ORIENTED_EDGE('',*,*,#603,.F.);
#1065=ORIENTED_EDGE('',*,*,#742,.F.);
#1066=ORIENTED_EDGE('',*,*,#750,.T.);
#1067=ORIENTED_EDGE('',*,*,#743,.F.);
#1068=ORIENTED_EDGE('',*,*,#673,.T.);
#1069=ORIENTED_EDGE('',*,*,#749,.F.);
#1070=ORIENTED_EDGE('',*,*,#732,.T.);
#1071=ORIENTED_EDGE('',*,*,#751,.T.);
#1072=ORIENTED_EDGE('',*,*,#675,.T.);
#1073=ORIENTED_EDGE('',*,*,#752,.T.);
#1074=ORIENTED_EDGE('',*,*,#738,.T.);
#1075=ORIENTED_EDGE('',*,*,#739,.F.);
#1076=ORIENTED_EDGE('',*,*,#674,.T.);
#1077=ORIENTED_EDGE('',*,*,#751,.F.);
#1078=ORIENTED_EDGE('',*,*,#735,.T.);
#1079=ORIENTED_EDGE('',*,*,#752,.F.);
#1080=ORIENTED_EDGE('',*,*,#713,.F.);
#1081=ORIENTED_EDGE('',*,*,#730,.F.);
#1082=ORIENTED_EDGE('',*,*,#746,.F.);
#1083=ORIENTED_EDGE('',*,*,#753,.T.);
#1084=ORIENTED_EDGE('',*,*,#727,.F.);
#1085=ORIENTED_EDGE('',*,*,#753,.F.);
#1086=ORIENTED_EDGE('',*,*,#744,.F.);
#1087=ORIENTED_EDGE('',*,*,#754,.T.);
#1088=ORIENTED_EDGE('',*,*,#720,.F.);
#1089=ORIENTED_EDGE('',*,*,#755,.F.);
#1090=ORIENTED_EDGE('',*,*,#741,.F.);
#1091=ORIENTED_EDGE('',*,*,#736,.T.);
#1092=ORIENTED_EDGE('',*,*,#710,.F.);
#1093=ORIENTED_EDGE('',*,*,#754,.F.);
#1094=ORIENTED_EDGE('',*,*,#750,.F.);
#1095=ORIENTED_EDGE('',*,*,#755,.T.);
#1096=B_SPLINE_SURFACE_WITH_KNOTS('',3,3,((#1683,#1684,#1685,#1686,#1687,
#1688,#1689,#1690),(#1691,#1692,#1693,#1694,#1695,#1696,#1697,#1698),(#1699,
#1700,#1701,#1702,#1703,#1704,#1705,#1706),(#1707,#1708,#1709,#1710,#1711,
#1712,#1713,#1714),(#1715,#1716,#1717,#1718,#1719,#1720,#1721,#1722)),
 .UNSPECIFIED.,.F.,.F.,.F.,(4,1,4),(4,1,1,1,1,4),(0.,0.571428571428571,
1.),(0.933631492617738,0.97364052196797,1.0136495513182,1.06699492378518,
1.09366761001867,1.12034029625215),.UNSPECIFIED.);
#1097=B_SPLINE_SURFACE_WITH_KNOTS('',3,3,((#1792,#1793,#1794,#1795,#1796,
#1797,#1798),(#1799,#1800,#1801,#1802,#1803,#1804,#1805),(#1806,#1807,#1808,
#1809,#1810,#1811,#1812),(#1813,#1814,#1815,#1816,#1817,#1818,#1819),(#1820,
#1821,#1822,#1823,#1824,#1825,#1826)),.UNSPECIFIED.,.F.,.F.,.F.,(4,1,4),
(4,1,1,1,4),(0.,0.571428571428571,1.),(0.954093951792762,1.00743770503445,
1.06078145827615,1.08745333489699,1.14079708813868),.UNSPECIFIED.);
#1098=B_SPLINE_SURFACE_WITH_KNOTS('',3,3,((#2076,#2077,#2078,#2079,#2080,
#2081,#2082,#2083),(#2084,#2085,#2086,#2087,#2088,#2089,#2090,#2091),(#2092,
#2093,#2094,#2095,#2096,#2097,#2098,#2099),(#2100,#2101,#2102,#2103,#2104,
#2105,#2106,#2107),(#2108,#2109,#2110,#2111,#2112,#2113,#2114,#2115)),
 .UNSPECIFIED.,.F.,.F.,.F.,(4,1,4),(4,1,1,2,4),(0.,0.571428571428571,1.),
(0.,0.00684914762015225,0.0102737214302284,0.0171228690503806,0.0172929721198235),
 .UNSPECIFIED.);
#1099=B_SPLINE_SURFACE_WITH_KNOTS('',3,3,((#2136,#2137,#2138,#2139,#2140,
#2141,#2142,#2143),(#2144,#2145,#2146,#2147,#2148,#2149,#2150,#2151),(#2152,
#2153,#2154,#2155,#2156,#2157,#2158,#2159),(#2160,#2161,#2162,#2163,#2164,
#2165,#2166,#2167),(#2168,#2169,#2170,#2171,#2172,#2173,#2174,#2175)),
 .UNSPECIFIED.,.F.,.F.,.F.,(4,1,4),(4,1,1,2,4),(0.,0.571428571428571,1.),
(-0.0171228687981857,-0.0068491475192743,-0.00342457375963715,0.,0.000170103297270142),
 .UNSPECIFIED.);
#1100=B_SPLINE_SURFACE_WITH_KNOTS('',3,3,((#2196,#2197,#2198,#2199,#2200,
#2201,#2202,#2203,#2204),(#2205,#2206,#2207,#2208,#2209,#2210,#2211,#2212,
#2213),(#2214,#2215,#2216,#2217,#2218,#2219,#2220,#2221,#2222),(#2223,#2224,
#2225,#2226,#2227,#2228,#2229,#2230,#2231),(#2232,#2233,#2234,#2235,#2236,
#2237,#2238,#2239,#2240),(#2241,#2242,#2243,#2244,#2245,#2246,#2247,#2248,
#2249)),.UNSPECIFIED.,.F.,.F.,.F.,(4,1,1,4),(4,1,1,1,2,4),(0.,0.285714285714286,
0.571428571428571,1.),(0.,0.00430493135575788,0.0129147940672736,0.0172197254230315,
0.0215246567787894,0.0217700386712623),.UNSPECIFIED.);
#1101=B_SPLINE_SURFACE_WITH_KNOTS('',3,3,((#2272,#2273,#2274,#2275,#2276,
#2277,#2278,#2279,#2280),(#2281,#2282,#2283,#2284,#2285,#2286,#2287,#2288,
#2289),(#2290,#2291,#2292,#2293,#2294,#2295,#2296,#2297,#2298),(#2299,#2300,
#2301,#2302,#2303,#2304,#2305,#2306,#2307),(#2308,#2309,#2310,#2311,#2312,
#2313,#2314,#2315,#2316),(#2317,#2318,#2319,#2320,#2321,#2322,#2323,#2324,
#2325)),.UNSPECIFIED.,.F.,.F.,.F.,(4,1,1,4),(4,1,1,1,2,4),(0.,0.285714285714286,
0.571428571428571,1.),(-0.0215246564601585,-0.0172197251681268,-0.0129147938760951,
-0.00860986258406341,0.,0.000245382215240972),.UNSPECIFIED.);
#1102=B_SPLINE_SURFACE_WITH_KNOTS('',3,3,((#2411,#2412,#2413,#2414),(#2415,
#2416,#2417,#2418),(#2419,#2420,#2421,#2422),(#2423,#2424,#2425,#2426)),
 .UNSPECIFIED.,.F.,.F.,.F.,(4,4),(4,4),(0.,1.),(-1.11300907218503,2.65964013658418E-15),
 .UNSPECIFIED.);
#1103=B_SPLINE_SURFACE_WITH_KNOTS('',3,3,((#2428,#2429,#2430,#2431),(#2432,
#2433,#2434,#2435),(#2436,#2437,#2438,#2439),(#2440,#2441,#2442,#2443)),
 .UNSPECIFIED.,.F.,.F.,.F.,(4,4),(4,4),(0.,1.),(-1.89725269315811,-0.784243620972967),
 .UNSPECIFIED.);
#1104=ADVANCED_FACE('',(#265),#1096,.T.);
#1105=ADVANCED_FACE('',(#266),#253,.F.);
#1106=ADVANCED_FACE('',(#267),#220,.F.);
#1107=ADVANCED_FACE('',(#268),#254,.F.);
#1108=ADVANCED_FACE('',(#269),#255,.F.);
#1109=ADVANCED_FACE('',(#270),#256,.F.);
#1110=ADVANCED_FACE('',(#271),#221,.F.);
#1111=ADVANCED_FACE('',(#272),#257,.F.);
#1112=ADVANCED_FACE('',(#273),#1097,.T.);
#1113=ADVANCED_FACE('',(#274),#222,.T.);
#1114=ADVANCED_FACE('',(#275,#23),#25,.T.);
#1115=ADVANCED_FACE('',(#276),#223,.T.);
#1116=ADVANCED_FACE('',(#277),#224,.T.);
#1117=ADVANCED_FACE('',(#278),#225,.T.);
#1118=ADVANCED_FACE('',(#279),#258,.T.);
#1119=ADVANCED_FACE('',(#280),#226,.T.);
#1120=ADVANCED_FACE('',(#281),#227,.T.);
#1121=ADVANCED_FACE('',(#282),#228,.T.);
#1122=ADVANCED_FACE('',(#283),#229,.T.);
#1123=ADVANCED_FACE('',(#284),#230,.T.);
#1124=ADVANCED_FACE('',(#285),#259,.T.);
#1125=ADVANCED_FACE('',(#286),#231,.T.);
#1126=ADVANCED_FACE('',(#287),#232,.T.);
#1127=ADVANCED_FACE('',(#288),#233,.T.);
#1128=ADVANCED_FACE('',(#289),#26,.T.);
#1129=ADVANCED_FACE('',(#290),#27,.T.);
#1130=ADVANCED_FACE('',(#291),#234,.T.);
#1131=ADVANCED_FACE('',(#292),#28,.T.);
#1132=ADVANCED_FACE('',(#293),#29,.T.);
#1133=ADVANCED_FACE('',(#294),#30,.T.);
#1134=ADVANCED_FACE('',(#295,#24),#31,.F.);
#1135=ADVANCED_FACE('',(#296),#260,.T.);
#1136=ADVANCED_FACE('',(#297),#235,.F.);
#1137=ADVANCED_FACE('',(#298),#261,.T.);
#1138=ADVANCED_FACE('',(#299),#236,.T.);
#1139=ADVANCED_FACE('',(#300),#237,.T.);
#1140=ADVANCED_FACE('',(#301),#238,.T.);
#1141=ADVANCED_FACE('',(#302),#239,.T.);
#1142=ADVANCED_FACE('',(#303),#240,.T.);
#1143=ADVANCED_FACE('',(#304),#241,.T.);
#1144=ADVANCED_FACE('',(#305),#242,.T.);
#1145=ADVANCED_FACE('',(#306),#262,.T.);
#1146=ADVANCED_FACE('',(#307),#243,.T.);
#1147=ADVANCED_FACE('',(#308),#32,.T.);
#1148=ADVANCED_FACE('',(#309),#33,.T.);
#1149=ADVANCED_FACE('',(#310),#34,.T.);
#1150=ADVANCED_FACE('',(#311),#244,.T.);
#1151=ADVANCED_FACE('',(#312),#35,.T.);
#1152=ADVANCED_FACE('',(#313),#36,.T.);
#1153=ADVANCED_FACE('',(#314),#1098,.F.);
#1154=ADVANCED_FACE('',(#315),#1099,.F.);
#1155=ADVANCED_FACE('',(#316),#1100,.F.);
#1156=ADVANCED_FACE('',(#317),#1101,.F.);
#1157=ADVANCED_FACE('',(#318),#245,.T.);
#1158=ADVANCED_FACE('',(#319),#263,.T.);
#1159=ADVANCED_FACE('',(#320),#246,.T.);
#1160=ADVANCED_FACE('',(#321),#264,.T.);
#1161=ADVANCED_FACE('',(#322),#37,.T.);
#1162=ADVANCED_FACE('',(#323),#247,.T.);
#1163=ADVANCED_FACE('',(#324),#248,.T.);
#1164=ADVANCED_FACE('',(#325),#249,.T.);
#1165=ADVANCED_FACE('',(#326),#38,.T.);
#1166=ADVANCED_FACE('',(#327),#15,.T.);
#1167=ADVANCED_FACE('',(#328),#39,.T.);
#1168=ADVANCED_FACE('',(#329),#16,.F.);
#1169=ADVANCED_FACE('',(#330),#17,.T.);
#1170=ADVANCED_FACE('',(#331),#40,.T.);
#1171=ADVANCED_FACE('',(#332),#18,.T.);
#1172=ADVANCED_FACE('',(#333),#19,.T.);
#1173=ADVANCED_FACE('',(#334),#1102,.T.);
#1174=ADVANCED_FACE('',(#335),#1103,.T.);
#1175=ADVANCED_FACE('',(#336),#20,.T.);
#1176=ADVANCED_FACE('',(#337),#250,.T.);
#1177=ADVANCED_FACE('',(#338),#251,.F.);
#1178=ADVANCED_FACE('',(#339),#41,.T.);
#1179=ADVANCED_FACE('',(#340),#252,.T.);
#1180=CLOSED_SHELL('',(#1104,#1105,#1106,#1107,#1108,#1109,#1110,#1111,
#1112,#1113,#1114,#1115,#1116,#1117,#1118,#1119,#1120,#1121,#1122,#1123,
#1124,#1125,#1126,#1127,#1128,#1129,#1130,#1131,#1132,#1133,#1134,#1135,
#1136,#1137,#1138,#1139,#1140,#1141,#1142,#1143,#1144,#1145,#1146,#1147,
#1148,#1149,#1150,#1151,#1152,#1153,#1154,#1155,#1156,#1157,#1158,#1159,
#1160,#1161,#1162,#1163,#1164,#1165,#1166,#1167,#1168,#1169,#1170,#1171,
#1172,#1173,#1174,#1175,#1176,#1177,#1178,#1179));
#1181=DERIVED_UNIT_ELEMENT(#1183,1.);
#1182=DERIVED_UNIT_ELEMENT(#2458,-3.);
#1183=(
MASS_UNIT()
NAMED_UNIT(*)
SI_UNIT(.KILO.,.GRAM.)
);
#1184=DERIVED_UNIT((#1181,#1182));
#1185=MEASURE_REPRESENTATION_ITEM('density measure',
POSITIVE_RATIO_MEASURE(7850.),#1184);
#1186=PROPERTY_DEFINITION_REPRESENTATION(#1191,#1188);
#1187=PROPERTY_DEFINITION_REPRESENTATION(#1192,#1189);
#1188=REPRESENTATION('material name',(#1190),#2455);
#1189=REPRESENTATION('density',(#1185),#2455);
#1190=DESCRIPTIVE_REPRESENTATION_ITEM('Steel','Steel');
#1191=PROPERTY_DEFINITION('material property','material name',#2465);
#1192=PROPERTY_DEFINITION('material property','density of part',#2465);
#1193=AXIS2_PLACEMENT_3D('',#1682,#1329,#1330);
#1194=AXIS2_PLACEMENT_3D('',#1725,#1331,#1332);
#1195=AXIS2_PLACEMENT_3D('',#1750,#1333,#1334);
#1196=AXIS2_PLACEMENT_3D('',#1752,#1335,#1336);
#1197=AXIS2_PLACEMENT_3D('',#1754,#1337,#1338);
#1198=AXIS2_PLACEMENT_3D('',#1755,#1339,#1340);
#1199=AXIS2_PLACEMENT_3D('',#1756,#1341,#1342);
#1200=AXIS2_PLACEMENT_3D('',#1759,#1343,#1344);
#1201=AXIS2_PLACEMENT_3D('',#1762,#1347,#1348);
#1202=AXIS2_PLACEMENT_3D('',#1765,#1349,#1350);
#1203=AXIS2_PLACEMENT_3D('',#1766,#1351,#1352);
#1204=AXIS2_PLACEMENT_3D('',#1767,#1353,#1354);
#1205=AXIS2_PLACEMENT_3D('',#1768,#1355,#1356);
#1206=AXIS2_PLACEMENT_3D('',#1771,#1357,#1358);
#1207=AXIS2_PLACEMENT_3D('',#1772,#1359,#1360);
#1208=AXIS2_PLACEMENT_3D('',#1773,#1361,#1362);
#1209=AXIS2_PLACEMENT_3D('',#1774,#1363,#1364);
#1210=AXIS2_PLACEMENT_3D('',#1777,#1365,#1366);
#1211=AXIS2_PLACEMENT_3D('',#1778,#1367,#1368);
#1212=AXIS2_PLACEMENT_3D('',#1779,#1369,#1370);
#1213=AXIS2_PLACEMENT_3D('',#1780,#1371,#1372);
#1214=AXIS2_PLACEMENT_3D('',#1783,#1373,#1374);
#1215=AXIS2_PLACEMENT_3D('',#1786,#1377,#1378);
#1216=AXIS2_PLACEMENT_3D('',#1789,#1379,#1380);
#1217=AXIS2_PLACEMENT_3D('',#1790,#1381,#1382);
#1218=AXIS2_PLACEMENT_3D('',#1791,#1383,#1384);
#1219=AXIS2_PLACEMENT_3D('',#1856,#1385,#1386);
#1220=AXIS2_PLACEMENT_3D('',#1860,#1388,#1389);
#1221=AXIS2_PLACEMENT_3D('',#1862,#1391,#1392);
#1222=AXIS2_PLACEMENT_3D('',#1874,#1398,#1399);
#1223=AXIS2_PLACEMENT_3D('',#1883,#1404,#1405);
#1224=AXIS2_PLACEMENT_3D('',#1884,#1406,#1407);
#1225=AXIS2_PLACEMENT_3D('',#1887,#1409,#1410);
#1226=AXIS2_PLACEMENT_3D('',#1888,#1411,#1412);
#1227=AXIS2_PLACEMENT_3D('',#1893,#1414,#1415);
#1228=AXIS2_PLACEMENT_3D('',#1896,#1417,#1418);
#1229=AXIS2_PLACEMENT_3D('',#1897,#1419,#1420);
#1230=AXIS2_PLACEMENT_3D('',#1901,#1422,#1423);
#1231=AXIS2_PLACEMENT_3D('',#1903,#1425,#1426);
#1232=AXIS2_PLACEMENT_3D('',#1906,#1427,#1428);
#1233=AXIS2_PLACEMENT_3D('',#1907,#1429,#1430);
#1234=AXIS2_PLACEMENT_3D('',#1908,#1431,#1432);
#1235=AXIS2_PLACEMENT_3D('',#1909,#1433,#1434);
#1236=AXIS2_PLACEMENT_3D('',#1914,#1437,#1438);
#1237=AXIS2_PLACEMENT_3D('',#1915,#1439,#1440);
#1238=AXIS2_PLACEMENT_3D('',#1920,#1442,#1443);
#1239=AXIS2_PLACEMENT_3D('',#1923,#1445,#1446);
#1240=AXIS2_PLACEMENT_3D('',#1924,#1447,#1448);
#1241=AXIS2_PLACEMENT_3D('',#1927,#1451,#1452);
#1242=AXIS2_PLACEMENT_3D('',#1932,#1455,#1456);
#1243=AXIS2_PLACEMENT_3D('',#1933,#1457,#1458);
#1244=AXIS2_PLACEMENT_3D('',#1937,#1460,#1461);
#1245=AXIS2_PLACEMENT_3D('',#1939,#1463,#1464);
#1246=AXIS2_PLACEMENT_3D('',#1942,#1465,#1466);
#1247=AXIS2_PLACEMENT_3D('',#1943,#1467,#1468);
#1248=AXIS2_PLACEMENT_3D('',#1944,#1469,#1470);
#1249=AXIS2_PLACEMENT_3D('',#1945,#1471,#1472);
#1250=AXIS2_PLACEMENT_3D('',#1950,#1475,#1476);
#1251=AXIS2_PLACEMENT_3D('',#1951,#1477,#1478);
#1252=AXIS2_PLACEMENT_3D('',#1956,#1481,#1482);
#1253=AXIS2_PLACEMENT_3D('',#1957,#1483,#1484);
#1254=AXIS2_PLACEMENT_3D('',#1960,#1487,#1488);
#1255=AXIS2_PLACEMENT_3D('',#1965,#1492,#1493);
#1256=AXIS2_PLACEMENT_3D('',#1971,#1495,#1496);
#1257=AXIS2_PLACEMENT_3D('',#1993,#1498,#1499);
#1258=AXIS2_PLACEMENT_3D('',#2011,#1500,#1501);
#1259=AXIS2_PLACEMENT_3D('',#2016,#1503,#1504);
#1260=AXIS2_PLACEMENT_3D('',#2020,#1507,#1508);
#1261=AXIS2_PLACEMENT_3D('',#2024,#1511,#1512);
#1262=AXIS2_PLACEMENT_3D('',#2026,#1513,#1514);
#1263=AXIS2_PLACEMENT_3D('',#2027,#1515,#1516);
#1264=AXIS2_PLACEMENT_3D('',#2029,#1517,#1518);
#1265=AXIS2_PLACEMENT_3D('',#2030,#1519,#1520);
#1266=AXIS2_PLACEMENT_3D('',#2031,#1521,#1522);
#1267=AXIS2_PLACEMENT_3D('',#2033,#1523,#1524);
#1268=AXIS2_PLACEMENT_3D('',#2035,#1526,#1527);
#1269=AXIS2_PLACEMENT_3D('',#2036,#1528,#1529);
#1270=AXIS2_PLACEMENT_3D('',#2037,#1530,#1531);
#1271=AXIS2_PLACEMENT_3D('',#2038,#1532,#1533);
#1272=AXIS2_PLACEMENT_3D('',#2039,#1534,#1535);
#1273=AXIS2_PLACEMENT_3D('',#2041,#1536,#1537);
#1274=AXIS2_PLACEMENT_3D('',#2043,#1539,#1540);
#1275=AXIS2_PLACEMENT_3D('',#2045,#1541,#1542);
#1276=AXIS2_PLACEMENT_3D('',#2047,#1544,#1545);
#1277=AXIS2_PLACEMENT_3D('',#2051,#1547,#1548);
#1278=AXIS2_PLACEMENT_3D('',#2052,#1549,#1550);
#1279=AXIS2_PLACEMENT_3D('',#2053,#1551,#1552);
#1280=AXIS2_PLACEMENT_3D('',#2054,#1553,#1554);
#1281=AXIS2_PLACEMENT_3D('',#2056,#1556,#1557);
#1282=AXIS2_PLACEMENT_3D('',#2057,#1558,#1559);
#1283=AXIS2_PLACEMENT_3D('',#2058,#1560,#1561);
#1284=AXIS2_PLACEMENT_3D('',#2059,#1562,#1563);
#1285=AXIS2_PLACEMENT_3D('',#2061,#1564,#1565);
#1286=AXIS2_PLACEMENT_3D('',#2062,#1566,#1567);
#1287=AXIS2_PLACEMENT_3D('',#2063,#1568,#1569);
#1288=AXIS2_PLACEMENT_3D('',#2065,#1571,#1572);
#1289=AXIS2_PLACEMENT_3D('',#2067,#1574,#1575);
#1290=AXIS2_PLACEMENT_3D('',#2069,#1577,#1578);
#1291=AXIS2_PLACEMENT_3D('',#2071,#1580,#1581);
#1292=AXIS2_PLACEMENT_3D('',#2073,#1583,#1584);
#1293=AXIS2_PLACEMENT_3D('',#2075,#1586,#1587);
#1294=AXIS2_PLACEMENT_3D('',#2135,#1588,#1589);
#1295=AXIS2_PLACEMENT_3D('',#2195,#1590,#1591);
#1296=AXIS2_PLACEMENT_3D('',#2271,#1592,#1593);
#1297=AXIS2_PLACEMENT_3D('',#2347,#1594,#1595);
#1298=AXIS2_PLACEMENT_3D('',#2348,#1596,#1597);
#1299=AXIS2_PLACEMENT_3D('',#2351,#1600,#1601);
#1300=AXIS2_PLACEMENT_3D('',#2352,#1602,#1603);
#1301=AXIS2_PLACEMENT_3D('',#2353,#1604,#1605);
#1302=AXIS2_PLACEMENT_3D('',#2354,#1606,#1607);
#1303=AXIS2_PLACEMENT_3D('',#2357,#1610,#1611);
#1304=AXIS2_PLACEMENT_3D('',#2358,#1612,#1613);
#1305=AXIS2_PLACEMENT_3D('',#2359,#1614,#1615);
#1306=AXIS2_PLACEMENT_3D('',#2360,#1616,#1617);
#1307=AXIS2_PLACEMENT_3D('',#2366,#1621,#1622);
#1308=AXIS2_PLACEMENT_3D('',#2374,#1624,#1625);
#1309=AXIS2_PLACEMENT_3D('',#2375,#1626,#1627);
#1310=AXIS2_PLACEMENT_3D('',#2378,#1629,#1630);
#1311=AXIS2_PLACEMENT_3D('',#2379,#1631,#1632);
#1312=AXIS2_PLACEMENT_3D('',#2383,#1634,#1635);
#1313=AXIS2_PLACEMENT_3D('',#2388,#1636,#1637);
#1314=AXIS2_PLACEMENT_3D('',#2389,#1638,#1639);
#1315=AXIS2_PLACEMENT_3D('',#2392,#1642,#1643);
#1316=AXIS2_PLACEMENT_3D('',#2396,#1646,#1647);
#1317=AXIS2_PLACEMENT_3D('',#2400,#1649,#1650);
#1318=AXIS2_PLACEMENT_3D('',#2402,#1652,#1653);
#1319=AXIS2_PLACEMENT_3D('',#2403,#1654,#1655);
#1320=AXIS2_PLACEMENT_3D('',#2405,#1657,#1658);
#1321=AXIS2_PLACEMENT_3D('',#2407,#1660,#1661);
#1322=AXIS2_PLACEMENT_3D('',#2409,#1663,#1664);
#1323=AXIS2_PLACEMENT_3D('',#2410,#1665,#1666);
#1324=AXIS2_PLACEMENT_3D('',#2445,#1669,#1670);
#1325=AXIS2_PLACEMENT_3D('',#2446,#1671,#1672);
#1326=AXIS2_PLACEMENT_3D('',#2448,#1674,#1675);
#1327=AXIS2_PLACEMENT_3D('',#2450,#1677,#1678);
#1328=AXIS2_PLACEMENT_3D('',#2452,#1680,#1681);
#1329=DIRECTION('axis',(0.,0.,1.));
#1330=DIRECTION('refdir',(1.,0.,0.));
#1331=DIRECTION('center_axis',(0.888613794495396,-0.458656215735156,8.52605568708135E-12));
#1332=DIRECTION('ref_axis',(1.10067510661338E-11,2.73558953267639E-12,-1.));
#1333=DIRECTION('center_axis',(0.,0.,1.));
#1334=DIRECTION('ref_axis',(1.,0.,0.));
#1335=DIRECTION('center_axis',(0.,0.,1.));
#1336=DIRECTION('ref_axis',(-0.257835589634153,-0.966188805937022,0.));
#1337=DIRECTION('center_axis',(1.,1.25607396694709E-14,0.));
#1338=DIRECTION('ref_axis',(0.,0.,-1.));
#1339=DIRECTION('center_axis',(2.79648343141691E-15,-7.46265067459828E-16,
-1.));
#1340=DIRECTION('ref_axis',(-0.257835589634155,-0.966188805937022,0.));
#1341=DIRECTION('center_axis',(1.,0.,0.));
#1342=DIRECTION('ref_axis',(0.,0.382683432365075,-0.923879532511293));
#1343=DIRECTION('center_axis',(1.,0.,0.));
#1344=DIRECTION('ref_axis',(0.,0.,-1.));
#1345=DIRECTION('',(-1.,0.,0.));
#1346=DIRECTION('',(1.,0.,0.));
#1347=DIRECTION('center_axis',(0.,0.,1.));
#1348=DIRECTION('ref_axis',(1.,0.,0.));
#1349=DIRECTION('center_axis',(0.366501226724258,0.93041756798204,0.));
#1350=DIRECTION('ref_axis',(0.,0.,-1.));
#1351=DIRECTION('center_axis',(-1.88340678345689E-15,-1.28236603430312E-15,
-1.));
#1352=DIRECTION('ref_axis',(0.562804927695065,-0.826589749127191,0.));
#1353=DIRECTION('center_axis',(0.,0.,1.));
#1354=DIRECTION('ref_axis',(0.562804927695067,-0.82658974912719,0.));
#1355=DIRECTION('center_axis',(0.,0.,-1.));
#1356=DIRECTION('ref_axis',(-1.,0.,0.));
#1357=DIRECTION('center_axis',(0.366501226724256,-0.930417567982041,0.));
#1358=DIRECTION('ref_axis',(0.,0.,-1.));
#1359=DIRECTION('center_axis',(-1.46830114477887E-15,1.19640759453214E-29,
1.));
#1360=DIRECTION('ref_axis',(8.14824396743438E-15,1.,0.));
#1361=DIRECTION('center_axis',(0.,0.,-1.));
#1362=DIRECTION('ref_axis',(8.10462807976364E-15,1.,0.));
#1363=DIRECTION('center_axis',(0.,0.,1.));
#1364=DIRECTION('ref_axis',(1.,0.,0.));
#1365=DIRECTION('center_axis',(1.,4.23924963844705E-14,0.));
#1366=DIRECTION('ref_axis',(0.,0.,-1.));
#1367=DIRECTION('center_axis',(5.51809574147285E-16,-3.38463242390667E-16,
-1.));
#1368=DIRECTION('ref_axis',(-0.562804927695063,-0.826589749127192,-3.07909008629288E-17));
#1369=DIRECTION('center_axis',(0.,0.,1.));
#1370=DIRECTION('ref_axis',(-0.562804927695061,-0.826589749127194,0.));
#1371=DIRECTION('center_axis',(1.,0.,0.));
#1372=DIRECTION('ref_axis',(0.,0.382683432365075,-0.923879532511293));
#1373=DIRECTION('center_axis',(1.,0.,0.));
#1374=DIRECTION('ref_axis',(0.,0.,-1.));
#1375=DIRECTION('',(-1.,0.,0.));
#1376=DIRECTION('',(1.,0.,0.));
#1377=DIRECTION('center_axis',(0.,0.,1.));
#1378=DIRECTION('ref_axis',(1.,0.,0.));
#1379=DIRECTION('center_axis',(0.888613794493075,0.458656215739654,-1.97311898929148E-15));
#1380=DIRECTION('ref_axis',(-2.22044604925031E-15,0.,-1.));
#1381=DIRECTION('center_axis',(3.56997884861731E-16,9.5267880952319E-17,
-1.));
#1382=DIRECTION('ref_axis',(0.257835589634157,-0.966188805937021,0.));
#1383=DIRECTION('center_axis',(0.,0.,1.));
#1384=DIRECTION('ref_axis',(0.257835589634158,-0.966188805937021,0.));
#1385=DIRECTION('center_axis',(-2.14828155264954E-13,1.,0.));
#1386=DIRECTION('ref_axis',(0.707106781186548,1.50728876033642E-13,0.707106781186547));
#1387=DIRECTION('',(2.14828155264954E-13,-1.,0.));
#1388=DIRECTION('center_axis',(0.707106781186622,-0.707106781186473,0.));
#1389=DIRECTION('ref_axis',(0.707106781186473,0.707106781186622,0.));
#1390=DIRECTION('',(-2.14828155264954E-13,1.,0.));
#1391=DIRECTION('center_axis',(0.,0.,1.));
#1392=DIRECTION('ref_axis',(-1.,0.,0.));
#1393=DIRECTION('',(3.05311331771921E-16,1.,0.));
#1394=DIRECTION('',(1.,0.,0.));
#1395=DIRECTION('',(-2.64338815386943E-16,1.,0.));
#1396=DIRECTION('',(-1.,4.44089209850062E-15,0.));
#1397=DIRECTION('',(-1.88144268251098E-15,1.,0.));
#1398=DIRECTION('center_axis',(0.,0.,-1.));
#1399=DIRECTION('ref_axis',(-3.05130638846584E-14,-1.,0.));
#1400=DIRECTION('',(1.34209578019115E-13,-1.,0.));
#1401=DIRECTION('',(-1.,0.,0.));
#1402=DIRECTION('',(7.93016446160826E-16,-1.,0.));
#1403=DIRECTION('',(1.,0.,0.));
#1404=DIRECTION('center_axis',(0.,0.,1.));
#1405=DIRECTION('ref_axis',(-1.,0.,0.));
#1406=DIRECTION('center_axis',(-3.05311331771921E-16,-1.,0.));
#1407=DIRECTION('ref_axis',(-0.707106781186548,0.,0.707106781186547));
#1408=DIRECTION('',(-3.05311331771921E-16,-1.,0.));
#1409=DIRECTION('center_axis',(-0.707106781186546,-0.707106781186549,0.));
#1410=DIRECTION('ref_axis',(-0.707106781186549,0.707106781186546,-1.47196168001604E-16));
#1411=DIRECTION('center_axis',(-1.,0.,0.));
#1412=DIRECTION('ref_axis',(0.,0.707106781186553,-0.707106781186542));
#1413=DIRECTION('',(-1.,0.,0.));
#1414=DIRECTION('center_axis',(0.707106781186621,-0.707106781186474,0.));
#1415=DIRECTION('ref_axis',(0.707106781186474,0.707106781186621,0.));
#1416=DIRECTION('',(1.,0.,0.));
#1417=DIRECTION('center_axis',(0.707106781186546,-0.707106781186549,0.));
#1418=DIRECTION('ref_axis',(-0.707106781186549,-0.707106781186546,0.));
#1419=DIRECTION('center_axis',(-2.14828155264954E-13,1.,0.));
#1420=DIRECTION('ref_axis',(0.707106781186548,1.50728876033642E-13,-0.707106781186547));
#1421=DIRECTION('',(-2.14828155264954E-13,1.,0.));
#1422=DIRECTION('center_axis',(2.1316282072803E-13,-1.,0.));
#1423=DIRECTION('ref_axis',(0.,0.,-1.));
#1424=DIRECTION('',(2.14828155264954E-13,-1.,0.));
#1425=DIRECTION('center_axis',(0.,0.,1.));
#1426=DIRECTION('ref_axis',(1.,0.,0.));
#1427=DIRECTION('center_axis',(-3.5527136788005E-13,1.,0.));
#1428=DIRECTION('ref_axis',(0.,0.,-1.));
#1429=DIRECTION('center_axis',(0.,0.,-1.));
#1430=DIRECTION('ref_axis',(-3.70436051294492E-13,1.,0.));
#1431=DIRECTION('center_axis',(0.,0.,1.));
#1432=DIRECTION('ref_axis',(-3.70436051294492E-13,1.,0.));
#1433=DIRECTION('center_axis',(-3.05311331771921E-16,-1.,0.));
#1434=DIRECTION('ref_axis',(-0.707106781186548,0.,-0.707106781186547));
#1435=DIRECTION('',(3.05311331771921E-16,1.,0.));
#1436=DIRECTION('',(-3.05311331771921E-16,-1.,0.));
#1437=DIRECTION('center_axis',(0.707106781186546,0.707106781186549,0.));
#1438=DIRECTION('ref_axis',(-0.707106781186549,0.707106781186546,0.));
#1439=DIRECTION('center_axis',(2.64338815386943E-16,-1.,0.));
#1440=DIRECTION('ref_axis',(-0.707106781186548,0.,-0.707106781186547));
#1441=DIRECTION('',(-2.64338815386943E-16,1.,0.));
#1442=DIRECTION('center_axis',(-0.707106781186546,-0.707106781186549,0.));
#1443=DIRECTION('ref_axis',(-0.707106781186549,0.707106781186546,0.));
#1444=DIRECTION('',(2.64338815386943E-16,-1.,0.));
#1445=DIRECTION('center_axis',(-0.707106781186546,0.707106781186549,0.));
#1446=DIRECTION('ref_axis',(0.707106781186549,0.707106781186546,0.));
#1447=DIRECTION('center_axis',(1.,0.,0.));
#1448=DIRECTION('ref_axis',(0.,0.70710678118654,-0.707106781186555));
#1449=DIRECTION('',(-1.,0.,0.));
#1450=DIRECTION('',(1.,0.,0.));
#1451=DIRECTION('center_axis',(1.,-4.44089209850062E-15,0.));
#1452=DIRECTION('ref_axis',(-3.14018491736753E-15,-0.707106781186553,-0.707106781186542));
#1453=DIRECTION('',(-1.,4.44089209850062E-15,0.));
#1454=DIRECTION('',(1.,-4.44089209850062E-15,0.));
#1455=DIRECTION('center_axis',(-0.707106781186546,0.707106781186549,1.57009245868377E-15));
#1456=DIRECTION('ref_axis',(-0.707106781186549,-0.707106781186546,-1.57009245868378E-15));
#1457=DIRECTION('center_axis',(1.88144268251098E-15,-1.,0.));
#1458=DIRECTION('ref_axis',(-0.707106781186548,0.,-0.707106781186547));
#1459=DIRECTION('',(1.88144268251098E-15,-1.,0.));
#1460=DIRECTION('center_axis',(0.,1.,0.));
#1461=DIRECTION('ref_axis',(0.,0.,-1.));
#1462=DIRECTION('',(-1.88144268251098E-15,1.,0.));
#1463=DIRECTION('center_axis',(0.,0.,1.));
#1464=DIRECTION('ref_axis',(1.,0.,0.));
#1465=DIRECTION('center_axis',(-3.5527136788005E-14,-1.,0.));
#1466=DIRECTION('ref_axis',(0.,0.,-1.));
#1467=DIRECTION('center_axis',(0.,0.,-1.));
#1468=DIRECTION('ref_axis',(-3.05130638846584E-14,-1.,0.));
#1469=DIRECTION('center_axis',(0.,0.,1.));
#1470=DIRECTION('ref_axis',(-3.05130638846584E-14,-1.,0.));
#1471=DIRECTION('center_axis',(-1.34209578019115E-13,1.,0.));
#1472=DIRECTION('ref_axis',(0.707106781186548,1.00485917355762E-13,-0.707106781186547));
#1473=DIRECTION('',(1.34209578019115E-13,-1.,0.));
#1474=DIRECTION('',(-1.34209578019115E-13,1.,0.));
#1475=DIRECTION('center_axis',(-0.707106781186498,-0.707106781186597,0.));
#1476=DIRECTION('ref_axis',(0.707106781186597,-0.707106781186498,0.));
#1477=DIRECTION('center_axis',(1.,0.,0.));
#1478=DIRECTION('ref_axis',(0.,-0.707106781186553,-0.707106781186542));
#1479=DIRECTION('',(-1.,0.,0.));
#1480=DIRECTION('',(1.,0.,0.));
#1481=DIRECTION('center_axis',(-0.707106781186545,-0.70710678118655,0.));
#1482=DIRECTION('ref_axis',(-0.70710678118655,0.707106781186545,0.));
#1483=DIRECTION('center_axis',(-7.93016446160826E-16,1.,0.));
#1484=DIRECTION('ref_axis',(0.707106781186549,0.,-0.707106781186546));
#1485=DIRECTION('',(7.93016446160826E-16,-1.,0.));
#1486=DIRECTION('',(-7.93016446160826E-16,1.,0.));
#1487=DIRECTION('center_axis',(0.,1.,0.));
#1488=DIRECTION('ref_axis',(-1.,0.,0.));
#1489=DIRECTION('',(0.,0.,1.));
#1490=DIRECTION('',(-1.,0.,0.));
#1491=DIRECTION('',(0.,0.,1.));
#1492=DIRECTION('center_axis',(1.,2.14828155264954E-13,0.));
#1493=DIRECTION('ref_axis',(-2.14828155264954E-13,1.,0.));
#1494=DIRECTION('',(0.,0.,1.));
#1495=DIRECTION('center_axis',(0.,0.,1.));
#1496=DIRECTION('ref_axis',(1.,3.70497283646575E-13,0.));
#1497=DIRECTION('',(0.,0.,1.));
#1498=DIRECTION('center_axis',(0.,0.,1.));
#1499=DIRECTION('ref_axis',(1.,3.70497283646575E-13,0.));
#1500=DIRECTION('center_axis',(-1.,3.05311331771921E-16,0.));
#1501=DIRECTION('ref_axis',(-3.05311331771921E-16,-1.,0.));
#1502=DIRECTION('',(0.,0.,1.));
#1503=DIRECTION('center_axis',(0.,1.,0.));
#1504=DIRECTION('ref_axis',(-1.,0.,0.));
#1505=DIRECTION('',(0.,0.,1.));
#1506=DIRECTION('',(-1.,0.,0.));
#1507=DIRECTION('center_axis',(-1.,-2.64338815386943E-16,0.));
#1508=DIRECTION('ref_axis',(2.64338815386943E-16,-1.,0.));
#1509=DIRECTION('',(0.,0.,1.));
#1510=DIRECTION('',(2.64338815386943E-16,-1.,0.));
#1511=DIRECTION('center_axis',(0.,0.,1.));
#1512=DIRECTION('ref_axis',(-1.,0.,0.));
#1513=DIRECTION('center_axis',(0.,0.,-1.));
#1514=DIRECTION('ref_axis',(-1.,0.,0.));
#1515=DIRECTION('center_axis',(0.,0.,-1.));
#1516=DIRECTION('ref_axis',(-1.,0.,0.));
#1517=DIRECTION('center_axis',(0.,0.,1.));
#1518=DIRECTION('ref_axis',(-1.,0.,0.));
#1519=DIRECTION('center_axis',(0.,-1.,0.));
#1520=DIRECTION('ref_axis',(1.,0.,0.));
#1521=DIRECTION('center_axis',(0.,0.,1.));
#1522=DIRECTION('ref_axis',(-1.,0.,0.));
#1523=DIRECTION('center_axis',(0.,0.,-1.));
#1524=DIRECTION('ref_axis',(-1.,0.,0.));
#1525=DIRECTION('',(0.,0.,-1.));
#1526=DIRECTION('center_axis',(0.,0.,-1.));
#1527=DIRECTION('ref_axis',(-1.,0.,0.));
#1528=DIRECTION('center_axis',(0.,-1.,0.));
#1529=DIRECTION('ref_axis',(1.,0.,0.));
#1530=DIRECTION('center_axis',(-1.,0.,0.));
#1531=DIRECTION('ref_axis',(0.,0.707106781186553,0.707106781186542));
#1532=DIRECTION('center_axis',(-0.707106781186545,0.70710678118655,1.57009245868377E-15));
#1533=DIRECTION('ref_axis',(0.70710678118655,0.707106781186545,1.57009245868376E-15));
#1534=DIRECTION('center_axis',(-7.93016446160826E-16,1.,0.));
#1535=DIRECTION('ref_axis',(0.707106781186549,0.,0.707106781186546));
#1536=DIRECTION('center_axis',(0.707106781186545,0.70710678118655,0.));
#1537=DIRECTION('ref_axis',(0.70710678118655,-0.707106781186545,0.));
#1538=DIRECTION('',(-7.93016446160826E-16,1.,0.));
#1539=DIRECTION('center_axis',(1.,0.,0.));
#1540=DIRECTION('ref_axis',(0.,-0.707106781186553,0.707106781186542));
#1541=DIRECTION('center_axis',(0.707106781186499,0.707106781186596,1.57009245868367E-15));
#1542=DIRECTION('ref_axis',(-0.707106781186596,0.707106781186499,1.57009245868345E-15));
#1543=DIRECTION('',(1.,0.,0.));
#1544=DIRECTION('center_axis',(1.88144268251098E-15,-1.,0.));
#1545=DIRECTION('ref_axis',(-0.707106781186548,0.,0.707106781186547));
#1546=DIRECTION('',(1.88144268251098E-15,-1.,0.));
#1547=DIRECTION('center_axis',(0.,1.,0.));
#1548=DIRECTION('ref_axis',(-1.,0.,0.));
#1549=DIRECTION('center_axis',(0.707106781186547,-0.707106781186548,0.));
#1550=DIRECTION('ref_axis',(0.707106781186548,0.707106781186547,0.));
#1551=DIRECTION('center_axis',(1.,-4.44089209850062E-15,0.));
#1552=DIRECTION('ref_axis',(-3.14018491736753E-15,-0.707106781186553,0.707106781186542));
#1553=DIRECTION('center_axis',(0.707106781186546,-0.707106781186549,0.));
#1554=DIRECTION('ref_axis',(-0.707106781186549,-0.707106781186546,0.));
#1555=DIRECTION('',(1.,-4.44089209850062E-15,0.));
#1556=DIRECTION('center_axis',(2.64338815386943E-16,-1.,0.));
#1557=DIRECTION('ref_axis',(-0.707106781186548,0.,0.707106781186547));
#1558=DIRECTION('center_axis',(-0.707106781186546,-0.707106781186549,0.));
#1559=DIRECTION('ref_axis',(-0.707106781186549,0.707106781186546,0.));
#1560=DIRECTION('center_axis',(-1.,0.,0.));
#1561=DIRECTION('ref_axis',(0.,0.70710678118654,0.707106781186555));
#1562=DIRECTION('center_axis',(0.,0.,1.));
#1563=DIRECTION('ref_axis',(1.,0.,0.));
#1564=DIRECTION('center_axis',(-3.5527136788005E-14,-1.,0.));
#1565=DIRECTION('ref_axis',(1.,-3.5527136788005E-14,0.));
#1566=DIRECTION('center_axis',(0.,0.,1.));
#1567=DIRECTION('ref_axis',(-3.05130638846584E-14,-1.,0.));
#1568=DIRECTION('center_axis',(-1.34209578019115E-13,1.,0.));
#1569=DIRECTION('ref_axis',(0.707106781186548,1.00485917355762E-13,0.707106781186547));
#1570=DIRECTION('',(-1.34209578019115E-13,1.,0.));
#1571=DIRECTION('center_axis',(1.,7.93016446160826E-16,0.));
#1572=DIRECTION('ref_axis',(-7.93016446160826E-16,1.,0.));
#1573=DIRECTION('',(0.,0.,1.));
#1574=DIRECTION('center_axis',(0.,-1.,0.));
#1575=DIRECTION('ref_axis',(1.,0.,0.));
#1576=DIRECTION('',(0.,0.,1.));
#1577=DIRECTION('center_axis',(1.,1.34209578019115E-13,0.));
#1578=DIRECTION('ref_axis',(-1.34209578019115E-13,1.,0.));
#1579=DIRECTION('',(0.,0.,1.));
#1580=DIRECTION('center_axis',(0.,0.,1.));
#1581=DIRECTION('ref_axis',(-1.,3.04518315325757E-14,0.));
#1582=DIRECTION('',(0.,0.,1.));
#1583=DIRECTION('center_axis',(-1.,-1.88144268251098E-15,0.));
#1584=DIRECTION('ref_axis',(1.88144268251098E-15,-1.,0.));
#1585=DIRECTION('',(0.,0.,1.));
#1586=DIRECTION('center_axis',(-4.44089209850062E-15,-1.,0.));
#1587=DIRECTION('ref_axis',(1.,-4.44089209850062E-15,0.));
#1588=DIRECTION('center_axis',(0.,0.,1.));
#1589=DIRECTION('ref_axis',(-0.930417567982042,-0.366501226724254,0.));
#1590=DIRECTION('center_axis',(0.,0.,1.));
#1591=DIRECTION('ref_axis',(0.,-1.,0.));
#1592=DIRECTION('center_axis',(0.,0.,1.));
#1593=DIRECTION('ref_axis',(-0.947184691019176,0.320688573383756,0.));
#1594=DIRECTION('center_axis',(0.,0.,1.));
#1595=DIRECTION('ref_axis',(0.,-1.,0.));
#1596=DIRECTION('center_axis',(1.,0.,0.));
#1597=DIRECTION('ref_axis',(0.,-0.707106781186552,0.707106781186543));
#1598=DIRECTION('',(1.,0.,0.));
#1599=DIRECTION('',(-1.,0.,0.));
#1600=DIRECTION('center_axis',(0.,0.,1.));
#1601=DIRECTION('ref_axis',(1.,0.,0.));
#1602=DIRECTION('center_axis',(0.,0.,-1.));
#1603=DIRECTION('ref_axis',(8.28041339199591E-15,1.,0.));
#1604=DIRECTION('center_axis',(0.,0.,1.));
#1605=DIRECTION('ref_axis',(8.28041339199591E-15,1.,0.));
#1606=DIRECTION('center_axis',(1.,0.,0.));
#1607=DIRECTION('ref_axis',(0.,-0.707106781186552,0.707106781186543));
#1608=DIRECTION('',(-1.,0.,0.));
#1609=DIRECTION('',(1.,0.,0.));
#1610=DIRECTION('center_axis',(0.,0.,-1.));
#1611=DIRECTION('ref_axis',(-1.,0.,0.));
#1612=DIRECTION('center_axis',(0.,0.,1.));
#1613=DIRECTION('ref_axis',(1.07321559047099E-14,1.,0.));
#1614=DIRECTION('center_axis',(0.,0.,-1.));
#1615=DIRECTION('ref_axis',(1.07321559047099E-14,1.,0.));
#1616=DIRECTION('center_axis',(0.,-1.,0.));
#1617=DIRECTION('ref_axis',(1.,0.,0.));
#1618=DIRECTION('',(0.,0.,1.));
#1619=DIRECTION('',(-1.,0.,0.));
#1620=DIRECTION('',(0.,0.,1.));
#1621=DIRECTION('center_axis',(0.,0.,1.));
#1622=DIRECTION('ref_axis',(-0.947184691019191,0.320688573383712,0.));
#1623=DIRECTION('',(0.,0.,1.));
#1624=DIRECTION('center_axis',(0.,0.,-1.));
#1625=DIRECTION('ref_axis',(-0.947184691019191,0.320688573383712,0.));
#1626=DIRECTION('center_axis',(0.,0.,1.));
#1627=DIRECTION('ref_axis',(0.947184691019182,0.320688573383738,0.));
#1628=DIRECTION('',(0.,0.,1.));
#1629=DIRECTION('center_axis',(0.,0.,-1.));
#1630=DIRECTION('ref_axis',(0.947184691019182,0.320688573383738,0.));
#1631=DIRECTION('center_axis',(0.,0.,1.));
#1632=DIRECTION('ref_axis',(-2.77555756156295E-15,-1.,0.));
#1633=DIRECTION('',(0.,0.,1.));
#1634=DIRECTION('center_axis',(0.,0.,-1.));
#1635=DIRECTION('ref_axis',(-2.77555756156295E-15,-1.,0.));
#1636=DIRECTION('center_axis',(0.,0.,1.));
#1637=DIRECTION('ref_axis',(-1.,0.,0.));
#1638=DIRECTION('center_axis',(0.,0.,-1.));
#1639=DIRECTION('ref_axis',(-2.77555756156295E-15,-1.,0.));
#1640=DIRECTION('',(-0.499422395673986,0.500576937841984,0.707106781186547));
#1641=DIRECTION('',(-1.96261557335472E-15,-0.707106781186546,-0.707106781186549));
#1642=DIRECTION('center_axis',(0.,-0.707106781186549,0.707106781186546));
#1643=DIRECTION('ref_axis',(1.,0.,0.));
#1644=DIRECTION('',(-1.,0.,0.));
#1645=DIRECTION('',(0.,-0.707106781186556,-0.707106781186539));
#1646=DIRECTION('center_axis',(0.,0.,1.));
#1647=DIRECTION('ref_axis',(0.930417567982034,0.366501226724272,0.));
#1648=DIRECTION('',(0.657904571655191,0.259155502729918,0.707106781186549));
#1649=DIRECTION('center_axis',(0.,0.,1.));
#1650=DIRECTION('ref_axis',(0.930417567982034,0.366501226724272,0.));
#1651=DIRECTION('',(0.657904571655187,-0.259155502729936,-0.707106781186547));
#1652=DIRECTION('center_axis',(0.,0.,-1.));
#1653=DIRECTION('ref_axis',(0.,-1.,0.));
#1654=DIRECTION('center_axis',(0.,0.,-1.));
#1655=DIRECTION('ref_axis',(0.,-1.,0.));
#1656=DIRECTION('',(0.,-0.707106781186546,-0.707106781186549));
#1657=DIRECTION('center_axis',(0.,-0.707106781186549,0.707106781186546));
#1658=DIRECTION('ref_axis',(1.,0.,0.));
#1659=DIRECTION('',(0.,-0.707106781186549,-0.707106781186546));
#1660=DIRECTION('center_axis',(0.,0.,-1.));
#1661=DIRECTION('ref_axis',(-0.947184691019191,0.320688573383712,0.));
#1662=DIRECTION('',(-0.499422395674,-0.500576937841967,-0.707106781186549));
#1663=DIRECTION('center_axis',(0.,0.,-1.));
#1664=DIRECTION('ref_axis',(-0.930417567981988,-0.366501226724389,0.));
#1665=DIRECTION('center_axis',(0.,0.,-1.));
#1666=DIRECTION('ref_axis',(-0.930417567981988,-0.366501226724389,0.));
#1667=DIRECTION('',(-0.669760718055754,0.226761064888665,-0.707106781186547));
#1668=DIRECTION('',(-0.669760718055745,-0.226761064888691,0.707106781186547));
#1669=DIRECTION('center_axis',(0.,0.,-1.));
#1670=DIRECTION('ref_axis',(0.947184691019182,0.320688573383739,0.));
#1671=DIRECTION('center_axis',(0.,0.,1.));
#1672=DIRECTION('ref_axis',(0.,-1.,0.));
#1673=DIRECTION('',(0.,0.,1.));
#1674=DIRECTION('center_axis',(0.,0.,1.));
#1675=DIRECTION('ref_axis',(0.930417567982034,0.366501226724272,0.));
#1676=DIRECTION('',(0.,0.,1.));
#1677=DIRECTION('center_axis',(0.,-1.,0.));
#1678=DIRECTION('ref_axis',(1.,0.,0.));
#1679=DIRECTION('',(0.,0.,1.));
#1680=DIRECTION('center_axis',(0.,0.,1.));
#1681=DIRECTION('ref_axis',(-0.930417567981988,-0.366501226724389,0.));
#1682=CARTESIAN_POINT('',(0.,0.,0.));
#1683=CARTESIAN_POINT('Ctrl Pts',(-7.28478211858608,95.9251153448214,-0.853553390593259));
#1684=CARTESIAN_POINT('Ctrl Pts',(-7.27983830348114,96.0257606206941,-0.770694481956696));
#1685=CARTESIAN_POINT('Ctrl Pts',(-7.24791021067315,96.2203827201703,-0.599016056606964));
#1686=CARTESIAN_POINT('Ctrl Pts',(-7.12177055446216,96.5220741725854,-0.291839096506919));
#1687=CARTESIAN_POINT('Ctrl Pts',(-6.84573044650979,96.6628043478117,0.00141012933328385));
#1688=CARTESIAN_POINT('Ctrl Pts',(-6.54537253777738,96.597960789329,0.128213506533048));
#1689=CARTESIAN_POINT('Ctrl Pts',(-6.40613100868975,96.5391116366381,0.14644660940615));
#1690=CARTESIAN_POINT('Ctrl Pts',(-6.33784235273907,96.5038645847579,0.146446609406727));
#1691=CARTESIAN_POINT('Ctrl Pts',(-7.1880026718091,95.8964307157658,-0.817398193326506));
#1692=CARTESIAN_POINT('Ctrl Pts',(-7.19016936550129,95.9937327053973,-0.739693865191279));
#1693=CARTESIAN_POINT('Ctrl Pts',(-7.1730899935151,96.1829924086128,-0.578707789160815));
#1694=CARTESIAN_POINT('Ctrl Pts',(-7.07429944667912,96.4789412121734,-0.291076168633853));
#1695=CARTESIAN_POINT('Ctrl Pts',(-6.82736329816481,96.6161361776472,-0.0230877674135885));
#1696=CARTESIAN_POINT('Ctrl Pts',(-6.55152494618942,96.550087812367,0.0842373996693655));
#1697=CARTESIAN_POINT('Ctrl Pts',(-6.42427563030179,96.49169010036,0.0960122179829122));
#1698=CARTESIAN_POINT('Ctrl Pts',(-6.36210135125506,96.4568645006368,0.0935551458574445));
#1699=CARTESIAN_POINT('Ctrl Pts',(-7.04606404817222,95.8112782638778,-0.710068804831244));
#1700=CARTESIAN_POINT('Ctrl Pts',(-7.05711827631704,95.9082633340337,-0.647668862234733));
#1701=CARTESIAN_POINT('Ctrl Pts',(-7.05976136850308,96.0973246787408,-0.516282922563245));
#1702=CARTESIAN_POINT('Ctrl Pts',(-6.99969331580264,96.3940196753126,-0.276904320938121));
#1703=CARTESIAN_POINT('Ctrl Pts',(-6.80141416684753,96.5272516218769,-0.056473047506533));
#1704=CARTESIAN_POINT('Ctrl Pts',(-6.57082357882242,96.453629932544,0.0225877745838413));
#1705=CARTESIAN_POINT('Ctrl Pts',(-6.46543822413439,96.3920860365183,0.026911665725735));
#1706=CARTESIAN_POINT('Ctrl Pts',(-6.41422435590367,96.3558798865565,0.0222059527395914));
#1707=CARTESIAN_POINT('Ctrl Pts',(-7.00000181292419,95.6945951874052,-0.562997018078331));
#1708=CARTESIAN_POINT('Ctrl Pts',(-7.00524398937427,95.7968073529744,-0.516443921043655));
#1709=CARTESIAN_POINT('Ctrl Pts',(-7.00147466937333,95.9945115130727,-0.418413678266195));
#1710=CARTESIAN_POINT('Ctrl Pts',(-6.94776058837315,96.3012023073523,-0.23923620939546));
#1711=CARTESIAN_POINT('Ctrl Pts',(-6.78939141784278,96.4324417914973,-0.0702613183018539));
#1712=CARTESIAN_POINT('Ctrl Pts',(-6.60348154762199,96.3468735136365,-0.00436326358179061));
#1713=CARTESIAN_POINT('Ctrl Pts',(-6.5167567351528,96.2789508321396,0.00203557134603403));
#1714=CARTESIAN_POINT('Ctrl Pts',(-6.47427125939435,96.2395432820847,1.78198356574326E-13));
#1715=CARTESIAN_POINT('Ctrl Pts',(-7.00000181292419,95.6446149291907,-0.499999999999991));
#1716=CARTESIAN_POINT('Ctrl Pts',(-7.00000181292419,95.7490534485542,-0.458570545681715));
#1717=CARTESIAN_POINT('Ctrl Pts',(-6.98830274738083,95.9504478252302,-0.372731333006878));
#1718=CARTESIAN_POINT('Ctrl Pts',(-6.93019974525443,96.2614111340581,-0.219142852956839));
#1719=CARTESIAN_POINT('Ctrl Pts',(-6.78693327095212,96.3918017442769,-0.0725182400367464));
#1720=CARTESIAN_POINT('Ctrl Pts',(-6.61940219809936,96.3011185194436,-0.00911655143685483));
#1721=CARTESIAN_POINT('Ctrl Pts',(-6.53950294450746,96.2304690233954,-2.98216591044742E-13));
#1722=CARTESIAN_POINT('Ctrl Pts',(-6.50000181292784,96.1896921647874,-9.71445146547012E-15));
#1723=CARTESIAN_POINT('',(-6.5000018129269,96.1896921647892,2.40692882289822E-16));
#1724=CARTESIAN_POINT('',(-6.33784235273987,96.5038645847583,0.146446609406727));
#1725=CARTESIAN_POINT('Origin',(-6.5000018129324,96.1896921647879,0.5));
#1726=CARTESIAN_POINT('',(-7.00000181292415,96.5708675066652,-0.173309131721862));
#1727=CARTESIAN_POINT('Ctrl Pts',(-6.33784235273907,96.5038645847579,0.146446609406727));
#1728=CARTESIAN_POINT('Ctrl Pts',(-6.40613100868975,96.5391116366381,0.14644660940615));
#1729=CARTESIAN_POINT('Ctrl Pts',(-6.54537253777738,96.597960789329,0.128213506533048));
#1730=CARTESIAN_POINT('Ctrl Pts',(-6.78711011714557,96.6501489435593,0.0261581233758424));
#1731=CARTESIAN_POINT('Ctrl Pts',(-6.93118795953355,96.6081663536042,-0.0991404564903241));
#1732=CARTESIAN_POINT('Ctrl Pts',(-6.99833404859256,96.5683877976317,-0.173488620202979));
#1733=CARTESIAN_POINT('',(-7.00000181292419,95.6446149292104,-0.499999999996094));
#1734=CARTESIAN_POINT('Ctrl Pts',(-7.00000181292419,96.5708675066651,-0.173309131722028));
#1735=CARTESIAN_POINT('Ctrl Pts',(-7.00000181292419,96.5330490923516,-0.20175456426109));
#1736=CARTESIAN_POINT('Ctrl Pts',(-7.00000181292419,96.4930762681617,-0.226944732438792));
#1737=CARTESIAN_POINT('Ctrl Pts',(-7.00000181292419,96.2649216927379,-0.351170406777283));
#1738=CARTESIAN_POINT('Ctrl Pts',(-7.00000181292422,96.0145576207145,-0.418651635774418));
#1739=CARTESIAN_POINT('Ctrl Pts',(-7.00000181292422,95.6534001550811,-0.498073632393557));
#1740=CARTESIAN_POINT('Ctrl Pts',(-7.00000181292419,95.6490075218116,-0.49903771387232));
#1741=CARTESIAN_POINT('Ctrl Pts',(-7.00000181292419,95.6446149291907,-0.49999999999999));
#1742=CARTESIAN_POINT('Ctrl Pts',(-7.00000181292419,95.6446149291907,-0.499999999999991));
#1743=CARTESIAN_POINT('Ctrl Pts',(-7.00000181292419,95.7490534485542,-0.458570545681715));
#1744=CARTESIAN_POINT('Ctrl Pts',(-6.98830274738083,95.9504478252302,-0.372731333006878));
#1745=CARTESIAN_POINT('Ctrl Pts',(-6.93019974525443,96.2614111340581,-0.219142852956839));
#1746=CARTESIAN_POINT('Ctrl Pts',(-6.78693327095212,96.3918017442769,-0.0725182400367464));
#1747=CARTESIAN_POINT('Ctrl Pts',(-6.61940219809936,96.3011185194436,-0.00911655143685483));
#1748=CARTESIAN_POINT('Ctrl Pts',(-6.53950294450746,96.2304690233954,-2.98216591044742E-13));
#1749=CARTESIAN_POINT('Ctrl Pts',(-6.50000181292784,96.1896921647874,-9.71445146547012E-15));
#1750=CARTESIAN_POINT('Origin',(-5.30423608263608,98.5064032142625,0.5));
#1751=CARTESIAN_POINT('',(-5.30423608263607,95.8992964330759,0.));
#1752=CARTESIAN_POINT('Origin',(-5.30423608263608,98.5064032142625,0.));
#1753=CARTESIAN_POINT('',(-5.30423608263608,96.2528498236692,0.14644660940672));
#1754=CARTESIAN_POINT('Origin',(-5.30423608263607,95.8992964330759,0.5));
#1755=CARTESIAN_POINT('Origin',(-5.30423608263608,98.5064032142625,0.146446609406719));
#1756=CARTESIAN_POINT('Origin',(-1.32606038035233,95.8992964330759,0.5));
#1757=CARTESIAN_POINT('',(-4.55904789604058,95.8992964330759,0.));
#1758=CARTESIAN_POINT('',(-4.55904789604058,96.2528498236692,0.146446609406733));
#1759=CARTESIAN_POINT('Origin',(-4.55904789604058,95.8992964330759,0.5));
#1760=CARTESIAN_POINT('',(-1.32606038035233,96.2528498236692,0.146446609406731));
#1761=CARTESIAN_POINT('',(-1.32606038035233,95.8992964330759,0.));
#1762=CARTESIAN_POINT('Origin',(-4.55904789604058,98.5064032142625,0.5));
#1763=CARTESIAN_POINT('',(-2.13334994521955,97.5508953807564,0.));
#1764=CARTESIAN_POINT('',(-2.46230223104715,97.6804731321213,0.146446609406732));
#1765=CARTESIAN_POINT('Origin',(-2.13334994521955,97.5508953807564,0.5));
#1766=CARTESIAN_POINT('Origin',(-4.55904789604058,98.5064032142625,0.146446609406729));
#1767=CARTESIAN_POINT('Origin',(-4.55904789604058,98.5064032142625,0.));
#1768=CARTESIAN_POINT('Origin',(-1.81292867162952E-6,96.7105472033134,0.5));
#1769=CARTESIAN_POINT('',(2.13334631936223,97.5508953807563,0.));
#1770=CARTESIAN_POINT('',(2.46229860518983,97.6804731321213,0.146446609406727));
#1771=CARTESIAN_POINT('Origin',(2.13334631936223,97.5508953807563,0.5));
#1772=CARTESIAN_POINT('Origin',(-1.81292867178692E-6,96.7105472033134,0.146446609406723));
#1773=CARTESIAN_POINT('Origin',(-1.81292867162952E-6,96.7105472033134,0.));
#1774=CARTESIAN_POINT('Origin',(4.55904427018322,98.5064032142624,0.5));
#1775=CARTESIAN_POINT('',(4.55904427018329,95.8992964330759,0.));
#1776=CARTESIAN_POINT('',(4.55904427018328,96.2528498236691,0.146446609406728));
#1777=CARTESIAN_POINT('Origin',(4.55904427018329,95.8992964330759,0.5));
#1778=CARTESIAN_POINT('Origin',(4.55904427018322,98.5064032142624,0.146446609406727));
#1779=CARTESIAN_POINT('Origin',(4.55904427018322,98.5064032142624,0.));
#1780=CARTESIAN_POINT('Origin',(1.13975970785251,95.8992964330758,0.5));
#1781=CARTESIAN_POINT('',(5.30423245677877,95.8992964330758,0.));
#1782=CARTESIAN_POINT('',(5.30423245677877,96.2528498236691,0.146446609406733));
#1783=CARTESIAN_POINT('Origin',(5.30423245677877,95.8992964330758,0.5));
#1784=CARTESIAN_POINT('',(1.13975970785251,96.2528498236691,0.146446609406731));
#1785=CARTESIAN_POINT('',(1.13975970785251,95.8992964330758,0.));
#1786=CARTESIAN_POINT('Origin',(5.30423245677878,98.5064032142623,0.5));
#1787=CARTESIAN_POINT('',(6.49999818706695,96.1896921647836,0.));
#1788=CARTESIAN_POINT('',(6.33783872687552,96.5038645847545,0.146446609406729));
#1789=CARTESIAN_POINT('Origin',(6.49999818706695,96.1896921647836,0.5));
#1790=CARTESIAN_POINT('Origin',(5.30423245677878,98.5064032142623,0.146446609406729));
#1791=CARTESIAN_POINT('Origin',(5.30423245677878,98.5064032142623,0.));
#1792=CARTESIAN_POINT('Ctrl Pts',(6.99999818706707,95.6446149291906,-0.500000000000018));
#1793=CARTESIAN_POINT('Ctrl Pts',(6.99999818706704,95.7838790059806,-0.444755682647461));
#1794=CARTESIAN_POINT('Ctrl Pts',(6.98376405632466,96.0545612493774,-0.331241736528544));
#1795=CARTESIAN_POINT('Ctrl Pts',(6.89066961258763,96.3299973280209,-0.166513376755366));
#1796=CARTESIAN_POINT('Ctrl Pts',(6.70737814475193,96.3768747950205,-0.0288099054602756));
#1797=CARTESIAN_POINT('Ctrl Pts',(6.5789975087872,96.2712428455647,1.45813372498989E-14));
#1798=CARTESIAN_POINT('Ctrl Pts',(6.49999818706687,96.1896921647835,-1.38777878078145E-16));
#1799=CARTESIAN_POINT('Ctrl Pts',(6.99999818706706,95.7112552734766,-0.583996024104473));
#1800=CARTESIAN_POINT('Ctrl Pts',(7.00944342251125,95.8465124944794,-0.519609990157954));
#1801=CARTESIAN_POINT('Ctrl Pts',(7.0071368506609,96.1108100821247,-0.383489609720759));
#1802=CARTESIAN_POINT('Ctrl Pts',(6.90954786930425,96.3825632448089,-0.181372957178844));
#1803=CARTESIAN_POINT('Ctrl Pts',(6.69889021729647,96.4336194923515,-0.0202266673943763));
#1804=CARTESIAN_POINT('Ctrl Pts',(6.55264358095702,96.3340475085796,0.00546042874718521));
#1805=CARTESIAN_POINT('Ctrl Pts',(6.46569078235517,96.2561603211801,-3.03353204565879E-15));
#1806=CARTESIAN_POINT('Ctrl Pts',(7.06256614694887,95.8275359288618,-0.730560584015632));
#1807=CARTESIAN_POINT('Ctrl Pts',(7.07636859139656,95.9560207208759,-0.643456163512323));
#1808=CARTESIAN_POINT('Ctrl Pts',(7.07597082174371,96.2093266617054,-0.461218192202878));
#1809=CARTESIAN_POINT('Ctrl Pts',(6.95366495621279,96.4746523769136,-0.196761209170515));
#1810=CARTESIAN_POINT('Ctrl Pts',(6.69084567072415,96.5330004788157,0.00936410267662663));
#1811=CARTESIAN_POINT('Ctrl Pts',(6.51129881557563,96.4439326102472,0.0391800074246708));
#1812=CARTESIAN_POINT('Ctrl Pts',(6.40569435900325,96.3723991239723,0.0299061393579877));
#1813=CARTESIAN_POINT('Ctrl Pts',(7.21219390764621,95.9036018730297,-0.826436992643208));
#1814=CARTESIAN_POINT('Ctrl Pts',(7.21262329468561,96.0345048210415,-0.721134715659137));
#1815=CARTESIAN_POINT('Ctrl Pts',(7.18350526527935,96.2905716865767,-0.504438005391275));
#1816=CARTESIAN_POINT('Ctrl Pts',(7.01472490407638,96.5581427235423,-0.19206479152761));
#1817=CARTESIAN_POINT('Ctrl Pts',(6.69586558949608,96.6229911083308,0.0624737254243754));
#1818=CARTESIAN_POINT('Ctrl Pts',(6.4834362770157,96.5384841023131,0.11043964264244));
#1819=CARTESIAN_POINT('Ctrl Pts',(6.3560329757628,96.4686145216637,0.106778011744595));
#1820=CARTESIAN_POINT('Ctrl Pts',(7.28477849272894,95.9251153448214,-0.853553390593267));
#1821=CARTESIAN_POINT('Ctrl Pts',(7.27818613723972,96.0593213017146,-0.743064755888167));
#1822=CARTESIAN_POINT('Ctrl Pts',(7.23424259668695,96.3202392563079,-0.516036863650387));
#1823=CARTESIAN_POINT('Ctrl Pts',(7.04322481955891,96.591340782965,-0.18658014410397));
#1824=CARTESIAN_POINT('Ctrl Pts',(6.70023041463573,96.658715780315,0.0888267984861858));
#1825=CARTESIAN_POINT('Ctrl Pts',(6.47441095368416,96.5743560638553,0.146446609406754));
#1826=CARTESIAN_POINT('Ctrl Pts',(6.33783872687538,96.5038645847545,0.146446609406725));
#1827=CARTESIAN_POINT('',(6.99999818706707,95.6446149297989,-0.49999999987936));
#1828=CARTESIAN_POINT('Ctrl Pts',(6.4999981870669,96.1896921647835,-1.47451495458029E-16));
#1829=CARTESIAN_POINT('Ctrl Pts',(6.57899750878723,96.2712428455647,8.82106887534072E-15));
#1830=CARTESIAN_POINT('Ctrl Pts',(6.66458459943037,96.3416641452019,-0.0192066036401852));
#1831=CARTESIAN_POINT('Ctrl Pts',(6.74199135440093,96.3526372538811,-0.0623297305322673));
#1832=CARTESIAN_POINT('Ctrl Pts',(6.78069473188621,96.3581238082207,-0.0838912939783115));
#1833=CARTESIAN_POINT('Ctrl Pts',(6.81735302545335,96.3487483148208,-0.11143198823733));
#1834=CARTESIAN_POINT('Ctrl Pts',(6.84799818408058,96.3241355806446,-0.14077434172822));
#1835=CARTESIAN_POINT('Ctrl Pts',(6.90928850133504,96.2749101122922,-0.199459048710002));
#1836=CARTESIAN_POINT('Ctrl Pts',(6.94652627882985,96.1647356808348,-0.265350392619273));
#1837=CARTESIAN_POINT('Ctrl Pts',(6.96920370026285,96.0419779042569,-0.326674551103638));
#1838=CARTESIAN_POINT('Ctrl Pts',(6.99188112166508,95.9192201278455,-0.387998709504791));
#1839=CARTESIAN_POINT('Ctrl Pts',(6.99999818704501,95.7838790063479,-0.444755682493433));
#1840=CARTESIAN_POINT('Ctrl Pts',(6.99999818706707,95.6446149297575,-0.499999999775133));
#1841=CARTESIAN_POINT('',(6.99999818706692,96.5708675066651,-0.173309131722098));
#1842=CARTESIAN_POINT('Ctrl Pts',(6.99999818706707,95.6446149291906,-0.500000000000008));
#1843=CARTESIAN_POINT('Ctrl Pts',(6.99999818706707,95.6490076178529,-0.499037692832524));
#1844=CARTESIAN_POINT('Ctrl Pts',(6.99999818706709,95.6534003474671,-0.498073590169158));
#1845=CARTESIAN_POINT('Ctrl Pts',(6.99999818706703,95.9464992886412,-0.433618311418971));
#1846=CARTESIAN_POINT('Ctrl Pts',(6.99999818706697,96.169695154092,-0.376362669573485));
#1847=CARTESIAN_POINT('Ctrl Pts',(6.99999818706691,96.4239319387463,-0.267165858925929));
#1848=CARTESIAN_POINT('Ctrl Pts',(6.99999818706689,96.5010257914873,-0.225841154377194));
#1849=CARTESIAN_POINT('Ctrl Pts',(6.99999818706688,96.5708675066651,-0.173309131721959));
#1850=CARTESIAN_POINT('Ctrl Pts',(6.99987027491115,96.5710119578079,-0.173502963877972));
#1851=CARTESIAN_POINT('Ctrl Pts',(6.98829145852606,96.5779959356303,-0.160657236935307));
#1852=CARTESIAN_POINT('Ctrl Pts',(6.92011059846581,96.6143579584728,-0.0886104612157941));
#1853=CARTESIAN_POINT('Ctrl Pts',(6.70009723472935,96.6576191735665,0.0880196466753381));
#1854=CARTESIAN_POINT('Ctrl Pts',(6.47468868450558,96.5732543735914,0.145343950434846));
#1855=CARTESIAN_POINT('Ctrl Pts',(6.33839773270905,96.5027815507129,0.145232038504877));
#1856=CARTESIAN_POINT('Origin',(6.4999981870737,64.775410200513,-0.5));
#1857=CARTESIAN_POINT('',(6.49999818707554,56.2105472033134,0.));
#1858=CARTESIAN_POINT('',(6.4999981870737,64.775410200513,0.));
#1859=CARTESIAN_POINT('',(6.99999818707544,56.7105472033134,-0.5));
#1860=CARTESIAN_POINT('Origin',(6.49999818707554,56.2105472033134,-0.5));
#1861=CARTESIAN_POINT('',(6.9999981870737,64.7754102005131,-0.5));
#1862=CARTESIAN_POINT('Origin',(-1.81292440726288E-6,72.8402731977113,0.));
#1863=CARTESIAN_POINT('',(-6.5000018129242,56.2105472033138,0.));
#1864=CARTESIAN_POINT('',(-6.50000181292419,84.775410200511,0.));
#1865=CARTESIAN_POINT('',(-8.5000018129242,56.2105472033138,0.));
#1866=CARTESIAN_POINT('',(-3.5000018129243,56.2105472033138,0.));
#1867=CARTESIAN_POINT('',(-8.50000181292419,53.0105472033138,0.));
#1868=CARTESIAN_POINT('',(-8.5000018129242,64.7754102005125,0.));
#1869=CARTESIAN_POINT('',(-6.5000018129242,53.0105472033138,0.));
#1870=CARTESIAN_POINT('',(-4.50000181292434,53.0105472033138,0.));
#1871=CARTESIAN_POINT('',(-6.50000181292419,48.9699991921139,0.));
#1872=CARTESIAN_POINT('',(-6.50000181292421,62.6754102005125,0.));
#1873=CARTESIAN_POINT('',(6.49999818707583,48.9699991921135,0.));
#1874=CARTESIAN_POINT('Origin',(-1.81292417966716E-6,48.9699991921136,0.));
#1875=CARTESIAN_POINT('',(6.49999818707529,53.0105472033134,0.));
#1876=CARTESIAN_POINT('',(6.49999818707423,60.9051361949128,0.));
#1877=CARTESIAN_POINT('',(8.49999818707538,53.0105472033134,0.));
#1878=CARTESIAN_POINT('',(3.49999818707547,53.0105472033134,0.));
#1879=CARTESIAN_POINT('',(8.49999818707538,56.2105472033134,0.));
#1880=CARTESIAN_POINT('',(8.49999818707537,62.6754102005123,0.));
#1881=CARTESIAN_POINT('',(4.49999818707549,56.2105472033134,0.));
#1882=CARTESIAN_POINT('',(5.99999818707582,48.9699991921136,0.));
#1883=CARTESIAN_POINT('Origin',(-1.81292417966716E-6,48.9699991921136,0.));
#1884=CARTESIAN_POINT('Origin',(-6.50000181292419,84.775410200511,-0.5));
#1885=CARTESIAN_POINT('',(-7.0000018129242,56.7105472033138,-0.5));
#1886=CARTESIAN_POINT('',(-7.00000181292419,84.775410200511,-0.5));
#1887=CARTESIAN_POINT('Origin',(-6.5000018129242,56.2105472033138,-0.5));
#1888=CARTESIAN_POINT('Origin',(4.49999818707549,56.2105472033134,-1.3));
#1889=CARTESIAN_POINT('',(8.49999818707538,56.2105472033134,-1.8));
#1890=CARTESIAN_POINT('',(6.49999818707554,56.2105472033134,-1.8));
#1891=CARTESIAN_POINT('',(4.49999818707549,56.2105472033134,-1.8));
#1892=CARTESIAN_POINT('',(6.99999818707544,56.7105472033134,-1.3));
#1893=CARTESIAN_POINT('Origin',(6.49999818707554,56.2105472033134,-1.3));
#1894=CARTESIAN_POINT('',(8.99999818707538,56.7105472033134,-1.3));
#1895=CARTESIAN_POINT('',(4.49999818707549,56.7105472033134,-1.3));
#1896=CARTESIAN_POINT('Origin',(8.49999818707538,56.2105472033134,-1.3));
#1897=CARTESIAN_POINT('Origin',(6.4999981870737,64.775410200513,-1.3));
#1898=CARTESIAN_POINT('',(6.49999818706684,96.7105472033159,-1.8));
#1899=CARTESIAN_POINT('',(6.4999981870737,64.775410200513,-1.8));
#1900=CARTESIAN_POINT('',(6.99999818706684,96.710547203316,-1.3));
#1901=CARTESIAN_POINT('Origin',(6.49999818706684,96.7105472033159,-1.3));
#1902=CARTESIAN_POINT('',(6.9999981870737,64.7754102005131,-1.3));
#1903=CARTESIAN_POINT('Origin',(-1.81292867162952E-6,96.7105472033134,-1.3));
#1904=CARTESIAN_POINT('',(-6.50000181292419,96.710547203311,-1.8));
#1905=CARTESIAN_POINT('',(-7.00000181292419,96.7105472033108,-1.3));
#1906=CARTESIAN_POINT('Origin',(-6.50000181292419,96.710547203311,-1.3));
#1907=CARTESIAN_POINT('Origin',(-1.81292867162952E-6,96.7105472033134,-1.3));
#1908=CARTESIAN_POINT('Origin',(-1.81292867162952E-6,96.7105472033134,-1.8));
#1909=CARTESIAN_POINT('Origin',(-6.50000181292419,84.775410200511,-1.3));
#1910=CARTESIAN_POINT('',(-7.0000018129242,56.7105472033138,-1.3));
#1911=CARTESIAN_POINT('',(-7.00000181292419,84.775410200511,-1.3));
#1912=CARTESIAN_POINT('',(-6.5000018129242,56.2105472033138,-1.8));
#1913=CARTESIAN_POINT('',(-6.50000181292419,84.775410200511,-1.8));
#1914=CARTESIAN_POINT('Origin',(-6.5000018129242,56.2105472033138,-1.3));
#1915=CARTESIAN_POINT('Origin',(-8.5000018129242,64.7754102005125,-1.3));
#1916=CARTESIAN_POINT('',(-9.00000181292419,52.5105472033138,-1.3));
#1917=CARTESIAN_POINT('',(-9.0000018129242,56.7105472033138,-1.3));
#1918=CARTESIAN_POINT('',(-9.0000018129242,64.7754102005125,-1.3));
#1919=CARTESIAN_POINT('',(-8.5000018129242,56.2105472033138,-1.8));
#1920=CARTESIAN_POINT('Origin',(-8.5000018129242,56.2105472033138,-1.3));
#1921=CARTESIAN_POINT('',(-8.50000181292419,53.0105472033138,-1.8));
#1922=CARTESIAN_POINT('',(-8.5000018129242,64.7754102005125,-1.8));
#1923=CARTESIAN_POINT('Origin',(-8.50000181292419,53.0105472033138,-1.3));
#1924=CARTESIAN_POINT('Origin',(-3.5000018129243,56.2105472033138,-1.3));
#1925=CARTESIAN_POINT('',(-3.5000018129243,56.2105472033138,-1.8));
#1926=CARTESIAN_POINT('',(-3.5000018129243,56.7105472033138,-1.3));
#1927=CARTESIAN_POINT('Origin',(-4.50000181292434,53.0105472033138,-1.3));
#1928=CARTESIAN_POINT('',(-7.00000181292419,52.5105472033138,-1.3));
#1929=CARTESIAN_POINT('',(-4.50000181292435,52.5105472033138,-1.3));
#1930=CARTESIAN_POINT('',(-6.5000018129242,53.0105472033138,-1.8));
#1931=CARTESIAN_POINT('',(-4.50000181292434,53.0105472033138,-1.8));
#1932=CARTESIAN_POINT('Origin',(-6.50000181292419,53.0105472033138,-1.3));
#1933=CARTESIAN_POINT('Origin',(-6.50000181292421,62.6754102005125,-1.3));
#1934=CARTESIAN_POINT('',(-6.50000181292419,48.9699991921139,-1.8));
#1935=CARTESIAN_POINT('',(-6.50000181292421,62.6754102005125,-1.8));
#1936=CARTESIAN_POINT('',(-7.00000181292419,48.9699991921139,-1.3));
#1937=CARTESIAN_POINT('Origin',(-6.50000181292419,48.9699991921139,-1.3));
#1938=CARTESIAN_POINT('',(-7.00000181292421,62.6754102005125,-1.3));
#1939=CARTESIAN_POINT('Origin',(-1.81292417966716E-6,48.9699991921136,-1.3));
#1940=CARTESIAN_POINT('',(6.49999818707583,48.9699991921135,-1.8));
#1941=CARTESIAN_POINT('',(6.99999818707583,48.9699991921134,-1.3));
#1942=CARTESIAN_POINT('Origin',(6.49999818707583,48.9699991921135,-1.3));
#1943=CARTESIAN_POINT('Origin',(-1.81292417966716E-6,48.9699991921136,-1.3));
#1944=CARTESIAN_POINT('Origin',(-1.81292417966716E-6,48.9699991921136,-1.8));
#1945=CARTESIAN_POINT('Origin',(6.49999818707423,60.9051361949128,-1.3));
#1946=CARTESIAN_POINT('',(6.99999818707535,52.5105472033134,-1.3));
#1947=CARTESIAN_POINT('',(6.99999818707423,60.9051361949128,-1.3));
#1948=CARTESIAN_POINT('',(6.49999818707529,53.0105472033134,-1.8));
#1949=CARTESIAN_POINT('',(6.49999818707423,60.9051361949128,-1.8));
#1950=CARTESIAN_POINT('Origin',(6.49999818707529,53.0105472033134,-1.3));
#1951=CARTESIAN_POINT('Origin',(3.49999818707547,53.0105472033134,-1.3));
#1952=CARTESIAN_POINT('',(8.99999818707538,52.5105472033134,-1.3));
#1953=CARTESIAN_POINT('',(3.49999818707547,52.5105472033134,-1.3));
#1954=CARTESIAN_POINT('',(8.49999818707538,53.0105472033134,-1.8));
#1955=CARTESIAN_POINT('',(3.49999818707547,53.0105472033134,-1.8));
#1956=CARTESIAN_POINT('Origin',(8.49999818707538,53.0105472033134,-1.3));
#1957=CARTESIAN_POINT('Origin',(8.49999818707537,62.6754102005123,-1.3));
#1958=CARTESIAN_POINT('',(8.99999818707537,62.6754102005123,-1.3));
#1959=CARTESIAN_POINT('',(8.49999818707537,62.6754102005123,-1.8));
#1960=CARTESIAN_POINT('Origin',(8.99999818707538,56.7105472033134,-2.));
#1961=CARTESIAN_POINT('',(6.99999818707544,56.7105472033134,-2.));
#1962=CARTESIAN_POINT('',(8.99999818707538,56.7105472033134,-0.5));
#1963=CARTESIAN_POINT('',(4.49999818707549,56.7105472033134,-0.5));
#1964=CARTESIAN_POINT('',(8.99999818707538,56.7105472033134,-2.));
#1965=CARTESIAN_POINT('Origin',(6.99999818707544,56.7105472033134,-2.));
#1966=CARTESIAN_POINT('',(6.99999818706684,96.710547203316,-0.0699636078435574));
#1967=CARTESIAN_POINT('',(6.99999818706684,96.710547203316,-2.));
#1968=CARTESIAN_POINT('Ctrl Pts',(6.99999818706687,96.5708675066651,-0.173309131722165));
#1969=CARTESIAN_POINT('Ctrl Pts',(6.99999818706685,96.6421384962529,-0.119702068519918));
#1970=CARTESIAN_POINT('Ctrl Pts',(6.99999818706684,96.710547203316,-0.0699636078435574));
#1971=CARTESIAN_POINT('Origin',(-1.81292867162952E-6,96.7105472033134,-2.));
#1972=CARTESIAN_POINT('',(-7.00000181292419,96.7105472033108,-0.0699636078474621));
#1973=CARTESIAN_POINT('',(-7.00000181292419,96.7105472033108,-2.));
#1974=CARTESIAN_POINT('',(-6.99933190339214,96.8073887474449,0.));
#1975=CARTESIAN_POINT('Ctrl Pts',(-6.99933190339215,96.8073887474449,2.8790106741851E-15));
#1976=CARTESIAN_POINT('Ctrl Pts',(-6.9997781384203,96.775136615491,-0.0231471874611419));
#1977=CARTESIAN_POINT('Ctrl Pts',(-7.0000018129242,96.7428565046185,-0.0464722281450847));
#1978=CARTESIAN_POINT('Ctrl Pts',(-7.00000181292419,96.7105472033108,-0.0699636078474597));
#1979=CARTESIAN_POINT('',(-6.63029465005867,98.9553672169982,1.0000000000045));
#1980=CARTESIAN_POINT('Ctrl Pts',(-6.63029465005868,98.9553672169982,1.0000000000045));
#1981=CARTESIAN_POINT('Ctrl Pts',(-6.64555495153122,98.9102944419298,1.00000000000449));
#1982=CARTESIAN_POINT('Ctrl Pts',(-6.66031740035974,98.8651818949644,0.998058798462562));
#1983=CARTESIAN_POINT('Ctrl Pts',(-6.6968874033085,98.7494639387644,0.988216002700437));
#1984=CARTESIAN_POINT('Ctrl Pts',(-6.71779848218667,98.679426383781,0.977666468574907));
#1985=CARTESIAN_POINT('Ctrl Pts',(-6.77872760822582,98.4632498392886,0.932404947190958));
#1986=CARTESIAN_POINT('Ctrl Pts',(-6.8140826699172,98.3195173523606,0.884251182065329));
#1987=CARTESIAN_POINT('Ctrl Pts',(-6.88748571770441,97.9775393583685,0.741449118307651));
#1988=CARTESIAN_POINT('Ctrl Pts',(-6.92100695578994,97.7765431296084,0.632817628951021));
#1989=CARTESIAN_POINT('Ctrl Pts',(-6.97813633309133,97.3236367358187,0.361508066222405));
#1990=CARTESIAN_POINT('Ctrl Pts',(-6.99583193786819,97.0603526404425,0.181550871132391));
#1991=CARTESIAN_POINT('Ctrl Pts',(-6.99933190339214,96.8073887474449,2.22391549620227E-14));
#1992=CARTESIAN_POINT('',(6.63029102420135,98.9553672169982,1.00000000000451));
#1993=CARTESIAN_POINT('Origin',(-1.81292867162952E-6,96.7105472033134,1.00000000000451));
#1994=CARTESIAN_POINT('',(6.9993282775348,96.8073887474448,0.));
#1995=CARTESIAN_POINT('Ctrl Pts',(6.99932827753481,96.8073887474448,1.90819582357449E-15));
#1996=CARTESIAN_POINT('Ctrl Pts',(6.9938342538857,97.204475404724,0.284987029926826));
#1997=CARTESIAN_POINT('Ctrl Pts',(6.95474987190008,97.5785528182023,0.530813983309566));
#1998=CARTESIAN_POINT('Ctrl Pts',(6.86081563727548,98.1128734925631,0.803162269781375));
#1999=CARTESIAN_POINT('Ctrl Pts',(6.81720034731275,98.3137629067007,0.888564995535685));
#2000=CARTESIAN_POINT('Ctrl Pts',(6.74083668724309,98.5995356382536,0.962719349784354));
#2001=CARTESIAN_POINT('Ctrl Pts',(6.71726116251516,98.6818208274702,0.978741060406689));
#2002=CARTESIAN_POINT('Ctrl Pts',(6.67465808760488,98.8205987029419,0.995212864448585));
#2003=CARTESIAN_POINT('Ctrl Pts',(6.65682702240618,98.8762054039573,0.998992924788198));
#2004=CARTESIAN_POINT('Ctrl Pts',(6.63557617625188,98.9397114215053,0.999941517887867));
#2005=CARTESIAN_POINT('Ctrl Pts',(6.63293993462201,98.947543404095,1.00000000000451));
#2006=CARTESIAN_POINT('Ctrl Pts',(6.63029102420133,98.9553672169982,1.00000000000451));
#2007=CARTESIAN_POINT('Ctrl Pts',(6.99999818706684,96.710547203316,-0.0699636078435758));
#2008=CARTESIAN_POINT('Ctrl Pts',(6.99999818706683,96.7428527271694,-0.0464749746448056));
#2009=CARTESIAN_POINT('Ctrl Pts',(6.99977455866769,96.7751332832202,-0.0231495790144703));
#2010=CARTESIAN_POINT('Ctrl Pts',(6.99932827753481,96.8073887474448,-4.35316008448083E-15));
#2011=CARTESIAN_POINT('Origin',(-7.00000181292419,96.7105472033108,-2.));
#2012=CARTESIAN_POINT('',(-7.0000018129242,56.7105472033138,-2.));
#2013=CARTESIAN_POINT('Ctrl Pts',(-7.00000181292419,96.7105472033108,-0.0699636078474621));
#2014=CARTESIAN_POINT('Ctrl Pts',(-7.00000181292419,96.6421384962502,-0.119702068521704));
#2015=CARTESIAN_POINT('Ctrl Pts',(-7.00000181292418,96.5708675066651,-0.173309131721819));
#2016=CARTESIAN_POINT('Origin',(-7.0000018129242,56.7105472033138,-2.));
#2017=CARTESIAN_POINT('',(-9.0000018129242,56.7105472033138,-0.5));
#2018=CARTESIAN_POINT('',(-9.0000018129242,56.7105472033138,-2.));
#2019=CARTESIAN_POINT('',(-3.5000018129243,56.7105472033138,-0.5));
#2020=CARTESIAN_POINT('Origin',(-9.0000018129242,56.7105472033138,-2.));
#2021=CARTESIAN_POINT('',(-9.00000181292419,52.5105472033138,-0.5));
#2022=CARTESIAN_POINT('',(-9.00000181292419,52.5105472033138,-2.));
#2023=CARTESIAN_POINT('',(-9.0000018129242,64.7754102005125,-0.5));
#2024=CARTESIAN_POINT('Origin',(-1.81292440726288E-6,72.8402731977113,-1.8));
#2025=CARTESIAN_POINT('',(5.99999818707582,48.9699991921136,-1.8));
#2026=CARTESIAN_POINT('Origin',(-1.81292417966716E-6,48.9699991921136,-1.8));
#2027=CARTESIAN_POINT('Origin',(-1.81292417966716E-6,48.9699991921136,-1.3));
#2028=CARTESIAN_POINT('',(5.49999818707582,48.9699991921136,-1.3));
#2029=CARTESIAN_POINT('Origin',(-1.81292417966716E-6,48.9699991921136,-1.3));
#2030=CARTESIAN_POINT('Origin',(5.99999818707582,48.9699991921136,-1.3));
#2031=CARTESIAN_POINT('Origin',(-1.81292417966716E-6,48.9699991921136,-2.));
#2032=CARTESIAN_POINT('',(5.49999818707582,48.9699991921136,-0.5));
#2033=CARTESIAN_POINT('Origin',(-1.81292417966716E-6,48.9699991921136,-0.5));
#2034=CARTESIAN_POINT('',(5.49999818707582,48.9699991921136,-2.));
#2035=CARTESIAN_POINT('Origin',(-1.81292417966716E-6,48.9699991921136,-0.5));
#2036=CARTESIAN_POINT('Origin',(5.99999818707582,48.9699991921136,-0.5));
#2037=CARTESIAN_POINT('Origin',(4.49999818707549,56.2105472033134,-0.5));
#2038=CARTESIAN_POINT('Origin',(8.49999818707538,56.2105472033134,-0.5));
#2039=CARTESIAN_POINT('Origin',(8.49999818707537,62.6754102005123,-0.5));
#2040=CARTESIAN_POINT('',(8.99999818707538,52.5105472033134,-0.5));
#2041=CARTESIAN_POINT('Origin',(8.49999818707538,53.0105472033134,-0.5));
#2042=CARTESIAN_POINT('',(8.99999818707537,62.6754102005123,-0.5));
#2043=CARTESIAN_POINT('Origin',(3.49999818707547,53.0105472033134,-0.5));
#2044=CARTESIAN_POINT('',(6.99999818707535,52.5105472033134,-0.5));
#2045=CARTESIAN_POINT('Origin',(6.49999818707529,53.0105472033134,-0.5));
#2046=CARTESIAN_POINT('',(3.49999818707547,52.5105472033134,-0.5));
#2047=CARTESIAN_POINT('Origin',(-6.50000181292421,62.6754102005125,-0.5));
#2048=CARTESIAN_POINT('',(-7.00000181292419,52.5105472033138,-0.5));
#2049=CARTESIAN_POINT('',(-7.00000181292419,48.9699991921139,-0.5));
#2050=CARTESIAN_POINT('',(-7.00000181292421,62.6754102005125,-0.5));
#2051=CARTESIAN_POINT('Origin',(-6.50000181292419,48.9699991921139,-0.5));
#2052=CARTESIAN_POINT('Origin',(-6.5000018129242,53.0105472033138,-0.5));
#2053=CARTESIAN_POINT('Origin',(-4.50000181292434,53.0105472033138,-0.5));
#2054=CARTESIAN_POINT('Origin',(-8.50000181292419,53.0105472033138,-0.5));
#2055=CARTESIAN_POINT('',(-4.50000181292435,52.5105472033138,-0.5));
#2056=CARTESIAN_POINT('Origin',(-8.5000018129242,64.7754102005125,-0.5));
#2057=CARTESIAN_POINT('Origin',(-8.5000018129242,56.2105472033138,-0.5));
#2058=CARTESIAN_POINT('Origin',(-3.5000018129243,56.2105472033138,-0.5));
#2059=CARTESIAN_POINT('Origin',(-1.81292417966716E-6,48.9699991921136,-0.5));
#2060=CARTESIAN_POINT('',(6.99999818707583,48.9699991921134,-0.5));
#2061=CARTESIAN_POINT('Origin',(6.49999818707583,48.9699991921135,-0.5));
#2062=CARTESIAN_POINT('Origin',(-1.81292417966716E-6,48.9699991921136,-0.5));
#2063=CARTESIAN_POINT('Origin',(6.49999818707423,60.9051361949128,-0.5));
#2064=CARTESIAN_POINT('',(6.99999818707423,60.9051361949128,-0.5));
#2065=CARTESIAN_POINT('Origin',(8.99999818707538,52.5105472033134,-2.));
#2066=CARTESIAN_POINT('',(8.99999818707538,52.5105472033134,-2.));
#2067=CARTESIAN_POINT('Origin',(6.99999818707535,52.5105472033134,-2.));
#2068=CARTESIAN_POINT('',(6.99999818707535,52.5105472033134,-2.));
#2069=CARTESIAN_POINT('Origin',(6.99999818707583,48.9699991921134,-2.));
#2070=CARTESIAN_POINT('',(6.99999818707583,48.9699991921134,-2.));
#2071=CARTESIAN_POINT('Origin',(-1.81292417966716E-6,48.9699991921136,-2.));
#2072=CARTESIAN_POINT('',(-7.00000181292419,48.9699991921139,-2.));
#2073=CARTESIAN_POINT('Origin',(-7.00000181292419,52.5105472033138,-2.));
#2074=CARTESIAN_POINT('',(-7.00000181292419,52.5105472033138,-2.));
#2075=CARTESIAN_POINT('Origin',(-9.00000181292419,52.5105472033138,-2.));
#2076=CARTESIAN_POINT('Ctrl Pts',(4.55904427018325,98.1064032142624,2.5));
#2077=CARTESIAN_POINT('Ctrl Pts',(4.55904427018325,98.1064032142624,2.61415246033581));
#2078=CARTESIAN_POINT('Ctrl Pts',(4.56770362582661,98.1699311708925,2.78108116694098));
#2079=CARTESIAN_POINT('Ctrl Pts',(4.5937970324631,98.3623974163589,2.95508177543845));
#2080=CARTESIAN_POINT('Ctrl Pts',(4.61296671227106,98.5045909623475,2.9984773332252));
#2081=CARTESIAN_POINT('Ctrl Pts',(4.62599896902405,98.6016943435842,2.99998541852027));
#2082=CARTESIAN_POINT('Ctrl Pts',(4.62631496933035,98.6040490098859,3.));
#2083=CARTESIAN_POINT('Ctrl Pts',(4.62663087032472,98.6064032142624,3.));
#2084=CARTESIAN_POINT('Ctrl Pts',(4.4679547054125,98.1064032142624,2.5));
#2085=CARTESIAN_POINT('Ctrl Pts',(4.4679547054125,98.1064032142624,2.62843344972275));
#2086=CARTESIAN_POINT('Ctrl Pts',(4.49597424362205,98.1873997315839,2.80788676051398));
#2087=CARTESIAN_POINT('Ctrl Pts',(4.55914255681571,98.3851591421876,2.96381188411654));
#2088=CARTESIAN_POINT('Ctrl Pts',(4.59862935253446,98.5142929143677,2.99860266553906));
#2089=CARTESIAN_POINT('Ctrl Pts',(4.62533463013569,98.6021387820332,2.99999068596129));
#2090=CARTESIAN_POINT('Ctrl Pts',(4.62598302147781,98.6042717234653,3.));
#2091=CARTESIAN_POINT('Ctrl Pts',(4.62663087032472,98.6064032142624,3.));
#2092=CARTESIAN_POINT('Ctrl Pts',(4.30913881493011,98.1630967328843,2.5));
#2093=CARTESIAN_POINT('Ctrl Pts',(4.30913881493011,98.1630967328843,2.64002419586615));
#2094=CARTESIAN_POINT('Ctrl Pts',(4.37043088925109,98.2477198569697,2.82897159575859));
#2095=CARTESIAN_POINT('Ctrl Pts',(4.49828044769149,98.4253427519578,2.97013700714156));
#2096=CARTESIAN_POINT('Ctrl Pts',(4.57350490357587,98.5311158932259,2.99868604196296));
#2097=CARTESIAN_POINT('Ctrl Pts',(4.62417256744195,98.6029190744203,2.99999479439915));
#2098=CARTESIAN_POINT('Ctrl Pts',(4.62540211273586,98.6046614722294,3.));
#2099=CARTESIAN_POINT('Ctrl Pts',(4.62663087032472,98.6064032142623,3.));
#2100=CARTESIAN_POINT('Ctrl Pts',(4.21191557091316,98.2962392250807,2.5));
#2101=CARTESIAN_POINT('Ctrl Pts',(4.21191557091316,98.2962392250807,2.62478316752111));
#2102=CARTESIAN_POINT('Ctrl Pts',(4.27508533336625,98.3451112221523,2.80109623747878));
#2103=CARTESIAN_POINT('Ctrl Pts',(4.43827402722349,98.4666787821823,2.96164960905371));
#2104=CARTESIAN_POINT('Ctrl Pts',(4.54838217715196,98.5479668959903,2.99857230321108));
#2105=CARTESIAN_POINT('Ctrl Pts',(4.62301057520646,98.6036990496175,2.99998935467176));
#2106=CARTESIAN_POINT('Ctrl Pts',(4.62482120399392,98.6050512209935,3.));
#2107=CARTESIAN_POINT('Ctrl Pts',(4.62663087032472,98.6064032142624,3.));
#2108=CARTESIAN_POINT('Ctrl Pts',(4.18687724299047,98.3598027235726,2.5));
#2109=CARTESIAN_POINT('Ctrl Pts',(4.18687724299047,98.3598027235726,2.61415246033581));
#2110=CARTESIAN_POINT('Ctrl Pts',(4.24311564460144,98.3903906720062,2.78108116694084));
#2111=CARTESIAN_POINT('Ctrl Pts',(4.41278612391918,98.4845231017356,2.95508177543836));
#2112=CARTESIAN_POINT('Ctrl Pts',(4.53758901680808,98.5551817261336,2.99847733322484));
#2113=CARTESIAN_POINT('Ctrl Pts',(4.62251301900717,98.6040334471904,2.99998541852028));
#2114=CARTESIAN_POINT('Ctrl Pts',(4.62457224310451,98.6052182561781,3.));
#2115=CARTESIAN_POINT('Ctrl Pts',(4.62663087032471,98.6064032142624,3.));
#2116=CARTESIAN_POINT('',(4.55904427018325,98.1064032142624,2.5));
#2117=CARTESIAN_POINT('',(4.62663087032471,98.6064032142624,3.));
#2118=CARTESIAN_POINT('Ctrl Pts',(4.55904427018325,98.1064032142624,2.5));
#2119=CARTESIAN_POINT('Ctrl Pts',(4.55904427018325,98.1064032142624,2.61415246033581));
#2120=CARTESIAN_POINT('Ctrl Pts',(4.56770362582661,98.1699311708925,2.78108116694098));
#2121=CARTESIAN_POINT('Ctrl Pts',(4.5937970324631,98.3623974163589,2.95508177543845));
#2122=CARTESIAN_POINT('Ctrl Pts',(4.61296671227106,98.5045909623475,2.9984773332252));
#2123=CARTESIAN_POINT('Ctrl Pts',(4.62599896902405,98.6016943435842,2.99998541852027));
#2124=CARTESIAN_POINT('Ctrl Pts',(4.62631496933035,98.6040490098859,3.));
#2125=CARTESIAN_POINT('Ctrl Pts',(4.62663087032472,98.6064032142624,3.));
#2126=CARTESIAN_POINT('',(4.18687724299047,98.3598027235726,2.5));
#2127=CARTESIAN_POINT('Ctrl Pts',(4.62663087032471,98.6064032142624,3.));
#2128=CARTESIAN_POINT('Ctrl Pts',(4.62457224310451,98.6052182561781,3.));
#2129=CARTESIAN_POINT('Ctrl Pts',(4.62251301900717,98.6040334471904,2.99998541852028));
#2130=CARTESIAN_POINT('Ctrl Pts',(4.53758901680808,98.5551817261336,2.99847733322484));
#2131=CARTESIAN_POINT('Ctrl Pts',(4.41278612391918,98.4845231017356,2.95508177543836));
#2132=CARTESIAN_POINT('Ctrl Pts',(4.24311564460144,98.3903906720062,2.78108116694084));
#2133=CARTESIAN_POINT('Ctrl Pts',(4.18687724299047,98.3598027235726,2.61415246033581));
#2134=CARTESIAN_POINT('Ctrl Pts',(4.18687724299047,98.3598027235726,2.5));
#2135=CARTESIAN_POINT('Origin',(4.55904427018325,98.5064032142623,2.5));
#2136=CARTESIAN_POINT('Ctrl Pts',(-4.18688086884777,98.3598027235727,2.5));
#2137=CARTESIAN_POINT('Ctrl Pts',(-4.18688086884777,98.3598027235727,2.67122868798185));
#2138=CARTESIAN_POINT('Ctrl Pts',(-4.29998821104421,98.4213294897496,2.88125573275977));
#2139=CARTESIAN_POINT('Ctrl Pts',(-4.49606093959464,98.5316494398975,2.9824677789231));
#2140=CARTESIAN_POINT('Ctrl Pts',(-4.57899908600824,98.5790023416842,2.99924559264265));
#2141=CARTESIAN_POINT('Ctrl Pts',(-4.62251752855014,98.6040338928129,2.99998394234973));
#2142=CARTESIAN_POINT('Ctrl Pts',(-4.62457586621005,98.6052182545995,3.));
#2143=CARTESIAN_POINT('Ctrl Pts',(-4.62663449618194,98.6064032142624,3.));
#2144=CARTESIAN_POINT('Ctrl Pts',(-4.22026530607803,98.2750513922502,2.5));
#2145=CARTESIAN_POINT('Ctrl Pts',(-4.22026530607803,98.2750513922502,2.69265017174675));
#2146=CARTESIAN_POINT('Ctrl Pts',(-4.34707597859575,98.3805319953805,2.90393665262721));
#2147=CARTESIAN_POINT('Ctrl Pts',(-4.51626505765407,98.5165750831885,2.98371090439034));
#2148=CARTESIAN_POINT('Ctrl Pts',(-4.58668936992008,98.573854908305,2.99936827520312));
#2149=CARTESIAN_POINT('Ctrl Pts',(-4.62318087960875,98.6035879808846,2.99998705311595));
#2150=CARTESIAN_POINT('Ctrl Pts',(-4.62490781450712,98.6049955407217,3.));
#2151=CARTESIAN_POINT('Ctrl Pts',(-4.62663449618197,98.6064032142624,3.));
#2152=CARTESIAN_POINT('Ctrl Pts',(-4.33122017047999,98.1480645417934,2.5));
#2153=CARTESIAN_POINT('Ctrl Pts',(-4.33122017047999,98.1480645417934,2.71003629070579));
#2154=CARTESIAN_POINT('Ctrl Pts',(-4.43802545414972,98.3123912344961,2.92125283090045));
#2155=CARTESIAN_POINT('Ctrl Pts',(-4.55253586059798,98.4905283367658,2.98454696010969));
#2156=CARTESIAN_POINT('Ctrl Pts',(-4.60012462681605,98.5648301945972,2.99945809198985));
#2157=CARTESIAN_POINT('Ctrl Pts',(-4.62434266102089,98.602808215019,2.99998942956875));
#2158=CARTESIAN_POINT('Ctrl Pts',(-4.62548872402698,98.6046057914355,3.));
#2159=CARTESIAN_POINT('Ctrl Pts',(-4.62663449618201,98.6064032142623,3.));
#2160=CARTESIAN_POINT('Ctrl Pts',(-4.49073072246251,98.1064032142625,2.5));
#2161=CARTESIAN_POINT('Ctrl Pts',(-4.49073072246251,98.1064032142625,2.68717474852494));
#2162=CARTESIAN_POINT('Ctrl Pts',(-4.53491935868056,98.2554813771322,2.89823869068412));
#2163=CARTESIAN_POINT('Ctrl Pts',(-4.59037223650413,98.4670148925098,2.98340887860228));
#2164=CARTESIAN_POINT('Ctrl Pts',(-4.61356400211397,98.5558073633569,2.99933780525254));
#2165=CARTESIAN_POINT('Ctrl Pts',(-4.62550472434692,98.6020290506289,2.99998627144862));
#2166=CARTESIAN_POINT('Ctrl Pts',(-4.62606963354683,98.6042160421493,3.));
#2167=CARTESIAN_POINT('Ctrl Pts',(-4.62663449618206,98.6064032142623,3.));
#2168=CARTESIAN_POINT('Ctrl Pts',(-4.55904789604057,98.1064032142625,2.5));
#2169=CARTESIAN_POINT('Ctrl Pts',(-4.55904789604057,98.1064032142625,2.67122868798185));
#2170=CARTESIAN_POINT('Ctrl Pts',(-4.57646330856727,98.2341726181123,2.8812557327599));
#2171=CARTESIAN_POINT('Ctrl Pts',(-4.60659135105147,98.4572634763107,2.98246777892317));
#2172=CARTESIAN_POINT('Ctrl Pts',(-4.61932445050283,98.5519365717804,2.99924559264285));
#2173=CARTESIAN_POINT('Ctrl Pts',(-4.62600273151822,98.6016953263452,2.99998394234972));
#2174=CARTESIAN_POINT('Ctrl Pts',(-4.62631859476963,98.604049006741,3.));
#2175=CARTESIAN_POINT('Ctrl Pts',(-4.62663449618208,98.6064032142623,3.));
#2176=CARTESIAN_POINT('',(-4.18688086884777,98.3598027235727,2.5));
#2177=CARTESIAN_POINT('',(-4.62663449618208,98.6064032142623,3.));
#2178=CARTESIAN_POINT('Ctrl Pts',(-4.18688086884777,98.3598027235727,2.5));
#2179=CARTESIAN_POINT('Ctrl Pts',(-4.18688086884777,98.3598027235727,2.67122868798185));
#2180=CARTESIAN_POINT('Ctrl Pts',(-4.29998821104421,98.4213294897496,2.88125573275977));
#2181=CARTESIAN_POINT('Ctrl Pts',(-4.49606093959464,98.5316494398975,2.9824677789231));
#2182=CARTESIAN_POINT('Ctrl Pts',(-4.57899908600824,98.5790023416842,2.99924559264265));
#2183=CARTESIAN_POINT('Ctrl Pts',(-4.62251752855014,98.6040338928129,2.99998394234973));
#2184=CARTESIAN_POINT('Ctrl Pts',(-4.62457586621005,98.6052182545995,3.));
#2185=CARTESIAN_POINT('Ctrl Pts',(-4.62663449618194,98.6064032142624,3.));
#2186=CARTESIAN_POINT('',(-4.55904789604057,98.1064032142625,2.5));
#2187=CARTESIAN_POINT('Ctrl Pts',(-4.62663449618208,98.6064032142623,3.));
#2188=CARTESIAN_POINT('Ctrl Pts',(-4.62631859476963,98.604049006741,3.));
#2189=CARTESIAN_POINT('Ctrl Pts',(-4.62600273151822,98.6016953263452,2.99998394234972));
#2190=CARTESIAN_POINT('Ctrl Pts',(-4.61932445050283,98.5519365717804,2.99924559264285));
#2191=CARTESIAN_POINT('Ctrl Pts',(-4.60659135105147,98.4572634763107,2.98246777892317));
#2192=CARTESIAN_POINT('Ctrl Pts',(-4.57646330856727,98.2341726181123,2.8812557327599));
#2193=CARTESIAN_POINT('Ctrl Pts',(-4.55904789604057,98.1064032142625,2.67122868798185));
#2194=CARTESIAN_POINT('Ctrl Pts',(-4.55904789604057,98.1064032142625,2.5));
#2195=CARTESIAN_POINT('Origin',(-4.55904789604057,98.5064032142625,2.5));
#2196=CARTESIAN_POINT('Ctrl Pts',(-5.30423608263609,98.1064032142625,2.5));
#2197=CARTESIAN_POINT('Ctrl Pts',(-5.30423608263609,98.1064032142625,2.57174885592929));
#2198=CARTESIAN_POINT('Ctrl Pts',(-5.28934261762905,98.1598770246455,2.78008713627072));
#2199=CARTESIAN_POINT('Ctrl Pts',(-5.24558588606337,98.3159030622069,2.92144628637557));
#2200=CARTESIAN_POINT('Ctrl Pts',(-5.2004616803902,98.4750122630892,2.98816860036924));
#2201=CARTESIAN_POINT('Ctrl Pts',(-5.17668478467231,98.5583447470697,2.99934313207925));
#2202=CARTESIAN_POINT('Ctrl Pts',(-5.16426231831314,98.6017194029847,2.99998455689319));
#2203=CARTESIAN_POINT('Ctrl Pts',(-5.16359122898713,98.6040623013216,3.));
#2204=CARTESIAN_POINT('Ctrl Pts',(-5.16292055969862,98.6064032142625,3.));
#2205=CARTESIAN_POINT('Ctrl Pts',(-5.37651237570878,98.1064032142625,2.5));
#2206=CARTESIAN_POINT('Ctrl Pts',(-5.37651237570878,98.1064032142625,2.58623780574542));
#2207=CARTESIAN_POINT('Ctrl Pts',(-5.3349031507221,98.1826666014394,2.821569056726));
#2208=CARTESIAN_POINT('Ctrl Pts',(-5.26816826914607,98.3425446436909,2.93324917025824));
#2209=CARTESIAN_POINT('Ctrl Pts',(-5.21002713219224,98.4881223905609,2.99143875840866));
#2210=CARTESIAN_POINT('Ctrl Pts',(-5.18011023391612,98.5632904009785,2.99939234598839));
#2211=CARTESIAN_POINT('Ctrl Pts',(-5.16459780410809,98.6021983052245,2.99999072067284));
#2212=CARTESIAN_POINT('Ctrl Pts',(-5.16375865331,98.6043021358526,3.));
#2213=CARTESIAN_POINT('Ctrl Pts',(-5.16292055969862,98.6064032142625,3.));
#2214=CARTESIAN_POINT('Ctrl Pts',(-5.52054777407377,98.1465907059564,2.5));
#2215=CARTESIAN_POINT('Ctrl Pts',(-5.52054777407377,98.1465907059564,2.60933091300544));
#2216=CARTESIAN_POINT('Ctrl Pts',(-5.42585079456311,98.24965933815,2.885285966934));
#2217=CARTESIAN_POINT('Ctrl Pts',(-5.3132645271722,98.3986039359343,2.94942886114031));
#2218=CARTESIAN_POINT('Ctrl Pts',(-5.22912639038641,98.5146385887829,2.99634061343657));
#2219=CARTESIAN_POINT('Ctrl Pts',(-5.18695763679272,98.5731525348903,2.99943876129907));
#2220=CARTESIAN_POINT('Ctrl Pts',(-5.16526887874818,98.6031571742511,3.00000037158639));
#2221=CARTESIAN_POINT('Ctrl Pts',(-5.16409350195574,98.6047818049148,3.));
#2222=CARTESIAN_POINT('Ctrl Pts',(-5.16292055969862,98.6064032142625,3.));
#2223=CARTESIAN_POINT('Ctrl Pts',(-5.70157531698581,98.3372033900539,2.5));
#2224=CARTESIAN_POINT('Ctrl Pts',(-5.70157531698581,98.3372033900539,2.618139899556));
#2225=CARTESIAN_POINT('Ctrl Pts',(-5.56180407999178,98.4179400772945,2.90893178338793));
#2226=CARTESIAN_POINT('Ctrl Pts',(-5.38941424482904,98.5032670437636,2.95488371361144));
#2227=CARTESIAN_POINT('Ctrl Pts',(-5.2624731059877,98.5618054893573,2.99812611495718));
#2228=CARTESIAN_POINT('Ctrl Pts',(-5.19897608193826,98.5903660341534,2.99944774876405));
#2229=CARTESIAN_POINT('Ctrl Pts',(-5.16644205548249,98.604836963675,3.00000400623246));
#2230=CARTESIAN_POINT('Ctrl Pts',(-5.16467948708578,98.6056212257736,3.));
#2231=CARTESIAN_POINT('Ctrl Pts',(-5.16292055969862,98.6064032142625,3.));
#2232=CARTESIAN_POINT('Ctrl Pts',(-5.71787723101618,98.5319901461329,2.5));
#2233=CARTESIAN_POINT('Ctrl Pts',(-5.71787723101618,98.5319901461329,2.59363482821224));
#2234=CARTESIAN_POINT('Ctrl Pts',(-5.61668888998304,98.5571680612384,2.84259695839261));
#2235=CARTESIAN_POINT('Ctrl Pts',(-5.43796211541807,98.5804144303145,2.93910770758589));
#2236=CARTESIAN_POINT('Ctrl Pts',(-5.28553465093156,98.5956628526562,2.99308846772743));
#2237=CARTESIAN_POINT('Ctrl Pts',(-5.20756684287624,98.602644917054,2.99941543325655));
#2238=CARTESIAN_POINT('Ctrl Pts',(-5.16727954748298,98.6060374239461,2.99999385634945));
#2239=CARTESIAN_POINT('Ctrl Pts',(-5.16509804789296,98.6062208121013,3.));
#2240=CARTESIAN_POINT('Ctrl Pts',(-5.16292055969862,98.6064032142625,3.));
#2241=CARTESIAN_POINT('Ctrl Pts',(-5.68310995904376,98.634678643616,2.5));
#2242=CARTESIAN_POINT('Ctrl Pts',(-5.68310995904376,98.634678643616,2.57174885592929));
#2243=CARTESIAN_POINT('Ctrl Pts',(-5.6273249997689,98.6327575950402,2.78008713627077));
#2244=CARTESIAN_POINT('Ctrl Pts',(-5.46474785622212,98.625632806929,2.92144628637577));
#2245=CARTESIAN_POINT('Ctrl Pts',(-5.29931610589246,98.615853430985,2.98816860036937));
#2246=CARTESIAN_POINT('Ctrl Pts',(-5.21278339732461,98.6100221652474,2.99934313207971));
#2247=CARTESIAN_POINT('Ctrl Pts',(-5.16777998680593,98.6067573301158,2.99998455689316));
#2248=CARTESIAN_POINT('Ctrl Pts',(-5.16534918437726,98.6065805638979,3.));
#2249=CARTESIAN_POINT('Ctrl Pts',(-5.16292055969862,98.6064032142625,3.));
#2250=CARTESIAN_POINT('',(-5.30423608263609,98.1064032142625,2.5));
#2251=CARTESIAN_POINT('',(-5.16292055969862,98.6064032142625,3.));
#2252=CARTESIAN_POINT('Ctrl Pts',(-5.30423608263609,98.1064032142625,2.5));
#2253=CARTESIAN_POINT('Ctrl Pts',(-5.30423608263609,98.1064032142625,2.57174885592929));
#2254=CARTESIAN_POINT('Ctrl Pts',(-5.28934261762905,98.1598770246455,2.78008713627072));
#2255=CARTESIAN_POINT('Ctrl Pts',(-5.24558588606337,98.3159030622069,2.92144628637557));
#2256=CARTESIAN_POINT('Ctrl Pts',(-5.2004616803902,98.4750122630892,2.98816860036924));
#2257=CARTESIAN_POINT('Ctrl Pts',(-5.17668478467231,98.5583447470697,2.99934313207925));
#2258=CARTESIAN_POINT('Ctrl Pts',(-5.16426231831314,98.6017194029847,2.99998455689319));
#2259=CARTESIAN_POINT('Ctrl Pts',(-5.16359122898713,98.6040623013216,3.));
#2260=CARTESIAN_POINT('Ctrl Pts',(-5.16292055969862,98.6064032142625,3.));
#2261=CARTESIAN_POINT('',(-5.68310995904375,98.634678643616,2.5));
#2262=CARTESIAN_POINT('Ctrl Pts',(-5.16292055969862,98.6064032142625,3.));
#2263=CARTESIAN_POINT('Ctrl Pts',(-5.16534918437726,98.6065805638979,3.));
#2264=CARTESIAN_POINT('Ctrl Pts',(-5.16777998680593,98.6067573301158,2.99998455689316));
#2265=CARTESIAN_POINT('Ctrl Pts',(-5.21278339732461,98.6100221652474,2.99934313207971));
#2266=CARTESIAN_POINT('Ctrl Pts',(-5.29931610589246,98.615853430985,2.98816860036937));
#2267=CARTESIAN_POINT('Ctrl Pts',(-5.46474785622212,98.625632806929,2.92144628637577));
#2268=CARTESIAN_POINT('Ctrl Pts',(-5.6273249997689,98.6327575950402,2.78008713627077));
#2269=CARTESIAN_POINT('Ctrl Pts',(-5.68310995904376,98.634678643616,2.57174885592929));
#2270=CARTESIAN_POINT('Ctrl Pts',(-5.68310995904376,98.634678643616,2.5));
#2271=CARTESIAN_POINT('Origin',(-5.30423608263609,98.5064032142625,2.5));
#2272=CARTESIAN_POINT('Ctrl Pts',(5.68310633318644,98.6346786436158,2.5));
#2273=CARTESIAN_POINT('Ctrl Pts',(5.68310633318644,98.6346786436158,2.57174885486719));
#2274=CARTESIAN_POINT('Ctrl Pts',(5.64765554546469,98.6334325895656,2.71128223004216));
#2275=CARTESIAN_POINT('Ctrl Pts',(5.54425623104727,98.6291559167272,2.85002890530034));
#2276=CARTESIAN_POINT('Ctrl Pts',(5.38490598082939,98.6212369145178,2.96785204784797));
#2277=CARTESIAN_POINT('Ctrl Pts',(5.25541180842791,98.6131139239522,2.9986349416286));
#2278=CARTESIAN_POINT('Ctrl Pts',(5.16777535046754,98.6067572761665,2.99998647706685));
#2279=CARTESIAN_POINT('Ctrl Pts',(5.16534556173714,98.6065805641151,3.));
#2280=CARTESIAN_POINT('Ctrl Pts',(5.16291693384131,98.6064032142624,3.));
#2281=CARTESIAN_POINT('Ctrl Pts',(5.70628451450139,98.5662196452938,2.5));
#2282=CARTESIAN_POINT('Ctrl Pts',(5.70628451450139,98.5662196452938,2.58623780446885));
#2283=CARTESIAN_POINT('Ctrl Pts',(5.65169235989672,98.5766898023253,2.74642092617772));
#2284=CARTESIAN_POINT('Ctrl Pts',(5.53109145389488,98.5892715610168,2.87391290712335));
#2285=CARTESIAN_POINT('Ctrl Pts',(5.36941376394056,98.5996207540692,2.97531918752689));
#2286=CARTESIAN_POINT('Ctrl Pts',(5.24898795477603,98.6039931939161,2.9987169575652));
#2287=CARTESIAN_POINT('Ctrl Pts',(5.16744129450297,98.606277408548,2.99999282872533));
#2288=CARTESIAN_POINT('Ctrl Pts',(5.16517813719406,98.6063407292686,3.));
#2289=CARTESIAN_POINT('Ctrl Pts',(5.16291693384131,98.6064032142624,3.));
#2290=CARTESIAN_POINT('Ctrl Pts',(5.71441004401735,98.4169038516178,2.5));
#2291=CARTESIAN_POINT('Ctrl Pts',(5.71441004401735,98.4169038516178,2.60933091138702));
#2292=CARTESIAN_POINT('Ctrl Pts',(5.63265257823912,98.454250604056,2.80121601699759));
#2293=CARTESIAN_POINT('Ctrl Pts',(5.49421822271577,98.5059599379378,2.90902131482504));
#2294=CARTESIAN_POINT('Ctrl Pts',(5.33843485268001,98.5564249481511,2.98583651408134));
#2295=CARTESIAN_POINT('Ctrl Pts',(5.2361907243376,98.5857853473221,2.9987910876242));
#2296=CARTESIAN_POINT('Ctrl Pts',(5.16677222972136,98.6053170573066,3.00000268055823));
#2297=CARTESIAN_POINT('Ctrl Pts',(5.16484328810788,98.6058610595755,3.));
#2298=CARTESIAN_POINT('Ctrl Pts',(5.16291693384132,98.6064032142624,3.));
#2299=CARTESIAN_POINT('Ctrl Pts',(5.59191809220595,98.184310024586,2.5));
#2300=CARTESIAN_POINT('Ctrl Pts',(5.59191809220595,98.184310024586,2.61813989780719));
#2301=CARTESIAN_POINT('Ctrl Pts',(5.51444499289228,98.2530944191138,2.82178442284215));
#2302=CARTESIAN_POINT('Ctrl Pts',(5.40061063943175,98.3627412579092,2.92160439958944));
#2303=CARTESIAN_POINT('Ctrl Pts',(5.28463732307573,98.4801429190059,2.98947255176227));
#2304=CARTESIAN_POINT('Ctrl Pts',(5.2138814845395,98.5538351924949,2.99880389329538));
#2305=CARTESIAN_POINT('Ctrl Pts',(5.16559969926381,98.6036379728279,3.00000636626862));
#2306=CARTESIAN_POINT('Ctrl Pts',(5.16425730220708,98.6050216376127,3.));
#2307=CARTESIAN_POINT('Ctrl Pts',(5.16291693384132,98.6064032142624,3.));
#2308=CARTESIAN_POINT('Ctrl Pts',(5.41264689638781,98.1064032142624,2.5));
#2309=CARTESIAN_POINT('Ctrl Pts',(5.41264689638781,98.1064032142624,2.59363482682617));
#2310=CARTESIAN_POINT('Ctrl Pts',(5.37721866585805,98.1624121144551,2.76428491344216));
#2311=CARTESIAN_POINT('Ctrl Pts',(5.3169442687906,98.278360662066,2.88591984309065));
#2312=CARTESIAN_POINT('Ctrl Pts',(5.24652892128934,98.4258332816624,2.97904292479211));
#2313=CARTESIAN_POINT('Ctrl Pts',(5.19795735084932,98.5310918374824,2.99875524959939));
#2314=CARTESIAN_POINT('Ctrl Pts',(5.1647619048324,98.6024373314333,2.99999605364268));
#2315=CARTESIAN_POINT('Ctrl Pts',(5.16383874084936,98.6044220504963,3.));
#2316=CARTESIAN_POINT('Ctrl Pts',(5.16291693384131,98.6064032142624,3.));
#2317=CARTESIAN_POINT('Ctrl Pts',(5.30423245677878,98.1064032142624,2.5));
#2318=CARTESIAN_POINT('Ctrl Pts',(5.30423245677878,98.1064032142624,2.57174885486719));
#2319=CARTESIAN_POINT('Ctrl Pts',(5.29476207001685,98.1403881443375,2.71128223004206));
#2320=CARTESIAN_POINT('Ctrl Pts',(5.26699124577959,98.2395906514659,2.85002890530013));
#2321=CARTESIAN_POINT('Ctrl Pts',(5.2238822194399,98.3926449334749,2.96785204784776));
#2322=CARTESIAN_POINT('Ctrl Pts',(5.18844880297839,98.5172557717251,2.99863494162773));
#2323=CARTESIAN_POINT('Ctrl Pts',(5.16425841803625,98.6017203744608,2.99998647706687));
#2324=CARTESIAN_POINT('Ctrl Pts',(5.16358760403473,98.6040622982265,3.));
#2325=CARTESIAN_POINT('Ctrl Pts',(5.16291693384131,98.6064032142624,3.));
#2326=CARTESIAN_POINT('',(5.68310633318644,98.6346786436158,2.5));
#2327=CARTESIAN_POINT('',(5.16291693384131,98.6064032142624,3.));
#2328=CARTESIAN_POINT('Ctrl Pts',(5.68310633318644,98.6346786436158,2.5));
#2329=CARTESIAN_POINT('Ctrl Pts',(5.68310633318644,98.6346786436158,2.57174885486719));
#2330=CARTESIAN_POINT('Ctrl Pts',(5.64765554546469,98.6334325895656,2.71128223004216));
#2331=CARTESIAN_POINT('Ctrl Pts',(5.54425623104727,98.6291559167272,2.85002890530034));
#2332=CARTESIAN_POINT('Ctrl Pts',(5.38490598082939,98.6212369145178,2.96785204784797));
#2333=CARTESIAN_POINT('Ctrl Pts',(5.25541180842791,98.6131139239522,2.9986349416286));
#2334=CARTESIAN_POINT('Ctrl Pts',(5.16777535046754,98.6067572761665,2.99998647706685));
#2335=CARTESIAN_POINT('Ctrl Pts',(5.16534556173714,98.6065805641151,3.));
#2336=CARTESIAN_POINT('Ctrl Pts',(5.16291693384131,98.6064032142624,3.));
#2337=CARTESIAN_POINT('',(5.30423245677878,98.1064032142624,2.5));
#2338=CARTESIAN_POINT('Ctrl Pts',(5.16291693384131,98.6064032142624,3.));
#2339=CARTESIAN_POINT('Ctrl Pts',(5.16358760403473,98.6040622982265,3.));
#2340=CARTESIAN_POINT('Ctrl Pts',(5.16425841803625,98.6017203744608,2.99998647706687));
#2341=CARTESIAN_POINT('Ctrl Pts',(5.18844880297839,98.5172557717251,2.99863494162773));
#2342=CARTESIAN_POINT('Ctrl Pts',(5.2238822194399,98.3926449334749,2.96785204784776));
#2343=CARTESIAN_POINT('Ctrl Pts',(5.26699124577959,98.2395906514659,2.85002890530013));
#2344=CARTESIAN_POINT('Ctrl Pts',(5.29476207001685,98.1403881443375,2.71128223004206));
#2345=CARTESIAN_POINT('Ctrl Pts',(5.30423245677878,98.1064032142624,2.57174885486719));
#2346=CARTESIAN_POINT('Ctrl Pts',(5.30423245677878,98.1064032142624,2.5));
#2347=CARTESIAN_POINT('Origin',(5.30423245677878,98.5064032142623,2.5));
#2348=CARTESIAN_POINT('Origin',(2.27952122862731,98.6064032142624,2.5));
#2349=CARTESIAN_POINT('',(2.27952122862731,98.1064032142624,2.5));
#2350=CARTESIAN_POINT('',(2.27952122862731,98.6064032142624,3.));
#2351=CARTESIAN_POINT('Origin',(-1.81292867162952E-6,96.7105472033134,2.5));
#2352=CARTESIAN_POINT('Origin',(-1.81292867162952E-6,96.7105472033134,3.));
#2353=CARTESIAN_POINT('Origin',(-1.81292867162952E-6,96.7105472033134,2.5));
#2354=CARTESIAN_POINT('Origin',(-2.65211894778236,98.6064032142625,2.5));
#2355=CARTESIAN_POINT('',(-2.65211894778236,98.6064032142625,3.));
#2356=CARTESIAN_POINT('',(-2.65211894778236,98.1064032142625,2.5));
#2357=CARTESIAN_POINT('Origin',(-1.81292867162952E-6,96.7105472033134,2.5));
#2358=CARTESIAN_POINT('Origin',(-1.81292867162952E-6,96.7105472033134,3.));
#2359=CARTESIAN_POINT('Origin',(-1.81292867162952E-6,96.7105472033134,2.5));
#2360=CARTESIAN_POINT('Origin',(-5.30423608263608,98.1064032142625,-2.));
#2361=CARTESIAN_POINT('',(-5.30423608263608,98.1064032142625,2.));
#2362=CARTESIAN_POINT('',(-5.30423608263608,98.1064032142625,-2.));
#2363=CARTESIAN_POINT('',(-4.55904789604058,98.1064032142625,2.));
#2364=CARTESIAN_POINT('',(-2.65211894778024,98.1064032142625,2.));
#2365=CARTESIAN_POINT('',(-4.55904789604058,98.1064032142625,-2.));
#2366=CARTESIAN_POINT('Origin',(-5.30423608263608,98.5064032142625,-2.));
#2367=CARTESIAN_POINT('',(-5.68310995904374,98.6346786436159,2.));
#2368=CARTESIAN_POINT('',(-5.68310995904374,98.6346786436159,-2.));
#2369=CARTESIAN_POINT('',(-5.58675205276208,98.2232341364596,2.));
#2370=CARTESIAN_POINT('Ctrl Pts',(-5.58675205276209,98.2232341364596,2.));
#2371=CARTESIAN_POINT('Ctrl Pts',(-5.69180863694772,98.328048415722,2.));
#2372=CARTESIAN_POINT('Ctrl Pts',(-5.73070053124669,98.4941152897307,2.));
#2373=CARTESIAN_POINT('Ctrl Pts',(-5.68310995904374,98.6346786436159,2.));
#2374=CARTESIAN_POINT('Origin',(-5.30423608263608,98.5064032142625,2.));
#2375=CARTESIAN_POINT('Origin',(-1.81292867162952E-6,96.7105472033134,-2.));
#2376=CARTESIAN_POINT('',(5.68310633318644,98.6346786436158,2.));
#2377=CARTESIAN_POINT('',(5.68310633318644,98.6346786436158,-2.));
#2378=CARTESIAN_POINT('Origin',(-1.81292867162952E-6,96.7105472033134,2.));
#2379=CARTESIAN_POINT('Origin',(5.30423245677878,98.5064032142623,-2.));
#2380=CARTESIAN_POINT('',(5.30423245677878,98.1064032142624,2.));
#2381=CARTESIAN_POINT('',(5.30423245677878,98.1064032142624,-2.));
#2382=CARTESIAN_POINT('',(5.58674842690478,98.2232341364594,2.));
#2383=CARTESIAN_POINT('Origin',(5.30423245677878,98.5064032142623,2.));
#2384=CARTESIAN_POINT('Ctrl Pts',(5.68310633318644,98.6346786436158,2.));
#2385=CARTESIAN_POINT('Ctrl Pts',(5.7306969053894,98.4941152897306,2.));
#2386=CARTESIAN_POINT('Ctrl Pts',(5.69180501109043,98.3280484157219,2.));
#2387=CARTESIAN_POINT('Ctrl Pts',(5.58674842690478,98.2232341364594,2.));
#2388=CARTESIAN_POINT('Origin',(-1.81292864720461E-6,100.408475208788,3.));
#2389=CARTESIAN_POINT('Origin',(5.30423245677878,98.5064032142623,1.));
#2390=CARTESIAN_POINT('',(6.9993282775348,96.8073887474448,0.));
#2391=CARTESIAN_POINT('',(5.30423245677878,98.1064032142624,2.));
#2392=CARTESIAN_POINT('Origin',(2.27952122862943,97.1064032142624,1.));
#2393=CARTESIAN_POINT('',(4.55904427018328,98.1064032142624,2.));
#2394=CARTESIAN_POINT('',(2.27952122862943,98.1064032142624,2.));
#2395=CARTESIAN_POINT('',(4.55904427018328,98.1064032142624,2.));
#2396=CARTESIAN_POINT('Origin',(-1.81292867162952E-6,96.7105472033134,1.));
#2397=CARTESIAN_POINT('',(4.18687724299047,98.3598027235726,2.));
#2398=CARTESIAN_POINT('',(2.32604210702641,97.6268002701241,0.));
#2399=CARTESIAN_POINT('',(-4.18688086884779,98.3598027235727,2.));
#2400=CARTESIAN_POINT('Origin',(-1.81292867162952E-6,96.7105472033134,2.));
#2401=CARTESIAN_POINT('',(-4.18688086884779,98.3598027235727,2.));
#2402=CARTESIAN_POINT('Origin',(-4.55904789604058,98.5064032142625,1.));
#2403=CARTESIAN_POINT('Origin',(-4.55904789604058,98.5064032142625,2.));
#2404=CARTESIAN_POINT('',(-4.55904789604058,98.1064032142625,2.));
#2405=CARTESIAN_POINT('Origin',(-2.65211894778024,97.1064032142625,1.));
#2406=CARTESIAN_POINT('',(-5.30423608263608,98.1064032142625,2.));
#2407=CARTESIAN_POINT('Origin',(-5.30423608263608,98.5064032142625,1.));
#2408=CARTESIAN_POINT('',(-5.58675205276208,98.2232341364596,2.));
#2409=CARTESIAN_POINT('Origin',(4.55904427018322,98.5064032142624,1.));
#2410=CARTESIAN_POINT('Origin',(4.55904427018322,98.5064032142624,2.));
#2411=CARTESIAN_POINT('Ctrl Pts',(-6.9993319033922,96.807388747445,0.));
#2412=CARTESIAN_POINT('Ctrl Pts',(-7.62967140850602,97.4362744230198,0.));
#2413=CARTESIAN_POINT('Ctrl Pts',(-7.86302277429984,98.4326756670721,0.));
#2414=CARTESIAN_POINT('Ctrl Pts',(-7.57747934108212,99.2760557903834,0.));
#2415=CARTESIAN_POINT('Ctrl Pts',(-6.52847195318217,97.2793372104498,0.666666666666667));
#2416=CARTESIAN_POINT('Ctrl Pts',(-6.98371715131992,97.7335324205872,0.666666666666667));
#2417=CARTESIAN_POINT('Ctrl Pts',(-7.15224869328212,98.4531555412916,0.666666666666667));
#2418=CARTESIAN_POINT('Ctrl Pts',(-6.94602288040266,99.0622634081276,0.666666666666667));
#2419=CARTESIAN_POINT('Ctrl Pts',(-6.05761200297213,97.7512856734547,1.33333333333333));
#2420=CARTESIAN_POINT('Ctrl Pts',(-6.33776289413382,98.0307904181546,1.33333333333333));
#2421=CARTESIAN_POINT('Ctrl Pts',(-6.44147461226441,98.4736354155112,1.33333333333333));
#2422=CARTESIAN_POINT('Ctrl Pts',(-6.3145664197232,98.8484710258717,1.33333333333333));
#2423=CARTESIAN_POINT('Ctrl Pts',(-5.58675205276209,98.2232341364596,2.));
#2424=CARTESIAN_POINT('Ctrl Pts',(-5.69180863694772,98.328048415722,2.));
#2425=CARTESIAN_POINT('Ctrl Pts',(-5.73070053124669,98.4941152897307,2.));
#2426=CARTESIAN_POINT('Ctrl Pts',(-5.68310995904374,98.6346786436159,2.));
#2427=CARTESIAN_POINT('',(-5.68310995904374,98.6346786436159,2.));
#2428=CARTESIAN_POINT('Ctrl Pts',(7.57747571522478,99.2760557903834,0.));
#2429=CARTESIAN_POINT('Ctrl Pts',(7.86301914844258,98.432675667072,0.));
#2430=CARTESIAN_POINT('Ctrl Pts',(7.62966778264873,97.4362744230197,0.));
#2431=CARTESIAN_POINT('Ctrl Pts',(6.99932827753481,96.8073887474448,0.));
#2432=CARTESIAN_POINT('Ctrl Pts',(6.94601925454533,99.0622634081275,0.666666666666667));
#2433=CARTESIAN_POINT('Ctrl Pts',(7.15224506742485,98.4531555412916,0.666666666666667));
#2434=CARTESIAN_POINT('Ctrl Pts',(6.98371352546263,97.7335324205871,0.666666666666667));
#2435=CARTESIAN_POINT('Ctrl Pts',(6.5284683273248,97.2793372104497,0.666666666666667));
#2436=CARTESIAN_POINT('Ctrl Pts',(6.31456279386589,98.8484710258717,1.33333333333333));
#2437=CARTESIAN_POINT('Ctrl Pts',(6.44147098640713,98.4736354155111,1.33333333333333));
#2438=CARTESIAN_POINT('Ctrl Pts',(6.33775926827653,98.0307904181545,1.33333333333333));
#2439=CARTESIAN_POINT('Ctrl Pts',(6.05760837711479,97.7512856734545,1.33333333333333));
#2440=CARTESIAN_POINT('Ctrl Pts',(5.68310633318644,98.6346786436158,2.));
#2441=CARTESIAN_POINT('Ctrl Pts',(5.7306969053894,98.4941152897306,2.));
#2442=CARTESIAN_POINT('Ctrl Pts',(5.69180501109043,98.3280484157219,2.));
#2443=CARTESIAN_POINT('Ctrl Pts',(5.58674842690478,98.2232341364594,2.));
#2444=CARTESIAN_POINT('',(7.57747571522479,99.2760557903834,0.));
#2445=CARTESIAN_POINT('Origin',(-1.81292867162952E-6,96.7105472033134,1.));
#2446=CARTESIAN_POINT('Origin',(-4.55904789604058,98.5064032142625,-2.));
#2447=CARTESIAN_POINT('',(-4.18688086884779,98.3598027235727,-2.));
#2448=CARTESIAN_POINT('Origin',(-1.81292867162952E-6,96.7105472033134,-2.));
#2449=CARTESIAN_POINT('',(4.18687724299047,98.3598027235726,-2.));
#2450=CARTESIAN_POINT('Origin',(4.55904427018328,98.1064032142624,-2.));
#2451=CARTESIAN_POINT('',(4.55904427018328,98.1064032142624,-2.));
#2452=CARTESIAN_POINT('Origin',(4.55904427018322,98.5064032142624,-2.));
#2453=UNCERTAINTY_MEASURE_WITH_UNIT(LENGTH_MEASURE(0.01),#2457,
'DISTANCE_ACCURACY_VALUE',
'Maximum model space distance between geometric entities at asserted c
onnectivities');
#2454=UNCERTAINTY_MEASURE_WITH_UNIT(LENGTH_MEASURE(0.01),#2457,
'DISTANCE_ACCURACY_VALUE',
'Maximum model space distance between geometric entities at asserted c
onnectivities');
#2455=(
GEOMETRIC_REPRESENTATION_CONTEXT(3)
GLOBAL_UNCERTAINTY_ASSIGNED_CONTEXT((#2453))
GLOBAL_UNIT_ASSIGNED_CONTEXT((#2457,#2459,#2460))
REPRESENTATION_CONTEXT('','3D')
);
#2456=(
GEOMETRIC_REPRESENTATION_CONTEXT(3)
GLOBAL_UNCERTAINTY_ASSIGNED_CONTEXT((#2454))
GLOBAL_UNIT_ASSIGNED_CONTEXT((#2457,#2459,#2460))
REPRESENTATION_CONTEXT('','3D')
);
#2457=(
LENGTH_UNIT()
NAMED_UNIT(*)
SI_UNIT(.MILLI.,.METRE.)
);
#2458=(
LENGTH_UNIT()
NAMED_UNIT(*)
SI_UNIT($,.METRE.)
);
#2459=(
NAMED_UNIT(*)
PLANE_ANGLE_UNIT()
SI_UNIT($,.RADIAN.)
);
#2460=(
NAMED_UNIT(*)
SI_UNIT($,.STERADIAN.)
SOLID_ANGLE_UNIT()
);
#2461=SHAPE_DEFINITION_REPRESENTATION(#2462,#2463);
#2462=PRODUCT_DEFINITION_SHAPE('',$,#2465);
#2463=SHAPE_REPRESENTATION('',(#1193),#2455);
#2464=PRODUCT_DEFINITION_CONTEXT('part definition',#2469,'design');
#2465=PRODUCT_DEFINITION('PULL TAB','PULL TAB',#2466,#2464);
#2466=PRODUCT_DEFINITION_FORMATION('',$,#2471);
#2467=PRODUCT_RELATED_PRODUCT_CATEGORY('PULL TAB','PULL TAB',(#2471));
#2468=APPLICATION_PROTOCOL_DEFINITION('international standard',
'automotive_design',2009,#2469);
#2469=APPLICATION_CONTEXT(
'Core Data for Automotive Mechanical Design Process');
#2470=PRODUCT_CONTEXT('part definition',#2469,'mechanical');
#2471=PRODUCT('PULL TAB','PULL TAB',$,(#2470));
#2472=PRESENTATION_STYLE_ASSIGNMENT((#2473));
#2473=SURFACE_STYLE_USAGE(.BOTH.,#2474);
#2474=SURFACE_SIDE_STYLE('',(#2475));
#2475=SURFACE_STYLE_FILL_AREA(#2476);
#2476=FILL_AREA_STYLE('Plastic - Glossy (Green)',(#2477));
#2477=FILL_AREA_STYLE_COLOUR('Plastic - Glossy (Green)',#2478);
#2478=COLOUR_RGB('Plastic - Glossy (Green)',0.266666666666667,0.588235294117647,
0.282352941176471);
ENDSEC;
END-ISO-10303-21;
