ISO-10303-21;
HEADER;
/* Generated by software containing ST-Developer
 * from STEP Tools, Inc. (www.steptools.com) 
 */

FILE_DESCRIPTION(
/* description */ (''),
/* implementation_level */ '2;1');

FILE_NAME(
/* name */ 'SUPPORT PULL TAB.step',
/* time_stamp */ '2026-03-23T18:09:15-05:00',
/* author */ (''),
/* organization */ (''),
/* preprocessor_version */ 'ST-DEVELOPER v20.1',
/* originating_system */ 'Autodesk Translation Framework v14.24.0.0',
/* authorisation */ '');

FILE_SCHEMA (('AUTOMOTIVE_DESIGN { 1 0 10303 214 3 1 1 }'));
ENDSEC;

DATA;
#10=MECHANICAL_DESIGN_GEOMETRIC_PRESENTATION_REPRESENTATION('',(#13),#2213);
#11=SHAPE_REPRESENTATION_RELATIONSHIP('SRR','None',#2220,#12);
#12=ADVANCED_BREP_SHAPE_REPRESENTATION('',(#14),#2212);
#13=STYLED_ITEM('',(#2229),#14);
#14=MANIFOLD_SOLID_BREP('Support pull tab',#1230);
#15=SPHERICAL_SURFACE('',#1348,0.500000000000007);
#16=SPHERICAL_SURFACE('',#1354,0.500000000000007);
#17=ELLIPSE('',#1342,0.70710678118655,0.5);
#18=ELLIPSE('',#1343,0.707106781186596,0.5);
#19=ELLIPSE('',#1345,0.707106781186483,0.5);
#20=ELLIPSE('',#1347,0.707106781186372,0.5);
#21=ELLIPSE('',#1353,0.707106781186547,0.5);
#22=ELLIPSE('',#1359,0.707106781186547,0.5);
#23=ELLIPSE('',#1380,0.707106781186546,0.5);
#24=ELLIPSE('',#1383,0.707106781186555,0.5);
#25=ELLIPSE('',#1386,0.707106781186546,0.5);
#26=ELLIPSE('',#1388,0.707106781186545,0.5);
#27=B_SPLINE_CURVE_WITH_KNOTS('',3,(#2045,#2046,#2047,#2048,#2049,#2050,
#2051,#2052,#2053,#2054,#2055,#2056,#2057,#2058,#2059,#2060,#2061,#2062,
#2063,#2064,#2065,#2066,#2067,#2068,#2069,#2070),.UNSPECIFIED.,.F.,.F.,
(4,2,2,2,2,2,2,2,2,2,2,2,4),(-0.502334387509601,-0.500461423477915,-0.386473935711561,
-0.328593062028943,-0.296281880668288,-0.269032682289459,-0.250230711754816,
-0.231428741220174,-0.204179542841347,-0.17186836148076,-0.113987487798435,
0.,0.00187296383157173),.UNSPECIFIED.);
#28=FACE_BOUND('',#355,.T.);
#29=FACE_BOUND('',#356,.T.);
#30=FACE_BOUND('',#357,.T.);
#31=FACE_BOUND('',#358,.T.);
#32=FACE_BOUND('',#359,.T.);
#33=FACE_BOUND('',#372,.T.);
#34=FACE_BOUND('',#373,.T.);
#35=FACE_BOUND('',#377,.T.);
#36=FACE_BOUND('',#378,.T.);
#37=FACE_BOUND('',#414,.T.);
#38=FACE_BOUND('',#419,.T.);
#39=FACE_BOUND('',#421,.T.);
#40=FACE_BOUND('',#423,.T.);
#41=FACE_BOUND('',#425,.T.);
#42=PLANE('',#1268);
#43=PLANE('',#1271);
#44=PLANE('',#1274);
#45=PLANE('',#1309);
#46=PLANE('',#1320);
#47=PLANE('',#1391);
#48=PLANE('',#1392);
#49=PLANE('',#1393);
#50=PLANE('',#1394);
#51=PLANE('',#1395);
#52=PLANE('',#1397);
#53=PLANE('',#1399);
#54=PLANE('',#1400);
#55=PLANE('',#1401);
#56=PLANE('',#1402);
#57=PLANE('',#1403);
#58=PLANE('',#1404);
#59=PLANE('',#1405);
#60=PLANE('',#1406);
#61=PLANE('',#1407);
#62=PLANE('',#1408);
#63=PLANE('',#1410);
#64=LINE('',#1846,#146);
#65=LINE('',#1847,#147);
#66=LINE('',#1858,#148);
#67=LINE('',#1859,#149);
#68=LINE('',#1870,#150);
#69=LINE('',#1871,#151);
#70=LINE('',#1879,#152);
#71=LINE('',#1880,#153);
#72=LINE('',#1883,#154);
#73=LINE('',#1885,#155);
#74=LINE('',#1886,#156);
#75=LINE('',#1889,#157);
#76=LINE('',#1893,#158);
#77=LINE('',#1895,#159);
#78=LINE('',#1897,#160);
#79=LINE('',#1899,#161);
#80=LINE('',#1901,#162);
#81=LINE('',#1902,#163);
#82=LINE('',#1905,#164);
#83=LINE('',#1924,#165);
#84=LINE('',#1932,#166);
#85=LINE('',#1940,#167);
#86=LINE('',#1948,#168);
#87=LINE('',#1956,#169);
#88=LINE('',#1969,#170);
#89=LINE('',#1971,#171);
#90=LINE('',#1973,#172);
#91=LINE('',#1975,#173);
#92=LINE('',#1977,#174);
#93=LINE('',#1979,#175);
#94=LINE('',#1983,#176);
#95=LINE('',#1986,#177);
#96=LINE('',#1992,#178);
#97=LINE('',#2002,#179);
#98=LINE('',#2004,#180);
#99=LINE('',#2006,#181);
#100=LINE('',#2008,#182);
#101=LINE('',#2010,#183);
#102=LINE('',#2012,#184);
#103=LINE('',#2016,#185);
#104=LINE('',#2020,#186);
#105=LINE('',#2027,#187);
#106=LINE('',#2035,#188);
#107=LINE('',#2043,#189);
#108=LINE('',#2080,#190);
#109=LINE('',#2085,#191);
#110=LINE('',#2089,#192);
#111=LINE('',#2097,#193);
#112=LINE('',#2106,#194);
#113=LINE('',#2121,#195);
#114=LINE('',#2128,#196);
#115=LINE('',#2134,#197);
#116=LINE('',#2137,#198);
#117=LINE('',#2140,#199);
#118=LINE('',#2143,#200);
#119=LINE('',#2146,#201);
#120=LINE('',#2150,#202);
#121=LINE('',#2153,#203);
#122=LINE('',#2155,#204);
#123=LINE('',#2158,#205);
#124=LINE('',#2160,#206);
#125=LINE('',#2161,#207);
#126=LINE('',#2164,#208);
#127=LINE('',#2165,#209);
#128=LINE('',#2168,#210);
#129=LINE('',#2169,#211);
#130=LINE('',#2171,#212);
#131=LINE('',#2174,#213);
#132=LINE('',#2176,#214);
#133=LINE('',#2178,#215);
#134=LINE('',#2180,#216);
#135=LINE('',#2182,#217);
#136=LINE('',#2185,#218);
#137=LINE('',#2187,#219);
#138=LINE('',#2188,#220);
#139=LINE('',#2190,#221);
#140=LINE('',#2197,#222);
#141=LINE('',#2199,#223);
#142=LINE('',#2201,#224);
#143=LINE('',#2203,#225);
#144=LINE('',#2205,#226);
#145=LINE('',#2207,#227);
#146=VECTOR('',#1428,10.);
#147=VECTOR('',#1429,10.);
#148=VECTOR('',#1442,10.);
#149=VECTOR('',#1443,10.);
#150=VECTOR('',#1456,10.);
#151=VECTOR('',#1457,10.);
#152=VECTOR('',#1468,10.);
#153=VECTOR('',#1469,10.);
#154=VECTOR('',#1472,10.);
#155=VECTOR('',#1473,10.);
#156=VECTOR('',#1474,10.);
#157=VECTOR('',#1477,10.);
#158=VECTOR('',#1482,10.);
#159=VECTOR('',#1483,10.);
#160=VECTOR('',#1484,10.);
#161=VECTOR('',#1485,10.);
#162=VECTOR('',#1486,10.);
#163=VECTOR('',#1487,10.);
#164=VECTOR('',#1490,10.);
#165=VECTOR('',#1513,6.);
#166=VECTOR('',#1524,3.);
#167=VECTOR('',#1535,3.);
#168=VECTOR('',#1546,3.);
#169=VECTOR('',#1557,3.);
#170=VECTOR('',#1572,10.);
#171=VECTOR('',#1573,10.);
#172=VECTOR('',#1574,10.);
#173=VECTOR('',#1575,10.);
#174=VECTOR('',#1576,10.);
#175=VECTOR('',#1577,10.);
#176=VECTOR('',#1580,10.);
#177=VECTOR('',#1583,10.);
#178=VECTOR('',#1590,1.7);
#179=VECTOR('',#1601,10.);
#180=VECTOR('',#1602,10.);
#181=VECTOR('',#1603,10.);
#182=VECTOR('',#1604,10.);
#183=VECTOR('',#1605,10.);
#184=VECTOR('',#1606,10.);
#185=VECTOR('',#1609,10.);
#186=VECTOR('',#1612,10.);
#187=VECTOR('',#1621,1.7);
#188=VECTOR('',#1632,1.7);
#189=VECTOR('',#1643,1.7);
#190=VECTOR('',#1656,10.);
#191=VECTOR('',#1663,10.);
#192=VECTOR('',#1668,10.);
#193=VECTOR('',#1679,10.);
#194=VECTOR('',#1692,10.);
#195=VECTOR('',#1717,10.);
#196=VECTOR('',#1728,10.);
#197=VECTOR('',#1737,10.);
#198=VECTOR('',#1742,10.);
#199=VECTOR('',#1745,10.);
#200=VECTOR('',#1750,10.);
#201=VECTOR('',#1753,10.);
#202=VECTOR('',#1758,10.);
#203=VECTOR('',#1763,10.);
#204=VECTOR('',#1766,10.);
#205=VECTOR('',#1769,10.);
#206=VECTOR('',#1770,10.);
#207=VECTOR('',#1771,10.);
#208=VECTOR('',#1774,10.);
#209=VECTOR('',#1775,10.);
#210=VECTOR('',#1778,10.);
#211=VECTOR('',#1779,10.);
#212=VECTOR('',#1782,10.);
#213=VECTOR('',#1785,10.);
#214=VECTOR('',#1786,10.);
#215=VECTOR('',#1787,10.);
#216=VECTOR('',#1788,10.);
#217=VECTOR('',#1789,10.);
#218=VECTOR('',#1792,10.);
#219=VECTOR('',#1795,10.);
#220=VECTOR('',#1796,10.);
#221=VECTOR('',#1799,10.);
#222=VECTOR('',#1812,10.);
#223=VECTOR('',#1815,10.);
#224=VECTOR('',#1818,10.);
#225=VECTOR('',#1821,10.);
#226=VECTOR('',#1824,10.);
#227=VECTOR('',#1827,10.);
#228=CYLINDRICAL_SURFACE('',#1249,0.5);
#229=CYLINDRICAL_SURFACE('',#1255,0.5);
#230=CYLINDRICAL_SURFACE('',#1261,0.5);
#231=CYLINDRICAL_SURFACE('',#1267,0.5);
#232=CYLINDRICAL_SURFACE('',#1269,3.99999999999999);
#233=CYLINDRICAL_SURFACE('',#1272,4.00000000000001);
#234=CYLINDRICAL_SURFACE('',#1283,6.);
#235=CYLINDRICAL_SURFACE('',#1288,3.);
#236=CYLINDRICAL_SURFACE('',#1293,3.);
#237=CYLINDRICAL_SURFACE('',#1298,3.);
#238=CYLINDRICAL_SURFACE('',#1303,3.);
#239=CYLINDRICAL_SURFACE('',#1314,1.7);
#240=CYLINDRICAL_SURFACE('',#1325,1.7);
#241=CYLINDRICAL_SURFACE('',#1330,1.7);
#242=CYLINDRICAL_SURFACE('',#1335,1.7);
#243=CYLINDRICAL_SURFACE('',#1341,0.5);
#244=CYLINDRICAL_SURFACE('',#1344,0.5);
#245=CYLINDRICAL_SURFACE('',#1346,0.5);
#246=CYLINDRICAL_SURFACE('',#1352,0.5);
#247=CYLINDRICAL_SURFACE('',#1358,0.5);
#248=CYLINDRICAL_SURFACE('',#1360,0.5);
#249=CYLINDRICAL_SURFACE('',#1364,0.5);
#250=CYLINDRICAL_SURFACE('',#1369,0.5);
#251=CYLINDRICAL_SURFACE('',#1374,0.5);
#252=CYLINDRICAL_SURFACE('',#1378,0.5);
#253=CYLINDRICAL_SURFACE('',#1379,0.5);
#254=CYLINDRICAL_SURFACE('',#1381,0.5);
#255=CYLINDRICAL_SURFACE('',#1382,0.5);
#256=CYLINDRICAL_SURFACE('',#1384,0.5);
#257=CYLINDRICAL_SURFACE('',#1385,0.5);
#258=CYLINDRICAL_SURFACE('',#1387,0.5);
#259=CYLINDRICAL_SURFACE('',#1389,0.5);
#260=CYLINDRICAL_SURFACE('',#1390,0.5);
#261=CYLINDRICAL_SURFACE('',#1398,4.);
#262=CYLINDRICAL_SURFACE('',#1409,7.20000000000001);
#263=CYLINDRICAL_SURFACE('',#1411,3.99999999999999);
#264=FACE_OUTER_BOUND('',#342,.T.);
#265=FACE_OUTER_BOUND('',#343,.T.);
#266=FACE_OUTER_BOUND('',#344,.T.);
#267=FACE_OUTER_BOUND('',#345,.T.);
#268=FACE_OUTER_BOUND('',#346,.T.);
#269=FACE_OUTER_BOUND('',#347,.T.);
#270=FACE_OUTER_BOUND('',#348,.T.);
#271=FACE_OUTER_BOUND('',#349,.T.);
#272=FACE_OUTER_BOUND('',#350,.T.);
#273=FACE_OUTER_BOUND('',#351,.T.);
#274=FACE_OUTER_BOUND('',#352,.T.);
#275=FACE_OUTER_BOUND('',#353,.T.);
#276=FACE_OUTER_BOUND('',#354,.T.);
#277=FACE_OUTER_BOUND('',#360,.T.);
#278=FACE_OUTER_BOUND('',#361,.T.);
#279=FACE_OUTER_BOUND('',#362,.T.);
#280=FACE_OUTER_BOUND('',#363,.T.);
#281=FACE_OUTER_BOUND('',#364,.T.);
#282=FACE_OUTER_BOUND('',#365,.T.);
#283=FACE_OUTER_BOUND('',#366,.T.);
#284=FACE_OUTER_BOUND('',#367,.T.);
#285=FACE_OUTER_BOUND('',#368,.T.);
#286=FACE_OUTER_BOUND('',#369,.T.);
#287=FACE_OUTER_BOUND('',#370,.T.);
#288=FACE_OUTER_BOUND('',#371,.T.);
#289=FACE_OUTER_BOUND('',#374,.T.);
#290=FACE_OUTER_BOUND('',#375,.T.);
#291=FACE_OUTER_BOUND('',#376,.T.);
#292=FACE_OUTER_BOUND('',#379,.T.);
#293=FACE_OUTER_BOUND('',#380,.T.);
#294=FACE_OUTER_BOUND('',#381,.T.);
#295=FACE_OUTER_BOUND('',#382,.T.);
#296=FACE_OUTER_BOUND('',#383,.T.);
#297=FACE_OUTER_BOUND('',#384,.T.);
#298=FACE_OUTER_BOUND('',#385,.T.);
#299=FACE_OUTER_BOUND('',#386,.T.);
#300=FACE_OUTER_BOUND('',#387,.T.);
#301=FACE_OUTER_BOUND('',#388,.T.);
#302=FACE_OUTER_BOUND('',#389,.T.);
#303=FACE_OUTER_BOUND('',#390,.T.);
#304=FACE_OUTER_BOUND('',#391,.T.);
#305=FACE_OUTER_BOUND('',#392,.T.);
#306=FACE_OUTER_BOUND('',#393,.T.);
#307=FACE_OUTER_BOUND('',#394,.T.);
#308=FACE_OUTER_BOUND('',#395,.T.);
#309=FACE_OUTER_BOUND('',#396,.T.);
#310=FACE_OUTER_BOUND('',#397,.T.);
#311=FACE_OUTER_BOUND('',#398,.T.);
#312=FACE_OUTER_BOUND('',#399,.T.);
#313=FACE_OUTER_BOUND('',#400,.T.);
#314=FACE_OUTER_BOUND('',#401,.T.);
#315=FACE_OUTER_BOUND('',#402,.T.);
#316=FACE_OUTER_BOUND('',#403,.T.);
#317=FACE_OUTER_BOUND('',#404,.T.);
#318=FACE_OUTER_BOUND('',#405,.T.);
#319=FACE_OUTER_BOUND('',#406,.T.);
#320=FACE_OUTER_BOUND('',#407,.T.);
#321=FACE_OUTER_BOUND('',#408,.T.);
#322=FACE_OUTER_BOUND('',#409,.T.);
#323=FACE_OUTER_BOUND('',#410,.T.);
#324=FACE_OUTER_BOUND('',#411,.T.);
#325=FACE_OUTER_BOUND('',#412,.T.);
#326=FACE_OUTER_BOUND('',#413,.T.);
#327=FACE_OUTER_BOUND('',#415,.T.);
#328=FACE_OUTER_BOUND('',#416,.T.);
#329=FACE_OUTER_BOUND('',#417,.T.);
#330=FACE_OUTER_BOUND('',#418,.T.);
#331=FACE_OUTER_BOUND('',#420,.T.);
#332=FACE_OUTER_BOUND('',#422,.T.);
#333=FACE_OUTER_BOUND('',#424,.T.);
#334=FACE_OUTER_BOUND('',#426,.T.);
#335=FACE_OUTER_BOUND('',#427,.T.);
#336=FACE_OUTER_BOUND('',#428,.T.);
#337=FACE_OUTER_BOUND('',#429,.T.);
#338=FACE_OUTER_BOUND('',#430,.T.);
#339=FACE_OUTER_BOUND('',#431,.T.);
#340=FACE_OUTER_BOUND('',#432,.T.);
#341=FACE_OUTER_BOUND('',#433,.T.);
#342=EDGE_LOOP('',(#788,#789,#790,#791));
#343=EDGE_LOOP('',(#792,#793,#794,#795));
#344=EDGE_LOOP('',(#796,#797,#798,#799));
#345=EDGE_LOOP('',(#800,#801,#802,#803));
#346=EDGE_LOOP('',(#804,#805,#806,#807));
#347=EDGE_LOOP('',(#808,#809,#810,#811));
#348=EDGE_LOOP('',(#812,#813,#814,#815));
#349=EDGE_LOOP('',(#816,#817,#818,#819));
#350=EDGE_LOOP('',(#820,#821,#822,#823));
#351=EDGE_LOOP('',(#824,#825,#826,#827));
#352=EDGE_LOOP('',(#828,#829,#830,#831,#832,#833,#834,#835));
#353=EDGE_LOOP('',(#836,#837,#838,#839));
#354=EDGE_LOOP('',(#840,#841,#842,#843,#844,#845,#846,#847));
#355=EDGE_LOOP('',(#848));
#356=EDGE_LOOP('',(#849));
#357=EDGE_LOOP('',(#850));
#358=EDGE_LOOP('',(#851));
#359=EDGE_LOOP('',(#852));
#360=EDGE_LOOP('',(#853,#854,#855,#856));
#361=EDGE_LOOP('',(#857,#858,#859,#860));
#362=EDGE_LOOP('',(#861,#862,#863,#864));
#363=EDGE_LOOP('',(#865,#866,#867,#868));
#364=EDGE_LOOP('',(#869,#870,#871,#872));
#365=EDGE_LOOP('',(#873,#874,#875,#876));
#366=EDGE_LOOP('',(#877,#878,#879,#880));
#367=EDGE_LOOP('',(#881,#882,#883,#884));
#368=EDGE_LOOP('',(#885,#886,#887,#888));
#369=EDGE_LOOP('',(#889,#890,#891,#892));
#370=EDGE_LOOP('',(#893,#894,#895,#896));
#371=EDGE_LOOP('',(#897,#898,#899,#900,#901,#902,#903,#904,#905,#906,#907));
#372=EDGE_LOOP('',(#908));
#373=EDGE_LOOP('',(#909));
#374=EDGE_LOOP('',(#910,#911,#912,#913));
#375=EDGE_LOOP('',(#914,#915,#916,#917));
#376=EDGE_LOOP('',(#918,#919,#920,#921,#922,#923,#924,#925,#926,#927,#928));
#377=EDGE_LOOP('',(#929));
#378=EDGE_LOOP('',(#930));
#379=EDGE_LOOP('',(#931,#932,#933,#934));
#380=EDGE_LOOP('',(#935,#936,#937,#938));
#381=EDGE_LOOP('',(#939,#940,#941,#942));
#382=EDGE_LOOP('',(#943,#944,#945,#946));
#383=EDGE_LOOP('',(#947,#948,#949,#950));
#384=EDGE_LOOP('',(#951,#952,#953,#954,#955,#956));
#385=EDGE_LOOP('',(#957,#958,#959,#960));
#386=EDGE_LOOP('',(#961,#962,#963,#964));
#387=EDGE_LOOP('',(#965,#966,#967,#968));
#388=EDGE_LOOP('',(#969,#970,#971));
#389=EDGE_LOOP('',(#972,#973,#974,#975));
#390=EDGE_LOOP('',(#976,#977,#978));
#391=EDGE_LOOP('',(#979,#980,#981,#982));
#392=EDGE_LOOP('',(#983,#984,#985,#986));
#393=EDGE_LOOP('',(#987,#988,#989,#990));
#394=EDGE_LOOP('',(#991,#992,#993,#994));
#395=EDGE_LOOP('',(#995,#996,#997,#998));
#396=EDGE_LOOP('',(#999,#1000,#1001,#1002,#1003,#1004));
#397=EDGE_LOOP('',(#1005,#1006,#1007,#1008));
#398=EDGE_LOOP('',(#1009,#1010,#1011,#1012));
#399=EDGE_LOOP('',(#1013,#1014,#1015,#1016));
#400=EDGE_LOOP('',(#1017,#1018,#1019,#1020));
#401=EDGE_LOOP('',(#1021,#1022,#1023,#1024));
#402=EDGE_LOOP('',(#1025,#1026,#1027,#1028));
#403=EDGE_LOOP('',(#1029,#1030,#1031,#1032));
#404=EDGE_LOOP('',(#1033,#1034,#1035,#1036));
#405=EDGE_LOOP('',(#1037,#1038,#1039,#1040));
#406=EDGE_LOOP('',(#1041,#1042,#1043,#1044));
#407=EDGE_LOOP('',(#1045,#1046,#1047,#1048));
#408=EDGE_LOOP('',(#1049,#1050,#1051,#1052));
#409=EDGE_LOOP('',(#1053,#1054,#1055,#1056));
#410=EDGE_LOOP('',(#1057,#1058,#1059,#1060));
#411=EDGE_LOOP('',(#1061,#1062,#1063,#1064));
#412=EDGE_LOOP('',(#1065,#1066,#1067,#1068));
#413=EDGE_LOOP('',(#1069,#1070,#1071,#1072,#1073,#1074,#1075,#1076,#1077,
#1078,#1079,#1080));
#414=EDGE_LOOP('',(#1081));
#415=EDGE_LOOP('',(#1082,#1083,#1084,#1085));
#416=EDGE_LOOP('',(#1086,#1087,#1088,#1089));
#417=EDGE_LOOP('',(#1090,#1091,#1092,#1093));
#418=EDGE_LOOP('',(#1094));
#419=EDGE_LOOP('',(#1095));
#420=EDGE_LOOP('',(#1096));
#421=EDGE_LOOP('',(#1097));
#422=EDGE_LOOP('',(#1098));
#423=EDGE_LOOP('',(#1099));
#424=EDGE_LOOP('',(#1100));
#425=EDGE_LOOP('',(#1101));
#426=EDGE_LOOP('',(#1102,#1103,#1104,#1105));
#427=EDGE_LOOP('',(#1106,#1107,#1108,#1109));
#428=EDGE_LOOP('',(#1110,#1111,#1112,#1113));
#429=EDGE_LOOP('',(#1114,#1115,#1116,#1117));
#430=EDGE_LOOP('',(#1118,#1119,#1120,#1121));
#431=EDGE_LOOP('',(#1122,#1123,#1124,#1125));
#432=EDGE_LOOP('',(#1126,#1127,#1128,#1129));
#433=EDGE_LOOP('',(#1130,#1131,#1132,#1133));
#434=CIRCLE('',#1245,0.5);
#435=CIRCLE('',#1246,4.00000000000001);
#436=CIRCLE('',#1247,0.499999999999998);
#437=CIRCLE('',#1248,3.50000000000001);
#438=CIRCLE('',#1250,0.499999999999998);
#439=CIRCLE('',#1252,0.500000000000003);
#440=CIRCLE('',#1253,3.5);
#441=CIRCLE('',#1254,4.);
#442=CIRCLE('',#1256,0.499999999999998);
#443=CIRCLE('',#1258,0.499999999999998);
#444=CIRCLE('',#1259,3.5);
#445=CIRCLE('',#1260,4.);
#446=CIRCLE('',#1262,0.499999999999998);
#447=CIRCLE('',#1264,0.499999999999998);
#448=CIRCLE('',#1265,3.5);
#449=CIRCLE('',#1266,4.);
#450=CIRCLE('',#1270,4.);
#451=CIRCLE('',#1273,4.00000000000001);
#452=CIRCLE('',#1275,6.5);
#453=CIRCLE('',#1276,3.5);
#454=CIRCLE('',#1277,3.5);
#455=CIRCLE('',#1278,3.5);
#456=CIRCLE('',#1279,3.5);
#457=CIRCLE('',#1281,0.5);
#458=CIRCLE('',#1282,6.);
#459=CIRCLE('',#1284,6.);
#460=CIRCLE('',#1286,0.5);
#461=CIRCLE('',#1287,3.);
#462=CIRCLE('',#1289,3.);
#463=CIRCLE('',#1291,0.5);
#464=CIRCLE('',#1292,3.);
#465=CIRCLE('',#1294,3.);
#466=CIRCLE('',#1296,0.5);
#467=CIRCLE('',#1297,3.);
#468=CIRCLE('',#1299,3.);
#469=CIRCLE('',#1301,0.5);
#470=CIRCLE('',#1302,3.);
#471=CIRCLE('',#1304,3.);
#472=CIRCLE('',#1306,1.7);
#473=CIRCLE('',#1307,0.5);
#474=CIRCLE('',#1308,2.2);
#475=CIRCLE('',#1310,7.70000000000001);
#476=CIRCLE('',#1311,3.50000000000001);
#477=CIRCLE('',#1312,3.5);
#478=CIRCLE('',#1313,2.2);
#479=CIRCLE('',#1315,1.7);
#480=CIRCLE('',#1317,1.7);
#481=CIRCLE('',#1318,0.5);
#482=CIRCLE('',#1319,2.2);
#483=CIRCLE('',#1321,7.70000000000001);
#484=CIRCLE('',#1322,3.5);
#485=CIRCLE('',#1323,3.5);
#486=CIRCLE('',#1324,2.2);
#487=CIRCLE('',#1326,1.7);
#488=CIRCLE('',#1328,1.7);
#489=CIRCLE('',#1329,0.5);
#490=CIRCLE('',#1331,1.7);
#491=CIRCLE('',#1333,1.7);
#492=CIRCLE('',#1334,0.5);
#493=CIRCLE('',#1336,1.7);
#494=CIRCLE('',#1338,0.5);
#495=CIRCLE('',#1339,7.20000000000001);
#496=CIRCLE('',#1340,0.5);
#497=CIRCLE('',#1349,0.5);
#498=CIRCLE('',#1350,0.500000000000007);
#499=CIRCLE('',#1351,0.5);
#500=CIRCLE('',#1355,0.5);
#501=CIRCLE('',#1356,0.500000000000007);
#502=CIRCLE('',#1357,0.5);
#503=CIRCLE('',#1361,0.5);
#504=CIRCLE('',#1363,0.5);
#505=CIRCLE('',#1365,0.5);
#506=CIRCLE('',#1367,0.5);
#507=CIRCLE('',#1368,4.);
#508=CIRCLE('',#1370,0.5);
#509=CIRCLE('',#1372,0.5);
#510=CIRCLE('',#1373,4.);
#511=CIRCLE('',#1375,0.5);
#512=CIRCLE('',#1377,0.5);
#513=CIRCLE('',#1396,7.20000000000001);
#514=VERTEX_POINT('',#1834);
#515=VERTEX_POINT('',#1835);
#516=VERTEX_POINT('',#1837);
#517=VERTEX_POINT('',#1839);
#518=VERTEX_POINT('',#1843);
#519=VERTEX_POINT('',#1844);
#520=VERTEX_POINT('',#1849);
#521=VERTEX_POINT('',#1850);
#522=VERTEX_POINT('',#1855);
#523=VERTEX_POINT('',#1856);
#524=VERTEX_POINT('',#1861);
#525=VERTEX_POINT('',#1862);
#526=VERTEX_POINT('',#1867);
#527=VERTEX_POINT('',#1868);
#528=VERTEX_POINT('',#1873);
#529=VERTEX_POINT('',#1874);
#530=VERTEX_POINT('',#1882);
#531=VERTEX_POINT('',#1884);
#532=VERTEX_POINT('',#1888);
#533=VERTEX_POINT('',#1892);
#534=VERTEX_POINT('',#1894);
#535=VERTEX_POINT('',#1896);
#536=VERTEX_POINT('',#1898);
#537=VERTEX_POINT('',#1900);
#538=VERTEX_POINT('',#1904);
#539=VERTEX_POINT('',#1908);
#540=VERTEX_POINT('',#1910);
#541=VERTEX_POINT('',#1912);
#542=VERTEX_POINT('',#1914);
#543=VERTEX_POINT('',#1916);
#544=VERTEX_POINT('',#1919);
#545=VERTEX_POINT('',#1923);
#546=VERTEX_POINT('',#1927);
#547=VERTEX_POINT('',#1931);
#548=VERTEX_POINT('',#1935);
#549=VERTEX_POINT('',#1939);
#550=VERTEX_POINT('',#1943);
#551=VERTEX_POINT('',#1947);
#552=VERTEX_POINT('',#1951);
#553=VERTEX_POINT('',#1955);
#554=VERTEX_POINT('',#1959);
#555=VERTEX_POINT('',#1961);
#556=VERTEX_POINT('',#1965);
#557=VERTEX_POINT('',#1966);
#558=VERTEX_POINT('',#1968);
#559=VERTEX_POINT('',#1970);
#560=VERTEX_POINT('',#1972);
#561=VERTEX_POINT('',#1974);
#562=VERTEX_POINT('',#1976);
#563=VERTEX_POINT('',#1978);
#564=VERTEX_POINT('',#1980);
#565=VERTEX_POINT('',#1982);
#566=VERTEX_POINT('',#1984);
#567=VERTEX_POINT('',#1987);
#568=VERTEX_POINT('',#1990);
#569=VERTEX_POINT('',#1994);
#570=VERTEX_POINT('',#1996);
#571=VERTEX_POINT('',#2000);
#572=VERTEX_POINT('',#2001);
#573=VERTEX_POINT('',#2003);
#574=VERTEX_POINT('',#2005);
#575=VERTEX_POINT('',#2007);
#576=VERTEX_POINT('',#2009);
#577=VERTEX_POINT('',#2011);
#578=VERTEX_POINT('',#2013);
#579=VERTEX_POINT('',#2015);
#580=VERTEX_POINT('',#2017);
#581=VERTEX_POINT('',#2019);
#582=VERTEX_POINT('',#2022);
#583=VERTEX_POINT('',#2025);
#584=VERTEX_POINT('',#2029);
#585=VERTEX_POINT('',#2033);
#586=VERTEX_POINT('',#2037);
#587=VERTEX_POINT('',#2041);
#588=VERTEX_POINT('',#2071);
#589=VERTEX_POINT('',#2073);
#590=VERTEX_POINT('',#2077);
#591=VERTEX_POINT('',#2079);
#592=VERTEX_POINT('',#2083);
#593=VERTEX_POINT('',#2087);
#594=VERTEX_POINT('',#2091);
#595=VERTEX_POINT('',#2096);
#596=VERTEX_POINT('',#2100);
#597=VERTEX_POINT('',#2105);
#598=VERTEX_POINT('',#2115);
#599=VERTEX_POINT('',#2119);
#600=VERTEX_POINT('',#2123);
#601=VERTEX_POINT('',#2133);
#602=VERTEX_POINT('',#2139);
#603=VERTEX_POINT('',#2145);
#604=VERTEX_POINT('',#2149);
#605=VERTEX_POINT('',#2157);
#606=VERTEX_POINT('',#2159);
#607=VERTEX_POINT('',#2163);
#608=VERTEX_POINT('',#2167);
#609=VERTEX_POINT('',#2173);
#610=VERTEX_POINT('',#2175);
#611=VERTEX_POINT('',#2177);
#612=VERTEX_POINT('',#2179);
#613=VERTEX_POINT('',#2181);
#614=VERTEX_POINT('',#2183);
#615=EDGE_CURVE('',#514,#515,#434,.T.);
#616=EDGE_CURVE('',#515,#516,#435,.T.);
#617=EDGE_CURVE('',#516,#517,#436,.T.);
#618=EDGE_CURVE('',#517,#514,#437,.T.);
#619=EDGE_CURVE('',#518,#519,#438,.T.);
#620=EDGE_CURVE('',#519,#517,#64,.T.);
#621=EDGE_CURVE('',#516,#518,#65,.T.);
#622=EDGE_CURVE('',#520,#521,#439,.T.);
#623=EDGE_CURVE('',#521,#519,#440,.T.);
#624=EDGE_CURVE('',#518,#520,#441,.T.);
#625=EDGE_CURVE('',#522,#523,#442,.T.);
#626=EDGE_CURVE('',#523,#521,#66,.T.);
#627=EDGE_CURVE('',#520,#522,#67,.T.);
#628=EDGE_CURVE('',#524,#525,#443,.T.);
#629=EDGE_CURVE('',#525,#523,#444,.T.);
#630=EDGE_CURVE('',#522,#524,#445,.T.);
#631=EDGE_CURVE('',#526,#527,#446,.T.);
#632=EDGE_CURVE('',#527,#525,#68,.T.);
#633=EDGE_CURVE('',#524,#526,#69,.T.);
#634=EDGE_CURVE('',#528,#529,#447,.T.);
#635=EDGE_CURVE('',#529,#527,#448,.T.);
#636=EDGE_CURVE('',#526,#528,#449,.T.);
#637=EDGE_CURVE('',#514,#529,#70,.T.);
#638=EDGE_CURVE('',#528,#515,#71,.T.);
#639=EDGE_CURVE('',#530,#520,#72,.T.);
#640=EDGE_CURVE('',#531,#530,#73,.T.);
#641=EDGE_CURVE('',#531,#522,#74,.T.);
#642=EDGE_CURVE('',#532,#518,#75,.T.);
#643=EDGE_CURVE('',#530,#532,#450,.T.);
#644=EDGE_CURVE('',#533,#516,#76,.T.);
#645=EDGE_CURVE('',#534,#533,#77,.T.);
#646=EDGE_CURVE('',#535,#534,#78,.T.);
#647=EDGE_CURVE('',#536,#535,#79,.T.);
#648=EDGE_CURVE('',#537,#536,#80,.T.);
#649=EDGE_CURVE('',#532,#537,#81,.T.);
#650=EDGE_CURVE('',#538,#515,#82,.T.);
#651=EDGE_CURVE('',#533,#538,#451,.T.);
#652=EDGE_CURVE('',#539,#539,#452,.T.);
#653=EDGE_CURVE('',#540,#540,#453,.T.);
#654=EDGE_CURVE('',#541,#541,#454,.T.);
#655=EDGE_CURVE('',#542,#542,#455,.T.);
#656=EDGE_CURVE('',#543,#543,#456,.T.);
#657=EDGE_CURVE('',#539,#544,#457,.T.);
#658=EDGE_CURVE('',#544,#544,#458,.T.);
#659=EDGE_CURVE('',#544,#545,#83,.T.);
#660=EDGE_CURVE('',#545,#545,#459,.T.);
#661=EDGE_CURVE('',#543,#546,#460,.T.);
#662=EDGE_CURVE('',#546,#546,#461,.T.);
#663=EDGE_CURVE('',#546,#547,#84,.T.);
#664=EDGE_CURVE('',#547,#547,#462,.T.);
#665=EDGE_CURVE('',#540,#548,#463,.T.);
#666=EDGE_CURVE('',#548,#548,#464,.T.);
#667=EDGE_CURVE('',#548,#549,#85,.T.);
#668=EDGE_CURVE('',#549,#549,#465,.T.);
#669=EDGE_CURVE('',#542,#550,#466,.T.);
#670=EDGE_CURVE('',#550,#550,#467,.T.);
#671=EDGE_CURVE('',#550,#551,#86,.T.);
#672=EDGE_CURVE('',#551,#551,#468,.T.);
#673=EDGE_CURVE('',#541,#552,#469,.T.);
#674=EDGE_CURVE('',#552,#552,#470,.T.);
#675=EDGE_CURVE('',#552,#553,#87,.T.);
#676=EDGE_CURVE('',#553,#553,#471,.T.);
#677=EDGE_CURVE('',#554,#554,#472,.T.);
#678=EDGE_CURVE('',#554,#555,#473,.T.);
#679=EDGE_CURVE('',#555,#555,#474,.T.);
#680=EDGE_CURVE('',#556,#557,#475,.T.);
#681=EDGE_CURVE('',#558,#556,#88,.T.);
#682=EDGE_CURVE('',#559,#558,#89,.T.);
#683=EDGE_CURVE('',#560,#559,#90,.T.);
#684=EDGE_CURVE('',#561,#560,#91,.T.);
#685=EDGE_CURVE('',#562,#561,#92,.T.);
#686=EDGE_CURVE('',#563,#562,#93,.T.);
#687=EDGE_CURVE('',#564,#563,#476,.T.);
#688=EDGE_CURVE('',#565,#564,#94,.T.);
#689=EDGE_CURVE('',#566,#565,#477,.T.);
#690=EDGE_CURVE('',#557,#566,#95,.T.);
#691=EDGE_CURVE('',#567,#567,#478,.T.);
#692=EDGE_CURVE('',#568,#568,#479,.T.);
#693=EDGE_CURVE('',#568,#554,#96,.T.);
#694=EDGE_CURVE('',#569,#569,#480,.T.);
#695=EDGE_CURVE('',#569,#570,#481,.T.);
#696=EDGE_CURVE('',#570,#570,#482,.T.);
#697=EDGE_CURVE('',#571,#572,#97,.T.);
#698=EDGE_CURVE('',#573,#571,#98,.T.);
#699=EDGE_CURVE('',#574,#573,#99,.T.);
#700=EDGE_CURVE('',#575,#574,#100,.T.);
#701=EDGE_CURVE('',#576,#575,#101,.T.);
#702=EDGE_CURVE('',#577,#576,#102,.T.);
#703=EDGE_CURVE('',#578,#577,#483,.T.);
#704=EDGE_CURVE('',#579,#578,#103,.T.);
#705=EDGE_CURVE('',#580,#579,#484,.T.);
#706=EDGE_CURVE('',#581,#580,#104,.T.);
#707=EDGE_CURVE('',#572,#581,#485,.T.);
#708=EDGE_CURVE('',#582,#582,#486,.T.);
#709=EDGE_CURVE('',#583,#583,#487,.T.);
#710=EDGE_CURVE('',#583,#569,#105,.T.);
#711=EDGE_CURVE('',#584,#584,#488,.T.);
#712=EDGE_CURVE('',#584,#567,#489,.T.);
#713=EDGE_CURVE('',#585,#585,#490,.T.);
#714=EDGE_CURVE('',#585,#584,#106,.T.);
#715=EDGE_CURVE('',#586,#586,#491,.T.);
#716=EDGE_CURVE('',#586,#582,#492,.T.);
#717=EDGE_CURVE('',#587,#587,#493,.T.);
#718=EDGE_CURVE('',#587,#586,#107,.T.);
#719=EDGE_CURVE('',#578,#557,#27,.T.);
#720=EDGE_CURVE('',#588,#577,#494,.T.);
#721=EDGE_CURVE('',#588,#589,#495,.T.);
#722=EDGE_CURVE('',#589,#556,#496,.T.);
#723=EDGE_CURVE('',#575,#590,#17,.T.);
#724=EDGE_CURVE('',#590,#591,#108,.T.);
#725=EDGE_CURVE('',#591,#576,#18,.T.);
#726=EDGE_CURVE('',#574,#592,#19,.T.);
#727=EDGE_CURVE('',#592,#590,#109,.T.);
#728=EDGE_CURVE('',#573,#593,#20,.T.);
#729=EDGE_CURVE('',#593,#592,#110,.T.);
#730=EDGE_CURVE('',#571,#594,#497,.F.);
#731=EDGE_CURVE('',#537,#571,#498,.F.);
#732=EDGE_CURVE('',#594,#537,#499,.F.);
#733=EDGE_CURVE('',#595,#594,#111,.T.);
#734=EDGE_CURVE('',#536,#595,#21,.T.);
#735=EDGE_CURVE('',#596,#562,#500,.F.);
#736=EDGE_CURVE('',#534,#596,#501,.F.);
#737=EDGE_CURVE('',#562,#534,#502,.F.);
#738=EDGE_CURVE('',#596,#597,#112,.T.);
#739=EDGE_CURVE('',#597,#535,#22,.T.);
#740=EDGE_CURVE('',#572,#532,#503,.T.);
#741=EDGE_CURVE('',#581,#530,#504,.T.);
#742=EDGE_CURVE('',#580,#531,#505,.T.);
#743=EDGE_CURVE('',#579,#598,#506,.T.);
#744=EDGE_CURVE('',#598,#531,#507,.T.);
#745=EDGE_CURVE('',#566,#599,#508,.T.);
#746=EDGE_CURVE('',#599,#598,#113,.T.);
#747=EDGE_CURVE('',#565,#600,#509,.T.);
#748=EDGE_CURVE('',#600,#599,#510,.T.);
#749=EDGE_CURVE('',#564,#538,#511,.T.);
#750=EDGE_CURVE('',#538,#600,#114,.T.);
#751=EDGE_CURVE('',#563,#533,#512,.T.);
#752=EDGE_CURVE('',#601,#596,#115,.T.);
#753=EDGE_CURVE('',#561,#601,#23,.T.);
#754=EDGE_CURVE('',#597,#595,#116,.T.);
#755=EDGE_CURVE('',#602,#601,#117,.T.);
#756=EDGE_CURVE('',#560,#602,#24,.T.);
#757=EDGE_CURVE('',#594,#593,#118,.T.);
#758=EDGE_CURVE('',#603,#602,#119,.T.);
#759=EDGE_CURVE('',#559,#603,#25,.T.);
#760=EDGE_CURVE('',#604,#603,#120,.T.);
#761=EDGE_CURVE('',#558,#604,#26,.T.);
#762=EDGE_CURVE('',#591,#588,#121,.T.);
#763=EDGE_CURVE('',#589,#604,#122,.T.);
#764=EDGE_CURVE('',#590,#605,#123,.T.);
#765=EDGE_CURVE('',#605,#606,#124,.T.);
#766=EDGE_CURVE('',#591,#606,#125,.T.);
#767=EDGE_CURVE('',#592,#607,#126,.T.);
#768=EDGE_CURVE('',#607,#605,#127,.T.);
#769=EDGE_CURVE('',#593,#608,#128,.T.);
#770=EDGE_CURVE('',#608,#607,#129,.T.);
#771=EDGE_CURVE('',#595,#608,#130,.T.);
#772=EDGE_CURVE('',#609,#597,#131,.T.);
#773=EDGE_CURVE('',#610,#609,#132,.T.);
#774=EDGE_CURVE('',#611,#610,#133,.T.);
#775=EDGE_CURVE('',#612,#611,#134,.T.);
#776=EDGE_CURVE('',#613,#612,#135,.T.);
#777=EDGE_CURVE('',#614,#613,#513,.T.);
#778=EDGE_CURVE('',#606,#614,#136,.T.);
#779=EDGE_CURVE('',#598,#524,#137,.T.);
#780=EDGE_CURVE('',#599,#526,#138,.T.);
#781=EDGE_CURVE('',#600,#528,#139,.T.);
#782=EDGE_CURVE('',#601,#609,#140,.T.);
#783=EDGE_CURVE('',#602,#610,#141,.T.);
#784=EDGE_CURVE('',#603,#611,#142,.T.);
#785=EDGE_CURVE('',#604,#612,#143,.T.);
#786=EDGE_CURVE('',#589,#613,#144,.T.);
#787=EDGE_CURVE('',#588,#614,#145,.T.);
#788=ORIENTED_EDGE('',*,*,#615,.T.);
#789=ORIENTED_EDGE('',*,*,#616,.T.);
#790=ORIENTED_EDGE('',*,*,#617,.T.);
#791=ORIENTED_EDGE('',*,*,#618,.T.);
#792=ORIENTED_EDGE('',*,*,#619,.T.);
#793=ORIENTED_EDGE('',*,*,#620,.T.);
#794=ORIENTED_EDGE('',*,*,#617,.F.);
#795=ORIENTED_EDGE('',*,*,#621,.T.);
#796=ORIENTED_EDGE('',*,*,#622,.T.);
#797=ORIENTED_EDGE('',*,*,#623,.T.);
#798=ORIENTED_EDGE('',*,*,#619,.F.);
#799=ORIENTED_EDGE('',*,*,#624,.T.);
#800=ORIENTED_EDGE('',*,*,#625,.T.);
#801=ORIENTED_EDGE('',*,*,#626,.T.);
#802=ORIENTED_EDGE('',*,*,#622,.F.);
#803=ORIENTED_EDGE('',*,*,#627,.T.);
#804=ORIENTED_EDGE('',*,*,#628,.T.);
#805=ORIENTED_EDGE('',*,*,#629,.T.);
#806=ORIENTED_EDGE('',*,*,#625,.F.);
#807=ORIENTED_EDGE('',*,*,#630,.T.);
#808=ORIENTED_EDGE('',*,*,#631,.T.);
#809=ORIENTED_EDGE('',*,*,#632,.T.);
#810=ORIENTED_EDGE('',*,*,#628,.F.);
#811=ORIENTED_EDGE('',*,*,#633,.T.);
#812=ORIENTED_EDGE('',*,*,#634,.T.);
#813=ORIENTED_EDGE('',*,*,#635,.T.);
#814=ORIENTED_EDGE('',*,*,#631,.F.);
#815=ORIENTED_EDGE('',*,*,#636,.T.);
#816=ORIENTED_EDGE('',*,*,#615,.F.);
#817=ORIENTED_EDGE('',*,*,#637,.T.);
#818=ORIENTED_EDGE('',*,*,#634,.F.);
#819=ORIENTED_EDGE('',*,*,#638,.T.);
#820=ORIENTED_EDGE('',*,*,#627,.F.);
#821=ORIENTED_EDGE('',*,*,#639,.F.);
#822=ORIENTED_EDGE('',*,*,#640,.F.);
#823=ORIENTED_EDGE('',*,*,#641,.T.);
#824=ORIENTED_EDGE('',*,*,#624,.F.);
#825=ORIENTED_EDGE('',*,*,#642,.F.);
#826=ORIENTED_EDGE('',*,*,#643,.F.);
#827=ORIENTED_EDGE('',*,*,#639,.T.);
#828=ORIENTED_EDGE('',*,*,#621,.F.);
#829=ORIENTED_EDGE('',*,*,#644,.F.);
#830=ORIENTED_EDGE('',*,*,#645,.F.);
#831=ORIENTED_EDGE('',*,*,#646,.F.);
#832=ORIENTED_EDGE('',*,*,#647,.F.);
#833=ORIENTED_EDGE('',*,*,#648,.F.);
#834=ORIENTED_EDGE('',*,*,#649,.F.);
#835=ORIENTED_EDGE('',*,*,#642,.T.);
#836=ORIENTED_EDGE('',*,*,#616,.F.);
#837=ORIENTED_EDGE('',*,*,#650,.F.);
#838=ORIENTED_EDGE('',*,*,#651,.F.);
#839=ORIENTED_EDGE('',*,*,#644,.T.);
#840=ORIENTED_EDGE('',*,*,#618,.F.);
#841=ORIENTED_EDGE('',*,*,#620,.F.);
#842=ORIENTED_EDGE('',*,*,#623,.F.);
#843=ORIENTED_EDGE('',*,*,#626,.F.);
#844=ORIENTED_EDGE('',*,*,#629,.F.);
#845=ORIENTED_EDGE('',*,*,#632,.F.);
#846=ORIENTED_EDGE('',*,*,#635,.F.);
#847=ORIENTED_EDGE('',*,*,#637,.F.);
#848=ORIENTED_EDGE('',*,*,#652,.F.);
#849=ORIENTED_EDGE('',*,*,#653,.F.);
#850=ORIENTED_EDGE('',*,*,#654,.F.);
#851=ORIENTED_EDGE('',*,*,#655,.F.);
#852=ORIENTED_EDGE('',*,*,#656,.F.);
#853=ORIENTED_EDGE('',*,*,#652,.T.);
#854=ORIENTED_EDGE('',*,*,#657,.T.);
#855=ORIENTED_EDGE('',*,*,#658,.T.);
#856=ORIENTED_EDGE('',*,*,#657,.F.);
#857=ORIENTED_EDGE('',*,*,#658,.F.);
#858=ORIENTED_EDGE('',*,*,#659,.T.);
#859=ORIENTED_EDGE('',*,*,#660,.T.);
#860=ORIENTED_EDGE('',*,*,#659,.F.);
#861=ORIENTED_EDGE('',*,*,#656,.T.);
#862=ORIENTED_EDGE('',*,*,#661,.T.);
#863=ORIENTED_EDGE('',*,*,#662,.T.);
#864=ORIENTED_EDGE('',*,*,#661,.F.);
#865=ORIENTED_EDGE('',*,*,#662,.F.);
#866=ORIENTED_EDGE('',*,*,#663,.T.);
#867=ORIENTED_EDGE('',*,*,#664,.T.);
#868=ORIENTED_EDGE('',*,*,#663,.F.);
#869=ORIENTED_EDGE('',*,*,#653,.T.);
#870=ORIENTED_EDGE('',*,*,#665,.T.);
#871=ORIENTED_EDGE('',*,*,#666,.T.);
#872=ORIENTED_EDGE('',*,*,#665,.F.);
#873=ORIENTED_EDGE('',*,*,#666,.F.);
#874=ORIENTED_EDGE('',*,*,#667,.T.);
#875=ORIENTED_EDGE('',*,*,#668,.T.);
#876=ORIENTED_EDGE('',*,*,#667,.F.);
#877=ORIENTED_EDGE('',*,*,#655,.T.);
#878=ORIENTED_EDGE('',*,*,#669,.T.);
#879=ORIENTED_EDGE('',*,*,#670,.T.);
#880=ORIENTED_EDGE('',*,*,#669,.F.);
#881=ORIENTED_EDGE('',*,*,#670,.F.);
#882=ORIENTED_EDGE('',*,*,#671,.T.);
#883=ORIENTED_EDGE('',*,*,#672,.T.);
#884=ORIENTED_EDGE('',*,*,#671,.F.);
#885=ORIENTED_EDGE('',*,*,#654,.T.);
#886=ORIENTED_EDGE('',*,*,#673,.T.);
#887=ORIENTED_EDGE('',*,*,#674,.T.);
#888=ORIENTED_EDGE('',*,*,#673,.F.);
#889=ORIENTED_EDGE('',*,*,#674,.F.);
#890=ORIENTED_EDGE('',*,*,#675,.T.);
#891=ORIENTED_EDGE('',*,*,#676,.T.);
#892=ORIENTED_EDGE('',*,*,#675,.F.);
#893=ORIENTED_EDGE('',*,*,#677,.T.);
#894=ORIENTED_EDGE('',*,*,#678,.T.);
#895=ORIENTED_EDGE('',*,*,#679,.T.);
#896=ORIENTED_EDGE('',*,*,#678,.F.);
#897=ORIENTED_EDGE('',*,*,#680,.F.);
#898=ORIENTED_EDGE('',*,*,#681,.F.);
#899=ORIENTED_EDGE('',*,*,#682,.F.);
#900=ORIENTED_EDGE('',*,*,#683,.F.);
#901=ORIENTED_EDGE('',*,*,#684,.F.);
#902=ORIENTED_EDGE('',*,*,#685,.F.);
#903=ORIENTED_EDGE('',*,*,#686,.F.);
#904=ORIENTED_EDGE('',*,*,#687,.F.);
#905=ORIENTED_EDGE('',*,*,#688,.F.);
#906=ORIENTED_EDGE('',*,*,#689,.F.);
#907=ORIENTED_EDGE('',*,*,#690,.F.);
#908=ORIENTED_EDGE('',*,*,#691,.F.);
#909=ORIENTED_EDGE('',*,*,#679,.F.);
#910=ORIENTED_EDGE('',*,*,#692,.T.);
#911=ORIENTED_EDGE('',*,*,#693,.T.);
#912=ORIENTED_EDGE('',*,*,#677,.F.);
#913=ORIENTED_EDGE('',*,*,#693,.F.);
#914=ORIENTED_EDGE('',*,*,#694,.T.);
#915=ORIENTED_EDGE('',*,*,#695,.T.);
#916=ORIENTED_EDGE('',*,*,#696,.T.);
#917=ORIENTED_EDGE('',*,*,#695,.F.);
#918=ORIENTED_EDGE('',*,*,#697,.F.);
#919=ORIENTED_EDGE('',*,*,#698,.F.);
#920=ORIENTED_EDGE('',*,*,#699,.F.);
#921=ORIENTED_EDGE('',*,*,#700,.F.);
#922=ORIENTED_EDGE('',*,*,#701,.F.);
#923=ORIENTED_EDGE('',*,*,#702,.F.);
#924=ORIENTED_EDGE('',*,*,#703,.F.);
#925=ORIENTED_EDGE('',*,*,#704,.F.);
#926=ORIENTED_EDGE('',*,*,#705,.F.);
#927=ORIENTED_EDGE('',*,*,#706,.F.);
#928=ORIENTED_EDGE('',*,*,#707,.F.);
#929=ORIENTED_EDGE('',*,*,#708,.F.);
#930=ORIENTED_EDGE('',*,*,#696,.F.);
#931=ORIENTED_EDGE('',*,*,#709,.T.);
#932=ORIENTED_EDGE('',*,*,#710,.T.);
#933=ORIENTED_EDGE('',*,*,#694,.F.);
#934=ORIENTED_EDGE('',*,*,#710,.F.);
#935=ORIENTED_EDGE('',*,*,#711,.T.);
#936=ORIENTED_EDGE('',*,*,#712,.T.);
#937=ORIENTED_EDGE('',*,*,#691,.T.);
#938=ORIENTED_EDGE('',*,*,#712,.F.);
#939=ORIENTED_EDGE('',*,*,#713,.T.);
#940=ORIENTED_EDGE('',*,*,#714,.T.);
#941=ORIENTED_EDGE('',*,*,#711,.F.);
#942=ORIENTED_EDGE('',*,*,#714,.F.);
#943=ORIENTED_EDGE('',*,*,#715,.T.);
#944=ORIENTED_EDGE('',*,*,#716,.T.);
#945=ORIENTED_EDGE('',*,*,#708,.T.);
#946=ORIENTED_EDGE('',*,*,#716,.F.);
#947=ORIENTED_EDGE('',*,*,#717,.T.);
#948=ORIENTED_EDGE('',*,*,#718,.T.);
#949=ORIENTED_EDGE('',*,*,#715,.F.);
#950=ORIENTED_EDGE('',*,*,#718,.F.);
#951=ORIENTED_EDGE('',*,*,#719,.F.);
#952=ORIENTED_EDGE('',*,*,#703,.T.);
#953=ORIENTED_EDGE('',*,*,#720,.F.);
#954=ORIENTED_EDGE('',*,*,#721,.T.);
#955=ORIENTED_EDGE('',*,*,#722,.T.);
#956=ORIENTED_EDGE('',*,*,#680,.T.);
#957=ORIENTED_EDGE('',*,*,#701,.T.);
#958=ORIENTED_EDGE('',*,*,#723,.T.);
#959=ORIENTED_EDGE('',*,*,#724,.T.);
#960=ORIENTED_EDGE('',*,*,#725,.T.);
#961=ORIENTED_EDGE('',*,*,#700,.T.);
#962=ORIENTED_EDGE('',*,*,#726,.T.);
#963=ORIENTED_EDGE('',*,*,#727,.T.);
#964=ORIENTED_EDGE('',*,*,#723,.F.);
#965=ORIENTED_EDGE('',*,*,#699,.T.);
#966=ORIENTED_EDGE('',*,*,#728,.T.);
#967=ORIENTED_EDGE('',*,*,#729,.T.);
#968=ORIENTED_EDGE('',*,*,#726,.F.);
#969=ORIENTED_EDGE('',*,*,#730,.F.);
#970=ORIENTED_EDGE('',*,*,#731,.F.);
#971=ORIENTED_EDGE('',*,*,#732,.F.);
#972=ORIENTED_EDGE('',*,*,#733,.T.);
#973=ORIENTED_EDGE('',*,*,#732,.T.);
#974=ORIENTED_EDGE('',*,*,#648,.T.);
#975=ORIENTED_EDGE('',*,*,#734,.T.);
#976=ORIENTED_EDGE('',*,*,#735,.F.);
#977=ORIENTED_EDGE('',*,*,#736,.F.);
#978=ORIENTED_EDGE('',*,*,#737,.F.);
#979=ORIENTED_EDGE('',*,*,#646,.T.);
#980=ORIENTED_EDGE('',*,*,#736,.T.);
#981=ORIENTED_EDGE('',*,*,#738,.T.);
#982=ORIENTED_EDGE('',*,*,#739,.T.);
#983=ORIENTED_EDGE('',*,*,#740,.T.);
#984=ORIENTED_EDGE('',*,*,#649,.T.);
#985=ORIENTED_EDGE('',*,*,#731,.T.);
#986=ORIENTED_EDGE('',*,*,#697,.T.);
#987=ORIENTED_EDGE('',*,*,#741,.T.);
#988=ORIENTED_EDGE('',*,*,#643,.T.);
#989=ORIENTED_EDGE('',*,*,#740,.F.);
#990=ORIENTED_EDGE('',*,*,#707,.T.);
#991=ORIENTED_EDGE('',*,*,#742,.T.);
#992=ORIENTED_EDGE('',*,*,#640,.T.);
#993=ORIENTED_EDGE('',*,*,#741,.F.);
#994=ORIENTED_EDGE('',*,*,#706,.T.);
#995=ORIENTED_EDGE('',*,*,#743,.T.);
#996=ORIENTED_EDGE('',*,*,#744,.T.);
#997=ORIENTED_EDGE('',*,*,#742,.F.);
#998=ORIENTED_EDGE('',*,*,#705,.T.);
#999=ORIENTED_EDGE('',*,*,#719,.T.);
#1000=ORIENTED_EDGE('',*,*,#690,.T.);
#1001=ORIENTED_EDGE('',*,*,#745,.T.);
#1002=ORIENTED_EDGE('',*,*,#746,.T.);
#1003=ORIENTED_EDGE('',*,*,#743,.F.);
#1004=ORIENTED_EDGE('',*,*,#704,.T.);
#1005=ORIENTED_EDGE('',*,*,#747,.T.);
#1006=ORIENTED_EDGE('',*,*,#748,.T.);
#1007=ORIENTED_EDGE('',*,*,#745,.F.);
#1008=ORIENTED_EDGE('',*,*,#689,.T.);
#1009=ORIENTED_EDGE('',*,*,#749,.T.);
#1010=ORIENTED_EDGE('',*,*,#750,.T.);
#1011=ORIENTED_EDGE('',*,*,#747,.F.);
#1012=ORIENTED_EDGE('',*,*,#688,.T.);
#1013=ORIENTED_EDGE('',*,*,#751,.T.);
#1014=ORIENTED_EDGE('',*,*,#651,.T.);
#1015=ORIENTED_EDGE('',*,*,#749,.F.);
#1016=ORIENTED_EDGE('',*,*,#687,.T.);
#1017=ORIENTED_EDGE('',*,*,#737,.T.);
#1018=ORIENTED_EDGE('',*,*,#645,.T.);
#1019=ORIENTED_EDGE('',*,*,#751,.F.);
#1020=ORIENTED_EDGE('',*,*,#686,.T.);
#1021=ORIENTED_EDGE('',*,*,#752,.T.);
#1022=ORIENTED_EDGE('',*,*,#735,.T.);
#1023=ORIENTED_EDGE('',*,*,#685,.T.);
#1024=ORIENTED_EDGE('',*,*,#753,.T.);
#1025=ORIENTED_EDGE('',*,*,#647,.T.);
#1026=ORIENTED_EDGE('',*,*,#739,.F.);
#1027=ORIENTED_EDGE('',*,*,#754,.T.);
#1028=ORIENTED_EDGE('',*,*,#734,.F.);
#1029=ORIENTED_EDGE('',*,*,#755,.T.);
#1030=ORIENTED_EDGE('',*,*,#753,.F.);
#1031=ORIENTED_EDGE('',*,*,#684,.T.);
#1032=ORIENTED_EDGE('',*,*,#756,.T.);
#1033=ORIENTED_EDGE('',*,*,#698,.T.);
#1034=ORIENTED_EDGE('',*,*,#730,.T.);
#1035=ORIENTED_EDGE('',*,*,#757,.T.);
#1036=ORIENTED_EDGE('',*,*,#728,.F.);
#1037=ORIENTED_EDGE('',*,*,#758,.T.);
#1038=ORIENTED_EDGE('',*,*,#756,.F.);
#1039=ORIENTED_EDGE('',*,*,#683,.T.);
#1040=ORIENTED_EDGE('',*,*,#759,.T.);
#1041=ORIENTED_EDGE('',*,*,#760,.T.);
#1042=ORIENTED_EDGE('',*,*,#759,.F.);
#1043=ORIENTED_EDGE('',*,*,#682,.T.);
#1044=ORIENTED_EDGE('',*,*,#761,.T.);
#1045=ORIENTED_EDGE('',*,*,#762,.T.);
#1046=ORIENTED_EDGE('',*,*,#720,.T.);
#1047=ORIENTED_EDGE('',*,*,#702,.T.);
#1048=ORIENTED_EDGE('',*,*,#725,.F.);
#1049=ORIENTED_EDGE('',*,*,#681,.T.);
#1050=ORIENTED_EDGE('',*,*,#722,.F.);
#1051=ORIENTED_EDGE('',*,*,#763,.T.);
#1052=ORIENTED_EDGE('',*,*,#761,.F.);
#1053=ORIENTED_EDGE('',*,*,#724,.F.);
#1054=ORIENTED_EDGE('',*,*,#764,.T.);
#1055=ORIENTED_EDGE('',*,*,#765,.T.);
#1056=ORIENTED_EDGE('',*,*,#766,.F.);
#1057=ORIENTED_EDGE('',*,*,#727,.F.);
#1058=ORIENTED_EDGE('',*,*,#767,.T.);
#1059=ORIENTED_EDGE('',*,*,#768,.T.);
#1060=ORIENTED_EDGE('',*,*,#764,.F.);
#1061=ORIENTED_EDGE('',*,*,#729,.F.);
#1062=ORIENTED_EDGE('',*,*,#769,.T.);
#1063=ORIENTED_EDGE('',*,*,#770,.T.);
#1064=ORIENTED_EDGE('',*,*,#767,.F.);
#1065=ORIENTED_EDGE('',*,*,#757,.F.);
#1066=ORIENTED_EDGE('',*,*,#733,.F.);
#1067=ORIENTED_EDGE('',*,*,#771,.T.);
#1068=ORIENTED_EDGE('',*,*,#769,.F.);
#1069=ORIENTED_EDGE('',*,*,#754,.F.);
#1070=ORIENTED_EDGE('',*,*,#772,.F.);
#1071=ORIENTED_EDGE('',*,*,#773,.F.);
#1072=ORIENTED_EDGE('',*,*,#774,.F.);
#1073=ORIENTED_EDGE('',*,*,#775,.F.);
#1074=ORIENTED_EDGE('',*,*,#776,.F.);
#1075=ORIENTED_EDGE('',*,*,#777,.F.);
#1076=ORIENTED_EDGE('',*,*,#778,.F.);
#1077=ORIENTED_EDGE('',*,*,#765,.F.);
#1078=ORIENTED_EDGE('',*,*,#768,.F.);
#1079=ORIENTED_EDGE('',*,*,#770,.F.);
#1080=ORIENTED_EDGE('',*,*,#771,.F.);
#1081=ORIENTED_EDGE('',*,*,#660,.F.);
#1082=ORIENTED_EDGE('',*,*,#633,.F.);
#1083=ORIENTED_EDGE('',*,*,#779,.F.);
#1084=ORIENTED_EDGE('',*,*,#746,.F.);
#1085=ORIENTED_EDGE('',*,*,#780,.T.);
#1086=ORIENTED_EDGE('',*,*,#636,.F.);
#1087=ORIENTED_EDGE('',*,*,#780,.F.);
#1088=ORIENTED_EDGE('',*,*,#748,.F.);
#1089=ORIENTED_EDGE('',*,*,#781,.T.);
#1090=ORIENTED_EDGE('',*,*,#638,.F.);
#1091=ORIENTED_EDGE('',*,*,#781,.F.);
#1092=ORIENTED_EDGE('',*,*,#750,.F.);
#1093=ORIENTED_EDGE('',*,*,#650,.T.);
#1094=ORIENTED_EDGE('',*,*,#676,.F.);
#1095=ORIENTED_EDGE('',*,*,#709,.F.);
#1096=ORIENTED_EDGE('',*,*,#672,.F.);
#1097=ORIENTED_EDGE('',*,*,#692,.F.);
#1098=ORIENTED_EDGE('',*,*,#668,.F.);
#1099=ORIENTED_EDGE('',*,*,#717,.F.);
#1100=ORIENTED_EDGE('',*,*,#664,.F.);
#1101=ORIENTED_EDGE('',*,*,#713,.F.);
#1102=ORIENTED_EDGE('',*,*,#752,.F.);
#1103=ORIENTED_EDGE('',*,*,#782,.T.);
#1104=ORIENTED_EDGE('',*,*,#772,.T.);
#1105=ORIENTED_EDGE('',*,*,#738,.F.);
#1106=ORIENTED_EDGE('',*,*,#755,.F.);
#1107=ORIENTED_EDGE('',*,*,#783,.T.);
#1108=ORIENTED_EDGE('',*,*,#773,.T.);
#1109=ORIENTED_EDGE('',*,*,#782,.F.);
#1110=ORIENTED_EDGE('',*,*,#758,.F.);
#1111=ORIENTED_EDGE('',*,*,#784,.T.);
#1112=ORIENTED_EDGE('',*,*,#774,.T.);
#1113=ORIENTED_EDGE('',*,*,#783,.F.);
#1114=ORIENTED_EDGE('',*,*,#760,.F.);
#1115=ORIENTED_EDGE('',*,*,#785,.T.);
#1116=ORIENTED_EDGE('',*,*,#775,.T.);
#1117=ORIENTED_EDGE('',*,*,#784,.F.);
#1118=ORIENTED_EDGE('',*,*,#763,.F.);
#1119=ORIENTED_EDGE('',*,*,#786,.T.);
#1120=ORIENTED_EDGE('',*,*,#776,.T.);
#1121=ORIENTED_EDGE('',*,*,#785,.F.);
#1122=ORIENTED_EDGE('',*,*,#721,.F.);
#1123=ORIENTED_EDGE('',*,*,#787,.T.);
#1124=ORIENTED_EDGE('',*,*,#777,.T.);
#1125=ORIENTED_EDGE('',*,*,#786,.F.);
#1126=ORIENTED_EDGE('',*,*,#762,.F.);
#1127=ORIENTED_EDGE('',*,*,#766,.T.);
#1128=ORIENTED_EDGE('',*,*,#778,.T.);
#1129=ORIENTED_EDGE('',*,*,#787,.F.);
#1130=ORIENTED_EDGE('',*,*,#630,.F.);
#1131=ORIENTED_EDGE('',*,*,#641,.F.);
#1132=ORIENTED_EDGE('',*,*,#744,.F.);
#1133=ORIENTED_EDGE('',*,*,#779,.T.);
#1134=TOROIDAL_SURFACE('',#1244,3.50000000000001,0.5);
#1135=TOROIDAL_SURFACE('',#1251,3.49999999999999,0.5);
#1136=TOROIDAL_SURFACE('',#1257,3.49999999999999,0.5);
#1137=TOROIDAL_SURFACE('',#1263,3.5,0.5);
#1138=TOROIDAL_SURFACE('',#1280,6.5,0.5);
#1139=TOROIDAL_SURFACE('',#1285,3.5,0.5);
#1140=TOROIDAL_SURFACE('',#1290,3.5,0.5);
#1141=TOROIDAL_SURFACE('',#1295,3.5,0.5);
#1142=TOROIDAL_SURFACE('',#1300,3.5,0.5);
#1143=TOROIDAL_SURFACE('',#1305,2.2,0.5);
#1144=TOROIDAL_SURFACE('',#1316,2.2,0.5);
#1145=TOROIDAL_SURFACE('',#1327,2.2,0.5);
#1146=TOROIDAL_SURFACE('',#1332,2.2,0.5);
#1147=TOROIDAL_SURFACE('',#1337,7.70000000000001,0.5);
#1148=TOROIDAL_SURFACE('',#1362,3.49999999999999,0.5);
#1149=TOROIDAL_SURFACE('',#1366,3.49999999999999,0.5);
#1150=TOROIDAL_SURFACE('',#1371,3.5,0.5);
#1151=TOROIDAL_SURFACE('',#1376,3.50000000000001,0.5);
#1152=ADVANCED_FACE('',(#264),#1134,.T.);
#1153=ADVANCED_FACE('',(#265),#228,.T.);
#1154=ADVANCED_FACE('',(#266),#1135,.T.);
#1155=ADVANCED_FACE('',(#267),#229,.T.);
#1156=ADVANCED_FACE('',(#268),#1136,.T.);
#1157=ADVANCED_FACE('',(#269),#230,.T.);
#1158=ADVANCED_FACE('',(#270),#1137,.T.);
#1159=ADVANCED_FACE('',(#271),#231,.T.);
#1160=ADVANCED_FACE('',(#272),#42,.T.);
#1161=ADVANCED_FACE('',(#273),#232,.T.);
#1162=ADVANCED_FACE('',(#274),#43,.T.);
#1163=ADVANCED_FACE('',(#275),#233,.T.);
#1164=ADVANCED_FACE('',(#276,#28,#29,#30,#31,#32),#44,.T.);
#1165=ADVANCED_FACE('',(#277),#1138,.T.);
#1166=ADVANCED_FACE('',(#278),#234,.F.);
#1167=ADVANCED_FACE('',(#279),#1139,.T.);
#1168=ADVANCED_FACE('',(#280),#235,.F.);
#1169=ADVANCED_FACE('',(#281),#1140,.T.);
#1170=ADVANCED_FACE('',(#282),#236,.F.);
#1171=ADVANCED_FACE('',(#283),#1141,.T.);
#1172=ADVANCED_FACE('',(#284),#237,.F.);
#1173=ADVANCED_FACE('',(#285),#1142,.T.);
#1174=ADVANCED_FACE('',(#286),#238,.F.);
#1175=ADVANCED_FACE('',(#287),#1143,.T.);
#1176=ADVANCED_FACE('',(#288,#33,#34),#45,.F.);
#1177=ADVANCED_FACE('',(#289),#239,.F.);
#1178=ADVANCED_FACE('',(#290),#1144,.T.);
#1179=ADVANCED_FACE('',(#291,#35,#36),#46,.F.);
#1180=ADVANCED_FACE('',(#292),#240,.F.);
#1181=ADVANCED_FACE('',(#293),#1145,.T.);
#1182=ADVANCED_FACE('',(#294),#241,.F.);
#1183=ADVANCED_FACE('',(#295),#1146,.T.);
#1184=ADVANCED_FACE('',(#296),#242,.F.);
#1185=ADVANCED_FACE('',(#297),#1147,.T.);
#1186=ADVANCED_FACE('',(#298),#243,.T.);
#1187=ADVANCED_FACE('',(#299),#244,.T.);
#1188=ADVANCED_FACE('',(#300),#245,.T.);
#1189=ADVANCED_FACE('',(#301),#15,.T.);
#1190=ADVANCED_FACE('',(#302),#246,.T.);
#1191=ADVANCED_FACE('',(#303),#16,.T.);
#1192=ADVANCED_FACE('',(#304),#247,.T.);
#1193=ADVANCED_FACE('',(#305),#248,.T.);
#1194=ADVANCED_FACE('',(#306),#1148,.T.);
#1195=ADVANCED_FACE('',(#307),#249,.T.);
#1196=ADVANCED_FACE('',(#308),#1149,.T.);
#1197=ADVANCED_FACE('',(#309),#250,.T.);
#1198=ADVANCED_FACE('',(#310),#1150,.T.);
#1199=ADVANCED_FACE('',(#311),#251,.T.);
#1200=ADVANCED_FACE('',(#312),#1151,.T.);
#1201=ADVANCED_FACE('',(#313),#252,.T.);
#1202=ADVANCED_FACE('',(#314),#253,.T.);
#1203=ADVANCED_FACE('',(#315),#254,.T.);
#1204=ADVANCED_FACE('',(#316),#255,.T.);
#1205=ADVANCED_FACE('',(#317),#256,.T.);
#1206=ADVANCED_FACE('',(#318),#257,.T.);
#1207=ADVANCED_FACE('',(#319),#258,.T.);
#1208=ADVANCED_FACE('',(#320),#259,.T.);
#1209=ADVANCED_FACE('',(#321),#260,.T.);
#1210=ADVANCED_FACE('',(#322),#47,.F.);
#1211=ADVANCED_FACE('',(#323),#48,.F.);
#1212=ADVANCED_FACE('',(#324),#49,.F.);
#1213=ADVANCED_FACE('',(#325),#50,.F.);
#1214=ADVANCED_FACE('',(#326,#37),#51,.F.);
#1215=ADVANCED_FACE('',(#327),#52,.T.);
#1216=ADVANCED_FACE('',(#328),#261,.T.);
#1217=ADVANCED_FACE('',(#329),#53,.T.);
#1218=ADVANCED_FACE('',(#330,#38),#54,.T.);
#1219=ADVANCED_FACE('',(#331,#39),#55,.T.);
#1220=ADVANCED_FACE('',(#332,#40),#56,.T.);
#1221=ADVANCED_FACE('',(#333,#41),#57,.T.);
#1222=ADVANCED_FACE('',(#334),#58,.F.);
#1223=ADVANCED_FACE('',(#335),#59,.F.);
#1224=ADVANCED_FACE('',(#336),#60,.F.);
#1225=ADVANCED_FACE('',(#337),#61,.F.);
#1226=ADVANCED_FACE('',(#338),#62,.F.);
#1227=ADVANCED_FACE('',(#339),#262,.F.);
#1228=ADVANCED_FACE('',(#340),#63,.F.);
#1229=ADVANCED_FACE('',(#341),#263,.T.);
#1230=CLOSED_SHELL('',(#1152,#1153,#1154,#1155,#1156,#1157,#1158,#1159,
#1160,#1161,#1162,#1163,#1164,#1165,#1166,#1167,#1168,#1169,#1170,#1171,
#1172,#1173,#1174,#1175,#1176,#1177,#1178,#1179,#1180,#1181,#1182,#1183,
#1184,#1185,#1186,#1187,#1188,#1189,#1190,#1191,#1192,#1193,#1194,#1195,
#1196,#1197,#1198,#1199,#1200,#1201,#1202,#1203,#1204,#1205,#1206,#1207,
#1208,#1209,#1210,#1211,#1212,#1213,#1214,#1215,#1216,#1217,#1218,#1219,
#1220,#1221,#1222,#1223,#1224,#1225,#1226,#1227,#1228,#1229));
#1231=DERIVED_UNIT_ELEMENT(#1233,1.);
#1232=DERIVED_UNIT_ELEMENT(#2215,-3.);
#1233=(
MASS_UNIT()
NAMED_UNIT(*)
SI_UNIT(.KILO.,.GRAM.)
);
#1234=DERIVED_UNIT((#1231,#1232));
#1235=MEASURE_REPRESENTATION_ITEM('density measure',
POSITIVE_RATIO_MEASURE(7850.),#1234);
#1236=PROPERTY_DEFINITION_REPRESENTATION(#1241,#1238);
#1237=PROPERTY_DEFINITION_REPRESENTATION(#1242,#1239);
#1238=REPRESENTATION('material name',(#1240),#2212);
#1239=REPRESENTATION('density',(#1235),#2212);
#1240=DESCRIPTIVE_REPRESENTATION_ITEM('Steel','Steel');
#1241=PROPERTY_DEFINITION('material property','material name',#2222);
#1242=PROPERTY_DEFINITION('material property','density of part',#2222);
#1243=AXIS2_PLACEMENT_3D('',#1832,#1412,#1413);
#1244=AXIS2_PLACEMENT_3D('',#1833,#1414,#1415);
#1245=AXIS2_PLACEMENT_3D('',#1836,#1416,#1417);
#1246=AXIS2_PLACEMENT_3D('',#1838,#1418,#1419);
#1247=AXIS2_PLACEMENT_3D('',#1840,#1420,#1421);
#1248=AXIS2_PLACEMENT_3D('',#1841,#1422,#1423);
#1249=AXIS2_PLACEMENT_3D('',#1842,#1424,#1425);
#1250=AXIS2_PLACEMENT_3D('',#1845,#1426,#1427);
#1251=AXIS2_PLACEMENT_3D('',#1848,#1430,#1431);
#1252=AXIS2_PLACEMENT_3D('',#1851,#1432,#1433);
#1253=AXIS2_PLACEMENT_3D('',#1852,#1434,#1435);
#1254=AXIS2_PLACEMENT_3D('',#1853,#1436,#1437);
#1255=AXIS2_PLACEMENT_3D('',#1854,#1438,#1439);
#1256=AXIS2_PLACEMENT_3D('',#1857,#1440,#1441);
#1257=AXIS2_PLACEMENT_3D('',#1860,#1444,#1445);
#1258=AXIS2_PLACEMENT_3D('',#1863,#1446,#1447);
#1259=AXIS2_PLACEMENT_3D('',#1864,#1448,#1449);
#1260=AXIS2_PLACEMENT_3D('',#1865,#1450,#1451);
#1261=AXIS2_PLACEMENT_3D('',#1866,#1452,#1453);
#1262=AXIS2_PLACEMENT_3D('',#1869,#1454,#1455);
#1263=AXIS2_PLACEMENT_3D('',#1872,#1458,#1459);
#1264=AXIS2_PLACEMENT_3D('',#1875,#1460,#1461);
#1265=AXIS2_PLACEMENT_3D('',#1876,#1462,#1463);
#1266=AXIS2_PLACEMENT_3D('',#1877,#1464,#1465);
#1267=AXIS2_PLACEMENT_3D('',#1878,#1466,#1467);
#1268=AXIS2_PLACEMENT_3D('',#1881,#1470,#1471);
#1269=AXIS2_PLACEMENT_3D('',#1887,#1475,#1476);
#1270=AXIS2_PLACEMENT_3D('',#1890,#1478,#1479);
#1271=AXIS2_PLACEMENT_3D('',#1891,#1480,#1481);
#1272=AXIS2_PLACEMENT_3D('',#1903,#1488,#1489);
#1273=AXIS2_PLACEMENT_3D('',#1906,#1491,#1492);
#1274=AXIS2_PLACEMENT_3D('',#1907,#1493,#1494);
#1275=AXIS2_PLACEMENT_3D('',#1909,#1495,#1496);
#1276=AXIS2_PLACEMENT_3D('',#1911,#1497,#1498);
#1277=AXIS2_PLACEMENT_3D('',#1913,#1499,#1500);
#1278=AXIS2_PLACEMENT_3D('',#1915,#1501,#1502);
#1279=AXIS2_PLACEMENT_3D('',#1917,#1503,#1504);
#1280=AXIS2_PLACEMENT_3D('',#1918,#1505,#1506);
#1281=AXIS2_PLACEMENT_3D('',#1920,#1507,#1508);
#1282=AXIS2_PLACEMENT_3D('',#1921,#1509,#1510);
#1283=AXIS2_PLACEMENT_3D('',#1922,#1511,#1512);
#1284=AXIS2_PLACEMENT_3D('',#1925,#1514,#1515);
#1285=AXIS2_PLACEMENT_3D('',#1926,#1516,#1517);
#1286=AXIS2_PLACEMENT_3D('',#1928,#1518,#1519);
#1287=AXIS2_PLACEMENT_3D('',#1929,#1520,#1521);
#1288=AXIS2_PLACEMENT_3D('',#1930,#1522,#1523);
#1289=AXIS2_PLACEMENT_3D('',#1933,#1525,#1526);
#1290=AXIS2_PLACEMENT_3D('',#1934,#1527,#1528);
#1291=AXIS2_PLACEMENT_3D('',#1936,#1529,#1530);
#1292=AXIS2_PLACEMENT_3D('',#1937,#1531,#1532);
#1293=AXIS2_PLACEMENT_3D('',#1938,#1533,#1534);
#1294=AXIS2_PLACEMENT_3D('',#1941,#1536,#1537);
#1295=AXIS2_PLACEMENT_3D('',#1942,#1538,#1539);
#1296=AXIS2_PLACEMENT_3D('',#1944,#1540,#1541);
#1297=AXIS2_PLACEMENT_3D('',#1945,#1542,#1543);
#1298=AXIS2_PLACEMENT_3D('',#1946,#1544,#1545);
#1299=AXIS2_PLACEMENT_3D('',#1949,#1547,#1548);
#1300=AXIS2_PLACEMENT_3D('',#1950,#1549,#1550);
#1301=AXIS2_PLACEMENT_3D('',#1952,#1551,#1552);
#1302=AXIS2_PLACEMENT_3D('',#1953,#1553,#1554);
#1303=AXIS2_PLACEMENT_3D('',#1954,#1555,#1556);
#1304=AXIS2_PLACEMENT_3D('',#1957,#1558,#1559);
#1305=AXIS2_PLACEMENT_3D('',#1958,#1560,#1561);
#1306=AXIS2_PLACEMENT_3D('',#1960,#1562,#1563);
#1307=AXIS2_PLACEMENT_3D('',#1962,#1564,#1565);
#1308=AXIS2_PLACEMENT_3D('',#1963,#1566,#1567);
#1309=AXIS2_PLACEMENT_3D('',#1964,#1568,#1569);
#1310=AXIS2_PLACEMENT_3D('',#1967,#1570,#1571);
#1311=AXIS2_PLACEMENT_3D('',#1981,#1578,#1579);
#1312=AXIS2_PLACEMENT_3D('',#1985,#1581,#1582);
#1313=AXIS2_PLACEMENT_3D('',#1988,#1584,#1585);
#1314=AXIS2_PLACEMENT_3D('',#1989,#1586,#1587);
#1315=AXIS2_PLACEMENT_3D('',#1991,#1588,#1589);
#1316=AXIS2_PLACEMENT_3D('',#1993,#1591,#1592);
#1317=AXIS2_PLACEMENT_3D('',#1995,#1593,#1594);
#1318=AXIS2_PLACEMENT_3D('',#1997,#1595,#1596);
#1319=AXIS2_PLACEMENT_3D('',#1998,#1597,#1598);
#1320=AXIS2_PLACEMENT_3D('',#1999,#1599,#1600);
#1321=AXIS2_PLACEMENT_3D('',#2014,#1607,#1608);
#1322=AXIS2_PLACEMENT_3D('',#2018,#1610,#1611);
#1323=AXIS2_PLACEMENT_3D('',#2021,#1613,#1614);
#1324=AXIS2_PLACEMENT_3D('',#2023,#1615,#1616);
#1325=AXIS2_PLACEMENT_3D('',#2024,#1617,#1618);
#1326=AXIS2_PLACEMENT_3D('',#2026,#1619,#1620);
#1327=AXIS2_PLACEMENT_3D('',#2028,#1622,#1623);
#1328=AXIS2_PLACEMENT_3D('',#2030,#1624,#1625);
#1329=AXIS2_PLACEMENT_3D('',#2031,#1626,#1627);
#1330=AXIS2_PLACEMENT_3D('',#2032,#1628,#1629);
#1331=AXIS2_PLACEMENT_3D('',#2034,#1630,#1631);
#1332=AXIS2_PLACEMENT_3D('',#2036,#1633,#1634);
#1333=AXIS2_PLACEMENT_3D('',#2038,#1635,#1636);
#1334=AXIS2_PLACEMENT_3D('',#2039,#1637,#1638);
#1335=AXIS2_PLACEMENT_3D('',#2040,#1639,#1640);
#1336=AXIS2_PLACEMENT_3D('',#2042,#1641,#1642);
#1337=AXIS2_PLACEMENT_3D('',#2044,#1644,#1645);
#1338=AXIS2_PLACEMENT_3D('',#2072,#1646,#1647);
#1339=AXIS2_PLACEMENT_3D('',#2074,#1648,#1649);
#1340=AXIS2_PLACEMENT_3D('',#2075,#1650,#1651);
#1341=AXIS2_PLACEMENT_3D('',#2076,#1652,#1653);
#1342=AXIS2_PLACEMENT_3D('',#2078,#1654,#1655);
#1343=AXIS2_PLACEMENT_3D('',#2081,#1657,#1658);
#1344=AXIS2_PLACEMENT_3D('',#2082,#1659,#1660);
#1345=AXIS2_PLACEMENT_3D('',#2084,#1661,#1662);
#1346=AXIS2_PLACEMENT_3D('',#2086,#1664,#1665);
#1347=AXIS2_PLACEMENT_3D('',#2088,#1666,#1667);
#1348=AXIS2_PLACEMENT_3D('',#2090,#1669,#1670);
#1349=AXIS2_PLACEMENT_3D('',#2092,#1671,#1672);
#1350=AXIS2_PLACEMENT_3D('',#2093,#1673,#1674);
#1351=AXIS2_PLACEMENT_3D('',#2094,#1675,#1676);
#1352=AXIS2_PLACEMENT_3D('',#2095,#1677,#1678);
#1353=AXIS2_PLACEMENT_3D('',#2098,#1680,#1681);
#1354=AXIS2_PLACEMENT_3D('',#2099,#1682,#1683);
#1355=AXIS2_PLACEMENT_3D('',#2101,#1684,#1685);
#1356=AXIS2_PLACEMENT_3D('',#2102,#1686,#1687);
#1357=AXIS2_PLACEMENT_3D('',#2103,#1688,#1689);
#1358=AXIS2_PLACEMENT_3D('',#2104,#1690,#1691);
#1359=AXIS2_PLACEMENT_3D('',#2107,#1693,#1694);
#1360=AXIS2_PLACEMENT_3D('',#2108,#1695,#1696);
#1361=AXIS2_PLACEMENT_3D('',#2109,#1697,#1698);
#1362=AXIS2_PLACEMENT_3D('',#2110,#1699,#1700);
#1363=AXIS2_PLACEMENT_3D('',#2111,#1701,#1702);
#1364=AXIS2_PLACEMENT_3D('',#2112,#1703,#1704);
#1365=AXIS2_PLACEMENT_3D('',#2113,#1705,#1706);
#1366=AXIS2_PLACEMENT_3D('',#2114,#1707,#1708);
#1367=AXIS2_PLACEMENT_3D('',#2116,#1709,#1710);
#1368=AXIS2_PLACEMENT_3D('',#2117,#1711,#1712);
#1369=AXIS2_PLACEMENT_3D('',#2118,#1713,#1714);
#1370=AXIS2_PLACEMENT_3D('',#2120,#1715,#1716);
#1371=AXIS2_PLACEMENT_3D('',#2122,#1718,#1719);
#1372=AXIS2_PLACEMENT_3D('',#2124,#1720,#1721);
#1373=AXIS2_PLACEMENT_3D('',#2125,#1722,#1723);
#1374=AXIS2_PLACEMENT_3D('',#2126,#1724,#1725);
#1375=AXIS2_PLACEMENT_3D('',#2127,#1726,#1727);
#1376=AXIS2_PLACEMENT_3D('',#2129,#1729,#1730);
#1377=AXIS2_PLACEMENT_3D('',#2130,#1731,#1732);
#1378=AXIS2_PLACEMENT_3D('',#2131,#1733,#1734);
#1379=AXIS2_PLACEMENT_3D('',#2132,#1735,#1736);
#1380=AXIS2_PLACEMENT_3D('',#2135,#1738,#1739);
#1381=AXIS2_PLACEMENT_3D('',#2136,#1740,#1741);
#1382=AXIS2_PLACEMENT_3D('',#2138,#1743,#1744);
#1383=AXIS2_PLACEMENT_3D('',#2141,#1746,#1747);
#1384=AXIS2_PLACEMENT_3D('',#2142,#1748,#1749);
#1385=AXIS2_PLACEMENT_3D('',#2144,#1751,#1752);
#1386=AXIS2_PLACEMENT_3D('',#2147,#1754,#1755);
#1387=AXIS2_PLACEMENT_3D('',#2148,#1756,#1757);
#1388=AXIS2_PLACEMENT_3D('',#2151,#1759,#1760);
#1389=AXIS2_PLACEMENT_3D('',#2152,#1761,#1762);
#1390=AXIS2_PLACEMENT_3D('',#2154,#1764,#1765);
#1391=AXIS2_PLACEMENT_3D('',#2156,#1767,#1768);
#1392=AXIS2_PLACEMENT_3D('',#2162,#1772,#1773);
#1393=AXIS2_PLACEMENT_3D('',#2166,#1776,#1777);
#1394=AXIS2_PLACEMENT_3D('',#2170,#1780,#1781);
#1395=AXIS2_PLACEMENT_3D('',#2172,#1783,#1784);
#1396=AXIS2_PLACEMENT_3D('',#2184,#1790,#1791);
#1397=AXIS2_PLACEMENT_3D('',#2186,#1793,#1794);
#1398=AXIS2_PLACEMENT_3D('',#2189,#1797,#1798);
#1399=AXIS2_PLACEMENT_3D('',#2191,#1800,#1801);
#1400=AXIS2_PLACEMENT_3D('',#2192,#1802,#1803);
#1401=AXIS2_PLACEMENT_3D('',#2193,#1804,#1805);
#1402=AXIS2_PLACEMENT_3D('',#2194,#1806,#1807);
#1403=AXIS2_PLACEMENT_3D('',#2195,#1808,#1809);
#1404=AXIS2_PLACEMENT_3D('',#2196,#1810,#1811);
#1405=AXIS2_PLACEMENT_3D('',#2198,#1813,#1814);
#1406=AXIS2_PLACEMENT_3D('',#2200,#1816,#1817);
#1407=AXIS2_PLACEMENT_3D('',#2202,#1819,#1820);
#1408=AXIS2_PLACEMENT_3D('',#2204,#1822,#1823);
#1409=AXIS2_PLACEMENT_3D('',#2206,#1825,#1826);
#1410=AXIS2_PLACEMENT_3D('',#2208,#1828,#1829);
#1411=AXIS2_PLACEMENT_3D('',#2209,#1830,#1831);
#1412=DIRECTION('axis',(0.,0.,1.));
#1413=DIRECTION('refdir',(1.,0.,0.));
#1414=DIRECTION('center_axis',(0.,0.,-1.));
#1415=DIRECTION('ref_axis',(-1.,0.,0.));
#1416=DIRECTION('center_axis',(0.,1.,0.));
#1417=DIRECTION('ref_axis',(0.,0.,-1.));
#1418=DIRECTION('center_axis',(0.,0.,-1.));
#1419=DIRECTION('ref_axis',(-0.707106781186548,0.707106781186547,0.));
#1420=DIRECTION('center_axis',(-1.,4.44089209850064E-15,0.));
#1421=DIRECTION('ref_axis',(4.44089209850064E-15,1.,0.));
#1422=DIRECTION('center_axis',(0.,0.,1.));
#1423=DIRECTION('ref_axis',(-0.707106781186548,0.707106781186547,0.));
#1424=DIRECTION('center_axis',(1.,0.,0.));
#1425=DIRECTION('ref_axis',(0.,0.70710678118654,-0.707106781186555));
#1426=DIRECTION('center_axis',(-1.,-4.44089209850064E-15,0.));
#1427=DIRECTION('ref_axis',(-4.44089209850064E-15,1.,0.));
#1428=DIRECTION('',(-1.,0.,0.));
#1429=DIRECTION('',(1.,0.,0.));
#1430=DIRECTION('center_axis',(0.,0.,-1.));
#1431=DIRECTION('ref_axis',(-1.,0.,0.));
#1432=DIRECTION('center_axis',(0.,1.,0.));
#1433=DIRECTION('ref_axis',(1.,0.,0.));
#1434=DIRECTION('center_axis',(0.,0.,1.));
#1435=DIRECTION('ref_axis',(0.707106781186548,0.707106781186547,0.));
#1436=DIRECTION('center_axis',(0.,0.,-1.));
#1437=DIRECTION('ref_axis',(0.707106781186548,0.707106781186547,0.));
#1438=DIRECTION('center_axis',(0.,-1.,0.));
#1439=DIRECTION('ref_axis',(0.707106781186547,0.,-0.707106781186548));
#1440=DIRECTION('center_axis',(0.,1.,0.));
#1441=DIRECTION('ref_axis',(1.,0.,0.));
#1442=DIRECTION('',(0.,1.,0.));
#1443=DIRECTION('',(0.,-1.,0.));
#1444=DIRECTION('center_axis',(0.,0.,-1.));
#1445=DIRECTION('ref_axis',(-1.,0.,0.));
#1446=DIRECTION('center_axis',(1.,-4.44089209850064E-15,0.));
#1447=DIRECTION('ref_axis',(-4.44089209850064E-15,-1.,0.));
#1448=DIRECTION('center_axis',(0.,0.,1.));
#1449=DIRECTION('ref_axis',(0.707106781186547,-0.707106781186547,0.));
#1450=DIRECTION('center_axis',(0.,0.,-1.));
#1451=DIRECTION('ref_axis',(0.707106781186548,-0.707106781186548,0.));
#1452=DIRECTION('center_axis',(-1.,0.,0.));
#1453=DIRECTION('ref_axis',(0.,-0.707106781186553,-0.707106781186542));
#1454=DIRECTION('center_axis',(1.,0.,0.));
#1455=DIRECTION('ref_axis',(0.,-1.,0.));
#1456=DIRECTION('',(1.,0.,0.));
#1457=DIRECTION('',(-1.,0.,0.));
#1458=DIRECTION('center_axis',(0.,0.,-1.));
#1459=DIRECTION('ref_axis',(-1.,0.,0.));
#1460=DIRECTION('center_axis',(0.,-1.,0.));
#1461=DIRECTION('ref_axis',(-1.,0.,0.));
#1462=DIRECTION('center_axis',(0.,0.,1.));
#1463=DIRECTION('ref_axis',(-0.707106781186547,-0.707106781186547,0.));
#1464=DIRECTION('center_axis',(0.,0.,-1.));
#1465=DIRECTION('ref_axis',(-0.707106781186547,-0.707106781186547,0.));
#1466=DIRECTION('center_axis',(0.,1.,0.));
#1467=DIRECTION('ref_axis',(-0.707106781186547,0.,-0.707106781186548));
#1468=DIRECTION('',(0.,-1.,0.));
#1469=DIRECTION('',(0.,1.,0.));
#1470=DIRECTION('center_axis',(1.,0.,0.));
#1471=DIRECTION('ref_axis',(0.,-1.,0.));
#1472=DIRECTION('',(0.,0.,-1.));
#1473=DIRECTION('',(0.,1.,0.));
#1474=DIRECTION('',(0.,0.,-1.));
#1475=DIRECTION('center_axis',(0.,0.,-1.));
#1476=DIRECTION('ref_axis',(5.55111512312579E-16,1.,0.));
#1477=DIRECTION('',(0.,0.,-1.));
#1478=DIRECTION('center_axis',(0.,0.,1.));
#1479=DIRECTION('ref_axis',(0.707106781186548,0.707106781186547,0.));
#1480=DIRECTION('center_axis',(0.,1.,0.));
#1481=DIRECTION('ref_axis',(1.,0.,0.));
#1482=DIRECTION('',(0.,0.,-1.));
#1483=DIRECTION('',(-1.,0.,0.));
#1484=DIRECTION('',(0.,0.,1.));
#1485=DIRECTION('',(-1.,0.,0.));
#1486=DIRECTION('',(0.,0.,-1.));
#1487=DIRECTION('',(-1.,0.,0.));
#1488=DIRECTION('center_axis',(0.,0.,-1.));
#1489=DIRECTION('ref_axis',(-1.,0.,0.));
#1490=DIRECTION('',(0.,0.,-1.));
#1491=DIRECTION('center_axis',(0.,0.,1.));
#1492=DIRECTION('ref_axis',(-0.707106781186548,0.707106781186547,0.));
#1493=DIRECTION('center_axis',(0.,0.,-1.));
#1494=DIRECTION('ref_axis',(1.,0.,0.));
#1495=DIRECTION('center_axis',(0.,0.,-1.));
#1496=DIRECTION('ref_axis',(1.,0.,0.));
#1497=DIRECTION('center_axis',(0.,0.,-1.));
#1498=DIRECTION('ref_axis',(1.,0.,0.));
#1499=DIRECTION('center_axis',(0.,0.,-1.));
#1500=DIRECTION('ref_axis',(1.,0.,0.));
#1501=DIRECTION('center_axis',(0.,0.,-1.));
#1502=DIRECTION('ref_axis',(1.,0.,0.));
#1503=DIRECTION('center_axis',(0.,0.,-1.));
#1504=DIRECTION('ref_axis',(1.,0.,0.));
#1505=DIRECTION('center_axis',(0.,0.,1.));
#1506=DIRECTION('ref_axis',(1.,0.,0.));
#1507=DIRECTION('center_axis',(0.,-1.,0.));
#1508=DIRECTION('ref_axis',(-1.,0.,0.));
#1509=DIRECTION('center_axis',(0.,0.,1.));
#1510=DIRECTION('ref_axis',(1.,0.,0.));
#1511=DIRECTION('center_axis',(0.,0.,-1.));
#1512=DIRECTION('ref_axis',(1.,0.,0.));
#1513=DIRECTION('',(0.,0.,1.));
#1514=DIRECTION('center_axis',(0.,0.,1.));
#1515=DIRECTION('ref_axis',(1.,0.,0.));
#1516=DIRECTION('center_axis',(0.,0.,1.));
#1517=DIRECTION('ref_axis',(1.,0.,0.));
#1518=DIRECTION('center_axis',(0.,-1.,0.));
#1519=DIRECTION('ref_axis',(-1.,0.,0.));
#1520=DIRECTION('center_axis',(0.,0.,1.));
#1521=DIRECTION('ref_axis',(1.,0.,0.));
#1522=DIRECTION('center_axis',(0.,0.,1.));
#1523=DIRECTION('ref_axis',(1.,0.,0.));
#1524=DIRECTION('',(0.,0.,1.));
#1525=DIRECTION('center_axis',(0.,0.,1.));
#1526=DIRECTION('ref_axis',(1.,0.,0.));
#1527=DIRECTION('center_axis',(0.,0.,1.));
#1528=DIRECTION('ref_axis',(1.,0.,0.));
#1529=DIRECTION('center_axis',(0.,-1.,0.));
#1530=DIRECTION('ref_axis',(-1.,0.,0.));
#1531=DIRECTION('center_axis',(0.,0.,1.));
#1532=DIRECTION('ref_axis',(1.,0.,0.));
#1533=DIRECTION('center_axis',(0.,0.,1.));
#1534=DIRECTION('ref_axis',(1.,0.,0.));
#1535=DIRECTION('',(0.,0.,1.));
#1536=DIRECTION('center_axis',(0.,0.,1.));
#1537=DIRECTION('ref_axis',(1.,0.,0.));
#1538=DIRECTION('center_axis',(0.,0.,1.));
#1539=DIRECTION('ref_axis',(1.,0.,0.));
#1540=DIRECTION('center_axis',(0.,-1.,0.));
#1541=DIRECTION('ref_axis',(-1.,0.,0.));
#1542=DIRECTION('center_axis',(0.,0.,1.));
#1543=DIRECTION('ref_axis',(1.,0.,0.));
#1544=DIRECTION('center_axis',(0.,0.,1.));
#1545=DIRECTION('ref_axis',(1.,0.,0.));
#1546=DIRECTION('',(0.,0.,1.));
#1547=DIRECTION('center_axis',(0.,0.,1.));
#1548=DIRECTION('ref_axis',(1.,0.,0.));
#1549=DIRECTION('center_axis',(0.,0.,1.));
#1550=DIRECTION('ref_axis',(1.,0.,0.));
#1551=DIRECTION('center_axis',(0.,-1.,0.));
#1552=DIRECTION('ref_axis',(-1.,0.,0.));
#1553=DIRECTION('center_axis',(0.,0.,1.));
#1554=DIRECTION('ref_axis',(1.,0.,0.));
#1555=DIRECTION('center_axis',(0.,0.,1.));
#1556=DIRECTION('ref_axis',(1.,0.,0.));
#1557=DIRECTION('',(0.,0.,1.));
#1558=DIRECTION('center_axis',(0.,0.,1.));
#1559=DIRECTION('ref_axis',(1.,0.,0.));
#1560=DIRECTION('center_axis',(0.,0.,1.));
#1561=DIRECTION('ref_axis',(1.,0.,0.));
#1562=DIRECTION('center_axis',(0.,0.,-1.));
#1563=DIRECTION('ref_axis',(1.,0.,0.));
#1564=DIRECTION('center_axis',(0.,-1.,0.));
#1565=DIRECTION('ref_axis',(-1.,0.,0.));
#1566=DIRECTION('center_axis',(0.,0.,1.));
#1567=DIRECTION('ref_axis',(1.,0.,0.));
#1568=DIRECTION('center_axis',(0.,0.,-1.));
#1569=DIRECTION('ref_axis',(1.,0.,0.));
#1570=DIRECTION('center_axis',(0.,0.,1.));
#1571=DIRECTION('ref_axis',(-2.95447149660028E-14,-1.,0.));
#1572=DIRECTION('',(1.99408543910077E-15,-1.,0.));
#1573=DIRECTION('',(1.,-4.44089209850062E-15,0.));
#1574=DIRECTION('',(6.09268733026001E-16,-1.,0.));
#1575=DIRECTION('',(-1.,8.88178419700125E-15,0.));
#1576=DIRECTION('',(-6.36330878423694E-16,-1.,0.));
#1577=DIRECTION('',(1.,0.,0.));
#1578=DIRECTION('center_axis',(0.,0.,-1.));
#1579=DIRECTION('ref_axis',(-0.707106781186548,0.707106781186547,0.));
#1580=DIRECTION('',(0.,1.,0.));
#1581=DIRECTION('center_axis',(0.,0.,-1.));
#1582=DIRECTION('ref_axis',(-0.707106781186547,-0.707106781186547,0.));
#1583=DIRECTION('',(-1.,0.,0.));
#1584=DIRECTION('center_axis',(0.,0.,1.));
#1585=DIRECTION('ref_axis',(1.,0.,0.));
#1586=DIRECTION('center_axis',(0.,0.,-1.));
#1587=DIRECTION('ref_axis',(1.,0.,0.));
#1588=DIRECTION('center_axis',(0.,0.,-1.));
#1589=DIRECTION('ref_axis',(1.,0.,0.));
#1590=DIRECTION('',(0.,0.,1.));
#1591=DIRECTION('center_axis',(0.,0.,1.));
#1592=DIRECTION('ref_axis',(1.,0.,0.));
#1593=DIRECTION('center_axis',(0.,0.,-1.));
#1594=DIRECTION('ref_axis',(1.,0.,0.));
#1595=DIRECTION('center_axis',(0.,-1.,0.));
#1596=DIRECTION('ref_axis',(-1.,0.,0.));
#1597=DIRECTION('center_axis',(0.,0.,1.));
#1598=DIRECTION('ref_axis',(1.,0.,0.));
#1599=DIRECTION('center_axis',(0.,0.,-1.));
#1600=DIRECTION('ref_axis',(1.,0.,0.));
#1601=DIRECTION('',(1.,0.,0.));
#1602=DIRECTION('',(-3.05120656204161E-13,1.,0.));
#1603=DIRECTION('',(-1.,1.86517468137026E-13,0.));
#1604=DIRECTION('',(-1.35393051783556E-16,1.,0.));
#1605=DIRECTION('',(1.,0.,0.));
#1606=DIRECTION('',(-1.33936071992935E-13,1.,0.));
#1607=DIRECTION('center_axis',(0.,0.,1.));
#1608=DIRECTION('ref_axis',(-2.95447149660028E-14,-1.,0.));
#1609=DIRECTION('',(-1.,0.,0.));
#1610=DIRECTION('center_axis',(0.,0.,-1.));
#1611=DIRECTION('ref_axis',(0.707106781186547,-0.707106781186547,0.));
#1612=DIRECTION('',(0.,-1.,0.));
#1613=DIRECTION('center_axis',(0.,0.,-1.));
#1614=DIRECTION('ref_axis',(0.707106781186548,0.707106781186547,0.));
#1615=DIRECTION('center_axis',(0.,0.,1.));
#1616=DIRECTION('ref_axis',(1.,0.,0.));
#1617=DIRECTION('center_axis',(0.,0.,-1.));
#1618=DIRECTION('ref_axis',(1.,0.,0.));
#1619=DIRECTION('center_axis',(0.,0.,-1.));
#1620=DIRECTION('ref_axis',(1.,0.,0.));
#1621=DIRECTION('',(0.,0.,1.));
#1622=DIRECTION('center_axis',(0.,0.,1.));
#1623=DIRECTION('ref_axis',(1.,0.,0.));
#1624=DIRECTION('center_axis',(0.,0.,-1.));
#1625=DIRECTION('ref_axis',(1.,0.,0.));
#1626=DIRECTION('center_axis',(0.,-1.,0.));
#1627=DIRECTION('ref_axis',(-1.,0.,0.));
#1628=DIRECTION('center_axis',(0.,0.,-1.));
#1629=DIRECTION('ref_axis',(1.,0.,0.));
#1630=DIRECTION('center_axis',(0.,0.,-1.));
#1631=DIRECTION('ref_axis',(1.,0.,0.));
#1632=DIRECTION('',(0.,0.,1.));
#1633=DIRECTION('center_axis',(0.,0.,1.));
#1634=DIRECTION('ref_axis',(1.,0.,0.));
#1635=DIRECTION('center_axis',(0.,0.,-1.));
#1636=DIRECTION('ref_axis',(1.,0.,0.));
#1637=DIRECTION('center_axis',(0.,-1.,0.));
#1638=DIRECTION('ref_axis',(-1.,0.,0.));
#1639=DIRECTION('center_axis',(0.,0.,-1.));
#1640=DIRECTION('ref_axis',(1.,0.,0.));
#1641=DIRECTION('center_axis',(0.,0.,-1.));
#1642=DIRECTION('ref_axis',(1.,0.,0.));
#1643=DIRECTION('',(0.,0.,1.));
#1644=DIRECTION('center_axis',(0.,0.,-1.));
#1645=DIRECTION('ref_axis',(-1.,0.,0.));
#1646=DIRECTION('center_axis',(-1.4210854715202E-13,1.,0.));
#1647=DIRECTION('ref_axis',(-1.,-1.4210854715202E-13,0.));
#1648=DIRECTION('center_axis',(0.,0.,-1.));
#1649=DIRECTION('ref_axis',(-2.95447149660028E-14,-1.,0.));
#1650=DIRECTION('center_axis',(-3.5527136788005E-14,-1.,0.));
#1651=DIRECTION('ref_axis',(1.,-3.5527136788005E-14,0.));
#1652=DIRECTION('center_axis',(-1.,0.,0.));
#1653=DIRECTION('ref_axis',(0.,0.707106781186553,0.707106781186543));
#1654=DIRECTION('center_axis',(-0.707106781186545,-0.70710678118655,-1.57009245868377E-15));
#1655=DIRECTION('ref_axis',(0.70710678118655,-0.707106781186545,-1.57009245868376E-15));
#1656=DIRECTION('',(-1.,0.,0.));
#1657=DIRECTION('center_axis',(0.707106781186499,0.707106781186596,0.));
#1658=DIRECTION('ref_axis',(0.707106781186596,-0.707106781186499,0.));
#1659=DIRECTION('center_axis',(1.35393051783556E-16,-1.,0.));
#1660=DIRECTION('ref_axis',(-0.707106781186548,0.,0.707106781186547));
#1661=DIRECTION('center_axis',(0.707106781186483,-0.707106781186612,0.));
#1662=DIRECTION('ref_axis',(0.707106781186612,0.707106781186483,0.));
#1663=DIRECTION('',(1.35393051783556E-16,-1.,0.));
#1664=DIRECTION('center_axis',(1.,-1.86517468137026E-13,0.));
#1665=DIRECTION('ref_axis',(-1.31887766529439E-13,-0.70710678118654,0.707106781186555));
#1666=DIRECTION('center_axis',(0.707106781186592,-0.707106781186504,-1.57009245868387E-15));
#1667=DIRECTION('ref_axis',(-0.707106781186503,-0.707106781186591,-1.57009245868465E-15));
#1668=DIRECTION('',(1.,-1.86517468137026E-13,0.));
#1669=DIRECTION('center_axis',(-0.408248290463792,-0.816496580927797,0.408248290463793));
#1670=DIRECTION('ref_axis',(-0.577350269189674,0.577350269189527,0.577350269189676));
#1671=DIRECTION('center_axis',(-2.8421709430404E-13,1.,0.));
#1672=DIRECTION('ref_axis',(0.,0.,1.));
#1673=DIRECTION('center_axis',(-1.,0.,0.));
#1674=DIRECTION('ref_axis',(0.,1.,0.));
#1675=DIRECTION('center_axis',(0.,0.,1.));
#1676=DIRECTION('ref_axis',(-1.,-3.01980662698042E-13,0.));
#1677=DIRECTION('center_axis',(0.,0.,1.));
#1678=DIRECTION('ref_axis',(-0.707106781186656,0.707106781186439,0.));
#1679=DIRECTION('',(0.,0.,1.));
#1680=DIRECTION('center_axis',(0.707106781186547,0.,0.707106781186548));
#1681=DIRECTION('ref_axis',(0.707106781186548,0.,-0.707106781186547));
#1682=DIRECTION('center_axis',(-0.816496580927732,0.408248290463855,0.40824829046386));
#1683=DIRECTION('ref_axis',(0.577350269189619,0.577350269189639,0.577350269189619));
#1684=DIRECTION('center_axis',(0.,1.,0.));
#1685=DIRECTION('ref_axis',(1.,0.,0.));
#1686=DIRECTION('center_axis',(0.,0.,1.));
#1687=DIRECTION('ref_axis',(0.,1.,0.));
#1688=DIRECTION('center_axis',(1.,0.,0.));
#1689=DIRECTION('ref_axis',(0.,0.,1.));
#1690=DIRECTION('center_axis',(0.,0.,-1.));
#1691=DIRECTION('ref_axis',(0.707106781186543,0.707106781186552,0.));
#1692=DIRECTION('',(0.,0.,-1.));
#1693=DIRECTION('center_axis',(-0.707106781186547,0.,0.707106781186548));
#1694=DIRECTION('ref_axis',(0.707106781186548,0.,0.707106781186547));
#1695=DIRECTION('center_axis',(1.,0.,0.));
#1696=DIRECTION('ref_axis',(0.,0.707106781186553,0.707106781186543));
#1697=DIRECTION('center_axis',(-1.,-4.44089209850056E-15,0.));
#1698=DIRECTION('ref_axis',(0.,0.,1.));
#1699=DIRECTION('center_axis',(0.,0.,-1.));
#1700=DIRECTION('ref_axis',(-1.,0.,0.));
#1701=DIRECTION('center_axis',(0.,1.,0.));
#1702=DIRECTION('ref_axis',(0.,0.,1.));
#1703=DIRECTION('center_axis',(0.,-1.,0.));
#1704=DIRECTION('ref_axis',(0.707106781186546,0.,0.707106781186549));
#1705=DIRECTION('center_axis',(0.,1.,0.));
#1706=DIRECTION('ref_axis',(0.,0.,1.));
#1707=DIRECTION('center_axis',(0.,0.,-1.));
#1708=DIRECTION('ref_axis',(-1.,0.,0.));
#1709=DIRECTION('center_axis',(1.,-4.44089209850064E-15,0.));
#1710=DIRECTION('ref_axis',(0.,0.,1.));
#1711=DIRECTION('center_axis',(0.,0.,1.));
#1712=DIRECTION('ref_axis',(0.707106781186548,-0.707106781186548,0.));
#1713=DIRECTION('center_axis',(-1.,0.,0.));
#1714=DIRECTION('ref_axis',(0.,-0.707106781186553,0.707106781186543));
#1715=DIRECTION('center_axis',(1.,0.,0.));
#1716=DIRECTION('ref_axis',(0.,0.,1.));
#1717=DIRECTION('',(1.,0.,0.));
#1718=DIRECTION('center_axis',(0.,0.,-1.));
#1719=DIRECTION('ref_axis',(-1.,0.,0.));
#1720=DIRECTION('center_axis',(0.,-1.,0.));
#1721=DIRECTION('ref_axis',(0.,0.,1.));
#1722=DIRECTION('center_axis',(0.,0.,1.));
#1723=DIRECTION('ref_axis',(-0.707106781186547,-0.707106781186547,0.));
#1724=DIRECTION('center_axis',(0.,1.,0.));
#1725=DIRECTION('ref_axis',(-0.707106781186546,0.,0.707106781186549));
#1726=DIRECTION('center_axis',(0.,-1.,0.));
#1727=DIRECTION('ref_axis',(0.,0.,1.));
#1728=DIRECTION('',(0.,-1.,0.));
#1729=DIRECTION('center_axis',(0.,0.,-1.));
#1730=DIRECTION('ref_axis',(-1.,0.,0.));
#1731=DIRECTION('center_axis',(-1.,4.44089209850064E-15,0.));
#1732=DIRECTION('ref_axis',(0.,0.,1.));
#1733=DIRECTION('center_axis',(1.,0.,0.));
#1734=DIRECTION('ref_axis',(0.,0.707106781186553,0.707106781186543));
#1735=DIRECTION('center_axis',(6.36330878423694E-16,1.,0.));
#1736=DIRECTION('ref_axis',(0.707106781186548,0.,0.707106781186547));
#1737=DIRECTION('',(6.36330878423694E-16,1.,0.));
#1738=DIRECTION('center_axis',(0.707106781186547,0.707106781186548,0.));
#1739=DIRECTION('ref_axis',(0.707106781186548,-0.707106781186547,0.));
#1740=DIRECTION('center_axis',(1.,0.,0.));
#1741=DIRECTION('ref_axis',(0.,0.70710678118654,0.707106781186555));
#1742=DIRECTION('',(1.,0.,0.));
#1743=DIRECTION('center_axis',(1.,-8.88178419700125E-15,0.));
#1744=DIRECTION('ref_axis',(-6.28036983473506E-15,-0.707106781186553,0.707106781186543));
#1745=DIRECTION('',(1.,-8.88178419700125E-15,0.));
#1746=DIRECTION('center_axis',(0.707106781186546,0.707106781186549,0.));
#1747=DIRECTION('ref_axis',(-0.707106781186549,0.707106781186546,0.));
#1748=DIRECTION('center_axis',(3.05120656204161E-13,-1.,0.));
#1749=DIRECTION('ref_axis',(-0.707106781186548,-2.00971834711523E-13,0.707106781186547));
#1750=DIRECTION('',(3.05120656204161E-13,-1.,0.));
#1751=DIRECTION('center_axis',(-6.09268733026001E-16,1.,0.));
#1752=DIRECTION('ref_axis',(0.707106781186548,0.,0.707106781186547));
#1753=DIRECTION('',(-6.09268733026001E-16,1.,0.));
#1754=DIRECTION('center_axis',(-0.707106781186546,0.707106781186549,0.));
#1755=DIRECTION('ref_axis',(-0.707106781186549,-0.707106781186546,0.));
#1756=DIRECTION('center_axis',(-1.,4.44089209850062E-15,0.));
#1757=DIRECTION('ref_axis',(3.14018491736758E-15,0.70710678118654,0.707106781186555));
#1758=DIRECTION('',(-1.,4.44089209850062E-15,0.));
#1759=DIRECTION('center_axis',(-0.707106781186547,0.707106781186548,0.));
#1760=DIRECTION('ref_axis',(0.707106781186548,0.707106781186547,0.));
#1761=DIRECTION('center_axis',(1.33936071992935E-13,-1.,0.));
#1762=DIRECTION('ref_axis',(-0.707106781186548,-1.00485917355762E-13,0.707106781186547));
#1763=DIRECTION('',(1.33936071992935E-13,-1.,0.));
#1764=DIRECTION('center_axis',(-1.99408543910077E-15,1.,0.));
#1765=DIRECTION('ref_axis',(0.707106781186548,0.,0.707106781186547));
#1766=DIRECTION('',(-1.99408543910077E-15,1.,0.));
#1767=DIRECTION('center_axis',(0.,-1.,0.));
#1768=DIRECTION('ref_axis',(-1.,0.,0.));
#1769=DIRECTION('',(0.,0.,-1.));
#1770=DIRECTION('',(-1.,0.,0.));
#1771=DIRECTION('',(0.,0.,-1.));
#1772=DIRECTION('center_axis',(1.,1.35393051783556E-16,0.));
#1773=DIRECTION('ref_axis',(1.35393051783556E-16,-1.,0.));
#1774=DIRECTION('',(0.,0.,-1.));
#1775=DIRECTION('',(1.35393051783556E-16,-1.,0.));
#1776=DIRECTION('center_axis',(1.86517468137026E-13,1.,0.));
#1777=DIRECTION('ref_axis',(1.,-1.86517468137026E-13,0.));
#1778=DIRECTION('',(0.,0.,-1.));
#1779=DIRECTION('',(1.,-1.86517468137026E-13,0.));
#1780=DIRECTION('center_axis',(1.,3.05120656204161E-13,0.));
#1781=DIRECTION('ref_axis',(3.05120656204161E-13,-1.,0.));
#1782=DIRECTION('',(3.05120656204161E-13,-1.,0.));
#1783=DIRECTION('center_axis',(0.,0.,-1.));
#1784=DIRECTION('ref_axis',(1.,0.,0.));
#1785=DIRECTION('',(6.36330878423694E-16,1.,0.));
#1786=DIRECTION('',(1.,-8.88178419700125E-15,0.));
#1787=DIRECTION('',(-6.09268733026001E-16,1.,0.));
#1788=DIRECTION('',(-1.,4.44089209850062E-15,0.));
#1789=DIRECTION('',(-1.99408543910077E-15,1.,0.));
#1790=DIRECTION('center_axis',(0.,0.,-1.));
#1791=DIRECTION('ref_axis',(1.,-2.96059473233375E-14,0.));
#1792=DIRECTION('',(1.33936071992935E-13,-1.,0.));
#1793=DIRECTION('center_axis',(0.,-1.,0.));
#1794=DIRECTION('ref_axis',(-1.,0.,0.));
#1795=DIRECTION('',(0.,0.,-1.));
#1796=DIRECTION('',(0.,0.,-1.));
#1797=DIRECTION('center_axis',(0.,0.,-1.));
#1798=DIRECTION('ref_axis',(0.,-1.,0.));
#1799=DIRECTION('',(0.,0.,-1.));
#1800=DIRECTION('center_axis',(-1.,0.,0.));
#1801=DIRECTION('ref_axis',(0.,1.,0.));
#1802=DIRECTION('center_axis',(0.,0.,-1.));
#1803=DIRECTION('ref_axis',(1.,0.,0.));
#1804=DIRECTION('center_axis',(0.,0.,-1.));
#1805=DIRECTION('ref_axis',(1.,0.,0.));
#1806=DIRECTION('center_axis',(0.,0.,-1.));
#1807=DIRECTION('ref_axis',(1.,0.,0.));
#1808=DIRECTION('center_axis',(0.,0.,-1.));
#1809=DIRECTION('ref_axis',(1.,0.,0.));
#1810=DIRECTION('center_axis',(-1.,6.36330878423694E-16,0.));
#1811=DIRECTION('ref_axis',(6.36330878423694E-16,1.,0.));
#1812=DIRECTION('',(0.,0.,-1.));
#1813=DIRECTION('center_axis',(8.88178419700125E-15,1.,0.));
#1814=DIRECTION('ref_axis',(1.,-8.88178419700125E-15,0.));
#1815=DIRECTION('',(0.,0.,-1.));
#1816=DIRECTION('center_axis',(-1.,-6.09268733026001E-16,0.));
#1817=DIRECTION('ref_axis',(-6.09268733026001E-16,1.,0.));
#1818=DIRECTION('',(0.,0.,-1.));
#1819=DIRECTION('center_axis',(-4.44089209850062E-15,-1.,0.));
#1820=DIRECTION('ref_axis',(-1.,4.44089209850062E-15,0.));
#1821=DIRECTION('',(0.,0.,-1.));
#1822=DIRECTION('center_axis',(-1.,-1.99408543910077E-15,0.));
#1823=DIRECTION('ref_axis',(-1.99408543910077E-15,1.,0.));
#1824=DIRECTION('',(0.,0.,-1.));
#1825=DIRECTION('center_axis',(0.,0.,-1.));
#1826=DIRECTION('ref_axis',(1.,-2.96059473233375E-14,0.));
#1827=DIRECTION('',(0.,0.,-1.));
#1828=DIRECTION('center_axis',(1.,1.33936071992935E-13,0.));
#1829=DIRECTION('ref_axis',(1.33936071992935E-13,-1.,0.));
#1830=DIRECTION('center_axis',(0.,0.,-1.));
#1831=DIRECTION('ref_axis',(1.,0.,0.));
#1832=CARTESIAN_POINT('',(0.,0.,0.));
#1833=CARTESIAN_POINT('Origin',(-19.0000018129242,68.1999991921136,-4.5));
#1834=CARTESIAN_POINT('',(-22.5000018129242,68.1999991921136,-5.));
#1835=CARTESIAN_POINT('',(-23.0000018129242,68.1999991921136,-4.5));
#1836=CARTESIAN_POINT('Origin',(-22.5000018129242,68.1999991921136,-4.5));
#1837=CARTESIAN_POINT('',(-19.0000018129242,72.1999991921136,-4.5));
#1838=CARTESIAN_POINT('Origin',(-19.0000018129242,68.1999991921136,-4.5));
#1839=CARTESIAN_POINT('',(-19.0000018129242,71.6999991921137,-5.));
#1840=CARTESIAN_POINT('Origin',(-19.0000018129242,71.6999991921137,-4.5));
#1841=CARTESIAN_POINT('Origin',(-19.0000018129242,68.1999991921136,-5.));
#1842=CARTESIAN_POINT('Origin',(-9.50000181292419,71.6999991921137,-4.5));
#1843=CARTESIAN_POINT('',(18.9999981870758,72.1999991921136,-4.5));
#1844=CARTESIAN_POINT('',(18.9999981870758,71.6999991921137,-5.));
#1845=CARTESIAN_POINT('Origin',(18.9999981870758,71.6999991921137,-4.5));
#1846=CARTESIAN_POINT('',(-9.50000181292419,71.6999991921137,-5.));
#1847=CARTESIAN_POINT('',(-9.50000181292419,72.1999991921136,-4.5));
#1848=CARTESIAN_POINT('Origin',(18.9999981870758,68.1999991921137,-4.5));
#1849=CARTESIAN_POINT('',(22.9999981870758,68.1999991921137,-4.5));
#1850=CARTESIAN_POINT('',(22.4999981870758,68.1999991921137,-5.));
#1851=CARTESIAN_POINT('Origin',(22.4999981870758,68.1999991921137,-4.5));
#1852=CARTESIAN_POINT('Origin',(18.9999981870758,68.1999991921137,-5.));
#1853=CARTESIAN_POINT('Origin',(18.9999981870758,68.1999991921137,-4.5));
#1854=CARTESIAN_POINT('Origin',(22.4999981870758,62.4499991921137,-4.5));
#1855=CARTESIAN_POINT('',(22.9999981870758,45.1999991921136,-4.5));
#1856=CARTESIAN_POINT('',(22.4999981870758,45.1999991921136,-5.));
#1857=CARTESIAN_POINT('Origin',(22.4999981870758,45.1999991921136,-4.5));
#1858=CARTESIAN_POINT('',(22.4999981870758,62.4499991921137,-5.));
#1859=CARTESIAN_POINT('',(22.9999981870758,62.4499991921137,-4.5));
#1860=CARTESIAN_POINT('Origin',(18.9999981870758,45.1999991921136,-4.5));
#1861=CARTESIAN_POINT('',(18.9999981870758,41.1999991921136,-4.5));
#1862=CARTESIAN_POINT('',(18.9999981870758,41.6999991921136,-5.));
#1863=CARTESIAN_POINT('Origin',(18.9999981870758,41.6999991921136,-4.5));
#1864=CARTESIAN_POINT('Origin',(18.9999981870758,45.1999991921136,-5.));
#1865=CARTESIAN_POINT('Origin',(18.9999981870758,45.1999991921136,-4.5));
#1866=CARTESIAN_POINT('Origin',(9.49999818707581,41.6999991921136,-4.5));
#1867=CARTESIAN_POINT('',(-19.0000018129242,41.1999991921136,-4.5));
#1868=CARTESIAN_POINT('',(-19.0000018129242,41.6999991921136,-5.));
#1869=CARTESIAN_POINT('Origin',(-19.0000018129242,41.6999991921136,-4.5));
#1870=CARTESIAN_POINT('',(9.49999818707581,41.6999991921136,-5.));
#1871=CARTESIAN_POINT('',(9.49999818707581,41.1999991921136,-4.5));
#1872=CARTESIAN_POINT('Origin',(-19.0000018129242,45.1999991921136,-4.5));
#1873=CARTESIAN_POINT('',(-23.0000018129242,45.1999991921136,-4.5));
#1874=CARTESIAN_POINT('',(-22.5000018129242,45.1999991921136,-5.));
#1875=CARTESIAN_POINT('Origin',(-22.5000018129242,45.1999991921136,-4.5));
#1876=CARTESIAN_POINT('Origin',(-19.0000018129242,45.1999991921136,-5.));
#1877=CARTESIAN_POINT('Origin',(-19.0000018129242,45.1999991921136,-4.5));
#1878=CARTESIAN_POINT('Origin',(-22.5000018129242,50.9499991921136,-4.5));
#1879=CARTESIAN_POINT('',(-22.5000018129242,50.9499991921136,-5.));
#1880=CARTESIAN_POINT('',(-23.0000018129242,50.9499991921136,-4.5));
#1881=CARTESIAN_POINT('Origin',(22.9999981870758,68.1999991921137,0.));
#1882=CARTESIAN_POINT('',(22.9999981870758,68.1999991921137,-0.5));
#1883=CARTESIAN_POINT('',(22.9999981870758,68.1999991921137,0.));
#1884=CARTESIAN_POINT('',(22.9999981870758,45.1999991921136,-0.5));
#1885=CARTESIAN_POINT('',(22.9999981870758,62.4499991921137,-0.5));
#1886=CARTESIAN_POINT('',(22.9999981870758,45.1999991921136,0.));
#1887=CARTESIAN_POINT('Origin',(18.9999981870758,68.1999991921137,0.));
#1888=CARTESIAN_POINT('',(18.9999981870758,72.1999991921136,-0.5));
#1889=CARTESIAN_POINT('',(18.9999981870758,72.1999991921136,0.));
#1890=CARTESIAN_POINT('Origin',(18.9999981870758,68.1999991921137,-0.5));
#1891=CARTESIAN_POINT('Origin',(-19.0000018129242,72.1999991921136,0.));
#1892=CARTESIAN_POINT('',(-19.0000018129242,72.1999991921136,-0.5));
#1893=CARTESIAN_POINT('',(-19.0000018129242,72.1999991921136,0.));
#1894=CARTESIAN_POINT('',(-7.7000018129242,72.1999991921136,-0.5));
#1895=CARTESIAN_POINT('',(-9.50000181292419,72.1999991921136,-0.5));
#1896=CARTESIAN_POINT('',(-7.7000018129242,72.1999991921136,-2.5));
#1897=CARTESIAN_POINT('',(-7.7000018129242,72.1999991921136,0.));
#1898=CARTESIAN_POINT('',(7.69999818707447,72.1999991921136,-2.5));
#1899=CARTESIAN_POINT('',(-9.5000018129243,72.1999991921136,-2.5));
#1900=CARTESIAN_POINT('',(7.69999818707447,72.1999991921136,-0.5));
#1901=CARTESIAN_POINT('',(7.69999818707447,72.1999991921136,0.));
#1902=CARTESIAN_POINT('',(-9.50000181292419,72.1999991921136,-0.5));
#1903=CARTESIAN_POINT('Origin',(-19.0000018129242,68.1999991921136,0.));
#1904=CARTESIAN_POINT('',(-23.0000018129242,68.1999991921136,-0.5));
#1905=CARTESIAN_POINT('',(-23.0000018129242,68.1999991921136,0.));
#1906=CARTESIAN_POINT('Origin',(-19.0000018129242,68.1999991921136,-0.5));
#1907=CARTESIAN_POINT('Origin',(-1.81292418854895E-6,56.6999991921136,-5.));
#1908=CARTESIAN_POINT('',(-6.50000181292418,60.9499991921233,-5.));
#1909=CARTESIAN_POINT('Origin',(-1.81292418161798E-6,60.9499991921233,-5.));
#1910=CARTESIAN_POINT('',(14.4999981870758,66.1999991921243,-5.));
#1911=CARTESIAN_POINT('Origin',(17.9999981870758,66.1999991921243,-5.));
#1912=CARTESIAN_POINT('',(14.4999981870758,50.1999991921233,-5.));
#1913=CARTESIAN_POINT('Origin',(17.9999981870758,50.1999991921233,-5.));
#1914=CARTESIAN_POINT('',(-21.5000018129242,50.1999991921129,-5.));
#1915=CARTESIAN_POINT('Origin',(-18.0000018129242,50.1999991921129,-5.));
#1916=CARTESIAN_POINT('',(-21.5000018129242,66.1999991921385,-5.));
#1917=CARTESIAN_POINT('Origin',(-18.0000018129242,66.1999991921385,-5.));
#1918=CARTESIAN_POINT('Origin',(-1.81292418161798E-6,60.9499991921233,-4.5));
#1919=CARTESIAN_POINT('',(-6.00000181292418,60.9499991921233,-4.5));
#1920=CARTESIAN_POINT('Origin',(-6.50000181292418,60.9499991921233,-4.5));
#1921=CARTESIAN_POINT('Origin',(-1.81292418161798E-6,60.9499991921233,-4.5));
#1922=CARTESIAN_POINT('Origin',(-1.81292418161798E-6,60.9499991921233,0.));
#1923=CARTESIAN_POINT('',(-6.00000181292418,60.9499991921233,-2.));
#1924=CARTESIAN_POINT('',(-6.00000181292418,60.9499991921233,0.));
#1925=CARTESIAN_POINT('Origin',(-1.81292418161798E-6,60.9499991921233,-2.));
#1926=CARTESIAN_POINT('Origin',(-18.0000018129242,66.1999991921385,-4.5));
#1927=CARTESIAN_POINT('',(-21.0000018129242,66.1999991921385,-4.5));
#1928=CARTESIAN_POINT('Origin',(-21.5000018129242,66.1999991921385,-4.5));
#1929=CARTESIAN_POINT('Origin',(-18.0000018129242,66.1999991921385,-4.5));
#1930=CARTESIAN_POINT('Origin',(-18.0000018129242,66.1999991921385,-5.));
#1931=CARTESIAN_POINT('',(-21.0000018129242,66.1999991921385,-1.8));
#1932=CARTESIAN_POINT('',(-21.0000018129242,66.1999991921385,-5.));
#1933=CARTESIAN_POINT('Origin',(-18.0000018129242,66.1999991921385,-1.8));
#1934=CARTESIAN_POINT('Origin',(17.9999981870758,66.1999991921243,-4.5));
#1935=CARTESIAN_POINT('',(14.9999981870758,66.1999991921243,-4.5));
#1936=CARTESIAN_POINT('Origin',(14.4999981870758,66.1999991921243,-4.5));
#1937=CARTESIAN_POINT('Origin',(17.9999981870758,66.1999991921243,-4.5));
#1938=CARTESIAN_POINT('Origin',(17.9999981870758,66.1999991921243,-5.));
#1939=CARTESIAN_POINT('',(14.9999981870758,66.1999991921243,-1.8));
#1940=CARTESIAN_POINT('',(14.9999981870758,66.1999991921243,-5.));
#1941=CARTESIAN_POINT('Origin',(17.9999981870758,66.1999991921243,-1.8));
#1942=CARTESIAN_POINT('Origin',(-18.0000018129242,50.1999991921129,-4.5));
#1943=CARTESIAN_POINT('',(-21.0000018129242,50.1999991921129,-4.5));
#1944=CARTESIAN_POINT('Origin',(-21.5000018129242,50.1999991921129,-4.5));
#1945=CARTESIAN_POINT('Origin',(-18.0000018129242,50.1999991921129,-4.5));
#1946=CARTESIAN_POINT('Origin',(-18.0000018129242,50.1999991921129,-5.));
#1947=CARTESIAN_POINT('',(-21.0000018129242,50.1999991921129,-1.8));
#1948=CARTESIAN_POINT('',(-21.0000018129242,50.1999991921129,-5.));
#1949=CARTESIAN_POINT('Origin',(-18.0000018129242,50.1999991921129,-1.8));
#1950=CARTESIAN_POINT('Origin',(17.9999981870758,50.1999991921233,-4.5));
#1951=CARTESIAN_POINT('',(14.9999981870758,50.1999991921233,-4.5));
#1952=CARTESIAN_POINT('Origin',(14.4999981870758,50.1999991921233,-4.5));
#1953=CARTESIAN_POINT('Origin',(17.9999981870758,50.1999991921233,-4.5));
#1954=CARTESIAN_POINT('Origin',(17.9999981870758,50.1999991921233,-5.));
#1955=CARTESIAN_POINT('',(14.9999981870758,50.1999991921233,-1.8));
#1956=CARTESIAN_POINT('',(14.9999981870758,50.1999991921233,-5.));
#1957=CARTESIAN_POINT('Origin',(17.9999981870758,50.1999991921233,-1.8));
#1958=CARTESIAN_POINT('Origin',(-18.0000018129242,50.1999991921129,-0.5));
#1959=CARTESIAN_POINT('',(-19.7000018129242,50.1999991921129,-0.5));
#1960=CARTESIAN_POINT('Origin',(-18.0000018129242,50.1999991921129,-0.5));
#1961=CARTESIAN_POINT('',(-20.2000018129242,50.1999991921129,0.));
#1962=CARTESIAN_POINT('Origin',(-20.2000018129242,50.1999991921129,-0.5));
#1963=CARTESIAN_POINT('Origin',(-18.0000018129242,50.1999991921129,0.));
#1964=CARTESIAN_POINT('Origin',(-1.81292418854895E-6,56.6999991921136,0.));
#1965=CARTESIAN_POINT('',(-7.70000181292419,48.9699991921139,0.));
#1966=CARTESIAN_POINT('',(-2.53714587663048,41.6999991921136,0.));
#1967=CARTESIAN_POINT('Origin',(-1.81292417996706E-6,48.9699991921136,0.));
#1968=CARTESIAN_POINT('',(-7.70000181292419,51.8105472033138,0.));
#1969=CARTESIAN_POINT('',(-7.7000018129242,52.8349991921137,0.));
#1970=CARTESIAN_POINT('',(-9.7000018129242,51.8105472033138,0.));
#1971=CARTESIAN_POINT('',(-3.6000018129242,51.8105472033138,0.));
#1972=CARTESIAN_POINT('',(-9.70000181292421,69.2105472033138,0.));
#1973=CARTESIAN_POINT('',(-9.7000018129242,54.5052731977137,0.));
#1974=CARTESIAN_POINT('',(-7.7000018129242,69.2105472033138,0.));
#1975=CARTESIAN_POINT('',(-4.60000181292414,69.2105472033138,0.));
#1976=CARTESIAN_POINT('',(-7.7000018129242,71.6999991921136,0.));
#1977=CARTESIAN_POINT('',(-7.70000181292421,62.7052731977137,0.));
#1978=CARTESIAN_POINT('',(-19.0000018129242,71.6999991921137,0.));
#1979=CARTESIAN_POINT('',(-9.50000181292419,71.6999991921136,0.));
#1980=CARTESIAN_POINT('',(-22.5000018129242,68.1999991921136,0.));
#1981=CARTESIAN_POINT('Origin',(-19.0000018129242,68.1999991921136,0.));
#1982=CARTESIAN_POINT('',(-22.5000018129242,45.1999991921136,0.));
#1983=CARTESIAN_POINT('',(-22.5000018129242,50.9499991921136,0.));
#1984=CARTESIAN_POINT('',(-19.0000018129242,41.6999991921136,0.));
#1985=CARTESIAN_POINT('Origin',(-19.0000018129242,45.1999991921136,0.));
#1986=CARTESIAN_POINT('',(9.49999818707581,41.6999991921136,0.));
#1987=CARTESIAN_POINT('',(-20.2000018129242,66.1999991921385,0.));
#1988=CARTESIAN_POINT('Origin',(-18.0000018129242,66.1999991921385,0.));
#1989=CARTESIAN_POINT('Origin',(-18.0000018129242,50.1999991921129,0.));
#1990=CARTESIAN_POINT('',(-19.7000018129242,50.1999991921129,-1.8));
#1991=CARTESIAN_POINT('Origin',(-18.0000018129242,50.1999991921129,-1.8));
#1992=CARTESIAN_POINT('',(-19.7000018129242,50.1999991921129,0.));
#1993=CARTESIAN_POINT('Origin',(17.9999981870758,50.1999991921233,-0.5));
#1994=CARTESIAN_POINT('',(16.2999981870758,50.1999991921233,-0.5));
#1995=CARTESIAN_POINT('Origin',(17.9999981870758,50.1999991921233,-0.5));
#1996=CARTESIAN_POINT('',(15.7999981870758,50.1999991921233,0.));
#1997=CARTESIAN_POINT('Origin',(15.7999981870758,50.1999991921233,-0.5));
#1998=CARTESIAN_POINT('Origin',(17.9999981870758,50.1999991921233,0.));
#1999=CARTESIAN_POINT('Origin',(-1.81292418854895E-6,56.6999991921136,0.));
#2000=CARTESIAN_POINT('',(7.69999818707447,71.6999991921136,0.));
#2001=CARTESIAN_POINT('',(18.9999981870758,71.6999991921136,0.));
#2002=CARTESIAN_POINT('',(-9.50000181292419,71.6999991921136,0.));
#2003=CARTESIAN_POINT('',(7.69999818707523,69.2105472033137,0.));
#2004=CARTESIAN_POINT('',(7.69999818707668,64.4499991921149,0.));
#2005=CARTESIAN_POINT('',(9.69999818707538,69.2105472033133,0.));
#2006=CARTESIAN_POINT('',(3.59999818707681,69.2105472033145,0.));
#2007=CARTESIAN_POINT('',(9.69999818707538,51.8105472033134,0.));
#2008=CARTESIAN_POINT('',(9.69999818707538,62.7052731977135,0.));
#2009=CARTESIAN_POINT('',(7.69999818707545,51.8105472033134,0.));
#2010=CARTESIAN_POINT('',(4.5999981870756,51.8105472033134,0.));
#2011=CARTESIAN_POINT('',(7.69999818707583,48.9699991921135,0.));
#2012=CARTESIAN_POINT('',(7.69999818707509,54.5052731977141,0.));
#2013=CARTESIAN_POINT('',(2.53714225078212,41.6999991921136,0.));
#2014=CARTESIAN_POINT('Origin',(-1.81292417996706E-6,48.9699991921136,0.));
#2015=CARTESIAN_POINT('',(18.9999981870758,41.6999991921136,0.));
#2016=CARTESIAN_POINT('',(9.49999818707581,41.6999991921136,0.));
#2017=CARTESIAN_POINT('',(22.4999981870758,45.1999991921136,0.));
#2018=CARTESIAN_POINT('Origin',(18.9999981870758,45.1999991921136,0.));
#2019=CARTESIAN_POINT('',(22.4999981870758,68.1999991921137,0.));
#2020=CARTESIAN_POINT('',(22.4999981870758,62.4499991921137,0.));
#2021=CARTESIAN_POINT('Origin',(18.9999981870758,68.1999991921137,0.));
#2022=CARTESIAN_POINT('',(15.7999981870758,66.1999991921243,0.));
#2023=CARTESIAN_POINT('Origin',(17.9999981870758,66.1999991921243,0.));
#2024=CARTESIAN_POINT('Origin',(17.9999981870758,50.1999991921233,0.));
#2025=CARTESIAN_POINT('',(16.2999981870758,50.1999991921233,-1.8));
#2026=CARTESIAN_POINT('Origin',(17.9999981870758,50.1999991921233,-1.8));
#2027=CARTESIAN_POINT('',(16.2999981870758,50.1999991921233,0.));
#2028=CARTESIAN_POINT('Origin',(-18.0000018129242,66.1999991921385,-0.5));
#2029=CARTESIAN_POINT('',(-19.7000018129242,66.1999991921385,-0.5));
#2030=CARTESIAN_POINT('Origin',(-18.0000018129242,66.1999991921385,-0.5));
#2031=CARTESIAN_POINT('Origin',(-20.2000018129242,66.1999991921385,-0.5));
#2032=CARTESIAN_POINT('Origin',(-18.0000018129242,66.1999991921385,0.));
#2033=CARTESIAN_POINT('',(-19.7000018129242,66.1999991921385,-1.8));
#2034=CARTESIAN_POINT('Origin',(-18.0000018129242,66.1999991921385,-1.8));
#2035=CARTESIAN_POINT('',(-19.7000018129242,66.1999991921385,0.));
#2036=CARTESIAN_POINT('Origin',(17.9999981870758,66.1999991921243,-0.5));
#2037=CARTESIAN_POINT('',(16.2999981870758,66.1999991921243,-0.5));
#2038=CARTESIAN_POINT('Origin',(17.9999981870758,66.1999991921243,-0.5));
#2039=CARTESIAN_POINT('Origin',(15.7999981870758,66.1999991921243,-0.5));
#2040=CARTESIAN_POINT('Origin',(17.9999981870758,66.1999991921243,0.));
#2041=CARTESIAN_POINT('',(16.2999981870758,66.1999991921243,-1.8));
#2042=CARTESIAN_POINT('Origin',(17.9999981870758,66.1999991921243,-1.8));
#2043=CARTESIAN_POINT('',(16.2999981870758,66.1999991921243,0.));
#2044=CARTESIAN_POINT('Origin',(-1.81292417996706E-6,48.9699991921136,-0.5));
#2045=CARTESIAN_POINT('Ctrl Pts',(2.53714225078121,41.6999991921133,0.));
#2046=CARTESIAN_POINT('Ctrl Pts',(2.53098681616453,41.6989559573506,4.69677272008405E-18));
#2047=CARTESIAN_POINT('Ctrl Pts',(2.52483071753533,41.6979164066167,-3.26497881544806E-6));
#2048=CARTESIAN_POINT('Ctrl Pts',(2.1439822287044,41.6338393262888,-0.000402938887350638));
#2049=CARTESIAN_POINT('Ctrl Pts',(1.76496398474462,41.5841305607419,-0.0121953581512728));
#2050=CARTESIAN_POINT('Ctrl Pts',(1.18665297390032,41.5307646556818,-0.0291335498147568));
#2051=CARTESIAN_POINT('Ctrl Pts',(0.991441853463664,41.5165509041828,-0.0347322351751159));
#2052=CARTESIAN_POINT('Ctrl Pts',(0.686479983371606,41.5003405821816,-0.0415502965220271));
#2053=CARTESIAN_POINT('Ctrl Pts',(0.577243756153966,41.4957288029867,-0.0436144889805439));
#2054=CARTESIAN_POINT('Ctrl Pts',(0.375586640079395,41.4894265441708,-0.0464923297591137));
#2055=CARTESIAN_POINT('Ctrl Pts',(0.283379714621779,41.4873967672471,-0.0474495522936498));
#2056=CARTESIAN_POINT('Ctrl Pts',(0.12737065819375,41.4854055568187,-0.0483913414456171));
#2057=CARTESIAN_POINT('Ctrl Pts',(0.0637011729649083,41.4849991921136,-0.0485855562789309));
#2058=CARTESIAN_POINT('Ctrl Pts',(-0.0637047988132682,41.4849991921136,
-0.0485855562789309));
#2059=CARTESIAN_POINT('Ctrl Pts',(-0.127374284042109,41.4854055568187,-0.0483913414456171));
#2060=CARTESIAN_POINT('Ctrl Pts',(-0.283383340470137,41.4873967672471,-0.0474495522936498));
#2061=CARTESIAN_POINT('Ctrl Pts',(-0.375590265927751,41.4894265441708,-0.0464923297591138));
#2062=CARTESIAN_POINT('Ctrl Pts',(-0.577247382002113,41.4957288029867,-0.043614488980547));
#2063=CARTESIAN_POINT('Ctrl Pts',(-0.686483609219517,41.5003405821815,-0.0415502965220353));
#2064=CARTESIAN_POINT('Ctrl Pts',(-0.991445479312108,41.5165509041828,-0.0347322351751125));
#2065=CARTESIAN_POINT('Ctrl Pts',(-1.18665659974891,41.5307646556818,-0.029133549814749));
#2066=CARTESIAN_POINT('Ctrl Pts',(-1.76496761070216,41.5841305607519,-0.012195358148074));
#2067=CARTESIAN_POINT('Ctrl Pts',(-2.14398585466823,41.6338393263079,-0.00040293888722712));
#2068=CARTESIAN_POINT('Ctrl Pts',(-2.52483434272236,41.6979164065055,-3.26497950961502E-6));
#2069=CARTESIAN_POINT('Ctrl Pts',(-2.5309904426751,41.6989559574601,5.8143439881572E-15));
#2070=CARTESIAN_POINT('Ctrl Pts',(-2.53714587663048,41.6999991921107,0.));
#2071=CARTESIAN_POINT('',(7.19999818707583,48.9699991921134,-0.5));
#2072=CARTESIAN_POINT('Origin',(7.69999818707583,48.9699991921135,-0.5));
#2073=CARTESIAN_POINT('',(-7.20000181292419,48.9699991921139,-0.5));
#2074=CARTESIAN_POINT('Origin',(-1.81292417996706E-6,48.9699991921136,-0.5));
#2075=CARTESIAN_POINT('Origin',(-7.70000181292419,48.9699991921139,-0.5));
#2076=CARTESIAN_POINT('Origin',(4.5999981870756,51.8105472033134,-0.5));
#2077=CARTESIAN_POINT('',(9.19999818707538,52.3105472033134,-0.5));
#2078=CARTESIAN_POINT('Origin',(9.69999818707538,51.8105472033134,-0.5));
#2079=CARTESIAN_POINT('',(7.19999818707538,52.3105472033134,-0.5));
#2080=CARTESIAN_POINT('',(4.5999981870756,52.3105472033134,-0.5));
#2081=CARTESIAN_POINT('Origin',(7.69999818707545,51.8105472033134,-0.5));
#2082=CARTESIAN_POINT('Origin',(9.69999818707538,62.7052731977135,-0.5));
#2083=CARTESIAN_POINT('',(9.19999818707538,68.7105472033134,-0.5));
#2084=CARTESIAN_POINT('Origin',(9.69999818707538,69.2105472033133,-0.5));
#2085=CARTESIAN_POINT('',(9.19999818707538,62.7052731977135,-0.5));
#2086=CARTESIAN_POINT('Origin',(3.59999818707681,69.2105472033145,-0.5));
#2087=CARTESIAN_POINT('',(7.19999818707538,68.7105472033138,-0.5));
#2088=CARTESIAN_POINT('Origin',(7.69999818707523,69.2105472033137,-0.5));
#2089=CARTESIAN_POINT('',(3.59999818707672,68.7105472033145,-0.5));
#2090=CARTESIAN_POINT('Origin',(7.69999818707447,71.6999991921136,-0.5));
#2091=CARTESIAN_POINT('',(7.19999818707447,71.6999991921135,-0.5));
#2092=CARTESIAN_POINT('Origin',(7.69999818707447,71.6999991921136,-0.5));
#2093=CARTESIAN_POINT('Origin',(7.69999818707447,71.6999991921136,-0.5));
#2094=CARTESIAN_POINT('Origin',(7.69999818707447,71.6999991921137,-0.5));
#2095=CARTESIAN_POINT('Origin',(7.69999818707447,71.6999991921137,0.));
#2096=CARTESIAN_POINT('',(7.19999818707447,71.6999991921135,-2.));
#2097=CARTESIAN_POINT('',(7.19999818707447,71.6999991921135,0.));
#2098=CARTESIAN_POINT('Origin',(7.69999818707447,71.6999991921137,-2.5));
#2099=CARTESIAN_POINT('Origin',(-7.7000018129242,71.6999991921136,-0.5));
#2100=CARTESIAN_POINT('',(-7.2000018129242,71.6999991921136,-0.5));
#2101=CARTESIAN_POINT('Origin',(-7.7000018129242,71.6999991921136,-0.5));
#2102=CARTESIAN_POINT('Origin',(-7.7000018129242,71.6999991921136,-0.5));
#2103=CARTESIAN_POINT('Origin',(-7.7000018129242,71.6999991921136,-0.5));
#2104=CARTESIAN_POINT('Origin',(-7.7000018129242,71.6999991921136,0.));
#2105=CARTESIAN_POINT('',(-7.2000018129242,71.6999991921137,-2.));
#2106=CARTESIAN_POINT('',(-7.2000018129242,71.6999991921136,0.));
#2107=CARTESIAN_POINT('Origin',(-7.7000018129242,71.6999991921136,-2.5));
#2108=CARTESIAN_POINT('Origin',(-9.50000181292419,71.6999991921136,-0.5));
#2109=CARTESIAN_POINT('Origin',(18.9999981870758,71.6999991921136,-0.5));
#2110=CARTESIAN_POINT('Origin',(18.9999981870758,68.1999991921137,-0.5));
#2111=CARTESIAN_POINT('Origin',(22.4999981870758,68.1999991921137,-0.5));
#2112=CARTESIAN_POINT('Origin',(22.4999981870758,62.4499991921137,-0.5));
#2113=CARTESIAN_POINT('Origin',(22.4999981870758,45.1999991921136,-0.5));
#2114=CARTESIAN_POINT('Origin',(18.9999981870758,45.1999991921136,-0.5));
#2115=CARTESIAN_POINT('',(18.9999981870758,41.1999991921136,-0.5));
#2116=CARTESIAN_POINT('Origin',(18.9999981870758,41.6999991921136,-0.5));
#2117=CARTESIAN_POINT('Origin',(18.9999981870758,45.1999991921136,-0.5));
#2118=CARTESIAN_POINT('Origin',(9.49999818707581,41.6999991921136,-0.5));
#2119=CARTESIAN_POINT('',(-19.0000018129242,41.1999991921136,-0.5));
#2120=CARTESIAN_POINT('Origin',(-19.0000018129242,41.6999991921136,-0.5));
#2121=CARTESIAN_POINT('',(9.49999818707581,41.1999991921136,-0.5));
#2122=CARTESIAN_POINT('Origin',(-19.0000018129242,45.1999991921136,-0.5));
#2123=CARTESIAN_POINT('',(-23.0000018129242,45.1999991921136,-0.5));
#2124=CARTESIAN_POINT('Origin',(-22.5000018129242,45.1999991921136,-0.5));
#2125=CARTESIAN_POINT('Origin',(-19.0000018129242,45.1999991921136,-0.5));
#2126=CARTESIAN_POINT('Origin',(-22.5000018129242,50.9499991921136,-0.5));
#2127=CARTESIAN_POINT('Origin',(-22.5000018129242,68.1999991921136,-0.5));
#2128=CARTESIAN_POINT('',(-23.0000018129242,50.9499991921136,-0.5));
#2129=CARTESIAN_POINT('Origin',(-19.0000018129242,68.1999991921136,-0.5));
#2130=CARTESIAN_POINT('Origin',(-19.0000018129242,71.6999991921137,-0.5));
#2131=CARTESIAN_POINT('Origin',(-9.50000181292419,71.6999991921136,-0.5));
#2132=CARTESIAN_POINT('Origin',(-7.70000181292421,62.7052731977137,-0.5));
#2133=CARTESIAN_POINT('',(-7.2000018129242,68.7105472033138,-0.5));
#2134=CARTESIAN_POINT('',(-7.20000181292421,62.7052731977137,-0.5));
#2135=CARTESIAN_POINT('Origin',(-7.7000018129242,69.2105472033138,-0.5));
#2136=CARTESIAN_POINT('Origin',(-9.5000018129243,71.6999991921137,-2.5));
#2137=CARTESIAN_POINT('',(-9.5000018129243,71.6999991921137,-2.));
#2138=CARTESIAN_POINT('Origin',(-4.60000181292414,69.2105472033138,-0.5));
#2139=CARTESIAN_POINT('',(-9.20000181292421,68.7105472033138,-0.5));
#2140=CARTESIAN_POINT('',(-4.60000181292414,68.7105472033138,-0.5));
#2141=CARTESIAN_POINT('Origin',(-9.70000181292421,69.2105472033138,-0.5));
#2142=CARTESIAN_POINT('Origin',(7.69999818707668,64.4499991921149,-0.5));
#2143=CARTESIAN_POINT('',(7.19999818707668,64.4499991921147,-0.5));
#2144=CARTESIAN_POINT('Origin',(-9.7000018129242,54.5052731977137,-0.5));
#2145=CARTESIAN_POINT('',(-9.2000018129242,52.3105472033138,-0.5));
#2146=CARTESIAN_POINT('',(-9.2000018129242,54.5052731977137,-0.5));
#2147=CARTESIAN_POINT('Origin',(-9.7000018129242,51.8105472033138,-0.5));
#2148=CARTESIAN_POINT('Origin',(-3.6000018129242,51.8105472033138,-0.5));
#2149=CARTESIAN_POINT('',(-7.20000181292419,52.3105472033138,-0.5));
#2150=CARTESIAN_POINT('',(-3.6000018129242,52.3105472033138,-0.5));
#2151=CARTESIAN_POINT('Origin',(-7.70000181292419,51.8105472033138,-0.5));
#2152=CARTESIAN_POINT('Origin',(7.69999818707509,54.5052731977141,-0.5));
#2153=CARTESIAN_POINT('',(7.19999818707509,54.505273197714,-0.5));
#2154=CARTESIAN_POINT('Origin',(-7.7000018129242,52.8349991921137,-0.5));
#2155=CARTESIAN_POINT('',(-7.2000018129242,52.8349991921137,-0.5));
#2156=CARTESIAN_POINT('Origin',(9.19999818707538,52.3105472033134,0.));
#2157=CARTESIAN_POINT('',(9.19999818707538,52.3105472033134,-2.));
#2158=CARTESIAN_POINT('',(9.19999818707538,52.3105472033134,0.));
#2159=CARTESIAN_POINT('',(7.19999818707538,52.3105472033134,-2.));
#2160=CARTESIAN_POINT('',(7.19999818707538,52.3105472033134,-2.));
#2161=CARTESIAN_POINT('',(7.19999818707538,52.3105472033134,0.));
#2162=CARTESIAN_POINT('Origin',(9.19999818707538,68.7105472033134,0.));
#2163=CARTESIAN_POINT('',(9.19999818707538,68.7105472033134,-2.));
#2164=CARTESIAN_POINT('',(9.19999818707538,68.7105472033134,0.));
#2165=CARTESIAN_POINT('',(9.19999818707538,52.3105472033134,-2.));
#2166=CARTESIAN_POINT('Origin',(7.19999818707538,68.7105472033138,0.));
#2167=CARTESIAN_POINT('',(7.19999818707538,68.7105472033138,-2.));
#2168=CARTESIAN_POINT('',(7.19999818707538,68.7105472033138,0.));
#2169=CARTESIAN_POINT('',(9.19999818707538,68.7105472033134,-2.));
#2170=CARTESIAN_POINT('Origin',(7.19999818707431,72.1999991921136,0.));
#2171=CARTESIAN_POINT('',(7.19999818707538,68.7105472033138,-2.));
#2172=CARTESIAN_POINT('Origin',(-1.812924412814E-6,56.9849991921136,-2.));
#2173=CARTESIAN_POINT('',(-7.2000018129242,68.7105472033138,-2.));
#2174=CARTESIAN_POINT('',(-7.2000018129242,68.7105472033138,-2.));
#2175=CARTESIAN_POINT('',(-9.20000181292421,68.7105472033138,-2.));
#2176=CARTESIAN_POINT('',(-9.20000181292421,68.7105472033138,-2.));
#2177=CARTESIAN_POINT('',(-9.2000018129242,52.3105472033138,-2.));
#2178=CARTESIAN_POINT('',(-9.2000018129242,52.3105472033138,-2.));
#2179=CARTESIAN_POINT('',(-7.20000181292419,52.3105472033138,-2.));
#2180=CARTESIAN_POINT('',(-7.20000181292419,52.3105472033138,-2.));
#2181=CARTESIAN_POINT('',(-7.20000181292419,48.9699991921139,-2.));
#2182=CARTESIAN_POINT('',(-7.20000181292419,48.9699991921138,-2.));
#2183=CARTESIAN_POINT('',(7.19999818707583,48.9699991921134,-2.));
#2184=CARTESIAN_POINT('Origin',(-1.81292417996706E-6,48.9699991921136,-2.));
#2185=CARTESIAN_POINT('',(7.19999818707583,48.9699991921134,-2.));
#2186=CARTESIAN_POINT('Origin',(18.9999981870758,41.1999991921136,0.));
#2187=CARTESIAN_POINT('',(18.9999981870758,41.1999991921136,0.));
#2188=CARTESIAN_POINT('',(-19.0000018129242,41.1999991921136,0.));
#2189=CARTESIAN_POINT('Origin',(-19.0000018129242,45.1999991921136,0.));
#2190=CARTESIAN_POINT('',(-23.0000018129242,45.1999991921136,0.));
#2191=CARTESIAN_POINT('Origin',(-23.0000018129242,45.1999991921136,0.));
#2192=CARTESIAN_POINT('Origin',(17.9999981870758,50.1999991921233,-1.8));
#2193=CARTESIAN_POINT('Origin',(-18.0000018129242,50.1999991921129,-1.8));
#2194=CARTESIAN_POINT('Origin',(17.9999981870758,66.1999991921243,-1.8));
#2195=CARTESIAN_POINT('Origin',(-18.0000018129242,66.1999991921385,-1.8));
#2196=CARTESIAN_POINT('Origin',(-7.2000018129242,68.7105472033138,0.));
#2197=CARTESIAN_POINT('',(-7.2000018129242,68.7105472033138,0.));
#2198=CARTESIAN_POINT('Origin',(-9.20000181292421,68.7105472033138,0.));
#2199=CARTESIAN_POINT('',(-9.20000181292421,68.7105472033138,0.));
#2200=CARTESIAN_POINT('Origin',(-9.2000018129242,52.3105472033138,0.));
#2201=CARTESIAN_POINT('',(-9.2000018129242,52.3105472033138,0.));
#2202=CARTESIAN_POINT('Origin',(-7.20000181292419,52.3105472033138,0.));
#2203=CARTESIAN_POINT('',(-7.20000181292419,52.3105472033138,0.));
#2204=CARTESIAN_POINT('Origin',(-7.20000181292419,48.9699991921139,0.));
#2205=CARTESIAN_POINT('',(-7.20000181292419,48.9699991921139,0.));
#2206=CARTESIAN_POINT('Origin',(-1.81292417996706E-6,48.9699991921136,0.));
#2207=CARTESIAN_POINT('',(7.19999818707583,48.9699991921134,0.));
#2208=CARTESIAN_POINT('Origin',(7.19999818707538,52.3105472033134,0.));
#2209=CARTESIAN_POINT('Origin',(18.9999981870758,45.1999991921136,0.));
#2210=UNCERTAINTY_MEASURE_WITH_UNIT(LENGTH_MEASURE(0.01),#2214,
'DISTANCE_ACCURACY_VALUE',
'Maximum model space distance between geometric entities at asserted c
onnectivities');
#2211=UNCERTAINTY_MEASURE_WITH_UNIT(LENGTH_MEASURE(0.01),#2214,
'DISTANCE_ACCURACY_VALUE',
'Maximum model space distance between geometric entities at asserted c
onnectivities');
#2212=(
GEOMETRIC_REPRESENTATION_CONTEXT(3)
GLOBAL_UNCERTAINTY_ASSIGNED_CONTEXT((#2210))
GLOBAL_UNIT_ASSIGNED_CONTEXT((#2214,#2216,#2217))
REPRESENTATION_CONTEXT('','3D')
);
#2213=(
GEOMETRIC_REPRESENTATION_CONTEXT(3)
GLOBAL_UNCERTAINTY_ASSIGNED_CONTEXT((#2211))
GLOBAL_UNIT_ASSIGNED_CONTEXT((#2214,#2216,#2217))
REPRESENTATION_CONTEXT('','3D')
);
#2214=(
LENGTH_UNIT()
NAMED_UNIT(*)
SI_UNIT(.MILLI.,.METRE.)
);
#2215=(
LENGTH_UNIT()
NAMED_UNIT(*)
SI_UNIT($,.METRE.)
);
#2216=(
NAMED_UNIT(*)
PLANE_ANGLE_UNIT()
SI_UNIT($,.RADIAN.)
);
#2217=(
NAMED_UNIT(*)
SI_UNIT($,.STERADIAN.)
SOLID_ANGLE_UNIT()
);
#2218=SHAPE_DEFINITION_REPRESENTATION(#2219,#2220);
#2219=PRODUCT_DEFINITION_SHAPE('',$,#2222);
#2220=SHAPE_REPRESENTATION('',(#1243),#2212);
#2221=PRODUCT_DEFINITION_CONTEXT('part definition',#2226,'design');
#2222=PRODUCT_DEFINITION('SUPPORT PULL TAB','SUPPORT PULL TAB',#2223,#2221);
#2223=PRODUCT_DEFINITION_FORMATION('',$,#2228);
#2224=PRODUCT_RELATED_PRODUCT_CATEGORY('SUPPORT PULL TAB',
'SUPPORT PULL TAB',(#2228));
#2225=APPLICATION_PROTOCOL_DEFINITION('international standard',
'automotive_design',2009,#2226);
#2226=APPLICATION_CONTEXT(
'Core Data for Automotive Mechanical Design Process');
#2227=PRODUCT_CONTEXT('part definition',#2226,'mechanical');
#2228=PRODUCT('SUPPORT PULL TAB','SUPPORT PULL TAB',$,(#2227));
#2229=PRESENTATION_STYLE_ASSIGNMENT((#2230));
#2230=SURFACE_STYLE_USAGE(.BOTH.,#2231);
#2231=SURFACE_SIDE_STYLE('',(#2232));
#2232=SURFACE_STYLE_FILL_AREA(#2233);
#2233=FILL_AREA_STYLE('Plastic - Glossy (Blue)',(#2234));
#2234=FILL_AREA_STYLE_COLOUR('Plastic - Glossy (Blue)',#2235);
#2235=COLOUR_RGB('Plastic - Glossy (Blue)',0.188235294117647,0.231372549019608,
0.588235294117647);
ENDSEC;
END-ISO-10303-21;
