ISO-10303-21;
HEADER;
/* Generated by software containing ST-Developer
 * from STEP Tools, Inc. (www.steptools.com) 
 */

FILE_DESCRIPTION(
/* description */ (''),
/* implementation_level */ '2;1');

FILE_NAME(
/* name */ 'PCB REAR HOUSING.step',
/* time_stamp */ '2026-03-23T18:12:11-05:00',
/* author */ (''),
/* organization */ (''),
/* preprocessor_version */ 'ST-DEVELOPER v20.1',
/* originating_system */ 'Autodesk Translation Framework v14.24.0.0',
/* authorisation */ '');

FILE_SCHEMA (('AUTOMOTIVE_DESIGN { 1 0 10303 214 3 1 1 }'));
ENDSEC;

DATA;
#10=MECHANICAL_DESIGN_GEOMETRIC_PRESENTATION_REPRESENTATION('',(#13),#3453);
#11=SHAPE_REPRESENTATION_RELATIONSHIP('SRR','None',#3460,#12);
#12=ADVANCED_BREP_SHAPE_REPRESENTATION('',(#14),#3452);
#13=STYLED_ITEM('',(#3469),#14);
#14=MANIFOLD_SOLID_BREP('Pcb rear housing',#2053);
#15=FACE_BOUND('',#336,.T.);
#16=FACE_BOUND('',#337,.T.);
#17=FACE_BOUND('',#338,.T.);
#18=FACE_BOUND('',#339,.T.);
#19=FACE_BOUND('',#340,.T.);
#20=FACE_BOUND('',#368,.T.);
#21=FACE_BOUND('',#370,.T.);
#22=FACE_BOUND('',#371,.T.);
#23=FACE_BOUND('',#372,.T.);
#24=FACE_BOUND('',#373,.T.);
#25=FACE_BOUND('',#374,.T.);
#26=FACE_BOUND('',#375,.T.);
#27=FACE_BOUND('',#376,.T.);
#28=FACE_BOUND('',#377,.T.);
#29=FACE_BOUND('',#378,.T.);
#30=FACE_BOUND('',#382,.T.);
#31=FACE_BOUND('',#387,.T.);
#32=FACE_BOUND('',#392,.T.);
#33=FACE_BOUND('',#395,.T.);
#34=FACE_BOUND('',#396,.T.);
#35=FACE_BOUND('',#399,.T.);
#36=FACE_BOUND('',#402,.T.);
#37=FACE_BOUND('',#403,.T.);
#38=FACE_BOUND('',#404,.T.);
#39=FACE_BOUND('',#405,.T.);
#40=FACE_BOUND('',#423,.T.);
#41=FACE_BOUND('',#424,.T.);
#42=FACE_BOUND('',#427,.T.);
#43=FACE_BOUND('',#430,.T.);
#44=TOROIDAL_SURFACE('',#2106,6.5,0.5);
#45=TOROIDAL_SURFACE('',#2112,6.50000000000003,0.5);
#46=TOROIDAL_SURFACE('',#2118,6.49999999999997,0.5);
#47=TOROIDAL_SURFACE('',#2124,6.5,0.5);
#48=CIRCLE('',#2104,0.5);
#49=CIRCLE('',#2105,0.500000000000007);
#50=CIRCLE('',#2107,0.500000000000007);
#51=CIRCLE('',#2108,7.00000000000001);
#52=CIRCLE('',#2109,6.5);
#53=CIRCLE('',#2111,0.500000000000007);
#54=CIRCLE('',#2113,0.500000000000007);
#55=CIRCLE('',#2114,7.00000000000003);
#56=CIRCLE('',#2115,6.50000000000003);
#57=CIRCLE('',#2117,0.500000000000007);
#58=CIRCLE('',#2119,0.500000000000007);
#59=CIRCLE('',#2120,6.99999999999998);
#60=CIRCLE('',#2121,6.49999999999997);
#61=CIRCLE('',#2123,0.500000000000007);
#62=CIRCLE('',#2125,7.);
#63=CIRCLE('',#2126,6.5);
#64=CIRCLE('',#2128,6.99999999999998);
#65=CIRCLE('',#2131,7.);
#66=CIRCLE('',#2134,1.7);
#67=CIRCLE('',#2135,1.7);
#68=CIRCLE('',#2136,1.7);
#69=CIRCLE('',#2137,2.99999999999999);
#70=CIRCLE('',#2138,2.99999999999947);
#71=CIRCLE('',#2139,2.99999999999957);
#72=CIRCLE('',#2140,3.00000000000025);
#73=CIRCLE('',#2141,1.7);
#74=CIRCLE('',#2144,1.99999999999999);
#75=CIRCLE('',#2145,1.99999999999999);
#76=CIRCLE('',#2148,1.99999999999996);
#77=CIRCLE('',#2149,1.99999999999996);
#78=CIRCLE('',#2152,2.);
#79=CIRCLE('',#2153,2.);
#80=CIRCLE('',#2156,1.99999999999996);
#81=CIRCLE('',#2157,1.99999999999996);
#82=CIRCLE('',#2160,1.99999999999999);
#83=CIRCLE('',#2161,1.99999999999999);
#84=CIRCLE('',#2164,2.);
#85=CIRCLE('',#2165,2.);
#86=CIRCLE('',#2168,1.9999999999999);
#87=CIRCLE('',#2169,1.9999999999999);
#88=CIRCLE('',#2172,2.);
#89=CIRCLE('',#2173,2.);
#90=CIRCLE('',#2176,3.19897281075072);
#91=CIRCLE('',#2177,3.19897281075072);
#92=CIRCLE('',#2180,3.19897281075001);
#93=CIRCLE('',#2181,3.19897281075001);
#94=CIRCLE('',#2184,3.19897281075473);
#95=CIRCLE('',#2185,3.19897281075473);
#96=CIRCLE('',#2188,3.19897281074987);
#97=CIRCLE('',#2189,3.19897281074987);
#98=CIRCLE('',#2191,1.5);
#99=CIRCLE('',#2192,1.5);
#100=CIRCLE('',#2194,4.);
#101=CIRCLE('',#2195,4.);
#102=CIRCLE('',#2198,5.);
#103=CIRCLE('',#2199,5.);
#104=CIRCLE('',#2200,5.00000000000003);
#105=CIRCLE('',#2201,4.99999999999997);
#106=CIRCLE('',#2202,4.);
#107=CIRCLE('',#2203,4.);
#108=CIRCLE('',#2204,1.7);
#109=CIRCLE('',#2205,1.7);
#110=CIRCLE('',#2206,1.7);
#111=CIRCLE('',#2207,2.99999999999999);
#112=CIRCLE('',#2208,3.00000000000025);
#113=CIRCLE('',#2209,2.99999999999957);
#114=CIRCLE('',#2210,2.99999999999947);
#115=CIRCLE('',#2211,1.7);
#116=CIRCLE('',#2212,4.);
#117=CIRCLE('',#2214,1.5);
#118=CIRCLE('',#2215,1.5);
#119=CIRCLE('',#2217,4.);
#120=CIRCLE('',#2221,1.5);
#121=CIRCLE('',#2222,1.5);
#122=CIRCLE('',#2224,4.);
#123=CIRCLE('',#2228,1.5);
#124=CIRCLE('',#2229,1.5);
#125=CIRCLE('',#2231,4.);
#126=CIRCLE('',#2236,5.);
#127=CIRCLE('',#2239,5.00000000000003);
#128=CIRCLE('',#2242,4.99999999999997);
#129=CIRCLE('',#2245,5.);
#130=CIRCLE('',#2261,7.00000000000003);
#131=CIRCLE('',#2264,7.00000000000001);
#132=CYLINDRICAL_SURFACE('',#2103,0.5);
#133=CYLINDRICAL_SURFACE('',#2110,0.5);
#134=CYLINDRICAL_SURFACE('',#2116,0.5);
#135=CYLINDRICAL_SURFACE('',#2122,0.5);
#136=CYLINDRICAL_SURFACE('',#2127,6.99999999999998);
#137=CYLINDRICAL_SURFACE('',#2130,7.);
#138=CYLINDRICAL_SURFACE('',#2143,1.99999999999999);
#139=CYLINDRICAL_SURFACE('',#2147,1.99999999999996);
#140=CYLINDRICAL_SURFACE('',#2151,2.);
#141=CYLINDRICAL_SURFACE('',#2155,1.99999999999996);
#142=CYLINDRICAL_SURFACE('',#2159,1.99999999999999);
#143=CYLINDRICAL_SURFACE('',#2163,2.);
#144=CYLINDRICAL_SURFACE('',#2167,1.9999999999999);
#145=CYLINDRICAL_SURFACE('',#2171,2.);
#146=CYLINDRICAL_SURFACE('',#2175,3.19897281075072);
#147=CYLINDRICAL_SURFACE('',#2179,3.19897281075001);
#148=CYLINDRICAL_SURFACE('',#2183,3.19897281075473);
#149=CYLINDRICAL_SURFACE('',#2187,3.19897281074987);
#150=CYLINDRICAL_SURFACE('',#2190,1.5);
#151=CYLINDRICAL_SURFACE('',#2193,4.);
#152=CYLINDRICAL_SURFACE('',#2213,1.5);
#153=CYLINDRICAL_SURFACE('',#2216,4.);
#154=CYLINDRICAL_SURFACE('',#2220,1.5);
#155=CYLINDRICAL_SURFACE('',#2223,4.);
#156=CYLINDRICAL_SURFACE('',#2227,1.5);
#157=CYLINDRICAL_SURFACE('',#2230,4.);
#158=CYLINDRICAL_SURFACE('',#2235,5.);
#159=CYLINDRICAL_SURFACE('',#2238,5.00000000000003);
#160=CYLINDRICAL_SURFACE('',#2241,4.99999999999997);
#161=CYLINDRICAL_SURFACE('',#2244,5.);
#162=CYLINDRICAL_SURFACE('',#2248,3.00000000000025);
#163=CYLINDRICAL_SURFACE('',#2250,2.99999999999999);
#164=CYLINDRICAL_SURFACE('',#2251,1.7);
#165=CYLINDRICAL_SURFACE('',#2252,1.7);
#166=CYLINDRICAL_SURFACE('',#2253,1.7);
#167=CYLINDRICAL_SURFACE('',#2255,2.99999999999947);
#168=CYLINDRICAL_SURFACE('',#2257,2.99999999999957);
#169=CYLINDRICAL_SURFACE('',#2258,1.7);
#170=CYLINDRICAL_SURFACE('',#2260,7.00000000000003);
#171=CYLINDRICAL_SURFACE('',#2263,7.00000000000001);
#172=FACE_OUTER_BOUND('',#287,.T.);
#173=FACE_OUTER_BOUND('',#288,.T.);
#174=FACE_OUTER_BOUND('',#289,.T.);
#175=FACE_OUTER_BOUND('',#290,.T.);
#176=FACE_OUTER_BOUND('',#291,.T.);
#177=FACE_OUTER_BOUND('',#292,.T.);
#178=FACE_OUTER_BOUND('',#293,.T.);
#179=FACE_OUTER_BOUND('',#294,.T.);
#180=FACE_OUTER_BOUND('',#295,.T.);
#181=FACE_OUTER_BOUND('',#296,.T.);
#182=FACE_OUTER_BOUND('',#297,.T.);
#183=FACE_OUTER_BOUND('',#298,.T.);
#184=FACE_OUTER_BOUND('',#299,.T.);
#185=FACE_OUTER_BOUND('',#300,.T.);
#186=FACE_OUTER_BOUND('',#301,.T.);
#187=FACE_OUTER_BOUND('',#302,.T.);
#188=FACE_OUTER_BOUND('',#303,.T.);
#189=FACE_OUTER_BOUND('',#304,.T.);
#190=FACE_OUTER_BOUND('',#305,.T.);
#191=FACE_OUTER_BOUND('',#306,.T.);
#192=FACE_OUTER_BOUND('',#307,.T.);
#193=FACE_OUTER_BOUND('',#308,.T.);
#194=FACE_OUTER_BOUND('',#309,.T.);
#195=FACE_OUTER_BOUND('',#310,.T.);
#196=FACE_OUTER_BOUND('',#311,.T.);
#197=FACE_OUTER_BOUND('',#312,.T.);
#198=FACE_OUTER_BOUND('',#313,.T.);
#199=FACE_OUTER_BOUND('',#314,.T.);
#200=FACE_OUTER_BOUND('',#315,.T.);
#201=FACE_OUTER_BOUND('',#316,.T.);
#202=FACE_OUTER_BOUND('',#317,.T.);
#203=FACE_OUTER_BOUND('',#318,.T.);
#204=FACE_OUTER_BOUND('',#319,.T.);
#205=FACE_OUTER_BOUND('',#320,.T.);
#206=FACE_OUTER_BOUND('',#321,.T.);
#207=FACE_OUTER_BOUND('',#322,.T.);
#208=FACE_OUTER_BOUND('',#323,.T.);
#209=FACE_OUTER_BOUND('',#324,.T.);
#210=FACE_OUTER_BOUND('',#325,.T.);
#211=FACE_OUTER_BOUND('',#326,.T.);
#212=FACE_OUTER_BOUND('',#327,.T.);
#213=FACE_OUTER_BOUND('',#328,.T.);
#214=FACE_OUTER_BOUND('',#329,.T.);
#215=FACE_OUTER_BOUND('',#330,.T.);
#216=FACE_OUTER_BOUND('',#331,.T.);
#217=FACE_OUTER_BOUND('',#332,.T.);
#218=FACE_OUTER_BOUND('',#333,.T.);
#219=FACE_OUTER_BOUND('',#334,.T.);
#220=FACE_OUTER_BOUND('',#335,.T.);
#221=FACE_OUTER_BOUND('',#341,.T.);
#222=FACE_OUTER_BOUND('',#342,.T.);
#223=FACE_OUTER_BOUND('',#343,.T.);
#224=FACE_OUTER_BOUND('',#344,.T.);
#225=FACE_OUTER_BOUND('',#345,.T.);
#226=FACE_OUTER_BOUND('',#346,.T.);
#227=FACE_OUTER_BOUND('',#347,.T.);
#228=FACE_OUTER_BOUND('',#348,.T.);
#229=FACE_OUTER_BOUND('',#349,.T.);
#230=FACE_OUTER_BOUND('',#350,.T.);
#231=FACE_OUTER_BOUND('',#351,.T.);
#232=FACE_OUTER_BOUND('',#352,.T.);
#233=FACE_OUTER_BOUND('',#353,.T.);
#234=FACE_OUTER_BOUND('',#354,.T.);
#235=FACE_OUTER_BOUND('',#355,.T.);
#236=FACE_OUTER_BOUND('',#356,.T.);
#237=FACE_OUTER_BOUND('',#357,.T.);
#238=FACE_OUTER_BOUND('',#358,.T.);
#239=FACE_OUTER_BOUND('',#359,.T.);
#240=FACE_OUTER_BOUND('',#360,.T.);
#241=FACE_OUTER_BOUND('',#361,.T.);
#242=FACE_OUTER_BOUND('',#362,.T.);
#243=FACE_OUTER_BOUND('',#363,.T.);
#244=FACE_OUTER_BOUND('',#364,.T.);
#245=FACE_OUTER_BOUND('',#365,.T.);
#246=FACE_OUTER_BOUND('',#366,.T.);
#247=FACE_OUTER_BOUND('',#367,.T.);
#248=FACE_OUTER_BOUND('',#369,.T.);
#249=FACE_OUTER_BOUND('',#379,.T.);
#250=FACE_OUTER_BOUND('',#380,.T.);
#251=FACE_OUTER_BOUND('',#381,.T.);
#252=FACE_OUTER_BOUND('',#383,.T.);
#253=FACE_OUTER_BOUND('',#384,.T.);
#254=FACE_OUTER_BOUND('',#385,.T.);
#255=FACE_OUTER_BOUND('',#386,.T.);
#256=FACE_OUTER_BOUND('',#388,.T.);
#257=FACE_OUTER_BOUND('',#389,.T.);
#258=FACE_OUTER_BOUND('',#390,.T.);
#259=FACE_OUTER_BOUND('',#391,.T.);
#260=FACE_OUTER_BOUND('',#393,.T.);
#261=FACE_OUTER_BOUND('',#394,.T.);
#262=FACE_OUTER_BOUND('',#397,.T.);
#263=FACE_OUTER_BOUND('',#398,.T.);
#264=FACE_OUTER_BOUND('',#400,.T.);
#265=FACE_OUTER_BOUND('',#401,.T.);
#266=FACE_OUTER_BOUND('',#406,.T.);
#267=FACE_OUTER_BOUND('',#407,.T.);
#268=FACE_OUTER_BOUND('',#408,.T.);
#269=FACE_OUTER_BOUND('',#409,.T.);
#270=FACE_OUTER_BOUND('',#410,.T.);
#271=FACE_OUTER_BOUND('',#411,.T.);
#272=FACE_OUTER_BOUND('',#412,.T.);
#273=FACE_OUTER_BOUND('',#413,.T.);
#274=FACE_OUTER_BOUND('',#414,.T.);
#275=FACE_OUTER_BOUND('',#415,.T.);
#276=FACE_OUTER_BOUND('',#416,.T.);
#277=FACE_OUTER_BOUND('',#417,.T.);
#278=FACE_OUTER_BOUND('',#418,.T.);
#279=FACE_OUTER_BOUND('',#419,.T.);
#280=FACE_OUTER_BOUND('',#420,.T.);
#281=FACE_OUTER_BOUND('',#421,.T.);
#282=FACE_OUTER_BOUND('',#422,.T.);
#283=FACE_OUTER_BOUND('',#425,.T.);
#284=FACE_OUTER_BOUND('',#426,.T.);
#285=FACE_OUTER_BOUND('',#428,.T.);
#286=FACE_OUTER_BOUND('',#429,.T.);
#287=EDGE_LOOP('',(#1299,#1300,#1301,#1302));
#288=EDGE_LOOP('',(#1303,#1304,#1305,#1306));
#289=EDGE_LOOP('',(#1307,#1308,#1309,#1310,#1311,#1312));
#290=EDGE_LOOP('',(#1313,#1314,#1315,#1316));
#291=EDGE_LOOP('',(#1317,#1318,#1319,#1320,#1321,#1322));
#292=EDGE_LOOP('',(#1323,#1324,#1325,#1326));
#293=EDGE_LOOP('',(#1327,#1328,#1329,#1330,#1331,#1332));
#294=EDGE_LOOP('',(#1333,#1334,#1335,#1336));
#295=EDGE_LOOP('',(#1337,#1338,#1339,#1340,#1341));
#296=EDGE_LOOP('',(#1342,#1343,#1344,#1345));
#297=EDGE_LOOP('',(#1346,#1347,#1348,#1349,#1350));
#298=EDGE_LOOP('',(#1351,#1352,#1353,#1354));
#299=EDGE_LOOP('',(#1355,#1356,#1357,#1358));
#300=EDGE_LOOP('',(#1359,#1360,#1361,#1362));
#301=EDGE_LOOP('',(#1363,#1364,#1365,#1366,#1367));
#302=EDGE_LOOP('',(#1368,#1369,#1370,#1371));
#303=EDGE_LOOP('',(#1372,#1373,#1374,#1375,#1376));
#304=EDGE_LOOP('',(#1377,#1378,#1379,#1380));
#305=EDGE_LOOP('',(#1381,#1382,#1383,#1384));
#306=EDGE_LOOP('',(#1385,#1386,#1387,#1388));
#307=EDGE_LOOP('',(#1389,#1390,#1391,#1392,#1393,#1394));
#308=EDGE_LOOP('',(#1395,#1396,#1397,#1398));
#309=EDGE_LOOP('',(#1399,#1400,#1401,#1402,#1403));
#310=EDGE_LOOP('',(#1404,#1405,#1406,#1407));
#311=EDGE_LOOP('',(#1408,#1409,#1410,#1411,#1412));
#312=EDGE_LOOP('',(#1413,#1414,#1415,#1416));
#313=EDGE_LOOP('',(#1417,#1418,#1419,#1420));
#314=EDGE_LOOP('',(#1421,#1422,#1423,#1424,#1425));
#315=EDGE_LOOP('',(#1426,#1427,#1428,#1429));
#316=EDGE_LOOP('',(#1430,#1431,#1432,#1433,#1434));
#317=EDGE_LOOP('',(#1435,#1436,#1437,#1438));
#318=EDGE_LOOP('',(#1439,#1440,#1441,#1442));
#319=EDGE_LOOP('',(#1443,#1444,#1445,#1446));
#320=EDGE_LOOP('',(#1447,#1448,#1449,#1450));
#321=EDGE_LOOP('',(#1451,#1452,#1453,#1454));
#322=EDGE_LOOP('',(#1455,#1456,#1457,#1458));
#323=EDGE_LOOP('',(#1459,#1460,#1461,#1462));
#324=EDGE_LOOP('',(#1463,#1464,#1465,#1466));
#325=EDGE_LOOP('',(#1467,#1468,#1469,#1470));
#326=EDGE_LOOP('',(#1471,#1472,#1473,#1474));
#327=EDGE_LOOP('',(#1475,#1476,#1477,#1478));
#328=EDGE_LOOP('',(#1479,#1480,#1481,#1482));
#329=EDGE_LOOP('',(#1483,#1484,#1485,#1486));
#330=EDGE_LOOP('',(#1487,#1488,#1489,#1490));
#331=EDGE_LOOP('',(#1491,#1492,#1493,#1494));
#332=EDGE_LOOP('',(#1495,#1496,#1497,#1498));
#333=EDGE_LOOP('',(#1499,#1500,#1501,#1502));
#334=EDGE_LOOP('',(#1503,#1504,#1505,#1506));
#335=EDGE_LOOP('',(#1507,#1508,#1509,#1510,#1511,#1512,#1513,#1514));
#336=EDGE_LOOP('',(#1515));
#337=EDGE_LOOP('',(#1516));
#338=EDGE_LOOP('',(#1517));
#339=EDGE_LOOP('',(#1518,#1519,#1520,#1521,#1522,#1523,#1524,#1525));
#340=EDGE_LOOP('',(#1526));
#341=EDGE_LOOP('',(#1527,#1528,#1529,#1530));
#342=EDGE_LOOP('',(#1531,#1532,#1533,#1534));
#343=EDGE_LOOP('',(#1535,#1536,#1537,#1538));
#344=EDGE_LOOP('',(#1539,#1540,#1541,#1542));
#345=EDGE_LOOP('',(#1543,#1544,#1545,#1546));
#346=EDGE_LOOP('',(#1547,#1548,#1549,#1550));
#347=EDGE_LOOP('',(#1551,#1552,#1553,#1554));
#348=EDGE_LOOP('',(#1555,#1556,#1557,#1558));
#349=EDGE_LOOP('',(#1559,#1560,#1561,#1562));
#350=EDGE_LOOP('',(#1563,#1564,#1565,#1566));
#351=EDGE_LOOP('',(#1567,#1568,#1569,#1570));
#352=EDGE_LOOP('',(#1571,#1572,#1573,#1574));
#353=EDGE_LOOP('',(#1575,#1576,#1577,#1578));
#354=EDGE_LOOP('',(#1579,#1580,#1581,#1582));
#355=EDGE_LOOP('',(#1583,#1584,#1585,#1586));
#356=EDGE_LOOP('',(#1587,#1588,#1589,#1590));
#357=EDGE_LOOP('',(#1591,#1592,#1593,#1594));
#358=EDGE_LOOP('',(#1595,#1596,#1597,#1598));
#359=EDGE_LOOP('',(#1599,#1600,#1601,#1602));
#360=EDGE_LOOP('',(#1603,#1604,#1605,#1606));
#361=EDGE_LOOP('',(#1607,#1608,#1609,#1610));
#362=EDGE_LOOP('',(#1611,#1612,#1613,#1614));
#363=EDGE_LOOP('',(#1615,#1616,#1617,#1618));
#364=EDGE_LOOP('',(#1619,#1620,#1621,#1622));
#365=EDGE_LOOP('',(#1623,#1624,#1625,#1626));
#366=EDGE_LOOP('',(#1627,#1628,#1629,#1630));
#367=EDGE_LOOP('',(#1631));
#368=EDGE_LOOP('',(#1632));
#369=EDGE_LOOP('',(#1633,#1634,#1635,#1636,#1637,#1638,#1639,#1640));
#370=EDGE_LOOP('',(#1641));
#371=EDGE_LOOP('',(#1642));
#372=EDGE_LOOP('',(#1643));
#373=EDGE_LOOP('',(#1644));
#374=EDGE_LOOP('',(#1645));
#375=EDGE_LOOP('',(#1646,#1647,#1648,#1649,#1650,#1651,#1652,#1653));
#376=EDGE_LOOP('',(#1654));
#377=EDGE_LOOP('',(#1655));
#378=EDGE_LOOP('',(#1656));
#379=EDGE_LOOP('',(#1657,#1658,#1659,#1660));
#380=EDGE_LOOP('',(#1661,#1662,#1663,#1664));
#381=EDGE_LOOP('',(#1665));
#382=EDGE_LOOP('',(#1666));
#383=EDGE_LOOP('',(#1667));
#384=EDGE_LOOP('',(#1668,#1669,#1670,#1671));
#385=EDGE_LOOP('',(#1672,#1673,#1674,#1675));
#386=EDGE_LOOP('',(#1676));
#387=EDGE_LOOP('',(#1677));
#388=EDGE_LOOP('',(#1678));
#389=EDGE_LOOP('',(#1679,#1680,#1681,#1682));
#390=EDGE_LOOP('',(#1683,#1684,#1685,#1686));
#391=EDGE_LOOP('',(#1687));
#392=EDGE_LOOP('',(#1688));
#393=EDGE_LOOP('',(#1689));
#394=EDGE_LOOP('',(#1690,#1691,#1692,#1693));
#395=EDGE_LOOP('',(#1694,#1695,#1696,#1697));
#396=EDGE_LOOP('',(#1698,#1699,#1700,#1701));
#397=EDGE_LOOP('',(#1702,#1703,#1704,#1705));
#398=EDGE_LOOP('',(#1706,#1707,#1708,#1709));
#399=EDGE_LOOP('',(#1710,#1711,#1712,#1713,#1714,#1715,#1716,#1717));
#400=EDGE_LOOP('',(#1718,#1719,#1720,#1721));
#401=EDGE_LOOP('',(#1722,#1723,#1724,#1725));
#402=EDGE_LOOP('',(#1726,#1727,#1728,#1729));
#403=EDGE_LOOP('',(#1730,#1731,#1732,#1733));
#404=EDGE_LOOP('',(#1734,#1735,#1736,#1737,#1738,#1739,#1740,#1741));
#405=EDGE_LOOP('',(#1742,#1743,#1744,#1745,#1746,#1747,#1748,#1749));
#406=EDGE_LOOP('',(#1750,#1751,#1752,#1753));
#407=EDGE_LOOP('',(#1754,#1755,#1756,#1757));
#408=EDGE_LOOP('',(#1758,#1759,#1760,#1761));
#409=EDGE_LOOP('',(#1762));
#410=EDGE_LOOP('',(#1763,#1764,#1765,#1766));
#411=EDGE_LOOP('',(#1767,#1768,#1769,#1770));
#412=EDGE_LOOP('',(#1771,#1772,#1773,#1774));
#413=EDGE_LOOP('',(#1775,#1776,#1777,#1778));
#414=EDGE_LOOP('',(#1779,#1780,#1781,#1782));
#415=EDGE_LOOP('',(#1783,#1784,#1785,#1786));
#416=EDGE_LOOP('',(#1787,#1788,#1789,#1790));
#417=EDGE_LOOP('',(#1791,#1792,#1793,#1794));
#418=EDGE_LOOP('',(#1795,#1796,#1797,#1798));
#419=EDGE_LOOP('',(#1799,#1800,#1801,#1802));
#420=EDGE_LOOP('',(#1803,#1804,#1805,#1806));
#421=EDGE_LOOP('',(#1807,#1808,#1809,#1810));
#422=EDGE_LOOP('',(#1811,#1812,#1813,#1814));
#423=EDGE_LOOP('',(#1815,#1816,#1817,#1818,#1819,#1820,#1821,#1822));
#424=EDGE_LOOP('',(#1823,#1824,#1825,#1826,#1827,#1828,#1829,#1830));
#425=EDGE_LOOP('',(#1831,#1832,#1833,#1834));
#426=EDGE_LOOP('',(#1835,#1836,#1837,#1838));
#427=EDGE_LOOP('',(#1839,#1840,#1841,#1842,#1843,#1844,#1845,#1846));
#428=EDGE_LOOP('',(#1847,#1848,#1849,#1850));
#429=EDGE_LOOP('',(#1851,#1852,#1853,#1854,#1855,#1856,#1857,#1858));
#430=EDGE_LOOP('',(#1859,#1860,#1861,#1862,#1863,#1864,#1865,#1866));
#431=LINE('',#2870,#631);
#432=LINE('',#2872,#632);
#433=LINE('',#2874,#633);
#434=LINE('',#2875,#634);
#435=LINE('',#2878,#635);
#436=LINE('',#2880,#636);
#437=LINE('',#2881,#637);
#438=LINE('',#2885,#638);
#439=LINE('',#2887,#639);
#440=LINE('',#2889,#640);
#441=LINE('',#2891,#641);
#442=LINE('',#2893,#642);
#443=LINE('',#2894,#643);
#444=LINE('',#2897,#644);
#445=LINE('',#2899,#645);
#446=LINE('',#2900,#646);
#447=LINE('',#2904,#647);
#448=LINE('',#2906,#648);
#449=LINE('',#2908,#649);
#450=LINE('',#2910,#650);
#451=LINE('',#2912,#651);
#452=LINE('',#2913,#652);
#453=LINE('',#2916,#653);
#454=LINE('',#2918,#654);
#455=LINE('',#2919,#655);
#456=LINE('',#2923,#656);
#457=LINE('',#2925,#657);
#458=LINE('',#2927,#658);
#459=LINE('',#2929,#659);
#460=LINE('',#2931,#660);
#461=LINE('',#2932,#661);
#462=LINE('',#2935,#662);
#463=LINE('',#2937,#663);
#464=LINE('',#2938,#664);
#465=LINE('',#2942,#665);
#466=LINE('',#2943,#666);
#467=LINE('',#2945,#667);
#468=LINE('',#2946,#668);
#469=LINE('',#2949,#669);
#470=LINE('',#2951,#670);
#471=LINE('',#2952,#671);
#472=LINE('',#2955,#672);
#473=LINE('',#2957,#673);
#474=LINE('',#2958,#674);
#475=LINE('',#2959,#675);
#476=LINE('',#2961,#676);
#477=LINE('',#2964,#677);
#478=LINE('',#2965,#678);
#479=LINE('',#2970,#679);
#480=LINE('',#2971,#680);
#481=LINE('',#2972,#681);
#482=LINE('',#2975,#682);
#483=LINE('',#2976,#683);
#484=LINE('',#2979,#684);
#485=LINE('',#2981,#685);
#486=LINE('',#2982,#686);
#487=LINE('',#2984,#687);
#488=LINE('',#2985,#688);
#489=LINE('',#2988,#689);
#490=LINE('',#2989,#690);
#491=LINE('',#2992,#691);
#492=LINE('',#2994,#692);
#493=LINE('',#2998,#693);
#494=LINE('',#2999,#694);
#495=LINE('',#3001,#695);
#496=LINE('',#3002,#696);
#497=LINE('',#3005,#697);
#498=LINE('',#3006,#698);
#499=LINE('',#3007,#699);
#500=LINE('',#3010,#700);
#501=LINE('',#3011,#701);
#502=LINE('',#3013,#702);
#503=LINE('',#3018,#703);
#504=LINE('',#3019,#704);
#505=LINE('',#3021,#705);
#506=LINE('',#3022,#706);
#507=LINE('',#3025,#707);
#508=LINE('',#3026,#708);
#509=LINE('',#3027,#709);
#510=LINE('',#3030,#710);
#511=LINE('',#3031,#711);
#512=LINE('',#3033,#712);
#513=LINE('',#3037,#713);
#514=LINE('',#3038,#714);
#515=LINE('',#3040,#715);
#516=LINE('',#3043,#716);
#517=LINE('',#3044,#717);
#518=LINE('',#3046,#718);
#519=LINE('',#3052,#719);
#520=LINE('',#3055,#720);
#521=LINE('',#3066,#721);
#522=LINE('',#3067,#722);
#523=LINE('',#3078,#723);
#524=LINE('',#3079,#724);
#525=LINE('',#3090,#725);
#526=LINE('',#3091,#726);
#527=LINE('',#3097,#727);
#528=LINE('',#3100,#728);
#529=LINE('',#3103,#729);
#530=LINE('',#3104,#730);
#531=LINE('',#3107,#731);
#532=LINE('',#3111,#732);
#533=LINE('',#3112,#733);
#534=LINE('',#3124,#734);
#535=LINE('',#3128,#735);
#536=LINE('',#3132,#736);
#537=LINE('',#3135,#737);
#538=LINE('',#3141,#738);
#539=LINE('',#3143,#739);
#540=LINE('',#3145,#740);
#541=LINE('',#3146,#741);
#542=LINE('',#3151,#742);
#543=LINE('',#3155,#743);
#544=LINE('',#3157,#744);
#545=LINE('',#3158,#745);
#546=LINE('',#3163,#746);
#547=LINE('',#3167,#747);
#548=LINE('',#3169,#748);
#549=LINE('',#3170,#749);
#550=LINE('',#3175,#750);
#551=LINE('',#3179,#751);
#552=LINE('',#3181,#752);
#553=LINE('',#3182,#753);
#554=LINE('',#3189,#754);
#555=LINE('',#3191,#755);
#556=LINE('',#3193,#756);
#557=LINE('',#3194,#757);
#558=LINE('',#3199,#758);
#559=LINE('',#3203,#759);
#560=LINE('',#3205,#760);
#561=LINE('',#3206,#761);
#562=LINE('',#3211,#762);
#563=LINE('',#3215,#763);
#564=LINE('',#3217,#764);
#565=LINE('',#3218,#765);
#566=LINE('',#3223,#766);
#567=LINE('',#3227,#767);
#568=LINE('',#3229,#768);
#569=LINE('',#3230,#769);
#570=LINE('',#3237,#770);
#571=LINE('',#3239,#771);
#572=LINE('',#3241,#772);
#573=LINE('',#3242,#773);
#574=LINE('',#3247,#774);
#575=LINE('',#3251,#775);
#576=LINE('',#3253,#776);
#577=LINE('',#3254,#777);
#578=LINE('',#3259,#778);
#579=LINE('',#3263,#779);
#580=LINE('',#3265,#780);
#581=LINE('',#3266,#781);
#582=LINE('',#3271,#782);
#583=LINE('',#3275,#783);
#584=LINE('',#3277,#784);
#585=LINE('',#3278,#785);
#586=LINE('',#3286,#786);
#587=LINE('',#3292,#787);
#588=LINE('',#3300,#788);
#589=LINE('',#3304,#789);
#590=LINE('',#3308,#790);
#591=LINE('',#3311,#791);
#592=LINE('',#3324,#792);
#593=LINE('',#3328,#793);
#594=LINE('',#3332,#794);
#595=LINE('',#3336,#795);
#596=LINE('',#3346,#796);
#597=LINE('',#3351,#797);
#598=LINE('',#3358,#798);
#599=LINE('',#3363,#799);
#600=LINE('',#3370,#800);
#601=LINE('',#3375,#801);
#602=LINE('',#3381,#802);
#603=LINE('',#3382,#803);
#604=LINE('',#3383,#804);
#605=LINE('',#3387,#805);
#606=LINE('',#3390,#806);
#607=LINE('',#3391,#807);
#608=LINE('',#3395,#808);
#609=LINE('',#3398,#809);
#610=LINE('',#3399,#810);
#611=LINE('',#3403,#811);
#612=LINE('',#3406,#812);
#613=LINE('',#3407,#813);
#614=LINE('',#3412,#814);
#615=LINE('',#3413,#815);
#616=LINE('',#3415,#816);
#617=LINE('',#3417,#817);
#618=LINE('',#3419,#818);
#619=LINE('',#3421,#819);
#620=LINE('',#3423,#820);
#621=LINE('',#3425,#821);
#622=LINE('',#3427,#822);
#623=LINE('',#3429,#823);
#624=LINE('',#3431,#824);
#625=LINE('',#3434,#825);
#626=LINE('',#3437,#826);
#627=LINE('',#3438,#827);
#628=LINE('',#3442,#828);
#629=LINE('',#3445,#829);
#630=LINE('',#3446,#830);
#631=VECTOR('',#2270,10.);
#632=VECTOR('',#2271,10.);
#633=VECTOR('',#2272,10.);
#634=VECTOR('',#2273,10.);
#635=VECTOR('',#2276,10.);
#636=VECTOR('',#2277,10.);
#637=VECTOR('',#2278,10.);
#638=VECTOR('',#2281,10.);
#639=VECTOR('',#2282,10.);
#640=VECTOR('',#2283,10.);
#641=VECTOR('',#2284,10.);
#642=VECTOR('',#2285,10.);
#643=VECTOR('',#2286,10.);
#644=VECTOR('',#2289,10.);
#645=VECTOR('',#2290,10.);
#646=VECTOR('',#2291,10.);
#647=VECTOR('',#2294,10.);
#648=VECTOR('',#2295,10.);
#649=VECTOR('',#2296,10.);
#650=VECTOR('',#2297,10.);
#651=VECTOR('',#2298,10.);
#652=VECTOR('',#2299,10.);
#653=VECTOR('',#2302,10.);
#654=VECTOR('',#2303,10.);
#655=VECTOR('',#2304,10.);
#656=VECTOR('',#2307,10.);
#657=VECTOR('',#2308,10.);
#658=VECTOR('',#2309,10.);
#659=VECTOR('',#2310,10.);
#660=VECTOR('',#2311,10.);
#661=VECTOR('',#2312,10.);
#662=VECTOR('',#2315,10.);
#663=VECTOR('',#2316,10.);
#664=VECTOR('',#2317,10.);
#665=VECTOR('',#2320,10.);
#666=VECTOR('',#2321,10.);
#667=VECTOR('',#2322,10.);
#668=VECTOR('',#2323,10.);
#669=VECTOR('',#2326,10.);
#670=VECTOR('',#2327,10.);
#671=VECTOR('',#2328,10.);
#672=VECTOR('',#2331,10.);
#673=VECTOR('',#2332,10.);
#674=VECTOR('',#2333,10.);
#675=VECTOR('',#2334,10.);
#676=VECTOR('',#2337,10.);
#677=VECTOR('',#2340,10.);
#678=VECTOR('',#2341,10.);
#679=VECTOR('',#2346,10.);
#680=VECTOR('',#2347,10.);
#681=VECTOR('',#2348,10.);
#682=VECTOR('',#2351,10.);
#683=VECTOR('',#2352,10.);
#684=VECTOR('',#2355,10.);
#685=VECTOR('',#2356,10.);
#686=VECTOR('',#2357,10.);
#687=VECTOR('',#2360,10.);
#688=VECTOR('',#2361,10.);
#689=VECTOR('',#2364,10.);
#690=VECTOR('',#2365,10.);
#691=VECTOR('',#2370,10.);
#692=VECTOR('',#2373,10.);
#693=VECTOR('',#2376,10.);
#694=VECTOR('',#2377,10.);
#695=VECTOR('',#2378,10.);
#696=VECTOR('',#2379,10.);
#697=VECTOR('',#2382,10.);
#698=VECTOR('',#2383,10.);
#699=VECTOR('',#2384,10.);
#700=VECTOR('',#2387,10.);
#701=VECTOR('',#2388,10.);
#702=VECTOR('',#2391,10.);
#703=VECTOR('',#2396,10.);
#704=VECTOR('',#2397,10.);
#705=VECTOR('',#2398,10.);
#706=VECTOR('',#2399,10.);
#707=VECTOR('',#2402,10.);
#708=VECTOR('',#2403,10.);
#709=VECTOR('',#2404,10.);
#710=VECTOR('',#2407,10.);
#711=VECTOR('',#2408,10.);
#712=VECTOR('',#2411,10.);
#713=VECTOR('',#2416,10.);
#714=VECTOR('',#2417,10.);
#715=VECTOR('',#2420,10.);
#716=VECTOR('',#2423,10.);
#717=VECTOR('',#2424,10.);
#718=VECTOR('',#2427,10.);
#719=VECTOR('',#2432,10.);
#720=VECTOR('',#2435,10.);
#721=VECTOR('',#2448,10.);
#722=VECTOR('',#2449,10.);
#723=VECTOR('',#2462,10.);
#724=VECTOR('',#2463,10.);
#725=VECTOR('',#2476,10.);
#726=VECTOR('',#2477,10.);
#727=VECTOR('',#2486,10.);
#728=VECTOR('',#2489,10.);
#729=VECTOR('',#2492,10.);
#730=VECTOR('',#2493,10.);
#731=VECTOR('',#2496,10.);
#732=VECTOR('',#2501,10.);
#733=VECTOR('',#2502,10.);
#734=VECTOR('',#2513,10.);
#735=VECTOR('',#2516,10.);
#736=VECTOR('',#2519,10.);
#737=VECTOR('',#2522,10.);
#738=VECTOR('',#2527,10.);
#739=VECTOR('',#2528,10.);
#740=VECTOR('',#2529,10.);
#741=VECTOR('',#2530,10.);
#742=VECTOR('',#2535,10.);
#743=VECTOR('',#2540,10.);
#744=VECTOR('',#2541,10.);
#745=VECTOR('',#2542,10.);
#746=VECTOR('',#2547,10.);
#747=VECTOR('',#2552,10.);
#748=VECTOR('',#2553,10.);
#749=VECTOR('',#2554,10.);
#750=VECTOR('',#2559,10.);
#751=VECTOR('',#2564,10.);
#752=VECTOR('',#2565,10.);
#753=VECTOR('',#2566,10.);
#754=VECTOR('',#2575,10.);
#755=VECTOR('',#2576,10.);
#756=VECTOR('',#2577,10.);
#757=VECTOR('',#2578,10.);
#758=VECTOR('',#2583,10.);
#759=VECTOR('',#2588,10.);
#760=VECTOR('',#2589,10.);
#761=VECTOR('',#2590,10.);
#762=VECTOR('',#2595,10.);
#763=VECTOR('',#2600,10.);
#764=VECTOR('',#2601,10.);
#765=VECTOR('',#2602,10.);
#766=VECTOR('',#2607,10.);
#767=VECTOR('',#2612,10.);
#768=VECTOR('',#2613,10.);
#769=VECTOR('',#2614,10.);
#770=VECTOR('',#2623,10.);
#771=VECTOR('',#2624,10.);
#772=VECTOR('',#2625,10.);
#773=VECTOR('',#2626,10.);
#774=VECTOR('',#2631,10.);
#775=VECTOR('',#2636,10.);
#776=VECTOR('',#2637,10.);
#777=VECTOR('',#2638,10.);
#778=VECTOR('',#2643,10.);
#779=VECTOR('',#2648,10.);
#780=VECTOR('',#2649,10.);
#781=VECTOR('',#2650,10.);
#782=VECTOR('',#2655,10.);
#783=VECTOR('',#2660,10.);
#784=VECTOR('',#2661,10.);
#785=VECTOR('',#2662,10.);
#786=VECTOR('',#2673,1.5);
#787=VECTOR('',#2680,4.);
#788=VECTOR('',#2689,10.);
#789=VECTOR('',#2692,10.);
#790=VECTOR('',#2695,10.);
#791=VECTOR('',#2698,10.);
#792=VECTOR('',#2709,10.);
#793=VECTOR('',#2712,10.);
#794=VECTOR('',#2715,10.);
#795=VECTOR('',#2718,10.);
#796=VECTOR('',#2729,1.5);
#797=VECTOR('',#2736,4.);
#798=VECTOR('',#2745,1.5);
#799=VECTOR('',#2752,4.);
#800=VECTOR('',#2761,1.5);
#801=VECTOR('',#2768,4.);
#802=VECTOR('',#2775,10.);
#803=VECTOR('',#2776,10.);
#804=VECTOR('',#2777,10.);
#805=VECTOR('',#2782,10.);
#806=VECTOR('',#2785,10.);
#807=VECTOR('',#2786,10.);
#808=VECTOR('',#2791,10.);
#809=VECTOR('',#2794,10.);
#810=VECTOR('',#2795,10.);
#811=VECTOR('',#2800,10.);
#812=VECTOR('',#2803,10.);
#813=VECTOR('',#2804,10.);
#814=VECTOR('',#2813,10.);
#815=VECTOR('',#2814,10.);
#816=VECTOR('',#2817,10.);
#817=VECTOR('',#2820,10.);
#818=VECTOR('',#2823,10.);
#819=VECTOR('',#2826,1.7);
#820=VECTOR('',#2829,1.7);
#821=VECTOR('',#2832,1.7);
#822=VECTOR('',#2835,10.);
#823=VECTOR('',#2838,10.);
#824=VECTOR('',#2841,10.);
#825=VECTOR('',#2846,1.7);
#826=VECTOR('',#2849,10.);
#827=VECTOR('',#2850,10.);
#828=VECTOR('',#2855,10.);
#829=VECTOR('',#2858,10.);
#830=VECTOR('',#2859,10.);
#831=VERTEX_POINT('',#2868);
#832=VERTEX_POINT('',#2869);
#833=VERTEX_POINT('',#2871);
#834=VERTEX_POINT('',#2873);
#835=VERTEX_POINT('',#2877);
#836=VERTEX_POINT('',#2879);
#837=VERTEX_POINT('',#2883);
#838=VERTEX_POINT('',#2884);
#839=VERTEX_POINT('',#2886);
#840=VERTEX_POINT('',#2888);
#841=VERTEX_POINT('',#2890);
#842=VERTEX_POINT('',#2892);
#843=VERTEX_POINT('',#2896);
#844=VERTEX_POINT('',#2898);
#845=VERTEX_POINT('',#2902);
#846=VERTEX_POINT('',#2903);
#847=VERTEX_POINT('',#2905);
#848=VERTEX_POINT('',#2907);
#849=VERTEX_POINT('',#2909);
#850=VERTEX_POINT('',#2911);
#851=VERTEX_POINT('',#2915);
#852=VERTEX_POINT('',#2917);
#853=VERTEX_POINT('',#2921);
#854=VERTEX_POINT('',#2922);
#855=VERTEX_POINT('',#2924);
#856=VERTEX_POINT('',#2926);
#857=VERTEX_POINT('',#2928);
#858=VERTEX_POINT('',#2930);
#859=VERTEX_POINT('',#2934);
#860=VERTEX_POINT('',#2936);
#861=VERTEX_POINT('',#2940);
#862=VERTEX_POINT('',#2941);
#863=VERTEX_POINT('',#2944);
#864=VERTEX_POINT('',#2948);
#865=VERTEX_POINT('',#2950);
#866=VERTEX_POINT('',#2954);
#867=VERTEX_POINT('',#2956);
#868=VERTEX_POINT('',#2963);
#869=VERTEX_POINT('',#2968);
#870=VERTEX_POINT('',#2969);
#871=VERTEX_POINT('',#2974);
#872=VERTEX_POINT('',#2978);
#873=VERTEX_POINT('',#2980);
#874=VERTEX_POINT('',#2987);
#875=VERTEX_POINT('',#2996);
#876=VERTEX_POINT('',#2997);
#877=VERTEX_POINT('',#3000);
#878=VERTEX_POINT('',#3004);
#879=VERTEX_POINT('',#3009);
#880=VERTEX_POINT('',#3016);
#881=VERTEX_POINT('',#3017);
#882=VERTEX_POINT('',#3020);
#883=VERTEX_POINT('',#3024);
#884=VERTEX_POINT('',#3029);
#885=VERTEX_POINT('',#3036);
#886=VERTEX_POINT('',#3042);
#887=VERTEX_POINT('',#3048);
#888=VERTEX_POINT('',#3049);
#889=VERTEX_POINT('',#3051);
#890=VERTEX_POINT('',#3053);
#891=VERTEX_POINT('',#3057);
#892=VERTEX_POINT('',#3058);
#893=VERTEX_POINT('',#3063);
#894=VERTEX_POINT('',#3064);
#895=VERTEX_POINT('',#3069);
#896=VERTEX_POINT('',#3070);
#897=VERTEX_POINT('',#3075);
#898=VERTEX_POINT('',#3076);
#899=VERTEX_POINT('',#3081);
#900=VERTEX_POINT('',#3082);
#901=VERTEX_POINT('',#3087);
#902=VERTEX_POINT('',#3088);
#903=VERTEX_POINT('',#3096);
#904=VERTEX_POINT('',#3098);
#905=VERTEX_POINT('',#3102);
#906=VERTEX_POINT('',#3106);
#907=VERTEX_POINT('',#3110);
#908=VERTEX_POINT('',#3114);
#909=VERTEX_POINT('',#3116);
#910=VERTEX_POINT('',#3118);
#911=VERTEX_POINT('',#3120);
#912=VERTEX_POINT('',#3121);
#913=VERTEX_POINT('',#3123);
#914=VERTEX_POINT('',#3125);
#915=VERTEX_POINT('',#3127);
#916=VERTEX_POINT('',#3129);
#917=VERTEX_POINT('',#3131);
#918=VERTEX_POINT('',#3133);
#919=VERTEX_POINT('',#3136);
#920=VERTEX_POINT('',#3139);
#921=VERTEX_POINT('',#3140);
#922=VERTEX_POINT('',#3142);
#923=VERTEX_POINT('',#3144);
#924=VERTEX_POINT('',#3148);
#925=VERTEX_POINT('',#3150);
#926=VERTEX_POINT('',#3154);
#927=VERTEX_POINT('',#3156);
#928=VERTEX_POINT('',#3160);
#929=VERTEX_POINT('',#3162);
#930=VERTEX_POINT('',#3166);
#931=VERTEX_POINT('',#3168);
#932=VERTEX_POINT('',#3172);
#933=VERTEX_POINT('',#3174);
#934=VERTEX_POINT('',#3178);
#935=VERTEX_POINT('',#3180);
#936=VERTEX_POINT('',#3187);
#937=VERTEX_POINT('',#3188);
#938=VERTEX_POINT('',#3190);
#939=VERTEX_POINT('',#3192);
#940=VERTEX_POINT('',#3196);
#941=VERTEX_POINT('',#3198);
#942=VERTEX_POINT('',#3202);
#943=VERTEX_POINT('',#3204);
#944=VERTEX_POINT('',#3208);
#945=VERTEX_POINT('',#3210);
#946=VERTEX_POINT('',#3214);
#947=VERTEX_POINT('',#3216);
#948=VERTEX_POINT('',#3220);
#949=VERTEX_POINT('',#3222);
#950=VERTEX_POINT('',#3226);
#951=VERTEX_POINT('',#3228);
#952=VERTEX_POINT('',#3235);
#953=VERTEX_POINT('',#3236);
#954=VERTEX_POINT('',#3238);
#955=VERTEX_POINT('',#3240);
#956=VERTEX_POINT('',#3244);
#957=VERTEX_POINT('',#3246);
#958=VERTEX_POINT('',#3250);
#959=VERTEX_POINT('',#3252);
#960=VERTEX_POINT('',#3256);
#961=VERTEX_POINT('',#3258);
#962=VERTEX_POINT('',#3262);
#963=VERTEX_POINT('',#3264);
#964=VERTEX_POINT('',#3268);
#965=VERTEX_POINT('',#3270);
#966=VERTEX_POINT('',#3274);
#967=VERTEX_POINT('',#3276);
#968=VERTEX_POINT('',#3283);
#969=VERTEX_POINT('',#3285);
#970=VERTEX_POINT('',#3289);
#971=VERTEX_POINT('',#3291);
#972=VERTEX_POINT('',#3296);
#973=VERTEX_POINT('',#3297);
#974=VERTEX_POINT('',#3299);
#975=VERTEX_POINT('',#3301);
#976=VERTEX_POINT('',#3303);
#977=VERTEX_POINT('',#3305);
#978=VERTEX_POINT('',#3307);
#979=VERTEX_POINT('',#3309);
#980=VERTEX_POINT('',#3312);
#981=VERTEX_POINT('',#3314);
#982=VERTEX_POINT('',#3316);
#983=VERTEX_POINT('',#3318);
#984=VERTEX_POINT('',#3320);
#985=VERTEX_POINT('',#3322);
#986=VERTEX_POINT('',#3323);
#987=VERTEX_POINT('',#3325);
#988=VERTEX_POINT('',#3327);
#989=VERTEX_POINT('',#3329);
#990=VERTEX_POINT('',#3331);
#991=VERTEX_POINT('',#3333);
#992=VERTEX_POINT('',#3335);
#993=VERTEX_POINT('',#3338);
#994=VERTEX_POINT('',#3340);
#995=VERTEX_POINT('',#3343);
#996=VERTEX_POINT('',#3345);
#997=VERTEX_POINT('',#3349);
#998=VERTEX_POINT('',#3355);
#999=VERTEX_POINT('',#3357);
#1000=VERTEX_POINT('',#3361);
#1001=VERTEX_POINT('',#3367);
#1002=VERTEX_POINT('',#3369);
#1003=VERTEX_POINT('',#3373);
#1004=VERTEX_POINT('',#3379);
#1005=VERTEX_POINT('',#3380);
#1006=VERTEX_POINT('',#3385);
#1007=VERTEX_POINT('',#3389);
#1008=VERTEX_POINT('',#3393);
#1009=VERTEX_POINT('',#3397);
#1010=VERTEX_POINT('',#3401);
#1011=VERTEX_POINT('',#3405);
#1012=VERTEX_POINT('',#3436);
#1013=VERTEX_POINT('',#3440);
#1014=VERTEX_POINT('',#3444);
#1015=EDGE_CURVE('',#831,#832,#431,.T.);
#1016=EDGE_CURVE('',#831,#833,#432,.T.);
#1017=EDGE_CURVE('',#833,#834,#433,.T.);
#1018=EDGE_CURVE('',#832,#834,#434,.T.);
#1019=EDGE_CURVE('',#832,#835,#435,.T.);
#1020=EDGE_CURVE('',#834,#836,#436,.T.);
#1021=EDGE_CURVE('',#835,#836,#437,.T.);
#1022=EDGE_CURVE('',#837,#838,#438,.T.);
#1023=EDGE_CURVE('',#837,#839,#439,.T.);
#1024=EDGE_CURVE('',#839,#840,#440,.T.);
#1025=EDGE_CURVE('',#840,#841,#441,.T.);
#1026=EDGE_CURVE('',#841,#842,#442,.T.);
#1027=EDGE_CURVE('',#838,#842,#443,.T.);
#1028=EDGE_CURVE('',#838,#843,#444,.T.);
#1029=EDGE_CURVE('',#842,#844,#445,.T.);
#1030=EDGE_CURVE('',#843,#844,#446,.T.);
#1031=EDGE_CURVE('',#845,#846,#447,.T.);
#1032=EDGE_CURVE('',#845,#847,#448,.T.);
#1033=EDGE_CURVE('',#847,#848,#449,.T.);
#1034=EDGE_CURVE('',#848,#849,#450,.T.);
#1035=EDGE_CURVE('',#849,#850,#451,.T.);
#1036=EDGE_CURVE('',#846,#850,#452,.T.);
#1037=EDGE_CURVE('',#846,#851,#453,.T.);
#1038=EDGE_CURVE('',#850,#852,#454,.T.);
#1039=EDGE_CURVE('',#851,#852,#455,.T.);
#1040=EDGE_CURVE('',#853,#854,#456,.T.);
#1041=EDGE_CURVE('',#853,#855,#457,.T.);
#1042=EDGE_CURVE('',#855,#856,#458,.T.);
#1043=EDGE_CURVE('',#856,#857,#459,.T.);
#1044=EDGE_CURVE('',#857,#858,#460,.T.);
#1045=EDGE_CURVE('',#854,#858,#461,.T.);
#1046=EDGE_CURVE('',#854,#859,#462,.T.);
#1047=EDGE_CURVE('',#858,#860,#463,.T.);
#1048=EDGE_CURVE('',#859,#860,#464,.T.);
#1049=EDGE_CURVE('',#861,#862,#465,.T.);
#1050=EDGE_CURVE('',#861,#834,#466,.T.);
#1051=EDGE_CURVE('',#863,#833,#467,.T.);
#1052=EDGE_CURVE('',#862,#863,#468,.T.);
#1053=EDGE_CURVE('',#862,#864,#469,.T.);
#1054=EDGE_CURVE('',#865,#863,#470,.T.);
#1055=EDGE_CURVE('',#864,#865,#471,.T.);
#1056=EDGE_CURVE('',#864,#866,#472,.T.);
#1057=EDGE_CURVE('',#867,#865,#473,.T.);
#1058=EDGE_CURVE('',#836,#867,#474,.T.);
#1059=EDGE_CURVE('',#866,#836,#475,.T.);
#1060=EDGE_CURVE('',#866,#861,#476,.T.);
#1061=EDGE_CURVE('',#835,#868,#477,.T.);
#1062=EDGE_CURVE('',#868,#867,#478,.T.);
#1063=EDGE_CURVE('',#869,#870,#479,.T.);
#1064=EDGE_CURVE('',#869,#844,#480,.T.);
#1065=EDGE_CURVE('',#870,#841,#481,.T.);
#1066=EDGE_CURVE('',#870,#871,#482,.T.);
#1067=EDGE_CURVE('',#871,#840,#483,.T.);
#1068=EDGE_CURVE('',#871,#872,#484,.T.);
#1069=EDGE_CURVE('',#873,#839,#485,.T.);
#1070=EDGE_CURVE('',#872,#873,#486,.T.);
#1071=EDGE_CURVE('',#844,#873,#487,.T.);
#1072=EDGE_CURVE('',#872,#869,#488,.T.);
#1073=EDGE_CURVE('',#843,#874,#489,.T.);
#1074=EDGE_CURVE('',#874,#873,#490,.T.);
#1075=EDGE_CURVE('',#868,#831,#491,.T.);
#1076=EDGE_CURVE('',#874,#837,#492,.T.);
#1077=EDGE_CURVE('',#875,#876,#493,.T.);
#1078=EDGE_CURVE('',#875,#848,#494,.T.);
#1079=EDGE_CURVE('',#877,#847,#495,.T.);
#1080=EDGE_CURVE('',#876,#877,#496,.T.);
#1081=EDGE_CURVE('',#876,#878,#497,.T.);
#1082=EDGE_CURVE('',#852,#877,#498,.T.);
#1083=EDGE_CURVE('',#878,#852,#499,.T.);
#1084=EDGE_CURVE('',#878,#879,#500,.T.);
#1085=EDGE_CURVE('',#879,#849,#501,.T.);
#1086=EDGE_CURVE('',#879,#875,#502,.T.);
#1087=EDGE_CURVE('',#880,#881,#503,.T.);
#1088=EDGE_CURVE('',#880,#856,#504,.T.);
#1089=EDGE_CURVE('',#882,#855,#505,.T.);
#1090=EDGE_CURVE('',#881,#882,#506,.T.);
#1091=EDGE_CURVE('',#881,#883,#507,.T.);
#1092=EDGE_CURVE('',#860,#882,#508,.T.);
#1093=EDGE_CURVE('',#883,#860,#509,.T.);
#1094=EDGE_CURVE('',#883,#884,#510,.T.);
#1095=EDGE_CURVE('',#884,#857,#511,.T.);
#1096=EDGE_CURVE('',#884,#880,#512,.T.);
#1097=EDGE_CURVE('',#851,#885,#513,.T.);
#1098=EDGE_CURVE('',#885,#877,#514,.T.);
#1099=EDGE_CURVE('',#885,#845,#515,.T.);
#1100=EDGE_CURVE('',#859,#886,#516,.T.);
#1101=EDGE_CURVE('',#886,#882,#517,.T.);
#1102=EDGE_CURVE('',#886,#853,#518,.T.);
#1103=EDGE_CURVE('',#887,#888,#48,.T.);
#1104=EDGE_CURVE('',#888,#889,#519,.T.);
#1105=EDGE_CURVE('',#889,#890,#49,.T.);
#1106=EDGE_CURVE('',#890,#887,#520,.T.);
#1107=EDGE_CURVE('',#891,#892,#50,.T.);
#1108=EDGE_CURVE('',#892,#890,#51,.T.);
#1109=EDGE_CURVE('',#889,#891,#52,.T.);
#1110=EDGE_CURVE('',#893,#894,#53,.T.);
#1111=EDGE_CURVE('',#894,#892,#521,.T.);
#1112=EDGE_CURVE('',#891,#893,#522,.T.);
#1113=EDGE_CURVE('',#895,#896,#54,.T.);
#1114=EDGE_CURVE('',#896,#894,#55,.T.);
#1115=EDGE_CURVE('',#893,#895,#56,.T.);
#1116=EDGE_CURVE('',#897,#898,#57,.T.);
#1117=EDGE_CURVE('',#898,#896,#523,.T.);
#1118=EDGE_CURVE('',#895,#897,#524,.T.);
#1119=EDGE_CURVE('',#899,#900,#58,.T.);
#1120=EDGE_CURVE('',#900,#898,#59,.T.);
#1121=EDGE_CURVE('',#897,#899,#60,.T.);
#1122=EDGE_CURVE('',#901,#902,#61,.T.);
#1123=EDGE_CURVE('',#902,#900,#525,.T.);
#1124=EDGE_CURVE('',#899,#901,#526,.T.);
#1125=EDGE_CURVE('',#887,#902,#62,.T.);
#1126=EDGE_CURVE('',#901,#888,#63,.T.);
#1127=EDGE_CURVE('',#900,#903,#527,.T.);
#1128=EDGE_CURVE('',#904,#903,#64,.T.);
#1129=EDGE_CURVE('',#898,#904,#528,.T.);
#1130=EDGE_CURVE('',#902,#905,#529,.T.);
#1131=EDGE_CURVE('',#903,#905,#530,.T.);
#1132=EDGE_CURVE('',#887,#906,#531,.T.);
#1133=EDGE_CURVE('',#905,#906,#65,.T.);
#1134=EDGE_CURVE('',#890,#907,#532,.T.);
#1135=EDGE_CURVE('',#906,#907,#533,.T.);
#1136=EDGE_CURVE('',#908,#908,#66,.T.);
#1137=EDGE_CURVE('',#909,#909,#67,.T.);
#1138=EDGE_CURVE('',#910,#910,#68,.T.);
#1139=EDGE_CURVE('',#911,#912,#69,.T.);
#1140=EDGE_CURVE('',#913,#911,#534,.T.);
#1141=EDGE_CURVE('',#914,#913,#70,.T.);
#1142=EDGE_CURVE('',#915,#914,#535,.T.);
#1143=EDGE_CURVE('',#916,#915,#71,.T.);
#1144=EDGE_CURVE('',#917,#916,#536,.T.);
#1145=EDGE_CURVE('',#918,#917,#72,.T.);
#1146=EDGE_CURVE('',#912,#918,#537,.T.);
#1147=EDGE_CURVE('',#919,#919,#73,.T.);
#1148=EDGE_CURVE('',#920,#921,#538,.T.);
#1149=EDGE_CURVE('',#920,#922,#539,.T.);
#1150=EDGE_CURVE('',#923,#922,#540,.T.);
#1151=EDGE_CURVE('',#921,#923,#541,.T.);
#1152=EDGE_CURVE('',#924,#920,#74,.T.);
#1153=EDGE_CURVE('',#924,#925,#542,.T.);
#1154=EDGE_CURVE('',#922,#925,#75,.T.);
#1155=EDGE_CURVE('',#926,#924,#543,.T.);
#1156=EDGE_CURVE('',#926,#927,#544,.T.);
#1157=EDGE_CURVE('',#925,#927,#545,.T.);
#1158=EDGE_CURVE('',#928,#926,#76,.T.);
#1159=EDGE_CURVE('',#928,#929,#546,.T.);
#1160=EDGE_CURVE('',#927,#929,#77,.T.);
#1161=EDGE_CURVE('',#930,#928,#547,.T.);
#1162=EDGE_CURVE('',#930,#931,#548,.T.);
#1163=EDGE_CURVE('',#929,#931,#549,.T.);
#1164=EDGE_CURVE('',#932,#930,#78,.T.);
#1165=EDGE_CURVE('',#932,#933,#550,.T.);
#1166=EDGE_CURVE('',#931,#933,#79,.T.);
#1167=EDGE_CURVE('',#934,#932,#551,.T.);
#1168=EDGE_CURVE('',#934,#935,#552,.T.);
#1169=EDGE_CURVE('',#933,#935,#553,.T.);
#1170=EDGE_CURVE('',#921,#934,#80,.T.);
#1171=EDGE_CURVE('',#935,#923,#81,.T.);
#1172=EDGE_CURVE('',#936,#937,#554,.T.);
#1173=EDGE_CURVE('',#936,#938,#555,.T.);
#1174=EDGE_CURVE('',#939,#938,#556,.T.);
#1175=EDGE_CURVE('',#937,#939,#557,.T.);
#1176=EDGE_CURVE('',#940,#936,#82,.T.);
#1177=EDGE_CURVE('',#940,#941,#558,.T.);
#1178=EDGE_CURVE('',#938,#941,#83,.T.);
#1179=EDGE_CURVE('',#942,#940,#559,.T.);
#1180=EDGE_CURVE('',#942,#943,#560,.T.);
#1181=EDGE_CURVE('',#941,#943,#561,.T.);
#1182=EDGE_CURVE('',#944,#942,#84,.T.);
#1183=EDGE_CURVE('',#944,#945,#562,.T.);
#1184=EDGE_CURVE('',#943,#945,#85,.T.);
#1185=EDGE_CURVE('',#946,#944,#563,.T.);
#1186=EDGE_CURVE('',#946,#947,#564,.T.);
#1187=EDGE_CURVE('',#945,#947,#565,.T.);
#1188=EDGE_CURVE('',#948,#946,#86,.T.);
#1189=EDGE_CURVE('',#948,#949,#566,.T.);
#1190=EDGE_CURVE('',#947,#949,#87,.T.);
#1191=EDGE_CURVE('',#950,#948,#567,.T.);
#1192=EDGE_CURVE('',#950,#951,#568,.T.);
#1193=EDGE_CURVE('',#949,#951,#569,.T.);
#1194=EDGE_CURVE('',#937,#950,#88,.T.);
#1195=EDGE_CURVE('',#951,#939,#89,.T.);
#1196=EDGE_CURVE('',#952,#953,#570,.T.);
#1197=EDGE_CURVE('',#952,#954,#571,.T.);
#1198=EDGE_CURVE('',#955,#954,#572,.T.);
#1199=EDGE_CURVE('',#953,#955,#573,.T.);
#1200=EDGE_CURVE('',#956,#952,#90,.T.);
#1201=EDGE_CURVE('',#956,#957,#574,.T.);
#1202=EDGE_CURVE('',#954,#957,#91,.T.);
#1203=EDGE_CURVE('',#958,#956,#575,.T.);
#1204=EDGE_CURVE('',#958,#959,#576,.T.);
#1205=EDGE_CURVE('',#957,#959,#577,.T.);
#1206=EDGE_CURVE('',#960,#958,#92,.T.);
#1207=EDGE_CURVE('',#960,#961,#578,.T.);
#1208=EDGE_CURVE('',#959,#961,#93,.T.);
#1209=EDGE_CURVE('',#962,#960,#579,.T.);
#1210=EDGE_CURVE('',#962,#963,#580,.T.);
#1211=EDGE_CURVE('',#961,#963,#581,.T.);
#1212=EDGE_CURVE('',#964,#962,#94,.T.);
#1213=EDGE_CURVE('',#964,#965,#582,.T.);
#1214=EDGE_CURVE('',#963,#965,#95,.T.);
#1215=EDGE_CURVE('',#966,#964,#583,.T.);
#1216=EDGE_CURVE('',#966,#967,#584,.T.);
#1217=EDGE_CURVE('',#965,#967,#585,.T.);
#1218=EDGE_CURVE('',#953,#966,#96,.T.);
#1219=EDGE_CURVE('',#967,#955,#97,.T.);
#1220=EDGE_CURVE('',#968,#968,#98,.T.);
#1221=EDGE_CURVE('',#968,#969,#586,.T.);
#1222=EDGE_CURVE('',#969,#969,#99,.T.);
#1223=EDGE_CURVE('',#970,#970,#100,.T.);
#1224=EDGE_CURVE('',#970,#971,#587,.T.);
#1225=EDGE_CURVE('',#971,#971,#101,.T.);
#1226=EDGE_CURVE('',#972,#973,#102,.T.);
#1227=EDGE_CURVE('',#974,#972,#588,.T.);
#1228=EDGE_CURVE('',#975,#974,#103,.T.);
#1229=EDGE_CURVE('',#976,#975,#589,.T.);
#1230=EDGE_CURVE('',#977,#976,#104,.T.);
#1231=EDGE_CURVE('',#978,#977,#590,.T.);
#1232=EDGE_CURVE('',#979,#978,#105,.T.);
#1233=EDGE_CURVE('',#973,#979,#591,.T.);
#1234=EDGE_CURVE('',#980,#980,#106,.T.);
#1235=EDGE_CURVE('',#981,#981,#107,.T.);
#1236=EDGE_CURVE('',#982,#982,#108,.T.);
#1237=EDGE_CURVE('',#983,#983,#109,.T.);
#1238=EDGE_CURVE('',#984,#984,#110,.T.);
#1239=EDGE_CURVE('',#985,#986,#592,.T.);
#1240=EDGE_CURVE('',#987,#985,#111,.T.);
#1241=EDGE_CURVE('',#988,#987,#593,.T.);
#1242=EDGE_CURVE('',#989,#988,#112,.T.);
#1243=EDGE_CURVE('',#990,#989,#594,.T.);
#1244=EDGE_CURVE('',#991,#990,#113,.T.);
#1245=EDGE_CURVE('',#992,#991,#595,.T.);
#1246=EDGE_CURVE('',#986,#992,#114,.T.);
#1247=EDGE_CURVE('',#993,#993,#115,.T.);
#1248=EDGE_CURVE('',#994,#994,#116,.T.);
#1249=EDGE_CURVE('',#995,#995,#117,.T.);
#1250=EDGE_CURVE('',#995,#996,#596,.T.);
#1251=EDGE_CURVE('',#996,#996,#118,.T.);
#1252=EDGE_CURVE('',#997,#997,#119,.T.);
#1253=EDGE_CURVE('',#997,#980,#597,.T.);
#1254=EDGE_CURVE('',#998,#998,#120,.T.);
#1255=EDGE_CURVE('',#998,#999,#598,.T.);
#1256=EDGE_CURVE('',#999,#999,#121,.T.);
#1257=EDGE_CURVE('',#1000,#1000,#122,.T.);
#1258=EDGE_CURVE('',#1000,#994,#599,.T.);
#1259=EDGE_CURVE('',#1001,#1001,#123,.T.);
#1260=EDGE_CURVE('',#1001,#1002,#600,.T.);
#1261=EDGE_CURVE('',#1002,#1002,#124,.T.);
#1262=EDGE_CURVE('',#1003,#1003,#125,.T.);
#1263=EDGE_CURVE('',#1003,#981,#601,.T.);
#1264=EDGE_CURVE('',#1004,#1005,#602,.T.);
#1265=EDGE_CURVE('',#1004,#974,#603,.T.);
#1266=EDGE_CURVE('',#1005,#972,#604,.T.);
#1267=EDGE_CURVE('',#1006,#1004,#126,.T.);
#1268=EDGE_CURVE('',#1006,#975,#605,.T.);
#1269=EDGE_CURVE('',#1007,#1006,#606,.T.);
#1270=EDGE_CURVE('',#1007,#976,#607,.T.);
#1271=EDGE_CURVE('',#1008,#1007,#127,.T.);
#1272=EDGE_CURVE('',#1008,#977,#608,.T.);
#1273=EDGE_CURVE('',#1009,#1008,#609,.T.);
#1274=EDGE_CURVE('',#1009,#978,#610,.T.);
#1275=EDGE_CURVE('',#1010,#1009,#128,.T.);
#1276=EDGE_CURVE('',#1010,#979,#611,.T.);
#1277=EDGE_CURVE('',#1011,#1010,#612,.T.);
#1278=EDGE_CURVE('',#1011,#973,#613,.T.);
#1279=EDGE_CURVE('',#1005,#1011,#129,.T.);
#1280=EDGE_CURVE('',#917,#989,#614,.T.);
#1281=EDGE_CURVE('',#916,#990,#615,.T.);
#1282=EDGE_CURVE('',#918,#988,#616,.T.);
#1283=EDGE_CURVE('',#912,#987,#617,.T.);
#1284=EDGE_CURVE('',#911,#985,#618,.T.);
#1285=EDGE_CURVE('',#982,#908,#619,.T.);
#1286=EDGE_CURVE('',#983,#909,#620,.T.);
#1287=EDGE_CURVE('',#984,#910,#621,.T.);
#1288=EDGE_CURVE('',#913,#986,#622,.T.);
#1289=EDGE_CURVE('',#914,#992,#623,.T.);
#1290=EDGE_CURVE('',#915,#991,#624,.T.);
#1291=EDGE_CURVE('',#993,#919,#625,.T.);
#1292=EDGE_CURVE('',#1012,#904,#626,.T.);
#1293=EDGE_CURVE('',#896,#1012,#627,.T.);
#1294=EDGE_CURVE('',#1013,#1012,#130,.T.);
#1295=EDGE_CURVE('',#894,#1013,#628,.T.);
#1296=EDGE_CURVE('',#1014,#1013,#629,.T.);
#1297=EDGE_CURVE('',#892,#1014,#630,.T.);
#1298=EDGE_CURVE('',#907,#1014,#131,.T.);
#1299=ORIENTED_EDGE('',*,*,#1015,.F.);
#1300=ORIENTED_EDGE('',*,*,#1016,.T.);
#1301=ORIENTED_EDGE('',*,*,#1017,.T.);
#1302=ORIENTED_EDGE('',*,*,#1018,.F.);
#1303=ORIENTED_EDGE('',*,*,#1019,.F.);
#1304=ORIENTED_EDGE('',*,*,#1018,.T.);
#1305=ORIENTED_EDGE('',*,*,#1020,.T.);
#1306=ORIENTED_EDGE('',*,*,#1021,.F.);
#1307=ORIENTED_EDGE('',*,*,#1022,.F.);
#1308=ORIENTED_EDGE('',*,*,#1023,.T.);
#1309=ORIENTED_EDGE('',*,*,#1024,.T.);
#1310=ORIENTED_EDGE('',*,*,#1025,.T.);
#1311=ORIENTED_EDGE('',*,*,#1026,.T.);
#1312=ORIENTED_EDGE('',*,*,#1027,.F.);
#1313=ORIENTED_EDGE('',*,*,#1028,.F.);
#1314=ORIENTED_EDGE('',*,*,#1027,.T.);
#1315=ORIENTED_EDGE('',*,*,#1029,.T.);
#1316=ORIENTED_EDGE('',*,*,#1030,.F.);
#1317=ORIENTED_EDGE('',*,*,#1031,.F.);
#1318=ORIENTED_EDGE('',*,*,#1032,.T.);
#1319=ORIENTED_EDGE('',*,*,#1033,.T.);
#1320=ORIENTED_EDGE('',*,*,#1034,.T.);
#1321=ORIENTED_EDGE('',*,*,#1035,.T.);
#1322=ORIENTED_EDGE('',*,*,#1036,.F.);
#1323=ORIENTED_EDGE('',*,*,#1037,.F.);
#1324=ORIENTED_EDGE('',*,*,#1036,.T.);
#1325=ORIENTED_EDGE('',*,*,#1038,.T.);
#1326=ORIENTED_EDGE('',*,*,#1039,.F.);
#1327=ORIENTED_EDGE('',*,*,#1040,.F.);
#1328=ORIENTED_EDGE('',*,*,#1041,.T.);
#1329=ORIENTED_EDGE('',*,*,#1042,.T.);
#1330=ORIENTED_EDGE('',*,*,#1043,.T.);
#1331=ORIENTED_EDGE('',*,*,#1044,.T.);
#1332=ORIENTED_EDGE('',*,*,#1045,.F.);
#1333=ORIENTED_EDGE('',*,*,#1046,.F.);
#1334=ORIENTED_EDGE('',*,*,#1045,.T.);
#1335=ORIENTED_EDGE('',*,*,#1047,.T.);
#1336=ORIENTED_EDGE('',*,*,#1048,.F.);
#1337=ORIENTED_EDGE('',*,*,#1049,.F.);
#1338=ORIENTED_EDGE('',*,*,#1050,.T.);
#1339=ORIENTED_EDGE('',*,*,#1017,.F.);
#1340=ORIENTED_EDGE('',*,*,#1051,.F.);
#1341=ORIENTED_EDGE('',*,*,#1052,.F.);
#1342=ORIENTED_EDGE('',*,*,#1053,.F.);
#1343=ORIENTED_EDGE('',*,*,#1052,.T.);
#1344=ORIENTED_EDGE('',*,*,#1054,.F.);
#1345=ORIENTED_EDGE('',*,*,#1055,.F.);
#1346=ORIENTED_EDGE('',*,*,#1056,.F.);
#1347=ORIENTED_EDGE('',*,*,#1055,.T.);
#1348=ORIENTED_EDGE('',*,*,#1057,.F.);
#1349=ORIENTED_EDGE('',*,*,#1058,.F.);
#1350=ORIENTED_EDGE('',*,*,#1059,.F.);
#1351=ORIENTED_EDGE('',*,*,#1020,.F.);
#1352=ORIENTED_EDGE('',*,*,#1050,.F.);
#1353=ORIENTED_EDGE('',*,*,#1060,.F.);
#1354=ORIENTED_EDGE('',*,*,#1059,.T.);
#1355=ORIENTED_EDGE('',*,*,#1061,.F.);
#1356=ORIENTED_EDGE('',*,*,#1021,.T.);
#1357=ORIENTED_EDGE('',*,*,#1058,.T.);
#1358=ORIENTED_EDGE('',*,*,#1062,.F.);
#1359=ORIENTED_EDGE('',*,*,#1049,.T.);
#1360=ORIENTED_EDGE('',*,*,#1053,.T.);
#1361=ORIENTED_EDGE('',*,*,#1056,.T.);
#1362=ORIENTED_EDGE('',*,*,#1060,.T.);
#1363=ORIENTED_EDGE('',*,*,#1063,.F.);
#1364=ORIENTED_EDGE('',*,*,#1064,.T.);
#1365=ORIENTED_EDGE('',*,*,#1029,.F.);
#1366=ORIENTED_EDGE('',*,*,#1026,.F.);
#1367=ORIENTED_EDGE('',*,*,#1065,.F.);
#1368=ORIENTED_EDGE('',*,*,#1066,.F.);
#1369=ORIENTED_EDGE('',*,*,#1065,.T.);
#1370=ORIENTED_EDGE('',*,*,#1025,.F.);
#1371=ORIENTED_EDGE('',*,*,#1067,.F.);
#1372=ORIENTED_EDGE('',*,*,#1068,.F.);
#1373=ORIENTED_EDGE('',*,*,#1067,.T.);
#1374=ORIENTED_EDGE('',*,*,#1024,.F.);
#1375=ORIENTED_EDGE('',*,*,#1069,.F.);
#1376=ORIENTED_EDGE('',*,*,#1070,.F.);
#1377=ORIENTED_EDGE('',*,*,#1071,.F.);
#1378=ORIENTED_EDGE('',*,*,#1064,.F.);
#1379=ORIENTED_EDGE('',*,*,#1072,.F.);
#1380=ORIENTED_EDGE('',*,*,#1070,.T.);
#1381=ORIENTED_EDGE('',*,*,#1073,.F.);
#1382=ORIENTED_EDGE('',*,*,#1030,.T.);
#1383=ORIENTED_EDGE('',*,*,#1071,.T.);
#1384=ORIENTED_EDGE('',*,*,#1074,.F.);
#1385=ORIENTED_EDGE('',*,*,#1063,.T.);
#1386=ORIENTED_EDGE('',*,*,#1066,.T.);
#1387=ORIENTED_EDGE('',*,*,#1068,.T.);
#1388=ORIENTED_EDGE('',*,*,#1072,.T.);
#1389=ORIENTED_EDGE('',*,*,#1075,.F.);
#1390=ORIENTED_EDGE('',*,*,#1062,.T.);
#1391=ORIENTED_EDGE('',*,*,#1057,.T.);
#1392=ORIENTED_EDGE('',*,*,#1054,.T.);
#1393=ORIENTED_EDGE('',*,*,#1051,.T.);
#1394=ORIENTED_EDGE('',*,*,#1016,.F.);
#1395=ORIENTED_EDGE('',*,*,#1076,.F.);
#1396=ORIENTED_EDGE('',*,*,#1074,.T.);
#1397=ORIENTED_EDGE('',*,*,#1069,.T.);
#1398=ORIENTED_EDGE('',*,*,#1023,.F.);
#1399=ORIENTED_EDGE('',*,*,#1077,.F.);
#1400=ORIENTED_EDGE('',*,*,#1078,.T.);
#1401=ORIENTED_EDGE('',*,*,#1033,.F.);
#1402=ORIENTED_EDGE('',*,*,#1079,.F.);
#1403=ORIENTED_EDGE('',*,*,#1080,.F.);
#1404=ORIENTED_EDGE('',*,*,#1081,.F.);
#1405=ORIENTED_EDGE('',*,*,#1080,.T.);
#1406=ORIENTED_EDGE('',*,*,#1082,.F.);
#1407=ORIENTED_EDGE('',*,*,#1083,.F.);
#1408=ORIENTED_EDGE('',*,*,#1084,.F.);
#1409=ORIENTED_EDGE('',*,*,#1083,.T.);
#1410=ORIENTED_EDGE('',*,*,#1038,.F.);
#1411=ORIENTED_EDGE('',*,*,#1035,.F.);
#1412=ORIENTED_EDGE('',*,*,#1085,.F.);
#1413=ORIENTED_EDGE('',*,*,#1034,.F.);
#1414=ORIENTED_EDGE('',*,*,#1078,.F.);
#1415=ORIENTED_EDGE('',*,*,#1086,.F.);
#1416=ORIENTED_EDGE('',*,*,#1085,.T.);
#1417=ORIENTED_EDGE('',*,*,#1077,.T.);
#1418=ORIENTED_EDGE('',*,*,#1081,.T.);
#1419=ORIENTED_EDGE('',*,*,#1084,.T.);
#1420=ORIENTED_EDGE('',*,*,#1086,.T.);
#1421=ORIENTED_EDGE('',*,*,#1087,.F.);
#1422=ORIENTED_EDGE('',*,*,#1088,.T.);
#1423=ORIENTED_EDGE('',*,*,#1042,.F.);
#1424=ORIENTED_EDGE('',*,*,#1089,.F.);
#1425=ORIENTED_EDGE('',*,*,#1090,.F.);
#1426=ORIENTED_EDGE('',*,*,#1091,.F.);
#1427=ORIENTED_EDGE('',*,*,#1090,.T.);
#1428=ORIENTED_EDGE('',*,*,#1092,.F.);
#1429=ORIENTED_EDGE('',*,*,#1093,.F.);
#1430=ORIENTED_EDGE('',*,*,#1094,.F.);
#1431=ORIENTED_EDGE('',*,*,#1093,.T.);
#1432=ORIENTED_EDGE('',*,*,#1047,.F.);
#1433=ORIENTED_EDGE('',*,*,#1044,.F.);
#1434=ORIENTED_EDGE('',*,*,#1095,.F.);
#1435=ORIENTED_EDGE('',*,*,#1043,.F.);
#1436=ORIENTED_EDGE('',*,*,#1088,.F.);
#1437=ORIENTED_EDGE('',*,*,#1096,.F.);
#1438=ORIENTED_EDGE('',*,*,#1095,.T.);
#1439=ORIENTED_EDGE('',*,*,#1087,.T.);
#1440=ORIENTED_EDGE('',*,*,#1091,.T.);
#1441=ORIENTED_EDGE('',*,*,#1094,.T.);
#1442=ORIENTED_EDGE('',*,*,#1096,.T.);
#1443=ORIENTED_EDGE('',*,*,#1097,.F.);
#1444=ORIENTED_EDGE('',*,*,#1039,.T.);
#1445=ORIENTED_EDGE('',*,*,#1082,.T.);
#1446=ORIENTED_EDGE('',*,*,#1098,.F.);
#1447=ORIENTED_EDGE('',*,*,#1099,.F.);
#1448=ORIENTED_EDGE('',*,*,#1098,.T.);
#1449=ORIENTED_EDGE('',*,*,#1079,.T.);
#1450=ORIENTED_EDGE('',*,*,#1032,.F.);
#1451=ORIENTED_EDGE('',*,*,#1100,.F.);
#1452=ORIENTED_EDGE('',*,*,#1048,.T.);
#1453=ORIENTED_EDGE('',*,*,#1092,.T.);
#1454=ORIENTED_EDGE('',*,*,#1101,.F.);
#1455=ORIENTED_EDGE('',*,*,#1102,.F.);
#1456=ORIENTED_EDGE('',*,*,#1101,.T.);
#1457=ORIENTED_EDGE('',*,*,#1089,.T.);
#1458=ORIENTED_EDGE('',*,*,#1041,.F.);
#1459=ORIENTED_EDGE('',*,*,#1103,.T.);
#1460=ORIENTED_EDGE('',*,*,#1104,.T.);
#1461=ORIENTED_EDGE('',*,*,#1105,.T.);
#1462=ORIENTED_EDGE('',*,*,#1106,.T.);
#1463=ORIENTED_EDGE('',*,*,#1107,.T.);
#1464=ORIENTED_EDGE('',*,*,#1108,.T.);
#1465=ORIENTED_EDGE('',*,*,#1105,.F.);
#1466=ORIENTED_EDGE('',*,*,#1109,.T.);
#1467=ORIENTED_EDGE('',*,*,#1110,.T.);
#1468=ORIENTED_EDGE('',*,*,#1111,.T.);
#1469=ORIENTED_EDGE('',*,*,#1107,.F.);
#1470=ORIENTED_EDGE('',*,*,#1112,.T.);
#1471=ORIENTED_EDGE('',*,*,#1113,.T.);
#1472=ORIENTED_EDGE('',*,*,#1114,.T.);
#1473=ORIENTED_EDGE('',*,*,#1110,.F.);
#1474=ORIENTED_EDGE('',*,*,#1115,.T.);
#1475=ORIENTED_EDGE('',*,*,#1116,.T.);
#1476=ORIENTED_EDGE('',*,*,#1117,.T.);
#1477=ORIENTED_EDGE('',*,*,#1113,.F.);
#1478=ORIENTED_EDGE('',*,*,#1118,.T.);
#1479=ORIENTED_EDGE('',*,*,#1119,.T.);
#1480=ORIENTED_EDGE('',*,*,#1120,.T.);
#1481=ORIENTED_EDGE('',*,*,#1116,.F.);
#1482=ORIENTED_EDGE('',*,*,#1121,.T.);
#1483=ORIENTED_EDGE('',*,*,#1122,.T.);
#1484=ORIENTED_EDGE('',*,*,#1123,.T.);
#1485=ORIENTED_EDGE('',*,*,#1119,.F.);
#1486=ORIENTED_EDGE('',*,*,#1124,.T.);
#1487=ORIENTED_EDGE('',*,*,#1103,.F.);
#1488=ORIENTED_EDGE('',*,*,#1125,.T.);
#1489=ORIENTED_EDGE('',*,*,#1122,.F.);
#1490=ORIENTED_EDGE('',*,*,#1126,.T.);
#1491=ORIENTED_EDGE('',*,*,#1120,.F.);
#1492=ORIENTED_EDGE('',*,*,#1127,.T.);
#1493=ORIENTED_EDGE('',*,*,#1128,.F.);
#1494=ORIENTED_EDGE('',*,*,#1129,.F.);
#1495=ORIENTED_EDGE('',*,*,#1123,.F.);
#1496=ORIENTED_EDGE('',*,*,#1130,.T.);
#1497=ORIENTED_EDGE('',*,*,#1131,.F.);
#1498=ORIENTED_EDGE('',*,*,#1127,.F.);
#1499=ORIENTED_EDGE('',*,*,#1125,.F.);
#1500=ORIENTED_EDGE('',*,*,#1132,.T.);
#1501=ORIENTED_EDGE('',*,*,#1133,.F.);
#1502=ORIENTED_EDGE('',*,*,#1130,.F.);
#1503=ORIENTED_EDGE('',*,*,#1106,.F.);
#1504=ORIENTED_EDGE('',*,*,#1134,.T.);
#1505=ORIENTED_EDGE('',*,*,#1135,.F.);
#1506=ORIENTED_EDGE('',*,*,#1132,.F.);
#1507=ORIENTED_EDGE('',*,*,#1104,.F.);
#1508=ORIENTED_EDGE('',*,*,#1126,.F.);
#1509=ORIENTED_EDGE('',*,*,#1124,.F.);
#1510=ORIENTED_EDGE('',*,*,#1121,.F.);
#1511=ORIENTED_EDGE('',*,*,#1118,.F.);
#1512=ORIENTED_EDGE('',*,*,#1115,.F.);
#1513=ORIENTED_EDGE('',*,*,#1112,.F.);
#1514=ORIENTED_EDGE('',*,*,#1109,.F.);
#1515=ORIENTED_EDGE('',*,*,#1136,.F.);
#1516=ORIENTED_EDGE('',*,*,#1137,.F.);
#1517=ORIENTED_EDGE('',*,*,#1138,.F.);
#1518=ORIENTED_EDGE('',*,*,#1139,.F.);
#1519=ORIENTED_EDGE('',*,*,#1140,.F.);
#1520=ORIENTED_EDGE('',*,*,#1141,.F.);
#1521=ORIENTED_EDGE('',*,*,#1142,.F.);
#1522=ORIENTED_EDGE('',*,*,#1143,.F.);
#1523=ORIENTED_EDGE('',*,*,#1144,.F.);
#1524=ORIENTED_EDGE('',*,*,#1145,.F.);
#1525=ORIENTED_EDGE('',*,*,#1146,.F.);
#1526=ORIENTED_EDGE('',*,*,#1147,.F.);
#1527=ORIENTED_EDGE('',*,*,#1148,.F.);
#1528=ORIENTED_EDGE('',*,*,#1149,.T.);
#1529=ORIENTED_EDGE('',*,*,#1150,.F.);
#1530=ORIENTED_EDGE('',*,*,#1151,.F.);
#1531=ORIENTED_EDGE('',*,*,#1152,.F.);
#1532=ORIENTED_EDGE('',*,*,#1153,.T.);
#1533=ORIENTED_EDGE('',*,*,#1154,.F.);
#1534=ORIENTED_EDGE('',*,*,#1149,.F.);
#1535=ORIENTED_EDGE('',*,*,#1155,.F.);
#1536=ORIENTED_EDGE('',*,*,#1156,.T.);
#1537=ORIENTED_EDGE('',*,*,#1157,.F.);
#1538=ORIENTED_EDGE('',*,*,#1153,.F.);
#1539=ORIENTED_EDGE('',*,*,#1158,.F.);
#1540=ORIENTED_EDGE('',*,*,#1159,.T.);
#1541=ORIENTED_EDGE('',*,*,#1160,.F.);
#1542=ORIENTED_EDGE('',*,*,#1156,.F.);
#1543=ORIENTED_EDGE('',*,*,#1161,.F.);
#1544=ORIENTED_EDGE('',*,*,#1162,.T.);
#1545=ORIENTED_EDGE('',*,*,#1163,.F.);
#1546=ORIENTED_EDGE('',*,*,#1159,.F.);
#1547=ORIENTED_EDGE('',*,*,#1164,.F.);
#1548=ORIENTED_EDGE('',*,*,#1165,.T.);
#1549=ORIENTED_EDGE('',*,*,#1166,.F.);
#1550=ORIENTED_EDGE('',*,*,#1162,.F.);
#1551=ORIENTED_EDGE('',*,*,#1167,.F.);
#1552=ORIENTED_EDGE('',*,*,#1168,.T.);
#1553=ORIENTED_EDGE('',*,*,#1169,.F.);
#1554=ORIENTED_EDGE('',*,*,#1165,.F.);
#1555=ORIENTED_EDGE('',*,*,#1170,.F.);
#1556=ORIENTED_EDGE('',*,*,#1151,.T.);
#1557=ORIENTED_EDGE('',*,*,#1171,.F.);
#1558=ORIENTED_EDGE('',*,*,#1168,.F.);
#1559=ORIENTED_EDGE('',*,*,#1172,.F.);
#1560=ORIENTED_EDGE('',*,*,#1173,.T.);
#1561=ORIENTED_EDGE('',*,*,#1174,.F.);
#1562=ORIENTED_EDGE('',*,*,#1175,.F.);
#1563=ORIENTED_EDGE('',*,*,#1176,.F.);
#1564=ORIENTED_EDGE('',*,*,#1177,.T.);
#1565=ORIENTED_EDGE('',*,*,#1178,.F.);
#1566=ORIENTED_EDGE('',*,*,#1173,.F.);
#1567=ORIENTED_EDGE('',*,*,#1179,.F.);
#1568=ORIENTED_EDGE('',*,*,#1180,.T.);
#1569=ORIENTED_EDGE('',*,*,#1181,.F.);
#1570=ORIENTED_EDGE('',*,*,#1177,.F.);
#1571=ORIENTED_EDGE('',*,*,#1182,.F.);
#1572=ORIENTED_EDGE('',*,*,#1183,.T.);
#1573=ORIENTED_EDGE('',*,*,#1184,.F.);
#1574=ORIENTED_EDGE('',*,*,#1180,.F.);
#1575=ORIENTED_EDGE('',*,*,#1185,.F.);
#1576=ORIENTED_EDGE('',*,*,#1186,.T.);
#1577=ORIENTED_EDGE('',*,*,#1187,.F.);
#1578=ORIENTED_EDGE('',*,*,#1183,.F.);
#1579=ORIENTED_EDGE('',*,*,#1188,.F.);
#1580=ORIENTED_EDGE('',*,*,#1189,.T.);
#1581=ORIENTED_EDGE('',*,*,#1190,.F.);
#1582=ORIENTED_EDGE('',*,*,#1186,.F.);
#1583=ORIENTED_EDGE('',*,*,#1191,.F.);
#1584=ORIENTED_EDGE('',*,*,#1192,.T.);
#1585=ORIENTED_EDGE('',*,*,#1193,.F.);
#1586=ORIENTED_EDGE('',*,*,#1189,.F.);
#1587=ORIENTED_EDGE('',*,*,#1194,.F.);
#1588=ORIENTED_EDGE('',*,*,#1175,.T.);
#1589=ORIENTED_EDGE('',*,*,#1195,.F.);
#1590=ORIENTED_EDGE('',*,*,#1192,.F.);
#1591=ORIENTED_EDGE('',*,*,#1196,.F.);
#1592=ORIENTED_EDGE('',*,*,#1197,.T.);
#1593=ORIENTED_EDGE('',*,*,#1198,.F.);
#1594=ORIENTED_EDGE('',*,*,#1199,.F.);
#1595=ORIENTED_EDGE('',*,*,#1200,.F.);
#1596=ORIENTED_EDGE('',*,*,#1201,.T.);
#1597=ORIENTED_EDGE('',*,*,#1202,.F.);
#1598=ORIENTED_EDGE('',*,*,#1197,.F.);
#1599=ORIENTED_EDGE('',*,*,#1203,.F.);
#1600=ORIENTED_EDGE('',*,*,#1204,.T.);
#1601=ORIENTED_EDGE('',*,*,#1205,.F.);
#1602=ORIENTED_EDGE('',*,*,#1201,.F.);
#1603=ORIENTED_EDGE('',*,*,#1206,.F.);
#1604=ORIENTED_EDGE('',*,*,#1207,.T.);
#1605=ORIENTED_EDGE('',*,*,#1208,.F.);
#1606=ORIENTED_EDGE('',*,*,#1204,.F.);
#1607=ORIENTED_EDGE('',*,*,#1209,.F.);
#1608=ORIENTED_EDGE('',*,*,#1210,.T.);
#1609=ORIENTED_EDGE('',*,*,#1211,.F.);
#1610=ORIENTED_EDGE('',*,*,#1207,.F.);
#1611=ORIENTED_EDGE('',*,*,#1212,.F.);
#1612=ORIENTED_EDGE('',*,*,#1213,.T.);
#1613=ORIENTED_EDGE('',*,*,#1214,.F.);
#1614=ORIENTED_EDGE('',*,*,#1210,.F.);
#1615=ORIENTED_EDGE('',*,*,#1215,.F.);
#1616=ORIENTED_EDGE('',*,*,#1216,.T.);
#1617=ORIENTED_EDGE('',*,*,#1217,.F.);
#1618=ORIENTED_EDGE('',*,*,#1213,.F.);
#1619=ORIENTED_EDGE('',*,*,#1218,.F.);
#1620=ORIENTED_EDGE('',*,*,#1199,.T.);
#1621=ORIENTED_EDGE('',*,*,#1219,.F.);
#1622=ORIENTED_EDGE('',*,*,#1216,.F.);
#1623=ORIENTED_EDGE('',*,*,#1220,.F.);
#1624=ORIENTED_EDGE('',*,*,#1221,.T.);
#1625=ORIENTED_EDGE('',*,*,#1222,.F.);
#1626=ORIENTED_EDGE('',*,*,#1221,.F.);
#1627=ORIENTED_EDGE('',*,*,#1223,.F.);
#1628=ORIENTED_EDGE('',*,*,#1224,.T.);
#1629=ORIENTED_EDGE('',*,*,#1225,.F.);
#1630=ORIENTED_EDGE('',*,*,#1224,.F.);
#1631=ORIENTED_EDGE('',*,*,#1223,.T.);
#1632=ORIENTED_EDGE('',*,*,#1220,.T.);
#1633=ORIENTED_EDGE('',*,*,#1226,.F.);
#1634=ORIENTED_EDGE('',*,*,#1227,.F.);
#1635=ORIENTED_EDGE('',*,*,#1228,.F.);
#1636=ORIENTED_EDGE('',*,*,#1229,.F.);
#1637=ORIENTED_EDGE('',*,*,#1230,.F.);
#1638=ORIENTED_EDGE('',*,*,#1231,.F.);
#1639=ORIENTED_EDGE('',*,*,#1232,.F.);
#1640=ORIENTED_EDGE('',*,*,#1233,.F.);
#1641=ORIENTED_EDGE('',*,*,#1234,.T.);
#1642=ORIENTED_EDGE('',*,*,#1235,.T.);
#1643=ORIENTED_EDGE('',*,*,#1236,.F.);
#1644=ORIENTED_EDGE('',*,*,#1237,.F.);
#1645=ORIENTED_EDGE('',*,*,#1238,.F.);
#1646=ORIENTED_EDGE('',*,*,#1239,.F.);
#1647=ORIENTED_EDGE('',*,*,#1240,.F.);
#1648=ORIENTED_EDGE('',*,*,#1241,.F.);
#1649=ORIENTED_EDGE('',*,*,#1242,.F.);
#1650=ORIENTED_EDGE('',*,*,#1243,.F.);
#1651=ORIENTED_EDGE('',*,*,#1244,.F.);
#1652=ORIENTED_EDGE('',*,*,#1245,.F.);
#1653=ORIENTED_EDGE('',*,*,#1246,.F.);
#1654=ORIENTED_EDGE('',*,*,#1247,.F.);
#1655=ORIENTED_EDGE('',*,*,#1248,.T.);
#1656=ORIENTED_EDGE('',*,*,#1225,.T.);
#1657=ORIENTED_EDGE('',*,*,#1249,.F.);
#1658=ORIENTED_EDGE('',*,*,#1250,.T.);
#1659=ORIENTED_EDGE('',*,*,#1251,.F.);
#1660=ORIENTED_EDGE('',*,*,#1250,.F.);
#1661=ORIENTED_EDGE('',*,*,#1252,.F.);
#1662=ORIENTED_EDGE('',*,*,#1253,.T.);
#1663=ORIENTED_EDGE('',*,*,#1234,.F.);
#1664=ORIENTED_EDGE('',*,*,#1253,.F.);
#1665=ORIENTED_EDGE('',*,*,#1252,.T.);
#1666=ORIENTED_EDGE('',*,*,#1249,.T.);
#1667=ORIENTED_EDGE('',*,*,#1222,.T.);
#1668=ORIENTED_EDGE('',*,*,#1254,.F.);
#1669=ORIENTED_EDGE('',*,*,#1255,.T.);
#1670=ORIENTED_EDGE('',*,*,#1256,.F.);
#1671=ORIENTED_EDGE('',*,*,#1255,.F.);
#1672=ORIENTED_EDGE('',*,*,#1257,.F.);
#1673=ORIENTED_EDGE('',*,*,#1258,.T.);
#1674=ORIENTED_EDGE('',*,*,#1248,.F.);
#1675=ORIENTED_EDGE('',*,*,#1258,.F.);
#1676=ORIENTED_EDGE('',*,*,#1257,.T.);
#1677=ORIENTED_EDGE('',*,*,#1254,.T.);
#1678=ORIENTED_EDGE('',*,*,#1251,.T.);
#1679=ORIENTED_EDGE('',*,*,#1259,.F.);
#1680=ORIENTED_EDGE('',*,*,#1260,.T.);
#1681=ORIENTED_EDGE('',*,*,#1261,.F.);
#1682=ORIENTED_EDGE('',*,*,#1260,.F.);
#1683=ORIENTED_EDGE('',*,*,#1262,.F.);
#1684=ORIENTED_EDGE('',*,*,#1263,.T.);
#1685=ORIENTED_EDGE('',*,*,#1235,.F.);
#1686=ORIENTED_EDGE('',*,*,#1263,.F.);
#1687=ORIENTED_EDGE('',*,*,#1262,.T.);
#1688=ORIENTED_EDGE('',*,*,#1259,.T.);
#1689=ORIENTED_EDGE('',*,*,#1256,.T.);
#1690=ORIENTED_EDGE('',*,*,#1264,.F.);
#1691=ORIENTED_EDGE('',*,*,#1265,.T.);
#1692=ORIENTED_EDGE('',*,*,#1227,.T.);
#1693=ORIENTED_EDGE('',*,*,#1266,.F.);
#1694=ORIENTED_EDGE('',*,*,#1097,.T.);
#1695=ORIENTED_EDGE('',*,*,#1099,.T.);
#1696=ORIENTED_EDGE('',*,*,#1031,.T.);
#1697=ORIENTED_EDGE('',*,*,#1037,.T.);
#1698=ORIENTED_EDGE('',*,*,#1100,.T.);
#1699=ORIENTED_EDGE('',*,*,#1102,.T.);
#1700=ORIENTED_EDGE('',*,*,#1040,.T.);
#1701=ORIENTED_EDGE('',*,*,#1046,.T.);
#1702=ORIENTED_EDGE('',*,*,#1267,.F.);
#1703=ORIENTED_EDGE('',*,*,#1268,.T.);
#1704=ORIENTED_EDGE('',*,*,#1228,.T.);
#1705=ORIENTED_EDGE('',*,*,#1265,.F.);
#1706=ORIENTED_EDGE('',*,*,#1269,.F.);
#1707=ORIENTED_EDGE('',*,*,#1270,.T.);
#1708=ORIENTED_EDGE('',*,*,#1229,.T.);
#1709=ORIENTED_EDGE('',*,*,#1268,.F.);
#1710=ORIENTED_EDGE('',*,*,#1198,.T.);
#1711=ORIENTED_EDGE('',*,*,#1202,.T.);
#1712=ORIENTED_EDGE('',*,*,#1205,.T.);
#1713=ORIENTED_EDGE('',*,*,#1208,.T.);
#1714=ORIENTED_EDGE('',*,*,#1211,.T.);
#1715=ORIENTED_EDGE('',*,*,#1214,.T.);
#1716=ORIENTED_EDGE('',*,*,#1217,.T.);
#1717=ORIENTED_EDGE('',*,*,#1219,.T.);
#1718=ORIENTED_EDGE('',*,*,#1271,.F.);
#1719=ORIENTED_EDGE('',*,*,#1272,.T.);
#1720=ORIENTED_EDGE('',*,*,#1230,.T.);
#1721=ORIENTED_EDGE('',*,*,#1270,.F.);
#1722=ORIENTED_EDGE('',*,*,#1273,.F.);
#1723=ORIENTED_EDGE('',*,*,#1274,.T.);
#1724=ORIENTED_EDGE('',*,*,#1231,.T.);
#1725=ORIENTED_EDGE('',*,*,#1272,.F.);
#1726=ORIENTED_EDGE('',*,*,#1061,.T.);
#1727=ORIENTED_EDGE('',*,*,#1075,.T.);
#1728=ORIENTED_EDGE('',*,*,#1015,.T.);
#1729=ORIENTED_EDGE('',*,*,#1019,.T.);
#1730=ORIENTED_EDGE('',*,*,#1073,.T.);
#1731=ORIENTED_EDGE('',*,*,#1076,.T.);
#1732=ORIENTED_EDGE('',*,*,#1022,.T.);
#1733=ORIENTED_EDGE('',*,*,#1028,.T.);
#1734=ORIENTED_EDGE('',*,*,#1150,.T.);
#1735=ORIENTED_EDGE('',*,*,#1154,.T.);
#1736=ORIENTED_EDGE('',*,*,#1157,.T.);
#1737=ORIENTED_EDGE('',*,*,#1160,.T.);
#1738=ORIENTED_EDGE('',*,*,#1163,.T.);
#1739=ORIENTED_EDGE('',*,*,#1166,.T.);
#1740=ORIENTED_EDGE('',*,*,#1169,.T.);
#1741=ORIENTED_EDGE('',*,*,#1171,.T.);
#1742=ORIENTED_EDGE('',*,*,#1174,.T.);
#1743=ORIENTED_EDGE('',*,*,#1178,.T.);
#1744=ORIENTED_EDGE('',*,*,#1181,.T.);
#1745=ORIENTED_EDGE('',*,*,#1184,.T.);
#1746=ORIENTED_EDGE('',*,*,#1187,.T.);
#1747=ORIENTED_EDGE('',*,*,#1190,.T.);
#1748=ORIENTED_EDGE('',*,*,#1193,.T.);
#1749=ORIENTED_EDGE('',*,*,#1195,.T.);
#1750=ORIENTED_EDGE('',*,*,#1275,.F.);
#1751=ORIENTED_EDGE('',*,*,#1276,.T.);
#1752=ORIENTED_EDGE('',*,*,#1232,.T.);
#1753=ORIENTED_EDGE('',*,*,#1274,.F.);
#1754=ORIENTED_EDGE('',*,*,#1277,.F.);
#1755=ORIENTED_EDGE('',*,*,#1278,.T.);
#1756=ORIENTED_EDGE('',*,*,#1233,.T.);
#1757=ORIENTED_EDGE('',*,*,#1276,.F.);
#1758=ORIENTED_EDGE('',*,*,#1279,.F.);
#1759=ORIENTED_EDGE('',*,*,#1266,.T.);
#1760=ORIENTED_EDGE('',*,*,#1226,.T.);
#1761=ORIENTED_EDGE('',*,*,#1278,.F.);
#1762=ORIENTED_EDGE('',*,*,#1261,.T.);
#1763=ORIENTED_EDGE('',*,*,#1243,.T.);
#1764=ORIENTED_EDGE('',*,*,#1280,.F.);
#1765=ORIENTED_EDGE('',*,*,#1144,.T.);
#1766=ORIENTED_EDGE('',*,*,#1281,.T.);
#1767=ORIENTED_EDGE('',*,*,#1242,.T.);
#1768=ORIENTED_EDGE('',*,*,#1282,.F.);
#1769=ORIENTED_EDGE('',*,*,#1145,.T.);
#1770=ORIENTED_EDGE('',*,*,#1280,.T.);
#1771=ORIENTED_EDGE('',*,*,#1241,.T.);
#1772=ORIENTED_EDGE('',*,*,#1283,.F.);
#1773=ORIENTED_EDGE('',*,*,#1146,.T.);
#1774=ORIENTED_EDGE('',*,*,#1282,.T.);
#1775=ORIENTED_EDGE('',*,*,#1240,.T.);
#1776=ORIENTED_EDGE('',*,*,#1284,.F.);
#1777=ORIENTED_EDGE('',*,*,#1139,.T.);
#1778=ORIENTED_EDGE('',*,*,#1283,.T.);
#1779=ORIENTED_EDGE('',*,*,#1236,.T.);
#1780=ORIENTED_EDGE('',*,*,#1285,.T.);
#1781=ORIENTED_EDGE('',*,*,#1136,.T.);
#1782=ORIENTED_EDGE('',*,*,#1285,.F.);
#1783=ORIENTED_EDGE('',*,*,#1237,.T.);
#1784=ORIENTED_EDGE('',*,*,#1286,.T.);
#1785=ORIENTED_EDGE('',*,*,#1137,.T.);
#1786=ORIENTED_EDGE('',*,*,#1286,.F.);
#1787=ORIENTED_EDGE('',*,*,#1238,.T.);
#1788=ORIENTED_EDGE('',*,*,#1287,.T.);
#1789=ORIENTED_EDGE('',*,*,#1138,.T.);
#1790=ORIENTED_EDGE('',*,*,#1287,.F.);
#1791=ORIENTED_EDGE('',*,*,#1239,.T.);
#1792=ORIENTED_EDGE('',*,*,#1288,.F.);
#1793=ORIENTED_EDGE('',*,*,#1140,.T.);
#1794=ORIENTED_EDGE('',*,*,#1284,.T.);
#1795=ORIENTED_EDGE('',*,*,#1246,.T.);
#1796=ORIENTED_EDGE('',*,*,#1289,.F.);
#1797=ORIENTED_EDGE('',*,*,#1141,.T.);
#1798=ORIENTED_EDGE('',*,*,#1288,.T.);
#1799=ORIENTED_EDGE('',*,*,#1245,.T.);
#1800=ORIENTED_EDGE('',*,*,#1290,.F.);
#1801=ORIENTED_EDGE('',*,*,#1142,.T.);
#1802=ORIENTED_EDGE('',*,*,#1289,.T.);
#1803=ORIENTED_EDGE('',*,*,#1244,.T.);
#1804=ORIENTED_EDGE('',*,*,#1281,.F.);
#1805=ORIENTED_EDGE('',*,*,#1143,.T.);
#1806=ORIENTED_EDGE('',*,*,#1290,.T.);
#1807=ORIENTED_EDGE('',*,*,#1247,.T.);
#1808=ORIENTED_EDGE('',*,*,#1291,.T.);
#1809=ORIENTED_EDGE('',*,*,#1147,.T.);
#1810=ORIENTED_EDGE('',*,*,#1291,.F.);
#1811=ORIENTED_EDGE('',*,*,#1117,.F.);
#1812=ORIENTED_EDGE('',*,*,#1129,.T.);
#1813=ORIENTED_EDGE('',*,*,#1292,.F.);
#1814=ORIENTED_EDGE('',*,*,#1293,.F.);
#1815=ORIENTED_EDGE('',*,*,#1148,.T.);
#1816=ORIENTED_EDGE('',*,*,#1170,.T.);
#1817=ORIENTED_EDGE('',*,*,#1167,.T.);
#1818=ORIENTED_EDGE('',*,*,#1164,.T.);
#1819=ORIENTED_EDGE('',*,*,#1161,.T.);
#1820=ORIENTED_EDGE('',*,*,#1158,.T.);
#1821=ORIENTED_EDGE('',*,*,#1155,.T.);
#1822=ORIENTED_EDGE('',*,*,#1152,.T.);
#1823=ORIENTED_EDGE('',*,*,#1172,.T.);
#1824=ORIENTED_EDGE('',*,*,#1194,.T.);
#1825=ORIENTED_EDGE('',*,*,#1191,.T.);
#1826=ORIENTED_EDGE('',*,*,#1188,.T.);
#1827=ORIENTED_EDGE('',*,*,#1185,.T.);
#1828=ORIENTED_EDGE('',*,*,#1182,.T.);
#1829=ORIENTED_EDGE('',*,*,#1179,.T.);
#1830=ORIENTED_EDGE('',*,*,#1176,.T.);
#1831=ORIENTED_EDGE('',*,*,#1114,.F.);
#1832=ORIENTED_EDGE('',*,*,#1293,.T.);
#1833=ORIENTED_EDGE('',*,*,#1294,.F.);
#1834=ORIENTED_EDGE('',*,*,#1295,.F.);
#1835=ORIENTED_EDGE('',*,*,#1111,.F.);
#1836=ORIENTED_EDGE('',*,*,#1295,.T.);
#1837=ORIENTED_EDGE('',*,*,#1296,.F.);
#1838=ORIENTED_EDGE('',*,*,#1297,.F.);
#1839=ORIENTED_EDGE('',*,*,#1196,.T.);
#1840=ORIENTED_EDGE('',*,*,#1218,.T.);
#1841=ORIENTED_EDGE('',*,*,#1215,.T.);
#1842=ORIENTED_EDGE('',*,*,#1212,.T.);
#1843=ORIENTED_EDGE('',*,*,#1209,.T.);
#1844=ORIENTED_EDGE('',*,*,#1206,.T.);
#1845=ORIENTED_EDGE('',*,*,#1203,.T.);
#1846=ORIENTED_EDGE('',*,*,#1200,.T.);
#1847=ORIENTED_EDGE('',*,*,#1108,.F.);
#1848=ORIENTED_EDGE('',*,*,#1297,.T.);
#1849=ORIENTED_EDGE('',*,*,#1298,.F.);
#1850=ORIENTED_EDGE('',*,*,#1134,.F.);
#1851=ORIENTED_EDGE('',*,*,#1298,.T.);
#1852=ORIENTED_EDGE('',*,*,#1296,.T.);
#1853=ORIENTED_EDGE('',*,*,#1294,.T.);
#1854=ORIENTED_EDGE('',*,*,#1292,.T.);
#1855=ORIENTED_EDGE('',*,*,#1128,.T.);
#1856=ORIENTED_EDGE('',*,*,#1131,.T.);
#1857=ORIENTED_EDGE('',*,*,#1133,.T.);
#1858=ORIENTED_EDGE('',*,*,#1135,.T.);
#1859=ORIENTED_EDGE('',*,*,#1264,.T.);
#1860=ORIENTED_EDGE('',*,*,#1279,.T.);
#1861=ORIENTED_EDGE('',*,*,#1277,.T.);
#1862=ORIENTED_EDGE('',*,*,#1275,.T.);
#1863=ORIENTED_EDGE('',*,*,#1273,.T.);
#1864=ORIENTED_EDGE('',*,*,#1271,.T.);
#1865=ORIENTED_EDGE('',*,*,#1269,.T.);
#1866=ORIENTED_EDGE('',*,*,#1267,.T.);
#1867=PLANE('',#2067);
#1868=PLANE('',#2068);
#1869=PLANE('',#2069);
#1870=PLANE('',#2070);
#1871=PLANE('',#2071);
#1872=PLANE('',#2072);
#1873=PLANE('',#2073);
#1874=PLANE('',#2074);
#1875=PLANE('',#2075);
#1876=PLANE('',#2076);
#1877=PLANE('',#2077);
#1878=PLANE('',#2078);
#1879=PLANE('',#2079);
#1880=PLANE('',#2080);
#1881=PLANE('',#2081);
#1882=PLANE('',#2082);
#1883=PLANE('',#2083);
#1884=PLANE('',#2084);
#1885=PLANE('',#2085);
#1886=PLANE('',#2086);
#1887=PLANE('',#2087);
#1888=PLANE('',#2088);
#1889=PLANE('',#2089);
#1890=PLANE('',#2090);
#1891=PLANE('',#2091);
#1892=PLANE('',#2092);
#1893=PLANE('',#2093);
#1894=PLANE('',#2094);
#1895=PLANE('',#2095);
#1896=PLANE('',#2096);
#1897=PLANE('',#2097);
#1898=PLANE('',#2098);
#1899=PLANE('',#2099);
#1900=PLANE('',#2100);
#1901=PLANE('',#2101);
#1902=PLANE('',#2102);
#1903=PLANE('',#2129);
#1904=PLANE('',#2132);
#1905=PLANE('',#2133);
#1906=PLANE('',#2142);
#1907=PLANE('',#2146);
#1908=PLANE('',#2150);
#1909=PLANE('',#2154);
#1910=PLANE('',#2158);
#1911=PLANE('',#2162);
#1912=PLANE('',#2166);
#1913=PLANE('',#2170);
#1914=PLANE('',#2174);
#1915=PLANE('',#2178);
#1916=PLANE('',#2182);
#1917=PLANE('',#2186);
#1918=PLANE('',#2196);
#1919=PLANE('',#2197);
#1920=PLANE('',#2218);
#1921=PLANE('',#2219);
#1922=PLANE('',#2225);
#1923=PLANE('',#2226);
#1924=PLANE('',#2232);
#1925=PLANE('',#2233);
#1926=PLANE('',#2234);
#1927=PLANE('',#2237);
#1928=PLANE('',#2240);
#1929=PLANE('',#2243);
#1930=PLANE('',#2246);
#1931=PLANE('',#2247);
#1932=PLANE('',#2249);
#1933=PLANE('',#2254);
#1934=PLANE('',#2256);
#1935=PLANE('',#2259);
#1936=PLANE('',#2262);
#1937=PLANE('',#2265);
#1938=ADVANCED_FACE('',(#172),#1867,.F.);
#1939=ADVANCED_FACE('',(#173),#1868,.F.);
#1940=ADVANCED_FACE('',(#174),#1869,.F.);
#1941=ADVANCED_FACE('',(#175),#1870,.F.);
#1942=ADVANCED_FACE('',(#176),#1871,.F.);
#1943=ADVANCED_FACE('',(#177),#1872,.F.);
#1944=ADVANCED_FACE('',(#178),#1873,.F.);
#1945=ADVANCED_FACE('',(#179),#1874,.F.);
#1946=ADVANCED_FACE('',(#180),#1875,.F.);
#1947=ADVANCED_FACE('',(#181),#1876,.F.);
#1948=ADVANCED_FACE('',(#182),#1877,.F.);
#1949=ADVANCED_FACE('',(#183),#1878,.F.);
#1950=ADVANCED_FACE('',(#184),#1879,.F.);
#1951=ADVANCED_FACE('',(#185),#1880,.F.);
#1952=ADVANCED_FACE('',(#186),#1881,.F.);
#1953=ADVANCED_FACE('',(#187),#1882,.F.);
#1954=ADVANCED_FACE('',(#188),#1883,.F.);
#1955=ADVANCED_FACE('',(#189),#1884,.F.);
#1956=ADVANCED_FACE('',(#190),#1885,.F.);
#1957=ADVANCED_FACE('',(#191),#1886,.F.);
#1958=ADVANCED_FACE('',(#192),#1887,.F.);
#1959=ADVANCED_FACE('',(#193),#1888,.F.);
#1960=ADVANCED_FACE('',(#194),#1889,.F.);
#1961=ADVANCED_FACE('',(#195),#1890,.F.);
#1962=ADVANCED_FACE('',(#196),#1891,.F.);
#1963=ADVANCED_FACE('',(#197),#1892,.F.);
#1964=ADVANCED_FACE('',(#198),#1893,.F.);
#1965=ADVANCED_FACE('',(#199),#1894,.F.);
#1966=ADVANCED_FACE('',(#200),#1895,.F.);
#1967=ADVANCED_FACE('',(#201),#1896,.F.);
#1968=ADVANCED_FACE('',(#202),#1897,.F.);
#1969=ADVANCED_FACE('',(#203),#1898,.F.);
#1970=ADVANCED_FACE('',(#204),#1899,.F.);
#1971=ADVANCED_FACE('',(#205),#1900,.F.);
#1972=ADVANCED_FACE('',(#206),#1901,.F.);
#1973=ADVANCED_FACE('',(#207),#1902,.F.);
#1974=ADVANCED_FACE('',(#208),#132,.T.);
#1975=ADVANCED_FACE('',(#209),#44,.T.);
#1976=ADVANCED_FACE('',(#210),#133,.T.);
#1977=ADVANCED_FACE('',(#211),#45,.T.);
#1978=ADVANCED_FACE('',(#212),#134,.T.);
#1979=ADVANCED_FACE('',(#213),#46,.T.);
#1980=ADVANCED_FACE('',(#214),#135,.T.);
#1981=ADVANCED_FACE('',(#215),#47,.T.);
#1982=ADVANCED_FACE('',(#216),#136,.T.);
#1983=ADVANCED_FACE('',(#217),#1903,.T.);
#1984=ADVANCED_FACE('',(#218),#137,.T.);
#1985=ADVANCED_FACE('',(#219),#1904,.T.);
#1986=ADVANCED_FACE('',(#220,#15,#16,#17,#18,#19),#1905,.F.);
#1987=ADVANCED_FACE('',(#221),#1906,.F.);
#1988=ADVANCED_FACE('',(#222),#138,.F.);
#1989=ADVANCED_FACE('',(#223),#1907,.F.);
#1990=ADVANCED_FACE('',(#224),#139,.F.);
#1991=ADVANCED_FACE('',(#225),#1908,.F.);
#1992=ADVANCED_FACE('',(#226),#140,.F.);
#1993=ADVANCED_FACE('',(#227),#1909,.F.);
#1994=ADVANCED_FACE('',(#228),#141,.F.);
#1995=ADVANCED_FACE('',(#229),#1910,.F.);
#1996=ADVANCED_FACE('',(#230),#142,.F.);
#1997=ADVANCED_FACE('',(#231),#1911,.F.);
#1998=ADVANCED_FACE('',(#232),#143,.F.);
#1999=ADVANCED_FACE('',(#233),#1912,.F.);
#2000=ADVANCED_FACE('',(#234),#144,.F.);
#2001=ADVANCED_FACE('',(#235),#1913,.F.);
#2002=ADVANCED_FACE('',(#236),#145,.F.);
#2003=ADVANCED_FACE('',(#237),#1914,.F.);
#2004=ADVANCED_FACE('',(#238),#146,.F.);
#2005=ADVANCED_FACE('',(#239),#1915,.F.);
#2006=ADVANCED_FACE('',(#240),#147,.F.);
#2007=ADVANCED_FACE('',(#241),#1916,.F.);
#2008=ADVANCED_FACE('',(#242),#148,.F.);
#2009=ADVANCED_FACE('',(#243),#1917,.F.);
#2010=ADVANCED_FACE('',(#244),#149,.F.);
#2011=ADVANCED_FACE('',(#245),#150,.F.);
#2012=ADVANCED_FACE('',(#246),#151,.T.);
#2013=ADVANCED_FACE('',(#247,#20),#1918,.T.);
#2014=ADVANCED_FACE('',(#248,#21,#22,#23,#24,#25,#26,#27,#28,#29),#1919,
 .T.);
#2015=ADVANCED_FACE('',(#249),#152,.F.);
#2016=ADVANCED_FACE('',(#250),#153,.T.);
#2017=ADVANCED_FACE('',(#251,#30),#1920,.T.);
#2018=ADVANCED_FACE('',(#252),#1921,.T.);
#2019=ADVANCED_FACE('',(#253),#154,.F.);
#2020=ADVANCED_FACE('',(#254),#155,.T.);
#2021=ADVANCED_FACE('',(#255,#31),#1922,.T.);
#2022=ADVANCED_FACE('',(#256),#1923,.T.);
#2023=ADVANCED_FACE('',(#257),#156,.F.);
#2024=ADVANCED_FACE('',(#258),#157,.T.);
#2025=ADVANCED_FACE('',(#259,#32),#1924,.T.);
#2026=ADVANCED_FACE('',(#260),#1925,.T.);
#2027=ADVANCED_FACE('',(#261,#33,#34),#1926,.F.);
#2028=ADVANCED_FACE('',(#262),#158,.F.);
#2029=ADVANCED_FACE('',(#263,#35),#1927,.F.);
#2030=ADVANCED_FACE('',(#264),#159,.F.);
#2031=ADVANCED_FACE('',(#265,#36,#37,#38,#39),#1928,.F.);
#2032=ADVANCED_FACE('',(#266),#160,.F.);
#2033=ADVANCED_FACE('',(#267),#1929,.F.);
#2034=ADVANCED_FACE('',(#268),#161,.F.);
#2035=ADVANCED_FACE('',(#269),#1930,.T.);
#2036=ADVANCED_FACE('',(#270),#1931,.T.);
#2037=ADVANCED_FACE('',(#271),#162,.F.);
#2038=ADVANCED_FACE('',(#272),#1932,.T.);
#2039=ADVANCED_FACE('',(#273),#163,.F.);
#2040=ADVANCED_FACE('',(#274),#164,.F.);
#2041=ADVANCED_FACE('',(#275),#165,.F.);
#2042=ADVANCED_FACE('',(#276),#166,.F.);
#2043=ADVANCED_FACE('',(#277),#1933,.T.);
#2044=ADVANCED_FACE('',(#278),#167,.F.);
#2045=ADVANCED_FACE('',(#279),#1934,.T.);
#2046=ADVANCED_FACE('',(#280),#168,.F.);
#2047=ADVANCED_FACE('',(#281),#169,.F.);
#2048=ADVANCED_FACE('',(#282,#40,#41),#1935,.T.);
#2049=ADVANCED_FACE('',(#283),#170,.T.);
#2050=ADVANCED_FACE('',(#284,#42),#1936,.T.);
#2051=ADVANCED_FACE('',(#285),#171,.T.);
#2052=ADVANCED_FACE('',(#286,#43),#1937,.T.);
#2053=CLOSED_SHELL('',(#1938,#1939,#1940,#1941,#1942,#1943,#1944,#1945,
#1946,#1947,#1948,#1949,#1950,#1951,#1952,#1953,#1954,#1955,#1956,#1957,
#1958,#1959,#1960,#1961,#1962,#1963,#1964,#1965,#1966,#1967,#1968,#1969,
#1970,#1971,#1972,#1973,#1974,#1975,#1976,#1977,#1978,#1979,#1980,#1981,
#1982,#1983,#1984,#1985,#1986,#1987,#1988,#1989,#1990,#1991,#1992,#1993,
#1994,#1995,#1996,#1997,#1998,#1999,#2000,#2001,#2002,#2003,#2004,#2005,
#2006,#2007,#2008,#2009,#2010,#2011,#2012,#2013,#2014,#2015,#2016,#2017,
#2018,#2019,#2020,#2021,#2022,#2023,#2024,#2025,#2026,#2027,#2028,#2029,
#2030,#2031,#2032,#2033,#2034,#2035,#2036,#2037,#2038,#2039,#2040,#2041,
#2042,#2043,#2044,#2045,#2046,#2047,#2048,#2049,#2050,#2051,#2052));
#2054=DERIVED_UNIT_ELEMENT(#2056,1.);
#2055=DERIVED_UNIT_ELEMENT(#3455,-3.);
#2056=(
MASS_UNIT()
NAMED_UNIT(*)
SI_UNIT(.KILO.,.GRAM.)
);
#2057=DERIVED_UNIT((#2054,#2055));
#2058=MEASURE_REPRESENTATION_ITEM('density measure',
POSITIVE_RATIO_MEASURE(7850.),#2057);
#2059=PROPERTY_DEFINITION_REPRESENTATION(#2064,#2061);
#2060=PROPERTY_DEFINITION_REPRESENTATION(#2065,#2062);
#2061=REPRESENTATION('material name',(#2063),#3452);
#2062=REPRESENTATION('density',(#2058),#3452);
#2063=DESCRIPTIVE_REPRESENTATION_ITEM('Steel','Steel');
#2064=PROPERTY_DEFINITION('material property','material name',#3462);
#2065=PROPERTY_DEFINITION('material property','density of part',#3462);
#2066=AXIS2_PLACEMENT_3D('',#2866,#2266,#2267);
#2067=AXIS2_PLACEMENT_3D('',#2867,#2268,#2269);
#2068=AXIS2_PLACEMENT_3D('',#2876,#2274,#2275);
#2069=AXIS2_PLACEMENT_3D('',#2882,#2279,#2280);
#2070=AXIS2_PLACEMENT_3D('',#2895,#2287,#2288);
#2071=AXIS2_PLACEMENT_3D('',#2901,#2292,#2293);
#2072=AXIS2_PLACEMENT_3D('',#2914,#2300,#2301);
#2073=AXIS2_PLACEMENT_3D('',#2920,#2305,#2306);
#2074=AXIS2_PLACEMENT_3D('',#2933,#2313,#2314);
#2075=AXIS2_PLACEMENT_3D('',#2939,#2318,#2319);
#2076=AXIS2_PLACEMENT_3D('',#2947,#2324,#2325);
#2077=AXIS2_PLACEMENT_3D('',#2953,#2329,#2330);
#2078=AXIS2_PLACEMENT_3D('',#2960,#2335,#2336);
#2079=AXIS2_PLACEMENT_3D('',#2962,#2338,#2339);
#2080=AXIS2_PLACEMENT_3D('',#2966,#2342,#2343);
#2081=AXIS2_PLACEMENT_3D('',#2967,#2344,#2345);
#2082=AXIS2_PLACEMENT_3D('',#2973,#2349,#2350);
#2083=AXIS2_PLACEMENT_3D('',#2977,#2353,#2354);
#2084=AXIS2_PLACEMENT_3D('',#2983,#2358,#2359);
#2085=AXIS2_PLACEMENT_3D('',#2986,#2362,#2363);
#2086=AXIS2_PLACEMENT_3D('',#2990,#2366,#2367);
#2087=AXIS2_PLACEMENT_3D('',#2991,#2368,#2369);
#2088=AXIS2_PLACEMENT_3D('',#2993,#2371,#2372);
#2089=AXIS2_PLACEMENT_3D('',#2995,#2374,#2375);
#2090=AXIS2_PLACEMENT_3D('',#3003,#2380,#2381);
#2091=AXIS2_PLACEMENT_3D('',#3008,#2385,#2386);
#2092=AXIS2_PLACEMENT_3D('',#3012,#2389,#2390);
#2093=AXIS2_PLACEMENT_3D('',#3014,#2392,#2393);
#2094=AXIS2_PLACEMENT_3D('',#3015,#2394,#2395);
#2095=AXIS2_PLACEMENT_3D('',#3023,#2400,#2401);
#2096=AXIS2_PLACEMENT_3D('',#3028,#2405,#2406);
#2097=AXIS2_PLACEMENT_3D('',#3032,#2409,#2410);
#2098=AXIS2_PLACEMENT_3D('',#3034,#2412,#2413);
#2099=AXIS2_PLACEMENT_3D('',#3035,#2414,#2415);
#2100=AXIS2_PLACEMENT_3D('',#3039,#2418,#2419);
#2101=AXIS2_PLACEMENT_3D('',#3041,#2421,#2422);
#2102=AXIS2_PLACEMENT_3D('',#3045,#2425,#2426);
#2103=AXIS2_PLACEMENT_3D('',#3047,#2428,#2429);
#2104=AXIS2_PLACEMENT_3D('',#3050,#2430,#2431);
#2105=AXIS2_PLACEMENT_3D('',#3054,#2433,#2434);
#2106=AXIS2_PLACEMENT_3D('',#3056,#2436,#2437);
#2107=AXIS2_PLACEMENT_3D('',#3059,#2438,#2439);
#2108=AXIS2_PLACEMENT_3D('',#3060,#2440,#2441);
#2109=AXIS2_PLACEMENT_3D('',#3061,#2442,#2443);
#2110=AXIS2_PLACEMENT_3D('',#3062,#2444,#2445);
#2111=AXIS2_PLACEMENT_3D('',#3065,#2446,#2447);
#2112=AXIS2_PLACEMENT_3D('',#3068,#2450,#2451);
#2113=AXIS2_PLACEMENT_3D('',#3071,#2452,#2453);
#2114=AXIS2_PLACEMENT_3D('',#3072,#2454,#2455);
#2115=AXIS2_PLACEMENT_3D('',#3073,#2456,#2457);
#2116=AXIS2_PLACEMENT_3D('',#3074,#2458,#2459);
#2117=AXIS2_PLACEMENT_3D('',#3077,#2460,#2461);
#2118=AXIS2_PLACEMENT_3D('',#3080,#2464,#2465);
#2119=AXIS2_PLACEMENT_3D('',#3083,#2466,#2467);
#2120=AXIS2_PLACEMENT_3D('',#3084,#2468,#2469);
#2121=AXIS2_PLACEMENT_3D('',#3085,#2470,#2471);
#2122=AXIS2_PLACEMENT_3D('',#3086,#2472,#2473);
#2123=AXIS2_PLACEMENT_3D('',#3089,#2474,#2475);
#2124=AXIS2_PLACEMENT_3D('',#3092,#2478,#2479);
#2125=AXIS2_PLACEMENT_3D('',#3093,#2480,#2481);
#2126=AXIS2_PLACEMENT_3D('',#3094,#2482,#2483);
#2127=AXIS2_PLACEMENT_3D('',#3095,#2484,#2485);
#2128=AXIS2_PLACEMENT_3D('',#3099,#2487,#2488);
#2129=AXIS2_PLACEMENT_3D('',#3101,#2490,#2491);
#2130=AXIS2_PLACEMENT_3D('',#3105,#2494,#2495);
#2131=AXIS2_PLACEMENT_3D('',#3108,#2497,#2498);
#2132=AXIS2_PLACEMENT_3D('',#3109,#2499,#2500);
#2133=AXIS2_PLACEMENT_3D('',#3113,#2503,#2504);
#2134=AXIS2_PLACEMENT_3D('',#3115,#2505,#2506);
#2135=AXIS2_PLACEMENT_3D('',#3117,#2507,#2508);
#2136=AXIS2_PLACEMENT_3D('',#3119,#2509,#2510);
#2137=AXIS2_PLACEMENT_3D('',#3122,#2511,#2512);
#2138=AXIS2_PLACEMENT_3D('',#3126,#2514,#2515);
#2139=AXIS2_PLACEMENT_3D('',#3130,#2517,#2518);
#2140=AXIS2_PLACEMENT_3D('',#3134,#2520,#2521);
#2141=AXIS2_PLACEMENT_3D('',#3137,#2523,#2524);
#2142=AXIS2_PLACEMENT_3D('',#3138,#2525,#2526);
#2143=AXIS2_PLACEMENT_3D('',#3147,#2531,#2532);
#2144=AXIS2_PLACEMENT_3D('',#3149,#2533,#2534);
#2145=AXIS2_PLACEMENT_3D('',#3152,#2536,#2537);
#2146=AXIS2_PLACEMENT_3D('',#3153,#2538,#2539);
#2147=AXIS2_PLACEMENT_3D('',#3159,#2543,#2544);
#2148=AXIS2_PLACEMENT_3D('',#3161,#2545,#2546);
#2149=AXIS2_PLACEMENT_3D('',#3164,#2548,#2549);
#2150=AXIS2_PLACEMENT_3D('',#3165,#2550,#2551);
#2151=AXIS2_PLACEMENT_3D('',#3171,#2555,#2556);
#2152=AXIS2_PLACEMENT_3D('',#3173,#2557,#2558);
#2153=AXIS2_PLACEMENT_3D('',#3176,#2560,#2561);
#2154=AXIS2_PLACEMENT_3D('',#3177,#2562,#2563);
#2155=AXIS2_PLACEMENT_3D('',#3183,#2567,#2568);
#2156=AXIS2_PLACEMENT_3D('',#3184,#2569,#2570);
#2157=AXIS2_PLACEMENT_3D('',#3185,#2571,#2572);
#2158=AXIS2_PLACEMENT_3D('',#3186,#2573,#2574);
#2159=AXIS2_PLACEMENT_3D('',#3195,#2579,#2580);
#2160=AXIS2_PLACEMENT_3D('',#3197,#2581,#2582);
#2161=AXIS2_PLACEMENT_3D('',#3200,#2584,#2585);
#2162=AXIS2_PLACEMENT_3D('',#3201,#2586,#2587);
#2163=AXIS2_PLACEMENT_3D('',#3207,#2591,#2592);
#2164=AXIS2_PLACEMENT_3D('',#3209,#2593,#2594);
#2165=AXIS2_PLACEMENT_3D('',#3212,#2596,#2597);
#2166=AXIS2_PLACEMENT_3D('',#3213,#2598,#2599);
#2167=AXIS2_PLACEMENT_3D('',#3219,#2603,#2604);
#2168=AXIS2_PLACEMENT_3D('',#3221,#2605,#2606);
#2169=AXIS2_PLACEMENT_3D('',#3224,#2608,#2609);
#2170=AXIS2_PLACEMENT_3D('',#3225,#2610,#2611);
#2171=AXIS2_PLACEMENT_3D('',#3231,#2615,#2616);
#2172=AXIS2_PLACEMENT_3D('',#3232,#2617,#2618);
#2173=AXIS2_PLACEMENT_3D('',#3233,#2619,#2620);
#2174=AXIS2_PLACEMENT_3D('',#3234,#2621,#2622);
#2175=AXIS2_PLACEMENT_3D('',#3243,#2627,#2628);
#2176=AXIS2_PLACEMENT_3D('',#3245,#2629,#2630);
#2177=AXIS2_PLACEMENT_3D('',#3248,#2632,#2633);
#2178=AXIS2_PLACEMENT_3D('',#3249,#2634,#2635);
#2179=AXIS2_PLACEMENT_3D('',#3255,#2639,#2640);
#2180=AXIS2_PLACEMENT_3D('',#3257,#2641,#2642);
#2181=AXIS2_PLACEMENT_3D('',#3260,#2644,#2645);
#2182=AXIS2_PLACEMENT_3D('',#3261,#2646,#2647);
#2183=AXIS2_PLACEMENT_3D('',#3267,#2651,#2652);
#2184=AXIS2_PLACEMENT_3D('',#3269,#2653,#2654);
#2185=AXIS2_PLACEMENT_3D('',#3272,#2656,#2657);
#2186=AXIS2_PLACEMENT_3D('',#3273,#2658,#2659);
#2187=AXIS2_PLACEMENT_3D('',#3279,#2663,#2664);
#2188=AXIS2_PLACEMENT_3D('',#3280,#2665,#2666);
#2189=AXIS2_PLACEMENT_3D('',#3281,#2667,#2668);
#2190=AXIS2_PLACEMENT_3D('',#3282,#2669,#2670);
#2191=AXIS2_PLACEMENT_3D('',#3284,#2671,#2672);
#2192=AXIS2_PLACEMENT_3D('',#3287,#2674,#2675);
#2193=AXIS2_PLACEMENT_3D('',#3288,#2676,#2677);
#2194=AXIS2_PLACEMENT_3D('',#3290,#2678,#2679);
#2195=AXIS2_PLACEMENT_3D('',#3293,#2681,#2682);
#2196=AXIS2_PLACEMENT_3D('',#3294,#2683,#2684);
#2197=AXIS2_PLACEMENT_3D('',#3295,#2685,#2686);
#2198=AXIS2_PLACEMENT_3D('',#3298,#2687,#2688);
#2199=AXIS2_PLACEMENT_3D('',#3302,#2690,#2691);
#2200=AXIS2_PLACEMENT_3D('',#3306,#2693,#2694);
#2201=AXIS2_PLACEMENT_3D('',#3310,#2696,#2697);
#2202=AXIS2_PLACEMENT_3D('',#3313,#2699,#2700);
#2203=AXIS2_PLACEMENT_3D('',#3315,#2701,#2702);
#2204=AXIS2_PLACEMENT_3D('',#3317,#2703,#2704);
#2205=AXIS2_PLACEMENT_3D('',#3319,#2705,#2706);
#2206=AXIS2_PLACEMENT_3D('',#3321,#2707,#2708);
#2207=AXIS2_PLACEMENT_3D('',#3326,#2710,#2711);
#2208=AXIS2_PLACEMENT_3D('',#3330,#2713,#2714);
#2209=AXIS2_PLACEMENT_3D('',#3334,#2716,#2717);
#2210=AXIS2_PLACEMENT_3D('',#3337,#2719,#2720);
#2211=AXIS2_PLACEMENT_3D('',#3339,#2721,#2722);
#2212=AXIS2_PLACEMENT_3D('',#3341,#2723,#2724);
#2213=AXIS2_PLACEMENT_3D('',#3342,#2725,#2726);
#2214=AXIS2_PLACEMENT_3D('',#3344,#2727,#2728);
#2215=AXIS2_PLACEMENT_3D('',#3347,#2730,#2731);
#2216=AXIS2_PLACEMENT_3D('',#3348,#2732,#2733);
#2217=AXIS2_PLACEMENT_3D('',#3350,#2734,#2735);
#2218=AXIS2_PLACEMENT_3D('',#3352,#2737,#2738);
#2219=AXIS2_PLACEMENT_3D('',#3353,#2739,#2740);
#2220=AXIS2_PLACEMENT_3D('',#3354,#2741,#2742);
#2221=AXIS2_PLACEMENT_3D('',#3356,#2743,#2744);
#2222=AXIS2_PLACEMENT_3D('',#3359,#2746,#2747);
#2223=AXIS2_PLACEMENT_3D('',#3360,#2748,#2749);
#2224=AXIS2_PLACEMENT_3D('',#3362,#2750,#2751);
#2225=AXIS2_PLACEMENT_3D('',#3364,#2753,#2754);
#2226=AXIS2_PLACEMENT_3D('',#3365,#2755,#2756);
#2227=AXIS2_PLACEMENT_3D('',#3366,#2757,#2758);
#2228=AXIS2_PLACEMENT_3D('',#3368,#2759,#2760);
#2229=AXIS2_PLACEMENT_3D('',#3371,#2762,#2763);
#2230=AXIS2_PLACEMENT_3D('',#3372,#2764,#2765);
#2231=AXIS2_PLACEMENT_3D('',#3374,#2766,#2767);
#2232=AXIS2_PLACEMENT_3D('',#3376,#2769,#2770);
#2233=AXIS2_PLACEMENT_3D('',#3377,#2771,#2772);
#2234=AXIS2_PLACEMENT_3D('',#3378,#2773,#2774);
#2235=AXIS2_PLACEMENT_3D('',#3384,#2778,#2779);
#2236=AXIS2_PLACEMENT_3D('',#3386,#2780,#2781);
#2237=AXIS2_PLACEMENT_3D('',#3388,#2783,#2784);
#2238=AXIS2_PLACEMENT_3D('',#3392,#2787,#2788);
#2239=AXIS2_PLACEMENT_3D('',#3394,#2789,#2790);
#2240=AXIS2_PLACEMENT_3D('',#3396,#2792,#2793);
#2241=AXIS2_PLACEMENT_3D('',#3400,#2796,#2797);
#2242=AXIS2_PLACEMENT_3D('',#3402,#2798,#2799);
#2243=AXIS2_PLACEMENT_3D('',#3404,#2801,#2802);
#2244=AXIS2_PLACEMENT_3D('',#3408,#2805,#2806);
#2245=AXIS2_PLACEMENT_3D('',#3409,#2807,#2808);
#2246=AXIS2_PLACEMENT_3D('',#3410,#2809,#2810);
#2247=AXIS2_PLACEMENT_3D('',#3411,#2811,#2812);
#2248=AXIS2_PLACEMENT_3D('',#3414,#2815,#2816);
#2249=AXIS2_PLACEMENT_3D('',#3416,#2818,#2819);
#2250=AXIS2_PLACEMENT_3D('',#3418,#2821,#2822);
#2251=AXIS2_PLACEMENT_3D('',#3420,#2824,#2825);
#2252=AXIS2_PLACEMENT_3D('',#3422,#2827,#2828);
#2253=AXIS2_PLACEMENT_3D('',#3424,#2830,#2831);
#2254=AXIS2_PLACEMENT_3D('',#3426,#2833,#2834);
#2255=AXIS2_PLACEMENT_3D('',#3428,#2836,#2837);
#2256=AXIS2_PLACEMENT_3D('',#3430,#2839,#2840);
#2257=AXIS2_PLACEMENT_3D('',#3432,#2842,#2843);
#2258=AXIS2_PLACEMENT_3D('',#3433,#2844,#2845);
#2259=AXIS2_PLACEMENT_3D('',#3435,#2847,#2848);
#2260=AXIS2_PLACEMENT_3D('',#3439,#2851,#2852);
#2261=AXIS2_PLACEMENT_3D('',#3441,#2853,#2854);
#2262=AXIS2_PLACEMENT_3D('',#3443,#2856,#2857);
#2263=AXIS2_PLACEMENT_3D('',#3447,#2860,#2861);
#2264=AXIS2_PLACEMENT_3D('',#3448,#2862,#2863);
#2265=AXIS2_PLACEMENT_3D('',#3449,#2864,#2865);
#2266=DIRECTION('axis',(0.,0.,1.));
#2267=DIRECTION('refdir',(1.,0.,0.));
#2268=DIRECTION('center_axis',(2.96059473233374E-15,0.,-1.));
#2269=DIRECTION('ref_axis',(-1.,-5.71638337116674E-31,-2.96059473233374E-15));
#2270=DIRECTION('',(-1.,-5.71638337116674E-31,-2.96059473233374E-15));
#2271=DIRECTION('',(0.,1.,0.));
#2272=DIRECTION('',(-1.,0.,-2.96059473233374E-15));
#2273=DIRECTION('',(0.,1.,0.));
#2274=DIRECTION('center_axis',(-1.,0.,0.));
#2275=DIRECTION('ref_axis',(0.,1.93082265152201E-16,1.));
#2276=DIRECTION('',(0.,1.93082265152201E-16,1.));
#2277=DIRECTION('',(0.,0.,1.));
#2278=DIRECTION('',(0.,1.,0.));
#2279=DIRECTION('center_axis',(1.,0.,0.));
#2280=DIRECTION('ref_axis',(0.,-1.93082265152201E-16,-1.));
#2281=DIRECTION('',(0.,-1.93082265152201E-16,-1.));
#2282=DIRECTION('',(0.,1.,0.));
#2283=DIRECTION('',(0.,0.707106781186566,-0.707106781186529));
#2284=DIRECTION('',(0.,0.,-1.));
#2285=DIRECTION('',(0.,-0.707106781186566,-0.707106781186529));
#2286=DIRECTION('',(0.,1.,0.));
#2287=DIRECTION('center_axis',(1.48029736616687E-15,0.,-1.));
#2288=DIRECTION('ref_axis',(-1.,-3.67992179518859E-31,-1.48029736616687E-15));
#2289=DIRECTION('',(-1.,-2.85819168558337E-31,-1.48029736616687E-15));
#2290=DIRECTION('',(-1.,0.,-1.48029736616687E-15));
#2291=DIRECTION('',(0.,1.,0.));
#2292=DIRECTION('center_axis',(1.,0.,0.));
#2293=DIRECTION('ref_axis',(0.,-9.65411325761005E-17,1.));
#2294=DIRECTION('',(0.,-8.4473491004088E-17,1.));
#2295=DIRECTION('',(0.,-1.,0.));
#2296=DIRECTION('',(0.,-0.707106781186549,0.707106781186546));
#2297=DIRECTION('',(0.,0.,1.));
#2298=DIRECTION('',(0.,0.707106781186548,0.707106781186547));
#2299=DIRECTION('',(0.,-1.,0.));
#2300=DIRECTION('center_axis',(0.,0.,1.));
#2301=DIRECTION('ref_axis',(-1.,0.,0.));
#2302=DIRECTION('',(-1.,0.,0.));
#2303=DIRECTION('',(-1.,0.,0.));
#2304=DIRECTION('',(0.,-1.,0.));
#2305=DIRECTION('center_axis',(1.,0.,0.));
#2306=DIRECTION('ref_axis',(0.,-9.65411325761005E-17,1.));
#2307=DIRECTION('',(0.,-8.4473491004088E-17,1.));
#2308=DIRECTION('',(0.,-1.,0.));
#2309=DIRECTION('',(0.,-0.707106781186547,0.707106781186548));
#2310=DIRECTION('',(0.,0.,1.));
#2311=DIRECTION('',(0.,0.707106781186548,0.707106781186547));
#2312=DIRECTION('',(0.,-1.,0.));
#2313=DIRECTION('center_axis',(0.,0.,1.));
#2314=DIRECTION('ref_axis',(-1.,0.,0.));
#2315=DIRECTION('',(-1.,0.,0.));
#2316=DIRECTION('',(-1.,0.,0.));
#2317=DIRECTION('',(0.,-1.,0.));
#2318=DIRECTION('center_axis',(2.09345661157842E-15,0.707106781186529,-0.707106781186566));
#2319=DIRECTION('ref_axis',(-1.,0.,-2.96059473233374E-15));
#2320=DIRECTION('',(1.,0.,2.96059473233374E-15));
#2321=DIRECTION('',(-0.577350269189621,-0.577350269189641,-0.577350269189616));
#2322=DIRECTION('',(0.,-0.707106781186566,-0.707106781186529));
#2323=DIRECTION('',(0.577350269189626,-0.577350269189626,-0.577350269189626));
#2324=DIRECTION('center_axis',(0.707106781186548,0.707106781186548,0.));
#2325=DIRECTION('ref_axis',(0.,0.,-1.));
#2326=DIRECTION('',(0.,0.,1.));
#2327=DIRECTION('',(0.,0.,-1.));
#2328=DIRECTION('',(0.577350269189617,-0.577350269189617,0.577350269189643));
#2329=DIRECTION('center_axis',(-1.04672830578921E-15,0.707106781186529,
0.707106781186566));
#2330=DIRECTION('ref_axis',(1.,0.,1.48029736616687E-15));
#2331=DIRECTION('',(-1.,0.,-1.48029736616687E-15));
#2332=DIRECTION('',(0.,0.707106781186566,-0.707106781186529));
#2333=DIRECTION('',(1.,0.,1.48029736616687E-15));
#2334=DIRECTION('',(-0.577350269189622,-0.577350269189643,0.577350269189612));
#2335=DIRECTION('center_axis',(-0.70710678118656,0.707106781186535,0.));
#2336=DIRECTION('ref_axis',(0.,0.,1.));
#2337=DIRECTION('',(0.,0.,-1.));
#2338=DIRECTION('center_axis',(-1.48029736616687E-15,0.,1.));
#2339=DIRECTION('ref_axis',(1.,2.85819168558337E-31,1.48029736616687E-15));
#2340=DIRECTION('',(1.,2.85819168558337E-31,1.48029736616687E-15));
#2341=DIRECTION('',(0.,1.,0.));
#2342=DIRECTION('center_axis',(0.,1.,0.));
#2343=DIRECTION('ref_axis',(0.,0.,1.));
#2344=DIRECTION('center_axis',(1.04672830578921E-15,0.707106781186529,-0.707106781186566));
#2345=DIRECTION('ref_axis',(-1.,0.,-1.48029736616687E-15));
#2346=DIRECTION('',(1.,0.,1.48029736616687E-15));
#2347=DIRECTION('',(-0.577350269189622,-0.577350269189642,-0.577350269189614));
#2348=DIRECTION('',(0.577350269189622,-0.577350269189622,-0.577350269189634));
#2349=DIRECTION('center_axis',(0.707106781186548,0.707106781186548,0.));
#2350=DIRECTION('ref_axis',(0.,0.,-1.));
#2351=DIRECTION('',(0.,0.,1.));
#2352=DIRECTION('',(0.577350269189617,-0.577350269189617,0.577350269189643));
#2353=DIRECTION('center_axis',(0.,0.707106781186529,0.707106781186566));
#2354=DIRECTION('ref_axis',(1.,0.,0.));
#2355=DIRECTION('',(-1.,0.,0.));
#2356=DIRECTION('',(1.,0.,0.));
#2357=DIRECTION('',(-0.577350269189622,-0.577350269189643,0.577350269189612));
#2358=DIRECTION('center_axis',(-0.70710678118656,0.707106781186535,0.));
#2359=DIRECTION('ref_axis',(0.,0.,1.));
#2360=DIRECTION('',(0.,0.,1.));
#2361=DIRECTION('',(0.,0.,-1.));
#2362=DIRECTION('center_axis',(-1.,0.,0.));
#2363=DIRECTION('ref_axis',(0.,1.93082265152201E-16,1.));
#2364=DIRECTION('',(0.,1.93082265152201E-16,1.));
#2365=DIRECTION('',(0.,1.,0.));
#2366=DIRECTION('center_axis',(0.,1.,0.));
#2367=DIRECTION('ref_axis',(0.,0.,1.));
#2368=DIRECTION('center_axis',(1.,0.,0.));
#2369=DIRECTION('ref_axis',(0.,-1.93082265152201E-16,-1.));
#2370=DIRECTION('',(0.,-1.93082265152201E-16,-1.));
#2371=DIRECTION('center_axis',(0.,0.,1.));
#2372=DIRECTION('ref_axis',(1.,0.,0.));
#2373=DIRECTION('',(1.,0.,0.));
#2374=DIRECTION('center_axis',(2.09345661157837E-15,-0.707106781186546,
-0.707106781186549));
#2375=DIRECTION('ref_axis',(-1.,0.,-2.96059473233374E-15));
#2376=DIRECTION('',(-1.,0.,-2.96059473233374E-15));
#2377=DIRECTION('',(0.577350269189622,0.577350269189634,-0.577350269189622));
#2378=DIRECTION('',(1.,0.,2.96059473233374E-15));
#2379=DIRECTION('',(-0.577350269189632,0.577350269189623,-0.577350269189622));
#2380=DIRECTION('center_axis',(-0.707106781186542,-0.707106781186553,0.));
#2381=DIRECTION('ref_axis',(0.,0.,1.));
#2382=DIRECTION('',(0.,0.,1.));
#2383=DIRECTION('',(0.,0.,-1.));
#2384=DIRECTION('',(-0.577350269189632,0.577350269189623,0.577350269189622));
#2385=DIRECTION('center_axis',(0.,-0.707106781186547,0.707106781186548));
#2386=DIRECTION('ref_axis',(1.,0.,0.));
#2387=DIRECTION('',(1.,0.,0.));
#2388=DIRECTION('',(0.577350269189613,0.577350269189626,0.577350269189639));
#2389=DIRECTION('center_axis',(0.707106781186555,-0.70710678118654,0.));
#2390=DIRECTION('ref_axis',(0.,0.,-1.));
#2391=DIRECTION('',(0.,0.,-1.));
#2392=DIRECTION('center_axis',(0.,-1.,0.));
#2393=DIRECTION('ref_axis',(0.,0.,-1.));
#2394=DIRECTION('center_axis',(0.,-0.707106781186548,-0.707106781186547));
#2395=DIRECTION('ref_axis',(-1.,0.,0.));
#2396=DIRECTION('',(-1.,0.,0.));
#2397=DIRECTION('',(0.577350269189622,0.577350269189634,-0.577350269189622));
#2398=DIRECTION('',(1.,0.,0.));
#2399=DIRECTION('',(-0.577350269189631,0.577350269189622,-0.577350269189624));
#2400=DIRECTION('center_axis',(-0.707106781186542,-0.707106781186553,0.));
#2401=DIRECTION('ref_axis',(0.,0.,1.));
#2402=DIRECTION('',(0.,0.,1.));
#2403=DIRECTION('',(0.,0.,-1.));
#2404=DIRECTION('',(-0.577350269189632,0.577350269189623,0.577350269189622));
#2405=DIRECTION('center_axis',(0.,-0.707106781186547,0.707106781186548));
#2406=DIRECTION('ref_axis',(1.,0.,0.));
#2407=DIRECTION('',(1.,0.,0.));
#2408=DIRECTION('',(0.577350269189613,0.577350269189626,0.577350269189639));
#2409=DIRECTION('center_axis',(0.707106781186555,-0.70710678118654,0.));
#2410=DIRECTION('ref_axis',(0.,0.,-1.));
#2411=DIRECTION('',(0.,0.,-1.));
#2412=DIRECTION('center_axis',(0.,-1.,0.));
#2413=DIRECTION('ref_axis',(0.,0.,-1.));
#2414=DIRECTION('center_axis',(-1.,0.,0.));
#2415=DIRECTION('ref_axis',(0.,9.65411325761005E-17,-1.));
#2416=DIRECTION('',(0.,8.4473491004088E-17,-1.));
#2417=DIRECTION('',(0.,-1.,0.));
#2418=DIRECTION('center_axis',(2.96059473233374E-15,0.,-1.));
#2419=DIRECTION('ref_axis',(1.,-2.85819168558337E-31,2.96059473233374E-15));
#2420=DIRECTION('',(1.,-2.50091772488545E-31,2.96059473233374E-15));
#2421=DIRECTION('center_axis',(-1.,0.,0.));
#2422=DIRECTION('ref_axis',(0.,9.65411325761005E-17,-1.));
#2423=DIRECTION('',(0.,8.4473491004088E-17,-1.));
#2424=DIRECTION('',(0.,-1.,0.));
#2425=DIRECTION('center_axis',(0.,0.,-1.));
#2426=DIRECTION('ref_axis',(1.,0.,0.));
#2427=DIRECTION('',(1.,0.,0.));
#2428=DIRECTION('center_axis',(0.,0.,-1.));
#2429=DIRECTION('ref_axis',(-0.707106781186552,-0.707106781186543,0.));
#2430=DIRECTION('center_axis',(0.,-8.88178419700125E-15,-1.));
#2431=DIRECTION('ref_axis',(0.,-1.,8.88178419700125E-15));
#2432=DIRECTION('',(0.,0.,-1.));
#2433=DIRECTION('center_axis',(0.,0.,1.));
#2434=DIRECTION('ref_axis',(-1.,0.,0.));
#2435=DIRECTION('',(0.,0.,1.));
#2436=DIRECTION('center_axis',(1.,0.,0.));
#2437=DIRECTION('ref_axis',(0.,0.,-1.));
#2438=DIRECTION('center_axis',(0.,-1.,0.));
#2439=DIRECTION('ref_axis',(-1.,0.,0.));
#2440=DIRECTION('center_axis',(-1.,0.,0.));
#2441=DIRECTION('ref_axis',(0.,-0.707106781186547,-0.707106781186548));
#2442=DIRECTION('center_axis',(1.,0.,0.));
#2443=DIRECTION('ref_axis',(0.,-0.707106781186547,-0.707106781186548));
#2444=DIRECTION('center_axis',(0.,1.,0.));
#2445=DIRECTION('ref_axis',(-0.707106781186548,0.,-0.707106781186548));
#2446=DIRECTION('center_axis',(0.,-1.,0.));
#2447=DIRECTION('ref_axis',(-1.,0.,0.));
#2448=DIRECTION('',(0.,-1.,0.));
#2449=DIRECTION('',(0.,1.,0.));
#2450=DIRECTION('center_axis',(1.,0.,0.));
#2451=DIRECTION('ref_axis',(0.,0.,-1.));
#2452=DIRECTION('center_axis',(0.,0.,-1.));
#2453=DIRECTION('ref_axis',(-1.,0.,0.));
#2454=DIRECTION('center_axis',(-1.,0.,0.));
#2455=DIRECTION('ref_axis',(0.,0.707106781186548,-0.707106781186547));
#2456=DIRECTION('center_axis',(1.,0.,0.));
#2457=DIRECTION('ref_axis',(0.,0.707106781186548,-0.707106781186547));
#2458=DIRECTION('center_axis',(0.,0.,1.));
#2459=DIRECTION('ref_axis',(-0.707106781186548,0.707106781186548,0.));
#2460=DIRECTION('center_axis',(0.,0.,-1.));
#2461=DIRECTION('ref_axis',(-1.,0.,0.));
#2462=DIRECTION('',(0.,0.,-1.));
#2463=DIRECTION('',(0.,0.,1.));
#2464=DIRECTION('center_axis',(1.,0.,0.));
#2465=DIRECTION('ref_axis',(0.,0.,-1.));
#2466=DIRECTION('center_axis',(0.,1.,0.));
#2467=DIRECTION('ref_axis',(-1.,0.,0.));
#2468=DIRECTION('center_axis',(-1.,0.,0.));
#2469=DIRECTION('ref_axis',(0.,0.707106781186548,0.707106781186548));
#2470=DIRECTION('center_axis',(1.,0.,0.));
#2471=DIRECTION('ref_axis',(0.,0.707106781186548,0.707106781186548));
#2472=DIRECTION('center_axis',(0.,-1.,1.34572487833352E-16));
#2473=DIRECTION('ref_axis',(-0.707106781186548,0.,0.707106781186548));
#2474=DIRECTION('center_axis',(0.,1.,-4.44089209850064E-15));
#2475=DIRECTION('ref_axis',(-1.,0.,0.));
#2476=DIRECTION('',(0.,1.,-1.34572487833352E-16));
#2477=DIRECTION('',(0.,-1.,1.34572487833352E-16));
#2478=DIRECTION('center_axis',(1.,0.,0.));
#2479=DIRECTION('ref_axis',(0.,0.,-1.));
#2480=DIRECTION('center_axis',(-1.,0.,0.));
#2481=DIRECTION('ref_axis',(0.,-0.707106781186548,0.707106781186547));
#2482=DIRECTION('center_axis',(1.,0.,0.));
#2483=DIRECTION('ref_axis',(0.,-0.707106781186548,0.707106781186547));
#2484=DIRECTION('center_axis',(1.,0.,0.));
#2485=DIRECTION('ref_axis',(0.,1.,0.));
#2486=DIRECTION('',(1.,0.,0.));
#2487=DIRECTION('center_axis',(1.,0.,0.));
#2488=DIRECTION('ref_axis',(0.,1.,0.));
#2489=DIRECTION('',(1.,0.,0.));
#2490=DIRECTION('center_axis',(0.,1.34572487833352E-16,1.));
#2491=DIRECTION('ref_axis',(0.,-1.,1.34572487833352E-16));
#2492=DIRECTION('',(1.,0.,0.));
#2493=DIRECTION('',(0.,-1.,1.34572487833352E-16));
#2494=DIRECTION('center_axis',(1.,0.,0.));
#2495=DIRECTION('ref_axis',(0.,0.,1.));
#2496=DIRECTION('',(1.,0.,0.));
#2497=DIRECTION('center_axis',(1.,0.,0.));
#2498=DIRECTION('ref_axis',(0.,0.,1.));
#2499=DIRECTION('center_axis',(0.,-1.,0.));
#2500=DIRECTION('ref_axis',(0.,0.,-1.));
#2501=DIRECTION('',(1.,0.,0.));
#2502=DIRECTION('',(0.,0.,-1.));
#2503=DIRECTION('center_axis',(1.,0.,0.));
#2504=DIRECTION('ref_axis',(0.,1.,0.));
#2505=DIRECTION('center_axis',(-1.,0.,0.));
#2506=DIRECTION('ref_axis',(0.,1.,0.));
#2507=DIRECTION('center_axis',(-1.,0.,0.));
#2508=DIRECTION('ref_axis',(0.,1.,0.));
#2509=DIRECTION('center_axis',(-1.,0.,0.));
#2510=DIRECTION('ref_axis',(0.,1.,0.));
#2511=DIRECTION('center_axis',(-1.,0.,0.));
#2512=DIRECTION('ref_axis',(0.,-4.44089209850064E-15,1.));
#2513=DIRECTION('',(0.,0.,1.));
#2514=DIRECTION('center_axis',(-1.,0.,0.));
#2515=DIRECTION('ref_axis',(0.,-1.,0.));
#2516=DIRECTION('',(0.,-1.,0.));
#2517=DIRECTION('center_axis',(-1.,0.,0.));
#2518=DIRECTION('ref_axis',(0.,-2.07241631263392E-14,-1.));
#2519=DIRECTION('',(0.,0.,-1.));
#2520=DIRECTION('center_axis',(-1.,0.,0.));
#2521=DIRECTION('ref_axis',(0.,1.,0.));
#2522=DIRECTION('',(0.,1.,-2.84672570416708E-17));
#2523=DIRECTION('center_axis',(-1.,0.,0.));
#2524=DIRECTION('ref_axis',(0.,1.,0.));
#2525=DIRECTION('center_axis',(0.,0.,-1.));
#2526=DIRECTION('ref_axis',(1.,0.,0.));
#2527=DIRECTION('',(1.,0.,0.));
#2528=DIRECTION('',(0.,-1.,0.));
#2529=DIRECTION('',(-1.,0.,0.));
#2530=DIRECTION('',(0.,-1.,0.));
#2531=DIRECTION('center_axis',(0.,-1.,0.));
#2532=DIRECTION('ref_axis',(0.,0.,-1.));
#2533=DIRECTION('center_axis',(0.,-1.,0.));
#2534=DIRECTION('ref_axis',(0.,0.,-1.));
#2535=DIRECTION('',(0.,-1.,0.));
#2536=DIRECTION('center_axis',(0.,1.,-1.93082265152201E-16));
#2537=DIRECTION('ref_axis',(0.,0.,-1.));
#2538=DIRECTION('center_axis',(-1.,0.,-4.73695157173397E-15));
#2539=DIRECTION('ref_axis',(4.73695157173397E-15,0.,-1.));
#2540=DIRECTION('',(4.73695157173397E-15,0.,-1.));
#2541=DIRECTION('',(0.,-1.,0.));
#2542=DIRECTION('',(-4.73695157173397E-15,1.93082265152201E-16,1.));
#2543=DIRECTION('center_axis',(0.,-1.,0.));
#2544=DIRECTION('ref_axis',(-1.,0.,-4.44089209850072E-15));
#2545=DIRECTION('center_axis',(0.,-1.,0.));
#2546=DIRECTION('ref_axis',(-1.,0.,-4.44089209850072E-15));
#2547=DIRECTION('',(0.,-1.,0.));
#2548=DIRECTION('center_axis',(0.,1.,-1.93082265152201E-16));
#2549=DIRECTION('ref_axis',(-1.,0.,-4.44089209850072E-15));
#2550=DIRECTION('center_axis',(0.,0.,1.));
#2551=DIRECTION('ref_axis',(-1.,0.,0.));
#2552=DIRECTION('',(-1.,0.,0.));
#2553=DIRECTION('',(0.,-1.,0.));
#2554=DIRECTION('',(1.,0.,0.));
#2555=DIRECTION('center_axis',(0.,-1.,0.));
#2556=DIRECTION('ref_axis',(0.,0.,1.));
#2557=DIRECTION('center_axis',(0.,-1.,0.));
#2558=DIRECTION('ref_axis',(0.,0.,1.));
#2559=DIRECTION('',(0.,-1.,0.));
#2560=DIRECTION('center_axis',(0.,1.,-1.93082265152201E-16));
#2561=DIRECTION('ref_axis',(0.,0.,1.));
#2562=DIRECTION('center_axis',(1.,0.,0.));
#2563=DIRECTION('ref_axis',(0.,0.,1.));
#2564=DIRECTION('',(0.,0.,1.));
#2565=DIRECTION('',(0.,-1.,0.));
#2566=DIRECTION('',(0.,-1.93082265152201E-16,-1.));
#2567=DIRECTION('center_axis',(0.,-1.,0.));
#2568=DIRECTION('ref_axis',(1.,0.,0.));
#2569=DIRECTION('center_axis',(0.,-1.,0.));
#2570=DIRECTION('ref_axis',(1.,0.,0.));
#2571=DIRECTION('center_axis',(0.,1.,-1.93082265152201E-16));
#2572=DIRECTION('ref_axis',(1.,0.,0.));
#2573=DIRECTION('center_axis',(1.,0.,0.));
#2574=DIRECTION('ref_axis',(0.,0.,1.));
#2575=DIRECTION('',(0.,0.,1.));
#2576=DIRECTION('',(0.,-1.,0.));
#2577=DIRECTION('',(0.,-1.93082265152201E-16,-1.));
#2578=DIRECTION('',(0.,-1.,0.));
#2579=DIRECTION('center_axis',(0.,-1.,0.));
#2580=DIRECTION('ref_axis',(1.,0.,0.));
#2581=DIRECTION('center_axis',(0.,-1.,0.));
#2582=DIRECTION('ref_axis',(1.,0.,0.));
#2583=DIRECTION('',(0.,-1.,0.));
#2584=DIRECTION('center_axis',(0.,1.,-1.93082265152201E-16));
#2585=DIRECTION('ref_axis',(1.,0.,0.));
#2586=DIRECTION('center_axis',(5.12410626750076E-15,0.,-1.));
#2587=DIRECTION('ref_axis',(1.,0.,5.12410626750076E-15));
#2588=DIRECTION('',(1.,0.,5.12410626750076E-15));
#2589=DIRECTION('',(0.,-1.,0.));
#2590=DIRECTION('',(-1.,-9.89374045009638E-31,-5.12410626750076E-15));
#2591=DIRECTION('center_axis',(0.,-1.,0.));
#2592=DIRECTION('ref_axis',(0.,0.,-1.));
#2593=DIRECTION('center_axis',(0.,-1.,0.));
#2594=DIRECTION('ref_axis',(0.,0.,-1.));
#2595=DIRECTION('',(0.,-1.,0.));
#2596=DIRECTION('center_axis',(0.,1.,-1.93082265152201E-16));
#2597=DIRECTION('ref_axis',(0.,0.,-1.));
#2598=DIRECTION('center_axis',(-1.,0.,-9.47390314346784E-15));
#2599=DIRECTION('ref_axis',(9.47390314346784E-15,0.,-1.));
#2600=DIRECTION('',(9.47390314346784E-15,0.,-1.));
#2601=DIRECTION('',(0.,-1.,0.));
#2602=DIRECTION('',(-9.47390314346784E-15,1.93082265152201E-16,1.));
#2603=DIRECTION('center_axis',(0.,-1.,0.));
#2604=DIRECTION('ref_axis',(-1.,0.,-7.77156117237647E-15));
#2605=DIRECTION('center_axis',(0.,-1.,0.));
#2606=DIRECTION('ref_axis',(-1.,0.,-7.77156117237647E-15));
#2607=DIRECTION('',(0.,-1.,0.));
#2608=DIRECTION('center_axis',(0.,1.,-1.93082265152201E-16));
#2609=DIRECTION('ref_axis',(-1.,0.,-7.77156117237647E-15));
#2610=DIRECTION('center_axis',(7.04564611781307E-15,0.,1.));
#2611=DIRECTION('ref_axis',(-1.,0.,7.04564611781307E-15));
#2612=DIRECTION('',(-1.,0.,7.04564611781307E-15));
#2613=DIRECTION('',(0.,-1.,0.));
#2614=DIRECTION('',(1.,-1.36038931188816E-30,-7.04564611781307E-15));
#2615=DIRECTION('center_axis',(0.,-1.,0.));
#2616=DIRECTION('ref_axis',(1.77635683940025E-14,0.,1.));
#2617=DIRECTION('center_axis',(0.,-1.,0.));
#2618=DIRECTION('ref_axis',(1.77635683940025E-14,0.,1.));
#2619=DIRECTION('center_axis',(0.,1.,-1.93082265152201E-16));
#2620=DIRECTION('ref_axis',(1.77635683940025E-14,0.,1.));
#2621=DIRECTION('center_axis',(-1.,-1.4440719560014E-15,0.));
#2622=DIRECTION('ref_axis',(1.4440719560014E-15,-1.,0.));
#2623=DIRECTION('',(1.4440719560014E-15,-1.,0.));
#2624=DIRECTION('',(0.,0.,1.));
#2625=DIRECTION('',(-1.4440719560014E-15,1.,1.34572487833352E-16));
#2626=DIRECTION('',(0.,0.,1.));
#2627=DIRECTION('center_axis',(0.,0.,1.));
#2628=DIRECTION('ref_axis',(-1.,0.,0.));
#2629=DIRECTION('center_axis',(0.,0.,1.));
#2630=DIRECTION('ref_axis',(-1.,0.,0.));
#2631=DIRECTION('',(0.,0.,1.));
#2632=DIRECTION('center_axis',(0.,1.34572487833352E-16,-1.));
#2633=DIRECTION('ref_axis',(-1.,0.,0.));
#2634=DIRECTION('center_axis',(-8.2674671692103E-13,1.,0.));
#2635=DIRECTION('ref_axis',(-1.,-8.2674671692103E-13,0.));
#2636=DIRECTION('',(-1.,-8.2674671692103E-13,0.));
#2637=DIRECTION('',(0.,0.,1.));
#2638=DIRECTION('',(1.,8.2674671692103E-13,1.11257362504119E-28));
#2639=DIRECTION('center_axis',(0.,0.,1.));
#2640=DIRECTION('ref_axis',(-8.3848753527402E-13,1.,0.));
#2641=DIRECTION('center_axis',(0.,0.,1.));
#2642=DIRECTION('ref_axis',(-8.3848753527402E-13,1.,0.));
#2643=DIRECTION('',(0.,0.,1.));
#2644=DIRECTION('center_axis',(0.,1.34572487833352E-16,-1.));
#2645=DIRECTION('ref_axis',(-8.3848753527402E-13,1.,0.));
#2646=DIRECTION('center_axis',(1.,1.16247792458095E-13,0.));
#2647=DIRECTION('ref_axis',(-1.16247792458095E-13,1.,0.));
#2648=DIRECTION('',(-1.16247792458095E-13,1.,0.));
#2649=DIRECTION('',(0.,0.,1.));
#2650=DIRECTION('',(1.16247792458095E-13,-1.,-1.34572487833352E-16));
#2651=DIRECTION('center_axis',(0.,0.,1.));
#2652=DIRECTION('ref_axis',(1.,1.16610849276347E-13,0.));
#2653=DIRECTION('center_axis',(0.,0.,1.));
#2654=DIRECTION('ref_axis',(1.,1.16610849276347E-13,0.));
#2655=DIRECTION('',(0.,0.,1.));
#2656=DIRECTION('center_axis',(0.,1.34572487833352E-16,-1.));
#2657=DIRECTION('ref_axis',(1.,1.16610849276347E-13,0.));
#2658=DIRECTION('center_axis',(-4.95611368154362E-13,-1.,0.));
#2659=DIRECTION('ref_axis',(1.,-4.95611368154362E-13,0.));
#2660=DIRECTION('',(1.,-4.95611368154362E-13,0.));
#2661=DIRECTION('',(0.,0.,1.));
#2662=DIRECTION('',(-1.,4.95611368154362E-13,6.66956548110241E-29));
#2663=DIRECTION('center_axis',(0.,0.,1.));
#2664=DIRECTION('ref_axis',(-4.88654987444482E-13,-1.,0.));
#2665=DIRECTION('center_axis',(0.,0.,1.));
#2666=DIRECTION('ref_axis',(-4.88654987444482E-13,-1.,0.));
#2667=DIRECTION('center_axis',(0.,1.34572487833352E-16,-1.));
#2668=DIRECTION('ref_axis',(-4.88654987444482E-13,-1.,0.));
#2669=DIRECTION('center_axis',(1.,0.,0.));
#2670=DIRECTION('ref_axis',(0.,1.,0.));
#2671=DIRECTION('center_axis',(-1.,0.,0.));
#2672=DIRECTION('ref_axis',(0.,1.,0.));
#2673=DIRECTION('',(-1.,0.,0.));
#2674=DIRECTION('center_axis',(1.,0.,0.));
#2675=DIRECTION('ref_axis',(0.,1.,0.));
#2676=DIRECTION('center_axis',(1.,0.,0.));
#2677=DIRECTION('ref_axis',(0.,1.,0.));
#2678=DIRECTION('center_axis',(1.,0.,0.));
#2679=DIRECTION('ref_axis',(0.,1.,0.));
#2680=DIRECTION('',(-1.,0.,0.));
#2681=DIRECTION('center_axis',(-1.,0.,0.));
#2682=DIRECTION('ref_axis',(0.,1.,0.));
#2683=DIRECTION('center_axis',(1.,0.,0.));
#2684=DIRECTION('ref_axis',(0.,1.,0.));
#2685=DIRECTION('center_axis',(1.,0.,0.));
#2686=DIRECTION('ref_axis',(0.,1.,0.));
#2687=DIRECTION('center_axis',(-1.,0.,0.));
#2688=DIRECTION('ref_axis',(0.,4.44089209850062E-16,1.));
#2689=DIRECTION('',(0.,-8.4473491004088E-17,1.));
#2690=DIRECTION('center_axis',(-1.,0.,0.));
#2691=DIRECTION('ref_axis',(0.,-1.,-1.77635683940025E-15));
#2692=DIRECTION('',(0.,-1.,-1.34572487833352E-16));
#2693=DIRECTION('center_axis',(-1.,0.,0.));
#2694=DIRECTION('ref_axis',(0.,0.,-1.));
#2695=DIRECTION('',(0.,-1.93082265152201E-16,-1.));
#2696=DIRECTION('center_axis',(-1.,0.,0.));
#2697=DIRECTION('ref_axis',(0.,1.,-1.77635683940026E-15));
#2698=DIRECTION('',(0.,1.,-2.69144975666704E-16));
#2699=DIRECTION('center_axis',(-1.,0.,0.));
#2700=DIRECTION('ref_axis',(0.,1.,0.));
#2701=DIRECTION('center_axis',(-1.,0.,0.));
#2702=DIRECTION('ref_axis',(0.,1.,0.));
#2703=DIRECTION('center_axis',(1.,0.,0.));
#2704=DIRECTION('ref_axis',(0.,1.,0.));
#2705=DIRECTION('center_axis',(1.,0.,0.));
#2706=DIRECTION('ref_axis',(0.,1.,0.));
#2707=DIRECTION('center_axis',(1.,0.,0.));
#2708=DIRECTION('ref_axis',(0.,1.,0.));
#2709=DIRECTION('',(0.,0.,-1.));
#2710=DIRECTION('center_axis',(1.,0.,0.));
#2711=DIRECTION('ref_axis',(0.,-4.44089209850064E-15,1.));
#2712=DIRECTION('',(0.,-1.,2.84672570416708E-17));
#2713=DIRECTION('center_axis',(1.,0.,0.));
#2714=DIRECTION('ref_axis',(0.,1.,0.));
#2715=DIRECTION('',(0.,0.,1.));
#2716=DIRECTION('center_axis',(1.,0.,0.));
#2717=DIRECTION('ref_axis',(0.,-2.07241631263392E-14,-1.));
#2718=DIRECTION('',(0.,1.,0.));
#2719=DIRECTION('center_axis',(1.,0.,0.));
#2720=DIRECTION('ref_axis',(0.,-1.,0.));
#2721=DIRECTION('center_axis',(1.,0.,0.));
#2722=DIRECTION('ref_axis',(0.,1.,0.));
#2723=DIRECTION('center_axis',(-1.,0.,0.));
#2724=DIRECTION('ref_axis',(0.,1.,0.));
#2725=DIRECTION('center_axis',(1.,0.,0.));
#2726=DIRECTION('ref_axis',(0.,1.,0.));
#2727=DIRECTION('center_axis',(-1.,0.,0.));
#2728=DIRECTION('ref_axis',(0.,1.,0.));
#2729=DIRECTION('',(-1.,0.,0.));
#2730=DIRECTION('center_axis',(1.,0.,0.));
#2731=DIRECTION('ref_axis',(0.,1.,0.));
#2732=DIRECTION('center_axis',(1.,0.,0.));
#2733=DIRECTION('ref_axis',(0.,1.,0.));
#2734=DIRECTION('center_axis',(1.,0.,0.));
#2735=DIRECTION('ref_axis',(0.,1.,0.));
#2736=DIRECTION('',(-1.,0.,0.));
#2737=DIRECTION('center_axis',(1.,0.,0.));
#2738=DIRECTION('ref_axis',(0.,1.,0.));
#2739=DIRECTION('center_axis',(1.,0.,0.));
#2740=DIRECTION('ref_axis',(0.,1.,0.));
#2741=DIRECTION('center_axis',(1.,0.,0.));
#2742=DIRECTION('ref_axis',(0.,1.,0.));
#2743=DIRECTION('center_axis',(-1.,0.,0.));
#2744=DIRECTION('ref_axis',(0.,1.,0.));
#2745=DIRECTION('',(-1.,0.,0.));
#2746=DIRECTION('center_axis',(1.,0.,0.));
#2747=DIRECTION('ref_axis',(0.,1.,0.));
#2748=DIRECTION('center_axis',(1.,0.,0.));
#2749=DIRECTION('ref_axis',(0.,1.,0.));
#2750=DIRECTION('center_axis',(1.,0.,0.));
#2751=DIRECTION('ref_axis',(0.,1.,0.));
#2752=DIRECTION('',(-1.,0.,0.));
#2753=DIRECTION('center_axis',(1.,0.,0.));
#2754=DIRECTION('ref_axis',(0.,1.,0.));
#2755=DIRECTION('center_axis',(1.,0.,0.));
#2756=DIRECTION('ref_axis',(0.,1.,0.));
#2757=DIRECTION('center_axis',(1.,0.,0.));
#2758=DIRECTION('ref_axis',(0.,1.,0.));
#2759=DIRECTION('center_axis',(-1.,0.,0.));
#2760=DIRECTION('ref_axis',(0.,1.,0.));
#2761=DIRECTION('',(-1.,0.,0.));
#2762=DIRECTION('center_axis',(1.,0.,0.));
#2763=DIRECTION('ref_axis',(0.,1.,0.));
#2764=DIRECTION('center_axis',(1.,0.,0.));
#2765=DIRECTION('ref_axis',(0.,1.,0.));
#2766=DIRECTION('center_axis',(1.,0.,0.));
#2767=DIRECTION('ref_axis',(0.,1.,0.));
#2768=DIRECTION('',(-1.,0.,0.));
#2769=DIRECTION('center_axis',(1.,0.,0.));
#2770=DIRECTION('ref_axis',(0.,1.,0.));
#2771=DIRECTION('center_axis',(1.,0.,0.));
#2772=DIRECTION('ref_axis',(0.,1.,0.));
#2773=DIRECTION('center_axis',(0.,-1.,-8.4473491004088E-17));
#2774=DIRECTION('ref_axis',(0.,-8.4473491004088E-17,1.));
#2775=DIRECTION('',(0.,-8.4473491004088E-17,1.));
#2776=DIRECTION('',(-1.,0.,0.));
#2777=DIRECTION('',(-1.,0.,0.));
#2778=DIRECTION('center_axis',(-1.,0.,0.));
#2779=DIRECTION('ref_axis',(0.,-1.,-1.77635683940025E-15));
#2780=DIRECTION('center_axis',(-1.,0.,0.));
#2781=DIRECTION('ref_axis',(0.,-1.,-1.77635683940025E-15));
#2782=DIRECTION('',(-1.,0.,0.));
#2783=DIRECTION('center_axis',(0.,1.34572487833352E-16,-1.));
#2784=DIRECTION('ref_axis',(0.,-1.,-1.34572487833352E-16));
#2785=DIRECTION('',(0.,-1.,-1.34572487833352E-16));
#2786=DIRECTION('',(-1.,0.,0.));
#2787=DIRECTION('center_axis',(-1.,0.,0.));
#2788=DIRECTION('ref_axis',(0.,0.,-1.));
#2789=DIRECTION('center_axis',(-1.,0.,0.));
#2790=DIRECTION('ref_axis',(0.,0.,-1.));
#2791=DIRECTION('',(-1.,0.,0.));
#2792=DIRECTION('center_axis',(0.,1.,-1.93082265152201E-16));
#2793=DIRECTION('ref_axis',(0.,-1.93082265152201E-16,-1.));
#2794=DIRECTION('',(0.,-1.93082265152201E-16,-1.));
#2795=DIRECTION('',(-1.,0.,0.));
#2796=DIRECTION('center_axis',(-1.,0.,0.));
#2797=DIRECTION('ref_axis',(0.,1.,-1.77635683940026E-15));
#2798=DIRECTION('center_axis',(-1.,0.,0.));
#2799=DIRECTION('ref_axis',(0.,1.,-1.77635683940026E-15));
#2800=DIRECTION('',(-1.,0.,0.));
#2801=DIRECTION('center_axis',(0.,2.69144975666704E-16,1.));
#2802=DIRECTION('ref_axis',(0.,1.,-2.69144975666704E-16));
#2803=DIRECTION('',(0.,1.,-2.69144975666704E-16));
#2804=DIRECTION('',(-1.,0.,0.));
#2805=DIRECTION('center_axis',(-1.,0.,0.));
#2806=DIRECTION('ref_axis',(0.,4.44089209850062E-16,1.));
#2807=DIRECTION('center_axis',(-1.,0.,0.));
#2808=DIRECTION('ref_axis',(0.,4.44089209850062E-16,1.));
#2809=DIRECTION('center_axis',(1.,0.,0.));
#2810=DIRECTION('ref_axis',(0.,1.,0.));
#2811=DIRECTION('center_axis',(0.,-1.,0.));
#2812=DIRECTION('ref_axis',(0.,0.,-1.));
#2813=DIRECTION('',(1.,0.,0.));
#2814=DIRECTION('',(1.,0.,0.));
#2815=DIRECTION('center_axis',(1.,0.,0.));
#2816=DIRECTION('ref_axis',(0.,1.,0.));
#2817=DIRECTION('',(1.,0.,0.));
#2818=DIRECTION('center_axis',(0.,-2.84672570416708E-17,-1.));
#2819=DIRECTION('ref_axis',(0.,1.,-2.84672570416708E-17));
#2820=DIRECTION('',(1.,0.,0.));
#2821=DIRECTION('center_axis',(1.,0.,0.));
#2822=DIRECTION('ref_axis',(0.,-4.44089209850064E-15,1.));
#2823=DIRECTION('',(1.,0.,0.));
#2824=DIRECTION('center_axis',(1.,0.,0.));
#2825=DIRECTION('ref_axis',(0.,1.,0.));
#2826=DIRECTION('',(-1.,0.,0.));
#2827=DIRECTION('center_axis',(1.,0.,0.));
#2828=DIRECTION('ref_axis',(0.,1.,0.));
#2829=DIRECTION('',(-1.,0.,0.));
#2830=DIRECTION('center_axis',(1.,0.,0.));
#2831=DIRECTION('ref_axis',(0.,1.,0.));
#2832=DIRECTION('',(-1.,0.,0.));
#2833=DIRECTION('center_axis',(0.,1.,0.));
#2834=DIRECTION('ref_axis',(0.,0.,1.));
#2835=DIRECTION('',(1.,0.,0.));
#2836=DIRECTION('center_axis',(1.,0.,0.));
#2837=DIRECTION('ref_axis',(0.,-1.,0.));
#2838=DIRECTION('',(1.,0.,0.));
#2839=DIRECTION('center_axis',(0.,0.,1.));
#2840=DIRECTION('ref_axis',(0.,-1.,0.));
#2841=DIRECTION('',(1.,0.,0.));
#2842=DIRECTION('center_axis',(1.,0.,0.));
#2843=DIRECTION('ref_axis',(0.,-2.07241631263392E-14,-1.));
#2844=DIRECTION('center_axis',(1.,0.,0.));
#2845=DIRECTION('ref_axis',(0.,1.,0.));
#2846=DIRECTION('',(-1.,0.,0.));
#2847=DIRECTION('center_axis',(0.,1.,0.));
#2848=DIRECTION('ref_axis',(0.,0.,1.));
#2849=DIRECTION('',(0.,0.,1.));
#2850=DIRECTION('',(1.,0.,0.));
#2851=DIRECTION('center_axis',(1.,0.,0.));
#2852=DIRECTION('ref_axis',(0.,0.,-1.));
#2853=DIRECTION('center_axis',(1.,0.,0.));
#2854=DIRECTION('ref_axis',(0.,0.,-1.));
#2855=DIRECTION('',(1.,0.,0.));
#2856=DIRECTION('center_axis',(0.,0.,-1.));
#2857=DIRECTION('ref_axis',(0.,1.,0.));
#2858=DIRECTION('',(0.,1.,0.));
#2859=DIRECTION('',(1.,0.,0.));
#2860=DIRECTION('center_axis',(1.,0.,0.));
#2861=DIRECTION('ref_axis',(0.,-1.,0.));
#2862=DIRECTION('center_axis',(1.,0.,0.));
#2863=DIRECTION('ref_axis',(0.,-1.,0.));
#2864=DIRECTION('center_axis',(1.,0.,0.));
#2865=DIRECTION('ref_axis',(0.,1.,0.));
#2866=CARTESIAN_POINT('',(0.,0.,0.));
#2867=CARTESIAN_POINT('Origin',(128.999998316969,80.4095682151404,-40.2));
#2868=CARTESIAN_POINT('',(128.999998316969,80.5095682151404,-40.2));
#2869=CARTESIAN_POINT('',(125.999998316969,80.5095682151404,-40.2));
#2870=CARTESIAN_POINT('',(129.499998316969,80.5095682151404,-40.2));
#2871=CARTESIAN_POINT('',(128.999998316969,80.9095682151404,-40.2));
#2872=CARTESIAN_POINT('',(128.999998316969,80.4095682151404,-40.2));
#2873=CARTESIAN_POINT('',(125.999998316969,80.9095682151404,-40.2));
#2874=CARTESIAN_POINT('',(128.249998316969,80.9095682151404,-40.2));
#2875=CARTESIAN_POINT('',(125.999998316969,80.4095682151404,-40.2));
#2876=CARTESIAN_POINT('Origin',(125.999998316969,80.4095682151404,-40.2));
#2877=CARTESIAN_POINT('',(125.999998316969,80.5095682151404,-33.2));
#2878=CARTESIAN_POINT('',(125.999998316969,80.5095682151405,-1.70000000000001));
#2879=CARTESIAN_POINT('',(125.999998316969,80.9095682151404,-33.2));
#2880=CARTESIAN_POINT('',(125.999998316969,80.9095682151404,-38.45));
#2881=CARTESIAN_POINT('',(125.999998316969,80.4095682151404,-33.2));
#2882=CARTESIAN_POINT('Origin',(128.999998316969,80.4095682151404,21.8));
#2883=CARTESIAN_POINT('',(128.999998316969,80.5095682151405,21.8));
#2884=CARTESIAN_POINT('',(128.999998316969,80.5095682151405,14.8));
#2885=CARTESIAN_POINT('',(128.999998316969,80.5095682151405,29.3));
#2886=CARTESIAN_POINT('',(128.999998316969,80.9095682151404,21.8));
#2887=CARTESIAN_POINT('',(128.999998316969,80.4095682151404,21.8));
#2888=CARTESIAN_POINT('',(128.999998316969,81.3095682151404,21.4));
#2889=CARTESIAN_POINT('',(128.999998316969,80.9095682151404,21.8));
#2890=CARTESIAN_POINT('',(128.999998316969,81.3095682151404,15.2));
#2891=CARTESIAN_POINT('',(128.999998316969,81.3095682151404,20.05));
#2892=CARTESIAN_POINT('',(128.999998316969,80.9095682151404,14.8));
#2893=CARTESIAN_POINT('',(128.999998316969,82.6595682151404,16.5499999999999));
#2894=CARTESIAN_POINT('',(128.999998316969,80.4095682151404,14.8));
#2895=CARTESIAN_POINT('Origin',(128.999998316969,80.4095682151404,14.8));
#2896=CARTESIAN_POINT('',(125.999998316969,80.5095682151405,14.8));
#2897=CARTESIAN_POINT('',(129.499998316969,80.5095682151405,14.8));
#2898=CARTESIAN_POINT('',(125.999998316969,80.9095682151404,14.8));
#2899=CARTESIAN_POINT('',(128.249998316969,80.9095682151404,14.8));
#2900=CARTESIAN_POINT('',(125.999998316969,80.4095682151404,14.8));
#2901=CARTESIAN_POINT('Origin',(128.999998316969,4.60956821514045,-40.2));
#2902=CARTESIAN_POINT('',(128.999998316969,4.50956821514045,-40.2));
#2903=CARTESIAN_POINT('',(128.999998316969,4.50956821514045,-33.2));
#2904=CARTESIAN_POINT('',(128.999998316969,4.50956821514045,-47.7));
#2905=CARTESIAN_POINT('',(128.999998316969,4.10956821514045,-40.2));
#2906=CARTESIAN_POINT('',(128.999998316969,4.60956821514045,-40.2));
#2907=CARTESIAN_POINT('',(128.999998316969,3.70956821514044,-39.8));
#2908=CARTESIAN_POINT('',(128.999998316969,4.10956821514045,-40.2));
#2909=CARTESIAN_POINT('',(128.999998316969,3.70956821514044,-33.6));
#2910=CARTESIAN_POINT('',(128.999998316969,3.70956821514044,-38.45));
#2911=CARTESIAN_POINT('',(128.999998316969,4.10956821514044,-33.2));
#2912=CARTESIAN_POINT('',(128.999998316969,2.35956821514045,-34.95));
#2913=CARTESIAN_POINT('',(128.999998316969,4.60956821514045,-33.2));
#2914=CARTESIAN_POINT('Origin',(128.999998316969,4.60956821514045,-33.2));
#2915=CARTESIAN_POINT('',(125.999998316969,4.50956821514045,-33.2));
#2916=CARTESIAN_POINT('',(129.499998316969,4.50956821514045,-33.2));
#2917=CARTESIAN_POINT('',(125.999998316969,4.10956821514044,-33.2));
#2918=CARTESIAN_POINT('',(128.249998316969,4.10956821514044,-33.2));
#2919=CARTESIAN_POINT('',(125.999998316969,4.60956821514045,-33.2));
#2920=CARTESIAN_POINT('Origin',(128.999998316969,4.60956821514044,14.8));
#2921=CARTESIAN_POINT('',(128.999998316969,4.50956821514044,14.8));
#2922=CARTESIAN_POINT('',(128.999998316969,4.50956821514044,21.8));
#2923=CARTESIAN_POINT('',(128.999998316969,4.50956821514044,-20.2));
#2924=CARTESIAN_POINT('',(128.999998316969,4.10956821514044,14.8));
#2925=CARTESIAN_POINT('',(128.999998316969,4.60956821514044,14.8));
#2926=CARTESIAN_POINT('',(128.999998316969,3.70956821514044,15.2));
#2927=CARTESIAN_POINT('',(128.999998316969,4.10956821514044,14.8));
#2928=CARTESIAN_POINT('',(128.999998316969,3.70956821514044,21.4));
#2929=CARTESIAN_POINT('',(128.999998316969,3.70956821514044,16.55));
#2930=CARTESIAN_POINT('',(128.999998316969,4.10956821514044,21.8));
#2931=CARTESIAN_POINT('',(128.999998316969,2.35956821514044,20.05));
#2932=CARTESIAN_POINT('',(128.999998316969,4.60956821514044,21.8));
#2933=CARTESIAN_POINT('Origin',(128.999998316969,4.60956821514044,21.8));
#2934=CARTESIAN_POINT('',(125.999998316969,4.50956821514044,21.8));
#2935=CARTESIAN_POINT('',(129.499998316969,4.50956821514044,21.8));
#2936=CARTESIAN_POINT('',(125.999998316969,4.10956821514044,21.8));
#2937=CARTESIAN_POINT('',(128.249998316969,4.10956821514044,21.8));
#2938=CARTESIAN_POINT('',(125.999998316969,4.60956821514044,21.8));
#2939=CARTESIAN_POINT('Origin',(128.249998316969,81.1595682151404,-39.95));
#2940=CARTESIAN_POINT('',(126.499998316969,81.4095682151404,-39.7));
#2941=CARTESIAN_POINT('',(128.899998316969,81.4095682151404,-39.7));
#2942=CARTESIAN_POINT('',(128.249998316969,81.4095682151404,-39.7));
#2943=CARTESIAN_POINT('',(126.499998316969,81.4095682151404,-39.7));
#2944=CARTESIAN_POINT('',(128.999998316969,81.3095682151404,-39.8));
#2945=CARTESIAN_POINT('',(128.999998316969,82.6595682151404,-38.4500000000001));
#2946=CARTESIAN_POINT('',(128.899998316969,81.4095682151404,-39.7));
#2947=CARTESIAN_POINT('Origin',(128.949998316969,81.3595682151404,-34.95));
#2948=CARTESIAN_POINT('',(128.899998316969,81.4095682151404,-33.7));
#2949=CARTESIAN_POINT('',(128.899998316969,81.4095682151404,-34.95));
#2950=CARTESIAN_POINT('',(128.999998316969,81.3095682151404,-33.6));
#2951=CARTESIAN_POINT('',(128.999998316969,81.3095682151404,-34.95));
#2952=CARTESIAN_POINT('',(128.899998316969,81.4095682151404,-33.7));
#2953=CARTESIAN_POINT('Origin',(126.749998316969,81.1595682151404,-33.45));
#2954=CARTESIAN_POINT('',(126.499998316969,81.4095682151404,-33.7));
#2955=CARTESIAN_POINT('',(126.749998316969,81.4095682151404,-33.7));
#2956=CARTESIAN_POINT('',(128.999998316969,80.9095682151404,-33.2));
#2957=CARTESIAN_POINT('',(128.999998316969,80.9095682151404,-33.2));
#2958=CARTESIAN_POINT('',(126.749998316969,80.9095682151404,-33.2));
#2959=CARTESIAN_POINT('',(126.499998316969,81.4095682151404,-33.7));
#2960=CARTESIAN_POINT('Origin',(126.249998316969,81.1595682151404,-38.45));
#2961=CARTESIAN_POINT('',(126.499998316969,81.4095682151404,-38.45));
#2962=CARTESIAN_POINT('Origin',(125.999998316969,80.4095682151404,-33.2));
#2963=CARTESIAN_POINT('',(128.999998316969,80.5095682151404,-33.2));
#2964=CARTESIAN_POINT('',(127.999998316969,80.5095682151404,-33.2));
#2965=CARTESIAN_POINT('',(128.999998316969,80.4095682151404,-33.2));
#2966=CARTESIAN_POINT('Origin',(127.499998316969,81.4095682151404,-36.7));
#2967=CARTESIAN_POINT('Origin',(128.249998316969,81.1595682151404,15.05));
#2968=CARTESIAN_POINT('',(126.499998316969,81.4095682151404,15.3));
#2969=CARTESIAN_POINT('',(128.899998316969,81.4095682151404,15.3));
#2970=CARTESIAN_POINT('',(128.249998316969,81.4095682151404,15.3));
#2971=CARTESIAN_POINT('',(126.499998316969,81.4095682151404,15.3));
#2972=CARTESIAN_POINT('',(128.899998316969,81.4095682151404,15.3));
#2973=CARTESIAN_POINT('Origin',(128.949998316969,81.3595682151404,20.05));
#2974=CARTESIAN_POINT('',(128.899998316969,81.4095682151404,21.3));
#2975=CARTESIAN_POINT('',(128.899998316969,81.4095682151404,20.05));
#2976=CARTESIAN_POINT('',(128.899998316969,81.4095682151404,21.3));
#2977=CARTESIAN_POINT('Origin',(126.749998316969,81.1595682151404,21.55));
#2978=CARTESIAN_POINT('',(126.499998316969,81.4095682151404,21.3));
#2979=CARTESIAN_POINT('',(126.749998316969,81.4095682151404,21.3));
#2980=CARTESIAN_POINT('',(125.999998316969,80.9095682151404,21.8));
#2981=CARTESIAN_POINT('',(126.749998316969,80.9095682151404,21.8));
#2982=CARTESIAN_POINT('',(126.499998316969,81.4095682151404,21.3));
#2983=CARTESIAN_POINT('Origin',(126.249998316969,81.1595682151404,16.55));
#2984=CARTESIAN_POINT('',(125.999998316969,80.9095682151404,16.55));
#2985=CARTESIAN_POINT('',(126.499998316969,81.4095682151404,16.55));
#2986=CARTESIAN_POINT('Origin',(125.999998316969,80.4095682151404,14.8));
#2987=CARTESIAN_POINT('',(125.999998316969,80.5095682151405,21.8));
#2988=CARTESIAN_POINT('',(125.999998316969,80.5095682151405,25.8));
#2989=CARTESIAN_POINT('',(125.999998316969,80.4095682151404,21.8));
#2990=CARTESIAN_POINT('Origin',(127.499998316969,81.4095682151404,18.3));
#2991=CARTESIAN_POINT('Origin',(128.999998316969,80.4095682151404,-33.2));
#2992=CARTESIAN_POINT('',(128.999998316969,80.5095682151405,1.8));
#2993=CARTESIAN_POINT('Origin',(125.999998316969,80.4095682151404,21.8));
#2994=CARTESIAN_POINT('',(127.999998316969,80.5095682151405,21.8));
#2995=CARTESIAN_POINT('Origin',(126.749998316969,3.85956821514045,-39.95));
#2996=CARTESIAN_POINT('',(128.899998316969,3.60956821514045,-39.7));
#2997=CARTESIAN_POINT('',(126.499998316969,3.60956821514045,-39.7));
#2998=CARTESIAN_POINT('',(126.749998316969,3.60956821514045,-39.7));
#2999=CARTESIAN_POINT('',(128.899998316969,3.60956821514045,-39.7));
#3000=CARTESIAN_POINT('',(125.999998316969,4.10956821514045,-40.2));
#3001=CARTESIAN_POINT('',(126.749998316969,4.10956821514045,-40.2));
#3002=CARTESIAN_POINT('',(126.499998316969,3.60956821514045,-39.7));
#3003=CARTESIAN_POINT('Origin',(126.249998316969,3.85956821514044,-34.95));
#3004=CARTESIAN_POINT('',(126.499998316969,3.60956821514045,-33.7));
#3005=CARTESIAN_POINT('',(126.499998316969,3.60956821514045,-34.95));
#3006=CARTESIAN_POINT('',(125.999998316969,4.10956821514044,-34.95));
#3007=CARTESIAN_POINT('',(126.499998316969,3.60956821514045,-33.7));
#3008=CARTESIAN_POINT('Origin',(128.249998316969,3.85956821514044,-33.45));
#3009=CARTESIAN_POINT('',(128.899998316969,3.60956821514045,-33.7));
#3010=CARTESIAN_POINT('',(128.249998316969,3.60956821514045,-33.7));
#3011=CARTESIAN_POINT('',(128.899998316969,3.60956821514045,-33.7));
#3012=CARTESIAN_POINT('Origin',(128.949998316969,3.65956821514045,-38.45));
#3013=CARTESIAN_POINT('',(128.899998316969,3.60956821514045,-38.45));
#3014=CARTESIAN_POINT('Origin',(127.499998316969,3.60956821514045,-36.7));
#3015=CARTESIAN_POINT('Origin',(126.749998316969,3.85956821514044,15.05));
#3016=CARTESIAN_POINT('',(128.899998316969,3.60956821514044,15.3));
#3017=CARTESIAN_POINT('',(126.499998316969,3.60956821514044,15.3));
#3018=CARTESIAN_POINT('',(126.749998316969,3.60956821514044,15.3));
#3019=CARTESIAN_POINT('',(128.899998316969,3.60956821514044,15.3));
#3020=CARTESIAN_POINT('',(125.999998316969,4.10956821514044,14.8));
#3021=CARTESIAN_POINT('',(126.749998316969,4.10956821514044,14.8));
#3022=CARTESIAN_POINT('',(126.499998316969,3.60956821514044,15.3));
#3023=CARTESIAN_POINT('Origin',(126.249998316969,3.85956821514044,20.05));
#3024=CARTESIAN_POINT('',(126.499998316969,3.60956821514044,21.3));
#3025=CARTESIAN_POINT('',(126.499998316969,3.60956821514044,20.05));
#3026=CARTESIAN_POINT('',(125.999998316969,4.10956821514044,20.05));
#3027=CARTESIAN_POINT('',(126.499998316969,3.60956821514044,21.3));
#3028=CARTESIAN_POINT('Origin',(128.249998316969,3.85956821514044,21.55));
#3029=CARTESIAN_POINT('',(128.899998316969,3.60956821514044,21.3));
#3030=CARTESIAN_POINT('',(128.249998316969,3.60956821514044,21.3));
#3031=CARTESIAN_POINT('',(128.899998316969,3.60956821514044,21.3));
#3032=CARTESIAN_POINT('Origin',(128.949998316969,3.65956821514044,16.55));
#3033=CARTESIAN_POINT('',(128.899998316969,3.60956821514044,16.55));
#3034=CARTESIAN_POINT('Origin',(127.499998316969,3.60956821514044,18.3));
#3035=CARTESIAN_POINT('Origin',(125.999998316969,4.60956821514045,-33.2));
#3036=CARTESIAN_POINT('',(125.999998316969,4.50956821514045,-40.2));
#3037=CARTESIAN_POINT('',(125.999998316969,4.50956821514045,-44.2));
#3038=CARTESIAN_POINT('',(125.999998316969,4.60956821514045,-40.2));
#3039=CARTESIAN_POINT('Origin',(125.999998316969,4.60956821514045,-40.2));
#3040=CARTESIAN_POINT('',(127.999998316969,4.50956821514045,-40.2));
#3041=CARTESIAN_POINT('Origin',(125.999998316969,4.60956821514044,21.8));
#3042=CARTESIAN_POINT('',(125.999998316969,4.50956821514044,14.8));
#3043=CARTESIAN_POINT('',(125.999998316969,4.50956821514044,-16.7));
#3044=CARTESIAN_POINT('',(125.999998316969,4.60956821514044,14.8));
#3045=CARTESIAN_POINT('Origin',(125.999998316969,4.60956821514044,14.8));
#3046=CARTESIAN_POINT('',(127.999998316969,4.50956821514044,14.8));
#3047=CARTESIAN_POINT('Origin',(90.4999983169687,3.00956821514045,13.8));
#3048=CARTESIAN_POINT('',(90.4999983169687,2.50956821514045,36.8));
#3049=CARTESIAN_POINT('',(89.9999983169687,3.00956821514045,36.8));
#3050=CARTESIAN_POINT('Origin',(90.4999983169687,3.00956821514045,36.8));
#3051=CARTESIAN_POINT('',(89.9999983169687,3.00956821514045,-55.2));
#3052=CARTESIAN_POINT('',(89.9999983169687,3.00956821514045,13.8));
#3053=CARTESIAN_POINT('',(90.4999983169687,2.50956821514045,-55.2));
#3054=CARTESIAN_POINT('Origin',(90.4999983169687,3.00956821514045,-55.2));
#3055=CARTESIAN_POINT('',(90.4999983169687,2.50956821514045,13.8));
#3056=CARTESIAN_POINT('Origin',(90.4999983169687,9.50956821514045,-55.2));
#3057=CARTESIAN_POINT('',(89.9999983169687,9.50956821514045,-61.7));
#3058=CARTESIAN_POINT('',(90.4999983169687,9.50956821514045,-62.2));
#3059=CARTESIAN_POINT('Origin',(90.4999983169687,9.50956821514045,-61.7));
#3060=CARTESIAN_POINT('Origin',(90.4999983169687,9.50956821514045,-55.2));
#3061=CARTESIAN_POINT('Origin',(89.9999983169687,9.50956821514045,-55.2));
#3062=CARTESIAN_POINT('Origin',(90.4999983169687,26.0095682151405,-61.7));
#3063=CARTESIAN_POINT('',(89.9999983169687,75.5095682151404,-61.7));
#3064=CARTESIAN_POINT('',(90.4999983169687,75.5095682151404,-62.2));
#3065=CARTESIAN_POINT('Origin',(90.4999983169687,75.5095682151404,-61.7));
#3066=CARTESIAN_POINT('',(90.4999983169687,26.0095682151405,-62.2));
#3067=CARTESIAN_POINT('',(89.9999983169687,26.0095682151405,-61.7));
#3068=CARTESIAN_POINT('Origin',(90.4999983169687,75.5095682151404,-55.2));
#3069=CARTESIAN_POINT('',(89.9999983169687,82.0095682151404,-55.2));
#3070=CARTESIAN_POINT('',(90.4999983169687,82.5095682151404,-55.2));
#3071=CARTESIAN_POINT('Origin',(90.4999983169687,82.0095682151404,-55.2));
#3072=CARTESIAN_POINT('Origin',(90.4999983169687,75.5095682151404,-55.2));
#3073=CARTESIAN_POINT('Origin',(89.9999983169687,75.5095682151404,-55.2));
#3074=CARTESIAN_POINT('Origin',(90.4999983169687,82.0095682151404,-32.2));
#3075=CARTESIAN_POINT('',(89.9999983169687,82.0095682151404,36.8));
#3076=CARTESIAN_POINT('',(90.4999983169687,82.5095682151404,36.8));
#3077=CARTESIAN_POINT('Origin',(90.4999983169687,82.0095682151404,36.8));
#3078=CARTESIAN_POINT('',(90.4999983169687,82.5095682151404,-32.2));
#3079=CARTESIAN_POINT('',(89.9999983169687,82.0095682151404,-32.2));
#3080=CARTESIAN_POINT('Origin',(90.4999983169687,75.5095682151405,36.8));
#3081=CARTESIAN_POINT('',(89.9999983169687,75.5095682151405,43.3));
#3082=CARTESIAN_POINT('',(90.4999983169687,75.5095682151405,43.8));
#3083=CARTESIAN_POINT('Origin',(90.4999983169687,75.5095682151405,43.3));
#3084=CARTESIAN_POINT('Origin',(90.4999983169687,75.5095682151405,36.8));
#3085=CARTESIAN_POINT('Origin',(89.9999983169687,75.5095682151405,36.8));
#3086=CARTESIAN_POINT('Origin',(90.4999983169687,59.0095682151405,43.3));
#3087=CARTESIAN_POINT('',(89.9999983169687,9.50956821514044,43.3));
#3088=CARTESIAN_POINT('',(90.4999983169687,9.50956821514044,43.8));
#3089=CARTESIAN_POINT('Origin',(90.4999983169687,9.50956821514044,43.3));
#3090=CARTESIAN_POINT('',(90.4999983169687,59.0095682151405,43.8));
#3091=CARTESIAN_POINT('',(89.9999983169687,59.0095682151405,43.3));
#3092=CARTESIAN_POINT('Origin',(90.4999983169687,9.50956821514044,36.8));
#3093=CARTESIAN_POINT('Origin',(90.4999983169687,9.50956821514044,36.8));
#3094=CARTESIAN_POINT('Origin',(89.9999983169687,9.50956821514044,36.8));
#3095=CARTESIAN_POINT('Origin',(89.9999983169687,75.5095682151405,36.8));
#3096=CARTESIAN_POINT('',(129.999998316969,75.5095682151405,43.8));
#3097=CARTESIAN_POINT('',(89.9999983169687,75.5095682151405,43.8));
#3098=CARTESIAN_POINT('',(129.999998316969,82.5095682151404,36.8));
#3099=CARTESIAN_POINT('Origin',(129.999998316969,75.5095682151405,36.8));
#3100=CARTESIAN_POINT('',(89.9999983169687,82.5095682151404,36.8));
#3101=CARTESIAN_POINT('Origin',(89.9999983169687,75.5095682151405,43.8));
#3102=CARTESIAN_POINT('',(129.999998316969,9.50956821514044,43.8));
#3103=CARTESIAN_POINT('',(89.9999983169687,9.50956821514044,43.8));
#3104=CARTESIAN_POINT('',(129.999998316969,75.5095682151405,43.8));
#3105=CARTESIAN_POINT('Origin',(89.9999983169687,9.50956821514044,36.8));
#3106=CARTESIAN_POINT('',(129.999998316969,2.50956821514045,36.8));
#3107=CARTESIAN_POINT('',(89.9999983169687,2.50956821514045,36.8));
#3108=CARTESIAN_POINT('Origin',(129.999998316969,9.50956821514044,36.8));
#3109=CARTESIAN_POINT('Origin',(89.9999983169687,2.50956821514045,36.8));
#3110=CARTESIAN_POINT('',(129.999998316969,2.50956821514045,-55.2));
#3111=CARTESIAN_POINT('',(89.9999983169687,2.50956821514045,-55.2));
#3112=CARTESIAN_POINT('',(129.999998316969,2.50956821514045,36.8));
#3113=CARTESIAN_POINT('Origin',(89.9999983169687,42.5095682151405,-9.19999999999999));
#3114=CARTESIAN_POINT('',(89.9999983169687,68.3095682151404,-11.5000000000001));
#3115=CARTESIAN_POINT('Origin',(89.9999983169687,70.0095682151404,-11.5000000000001));
#3116=CARTESIAN_POINT('',(89.9999983169687,13.3095682151404,-11.5));
#3117=CARTESIAN_POINT('Origin',(89.9999983169687,15.0095682151404,-11.5));
#3118=CARTESIAN_POINT('',(89.9999983169687,68.3095682151397,-40.5));
#3119=CARTESIAN_POINT('Origin',(89.9999983169687,70.0095682151397,-40.5));
#3120=CARTESIAN_POINT('',(89.9999983169687,20.0095682151406,-12.4999999999997));
#3121=CARTESIAN_POINT('',(89.9999983169687,23.0095682151406,-9.49999999999974));
#3122=CARTESIAN_POINT('Origin',(89.9999983169687,23.0095682151406,-12.4999999999997));
#3123=CARTESIAN_POINT('',(89.9999983169687,20.0095682151406,-39.5000000000003));
#3124=CARTESIAN_POINT('',(89.9999983169687,20.0095682151406,-39.5000000000003));
#3125=CARTESIAN_POINT('',(89.9999983169687,23.0095682151401,-42.4999999999997));
#3126=CARTESIAN_POINT('Origin',(89.9999983169687,23.0095682151401,-39.5000000000003));
#3127=CARTESIAN_POINT('',(89.9999983169687,62.009568215141,-42.4999999999997));
#3128=CARTESIAN_POINT('',(89.9999983169687,62.009568215141,-42.4999999999997));
#3129=CARTESIAN_POINT('',(89.9999983169687,65.0095682151406,-39.5000000000002));
#3130=CARTESIAN_POINT('Origin',(89.9999983169687,62.009568215141,-39.5000000000002));
#3131=CARTESIAN_POINT('',(89.9999983169687,65.0095682151406,-12.5));
#3132=CARTESIAN_POINT('',(89.9999983169687,65.0095682151406,-12.5));
#3133=CARTESIAN_POINT('',(89.9999983169687,62.0095682151404,-9.49999999999973));
#3134=CARTESIAN_POINT('Origin',(89.9999983169687,62.0095682151403,-12.5));
#3135=CARTESIAN_POINT('',(89.9999983169687,23.0095682151406,-9.49999999999974));
#3136=CARTESIAN_POINT('',(89.9999983169687,13.3095682151404,-40.5));
#3137=CARTESIAN_POINT('Origin',(89.9999983169687,15.0095682151404,-40.5));
#3138=CARTESIAN_POINT('Origin',(102.999998316969,82.5095682151404,-44.));
#3139=CARTESIAN_POINT('',(102.999998316969,82.5095682151404,-44.));
#3140=CARTESIAN_POINT('',(105.599998316969,82.5095682151404,-44.));
#3141=CARTESIAN_POINT('',(96.4999983169687,82.5095682151404,-44.));
#3142=CARTESIAN_POINT('',(102.999998316969,80.5095682151405,-44.));
#3143=CARTESIAN_POINT('',(102.999998316969,82.5095682151404,-44.));
#3144=CARTESIAN_POINT('',(105.599998316969,80.5095682151405,-44.));
#3145=CARTESIAN_POINT('',(116.499998316969,80.5095682151404,-44.));
#3146=CARTESIAN_POINT('',(105.599998316969,82.5095682151404,-44.));
#3147=CARTESIAN_POINT('Origin',(102.999998316969,82.5095682151404,-42.));
#3148=CARTESIAN_POINT('',(100.999998316969,82.5095682151404,-42.));
#3149=CARTESIAN_POINT('Origin',(102.999998316969,82.5095682151404,-42.));
#3150=CARTESIAN_POINT('',(100.999998316969,80.5095682151405,-42.));
#3151=CARTESIAN_POINT('',(100.999998316969,82.5095682151404,-42.));
#3152=CARTESIAN_POINT('Origin',(102.999998316969,80.5095682151405,-42.));
#3153=CARTESIAN_POINT('Origin',(100.999998316969,82.5095682151404,-34.5));
#3154=CARTESIAN_POINT('',(100.999998316969,82.5095682151404,-34.5));
#3155=CARTESIAN_POINT('',(100.999998316969,82.5095682151404,-44.8499999999999));
#3156=CARTESIAN_POINT('',(100.999998316969,80.5095682151405,-34.5));
#3157=CARTESIAN_POINT('',(100.999998316969,82.5095682151404,-34.5));
#3158=CARTESIAN_POINT('',(100.999998316968,80.5095682151405,1.14999999999996));
#3159=CARTESIAN_POINT('Origin',(102.999998316969,82.5095682151404,-34.5));
#3160=CARTESIAN_POINT('',(102.999998316969,82.5095682151404,-32.5));
#3161=CARTESIAN_POINT('Origin',(102.999998316969,82.5095682151404,-34.5));
#3162=CARTESIAN_POINT('',(102.999998316969,80.5095682151405,-32.5));
#3163=CARTESIAN_POINT('',(102.999998316969,82.5095682151404,-32.5));
#3164=CARTESIAN_POINT('Origin',(102.999998316969,80.5095682151405,-34.5));
#3165=CARTESIAN_POINT('Origin',(105.599998316969,82.5095682151404,-32.5));
#3166=CARTESIAN_POINT('',(105.599998316969,82.5095682151404,-32.5));
#3167=CARTESIAN_POINT('',(97.7999983169686,82.5095682151404,-32.5));
#3168=CARTESIAN_POINT('',(105.599998316969,80.5095682151405,-32.5));
#3169=CARTESIAN_POINT('',(105.599998316969,82.5095682151404,-32.5));
#3170=CARTESIAN_POINT('',(117.799998316969,80.5095682151404,-32.5));
#3171=CARTESIAN_POINT('Origin',(105.599998316969,82.5095682151404,-34.5));
#3172=CARTESIAN_POINT('',(107.599998316969,82.5095682151404,-34.5));
#3173=CARTESIAN_POINT('Origin',(105.599998316969,82.5095682151404,-34.5));
#3174=CARTESIAN_POINT('',(107.599998316969,80.5095682151405,-34.5));
#3175=CARTESIAN_POINT('',(107.599998316969,82.5095682151404,-34.5));
#3176=CARTESIAN_POINT('Origin',(105.599998316969,80.5095682151405,-34.5));
#3177=CARTESIAN_POINT('Origin',(107.599998316969,82.5095682151404,-42.));
#3178=CARTESIAN_POINT('',(107.599998316969,82.5095682151404,-42.));
#3179=CARTESIAN_POINT('',(107.599998316969,82.5095682151404,-48.6));
#3180=CARTESIAN_POINT('',(107.599998316969,80.5095682151405,-42.));
#3181=CARTESIAN_POINT('',(107.599998316969,82.5095682151404,-42.));
#3182=CARTESIAN_POINT('',(107.599998316969,80.5095682151405,-2.60000000000001));
#3183=CARTESIAN_POINT('Origin',(105.599998316969,82.5095682151404,-42.));
#3184=CARTESIAN_POINT('Origin',(105.599998316969,82.5095682151404,-42.));
#3185=CARTESIAN_POINT('Origin',(105.599998316969,80.5095682151405,-42.));
#3186=CARTESIAN_POINT('Origin',(119.299998316969,82.5095682151404,-13.));
#3187=CARTESIAN_POINT('',(119.299998316969,82.5095682151404,-13.));
#3188=CARTESIAN_POINT('',(119.299998316969,82.5095682151404,-5.50000000000006));
#3189=CARTESIAN_POINT('',(119.299998316969,82.5095682151404,-34.1));
#3190=CARTESIAN_POINT('',(119.299998316969,80.5095682151405,-13.));
#3191=CARTESIAN_POINT('',(119.299998316969,82.5095682151404,-13.));
#3192=CARTESIAN_POINT('',(119.299998316969,80.5095682151405,-5.50000000000006));
#3193=CARTESIAN_POINT('',(119.299998316969,80.5095682151405,11.9));
#3194=CARTESIAN_POINT('',(119.299998316969,82.5095682151404,-5.50000000000006));
#3195=CARTESIAN_POINT('Origin',(117.299998316969,82.5095682151404,-13.));
#3196=CARTESIAN_POINT('',(117.299998316969,82.5095682151404,-15.));
#3197=CARTESIAN_POINT('Origin',(117.299998316969,82.5095682151404,-13.));
#3198=CARTESIAN_POINT('',(117.299998316969,80.5095682151405,-15.));
#3199=CARTESIAN_POINT('',(117.299998316969,82.5095682151404,-15.));
#3200=CARTESIAN_POINT('Origin',(117.299998316969,80.5095682151405,-13.));
#3201=CARTESIAN_POINT('Origin',(114.699998316969,82.5095682151404,-15.0000000000001));
#3202=CARTESIAN_POINT('',(114.699998316969,82.5095682151404,-15.0000000000001));
#3203=CARTESIAN_POINT('',(102.349998316969,82.5095682151404,-15.0000000000001));
#3204=CARTESIAN_POINT('',(114.699998316969,80.5095682151405,-15.0000000000001));
#3205=CARTESIAN_POINT('',(114.699998316969,82.5095682151404,-15.0000000000001));
#3206=CARTESIAN_POINT('',(122.349998316969,80.5095682151404,-15.));
#3207=CARTESIAN_POINT('Origin',(114.699998316969,82.5095682151404,-13.0000000000001));
#3208=CARTESIAN_POINT('',(112.699998316969,82.5095682151404,-13.0000000000001));
#3209=CARTESIAN_POINT('Origin',(114.699998316969,82.5095682151404,-13.0000000000001));
#3210=CARTESIAN_POINT('',(112.699998316969,80.5095682151405,-13.0000000000001));
#3211=CARTESIAN_POINT('',(112.699998316969,82.5095682151404,-13.0000000000001));
#3212=CARTESIAN_POINT('Origin',(114.699998316969,80.5095682151405,-13.0000000000001));
#3213=CARTESIAN_POINT('Origin',(112.699998316969,82.5095682151404,-5.49999999999995));
#3214=CARTESIAN_POINT('',(112.699998316969,82.5095682151404,-5.49999999999995));
#3215=CARTESIAN_POINT('',(112.699998316969,82.5095682151404,-30.3499999999999));
#3216=CARTESIAN_POINT('',(112.699998316969,80.5095682151405,-5.49999999999995));
#3217=CARTESIAN_POINT('',(112.699998316969,82.5095682151404,-5.49999999999995));
#3218=CARTESIAN_POINT('',(112.699998316968,80.5095682151405,15.65));
#3219=CARTESIAN_POINT('Origin',(114.699998316969,82.5095682151404,-5.49999999999994));
#3220=CARTESIAN_POINT('',(114.699998316969,82.5095682151404,-3.50000000000003));
#3221=CARTESIAN_POINT('Origin',(114.699998316969,82.5095682151404,-5.49999999999994));
#3222=CARTESIAN_POINT('',(114.699998316969,80.5095682151405,-3.50000000000003));
#3223=CARTESIAN_POINT('',(114.699998316969,82.5095682151404,-3.50000000000003));
#3224=CARTESIAN_POINT('Origin',(114.699998316969,80.5095682151405,-5.49999999999994));
#3225=CARTESIAN_POINT('Origin',(117.299998316969,82.5095682151404,-3.50000000000006));
#3226=CARTESIAN_POINT('',(117.299998316969,82.5095682151404,-3.50000000000006));
#3227=CARTESIAN_POINT('',(103.649998316969,82.5095682151404,-3.49999999999996));
#3228=CARTESIAN_POINT('',(117.299998316969,80.5095682151405,-3.50000000000006));
#3229=CARTESIAN_POINT('',(117.299998316969,82.5095682151404,-3.50000000000006));
#3230=CARTESIAN_POINT('',(123.649998316969,80.5095682151405,-3.5000000000001));
#3231=CARTESIAN_POINT('Origin',(117.299998316969,82.5095682151404,-5.50000000000006));
#3232=CARTESIAN_POINT('Origin',(117.299998316969,82.5095682151404,-5.50000000000006));
#3233=CARTESIAN_POINT('Origin',(117.299998316969,80.5095682151405,-5.50000000000006));
#3234=CARTESIAN_POINT('Origin',(102.999998316969,61.6105954043865,-62.2));
#3235=CARTESIAN_POINT('',(102.999998316969,61.6105954043865,-62.2));
#3236=CARTESIAN_POINT('',(102.999998316969,37.0085410258923,-62.2));
#3237=CARTESIAN_POINT('',(102.999998316969,35.5600818097635,-62.2));
#3238=CARTESIAN_POINT('',(102.999998316969,61.6105954043865,-60.2));
#3239=CARTESIAN_POINT('',(102.999998316969,61.6105954043865,-62.2));
#3240=CARTESIAN_POINT('',(102.999998316969,37.0085410258923,-60.2));
#3241=CARTESIAN_POINT('',(102.999998316969,68.5600818097634,-60.2));
#3242=CARTESIAN_POINT('',(102.999998316969,37.0085410258923,-62.2));
#3243=CARTESIAN_POINT('Origin',(106.198971127719,61.6105954043865,-62.2));
#3244=CARTESIAN_POINT('',(106.198971127717,64.8095682151372,-62.2));
#3245=CARTESIAN_POINT('Origin',(106.198971127719,61.6105954043865,-62.2));
#3246=CARTESIAN_POINT('',(106.198971127717,64.8095682151372,-60.2));
#3247=CARTESIAN_POINT('',(106.198971127717,64.8095682151372,-62.2));
#3248=CARTESIAN_POINT('Origin',(106.198971127719,61.6105954043865,-60.2));
#3249=CARTESIAN_POINT('Origin',(112.301025506215,64.8095682151422,-62.2));
#3250=CARTESIAN_POINT('',(112.301025506215,64.8095682151422,-62.2));
#3251=CARTESIAN_POINT('',(101.150511911569,64.809568215133,-62.2));
#3252=CARTESIAN_POINT('',(112.301025506215,64.8095682151422,-60.2));
#3253=CARTESIAN_POINT('',(112.301025506215,64.8095682151422,-62.2));
#3254=CARTESIAN_POINT('',(121.150511911596,64.8095682151495,-60.2));
#3255=CARTESIAN_POINT('Origin',(112.301025506217,61.6105954043922,-62.2));
#3256=CARTESIAN_POINT('',(115.499998316967,61.6105954043926,-62.2));
#3257=CARTESIAN_POINT('Origin',(112.301025506217,61.6105954043922,-62.2));
#3258=CARTESIAN_POINT('',(115.499998316967,61.6105954043926,-60.2));
#3259=CARTESIAN_POINT('',(115.499998316967,61.6105954043926,-62.2));
#3260=CARTESIAN_POINT('Origin',(112.301025506217,61.6105954043922,-60.2));
#3261=CARTESIAN_POINT('Origin',(115.49999831697,37.0085410258945,-62.2));
#3262=CARTESIAN_POINT('',(115.49999831697,37.0085410258945,-62.2));
#3263=CARTESIAN_POINT('',(115.499998316972,23.259054620519,-62.2));
#3264=CARTESIAN_POINT('',(115.49999831697,37.0085410258945,-60.2));
#3265=CARTESIAN_POINT('',(115.49999831697,37.0085410258945,-62.2));
#3266=CARTESIAN_POINT('',(115.499998316968,56.2590546205166,-60.2));
#3267=CARTESIAN_POINT('Origin',(112.301025506215,37.0085410258941,-62.2));
#3268=CARTESIAN_POINT('',(112.301025506214,33.8095682151394,-62.2));
#3269=CARTESIAN_POINT('Origin',(112.301025506215,37.0085410258941,-62.2));
#3270=CARTESIAN_POINT('',(112.301025506214,33.8095682151394,-60.2));
#3271=CARTESIAN_POINT('',(112.301025506214,33.8095682151394,-62.2));
#3272=CARTESIAN_POINT('Origin',(112.301025506215,37.0085410258941,-60.2));
#3273=CARTESIAN_POINT('Origin',(106.198971127717,33.8095682151424,-62.2));
#3274=CARTESIAN_POINT('',(106.198971127717,33.8095682151424,-62.2));
#3275=CARTESIAN_POINT('',(98.099484722349,33.8095682151464,-62.2));
#3276=CARTESIAN_POINT('',(106.198971127717,33.8095682151424,-60.2));
#3277=CARTESIAN_POINT('',(106.198971127717,33.8095682151424,-62.2));
#3278=CARTESIAN_POINT('',(118.099484722333,33.8095682151365,-60.2));
#3279=CARTESIAN_POINT('Origin',(106.198971127719,37.0085410258923,-62.2));
#3280=CARTESIAN_POINT('Origin',(106.198971127719,37.0085410258923,-62.2));
#3281=CARTESIAN_POINT('Origin',(106.198971127719,37.0085410258923,-60.2));
#3282=CARTESIAN_POINT('Origin',(91.9999983169686,17.7095682151405,-52.95));
#3283=CARTESIAN_POINT('',(100.999998316969,16.2095682151405,-52.95));
#3284=CARTESIAN_POINT('Origin',(100.999998316969,17.7095682151405,-52.95));
#3285=CARTESIAN_POINT('',(91.9999983169686,16.2095682151405,-52.95));
#3286=CARTESIAN_POINT('',(91.9999983169686,16.2095682151405,-52.95));
#3287=CARTESIAN_POINT('Origin',(91.9999983169686,17.7095682151405,-52.95));
#3288=CARTESIAN_POINT('Origin',(91.9999983169686,17.7095682151405,-52.95));
#3289=CARTESIAN_POINT('',(100.999998316969,13.7095682151405,-52.95));
#3290=CARTESIAN_POINT('Origin',(100.999998316969,17.7095682151405,-52.95));
#3291=CARTESIAN_POINT('',(91.9999983169686,13.7095682151405,-52.95));
#3292=CARTESIAN_POINT('',(91.9999983169686,13.7095682151405,-52.95));
#3293=CARTESIAN_POINT('Origin',(91.9999983169686,17.7095682151405,-52.95));
#3294=CARTESIAN_POINT('Origin',(100.999998316969,17.7095682151405,-52.95));
#3295=CARTESIAN_POINT('Origin',(91.9999983169686,42.5095682151404,-9.19999999999999));
#3296=CARTESIAN_POINT('',(91.9999983169686,4.50956821514044,36.8));
#3297=CARTESIAN_POINT('',(91.9999983169686,9.50956821514044,41.8));
#3298=CARTESIAN_POINT('Origin',(91.9999983169686,9.50956821514044,36.8));
#3299=CARTESIAN_POINT('',(91.9999983169686,4.50956821514045,-55.2));
#3300=CARTESIAN_POINT('',(91.9999983169686,4.50956821514044,36.8));
#3301=CARTESIAN_POINT('',(91.9999983169686,9.50956821514045,-60.2));
#3302=CARTESIAN_POINT('Origin',(91.9999983169686,9.50956821514045,-55.2));
#3303=CARTESIAN_POINT('',(91.9999983169686,75.5095682151404,-60.2));
#3304=CARTESIAN_POINT('',(91.9999983169686,9.50956821514045,-60.2));
#3305=CARTESIAN_POINT('',(91.9999983169686,80.5095682151404,-55.2));
#3306=CARTESIAN_POINT('Origin',(91.9999983169686,75.5095682151404,-55.2));
#3307=CARTESIAN_POINT('',(91.9999983169686,80.5095682151405,36.8));
#3308=CARTESIAN_POINT('',(91.9999983169686,80.5095682151404,-55.2));
#3309=CARTESIAN_POINT('',(91.9999983169686,75.5095682151405,41.8));
#3310=CARTESIAN_POINT('Origin',(91.9999983169686,75.5095682151405,36.8));
#3311=CARTESIAN_POINT('',(91.9999983169686,75.5095682151405,41.8));
#3312=CARTESIAN_POINT('',(91.9999983169686,13.7095682151405,28.55));
#3313=CARTESIAN_POINT('Origin',(91.9999983169686,17.7095682151405,28.55));
#3314=CARTESIAN_POINT('',(91.9999983169686,70.3095682151405,28.55));
#3315=CARTESIAN_POINT('Origin',(91.9999983169686,74.3095682151405,28.55));
#3316=CARTESIAN_POINT('',(91.9999983169686,68.3095682151404,-11.5000000000001));
#3317=CARTESIAN_POINT('Origin',(91.9999983169686,70.0095682151404,-11.5000000000001));
#3318=CARTESIAN_POINT('',(91.9999983169686,13.3095682151404,-11.5));
#3319=CARTESIAN_POINT('Origin',(91.9999983169686,15.0095682151404,-11.5));
#3320=CARTESIAN_POINT('',(91.9999983169686,68.3095682151397,-40.5));
#3321=CARTESIAN_POINT('Origin',(91.9999983169686,70.0095682151397,-40.5));
#3322=CARTESIAN_POINT('',(91.9999983169686,20.0095682151406,-12.4999999999997));
#3323=CARTESIAN_POINT('',(91.9999983169686,20.0095682151406,-39.5000000000003));
#3324=CARTESIAN_POINT('',(91.9999983169686,20.0095682151406,-24.3500000000001));
#3325=CARTESIAN_POINT('',(91.9999983169686,23.0095682151406,-9.49999999999974));
#3326=CARTESIAN_POINT('Origin',(91.9999983169686,23.0095682151406,-12.4999999999997));
#3327=CARTESIAN_POINT('',(91.9999983169686,62.0095682151404,-9.49999999999973));
#3328=CARTESIAN_POINT('',(91.9999983169686,32.7595682151405,-9.49999999999974));
#3329=CARTESIAN_POINT('',(91.9999983169686,65.0095682151406,-12.5));
#3330=CARTESIAN_POINT('Origin',(91.9999983169686,62.0095682151403,-12.5));
#3331=CARTESIAN_POINT('',(91.9999983169686,65.0095682151406,-39.5000000000002));
#3332=CARTESIAN_POINT('',(91.9999983169686,65.0095682151406,-10.85));
#3333=CARTESIAN_POINT('',(91.9999983169686,62.009568215141,-42.4999999999997));
#3334=CARTESIAN_POINT('Origin',(91.9999983169686,62.009568215141,-39.5000000000002));
#3335=CARTESIAN_POINT('',(91.9999983169686,23.0095682151401,-42.4999999999997));
#3336=CARTESIAN_POINT('',(91.9999983169686,52.2595682151407,-42.4999999999997));
#3337=CARTESIAN_POINT('Origin',(91.9999983169686,23.0095682151401,-39.5000000000003));
#3338=CARTESIAN_POINT('',(91.9999983169686,13.3095682151404,-40.5));
#3339=CARTESIAN_POINT('Origin',(91.9999983169686,15.0095682151404,-40.5));
#3340=CARTESIAN_POINT('',(91.9999983169686,70.3095682151404,-52.95));
#3341=CARTESIAN_POINT('Origin',(91.9999983169686,74.3095682151404,-52.95));
#3342=CARTESIAN_POINT('Origin',(91.9999983169686,17.7095682151405,28.55));
#3343=CARTESIAN_POINT('',(100.999998316969,16.2095682151405,28.55));
#3344=CARTESIAN_POINT('Origin',(100.999998316969,17.7095682151405,28.55));
#3345=CARTESIAN_POINT('',(91.9999983169686,16.2095682151405,28.55));
#3346=CARTESIAN_POINT('',(91.9999983169686,16.2095682151405,28.55));
#3347=CARTESIAN_POINT('Origin',(91.9999983169686,17.7095682151405,28.55));
#3348=CARTESIAN_POINT('Origin',(91.9999983169686,17.7095682151405,28.55));
#3349=CARTESIAN_POINT('',(100.999998316969,13.7095682151405,28.55));
#3350=CARTESIAN_POINT('Origin',(100.999998316969,17.7095682151405,28.55));
#3351=CARTESIAN_POINT('',(91.9999983169686,13.7095682151405,28.55));
#3352=CARTESIAN_POINT('Origin',(100.999998316969,17.7095682151405,28.55));
#3353=CARTESIAN_POINT('Origin',(91.9999983169686,42.5095682151404,-9.19999999999999));
#3354=CARTESIAN_POINT('Origin',(91.9999983169686,74.3095682151404,-52.95));
#3355=CARTESIAN_POINT('',(100.999998316969,72.8095682151404,-52.95));
#3356=CARTESIAN_POINT('Origin',(100.999998316969,74.3095682151404,-52.95));
#3357=CARTESIAN_POINT('',(91.9999983169686,72.8095682151404,-52.95));
#3358=CARTESIAN_POINT('',(91.9999983169686,72.8095682151404,-52.95));
#3359=CARTESIAN_POINT('Origin',(91.9999983169686,74.3095682151404,-52.95));
#3360=CARTESIAN_POINT('Origin',(91.9999983169686,74.3095682151404,-52.95));
#3361=CARTESIAN_POINT('',(100.999998316969,70.3095682151404,-52.95));
#3362=CARTESIAN_POINT('Origin',(100.999998316969,74.3095682151404,-52.95));
#3363=CARTESIAN_POINT('',(91.9999983169686,70.3095682151404,-52.95));
#3364=CARTESIAN_POINT('Origin',(100.999998316969,74.3095682151404,-52.95));
#3365=CARTESIAN_POINT('Origin',(91.9999983169686,42.5095682151404,-9.19999999999999));
#3366=CARTESIAN_POINT('Origin',(91.9999983169686,74.3095682151405,28.55));
#3367=CARTESIAN_POINT('',(100.999998316969,72.8095682151405,28.55));
#3368=CARTESIAN_POINT('Origin',(100.999998316969,74.3095682151405,28.55));
#3369=CARTESIAN_POINT('',(91.9999983169686,72.8095682151405,28.55));
#3370=CARTESIAN_POINT('',(91.9999983169686,72.8095682151405,28.55));
#3371=CARTESIAN_POINT('Origin',(91.9999983169686,74.3095682151405,28.55));
#3372=CARTESIAN_POINT('Origin',(91.9999983169686,74.3095682151405,28.55));
#3373=CARTESIAN_POINT('',(100.999998316969,70.3095682151405,28.55));
#3374=CARTESIAN_POINT('Origin',(100.999998316969,74.3095682151405,28.55));
#3375=CARTESIAN_POINT('',(91.9999983169686,70.3095682151405,28.55));
#3376=CARTESIAN_POINT('Origin',(100.999998316969,74.3095682151405,28.55));
#3377=CARTESIAN_POINT('Origin',(91.9999983169686,42.5095682151404,-9.19999999999999));
#3378=CARTESIAN_POINT('Origin',(129.999998316969,4.50956821514045,-55.2));
#3379=CARTESIAN_POINT('',(129.999998316969,4.50956821514045,-55.2));
#3380=CARTESIAN_POINT('',(129.999998316969,4.50956821514044,36.8));
#3381=CARTESIAN_POINT('',(129.999998316969,4.50956821514045,-32.2));
#3382=CARTESIAN_POINT('',(129.999998316969,4.50956821514045,-55.2));
#3383=CARTESIAN_POINT('',(129.999998316969,4.50956821514044,36.8));
#3384=CARTESIAN_POINT('Origin',(129.999998316969,9.50956821514045,-55.2));
#3385=CARTESIAN_POINT('',(129.999998316969,9.50956821514045,-60.2));
#3386=CARTESIAN_POINT('Origin',(129.999998316969,9.50956821514045,-55.2));
#3387=CARTESIAN_POINT('',(129.999998316969,9.50956821514045,-60.2));
#3388=CARTESIAN_POINT('Origin',(129.999998316969,75.5095682151404,-60.2));
#3389=CARTESIAN_POINT('',(129.999998316969,75.5095682151404,-60.2));
#3390=CARTESIAN_POINT('',(129.999998316969,59.0095682151404,-60.2));
#3391=CARTESIAN_POINT('',(129.999998316969,75.5095682151404,-60.2));
#3392=CARTESIAN_POINT('Origin',(129.999998316969,75.5095682151404,-55.2));
#3393=CARTESIAN_POINT('',(129.999998316969,80.5095682151404,-55.2));
#3394=CARTESIAN_POINT('Origin',(129.999998316969,75.5095682151404,-55.2));
#3395=CARTESIAN_POINT('',(129.999998316969,80.5095682151404,-55.2));
#3396=CARTESIAN_POINT('Origin',(129.999998316969,80.5095682151405,36.8));
#3397=CARTESIAN_POINT('',(129.999998316969,80.5095682151405,36.8));
#3398=CARTESIAN_POINT('',(129.999998316969,80.5095682151405,13.8));
#3399=CARTESIAN_POINT('',(129.999998316969,80.5095682151405,36.8));
#3400=CARTESIAN_POINT('Origin',(129.999998316969,75.5095682151405,36.8));
#3401=CARTESIAN_POINT('',(129.999998316969,75.5095682151405,41.8));
#3402=CARTESIAN_POINT('Origin',(129.999998316969,75.5095682151405,36.8));
#3403=CARTESIAN_POINT('',(129.999998316969,75.5095682151405,41.8));
#3404=CARTESIAN_POINT('Origin',(129.999998316969,9.50956821514045,41.8));
#3405=CARTESIAN_POINT('',(129.999998316969,9.50956821514044,41.8));
#3406=CARTESIAN_POINT('',(129.999998316969,26.0095682151405,41.8));
#3407=CARTESIAN_POINT('',(129.999998316969,9.50956821514044,41.8));
#3408=CARTESIAN_POINT('Origin',(129.999998316969,9.50956821514044,36.8));
#3409=CARTESIAN_POINT('Origin',(129.999998316969,9.50956821514044,36.8));
#3410=CARTESIAN_POINT('Origin',(91.9999983169686,42.5095682151404,-9.19999999999999));
#3411=CARTESIAN_POINT('Origin',(89.9999983169687,65.0095682151406,-12.5));
#3412=CARTESIAN_POINT('',(89.9999983169687,65.0095682151406,-12.5));
#3413=CARTESIAN_POINT('',(89.9999983169687,65.0095682151406,-39.5000000000002));
#3414=CARTESIAN_POINT('Origin',(89.9999983169687,62.0095682151403,-12.5));
#3415=CARTESIAN_POINT('',(89.9999983169687,62.0095682151404,-9.49999999999973));
#3416=CARTESIAN_POINT('Origin',(89.9999983169687,23.0095682151406,-9.49999999999974));
#3417=CARTESIAN_POINT('',(89.9999983169687,23.0095682151406,-9.49999999999974));
#3418=CARTESIAN_POINT('Origin',(89.9999983169687,23.0095682151406,-12.4999999999997));
#3419=CARTESIAN_POINT('',(89.9999983169687,20.0095682151406,-12.4999999999997));
#3420=CARTESIAN_POINT('Origin',(89.9999983169687,70.0095682151404,-11.5000000000001));
#3421=CARTESIAN_POINT('',(89.9999983169687,68.3095682151404,-11.5000000000001));
#3422=CARTESIAN_POINT('Origin',(89.9999983169687,15.0095682151404,-11.5));
#3423=CARTESIAN_POINT('',(89.9999983169687,13.3095682151404,-11.5));
#3424=CARTESIAN_POINT('Origin',(89.9999983169687,70.0095682151397,-40.5));
#3425=CARTESIAN_POINT('',(89.9999983169687,68.3095682151397,-40.5));
#3426=CARTESIAN_POINT('Origin',(89.9999983169687,20.0095682151406,-39.5000000000003));
#3427=CARTESIAN_POINT('',(89.9999983169687,20.0095682151406,-39.5000000000003));
#3428=CARTESIAN_POINT('Origin',(89.9999983169687,23.0095682151401,-39.5000000000003));
#3429=CARTESIAN_POINT('',(89.9999983169687,23.0095682151401,-42.4999999999997));
#3430=CARTESIAN_POINT('Origin',(89.9999983169687,62.009568215141,-42.4999999999997));
#3431=CARTESIAN_POINT('',(89.9999983169687,62.009568215141,-42.4999999999997));
#3432=CARTESIAN_POINT('Origin',(89.9999983169687,62.009568215141,-39.5000000000002));
#3433=CARTESIAN_POINT('Origin',(89.9999983169687,15.0095682151404,-40.5));
#3434=CARTESIAN_POINT('',(89.9999983169687,13.3095682151404,-40.5));
#3435=CARTESIAN_POINT('Origin',(89.9999983169687,82.5095682151404,-55.2));
#3436=CARTESIAN_POINT('',(129.999998316969,82.5095682151404,-55.2));
#3437=CARTESIAN_POINT('',(129.999998316969,82.5095682151404,-55.2));
#3438=CARTESIAN_POINT('',(89.9999983169687,82.5095682151404,-55.2));
#3439=CARTESIAN_POINT('Origin',(89.9999983169687,75.5095682151404,-55.2));
#3440=CARTESIAN_POINT('',(129.999998316969,75.5095682151404,-62.2));
#3441=CARTESIAN_POINT('Origin',(129.999998316969,75.5095682151404,-55.2));
#3442=CARTESIAN_POINT('',(89.9999983169687,75.5095682151404,-62.2));
#3443=CARTESIAN_POINT('Origin',(89.9999983169687,9.50956821514045,-62.2));
#3444=CARTESIAN_POINT('',(129.999998316969,9.50956821514045,-62.2));
#3445=CARTESIAN_POINT('',(129.999998316969,9.50956821514045,-62.2));
#3446=CARTESIAN_POINT('',(89.9999983169687,9.50956821514045,-62.2));
#3447=CARTESIAN_POINT('Origin',(89.9999983169687,9.50956821514045,-55.2));
#3448=CARTESIAN_POINT('Origin',(129.999998316969,9.50956821514045,-55.2));
#3449=CARTESIAN_POINT('Origin',(129.999998316969,42.5095682151405,-9.19999999999999));
#3450=UNCERTAINTY_MEASURE_WITH_UNIT(LENGTH_MEASURE(0.01),#3454,
'DISTANCE_ACCURACY_VALUE',
'Maximum model space distance between geometric entities at asserted c
onnectivities');
#3451=UNCERTAINTY_MEASURE_WITH_UNIT(LENGTH_MEASURE(0.01),#3454,
'DISTANCE_ACCURACY_VALUE',
'Maximum model space distance between geometric entities at asserted c
onnectivities');
#3452=(
GEOMETRIC_REPRESENTATION_CONTEXT(3)
GLOBAL_UNCERTAINTY_ASSIGNED_CONTEXT((#3450))
GLOBAL_UNIT_ASSIGNED_CONTEXT((#3454,#3456,#3457))
REPRESENTATION_CONTEXT('','3D')
);
#3453=(
GEOMETRIC_REPRESENTATION_CONTEXT(3)
GLOBAL_UNCERTAINTY_ASSIGNED_CONTEXT((#3451))
GLOBAL_UNIT_ASSIGNED_CONTEXT((#3454,#3456,#3457))
REPRESENTATION_CONTEXT('','3D')
);
#3454=(
LENGTH_UNIT()
NAMED_UNIT(*)
SI_UNIT(.MILLI.,.METRE.)
);
#3455=(
LENGTH_UNIT()
NAMED_UNIT(*)
SI_UNIT($,.METRE.)
);
#3456=(
NAMED_UNIT(*)
PLANE_ANGLE_UNIT()
SI_UNIT($,.RADIAN.)
);
#3457=(
NAMED_UNIT(*)
SI_UNIT($,.STERADIAN.)
SOLID_ANGLE_UNIT()
);
#3458=SHAPE_DEFINITION_REPRESENTATION(#3459,#3460);
#3459=PRODUCT_DEFINITION_SHAPE('',$,#3462);
#3460=SHAPE_REPRESENTATION('',(#2066),#3452);
#3461=PRODUCT_DEFINITION_CONTEXT('part definition',#3466,'design');
#3462=PRODUCT_DEFINITION('PCB REAR HOUSING ','PCB REAR HOUSING ',#3463,
#3461);
#3463=PRODUCT_DEFINITION_FORMATION('',$,#3468);
#3464=PRODUCT_RELATED_PRODUCT_CATEGORY('PCB REAR HOUSING ',
'PCB REAR HOUSING ',(#3468));
#3465=APPLICATION_PROTOCOL_DEFINITION('international standard',
'automotive_design',2009,#3466);
#3466=APPLICATION_CONTEXT(
'Core Data for Automotive Mechanical Design Process');
#3467=PRODUCT_CONTEXT('part definition',#3466,'mechanical');
#3468=PRODUCT('PCB REAR HOUSING ','PCB REAR HOUSING ',$,(#3467));
#3469=PRESENTATION_STYLE_ASSIGNMENT((#3470));
#3470=SURFACE_STYLE_USAGE(.BOTH.,#3471);
#3471=SURFACE_SIDE_STYLE('',(#3472));
#3472=SURFACE_STYLE_FILL_AREA(#3473);
#3473=FILL_AREA_STYLE('Steel - Satin',(#3474));
#3474=FILL_AREA_STYLE_COLOUR('Steel - Satin',#3475);
#3475=COLOUR_RGB('Steel - Satin',0.627450980392157,0.627450980392157,0.627450980392157);
ENDSEC;
END-ISO-10303-21;
