ISO-10303-21;
HEADER;
/* Generated by software containing ST-Developer
 * from STEP Tools, Inc. (www.steptools.com) 
 */

FILE_DESCRIPTION(
/* description */ (''),
/* implementation_level */ '2;1');

FILE_NAME(
/* name */ 'REAR BODY INTERFACE.step',
/* time_stamp */ '2026-03-23T18:15:47-05:00',
/* author */ (''),
/* organization */ (''),
/* preprocessor_version */ 'ST-DEVELOPER v20.1',
/* originating_system */ 'Autodesk Translation Framework v14.24.0.0',
/* authorisation */ '');

FILE_SCHEMA (('AUTOMOTIVE_DESIGN { 1 0 10303 214 3 1 1 }'));
ENDSEC;

DATA;
#10=MECHANICAL_DESIGN_GEOMETRIC_PRESENTATION_REPRESENTATION('',(#13),#4375);
#11=SHAPE_REPRESENTATION_RELATIONSHIP('SRR','None',#4382,#12);
#12=ADVANCED_BREP_SHAPE_REPRESENTATION('',(#14),#4374);
#13=STYLED_ITEM('',(#4391),#14);
#14=MANIFOLD_SOLID_BREP('Interface',#2081);
#15=FACE_BOUND('',#248,.T.);
#16=FACE_BOUND('',#271,.T.);
#17=FACE_BOUND('',#293,.T.);
#18=FACE_BOUND('',#294,.T.);
#19=FACE_BOUND('',#295,.T.);
#20=FACE_BOUND('',#296,.T.);
#21=FACE_BOUND('',#297,.T.);
#22=FACE_BOUND('',#327,.T.);
#23=FACE_BOUND('',#336,.T.);
#24=FACE_BOUND('',#337,.T.);
#25=FACE_BOUND('',#343,.T.);
#26=FACE_BOUND('',#344,.T.);
#27=FACE_BOUND('',#345,.T.);
#28=B_SPLINE_SURFACE_WITH_KNOTS('',3,3,((#2664,#2665,#2666,#2667),(#2668,
#2669,#2670,#2671),(#2672,#2673,#2674,#2675),(#2676,#2677,#2678,#2679)),
 .UNSPECIFIED.,.F.,.F.,.F.,(4,4),(4,4),(0.,0.113565116315275),(0.,0.05),
 .UNSPECIFIED.);
#29=B_SPLINE_SURFACE_WITH_KNOTS('',3,3,((#2702,#2703,#2704,#2705),(#2706,
#2707,#2708,#2709),(#2710,#2711,#2712,#2713),(#2714,#2715,#2716,#2717)),
 .UNSPECIFIED.,.F.,.F.,.F.,(4,4),(4,4),(0.,0.113565116315275),(0.,0.05),
 .UNSPECIFIED.);
#30=B_SPLINE_SURFACE_WITH_KNOTS('',3,3,((#2855,#2856,#2857,#2858),(#2859,
#2860,#2861,#2862),(#2863,#2864,#2865,#2866),(#2867,#2868,#2869,#2870),
(#2871,#2872,#2873,#2874)),.UNSPECIFIED.,.F.,.F.,.F.,(4,1,4),(4,4),(0.,
0.050682467141269,0.101517619787859),(0.,0.05),.UNSPECIFIED.);
#31=B_SPLINE_SURFACE_WITH_KNOTS('',3,3,((#2884,#2885,#2886,#2887),(#2888,
#2889,#2890,#2891),(#2892,#2893,#2894,#2895),(#2896,#2897,#2898,#2899),
(#2900,#2901,#2902,#2903)),.UNSPECIFIED.,.F.,.F.,.F.,(4,1,4),(4,4),(0.,
0.0539124665432571,0.105610833022301),(0.,0.05),.UNSPECIFIED.);
#32=B_SPLINE_SURFACE_WITH_KNOTS('',3,3,((#2911,#2912,#2913,#2914),(#2915,
#2916,#2917,#2918),(#2919,#2920,#2921,#2922),(#2923,#2924,#2925,#2926),
(#2927,#2928,#2929,#2930)),.UNSPECIFIED.,.F.,.F.,.F.,(4,1,4),(4,4),(0.,
0.0503254814572842,0.101043706513317),(0.,0.05),.UNSPECIFIED.);
#33=B_SPLINE_SURFACE_WITH_KNOTS('',3,3,((#2938,#2939,#2940,#2941),(#2942,
#2943,#2944,#2945),(#2946,#2947,#2948,#2949),(#2950,#2951,#2952,#2953),
(#2954,#2955,#2956,#2957)),.UNSPECIFIED.,.F.,.F.,.F.,(4,1,4),(4,4),(0.,
0.0515793489479355,0.10182045352315),(0.,0.05),.UNSPECIFIED.);
#34=B_SPLINE_SURFACE_WITH_KNOTS('',3,3,((#2965,#2966,#2967,#2968),(#2969,
#2970,#2971,#2972),(#2973,#2974,#2975,#2976),(#2977,#2978,#2979,#2980),
(#2981,#2982,#2983,#2984)),.UNSPECIFIED.,.F.,.F.,.F.,(4,1,4),(4,4),(0.,
0.0579658952743652,0.112403817743208),(0.,0.05),.UNSPECIFIED.);
#35=B_SPLINE_SURFACE_WITH_KNOTS('',3,3,((#2992,#2993,#2994,#2995),(#2996,
#2997,#2998,#2999),(#3000,#3001,#3002,#3003),(#3004,#3005,#3006,#3007),
(#3008,#3009,#3010,#3011)),.UNSPECIFIED.,.F.,.F.,.F.,(4,1,4),(4,4),(0.,
0.0534560764374124,0.110609805953526),(0.,0.05),.UNSPECIFIED.);
#36=B_SPLINE_SURFACE_WITH_KNOTS('',3,3,((#3019,#3020,#3021,#3022),(#3023,
#3024,#3025,#3026),(#3027,#3028,#3029,#3030),(#3031,#3032,#3033,#3034),
(#3035,#3036,#3037,#3038)),.UNSPECIFIED.,.F.,.F.,.F.,(4,1,4),(4,4),(0.,
0.0503950385464567,0.10131713452868),(0.,0.05),.UNSPECIFIED.);
#37=B_SPLINE_SURFACE_WITH_KNOTS('',3,3,((#3046,#3047,#3048,#3049),(#3050,
#3051,#3052,#3053),(#3054,#3055,#3056,#3057),(#3058,#3059,#3060,#3061),
(#3062,#3063,#3064,#3065)),.UNSPECIFIED.,.F.,.F.,.F.,(4,1,4),(4,4),(0.,
0.0530745182361411,0.104281434053856),(0.,0.05),.UNSPECIFIED.);
#38=B_SPLINE_SURFACE_WITH_KNOTS('',3,3,((#3073,#3074,#3075,#3076),(#3077,
#3078,#3079,#3080),(#3081,#3082,#3083,#3084),(#3085,#3086,#3087,#3088),
(#3089,#3090,#3091,#3092)),.UNSPECIFIED.,.F.,.F.,.F.,(4,1,4),(4,4),(0.,
0.0744170450262678,0.152505491140913),(0.,0.05),.UNSPECIFIED.);
#39=B_SPLINE_SURFACE_WITH_KNOTS('',3,3,((#3100,#3101,#3102,#3103),(#3104,
#3105,#3106,#3107),(#3108,#3109,#3110,#3111),(#3112,#3113,#3114,#3115),
(#3116,#3117,#3118,#3119)),.UNSPECIFIED.,.F.,.F.,.F.,(4,1,4),(4,4),(0.,
0.0897800446267264,0.168001840329281),(0.,0.05),.UNSPECIFIED.);
#40=B_SPLINE_SURFACE_WITH_KNOTS('',3,3,((#3127,#3128,#3129,#3130),(#3131,
#3132,#3133,#3134),(#3135,#3136,#3137,#3138),(#3139,#3140,#3141,#3142),
(#3143,#3144,#3145,#3146)),.UNSPECIFIED.,.F.,.F.,.F.,(4,1,4),(4,4),(0.,
0.0515197468280206,0.10313483064108),(0.,0.05),.UNSPECIFIED.);
#41=B_SPLINE_SURFACE_WITH_KNOTS('',3,3,((#3152,#3153,#3154,#3155),(#3156,
#3157,#3158,#3159),(#3160,#3161,#3162,#3163),(#3164,#3165,#3166,#3167),
(#3168,#3169,#3170,#3171)),.UNSPECIFIED.,.F.,.F.,.F.,(4,1,4),(4,4),(0.,
0.0531681754272772,0.106210143244224),(0.,0.05),.UNSPECIFIED.);
#42=B_SPLINE_SURFACE_WITH_KNOTS('',3,3,((#3181,#3182,#3183,#3184),(#3185,
#3186,#3187,#3188),(#3189,#3190,#3191,#3192),(#3193,#3194,#3195,#3196),
(#3197,#3198,#3199,#3200)),.UNSPECIFIED.,.F.,.F.,.F.,(4,1,4),(4,4),(0.,
0.036932491952845,0.074884701928366),(0.,0.05),.UNSPECIFIED.);
#43=B_SPLINE_SURFACE_WITH_KNOTS('',3,3,((#3208,#3209,#3210,#3211),(#3212,
#3213,#3214,#3215),(#3216,#3217,#3218,#3219),(#3220,#3221,#3222,#3223),
(#3224,#3225,#3226,#3227)),.UNSPECIFIED.,.F.,.F.,.F.,(4,1,4),(4,4),(0.,
0.0381919533391709,0.0751415511185006),(0.,0.05),.UNSPECIFIED.);
#44=B_SPLINE_SURFACE_WITH_KNOTS('',3,3,((#3235,#3236,#3237,#3238),(#3239,
#3240,#3241,#3242),(#3243,#3244,#3245,#3246),(#3247,#3248,#3249,#3250),
(#3251,#3252,#3253,#3254)),.UNSPECIFIED.,.F.,.F.,.F.,(4,1,4),(4,4),(0.,
0.0459225013090391,0.0873452097526817),(0.,0.05),.UNSPECIFIED.);
#45=B_SPLINE_SURFACE_WITH_KNOTS('',3,3,((#3262,#3263,#3264,#3265),(#3266,
#3267,#3268,#3269),(#3270,#3271,#3272,#3273),(#3274,#3275,#3276,#3277),
(#3278,#3279,#3280,#3281)),.UNSPECIFIED.,.F.,.F.,.F.,(4,1,4),(4,4),(0.,
0.0584890806047521,0.127584033811712),(0.,0.05),.UNSPECIFIED.);
#46=B_SPLINE_SURFACE_WITH_KNOTS('',3,3,((#3289,#3290,#3291,#3292),(#3293,
#3294,#3295,#3296),(#3297,#3298,#3299,#3300),(#3301,#3302,#3303,#3304),
(#3305,#3306,#3307,#3308)),.UNSPECIFIED.,.F.,.F.,.F.,(4,1,4),(4,4),(0.,
0.0554714196988962,0.109507914618084),(0.,0.05),.UNSPECIFIED.);
#47=B_SPLINE_SURFACE_WITH_KNOTS('',3,3,((#3316,#3317,#3318,#3319),(#3320,
#3321,#3322,#3323),(#3324,#3325,#3326,#3327),(#3328,#3329,#3330,#3331),
(#3332,#3333,#3334,#3335)),.UNSPECIFIED.,.F.,.F.,.F.,(4,1,4),(4,4),(0.,
0.0538025072719577,0.108518069494699),(0.,0.05),.UNSPECIFIED.);
#48=B_SPLINE_SURFACE_WITH_KNOTS('',3,3,((#3343,#3344,#3345,#3346),(#3347,
#3348,#3349,#3350),(#3351,#3352,#3353,#3354),(#3355,#3356,#3357,#3358),
(#3359,#3360,#3361,#3362)),.UNSPECIFIED.,.F.,.F.,.F.,(4,1,4),(4,4),(0.,
0.065358501620706,0.122623262140709),(0.,0.05),.UNSPECIFIED.);
#49=B_SPLINE_SURFACE_WITH_KNOTS('',3,3,((#3370,#3371,#3372,#3373),(#3374,
#3375,#3376,#3377),(#3378,#3379,#3380,#3381),(#3382,#3383,#3384,#3385),
(#3386,#3387,#3388,#3389)),.UNSPECIFIED.,.F.,.F.,.F.,(4,1,4),(4,4),(0.,
0.059827634799405,0.137875207082432),(0.,0.05),.UNSPECIFIED.);
#50=B_SPLINE_SURFACE_WITH_KNOTS('',3,3,((#3517,#3518,#3519,#3520),(#3521,
#3522,#3523,#3524),(#3525,#3526,#3527,#3528),(#3529,#3530,#3531,#3532),
(#3533,#3534,#3535,#3536)),.UNSPECIFIED.,.F.,.F.,.F.,(4,1,4),(4,4),(0.,
0.0531685710734249,0.106210463981553),(0.,0.05),.UNSPECIFIED.);
#51=B_SPLINE_SURFACE_WITH_KNOTS('',3,3,((#3546,#3547,#3548,#3549),(#3550,
#3551,#3552,#3553),(#3554,#3555,#3556,#3557),(#3558,#3559,#3560,#3561),
(#3562,#3563,#3564,#3565)),.UNSPECIFIED.,.F.,.F.,.F.,(4,1,4),(4,4),(0.,
0.0369327097041394,0.0748847276623235),(0.,0.05),.UNSPECIFIED.);
#52=B_SPLINE_SURFACE_WITH_KNOTS('',3,3,((#3573,#3574,#3575,#3576),(#3577,
#3578,#3579,#3580),(#3581,#3582,#3583,#3584),(#3585,#3586,#3587,#3588),
(#3589,#3590,#3591,#3592)),.UNSPECIFIED.,.F.,.F.,.F.,(4,1,4),(4,4),(0.,
0.0381918740283355,0.0751413364621195),(0.,0.05),.UNSPECIFIED.);
#53=B_SPLINE_SURFACE_WITH_KNOTS('',3,3,((#3600,#3601,#3602,#3603),(#3604,
#3605,#3606,#3607),(#3608,#3609,#3610,#3611),(#3612,#3613,#3614,#3615),
(#3616,#3617,#3618,#3619)),.UNSPECIFIED.,.F.,.F.,.F.,(4,1,4),(4,4),(0.,
0.0459225093436078,0.0873452979535317),(0.,0.05),.UNSPECIFIED.);
#54=B_SPLINE_SURFACE_WITH_KNOTS('',3,3,((#3627,#3628,#3629,#3630),(#3631,
#3632,#3633,#3634),(#3635,#3636,#3637,#3638),(#3639,#3640,#3641,#3642),
(#3643,#3644,#3645,#3646)),.UNSPECIFIED.,.F.,.F.,.F.,(4,1,4),(4,4),(0.,
0.0584892724091115,0.127584225616072),(0.,0.05),.UNSPECIFIED.);
#55=B_SPLINE_SURFACE_WITH_KNOTS('',3,3,((#3654,#3655,#3656,#3657),(#3658,
#3659,#3660,#3661),(#3662,#3663,#3664,#3665),(#3666,#3667,#3668,#3669),
(#3670,#3671,#3672,#3673)),.UNSPECIFIED.,.F.,.F.,.F.,(4,1,4),(4,4),(0.,
0.0554716976979611,0.109507950525444),(0.,0.05),.UNSPECIFIED.);
#56=B_SPLINE_SURFACE_WITH_KNOTS('',3,3,((#3681,#3682,#3683,#3684),(#3685,
#3686,#3687,#3688),(#3689,#3690,#3691,#3692),(#3693,#3694,#3695,#3696),
(#3697,#3698,#3699,#3700)),.UNSPECIFIED.,.F.,.F.,.F.,(4,1,4),(4,4),(0.,
0.0538022402284403,0.1085177878218),(0.,0.05),.UNSPECIFIED.);
#57=B_SPLINE_SURFACE_WITH_KNOTS('',3,3,((#3708,#3709,#3710,#3711),(#3712,
#3713,#3714,#3715),(#3716,#3717,#3718,#3719),(#3720,#3721,#3722,#3723),
(#3724,#3725,#3726,#3727)),.UNSPECIFIED.,.F.,.F.,.F.,(4,1,4),(4,4),(0.,
0.065358501620706,0.122623269728839),(0.,0.05),.UNSPECIFIED.);
#58=B_SPLINE_SURFACE_WITH_KNOTS('',3,3,((#3735,#3736,#3737,#3738),(#3739,
#3740,#3741,#3742),(#3743,#3744,#3745,#3746),(#3747,#3748,#3749,#3750),
(#3751,#3752,#3753,#3754)),.UNSPECIFIED.,.F.,.F.,.F.,(4,1,4),(4,4),(0.,
0.0598273850235608,0.137874976646291),(0.,0.05),.UNSPECIFIED.);
#59=B_SPLINE_SURFACE_WITH_KNOTS('',3,3,((#3760,#3761,#3762,#3763),(#3764,
#3765,#3766,#3767),(#3768,#3769,#3770,#3771),(#3772,#3773,#3774,#3775),
(#3776,#3777,#3778,#3779)),.UNSPECIFIED.,.F.,.F.,.F.,(4,1,4),(4,4),(0.,
0.0506825303453276,0.10151764150217),(0.,0.05),.UNSPECIFIED.);
#60=B_SPLINE_SURFACE_WITH_KNOTS('',3,3,((#3789,#3790,#3791,#3792),(#3793,
#3794,#3795,#3796),(#3797,#3798,#3799,#3800),(#3801,#3802,#3803,#3804),
(#3805,#3806,#3807,#3808)),.UNSPECIFIED.,.F.,.F.,.F.,(4,1,4),(4,4),(0.,
0.0539121413523234,0.105610781513174),(0.,0.05),.UNSPECIFIED.);
#61=B_SPLINE_SURFACE_WITH_KNOTS('',3,3,((#3816,#3817,#3818,#3819),(#3820,
#3821,#3822,#3823),(#3824,#3825,#3826,#3827),(#3828,#3829,#3830,#3831),
(#3832,#3833,#3834,#3835)),.UNSPECIFIED.,.F.,.F.,.F.,(4,1,4),(4,4),(0.,
0.0503255368792334,0.10104370277379),(0.,0.05),.UNSPECIFIED.);
#62=B_SPLINE_SURFACE_WITH_KNOTS('',3,3,((#3843,#3844,#3845,#3846),(#3847,
#3848,#3849,#3850),(#3851,#3852,#3853,#3854),(#3855,#3856,#3857,#3858),
(#3859,#3860,#3861,#3862)),.UNSPECIFIED.,.F.,.F.,.F.,(4,1,4),(4,4),(0.,
0.0515793318032295,0.101820365365927),(0.,0.05),.UNSPECIFIED.);
#63=B_SPLINE_SURFACE_WITH_KNOTS('',3,3,((#3870,#3871,#3872,#3873),(#3874,
#3875,#3876,#3877),(#3878,#3879,#3880,#3881),(#3882,#3883,#3884,#3885),
(#3886,#3887,#3888,#3889)),.UNSPECIFIED.,.F.,.F.,.F.,(4,1,4),(4,4),(0.,
0.0579658826488035,0.112403835365746),(0.,0.05),.UNSPECIFIED.);
#64=B_SPLINE_SURFACE_WITH_KNOTS('',3,3,((#3897,#3898,#3899,#3900),(#3901,
#3902,#3903,#3904),(#3905,#3906,#3907,#3908),(#3909,#3910,#3911,#3912),
(#3913,#3914,#3915,#3916)),.UNSPECIFIED.,.F.,.F.,.F.,(4,1,4),(4,4),(0.,
0.0534560764374124,0.110609805953526),(0.,0.05),.UNSPECIFIED.);
#65=B_SPLINE_SURFACE_WITH_KNOTS('',3,3,((#3924,#3925,#3926,#3927),(#3928,
#3929,#3930,#3931),(#3932,#3933,#3934,#3935),(#3936,#3937,#3938,#3939),
(#3940,#3941,#3942,#3943)),.UNSPECIFIED.,.F.,.F.,.F.,(4,1,4),(4,4),(0.,
0.0503949690214961,0.101316947772914),(0.,0.05),.UNSPECIFIED.);
#66=B_SPLINE_SURFACE_WITH_KNOTS('',3,3,((#3951,#3952,#3953,#3954),(#3955,
#3956,#3957,#3958),(#3959,#3960,#3961,#3962),(#3963,#3964,#3965,#3966),
(#3967,#3968,#3969,#3970)),.UNSPECIFIED.,.F.,.F.,.F.,(4,1,4),(4,4),(0.,
0.0530743556021131,0.104281463724513),(0.,0.05),.UNSPECIFIED.);
#67=B_SPLINE_SURFACE_WITH_KNOTS('',3,3,((#3978,#3979,#3980,#3981),(#3982,
#3983,#3984,#3985),(#3986,#3987,#3988,#3989),(#3990,#3991,#3992,#3993),
(#3994,#3995,#3996,#3997)),.UNSPECIFIED.,.F.,.F.,.F.,(4,1,4),(4,4),(0.,
0.0744171554167789,0.152505748098684),(0.,0.05),.UNSPECIFIED.);
#68=B_SPLINE_SURFACE_WITH_KNOTS('',3,3,((#4005,#4006,#4007,#4008),(#4009,
#4010,#4011,#4012),(#4013,#4014,#4015,#4016),(#4017,#4018,#4019,#4020),
(#4021,#4022,#4023,#4024)),.UNSPECIFIED.,.F.,.F.,.F.,(4,1,4),(4,4),(0.,
0.0897800673716095,0.16800160710724),(0.,0.05),.UNSPECIFIED.);
#69=B_SPLINE_SURFACE_WITH_KNOTS('',3,3,((#4032,#4033,#4034,#4035),(#4036,
#4037,#4038,#4039),(#4040,#4041,#4042,#4043),(#4044,#4045,#4046,#4047),
(#4048,#4049,#4050,#4051)),.UNSPECIFIED.,.F.,.F.,.F.,(4,1,4),(4,4),(0.,
0.0515197903310221,0.103134843540586),(0.,0.05),.UNSPECIFIED.);
#70=PLANE('',#2100);
#71=PLANE('',#2101);
#72=PLANE('',#2103);
#73=PLANE('',#2104);
#74=PLANE('',#2106);
#75=PLANE('',#2107);
#76=PLANE('',#2109);
#77=PLANE('',#2110);
#78=PLANE('',#2134);
#79=PLANE('',#2135);
#80=PLANE('',#2136);
#81=PLANE('',#2137);
#82=PLANE('',#2138);
#83=PLANE('',#2139);
#84=PLANE('',#2140);
#85=PLANE('',#2141);
#86=PLANE('',#2142);
#87=PLANE('',#2143);
#88=PLANE('',#2150);
#89=PLANE('',#2151);
#90=PLANE('',#2152);
#91=PLANE('',#2153);
#92=PLANE('',#2154);
#93=PLANE('',#2155);
#94=PLANE('',#2156);
#95=PLANE('',#2157);
#96=PLANE('',#2158);
#97=PLANE('',#2159);
#98=PLANE('',#2160);
#99=PLANE('',#2161);
#100=PLANE('',#2162);
#101=PLANE('',#2163);
#102=PLANE('',#2164);
#103=PLANE('',#2168);
#104=PLANE('',#2170);
#105=PLANE('',#2180);
#106=PLANE('',#2184);
#107=PLANE('',#2185);
#108=PLANE('',#2189);
#109=PLANE('',#2192);
#110=PLANE('',#2195);
#111=PLANE('',#2196);
#112=PLANE('',#2197);
#113=PLANE('',#2200);
#114=PLANE('',#2205);
#115=PLANE('',#2208);
#116=PLANE('',#2209);
#117=PLANE('',#2210);
#118=PLANE('',#2211);
#119=PLANE('',#2212);
#120=PLANE('',#2213);
#121=PLANE('',#2214);
#122=PLANE('',#2215);
#123=FACE_OUTER_BOUND('',#236,.T.);
#124=FACE_OUTER_BOUND('',#237,.T.);
#125=FACE_OUTER_BOUND('',#238,.T.);
#126=FACE_OUTER_BOUND('',#239,.T.);
#127=FACE_OUTER_BOUND('',#240,.T.);
#128=FACE_OUTER_BOUND('',#241,.T.);
#129=FACE_OUTER_BOUND('',#242,.T.);
#130=FACE_OUTER_BOUND('',#243,.T.);
#131=FACE_OUTER_BOUND('',#244,.T.);
#132=FACE_OUTER_BOUND('',#245,.T.);
#133=FACE_OUTER_BOUND('',#246,.T.);
#134=FACE_OUTER_BOUND('',#247,.T.);
#135=FACE_OUTER_BOUND('',#249,.T.);
#136=FACE_OUTER_BOUND('',#250,.T.);
#137=FACE_OUTER_BOUND('',#251,.T.);
#138=FACE_OUTER_BOUND('',#252,.T.);
#139=FACE_OUTER_BOUND('',#253,.T.);
#140=FACE_OUTER_BOUND('',#254,.T.);
#141=FACE_OUTER_BOUND('',#255,.T.);
#142=FACE_OUTER_BOUND('',#256,.T.);
#143=FACE_OUTER_BOUND('',#257,.T.);
#144=FACE_OUTER_BOUND('',#258,.T.);
#145=FACE_OUTER_BOUND('',#259,.T.);
#146=FACE_OUTER_BOUND('',#260,.T.);
#147=FACE_OUTER_BOUND('',#261,.T.);
#148=FACE_OUTER_BOUND('',#262,.T.);
#149=FACE_OUTER_BOUND('',#263,.T.);
#150=FACE_OUTER_BOUND('',#264,.T.);
#151=FACE_OUTER_BOUND('',#265,.T.);
#152=FACE_OUTER_BOUND('',#266,.T.);
#153=FACE_OUTER_BOUND('',#267,.T.);
#154=FACE_OUTER_BOUND('',#268,.T.);
#155=FACE_OUTER_BOUND('',#269,.T.);
#156=FACE_OUTER_BOUND('',#270,.T.);
#157=FACE_OUTER_BOUND('',#272,.T.);
#158=FACE_OUTER_BOUND('',#273,.T.);
#159=FACE_OUTER_BOUND('',#274,.T.);
#160=FACE_OUTER_BOUND('',#275,.T.);
#161=FACE_OUTER_BOUND('',#276,.T.);
#162=FACE_OUTER_BOUND('',#277,.T.);
#163=FACE_OUTER_BOUND('',#278,.T.);
#164=FACE_OUTER_BOUND('',#279,.T.);
#165=FACE_OUTER_BOUND('',#280,.T.);
#166=FACE_OUTER_BOUND('',#281,.T.);
#167=FACE_OUTER_BOUND('',#282,.T.);
#168=FACE_OUTER_BOUND('',#283,.T.);
#169=FACE_OUTER_BOUND('',#284,.T.);
#170=FACE_OUTER_BOUND('',#285,.T.);
#171=FACE_OUTER_BOUND('',#286,.T.);
#172=FACE_OUTER_BOUND('',#287,.T.);
#173=FACE_OUTER_BOUND('',#288,.T.);
#174=FACE_OUTER_BOUND('',#289,.T.);
#175=FACE_OUTER_BOUND('',#290,.T.);
#176=FACE_OUTER_BOUND('',#291,.T.);
#177=FACE_OUTER_BOUND('',#292,.T.);
#178=FACE_OUTER_BOUND('',#298,.T.);
#179=FACE_OUTER_BOUND('',#299,.T.);
#180=FACE_OUTER_BOUND('',#300,.T.);
#181=FACE_OUTER_BOUND('',#301,.T.);
#182=FACE_OUTER_BOUND('',#302,.T.);
#183=FACE_OUTER_BOUND('',#303,.T.);
#184=FACE_OUTER_BOUND('',#304,.T.);
#185=FACE_OUTER_BOUND('',#305,.T.);
#186=FACE_OUTER_BOUND('',#306,.T.);
#187=FACE_OUTER_BOUND('',#307,.T.);
#188=FACE_OUTER_BOUND('',#308,.T.);
#189=FACE_OUTER_BOUND('',#309,.T.);
#190=FACE_OUTER_BOUND('',#310,.T.);
#191=FACE_OUTER_BOUND('',#311,.T.);
#192=FACE_OUTER_BOUND('',#312,.T.);
#193=FACE_OUTER_BOUND('',#313,.T.);
#194=FACE_OUTER_BOUND('',#314,.T.);
#195=FACE_OUTER_BOUND('',#315,.T.);
#196=FACE_OUTER_BOUND('',#316,.T.);
#197=FACE_OUTER_BOUND('',#317,.T.);
#198=FACE_OUTER_BOUND('',#318,.T.);
#199=FACE_OUTER_BOUND('',#319,.T.);
#200=FACE_OUTER_BOUND('',#320,.T.);
#201=FACE_OUTER_BOUND('',#321,.T.);
#202=FACE_OUTER_BOUND('',#322,.T.);
#203=FACE_OUTER_BOUND('',#323,.T.);
#204=FACE_OUTER_BOUND('',#324,.T.);
#205=FACE_OUTER_BOUND('',#325,.T.);
#206=FACE_OUTER_BOUND('',#326,.T.);
#207=FACE_OUTER_BOUND('',#328,.T.);
#208=FACE_OUTER_BOUND('',#329,.T.);
#209=FACE_OUTER_BOUND('',#330,.T.);
#210=FACE_OUTER_BOUND('',#331,.T.);
#211=FACE_OUTER_BOUND('',#332,.T.);
#212=FACE_OUTER_BOUND('',#333,.T.);
#213=FACE_OUTER_BOUND('',#334,.T.);
#214=FACE_OUTER_BOUND('',#335,.T.);
#215=FACE_OUTER_BOUND('',#338,.T.);
#216=FACE_OUTER_BOUND('',#339,.T.);
#217=FACE_OUTER_BOUND('',#340,.T.);
#218=FACE_OUTER_BOUND('',#341,.T.);
#219=FACE_OUTER_BOUND('',#342,.T.);
#220=FACE_OUTER_BOUND('',#346,.T.);
#221=FACE_OUTER_BOUND('',#347,.T.);
#222=FACE_OUTER_BOUND('',#348,.T.);
#223=FACE_OUTER_BOUND('',#349,.T.);
#224=FACE_OUTER_BOUND('',#350,.T.);
#225=FACE_OUTER_BOUND('',#351,.T.);
#226=FACE_OUTER_BOUND('',#352,.T.);
#227=FACE_OUTER_BOUND('',#353,.T.);
#228=FACE_OUTER_BOUND('',#354,.T.);
#229=FACE_OUTER_BOUND('',#355,.T.);
#230=FACE_OUTER_BOUND('',#356,.T.);
#231=FACE_OUTER_BOUND('',#357,.T.);
#232=FACE_OUTER_BOUND('',#358,.T.);
#233=FACE_OUTER_BOUND('',#359,.T.);
#234=FACE_OUTER_BOUND('',#360,.T.);
#235=FACE_OUTER_BOUND('',#361,.T.);
#236=EDGE_LOOP('',(#1342,#1343,#1344,#1345,#1346,#1347,#1348,#1349,#1350,
#1351));
#237=EDGE_LOOP('',(#1352,#1353,#1354,#1355));
#238=EDGE_LOOP('',(#1356,#1357,#1358,#1359));
#239=EDGE_LOOP('',(#1360,#1361,#1362,#1363));
#240=EDGE_LOOP('',(#1364,#1365,#1366,#1367));
#241=EDGE_LOOP('',(#1368,#1369,#1370,#1371));
#242=EDGE_LOOP('',(#1372,#1373,#1374,#1375));
#243=EDGE_LOOP('',(#1376,#1377,#1378,#1379));
#244=EDGE_LOOP('',(#1380,#1381,#1382,#1383));
#245=EDGE_LOOP('',(#1384,#1385,#1386,#1387));
#246=EDGE_LOOP('',(#1388,#1389,#1390,#1391));
#247=EDGE_LOOP('',(#1392,#1393,#1394,#1395,#1396,#1397,#1398,#1399,#1400,
#1401,#1402));
#248=EDGE_LOOP('',(#1403,#1404,#1405,#1406,#1407,#1408,#1409,#1410,#1411));
#249=EDGE_LOOP('',(#1412,#1413,#1414,#1415));
#250=EDGE_LOOP('',(#1416,#1417,#1418,#1419));
#251=EDGE_LOOP('',(#1420,#1421,#1422,#1423));
#252=EDGE_LOOP('',(#1424,#1425,#1426,#1427));
#253=EDGE_LOOP('',(#1428,#1429,#1430,#1431));
#254=EDGE_LOOP('',(#1432,#1433,#1434,#1435));
#255=EDGE_LOOP('',(#1436,#1437,#1438,#1439));
#256=EDGE_LOOP('',(#1440,#1441,#1442,#1443));
#257=EDGE_LOOP('',(#1444,#1445,#1446,#1447));
#258=EDGE_LOOP('',(#1448,#1449,#1450,#1451));
#259=EDGE_LOOP('',(#1452,#1453,#1454,#1455));
#260=EDGE_LOOP('',(#1456,#1457,#1458,#1459));
#261=EDGE_LOOP('',(#1460,#1461,#1462,#1463));
#262=EDGE_LOOP('',(#1464,#1465,#1466,#1467));
#263=EDGE_LOOP('',(#1468,#1469,#1470,#1471));
#264=EDGE_LOOP('',(#1472,#1473,#1474,#1475));
#265=EDGE_LOOP('',(#1476,#1477,#1478,#1479));
#266=EDGE_LOOP('',(#1480,#1481,#1482,#1483));
#267=EDGE_LOOP('',(#1484,#1485,#1486,#1487));
#268=EDGE_LOOP('',(#1488,#1489,#1490,#1491));
#269=EDGE_LOOP('',(#1492,#1493,#1494,#1495,#1496,#1497,#1498,#1499,#1500));
#270=EDGE_LOOP('',(#1501,#1502,#1503,#1504,#1505,#1506,#1507,#1508,#1509,
#1510,#1511));
#271=EDGE_LOOP('',(#1512,#1513,#1514,#1515,#1516,#1517,#1518,#1519,#1520));
#272=EDGE_LOOP('',(#1521,#1522,#1523,#1524));
#273=EDGE_LOOP('',(#1525,#1526,#1527,#1528));
#274=EDGE_LOOP('',(#1529,#1530,#1531,#1532));
#275=EDGE_LOOP('',(#1533,#1534,#1535,#1536));
#276=EDGE_LOOP('',(#1537,#1538,#1539,#1540));
#277=EDGE_LOOP('',(#1541,#1542,#1543,#1544));
#278=EDGE_LOOP('',(#1545,#1546,#1547,#1548));
#279=EDGE_LOOP('',(#1549,#1550,#1551,#1552));
#280=EDGE_LOOP('',(#1553,#1554,#1555,#1556));
#281=EDGE_LOOP('',(#1557,#1558,#1559,#1560));
#282=EDGE_LOOP('',(#1561,#1562,#1563,#1564));
#283=EDGE_LOOP('',(#1565,#1566,#1567,#1568));
#284=EDGE_LOOP('',(#1569,#1570,#1571,#1572));
#285=EDGE_LOOP('',(#1573,#1574,#1575,#1576));
#286=EDGE_LOOP('',(#1577,#1578,#1579,#1580));
#287=EDGE_LOOP('',(#1581,#1582,#1583,#1584));
#288=EDGE_LOOP('',(#1585,#1586,#1587,#1588));
#289=EDGE_LOOP('',(#1589,#1590,#1591,#1592));
#290=EDGE_LOOP('',(#1593,#1594,#1595,#1596));
#291=EDGE_LOOP('',(#1597,#1598,#1599,#1600));
#292=EDGE_LOOP('',(#1601,#1602,#1603,#1604));
#293=EDGE_LOOP('',(#1605,#1606,#1607,#1608,#1609,#1610,#1611,#1612,#1613,
#1614));
#294=EDGE_LOOP('',(#1615,#1616,#1617,#1618,#1619,#1620,#1621,#1622,#1623,
#1624,#1625));
#295=EDGE_LOOP('',(#1626,#1627,#1628,#1629,#1630,#1631,#1632,#1633,#1634,
#1635));
#296=EDGE_LOOP('',(#1636,#1637,#1638,#1639,#1640,#1641,#1642,#1643,#1644,
#1645));
#297=EDGE_LOOP('',(#1646,#1647,#1648,#1649,#1650,#1651,#1652,#1653,#1654,
#1655,#1656));
#298=EDGE_LOOP('',(#1657,#1658,#1659,#1660,#1661,#1662,#1663,#1664,#1665,
#1666));
#299=EDGE_LOOP('',(#1667,#1668,#1669,#1670));
#300=EDGE_LOOP('',(#1671,#1672,#1673,#1674));
#301=EDGE_LOOP('',(#1675,#1676,#1677,#1678));
#302=EDGE_LOOP('',(#1679,#1680,#1681,#1682));
#303=EDGE_LOOP('',(#1683,#1684,#1685,#1686));
#304=EDGE_LOOP('',(#1687,#1688,#1689,#1690));
#305=EDGE_LOOP('',(#1691,#1692,#1693,#1694));
#306=EDGE_LOOP('',(#1695,#1696,#1697,#1698));
#307=EDGE_LOOP('',(#1699,#1700,#1701,#1702));
#308=EDGE_LOOP('',(#1703,#1704,#1705,#1706));
#309=EDGE_LOOP('',(#1707,#1708,#1709,#1710,#1711,#1712,#1713,#1714,#1715,
#1716));
#310=EDGE_LOOP('',(#1717,#1718,#1719,#1720));
#311=EDGE_LOOP('',(#1721,#1722,#1723,#1724));
#312=EDGE_LOOP('',(#1725,#1726,#1727,#1728));
#313=EDGE_LOOP('',(#1729,#1730,#1731,#1732));
#314=EDGE_LOOP('',(#1733,#1734,#1735,#1736));
#315=EDGE_LOOP('',(#1737,#1738,#1739,#1740));
#316=EDGE_LOOP('',(#1741,#1742,#1743,#1744));
#317=EDGE_LOOP('',(#1745,#1746,#1747,#1748));
#318=EDGE_LOOP('',(#1749,#1750,#1751,#1752));
#319=EDGE_LOOP('',(#1753,#1754,#1755,#1756));
#320=EDGE_LOOP('',(#1757,#1758,#1759,#1760));
#321=EDGE_LOOP('',(#1761,#1762,#1763,#1764));
#322=EDGE_LOOP('',(#1765,#1766,#1767,#1768));
#323=EDGE_LOOP('',(#1769,#1770,#1771,#1772));
#324=EDGE_LOOP('',(#1773,#1774,#1775,#1776));
#325=EDGE_LOOP('',(#1777,#1778,#1779,#1780));
#326=EDGE_LOOP('',(#1781));
#327=EDGE_LOOP('',(#1782));
#328=EDGE_LOOP('',(#1783,#1784,#1785,#1786));
#329=EDGE_LOOP('',(#1787,#1788,#1789,#1790));
#330=EDGE_LOOP('',(#1791,#1792,#1793,#1794));
#331=EDGE_LOOP('',(#1795,#1796,#1797,#1798));
#332=EDGE_LOOP('',(#1799,#1800,#1801,#1802));
#333=EDGE_LOOP('',(#1803,#1804,#1805,#1806));
#334=EDGE_LOOP('',(#1807,#1808,#1809,#1810));
#335=EDGE_LOOP('',(#1811,#1812,#1813,#1814,#1815,#1816));
#336=EDGE_LOOP('',(#1817,#1818));
#337=EDGE_LOOP('',(#1819));
#338=EDGE_LOOP('',(#1820,#1821,#1822,#1823,#1824,#1825,#1826,#1827,#1828));
#339=EDGE_LOOP('',(#1829,#1830,#1831,#1832));
#340=EDGE_LOOP('',(#1833,#1834,#1835,#1836,#1837,#1838,#1839,#1840,#1841,
#1842,#1843));
#341=EDGE_LOOP('',(#1844,#1845,#1846,#1847,#1848,#1849,#1850,#1851,#1852,
#1853,#1854));
#342=EDGE_LOOP('',(#1855,#1856,#1857,#1858,#1859,#1860));
#343=EDGE_LOOP('',(#1861,#1862,#1863,#1864));
#344=EDGE_LOOP('',(#1865));
#345=EDGE_LOOP('',(#1866,#1867));
#346=EDGE_LOOP('',(#1868,#1869,#1870,#1871));
#347=EDGE_LOOP('',(#1872,#1873,#1874,#1875));
#348=EDGE_LOOP('',(#1876,#1877,#1878,#1879));
#349=EDGE_LOOP('',(#1880,#1881,#1882,#1883));
#350=EDGE_LOOP('',(#1884,#1885,#1886,#1887));
#351=EDGE_LOOP('',(#1888,#1889,#1890,#1891));
#352=EDGE_LOOP('',(#1892,#1893,#1894,#1895));
#353=EDGE_LOOP('',(#1896,#1897,#1898,#1899));
#354=EDGE_LOOP('',(#1900,#1901,#1902,#1903));
#355=EDGE_LOOP('',(#1904,#1905,#1906,#1907));
#356=EDGE_LOOP('',(#1908,#1909,#1910,#1911));
#357=EDGE_LOOP('',(#1912,#1913,#1914,#1915));
#358=EDGE_LOOP('',(#1916,#1917,#1918,#1919,#1920,#1921,#1922,#1923,#1924,
#1925,#1926,#1927,#1928,#1929,#1930,#1931));
#359=EDGE_LOOP('',(#1932,#1933,#1934,#1935));
#360=EDGE_LOOP('',(#1936,#1937,#1938,#1939));
#361=EDGE_LOOP('',(#1940,#1941,#1942,#1943,#1944,#1945,#1946,#1947,#1948,
#1949));
#362=CIRCLE('',#2096,19.);
#363=CIRCLE('',#2097,19.);
#364=CIRCLE('',#2098,19.);
#365=CIRCLE('',#2099,19.);
#366=CIRCLE('',#2102,18.5);
#367=CIRCLE('',#2105,18.5);
#368=CIRCLE('',#2108,18.5);
#369=CIRCLE('',#2111,18.5);
#370=CIRCLE('',#2116,18.5);
#371=CIRCLE('',#2117,18.5);
#372=CIRCLE('',#2118,18.5);
#373=CIRCLE('',#2119,18.5);
#374=CIRCLE('',#2120,18.5);
#375=CIRCLE('',#2121,18.5);
#376=CIRCLE('',#2122,18.5);
#377=CIRCLE('',#2123,18.5);
#378=CIRCLE('',#2124,18.5);
#379=CIRCLE('',#2125,18.5);
#380=CIRCLE('',#2126,18.5);
#381=CIRCLE('',#2127,18.5);
#382=CIRCLE('',#2129,19.);
#383=CIRCLE('',#2130,19.);
#384=CIRCLE('',#2131,19.);
#385=CIRCLE('',#2132,19.);
#386=CIRCLE('',#2133,19.);
#387=CIRCLE('',#2145,19.);
#388=CIRCLE('',#2146,19.);
#389=CIRCLE('',#2147,19.);
#390=CIRCLE('',#2148,19.);
#391=CIRCLE('',#2149,19.);
#392=CIRCLE('',#2166,3.25);
#393=CIRCLE('',#2167,3.25);
#394=CIRCLE('',#2169,0.849999999999998);
#395=CIRCLE('',#2172,6.);
#396=CIRCLE('',#2173,6.);
#397=CIRCLE('',#2175,18.5);
#398=CIRCLE('',#2176,18.5);
#399=CIRCLE('',#2178,18.5);
#400=CIRCLE('',#2179,18.5);
#401=CIRCLE('',#2182,20.1);
#402=CIRCLE('',#2183,20.1);
#403=CIRCLE('',#2186,0.849999999999998);
#404=CIRCLE('',#2190,1.29999999999999);
#405=CIRCLE('',#2191,0.799999999999989);
#406=CIRCLE('',#2193,0.799999999999989);
#407=CIRCLE('',#2194,1.3);
#408=CIRCLE('',#2199,0.799999999999989);
#409=CIRCLE('',#2202,1.29999999999999);
#410=CIRCLE('',#2204,1.3);
#411=CIRCLE('',#2207,0.799999999999989);
#412=B_SPLINE_CURVE_WITH_KNOTS('',3,(#2636,#2637,#2638,#2639),
 .UNSPECIFIED.,.F.,.F.,(4,4),(0.,0.113565116315275),.UNSPECIFIED.);
#413=B_SPLINE_CURVE_WITH_KNOTS('',3,(#2649,#2650,#2651,#2652),
 .UNSPECIFIED.,.F.,.F.,(4,4),(0.,0.113565116315275),.UNSPECIFIED.);
#414=B_SPLINE_CURVE_WITH_KNOTS('',3,(#2681,#2682,#2683,#2684),
 .UNSPECIFIED.,.F.,.F.,(4,4),(0.,0.113565116315275),.UNSPECIFIED.);
#415=B_SPLINE_CURVE_WITH_KNOTS('',3,(#2719,#2720,#2721,#2722),
 .UNSPECIFIED.,.F.,.F.,(4,4),(0.,0.113565116315275),.UNSPECIFIED.);
#416=B_SPLINE_CURVE_WITH_KNOTS('',3,(#2737,#2738,#2739,#2740,#2741),
 .UNSPECIFIED.,.F.,.F.,(4,1,4),(0.,0.050682467141269,0.101517619787859),
 .UNSPECIFIED.);
#417=B_SPLINE_CURVE_WITH_KNOTS('',3,(#2743,#2744,#2745,#2746,#2747),
 .UNSPECIFIED.,.F.,.F.,(4,1,4),(0.,0.0539124665432571,0.105610833022301),
 .UNSPECIFIED.);
#418=B_SPLINE_CURVE_WITH_KNOTS('',3,(#2749,#2750,#2751,#2752,#2753),
 .UNSPECIFIED.,.F.,.F.,(4,1,4),(0.,0.0503254814572842,0.101043706513317),
 .UNSPECIFIED.);
#419=B_SPLINE_CURVE_WITH_KNOTS('',3,(#2755,#2756,#2757,#2758,#2759),
 .UNSPECIFIED.,.F.,.F.,(4,1,4),(0.,0.0515793489479355,0.10182045352315),
 .UNSPECIFIED.);
#420=B_SPLINE_CURVE_WITH_KNOTS('',3,(#2761,#2762,#2763,#2764,#2765),
 .UNSPECIFIED.,.F.,.F.,(4,1,4),(0.,0.0579658952743652,0.112403817743208),
 .UNSPECIFIED.);
#421=B_SPLINE_CURVE_WITH_KNOTS('',3,(#2767,#2768,#2769,#2770,#2771),
 .UNSPECIFIED.,.F.,.F.,(4,1,4),(0.,0.0534560764374124,0.110609805953526),
 .UNSPECIFIED.);
#422=B_SPLINE_CURVE_WITH_KNOTS('',3,(#2773,#2774,#2775,#2776,#2777),
 .UNSPECIFIED.,.F.,.F.,(4,1,4),(0.,0.0503950385464567,0.10131713452868),
 .UNSPECIFIED.);
#423=B_SPLINE_CURVE_WITH_KNOTS('',3,(#2779,#2780,#2781,#2782,#2783),
 .UNSPECIFIED.,.F.,.F.,(4,1,4),(0.,0.0530745182361411,0.104281434053856),
 .UNSPECIFIED.);
#424=B_SPLINE_CURVE_WITH_KNOTS('',3,(#2785,#2786,#2787,#2788,#2789),
 .UNSPECIFIED.,.F.,.F.,(4,1,4),(0.,0.0744170450262678,0.152505491140913),
 .UNSPECIFIED.);
#425=B_SPLINE_CURVE_WITH_KNOTS('',3,(#2791,#2792,#2793,#2794,#2795),
 .UNSPECIFIED.,.F.,.F.,(4,1,4),(0.,0.0897800446267264,0.168001840329281),
 .UNSPECIFIED.);
#426=B_SPLINE_CURVE_WITH_KNOTS('',3,(#2796,#2797,#2798,#2799,#2800),
 .UNSPECIFIED.,.F.,.F.,(4,1,4),(0.,0.0515197468280206,0.10313483064108),
 .UNSPECIFIED.);
#427=B_SPLINE_CURVE_WITH_KNOTS('',3,(#2803,#2804,#2805,#2806,#2807),
 .UNSPECIFIED.,.F.,.F.,(4,1,4),(0.,0.0531681754272772,0.106210143244224),
 .UNSPECIFIED.);
#428=B_SPLINE_CURVE_WITH_KNOTS('',3,(#2809,#2810,#2811,#2812,#2813),
 .UNSPECIFIED.,.F.,.F.,(4,1,4),(0.,0.036932491952845,0.074884701928366),
 .UNSPECIFIED.);
#429=B_SPLINE_CURVE_WITH_KNOTS('',3,(#2815,#2816,#2817,#2818,#2819),
 .UNSPECIFIED.,.F.,.F.,(4,1,4),(0.,0.0381919533391709,0.0751415511185006),
 .UNSPECIFIED.);
#430=B_SPLINE_CURVE_WITH_KNOTS('',3,(#2821,#2822,#2823,#2824,#2825),
 .UNSPECIFIED.,.F.,.F.,(4,1,4),(0.,0.0459225013090391,0.0873452097526817),
 .UNSPECIFIED.);
#431=B_SPLINE_CURVE_WITH_KNOTS('',3,(#2827,#2828,#2829,#2830,#2831),
 .UNSPECIFIED.,.F.,.F.,(4,1,4),(0.,0.0584890806047521,0.127584033811712),
 .UNSPECIFIED.);
#432=B_SPLINE_CURVE_WITH_KNOTS('',3,(#2833,#2834,#2835,#2836,#2837),
 .UNSPECIFIED.,.F.,.F.,(4,1,4),(0.,0.0554714196988962,0.109507914618084),
 .UNSPECIFIED.);
#433=B_SPLINE_CURVE_WITH_KNOTS('',3,(#2839,#2840,#2841,#2842,#2843),
 .UNSPECIFIED.,.F.,.F.,(4,1,4),(0.,0.0538025072719577,0.108518069494699),
 .UNSPECIFIED.);
#434=B_SPLINE_CURVE_WITH_KNOTS('',3,(#2845,#2846,#2847,#2848,#2849),
 .UNSPECIFIED.,.F.,.F.,(4,1,4),(0.,0.065358501620706,0.122623262140709),
 .UNSPECIFIED.);
#435=B_SPLINE_CURVE_WITH_KNOTS('',3,(#2850,#2851,#2852,#2853,#2854),
 .UNSPECIFIED.,.F.,.F.,(4,1,4),(0.,0.059827634799405,0.137875207082432),
 .UNSPECIFIED.);
#436=B_SPLINE_CURVE_WITH_KNOTS('',3,(#2877,#2878,#2879,#2880,#2881),
 .UNSPECIFIED.,.F.,.F.,(4,1,4),(0.,0.050682467141269,0.101517619787859),
 .UNSPECIFIED.);
#437=B_SPLINE_CURVE_WITH_KNOTS('',3,(#2905,#2906,#2907,#2908,#2909),
 .UNSPECIFIED.,.F.,.F.,(4,1,4),(0.,0.0539124665432571,0.105610833022301),
 .UNSPECIFIED.);
#438=B_SPLINE_CURVE_WITH_KNOTS('',3,(#2932,#2933,#2934,#2935,#2936),
 .UNSPECIFIED.,.F.,.F.,(4,1,4),(0.,0.0503254814572842,0.101043706513317),
 .UNSPECIFIED.);
#439=B_SPLINE_CURVE_WITH_KNOTS('',3,(#2959,#2960,#2961,#2962,#2963),
 .UNSPECIFIED.,.F.,.F.,(4,1,4),(0.,0.0515793489479355,0.10182045352315),
 .UNSPECIFIED.);
#440=B_SPLINE_CURVE_WITH_KNOTS('',3,(#2986,#2987,#2988,#2989,#2990),
 .UNSPECIFIED.,.F.,.F.,(4,1,4),(0.,0.0579658952743652,0.112403817743208),
 .UNSPECIFIED.);
#441=B_SPLINE_CURVE_WITH_KNOTS('',3,(#3013,#3014,#3015,#3016,#3017),
 .UNSPECIFIED.,.F.,.F.,(4,1,4),(0.,0.0534560764374124,0.110609805953526),
 .UNSPECIFIED.);
#442=B_SPLINE_CURVE_WITH_KNOTS('',3,(#3040,#3041,#3042,#3043,#3044),
 .UNSPECIFIED.,.F.,.F.,(4,1,4),(0.,0.0503950385464567,0.10131713452868),
 .UNSPECIFIED.);
#443=B_SPLINE_CURVE_WITH_KNOTS('',3,(#3067,#3068,#3069,#3070,#3071),
 .UNSPECIFIED.,.F.,.F.,(4,1,4),(0.,0.0530745182361411,0.104281434053856),
 .UNSPECIFIED.);
#444=B_SPLINE_CURVE_WITH_KNOTS('',3,(#3094,#3095,#3096,#3097,#3098),
 .UNSPECIFIED.,.F.,.F.,(4,1,4),(0.,0.0744170450262678,0.152505491140913),
 .UNSPECIFIED.);
#445=B_SPLINE_CURVE_WITH_KNOTS('',3,(#3121,#3122,#3123,#3124,#3125),
 .UNSPECIFIED.,.F.,.F.,(4,1,4),(0.,0.0897800446267264,0.168001840329281),
 .UNSPECIFIED.);
#446=B_SPLINE_CURVE_WITH_KNOTS('',3,(#3147,#3148,#3149,#3150,#3151),
 .UNSPECIFIED.,.F.,.F.,(4,1,4),(0.,0.0515197468280206,0.10313483064108),
 .UNSPECIFIED.);
#447=B_SPLINE_CURVE_WITH_KNOTS('',3,(#3174,#3175,#3176,#3177,#3178),
 .UNSPECIFIED.,.F.,.F.,(4,1,4),(0.,0.0531681754272772,0.106210143244224),
 .UNSPECIFIED.);
#448=B_SPLINE_CURVE_WITH_KNOTS('',3,(#3202,#3203,#3204,#3205,#3206),
 .UNSPECIFIED.,.F.,.F.,(4,1,4),(0.,0.036932491952845,0.074884701928366),
 .UNSPECIFIED.);
#449=B_SPLINE_CURVE_WITH_KNOTS('',3,(#3229,#3230,#3231,#3232,#3233),
 .UNSPECIFIED.,.F.,.F.,(4,1,4),(0.,0.0381919533391709,0.0751415511185006),
 .UNSPECIFIED.);
#450=B_SPLINE_CURVE_WITH_KNOTS('',3,(#3256,#3257,#3258,#3259,#3260),
 .UNSPECIFIED.,.F.,.F.,(4,1,4),(0.,0.0459225013090391,0.0873452097526817),
 .UNSPECIFIED.);
#451=B_SPLINE_CURVE_WITH_KNOTS('',3,(#3283,#3284,#3285,#3286,#3287),
 .UNSPECIFIED.,.F.,.F.,(4,1,4),(0.,0.0584890806047521,0.127584033811712),
 .UNSPECIFIED.);
#452=B_SPLINE_CURVE_WITH_KNOTS('',3,(#3310,#3311,#3312,#3313,#3314),
 .UNSPECIFIED.,.F.,.F.,(4,1,4),(0.,0.0554714196988962,0.109507914618084),
 .UNSPECIFIED.);
#453=B_SPLINE_CURVE_WITH_KNOTS('',3,(#3337,#3338,#3339,#3340,#3341),
 .UNSPECIFIED.,.F.,.F.,(4,1,4),(0.,0.0538025072719577,0.108518069494699),
 .UNSPECIFIED.);
#454=B_SPLINE_CURVE_WITH_KNOTS('',3,(#3364,#3365,#3366,#3367,#3368),
 .UNSPECIFIED.,.F.,.F.,(4,1,4),(0.,0.065358501620706,0.122623262140709),
 .UNSPECIFIED.);
#455=B_SPLINE_CURVE_WITH_KNOTS('',3,(#3390,#3391,#3392,#3393,#3394),
 .UNSPECIFIED.,.F.,.F.,(4,1,4),(0.,0.059827634799405,0.137875207082432),
 .UNSPECIFIED.);
#456=B_SPLINE_CURVE_WITH_KNOTS('',3,(#3399,#3400,#3401,#3402,#3403),
 .UNSPECIFIED.,.F.,.F.,(4,1,4),(0.,0.0506825303453276,0.10151764150217),
 .UNSPECIFIED.);
#457=B_SPLINE_CURVE_WITH_KNOTS('',3,(#3405,#3406,#3407,#3408,#3409),
 .UNSPECIFIED.,.F.,.F.,(4,1,4),(0.,0.0539121413523234,0.105610781513174),
 .UNSPECIFIED.);
#458=B_SPLINE_CURVE_WITH_KNOTS('',3,(#3411,#3412,#3413,#3414,#3415),
 .UNSPECIFIED.,.F.,.F.,(4,1,4),(0.,0.0503255368792334,0.10104370277379),
 .UNSPECIFIED.);
#459=B_SPLINE_CURVE_WITH_KNOTS('',3,(#3417,#3418,#3419,#3420,#3421),
 .UNSPECIFIED.,.F.,.F.,(4,1,4),(0.,0.0515793318032295,0.101820365365927),
 .UNSPECIFIED.);
#460=B_SPLINE_CURVE_WITH_KNOTS('',3,(#3423,#3424,#3425,#3426,#3427),
 .UNSPECIFIED.,.F.,.F.,(4,1,4),(0.,0.0579658826488035,0.112403835365746),
 .UNSPECIFIED.);
#461=B_SPLINE_CURVE_WITH_KNOTS('',3,(#3429,#3430,#3431,#3432,#3433),
 .UNSPECIFIED.,.F.,.F.,(4,1,4),(0.,0.0534560764374124,0.110609805953526),
 .UNSPECIFIED.);
#462=B_SPLINE_CURVE_WITH_KNOTS('',3,(#3435,#3436,#3437,#3438,#3439),
 .UNSPECIFIED.,.F.,.F.,(4,1,4),(0.,0.0503949690214961,0.101316947772914),
 .UNSPECIFIED.);
#463=B_SPLINE_CURVE_WITH_KNOTS('',3,(#3441,#3442,#3443,#3444,#3445),
 .UNSPECIFIED.,.F.,.F.,(4,1,4),(0.,0.0530743556021131,0.104281463724513),
 .UNSPECIFIED.);
#464=B_SPLINE_CURVE_WITH_KNOTS('',3,(#3447,#3448,#3449,#3450,#3451),
 .UNSPECIFIED.,.F.,.F.,(4,1,4),(0.,0.0744171554167789,0.152505748098684),
 .UNSPECIFIED.);
#465=B_SPLINE_CURVE_WITH_KNOTS('',3,(#3453,#3454,#3455,#3456,#3457),
 .UNSPECIFIED.,.F.,.F.,(4,1,4),(0.,0.0897800673716095,0.16800160710724),
 .UNSPECIFIED.);
#466=B_SPLINE_CURVE_WITH_KNOTS('',3,(#3458,#3459,#3460,#3461,#3462),
 .UNSPECIFIED.,.F.,.F.,(4,1,4),(0.,0.0515197903310221,0.103134843540586),
 .UNSPECIFIED.);
#467=B_SPLINE_CURVE_WITH_KNOTS('',3,(#3465,#3466,#3467,#3468,#3469),
 .UNSPECIFIED.,.F.,.F.,(4,1,4),(0.,0.0531685710734249,0.106210463981553),
 .UNSPECIFIED.);
#468=B_SPLINE_CURVE_WITH_KNOTS('',3,(#3471,#3472,#3473,#3474,#3475),
 .UNSPECIFIED.,.F.,.F.,(4,1,4),(0.,0.0369327097041394,0.0748847276623235),
 .UNSPECIFIED.);
#469=B_SPLINE_CURVE_WITH_KNOTS('',3,(#3477,#3478,#3479,#3480,#3481),
 .UNSPECIFIED.,.F.,.F.,(4,1,4),(0.,0.0381918740283355,0.0751413364621195),
 .UNSPECIFIED.);
#470=B_SPLINE_CURVE_WITH_KNOTS('',3,(#3483,#3484,#3485,#3486,#3487),
 .UNSPECIFIED.,.F.,.F.,(4,1,4),(0.,0.0459225093436078,0.0873452979535317),
 .UNSPECIFIED.);
#471=B_SPLINE_CURVE_WITH_KNOTS('',3,(#3489,#3490,#3491,#3492,#3493),
 .UNSPECIFIED.,.F.,.F.,(4,1,4),(0.,0.0584892724091115,0.127584225616072),
 .UNSPECIFIED.);
#472=B_SPLINE_CURVE_WITH_KNOTS('',3,(#3495,#3496,#3497,#3498,#3499),
 .UNSPECIFIED.,.F.,.F.,(4,1,4),(0.,0.0554716976979611,0.109507950525444),
 .UNSPECIFIED.);
#473=B_SPLINE_CURVE_WITH_KNOTS('',3,(#3501,#3502,#3503,#3504,#3505),
 .UNSPECIFIED.,.F.,.F.,(4,1,4),(0.,0.0538022402284403,0.1085177878218),
 .UNSPECIFIED.);
#474=B_SPLINE_CURVE_WITH_KNOTS('',3,(#3507,#3508,#3509,#3510,#3511),
 .UNSPECIFIED.,.F.,.F.,(4,1,4),(0.,0.065358501620706,0.122623269728839),
 .UNSPECIFIED.);
#475=B_SPLINE_CURVE_WITH_KNOTS('',3,(#3512,#3513,#3514,#3515,#3516),
 .UNSPECIFIED.,.F.,.F.,(4,1,4),(0.,0.0598273850235608,0.137874976646291),
 .UNSPECIFIED.);
#476=B_SPLINE_CURVE_WITH_KNOTS('',3,(#3539,#3540,#3541,#3542,#3543),
 .UNSPECIFIED.,.F.,.F.,(4,1,4),(0.,0.0531685710734249,0.106210463981553),
 .UNSPECIFIED.);
#477=B_SPLINE_CURVE_WITH_KNOTS('',3,(#3567,#3568,#3569,#3570,#3571),
 .UNSPECIFIED.,.F.,.F.,(4,1,4),(0.,0.0369327097041394,0.0748847276623235),
 .UNSPECIFIED.);
#478=B_SPLINE_CURVE_WITH_KNOTS('',3,(#3594,#3595,#3596,#3597,#3598),
 .UNSPECIFIED.,.F.,.F.,(4,1,4),(0.,0.0381918740283355,0.0751413364621195),
 .UNSPECIFIED.);
#479=B_SPLINE_CURVE_WITH_KNOTS('',3,(#3621,#3622,#3623,#3624,#3625),
 .UNSPECIFIED.,.F.,.F.,(4,1,4),(0.,0.0459225093436078,0.0873452979535317),
 .UNSPECIFIED.);
#480=B_SPLINE_CURVE_WITH_KNOTS('',3,(#3648,#3649,#3650,#3651,#3652),
 .UNSPECIFIED.,.F.,.F.,(4,1,4),(0.,0.0584892724091115,0.127584225616072),
 .UNSPECIFIED.);
#481=B_SPLINE_CURVE_WITH_KNOTS('',3,(#3675,#3676,#3677,#3678,#3679),
 .UNSPECIFIED.,.F.,.F.,(4,1,4),(0.,0.0554716976979611,0.109507950525444),
 .UNSPECIFIED.);
#482=B_SPLINE_CURVE_WITH_KNOTS('',3,(#3702,#3703,#3704,#3705,#3706),
 .UNSPECIFIED.,.F.,.F.,(4,1,4),(0.,0.0538022402284403,0.1085177878218),
 .UNSPECIFIED.);
#483=B_SPLINE_CURVE_WITH_KNOTS('',3,(#3729,#3730,#3731,#3732,#3733),
 .UNSPECIFIED.,.F.,.F.,(4,1,4),(0.,0.065358501620706,0.122623269728839),
 .UNSPECIFIED.);
#484=B_SPLINE_CURVE_WITH_KNOTS('',3,(#3755,#3756,#3757,#3758,#3759),
 .UNSPECIFIED.,.F.,.F.,(4,1,4),(0.,0.0598273850235608,0.137874976646291),
 .UNSPECIFIED.);
#485=B_SPLINE_CURVE_WITH_KNOTS('',3,(#3782,#3783,#3784,#3785,#3786),
 .UNSPECIFIED.,.F.,.F.,(4,1,4),(0.,0.0506825303453276,0.10151764150217),
 .UNSPECIFIED.);
#486=B_SPLINE_CURVE_WITH_KNOTS('',3,(#3810,#3811,#3812,#3813,#3814),
 .UNSPECIFIED.,.F.,.F.,(4,1,4),(0.,0.0539121413523234,0.105610781513174),
 .UNSPECIFIED.);
#487=B_SPLINE_CURVE_WITH_KNOTS('',3,(#3837,#3838,#3839,#3840,#3841),
 .UNSPECIFIED.,.F.,.F.,(4,1,4),(0.,0.0503255368792334,0.10104370277379),
 .UNSPECIFIED.);
#488=B_SPLINE_CURVE_WITH_KNOTS('',3,(#3864,#3865,#3866,#3867,#3868),
 .UNSPECIFIED.,.F.,.F.,(4,1,4),(0.,0.0515793318032295,0.101820365365927),
 .UNSPECIFIED.);
#489=B_SPLINE_CURVE_WITH_KNOTS('',3,(#3891,#3892,#3893,#3894,#3895),
 .UNSPECIFIED.,.F.,.F.,(4,1,4),(0.,0.0579658826488035,0.112403835365746),
 .UNSPECIFIED.);
#490=B_SPLINE_CURVE_WITH_KNOTS('',3,(#3918,#3919,#3920,#3921,#3922),
 .UNSPECIFIED.,.F.,.F.,(4,1,4),(0.,0.0534560764374124,0.110609805953526),
 .UNSPECIFIED.);
#491=B_SPLINE_CURVE_WITH_KNOTS('',3,(#3945,#3946,#3947,#3948,#3949),
 .UNSPECIFIED.,.F.,.F.,(4,1,4),(0.,0.0503949690214961,0.101316947772914),
 .UNSPECIFIED.);
#492=B_SPLINE_CURVE_WITH_KNOTS('',3,(#3972,#3973,#3974,#3975,#3976),
 .UNSPECIFIED.,.F.,.F.,(4,1,4),(0.,0.0530743556021131,0.104281463724513),
 .UNSPECIFIED.);
#493=B_SPLINE_CURVE_WITH_KNOTS('',3,(#3999,#4000,#4001,#4002,#4003),
 .UNSPECIFIED.,.F.,.F.,(4,1,4),(0.,0.0744171554167789,0.152505748098684),
 .UNSPECIFIED.);
#494=B_SPLINE_CURVE_WITH_KNOTS('',3,(#4026,#4027,#4028,#4029,#4030),
 .UNSPECIFIED.,.F.,.F.,(4,1,4),(0.,0.0897800673716095,0.16800160710724),
 .UNSPECIFIED.);
#495=B_SPLINE_CURVE_WITH_KNOTS('',3,(#4052,#4053,#4054,#4055,#4056),
 .UNSPECIFIED.,.F.,.F.,(4,1,4),(0.,0.0515197903310221,0.103134843540586),
 .UNSPECIFIED.);
#496=LINE('',#2634,#666);
#497=LINE('',#2643,#667);
#498=LINE('',#2647,#668);
#499=LINE('',#2656,#669);
#500=LINE('',#2661,#670);
#501=LINE('',#2662,#671);
#502=LINE('',#2663,#672);
#503=LINE('',#2685,#673);
#504=LINE('',#2689,#674);
#505=LINE('',#2692,#675);
#506=LINE('',#2693,#676);
#507=LINE('',#2697,#677);
#508=LINE('',#2700,#678);
#509=LINE('',#2701,#679);
#510=LINE('',#2723,#680);
#511=LINE('',#2727,#681);
#512=LINE('',#2730,#682);
#513=LINE('',#2731,#683);
#514=LINE('',#2882,#684);
#515=LINE('',#2883,#685);
#516=LINE('',#2910,#686);
#517=LINE('',#2937,#687);
#518=LINE('',#2964,#688);
#519=LINE('',#2991,#689);
#520=LINE('',#3018,#690);
#521=LINE('',#3045,#691);
#522=LINE('',#3072,#692);
#523=LINE('',#3099,#693);
#524=LINE('',#3126,#694);
#525=LINE('',#3179,#695);
#526=LINE('',#3180,#696);
#527=LINE('',#3207,#697);
#528=LINE('',#3234,#698);
#529=LINE('',#3261,#699);
#530=LINE('',#3288,#700);
#531=LINE('',#3315,#701);
#532=LINE('',#3342,#702);
#533=LINE('',#3369,#703);
#534=LINE('',#3544,#704);
#535=LINE('',#3545,#705);
#536=LINE('',#3572,#706);
#537=LINE('',#3599,#707);
#538=LINE('',#3626,#708);
#539=LINE('',#3653,#709);
#540=LINE('',#3680,#710);
#541=LINE('',#3707,#711);
#542=LINE('',#3734,#712);
#543=LINE('',#3787,#713);
#544=LINE('',#3788,#714);
#545=LINE('',#3815,#715);
#546=LINE('',#3842,#716);
#547=LINE('',#3869,#717);
#548=LINE('',#3896,#718);
#549=LINE('',#3923,#719);
#550=LINE('',#3950,#720);
#551=LINE('',#3977,#721);
#552=LINE('',#4004,#722);
#553=LINE('',#4031,#723);
#554=LINE('',#4062,#724);
#555=LINE('',#4065,#725);
#556=LINE('',#4068,#726);
#557=LINE('',#4072,#727);
#558=LINE('',#4076,#728);
#559=LINE('',#4080,#729);
#560=LINE('',#4084,#730);
#561=LINE('',#4088,#731);
#562=LINE('',#4092,#732);
#563=LINE('',#4096,#733);
#564=LINE('',#4100,#734);
#565=LINE('',#4104,#735);
#566=LINE('',#4109,#736);
#567=LINE('',#4113,#737);
#568=LINE('',#4117,#738);
#569=LINE('',#4121,#739);
#570=LINE('',#4125,#740);
#571=LINE('',#4128,#741);
#572=LINE('',#4129,#742);
#573=LINE('',#4131,#743);
#574=LINE('',#4133,#744);
#575=LINE('',#4135,#745);
#576=LINE('',#4137,#746);
#577=LINE('',#4139,#747);
#578=LINE('',#4141,#748);
#579=LINE('',#4143,#749);
#580=LINE('',#4145,#750);
#581=LINE('',#4150,#751);
#582=LINE('',#4154,#752);
#583=LINE('',#4158,#753);
#584=LINE('',#4162,#754);
#585=LINE('',#4166,#755);
#586=LINE('',#4169,#756);
#587=LINE('',#4170,#757);
#588=LINE('',#4172,#758);
#589=LINE('',#4174,#759);
#590=LINE('',#4176,#760);
#591=LINE('',#4178,#761);
#592=LINE('',#4180,#762);
#593=LINE('',#4182,#763);
#594=LINE('',#4184,#764);
#595=LINE('',#4186,#765);
#596=LINE('',#4191,#766);
#597=LINE('',#4193,#767);
#598=LINE('',#4195,#768);
#599=LINE('',#4196,#769);
#600=LINE('',#4199,#770);
#601=LINE('',#4201,#771);
#602=LINE('',#4202,#772);
#603=LINE('',#4205,#773);
#604=LINE('',#4207,#774);
#605=LINE('',#4208,#775);
#606=LINE('',#4210,#776);
#607=LINE('',#4211,#777);
#608=LINE('',#4217,#778);
#609=LINE('',#4225,#779);
#610=LINE('',#4227,#780);
#611=LINE('',#4229,#781);
#612=LINE('',#4230,#782);
#613=LINE('',#4236,#783);
#614=LINE('',#4240,#784);
#615=LINE('',#4244,#785);
#616=LINE('',#4248,#786);
#617=LINE('',#4252,#787);
#618=LINE('',#4254,#788);
#619=LINE('',#4255,#789);
#620=LINE('',#4261,#790);
#621=LINE('',#4263,#791);
#622=LINE('',#4264,#792);
#623=LINE('',#4270,#793);
#624=LINE('',#4273,#794);
#625=LINE('',#4277,#795);
#626=LINE('',#4281,#796);
#627=LINE('',#4283,#797);
#628=LINE('',#4285,#798);
#629=LINE('',#4287,#799);
#630=LINE('',#4288,#800);
#631=LINE('',#4291,#801);
#632=LINE('',#4293,#802);
#633=LINE('',#4295,#803);
#634=LINE('',#4297,#804);
#635=LINE('',#4299,#805);
#636=LINE('',#4303,#806);
#637=LINE('',#4306,#807);
#638=LINE('',#4310,#808);
#639=LINE('',#4311,#809);
#640=LINE('',#4312,#810);
#641=LINE('',#4316,#811);
#642=LINE('',#4317,#812);
#643=LINE('',#4318,#813);
#644=LINE('',#4321,#814);
#645=LINE('',#4322,#815);
#646=LINE('',#4326,#816);
#647=LINE('',#4329,#817);
#648=LINE('',#4330,#818);
#649=LINE('',#4336,#819);
#650=LINE('',#4339,#820);
#651=LINE('',#4340,#821);
#652=LINE('',#4344,#822);
#653=LINE('',#4347,#823);
#654=LINE('',#4348,#824);
#655=LINE('',#4351,#825);
#656=LINE('',#4352,#826);
#657=LINE('',#4355,#827);
#658=LINE('',#4356,#828);
#659=LINE('',#4359,#829);
#660=LINE('',#4360,#830);
#661=LINE('',#4363,#831);
#662=LINE('',#4365,#832);
#663=LINE('',#4366,#833);
#664=LINE('',#4368,#834);
#665=LINE('',#4370,#835);
#666=VECTOR('',#2220,10.);
#667=VECTOR('',#2223,10.);
#668=VECTOR('',#2226,10.);
#669=VECTOR('',#2229,10.);
#670=VECTOR('',#2234,10.);
#671=VECTOR('',#2235,10.);
#672=VECTOR('',#2236,10.);
#673=VECTOR('',#2237,10.);
#674=VECTOR('',#2242,10.);
#675=VECTOR('',#2245,10.);
#676=VECTOR('',#2246,10.);
#677=VECTOR('',#2251,10.);
#678=VECTOR('',#2254,10.);
#679=VECTOR('',#2255,10.);
#680=VECTOR('',#2256,10.);
#681=VECTOR('',#2261,10.);
#682=VECTOR('',#2264,10.);
#683=VECTOR('',#2265,10.);
#684=VECTOR('',#2272,10.);
#685=VECTOR('',#2273,10.);
#686=VECTOR('',#2274,10.);
#687=VECTOR('',#2275,10.);
#688=VECTOR('',#2276,10.);
#689=VECTOR('',#2277,10.);
#690=VECTOR('',#2278,10.);
#691=VECTOR('',#2279,10.);
#692=VECTOR('',#2280,10.);
#693=VECTOR('',#2281,10.);
#694=VECTOR('',#2282,10.);
#695=VECTOR('',#2283,10.);
#696=VECTOR('',#2284,10.);
#697=VECTOR('',#2285,10.);
#698=VECTOR('',#2286,10.);
#699=VECTOR('',#2287,10.);
#700=VECTOR('',#2288,10.);
#701=VECTOR('',#2289,10.);
#702=VECTOR('',#2290,10.);
#703=VECTOR('',#2291,10.);
#704=VECTOR('',#2296,10.);
#705=VECTOR('',#2297,10.);
#706=VECTOR('',#2298,10.);
#707=VECTOR('',#2299,10.);
#708=VECTOR('',#2300,10.);
#709=VECTOR('',#2301,10.);
#710=VECTOR('',#2302,10.);
#711=VECTOR('',#2303,10.);
#712=VECTOR('',#2304,10.);
#713=VECTOR('',#2305,10.);
#714=VECTOR('',#2306,10.);
#715=VECTOR('',#2307,10.);
#716=VECTOR('',#2308,10.);
#717=VECTOR('',#2309,10.);
#718=VECTOR('',#2310,10.);
#719=VECTOR('',#2311,10.);
#720=VECTOR('',#2312,10.);
#721=VECTOR('',#2313,10.);
#722=VECTOR('',#2314,10.);
#723=VECTOR('',#2315,10.);
#724=VECTOR('',#2320,10.);
#725=VECTOR('',#2323,10.);
#726=VECTOR('',#2324,10.);
#727=VECTOR('',#2327,10.);
#728=VECTOR('',#2330,10.);
#729=VECTOR('',#2333,10.);
#730=VECTOR('',#2336,10.);
#731=VECTOR('',#2339,10.);
#732=VECTOR('',#2342,10.);
#733=VECTOR('',#2345,10.);
#734=VECTOR('',#2348,10.);
#735=VECTOR('',#2351,10.);
#736=VECTOR('',#2356,10.);
#737=VECTOR('',#2359,10.);
#738=VECTOR('',#2362,10.);
#739=VECTOR('',#2365,10.);
#740=VECTOR('',#2368,10.);
#741=VECTOR('',#2373,10.);
#742=VECTOR('',#2374,10.);
#743=VECTOR('',#2377,10.);
#744=VECTOR('',#2380,10.);
#745=VECTOR('',#2383,10.);
#746=VECTOR('',#2386,10.);
#747=VECTOR('',#2389,10.);
#748=VECTOR('',#2392,10.);
#749=VECTOR('',#2395,10.);
#750=VECTOR('',#2398,10.);
#751=VECTOR('',#2403,10.);
#752=VECTOR('',#2406,10.);
#753=VECTOR('',#2409,10.);
#754=VECTOR('',#2412,10.);
#755=VECTOR('',#2415,10.);
#756=VECTOR('',#2420,10.);
#757=VECTOR('',#2421,10.);
#758=VECTOR('',#2424,10.);
#759=VECTOR('',#2427,10.);
#760=VECTOR('',#2430,10.);
#761=VECTOR('',#2433,10.);
#762=VECTOR('',#2436,10.);
#763=VECTOR('',#2439,10.);
#764=VECTOR('',#2442,10.);
#765=VECTOR('',#2445,10.);
#766=VECTOR('',#2450,10.);
#767=VECTOR('',#2451,10.);
#768=VECTOR('',#2452,10.);
#769=VECTOR('',#2453,10.);
#770=VECTOR('',#2456,10.);
#771=VECTOR('',#2457,10.);
#772=VECTOR('',#2458,10.);
#773=VECTOR('',#2461,10.);
#774=VECTOR('',#2462,10.);
#775=VECTOR('',#2463,10.);
#776=VECTOR('',#2466,10.);
#777=VECTOR('',#2467,10.);
#778=VECTOR('',#2474,3.25);
#779=VECTOR('',#2483,10.);
#780=VECTOR('',#2484,10.);
#781=VECTOR('',#2485,10.);
#782=VECTOR('',#2486,10.);
#783=VECTOR('',#2495,10.);
#784=VECTOR('',#2498,10.);
#785=VECTOR('',#2503,10.);
#786=VECTOR('',#2506,10.);
#787=VECTOR('',#2511,10.);
#788=VECTOR('',#2512,10.);
#789=VECTOR('',#2513,10.);
#790=VECTOR('',#2520,10.);
#791=VECTOR('',#2523,10.);
#792=VECTOR('',#2524,10.);
#793=VECTOR('',#2533,0.849999999999998);
#794=VECTOR('',#2536,10.);
#795=VECTOR('',#2539,10.);
#796=VECTOR('',#2542,10.);
#797=VECTOR('',#2543,10.);
#798=VECTOR('',#2544,10.);
#799=VECTOR('',#2545,10.);
#800=VECTOR('',#2546,10.);
#801=VECTOR('',#2549,10.);
#802=VECTOR('',#2550,10.);
#803=VECTOR('',#2551,10.);
#804=VECTOR('',#2552,10.);
#805=VECTOR('',#2553,10.);
#806=VECTOR('',#2556,10.);
#807=VECTOR('',#2559,10.);
#808=VECTOR('',#2562,10.);
#809=VECTOR('',#2563,10.);
#810=VECTOR('',#2564,10.);
#811=VECTOR('',#2567,10.);
#812=VECTOR('',#2568,10.);
#813=VECTOR('',#2569,10.);
#814=VECTOR('',#2572,10.);
#815=VECTOR('',#2573,10.);
#816=VECTOR('',#2578,10.);
#817=VECTOR('',#2581,10.);
#818=VECTOR('',#2582,10.);
#819=VECTOR('',#2591,10.);
#820=VECTOR('',#2594,10.);
#821=VECTOR('',#2595,10.);
#822=VECTOR('',#2600,10.);
#823=VECTOR('',#2603,10.);
#824=VECTOR('',#2604,10.);
#825=VECTOR('',#2607,10.);
#826=VECTOR('',#2608,10.);
#827=VECTOR('',#2611,10.);
#828=VECTOR('',#2612,10.);
#829=VECTOR('',#2615,10.);
#830=VECTOR('',#2616,10.);
#831=VECTOR('',#2619,10.);
#832=VECTOR('',#2620,10.);
#833=VECTOR('',#2621,10.);
#834=VECTOR('',#2624,10.);
#835=VECTOR('',#2627,10.);
#836=VERTEX_POINT('',#2632);
#837=VERTEX_POINT('',#2633);
#838=VERTEX_POINT('',#2635);
#839=VERTEX_POINT('',#2640);
#840=VERTEX_POINT('',#2642);
#841=VERTEX_POINT('',#2644);
#842=VERTEX_POINT('',#2646);
#843=VERTEX_POINT('',#2648);
#844=VERTEX_POINT('',#2653);
#845=VERTEX_POINT('',#2655);
#846=VERTEX_POINT('',#2659);
#847=VERTEX_POINT('',#2660);
#848=VERTEX_POINT('',#2680);
#849=VERTEX_POINT('',#2687);
#850=VERTEX_POINT('',#2691);
#851=VERTEX_POINT('',#2695);
#852=VERTEX_POINT('',#2699);
#853=VERTEX_POINT('',#2718);
#854=VERTEX_POINT('',#2725);
#855=VERTEX_POINT('',#2729);
#856=VERTEX_POINT('',#2735);
#857=VERTEX_POINT('',#2736);
#858=VERTEX_POINT('',#2742);
#859=VERTEX_POINT('',#2748);
#860=VERTEX_POINT('',#2754);
#861=VERTEX_POINT('',#2760);
#862=VERTEX_POINT('',#2766);
#863=VERTEX_POINT('',#2772);
#864=VERTEX_POINT('',#2778);
#865=VERTEX_POINT('',#2784);
#866=VERTEX_POINT('',#2790);
#867=VERTEX_POINT('',#2801);
#868=VERTEX_POINT('',#2802);
#869=VERTEX_POINT('',#2808);
#870=VERTEX_POINT('',#2814);
#871=VERTEX_POINT('',#2820);
#872=VERTEX_POINT('',#2826);
#873=VERTEX_POINT('',#2832);
#874=VERTEX_POINT('',#2838);
#875=VERTEX_POINT('',#2844);
#876=VERTEX_POINT('',#2875);
#877=VERTEX_POINT('',#2876);
#878=VERTEX_POINT('',#2904);
#879=VERTEX_POINT('',#2931);
#880=VERTEX_POINT('',#2958);
#881=VERTEX_POINT('',#2985);
#882=VERTEX_POINT('',#3012);
#883=VERTEX_POINT('',#3039);
#884=VERTEX_POINT('',#3066);
#885=VERTEX_POINT('',#3093);
#886=VERTEX_POINT('',#3120);
#887=VERTEX_POINT('',#3172);
#888=VERTEX_POINT('',#3173);
#889=VERTEX_POINT('',#3201);
#890=VERTEX_POINT('',#3228);
#891=VERTEX_POINT('',#3255);
#892=VERTEX_POINT('',#3282);
#893=VERTEX_POINT('',#3309);
#894=VERTEX_POINT('',#3336);
#895=VERTEX_POINT('',#3363);
#896=VERTEX_POINT('',#3397);
#897=VERTEX_POINT('',#3398);
#898=VERTEX_POINT('',#3404);
#899=VERTEX_POINT('',#3410);
#900=VERTEX_POINT('',#3416);
#901=VERTEX_POINT('',#3422);
#902=VERTEX_POINT('',#3428);
#903=VERTEX_POINT('',#3434);
#904=VERTEX_POINT('',#3440);
#905=VERTEX_POINT('',#3446);
#906=VERTEX_POINT('',#3452);
#907=VERTEX_POINT('',#3463);
#908=VERTEX_POINT('',#3464);
#909=VERTEX_POINT('',#3470);
#910=VERTEX_POINT('',#3476);
#911=VERTEX_POINT('',#3482);
#912=VERTEX_POINT('',#3488);
#913=VERTEX_POINT('',#3494);
#914=VERTEX_POINT('',#3500);
#915=VERTEX_POINT('',#3506);
#916=VERTEX_POINT('',#3537);
#917=VERTEX_POINT('',#3538);
#918=VERTEX_POINT('',#3566);
#919=VERTEX_POINT('',#3593);
#920=VERTEX_POINT('',#3620);
#921=VERTEX_POINT('',#3647);
#922=VERTEX_POINT('',#3674);
#923=VERTEX_POINT('',#3701);
#924=VERTEX_POINT('',#3728);
#925=VERTEX_POINT('',#3780);
#926=VERTEX_POINT('',#3781);
#927=VERTEX_POINT('',#3809);
#928=VERTEX_POINT('',#3836);
#929=VERTEX_POINT('',#3863);
#930=VERTEX_POINT('',#3890);
#931=VERTEX_POINT('',#3917);
#932=VERTEX_POINT('',#3944);
#933=VERTEX_POINT('',#3971);
#934=VERTEX_POINT('',#3998);
#935=VERTEX_POINT('',#4025);
#936=VERTEX_POINT('',#4058);
#937=VERTEX_POINT('',#4059);
#938=VERTEX_POINT('',#4061);
#939=VERTEX_POINT('',#4063);
#940=VERTEX_POINT('',#4066);
#941=VERTEX_POINT('',#4067);
#942=VERTEX_POINT('',#4069);
#943=VERTEX_POINT('',#4071);
#944=VERTEX_POINT('',#4073);
#945=VERTEX_POINT('',#4075);
#946=VERTEX_POINT('',#4077);
#947=VERTEX_POINT('',#4079);
#948=VERTEX_POINT('',#4081);
#949=VERTEX_POINT('',#4083);
#950=VERTEX_POINT('',#4086);
#951=VERTEX_POINT('',#4087);
#952=VERTEX_POINT('',#4089);
#953=VERTEX_POINT('',#4091);
#954=VERTEX_POINT('',#4093);
#955=VERTEX_POINT('',#4095);
#956=VERTEX_POINT('',#4097);
#957=VERTEX_POINT('',#4099);
#958=VERTEX_POINT('',#4101);
#959=VERTEX_POINT('',#4103);
#960=VERTEX_POINT('',#4107);
#961=VERTEX_POINT('',#4108);
#962=VERTEX_POINT('',#4110);
#963=VERTEX_POINT('',#4112);
#964=VERTEX_POINT('',#4114);
#965=VERTEX_POINT('',#4116);
#966=VERTEX_POINT('',#4118);
#967=VERTEX_POINT('',#4120);
#968=VERTEX_POINT('',#4122);
#969=VERTEX_POINT('',#4124);
#970=VERTEX_POINT('',#4148);
#971=VERTEX_POINT('',#4149);
#972=VERTEX_POINT('',#4151);
#973=VERTEX_POINT('',#4153);
#974=VERTEX_POINT('',#4155);
#975=VERTEX_POINT('',#4157);
#976=VERTEX_POINT('',#4159);
#977=VERTEX_POINT('',#4161);
#978=VERTEX_POINT('',#4163);
#979=VERTEX_POINT('',#4165);
#980=VERTEX_POINT('',#4189);
#981=VERTEX_POINT('',#4190);
#982=VERTEX_POINT('',#4192);
#983=VERTEX_POINT('',#4194);
#984=VERTEX_POINT('',#4198);
#985=VERTEX_POINT('',#4200);
#986=VERTEX_POINT('',#4204);
#987=VERTEX_POINT('',#4206);
#988=VERTEX_POINT('',#4214);
#989=VERTEX_POINT('',#4216);
#990=VERTEX_POINT('',#4220);
#991=VERTEX_POINT('',#4223);
#992=VERTEX_POINT('',#4224);
#993=VERTEX_POINT('',#4226);
#994=VERTEX_POINT('',#4228);
#995=VERTEX_POINT('',#4235);
#996=VERTEX_POINT('',#4237);
#997=VERTEX_POINT('',#4239);
#998=VERTEX_POINT('',#4243);
#999=VERTEX_POINT('',#4245);
#1000=VERTEX_POINT('',#4247);
#1001=VERTEX_POINT('',#4251);
#1002=VERTEX_POINT('',#4253);
#1003=VERTEX_POINT('',#4257);
#1004=VERTEX_POINT('',#4259);
#1005=VERTEX_POINT('',#4266);
#1006=VERTEX_POINT('',#4272);
#1007=VERTEX_POINT('',#4274);
#1008=VERTEX_POINT('',#4276);
#1009=VERTEX_POINT('',#4278);
#1010=VERTEX_POINT('',#4280);
#1011=VERTEX_POINT('',#4282);
#1012=VERTEX_POINT('',#4284);
#1013=VERTEX_POINT('',#4286);
#1014=VERTEX_POINT('',#4290);
#1015=VERTEX_POINT('',#4292);
#1016=VERTEX_POINT('',#4294);
#1017=VERTEX_POINT('',#4296);
#1018=VERTEX_POINT('',#4298);
#1019=VERTEX_POINT('',#4300);
#1020=VERTEX_POINT('',#4302);
#1021=VERTEX_POINT('',#4304);
#1022=VERTEX_POINT('',#4308);
#1023=VERTEX_POINT('',#4309);
#1024=VERTEX_POINT('',#4314);
#1025=VERTEX_POINT('',#4315);
#1026=VERTEX_POINT('',#4320);
#1027=VERTEX_POINT('',#4324);
#1028=VERTEX_POINT('',#4328);
#1029=VERTEX_POINT('',#4334);
#1030=VERTEX_POINT('',#4338);
#1031=VERTEX_POINT('',#4342);
#1032=VERTEX_POINT('',#4346);
#1033=VERTEX_POINT('',#4350);
#1034=VERTEX_POINT('',#4354);
#1035=VERTEX_POINT('',#4358);
#1036=VERTEX_POINT('',#4362);
#1037=VERTEX_POINT('',#4364);
#1038=EDGE_CURVE('',#836,#837,#496,.T.);
#1039=EDGE_CURVE('',#838,#836,#412,.T.);
#1040=EDGE_CURVE('',#839,#838,#362,.T.);
#1041=EDGE_CURVE('',#840,#839,#497,.T.);
#1042=EDGE_CURVE('',#841,#840,#363,.T.);
#1043=EDGE_CURVE('',#842,#841,#498,.T.);
#1044=EDGE_CURVE('',#843,#842,#413,.T.);
#1045=EDGE_CURVE('',#844,#843,#364,.T.);
#1046=EDGE_CURVE('',#845,#844,#499,.T.);
#1047=EDGE_CURVE('',#837,#845,#365,.T.);
#1048=EDGE_CURVE('',#846,#847,#500,.T.);
#1049=EDGE_CURVE('',#846,#836,#501,.T.);
#1050=EDGE_CURVE('',#847,#837,#502,.T.);
#1051=EDGE_CURVE('',#848,#846,#414,.T.);
#1052=EDGE_CURVE('',#848,#838,#503,.T.);
#1053=EDGE_CURVE('',#849,#848,#366,.T.);
#1054=EDGE_CURVE('',#849,#839,#504,.T.);
#1055=EDGE_CURVE('',#850,#849,#505,.T.);
#1056=EDGE_CURVE('',#850,#840,#506,.T.);
#1057=EDGE_CURVE('',#851,#850,#367,.T.);
#1058=EDGE_CURVE('',#851,#841,#507,.T.);
#1059=EDGE_CURVE('',#852,#851,#508,.T.);
#1060=EDGE_CURVE('',#852,#842,#509,.T.);
#1061=EDGE_CURVE('',#853,#852,#415,.T.);
#1062=EDGE_CURVE('',#853,#843,#510,.T.);
#1063=EDGE_CURVE('',#854,#853,#368,.T.);
#1064=EDGE_CURVE('',#854,#844,#511,.T.);
#1065=EDGE_CURVE('',#855,#854,#512,.T.);
#1066=EDGE_CURVE('',#855,#845,#513,.T.);
#1067=EDGE_CURVE('',#847,#855,#369,.T.);
#1068=EDGE_CURVE('',#856,#857,#416,.T.);
#1069=EDGE_CURVE('',#858,#856,#417,.T.);
#1070=EDGE_CURVE('',#859,#858,#418,.T.);
#1071=EDGE_CURVE('',#860,#859,#419,.T.);
#1072=EDGE_CURVE('',#861,#860,#420,.T.);
#1073=EDGE_CURVE('',#862,#861,#421,.T.);
#1074=EDGE_CURVE('',#863,#862,#422,.T.);
#1075=EDGE_CURVE('',#864,#863,#423,.T.);
#1076=EDGE_CURVE('',#865,#864,#424,.T.);
#1077=EDGE_CURVE('',#866,#865,#425,.T.);
#1078=EDGE_CURVE('',#857,#866,#426,.T.);
#1079=EDGE_CURVE('',#867,#868,#427,.T.);
#1080=EDGE_CURVE('',#869,#867,#428,.T.);
#1081=EDGE_CURVE('',#870,#869,#429,.T.);
#1082=EDGE_CURVE('',#871,#870,#430,.T.);
#1083=EDGE_CURVE('',#872,#871,#431,.T.);
#1084=EDGE_CURVE('',#873,#872,#432,.T.);
#1085=EDGE_CURVE('',#874,#873,#433,.T.);
#1086=EDGE_CURVE('',#875,#874,#434,.T.);
#1087=EDGE_CURVE('',#868,#875,#435,.T.);
#1088=EDGE_CURVE('',#876,#877,#436,.T.);
#1089=EDGE_CURVE('',#876,#856,#514,.T.);
#1090=EDGE_CURVE('',#877,#857,#515,.T.);
#1091=EDGE_CURVE('',#878,#876,#437,.T.);
#1092=EDGE_CURVE('',#878,#858,#516,.T.);
#1093=EDGE_CURVE('',#879,#878,#438,.T.);
#1094=EDGE_CURVE('',#879,#859,#517,.T.);
#1095=EDGE_CURVE('',#880,#879,#439,.T.);
#1096=EDGE_CURVE('',#880,#860,#518,.T.);
#1097=EDGE_CURVE('',#881,#880,#440,.T.);
#1098=EDGE_CURVE('',#881,#861,#519,.T.);
#1099=EDGE_CURVE('',#882,#881,#441,.T.);
#1100=EDGE_CURVE('',#882,#862,#520,.T.);
#1101=EDGE_CURVE('',#883,#882,#442,.T.);
#1102=EDGE_CURVE('',#883,#863,#521,.T.);
#1103=EDGE_CURVE('',#884,#883,#443,.T.);
#1104=EDGE_CURVE('',#884,#864,#522,.T.);
#1105=EDGE_CURVE('',#885,#884,#444,.T.);
#1106=EDGE_CURVE('',#885,#865,#523,.T.);
#1107=EDGE_CURVE('',#886,#885,#445,.T.);
#1108=EDGE_CURVE('',#886,#866,#524,.T.);
#1109=EDGE_CURVE('',#877,#886,#446,.T.);
#1110=EDGE_CURVE('',#887,#888,#447,.T.);
#1111=EDGE_CURVE('',#887,#867,#525,.T.);
#1112=EDGE_CURVE('',#888,#868,#526,.T.);
#1113=EDGE_CURVE('',#889,#887,#448,.T.);
#1114=EDGE_CURVE('',#889,#869,#527,.T.);
#1115=EDGE_CURVE('',#890,#889,#449,.T.);
#1116=EDGE_CURVE('',#890,#870,#528,.T.);
#1117=EDGE_CURVE('',#891,#890,#450,.T.);
#1118=EDGE_CURVE('',#891,#871,#529,.T.);
#1119=EDGE_CURVE('',#892,#891,#451,.T.);
#1120=EDGE_CURVE('',#892,#872,#530,.T.);
#1121=EDGE_CURVE('',#893,#892,#452,.T.);
#1122=EDGE_CURVE('',#893,#873,#531,.T.);
#1123=EDGE_CURVE('',#894,#893,#453,.T.);
#1124=EDGE_CURVE('',#894,#874,#532,.T.);
#1125=EDGE_CURVE('',#895,#894,#454,.T.);
#1126=EDGE_CURVE('',#895,#875,#533,.T.);
#1127=EDGE_CURVE('',#888,#895,#455,.T.);
#1128=EDGE_CURVE('',#896,#897,#456,.T.);
#1129=EDGE_CURVE('',#898,#896,#457,.T.);
#1130=EDGE_CURVE('',#899,#898,#458,.T.);
#1131=EDGE_CURVE('',#900,#899,#459,.T.);
#1132=EDGE_CURVE('',#901,#900,#460,.T.);
#1133=EDGE_CURVE('',#902,#901,#461,.T.);
#1134=EDGE_CURVE('',#903,#902,#462,.T.);
#1135=EDGE_CURVE('',#904,#903,#463,.T.);
#1136=EDGE_CURVE('',#905,#904,#464,.T.);
#1137=EDGE_CURVE('',#906,#905,#465,.T.);
#1138=EDGE_CURVE('',#897,#906,#466,.T.);
#1139=EDGE_CURVE('',#907,#908,#467,.T.);
#1140=EDGE_CURVE('',#909,#907,#468,.T.);
#1141=EDGE_CURVE('',#910,#909,#469,.T.);
#1142=EDGE_CURVE('',#911,#910,#470,.T.);
#1143=EDGE_CURVE('',#912,#911,#471,.T.);
#1144=EDGE_CURVE('',#913,#912,#472,.T.);
#1145=EDGE_CURVE('',#914,#913,#473,.T.);
#1146=EDGE_CURVE('',#915,#914,#474,.T.);
#1147=EDGE_CURVE('',#908,#915,#475,.T.);
#1148=EDGE_CURVE('',#916,#917,#476,.T.);
#1149=EDGE_CURVE('',#916,#907,#534,.T.);
#1150=EDGE_CURVE('',#917,#908,#535,.T.);
#1151=EDGE_CURVE('',#918,#916,#477,.T.);
#1152=EDGE_CURVE('',#918,#909,#536,.T.);
#1153=EDGE_CURVE('',#919,#918,#478,.T.);
#1154=EDGE_CURVE('',#919,#910,#537,.T.);
#1155=EDGE_CURVE('',#920,#919,#479,.T.);
#1156=EDGE_CURVE('',#920,#911,#538,.T.);
#1157=EDGE_CURVE('',#921,#920,#480,.T.);
#1158=EDGE_CURVE('',#921,#912,#539,.T.);
#1159=EDGE_CURVE('',#922,#921,#481,.T.);
#1160=EDGE_CURVE('',#922,#913,#540,.T.);
#1161=EDGE_CURVE('',#923,#922,#482,.T.);
#1162=EDGE_CURVE('',#923,#914,#541,.T.);
#1163=EDGE_CURVE('',#924,#923,#483,.T.);
#1164=EDGE_CURVE('',#924,#915,#542,.T.);
#1165=EDGE_CURVE('',#917,#924,#484,.T.);
#1166=EDGE_CURVE('',#925,#926,#485,.T.);
#1167=EDGE_CURVE('',#925,#896,#543,.T.);
#1168=EDGE_CURVE('',#926,#897,#544,.T.);
#1169=EDGE_CURVE('',#927,#925,#486,.T.);
#1170=EDGE_CURVE('',#927,#898,#545,.T.);
#1171=EDGE_CURVE('',#928,#927,#487,.T.);
#1172=EDGE_CURVE('',#928,#899,#546,.T.);
#1173=EDGE_CURVE('',#929,#928,#488,.T.);
#1174=EDGE_CURVE('',#929,#900,#547,.T.);
#1175=EDGE_CURVE('',#930,#929,#489,.T.);
#1176=EDGE_CURVE('',#930,#901,#548,.T.);
#1177=EDGE_CURVE('',#931,#930,#490,.T.);
#1178=EDGE_CURVE('',#931,#902,#549,.T.);
#1179=EDGE_CURVE('',#932,#931,#491,.T.);
#1180=EDGE_CURVE('',#932,#903,#550,.T.);
#1181=EDGE_CURVE('',#933,#932,#492,.T.);
#1182=EDGE_CURVE('',#933,#904,#551,.T.);
#1183=EDGE_CURVE('',#934,#933,#493,.T.);
#1184=EDGE_CURVE('',#934,#905,#552,.T.);
#1185=EDGE_CURVE('',#935,#934,#494,.T.);
#1186=EDGE_CURVE('',#935,#906,#553,.T.);
#1187=EDGE_CURVE('',#926,#935,#495,.T.);
#1188=EDGE_CURVE('',#936,#937,#370,.T.);
#1189=EDGE_CURVE('',#938,#937,#554,.T.);
#1190=EDGE_CURVE('',#939,#938,#371,.F.);
#1191=EDGE_CURVE('',#936,#939,#555,.T.);
#1192=EDGE_CURVE('',#940,#941,#556,.T.);
#1193=EDGE_CURVE('',#941,#942,#372,.T.);
#1194=EDGE_CURVE('',#942,#943,#557,.T.);
#1195=EDGE_CURVE('',#943,#944,#373,.T.);
#1196=EDGE_CURVE('',#944,#945,#558,.T.);
#1197=EDGE_CURVE('',#945,#946,#374,.T.);
#1198=EDGE_CURVE('',#946,#947,#559,.T.);
#1199=EDGE_CURVE('',#947,#948,#375,.T.);
#1200=EDGE_CURVE('',#948,#949,#560,.T.);
#1201=EDGE_CURVE('',#949,#940,#376,.T.);
#1202=EDGE_CURVE('',#950,#951,#561,.T.);
#1203=EDGE_CURVE('',#951,#952,#377,.T.);
#1204=EDGE_CURVE('',#952,#953,#562,.T.);
#1205=EDGE_CURVE('',#953,#954,#378,.T.);
#1206=EDGE_CURVE('',#954,#955,#563,.T.);
#1207=EDGE_CURVE('',#955,#956,#379,.T.);
#1208=EDGE_CURVE('',#956,#957,#564,.T.);
#1209=EDGE_CURVE('',#957,#958,#380,.T.);
#1210=EDGE_CURVE('',#958,#959,#565,.T.);
#1211=EDGE_CURVE('',#959,#950,#381,.T.);
#1212=EDGE_CURVE('',#960,#961,#566,.T.);
#1213=EDGE_CURVE('',#962,#960,#382,.T.);
#1214=EDGE_CURVE('',#963,#962,#567,.T.);
#1215=EDGE_CURVE('',#964,#963,#383,.T.);
#1216=EDGE_CURVE('',#965,#964,#568,.T.);
#1217=EDGE_CURVE('',#966,#965,#384,.T.);
#1218=EDGE_CURVE('',#967,#966,#569,.T.);
#1219=EDGE_CURVE('',#968,#967,#385,.T.);
#1220=EDGE_CURVE('',#969,#968,#570,.T.);
#1221=EDGE_CURVE('',#961,#969,#386,.T.);
#1222=EDGE_CURVE('',#950,#960,#571,.T.);
#1223=EDGE_CURVE('',#951,#961,#572,.T.);
#1224=EDGE_CURVE('',#959,#962,#573,.T.);
#1225=EDGE_CURVE('',#958,#963,#574,.T.);
#1226=EDGE_CURVE('',#957,#964,#575,.T.);
#1227=EDGE_CURVE('',#956,#965,#576,.T.);
#1228=EDGE_CURVE('',#955,#966,#577,.T.);
#1229=EDGE_CURVE('',#954,#967,#578,.T.);
#1230=EDGE_CURVE('',#953,#968,#579,.T.);
#1231=EDGE_CURVE('',#952,#969,#580,.T.);
#1232=EDGE_CURVE('',#970,#971,#581,.T.);
#1233=EDGE_CURVE('',#972,#970,#387,.T.);
#1234=EDGE_CURVE('',#973,#972,#582,.T.);
#1235=EDGE_CURVE('',#974,#973,#388,.T.);
#1236=EDGE_CURVE('',#975,#974,#583,.T.);
#1237=EDGE_CURVE('',#976,#975,#389,.T.);
#1238=EDGE_CURVE('',#977,#976,#584,.T.);
#1239=EDGE_CURVE('',#978,#977,#390,.T.);
#1240=EDGE_CURVE('',#979,#978,#585,.T.);
#1241=EDGE_CURVE('',#971,#979,#391,.T.);
#1242=EDGE_CURVE('',#940,#970,#586,.T.);
#1243=EDGE_CURVE('',#941,#971,#587,.T.);
#1244=EDGE_CURVE('',#949,#972,#588,.T.);
#1245=EDGE_CURVE('',#948,#973,#589,.T.);
#1246=EDGE_CURVE('',#947,#974,#590,.T.);
#1247=EDGE_CURVE('',#946,#975,#591,.T.);
#1248=EDGE_CURVE('',#945,#976,#592,.T.);
#1249=EDGE_CURVE('',#944,#977,#593,.T.);
#1250=EDGE_CURVE('',#943,#978,#594,.T.);
#1251=EDGE_CURVE('',#942,#979,#595,.T.);
#1252=EDGE_CURVE('',#980,#981,#596,.T.);
#1253=EDGE_CURVE('',#981,#982,#597,.T.);
#1254=EDGE_CURVE('',#983,#982,#598,.T.);
#1255=EDGE_CURVE('',#980,#983,#599,.T.);
#1256=EDGE_CURVE('',#981,#984,#600,.T.);
#1257=EDGE_CURVE('',#984,#985,#601,.T.);
#1258=EDGE_CURVE('',#982,#985,#602,.T.);
#1259=EDGE_CURVE('',#984,#986,#603,.T.);
#1260=EDGE_CURVE('',#986,#987,#604,.T.);
#1261=EDGE_CURVE('',#985,#987,#605,.T.);
#1262=EDGE_CURVE('',#987,#983,#606,.T.);
#1263=EDGE_CURVE('',#986,#980,#607,.T.);
#1264=EDGE_CURVE('',#988,#988,#392,.T.);
#1265=EDGE_CURVE('',#988,#989,#608,.T.);
#1266=EDGE_CURVE('',#989,#989,#393,.T.);
#1267=EDGE_CURVE('',#990,#990,#394,.T.);
#1268=EDGE_CURVE('',#991,#992,#609,.T.);
#1269=EDGE_CURVE('',#991,#993,#610,.T.);
#1270=EDGE_CURVE('',#994,#993,#611,.T.);
#1271=EDGE_CURVE('',#992,#994,#612,.T.);
#1272=EDGE_CURVE('',#992,#991,#395,.T.);
#1273=EDGE_CURVE('',#993,#994,#396,.T.);
#1274=EDGE_CURVE('',#937,#995,#613,.T.);
#1275=EDGE_CURVE('',#937,#996,#397,.T.);
#1276=EDGE_CURVE('',#996,#997,#614,.T.);
#1277=EDGE_CURVE('',#995,#997,#398,.T.);
#1278=EDGE_CURVE('',#998,#936,#615,.T.);
#1279=EDGE_CURVE('',#999,#998,#399,.T.);
#1280=EDGE_CURVE('',#999,#1000,#616,.T.);
#1281=EDGE_CURVE('',#1000,#936,#400,.T.);
#1282=EDGE_CURVE('',#996,#1001,#617,.T.);
#1283=EDGE_CURVE('',#1002,#1001,#618,.T.);
#1284=EDGE_CURVE('',#997,#1002,#619,.T.);
#1285=EDGE_CURVE('',#1002,#1003,#401,.T.);
#1286=EDGE_CURVE('',#1001,#1004,#402,.T.);
#1287=EDGE_CURVE('',#1003,#1004,#620,.T.);
#1288=EDGE_CURVE('',#1003,#999,#621,.T.);
#1289=EDGE_CURVE('',#1004,#1000,#622,.T.);
#1290=EDGE_CURVE('',#1005,#1005,#403,.T.);
#1291=EDGE_CURVE('',#990,#1005,#623,.T.);
#1292=EDGE_CURVE('',#939,#1006,#624,.T.);
#1293=EDGE_CURVE('',#1006,#1007,#404,.F.);
#1294=EDGE_CURVE('',#1007,#1008,#625,.F.);
#1295=EDGE_CURVE('',#1008,#1009,#405,.F.);
#1296=EDGE_CURVE('',#1009,#1010,#626,.F.);
#1297=EDGE_CURVE('',#1010,#1011,#627,.T.);
#1298=EDGE_CURVE('',#1011,#1012,#628,.T.);
#1299=EDGE_CURVE('',#1012,#1013,#629,.T.);
#1300=EDGE_CURVE('',#998,#1013,#630,.T.);
#1301=EDGE_CURVE('',#1014,#995,#631,.T.);
#1302=EDGE_CURVE('',#1015,#1014,#632,.T.);
#1303=EDGE_CURVE('',#1015,#1016,#633,.T.);
#1304=EDGE_CURVE('',#1016,#1017,#634,.T.);
#1305=EDGE_CURVE('',#1017,#1018,#635,.F.);
#1306=EDGE_CURVE('',#1018,#1019,#406,.F.);
#1307=EDGE_CURVE('',#1019,#1020,#636,.F.);
#1308=EDGE_CURVE('',#1020,#1021,#407,.F.);
#1309=EDGE_CURVE('',#1021,#938,#637,.T.);
#1310=EDGE_CURVE('',#1022,#1023,#638,.T.);
#1311=EDGE_CURVE('',#1006,#1022,#639,.T.);
#1312=EDGE_CURVE('',#1021,#1023,#640,.T.);
#1313=EDGE_CURVE('',#1024,#1025,#641,.T.);
#1314=EDGE_CURVE('',#1011,#1024,#642,.T.);
#1315=EDGE_CURVE('',#1025,#1010,#643,.T.);
#1316=EDGE_CURVE('',#1025,#1026,#644,.F.);
#1317=EDGE_CURVE('',#1026,#1009,#645,.T.);
#1318=EDGE_CURVE('',#1026,#1027,#408,.F.);
#1319=EDGE_CURVE('',#1027,#1008,#646,.T.);
#1320=EDGE_CURVE('',#1027,#1028,#647,.F.);
#1321=EDGE_CURVE('',#1028,#1007,#648,.T.);
#1322=EDGE_CURVE('',#1028,#1022,#409,.F.);
#1323=EDGE_CURVE('',#1023,#1029,#410,.F.);
#1324=EDGE_CURVE('',#1029,#1020,#649,.T.);
#1325=EDGE_CURVE('',#1029,#1030,#650,.F.);
#1326=EDGE_CURVE('',#1030,#1019,#651,.T.);
#1327=EDGE_CURVE('',#1030,#1031,#411,.F.);
#1328=EDGE_CURVE('',#1031,#1018,#652,.T.);
#1329=EDGE_CURVE('',#1031,#1032,#653,.F.);
#1330=EDGE_CURVE('',#1032,#1017,#654,.F.);
#1331=EDGE_CURVE('',#1032,#1033,#655,.T.);
#1332=EDGE_CURVE('',#1033,#1016,#656,.T.);
#1333=EDGE_CURVE('',#1024,#1034,#657,.T.);
#1334=EDGE_CURVE('',#1034,#1012,#658,.T.);
#1335=EDGE_CURVE('',#1015,#1035,#659,.T.);
#1336=EDGE_CURVE('',#1035,#1033,#660,.T.);
#1337=EDGE_CURVE('',#1035,#1036,#661,.T.);
#1338=EDGE_CURVE('',#1037,#1036,#662,.T.);
#1339=EDGE_CURVE('',#1034,#1037,#663,.T.);
#1340=EDGE_CURVE('',#1013,#1037,#664,.T.);
#1341=EDGE_CURVE('',#1036,#1014,#665,.T.);
#1342=ORIENTED_EDGE('',*,*,#1038,.F.);
#1343=ORIENTED_EDGE('',*,*,#1039,.F.);
#1344=ORIENTED_EDGE('',*,*,#1040,.F.);
#1345=ORIENTED_EDGE('',*,*,#1041,.F.);
#1346=ORIENTED_EDGE('',*,*,#1042,.F.);
#1347=ORIENTED_EDGE('',*,*,#1043,.F.);
#1348=ORIENTED_EDGE('',*,*,#1044,.F.);
#1349=ORIENTED_EDGE('',*,*,#1045,.F.);
#1350=ORIENTED_EDGE('',*,*,#1046,.F.);
#1351=ORIENTED_EDGE('',*,*,#1047,.F.);
#1352=ORIENTED_EDGE('',*,*,#1048,.F.);
#1353=ORIENTED_EDGE('',*,*,#1049,.T.);
#1354=ORIENTED_EDGE('',*,*,#1038,.T.);
#1355=ORIENTED_EDGE('',*,*,#1050,.F.);
#1356=ORIENTED_EDGE('',*,*,#1051,.F.);
#1357=ORIENTED_EDGE('',*,*,#1052,.T.);
#1358=ORIENTED_EDGE('',*,*,#1039,.T.);
#1359=ORIENTED_EDGE('',*,*,#1049,.F.);
#1360=ORIENTED_EDGE('',*,*,#1053,.F.);
#1361=ORIENTED_EDGE('',*,*,#1054,.T.);
#1362=ORIENTED_EDGE('',*,*,#1040,.T.);
#1363=ORIENTED_EDGE('',*,*,#1052,.F.);
#1364=ORIENTED_EDGE('',*,*,#1055,.F.);
#1365=ORIENTED_EDGE('',*,*,#1056,.T.);
#1366=ORIENTED_EDGE('',*,*,#1041,.T.);
#1367=ORIENTED_EDGE('',*,*,#1054,.F.);
#1368=ORIENTED_EDGE('',*,*,#1057,.F.);
#1369=ORIENTED_EDGE('',*,*,#1058,.T.);
#1370=ORIENTED_EDGE('',*,*,#1042,.T.);
#1371=ORIENTED_EDGE('',*,*,#1056,.F.);
#1372=ORIENTED_EDGE('',*,*,#1059,.F.);
#1373=ORIENTED_EDGE('',*,*,#1060,.T.);
#1374=ORIENTED_EDGE('',*,*,#1043,.T.);
#1375=ORIENTED_EDGE('',*,*,#1058,.F.);
#1376=ORIENTED_EDGE('',*,*,#1061,.F.);
#1377=ORIENTED_EDGE('',*,*,#1062,.T.);
#1378=ORIENTED_EDGE('',*,*,#1044,.T.);
#1379=ORIENTED_EDGE('',*,*,#1060,.F.);
#1380=ORIENTED_EDGE('',*,*,#1063,.F.);
#1381=ORIENTED_EDGE('',*,*,#1064,.T.);
#1382=ORIENTED_EDGE('',*,*,#1045,.T.);
#1383=ORIENTED_EDGE('',*,*,#1062,.F.);
#1384=ORIENTED_EDGE('',*,*,#1065,.F.);
#1385=ORIENTED_EDGE('',*,*,#1066,.T.);
#1386=ORIENTED_EDGE('',*,*,#1046,.T.);
#1387=ORIENTED_EDGE('',*,*,#1064,.F.);
#1388=ORIENTED_EDGE('',*,*,#1067,.F.);
#1389=ORIENTED_EDGE('',*,*,#1050,.T.);
#1390=ORIENTED_EDGE('',*,*,#1047,.T.);
#1391=ORIENTED_EDGE('',*,*,#1066,.F.);
#1392=ORIENTED_EDGE('',*,*,#1068,.F.);
#1393=ORIENTED_EDGE('',*,*,#1069,.F.);
#1394=ORIENTED_EDGE('',*,*,#1070,.F.);
#1395=ORIENTED_EDGE('',*,*,#1071,.F.);
#1396=ORIENTED_EDGE('',*,*,#1072,.F.);
#1397=ORIENTED_EDGE('',*,*,#1073,.F.);
#1398=ORIENTED_EDGE('',*,*,#1074,.F.);
#1399=ORIENTED_EDGE('',*,*,#1075,.F.);
#1400=ORIENTED_EDGE('',*,*,#1076,.F.);
#1401=ORIENTED_EDGE('',*,*,#1077,.F.);
#1402=ORIENTED_EDGE('',*,*,#1078,.F.);
#1403=ORIENTED_EDGE('',*,*,#1079,.F.);
#1404=ORIENTED_EDGE('',*,*,#1080,.F.);
#1405=ORIENTED_EDGE('',*,*,#1081,.F.);
#1406=ORIENTED_EDGE('',*,*,#1082,.F.);
#1407=ORIENTED_EDGE('',*,*,#1083,.F.);
#1408=ORIENTED_EDGE('',*,*,#1084,.F.);
#1409=ORIENTED_EDGE('',*,*,#1085,.F.);
#1410=ORIENTED_EDGE('',*,*,#1086,.F.);
#1411=ORIENTED_EDGE('',*,*,#1087,.F.);
#1412=ORIENTED_EDGE('',*,*,#1088,.F.);
#1413=ORIENTED_EDGE('',*,*,#1089,.T.);
#1414=ORIENTED_EDGE('',*,*,#1068,.T.);
#1415=ORIENTED_EDGE('',*,*,#1090,.F.);
#1416=ORIENTED_EDGE('',*,*,#1091,.F.);
#1417=ORIENTED_EDGE('',*,*,#1092,.T.);
#1418=ORIENTED_EDGE('',*,*,#1069,.T.);
#1419=ORIENTED_EDGE('',*,*,#1089,.F.);
#1420=ORIENTED_EDGE('',*,*,#1093,.F.);
#1421=ORIENTED_EDGE('',*,*,#1094,.T.);
#1422=ORIENTED_EDGE('',*,*,#1070,.T.);
#1423=ORIENTED_EDGE('',*,*,#1092,.F.);
#1424=ORIENTED_EDGE('',*,*,#1095,.F.);
#1425=ORIENTED_EDGE('',*,*,#1096,.T.);
#1426=ORIENTED_EDGE('',*,*,#1071,.T.);
#1427=ORIENTED_EDGE('',*,*,#1094,.F.);
#1428=ORIENTED_EDGE('',*,*,#1097,.F.);
#1429=ORIENTED_EDGE('',*,*,#1098,.T.);
#1430=ORIENTED_EDGE('',*,*,#1072,.T.);
#1431=ORIENTED_EDGE('',*,*,#1096,.F.);
#1432=ORIENTED_EDGE('',*,*,#1099,.F.);
#1433=ORIENTED_EDGE('',*,*,#1100,.T.);
#1434=ORIENTED_EDGE('',*,*,#1073,.T.);
#1435=ORIENTED_EDGE('',*,*,#1098,.F.);
#1436=ORIENTED_EDGE('',*,*,#1101,.F.);
#1437=ORIENTED_EDGE('',*,*,#1102,.T.);
#1438=ORIENTED_EDGE('',*,*,#1074,.T.);
#1439=ORIENTED_EDGE('',*,*,#1100,.F.);
#1440=ORIENTED_EDGE('',*,*,#1103,.F.);
#1441=ORIENTED_EDGE('',*,*,#1104,.T.);
#1442=ORIENTED_EDGE('',*,*,#1075,.T.);
#1443=ORIENTED_EDGE('',*,*,#1102,.F.);
#1444=ORIENTED_EDGE('',*,*,#1105,.F.);
#1445=ORIENTED_EDGE('',*,*,#1106,.T.);
#1446=ORIENTED_EDGE('',*,*,#1076,.T.);
#1447=ORIENTED_EDGE('',*,*,#1104,.F.);
#1448=ORIENTED_EDGE('',*,*,#1107,.F.);
#1449=ORIENTED_EDGE('',*,*,#1108,.T.);
#1450=ORIENTED_EDGE('',*,*,#1077,.T.);
#1451=ORIENTED_EDGE('',*,*,#1106,.F.);
#1452=ORIENTED_EDGE('',*,*,#1109,.F.);
#1453=ORIENTED_EDGE('',*,*,#1090,.T.);
#1454=ORIENTED_EDGE('',*,*,#1078,.T.);
#1455=ORIENTED_EDGE('',*,*,#1108,.F.);
#1456=ORIENTED_EDGE('',*,*,#1110,.F.);
#1457=ORIENTED_EDGE('',*,*,#1111,.T.);
#1458=ORIENTED_EDGE('',*,*,#1079,.T.);
#1459=ORIENTED_EDGE('',*,*,#1112,.F.);
#1460=ORIENTED_EDGE('',*,*,#1113,.F.);
#1461=ORIENTED_EDGE('',*,*,#1114,.T.);
#1462=ORIENTED_EDGE('',*,*,#1080,.T.);
#1463=ORIENTED_EDGE('',*,*,#1111,.F.);
#1464=ORIENTED_EDGE('',*,*,#1115,.F.);
#1465=ORIENTED_EDGE('',*,*,#1116,.T.);
#1466=ORIENTED_EDGE('',*,*,#1081,.T.);
#1467=ORIENTED_EDGE('',*,*,#1114,.F.);
#1468=ORIENTED_EDGE('',*,*,#1117,.F.);
#1469=ORIENTED_EDGE('',*,*,#1118,.T.);
#1470=ORIENTED_EDGE('',*,*,#1082,.T.);
#1471=ORIENTED_EDGE('',*,*,#1116,.F.);
#1472=ORIENTED_EDGE('',*,*,#1119,.F.);
#1473=ORIENTED_EDGE('',*,*,#1120,.T.);
#1474=ORIENTED_EDGE('',*,*,#1083,.T.);
#1475=ORIENTED_EDGE('',*,*,#1118,.F.);
#1476=ORIENTED_EDGE('',*,*,#1121,.F.);
#1477=ORIENTED_EDGE('',*,*,#1122,.T.);
#1478=ORIENTED_EDGE('',*,*,#1084,.T.);
#1479=ORIENTED_EDGE('',*,*,#1120,.F.);
#1480=ORIENTED_EDGE('',*,*,#1123,.F.);
#1481=ORIENTED_EDGE('',*,*,#1124,.T.);
#1482=ORIENTED_EDGE('',*,*,#1085,.T.);
#1483=ORIENTED_EDGE('',*,*,#1122,.F.);
#1484=ORIENTED_EDGE('',*,*,#1125,.F.);
#1485=ORIENTED_EDGE('',*,*,#1126,.T.);
#1486=ORIENTED_EDGE('',*,*,#1086,.T.);
#1487=ORIENTED_EDGE('',*,*,#1124,.F.);
#1488=ORIENTED_EDGE('',*,*,#1127,.F.);
#1489=ORIENTED_EDGE('',*,*,#1112,.T.);
#1490=ORIENTED_EDGE('',*,*,#1087,.T.);
#1491=ORIENTED_EDGE('',*,*,#1126,.F.);
#1492=ORIENTED_EDGE('',*,*,#1110,.T.);
#1493=ORIENTED_EDGE('',*,*,#1127,.T.);
#1494=ORIENTED_EDGE('',*,*,#1125,.T.);
#1495=ORIENTED_EDGE('',*,*,#1123,.T.);
#1496=ORIENTED_EDGE('',*,*,#1121,.T.);
#1497=ORIENTED_EDGE('',*,*,#1119,.T.);
#1498=ORIENTED_EDGE('',*,*,#1117,.T.);
#1499=ORIENTED_EDGE('',*,*,#1115,.T.);
#1500=ORIENTED_EDGE('',*,*,#1113,.T.);
#1501=ORIENTED_EDGE('',*,*,#1128,.F.);
#1502=ORIENTED_EDGE('',*,*,#1129,.F.);
#1503=ORIENTED_EDGE('',*,*,#1130,.F.);
#1504=ORIENTED_EDGE('',*,*,#1131,.F.);
#1505=ORIENTED_EDGE('',*,*,#1132,.F.);
#1506=ORIENTED_EDGE('',*,*,#1133,.F.);
#1507=ORIENTED_EDGE('',*,*,#1134,.F.);
#1508=ORIENTED_EDGE('',*,*,#1135,.F.);
#1509=ORIENTED_EDGE('',*,*,#1136,.F.);
#1510=ORIENTED_EDGE('',*,*,#1137,.F.);
#1511=ORIENTED_EDGE('',*,*,#1138,.F.);
#1512=ORIENTED_EDGE('',*,*,#1139,.F.);
#1513=ORIENTED_EDGE('',*,*,#1140,.F.);
#1514=ORIENTED_EDGE('',*,*,#1141,.F.);
#1515=ORIENTED_EDGE('',*,*,#1142,.F.);
#1516=ORIENTED_EDGE('',*,*,#1143,.F.);
#1517=ORIENTED_EDGE('',*,*,#1144,.F.);
#1518=ORIENTED_EDGE('',*,*,#1145,.F.);
#1519=ORIENTED_EDGE('',*,*,#1146,.F.);
#1520=ORIENTED_EDGE('',*,*,#1147,.F.);
#1521=ORIENTED_EDGE('',*,*,#1148,.F.);
#1522=ORIENTED_EDGE('',*,*,#1149,.T.);
#1523=ORIENTED_EDGE('',*,*,#1139,.T.);
#1524=ORIENTED_EDGE('',*,*,#1150,.F.);
#1525=ORIENTED_EDGE('',*,*,#1151,.F.);
#1526=ORIENTED_EDGE('',*,*,#1152,.T.);
#1527=ORIENTED_EDGE('',*,*,#1140,.T.);
#1528=ORIENTED_EDGE('',*,*,#1149,.F.);
#1529=ORIENTED_EDGE('',*,*,#1153,.F.);
#1530=ORIENTED_EDGE('',*,*,#1154,.T.);
#1531=ORIENTED_EDGE('',*,*,#1141,.T.);
#1532=ORIENTED_EDGE('',*,*,#1152,.F.);
#1533=ORIENTED_EDGE('',*,*,#1155,.F.);
#1534=ORIENTED_EDGE('',*,*,#1156,.T.);
#1535=ORIENTED_EDGE('',*,*,#1142,.T.);
#1536=ORIENTED_EDGE('',*,*,#1154,.F.);
#1537=ORIENTED_EDGE('',*,*,#1157,.F.);
#1538=ORIENTED_EDGE('',*,*,#1158,.T.);
#1539=ORIENTED_EDGE('',*,*,#1143,.T.);
#1540=ORIENTED_EDGE('',*,*,#1156,.F.);
#1541=ORIENTED_EDGE('',*,*,#1159,.F.);
#1542=ORIENTED_EDGE('',*,*,#1160,.T.);
#1543=ORIENTED_EDGE('',*,*,#1144,.T.);
#1544=ORIENTED_EDGE('',*,*,#1158,.F.);
#1545=ORIENTED_EDGE('',*,*,#1161,.F.);
#1546=ORIENTED_EDGE('',*,*,#1162,.T.);
#1547=ORIENTED_EDGE('',*,*,#1145,.T.);
#1548=ORIENTED_EDGE('',*,*,#1160,.F.);
#1549=ORIENTED_EDGE('',*,*,#1163,.F.);
#1550=ORIENTED_EDGE('',*,*,#1164,.T.);
#1551=ORIENTED_EDGE('',*,*,#1146,.T.);
#1552=ORIENTED_EDGE('',*,*,#1162,.F.);
#1553=ORIENTED_EDGE('',*,*,#1165,.F.);
#1554=ORIENTED_EDGE('',*,*,#1150,.T.);
#1555=ORIENTED_EDGE('',*,*,#1147,.T.);
#1556=ORIENTED_EDGE('',*,*,#1164,.F.);
#1557=ORIENTED_EDGE('',*,*,#1166,.F.);
#1558=ORIENTED_EDGE('',*,*,#1167,.T.);
#1559=ORIENTED_EDGE('',*,*,#1128,.T.);
#1560=ORIENTED_EDGE('',*,*,#1168,.F.);
#1561=ORIENTED_EDGE('',*,*,#1169,.F.);
#1562=ORIENTED_EDGE('',*,*,#1170,.T.);
#1563=ORIENTED_EDGE('',*,*,#1129,.T.);
#1564=ORIENTED_EDGE('',*,*,#1167,.F.);
#1565=ORIENTED_EDGE('',*,*,#1171,.F.);
#1566=ORIENTED_EDGE('',*,*,#1172,.T.);
#1567=ORIENTED_EDGE('',*,*,#1130,.T.);
#1568=ORIENTED_EDGE('',*,*,#1170,.F.);
#1569=ORIENTED_EDGE('',*,*,#1173,.F.);
#1570=ORIENTED_EDGE('',*,*,#1174,.T.);
#1571=ORIENTED_EDGE('',*,*,#1131,.T.);
#1572=ORIENTED_EDGE('',*,*,#1172,.F.);
#1573=ORIENTED_EDGE('',*,*,#1175,.F.);
#1574=ORIENTED_EDGE('',*,*,#1176,.T.);
#1575=ORIENTED_EDGE('',*,*,#1132,.T.);
#1576=ORIENTED_EDGE('',*,*,#1174,.F.);
#1577=ORIENTED_EDGE('',*,*,#1177,.F.);
#1578=ORIENTED_EDGE('',*,*,#1178,.T.);
#1579=ORIENTED_EDGE('',*,*,#1133,.T.);
#1580=ORIENTED_EDGE('',*,*,#1176,.F.);
#1581=ORIENTED_EDGE('',*,*,#1179,.F.);
#1582=ORIENTED_EDGE('',*,*,#1180,.T.);
#1583=ORIENTED_EDGE('',*,*,#1134,.T.);
#1584=ORIENTED_EDGE('',*,*,#1178,.F.);
#1585=ORIENTED_EDGE('',*,*,#1181,.F.);
#1586=ORIENTED_EDGE('',*,*,#1182,.T.);
#1587=ORIENTED_EDGE('',*,*,#1135,.T.);
#1588=ORIENTED_EDGE('',*,*,#1180,.F.);
#1589=ORIENTED_EDGE('',*,*,#1183,.F.);
#1590=ORIENTED_EDGE('',*,*,#1184,.T.);
#1591=ORIENTED_EDGE('',*,*,#1136,.T.);
#1592=ORIENTED_EDGE('',*,*,#1182,.F.);
#1593=ORIENTED_EDGE('',*,*,#1185,.F.);
#1594=ORIENTED_EDGE('',*,*,#1186,.T.);
#1595=ORIENTED_EDGE('',*,*,#1137,.T.);
#1596=ORIENTED_EDGE('',*,*,#1184,.F.);
#1597=ORIENTED_EDGE('',*,*,#1187,.F.);
#1598=ORIENTED_EDGE('',*,*,#1168,.T.);
#1599=ORIENTED_EDGE('',*,*,#1138,.T.);
#1600=ORIENTED_EDGE('',*,*,#1186,.F.);
#1601=ORIENTED_EDGE('',*,*,#1188,.T.);
#1602=ORIENTED_EDGE('',*,*,#1189,.F.);
#1603=ORIENTED_EDGE('',*,*,#1190,.F.);
#1604=ORIENTED_EDGE('',*,*,#1191,.F.);
#1605=ORIENTED_EDGE('',*,*,#1048,.T.);
#1606=ORIENTED_EDGE('',*,*,#1067,.T.);
#1607=ORIENTED_EDGE('',*,*,#1065,.T.);
#1608=ORIENTED_EDGE('',*,*,#1063,.T.);
#1609=ORIENTED_EDGE('',*,*,#1061,.T.);
#1610=ORIENTED_EDGE('',*,*,#1059,.T.);
#1611=ORIENTED_EDGE('',*,*,#1057,.T.);
#1612=ORIENTED_EDGE('',*,*,#1055,.T.);
#1613=ORIENTED_EDGE('',*,*,#1053,.T.);
#1614=ORIENTED_EDGE('',*,*,#1051,.T.);
#1615=ORIENTED_EDGE('',*,*,#1088,.T.);
#1616=ORIENTED_EDGE('',*,*,#1109,.T.);
#1617=ORIENTED_EDGE('',*,*,#1107,.T.);
#1618=ORIENTED_EDGE('',*,*,#1105,.T.);
#1619=ORIENTED_EDGE('',*,*,#1103,.T.);
#1620=ORIENTED_EDGE('',*,*,#1101,.T.);
#1621=ORIENTED_EDGE('',*,*,#1099,.T.);
#1622=ORIENTED_EDGE('',*,*,#1097,.T.);
#1623=ORIENTED_EDGE('',*,*,#1095,.T.);
#1624=ORIENTED_EDGE('',*,*,#1093,.T.);
#1625=ORIENTED_EDGE('',*,*,#1091,.T.);
#1626=ORIENTED_EDGE('',*,*,#1192,.T.);
#1627=ORIENTED_EDGE('',*,*,#1193,.T.);
#1628=ORIENTED_EDGE('',*,*,#1194,.T.);
#1629=ORIENTED_EDGE('',*,*,#1195,.T.);
#1630=ORIENTED_EDGE('',*,*,#1196,.T.);
#1631=ORIENTED_EDGE('',*,*,#1197,.T.);
#1632=ORIENTED_EDGE('',*,*,#1198,.T.);
#1633=ORIENTED_EDGE('',*,*,#1199,.T.);
#1634=ORIENTED_EDGE('',*,*,#1200,.T.);
#1635=ORIENTED_EDGE('',*,*,#1201,.T.);
#1636=ORIENTED_EDGE('',*,*,#1202,.T.);
#1637=ORIENTED_EDGE('',*,*,#1203,.T.);
#1638=ORIENTED_EDGE('',*,*,#1204,.T.);
#1639=ORIENTED_EDGE('',*,*,#1205,.T.);
#1640=ORIENTED_EDGE('',*,*,#1206,.T.);
#1641=ORIENTED_EDGE('',*,*,#1207,.T.);
#1642=ORIENTED_EDGE('',*,*,#1208,.T.);
#1643=ORIENTED_EDGE('',*,*,#1209,.T.);
#1644=ORIENTED_EDGE('',*,*,#1210,.T.);
#1645=ORIENTED_EDGE('',*,*,#1211,.T.);
#1646=ORIENTED_EDGE('',*,*,#1166,.T.);
#1647=ORIENTED_EDGE('',*,*,#1187,.T.);
#1648=ORIENTED_EDGE('',*,*,#1185,.T.);
#1649=ORIENTED_EDGE('',*,*,#1183,.T.);
#1650=ORIENTED_EDGE('',*,*,#1181,.T.);
#1651=ORIENTED_EDGE('',*,*,#1179,.T.);
#1652=ORIENTED_EDGE('',*,*,#1177,.T.);
#1653=ORIENTED_EDGE('',*,*,#1175,.T.);
#1654=ORIENTED_EDGE('',*,*,#1173,.T.);
#1655=ORIENTED_EDGE('',*,*,#1171,.T.);
#1656=ORIENTED_EDGE('',*,*,#1169,.T.);
#1657=ORIENTED_EDGE('',*,*,#1212,.F.);
#1658=ORIENTED_EDGE('',*,*,#1213,.F.);
#1659=ORIENTED_EDGE('',*,*,#1214,.F.);
#1660=ORIENTED_EDGE('',*,*,#1215,.F.);
#1661=ORIENTED_EDGE('',*,*,#1216,.F.);
#1662=ORIENTED_EDGE('',*,*,#1217,.F.);
#1663=ORIENTED_EDGE('',*,*,#1218,.F.);
#1664=ORIENTED_EDGE('',*,*,#1219,.F.);
#1665=ORIENTED_EDGE('',*,*,#1220,.F.);
#1666=ORIENTED_EDGE('',*,*,#1221,.F.);
#1667=ORIENTED_EDGE('',*,*,#1202,.F.);
#1668=ORIENTED_EDGE('',*,*,#1222,.T.);
#1669=ORIENTED_EDGE('',*,*,#1212,.T.);
#1670=ORIENTED_EDGE('',*,*,#1223,.F.);
#1671=ORIENTED_EDGE('',*,*,#1211,.F.);
#1672=ORIENTED_EDGE('',*,*,#1224,.T.);
#1673=ORIENTED_EDGE('',*,*,#1213,.T.);
#1674=ORIENTED_EDGE('',*,*,#1222,.F.);
#1675=ORIENTED_EDGE('',*,*,#1210,.F.);
#1676=ORIENTED_EDGE('',*,*,#1225,.T.);
#1677=ORIENTED_EDGE('',*,*,#1214,.T.);
#1678=ORIENTED_EDGE('',*,*,#1224,.F.);
#1679=ORIENTED_EDGE('',*,*,#1209,.F.);
#1680=ORIENTED_EDGE('',*,*,#1226,.T.);
#1681=ORIENTED_EDGE('',*,*,#1215,.T.);
#1682=ORIENTED_EDGE('',*,*,#1225,.F.);
#1683=ORIENTED_EDGE('',*,*,#1208,.F.);
#1684=ORIENTED_EDGE('',*,*,#1227,.T.);
#1685=ORIENTED_EDGE('',*,*,#1216,.T.);
#1686=ORIENTED_EDGE('',*,*,#1226,.F.);
#1687=ORIENTED_EDGE('',*,*,#1207,.F.);
#1688=ORIENTED_EDGE('',*,*,#1228,.T.);
#1689=ORIENTED_EDGE('',*,*,#1217,.T.);
#1690=ORIENTED_EDGE('',*,*,#1227,.F.);
#1691=ORIENTED_EDGE('',*,*,#1206,.F.);
#1692=ORIENTED_EDGE('',*,*,#1229,.T.);
#1693=ORIENTED_EDGE('',*,*,#1218,.T.);
#1694=ORIENTED_EDGE('',*,*,#1228,.F.);
#1695=ORIENTED_EDGE('',*,*,#1205,.F.);
#1696=ORIENTED_EDGE('',*,*,#1230,.T.);
#1697=ORIENTED_EDGE('',*,*,#1219,.T.);
#1698=ORIENTED_EDGE('',*,*,#1229,.F.);
#1699=ORIENTED_EDGE('',*,*,#1204,.F.);
#1700=ORIENTED_EDGE('',*,*,#1231,.T.);
#1701=ORIENTED_EDGE('',*,*,#1220,.T.);
#1702=ORIENTED_EDGE('',*,*,#1230,.F.);
#1703=ORIENTED_EDGE('',*,*,#1203,.F.);
#1704=ORIENTED_EDGE('',*,*,#1223,.T.);
#1705=ORIENTED_EDGE('',*,*,#1221,.T.);
#1706=ORIENTED_EDGE('',*,*,#1231,.F.);
#1707=ORIENTED_EDGE('',*,*,#1232,.F.);
#1708=ORIENTED_EDGE('',*,*,#1233,.F.);
#1709=ORIENTED_EDGE('',*,*,#1234,.F.);
#1710=ORIENTED_EDGE('',*,*,#1235,.F.);
#1711=ORIENTED_EDGE('',*,*,#1236,.F.);
#1712=ORIENTED_EDGE('',*,*,#1237,.F.);
#1713=ORIENTED_EDGE('',*,*,#1238,.F.);
#1714=ORIENTED_EDGE('',*,*,#1239,.F.);
#1715=ORIENTED_EDGE('',*,*,#1240,.F.);
#1716=ORIENTED_EDGE('',*,*,#1241,.F.);
#1717=ORIENTED_EDGE('',*,*,#1192,.F.);
#1718=ORIENTED_EDGE('',*,*,#1242,.T.);
#1719=ORIENTED_EDGE('',*,*,#1232,.T.);
#1720=ORIENTED_EDGE('',*,*,#1243,.F.);
#1721=ORIENTED_EDGE('',*,*,#1201,.F.);
#1722=ORIENTED_EDGE('',*,*,#1244,.T.);
#1723=ORIENTED_EDGE('',*,*,#1233,.T.);
#1724=ORIENTED_EDGE('',*,*,#1242,.F.);
#1725=ORIENTED_EDGE('',*,*,#1200,.F.);
#1726=ORIENTED_EDGE('',*,*,#1245,.T.);
#1727=ORIENTED_EDGE('',*,*,#1234,.T.);
#1728=ORIENTED_EDGE('',*,*,#1244,.F.);
#1729=ORIENTED_EDGE('',*,*,#1199,.F.);
#1730=ORIENTED_EDGE('',*,*,#1246,.T.);
#1731=ORIENTED_EDGE('',*,*,#1235,.T.);
#1732=ORIENTED_EDGE('',*,*,#1245,.F.);
#1733=ORIENTED_EDGE('',*,*,#1198,.F.);
#1734=ORIENTED_EDGE('',*,*,#1247,.T.);
#1735=ORIENTED_EDGE('',*,*,#1236,.T.);
#1736=ORIENTED_EDGE('',*,*,#1246,.F.);
#1737=ORIENTED_EDGE('',*,*,#1197,.F.);
#1738=ORIENTED_EDGE('',*,*,#1248,.T.);
#1739=ORIENTED_EDGE('',*,*,#1237,.T.);
#1740=ORIENTED_EDGE('',*,*,#1247,.F.);
#1741=ORIENTED_EDGE('',*,*,#1196,.F.);
#1742=ORIENTED_EDGE('',*,*,#1249,.T.);
#1743=ORIENTED_EDGE('',*,*,#1238,.T.);
#1744=ORIENTED_EDGE('',*,*,#1248,.F.);
#1745=ORIENTED_EDGE('',*,*,#1195,.F.);
#1746=ORIENTED_EDGE('',*,*,#1250,.T.);
#1747=ORIENTED_EDGE('',*,*,#1239,.T.);
#1748=ORIENTED_EDGE('',*,*,#1249,.F.);
#1749=ORIENTED_EDGE('',*,*,#1194,.F.);
#1750=ORIENTED_EDGE('',*,*,#1251,.T.);
#1751=ORIENTED_EDGE('',*,*,#1240,.T.);
#1752=ORIENTED_EDGE('',*,*,#1250,.F.);
#1753=ORIENTED_EDGE('',*,*,#1193,.F.);
#1754=ORIENTED_EDGE('',*,*,#1243,.T.);
#1755=ORIENTED_EDGE('',*,*,#1241,.T.);
#1756=ORIENTED_EDGE('',*,*,#1251,.F.);
#1757=ORIENTED_EDGE('',*,*,#1252,.T.);
#1758=ORIENTED_EDGE('',*,*,#1253,.T.);
#1759=ORIENTED_EDGE('',*,*,#1254,.F.);
#1760=ORIENTED_EDGE('',*,*,#1255,.F.);
#1761=ORIENTED_EDGE('',*,*,#1256,.T.);
#1762=ORIENTED_EDGE('',*,*,#1257,.T.);
#1763=ORIENTED_EDGE('',*,*,#1258,.F.);
#1764=ORIENTED_EDGE('',*,*,#1253,.F.);
#1765=ORIENTED_EDGE('',*,*,#1259,.T.);
#1766=ORIENTED_EDGE('',*,*,#1260,.T.);
#1767=ORIENTED_EDGE('',*,*,#1261,.F.);
#1768=ORIENTED_EDGE('',*,*,#1257,.F.);
#1769=ORIENTED_EDGE('',*,*,#1262,.F.);
#1770=ORIENTED_EDGE('',*,*,#1260,.F.);
#1771=ORIENTED_EDGE('',*,*,#1263,.T.);
#1772=ORIENTED_EDGE('',*,*,#1255,.T.);
#1773=ORIENTED_EDGE('',*,*,#1252,.F.);
#1774=ORIENTED_EDGE('',*,*,#1263,.F.);
#1775=ORIENTED_EDGE('',*,*,#1259,.F.);
#1776=ORIENTED_EDGE('',*,*,#1256,.F.);
#1777=ORIENTED_EDGE('',*,*,#1264,.F.);
#1778=ORIENTED_EDGE('',*,*,#1265,.T.);
#1779=ORIENTED_EDGE('',*,*,#1266,.T.);
#1780=ORIENTED_EDGE('',*,*,#1265,.F.);
#1781=ORIENTED_EDGE('',*,*,#1266,.F.);
#1782=ORIENTED_EDGE('',*,*,#1267,.F.);
#1783=ORIENTED_EDGE('',*,*,#1268,.F.);
#1784=ORIENTED_EDGE('',*,*,#1269,.T.);
#1785=ORIENTED_EDGE('',*,*,#1270,.F.);
#1786=ORIENTED_EDGE('',*,*,#1271,.F.);
#1787=ORIENTED_EDGE('',*,*,#1272,.F.);
#1788=ORIENTED_EDGE('',*,*,#1271,.T.);
#1789=ORIENTED_EDGE('',*,*,#1273,.F.);
#1790=ORIENTED_EDGE('',*,*,#1269,.F.);
#1791=ORIENTED_EDGE('',*,*,#1274,.F.);
#1792=ORIENTED_EDGE('',*,*,#1275,.T.);
#1793=ORIENTED_EDGE('',*,*,#1276,.T.);
#1794=ORIENTED_EDGE('',*,*,#1277,.F.);
#1795=ORIENTED_EDGE('',*,*,#1278,.F.);
#1796=ORIENTED_EDGE('',*,*,#1279,.F.);
#1797=ORIENTED_EDGE('',*,*,#1280,.T.);
#1798=ORIENTED_EDGE('',*,*,#1281,.T.);
#1799=ORIENTED_EDGE('',*,*,#1276,.F.);
#1800=ORIENTED_EDGE('',*,*,#1282,.T.);
#1801=ORIENTED_EDGE('',*,*,#1283,.F.);
#1802=ORIENTED_EDGE('',*,*,#1284,.F.);
#1803=ORIENTED_EDGE('',*,*,#1285,.F.);
#1804=ORIENTED_EDGE('',*,*,#1283,.T.);
#1805=ORIENTED_EDGE('',*,*,#1286,.T.);
#1806=ORIENTED_EDGE('',*,*,#1287,.F.);
#1807=ORIENTED_EDGE('',*,*,#1280,.F.);
#1808=ORIENTED_EDGE('',*,*,#1288,.F.);
#1809=ORIENTED_EDGE('',*,*,#1287,.T.);
#1810=ORIENTED_EDGE('',*,*,#1289,.T.);
#1811=ORIENTED_EDGE('',*,*,#1282,.F.);
#1812=ORIENTED_EDGE('',*,*,#1275,.F.);
#1813=ORIENTED_EDGE('',*,*,#1188,.F.);
#1814=ORIENTED_EDGE('',*,*,#1281,.F.);
#1815=ORIENTED_EDGE('',*,*,#1289,.F.);
#1816=ORIENTED_EDGE('',*,*,#1286,.F.);
#1817=ORIENTED_EDGE('',*,*,#1270,.T.);
#1818=ORIENTED_EDGE('',*,*,#1273,.T.);
#1819=ORIENTED_EDGE('',*,*,#1290,.F.);
#1820=ORIENTED_EDGE('',*,*,#1148,.T.);
#1821=ORIENTED_EDGE('',*,*,#1165,.T.);
#1822=ORIENTED_EDGE('',*,*,#1163,.T.);
#1823=ORIENTED_EDGE('',*,*,#1161,.T.);
#1824=ORIENTED_EDGE('',*,*,#1159,.T.);
#1825=ORIENTED_EDGE('',*,*,#1157,.T.);
#1826=ORIENTED_EDGE('',*,*,#1155,.T.);
#1827=ORIENTED_EDGE('',*,*,#1153,.T.);
#1828=ORIENTED_EDGE('',*,*,#1151,.T.);
#1829=ORIENTED_EDGE('',*,*,#1267,.T.);
#1830=ORIENTED_EDGE('',*,*,#1291,.T.);
#1831=ORIENTED_EDGE('',*,*,#1290,.T.);
#1832=ORIENTED_EDGE('',*,*,#1291,.F.);
#1833=ORIENTED_EDGE('',*,*,#1278,.T.);
#1834=ORIENTED_EDGE('',*,*,#1191,.T.);
#1835=ORIENTED_EDGE('',*,*,#1292,.T.);
#1836=ORIENTED_EDGE('',*,*,#1293,.T.);
#1837=ORIENTED_EDGE('',*,*,#1294,.T.);
#1838=ORIENTED_EDGE('',*,*,#1295,.T.);
#1839=ORIENTED_EDGE('',*,*,#1296,.T.);
#1840=ORIENTED_EDGE('',*,*,#1297,.T.);
#1841=ORIENTED_EDGE('',*,*,#1298,.T.);
#1842=ORIENTED_EDGE('',*,*,#1299,.T.);
#1843=ORIENTED_EDGE('',*,*,#1300,.F.);
#1844=ORIENTED_EDGE('',*,*,#1189,.T.);
#1845=ORIENTED_EDGE('',*,*,#1274,.T.);
#1846=ORIENTED_EDGE('',*,*,#1301,.F.);
#1847=ORIENTED_EDGE('',*,*,#1302,.F.);
#1848=ORIENTED_EDGE('',*,*,#1303,.T.);
#1849=ORIENTED_EDGE('',*,*,#1304,.T.);
#1850=ORIENTED_EDGE('',*,*,#1305,.T.);
#1851=ORIENTED_EDGE('',*,*,#1306,.T.);
#1852=ORIENTED_EDGE('',*,*,#1307,.T.);
#1853=ORIENTED_EDGE('',*,*,#1308,.T.);
#1854=ORIENTED_EDGE('',*,*,#1309,.T.);
#1855=ORIENTED_EDGE('',*,*,#1310,.F.);
#1856=ORIENTED_EDGE('',*,*,#1311,.F.);
#1857=ORIENTED_EDGE('',*,*,#1292,.F.);
#1858=ORIENTED_EDGE('',*,*,#1190,.T.);
#1859=ORIENTED_EDGE('',*,*,#1309,.F.);
#1860=ORIENTED_EDGE('',*,*,#1312,.T.);
#1861=ORIENTED_EDGE('',*,*,#1262,.T.);
#1862=ORIENTED_EDGE('',*,*,#1254,.T.);
#1863=ORIENTED_EDGE('',*,*,#1258,.T.);
#1864=ORIENTED_EDGE('',*,*,#1261,.T.);
#1865=ORIENTED_EDGE('',*,*,#1264,.T.);
#1866=ORIENTED_EDGE('',*,*,#1268,.T.);
#1867=ORIENTED_EDGE('',*,*,#1272,.T.);
#1868=ORIENTED_EDGE('',*,*,#1313,.F.);
#1869=ORIENTED_EDGE('',*,*,#1314,.F.);
#1870=ORIENTED_EDGE('',*,*,#1297,.F.);
#1871=ORIENTED_EDGE('',*,*,#1315,.F.);
#1872=ORIENTED_EDGE('',*,*,#1316,.F.);
#1873=ORIENTED_EDGE('',*,*,#1315,.T.);
#1874=ORIENTED_EDGE('',*,*,#1296,.F.);
#1875=ORIENTED_EDGE('',*,*,#1317,.F.);
#1876=ORIENTED_EDGE('',*,*,#1318,.F.);
#1877=ORIENTED_EDGE('',*,*,#1317,.T.);
#1878=ORIENTED_EDGE('',*,*,#1295,.F.);
#1879=ORIENTED_EDGE('',*,*,#1319,.F.);
#1880=ORIENTED_EDGE('',*,*,#1320,.F.);
#1881=ORIENTED_EDGE('',*,*,#1319,.T.);
#1882=ORIENTED_EDGE('',*,*,#1294,.F.);
#1883=ORIENTED_EDGE('',*,*,#1321,.F.);
#1884=ORIENTED_EDGE('',*,*,#1322,.F.);
#1885=ORIENTED_EDGE('',*,*,#1321,.T.);
#1886=ORIENTED_EDGE('',*,*,#1293,.F.);
#1887=ORIENTED_EDGE('',*,*,#1311,.T.);
#1888=ORIENTED_EDGE('',*,*,#1323,.F.);
#1889=ORIENTED_EDGE('',*,*,#1312,.F.);
#1890=ORIENTED_EDGE('',*,*,#1308,.F.);
#1891=ORIENTED_EDGE('',*,*,#1324,.F.);
#1892=ORIENTED_EDGE('',*,*,#1325,.F.);
#1893=ORIENTED_EDGE('',*,*,#1324,.T.);
#1894=ORIENTED_EDGE('',*,*,#1307,.F.);
#1895=ORIENTED_EDGE('',*,*,#1326,.F.);
#1896=ORIENTED_EDGE('',*,*,#1327,.F.);
#1897=ORIENTED_EDGE('',*,*,#1326,.T.);
#1898=ORIENTED_EDGE('',*,*,#1306,.F.);
#1899=ORIENTED_EDGE('',*,*,#1328,.F.);
#1900=ORIENTED_EDGE('',*,*,#1329,.F.);
#1901=ORIENTED_EDGE('',*,*,#1328,.T.);
#1902=ORIENTED_EDGE('',*,*,#1305,.F.);
#1903=ORIENTED_EDGE('',*,*,#1330,.F.);
#1904=ORIENTED_EDGE('',*,*,#1331,.F.);
#1905=ORIENTED_EDGE('',*,*,#1330,.T.);
#1906=ORIENTED_EDGE('',*,*,#1304,.F.);
#1907=ORIENTED_EDGE('',*,*,#1332,.F.);
#1908=ORIENTED_EDGE('',*,*,#1314,.T.);
#1909=ORIENTED_EDGE('',*,*,#1333,.T.);
#1910=ORIENTED_EDGE('',*,*,#1334,.T.);
#1911=ORIENTED_EDGE('',*,*,#1298,.F.);
#1912=ORIENTED_EDGE('',*,*,#1332,.T.);
#1913=ORIENTED_EDGE('',*,*,#1303,.F.);
#1914=ORIENTED_EDGE('',*,*,#1335,.T.);
#1915=ORIENTED_EDGE('',*,*,#1336,.T.);
#1916=ORIENTED_EDGE('',*,*,#1310,.T.);
#1917=ORIENTED_EDGE('',*,*,#1323,.T.);
#1918=ORIENTED_EDGE('',*,*,#1325,.T.);
#1919=ORIENTED_EDGE('',*,*,#1327,.T.);
#1920=ORIENTED_EDGE('',*,*,#1329,.T.);
#1921=ORIENTED_EDGE('',*,*,#1331,.T.);
#1922=ORIENTED_EDGE('',*,*,#1336,.F.);
#1923=ORIENTED_EDGE('',*,*,#1337,.T.);
#1924=ORIENTED_EDGE('',*,*,#1338,.F.);
#1925=ORIENTED_EDGE('',*,*,#1339,.F.);
#1926=ORIENTED_EDGE('',*,*,#1333,.F.);
#1927=ORIENTED_EDGE('',*,*,#1313,.T.);
#1928=ORIENTED_EDGE('',*,*,#1316,.T.);
#1929=ORIENTED_EDGE('',*,*,#1318,.T.);
#1930=ORIENTED_EDGE('',*,*,#1320,.T.);
#1931=ORIENTED_EDGE('',*,*,#1322,.T.);
#1932=ORIENTED_EDGE('',*,*,#1334,.F.);
#1933=ORIENTED_EDGE('',*,*,#1339,.T.);
#1934=ORIENTED_EDGE('',*,*,#1340,.F.);
#1935=ORIENTED_EDGE('',*,*,#1299,.F.);
#1936=ORIENTED_EDGE('',*,*,#1335,.F.);
#1937=ORIENTED_EDGE('',*,*,#1302,.T.);
#1938=ORIENTED_EDGE('',*,*,#1341,.F.);
#1939=ORIENTED_EDGE('',*,*,#1337,.F.);
#1940=ORIENTED_EDGE('',*,*,#1279,.T.);
#1941=ORIENTED_EDGE('',*,*,#1300,.T.);
#1942=ORIENTED_EDGE('',*,*,#1340,.T.);
#1943=ORIENTED_EDGE('',*,*,#1338,.T.);
#1944=ORIENTED_EDGE('',*,*,#1341,.T.);
#1945=ORIENTED_EDGE('',*,*,#1301,.T.);
#1946=ORIENTED_EDGE('',*,*,#1277,.T.);
#1947=ORIENTED_EDGE('',*,*,#1284,.T.);
#1948=ORIENTED_EDGE('',*,*,#1285,.T.);
#1949=ORIENTED_EDGE('',*,*,#1288,.T.);
#1950=CYLINDRICAL_SURFACE('',#2095,19.);
#1951=CYLINDRICAL_SURFACE('',#2112,19.);
#1952=CYLINDRICAL_SURFACE('',#2113,18.5);
#1953=CYLINDRICAL_SURFACE('',#2114,19.);
#1954=CYLINDRICAL_SURFACE('',#2115,18.5);
#1955=CYLINDRICAL_SURFACE('',#2128,19.);
#1956=CYLINDRICAL_SURFACE('',#2144,19.);
#1957=CYLINDRICAL_SURFACE('',#2165,3.25);
#1958=CYLINDRICAL_SURFACE('',#2171,6.);
#1959=CYLINDRICAL_SURFACE('',#2174,18.5);
#1960=CYLINDRICAL_SURFACE('',#2177,18.5);
#1961=CYLINDRICAL_SURFACE('',#2181,20.1);
#1962=CYLINDRICAL_SURFACE('',#2187,18.5);
#1963=CYLINDRICAL_SURFACE('',#2188,0.849999999999998);
#1964=CYLINDRICAL_SURFACE('',#2198,0.799999999999989);
#1965=CYLINDRICAL_SURFACE('',#2201,1.29999999999999);
#1966=CYLINDRICAL_SURFACE('',#2203,1.3);
#1967=CYLINDRICAL_SURFACE('',#2206,0.799999999999989);
#1968=ADVANCED_FACE('',(#123),#1950,.T.);
#1969=ADVANCED_FACE('',(#124),#70,.F.);
#1970=ADVANCED_FACE('',(#125),#28,.F.);
#1971=ADVANCED_FACE('',(#126),#71,.F.);
#1972=ADVANCED_FACE('',(#127),#72,.F.);
#1973=ADVANCED_FACE('',(#128),#73,.F.);
#1974=ADVANCED_FACE('',(#129),#74,.F.);
#1975=ADVANCED_FACE('',(#130),#29,.F.);
#1976=ADVANCED_FACE('',(#131),#75,.F.);
#1977=ADVANCED_FACE('',(#132),#76,.F.);
#1978=ADVANCED_FACE('',(#133),#77,.F.);
#1979=ADVANCED_FACE('',(#134,#15),#1951,.T.);
#1980=ADVANCED_FACE('',(#135),#30,.F.);
#1981=ADVANCED_FACE('',(#136),#31,.F.);
#1982=ADVANCED_FACE('',(#137),#32,.F.);
#1983=ADVANCED_FACE('',(#138),#33,.F.);
#1984=ADVANCED_FACE('',(#139),#34,.F.);
#1985=ADVANCED_FACE('',(#140),#35,.F.);
#1986=ADVANCED_FACE('',(#141),#36,.F.);
#1987=ADVANCED_FACE('',(#142),#37,.F.);
#1988=ADVANCED_FACE('',(#143),#38,.F.);
#1989=ADVANCED_FACE('',(#144),#39,.F.);
#1990=ADVANCED_FACE('',(#145),#40,.F.);
#1991=ADVANCED_FACE('',(#146),#41,.F.);
#1992=ADVANCED_FACE('',(#147),#42,.F.);
#1993=ADVANCED_FACE('',(#148),#43,.F.);
#1994=ADVANCED_FACE('',(#149),#44,.F.);
#1995=ADVANCED_FACE('',(#150),#45,.F.);
#1996=ADVANCED_FACE('',(#151),#46,.F.);
#1997=ADVANCED_FACE('',(#152),#47,.F.);
#1998=ADVANCED_FACE('',(#153),#48,.F.);
#1999=ADVANCED_FACE('',(#154),#49,.F.);
#2000=ADVANCED_FACE('',(#155),#1952,.T.);
#2001=ADVANCED_FACE('',(#156,#16),#1953,.T.);
#2002=ADVANCED_FACE('',(#157),#50,.F.);
#2003=ADVANCED_FACE('',(#158),#51,.F.);
#2004=ADVANCED_FACE('',(#159),#52,.F.);
#2005=ADVANCED_FACE('',(#160),#53,.F.);
#2006=ADVANCED_FACE('',(#161),#54,.F.);
#2007=ADVANCED_FACE('',(#162),#55,.F.);
#2008=ADVANCED_FACE('',(#163),#56,.F.);
#2009=ADVANCED_FACE('',(#164),#57,.F.);
#2010=ADVANCED_FACE('',(#165),#58,.F.);
#2011=ADVANCED_FACE('',(#166),#59,.F.);
#2012=ADVANCED_FACE('',(#167),#60,.F.);
#2013=ADVANCED_FACE('',(#168),#61,.F.);
#2014=ADVANCED_FACE('',(#169),#62,.F.);
#2015=ADVANCED_FACE('',(#170),#63,.F.);
#2016=ADVANCED_FACE('',(#171),#64,.F.);
#2017=ADVANCED_FACE('',(#172),#65,.F.);
#2018=ADVANCED_FACE('',(#173),#66,.F.);
#2019=ADVANCED_FACE('',(#174),#67,.F.);
#2020=ADVANCED_FACE('',(#175),#68,.F.);
#2021=ADVANCED_FACE('',(#176),#69,.F.);
#2022=ADVANCED_FACE('',(#177,#17,#18,#19,#20,#21),#1954,.T.);
#2023=ADVANCED_FACE('',(#178),#1955,.T.);
#2024=ADVANCED_FACE('',(#179),#78,.F.);
#2025=ADVANCED_FACE('',(#180),#79,.F.);
#2026=ADVANCED_FACE('',(#181),#80,.F.);
#2027=ADVANCED_FACE('',(#182),#81,.F.);
#2028=ADVANCED_FACE('',(#183),#82,.F.);
#2029=ADVANCED_FACE('',(#184),#83,.F.);
#2030=ADVANCED_FACE('',(#185),#84,.F.);
#2031=ADVANCED_FACE('',(#186),#85,.F.);
#2032=ADVANCED_FACE('',(#187),#86,.F.);
#2033=ADVANCED_FACE('',(#188),#87,.F.);
#2034=ADVANCED_FACE('',(#189),#1956,.T.);
#2035=ADVANCED_FACE('',(#190),#88,.F.);
#2036=ADVANCED_FACE('',(#191),#89,.F.);
#2037=ADVANCED_FACE('',(#192),#90,.F.);
#2038=ADVANCED_FACE('',(#193),#91,.F.);
#2039=ADVANCED_FACE('',(#194),#92,.F.);
#2040=ADVANCED_FACE('',(#195),#93,.F.);
#2041=ADVANCED_FACE('',(#196),#94,.F.);
#2042=ADVANCED_FACE('',(#197),#95,.F.);
#2043=ADVANCED_FACE('',(#198),#96,.F.);
#2044=ADVANCED_FACE('',(#199),#97,.F.);
#2045=ADVANCED_FACE('',(#200),#98,.T.);
#2046=ADVANCED_FACE('',(#201),#99,.T.);
#2047=ADVANCED_FACE('',(#202),#100,.T.);
#2048=ADVANCED_FACE('',(#203),#101,.T.);
#2049=ADVANCED_FACE('',(#204),#102,.T.);
#2050=ADVANCED_FACE('',(#205),#1957,.F.);
#2051=ADVANCED_FACE('',(#206,#22),#103,.T.);
#2052=ADVANCED_FACE('',(#207),#104,.F.);
#2053=ADVANCED_FACE('',(#208),#1958,.F.);
#2054=ADVANCED_FACE('',(#209),#1959,.F.);
#2055=ADVANCED_FACE('',(#210),#1960,.F.);
#2056=ADVANCED_FACE('',(#211),#105,.F.);
#2057=ADVANCED_FACE('',(#212),#1961,.F.);
#2058=ADVANCED_FACE('',(#213),#106,.F.);
#2059=ADVANCED_FACE('',(#214,#23,#24),#107,.T.);
#2060=ADVANCED_FACE('',(#215),#1962,.T.);
#2061=ADVANCED_FACE('',(#216),#1963,.F.);
#2062=ADVANCED_FACE('',(#217),#108,.T.);
#2063=ADVANCED_FACE('',(#218),#109,.T.);
#2064=ADVANCED_FACE('',(#219,#25,#26,#27),#110,.F.);
#2065=ADVANCED_FACE('',(#220),#111,.T.);
#2066=ADVANCED_FACE('',(#221),#112,.T.);
#2067=ADVANCED_FACE('',(#222),#1964,.F.);
#2068=ADVANCED_FACE('',(#223),#113,.T.);
#2069=ADVANCED_FACE('',(#224),#1965,.F.);
#2070=ADVANCED_FACE('',(#225),#1966,.F.);
#2071=ADVANCED_FACE('',(#226),#114,.T.);
#2072=ADVANCED_FACE('',(#227),#1967,.F.);
#2073=ADVANCED_FACE('',(#228),#115,.T.);
#2074=ADVANCED_FACE('',(#229),#116,.T.);
#2075=ADVANCED_FACE('',(#230),#117,.F.);
#2076=ADVANCED_FACE('',(#231),#118,.F.);
#2077=ADVANCED_FACE('',(#232),#119,.T.);
#2078=ADVANCED_FACE('',(#233),#120,.T.);
#2079=ADVANCED_FACE('',(#234),#121,.T.);
#2080=ADVANCED_FACE('',(#235),#122,.T.);
#2081=CLOSED_SHELL('',(#1968,#1969,#1970,#1971,#1972,#1973,#1974,#1975,
#1976,#1977,#1978,#1979,#1980,#1981,#1982,#1983,#1984,#1985,#1986,#1987,
#1988,#1989,#1990,#1991,#1992,#1993,#1994,#1995,#1996,#1997,#1998,#1999,
#2000,#2001,#2002,#2003,#2004,#2005,#2006,#2007,#2008,#2009,#2010,#2011,
#2012,#2013,#2014,#2015,#2016,#2017,#2018,#2019,#2020,#2021,#2022,#2023,
#2024,#2025,#2026,#2027,#2028,#2029,#2030,#2031,#2032,#2033,#2034,#2035,
#2036,#2037,#2038,#2039,#2040,#2041,#2042,#2043,#2044,#2045,#2046,#2047,
#2048,#2049,#2050,#2051,#2052,#2053,#2054,#2055,#2056,#2057,#2058,#2059,
#2060,#2061,#2062,#2063,#2064,#2065,#2066,#2067,#2068,#2069,#2070,#2071,
#2072,#2073,#2074,#2075,#2076,#2077,#2078,#2079,#2080));
#2082=DERIVED_UNIT_ELEMENT(#2084,1.);
#2083=DERIVED_UNIT_ELEMENT(#4377,-3.);
#2084=(
MASS_UNIT()
NAMED_UNIT(*)
SI_UNIT(.KILO.,.GRAM.)
);
#2085=DERIVED_UNIT((#2082,#2083));
#2086=MEASURE_REPRESENTATION_ITEM('density measure',
POSITIVE_RATIO_MEASURE(7850.),#2085);
#2087=PROPERTY_DEFINITION_REPRESENTATION(#2092,#2089);
#2088=PROPERTY_DEFINITION_REPRESENTATION(#2093,#2090);
#2089=REPRESENTATION('material name',(#2091),#4374);
#2090=REPRESENTATION('density',(#2086),#4374);
#2091=DESCRIPTIVE_REPRESENTATION_ITEM('Steel','Steel');
#2092=PROPERTY_DEFINITION('material property','material name',#4384);
#2093=PROPERTY_DEFINITION('material property','density of part',#4384);
#2094=AXIS2_PLACEMENT_3D('',#2630,#2216,#2217);
#2095=AXIS2_PLACEMENT_3D('',#2631,#2218,#2219);
#2096=AXIS2_PLACEMENT_3D('',#2641,#2221,#2222);
#2097=AXIS2_PLACEMENT_3D('',#2645,#2224,#2225);
#2098=AXIS2_PLACEMENT_3D('',#2654,#2227,#2228);
#2099=AXIS2_PLACEMENT_3D('',#2657,#2230,#2231);
#2100=AXIS2_PLACEMENT_3D('',#2658,#2232,#2233);
#2101=AXIS2_PLACEMENT_3D('',#2686,#2238,#2239);
#2102=AXIS2_PLACEMENT_3D('',#2688,#2240,#2241);
#2103=AXIS2_PLACEMENT_3D('',#2690,#2243,#2244);
#2104=AXIS2_PLACEMENT_3D('',#2694,#2247,#2248);
#2105=AXIS2_PLACEMENT_3D('',#2696,#2249,#2250);
#2106=AXIS2_PLACEMENT_3D('',#2698,#2252,#2253);
#2107=AXIS2_PLACEMENT_3D('',#2724,#2257,#2258);
#2108=AXIS2_PLACEMENT_3D('',#2726,#2259,#2260);
#2109=AXIS2_PLACEMENT_3D('',#2728,#2262,#2263);
#2110=AXIS2_PLACEMENT_3D('',#2732,#2266,#2267);
#2111=AXIS2_PLACEMENT_3D('',#2733,#2268,#2269);
#2112=AXIS2_PLACEMENT_3D('',#2734,#2270,#2271);
#2113=AXIS2_PLACEMENT_3D('',#3395,#2292,#2293);
#2114=AXIS2_PLACEMENT_3D('',#3396,#2294,#2295);
#2115=AXIS2_PLACEMENT_3D('',#4057,#2316,#2317);
#2116=AXIS2_PLACEMENT_3D('',#4060,#2318,#2319);
#2117=AXIS2_PLACEMENT_3D('',#4064,#2321,#2322);
#2118=AXIS2_PLACEMENT_3D('',#4070,#2325,#2326);
#2119=AXIS2_PLACEMENT_3D('',#4074,#2328,#2329);
#2120=AXIS2_PLACEMENT_3D('',#4078,#2331,#2332);
#2121=AXIS2_PLACEMENT_3D('',#4082,#2334,#2335);
#2122=AXIS2_PLACEMENT_3D('',#4085,#2337,#2338);
#2123=AXIS2_PLACEMENT_3D('',#4090,#2340,#2341);
#2124=AXIS2_PLACEMENT_3D('',#4094,#2343,#2344);
#2125=AXIS2_PLACEMENT_3D('',#4098,#2346,#2347);
#2126=AXIS2_PLACEMENT_3D('',#4102,#2349,#2350);
#2127=AXIS2_PLACEMENT_3D('',#4105,#2352,#2353);
#2128=AXIS2_PLACEMENT_3D('',#4106,#2354,#2355);
#2129=AXIS2_PLACEMENT_3D('',#4111,#2357,#2358);
#2130=AXIS2_PLACEMENT_3D('',#4115,#2360,#2361);
#2131=AXIS2_PLACEMENT_3D('',#4119,#2363,#2364);
#2132=AXIS2_PLACEMENT_3D('',#4123,#2366,#2367);
#2133=AXIS2_PLACEMENT_3D('',#4126,#2369,#2370);
#2134=AXIS2_PLACEMENT_3D('',#4127,#2371,#2372);
#2135=AXIS2_PLACEMENT_3D('',#4130,#2375,#2376);
#2136=AXIS2_PLACEMENT_3D('',#4132,#2378,#2379);
#2137=AXIS2_PLACEMENT_3D('',#4134,#2381,#2382);
#2138=AXIS2_PLACEMENT_3D('',#4136,#2384,#2385);
#2139=AXIS2_PLACEMENT_3D('',#4138,#2387,#2388);
#2140=AXIS2_PLACEMENT_3D('',#4140,#2390,#2391);
#2141=AXIS2_PLACEMENT_3D('',#4142,#2393,#2394);
#2142=AXIS2_PLACEMENT_3D('',#4144,#2396,#2397);
#2143=AXIS2_PLACEMENT_3D('',#4146,#2399,#2400);
#2144=AXIS2_PLACEMENT_3D('',#4147,#2401,#2402);
#2145=AXIS2_PLACEMENT_3D('',#4152,#2404,#2405);
#2146=AXIS2_PLACEMENT_3D('',#4156,#2407,#2408);
#2147=AXIS2_PLACEMENT_3D('',#4160,#2410,#2411);
#2148=AXIS2_PLACEMENT_3D('',#4164,#2413,#2414);
#2149=AXIS2_PLACEMENT_3D('',#4167,#2416,#2417);
#2150=AXIS2_PLACEMENT_3D('',#4168,#2418,#2419);
#2151=AXIS2_PLACEMENT_3D('',#4171,#2422,#2423);
#2152=AXIS2_PLACEMENT_3D('',#4173,#2425,#2426);
#2153=AXIS2_PLACEMENT_3D('',#4175,#2428,#2429);
#2154=AXIS2_PLACEMENT_3D('',#4177,#2431,#2432);
#2155=AXIS2_PLACEMENT_3D('',#4179,#2434,#2435);
#2156=AXIS2_PLACEMENT_3D('',#4181,#2437,#2438);
#2157=AXIS2_PLACEMENT_3D('',#4183,#2440,#2441);
#2158=AXIS2_PLACEMENT_3D('',#4185,#2443,#2444);
#2159=AXIS2_PLACEMENT_3D('',#4187,#2446,#2447);
#2160=AXIS2_PLACEMENT_3D('',#4188,#2448,#2449);
#2161=AXIS2_PLACEMENT_3D('',#4197,#2454,#2455);
#2162=AXIS2_PLACEMENT_3D('',#4203,#2459,#2460);
#2163=AXIS2_PLACEMENT_3D('',#4209,#2464,#2465);
#2164=AXIS2_PLACEMENT_3D('',#4212,#2468,#2469);
#2165=AXIS2_PLACEMENT_3D('',#4213,#2470,#2471);
#2166=AXIS2_PLACEMENT_3D('',#4215,#2472,#2473);
#2167=AXIS2_PLACEMENT_3D('',#4218,#2475,#2476);
#2168=AXIS2_PLACEMENT_3D('',#4219,#2477,#2478);
#2169=AXIS2_PLACEMENT_3D('',#4221,#2479,#2480);
#2170=AXIS2_PLACEMENT_3D('',#4222,#2481,#2482);
#2171=AXIS2_PLACEMENT_3D('',#4231,#2487,#2488);
#2172=AXIS2_PLACEMENT_3D('',#4232,#2489,#2490);
#2173=AXIS2_PLACEMENT_3D('',#4233,#2491,#2492);
#2174=AXIS2_PLACEMENT_3D('',#4234,#2493,#2494);
#2175=AXIS2_PLACEMENT_3D('',#4238,#2496,#2497);
#2176=AXIS2_PLACEMENT_3D('',#4241,#2499,#2500);
#2177=AXIS2_PLACEMENT_3D('',#4242,#2501,#2502);
#2178=AXIS2_PLACEMENT_3D('',#4246,#2504,#2505);
#2179=AXIS2_PLACEMENT_3D('',#4249,#2507,#2508);
#2180=AXIS2_PLACEMENT_3D('',#4250,#2509,#2510);
#2181=AXIS2_PLACEMENT_3D('',#4256,#2514,#2515);
#2182=AXIS2_PLACEMENT_3D('',#4258,#2516,#2517);
#2183=AXIS2_PLACEMENT_3D('',#4260,#2518,#2519);
#2184=AXIS2_PLACEMENT_3D('',#4262,#2521,#2522);
#2185=AXIS2_PLACEMENT_3D('',#4265,#2525,#2526);
#2186=AXIS2_PLACEMENT_3D('',#4267,#2527,#2528);
#2187=AXIS2_PLACEMENT_3D('',#4268,#2529,#2530);
#2188=AXIS2_PLACEMENT_3D('',#4269,#2531,#2532);
#2189=AXIS2_PLACEMENT_3D('',#4271,#2534,#2535);
#2190=AXIS2_PLACEMENT_3D('',#4275,#2537,#2538);
#2191=AXIS2_PLACEMENT_3D('',#4279,#2540,#2541);
#2192=AXIS2_PLACEMENT_3D('',#4289,#2547,#2548);
#2193=AXIS2_PLACEMENT_3D('',#4301,#2554,#2555);
#2194=AXIS2_PLACEMENT_3D('',#4305,#2557,#2558);
#2195=AXIS2_PLACEMENT_3D('',#4307,#2560,#2561);
#2196=AXIS2_PLACEMENT_3D('',#4313,#2565,#2566);
#2197=AXIS2_PLACEMENT_3D('',#4319,#2570,#2571);
#2198=AXIS2_PLACEMENT_3D('',#4323,#2574,#2575);
#2199=AXIS2_PLACEMENT_3D('',#4325,#2576,#2577);
#2200=AXIS2_PLACEMENT_3D('',#4327,#2579,#2580);
#2201=AXIS2_PLACEMENT_3D('',#4331,#2583,#2584);
#2202=AXIS2_PLACEMENT_3D('',#4332,#2585,#2586);
#2203=AXIS2_PLACEMENT_3D('',#4333,#2587,#2588);
#2204=AXIS2_PLACEMENT_3D('',#4335,#2589,#2590);
#2205=AXIS2_PLACEMENT_3D('',#4337,#2592,#2593);
#2206=AXIS2_PLACEMENT_3D('',#4341,#2596,#2597);
#2207=AXIS2_PLACEMENT_3D('',#4343,#2598,#2599);
#2208=AXIS2_PLACEMENT_3D('',#4345,#2601,#2602);
#2209=AXIS2_PLACEMENT_3D('',#4349,#2605,#2606);
#2210=AXIS2_PLACEMENT_3D('',#4353,#2609,#2610);
#2211=AXIS2_PLACEMENT_3D('',#4357,#2613,#2614);
#2212=AXIS2_PLACEMENT_3D('',#4361,#2617,#2618);
#2213=AXIS2_PLACEMENT_3D('',#4367,#2622,#2623);
#2214=AXIS2_PLACEMENT_3D('',#4369,#2625,#2626);
#2215=AXIS2_PLACEMENT_3D('',#4371,#2628,#2629);
#2216=DIRECTION('axis',(0.,0.,1.));
#2217=DIRECTION('refdir',(1.,0.,0.));
#2218=DIRECTION('center_axis',(0.,0.,-1.));
#2219=DIRECTION('ref_axis',(-1.,0.,0.));
#2220=DIRECTION('',(0.,0.,-1.));
#2221=DIRECTION('center_axis',(0.,0.,-1.));
#2222=DIRECTION('ref_axis',(-0.606888248359334,-0.794787175288667,0.));
#2223=DIRECTION('',(0.,0.,-1.));
#2224=DIRECTION('center_axis',(0.,0.,1.));
#2225=DIRECTION('ref_axis',(-0.628460277918165,-0.777841679957447,0.));
#2226=DIRECTION('',(0.,0.,1.));
#2227=DIRECTION('center_axis',(0.,0.,1.));
#2228=DIRECTION('ref_axis',(-0.732840398253484,-0.680400581045957,0.));
#2229=DIRECTION('',(0.,0.,1.));
#2230=DIRECTION('center_axis',(0.,0.,-1.));
#2231=DIRECTION('ref_axis',(-0.713901837682645,-0.700245789814793,0.));
#2232=DIRECTION('center_axis',(-0.700245789814793,0.713901837682645,0.));
#2233=DIRECTION('ref_axis',(0.,0.,1.));
#2234=DIRECTION('',(0.,0.,-1.));
#2235=DIRECTION('',(-0.713901837682645,-0.700245789814793,0.));
#2236=DIRECTION('',(-0.713901837682645,-0.700245789814793,0.));
#2237=DIRECTION('',(-0.629950506034606,-0.77663528116275,0.));
#2238=DIRECTION('center_axis',(0.,0.,1.));
#2239=DIRECTION('ref_axis',(1.,0.,0.));
#2240=DIRECTION('center_axis',(0.,0.,-1.));
#2241=DIRECTION('ref_axis',(-1.,0.,0.));
#2242=DIRECTION('',(-0.606888248359334,-0.794787175288667,0.));
#2243=DIRECTION('center_axis',(-0.794787175288667,0.606888248359335,0.));
#2244=DIRECTION('ref_axis',(0.,0.,1.));
#2245=DIRECTION('',(0.,0.,-1.));
#2246=DIRECTION('',(-0.606888248359334,-0.794787175288667,0.));
#2247=DIRECTION('center_axis',(0.,0.,-1.));
#2248=DIRECTION('ref_axis',(-1.,0.,0.));
#2249=DIRECTION('center_axis',(0.,0.,1.));
#2250=DIRECTION('ref_axis',(-1.,0.,0.));
#2251=DIRECTION('',(-0.628460277918165,-0.777841679957447,0.));
#2252=DIRECTION('center_axis',(0.777841679957447,-0.628460277918165,0.));
#2253=DIRECTION('ref_axis',(0.,0.,-1.));
#2254=DIRECTION('',(0.,0.,1.));
#2255=DIRECTION('',(-0.628460277918165,-0.777841679957447,0.));
#2256=DIRECTION('',(-0.712557919521704,-0.701613291868748,0.));
#2257=DIRECTION('center_axis',(0.,0.,-1.));
#2258=DIRECTION('ref_axis',(-1.,0.,0.));
#2259=DIRECTION('center_axis',(0.,0.,1.));
#2260=DIRECTION('ref_axis',(-1.,0.,0.));
#2261=DIRECTION('',(-0.732840398253484,-0.680400581045957,0.));
#2262=DIRECTION('center_axis',(0.680400581045957,-0.732840398253484,0.));
#2263=DIRECTION('ref_axis',(0.,0.,-1.));
#2264=DIRECTION('',(0.,0.,1.));
#2265=DIRECTION('',(-0.732840398253484,-0.680400581045957,0.));
#2266=DIRECTION('center_axis',(0.,0.,1.));
#2267=DIRECTION('ref_axis',(1.,0.,0.));
#2268=DIRECTION('center_axis',(0.,0.,-1.));
#2269=DIRECTION('ref_axis',(-1.,0.,0.));
#2270=DIRECTION('center_axis',(0.,0.,-1.));
#2271=DIRECTION('ref_axis',(-1.,0.,0.));
#2272=DIRECTION('',(0.502960394251528,-0.864309459519186,0.));
#2273=DIRECTION('',(0.471147443857269,-0.882054468922844,0.));
#2274=DIRECTION('',(0.549353892951179,-0.835589791883185,0.));
#2275=DIRECTION('',(0.592449687081765,-0.80560745296746,0.));
#2276=DIRECTION('',(0.622321933818677,-0.782761400867584,0.));
#2277=DIRECTION('',(0.632657067883233,-0.774432072203489,0.));
#2278=DIRECTION('',(0.622841319974088,-0.782348189831699,0.));
#2279=DIRECTION('',(0.593755825622539,-0.804645275596208,0.));
#2280=DIRECTION('',(0.54947708040171,-0.835508789967654,0.));
#2281=DIRECTION('',(0.485652869366844,-0.874151754831935,0.));
#2282=DIRECTION('',(0.46018379114269,-0.887823675269781,0.));
#2283=DIRECTION('',(0.549600255908556,-0.83542776989112,0.));
#2284=DIRECTION('',(0.505189591279784,-0.863008387481005,0.));
#2285=DIRECTION('',(0.581404235591162,-0.813614844282389,0.));
#2286=DIRECTION('',(0.602443477686024,-0.798161547679146,0.));
#2287=DIRECTION('',(0.609541223628094,-0.792754373496587,0.));
#2288=DIRECTION('',(0.592865521388047,-0.80530147991251,0.));
#2289=DIRECTION('',(0.549230693559639,-0.835670775635954,0.));
#2290=DIRECTION('',(0.504425533663673,-0.863455199178347,0.));
#2291=DIRECTION('',(0.486168299779138,-0.873865198008173,0.));
#2292=DIRECTION('center_axis',(0.,0.,-1.));
#2293=DIRECTION('ref_axis',(-1.,0.,0.));
#2294=DIRECTION('center_axis',(0.,0.,-1.));
#2295=DIRECTION('ref_axis',(-1.,0.,0.));
#2296=DIRECTION('',(-0.820427085295855,-0.571751167653332,0.));
#2297=DIRECTION('',(-0.849185902083897,-0.528094029223924,0.));
#2298=DIRECTION('',(-0.79777119846871,-0.602960292966127,0.));
#2299=DIRECTION('',(-0.781760744775836,-0.623578493798118,0.));
#2300=DIRECTION('',(-0.776165520921204,-0.630529209579632,0.));
#2301=DIRECTION('',(-0.789154339557922,-0.614194943285029,0.));
#2302=DIRECTION('',(-0.820679981873736,-0.571388105714255,0.));
#2303=DIRECTION('',(-0.849652890263951,-0.527342361342339,0.));
#2304=DIRECTION('',(-0.860547547075275,-0.509370120072553,0.));
#2305=DIRECTION('',(-0.85054609653736,-0.525900501677894,0.));
#2306=DIRECTION('',(-0.869135747441131,-0.49457360677653,0.));
#2307=DIRECTION('',(-0.820595699329229,-0.571509140996339,0.));
#2308=DIRECTION('',(-0.789471287015462,-0.613787493338004,0.));
#2309=DIRECTION('',(-0.765834376060618,-0.643037874812863,0.));
#2310=DIRECTION('',(-0.757231576748866,-0.653146491358889,0.));
#2311=DIRECTION('',(-0.765407429831425,-0.643546009512026,0.));
#2312=DIRECTION('',(-0.788474465511598,-0.615067489984798,0.));
#2313=DIRECTION('',(-0.820511398934233,-0.571630163846336,0.));
#2314=DIRECTION('',(-0.860847899725727,-0.508862352250395,0.));
#2315=DIRECTION('',(-0.875196126583411,-0.483768270986631,0.));
#2316=DIRECTION('center_axis',(0.,0.,-1.));
#2317=DIRECTION('ref_axis',(1.83697019872103E-16,-1.,0.));
#2318=DIRECTION('center_axis',(0.,0.,-1.));
#2319=DIRECTION('ref_axis',(-1.,0.,0.));
#2320=DIRECTION('',(0.,0.,1.));
#2321=DIRECTION('center_axis',(0.,0.,1.));
#2322=DIRECTION('ref_axis',(-1.,0.,0.));
#2323=DIRECTION('',(0.,0.,-1.));
#2324=DIRECTION('',(0.,0.,-1.));
#2325=DIRECTION('center_axis',(0.,0.,-1.));
#2326=DIRECTION('ref_axis',(-1.,0.,0.));
#2327=DIRECTION('',(0.,0.,1.));
#2328=DIRECTION('center_axis',(0.,0.,1.));
#2329=DIRECTION('ref_axis',(-1.,0.,0.));
#2330=DIRECTION('',(0.,0.,-1.));
#2331=DIRECTION('center_axis',(0.,0.,-1.));
#2332=DIRECTION('ref_axis',(-1.,0.,0.));
#2333=DIRECTION('',(0.,0.,-1.));
#2334=DIRECTION('center_axis',(0.,0.,1.));
#2335=DIRECTION('ref_axis',(-1.,0.,0.));
#2336=DIRECTION('',(0.,0.,-1.));
#2337=DIRECTION('center_axis',(0.,0.,-1.));
#2338=DIRECTION('ref_axis',(-1.,0.,0.));
#2339=DIRECTION('',(0.,0.,-1.));
#2340=DIRECTION('center_axis',(0.,0.,-1.));
#2341=DIRECTION('ref_axis',(-1.,0.,0.));
#2342=DIRECTION('',(0.,0.,1.));
#2343=DIRECTION('center_axis',(0.,0.,1.));
#2344=DIRECTION('ref_axis',(-1.,0.,0.));
#2345=DIRECTION('',(0.,0.,-1.));
#2346=DIRECTION('center_axis',(0.,0.,-1.));
#2347=DIRECTION('ref_axis',(-1.,0.,0.));
#2348=DIRECTION('',(0.,0.,-1.));
#2349=DIRECTION('center_axis',(0.,0.,1.));
#2350=DIRECTION('ref_axis',(-1.,0.,0.));
#2351=DIRECTION('',(0.,0.,-1.));
#2352=DIRECTION('center_axis',(0.,0.,-1.));
#2353=DIRECTION('ref_axis',(-1.,0.,0.));
#2354=DIRECTION('center_axis',(0.,0.,-1.));
#2355=DIRECTION('ref_axis',(-1.,0.,0.));
#2356=DIRECTION('',(0.,0.,-1.));
#2357=DIRECTION('center_axis',(0.,0.,-1.));
#2358=DIRECTION('ref_axis',(0.753526337066938,-0.657417720590557,0.));
#2359=DIRECTION('',(0.,0.,-1.));
#2360=DIRECTION('center_axis',(0.,0.,1.));
#2361=DIRECTION('ref_axis',(0.683055808029753,-0.730366184264319,0.));
#2362=DIRECTION('',(0.,0.,-1.));
#2363=DIRECTION('center_axis',(0.,0.,-1.));
#2364=DIRECTION('ref_axis',(0.763806948394177,-0.645444765711811,0.));
#2365=DIRECTION('',(0.,0.,-1.));
#2366=DIRECTION('center_axis',(0.,0.,1.));
#2367=DIRECTION('ref_axis',(0.661881438610438,-0.749608538653995,0.));
#2368=DIRECTION('',(0.,0.,1.));
#2369=DIRECTION('center_axis',(0.,0.,-1.));
#2370=DIRECTION('ref_axis',(0.683055808029753,-0.730366184264319,0.));
#2371=DIRECTION('center_axis',(-0.730366184264319,-0.683055808029753,0.));
#2372=DIRECTION('ref_axis',(0.,0.,1.));
#2373=DIRECTION('',(0.683055808029753,-0.730366184264319,0.));
#2374=DIRECTION('',(0.683055808029753,-0.730366184264319,0.));
#2375=DIRECTION('center_axis',(0.,0.,1.));
#2376=DIRECTION('ref_axis',(1.,0.,0.));
#2377=DIRECTION('',(0.753526337066938,-0.657417720590557,0.));
#2378=DIRECTION('center_axis',(-0.657417720590557,-0.753526337066938,0.));
#2379=DIRECTION('ref_axis',(0.,0.,1.));
#2380=DIRECTION('',(0.753526337066937,-0.657417720590557,0.));
#2381=DIRECTION('center_axis',(0.,0.,-1.));
#2382=DIRECTION('ref_axis',(-1.,0.,0.));
#2383=DIRECTION('',(0.683055808029753,-0.730366184264319,0.));
#2384=DIRECTION('center_axis',(-0.730366184264319,-0.683055808029753,0.));
#2385=DIRECTION('ref_axis',(0.,0.,1.));
#2386=DIRECTION('',(0.683055808029753,-0.730366184264319,0.));
#2387=DIRECTION('center_axis',(0.,0.,1.));
#2388=DIRECTION('ref_axis',(1.,0.,0.));
#2389=DIRECTION('',(0.763806948394177,-0.645444765711811,0.));
#2390=DIRECTION('center_axis',(-0.645444765711811,-0.763806948394177,0.));
#2391=DIRECTION('ref_axis',(0.,0.,1.));
#2392=DIRECTION('',(0.763806948394177,-0.645444765711811,0.));
#2393=DIRECTION('center_axis',(0.,0.,-1.));
#2394=DIRECTION('ref_axis',(-1.,0.,0.));
#2395=DIRECTION('',(0.661881438610438,-0.749608538653995,0.));
#2396=DIRECTION('center_axis',(0.749608538653995,0.661881438610438,0.));
#2397=DIRECTION('ref_axis',(0.,0.,-1.));
#2398=DIRECTION('',(0.661881438610437,-0.749608538653995,0.));
#2399=DIRECTION('center_axis',(0.,0.,1.));
#2400=DIRECTION('ref_axis',(1.,0.,0.));
#2401=DIRECTION('center_axis',(0.,0.,-1.));
#2402=DIRECTION('ref_axis',(-1.,0.,0.));
#2403=DIRECTION('',(0.,0.,-1.));
#2404=DIRECTION('center_axis',(0.,0.,-1.));
#2405=DIRECTION('ref_axis',(0.861347511297636,-0.508016205235,0.));
#2406=DIRECTION('',(0.,0.,-1.));
#2407=DIRECTION('center_axis',(0.,0.,1.));
#2408=DIRECTION('ref_axis',(0.805456322798665,-0.592655137549362,0.));
#2409=DIRECTION('',(0.,0.,-1.));
#2410=DIRECTION('center_axis',(0.,0.,-1.));
#2411=DIRECTION('ref_axis',(0.869256924677538,-0.494360596022932,0.));
#2412=DIRECTION('',(0.,0.,-1.));
#2413=DIRECTION('center_axis',(0.,0.,1.));
#2414=DIRECTION('ref_axis',(0.788171579987266,-0.615455571508112,0.));
#2415=DIRECTION('',(0.,0.,1.));
#2416=DIRECTION('center_axis',(0.,0.,-1.));
#2417=DIRECTION('ref_axis',(0.805456322798665,-0.592655137549362,0.));
#2418=DIRECTION('center_axis',(-0.592655137549362,-0.805456322798665,0.));
#2419=DIRECTION('ref_axis',(0.,0.,1.));
#2420=DIRECTION('',(0.805456322798665,-0.592655137549362,0.));
#2421=DIRECTION('',(0.805456322798665,-0.592655137549362,0.));
#2422=DIRECTION('center_axis',(0.,0.,1.));
#2423=DIRECTION('ref_axis',(1.,0.,0.));
#2424=DIRECTION('',(0.861347511297636,-0.508016205235,0.));
#2425=DIRECTION('center_axis',(-0.508016205235,-0.861347511297636,0.));
#2426=DIRECTION('ref_axis',(0.,0.,1.));
#2427=DIRECTION('',(0.861347511297636,-0.508016205234999,0.));
#2428=DIRECTION('center_axis',(0.,0.,-1.));
#2429=DIRECTION('ref_axis',(-1.,0.,0.));
#2430=DIRECTION('',(0.805456322798665,-0.592655137549362,0.));
#2431=DIRECTION('center_axis',(-0.592655137549362,-0.805456322798665,0.));
#2432=DIRECTION('ref_axis',(0.,0.,1.));
#2433=DIRECTION('',(0.805456322798665,-0.592655137549362,0.));
#2434=DIRECTION('center_axis',(0.,0.,1.));
#2435=DIRECTION('ref_axis',(1.,0.,0.));
#2436=DIRECTION('',(0.869256924677538,-0.494360596022932,0.));
#2437=DIRECTION('center_axis',(-0.494360596022932,-0.869256924677538,0.));
#2438=DIRECTION('ref_axis',(0.,0.,-1.));
#2439=DIRECTION('',(0.869256924677538,-0.494360596022932,0.));
#2440=DIRECTION('center_axis',(0.,0.,-1.));
#2441=DIRECTION('ref_axis',(-1.,0.,0.));
#2442=DIRECTION('',(0.788171579987266,-0.615455571508112,0.));
#2443=DIRECTION('center_axis',(0.615455571508112,0.788171579987266,0.));
#2444=DIRECTION('ref_axis',(0.,0.,-1.));
#2445=DIRECTION('',(0.788171579987266,-0.615455571508112,0.));
#2446=DIRECTION('center_axis',(0.,0.,1.));
#2447=DIRECTION('ref_axis',(1.,0.,0.));
#2448=DIRECTION('center_axis',(-6.2803698347351E-16,0.707106781186548,-0.707106781186548));
#2449=DIRECTION('ref_axis',(-1.,0.,8.88178419700125E-16));
#2450=DIRECTION('',(-1.,-8.88178419700125E-16,0.));
#2451=DIRECTION('',(-0.577350269189628,0.577350269189625,0.577350269189625));
#2452=DIRECTION('',(-1.,-8.88178419700125E-16,0.));
#2453=DIRECTION('',(0.577350269189629,0.577350269189624,0.577350269189624));
#2454=DIRECTION('center_axis',(-0.707106781186545,7.85046229341884E-16,
-0.70710678118655));
#2455=DIRECTION('ref_axis',(-0.70710678118655,0.,0.707106781186545));
#2456=DIRECTION('',(-1.11022302462516E-15,-1.,0.));
#2457=DIRECTION('',(-0.577350269189629,-0.577350269189624,0.577350269189624));
#2458=DIRECTION('',(-1.11022302462516E-15,-1.,0.));
#2459=DIRECTION('center_axis',(1.25607396694703E-15,-0.707106781186553,
-0.707106781186542));
#2460=DIRECTION('ref_axis',(-1.,0.,-1.77635683940028E-15));
#2461=DIRECTION('',(1.,1.77635683940025E-15,0.));
#2462=DIRECTION('',(0.57735026918963,-0.577350269189619,0.577350269189628));
#2463=DIRECTION('',(1.,1.77635683940025E-15,0.));
#2464=DIRECTION('center_axis',(0.707106781186546,-1.17756934401283E-15,
-0.707106781186549));
#2465=DIRECTION('ref_axis',(-0.707106781186549,0.,-0.707106781186546));
#2466=DIRECTION('',(1.66533453693774E-15,1.,0.));
#2467=DIRECTION('',(1.66533453693774E-15,1.,0.));
#2468=DIRECTION('center_axis',(0.,0.,-1.));
#2469=DIRECTION('ref_axis',(-1.,0.,0.));
#2470=DIRECTION('center_axis',(0.,0.,1.));
#2471=DIRECTION('ref_axis',(1.,0.,0.));
#2472=DIRECTION('center_axis',(0.,0.,1.));
#2473=DIRECTION('ref_axis',(1.,0.,0.));
#2474=DIRECTION('',(0.,0.,1.));
#2475=DIRECTION('center_axis',(0.,0.,1.));
#2476=DIRECTION('ref_axis',(1.,0.,0.));
#2477=DIRECTION('center_axis',(0.,0.,-1.));
#2478=DIRECTION('ref_axis',(1.,0.,0.));
#2479=DIRECTION('center_axis',(0.,0.,-1.));
#2480=DIRECTION('ref_axis',(-1.,0.,0.));
#2481=DIRECTION('center_axis',(4.47599851120165E-15,-1.,0.));
#2482=DIRECTION('ref_axis',(1.,4.47599851120165E-15,0.));
#2483=DIRECTION('',(1.,4.47599851120165E-15,0.));
#2484=DIRECTION('',(0.,0.,1.));
#2485=DIRECTION('',(-1.,-4.47599851120165E-15,0.));
#2486=DIRECTION('',(0.,0.,1.));
#2487=DIRECTION('center_axis',(0.,0.,1.));
#2488=DIRECTION('ref_axis',(-4.37965975854326E-15,1.,0.));
#2489=DIRECTION('center_axis',(0.,0.,1.));
#2490=DIRECTION('ref_axis',(1.,0.,0.));
#2491=DIRECTION('center_axis',(0.,0.,-1.));
#2492=DIRECTION('ref_axis',(1.,0.,0.));
#2493=DIRECTION('center_axis',(0.,0.,-1.));
#2494=DIRECTION('ref_axis',(-1.,0.,0.));
#2495=DIRECTION('',(0.,0.,1.));
#2496=DIRECTION('center_axis',(0.,0.,-1.));
#2497=DIRECTION('ref_axis',(-1.,0.,0.));
#2498=DIRECTION('',(0.,0.,1.));
#2499=DIRECTION('center_axis',(0.,0.,-1.));
#2500=DIRECTION('ref_axis',(-1.,0.,0.));
#2501=DIRECTION('center_axis',(0.,0.,-1.));
#2502=DIRECTION('ref_axis',(-1.,0.,0.));
#2503=DIRECTION('',(0.,0.,-1.));
#2504=DIRECTION('center_axis',(0.,0.,-1.));
#2505=DIRECTION('ref_axis',(-1.,0.,0.));
#2506=DIRECTION('',(0.,0.,-1.));
#2507=DIRECTION('center_axis',(0.,0.,-1.));
#2508=DIRECTION('ref_axis',(-1.,0.,0.));
#2509=DIRECTION('center_axis',(-0.710652139642432,-0.703543556875929,0.));
#2510=DIRECTION('ref_axis',(-0.703543556875929,0.710652139642432,0.));
#2511=DIRECTION('',(-0.703543556875929,0.710652139642432,0.));
#2512=DIRECTION('',(0.,0.,-1.));
#2513=DIRECTION('',(-0.703543556875929,0.710652139642432,0.));
#2514=DIRECTION('center_axis',(0.,0.,-1.));
#2515=DIRECTION('ref_axis',(0.786363912060205,0.617763545225331,0.));
#2516=DIRECTION('center_axis',(0.,0.,-1.));
#2517=DIRECTION('ref_axis',(0.786363912060205,0.617763545225331,0.));
#2518=DIRECTION('center_axis',(0.,0.,-1.));
#2519=DIRECTION('ref_axis',(0.786363912060205,0.617763545225331,0.));
#2520=DIRECTION('',(0.,0.,-1.));
#2521=DIRECTION('center_axis',(0.61776354522533,-0.786363912060207,0.));
#2522=DIRECTION('ref_axis',(-0.786363912060207,-0.61776354522533,0.));
#2523=DIRECTION('',(-0.786363912060207,-0.61776354522533,0.));
#2524=DIRECTION('',(-0.786363912060207,-0.61776354522533,0.));
#2525=DIRECTION('center_axis',(0.,0.,1.));
#2526=DIRECTION('ref_axis',(-1.,0.,0.));
#2527=DIRECTION('center_axis',(0.,0.,1.));
#2528=DIRECTION('ref_axis',(-1.,0.,0.));
#2529=DIRECTION('center_axis',(0.,0.,-1.));
#2530=DIRECTION('ref_axis',(-1.,0.,0.));
#2531=DIRECTION('center_axis',(0.,0.,-1.));
#2532=DIRECTION('ref_axis',(-1.,0.,0.));
#2533=DIRECTION('',(0.,0.,1.));
#2534=DIRECTION('center_axis',(0.,-1.,0.));
#2535=DIRECTION('ref_axis',(1.,0.,0.));
#2536=DIRECTION('',(1.,0.,0.));
#2537=DIRECTION('center_axis',(0.,-1.,0.));
#2538=DIRECTION('ref_axis',(-4.44089209850068E-15,0.,1.));
#2539=DIRECTION('',(1.42108547152038E-13,0.,1.));
#2540=DIRECTION('center_axis',(0.,-1.,0.));
#2541=DIRECTION('ref_axis',(1.,0.,-1.2434497875802E-13));
#2542=DIRECTION('',(1.,0.,0.));
#2543=DIRECTION('',(0.,0.,-1.));
#2544=DIRECTION('',(1.,0.,0.));
#2545=DIRECTION('',(0.,0.,1.));
#2546=DIRECTION('',(1.,0.,0.));
#2547=DIRECTION('center_axis',(0.,-1.,0.));
#2548=DIRECTION('ref_axis',(1.,0.,0.));
#2549=DIRECTION('',(1.,0.,0.));
#2550=DIRECTION('',(0.,0.,1.));
#2551=DIRECTION('',(1.,0.,0.));
#2552=DIRECTION('',(0.,0.,1.));
#2553=DIRECTION('',(1.,0.,-1.1842378929335E-14));
#2554=DIRECTION('center_axis',(0.,-1.,0.));
#2555=DIRECTION('ref_axis',(8.88178419700144E-15,0.,-1.));
#2556=DIRECTION('',(-8.88178419700113E-15,0.,-1.));
#2557=DIRECTION('center_axis',(0.,-1.,0.));
#2558=DIRECTION('ref_axis',(-1.,0.,8.88178419700128E-15));
#2559=DIRECTION('',(1.,0.,0.));
#2560=DIRECTION('center_axis',(0.,0.,1.));
#2561=DIRECTION('ref_axis',(-1.,0.,0.));
#2562=DIRECTION('',(-1.,0.,0.));
#2563=DIRECTION('',(0.,1.,0.));
#2564=DIRECTION('',(0.,1.,0.));
#2565=DIRECTION('center_axis',(-1.,0.,0.));
#2566=DIRECTION('ref_axis',(0.,0.,-1.));
#2567=DIRECTION('',(0.,0.,1.));
#2568=DIRECTION('',(0.,1.,0.));
#2569=DIRECTION('',(0.,-1.,0.));
#2570=DIRECTION('center_axis',(0.,0.,1.));
#2571=DIRECTION('ref_axis',(-1.,0.,0.));
#2572=DIRECTION('',(-1.,0.,0.));
#2573=DIRECTION('',(0.,-1.,0.));
#2574=DIRECTION('center_axis',(0.,-1.,0.));
#2575=DIRECTION('ref_axis',(1.,0.,-1.2434497875802E-13));
#2576=DIRECTION('center_axis',(0.,1.,0.));
#2577=DIRECTION('ref_axis',(1.,0.,-1.2434497875802E-13));
#2578=DIRECTION('',(0.,-1.,0.));
#2579=DIRECTION('center_axis',(-1.,0.,1.42108547152038E-13));
#2580=DIRECTION('ref_axis',(-1.42108547152038E-13,0.,-1.));
#2581=DIRECTION('',(-1.42108547152038E-13,0.,-1.));
#2582=DIRECTION('',(0.,-1.,0.));
#2583=DIRECTION('center_axis',(0.,-1.,0.));
#2584=DIRECTION('ref_axis',(-4.44089209850068E-15,0.,1.));
#2585=DIRECTION('center_axis',(0.,1.,0.));
#2586=DIRECTION('ref_axis',(-4.44089209850068E-15,0.,1.));
#2587=DIRECTION('center_axis',(0.,-1.,0.));
#2588=DIRECTION('ref_axis',(-1.,0.,8.88178419700128E-15));
#2589=DIRECTION('center_axis',(0.,1.,0.));
#2590=DIRECTION('ref_axis',(-1.,0.,8.88178419700128E-15));
#2591=DIRECTION('',(0.,-1.,0.));
#2592=DIRECTION('center_axis',(1.,0.,-8.88178419700113E-15));
#2593=DIRECTION('ref_axis',(8.88178419700113E-15,0.,1.));
#2594=DIRECTION('',(8.88178419700113E-15,0.,1.));
#2595=DIRECTION('',(0.,-1.,0.));
#2596=DIRECTION('center_axis',(0.,-1.,0.));
#2597=DIRECTION('ref_axis',(8.88178419700144E-15,0.,-1.));
#2598=DIRECTION('center_axis',(0.,1.,0.));
#2599=DIRECTION('ref_axis',(8.88178419700144E-15,0.,-1.));
#2600=DIRECTION('',(0.,-1.,0.));
#2601=DIRECTION('center_axis',(1.1842378929335E-14,0.,1.));
#2602=DIRECTION('ref_axis',(-1.,0.,1.1842378929335E-14));
#2603=DIRECTION('',(-1.,0.,1.1842378929335E-14));
#2604=DIRECTION('',(0.,1.,0.));
#2605=DIRECTION('center_axis',(1.,0.,0.));
#2606=DIRECTION('ref_axis',(0.,0.,1.));
#2607=DIRECTION('',(0.,0.,-1.));
#2608=DIRECTION('',(0.,-1.,0.));
#2609=DIRECTION('center_axis',(0.,0.,1.));
#2610=DIRECTION('ref_axis',(-1.,0.,0.));
#2611=DIRECTION('',(1.,0.,0.));
#2612=DIRECTION('',(0.,-1.,0.));
#2613=DIRECTION('center_axis',(0.,0.,1.));
#2614=DIRECTION('ref_axis',(-1.,0.,0.));
#2615=DIRECTION('',(0.,1.,0.));
#2616=DIRECTION('',(1.,0.,0.));
#2617=DIRECTION('center_axis',(0.,1.,0.));
#2618=DIRECTION('ref_axis',(-1.,0.,0.));
#2619=DIRECTION('',(0.,0.,1.));
#2620=DIRECTION('',(-1.,0.,0.));
#2621=DIRECTION('',(0.,0.,1.));
#2622=DIRECTION('center_axis',(1.,0.,0.));
#2623=DIRECTION('ref_axis',(0.,1.,0.));
#2624=DIRECTION('',(0.,1.,0.));
#2625=DIRECTION('center_axis',(-1.,0.,0.));
#2626=DIRECTION('ref_axis',(0.,-1.,0.));
#2627=DIRECTION('',(0.,-1.,0.));
#2628=DIRECTION('center_axis',(0.,0.,1.));
#2629=DIRECTION('ref_axis',(1.,0.,0.));
#2630=CARTESIAN_POINT('',(0.,0.,0.));
#2631=CARTESIAN_POINT('Origin',(-1.8129241813325E-6,50.8499991921233,75.5));
#2632=CARTESIAN_POINT('',(-13.5641367288944,37.5453291856422,72.0432466864586));
#2633=CARTESIAN_POINT('',(-13.5641367288944,37.5453291856422,68.8999999165535));
#2634=CARTESIAN_POINT('',(-13.5641367288944,37.5453291856422,72.0432466864586));
#2635=CARTESIAN_POINT('',(-11.9690614275817,36.093928850031,68.8999999165535));
#2636=CARTESIAN_POINT('Ctrl Pts',(-11.9690614275817,36.093928850031,68.8999999165535));
#2637=CARTESIAN_POINT('Ctrl Pts',(-12.5276530425004,36.5470180658054,69.9477488398552));
#2638=CARTESIAN_POINT('Ctrl Pts',(-13.0604879299536,37.0318583324928,70.9954977631569));
#2639=CARTESIAN_POINT('Ctrl Pts',(-13.5641367288944,37.5453291856422,72.0432466864586));
#2640=CARTESIAN_POINT('',(-11.5308785317515,35.7490428616386,68.8999999165535));
#2641=CARTESIAN_POINT('Origin',(-1.8129241813325E-6,50.8499991921233,68.8999999165535));
#2642=CARTESIAN_POINT('',(-11.5308785317515,35.7490428616386,72.8999999761581));
#2643=CARTESIAN_POINT('',(-11.5308785317515,35.7490428616386,72.8999999761581));
#2644=CARTESIAN_POINT('',(-11.9407470933693,36.0710072729318,72.8999999761581));
#2645=CARTESIAN_POINT('Origin',(-1.8129241813325E-6,50.8499991921233,72.8999999761581));
#2646=CARTESIAN_POINT('',(-11.9407470933693,36.0710072729318,69.7594816088676));
#2647=CARTESIAN_POINT('',(-11.9407470933693,36.0710072729318,69.7594816088676));
#2648=CARTESIAN_POINT('',(-13.5386022838366,37.5193466466171,72.8999999761581));
#2649=CARTESIAN_POINT('Ctrl Pts',(-13.5386022838366,37.5193466466171,72.8999999761581));
#2650=CARTESIAN_POINT('Ctrl Pts',(-13.0339699148736,37.0068424008753,71.8531605203946));
#2651=CARTESIAN_POINT('Ctrl Pts',(-12.5002064054778,36.5230246484867,70.8063210646311));
#2652=CARTESIAN_POINT('Ctrl Pts',(-11.9407470933693,36.0710072729318,69.7594816088676));
#2653=CARTESIAN_POINT('',(-13.9239693797404,37.9223881522501,72.8999999761581));
#2654=CARTESIAN_POINT('Origin',(-1.8129241813325E-6,50.8499991921233,72.8999999761581));
#2655=CARTESIAN_POINT('',(-13.9239693797404,37.9223881522501,68.8999999165535));
#2656=CARTESIAN_POINT('',(-13.9239693797404,37.9223881522501,68.8999999165535));
#2657=CARTESIAN_POINT('Origin',(-1.8129241813325E-6,50.8499991921233,68.8999999165535));
#2658=CARTESIAN_POINT('Origin',(-13.2071858100531,37.8954520805496,70.471623301506));
#2659=CARTESIAN_POINT('',(-13.2071858100531,37.8954520805496,72.0432466864586));
#2660=CARTESIAN_POINT('',(-13.2071858100531,37.8954520805496,68.8999999165535));
#2661=CARTESIAN_POINT('',(-13.2071858100531,37.8954520805496,75.5));
#2662=CARTESIAN_POINT('',(-13.2071858100531,37.8954520805496,72.0432466864586));
#2663=CARTESIAN_POINT('',(-13.2071858100531,37.8954520805496,68.8999999165535));
#2664=CARTESIAN_POINT('Ctrl Pts',(-11.6540861745644,36.4822464906124,68.8999999165535));
#2665=CARTESIAN_POINT('Ctrl Pts',(-11.7590779255702,36.3528072770853,68.8999999165535));
#2666=CARTESIAN_POINT('Ctrl Pts',(-11.8640696765759,36.2233680635582,68.8999999165535));
#2667=CARTESIAN_POINT('Ctrl Pts',(-11.9690614275817,36.093928850031,68.8999999165535));
#2668=CARTESIAN_POINT('Ctrl Pts',(-12.1979780101431,36.9234123059717,69.9477488398552));
#2669=CARTESIAN_POINT('Ctrl Pts',(-12.3078697426389,36.7979474976576,69.9477488398552));
#2670=CARTESIAN_POINT('Ctrl Pts',(-12.4177613100046,36.6724828741195,69.9477488398552));
#2671=CARTESIAN_POINT('Ctrl Pts',(-12.5276530425004,36.5470180658054,69.9477488398552));
#2672=CARTESIAN_POINT('Ctrl Pts',(-12.7167909268739,37.3954936182726,70.9954977631569));
#2673=CARTESIAN_POINT('Ctrl Pts',(-12.8313566507055,37.2742817957503,70.9954977631569));
#2674=CARTESIAN_POINT('Ctrl Pts',(-12.9459222061221,37.1530701550151,70.9954977631569));
#2675=CARTESIAN_POINT('Ctrl Pts',(-13.0604879299536,37.0318583324928,70.9954977631569));
#2676=CARTESIAN_POINT('Ctrl Pts',(-13.2071858100531,37.8954520805496,72.0432466864586));
#2677=CARTESIAN_POINT('Ctrl Pts',(-13.3261694496669,37.7787444489138,72.0432466864586));
#2678=CARTESIAN_POINT('Ctrl Pts',(-13.4451530892807,37.662036817278,72.0432466864586));
#2679=CARTESIAN_POINT('Ctrl Pts',(-13.5641367288944,37.5453291856422,72.0432466864586));
#2680=CARTESIAN_POINT('',(-11.6540861745644,36.4822464906124,68.8999999165535));
#2681=CARTESIAN_POINT('Ctrl Pts',(-11.6540861745644,36.4822464906124,68.8999999165535));
#2682=CARTESIAN_POINT('Ctrl Pts',(-12.1979780101431,36.9234123059717,69.9477488398552));
#2683=CARTESIAN_POINT('Ctrl Pts',(-12.7167909268739,37.3954936182726,70.9954977631569));
#2684=CARTESIAN_POINT('Ctrl Pts',(-13.2071858100531,37.8954520805496,72.0432466864586));
#2685=CARTESIAN_POINT('',(-11.6540861745644,36.4822464906124,68.8999999165535));
#2686=CARTESIAN_POINT('Origin',(-11.4419923150697,36.312776164708,68.8999999165535));
#2687=CARTESIAN_POINT('',(-11.2274344075719,36.1464364492829,68.8999999165535));
#2688=CARTESIAN_POINT('Origin',(-1.8129241813325E-6,50.8499991921233,68.8999999165535));
#2689=CARTESIAN_POINT('',(-11.2274344075719,36.1464364492829,68.8999999165535));
#2690=CARTESIAN_POINT('Origin',(-11.2274344075719,36.1464364492829,70.8999999463558));
#2691=CARTESIAN_POINT('',(-11.2274344075719,36.1464364492829,72.8999999761581));
#2692=CARTESIAN_POINT('',(-11.2274344075719,36.1464364492829,75.5));
#2693=CARTESIAN_POINT('',(-11.2274344075719,36.1464364492829,72.8999999761581));
#2694=CARTESIAN_POINT('Origin',(-11.4280506856441,36.3018137739096,72.8999999761581));
#2695=CARTESIAN_POINT('',(-11.6265169544102,36.4599281129105,72.8999999761581));
#2696=CARTESIAN_POINT('Origin',(-1.8129241813325E-6,50.8499991921233,72.8999999761581));
#2697=CARTESIAN_POINT('',(-11.6265169544102,36.4599281129105,72.8999999761581));
#2698=CARTESIAN_POINT('Origin',(-11.6265169544102,36.4599281129105,71.3297407925129));
#2699=CARTESIAN_POINT('',(-11.6265169544102,36.4599281129105,69.7594816088676));
#2700=CARTESIAN_POINT('',(-11.6265169544102,36.4599281129105,75.5));
#2701=CARTESIAN_POINT('',(-11.6265169544102,36.4599281129105,69.7594816088676));
#2702=CARTESIAN_POINT('Ctrl Pts',(-13.1823233240757,37.8701532925514,72.8999999761581));
#2703=CARTESIAN_POINT('Ctrl Pts',(-13.3010829773293,37.7532177439067,72.8999999761581));
#2704=CARTESIAN_POINT('Ctrl Pts',(-13.4198426305829,37.6362821952619,72.8999999761581));
#2705=CARTESIAN_POINT('Ctrl Pts',(-13.5386022838366,37.5193466466171,72.8999999761581));
#2706=CARTESIAN_POINT('Ctrl Pts',(-12.690970754296,37.371136000645,71.8531605203946));
#2707=CARTESIAN_POINT('Ctrl Pts',(-12.8053038638439,37.2497047400186,71.8531605203946));
#2708=CARTESIAN_POINT('Ctrl Pts',(-12.9196368053257,37.1282736615017,71.8531605203946));
#2709=CARTESIAN_POINT('Ctrl Pts',(-13.0339699148736,37.0068424008753,71.8531605203946));
#2710=CARTESIAN_POINT('Ctrl Pts',(-12.1712536530422,36.9000502943719,70.8063210646311));
#2711=CARTESIAN_POINT('Ctrl Pts',(-12.2809046254459,36.7743750173795,70.8063210646311));
#2712=CARTESIAN_POINT('Ctrl Pts',(-12.3905554330741,36.6486999254792,70.8063210646311));
#2713=CARTESIAN_POINT('Ctrl Pts',(-12.5002064054778,36.5230246484867,70.8063210646311));
#2714=CARTESIAN_POINT('Ctrl Pts',(-11.6265169544102,36.4599281129105,69.7594816088676));
#2715=CARTESIAN_POINT('Ctrl Pts',(-11.7312603340633,36.3302878329176,69.7594816088676));
#2716=CARTESIAN_POINT('Ctrl Pts',(-11.8360037137163,36.2006475529247,69.7594816088676));
#2717=CARTESIAN_POINT('Ctrl Pts',(-11.9407470933693,36.0710072729318,69.7594816088676));
#2718=CARTESIAN_POINT('',(-13.1823233240757,37.8701532925514,72.8999999761581));
#2719=CARTESIAN_POINT('Ctrl Pts',(-13.1823233240757,37.8701532925514,72.8999999761581));
#2720=CARTESIAN_POINT('Ctrl Pts',(-12.690970754296,37.371136000645,71.8531605203946));
#2721=CARTESIAN_POINT('Ctrl Pts',(-12.1712536530422,36.9000502943719,70.8063210646311));
#2722=CARTESIAN_POINT('Ctrl Pts',(-11.6265169544102,36.4599281129105,69.7594816088676));
#2723=CARTESIAN_POINT('',(-13.1823233240757,37.8701532925514,72.8999999761581));
#2724=CARTESIAN_POINT('Origin',(-13.3713760224505,38.0649942351897,72.8999999761581));
#2725=CARTESIAN_POINT('',(-13.5575491806136,38.2625884427731,72.8999999761581));
#2726=CARTESIAN_POINT('Origin',(-1.8129241813325E-6,50.8499991921233,72.8999999761581));
#2727=CARTESIAN_POINT('',(-13.5575491806136,38.2625884427731,72.8999999761581));
#2728=CARTESIAN_POINT('Origin',(-13.5575491806136,38.2625884427731,70.8999999463558));
#2729=CARTESIAN_POINT('',(-13.5575491806136,38.2625884427731,68.8999999165535));
#2730=CARTESIAN_POINT('',(-13.5575491806136,38.2625884427731,75.5));
#2731=CARTESIAN_POINT('',(-13.5575491806136,38.2625884427731,68.8999999165535));
#2732=CARTESIAN_POINT('Origin',(-13.3836264540608,38.0778188197217,68.8999999165535));
#2733=CARTESIAN_POINT('Origin',(-1.8129241813325E-6,50.8499991921233,68.8999999165535));
#2734=CARTESIAN_POINT('Origin',(-1.8129241813325E-6,50.8499991921233,75.5));
#2735=CARTESIAN_POINT('',(9.55624567785485,34.4281194612588,69.1046381592751));
#2736=CARTESIAN_POINT('',(8.95179962036394,34.0909642825893,69.8495224714279));
#2737=CARTESIAN_POINT('Ctrl Pts',(9.55624567785485,34.4281194612588,69.1046381592751));
#2738=CARTESIAN_POINT('Ctrl Pts',(9.43257145012067,34.3561507495261,69.2040057234173));
#2739=CARTESIAN_POINT('Ctrl Pts',(9.18295546295577,34.2152773211751,69.4030402054547));
#2740=CARTESIAN_POINT('Ctrl Pts',(9.02904364015405,34.1322240049302,69.7005458969812));
#2741=CARTESIAN_POINT('Ctrl Pts',(8.95179962036394,34.0909642825893,69.8495224714279));
#2742=CARTESIAN_POINT('',(10.4377221531482,34.9737931463428,68.8317871689796));
#2743=CARTESIAN_POINT('Ctrl Pts',(10.4377221531482,34.9737931463428,68.8317871689796));
#2744=CARTESIAN_POINT('Ctrl Pts',(10.2818420309357,34.8713106210618,68.8421719639872));
#2745=CARTESIAN_POINT('Ctrl Pts',(9.9733781965242,34.675292776077,68.8625150668322));
#2746=CARTESIAN_POINT('Ctrl Pts',(9.69396459133151,34.5082610798136,69.0250664088254));
#2747=CARTESIAN_POINT('Ctrl Pts',(9.55624567785485,34.4281194612588,69.1046381592751));
#2748=CARTESIAN_POINT('',(11.2565422416294,35.5434575857415,69.0787172913551));
#2749=CARTESIAN_POINT('Ctrl Pts',(11.2565422416294,35.5434575857415,69.0787172913551));
#2750=CARTESIAN_POINT('Ctrl Pts',(11.1296560760453,35.4501445598772,69.0066963153384));
#2751=CARTESIAN_POINT('Ctrl Pts',(10.8726835791397,35.2657867030184,68.86209230654));
#2752=CARTESIAN_POINT('Ctrl Pts',(10.5840113038166,35.0699701403617,68.8419150236481));
#2753=CARTESIAN_POINT('Ctrl Pts',(10.4377221531482,34.9737931463428,68.8317871689796));
#2754=CARTESIAN_POINT('',(11.8241149296307,35.9775325756392,69.8058662414551));
#2755=CARTESIAN_POINT('Ctrl Pts',(11.8241149296307,35.9775325756392,69.8058662414551));
#2756=CARTESIAN_POINT('Ctrl Pts',(11.7522667456587,35.9204108259704,69.6560725681288));
#2757=CARTESIAN_POINT('Ctrl Pts',(11.6099230522139,35.8082811867569,69.3603716710824));
#2758=CARTESIAN_POINT('Ctrl Pts',(11.3740824273811,35.6298975088227,69.1717758350325));
#2759=CARTESIAN_POINT('Ctrl Pts',(11.2565422416294,35.5434575857415,69.0787172913551));
#2760=CARTESIAN_POINT('',(12.0204824768572,36.135789820257,70.894542992115));
#2761=CARTESIAN_POINT('Ctrl Pts',(12.0204824768572,36.135789820257,70.894542992115));
#2762=CARTESIAN_POINT('Ctrl Pts',(12.0134152648969,36.1300164002794,70.6997524550027));
#2763=CARTESIAN_POINT('Ctrl Pts',(11.9998096967578,36.1186997356451,70.322026898828));
#2764=CARTESIAN_POINT('Ctrl Pts',(11.8816781237009,36.0232972725326,69.974281614082));
#2765=CARTESIAN_POINT('Ctrl Pts',(11.8241149296307,35.9775325756392,69.8058662414551));
#2766=CARTESIAN_POINT('',(11.8339832665835,35.985383585321,71.9682127833366));
#2767=CARTESIAN_POINT('Ctrl Pts',(11.8339832665835,35.985383585321,71.9682127833366));
#2768=CARTESIAN_POINT('Ctrl Pts',(11.8886378510595,36.0288950728915,71.8019877267707));
#2769=CARTESIAN_POINT('Ctrl Pts',(12.0010708956764,36.1197482494091,71.4580395271137));
#2770=CARTESIAN_POINT('Ctrl Pts',(12.0138387302273,36.1303623419622,71.0865151537318));
#2771=CARTESIAN_POINT('Ctrl Pts',(12.0204824768572,36.135789820257,70.894542992115));
#2772=CARTESIAN_POINT('',(11.2813588739041,35.5617389557953,72.7062756419182));
#2773=CARTESIAN_POINT('Ctrl Pts',(11.2813588739041,35.5617389557953,72.7062756419182));
#2774=CARTESIAN_POINT('Ctrl Pts',(11.3967549972872,35.6468909135475,72.6089499173769));
#2775=CARTESIAN_POINT('Ctrl Pts',(11.6264762555138,35.8211514079409,72.4132805854174));
#2776=CARTESIAN_POINT('Ctrl Pts',(11.7647342430979,35.9302532050693,72.1170823306938));
#2777=CARTESIAN_POINT('Ctrl Pts',(11.8339832665835,35.985383585321,71.9682127833366));
#2778=CARTESIAN_POINT('',(10.4400627147083,34.9753321827379,72.9709411263466));
#2779=CARTESIAN_POINT('Ctrl Pts',(10.4400627147083,34.9753321827379,72.9709411263466));
#2780=CARTESIAN_POINT('Ctrl Pts',(10.5934067013751,35.076179722707,72.9607250005713));
#2781=CARTESIAN_POINT('Ctrl Pts',(10.8916766182893,35.2789077030847,72.9406522371866));
#2782=CARTESIAN_POINT('Ctrl Pts',(11.1537690875158,35.4675891717158,72.7834627919102));
#2783=CARTESIAN_POINT('Ctrl Pts',(11.2813588739041,35.5617389557953,72.7062756419182));
#2784=CARTESIAN_POINT('',(9.22740270504585,34.2411158503165,72.4075034856796));
#2785=CARTESIAN_POINT('Ctrl Pts',(9.22740270504585,34.2411158503165,72.4075034856796));
#2786=CARTESIAN_POINT('Ctrl Pts',(9.40199501949562,34.3381141781392,72.571812928768));
#2787=CARTESIAN_POINT('Ctrl Pts',(9.75721801025876,34.5416002023576,72.9085381011858));
#2788=CARTESIAN_POINT('Ctrl Pts',(10.2111942583235,34.8248155481789,72.9498089347302));
#2789=CARTESIAN_POINT('Ctrl Pts',(10.4400627147083,34.9753321827379,72.9709411263466));
#2790=CARTESIAN_POINT('',(8.74349021878692,33.9813493619975,70.8481580615044));
#2791=CARTESIAN_POINT('Ctrl Pts',(8.74349021878692,33.9813493619975,70.8481580615044));
#2792=CARTESIAN_POINT('Ctrl Pts',(8.75759609260841,33.9886608301114,71.1545092019483));
#2793=CARTESIAN_POINT('Ctrl Pts',(8.78438744408155,34.0015852706073,71.7277719531035));
#2794=CARTESIAN_POINT('Ctrl Pts',(9.08754265327045,34.1634137407239,72.191562311507));
#2795=CARTESIAN_POINT('Ctrl Pts',(9.22740270504585,34.2411158503165,72.4075034856796));
#2796=CARTESIAN_POINT('Ctrl Pts',(8.95179962036394,34.0909642825893,69.8495224714279));
#2797=CARTESIAN_POINT('Ctrl Pts',(8.89124262722271,34.0586178986284,70.0092214916131));
#2798=CARTESIAN_POINT('Ctrl Pts',(8.76955934487443,33.9947264848137,70.3289150540704));
#2799=CARTESIAN_POINT('Ctrl Pts',(8.7521668037504,33.9858466781582,70.6749704287836));
#2800=CARTESIAN_POINT('Ctrl Pts',(8.74349021878692,33.9813493619975,70.8481580615044));
#2801=CARTESIAN_POINT('',(10.4424030493384,34.976871564192,72.5152797102928));
#2802=CARTESIAN_POINT('',(9.59860042139171,34.4528398299842,72.1291950941086));
#2803=CARTESIAN_POINT('Ctrl Pts',(10.4424030493384,34.976871564192,72.5152797102928));
#2804=CARTESIAN_POINT('Ctrl Pts',(10.2873281017084,34.8748528930703,72.4992694879244));
#2805=CARTESIAN_POINT('Ctrl Pts',(9.97427547973648,34.676058089636,72.4672870473486));
#2806=CARTESIAN_POINT('Ctrl Pts',(9.72420288210626,34.5263652518834,72.2418030990099));
#2807=CARTESIAN_POINT('Ctrl Pts',(9.59860042139171,34.4528398299842,72.1291950941086));
#2808=CARTESIAN_POINT('',(11.0466786633079,35.3913171507579,72.3147339224815));
#2809=CARTESIAN_POINT('Ctrl Pts',(11.0466786633079,35.3913171507579,72.3147339224815));
#2810=CARTESIAN_POINT('Ctrl Pts',(10.9547027801601,35.3255917422183,72.3732233866669));
#2811=CARTESIAN_POINT('Ctrl Pts',(10.7671013217392,35.1938756545646,72.4918172280211));
#2812=CARTESIAN_POINT('Ctrl Pts',(10.5521392120138,35.0490633505588,72.5073882052994));
#2813=CARTESIAN_POINT('Ctrl Pts',(10.4424030493384,34.976871564192,72.5152797102928));
#2814=CARTESIAN_POINT('',(11.4464242631103,35.6849297862195,71.7499316334724));
#2815=CARTESIAN_POINT('Ctrl Pts',(11.4464242631103,35.6849297862195,71.7499316334724));
#2816=CARTESIAN_POINT('Ctrl Pts',(11.3968384642067,35.6475029755417,71.8639541928501));
#2817=CARTESIAN_POINT('Ctrl Pts',(11.2990743312471,35.5741349016411,72.0882902433802));
#2818=CARTESIAN_POINT('Ctrl Pts',(11.1302625667343,35.4510457014608,72.2400892877826));
#2819=CARTESIAN_POINT('Ctrl Pts',(11.0466786633079,35.3913171507579,72.3147339224815));
#2820=CARTESIAN_POINT('',(11.5812814360096,35.7876660956881,70.8972713947296));
#2821=CARTESIAN_POINT('Ctrl Pts',(11.5812814360096,35.7876660956881,70.8972713947296));
#2822=CARTESIAN_POINT('Ctrl Pts',(11.576929510654,35.784319942081,71.0514035878426));
#2823=CARTESIAN_POINT('Ctrl Pts',(11.5686985685662,35.7778949410873,71.3445650741149));
#2824=CARTESIAN_POINT('Ctrl Pts',(11.4858625675088,35.7146973806683,71.619531289689));
#2825=CARTESIAN_POINT('Ctrl Pts',(11.4464242631103,35.6849297862195,71.7499316334724));
#2826=CARTESIAN_POINT('',(11.2644430934487,35.5492710737856,69.70491117239));
#2827=CARTESIAN_POINT('Ctrl Pts',(11.2644430934487,35.5492710737856,69.70491117239));
#2828=CARTESIAN_POINT('Ctrl Pts',(11.3574062247442,35.6177108279399,69.8688838363764));
#2829=CARTESIAN_POINT('Ctrl Pts',(11.5583654715563,35.7694551310596,70.2265624610007));
#2830=CARTESIAN_POINT('Ctrl Pts',(11.5731308292656,35.7813991724467,70.6616458045536));
#2831=CARTESIAN_POINT('Ctrl Pts',(11.5812814360096,35.7876660956881,70.8972713947296));
#2832=CARTESIAN_POINT('',(10.435381364709,34.9722544550402,69.284720480442));
#2833=CARTESIAN_POINT('Ctrl Pts',(10.435381364709,34.9722544550402,69.284720480442));
#2834=CARTESIAN_POINT('Ctrl Pts',(10.5980215242368,35.0791469900222,69.3012925714016));
#2835=CARTESIAN_POINT('Ctrl Pts',(10.9154661139583,35.295650751151,69.334008069431));
#2836=CARTESIAN_POINT('Ctrl Pts',(11.1496617332216,35.4647686698113,69.5823615621938));
#2837=CARTESIAN_POINT('Ctrl Pts',(11.2644430934487,35.5492710737856,69.70491117239));
#2838=CARTESIAN_POINT('',(9.58408332668561,34.4443504077347,69.7008184194565));
#2839=CARTESIAN_POINT('Ctrl Pts',(9.58408332668561,34.4443504077347,69.7008184194565));
#2840=CARTESIAN_POINT('Ctrl Pts',(9.70704421750779,34.5161834490225,69.5794589177819));
#2841=CARTESIAN_POINT('Ctrl Pts',(9.95372698996013,34.6633631078569,69.3346803841347));
#2842=CARTESIAN_POINT('Ctrl Pts',(10.2751061151161,34.8669162177094,69.301466932692));
#2843=CARTESIAN_POINT('Ctrl Pts',(10.435381364709,34.9722544550402,69.284720480442));
#2844=CARTESIAN_POINT('',(9.23719588287943,34.246560429968,70.8399725556374));
#2845=CARTESIAN_POINT('Ctrl Pts',(9.23719588287943,34.246560429968,70.8399725556374));
#2846=CARTESIAN_POINT('Ctrl Pts',(9.24748989928667,34.2522874282122,70.6170875734756));
#2847=CARTESIAN_POINT('Ctrl Pts',(9.26702138123991,34.262642127867,70.1989188132207));
#2848=CARTESIAN_POINT('Ctrl Pts',(9.48363519519056,34.3856691902458,69.8593815041018));
#2849=CARTESIAN_POINT('Ctrl Pts',(9.58408332668561,34.4443504077347,69.7008184194565));
#2850=CARTESIAN_POINT('Ctrl Pts',(9.59860042139171,34.4528398299842,72.1291950941086));
#2851=CARTESIAN_POINT('Ctrl Pts',(9.49431449542619,34.3917927242098,71.9630439244699));
#2852=CARTESIAN_POINT('Ctrl Pts',(9.25218993112404,34.2542053553342,71.5801418258374));
#2853=CARTESIAN_POINT('Ctrl Pts',(9.24250814117335,34.2495158647292,71.1075145666627));
#2854=CARTESIAN_POINT('Ctrl Pts',(9.23719588287943,34.246560429968,70.8399725556374));
#2855=CARTESIAN_POINT('Ctrl Pts',(9.30476548072909,34.8602741910183,69.1046381592751));
#2856=CARTESIAN_POINT('Ctrl Pts',(9.38859221310434,34.7162226144318,69.1046381592751));
#2857=CARTESIAN_POINT('Ctrl Pts',(9.4724189454796,34.5721710378453,69.1046381592751));
#2858=CARTESIAN_POINT('Ctrl Pts',(9.55624567785485,34.4281194612588,69.1046381592751));
#2859=CARTESIAN_POINT('Ctrl Pts',(9.18434583793528,34.7901993927523,69.2040057234173));
#2860=CARTESIAN_POINT('Ctrl Pts',(9.26708815695321,34.6455156943722,69.2040057234173));
#2861=CARTESIAN_POINT('Ctrl Pts',(9.34982913110274,34.5008344479062,69.2040057234173));
#2862=CARTESIAN_POINT('Ctrl Pts',(9.43257145012067,34.3561507495261,69.2040057234173));
#2863=CARTESIAN_POINT('Ctrl Pts',(8.94129869253788,34.6530331598843,69.4030402054547));
#2864=CARTESIAN_POINT('Ctrl Pts',(9.02185093871979,34.5071145690214,69.4030402054547));
#2865=CARTESIAN_POINT('Ctrl Pts',(9.10240321677387,34.3611959120379,69.4030402054547));
#2866=CARTESIAN_POINT('Ctrl Pts',(9.18295546295577,34.2152773211751,69.4030402054547));
#2867=CARTESIAN_POINT('Ctrl Pts',(8.79143718086252,34.5721654572248,69.7005458969812));
#2868=CARTESIAN_POINT('Ctrl Pts',(8.87063892219185,34.4255190510697,69.7005458969812));
#2869=CARTESIAN_POINT('Ctrl Pts',(8.94984189882472,34.2788704110853,69.7005458969812));
#2870=CARTESIAN_POINT('Ctrl Pts',(9.02904364015405,34.1322240049302,69.7005458969812));
#2871=CARTESIAN_POINT('Ctrl Pts',(8.7162258984353,34.5319915170507,69.8495224714279));
#2872=CARTESIAN_POINT('Ctrl Pts',(8.79475047241151,34.3849824388969,69.8495224714279));
#2873=CARTESIAN_POINT('Ctrl Pts',(8.87327504638773,34.2379733607431,69.8495224714279));
#2874=CARTESIAN_POINT('Ctrl Pts',(8.95179962036394,34.0909642825893,69.8495224714279));
#2875=CARTESIAN_POINT('',(9.30476548072909,34.8602741910183,69.1046381592751));
#2876=CARTESIAN_POINT('',(8.7162258984353,34.5319915170507,69.8495224714279));
#2877=CARTESIAN_POINT('Ctrl Pts',(9.30476548072909,34.8602741910183,69.1046381592751));
#2878=CARTESIAN_POINT('Ctrl Pts',(9.18434583793528,34.7901993927523,69.2040057234173));
#2879=CARTESIAN_POINT('Ctrl Pts',(8.94129869253788,34.6530331598843,69.4030402054547));
#2880=CARTESIAN_POINT('Ctrl Pts',(8.79143718086252,34.5721654572248,69.7005458969812));
#2881=CARTESIAN_POINT('Ctrl Pts',(8.7162258984353,34.5319915170507,69.8495224714279));
#2882=CARTESIAN_POINT('',(9.30476548072909,34.8602741910183,69.1046381592751));
#2883=CARTESIAN_POINT('',(8.7162258984353,34.5319915170507,69.8495224714279));
#2884=CARTESIAN_POINT('Ctrl Pts',(10.1630452066726,35.3915880422844,68.8317871689796));
#2885=CARTESIAN_POINT('Ctrl Pts',(10.2546041888312,35.2523230769705,68.8317871689796));
#2886=CARTESIAN_POINT('Ctrl Pts',(10.3461631709897,35.1130581116566,68.8317871689796));
#2887=CARTESIAN_POINT('Ctrl Pts',(10.4377221531482,34.9737931463428,68.8317871689796));
#2888=CARTESIAN_POINT('Ctrl Pts',(10.0112671929394,35.2918024255634,68.8421719639872));
#2889=CARTESIAN_POINT('Ctrl Pts',(10.1014590650576,35.1516380663461,68.8421719639872));
#2890=CARTESIAN_POINT('Ctrl Pts',(10.1916501588174,35.0114749802791,68.8421719639872));
#2891=CARTESIAN_POINT('Ctrl Pts',(10.2818420309357,34.8713106210618,68.8421719639872));
#2892=CARTESIAN_POINT('Ctrl Pts',(9.7109208278545,35.1009429449203,68.8625150668322));
#2893=CARTESIAN_POINT('Ctrl Pts',(9.79840661285814,34.959059564702,68.8625150668322));
#2894=CARTESIAN_POINT('Ctrl Pts',(9.88589241152056,34.8171761562953,68.8625150668322));
#2895=CARTESIAN_POINT('Ctrl Pts',(9.9733781965242,34.675292776077,68.8625150668322));
#2896=CARTESIAN_POINT('Ctrl Pts',(9.43886021227215,34.9383068196112,69.0250664088254));
#2897=CARTESIAN_POINT('Ctrl Pts',(9.52389476487168,34.7949586284308,69.0250664088254));
#2898=CARTESIAN_POINT('Ctrl Pts',(9.60893003873198,34.6516092709939,69.0250664088254));
#2899=CARTESIAN_POINT('Ctrl Pts',(9.69396459133151,34.5082610798136,69.0250664088254));
#2900=CARTESIAN_POINT('Ctrl Pts',(9.30476548072909,34.8602741910183,69.1046381592751));
#2901=CARTESIAN_POINT('Ctrl Pts',(9.38859221310434,34.7162226144318,69.1046381592751));
#2902=CARTESIAN_POINT('Ctrl Pts',(9.4724189454796,34.5721710378453,69.1046381592751));
#2903=CARTESIAN_POINT('Ctrl Pts',(9.55624567785485,34.4281194612588,69.1046381592751));
#2904=CARTESIAN_POINT('',(10.1630452066726,35.3915880422844,68.8317871689796));
#2905=CARTESIAN_POINT('Ctrl Pts',(10.1630452066726,35.3915880422844,68.8317871689796));
#2906=CARTESIAN_POINT('Ctrl Pts',(10.0112671929394,35.2918024255634,68.8421719639872));
#2907=CARTESIAN_POINT('Ctrl Pts',(9.7109208278545,35.1009429449203,68.8625150668322));
#2908=CARTESIAN_POINT('Ctrl Pts',(9.43886021227215,34.9383068196112,69.0250664088254));
#2909=CARTESIAN_POINT('Ctrl Pts',(9.30476548072909,34.8602741910183,69.1046381592751));
#2910=CARTESIAN_POINT('',(10.1630452066726,35.3915880422844,68.8317871689796));
#2911=CARTESIAN_POINT('Ctrl Pts',(10.9603173980885,35.9462613122253,69.0787172913551));
#2912=CARTESIAN_POINT('Ctrl Pts',(11.0590590126021,35.8119934033974,69.0787172913551));
#2913=CARTESIAN_POINT('Ctrl Pts',(11.1578006271157,35.6777254945695,69.0787172913551));
#2914=CARTESIAN_POINT('Ctrl Pts',(11.2565422416294,35.5434575857415,69.0787172913551));
#2915=CARTESIAN_POINT('Ctrl Pts',(10.8367703421251,35.8554038923047,69.0066963153384));
#2916=CARTESIAN_POINT('Ctrl Pts',(10.9343987099943,35.7203177506336,69.0066963153384));
#2917=CARTESIAN_POINT('Ctrl Pts',(11.0320277081761,35.5852307015483,69.0066963153384));
#2918=CARTESIAN_POINT('Ctrl Pts',(11.1296560760453,35.4501445598772,69.0066963153384));
#2919=CARTESIAN_POINT('Ctrl Pts',(10.5865602793486,35.6758975579948,68.86209230654));
#2920=CARTESIAN_POINT('Ctrl Pts',(10.6819347100161,35.5391939419981,68.86209230654));
#2921=CARTESIAN_POINT('Ctrl Pts',(10.7773091484722,35.4024903190152,68.86209230654));
#2922=CARTESIAN_POINT('Ctrl Pts',(10.8726835791397,35.2657867030184,68.86209230654));
#2923=CARTESIAN_POINT('Ctrl Pts',(10.3054846428497,35.4852340627764,68.8419150236481));
#2924=CARTESIAN_POINT('Ctrl Pts',(10.3983270817314,35.3468124439812,68.8419150236481));
#2925=CARTESIAN_POINT('Ctrl Pts',(10.491168864935,35.2083917591569,68.8419150236481));
#2926=CARTESIAN_POINT('Ctrl Pts',(10.5840113038166,35.0699701403617,68.8419150236481));
#2927=CARTESIAN_POINT('Ctrl Pts',(10.1630452066726,35.3915880422844,68.8317871689796));
#2928=CARTESIAN_POINT('Ctrl Pts',(10.2546041888312,35.2523230769705,68.8317871689796));
#2929=CARTESIAN_POINT('Ctrl Pts',(10.3461631709897,35.1130581116566,68.8317871689796));
#2930=CARTESIAN_POINT('Ctrl Pts',(10.4377221531482,34.9737931463428,68.8317871689796));
#2931=CARTESIAN_POINT('',(10.9603173980885,35.9462613122253,69.0787172913551));
#2932=CARTESIAN_POINT('Ctrl Pts',(10.9603173980885,35.9462613122253,69.0787172913551));
#2933=CARTESIAN_POINT('Ctrl Pts',(10.8367703421251,35.8554038923047,69.0066963153384));
#2934=CARTESIAN_POINT('Ctrl Pts',(10.5865602793486,35.6758975579948,68.86209230654));
#2935=CARTESIAN_POINT('Ctrl Pts',(10.3054846428497,35.4852340627764,68.8419150236481));
#2936=CARTESIAN_POINT('Ctrl Pts',(10.1630452066726,35.3915880422844,68.8317871689796));
#2937=CARTESIAN_POINT('',(10.9603173980885,35.9462613122253,69.0787172913551));
#2938=CARTESIAN_POINT('Ctrl Pts',(11.5129539627213,36.368913276073,69.8058662414551));
#2939=CARTESIAN_POINT('Ctrl Pts',(11.6166742850245,36.2384530425951,69.8058662414551));
#2940=CARTESIAN_POINT('Ctrl Pts',(11.7203946073276,36.1079928091171,69.8058662414551));
#2941=CARTESIAN_POINT('Ctrl Pts',(11.8241149296307,35.9775325756392,69.8058662414551));
#2942=CARTESIAN_POINT('Ctrl Pts',(11.4429965204328,36.3132947303428,69.6560725681288));
#2943=CARTESIAN_POINT('Ctrl Pts',(11.5460860353332,36.1823341563312,69.6560725681288));
#2944=CARTESIAN_POINT('Ctrl Pts',(11.6491772307583,36.051371399982,69.6560725681288));
#2945=CARTESIAN_POINT('Ctrl Pts',(11.7522667456587,35.9204108259704,69.6560725681288));
#2946=CARTESIAN_POINT('Ctrl Pts',(11.3043987136576,36.2041158711086,69.3603716710824));
#2947=CARTESIAN_POINT('Ctrl Pts',(11.4062401476298,36.0721709897491,69.3603716710824));
#2948=CARTESIAN_POINT('Ctrl Pts',(11.5080816182418,35.9402260681165,69.3603716710824));
#2949=CARTESIAN_POINT('Ctrl Pts',(11.6099230522139,35.8082811867569,69.3603716710824));
#2950=CARTESIAN_POINT('Ctrl Pts',(11.0747644210573,36.0304265004886,69.1717758350325));
#2951=CARTESIAN_POINT('Ctrl Pts',(11.1745376856378,35.8969160685786,69.1717758350325));
#2952=CARTESIAN_POINT('Ctrl Pts',(11.2743091628005,35.7634079407327,69.1717758350325));
#2953=CARTESIAN_POINT('Ctrl Pts',(11.3740824273811,35.6298975088227,69.1717758350325));
#2954=CARTESIAN_POINT('Ctrl Pts',(10.9603173980885,35.9462613122253,69.0787172913551));
#2955=CARTESIAN_POINT('Ctrl Pts',(11.0590590126021,35.8119934033974,69.0787172913551));
#2956=CARTESIAN_POINT('Ctrl Pts',(11.1578006271157,35.6777254945695,69.0787172913551));
#2957=CARTESIAN_POINT('Ctrl Pts',(11.2565422416294,35.5434575857415,69.0787172913551));
#2958=CARTESIAN_POINT('',(11.5129539627213,36.368913276073,69.8058662414551));
#2959=CARTESIAN_POINT('Ctrl Pts',(11.5129539627213,36.368913276073,69.8058662414551));
#2960=CARTESIAN_POINT('Ctrl Pts',(11.4429965204328,36.3132947303428,69.6560725681288));
#2961=CARTESIAN_POINT('Ctrl Pts',(11.3043987136576,36.2041158711086,69.3603716710824));
#2962=CARTESIAN_POINT('Ctrl Pts',(11.0747644210573,36.0304265004886,69.1717758350325));
#2963=CARTESIAN_POINT('Ctrl Pts',(10.9603173980885,35.9462613122253,69.0787172913551));
#2964=CARTESIAN_POINT('',(11.5129539627213,36.368913276073,69.8058662414551));
#2965=CARTESIAN_POINT('Ctrl Pts',(11.7041539429156,36.5230058563587,70.894542992115));
#2966=CARTESIAN_POINT('Ctrl Pts',(11.8095967875628,36.3939338443248,70.894542992115));
#2967=CARTESIAN_POINT('Ctrl Pts',(11.91503963221,36.2648618322909,70.894542992115));
#2968=CARTESIAN_POINT('Ctrl Pts',(12.0204824768572,36.135789820257,70.894542992115));
#2969=CARTESIAN_POINT('Ctrl Pts',(11.6972727102174,36.5173843684859,70.6997524550027));
#2970=CARTESIAN_POINT('Ctrl Pts',(11.8026533386945,36.3882619861785,70.6997524550027));
#2971=CARTESIAN_POINT('Ctrl Pts',(11.9080346364198,36.2591387825868,70.6997524550027));
#2972=CARTESIAN_POINT('Ctrl Pts',(12.0134152648969,36.1300164002794,70.6997524550027));
#2973=CARTESIAN_POINT('Ctrl Pts',(11.6840251833452,36.5063655108156,70.322026898828));
#2974=CARTESIAN_POINT('Ctrl Pts',(11.789286669918,36.3771436073168,70.322026898828));
#2975=CARTESIAN_POINT('Ctrl Pts',(11.894548210185,36.2479216391438,70.322026898828));
#2976=CARTESIAN_POINT('Ctrl Pts',(11.9998096967578,36.1186997356451,70.322026898828));
#2977=CARTESIAN_POINT('Ctrl Pts',(11.569002335895,36.4134736388376,69.974281614082));
#2978=CARTESIAN_POINT('Ctrl Pts',(11.6732278769239,36.2834145092879,69.974281614082));
#2979=CARTESIAN_POINT('Ctrl Pts',(11.7774525826719,36.1533564020823,69.974281614082));
#2980=CARTESIAN_POINT('Ctrl Pts',(11.8816781237009,36.0232972725326,69.974281614082));
#2981=CARTESIAN_POINT('Ctrl Pts',(11.5129539627213,36.368913276073,69.8058662414551));
#2982=CARTESIAN_POINT('Ctrl Pts',(11.6166742850245,36.2384530425951,69.8058662414551));
#2983=CARTESIAN_POINT('Ctrl Pts',(11.7203946073276,36.1079928091171,69.8058662414551));
#2984=CARTESIAN_POINT('Ctrl Pts',(11.8241149296307,35.9775325756392,69.8058662414551));
#2985=CARTESIAN_POINT('',(11.7041539429156,36.5230058563587,70.894542992115));
#2986=CARTESIAN_POINT('Ctrl Pts',(11.7041539429156,36.5230058563587,70.894542992115));
#2987=CARTESIAN_POINT('Ctrl Pts',(11.6972727102174,36.5173843684859,70.6997524550027));
#2988=CARTESIAN_POINT('Ctrl Pts',(11.6840251833452,36.5063655108156,70.322026898828));
#2989=CARTESIAN_POINT('Ctrl Pts',(11.569002335895,36.4134736388376,69.974281614082));
#2990=CARTESIAN_POINT('Ctrl Pts',(11.5129539627213,36.368913276073,69.8058662414551));
#2991=CARTESIAN_POINT('',(11.7041539429156,36.5230058563587,70.894542992115));
#2992=CARTESIAN_POINT('Ctrl Pts',(11.5225626065964,36.3765576802369,71.9682127833366));
#2993=CARTESIAN_POINT('Ctrl Pts',(11.6263694932588,36.2461663152649,71.9682127833366));
#2994=CARTESIAN_POINT('Ctrl Pts',(11.7301763799211,36.115774950293,71.9682127833366));
#2995=CARTESIAN_POINT('Ctrl Pts',(11.8339832665835,35.985383585321,71.9682127833366));
#2996=CARTESIAN_POINT('Ctrl Pts',(11.5757789125336,36.4189241286608,71.8019877267707));
#2997=CARTESIAN_POINT('Ctrl Pts',(11.6800654774073,36.2889141349248,71.8019877267707));
#2998=CARTESIAN_POINT('Ctrl Pts',(11.7843512861858,36.1589050666275,71.8019877267707));
#2999=CARTESIAN_POINT('Ctrl Pts',(11.8886378510595,36.0288950728915,71.8019877267707));
#3000=CARTESIAN_POINT('Ctrl Pts',(11.6852531928185,36.5073864321121,71.4580395271137));
#3001=CARTESIAN_POINT('Ctrl Pts',(11.7905257444558,36.3781737238049,71.4580395271137));
#3002=CARTESIAN_POINT('Ctrl Pts',(11.8957983440391,36.2489609577162,71.4580395271137));
#3003=CARTESIAN_POINT('Ctrl Pts',(12.0010708956764,36.1197482494091,71.4580395271137));
#3004=CARTESIAN_POINT('Ctrl Pts',(11.6976850317233,36.5177212064401,71.0865151537318));
#3005=CARTESIAN_POINT('Ctrl Pts',(11.8030693949288,36.3886018339902,71.0865151537318));
#3006=CARTESIAN_POINT('Ctrl Pts',(11.9084543670217,36.2594817144121,71.0865151537318));
#3007=CARTESIAN_POINT('Ctrl Pts',(12.0138387302273,36.1303623419622,71.0865151537318));
#3008=CARTESIAN_POINT('Ctrl Pts',(11.7041539429156,36.5230058563587,70.894542992115));
#3009=CARTESIAN_POINT('Ctrl Pts',(11.8095967875628,36.3939338443248,70.894542992115));
#3010=CARTESIAN_POINT('Ctrl Pts',(11.91503963221,36.2648618322909,70.894542992115));
#3011=CARTESIAN_POINT('Ctrl Pts',(12.0204824768572,36.135789820257,70.894542992115));
#3012=CARTESIAN_POINT('',(11.5225626065964,36.3765576802369,71.9682127833366));
#3013=CARTESIAN_POINT('Ctrl Pts',(11.5225626065964,36.3765576802369,71.9682127833366));
#3014=CARTESIAN_POINT('Ctrl Pts',(11.5757789125336,36.4189241286608,71.8019877267707));
#3015=CARTESIAN_POINT('Ctrl Pts',(11.6852531928185,36.5073864321121,71.4580395271137));
#3016=CARTESIAN_POINT('Ctrl Pts',(11.6976850317233,36.5177212064401,71.0865151537318));
#3017=CARTESIAN_POINT('Ctrl Pts',(11.7041539429156,36.5230058563587,70.894542992115));
#3018=CARTESIAN_POINT('',(11.5225626065964,36.3765576802369,71.9682127833366));
#3019=CARTESIAN_POINT('Ctrl Pts',(10.9844809610928,35.9640615935934,72.7062756419182));
#3020=CARTESIAN_POINT('Ctrl Pts',(11.0834402653632,35.8299540476607,72.7062756419182));
#3021=CARTESIAN_POINT('Ctrl Pts',(11.1823995696336,35.695846501728,72.7062756419182));
#3022=CARTESIAN_POINT('Ctrl Pts',(11.2813588739041,35.5617389557953,72.7062756419182));
#3023=CARTESIAN_POINT('Ctrl Pts',(11.0968403443869,36.0469727103521,72.6089499173769));
#3024=CARTESIAN_POINT('Ctrl Pts',(11.1968124710003,35.9136113713351,72.6089499173769));
#3025=CARTESIAN_POINT('Ctrl Pts',(11.2967828706739,35.7802522525645,72.6089499173769));
#3026=CARTESIAN_POINT('Ctrl Pts',(11.3967549972872,35.6468909135475,72.6089499173769));
#3027=CARTESIAN_POINT('Ctrl Pts',(11.3205163063443,36.2166474022615,72.4132805854174));
#3028=CARTESIAN_POINT('Ctrl Pts',(11.4225029413129,36.0848154209871,72.4132805854174));
#3029=CARTESIAN_POINT('Ctrl Pts',(11.5244896205452,35.9529833892152,72.4132805854174));
#3030=CARTESIAN_POINT('Ctrl Pts',(11.6264762555138,35.8211514079409,72.4132805854174));
#3031=CARTESIAN_POINT('Ctrl Pts',(11.4551359258341,36.3228780994654,72.1170823306938));
#3032=CARTESIAN_POINT('Ctrl Pts',(11.5583348361401,36.1920038193991,72.1170823306938));
#3033=CARTESIAN_POINT('Ctrl Pts',(11.661535332792,36.0611274851356,72.1170823306938));
#3034=CARTESIAN_POINT('Ctrl Pts',(11.7647342430979,35.9302532050693,72.1170823306938));
#3035=CARTESIAN_POINT('Ctrl Pts',(11.5225626065964,36.3765576802369,71.9682127833366));
#3036=CARTESIAN_POINT('Ctrl Pts',(11.6263694932588,36.2461663152649,71.9682127833366));
#3037=CARTESIAN_POINT('Ctrl Pts',(11.7301763799211,36.115774950293,71.9682127833366));
#3038=CARTESIAN_POINT('Ctrl Pts',(11.8339832665835,35.985383585321,71.9682127833366));
#3039=CARTESIAN_POINT('',(10.9844809610928,35.9640615935934,72.7062756419182));
#3040=CARTESIAN_POINT('Ctrl Pts',(10.9844809610928,35.9640615935934,72.7062756419182));
#3041=CARTESIAN_POINT('Ctrl Pts',(11.0968403443869,36.0469727103521,72.6089499173769));
#3042=CARTESIAN_POINT('Ctrl Pts',(11.3205163063443,36.2166474022615,72.4132805854174));
#3043=CARTESIAN_POINT('Ctrl Pts',(11.4551359258341,36.3228780994654,72.1170823306938));
#3044=CARTESIAN_POINT('Ctrl Pts',(11.5225626065964,36.3765576802369,71.9682127833366));
#3045=CARTESIAN_POINT('',(10.9844809610928,35.9640615935934,72.7062756419182));
#3046=CARTESIAN_POINT('Ctrl Pts',(10.1653241745075,35.3930865777217,72.9709411263466));
#3047=CARTESIAN_POINT('Ctrl Pts',(10.2569036879077,35.2538351127271,72.9709411263466));
#3048=CARTESIAN_POINT('Ctrl Pts',(10.348483201308,35.1145836477325,72.9709411263466));
#3049=CARTESIAN_POINT('Ctrl Pts',(10.4400627147083,34.9753321827379,72.9709411263466));
#3050=CARTESIAN_POINT('Ctrl Pts',(10.3146327931041,35.4912802350601,72.9607250005713));
#3051=CARTESIAN_POINT('Ctrl Pts',(10.4075576954962,35.3529130198172,72.9607250005713));
#3052=CARTESIAN_POINT('Ctrl Pts',(10.5004817989829,35.2145469379498,72.9607250005713));
#3053=CARTESIAN_POINT('Ctrl Pts',(10.5934067013751,35.076179722707,72.9607250005713));
#3054=CARTESIAN_POINT('Ctrl Pts',(10.6050535016784,35.6886732685857,72.9406522371866));
#3055=CARTESIAN_POINT('Ctrl Pts',(10.7005945347984,35.5520847532713,72.9406522371866));
#3056=CARTESIAN_POINT('Ctrl Pts',(10.7961355851694,35.4154962183991,72.9406522371866));
#3057=CARTESIAN_POINT('Ctrl Pts',(10.8916766182893,35.2789077030847,72.9406522371866));
#3058=CARTESIAN_POINT('Ctrl Pts',(10.8602488006621,35.8723894354108,72.7834627919102));
#3059=CARTESIAN_POINT('Ctrl Pts',(10.9580886509557,35.7374563660001,72.7834627919102));
#3060=CARTESIAN_POINT('Ctrl Pts',(11.0559292372221,35.6025222411265,72.7834627919102));
#3061=CARTESIAN_POINT('Ctrl Pts',(11.1537690875158,35.4675891717158,72.7834627919102));
#3062=CARTESIAN_POINT('Ctrl Pts',(10.9844809610928,35.9640615935934,72.7062756419182));
#3063=CARTESIAN_POINT('Ctrl Pts',(11.0834402653632,35.8299540476607,72.7062756419182));
#3064=CARTESIAN_POINT('Ctrl Pts',(11.1823995696336,35.695846501728,72.7062756419182));
#3065=CARTESIAN_POINT('Ctrl Pts',(11.2813588739041,35.5617389557953,72.7062756419182));
#3066=CARTESIAN_POINT('',(10.1653241745075,35.3930865777217,72.9709411263466));
#3067=CARTESIAN_POINT('Ctrl Pts',(10.1653241745075,35.3930865777217,72.9709411263466));
#3068=CARTESIAN_POINT('Ctrl Pts',(10.3146327931041,35.4912802350601,72.9607250005713));
#3069=CARTESIAN_POINT('Ctrl Pts',(10.6050535016784,35.6886732685857,72.9406522371866));
#3070=CARTESIAN_POINT('Ctrl Pts',(10.8602488006621,35.8723894354108,72.7834627919102));
#3071=CARTESIAN_POINT('Ctrl Pts',(10.9844809610928,35.9640615935934,72.7062756419182));
#3072=CARTESIAN_POINT('',(10.1653241745075,35.3930865777217,72.9709411263466));
#3073=CARTESIAN_POINT('Ctrl Pts',(8.98457627036243,34.6781917277325,72.4075034856796));
#3074=CARTESIAN_POINT('Ctrl Pts',(9.0655184152569,34.5324997685938,72.4075034856796));
#3075=CARTESIAN_POINT('Ctrl Pts',(9.14646056015138,34.3868078094552,72.4075034856796));
#3076=CARTESIAN_POINT('Ctrl Pts',(9.22740270504585,34.2411158503165,72.4075034856796));
#3077=CARTESIAN_POINT('Ctrl Pts',(9.15457405022141,34.7726374679809,72.571812928768));
#3078=CARTESIAN_POINT('Ctrl Pts',(9.23704671620728,34.6277980232717,72.571812928768));
#3079=CARTESIAN_POINT('Ctrl Pts',(9.31952235350975,34.4829536228484,72.571812928768));
#3080=CARTESIAN_POINT('Ctrl Pts',(9.40199501949562,34.3381141781392,72.571812928768));
#3081=CARTESIAN_POINT('Ctrl Pts',(9.50044906754341,34.9707685968251,72.9085381011858));
#3082=CARTESIAN_POINT('Ctrl Pts',(9.58603868607229,34.8277125261032,72.9085381011858));
#3083=CARTESIAN_POINT('Ctrl Pts',(9.67162839172989,34.6846562730796,72.9085381011858));
#3084=CARTESIAN_POINT('Ctrl Pts',(9.75721801025876,34.5416002023576,72.9085381011858));
#3085=CARTESIAN_POINT('Ctrl Pts',(9.94247857223801,35.2465309072301,72.9498089347302));
#3086=CARTESIAN_POINT('Ctrl Pts',(10.0320515745896,35.1059572450674,72.9498089347302));
#3087=CARTESIAN_POINT('Ctrl Pts',(10.1216212559719,34.9653892103415,72.9498089347302));
#3088=CARTESIAN_POINT('Ctrl Pts',(10.2111942583235,34.8248155481789,72.9498089347302));
#3089=CARTESIAN_POINT('Ctrl Pts',(10.1653241745075,35.3930865777217,72.9709411263466));
#3090=CARTESIAN_POINT('Ctrl Pts',(10.2569036879077,35.2538351127271,72.9709411263466));
#3091=CARTESIAN_POINT('Ctrl Pts',(10.348483201308,35.1145836477325,72.9709411263466));
#3092=CARTESIAN_POINT('Ctrl Pts',(10.4400627147083,34.9753321827379,72.9709411263466));
#3093=CARTESIAN_POINT('',(8.98457627036243,34.6781917277325,72.4075034856796));
#3094=CARTESIAN_POINT('Ctrl Pts',(8.98457627036243,34.6781917277325,72.4075034856796));
#3095=CARTESIAN_POINT('Ctrl Pts',(9.15457405022141,34.7726374679809,72.571812928768));
#3096=CARTESIAN_POINT('Ctrl Pts',(9.50044906754341,34.9707685968251,72.9085381011858));
#3097=CARTESIAN_POINT('Ctrl Pts',(9.94247857223801,35.2465309072301,72.9498089347302));
#3098=CARTESIAN_POINT('Ctrl Pts',(10.1653241745075,35.3930865777217,72.9709411263466));
#3099=CARTESIAN_POINT('',(8.98457627036243,34.6781917277325,72.4075034856796));
#3100=CARTESIAN_POINT('Ctrl Pts',(8.51339832321558,34.4252611996323,70.8481580615044));
#3101=CARTESIAN_POINT('Ctrl Pts',(8.59009562173936,34.2772905870874,70.8481580615044));
#3102=CARTESIAN_POINT('Ctrl Pts',(8.66679292026314,34.1293199745424,70.8481580615044));
#3103=CARTESIAN_POINT('Ctrl Pts',(8.74349021878692,33.9813493619975,70.8481580615044));
#3104=CARTESIAN_POINT('Ctrl Pts',(8.52713298983124,34.4323802606907,71.1545092019483));
#3105=CARTESIAN_POINT('Ctrl Pts',(8.60395312657191,34.2844755028703,71.1545092019483));
#3106=CARTESIAN_POINT('Ctrl Pts',(8.68077595586774,34.1365655879318,71.1545092019483));
#3107=CARTESIAN_POINT('Ctrl Pts',(8.75759609260841,33.9886608301114,71.1545092019483));
#3108=CARTESIAN_POINT('Ctrl Pts',(8.5532193057393,34.4449645843314,71.7277719531035));
#3109=CARTESIAN_POINT('Ctrl Pts',(8.63027530402371,34.2971715775746,71.7277719531035));
#3110=CARTESIAN_POINT('Ctrl Pts',(8.70733144579715,34.1493782773641,71.7277719531035));
#3111=CARTESIAN_POINT('Ctrl Pts',(8.78438744408155,34.0015852706073,71.7277719531035));
#3112=CARTESIAN_POINT('Ctrl Pts',(8.84839674626533,34.6025344104976,72.191562311507));
#3113=CARTESIAN_POINT('Ctrl Pts',(8.92811306430527,34.4561588948362,72.191562311507));
#3114=CARTESIAN_POINT('Ctrl Pts',(9.0078263352305,34.3097892563853,72.191562311507));
#3115=CARTESIAN_POINT('Ctrl Pts',(9.08754265327045,34.1634137407239,72.191562311507));
#3116=CARTESIAN_POINT('Ctrl Pts',(8.98457627036243,34.6781917277325,72.4075034856796));
#3117=CARTESIAN_POINT('Ctrl Pts',(9.0655184152569,34.5324997685938,72.4075034856796));
#3118=CARTESIAN_POINT('Ctrl Pts',(9.14646056015138,34.3868078094552,72.4075034856796));
#3119=CARTESIAN_POINT('Ctrl Pts',(9.22740270504585,34.2411158503165,72.4075034856796));
#3120=CARTESIAN_POINT('',(8.51339832321558,34.4252611996323,70.8481580615044));
#3121=CARTESIAN_POINT('Ctrl Pts',(8.51339832321558,34.4252611996323,70.8481580615044));
#3122=CARTESIAN_POINT('Ctrl Pts',(8.52713298983124,34.4323802606907,71.1545092019483));
#3123=CARTESIAN_POINT('Ctrl Pts',(8.5532193057393,34.4449645843314,71.7277719531035));
#3124=CARTESIAN_POINT('Ctrl Pts',(8.84839674626533,34.6025344104976,72.191562311507));
#3125=CARTESIAN_POINT('Ctrl Pts',(8.98457627036243,34.6781917277325,72.4075034856796));
#3126=CARTESIAN_POINT('',(8.51339832321558,34.4252611996323,70.8481580615044));
#3127=CARTESIAN_POINT('Ctrl Pts',(8.7162258984353,34.5319915170507,69.8495224714279));
#3128=CARTESIAN_POINT('Ctrl Pts',(8.79475047241151,34.3849824388969,69.8495224714279));
#3129=CARTESIAN_POINT('Ctrl Pts',(8.87327504638773,34.2379733607431,69.8495224714279));
#3130=CARTESIAN_POINT('Ctrl Pts',(8.95179962036394,34.0909642825893,69.8495224714279));
#3131=CARTESIAN_POINT('Ctrl Pts',(8.65726251037674,34.5004963537204,70.0092214916131));
#3132=CARTESIAN_POINT('Ctrl Pts',(8.7352560514338,34.3532032096492,70.0092214916131));
#3133=CARTESIAN_POINT('Ctrl Pts',(8.81324908616566,34.2059110426995,70.0092214916131));
#3134=CARTESIAN_POINT('Ctrl Pts',(8.89124262722271,34.0586178986284,70.0092214916131));
#3135=CARTESIAN_POINT('Ctrl Pts',(8.5387814196692,34.4382862929008,70.3289150540704));
#3136=CARTESIAN_POINT('Ctrl Pts',(8.61570738202122,34.29043304842,70.3289150540704));
#3137=CARTESIAN_POINT('Ctrl Pts',(8.69263338252241,34.1425797292945,70.3289150540704));
#3138=CARTESIAN_POINT('Ctrl Pts',(8.76955934487443,33.9947264848137,70.3289150540704));
#3139=CARTESIAN_POINT('Ctrl Pts',(8.5218465769958,34.4296401653678,70.6749704287836));
#3140=CARTESIAN_POINT('Ctrl Pts',(8.59861985997505,34.2817092453224,70.6749704287836));
#3141=CARTESIAN_POINT('Ctrl Pts',(8.67539352077115,34.1337775982036,70.6749704287836));
#3142=CARTESIAN_POINT('Ctrl Pts',(8.7521668037504,33.9858466781582,70.6749704287836));
#3143=CARTESIAN_POINT('Ctrl Pts',(8.51339832321558,34.4252611996323,70.8481580615044));
#3144=CARTESIAN_POINT('Ctrl Pts',(8.59009562173936,34.2772905870874,70.8481580615044));
#3145=CARTESIAN_POINT('Ctrl Pts',(8.66679292026314,34.1293199745424,70.8481580615044));
#3146=CARTESIAN_POINT('Ctrl Pts',(8.74349021878692,33.9813493619975,70.8481580615044));
#3147=CARTESIAN_POINT('Ctrl Pts',(8.7162258984353,34.5319915170507,69.8495224714279));
#3148=CARTESIAN_POINT('Ctrl Pts',(8.65726251037674,34.5004963537204,70.0092214916131));
#3149=CARTESIAN_POINT('Ctrl Pts',(8.5387814196692,34.4382862929008,70.3289150540704));
#3150=CARTESIAN_POINT('Ctrl Pts',(8.5218465769958,34.4296401653678,70.6749704287836));
#3151=CARTESIAN_POINT('Ctrl Pts',(8.51339832321558,34.4252611996323,70.8481580615044));
#3152=CARTESIAN_POINT('Ctrl Pts',(10.1676029213841,35.3945854491376,72.5152797102928));
#3153=CARTESIAN_POINT('Ctrl Pts',(10.2592029640355,35.2553474874891,72.5152797102928));
#3154=CARTESIAN_POINT('Ctrl Pts',(10.350803006687,35.1161095258405,72.5152797102928));
#3155=CARTESIAN_POINT('Ctrl Pts',(10.4424030493384,34.976871564192,72.5152797102928));
#3156=CARTESIAN_POINT('Ctrl Pts',(10.0166088934286,35.2952514798875,72.4992694879244));
#3157=CARTESIAN_POINT('Ctrl Pts',(10.1068491163005,35.1551178224958,72.4992694879244));
#3158=CARTESIAN_POINT('Ctrl Pts',(10.1970878788364,35.014986550462,72.4992694879244));
#3159=CARTESIAN_POINT('Ctrl Pts',(10.2873281017084,34.8748528930703,72.4992694879244));
#3160=CARTESIAN_POINT('Ctrl Pts',(9.71179449835068,35.1016881186489,72.4672870473486));
#3161=CARTESIAN_POINT('Ctrl Pts',(9.79928815323565,34.9598114550458,72.4672870473486));
#3162=CARTESIAN_POINT('Ctrl Pts',(9.88678182485151,34.8179347532391,72.4672870473486));
#3163=CARTESIAN_POINT('Ctrl Pts',(9.97427547973648,34.676058089636,72.4672870473486));
#3164=CARTESIAN_POINT('Ctrl Pts',(9.46830275855283,34.9559345661003,72.2418030990099));
#3165=CARTESIAN_POINT('Ctrl Pts',(9.55360233361406,34.8127455476669,72.2418030990099));
#3166=CARTESIAN_POINT('Ctrl Pts',(9.63890330704503,34.6695542703167,72.2418030990099));
#3167=CARTESIAN_POINT('Ctrl Pts',(9.72420288210626,34.5263652518834,72.2418030990099));
#3168=CARTESIAN_POINT('Ctrl Pts',(9.34600562575182,34.8843440237247,72.1291950941086));
#3169=CARTESIAN_POINT('Ctrl Pts',(9.43020389096512,34.7405092924779,72.1291950941086));
#3170=CARTESIAN_POINT('Ctrl Pts',(9.51440215617841,34.596674561231,72.1291950941086));
#3171=CARTESIAN_POINT('Ctrl Pts',(9.59860042139171,34.4528398299842,72.1291950941086));
#3172=CARTESIAN_POINT('',(10.1676029213841,35.3945854491376,72.5152797102928));
#3173=CARTESIAN_POINT('',(9.34600562575182,34.8843440237247,72.1291950941086));
#3174=CARTESIAN_POINT('Ctrl Pts',(10.1676029213841,35.3945854491376,72.5152797102928));
#3175=CARTESIAN_POINT('Ctrl Pts',(10.0166088934286,35.2952514798875,72.4992694879244));
#3176=CARTESIAN_POINT('Ctrl Pts',(9.71179449835068,35.1016881186489,72.4672870473486));
#3177=CARTESIAN_POINT('Ctrl Pts',(9.46830275855283,34.9559345661003,72.2418030990099));
#3178=CARTESIAN_POINT('Ctrl Pts',(9.34600562575182,34.8843440237247,72.1291950941086));
#3179=CARTESIAN_POINT('',(10.1676029213841,35.3945854491376,72.5152797102928));
#3180=CARTESIAN_POINT('',(9.34600562575182,34.8843440237247,72.1291950941086));
#3181=CARTESIAN_POINT('Ctrl Pts',(10.7559765455123,35.7981245728991,72.3147339224815));
#3182=CARTESIAN_POINT('Ctrl Pts',(10.8528772514442,35.662522098852,72.3147339224815));
#3183=CARTESIAN_POINT('Ctrl Pts',(10.949777957376,35.526919624805,72.3147339224815));
#3184=CARTESIAN_POINT('Ctrl Pts',(11.0466786633079,35.3913171507579,72.3147339224815));
#3185=CARTESIAN_POINT('Ctrl Pts',(10.6664210803421,35.7341287803737,72.3732233866669));
#3186=CARTESIAN_POINT('Ctrl Pts',(10.7625148417353,35.5979499696059,72.3732233866669));
#3187=CARTESIAN_POINT('Ctrl Pts',(10.8586090187669,35.461770552986,72.3732233866669));
#3188=CARTESIAN_POINT('Ctrl Pts',(10.9547027801601,35.3255917422183,72.3732233866669));
#3189=CARTESIAN_POINT('Ctrl Pts',(10.4837565024059,35.605878905553,72.4918172280211));
#3190=CARTESIAN_POINT('Ctrl Pts',(10.5782047727768,35.4685444918422,72.4918172280211));
#3191=CARTESIAN_POINT('Ctrl Pts',(10.6726530513683,35.3312100682755,72.4918172280211));
#3192=CARTESIAN_POINT('Ctrl Pts',(10.7671013217392,35.1938756545646,72.4918172280211));
#3193=CARTESIAN_POINT('Ctrl Pts',(10.2744512903049,35.4648774516526,72.5073882052994));
#3194=CARTESIAN_POINT('Ctrl Pts',(10.3670140793566,35.3262725365377,72.5073882052994));
#3195=CARTESIAN_POINT('Ctrl Pts',(10.459576422962,35.1876682656736,72.5073882052994));
#3196=CARTESIAN_POINT('Ctrl Pts',(10.5521392120138,35.0490633505588,72.5073882052994));
#3197=CARTESIAN_POINT('Ctrl Pts',(10.1676029213841,35.3945854491376,72.5152797102928));
#3198=CARTESIAN_POINT('Ctrl Pts',(10.2592029640355,35.2553474874891,72.5152797102928));
#3199=CARTESIAN_POINT('Ctrl Pts',(10.350803006687,35.1161095258405,72.5152797102928));
#3200=CARTESIAN_POINT('Ctrl Pts',(10.4424030493384,34.976871564192,72.5152797102928));
#3201=CARTESIAN_POINT('',(10.7559765455123,35.7981245728991,72.3147339224815));
#3202=CARTESIAN_POINT('Ctrl Pts',(10.7559765455123,35.7981245728991,72.3147339224815));
#3203=CARTESIAN_POINT('Ctrl Pts',(10.6664210803421,35.7341287803737,72.3732233866669));
#3204=CARTESIAN_POINT('Ctrl Pts',(10.4837565024059,35.605878905553,72.4918172280211));
#3205=CARTESIAN_POINT('Ctrl Pts',(10.2744512903049,35.4648774516526,72.5073882052994));
#3206=CARTESIAN_POINT('Ctrl Pts',(10.1676029213841,35.3945854491376,72.5152797102928));
#3207=CARTESIAN_POINT('',(10.7559765455123,35.7981245728991,72.3147339224815));
#3208=CARTESIAN_POINT('Ctrl Pts',(11.1452025242673,36.0840105600591,71.7499316334724));
#3209=CARTESIAN_POINT('Ctrl Pts',(11.2456097705483,35.9509836354459,71.7499316334724));
#3210=CARTESIAN_POINT('Ctrl Pts',(11.3460170168293,35.8179567108327,71.7499316334724));
#3211=CARTESIAN_POINT('Ctrl Pts',(11.4464242631103,35.6849297862195,71.7499316334724));
#3212=CARTESIAN_POINT('Ctrl Pts',(11.0969216148086,36.0475686654518,71.8639541928501));
#3213=CARTESIAN_POINT('Ctrl Pts',(11.1968936108902,35.9142138242005,71.8639541928501));
#3214=CARTESIAN_POINT('Ctrl Pts',(11.2968664681251,35.780857816793,71.8639541928501));
#3215=CARTESIAN_POINT('Ctrl Pts',(11.3968384642067,35.6475029755417,71.8639541928501));
#3216=CARTESIAN_POINT('Ctrl Pts',(11.0017302221899,35.976131330338,72.0882902433802));
#3217=CARTESIAN_POINT('Ctrl Pts',(11.1008449190788,35.8421325281589,72.0882902433802));
#3218=CARTESIAN_POINT('Ctrl Pts',(11.1999596343582,35.7081337038203,72.0882902433802));
#3219=CARTESIAN_POINT('Ctrl Pts',(11.2990743312471,35.5741349016411,72.0882902433802));
#3220=CARTESIAN_POINT('Ctrl Pts',(10.8373608725327,35.8562813196361,72.2400892877826));
#3221=CARTESIAN_POINT('Ctrl Pts',(10.9349950751098,35.721202370019,72.2400892877826));
#3222=CARTESIAN_POINT('Ctrl Pts',(11.0326283641573,35.5861246510779,72.2400892877826));
#3223=CARTESIAN_POINT('Ctrl Pts',(11.1302625667343,35.4510457014608,72.2400892877826));
#3224=CARTESIAN_POINT('Ctrl Pts',(10.7559765455123,35.7981245728991,72.3147339224815));
#3225=CARTESIAN_POINT('Ctrl Pts',(10.8528772514442,35.662522098852,72.3147339224815));
#3226=CARTESIAN_POINT('Ctrl Pts',(10.949777957376,35.526919624805,72.3147339224815));
#3227=CARTESIAN_POINT('Ctrl Pts',(11.0466786633079,35.3913171507579,72.3147339224815));
#3228=CARTESIAN_POINT('',(11.1452025242673,36.0840105600591,71.7499316334724));
#3229=CARTESIAN_POINT('Ctrl Pts',(11.1452025242673,36.0840105600591,71.7499316334724));
#3230=CARTESIAN_POINT('Ctrl Pts',(11.0969216148086,36.0475686654518,71.8639541928501));
#3231=CARTESIAN_POINT('Ctrl Pts',(11.0017302221899,35.976131330338,72.0882902433802));
#3232=CARTESIAN_POINT('Ctrl Pts',(10.8373608725327,35.8562813196361,72.2400892877826));
#3233=CARTESIAN_POINT('Ctrl Pts',(10.7559765455123,35.7981245728991,72.3147339224815));
#3234=CARTESIAN_POINT('',(11.1452025242673,36.0840105600591,71.7499316334724));
#3235=CARTESIAN_POINT('Ctrl Pts',(11.2765108241956,36.1840432824364,70.8972713947296));
#3236=CARTESIAN_POINT('Ctrl Pts',(11.3781010281336,36.0519175535203,70.8972713947296));
#3237=CARTESIAN_POINT('Ctrl Pts',(11.4796912320716,35.9197918246042,70.8972713947296));
#3238=CARTESIAN_POINT('Ctrl Pts',(11.5812814360096,35.7876660956881,70.8972713947296));
#3239=CARTESIAN_POINT('Ctrl Pts',(11.2722734231914,36.1807851855032,71.0514035878426));
#3240=CARTESIAN_POINT('Ctrl Pts',(11.3738253472294,36.0486302413225,71.0514035878426));
#3241=CARTESIAN_POINT('Ctrl Pts',(11.4753775866159,35.9164748862617,71.0514035878426));
#3242=CARTESIAN_POINT('Ctrl Pts',(11.576929510654,35.784319942081,71.0514035878426));
#3243=CARTESIAN_POINT('Ctrl Pts',(11.2642590848428,36.174529263483,71.3445650741149));
#3244=CARTESIAN_POINT('Ctrl Pts',(11.3657389057618,36.0423178316562,71.3445650741149));
#3245=CARTESIAN_POINT('Ctrl Pts',(11.4672187476473,35.910106372914,71.3445650741149));
#3246=CARTESIAN_POINT('Ctrl Pts',(11.5686985685662,35.7778949410873,71.3445650741149));
#3247=CARTESIAN_POINT('Ctrl Pts',(11.18360297855,36.1129947967592,71.619531289689));
#3248=CARTESIAN_POINT('Ctrl Pts',(11.2843562997165,35.9802288290236,71.619531289689));
#3249=CARTESIAN_POINT('Ctrl Pts',(11.3851092463423,35.8474633484038,71.619531289689));
#3250=CARTESIAN_POINT('Ctrl Pts',(11.4858625675088,35.7146973806683,71.619531289689));
#3251=CARTESIAN_POINT('Ctrl Pts',(11.1452025242673,36.0840105600591,71.7499316334724));
#3252=CARTESIAN_POINT('Ctrl Pts',(11.2456097705483,35.9509836354459,71.7499316334724));
#3253=CARTESIAN_POINT('Ctrl Pts',(11.3460170168293,35.8179567108327,71.7499316334724));
#3254=CARTESIAN_POINT('Ctrl Pts',(11.4464242631103,35.6849297862195,71.7499316334724));
#3255=CARTESIAN_POINT('',(11.2765108241956,36.1840432824364,70.8972713947296));
#3256=CARTESIAN_POINT('Ctrl Pts',(11.2765108241956,36.1840432824364,70.8972713947296));
#3257=CARTESIAN_POINT('Ctrl Pts',(11.2722734231914,36.1807851855032,71.0514035878426));
#3258=CARTESIAN_POINT('Ctrl Pts',(11.2642590848428,36.174529263483,71.3445650741149));
#3259=CARTESIAN_POINT('Ctrl Pts',(11.18360297855,36.1129947967592,71.619531289689));
#3260=CARTESIAN_POINT('Ctrl Pts',(11.1452025242673,36.0840105600591,71.7499316334724));
#3261=CARTESIAN_POINT('',(11.2765108241956,36.1840432824364,70.8972713947296));
#3262=CARTESIAN_POINT('Ctrl Pts',(10.9680103327547,35.9519218137419,69.70491117239));
#3263=CARTESIAN_POINT('Ctrl Pts',(11.066821252986,35.8177049004231,69.70491117239));
#3264=CARTESIAN_POINT('Ctrl Pts',(11.1656321732174,35.6834879871044,69.70491117239));
#3265=CARTESIAN_POINT('Ctrl Pts',(11.2644430934487,35.5492710737856,69.70491117239));
#3266=CARTESIAN_POINT('Ctrl Pts',(11.0585270658582,36.0185605217342,69.8688838363764));
#3267=CARTESIAN_POINT('Ctrl Pts',(11.1581541684674,35.8849430252298,69.8688838363764));
#3268=CARTESIAN_POINT('Ctrl Pts',(11.2577791221349,35.7513283244444,69.8688838363764));
#3269=CARTESIAN_POINT('Ctrl Pts',(11.3574062247442,35.6177108279399,69.8688838363764));
#3270=CARTESIAN_POINT('Ctrl Pts',(11.2541979114384,36.1663115537192,70.2265624610007));
#3271=CARTESIAN_POINT('Ctrl Pts',(11.3555870656018,36.0340261202039,70.2265624610007));
#3272=CARTESIAN_POINT('Ctrl Pts',(11.4569763173929,35.9017405645749,70.2265624610007));
#3273=CARTESIAN_POINT('Ctrl Pts',(11.5583654715563,35.7694551310596,70.2265624610007));
#3274=CARTESIAN_POINT('Ctrl Pts',(11.2685747071027,36.1779412782276,70.6616458045536));
#3275=CARTESIAN_POINT('Ctrl Pts',(11.3700927647127,36.0457614252761,70.6616458045536));
#3276=CARTESIAN_POINT('Ctrl Pts',(11.4716127716557,35.9135790253982,70.6616458045536));
#3277=CARTESIAN_POINT('Ctrl Pts',(11.5731308292656,35.7813991724467,70.6616458045536));
#3278=CARTESIAN_POINT('Ctrl Pts',(11.2765108241956,36.1840432824364,70.8972713947296));
#3279=CARTESIAN_POINT('Ctrl Pts',(11.3781010281336,36.0519175535203,70.8972713947296));
#3280=CARTESIAN_POINT('Ctrl Pts',(11.4796912320716,35.9197918246042,70.8972713947296));
#3281=CARTESIAN_POINT('Ctrl Pts',(11.5812814360096,35.7876660956881,70.8972713947296));
#3282=CARTESIAN_POINT('',(10.9680103327547,35.9519218137419,69.70491117239));
#3283=CARTESIAN_POINT('Ctrl Pts',(10.9680103327547,35.9519218137419,69.70491117239));
#3284=CARTESIAN_POINT('Ctrl Pts',(11.0585270658582,36.0185605217342,69.8688838363764));
#3285=CARTESIAN_POINT('Ctrl Pts',(11.2541979114384,36.1663115537192,70.2265624610007));
#3286=CARTESIAN_POINT('Ctrl Pts',(11.2685747071027,36.1779412782276,70.6616458045536));
#3287=CARTESIAN_POINT('Ctrl Pts',(11.2765108241956,36.1840432824364,70.8972713947296));
#3288=CARTESIAN_POINT('',(10.9680103327547,35.9519218137419,69.70491117239));
#3289=CARTESIAN_POINT('Ctrl Pts',(10.1607660179291,35.3900898428581,69.284720480442));
#3290=CARTESIAN_POINT('Ctrl Pts',(10.2523044668558,35.2508113802521,69.284720480442));
#3291=CARTESIAN_POINT('Ctrl Pts',(10.3438429157824,35.1115329176462,69.284720480442));
#3292=CARTESIAN_POINT('Ctrl Pts',(10.435381364709,34.9722544550402,69.284720480442));
#3293=CARTESIAN_POINT('Ctrl Pts',(10.3191261732589,35.4941694163932,69.3012925714016));
#3294=CARTESIAN_POINT('Ctrl Pts',(10.4120919612289,35.3558276594124,69.3012925714016));
#3295=CARTESIAN_POINT('Ctrl Pts',(10.5050557362668,35.217488747003,69.3012925714016));
#3296=CARTESIAN_POINT('Ctrl Pts',(10.5980215242368,35.0791469900222,69.3012925714016));
#3297=CARTESIAN_POINT('Ctrl Pts',(10.6282169579877,35.7049757101239,69.334008069431));
#3298=CARTESIAN_POINT('Ctrl Pts',(10.7239666581654,35.5685340792536,69.334008069431));
#3299=CARTESIAN_POINT('Ctrl Pts',(10.8197164137807,35.4320923820213,69.334008069431));
#3300=CARTESIAN_POINT('Ctrl Pts',(10.9154661139583,35.295650751151,69.334008069431));
#3301=CARTESIAN_POINT('Ctrl Pts',(10.8562495346388,35.8696431572406,69.5823615621938));
#3302=CARTESIAN_POINT('Ctrl Pts',(10.9540529944429,35.7346858608592,69.5823615621938));
#3303=CARTESIAN_POINT('Ctrl Pts',(11.0518582734176,35.5997259661927,69.5823615621938));
#3304=CARTESIAN_POINT('Ctrl Pts',(11.1496617332216,35.4647686698113,69.5823615621938));
#3305=CARTESIAN_POINT('Ctrl Pts',(10.9680103327547,35.9519218137419,69.70491117239));
#3306=CARTESIAN_POINT('Ctrl Pts',(11.066821252986,35.8177049004231,69.70491117239));
#3307=CARTESIAN_POINT('Ctrl Pts',(11.1656321732174,35.6834879871044,69.70491117239));
#3308=CARTESIAN_POINT('Ctrl Pts',(11.2644430934487,35.5492710737856,69.70491117239));
#3309=CARTESIAN_POINT('',(10.1607660179291,35.3900898428581,69.284720480442));
#3310=CARTESIAN_POINT('Ctrl Pts',(10.1607660179291,35.3900898428581,69.284720480442));
#3311=CARTESIAN_POINT('Ctrl Pts',(10.3191261732589,35.4941694163932,69.3012925714016));
#3312=CARTESIAN_POINT('Ctrl Pts',(10.6282169579877,35.7049757101239,69.334008069431));
#3313=CARTESIAN_POINT('Ctrl Pts',(10.8562495346388,35.8696431572406,69.5823615621938));
#3314=CARTESIAN_POINT('Ctrl Pts',(10.9680103327547,35.9519218137419,69.70491117239));
#3315=CARTESIAN_POINT('',(10.1607660179291,35.3900898428581,69.284720480442));
#3316=CARTESIAN_POINT('Ctrl Pts',(9.33187055985377,34.8760780073239,69.7008184194565));
#3317=CARTESIAN_POINT('Ctrl Pts',(9.41594148213105,34.7321688074608,69.7008184194565));
#3318=CARTESIAN_POINT('Ctrl Pts',(9.50001240440833,34.5882596075978,69.7008184194565));
#3319=CARTESIAN_POINT('Ctrl Pts',(9.58408332668561,34.4443504077347,69.7008184194565));
#3320=CARTESIAN_POINT('Ctrl Pts',(9.45159563775958,34.9460207054199,69.5794589177819));
#3321=CARTESIAN_POINT('Ctrl Pts',(9.53674462250184,34.8027424985446,69.5794589177819));
#3322=CARTESIAN_POINT('Ctrl Pts',(9.62189523276554,34.6594616558978,69.5794589177819));
#3323=CARTESIAN_POINT('Ctrl Pts',(9.70704421750779,34.5161834490225,69.5794589177819));
#3324=CARTESIAN_POINT('Ctrl Pts',(9.69178675830528,35.0893272153376,69.3346803841347));
#3325=CARTESIAN_POINT('Ctrl Pts',(9.77910015821473,34.9473392012493,69.3346803841347));
#3326=CARTESIAN_POINT('Ctrl Pts',(9.86641359005068,34.8053511219451,69.3346803841347));
#3327=CARTESIAN_POINT('Ctrl Pts',(9.95372698996013,34.6633631078569,69.3346803841347));
#3328=CARTESIAN_POINT('Ctrl Pts',(10.0047085380624,35.2875236644045,69.301466932692));
#3329=CARTESIAN_POINT('Ctrl Pts',(10.0948416458422,35.1473202276939,69.301466932692));
#3330=CARTESIAN_POINT('Ctrl Pts',(10.1849730073363,35.00711965442,69.301466932692));
#3331=CARTESIAN_POINT('Ctrl Pts',(10.2751061151161,34.8669162177094,69.301466932692));
#3332=CARTESIAN_POINT('Ctrl Pts',(10.1607660179291,35.3900898428581,69.284720480442));
#3333=CARTESIAN_POINT('Ctrl Pts',(10.2523044668558,35.2508113802521,69.284720480442));
#3334=CARTESIAN_POINT('Ctrl Pts',(10.3438429157824,35.1115329176462,69.284720480442));
#3335=CARTESIAN_POINT('Ctrl Pts',(10.435381364709,34.9722544550402,69.284720480442));
#3336=CARTESIAN_POINT('',(9.33187055985377,34.8760780073239,69.7008184194565));
#3337=CARTESIAN_POINT('Ctrl Pts',(9.33187055985377,34.8760780073239,69.7008184194565));
#3338=CARTESIAN_POINT('Ctrl Pts',(9.45159563775958,34.9460207054199,69.5794589177819));
#3339=CARTESIAN_POINT('Ctrl Pts',(9.69178675830528,35.0893272153376,69.3346803841347));
#3340=CARTESIAN_POINT('Ctrl Pts',(10.0047085380624,35.2875236644045,69.301466932692));
#3341=CARTESIAN_POINT('Ctrl Pts',(10.1607660179291,35.3900898428581,69.284720480442));
#3342=CARTESIAN_POINT('',(9.33187055985377,34.8760780073239,69.7008184194565));
#3343=CARTESIAN_POINT('Ctrl Pts',(8.99411173298986,34.6834930289721,70.8399725556374));
#3344=CARTESIAN_POINT('Ctrl Pts',(9.07513978295305,34.5378488293041,70.8399725556374));
#3345=CARTESIAN_POINT('Ctrl Pts',(9.15616783291624,34.392204629636,70.8399725556374));
#3346=CARTESIAN_POINT('Ctrl Pts',(9.23719588287943,34.246560429968,70.8399725556374));
#3347=CARTESIAN_POINT('Ctrl Pts',(9.00413485422849,34.6890693167361,70.6170875734756));
#3348=CARTESIAN_POINT('Ctrl Pts',(9.08525270778922,34.5434762387852,70.6170875734756));
#3349=CARTESIAN_POINT('Ctrl Pts',(9.16637204572594,34.397880506163,70.6170875734756));
#3350=CARTESIAN_POINT('Ctrl Pts',(9.24748989928667,34.2522874282122,70.6170875734756));
#3351=CARTESIAN_POINT('Ctrl Pts',(9.02315234981454,34.6991515242948,70.1989188132207));
#3352=CARTESIAN_POINT('Ctrl Pts',(9.10444199947981,34.553648443542,70.1989188132207));
#3353=CARTESIAN_POINT('Ctrl Pts',(9.18573173157464,34.4081452086198,70.1989188132207));
#3354=CARTESIAN_POINT('Ctrl Pts',(9.26702138123991,34.262642127867,70.1989188132207));
#3355=CARTESIAN_POINT('Ctrl Pts',(9.23406580024017,34.8189410324005,69.8593815041018));
#3356=CARTESIAN_POINT('Ctrl Pts',(9.31725616324145,34.6745160701708,69.8593815041018));
#3357=CARTESIAN_POINT('Ctrl Pts',(9.40044483218929,34.5300941524754,69.8593815041018));
#3358=CARTESIAN_POINT('Ctrl Pts',(9.48363519519056,34.3856691902458,69.8593815041018));
#3359=CARTESIAN_POINT('Ctrl Pts',(9.33187055985377,34.8760780073239,69.7008184194565));
#3360=CARTESIAN_POINT('Ctrl Pts',(9.41594148213105,34.7321688074608,69.7008184194565));
#3361=CARTESIAN_POINT('Ctrl Pts',(9.50001240440833,34.5882596075978,69.7008184194565));
#3362=CARTESIAN_POINT('Ctrl Pts',(9.58408332668561,34.4443504077347,69.7008184194565));
#3363=CARTESIAN_POINT('',(8.99411173298986,34.6834930289721,70.8399725556374));
#3364=CARTESIAN_POINT('Ctrl Pts',(8.99411173298986,34.6834930289721,70.8399725556374));
#3365=CARTESIAN_POINT('Ctrl Pts',(9.00413485422849,34.6890693167361,70.6170875734756));
#3366=CARTESIAN_POINT('Ctrl Pts',(9.02315234981454,34.6991515242948,70.1989188132207));
#3367=CARTESIAN_POINT('Ctrl Pts',(9.23406580024017,34.8189410324005,69.8593815041018));
#3368=CARTESIAN_POINT('Ctrl Pts',(9.33187055985377,34.8760780073239,69.7008184194565));
#3369=CARTESIAN_POINT('',(8.99411173298986,34.6834930289721,70.8399725556374));
#3370=CARTESIAN_POINT('Ctrl Pts',(9.34600562575182,34.8843440237247,72.1291950941086));
#3371=CARTESIAN_POINT('Ctrl Pts',(9.43020389096512,34.7405092924779,72.1291950941086));
#3372=CARTESIAN_POINT('Ctrl Pts',(9.51440215617841,34.596674561231,72.1291950941086));
#3373=CARTESIAN_POINT('Ctrl Pts',(9.59860042139171,34.4528398299842,72.1291950941086));
#3374=CARTESIAN_POINT('Ctrl Pts',(9.24446406625907,34.8249034207338,71.9630439244699));
#3375=CARTESIAN_POINT('Ctrl Pts',(9.32774822409281,34.6805319649973,71.9630439244699));
#3376=CARTESIAN_POINT('Ctrl Pts',(9.41103033759245,34.5361641799463,71.9630439244699));
#3377=CARTESIAN_POINT('Ctrl Pts',(9.49431449542619,34.3917927242098,71.9630439244699));
#3378=CARTESIAN_POINT('Ctrl Pts',(9.00871120101751,34.6909367720918,71.5801418258374));
#3379=CARTESIAN_POINT('Ctrl Pts',(9.08987075571206,34.5453596751826,71.5801418258374));
#3380=CARTESIAN_POINT('Ctrl Pts',(9.17103037642949,34.3997824522433,71.5801418258374));
#3381=CARTESIAN_POINT('Ctrl Pts',(9.25218993112404,34.2542053553342,71.5801418258374));
#3382=CARTESIAN_POINT('Ctrl Pts',(8.99928419501289,34.6863706891343,71.1075145666627));
#3383=CARTESIAN_POINT('Ctrl Pts',(9.08035814612153,34.5407536607669,71.1075145666627));
#3384=CARTESIAN_POINT('Ctrl Pts',(9.16143419006471,34.3951328930965,71.1075145666627));
#3385=CARTESIAN_POINT('Ctrl Pts',(9.24250814117335,34.2495158647292,71.1075145666627));
#3386=CARTESIAN_POINT('Ctrl Pts',(8.99411173298986,34.6834930289721,70.8399725556374));
#3387=CARTESIAN_POINT('Ctrl Pts',(9.07513978295305,34.5378488293041,70.8399725556374));
#3388=CARTESIAN_POINT('Ctrl Pts',(9.15616783291624,34.392204629636,70.8399725556374));
#3389=CARTESIAN_POINT('Ctrl Pts',(9.23719588287943,34.246560429968,70.8399725556374));
#3390=CARTESIAN_POINT('Ctrl Pts',(9.34600562575182,34.8843440237247,72.1291950941086));
#3391=CARTESIAN_POINT('Ctrl Pts',(9.24446406625907,34.8249034207338,71.9630439244699));
#3392=CARTESIAN_POINT('Ctrl Pts',(9.00871120101751,34.6909367720918,71.5801418258374));
#3393=CARTESIAN_POINT('Ctrl Pts',(8.99928419501289,34.6863706891343,71.1075145666627));
#3394=CARTESIAN_POINT('Ctrl Pts',(8.99411173298986,34.6834930289721,70.8399725556374));
#3395=CARTESIAN_POINT('Origin',(-1.8129241813325E-6,50.8499991921233,75.5));
#3396=CARTESIAN_POINT('Origin',(-1.8129241813325E-6,50.8499991921233,75.5));
#3397=CARTESIAN_POINT('',(-16.160377647134,40.8578896602433,69.1046381592751));
#3398=CARTESIAN_POINT('',(-16.5135810143057,41.4531006633692,69.8495224714279));
#3399=CARTESIAN_POINT('Ctrl Pts',(-16.160377647134,40.8578896602433,69.1046381592751));
#3400=CARTESIAN_POINT('Ctrl Pts',(-16.2356290604488,40.9795948034208,69.204005642694));
#3401=CARTESIAN_POINT('Ctrl Pts',(-16.383129472686,41.2253535303614,69.403039757407));
#3402=CARTESIAN_POINT('Ctrl Pts',(-16.4702699497509,41.376988242592,69.7005458497343));
#3403=CARTESIAN_POINT('Ctrl Pts',(-16.5135810143057,41.4531006633692,69.8495224714279));
#3404=CARTESIAN_POINT('',(-15.5913201001795,39.9913255131928,68.8317871689796));
#3405=CARTESIAN_POINT('Ctrl Pts',(-15.5913201001795,39.9913255131928,68.8317871689796));
#3406=CARTESIAN_POINT('Ctrl Pts',(-15.697935018144,40.1444074796746,68.8421722381027));
#3407=CARTESIAN_POINT('Ctrl Pts',(-15.902133895596,40.447517195412,68.8625159907093));
#3408=CARTESIAN_POINT('Ctrl Pts',(-16.0765802152281,40.72236292395,69.0250664035948));
#3409=CARTESIAN_POINT('Ctrl Pts',(-16.160377647134,40.8578896602433,69.1046381592751));
#3410=CARTESIAN_POINT('',(-14.999956266218,39.1880368187012,69.0787172913551));
#3411=CARTESIAN_POINT('Ctrl Pts',(-14.999956266218,39.1880368187012,69.0787172913551));
#3412=CARTESIAN_POINT('Ctrl Pts',(-15.0966302020355,39.3123816405802,69.0066963151581));
#3413=CARTESIAN_POINT('Ctrl Pts',(-15.2877960692725,39.5643306994984,68.8620924705972));
#3414=CARTESIAN_POINT('Ctrl Pts',(-15.491264446669,39.8476616011491,68.8419150708592));
#3415=CARTESIAN_POINT('Ctrl Pts',(-15.5913201001795,39.9913255131928,68.8317871689796));
#3416=CARTESIAN_POINT('',(-14.5508549580759,38.6322795706789,69.8058662414551));
#3417=CARTESIAN_POINT('Ctrl Pts',(-14.5508549580759,38.6322795706789,69.8058662414551));
#3418=CARTESIAN_POINT('Ctrl Pts',(-14.60987812557,38.702573984774,69.6560725918447));
#3419=CARTESIAN_POINT('Ctrl Pts',(-14.7257751137606,38.8418670944226,69.3603718993461));
#3420=CARTESIAN_POINT('Ctrl Pts',(-14.9104033087778,39.0728512058732,69.1717758763271));
#3421=CARTESIAN_POINT('Ctrl Pts',(-14.999956266218,39.1880368187012,69.0787172913551));
#3422=CARTESIAN_POINT('',(-14.3874017711526,38.4402158563044,70.894542992115));
#3423=CARTESIAN_POINT('Ctrl Pts',(-14.3874017711526,38.4402158563044,70.894542992115));
#3424=CARTESIAN_POINT('Ctrl Pts',(-14.3933617923446,38.4471256633758,70.6997524197362));
#3425=CARTESIAN_POINT('Ctrl Pts',(-14.4050376244223,38.4604227980757,70.3220266536832));
#3426=CARTESIAN_POINT('Ctrl Pts',(-14.5035665349742,38.5759608040564,69.9742815793517));
#3427=CARTESIAN_POINT('Ctrl Pts',(-14.5508549580759,38.6322795706789,69.8058662414551));
#3428=CARTESIAN_POINT('',(-14.5427429797213,38.6226250113948,71.9682127833366));
#3429=CARTESIAN_POINT('Ctrl Pts',(-14.5427429797213,38.6226250113948,71.9682127833366));
#3430=CARTESIAN_POINT('Ctrl Pts',(-14.4977850694222,38.5691539027811,71.8019877267707));
#3431=CARTESIAN_POINT('Ctrl Pts',(-14.403956855185,38.4591913845409,71.4580395271137));
#3432=CARTESIAN_POINT('Ctrl Pts',(-14.3930050254039,38.4467120422408,71.0865151537318));
#3433=CARTESIAN_POINT('Ctrl Pts',(-14.3874017711526,38.4402158563044,70.894542992115));
#3434=CARTESIAN_POINT('',(-14.9810166576445,39.1637168824121,72.7062756419182));
#3435=CARTESIAN_POINT('Ctrl Pts',(-14.9810166576445,39.1637168824121,72.7062756419182));
#3436=CARTESIAN_POINT('Ctrl Pts',(-14.8928084806122,39.0506400308928,72.6089499531022));
#3437=CARTESIAN_POINT('Ctrl Pts',(-14.7124657029227,38.8256628728887,72.4132807836951));
#3438=CARTESIAN_POINT('Ctrl Pts',(-14.5997055195577,38.6903739377628,72.1170823515516));
#3439=CARTESIAN_POINT('Ctrl Pts',(-14.5427429797213,38.6226250113948,71.9682127833366));
#3440=CARTESIAN_POINT('',(-15.5897183926746,39.9890260790429,72.9709411263466));
#3441=CARTESIAN_POINT('Ctrl Pts',(-15.5897183926746,39.9890260790429,72.9709411263466));
#3442=CARTESIAN_POINT('Ctrl Pts',(-15.4848053663538,39.8384351210472,72.9607248419078));
#3443=CARTESIAN_POINT('Ctrl Pts',(-15.2741712784198,39.5456948587641,72.9406516995585));
#3444=CARTESIAN_POINT('Ctrl Pts',(-15.0785462010669,39.2887430882736,72.7834627945322));
#3445=CARTESIAN_POINT('Ctrl Pts',(-14.9810166576445,39.1637168824121,72.7062756419182));
#3446=CARTESIAN_POINT('',(-16.356111907713,41.1816144993658,72.4075034856796));
#3447=CARTESIAN_POINT('Ctrl Pts',(-16.356111907713,41.1816144993658,72.4075034856796));
#3448=CARTESIAN_POINT('Ctrl Pts',(-16.254477759851,41.0096789212267,72.571812928339));
#3449=CARTESIAN_POINT('Ctrl Pts',(-16.041561884287,40.6600253267654,72.9085381677291));
#3450=CARTESIAN_POINT('Ctrl Pts',(-15.7463036402736,40.2137867524395,72.9498089545807));
#3451=CARTESIAN_POINT('Ctrl Pts',(-15.5897183926746,39.9890260790429,72.9709411263466));
#3452=CARTESIAN_POINT('',(-16.628728218009,41.6584020433773,70.8481580615044));
#3453=CARTESIAN_POINT('Ctrl Pts',(-16.628728218009,41.6584020433773,70.8481580615044));
#3454=CARTESIAN_POINT('Ctrl Pts',(-16.6210415576599,41.6444959321928,71.1545089770128));
#3455=CARTESIAN_POINT('Ctrl Pts',(-16.607404180301,41.6180583311235,71.7277703662159));
#3456=CARTESIAN_POINT('Ctrl Pts',(-16.4375262911651,41.3193440851609,72.1915620849807));
#3457=CARTESIAN_POINT('Ctrl Pts',(-16.356111907713,41.1816144993658,72.4075034856796));
#3458=CARTESIAN_POINT('Ctrl Pts',(-16.5135810143057,41.4531006633692,69.8495224714279));
#3459=CARTESIAN_POINT('Ctrl Pts',(-16.5475361016353,41.5127714177348,70.0092214287656));
#3460=CARTESIAN_POINT('Ctrl Pts',(-16.6146603670296,41.6327033827478,70.3289146354496));
#3461=CARTESIAN_POINT('Ctrl Pts',(-16.6240010250551,41.6498499716293,70.6749703720301));
#3462=CARTESIAN_POINT('Ctrl Pts',(-16.628728218009,41.6584020433773,70.8481580615044));
#3463=CARTESIAN_POINT('',(-15.5881164335454,39.98672700671,72.5152797102928));
#3464=CARTESIAN_POINT('',(-16.1345339525182,40.8162126368687,72.1291950941086));
#3465=CARTESIAN_POINT('Ctrl Pts',(-15.5881164335454,39.98672700671,72.5152797102928));
#3466=CARTESIAN_POINT('Ctrl Pts',(-15.6942476843952,40.13901869883,72.4992697737977));
#3467=CARTESIAN_POINT('Ctrl Pts',(-15.9013461723629,40.4466427009032,72.4672880456991));
#3468=CARTESIAN_POINT('Ctrl Pts',(-16.0576751721521,40.6926221603125,72.2418030986713));
#3469=CARTESIAN_POINT('Ctrl Pts',(-16.1345339525182,40.8162126368687,72.1291950941086));
#3470=CARTESIAN_POINT('',(-15.1576545838297,39.3937536257669,72.3147339224815));
#3471=CARTESIAN_POINT('Ctrl Pts',(-15.1576545838297,39.3937536257669,72.3147339224815));
#3472=CARTESIAN_POINT('Ctrl Pts',(-15.2258173150608,39.4839391063358,72.3732233891091));
#3473=CARTESIAN_POINT('Ctrl Pts',(-15.3625048126992,39.6679503723744,72.4918165769528));
#3474=CARTESIAN_POINT('Ctrl Pts',(-15.5130154690119,39.8789618303169,72.5073880146135));
#3475=CARTESIAN_POINT('Ctrl Pts',(-15.5881164335454,39.98672700671,72.5152797102928));
#3476=CARTESIAN_POINT('',(-14.8534559636651,39.002007809959,71.7499316334724));
#3477=CARTESIAN_POINT('Ctrl Pts',(-14.8534559636651,39.002007809959,71.7499316334724));
#3478=CARTESIAN_POINT('Ctrl Pts',(-14.892195460371,39.0505742985379,71.863954164182));
#3479=CARTESIAN_POINT('Ctrl Pts',(-14.9681517467399,39.1463399857019,72.0882899833134));
#3480=CARTESIAN_POINT('Ctrl Pts',(-15.0957119204769,39.3117978595983,72.2400892424002));
#3481=CARTESIAN_POINT('Ctrl Pts',(-15.1576545838297,39.3937536257669,72.3147339224815));
#3482=CARTESIAN_POINT('',(-14.7471467104271,38.8699442101103,70.8972713947296));
#3483=CARTESIAN_POINT('Ctrl Pts',(-14.7471467104271,38.8699442101103,70.8972713947296));
#3484=CARTESIAN_POINT('Ctrl Pts',(-14.7506081734847,38.8742051836488,71.0514036540424));
#3485=CARTESIAN_POINT('Ctrl Pts',(-14.7572512374379,38.8822615353958,71.3445655109694));
#3486=CARTESIAN_POINT('Ctrl Pts',(-14.8226433895417,38.9633790549031,71.6195313483537));
#3487=CARTESIAN_POINT('Ctrl Pts',(-14.8534559636651,39.002007809959,71.7499316334724));
#3488=CARTESIAN_POINT('',(-14.9939342645247,39.1802952697077,69.70491117239));
#3489=CARTESIAN_POINT('Ctrl Pts',(-14.9939342645247,39.1802952697077,69.70491117239));
#3490=CARTESIAN_POINT('Ctrl Pts',(-14.9230312587551,39.0891948539481,69.868883681633));
#3491=CARTESIAN_POINT('Ctrl Pts',(-14.765963670582,38.892364216504,70.2265613334896));
#3492=CARTESIAN_POINT('Ctrl Pts',(-14.7536292386954,38.8779240385684,70.6616456382355));
#3493=CARTESIAN_POINT('Ctrl Pts',(-14.7471467104271,38.8699442101103,70.8972713947296));
#3494=CARTESIAN_POINT('',(-15.5929214685252,39.9936251835524,69.284720480442));
#3495=CARTESIAN_POINT('Ctrl Pts',(-15.5929214685252,39.9936251835524,69.284720480442));
#3496=CARTESIAN_POINT('Ctrl Pts',(-15.4817159516777,39.833901625015,69.3012922257712));
#3497=CARTESIAN_POINT('Ctrl Pts',(-15.2567978046927,39.5223616897121,69.3340068882555));
#3498=CARTESIAN_POINT('Ctrl Pts',(-15.0814761568947,39.2927743205567,69.5823615664646));
#3499=CARTESIAN_POINT('Ctrl Pts',(-14.9939342645247,39.1802952697077,69.70491117239));
#3500=CARTESIAN_POINT('',(-16.1434067279393,40.8304943266188,69.7008184194565));
#3501=CARTESIAN_POINT('Ctrl Pts',(-16.1434067279393,40.8304943266188,69.7008184194565));
#3502=CARTESIAN_POINT('Ctrl Pts',(-16.0683108125665,40.7094999475952,69.579458919135));
#3503=CARTESIAN_POINT('Ctrl Pts',(-15.9145859976016,40.4668438733351,69.3346798086346));
#3504=CARTESIAN_POINT('Ctrl Pts',(-15.7025093628732,40.1510253643537,69.301466765706));
#3505=CARTESIAN_POINT('Ctrl Pts',(-15.5929214685252,39.9936251835524,69.284720480442));
#3506=CARTESIAN_POINT('',(-16.3504052073544,41.1719669107448,70.8399725556374));
#3507=CARTESIAN_POINT('Ctrl Pts',(-16.3504052073544,41.1719669107448,70.8399725556374));
#3508=CARTESIAN_POINT('Ctrl Pts',(-16.3444048999137,41.1618297832488,70.6170875673151));
#3509=CARTESIAN_POINT('Ctrl Pts',(-16.3335314481291,41.1425822936756,70.198918769625));
#3510=CARTESIAN_POINT('Ctrl Pts',(-16.2047539566978,40.9293368510307,69.8593814978577));
#3511=CARTESIAN_POINT('Ctrl Pts',(-16.1434067279393,40.8304943266188,69.7008184194565));
#3512=CARTESIAN_POINT('Ctrl Pts',(-16.1345339525182,40.8162126368687,72.1291950941086));
#3513=CARTESIAN_POINT('Ctrl Pts',(-16.1983476949311,40.9188264280071,71.9630437206281));
#3514=CARTESIAN_POINT('Ctrl Pts',(-16.3423604419508,41.1571802528374,71.5801401936003));
#3515=CARTESIAN_POINT('Ctrl Pts',(-16.3473081923732,41.1667347062233,71.10751430453));
#3516=CARTESIAN_POINT('Ctrl Pts',(-16.3504052073544,41.1719669107448,70.8399725556374));
#3517=CARTESIAN_POINT('Ctrl Pts',(-15.1779028908975,40.2726025905366,72.5152797102928));
#3518=CARTESIAN_POINT('Ctrl Pts',(-15.3146407384468,40.1773107292611,72.5152797102928));
#3519=CARTESIAN_POINT('Ctrl Pts',(-15.4513785859961,40.0820188679855,72.5152797102928));
#3520=CARTESIAN_POINT('Ctrl Pts',(-15.5881164335454,39.98672700671,72.5152797102928));
#3521=CARTESIAN_POINT('Ctrl Pts',(-15.2812412140934,40.4208866065482,72.4992697737977));
#3522=CARTESIAN_POINT('Ctrl Pts',(-15.4189108193546,40.3269301294264,72.4992697737977));
#3523=CARTESIAN_POINT('Ctrl Pts',(-15.556578079134,40.2329751759518,72.4992697737977));
#3524=CARTESIAN_POINT('Ctrl Pts',(-15.6942476843952,40.13901869883,72.4992697737977));
#3525=CARTESIAN_POINT('Ctrl Pts',(-15.4828897418513,40.7204152401458,72.4672880456991));
#3526=CARTESIAN_POINT('Ctrl Pts',(-15.6223752061069,40.6291577329812,72.4672880456991));
#3527=CARTESIAN_POINT('Ctrl Pts',(-15.7618607081073,40.5379002080678,72.4672880456991));
#3528=CARTESIAN_POINT('Ctrl Pts',(-15.9013461723629,40.4466427009032,72.4672880456991));
#3529=CARTESIAN_POINT('Ctrl Pts',(-15.6351048205935,40.9599215558865,72.2418030986713));
#3530=CARTESIAN_POINT('Ctrl Pts',(-15.7759608642087,40.8708222434621,72.2418030986713));
#3531=CARTESIAN_POINT('Ctrl Pts',(-15.9168191285368,40.7817214727369,72.2418030986713));
#3532=CARTESIAN_POINT('Ctrl Pts',(-16.0576751721521,40.6926221603125,72.2418030986713));
#3533=CARTESIAN_POINT('Ctrl Pts',(-15.7099410014763,41.0802596514807,72.1291950941086));
#3534=CARTESIAN_POINT('Ctrl Pts',(-15.8514719851569,40.9922439799434,72.1291950941086));
#3535=CARTESIAN_POINT('Ctrl Pts',(-15.9930029688376,40.9042283084061,72.1291950941086));
#3536=CARTESIAN_POINT('Ctrl Pts',(-16.1345339525182,40.8162126368687,72.1291950941086));
#3537=CARTESIAN_POINT('',(-15.1779028908975,40.2726025905366,72.5152797102928));
#3538=CARTESIAN_POINT('',(-15.7099410014763,41.0802596514807,72.1291950941086));
#3539=CARTESIAN_POINT('Ctrl Pts',(-15.1779028908975,40.2726025905366,72.5152797102928));
#3540=CARTESIAN_POINT('Ctrl Pts',(-15.2812412140934,40.4208866065482,72.4992697737977));
#3541=CARTESIAN_POINT('Ctrl Pts',(-15.4828897418513,40.7204152401458,72.4672880456991));
#3542=CARTESIAN_POINT('Ctrl Pts',(-15.6351048205935,40.9599215558865,72.2418030986713));
#3543=CARTESIAN_POINT('Ctrl Pts',(-15.7099410014763,41.0802596514807,72.1291950941086));
#3544=CARTESIAN_POINT('',(-15.1779028908975,40.2726025905366,72.5152797102928));
#3545=CARTESIAN_POINT('',(-15.7099410014763,41.0802596514807,72.1291950941086));
#3546=CARTESIAN_POINT('Ctrl Pts',(-14.7587689845953,39.6952337722499,72.3147339224815));
#3547=CARTESIAN_POINT('Ctrl Pts',(-14.8917308510068,39.5947403900889,72.3147339224815));
#3548=CARTESIAN_POINT('Ctrl Pts',(-15.0246927174182,39.4942470079279,72.3147339224815));
#3549=CARTESIAN_POINT('Ctrl Pts',(-15.1576545838297,39.3937536257669,72.3147339224815));
#3550=CARTESIAN_POINT('Ctrl Pts',(-14.8251379597414,39.7830459506987,72.3732233891091));
#3551=CARTESIAN_POINT('Ctrl Pts',(-14.9586975466766,39.6833438131422,72.3732233891091));
#3552=CARTESIAN_POINT('Ctrl Pts',(-15.0922577281256,39.5836412438922,72.3732233891091));
#3553=CARTESIAN_POINT('Ctrl Pts',(-15.2258173150608,39.4839391063358,72.3732233891091));
#3554=CARTESIAN_POINT('Ctrl Pts',(-14.9582284179683,39.9622148149994,72.4918165769528));
#3555=CARTESIAN_POINT('Ctrl Pts',(-15.0929872130021,39.8641266702841,72.4918165769528));
#3556=CARTESIAN_POINT('Ctrl Pts',(-15.2277460176654,39.7660385170897,72.4918165769528));
#3557=CARTESIAN_POINT('Ctrl Pts',(-15.3625048126992,39.6679503723744,72.4918165769528));
#3558=CARTESIAN_POINT('Ctrl Pts',(-15.1047782675359,40.1676733398381,72.5073880146135));
#3559=CARTESIAN_POINT('Ctrl Pts',(-15.2408575453916,40.0714360158276,72.5073880146135));
#3560=CARTESIAN_POINT('Ctrl Pts',(-15.3769361911563,39.9751991543275,72.5073880146135));
#3561=CARTESIAN_POINT('Ctrl Pts',(-15.5130154690119,39.8789618303169,72.5073880146135));
#3562=CARTESIAN_POINT('Ctrl Pts',(-15.1779028908975,40.2726025905366,72.5152797102928));
#3563=CARTESIAN_POINT('Ctrl Pts',(-15.3146407384468,40.1773107292611,72.5152797102928));
#3564=CARTESIAN_POINT('Ctrl Pts',(-15.4513785859961,40.0820188679855,72.5152797102928));
#3565=CARTESIAN_POINT('Ctrl Pts',(-15.5881164335454,39.98672700671,72.5152797102928));
#3566=CARTESIAN_POINT('',(-14.7587689845953,39.6952337722499,72.3147339224815));
#3567=CARTESIAN_POINT('Ctrl Pts',(-14.7587689845953,39.6952337722499,72.3147339224815));
#3568=CARTESIAN_POINT('Ctrl Pts',(-14.8251379597414,39.7830459506987,72.3732233891091));
#3569=CARTESIAN_POINT('Ctrl Pts',(-14.9582284179683,39.9622148149994,72.4918165769528));
#3570=CARTESIAN_POINT('Ctrl Pts',(-15.1047782675359,40.1676733398381,72.5073880146135));
#3571=CARTESIAN_POINT('Ctrl Pts',(-15.1779028908975,40.2726025905366,72.5152797102928));
#3572=CARTESIAN_POINT('',(-14.7587689845953,39.6952337722499,72.3147339224815));
#3573=CARTESIAN_POINT('Ctrl Pts',(-14.4625755912771,39.3137970568581,71.7499316334724));
#3574=CARTESIAN_POINT('Ctrl Pts',(-14.5928690487398,39.2098673078917,71.7499316334724));
#3575=CARTESIAN_POINT('Ctrl Pts',(-14.7231625062024,39.1059375589254,71.7499316334724));
#3576=CARTESIAN_POINT('Ctrl Pts',(-14.8534559636651,39.002007809959,71.7499316334724));
#3577=CARTESIAN_POINT('Ctrl Pts',(-14.5002956275434,39.361085479948,71.863954164182));
#3578=CARTESIAN_POINT('Ctrl Pts',(-14.6309285242536,39.2575820501562,71.863954164182));
#3579=CARTESIAN_POINT('Ctrl Pts',(-14.7615625636608,39.1540777283297,71.863954164182));
#3580=CARTESIAN_POINT('Ctrl Pts',(-14.892195460371,39.0505742985379,71.863954164182));
#3581=CARTESIAN_POINT('Ctrl Pts',(-14.574253064271,39.4543310174499,72.0882899833134));
#3582=CARTESIAN_POINT('Ctrl Pts',(-14.7055526178748,39.3516673465256,72.0882899833134));
#3583=CARTESIAN_POINT('Ctrl Pts',(-14.8368521931361,39.2490036566262,72.0882899833134));
#3584=CARTESIAN_POINT('Ctrl Pts',(-14.9681517467399,39.1463399857019,72.0882899833134));
#3585=CARTESIAN_POINT('Ctrl Pts',(-14.6984563913308,39.61543473677,72.2400892424002));
#3586=CARTESIAN_POINT('Ctrl Pts',(-14.8308753029764,39.5142221290074,72.2400892424002));
#3587=CARTESIAN_POINT('Ctrl Pts',(-14.9632930088314,39.413010467361,72.2400892424002));
#3588=CARTESIAN_POINT('Ctrl Pts',(-15.0957119204769,39.3117978595983,72.2400892424002));
#3589=CARTESIAN_POINT('Ctrl Pts',(-14.7587689845953,39.6952337722499,72.3147339224815));
#3590=CARTESIAN_POINT('Ctrl Pts',(-14.8917308510068,39.5947403900889,72.3147339224815));
#3591=CARTESIAN_POINT('Ctrl Pts',(-15.0246927174182,39.4942470079279,72.3147339224815));
#3592=CARTESIAN_POINT('Ctrl Pts',(-15.1576545838297,39.3937536257669,72.3147339224815));
#3593=CARTESIAN_POINT('',(-14.4625755912771,39.3137970568581,71.7499316334724));
#3594=CARTESIAN_POINT('Ctrl Pts',(-14.4625755912771,39.3137970568581,71.7499316334724));
#3595=CARTESIAN_POINT('Ctrl Pts',(-14.5002956275434,39.361085479948,71.863954164182));
#3596=CARTESIAN_POINT('Ctrl Pts',(-14.574253064271,39.4543310174499,72.0882899833134));
#3597=CARTESIAN_POINT('Ctrl Pts',(-14.6984563913308,39.61543473677,72.2400892424002));
#3598=CARTESIAN_POINT('Ctrl Pts',(-14.7587689845953,39.6952337722499,72.3147339224815));
#3599=CARTESIAN_POINT('',(-14.4625755912771,39.3137970568581,71.7499316334724));
#3600=CARTESIAN_POINT('Ctrl Pts',(-14.3590639499665,39.1852088149001,70.8972713947296));
#3601=CARTESIAN_POINT('Ctrl Pts',(-14.48842487012,39.0801206133035,70.8972713947296));
#3602=CARTESIAN_POINT('Ctrl Pts',(-14.6177857902735,38.9750324117069,70.8972713947296));
#3603=CARTESIAN_POINT('Ctrl Pts',(-14.7471467104271,38.8699442101103,70.8972713947296));
#3604=CARTESIAN_POINT('Ctrl Pts',(-14.362434321891,39.189357657556,71.0514036540424));
#3605=CARTESIAN_POINT('Ctrl Pts',(-14.491825471651,39.0843069416668,71.0514036540424));
#3606=CARTESIAN_POINT('Ctrl Pts',(-14.6212170237246,38.9792558995379,71.0514036540424));
#3607=CARTESIAN_POINT('Ctrl Pts',(-14.7506081734847,38.8742051836488,71.0514036540424));
#3608=CARTESIAN_POINT('Ctrl Pts',(-14.3689025683717,39.1972020000466,71.3445655109694));
#3609=CARTESIAN_POINT('Ctrl Pts',(-14.4983521159456,39.0922218523892,71.3445655109694));
#3610=CARTESIAN_POINT('Ctrl Pts',(-14.627801689864,38.9872416830532,71.3445655109694));
#3611=CARTESIAN_POINT('Ctrl Pts',(-14.7572512374379,38.8822615353958,71.3445655109694));
#3612=CARTESIAN_POINT('Ctrl Pts',(-14.4325738743676,39.2761848479878,71.6195313483537));
#3613=CARTESIAN_POINT('Ctrl Pts',(-14.5625972050732,39.1719161211418,71.6195313483537));
#3614=CARTESIAN_POINT('Ctrl Pts',(-14.6926200588362,39.067647781749,71.6195313483537));
#3615=CARTESIAN_POINT('Ctrl Pts',(-14.8226433895417,38.9633790549031,71.6195313483537));
#3616=CARTESIAN_POINT('Ctrl Pts',(-14.4625755912771,39.3137970568581,71.7499316334724));
#3617=CARTESIAN_POINT('Ctrl Pts',(-14.5928690487398,39.2098673078917,71.7499316334724));
#3618=CARTESIAN_POINT('Ctrl Pts',(-14.7231625062024,39.1059375589254,71.7499316334724));
#3619=CARTESIAN_POINT('Ctrl Pts',(-14.8534559636651,39.002007809959,71.7499316334724));
#3620=CARTESIAN_POINT('',(-14.3590639499665,39.1852088149001,70.8972713947296));
#3621=CARTESIAN_POINT('Ctrl Pts',(-14.3590639499665,39.1852088149001,70.8972713947296));
#3622=CARTESIAN_POINT('Ctrl Pts',(-14.362434321891,39.189357657556,71.0514036540424));
#3623=CARTESIAN_POINT('Ctrl Pts',(-14.3689025683717,39.1972020000466,71.3445655109694));
#3624=CARTESIAN_POINT('Ctrl Pts',(-14.4325738743676,39.2761848479878,71.6195313483537));
#3625=CARTESIAN_POINT('Ctrl Pts',(-14.4625755912771,39.3137970568581,71.7499316334724));
#3626=CARTESIAN_POINT('',(-14.3590639499665,39.1852088149001,70.8972713947296));
#3627=CARTESIAN_POINT('Ctrl Pts',(-14.5993570947457,39.4873927413503,69.70491117239));
#3628=CARTESIAN_POINT('Ctrl Pts',(-14.7308828180054,39.3850269174694,69.70491117239));
#3629=CARTESIAN_POINT('Ctrl Pts',(-14.862408541265,39.2826610935886,69.70491117239));
#3630=CARTESIAN_POINT('Ctrl Pts',(-14.9939342645247,39.1802952697077,69.70491117239));
#3631=CARTESIAN_POINT('Ctrl Pts',(-14.5303199575491,39.3986897049527,69.868883681633));
#3632=CARTESIAN_POINT('Ctrl Pts',(-14.6612246370546,39.2955240136111,69.868883681633));
#3633=CARTESIAN_POINT('Ctrl Pts',(-14.7921265792496,39.1923605452897,69.868883681633));
#3634=CARTESIAN_POINT('Ctrl Pts',(-14.9230312587551,39.0891948539481,69.868883681633));
#3635=CARTESIAN_POINT('Ctrl Pts',(-14.3773857269594,39.2070388211256,70.2265613334896));
#3636=CARTESIAN_POINT('Ctrl Pts',(-14.5069116683526,39.1021473198673,70.2265613334896));
#3637=CARTESIAN_POINT('Ctrl Pts',(-14.6364377291889,38.9972557177622,70.2265613334896));
#3638=CARTESIAN_POINT('Ctrl Pts',(-14.765963670582,38.892364216504,70.2265613334896));
#3639=CARTESIAN_POINT('Ctrl Pts',(-14.3653758853857,39.1929786478725,70.6616456382355));
#3640=CARTESIAN_POINT('Ctrl Pts',(-14.4947928385144,39.0879611170407,70.6616456382355));
#3641=CARTESIAN_POINT('Ctrl Pts',(-14.6242122855666,38.9829415694003,70.6616456382355));
#3642=CARTESIAN_POINT('Ctrl Pts',(-14.7536292386954,38.8779240385684,70.6616456382355));
#3643=CARTESIAN_POINT('Ctrl Pts',(-14.3590639499665,39.1852088149001,70.8972713947296));
#3644=CARTESIAN_POINT('Ctrl Pts',(-14.48842487012,39.0801206133035,70.8972713947296));
#3645=CARTESIAN_POINT('Ctrl Pts',(-14.6177857902735,38.9750324117069,70.8972713947296));
#3646=CARTESIAN_POINT('Ctrl Pts',(-14.7471467104271,38.8699442101103,70.8972713947296));
#3647=CARTESIAN_POINT('',(-14.5993570947457,39.4873927413503,69.70491117239));
#3648=CARTESIAN_POINT('Ctrl Pts',(-14.5993570947457,39.4873927413503,69.70491117239));
#3649=CARTESIAN_POINT('Ctrl Pts',(-14.5303199575491,39.3986897049527,69.868883681633));
#3650=CARTESIAN_POINT('Ctrl Pts',(-14.3773857269594,39.2070388211256,70.2265613334896));
#3651=CARTESIAN_POINT('Ctrl Pts',(-14.3653758853857,39.1929786478725,70.6616456382355));
#3652=CARTESIAN_POINT('Ctrl Pts',(-14.3590639499665,39.1852088149001,70.8972713947296));
#3653=CARTESIAN_POINT('',(-14.5993570947457,39.4873927413503,69.70491117239));
#3654=CARTESIAN_POINT('Ctrl Pts',(-15.1825814775883,40.2793192364096,69.284720480442));
#3655=CARTESIAN_POINT('Ctrl Pts',(-15.3193614745672,40.1840878854572,69.284720480442));
#3656=CARTESIAN_POINT('Ctrl Pts',(-15.4561414715462,40.0888565345048,69.284720480442));
#3657=CARTESIAN_POINT('Ctrl Pts',(-15.5929214685252,39.9936251835524,69.284720480442));
#3658=CARTESIAN_POINT('Ctrl Pts',(-15.0743024217105,40.1237989294126,69.3012922257712));
#3659=CARTESIAN_POINT('Ctrl Pts',(-15.2101078616196,40.0271657984989,69.3012922257712));
#3660=CARTESIAN_POINT('Ctrl Pts',(-15.3459105117686,39.9305347559286,69.3012922257712));
#3661=CARTESIAN_POINT('Ctrl Pts',(-15.4817159516777,39.833901625015,69.3012922257712));
#3662=CARTESIAN_POINT('Ctrl Pts',(-14.8553031733304,39.8204574134598,69.3340068882555));
#3663=CARTESIAN_POINT('Ctrl Pts',(-14.9891346954982,39.7210921912756,69.3340068882555));
#3664=CARTESIAN_POINT('Ctrl Pts',(-15.1229662825249,39.6217269118963,69.3340068882555));
#3665=CARTESIAN_POINT('Ctrl Pts',(-15.2567978046927,39.5223616897121,69.3340068882555));
#3666=CARTESIAN_POINT('Ctrl Pts',(-14.684595253106,39.5969118171769,69.5823615664646));
#3667=CARTESIAN_POINT('Ctrl Pts',(-14.8168880381342,39.4955332809809,69.5823615664646));
#3668=CARTESIAN_POINT('Ctrl Pts',(-14.9491833718665,39.3941528567526,69.5823615664646));
#3669=CARTESIAN_POINT('Ctrl Pts',(-15.0814761568947,39.2927743205567,69.5823615664646));
#3670=CARTESIAN_POINT('Ctrl Pts',(-14.5993570947457,39.4873927413503,69.70491117239));
#3671=CARTESIAN_POINT('Ctrl Pts',(-14.7308828180054,39.3850269174694,69.70491117239));
#3672=CARTESIAN_POINT('Ctrl Pts',(-14.862408541265,39.2826610935886,69.70491117239));
#3673=CARTESIAN_POINT('Ctrl Pts',(-14.9939342645247,39.1802952697077,69.70491117239));
#3674=CARTESIAN_POINT('',(-15.1825814775883,40.2793192364096,69.284720480442));
#3675=CARTESIAN_POINT('Ctrl Pts',(-15.1825814775883,40.2793192364096,69.284720480442));
#3676=CARTESIAN_POINT('Ctrl Pts',(-15.0743024217105,40.1237989294126,69.3012922257712));
#3677=CARTESIAN_POINT('Ctrl Pts',(-14.8553031733304,39.8204574134598,69.3340068882555));
#3678=CARTESIAN_POINT('Ctrl Pts',(-14.684595253106,39.5969118171769,69.5823615664646));
#3679=CARTESIAN_POINT('Ctrl Pts',(-14.5993570947457,39.4873927413503,69.70491117239));
#3680=CARTESIAN_POINT('',(-15.1825814775883,40.2793192364096,69.284720480442));
#3681=CARTESIAN_POINT('Ctrl Pts',(-15.7185802828073,41.09416550729,69.7008184194565));
#3682=CARTESIAN_POINT('Ctrl Pts',(-15.8601890978513,41.006275113733,69.7008184194565));
#3683=CARTESIAN_POINT('Ctrl Pts',(-16.0017979128953,40.9183847201759,69.7008184194565));
#3684=CARTESIAN_POINT('Ctrl Pts',(-16.1434067279393,40.8304943266188,69.7008184194565));
#3685=CARTESIAN_POINT('Ctrl Pts',(-15.6454605757338,40.9763551908723,69.579458919135));
#3686=CARTESIAN_POINT('Ctrl Pts',(-15.7864097908942,40.887404008263,69.579458919135));
#3687=CARTESIAN_POINT('Ctrl Pts',(-15.9273615974062,40.7984511302045,69.579458919135));
#3688=CARTESIAN_POINT('Ctrl Pts',(-16.0683108125665,40.7094999475952,69.579458919135));
#3689=CARTESIAN_POINT('Ctrl Pts',(-15.4957811506364,40.7400848027769,69.3346798086346));
#3690=CARTESIAN_POINT('Ctrl Pts',(-15.6353827448466,40.6490045041823,69.3346798086346));
#3691=CARTESIAN_POINT('Ctrl Pts',(-15.7749844033915,40.5579241719298,69.3346798086346));
#3692=CARTESIAN_POINT('Ctrl Pts',(-15.9145859976016,40.4668438733351,69.3346798086346));
#3693=CARTESIAN_POINT('Ctrl Pts',(-15.2892854799798,40.4325773071897,69.301466765706));
#3694=CARTESIAN_POINT('Ctrl Pts',(-15.427027712853,40.338726052153,69.301466765706));
#3695=CARTESIAN_POINT('Ctrl Pts',(-15.56476713,40.2448766193904,69.301466765706));
#3696=CARTESIAN_POINT('Ctrl Pts',(-15.7025093628732,40.1510253643537,69.301466765706));
#3697=CARTESIAN_POINT('Ctrl Pts',(-15.1825814775883,40.2793192364096,69.284720480442));
#3698=CARTESIAN_POINT('Ctrl Pts',(-15.3193614745672,40.1840878854572,69.284720480442));
#3699=CARTESIAN_POINT('Ctrl Pts',(-15.4561414715462,40.0888565345048,69.284720480442));
#3700=CARTESIAN_POINT('Ctrl Pts',(-15.5929214685252,39.9936251835524,69.284720480442));
#3701=CARTESIAN_POINT('',(-15.7185802828073,41.09416550729,69.7008184194565));
#3702=CARTESIAN_POINT('Ctrl Pts',(-15.7185802828073,41.09416550729,69.7008184194565));
#3703=CARTESIAN_POINT('Ctrl Pts',(-15.6454605757338,40.9763551908723,69.579458919135));
#3704=CARTESIAN_POINT('Ctrl Pts',(-15.4957811506364,40.7400848027769,69.3346798086346));
#3705=CARTESIAN_POINT('Ctrl Pts',(-15.2892854799798,40.4325773071897,69.301466765706));
#3706=CARTESIAN_POINT('Ctrl Pts',(-15.1825814775883,40.2793192364096,69.284720480442));
#3707=CARTESIAN_POINT('',(-15.7185802828073,41.09416550729,69.7008184194565));
#3708=CARTESIAN_POINT('Ctrl Pts',(-15.9201314338168,41.4266519707811,70.8399725556374));
#3709=CARTESIAN_POINT('Ctrl Pts',(-16.063556024996,41.341756950769,70.8399725556374));
#3710=CARTESIAN_POINT('Ctrl Pts',(-16.2069806161752,41.2568619307569,70.8399725556374));
#3711=CARTESIAN_POINT('Ctrl Pts',(-16.3504052073544,41.1719669107448,70.8399725556374));
#3712=CARTESIAN_POINT('Ctrl Pts',(-15.9142890292034,41.4167816097981,70.6170875673151));
#3713=CARTESIAN_POINT('Ctrl Pts',(-16.057660114768,41.3317981859011,70.6170875673151));
#3714=CARTESIAN_POINT('Ctrl Pts',(-16.2010338143491,41.2468132071458,70.6170875673151));
#3715=CARTESIAN_POINT('Ctrl Pts',(-16.3444048999137,41.1618297832488,70.6170875673151));
#3716=CARTESIAN_POINT('Ctrl Pts',(-15.9037017208869,41.3980406331085,70.198918769625));
#3717=CARTESIAN_POINT('Ctrl Pts',(-16.0469782460152,41.3128878821287,70.198918769625));
#3718=CARTESIAN_POINT('Ctrl Pts',(-16.1902549230008,41.2277350446554,70.198918769625));
#3719=CARTESIAN_POINT('Ctrl Pts',(-16.3335314481291,41.1425822936756,70.198918769625));
#3720=CARTESIAN_POINT('Ctrl Pts',(-15.778313110809,41.1904069126384,69.8593814978577));
#3721=CARTESIAN_POINT('Ctrl Pts',(-15.920461058816,41.1033829671392,69.8593814978577));
#3722=CARTESIAN_POINT('Ctrl Pts',(-16.0626060086908,41.01636079653,69.8593814978577));
#3723=CARTESIAN_POINT('Ctrl Pts',(-16.2047539566978,40.9293368510307,69.8593814978577));
#3724=CARTESIAN_POINT('Ctrl Pts',(-15.7185802828073,41.09416550729,69.7008184194565));
#3725=CARTESIAN_POINT('Ctrl Pts',(-15.8601890978513,41.006275113733,69.7008184194565));
#3726=CARTESIAN_POINT('Ctrl Pts',(-16.0017979128953,40.9183847201759,69.7008184194565));
#3727=CARTESIAN_POINT('Ctrl Pts',(-16.1434067279393,40.8304943266188,69.7008184194565));
#3728=CARTESIAN_POINT('',(-15.9201314338168,41.4266519707811,70.8399725556374));
#3729=CARTESIAN_POINT('Ctrl Pts',(-15.9201314338168,41.4266519707811,70.8399725556374));
#3730=CARTESIAN_POINT('Ctrl Pts',(-15.9142890292034,41.4167816097981,70.6170875673151));
#3731=CARTESIAN_POINT('Ctrl Pts',(-15.9037017208869,41.3980406331085,70.198918769625));
#3732=CARTESIAN_POINT('Ctrl Pts',(-15.778313110809,41.1904069126384,69.8593814978577));
#3733=CARTESIAN_POINT('Ctrl Pts',(-15.7185802828073,41.09416550729,69.7008184194565));
#3734=CARTESIAN_POINT('',(-15.9201314338168,41.4266519707811,70.8399725556374));
#3735=CARTESIAN_POINT('Ctrl Pts',(-15.7099410014763,41.0802596514807,72.1291950941086));
#3736=CARTESIAN_POINT('Ctrl Pts',(-15.8514719851569,40.9922439799434,72.1291950941086));
#3737=CARTESIAN_POINT('Ctrl Pts',(-15.9930029688376,40.9042283084061,72.1291950941086));
#3738=CARTESIAN_POINT('Ctrl Pts',(-16.1345339525182,40.8162126368687,72.1291950941086));
#3739=CARTESIAN_POINT('Ctrl Pts',(-15.7720754348783,41.1801730796944,71.9630437206281));
#3740=CARTESIAN_POINT('Ctrl Pts',(-15.9141673930812,41.0930568152264,71.9630437206281));
#3741=CARTESIAN_POINT('Ctrl Pts',(-16.0562557367282,41.0059426924751,71.9630437206281));
#3742=CARTESIAN_POINT('Ctrl Pts',(-16.1983476949311,40.9188264280071,71.9630437206281));
#3743=CARTESIAN_POINT('Ctrl Pts',(-15.9122983727659,41.4122544354502,71.5801401936003));
#3744=CARTESIAN_POINT('Ctrl Pts',(-16.0556523544439,41.327229731023,71.5801401936003));
#3745=CARTESIAN_POINT('Ctrl Pts',(-16.1990064602728,41.2422049572647,71.5801401936003));
#3746=CARTESIAN_POINT('Ctrl Pts',(-16.3423604419508,41.1571802528374,71.5801401936003));
#3747=CARTESIAN_POINT('Ctrl Pts',(-15.9171159192298,41.4215574558522,71.10751430453));
#3748=CARTESIAN_POINT('Ctrl Pts',(-16.0605121163146,41.336617269995,71.10751430453));
#3749=CARTESIAN_POINT('Ctrl Pts',(-16.2039119952883,41.2516748920805,71.10751430453));
#3750=CARTESIAN_POINT('Ctrl Pts',(-16.3473081923732,41.1667347062233,71.10751430453));
#3751=CARTESIAN_POINT('Ctrl Pts',(-15.9201314338168,41.4266519707811,70.8399725556374));
#3752=CARTESIAN_POINT('Ctrl Pts',(-16.063556024996,41.341756950769,70.8399725556374));
#3753=CARTESIAN_POINT('Ctrl Pts',(-16.2069806161752,41.2568619307569,70.8399725556374));
#3754=CARTESIAN_POINT('Ctrl Pts',(-16.3504052073544,41.1719669107448,70.8399725556374));
#3755=CARTESIAN_POINT('Ctrl Pts',(-15.7099410014763,41.0802596514807,72.1291950941086));
#3756=CARTESIAN_POINT('Ctrl Pts',(-15.7720754348783,41.1801730796944,71.9630437206281));
#3757=CARTESIAN_POINT('Ctrl Pts',(-15.9122983727659,41.4122544354502,71.5801401936003));
#3758=CARTESIAN_POINT('Ctrl Pts',(-15.9171159192298,41.4215574558522,71.10751430453));
#3759=CARTESIAN_POINT('Ctrl Pts',(-15.9201314338168,41.4266519707811,70.8399725556374));
#3760=CARTESIAN_POINT('Ctrl Pts',(-15.7351045988653,41.1208399110822,69.1046381592751));
#3761=CARTESIAN_POINT('Ctrl Pts',(-15.8768622816216,41.0331898274693,69.1046381592751));
#3762=CARTESIAN_POINT('Ctrl Pts',(-16.0186199643778,40.9455397438563,69.1046381592751));
#3763=CARTESIAN_POINT('Ctrl Pts',(-16.160377647134,40.8578896602433,69.1046381592751));
#3764=CARTESIAN_POINT('Ctrl Pts',(-15.8083757118298,41.239342287334,69.204005642694));
#3765=CARTESIAN_POINT('Ctrl Pts',(-15.9507942997312,41.1527593227,69.204005642694));
#3766=CARTESIAN_POINT('Ctrl Pts',(-16.0932104725473,41.0661777680548,69.204005642694));
#3767=CARTESIAN_POINT('Ctrl Pts',(-16.2356290604488,40.9795948034208,69.204005642694));
#3768=CARTESIAN_POINT('Ctrl Pts',(-15.9519945342713,41.4786336793551,69.403039757407));
#3769=CARTESIAN_POINT('Ctrl Pts',(-16.0957061586645,41.3942069742319,69.403039757407));
#3770=CARTESIAN_POINT('Ctrl Pts',(-16.2394178482928,41.3097802354845,69.403039757407));
#3771=CARTESIAN_POINT('Ctrl Pts',(-16.383129472686,41.2253535303614,69.403039757407));
#3772=CARTESIAN_POINT('Ctrl Pts',(-16.0368418408871,41.6262780044218,69.7005458497343));
#3773=CARTESIAN_POINT('Ctrl Pts',(-16.1813171438419,41.5431818486864,69.7005458497343));
#3774=CARTESIAN_POINT('Ctrl Pts',(-16.3257946467961,41.4600843983275,69.7005458497343));
#3775=CARTESIAN_POINT('Ctrl Pts',(-16.4702699497509,41.376988242592,69.7005458497343));
#3776=CARTESIAN_POINT('Ctrl Pts',(-16.0790131405851,41.7003874667575,69.8495224714279));
#3777=CARTESIAN_POINT('Ctrl Pts',(-16.223869098492,41.6179585322947,69.8495224714279));
#3778=CARTESIAN_POINT('Ctrl Pts',(-16.3687250563988,41.535529597832,69.8495224714279));
#3779=CARTESIAN_POINT('Ctrl Pts',(-16.5135810143057,41.4531006633692,69.8495224714279));
#3780=CARTESIAN_POINT('',(-15.7351045988653,41.1208399110822,69.1046381592751));
#3781=CARTESIAN_POINT('',(-16.0790131405851,41.7003874667575,69.8495224714279));
#3782=CARTESIAN_POINT('Ctrl Pts',(-15.7351045988653,41.1208399110822,69.1046381592751));
#3783=CARTESIAN_POINT('Ctrl Pts',(-15.8083757118298,41.239342287334,69.204005642694));
#3784=CARTESIAN_POINT('Ctrl Pts',(-15.9519945342713,41.4786336793551,69.403039757407));
#3785=CARTESIAN_POINT('Ctrl Pts',(-16.0368418408871,41.6262780044218,69.7005458497343));
#3786=CARTESIAN_POINT('Ctrl Pts',(-16.0790131405851,41.7003874667575,69.8495224714279));
#3787=CARTESIAN_POINT('',(-15.7351045988653,41.1208399110822,69.1046381592751));
#3788=CARTESIAN_POINT('',(-16.0790131405851,41.7003874667575,69.8495224714279));
#3789=CARTESIAN_POINT('Ctrl Pts',(-15.1810222505149,40.277080083691,68.8317871689796));
#3790=CARTESIAN_POINT('Ctrl Pts',(-15.3177882004031,40.1818285601916,68.8317871689796));
#3791=CARTESIAN_POINT('Ctrl Pts',(-15.4545541502913,40.0865770366922,68.8317871689796));
#3792=CARTESIAN_POINT('Ctrl Pts',(-15.5913201001795,39.9913255131928,68.8317871689796));
#3793=CARTESIAN_POINT('Ctrl Pts',(-15.2848315127435,40.4261335773706,68.8421722381027));
#3794=CARTESIAN_POINT('Ctrl Pts',(-15.4225330984922,40.3322246074324,68.8421722381027));
#3795=CARTESIAN_POINT('Ctrl Pts',(-15.5602334323953,40.2383164496128,68.8421722381027));
#3796=CARTESIAN_POINT('Ctrl Pts',(-15.697935018144,40.1444074796746,68.8421722381027));
#3797=CARTESIAN_POINT('Ctrl Pts',(-15.4836567355256,40.7212667216413,68.8625159907093));
#3798=CARTESIAN_POINT('Ctrl Pts',(-15.6231491129474,40.6300168843659,68.8625159907093));
#3799=CARTESIAN_POINT('Ctrl Pts',(-15.7626415181743,40.5387670326874,68.8625159907093));
#3800=CARTESIAN_POINT('Ctrl Pts',(-15.902133895596,40.447517195412,68.8625159907093));
#3801=CARTESIAN_POINT('Ctrl Pts',(-15.6535123625359,40.9888796678493,69.0250664035948));
#3802=CARTESIAN_POINT('Ctrl Pts',(-15.7945345979204,40.9000410039481,69.0250664035948));
#3803=CARTESIAN_POINT('Ctrl Pts',(-15.9355579798436,40.8112015878511,69.0250664035948));
#3804=CARTESIAN_POINT('Ctrl Pts',(-16.0765802152281,40.72236292395,69.0250664035948));
#3805=CARTESIAN_POINT('Ctrl Pts',(-15.7351045988653,41.1208399110822,69.1046381592751));
#3806=CARTESIAN_POINT('Ctrl Pts',(-15.8768622816216,41.0331898274693,69.1046381592751));
#3807=CARTESIAN_POINT('Ctrl Pts',(-16.0186199643778,40.9455397438563,69.1046381592751));
#3808=CARTESIAN_POINT('Ctrl Pts',(-16.160377647134,40.8578896602433,69.1046381592751));
#3809=CARTESIAN_POINT('',(-15.1810222505149,40.277080083691,68.8317871689796));
#3810=CARTESIAN_POINT('Ctrl Pts',(-15.1810222505149,40.277080083691,68.8317871689796));
#3811=CARTESIAN_POINT('Ctrl Pts',(-15.2848315127435,40.4261335773706,68.8421722381027));
#3812=CARTESIAN_POINT('Ctrl Pts',(-15.4836567355256,40.7212667216413,68.8625159907093));
#3813=CARTESIAN_POINT('Ctrl Pts',(-15.6535123625359,40.9888796678493,69.0250664035948));
#3814=CARTESIAN_POINT('Ctrl Pts',(-15.7351045988653,41.1208399110822,69.1046381592751));
#3815=CARTESIAN_POINT('',(-15.1810222505149,40.277080083691,68.8317871689796));
#3816=CARTESIAN_POINT('Ctrl Pts',(-14.6052206227102,39.4949305653702,69.0787172913551));
#3817=CARTESIAN_POINT('Ctrl Pts',(-14.7367991705461,39.3926326498139,69.0787172913551));
#3818=CARTESIAN_POINT('Ctrl Pts',(-14.8683777183821,39.2903347342576,69.0787172913551));
#3819=CARTESIAN_POINT('Ctrl Pts',(-14.999956266218,39.1880368187012,69.0787172913551));
#3820=CARTESIAN_POINT('Ctrl Pts',(-14.6993505075852,39.6160031550945,69.0066963151581));
#3821=CARTESIAN_POINT('Ctrl Pts',(-14.8317767756593,39.5147962017096,69.0066963151581));
#3822=CARTESIAN_POINT('Ctrl Pts',(-14.9642039339613,39.4135885939652,69.0066963151581));
#3823=CARTESIAN_POINT('Ctrl Pts',(-15.0966302020355,39.3123816405802,69.0066963151581));
#3824=CARTESIAN_POINT('Ctrl Pts',(-14.8854856941054,39.8613219756201,68.8620924705972));
#3825=CARTESIAN_POINT('Ctrl Pts',(-15.0195891502365,39.7623248862366,68.8620924705972));
#3826=CARTESIAN_POINT('Ctrl Pts',(-15.1536926131415,39.6633277888818,68.8620924705972));
#3827=CARTESIAN_POINT('Ctrl Pts',(-15.2877960692725,39.5643306994984,68.8620924705972));
#3828=CARTESIAN_POINT('Ctrl Pts',(-15.0835996405178,40.1371968009116,68.8419150708592));
#3829=CARTESIAN_POINT('Ctrl Pts',(-15.2194882145994,40.0406848408495,68.8419150708592));
#3830=CARTESIAN_POINT('Ctrl Pts',(-15.3553758725874,39.9441735612112,68.8419150708592));
#3831=CARTESIAN_POINT('Ctrl Pts',(-15.491264446669,39.8476616011491,68.8419150708592));
#3832=CARTESIAN_POINT('Ctrl Pts',(-15.1810222505149,40.277080083691,68.8317871689796));
#3833=CARTESIAN_POINT('Ctrl Pts',(-15.3177882004031,40.1818285601916,68.8317871689796));
#3834=CARTESIAN_POINT('Ctrl Pts',(-15.4545541502913,40.0865770366922,68.8317871689796));
#3835=CARTESIAN_POINT('Ctrl Pts',(-15.5913201001795,39.9913255131928,68.8317871689796));
#3836=CARTESIAN_POINT('',(-14.6052206227102,39.4949305653702,69.0787172913551));
#3837=CARTESIAN_POINT('Ctrl Pts',(-14.6052206227102,39.4949305653702,69.0787172913551));
#3838=CARTESIAN_POINT('Ctrl Pts',(-14.6993505075852,39.6160031550945,69.0066963151581));
#3839=CARTESIAN_POINT('Ctrl Pts',(-14.8854856941054,39.8613219756201,68.8620924705972));
#3840=CARTESIAN_POINT('Ctrl Pts',(-15.0835996405178,40.1371968009116,68.8419150708592));
#3841=CARTESIAN_POINT('Ctrl Pts',(-15.1810222505149,40.277080083691,68.8317871689796));
#3842=CARTESIAN_POINT('',(-14.6052206227102,39.4949305653702,69.0787172913551));
#3843=CARTESIAN_POINT('Ctrl Pts',(-14.1679377700456,38.9537985080853,69.8058662414551));
#3844=CARTESIAN_POINT('Ctrl Pts',(-14.2955768327224,38.8466255289498,69.8058662414551));
#3845=CARTESIAN_POINT('Ctrl Pts',(-14.4232158953992,38.7394525498144,69.8058662414551));
#3846=CARTESIAN_POINT('Ctrl Pts',(-14.5508549580759,38.6322795706789,69.8058662414551));
#3847=CARTESIAN_POINT('Ctrl Pts',(-14.2254076962898,39.0222430691779,69.6560725918447));
#3848=CARTESIAN_POINT('Ctrl Pts',(-14.3535637938509,38.9156872871417,69.6560725918447));
#3849=CARTESIAN_POINT('Ctrl Pts',(-14.4817220280089,38.8091297668102,69.6560725918447));
#3850=CARTESIAN_POINT('Ctrl Pts',(-14.60987812557,38.702573984774,69.6560725918447));
#3851=CARTESIAN_POINT('Ctrl Pts',(-14.3382547637386,39.1578705706779,69.3603718993461));
#3852=CARTESIAN_POINT('Ctrl Pts',(-14.4674282006546,39.0525360911594,69.3603718993461));
#3853=CARTESIAN_POINT('Ctrl Pts',(-14.5966016768445,38.9472015739411,69.3603718993461));
#3854=CARTESIAN_POINT('Ctrl Pts',(-14.7257751137606,38.8418670944226,69.3603718993461));
#3855=CARTESIAN_POINT('Ctrl Pts',(-14.5180243220448,39.3827761528798,69.1717758763271));
#3856=CARTESIAN_POINT('Ctrl Pts',(-14.648818069428,39.2794672210766,69.1717758763271));
#3857=CARTESIAN_POINT('Ctrl Pts',(-14.7796095613946,39.1761601376763,69.1717758763271));
#3858=CARTESIAN_POINT('Ctrl Pts',(-14.9104033087778,39.0728512058732,69.1717758763271));
#3859=CARTESIAN_POINT('Ctrl Pts',(-14.6052206227102,39.4949305653702,69.0787172913551));
#3860=CARTESIAN_POINT('Ctrl Pts',(-14.7367991705461,39.3926326498139,69.0787172913551));
#3861=CARTESIAN_POINT('Ctrl Pts',(-14.8683777183821,39.2903347342576,69.0787172913551));
#3862=CARTESIAN_POINT('Ctrl Pts',(-14.999956266218,39.1880368187012,69.0787172913551));
#3863=CARTESIAN_POINT('',(-14.1679377700456,38.9537985080853,69.8058662414551));
#3864=CARTESIAN_POINT('Ctrl Pts',(-14.1679377700456,38.9537985080853,69.8058662414551));
#3865=CARTESIAN_POINT('Ctrl Pts',(-14.2254076962898,39.0222430691779,69.6560725918447));
#3866=CARTESIAN_POINT('Ctrl Pts',(-14.3382547637386,39.1578705706779,69.3603718993461));
#3867=CARTESIAN_POINT('Ctrl Pts',(-14.5180243220448,39.3827761528798,69.1717758763271));
#3868=CARTESIAN_POINT('Ctrl Pts',(-14.6052206227102,39.4949305653702,69.0787172913551));
#3869=CARTESIAN_POINT('',(-14.1679377700456,38.9537985080853,69.8058662414551));
#3870=CARTESIAN_POINT('Ctrl Pts',(-14.0087859827782,38.7667891019839,70.894542992115));
#3871=CARTESIAN_POINT('Ctrl Pts',(-14.1349912455697,38.657931353424,70.894542992115));
#3872=CARTESIAN_POINT('Ctrl Pts',(-14.2611965083612,38.5490736048642,70.894542992115));
#3873=CARTESIAN_POINT('Ctrl Pts',(-14.3874017711526,38.4402158563044,70.894542992115));
#3874=CARTESIAN_POINT('Ctrl Pts',(-14.0145891613072,38.7735170720271,70.6997524197362));
#3875=CARTESIAN_POINT('Ctrl Pts',(-14.1408464372875,38.6647201661384,70.6997524197362));
#3876=CARTESIAN_POINT('Ctrl Pts',(-14.2671045163644,38.5559225692645,70.6997524197362));
#3877=CARTESIAN_POINT('Ctrl Pts',(-14.3933617923446,38.4471256633758,70.6997524197362));
#3878=CARTESIAN_POINT('Ctrl Pts',(-14.025957734646,38.7864642821296,70.3220266536832));
#3879=CARTESIAN_POINT('Ctrl Pts',(-14.1523176768339,38.6777838059127,70.3220266536832));
#3880=CARTESIAN_POINT('Ctrl Pts',(-14.2786776822344,38.5691032742926,70.3220266536832));
#3881=CARTESIAN_POINT('Ctrl Pts',(-14.4050376244223,38.4604227980757,70.3220266536832));
#3882=CARTESIAN_POINT('Ctrl Pts',(-14.1218937791307,38.8989618142686,69.9742815793517));
#3883=CARTESIAN_POINT('Ctrl Pts',(-14.2491183642957,38.7912945234165,69.9742815793517));
#3884=CARTESIAN_POINT('Ctrl Pts',(-14.3763419498092,38.6836280949085,69.9742815793517));
#3885=CARTESIAN_POINT('Ctrl Pts',(-14.5035665349742,38.5759608040564,69.9742815793517));
#3886=CARTESIAN_POINT('Ctrl Pts',(-14.1679377700456,38.9537985080853,69.8058662414551));
#3887=CARTESIAN_POINT('Ctrl Pts',(-14.2955768327224,38.8466255289498,69.8058662414551));
#3888=CARTESIAN_POINT('Ctrl Pts',(-14.4232158953992,38.7394525498144,69.8058662414551));
#3889=CARTESIAN_POINT('Ctrl Pts',(-14.5508549580759,38.6322795706789,69.8058662414551));
#3890=CARTESIAN_POINT('',(-14.0087859827782,38.7667891019839,70.894542992115));
#3891=CARTESIAN_POINT('Ctrl Pts',(-14.0087859827782,38.7667891019839,70.894542992115));
#3892=CARTESIAN_POINT('Ctrl Pts',(-14.0145891613072,38.7735170720271,70.6997524197362));
#3893=CARTESIAN_POINT('Ctrl Pts',(-14.025957734646,38.7864642821296,70.3220266536832));
#3894=CARTESIAN_POINT('Ctrl Pts',(-14.1218937791307,38.8989618142686,69.9742815793517));
#3895=CARTESIAN_POINT('Ctrl Pts',(-14.1679377700456,38.9537985080853,69.8058662414551));
#3896=CARTESIAN_POINT('',(-14.0087859827782,38.7667891019839,70.894542992115));
#3897=CARTESIAN_POINT('Ctrl Pts',(-14.1600392648055,38.9443980161508,71.9682127833366));
#3898=CARTESIAN_POINT('Ctrl Pts',(-14.2876071697774,38.8371403478988,71.9682127833366));
#3899=CARTESIAN_POINT('Ctrl Pts',(-14.4151750747493,38.7298826796468,71.9682127833366));
#3900=CARTESIAN_POINT('Ctrl Pts',(-14.5427429797213,38.6226250113948,71.9682127833366));
#3901=CARTESIAN_POINT('Ctrl Pts',(-14.1162644574091,38.8923340419743,71.8019877267707));
#3902=CARTESIAN_POINT('Ctrl Pts',(-14.2434382963742,38.7846070687166,71.8019877267707));
#3903=CARTESIAN_POINT('Ctrl Pts',(-14.3706112304571,38.6768808760388,71.8019877267707));
#3904=CARTESIAN_POINT('Ctrl Pts',(-14.4977850694222,38.5691539027811,71.8019877267707));
#3905=CARTESIAN_POINT('Ctrl Pts',(-14.0249054067044,38.7852652742141,71.4580395271137));
#3906=CARTESIAN_POINT('Ctrl Pts',(-14.1512558707067,38.6765739941465,71.4580395271137));
#3907=CARTESIAN_POINT('Ctrl Pts',(-14.2776063911827,38.5678826646084,71.4580395271137));
#3908=CARTESIAN_POINT('Ctrl Pts',(-14.403956855185,38.4591913845409,71.4580395271137));
#3909=CARTESIAN_POINT('Ctrl Pts',(-14.0142417829702,38.7731143356588,71.0865151537318));
#3910=CARTESIAN_POINT('Ctrl Pts',(-14.1404959535903,38.6643137807378,71.0865151537318));
#3911=CARTESIAN_POINT('Ctrl Pts',(-14.2667508547837,38.5555125971618,71.0865151537318));
#3912=CARTESIAN_POINT('Ctrl Pts',(-14.3930050254039,38.4467120422408,71.0865151537318));
#3913=CARTESIAN_POINT('Ctrl Pts',(-14.0087859827782,38.7667891019839,70.894542992115));
#3914=CARTESIAN_POINT('Ctrl Pts',(-14.1349912455697,38.657931353424,70.894542992115));
#3915=CARTESIAN_POINT('Ctrl Pts',(-14.2611965083612,38.5490736048642,70.894542992115));
#3916=CARTESIAN_POINT('Ctrl Pts',(-14.3874017711526,38.4402158563044,70.894542992115));
#3917=CARTESIAN_POINT('',(-14.1600392648055,38.9443980161508,71.9682127833366));
#3918=CARTESIAN_POINT('Ctrl Pts',(-14.1600392648055,38.9443980161508,71.9682127833366));
#3919=CARTESIAN_POINT('Ctrl Pts',(-14.1162644574091,38.8923340419743,71.8019877267707));
#3920=CARTESIAN_POINT('Ctrl Pts',(-14.0249054067044,38.7852652742141,71.4580395271137));
#3921=CARTESIAN_POINT('Ctrl Pts',(-14.0142417829702,38.7731143356588,71.0865151537318));
#3922=CARTESIAN_POINT('Ctrl Pts',(-14.0087859827782,38.7667891019839,70.894542992115));
#3923=CARTESIAN_POINT('',(-14.1600392648055,38.9443980161508,71.9682127833366));
#3924=CARTESIAN_POINT('Ctrl Pts',(-14.5867794248887,39.4712506274045,72.7062756419182));
#3925=CARTESIAN_POINT('Ctrl Pts',(-14.7181918358073,39.3687393790737,72.7062756419182));
#3926=CARTESIAN_POINT('Ctrl Pts',(-14.8496042467259,39.2662281307429,72.7062756419182));
#3927=CARTESIAN_POINT('Ctrl Pts',(-14.9810166576445,39.1637168824121,72.7062756419182));
#3928=CARTESIAN_POINT('Ctrl Pts',(-14.500892515673,39.3611494825041,72.6089499531022));
#3929=CARTESIAN_POINT('Ctrl Pts',(-14.6315318950749,39.2576457367267,72.6089499531022));
#3930=CARTESIAN_POINT('Ctrl Pts',(-14.7621691012102,39.1541437766703,72.6089499531022));
#3931=CARTESIAN_POINT('Ctrl Pts',(-14.8928084806122,39.0506400308928,72.6089499531022));
#3932=CARTESIAN_POINT('Ctrl Pts',(-14.3252956005543,39.1420927760265,72.4132807836951));
#3933=CARTESIAN_POINT('Ctrl Pts',(-14.454352284913,39.0366161568459,72.4132807836951));
#3934=CARTESIAN_POINT('Ctrl Pts',(-14.583409018564,38.9311394920693,72.4132807836951));
#3935=CARTESIAN_POINT('Ctrl Pts',(-14.7124657029227,38.8256628728887,72.4132807836951));
#3936=CARTESIAN_POINT('Ctrl Pts',(-14.2155027904357,39.0103640760355,72.1170823515516));
#3937=CARTESIAN_POINT('Ctrl Pts',(-14.3435696964657,38.9037012435217,72.1170823515516));
#3938=CARTESIAN_POINT('Ctrl Pts',(-14.4716386135276,38.7970367702766,72.1170823515516));
#3939=CARTESIAN_POINT('Ctrl Pts',(-14.5997055195577,38.6903739377628,72.1170823515516));
#3940=CARTESIAN_POINT('Ctrl Pts',(-14.1600392648055,38.9443980161508,71.9682127833366));
#3941=CARTESIAN_POINT('Ctrl Pts',(-14.2876071697774,38.8371403478988,71.9682127833366));
#3942=CARTESIAN_POINT('Ctrl Pts',(-14.4151750747493,38.7298826796468,71.9682127833366));
#3943=CARTESIAN_POINT('Ctrl Pts',(-14.5427429797213,38.6226250113948,71.9682127833366));
#3944=CARTESIAN_POINT('',(-14.5867794248887,39.4712506274045,72.7062756419182));
#3945=CARTESIAN_POINT('Ctrl Pts',(-14.5867794248887,39.4712506274045,72.7062756419182));
#3946=CARTESIAN_POINT('Ctrl Pts',(-14.500892515673,39.3611494825041,72.6089499531022));
#3947=CARTESIAN_POINT('Ctrl Pts',(-14.3252956005543,39.1420927760265,72.4132807836951));
#3948=CARTESIAN_POINT('Ctrl Pts',(-14.2155027904357,39.0103640760355,72.1170823515516));
#3949=CARTESIAN_POINT('Ctrl Pts',(-14.1600392648055,38.9443980161508,71.9682127833366));
#3950=CARTESIAN_POINT('',(-14.5867794248887,39.4712506274045,72.7062756419182));
#3951=CARTESIAN_POINT('Ctrl Pts',(-15.1794626932075,40.2748411609661,72.9709411263466));
#3952=CARTESIAN_POINT('Ctrl Pts',(-15.3162145930299,40.1795694669917,72.9709411263466));
#3953=CARTESIAN_POINT('Ctrl Pts',(-15.4529664928522,40.0842977730173,72.9709411263466));
#3954=CARTESIAN_POINT('Ctrl Pts',(-15.5897183926746,39.9890260790429,72.9709411263466));
#3955=CARTESIAN_POINT('Ctrl Pts',(-15.0773105360004,40.1282131229176,72.9607248419078));
#3956=CARTESIAN_POINT('Ctrl Pts',(-15.2131425166464,40.0316201793188,72.9607248419078));
#3957=CARTESIAN_POINT('Ctrl Pts',(-15.3489733857079,39.9350280646459,72.9607248419078));
#3958=CARTESIAN_POINT('Ctrl Pts',(-15.4848053663538,39.8384351210472,72.9607248419078));
#3959=CARTESIAN_POINT('Ctrl Pts',(-14.8722194503804,39.8431765517473,72.9406516995585));
#3960=CARTESIAN_POINT('Ctrl Pts',(-15.0062033866984,39.7440159933412,72.9406516995585));
#3961=CARTESIAN_POINT('Ctrl Pts',(-15.1401873421017,39.6448554171702,72.9406516995585));
#3962=CARTESIAN_POINT('Ctrl Pts',(-15.2741712784198,39.5456948587641,72.9406516995585));
#3963=CARTESIAN_POINT('Ctrl Pts',(-14.6817424013789,39.5929866699538,72.7834627945322));
#3964=CARTESIAN_POINT('Ctrl Pts',(-14.8140099894767,39.4915723973738,72.7834627945322));
#3965=CARTESIAN_POINT('Ctrl Pts',(-14.9462786129691,39.3901573608536,72.7834627945322));
#3966=CARTESIAN_POINT('Ctrl Pts',(-15.0785462010669,39.2887430882736,72.7834627945322));
#3967=CARTESIAN_POINT('Ctrl Pts',(-14.5867794248887,39.4712506274045,72.7062756419182));
#3968=CARTESIAN_POINT('Ctrl Pts',(-14.7181918358073,39.3687393790737,72.7062756419182));
#3969=CARTESIAN_POINT('Ctrl Pts',(-14.8496042467259,39.2662281307429,72.7062756419182));
#3970=CARTESIAN_POINT('Ctrl Pts',(-14.9810166576445,39.1637168824121,72.7062756419182));
#3971=CARTESIAN_POINT('',(-15.1794626932075,40.2748411609661,72.9709411263466));
#3972=CARTESIAN_POINT('Ctrl Pts',(-15.1794626932075,40.2748411609661,72.9709411263466));
#3973=CARTESIAN_POINT('Ctrl Pts',(-15.0773105360004,40.1282131229176,72.9607248419078));
#3974=CARTESIAN_POINT('Ctrl Pts',(-14.8722194503804,39.8431765517473,72.9406516995585));
#3975=CARTESIAN_POINT('Ctrl Pts',(-14.6817424013789,39.5929866699538,72.7834627945322));
#3976=CARTESIAN_POINT('Ctrl Pts',(-14.5867794248887,39.4712506274045,72.7062756419182));
#3977=CARTESIAN_POINT('',(-15.1794626932075,40.2748411609661,72.9709411263466));
#3978=CARTESIAN_POINT('Ctrl Pts',(-15.9256879578501,41.436045675491,72.4075034856796));
#3979=CARTESIAN_POINT('Ctrl Pts',(-16.0691626078044,41.3512352834493,72.4075034856796));
#3980=CARTESIAN_POINT('Ctrl Pts',(-16.2126372577587,41.2664248914075,72.4075034856796));
#3981=CARTESIAN_POINT('Ctrl Pts',(-16.356111907713,41.1816144993658,72.4075034856796));
#3982=CARTESIAN_POINT('Ctrl Pts',(-15.8267283928266,41.2686347178292,72.571812928339));
#3983=CARTESIAN_POINT('Ctrl Pts',(-15.969309890348,41.1823171532345,72.571812928339));
#3984=CARTESIAN_POINT('Ctrl Pts',(-16.1118962623297,41.0959964858214,72.571812928339));
#3985=CARTESIAN_POINT('Ctrl Pts',(-16.254477759851,41.0096789212267,72.571812928339));
#3986=CARTESIAN_POINT('Ctrl Pts',(-15.6194155666195,40.9281825337485,72.9085381677291));
#3987=CARTESIAN_POINT('Ctrl Pts',(-15.7601309458858,40.8387968287388,72.9085381677291));
#3988=CARTESIAN_POINT('Ctrl Pts',(-15.9008465050208,40.7494110317751,72.9085381677291));
#3989=CARTESIAN_POINT('Ctrl Pts',(-16.041561884287,40.6600253267654,72.9085381677291));
#3990=CARTESIAN_POINT('Ctrl Pts',(-15.331927276396,40.4936870797996,72.9498089545807));
#3991=CARTESIAN_POINT('Ctrl Pts',(-15.4700545765524,40.4003858139077,72.9498089545807));
#3992=CARTESIAN_POINT('Ctrl Pts',(-15.6081763401171,40.3070880183314,72.9498089545807));
#3993=CARTESIAN_POINT('Ctrl Pts',(-15.7463036402736,40.2137867524395,72.9498089545807));
#3994=CARTESIAN_POINT('Ctrl Pts',(-15.1794626932075,40.2748411609661,72.9709411263466));
#3995=CARTESIAN_POINT('Ctrl Pts',(-15.3162145930299,40.1795694669917,72.9709411263466));
#3996=CARTESIAN_POINT('Ctrl Pts',(-15.4529664928522,40.0842977730173,72.9709411263466));
#3997=CARTESIAN_POINT('Ctrl Pts',(-15.5897183926746,39.9890260790429,72.9709411263466));
#3998=CARTESIAN_POINT('',(-15.9256879578501,41.436045675491,72.4075034856796));
#3999=CARTESIAN_POINT('Ctrl Pts',(-15.9256879578501,41.436045675491,72.4075034856796));
#4000=CARTESIAN_POINT('Ctrl Pts',(-15.8267283928266,41.2686347178292,72.571812928339));
#4001=CARTESIAN_POINT('Ctrl Pts',(-15.6194155666195,40.9281825337485,72.9085381677291));
#4002=CARTESIAN_POINT('Ctrl Pts',(-15.331927276396,40.4936870797996,72.9498089545807));
#4003=CARTESIAN_POINT('Ctrl Pts',(-15.1794626932075,40.2748411609661,72.9709411263466));
#4004=CARTESIAN_POINT('',(-15.9256879578501,41.436045675491,72.4075034856796));
#4005=CARTESIAN_POINT('Ctrl Pts',(-16.1911301547173,41.9002861788706,70.8481580615044));
#4006=CARTESIAN_POINT('Ctrl Pts',(-16.3369961758145,41.8196581337062,70.8481580615044));
#4007=CARTESIAN_POINT('Ctrl Pts',(-16.4828621969118,41.7390300885417,70.8481580615044));
#4008=CARTESIAN_POINT('Ctrl Pts',(-16.628728218009,41.6584020433773,70.8481580615044));
#4009=CARTESIAN_POINT('Ctrl Pts',(-16.1836457749037,41.8867460179805,71.1545089770128));
#4010=CARTESIAN_POINT('Ctrl Pts',(-16.3294426747737,41.8059969325476,71.1545089770128));
#4011=CARTESIAN_POINT('Ctrl Pts',(-16.47524465779,41.7252450176257,71.1545089770128));
#4012=CARTESIAN_POINT('Ctrl Pts',(-16.6210415576599,41.6444959321928,71.1545089770128));
#4013=CARTESIAN_POINT('Ctrl Pts',(-16.1703672758964,41.8610041432551,71.7277703662159));
#4014=CARTESIAN_POINT('Ctrl Pts',(-16.3160461475953,41.7800222562703,71.7277703662159));
#4015=CARTESIAN_POINT('Ctrl Pts',(-16.461725308602,41.6990402181083,71.7277703662159));
#4016=CARTESIAN_POINT('Ctrl Pts',(-16.607404180301,41.6180583311235,71.7277703662159));
#4017=CARTESIAN_POINT('Ctrl Pts',(-16.0049598575271,41.570150798502,72.1915620849807));
#4018=CARTESIAN_POINT('Ctrl Pts',(-16.1491505998828,41.4865474930058,72.1915620849807));
#4019=CARTESIAN_POINT('Ctrl Pts',(-16.2933355488094,41.4029473906571,72.1915620849807));
#4020=CARTESIAN_POINT('Ctrl Pts',(-16.4375262911651,41.3193440851609,72.1915620849807));
#4021=CARTESIAN_POINT('Ctrl Pts',(-15.9256879578501,41.436045675491,72.4075034856796));
#4022=CARTESIAN_POINT('Ctrl Pts',(-16.0691626078044,41.3512352834493,72.4075034856796));
#4023=CARTESIAN_POINT('Ctrl Pts',(-16.2126372577587,41.2664248914075,72.4075034856796));
#4024=CARTESIAN_POINT('Ctrl Pts',(-16.356111907713,41.1816144993658,72.4075034856796));
#4025=CARTESIAN_POINT('',(-16.1911301547173,41.9002861788706,70.8481580615044));
#4026=CARTESIAN_POINT('Ctrl Pts',(-16.1911301547173,41.9002861788706,70.8481580615044));
#4027=CARTESIAN_POINT('Ctrl Pts',(-16.1836457749037,41.8867460179805,71.1545089770128));
#4028=CARTESIAN_POINT('Ctrl Pts',(-16.1703672758964,41.8610041432551,71.7277703662159));
#4029=CARTESIAN_POINT('Ctrl Pts',(-16.0049598575271,41.570150798502,72.1915620849807));
#4030=CARTESIAN_POINT('Ctrl Pts',(-15.9256879578501,41.436045675491,72.4075034856796));
#4031=CARTESIAN_POINT('',(-16.1911301547173,41.9002861788706,70.8481580615044));
#4032=CARTESIAN_POINT('Ctrl Pts',(-16.0790131405851,41.7003874667575,69.8495224714279));
#4033=CARTESIAN_POINT('Ctrl Pts',(-16.223869098492,41.6179585322947,69.8495224714279));
#4034=CARTESIAN_POINT('Ctrl Pts',(-16.3687250563988,41.535529597832,69.8495224714279));
#4035=CARTESIAN_POINT('Ctrl Pts',(-16.5135810143057,41.4531006633692,69.8495224714279));
#4036=CARTESIAN_POINT('Ctrl Pts',(-16.112074672985,41.7584879381134,70.0092214287656));
#4037=CARTESIAN_POINT('Ctrl Pts',(-16.2572288036217,41.6765822538874,70.0092214287656));
#4038=CARTESIAN_POINT('Ctrl Pts',(-16.4023819709985,41.5946771019608,70.0092214287656));
#4039=CARTESIAN_POINT('Ctrl Pts',(-16.5475361016353,41.5127714177348,70.0092214287656));
#4040=CARTESIAN_POINT('Ctrl Pts',(-16.1774325103426,41.875263798784,70.3289146354496));
#4041=CARTESIAN_POINT('Ctrl Pts',(-16.3231751047081,41.794410340148,70.3289146354496));
#4042=CARTESIAN_POINT('Ctrl Pts',(-16.4689177726641,41.7135568413837,70.3289146354496));
#4043=CARTESIAN_POINT('Ctrl Pts',(-16.6146603670296,41.6327033827478,70.3289146354496));
#4044=CARTESIAN_POINT('Ctrl Pts',(-16.186527361578,41.8919591616423,70.6749703720301));
#4045=CARTESIAN_POINT('Ctrl Pts',(-16.3323516771635,41.811256230684,70.6749703720301));
#4046=CARTESIAN_POINT('Ctrl Pts',(-16.4781767094695,41.7305529025876,70.6749703720301));
#4047=CARTESIAN_POINT('Ctrl Pts',(-16.6240010250551,41.6498499716293,70.6749703720301));
#4048=CARTESIAN_POINT('Ctrl Pts',(-16.1911301547173,41.9002861788706,70.8481580615044));
#4049=CARTESIAN_POINT('Ctrl Pts',(-16.3369961758145,41.8196581337062,70.8481580615044));
#4050=CARTESIAN_POINT('Ctrl Pts',(-16.4828621969118,41.7390300885417,70.8481580615044));
#4051=CARTESIAN_POINT('Ctrl Pts',(-16.628728218009,41.6584020433773,70.8481580615044));
#4052=CARTESIAN_POINT('Ctrl Pts',(-16.0790131405851,41.7003874667575,69.8495224714279));
#4053=CARTESIAN_POINT('Ctrl Pts',(-16.112074672985,41.7584879381134,70.0092214287656));
#4054=CARTESIAN_POINT('Ctrl Pts',(-16.1774325103426,41.875263798784,70.3289146354496));
#4055=CARTESIAN_POINT('Ctrl Pts',(-16.186527361578,41.8919591616423,70.6749703720301));
#4056=CARTESIAN_POINT('Ctrl Pts',(-16.1911301547173,41.9002861788706,70.8481580615044));
#4057=CARTESIAN_POINT('Origin',(-1.8129241813325E-6,50.8499991921233,75.5));
#4058=CARTESIAN_POINT('',(18.3626641155297,53.0999991921233,73.5));
#4059=CARTESIAN_POINT('',(-18.362667741378,53.0999991921233,73.5));
#4060=CARTESIAN_POINT('Origin',(-1.8129241813325E-6,50.8499991921233,73.5));
#4061=CARTESIAN_POINT('',(-18.362667741378,53.0999991921233,68.3));
#4062=CARTESIAN_POINT('',(-18.362667741378,53.0999991921233,75.5));
#4063=CARTESIAN_POINT('',(18.3626641155297,53.0999991921233,68.3));
#4064=CARTESIAN_POINT('Origin',(-1.8129241813325E-6,50.8499991921233,68.3));
#4065=CARTESIAN_POINT('',(18.3626641155297,53.0999991921233,75.5));
#4066=CARTESIAN_POINT('',(14.9009401588511,39.8858791474601,70.7171893715858));
#4067=CARTESIAN_POINT('',(14.9009401588511,39.8858791474601,68.8999999165535));
#4068=CARTESIAN_POINT('',(14.9009401588511,39.8858791474601,75.5));
#4069=CARTESIAN_POINT('',(14.5811724168402,39.4640711192232,68.8999999165535));
#4070=CARTESIAN_POINT('Origin',(-1.8129241813325E-6,50.8499991921233,68.8999999165535));
#4071=CARTESIAN_POINT('',(14.5811724168402,39.4640711192232,72.8999999761581));
#4072=CARTESIAN_POINT('',(14.5811724168402,39.4640711192232,75.5));
#4073=CARTESIAN_POINT('',(16.0812512936103,41.7043281656991,72.8999999761581));
#4074=CARTESIAN_POINT('Origin',(-1.8129241813325E-6,50.8499991921233,72.8999999761581));
#4075=CARTESIAN_POINT('',(16.0812512936103,41.7043281656991,72.4279672503471));
#4076=CARTESIAN_POINT('',(16.0812512936103,41.7043281656991,75.5));
#4077=CARTESIAN_POINT('',(14.9009401588511,39.8858791474601,72.4279672503471));
#4078=CARTESIAN_POINT('Origin',(-1.8129241813325E-6,50.8499991921233,72.4279672503471));
#4079=CARTESIAN_POINT('',(14.9009401588511,39.8858791474601,71.1892223954201));
#4080=CARTESIAN_POINT('',(14.9009401588511,39.8858791474601,75.5));
#4081=CARTESIAN_POINT('',(15.9349271460821,41.4516993952758,71.1892223954201));
#4082=CARTESIAN_POINT('Origin',(-1.8129241813325E-6,50.8499991921233,71.1892223954201));
#4083=CARTESIAN_POINT('',(15.9349271460821,41.4516993952758,70.7171893715858));
#4084=CARTESIAN_POINT('',(15.9349271460821,41.4516993952758,75.5));
#4085=CARTESIAN_POINT('Origin',(-1.8129241813325E-6,50.8499991921233,70.7171893715858));
#4086=CARTESIAN_POINT('',(12.6365306356262,37.3382247832334,70.7171893715858));
#4087=CARTESIAN_POINT('',(12.6365306356263,37.3382247832334,68.8999999165535));
#4088=CARTESIAN_POINT('',(12.6365306356263,37.3382247832334,75.5));
#4089=CARTESIAN_POINT('',(12.2448048013689,36.9822412270244,68.8999999165535));
#4090=CARTESIAN_POINT('Origin',(-1.8129241813325E-6,50.8499991921233,68.8999999165535));
#4091=CARTESIAN_POINT('',(12.2448048013689,36.9822412270244,72.8999999761581));
#4092=CARTESIAN_POINT('',(12.2448048013689,36.9822412270244,75.5));
#4093=CARTESIAN_POINT('',(14.1304267323681,38.9092710264548,72.8999999761581));
#4094=CARTESIAN_POINT('Origin',(-1.8129241813325E-6,50.8499991921233,72.8999999761581));
#4095=CARTESIAN_POINT('',(14.1304267323681,38.9092710264548,72.4279672503471));
#4096=CARTESIAN_POINT('',(14.1304267323681,38.9092710264548,75.5));
#4097=CARTESIAN_POINT('',(12.6365306356263,37.3382247832334,72.4279672503471));
#4098=CARTESIAN_POINT('Origin',(-1.8129241813325E-6,50.8499991921233,72.4279672503471));
#4099=CARTESIAN_POINT('',(12.6365306356263,37.3382247832334,71.1892223954201));
#4100=CARTESIAN_POINT('',(12.6365306356263,37.3382247832334,75.5));
#4101=CARTESIAN_POINT('',(13.9402354228142,38.687771361198,71.1892223954201));
#4102=CARTESIAN_POINT('Origin',(-1.8129241813325E-6,50.8499991921233,71.1892223954201));
#4103=CARTESIAN_POINT('',(13.9402354228142,38.687771361198,70.7171893715858));
#4104=CARTESIAN_POINT('',(13.9402354228142,38.687771361198,75.5));
#4105=CARTESIAN_POINT('Origin',(-1.8129241813325E-6,50.8499991921233,70.7171893715858));
#4106=CARTESIAN_POINT('Origin',(-1.8129241813325E-6,50.8499991921233,75.5));
#4107=CARTESIAN_POINT('',(12.9780585396411,36.9730416911012,70.7171893715858));
#4108=CARTESIAN_POINT('',(12.9780585396411,36.9730416911012,68.8999999165535));
#4109=CARTESIAN_POINT('',(12.9780585396411,36.9730416911012,70.7171893715858));
#4110=CARTESIAN_POINT('',(14.3169985913476,38.3590625009027,70.7171893715858));
#4111=CARTESIAN_POINT('Origin',(-1.8129241813325E-6,50.8499991921233,70.7171893715858));
#4112=CARTESIAN_POINT('',(14.3169985913476,38.3590625009027,71.1892223954201));
#4113=CARTESIAN_POINT('',(14.3169985913476,38.3590625009027,71.1892223954201));
#4114=CARTESIAN_POINT('',(12.9780585396411,36.9730416911012,71.1892223954201));
#4115=CARTESIAN_POINT('Origin',(-1.8129241813325E-6,50.8499991921233,71.1892223954201));
#4116=CARTESIAN_POINT('',(12.9780585396411,36.9730416911012,72.4279672503471));
#4117=CARTESIAN_POINT('',(12.9780585396411,36.9730416911012,72.4279672503471));
#4118=CARTESIAN_POINT('',(14.5123302065652,38.5865486435989,72.4279672503471));
#4119=CARTESIAN_POINT('Origin',(-1.8129241813325E-6,50.8499991921233,72.4279672503471));
#4120=CARTESIAN_POINT('',(14.5123302065652,38.5865486435989,72.8999999761581));
#4121=CARTESIAN_POINT('',(14.5123302065652,38.5865486435989,72.8999999761581));
#4122=CARTESIAN_POINT('',(12.5757455206741,36.6074369576974,72.8999999761581));
#4123=CARTESIAN_POINT('Origin',(-1.8129241813325E-6,50.8499991921233,72.8999999761581));
#4124=CARTESIAN_POINT('',(12.5757455206741,36.6074369576974,68.8999999165535));
#4125=CARTESIAN_POINT('',(12.5757455206741,36.6074369576974,68.8999999165535));
#4126=CARTESIAN_POINT('Origin',(-1.8129241813325E-6,50.8499991921233,68.8999999165535));
#4127=CARTESIAN_POINT('Origin',(12.6365306356263,37.3382247832334,69.8085946440697));
#4128=CARTESIAN_POINT('',(12.6365306356262,37.3382247832334,70.7171893715858));
#4129=CARTESIAN_POINT('',(12.6365306356263,37.3382247832334,68.8999999165535));
#4130=CARTESIAN_POINT('Origin',(13.3055042167034,37.9964584622099,70.7171893715858));
#4131=CARTESIAN_POINT('',(13.9402354228142,38.687771361198,70.7171893715858));
#4132=CARTESIAN_POINT('Origin',(13.9402354228142,38.687771361198,70.953205883503));
#4133=CARTESIAN_POINT('',(13.9402354228142,38.687771361198,71.1892223954201));
#4134=CARTESIAN_POINT('Origin',(13.3055042167034,37.9964584622099,71.1892223954201));
#4135=CARTESIAN_POINT('',(12.6365306356263,37.3382247832334,71.1892223954201));
#4136=CARTESIAN_POINT('Origin',(12.6365306356263,37.3382247832334,71.8085948228836));
#4137=CARTESIAN_POINT('',(12.6365306356263,37.3382247832334,72.4279672503471));
#4138=CARTESIAN_POINT('Origin',(13.4065114096128,38.1018462587003,72.4279672503471));
#4139=CARTESIAN_POINT('',(14.1304267323681,38.9092710264548,72.4279672503471));
#4140=CARTESIAN_POINT('Origin',(14.1304267323681,38.9092710264548,72.6639836132526));
#4141=CARTESIAN_POINT('',(14.1304267323681,38.9092710264548,72.8999999761581));
#4142=CARTESIAN_POINT('Origin',(13.2227671252684,37.9113600980311,72.8999999761581));
#4143=CARTESIAN_POINT('',(12.2448048013689,36.9822412270244,72.8999999761581));
#4144=CARTESIAN_POINT('Origin',(12.2448048013689,36.9822412270244,70.8999999463558));
#4145=CARTESIAN_POINT('',(12.2448048013689,36.9822412270244,68.8999999165535));
#4146=CARTESIAN_POINT('Origin',(12.4419409398423,37.1588319468925,68.8999999165535));
#4147=CARTESIAN_POINT('Origin',(-1.8129241813325E-6,50.8499991921233,75.5));
#4148=CARTESIAN_POINT('',(15.3036683202504,39.5895515786854,70.7171893715858));
#4149=CARTESIAN_POINT('',(15.3036683202504,39.5895515786854,68.8999999165535));
#4150=CARTESIAN_POINT('',(15.3036683202504,39.5895515786854,70.7171893715858));
#4151=CARTESIAN_POINT('',(16.3656009017309,41.1976912926583,70.7171893715858));
#4152=CARTESIAN_POINT('Origin',(-1.8129241813325E-6,50.8499991921233,70.7171893715858));
#4153=CARTESIAN_POINT('',(16.3656009017309,41.1976912926583,71.1892223954201));
#4154=CARTESIAN_POINT('',(16.3656009017309,41.1976912926583,71.1892223954201));
#4155=CARTESIAN_POINT('',(15.3036683202504,39.5895515786854,71.1892223954201));
#4156=CARTESIAN_POINT('Origin',(-1.8129241813325E-6,50.8499991921233,71.1892223954201));
#4157=CARTESIAN_POINT('',(15.3036683202504,39.5895515786854,72.4279672503471));
#4158=CARTESIAN_POINT('',(15.3036683202504,39.5895515786854,72.4279672503471));
#4159=CARTESIAN_POINT('',(16.515879755949,41.4571478676876,72.4279672503471));
#4160=CARTESIAN_POINT('Origin',(-1.8129241813325E-6,50.8499991921233,72.4279672503471));
#4161=CARTESIAN_POINT('',(16.515879755949,41.4571478676876,72.8999999761581));
#4162=CARTESIAN_POINT('',(16.515879755949,41.4571478676876,72.8999999761581));
#4163=CARTESIAN_POINT('',(14.9752582068339,39.1563433334692,72.8999999761581));
#4164=CARTESIAN_POINT('Origin',(-1.8129241813325E-6,50.8499991921233,72.8999999761581));
#4165=CARTESIAN_POINT('',(14.9752582068339,39.1563433334692,68.8999999165535));
#4166=CARTESIAN_POINT('',(14.9752582068339,39.1563433334692,68.8999999165535));
#4167=CARTESIAN_POINT('Origin',(-1.8129241813325E-6,50.8499991921233,68.8999999165535));
#4168=CARTESIAN_POINT('Origin',(14.9009401588511,39.8858791474601,69.8085946440697));
#4169=CARTESIAN_POINT('',(14.9009401588511,39.8858791474601,70.7171893715858));
#4170=CARTESIAN_POINT('',(14.9009401588511,39.8858791474601,68.8999999165535));
#4171=CARTESIAN_POINT('Origin',(15.4377986222762,40.6556714691723,70.7171893715858));
#4172=CARTESIAN_POINT('',(15.9349271460821,41.4516993952758,70.7171893715858));
#4173=CARTESIAN_POINT('Origin',(15.9349271460821,41.4516993952758,70.953205883503));
#4174=CARTESIAN_POINT('',(15.9349271460821,41.4516993952758,71.1892223954201));
#4175=CARTESIAN_POINT('Origin',(15.4377986222762,40.6556714691723,71.1892223954201));
#4176=CARTESIAN_POINT('',(14.9009401588511,39.8858791474601,71.1892223954201));
#4177=CARTESIAN_POINT('Origin',(14.9009401588511,39.8858791474601,71.8085948228836));
#4178=CARTESIAN_POINT('',(14.9009401588511,39.8858791474601,72.4279672503471));
#4179=CARTESIAN_POINT('Origin',(15.5177555049228,40.7777994411053,72.4279672503471));
#4180=CARTESIAN_POINT('',(16.0812512936103,41.7043281656991,72.4279672503471));
#4181=CARTESIAN_POINT('Origin',(16.0812512936103,41.7043281656991,72.6639836132526));
#4182=CARTESIAN_POINT('',(16.0812512936103,41.7043281656991,72.8999999761581));
#4183=CARTESIAN_POINT('Origin',(15.3720767858543,40.5568364345945,72.8999999761581));
#4184=CARTESIAN_POINT('',(14.5811724168402,39.4640711192232,72.8999999761581));
#4185=CARTESIAN_POINT('Origin',(14.5811724168402,39.4640711192232,70.8999999463558));
#4186=CARTESIAN_POINT('',(14.5811724168402,39.4640711192232,68.8999999165535));
#4187=CARTESIAN_POINT('Origin',(14.7425649389493,39.6738314425521,68.8999999165535));
#4188=CARTESIAN_POINT('Origin',(-2.50000181292418,42.7999991921233,67.7));
#4189=CARTESIAN_POINT('',(4.39999818707582,42.4999991921233,67.4));
#4190=CARTESIAN_POINT('',(-4.40000181292418,42.4999991921233,67.4));
#4191=CARTESIAN_POINT('',(-2.50000181292418,42.4999991921233,67.4));
#4192=CARTESIAN_POINT('',(-5.30000181292418,43.3999991921233,68.3));
#4193=CARTESIAN_POINT('',(-4.40000181292418,42.4999991921233,67.4));
#4194=CARTESIAN_POINT('',(5.29999818707583,43.3999991921233,68.3));
#4195=CARTESIAN_POINT('',(-1.25000181292418,43.3999991921233,68.3));
#4196=CARTESIAN_POINT('',(4.39999818707582,42.4999991921233,67.4));
#4197=CARTESIAN_POINT('Origin',(-4.70000181292418,41.5999991921233,67.7));
#4198=CARTESIAN_POINT('',(-4.40000181292418,41.6999991921233,67.4));
#4199=CARTESIAN_POINT('',(-4.40000181292418,41.5999991921233,67.4));
#4200=CARTESIAN_POINT('',(-5.30000181292419,40.7999991921233,68.3));
#4201=CARTESIAN_POINT('',(-4.40000181292418,41.6999991921233,67.4));
#4202=CARTESIAN_POINT('',(-5.30000181292418,49.8499991921233,68.3));
#4203=CARTESIAN_POINT('Origin',(2.49999818707582,41.3999991921233,67.7));
#4204=CARTESIAN_POINT('',(4.39999818707582,41.6999991921233,67.4));
#4205=CARTESIAN_POINT('',(2.49999818707582,41.6999991921233,67.4));
#4206=CARTESIAN_POINT('',(5.29999818707582,40.7999991921233,68.3));
#4207=CARTESIAN_POINT('',(4.39999818707582,41.6999991921233,67.4));
#4208=CARTESIAN_POINT('',(1.24999818707583,40.7999991921233,68.3));
#4209=CARTESIAN_POINT('Origin',(4.69999818707582,42.5999991921233,67.7));
#4210=CARTESIAN_POINT('',(5.29999818707584,50.3499991921233,68.3));
#4211=CARTESIAN_POINT('',(4.39999818707582,42.5999991921233,67.4));
#4212=CARTESIAN_POINT('Origin',(-1.81292418077739E-6,42.0999991921233,67.4));
#4213=CARTESIAN_POINT('Origin',(-1.8129241813325E-6,50.8499991921233,68.));
#4214=CARTESIAN_POINT('',(-3.25000181292418,50.8499991921233,68.3));
#4215=CARTESIAN_POINT('Origin',(-1.8129241813325E-6,50.8499991921233,68.3));
#4216=CARTESIAN_POINT('',(-3.25000181292418,50.8499991921233,71.));
#4217=CARTESIAN_POINT('',(-3.25000181292418,50.8499991921233,68.));
#4218=CARTESIAN_POINT('Origin',(-1.8129241813325E-6,50.8499991921233,71.));
#4219=CARTESIAN_POINT('Origin',(-1.8129241813325E-6,50.8499991921233,71.));
#4220=CARTESIAN_POINT('',(0.849998187075817,50.8499991921233,71.));
#4221=CARTESIAN_POINT('Origin',(-1.8129241813325E-6,50.8499991921233,71.));
#4222=CARTESIAN_POINT('Origin',(-3.96862877952108,56.4499991921233,68.));
#4223=CARTESIAN_POINT('',(-3.96862877952108,56.4499991921233,68.3));
#4224=CARTESIAN_POINT('',(3.96862515367275,56.4499991921233,68.3));
#4225=CARTESIAN_POINT('',(-1.98431529622263,56.4499991921233,68.3));
#4226=CARTESIAN_POINT('',(-3.96862877952108,56.4499991921233,73.5));
#4227=CARTESIAN_POINT('',(-3.96862877952108,56.4499991921233,68.));
#4228=CARTESIAN_POINT('',(3.96862515367275,56.4499991921233,73.5));
#4229=CARTESIAN_POINT('',(-1.56814301142163,56.4499991921233,73.5));
#4230=CARTESIAN_POINT('',(3.96862515367275,56.4499991921233,68.));
#4231=CARTESIAN_POINT('Origin',(-1.81292418299783E-6,60.9499991921233,68.));
#4232=CARTESIAN_POINT('Origin',(-1.81292418299783E-6,60.9499991921233,68.3));
#4233=CARTESIAN_POINT('Origin',(-1.81292418299783E-6,60.9499991921233,73.5));
#4234=CARTESIAN_POINT('Origin',(-1.8129241813325E-6,50.8499991921233,75.5));
#4235=CARTESIAN_POINT('',(-18.362667741378,53.0999991921233,75.5));
#4236=CARTESIAN_POINT('',(-18.362667741378,53.0999991921233,75.5));
#4237=CARTESIAN_POINT('',(-13.0155576151289,63.9970637755083,73.5));
#4238=CARTESIAN_POINT('Origin',(-1.8129241813325E-6,50.8499991921233,73.5));
#4239=CARTESIAN_POINT('',(-13.0155576151289,63.9970637755083,75.5));
#4240=CARTESIAN_POINT('',(-13.0155576151289,63.9970637755083,75.5));
#4241=CARTESIAN_POINT('Origin',(-1.8129241813325E-6,50.8499991921233,75.5));
#4242=CARTESIAN_POINT('Origin',(-1.8129241813325E-6,50.8499991921233,75.5));
#4243=CARTESIAN_POINT('',(18.3626641155297,53.0999991921233,75.5));
#4244=CARTESIAN_POINT('',(18.3626641155297,53.0999991921233,75.5));
#4245=CARTESIAN_POINT('',(14.5477305601896,62.2786247787919,75.5));
#4246=CARTESIAN_POINT('Origin',(-1.8129241813325E-6,50.8499991921233,75.5));
#4247=CARTESIAN_POINT('',(14.5477305601896,62.2786247787919,73.5));
#4248=CARTESIAN_POINT('',(14.5477305601896,62.2786247787919,75.5));
#4249=CARTESIAN_POINT('Origin',(-1.8129241813325E-6,50.8499991921233,73.5));
#4250=CARTESIAN_POINT('Origin',(-0.598013836268718,51.4540535108193,75.5));
#4251=CARTESIAN_POINT('',(-14.1412273061303,65.1341071989361,73.5));
#4252=CARTESIAN_POINT('',(-1.8129241813325E-6,50.8499991921233,73.5));
#4253=CARTESIAN_POINT('',(-14.1412273061303,65.1341071989361,75.5));
#4254=CARTESIAN_POINT('',(-14.1412273061303,65.1341071989361,75.5));
#4255=CARTESIAN_POINT('',(-3.3613530705028,54.2453134408888,75.5));
#4256=CARTESIAN_POINT('Origin',(-1.81292414858959E-6,50.8499991921233,75.5));
#4257=CARTESIAN_POINT('',(15.805912819486,63.2670464511524,75.5));
#4258=CARTESIAN_POINT('Origin',(-1.81292414858959E-6,50.8499991921233,75.5));
#4259=CARTESIAN_POINT('',(15.805912819486,63.2670464511524,73.5));
#4260=CARTESIAN_POINT('Origin',(-1.81292414858959E-6,50.8499991921233,73.5));
#4261=CARTESIAN_POINT('',(15.805912819486,63.2670464511524,75.5));
#4262=CARTESIAN_POINT('Origin',(15.805912819486,63.2670464511524,75.5));
#4263=CARTESIAN_POINT('',(10.8784006219593,59.3960175832202,75.5));
#4264=CARTESIAN_POINT('',(-1.8129241813325E-6,50.8499991921233,73.5));
#4265=CARTESIAN_POINT('Origin',(0.832342756677809,61.162548698844,73.5));
#4266=CARTESIAN_POINT('',(0.849998187075817,50.8499991921233,73.5));
#4267=CARTESIAN_POINT('Origin',(-1.8129241813325E-6,50.8499991921233,73.5));
#4268=CARTESIAN_POINT('Origin',(-1.8129241813325E-6,50.8499991921233,75.5));
#4269=CARTESIAN_POINT('Origin',(-1.8129241813325E-6,50.8499991921233,75.5));
#4270=CARTESIAN_POINT('',(0.849998187075817,50.8499991921233,75.5));
#4271=CARTESIAN_POINT('Origin',(-25.0000018129242,53.0999991921233,63.8));
#4272=CARTESIAN_POINT('',(20.7999993405123,53.0999991921233,68.3));
#4273=CARTESIAN_POINT('',(-12.5000018129242,53.0999991921233,68.3));
#4274=CARTESIAN_POINT('',(22.0999993405123,53.0999991921233,66.9999999999998));
#4275=CARTESIAN_POINT('Origin',(20.7999993405123,53.0999991921233,67.));
#4276=CARTESIAN_POINT('',(22.0999993405122,53.0999991921233,66.4999999999999));
#4277=CARTESIAN_POINT('',(22.0999993405121,53.0999991921233,65.3999999999966));
#4278=CARTESIAN_POINT('',(21.2999993405123,53.0999991921233,65.7));
#4279=CARTESIAN_POINT('Origin',(21.2999993405123,53.0999991921233,66.5));
#4280=CARTESIAN_POINT('',(19.7999993405122,53.0999991921233,65.7));
#4281=CARTESIAN_POINT('',(-1.85000123620597,53.0999991921233,65.7));
#4282=CARTESIAN_POINT('',(19.7999993405122,53.0999991921233,63.8));
#4283=CARTESIAN_POINT('',(19.7999993405122,53.0999991921233,64.9));
#4284=CARTESIAN_POINT('',(24.9999981870758,53.0999991921233,63.8));
#4285=CARTESIAN_POINT('',(-25.0000018129242,53.0999991921233,63.8));
#4286=CARTESIAN_POINT('',(24.9999981870758,53.0999991921233,75.5));
#4287=CARTESIAN_POINT('',(24.9999981870758,53.0999991921233,63.8));
#4288=CARTESIAN_POINT('',(-25.0000018129242,53.0999991921233,75.5));
#4289=CARTESIAN_POINT('Origin',(-25.0000018129242,53.0999991921233,63.8));
#4290=CARTESIAN_POINT('',(-25.0000018129242,53.0999991921233,75.5));
#4291=CARTESIAN_POINT('',(-25.0000018129242,53.0999991921233,75.5));
#4292=CARTESIAN_POINT('',(-25.0000018129242,53.0999991921233,63.8));
#4293=CARTESIAN_POINT('',(-25.0000018129242,53.0999991921233,63.8));
#4294=CARTESIAN_POINT('',(-19.7999993404918,53.0999991921233,63.8));
#4295=CARTESIAN_POINT('',(-25.0000018129242,53.0999991921233,63.8));
#4296=CARTESIAN_POINT('',(-19.7999993404918,53.0999991921233,65.7));
#4297=CARTESIAN_POINT('',(-19.7999993404918,53.0999991921233,63.8));
#4298=CARTESIAN_POINT('',(-21.2999993404918,53.0999991921233,65.7));
#4299=CARTESIAN_POINT('',(-22.400000576708,53.0999991921233,65.7));
#4300=CARTESIAN_POINT('',(-22.0999993404918,53.0999991921233,66.5));
#4301=CARTESIAN_POINT('Origin',(-21.2999993404918,53.0999991921233,66.5));
#4302=CARTESIAN_POINT('',(-22.0999993404918,53.0999991921233,67.));
#4303=CARTESIAN_POINT('',(-22.0999993404918,53.0999991921233,65.15));
#4304=CARTESIAN_POINT('',(-20.7999993404918,53.0999991921233,68.3));
#4305=CARTESIAN_POINT('Origin',(-20.7999993404918,53.0999991921233,67.));
#4306=CARTESIAN_POINT('',(-12.5000018129242,53.0999991921233,68.3));
#4307=CARTESIAN_POINT('Origin',(-1.81292418410806E-6,58.0999991921233,68.3));
#4308=CARTESIAN_POINT('',(20.7999993405123,73.0999991921233,68.3));
#4309=CARTESIAN_POINT('',(-20.7999993404918,73.0999991921233,68.3));
#4310=CARTESIAN_POINT('',(12.4999981870758,73.0999991921233,68.3));
#4311=CARTESIAN_POINT('',(20.7999993405123,73.0999991921233,68.3));
#4312=CARTESIAN_POINT('',(-20.7999993404918,73.0999991921233,68.3));
#4313=CARTESIAN_POINT('Origin',(19.7999993405122,73.0999991921233,66.));
#4314=CARTESIAN_POINT('',(19.7999993405122,73.0999991921233,63.8));
#4315=CARTESIAN_POINT('',(19.7999993405122,73.0999991921233,65.7));
#4316=CARTESIAN_POINT('',(19.7999993405122,73.0999991921233,64.9));
#4317=CARTESIAN_POINT('',(19.7999993405122,68.0999991921233,63.8));
#4318=CARTESIAN_POINT('',(19.7999993405122,73.0999991921233,65.7));
#4319=CARTESIAN_POINT('Origin',(21.2999993405123,73.0999991921233,65.7));
#4320=CARTESIAN_POINT('',(21.2999993405123,73.0999991921233,65.7));
#4321=CARTESIAN_POINT('',(23.149998763794,73.0999991921233,65.7));
#4322=CARTESIAN_POINT('',(21.2999993405123,73.0999991921233,65.7));
#4323=CARTESIAN_POINT('Origin',(21.2999993405123,73.0999991921233,66.5));
#4324=CARTESIAN_POINT('',(22.0999993405122,73.0999991921233,66.4999999999999));
#4325=CARTESIAN_POINT('Origin',(21.2999993405123,73.0999991921233,66.5));
#4326=CARTESIAN_POINT('',(22.0999993405122,73.0999991921233,66.4999999999999));
#4327=CARTESIAN_POINT('Origin',(22.0999993405123,73.0999991921233,66.9999999999998));
#4328=CARTESIAN_POINT('',(22.0999993405123,73.0999991921233,66.9999999999998));
#4329=CARTESIAN_POINT('',(22.0999993405121,73.0999991921233,65.4000000000001));
#4330=CARTESIAN_POINT('',(22.0999993405123,73.0999991921233,66.9999999999998));
#4331=CARTESIAN_POINT('Origin',(20.7999993405123,73.0999991921233,67.));
#4332=CARTESIAN_POINT('Origin',(20.7999993405123,73.0999991921233,67.));
#4333=CARTESIAN_POINT('Origin',(-20.7999993404918,73.0999991921233,67.));
#4334=CARTESIAN_POINT('',(-22.0999993404918,73.0999991921233,67.));
#4335=CARTESIAN_POINT('Origin',(-20.7999993404918,73.0999991921233,67.));
#4336=CARTESIAN_POINT('',(-22.0999993404918,73.0999991921233,67.));
#4337=CARTESIAN_POINT('Origin',(-22.0999993404918,73.0999991921233,66.5));
#4338=CARTESIAN_POINT('',(-22.0999993404918,73.0999991921233,66.5));
#4339=CARTESIAN_POINT('',(-22.0999993404918,73.0999991921233,65.1500000000002));
#4340=CARTESIAN_POINT('',(-22.0999993404918,73.0999991921233,66.5));
#4341=CARTESIAN_POINT('Origin',(-21.2999993404918,73.0999991921233,66.5));
#4342=CARTESIAN_POINT('',(-21.2999993404918,73.0999991921233,65.7));
#4343=CARTESIAN_POINT('Origin',(-21.2999993404918,73.0999991921233,66.5));
#4344=CARTESIAN_POINT('',(-21.2999993404918,73.0999991921233,65.7));
#4345=CARTESIAN_POINT('Origin',(-19.7999993404918,73.0999991921233,65.7));
#4346=CARTESIAN_POINT('',(-19.7999993404918,73.0999991921233,65.7));
#4347=CARTESIAN_POINT('',(2.59999942329201,73.0999991921233,65.6999999999997));
#4348=CARTESIAN_POINT('',(-19.7999993404918,73.0999991921233,65.7));
#4349=CARTESIAN_POINT('Origin',(-19.7999993404918,73.0999991921233,63.8));
#4350=CARTESIAN_POINT('',(-19.7999993404918,73.0999991921233,63.8));
#4351=CARTESIAN_POINT('',(-19.7999993404918,73.0999991921233,63.8));
#4352=CARTESIAN_POINT('',(-19.7999993404918,68.0999991921233,63.8));
#4353=CARTESIAN_POINT('Origin',(-1.81292417966716E-6,63.0999991921233,63.8));
#4354=CARTESIAN_POINT('',(24.9999981870758,73.0999991921233,63.8));
#4355=CARTESIAN_POINT('',(-25.0000018129242,73.0999991921233,63.8));
#4356=CARTESIAN_POINT('',(24.9999981870758,73.0999991921233,63.8));
#4357=CARTESIAN_POINT('Origin',(-1.81292417966716E-6,63.0999991921233,63.8));
#4358=CARTESIAN_POINT('',(-25.0000018129242,73.0999991921233,63.8));
#4359=CARTESIAN_POINT('',(-25.0000018129242,53.0999991921233,63.8));
#4360=CARTESIAN_POINT('',(-25.0000018129242,73.0999991921233,63.8));
#4361=CARTESIAN_POINT('Origin',(24.9999981870758,73.0999991921233,63.8));
#4362=CARTESIAN_POINT('',(-25.0000018129242,73.0999991921233,75.5));
#4363=CARTESIAN_POINT('',(-25.0000018129242,73.0999991921233,63.8));
#4364=CARTESIAN_POINT('',(24.9999981870758,73.0999991921233,75.5));
#4365=CARTESIAN_POINT('',(-25.0000018129242,73.0999991921233,75.5));
#4366=CARTESIAN_POINT('',(24.9999981870758,73.0999991921233,63.8));
#4367=CARTESIAN_POINT('Origin',(24.9999981870758,53.0999991921233,63.8));
#4368=CARTESIAN_POINT('',(24.9999981870758,73.0999991921233,75.5));
#4369=CARTESIAN_POINT('Origin',(-25.0000018129242,73.0999991921233,63.8));
#4370=CARTESIAN_POINT('',(-25.0000018129242,53.0999991921233,75.5));
#4371=CARTESIAN_POINT('Origin',(-1.81292417966716E-6,63.0999991921233,75.5));
#4372=UNCERTAINTY_MEASURE_WITH_UNIT(LENGTH_MEASURE(0.01),#4376,
'DISTANCE_ACCURACY_VALUE',
'Maximum model space distance between geometric entities at asserted c
onnectivities');
#4373=UNCERTAINTY_MEASURE_WITH_UNIT(LENGTH_MEASURE(0.01),#4376,
'DISTANCE_ACCURACY_VALUE',
'Maximum model space distance between geometric entities at asserted c
onnectivities');
#4374=(
GEOMETRIC_REPRESENTATION_CONTEXT(3)
GLOBAL_UNCERTAINTY_ASSIGNED_CONTEXT((#4372))
GLOBAL_UNIT_ASSIGNED_CONTEXT((#4376,#4378,#4379))
REPRESENTATION_CONTEXT('','3D')
);
#4375=(
GEOMETRIC_REPRESENTATION_CONTEXT(3)
GLOBAL_UNCERTAINTY_ASSIGNED_CONTEXT((#4373))
GLOBAL_UNIT_ASSIGNED_CONTEXT((#4376,#4378,#4379))
REPRESENTATION_CONTEXT('','3D')
);
#4376=(
LENGTH_UNIT()
NAMED_UNIT(*)
SI_UNIT(.MILLI.,.METRE.)
);
#4377=(
LENGTH_UNIT()
NAMED_UNIT(*)
SI_UNIT($,.METRE.)
);
#4378=(
NAMED_UNIT(*)
PLANE_ANGLE_UNIT()
SI_UNIT($,.RADIAN.)
);
#4379=(
NAMED_UNIT(*)
SI_UNIT($,.STERADIAN.)
SOLID_ANGLE_UNIT()
);
#4380=SHAPE_DEFINITION_REPRESENTATION(#4381,#4382);
#4381=PRODUCT_DEFINITION_SHAPE('',$,#4384);
#4382=SHAPE_REPRESENTATION('',(#2094),#4374);
#4383=PRODUCT_DEFINITION_CONTEXT('part definition',#4388,'design');
#4384=PRODUCT_DEFINITION('REAR BODY INTERFACE','REAR BODY INTERFACE',#4385,
#4383);
#4385=PRODUCT_DEFINITION_FORMATION('',$,#4390);
#4386=PRODUCT_RELATED_PRODUCT_CATEGORY('REAR BODY INTERFACE',
'REAR BODY INTERFACE',(#4390));
#4387=APPLICATION_PROTOCOL_DEFINITION('international standard',
'automotive_design',2009,#4388);
#4388=APPLICATION_CONTEXT(
'Core Data for Automotive Mechanical Design Process');
#4389=PRODUCT_CONTEXT('part definition',#4388,'mechanical');
#4390=PRODUCT('REAR BODY INTERFACE','REAR BODY INTERFACE',$,(#4389));
#4391=PRESENTATION_STYLE_ASSIGNMENT((#4392));
#4392=SURFACE_STYLE_USAGE(.BOTH.,#4393);
#4393=SURFACE_SIDE_STYLE('',(#4394));
#4394=SURFACE_STYLE_FILL_AREA(#4395);
#4395=FILL_AREA_STYLE('Steel - Satin',(#4396));
#4396=FILL_AREA_STYLE_COLOUR('Steel - Satin',#4397);
#4397=COLOUR_RGB('Steel - Satin',0.627450980392157,0.627450980392157,0.627450980392157);
ENDSEC;
END-ISO-10303-21;
